340 10
30 24 90 127 73 248 212 224 182 6 305 95 331 162 267 302 70 78 306 153 195 109 109 33 265 285 92 120 104 277 95 309 255 14 77 124 72 13 215 25 69 33 104 262 127 266 327 79 334 77 126 14 269 163 190 10 295 37 215 13 320 262 26 152 74 42 262 267 78 324 324 154 223 117 234 15 107 314 201 213 54 147 178 30 19 89 190 77 165 90 139 226 198 107 108 73 279 32 191 40 237 278 108 140 175 22 70 194 257 135 134 155 68 46 258 150 186 75 283 119 288 243 129 209 274 206 34 309 19 136 225 21 19 128 33 16 210 250 82 316 208 162 156 236 326 274 142 324 7 140 218 336 312 142 123 121 69 192 39 45 172 325 10 29 171 175 291 298 283 43 156 242 146 36 168 248 154 255 107 55 259 132 132 140 243 129 231 23 14 214 269 256 5 62 214 143 240 307 144 238 327 78 108 254 110 150 271 89 150 61 111 305 325 124 73 108 108 36 217 143 245 305 109 251 50 249 327 165 273 35 50 260 136 22 14 299 241 269 122 274 301 45 179 225 21 26 271 295 256 193 217 117 206 1 156 183 337 218 308 113 158 306 23 134 156 240 88 330 297 104 94 114 291 116 322 309 207 14 149 246 155 87 310 199 180 13 340 200 315 201 243 71 240 27 228 132 95 140 304 3 238 76 227 164 5 218 85 81 287 235 265 152 7 178 196 22 65 15 96 338 210 127 65 273 44 101 285 317 308 21 260 68 129 139 313 179 70 251 40 256
123 183 245 175 7 225 250 201 288 28 267 14 97 191 136 256 260 267 241 215 121 46 131 155 103 19 313 47 170 215 100 161 31 21 283 103 54 130 196 64 142 200 59 130 49 326 180 278 274 128 5 115 305 55 140 109 193 48 191 253 33 338 215 94 258 60 57 231 186 65 76 329 184 190 215 164 130 319 271 331 324 201 253 195 10 234 208 251 125 33 187 53 8 72 16 148 243 314 66 213 171 210 209 133 192 34 269 302 120 118 300 101 295 233 279 118 75 220 334 86 127 271 285 44 229 172 258 188 179 259 79 83 145 161 309 334 288 292 23 275 257 247 218 136 310 71 208 193 322 331 50 178 289 294 340 293 58 256 63 76 164 332 77 233 16 72 286 93 209 328 225 120 319 269 260 18 120 292 127 277 222 292 242 83 139 290 234 211 12 73 165 104 333 272 323 39 140 166 226 133 254 164 106 103 44 9 289 45 61 323 63 25 300 73 126 112 283 318 309 98 26 169 137 86 280 171 283 60 254 16 273 156 291 136 176 290 258 233 296 236 246 196 148 227 144 297 249 207 146 263 11 31 312 307 81 242 324 180 24 93 154 119 264 229 213 240 296 312 140 291 37 301 243 270 178 21 163 114 12 263 324 220 201 313 252 186 216 244 288 30 182 35 275 234 241 34 199 333 24 216 190 164 208 95 301 315 205 272 32 285 305 81 324 247 57 89 121 298 27 221 303 222 155 140 176 125 212 333 57 263 185 207 54 155 119 295 28 55 143 318
55 53 273 42 237 243 66 292 138 240 323 74 91 47 311 161 200 189 60 278 109 43 116 13 177 56 71 332 179 109 163 327 116 165 307 143 324 70 330 84 309 160 105 139 154 67 206 262 317 163 67 202 312 326 116 149 187 30 17 2 83 211 274 219 268 192 305 213 257 55 298 49 163 133 202 66 340 205 72 194 133 98 209 32 309 295 296 246 78 244 242 154 43 61 18 139 100 94 174 145 133 182 261 313 287 97 224 86 280 298 237 213 109 153 178 187 160 7 21 119 151 127 329 263 330 89 218 124 96 273 197 36 293 113 137 99 32 275 262 216 233 12 132 205 118 308 37 2 61 239 239 254 251 50 222 326 333 77 256 307 177 35 232 297 84 57 130 198 97 270 54 312 287 4 196 255 258 34 305 107 293 184 313 4 310 114 322 281 318 86 107 221 209 262 156 113 312 185 200 119 8 328 339 203 40 116 275 212 243 64 120 294 96 92 163 244 320 74 34 111 195 327 333 331 302 71 89 271 292 244 291 283 108 30 48 213 110 244 129 189 276 218 290 98 246 81 159 256 268 163 52 339 281 4 277 300 108 7 44 105 72 238 122 24 126 111 115 332 163 340 134 247 34 5 213 322 87 140 97 218 3 101 195 333 1 93 329 330 264 332 14 238 33 69 298 120 304 313 8 186 32 225 41 119 75 301 81 277 90 204 224 22 157 156 94 297 5 318 324 312 83 309 193 302 33 258 30 172 283 326 337 177 31 76 301 211 180 131 138 269
179 324 136 143 73 131 35 91 134 207 90 250 124 179 235 97 251 98 315 190 179 263 235 327 302 20 263 168 166 102 183 270 226 271 126 86 283 210 191 88 92 290 83 260 305 178 279 22 316 266 81 285 221 287 263 304 257 126 68 67 240 126 267 162 158 143 181 141 303 296 29 185 58 222 97 142 242 115 114 41 145 167 221 140 155 58 29 159 204 202 170 306 150 51 147 311 335 40 30 190 79 33 228 99 130 86 185 143 196 129 18 179 112 97 335 192 145 321 166 227 75 180 191 53 39 106 232 105 272 91 152 34 36 77 261 39 334 93 1 24 123 60 64 301 331 167 14 70 89 318 213 47 67 244 176 75 41 206 284 4 290 285 39 18 105 14 31 191 30 322 121 334 6 45 330 61 145 100 334 128 89 229 202 242 108 294 147 11 90 141 179 81 184 230 121 100 103 74 181 309 290 119 238 36 297 65 204 234 153 66 45 336 81 190 233 159 24 110 97 12 78 117 160 336 221 174 267 178 326 103 192 196 219 180 331 1 146 224 177 207 179 209 64 95 174 42 167 303 84 124 281 51 136 295 47 308 111 93 252 64 81 106 232 195 294 249 29 226 141 252 92 84 103 146 76 54 40 282 50 143 110 108 283 34 261 165 176 169 122 150 62 160 98 33 53 64 249 254 193 118 295 184 21 75 43 213 38 235 103 203 113 327 308 292 82 97 78 51 292 209 279 210 192 96 34 114 147 173 261 271 25 55 172 157 91 302 245 179 92 293
331 299 175 253 305 115 225 115 294 319 128 35 220 230 194 70 339 147 259 162 27 212 36 263 105 308 94 207 82 25 113 32 262 252 277 52 290 219 127 253 31 217 340 95 16 126 98 107 142 290 337 131 288 160 315 168 280 330 29 96 237 51 219 138 97 129 163 46 244 8 239 49 224 9 309 86 274 79 334 288 278 147 100 165 108 245 314 277 260 39 126 11 94 92 137 326 314 203 187 301 261 318 28 59 126 240 66 97 238 208 320 34 70 140 144 21 36 35 8 177 273 132 162 270 262 337 239 68 26 6 35 75 329 148 216 311 174 173 145 100 57 71 142 56 245 254 64 295 140 114 98 228 151 258 183 220 224 22 109 182 280 21 238 265 174 64 302 87 109 145 29 210 314 194 255 206 312 81 246 243 7 11 36 52 310 158 5 92 230 160 186 51 255 252 330 52 182 131 213 283 306 57 238 31 29 7 327 177 87 267 273 285 304 182 97 220 29 134 82 264 270 51 43 139 218 5 70 107 90 259 211 100 254 256 174 254 273 13 168 12 259 54 87 89 307 50 293 91 187 216 207 190 142 79 199 293 102 44 48 229 113 231 103 110 315 306 8 235 49 47 217 333 119 95 268 303 160 176 322 184 231 106 281 179 300 201 145 221 187 25 50 130 105 32 87 15 11 215 293 203 259 112 196 115 90 87 211 76 30 99 71 140 306 163 68 93 329 59 19 242 77 84 70 80 66 147 101 295 293 304 339 176 30 217 234 234 46 193 219 86
135 234 101 228 13 68 71 252 33 340 226 45 182 252 318 25 147 295 65 140 41 155 138 258 320 238 29 331 128 77 39 153 153 10 209 339 181 159 9 238 54 285 167 295 83 114 152 139 193 49 20 329 189 106 339 315 293 266 268 166 119 50 97 37 5 138 201 286 247 305 18 159 46 302 112 235 246 202 158 223 120 240 32 164 274 309 337 192 170 335 170 132 218 214 34 144 32 79 213 55 127 167 135 161 218 302 239 287 101 2 92 51 268 256 70 106 10 125 257 230 273 256 302 126 330 53 247 242 217 153 135 94 237 310 212 208 30 244 280 51 1 162 85 86 202 70 133 194 258 205 19 82 118 161 232 23 121 310 24 142 158 174 221 58 38 126 234 111 173 269 51 200 231 209 24 196 30 290 147 6 215 287 167 293 175 46 270 165 96 174 243 224 29 209 265 220 310 215 105 46 200 88 165 63 280 142 319 88 164 49 286 331 243 285 240 88 234 267 134 318 281 131 162 263 280 196 140 185 120 105 110 62 309 255 234 233 253 281 8 243 319 224 6 26 45 324 79 152 124 55 69 149 338 311 168 336 233 289 300 170 294 147 66 269 255 104 111 320 165 238 213 307 242 193 48 198 56 7 173 283 276 160 207 8 93 137 11 127 178 131 219 223 312 165 234 272 95 209 156 220 282 339 1 159 266 98 70 127 316 217 311 246 1 290 141 209 141 244 182 278 171 246 35 160 51 124 183 127 280 93 173 236 22 167 8 307 152 124 188 338
335 262 222 118 133 14 164 27 218 283 114 236 113 108 1 298 25 231 300 252 338 126 226 115 90 263 240 156 115 113 42 84 22 287 229 326 306 57 89 49 275 155 278 273 164 121 181 81 188 109 32 129 217 141 121 196 261 190 168 251 28 266 257 219 221 230 195 34 51 218 22 96 151 20 169 166 93 62 66 156 75 145 285 113 186 305 281 282 91 265 210 128 54 28 231 247 137 262 154 286 6 7 27 36 189 160 312 315 202 237 227 278 275 312 204 162 71 290 107 95 7 34 2 85 68 266 146 86 274 167 210 40 307 117 276 288 123 47 166 308 160 20 141 134 81 32 324 94 41 332 280 181 256 124 146 194 270 321 40 117 156 2 56 43 266 223 42 77 210 20 246 317 232 204 57 76 278 281 305 197 153 7 221 64 38 233 230 142 254 89 119 262 275 18 218 174 107 185 121 95 253 119 47 3 339 145 108 169 171 209 249 198 97 292 270 287 75 127 257 107 312 328 99 159 163 272 307 335 204 241 194 4 277 34 80 253 118 241 250 234 11 183 1 55 239 123 52 336 165 294 41 140 76 254 183 7 112 192 161 138 145 187 117 218 324 85 19 242 297 183 34 165 67 211 249 322 110 1 67 196 73 304 169 101 157 13 101 35 313 156 289 78 161 140 127 169 274 201 321 310 129 312 92 319 74 94 7 205 155 11 79 282 302 274 215 212 141 213 111 138 128 121 318 182 169 105 169 11 48 73 194 129 291 58 213 242 59 286 25 279
305 332 113 185 3 291 23 111 38 256 112 167 177 334 43 86 167 78 234 290 82 164 287 115 190 26 45 71 152 14 98 191 154 134 91 114 338 24 183 3 178 126 157 280 285 3 90 217 264 271 179 245 313 49 81 274 167 248 66 194 323 210 222 105 42 3 152 225 155 50 88 163 2 115 32 205 9 45 255 141 252 271 103 4 151 333 275 156 162 52 336 253 336 234 338 132 109 91 315 48 263 3 150 17 293 181 63 1 256 34 275 201 68 207 202 155 225 241 336 163 306 155 89 149 318 249 249 153 276 322 335 121 313 277 338 282 42 40 168 151 129 179 294 127 129 242 315 189 195 21 302 209 305 203 88 148 246 8 20 102 44 173 16 155 314 311 14 242 118 12 283 51 34 279 327 162 241 287 126 237 156 80 207 28 232 99 238 335 281 96 316 92 186 340 85 203 95 116 240 20 92 289 91 175 103 260 292 113 46 292 159 154 252 151 2 174 293 321 275 301 19 98 8 318 195 220 305 151 304 176 62 146 17 7 77 60 278 211 180 1 83 293 201 83 110 114 76 319 234 34 308 169 33 2 153 33 277 250 212 257 57 202 152 213 332 255 311 239 42 31 156 45 235 3 149 197 171 115 76 278 96 75 322 32 259 84 48 321 163 301 24 233 334 240 76 4 34 201 31 154 186 21 55 159 169 2 122 184 34 273 196 102 116 215 256 181 281 284 18 30 137 66 56 219 129 59 17 82 100 83 144 311 89 241 127 298 261 322 325 119
275 308 265 183 308 2 296 241 6 58 218 53 287 121 327 325 69 116 39 174 192 88 205 237 74 73 216 23 63 217 252 233 266 36 266 182 17 237 238 124 133 279 334 190 77 314 152 127 251 273 118 332 272 297 10 112 238 173 80 35 83 159 163 161 239 124 147 249 314 33 252 215 91 161 106 275 195 179 226 290 340 12 256 147 116 111 87 189 239 114 134 238 51 104 332 232 214 130 253 42 336 11 339 90 61 157 119 112 255 136 241 296 153 194 275 294 300 337 42 81 180 206 285 156 109 65 292 234 279 308 11 53 159 237 47 230 52 184 165 108 228 219 115 165 282 321 79 285 218 28 281 76 133 322 8 167 320 320 286 238 143 51 229 293 17 191 20 323 205 330 38 296 108 280 327 132 312 293 283 59 285 169 4 298 284 274 175 115 64 54 25 115 204 322 274 41 35 21 279 201 79 281 213 239 133 156 187 158 262 173 183 140 169 207 107 283 223 65 280 54 335 153 39 126 336 312 61 325 53 219 87 272 189 205 11 178 199 27 147 36 158 200 97 24 250 317 121 245 100 268 140 321 68 159 171 253 16 38 271 186 274 293 10 218 188 147 301 55 240 212 270 236 171 47 272 184 138 261 110 285 237 145 299 45 116 29 287 238 6 100 233 262 77 22 175 266 84 267 142 83 226 174 182 190 77 258 271 37 41 138 306 181 128 265 47 276 294 198 217 233 158 22 207 204 251 335 29 169 228 64 165 267 227 335 97 296 109 309 56 227
31 324 328 209 293 296 273 190 192 258 297 261 92 193 292 176 299 104 145 39 45 317 255 205 16 166 9 46 19 288 228 174 323 259 202 221 296 160 55 255 10 12 180 280 27 105 170 33 186 48 291 293 223 315 292 127 313 277 27 164 270 273 311 266 268 245 255 96 207 256 176 210 334 331 125 123 120 58 62 182 301 327 273 325 187 61 312 110 259 198 182 199 183 63 242 150 115 223 320 80 49 152 53 273 331 305 194 289 230 74 156 113 232 267 134 273 248 21 240 148 17 112 50 314 82 239 170 1 316 153 209 125 298 299 333 330 123 116 208 183 4 252 215 114 326 37 24 138 190 215 191 217 300 322 288 324 112 323 199 223 32 173 134 159 132 54 286 39 331 47 320 265 208 139 97 147 214 340 191 33 57 165 303 105 331 194 329 3 42 128 129 288 318 340 305 254 186 161 273 79 281 290 242 286 339 275 328 127 41 88 111 84 289 257 202 278 175 64 164 286 306 79 227 103 20 310 115 288 87 281 146 258 44 47 303 83 179 85 253 145 105 4 13 48 32 228 103 121 64 188 288 28 315 171 3 135 131 127 117 205 313 177 339 122 201 53 123 104 219 182 271 63 222 106 290 272 8 311 185 72 230 128 248 302 172 205 98 33 56 165 6 215 239 311 114 225 328 324 228 36 62 41 232 277 6 330 21 243 314 171 68 236 84 74 205 43 24 146 307 76 5 151 329 191 38 256 300 205 94 285 337 337 339 177 320 46 99 220 157 315
93 12 77 153 75 19 319 210 30 309 96 91 161 138 196 144 140 219 94 224 41 45 66 101 333 115 91 234 208 122 9 322 151 271 49 36 334 93 74 104 253 275 255 287 150 251 108 296 138 22 259 256 21 64 238 335 142 128 187 237 313 315 200 80 127 148 24 29 325 70 19 325 109 63 14 208 276 218 213 225 145 195 164 33 339 248 16 132 266 311 119 155 74 263 110 220 237 208 1 28 259 291 308 166 113 174 116 20 71 167 294 27 167 55 169 292 209 166 98 115 274 202 202 268 203 100 168 178 178 205 256 79 142 33 130 256 51 120 131 63 266 130 238 109 207 286 277 328 208 239 7 219 77 246 218 287 287 282 208 71 198 237 234 235 284 228 197 206 217 196 175 283 249 223 244 261 130 25 135 20 301 15 253 27 154 87 238 129 8 253 206 86 81 290 165 135 251 156 95 158 84 249 119 253 306 45 2 109 39 329 173 96 59 232 60 161 150 216 233 92 10 220 253 13 163 138 101 334 198 109 83 138 138 293 270 195 69 13 196 331 217 69 273 264 108 290 97 33 64 237 335 161 243 46 48 326 320 162 229 70 78 252 254 223 42 70 261 108 276 164 80 175 71 212 109 169 185 138 61 134 152 224 128 96 253 65 337 311 74 6 108 58 238 157 305 311 219 308 284 144 264 231 46 254 184 192 199 1 261 95 336 134 271 204 311 294 199 315 291 109 142 189 88 17 321 319 24 261 61 261 40 70 41 111 320 98 45 202 109 322
301 255 147 238 6 186 52 315 277 82 180 155 229 201 280 99 15 263 130 61 293 38 174 83 208 171 7 165 264 159 290 179 237 86 172 231 283 17 275 328 121 180 150 210 121 308 190 143 261 253 12 95 131 281 247 53 209 37 106 204 308 6 190 107 193 54 108 156 250 35 316 132 150 203 282 187 15 77 236 139 3 329 332 237 290 322 71 323 87 59 197 301 150 312 207 227 113 134 238 279 183 309 16 184 66 224 38 5 45 100 73 322 111 139 27 303 314 139 276 24 30 111 74 207 57 132 209 332 80 20 42 332 287 334 299 162 326 281 253 149 13 257 165 80 169 339 116 65 234 191 198 307 112 225 140 334 101 319 59 225 53 164 49 72 158 235 20 120 302 308 19 284 234 242 180 222 23 159 233 145 326 20 163 162 339 304 31 188 39 329 93 54 257 14 9 90 9 94 137 39 329 227 221 328 130 87 195 241 228 248 141 262 318 127 304 79 211 45 226 111 250 182 250 25 339 220 239 261 145 150 282 105 109 271 54 47 131 154 268 167 332 173 210 137 34 268 196 173 174 199 214 33 248 30 332 23 219 285 11 181 93 42 49 276 212 4 163 29 184 291 76 162 61 245 69 194 316 268 334 26 20 322 276 304 148 174 52 320 158 69 234 225 99 191 147 36 250 124 71 129 207 216 178 147 162 315 4 15 100 205 190 53 47 119 50 5 197 329 317 268 227 233 288 253 156 3 123 281 234 89 321 220 41 198 29 128 286 4 133 186
61 245 298 188 136 339 225 5 106 32 11 125 160 207 47 129 300 220 189 320 212 263 295 88 167 125 61 250 147 79 117 138 336 104 194 251 273 16 142 251 15 79 128 143 268 129 246 303 22 181 55 95 266 152 177 247 174 136 258 202 238 118 53 110 187 335 33 88 136 65 64 329 7 221 148 80 124 170 59 115 218 162 283 93 155 222 192 50 150 339 12 149 74 122 251 48 314 77 222 204 235 32 246 113 332 279 13 165 277 105 172 254 70 121 287 41 68 236 174 198 22 9 232 284 275 72 275 259 136 312 288 104 116 269 288 62 167 201 140 10 182 120 259 205 18 177 107 328 127 32 167 173 320 281 66 227 146 225 254 175 250 6 265 183 266 317 289 93 174 131 166 159 3 254 159 311 256 141 299 182 200 87 18 169 122 292 193 286 86 190 47 240 113 306 10 130 147 300 221 231 26 325 70 102 258 180 187 179 230 57 325 156 79 139 307 62 301 303 170 149 113 140 3 154 42 186 181 169 165 210 293 161 276 305 142 256 243 132 90 113 243 42 306 272 122 87 25 310 81 127 308 81 39 183 222 261 149 60 88 160 242 124 76 90 6 253 255 227 31 101 57 40 201 238 266 157 199 161 129 70 69 113 152 103 252 24 122 2 278 87 284 59 180 262 151 324 48 279 70 273 234 271 129 256 229 65 31 76 118 334 202 97 264 8 229 56 185 304 240 53 327 164 277 112 263 100 134 95 82 132 244 21 104 10 282 267 63 165 152 317
16 77 123 50 173 173 330 123 256 77 317 295 147 107 296 120 188 232 212 172 57 189 221 59 36 73 219 26 288 275 36 139 164 33 132 11 165 67 265 103 150 325 287 294 170 326 120 140 176 53 84 4 88 35 243 85 132 284 154 218 305 126 329 190 69 266 301 50 236 86 176 100 6 204 89 118 18 100 60 196 247 275 172 302 208 142 157 300 6 275 165 275 142 117 152 128 84 293 96 154 281 235 73 30 111 237 219 192 35 34 22 205 242 25 275 262 53 47 177 7 304 240 55 132 158 7 282 101 183 317 110 267 49 320 173 181 77 120 226 258 142 67 241 20 64 281 106 272 290 32 20 246 133 72 159 248 56 58 139 266 73 306 163 226 68 117 43 305 162 106 298 279 44 199 181 274 65 27 302 333 47 81 189 230 61 331 30 83 77 95 74 132 314 272 319 320 105 247 238 212 179 229 33 182 17 262 301 110 287 192 104 5 301 260 97 140 258 15 228 313 324 4 222 127 63 31 221 102 121 258 87 272 86 270 336 13 91 154 314 51 205 184 82 40 331 38 149 205 332 247 103 129 319 337 252 35 1 146 318 105 210 110 92 29 91 164 88 21 18 249 322 309 239 166 269 250 147 234 241 34 293 185 90 2 248 126 1 67 111 327 205 82 284 168 31 191 256 30 175 65 202 303 188 45 176 93 233 334 240 52 273 187 313 143 184 131 277 88 204 186 242 146 13 99 46 105 27 335 325 3 113 33 274 36 222 334 318 286 150 316
265 96 148 311 80 120 101 250 235 136 213 222 231 124 317 195 100 177 31 119 118 162 76 328 315 335 60 72 247 136 53 78 262 143 157 241 169 7 81 203 267 128 130 50 85 114 314 71 45 85 165 141 190 209 307 7 44 61 155 315 163 289 320 152 317 268 276 158 156 91 214 205 226 69 114 208 220 299 127 180 117 22 135 193 4 332 190 291 68 319 59 286 304 291 151 277 251 324 27 39 321 328 180 279 141 257 142 10 102 308 140 192 195 278 75 312 253 43 311 165 333 156 181 82 209 22 194 156 277 178 96 211 295 309 310 275 116 294 31 337 151 181 331 227 231 70 319 191 93 107 161 153 336 223 253 43 314 96 177 1 86 2 89 155 162 187 208 132 165 151 37 58 313 89 294 123 134 292 265 251 259 299 312 327 112 165 197 127 334 333 45 96 305 34 169 106 66 223 314 22 322 265 299 61 120 114 28 166 93 277 173 325 249 261 333 178 170 140 256 225 223 332 280 331 218 293 258 131 133 78 82 303 293 15 104 247 2 100 1 20 52 296 32 100 28 114 14 231 193 61 299 14 239 208 289 308 333 289 148 14 247 232 334 176 268 119 128 101 121 315 198 189 12 302 249 174 169 295 251 197 142 152 260 130 52 339 266 120 310 318 156 183 93 95 259 55 207 64 241 151 214 103 321 140 308 18 32 9 335 188 268 188 109 259 47 304 128 219 27 141 73 133 156 240 129 123 53 131 223 226 292 229 192 302 21 114 292 255 230 57
34 240 13 4 149 269 280 316 142 34 182 2 327 94 145 243 234 88 263 268 23 44 182 242 197 263 103 88 333 37 170 57 284 18 323 324 28 196 195 337 140 137 125 289 131 151 297 305 188 210 301 262 303 240 127 227 65 256 151 261 133 95 118 205 243 216 74 180 144 77 10 118 48 267 326 275 294 165 154 208 213 234 198 87 93 129 254 37 310 129 6 238 287 50 230 79 49 286 154 106 281 67 57 256 309 135 3 336 123 121 272 253 284 238 74 63 37 286 315 117 273 86 136 79 148 301 235 202 34 262 206 52 100 57 269 245 313 122 216 238 312 185 47 64 46 62 269 25 116 234 129 184 333 23 235 170 174 142 169 137 295 239 148 46 155 250 291 220 243 273 51 131 239 223 201 36 4 223 143 122 267 115 334 24 291 17 148 87 332 62 326 291 35 228 63 302 98 46 217 55 130 42 227 284 277 287 19 203 198 240 136 223 164 185 104 279 57 333 198 182 198 248 93 115 266 35 112 269 238 2 17 111 162 246 317 231 315 226 228 123 210 154 335 38 216 142 302 249 11 265 148 316 314 206 238 86 193 99 70 8 101 293 22 182 1 320 328 211 271 239 28 178 77 151 9 8 299 293 55 221 244 314 113 90 202 292 261 188 72 146 268 30 303 224 180 55 88 319 160 326 213 270 150 210 320 332 256 9 72 257 92 57 292 258 98 223 127 27 15 188 145 25 165 94 83 108 293 162 249 55 179 134 232 182 7 249 281 164 51 155
214 235 149 127 226 46 29 217 127 292 225 212 12 69 108 93 283 29 74 247 172 63 338 332 64 150 330 262 313 320 145 53 183 75 6 85 319 193 211 319 116 277 90 227 190 201 202 288 323 41 306 191 279 17 101 44 24 275 76 2 109 154 266 224 131 230 132 326 41 225 50 212 117 194 137 225 273 232 295 89 114 70 268 337 184 212 174 214 148 303 194 219 250 299 126 209 25 276 57 166 293 164 331 72 156 131 290 70 76 296 231 88 274 117 166 246 213 22 324 124 41 260 140 27 236 193 83 163 131 243 49 76 307 124 272 61 282 234 80 102 338 117 2 286 151 215 97 85 258 13 158 213 195 172 90 229 215 9 241 173 247 52 175 203 250 24 21 230 253 65 178 337 92 210 255 198 201 209 149 166 61 15 8 140 152 26 179 40 47 257 123 129 116 190 321 140 37 117 142 256 311 193 59 73 35 112 281 125 6 248 89 328 225 99 250 51 143 159 171 105 202 270 47 261 8 79 130 166 24 188 166 67 29 281 172 229 98 148 284 161 163 188 306 275 32 248 28 95 168 28 107 264 246 37 134 169 309 153 314 101 235 34 29 285 26 245 257 177 298 336 145 113 193 112 119 62 251 313 197 310 119 318 55 45 41 63 219 64 288 271 77 170 84 120 44 308 319 146 97 306 313 25 231 164 19 64 78 196 16 174 92 186 214 175 136 254 70 102 120 53 174 88 20 59 9 153 46 75 30 103 248 279 296 159 73 116 324 260 302 98
203 305 306 95 199 278 33 329 303 331 158 124 17 114 247 235 276 87 169 192 340 92 227 36 262 206 127 191 287 79 203 303 243 103 187 235 266 155 179 33 339 338 115 112 330 316 55 96 40 180 92 76 289 95 244 215 29 208 261 211 78 192 106 152 119 222 241 288 334 146 297 237 235 100 29 340 96 272 318 261 304 229 97 336 296 290 261 315 334 11 284 106 112 136 255 258 53 99 209 140 162 85 288 336 265 24 277 188 37 47 118 241 197 195 218 91 66 108 51 8 160 174 283 80 49 188 114 193 299 130 278 142 253 148 225 149 177 194 175 268 232 282 325 320 157 158 333 305 247 169 77 103 121 240 254 315 136 110 147 151 197 194 13 272 219 58 117 106 196 186 250 311 246 14 297 157 166 280 205 338 60 140 261 321 225 175 221 44 200 99 301 231 21 188 140 145 118 200 180 102 220 15 254 115 333 237 272 10 211 308 212 116 262 268 316 2 159 20 184 42 181 124 264 47 236 268 156 175 22 335 317 54 32 109 209 138 286 188 168 293 187 188 235 335 174 257 162 6 244 28 239 317 110 257 288 153 195 301 280 258 292 182 277 145 172 192 313 300 335 31 327 217 279 244 333 250 283 313 161 121 293 239 311 315 313 330 86 209 141 51 327 244 173 302 204 161 57 260 288 103 338 326 297 37 2 305 254 174 330 89 31 120 211 308 1 72 268 92 38 280 85 19 155 135 273 196 181 85 289 180 76 46 22 263 29 278 192 22 181 280
283 110 93 229 69 25 68 45 125 303 230 94 269 87 285 174 236 12 98 310 339 328 160 11 132 151 76 80 230 181 30 13 270 303 304 126 121 310 87 270 228 134 325 77 259 263 265 107 221 140 201 13 157 307 274 65 77 52 144 52 165 138 259 164 38 13 147 180 167 266 334 315 182 181 246 332 25 181 207 326 53 119 51 39 131 201 128 147 147 307 156 305 11 146 47 117 14 152 198 50 162 94 177 43 10 207 259 156 179 317 112 32 204 151 273 53 249 25 111 149 200 248 213 114 127 301 149 277 46 118 105 142 187 306 46 234 227 290 222 235 123 300 234 130 4 247 231 158 118 222 240 128 230 20 10 121 44 147 339 263 152 293 315 109 274 226 262 98 55 311 137 92 323 265 176 71 177 65 2 115 33 158 1 184 336 199 333 316 51 117 216 204 182 212 12 224 201 26 17 225 38 42 101 310 229 286 157 310 90 271 38 329 2 244 12 25 245 55 296 228 201 50 267 114 223 281 154 89 181 272 298 301 258 309 230 177 325 83 218 149 198 53 298 212 305 121 260 244 31 271 229 176 278 54 78 88 135 155 126 95 28 282 239 202 246 77 340 105 296 238 331 340 217 312 107 79 258 302 320 22 231 89 62 35 216 248 331 168 260 57 37 316 125 77 86 268 45 74 237 172 213 212 134 73 87 171 233 68 99 207 122 39 206 259 61 50 132 38 303 297 151 164 128 257 276 305 187 333 230 246 202 176 211 54 245 178 17 270 28 266
16 185 34 318 251 46 177 20 27 180 159 138 33 133 88 329 101 199 315 171 185 187 42 27 223 77 333 252 119 216 277 105 148 219 7 164 127 34 45 50 148 234 276 232 194 303 28 99 139 156 96 20 118 47 64 24 297 170 13 193 161 6 236 305 248 172 118 228 21 76 165 236 330 232 38 52 55 283 327 172 335 264 28 167 298 39 11 165 323 41 44 86 159 210 256 239 102 167 165 34 58 332 32 63 183 131 77 97 85 98 91 310 92 174 225 262 156 320 102 173 184 244 211 53 79 292 320 74 19 113 301 321 103 238 87 70 334 102 3 161 184 292 49 165 236 101 119 252 260 254 188 127 58 210 22 147 156 153 154 18 245 234 289 281 60 267 38 135 239 76 44 2 61 3 231 234 266 59 89 100 212 255 296 32 41 65 64 26 307 314 263 1 213 1 240 210 159 76 129 61 265 153 272 182 224 63 314 285 213 211 292 208 166 268 269 115 26 330 145 270 10 254 195 189 211 31 168 48 325 58 333 311 212 136 249 63 102 135 31 275 83 43 285 74 14 21 309 217 172 265 297 82 243 110 68 103 8 244 215 12 53 294 107 302 318 201 68 221 53 288 258 210 105 131 202 54 218 4 66 181 239 84 104 141 241 208 149 121 102 334 136 260 51 116 196 229 198 7 259 142 15 264 275 210 235 110 338 324 178 26 180 225 296 22 252 221 245 131 327 120 34 125 178 99 202 220 246 245 115 321 85 86 184 163 30 164 221 25 10 34
216 211 12 239 333 180 94 298 79 89 318 215 149 128 64 11 125 192 70 266 197 84 192 306 152 340 130 63 98 331 124 324 146 92 228 194 83 225 198 86 194 212 140 319 243 124 36 62 68 153 282 216 195 232 98 311 76 138 51 216 107 274 123 257 316 117 291 185 155 277 194 125 69 150 96 127 167 53 290 166 234 20 266 91 212 193 275 236 339 289 179 136 189 291 148 66 149 173 331 113 296 250 39 119 246 291 39 219 160 81 41 65 10 165 233 153 205 144 236 261 72 18 125 180 196 20 107 285 128 137 132 103 72 241 332 177 304 235 7 48 251 71 127 230 206 299 218 192 222 34 43 285 167 39 282 236 255 93 223 47 302 172 74 164 172 61 248 177 18 227 8 41 331 70 239 197 15 29 117 201 123 129 141 85 253 276 110 21 310 69 17 261 182 282 253 84 216 302 161 328 23 12 301 105 67 102 153 324 128 264 272 313 296 304 106 119 307 65 31 73 119 338 323 138 323 145 221 122 175 261 52 272 161 197 21 20 269 193 288 27 15 312 177 71 226 92 56 25 242 298 142 291 304 266 311 108 54 308 1 101 198 147 334 127 289 49 178 338 273 299 26 171 299 66 309 13 278 274 178 4 146 260 12 304 175 93 286 217 112 273 279 279 155 106 305 222 289 105 52 17 254 271 157 84 192 202 21 242 38 311 310 26 90 175 15 17 292 166 4 18 248 231 293 196 314 323 286 225 162 262 277 246 213 102 157 119 72 331 210 225
164 140 86 280 174 76 20 261 230 193 36 82 39 261 128 45 129 10 60 337 216 8 167 184 134 271 126 160 325 233 112 204 146 127 115 303 83 274 217 256 319 217 323 119 43 5 246 107 36 79 325 30 319 103 339 55 30 27 134 160 137 55 84 311 133 209 275 101 220 212 119 152 225 78 110 307 306 234 55 293 330 88 174 323 292 260 129 39 240 35 193 308 323 320 135 267 92 12 181 118 305 307 300 276 319 249 237 68 22 81 310 173 278 299 320 44 306 294 157 292 186 245 75 111 190 277 162 312 71 129 163 119 138 43 64 23 15 289 99 177 238 226 221 5 256 120 170 159 170 92 337 289 74 190 217 78 61 103 64 13 73 169 326 324 143 211 23 2 92 276 37 216 209 138 188 37 151 74 162 97 171 266 5 325 257 149 317 193 92 61 255 83 240 154 20 239 288 197 31 292 38 55 295 60 89 245 3 81 205 78 117 69 213 36 133 44 179 74 190 108 220 12 26 179 211 274 57 190 301 77 278 196 45 305 243 187 122 70 287 60 338 229 161 170 282 93 150 219 305 240 157 189 306 289 13 84 74 81 73 305 57 205 1 166 49 329 273 243 9 135 77 148 240 319 15 285 99 204 152 65 333 336 324 101 338 159 278 33 266 175 122 12 111 272 228 86 217 22 179 30 71 216 322 84 256 313 180 224 238 187 298 74 219 5 114 1 116 256 64 163 258 31 322 133 84 215 61 292 144 27 240 23 179 213 311 26 180 314 235 106
3 11 62 335 20 4 143 205 90 150 3 111 31 15 80 109 97 171 41 254 245 151 232 43 58 134 68 35 181 14 72 62 280 317 337 236 167 42 230 104 34 221 55 18 299 279 203 79 86 220 13 105 18 43 94 283 38 4 267 74 61 195 310 330 181 290 200 156 300 315 151 214 192 301 324 142 303 203 158 311 214 220 182 260 63 167 264 279 70 34 148 32 69 100 333 184 55 291 134 329 240 267 14 231 142 264 120 20 150 300 228 6 37 159 163 123 203 56 303 168 183 73 45 257 7 8 212 334 292 36 129 96 266 303 195 302 283 216 165 334 149 200 107 314 275 261 175 223 294 214 265 220 39 65 255 102 248 277 147 40 183 87 107 144 282 125 220 150 30 292 19 262 262 299 26 65 263 198 278 310 6 102 273 266 290 149 52 298 111 22 37 146 297 244 177 17 200 331 126 336 5 83 121 12 109 260 53 154 167 141 32 75 64 49 148 160 107 228 119 71 161 237 179 287 275 326 24 169 230 228 338 7 11 329 80 242 125 329 318 138 65 220 206 332 129 244 57 92 62 18 232 327 71 114 15 8 33 132 97 13 5 28 274 78 82 252 10 67 88 95 112 21 295 336 111 221 167 219 139 142 215 303 40 238 180 281 51 186 60 161 239 277 211 128 244 26 141 294 109 191 150 96 118 141 13 209 41 56 183 13 21 100 257 108 262 317 51 122 187 280 238 231 176 253 93 241 175 207 258 237 78 268 292 233 89 243 2 50 233 46
265 269 313 75 273 107 27 46 237 300 112 105 212 307 213 17 244 119 337 321 288 152 153 285 187 263 36 76 44 145 312 117 289 35 68 34 89 158 24 85 266 134 292 331 248 10 205 38 230 327 287 279 175 216 173 124 45 108 84 100 234 52 279 317 126 241 170 62 70 281 333 88 172 238 232 115 311 335 172 72 287 180 308 172 322 328 284 2 210 154 187 312 34 103 212 104 221 276 300 103 129 61 264 248 318 324 337 90 197 186 59 231 157 132 239 39 326 155 73 228 229 150 125 340 270 247 94 91 254 320 119 324 81 194 247 11 15 172 171 150 81 254 198 89 278 248 102 122 332 129 303 17 186 125 106 202 306 268 310 288 334 120 307 155 283 11 300 53 7 164 127 94 248 304 217 234 61 153 182 297 271 229 241 232 277 261 246 95 190 292 195 324 5 264 292 3 13 175 289 324 292 237 137 148 231 40 208 278 9 323 132 71 12 32 24 117 123 310 312 31 314 91 208 318 197 138 26 66 317 1 44 178 60 304 48 244 152 165 20 295 174 31 324 238 160 229 189 215 161 149 312 12 272 318 123 176 30 196 8 5 86 183 91 308 126 227 173 276 317 229 150 8 10 29 81 218 48 305 237 201 36 212 261 324 79 177 275 174 80 338 57 183 258 258 273 139 317 188 188 55 62 117 315 130 88 288 105 29 109 17 194 246 118 246 26 148 42 101 173 91 222 331 267 43 221 293 335 317 129 252 145 204 177 274 208 255 202 233 146 335
241 57 47 23 51 161 160 228 228 139 288 135 104 114 102 108 256 24 61 100 79 36 138 60 24 200 195 271 192 205 251 7 216 92 91 320 48 263 28 120 119 104 330 202 139 307 63 226 218 188 272 65 290 304 193 70 294 279 225 175 234 123 53 130 140 10 228 89 3 196 262 186 40 242 153 156 117 334 153 199 89 239 137 328 18 122 246 93 222 126 230 74 57 300 200 37 90 163 187 172 125 11 210 231 303 246 250 326 251 211 301 93 90 72 187 52 91 190 325 135 84 2 222 113 9 177 217 142 12 221 198 149 82 67 38 108 127 52 169 31 176 325 40 283 331 49 317 31 91 108 115 16 39 244 148 11 211 150 7 293 65 201 245 178 119 45 283 162 159 187 108 101 43 210 303 29 334 33 49 289 100 190 179 85 53 275 194 123 276 317 322 293 248 180 174 68 181 197 66 309 1 182 238 107 77 337 83 85 94 213 31 300 196 198 92 33 215 238 51 122 5 297 16 122 184 298 227 80 110 162 272 202 49 254 307 63 269 72 114 314 297 282 270 74 239 95 80 90 290 85 42 57 80 267 330 282 151 110 188 96 26 170 145 281 184 84 193 340 75 124 140 24 54 25 206 287 242 1 62 243 316 248 74 76 257 68 3 132 260 215 140 280 283 28 26 29 178 60 285 311 50 111 261 59 50 51 265 324 152 234 103 225 3 181 290 164 144 219 306 317 69 37 180 172 103 261 124 163 281 195 130 113 293 122 232 289 325 245 18 283
204 304 155 60 88 339 106 301 91 299 226 205 130 199 158 294 84 229 80 331 319 289 340 201 5 215 103 207 266 316 160 189 295 183 57 43 314 170 172 257 180 124 215 78 155 249 295 322 85 193 321 129 30 209 75 279 308 316 138 6 97 145 168 147 325 91 139 141 135 187 327 71 14 207 229 142 169 210 82 175 1 182 296 325 133 231 67 33 67 244 184 230 36 253 243 326 214 216 193 123 236 113 115 59 71 143 303 53 224 128 6 256 239 177 331 59 323 124 338 334 140 142 266 206 135 85 269 261 141 23 103 185 332 100 107 296 269 335 35 298 47 273 23 315 61 163 8 118 104 82 148 254 140 276 19 184 315 260 95 216 209 198 188 3 61 55 37 212 25 210 155 74 141 307 150 179 288 177 27 131 80 299 323 188 96 176 38 56 10 242 304 60 297 122 134 97 210 95 169 157 236 283 132 222 198 306 150 53 118 101 14 36 316 177 62 15 259 64 78 300 128 310 276 16 242 304 48 235 275 169 338 289 128 30 290 138 149 223 59 299 231 73 295 246 84 162 299 154 61 308 104 173 248 122 140 106 329 240 48 207 121 78 153 261 146 3 124 281 2 254 15 264 256 31 113 37 42 15 9 84 31 125 191 25 232 160 55 222 65 207 216 212 313 327 63 214 312 210 99 257 332 258 284 285 40 184 150 111 58 154 233 140 215 224 165 52 135 208 134 184 174 22 93 319 86 80 166 309 107 36 157 211 261 293 257 209 179 98 63 187
262 230 295 330 70 229 243 210 150 273 71 203 195 242 112 46 289 101 179 229 236 300 8 298 283 294 324 73 202 199 61 328 330 128 278 250 318 302 114 7 118 70 228 49 54 41 131 325 327 291 190 177 44 314 56 299 108 194 73 191 162 186 90 119 267 306 19 337 329 73 46 30 177 13 134 67 154 10 194 326 331 254 122 171 248 194 160 292 186 323 175 44 336 304 62 311 34 184 179 301 174 220 129 118 64 92 49 195 334 88 236 11 89 113 326 238 71 123 141 312 240 133 106 270 293 42 304 276 17 269 234 136 221 111 248 233 205 22 89 25 211 269 149 238 232 93 339 209 266 214 162 121 225 27 4 134 312 340 302 18 312 62 329 284 125 328 102 211 167 5 201 317 253 83 220 229 228 205 37 170 156 267 45 200 59 214 214 327 239 298 170 134 274 251 104 232 101 55 297 29 6 27 133 106 303 100 325 173 220 62 318 180 337 161 251 255 184 233 114 268 59 297 45 18 238 94 241 296 178 315 166 152 190 328 151 137 190 337 130 44 118 286 65 37 83 269 140 156 300 49 208 93 185 76 115 287 136 121 82 64 263 72 201 128 290 242 119 41 199 139 325 129 10 158 237 259 129 264 48 46 207 129 312 121 203 58 322 141 270 272 317 60 102 27 125 231 30 306 245 268 68 57 265 60 320 303 212 334 52 323 310 37 113 46 162 148 70 339 131 51 181 329 13 291 248 270 184 204 178 18 71 132 190 334 16 83 70 58 78 241
94 181 118 289 219 274 328 202 10 87 176 89 4 123 24 235 179 335 70 270 202 308 43 12 315 1 231 232 329 106 123 124 331 6 148 204 290 270 4 314 11 198 190 262 287 235 26 138 209 138 310 83 212 300 188 234 116 214 90 48 220 137 253 328 168 49 47 122 80 159 180 228 303 304 71 60 254 58 292 287 154 159 231 28 251 302 9 283 288 255 89 302 254 40 112 22 244 326 74 305 340 312 232 202 320 272 25 217 215 150 299 145 84 312 15 162 170 14 62 4 212 100 124 232 202 79 175 173 58 53 82 288 151 283 84 231 266 320 95 291 227 327 309 40 92 303 4 36 335 260 269 24 20 161 172 11 50 68 39 153 117 177 160 89 130 86 251 45 186 23 179 213 71 94 257 310 124 138 125 3 335 98 40 309 289 35 94 108 163 64 276 159 124 337 107 242 85 115 298 337 74 251 68 318 170 178 156 153 303 221 206 227 289 29 186 38 221 242 107 72 268 142 69 269 82 127 224 41 233 235 144 15 273 55 3 221 32 133 331 91 248 42 61 207 6 297 212 172 189 210 79 160 131 214 87 170 54 180 126 297 52 78 85 299 234 319 220 116 328 309 85 166 248 130 143 252 260 68 133 246 198 201 60 27 330 155 217 326 190 173 53 10 118 91 55 278 337 326 283 339 196 246 227 282 209 276 89 291 133 40 233 169 326 324 259 155 177 316 334 168 185 25 12 64 306 71 101 141 244 330 238 139 53 237 235 326 47 181 274 145
270 75 161 247 336 203 252 206 308 223 49 285 253 291 311 29 91 38 296 124 201 127 25 340 199 288 229 9 227 317 65 152 82 11 89 275 143 223 49 114 271 88 157 132 305 322 57 244 264 219 55 323 125 276 72 213 306 306 34 123 87 290 207 114 175 122 229 193 174 45 150 215 335 154 278 51 216 89 168 57 312 24 339 91 14 130 207 89 237 40 98 221 222 294 181 85 316 87 250 283 311 306 46 206 14 66 322 301 14 112 26 168 240 49 34 176 82 223 169 216 73 131 105 210 6 293 215 3 196 321 242 255 339 113 161 260 337 310 303 43 339 141 85 326 323 79 108 10 6 35 334 163 197 331 261 24 182 298 216 54 106 238 78 208 115 88 8 49 161 336 147 196 82 40 305 282 195 156 250 133 334 222 36 300 187 285 327 292 316 59 273 302 230 287 289 201 91 308 39 189 83 177 32 214 45 125 129 325 153 164 20 118 264 312 138 241 208 58 59 55 175 196 72 246 74 234 231 239 322 213 169 179 10 202 24 199 39 21 252 78 158 99 131 44 201 214 331 7 225 305 6 109 49 73 176 225 295 138 289 274 149 61 144 212 6 339 251 131 108 24 152 243 292 331 283 124 329 157 51 173 117 216 172 210 171 149 77 16 63 172 162 75 101 147 67 231 234 340 138 176 164 126 200 15 138 274 86 200 89 308 14 71 165 46 183 162 60 79 89 42 187 134 65 20 50 256 231 328 45 190 325 149 288 70 128 162 268 79 271 197
110 284 73 193 246 12 250 153 33 323 74 108 138 107 253 104 69 46 100 257 215 108 98 182 267 246 327 315 269 146 336 252 73 323 191 83 42 227 183 274 285 73 160 205 208 214 61 147 315 329 170 86 322 233 300 304 58 295 222 299 211 110 113 20 157 152 13 220 137 190 130 144 40 113 157 238 35 70 327 209 78 152 79 82 186 26 59 206 109 141 144 192 187 46 21 180 100 110 210 167 243 52 102 293 224 145 93 166 51 177 220 124 286 122 11 84 184 331 243 156 302 136 330 147 234 205 65 274 5 112 265 201 262 312 77 145 71 313 47 301 334 224 140 210 27 308 270 61 91 241 154 315 291 162 101 178 310 95 23 59 83 329 157 49 38 175 91 223 135 266 266 240 146 311 196 250 319 223 291 110 51 143 295 88 210 59 36 82 198 8 313 141 229 336 47 116 113 197 130 178 330 162 123 237 181 92 18 44 103 44 35 134 69 95 102 130 332 312 126 224 301 261 177 61 81 297 281 138 43 316 245 117 84 49 13 336 234 242 135 206 161 31 4 228 301 41 91 29 20 84 195 220 205 298 139 40 1 95 108 54 181 270 19 271 262 115 54 32 326 73 238 83 321 165 311 194 204 86 82 180 213 324 144 87 97 152 85 12 125 330 22 246 135 194 288 123 134 282 312 82 27 156 145 1 291 121 311 181 61 297 63 318 302 177 119 293 193 275 2 221 249 212 43 190 67 322 266 186 45 113 260 268 245 228 271 285 313 174 6 206
42 223 174 254 236 165 72 239 336 31 334 296 25 81 136 1 35 307 212 136 16 245 3 295 208 84 13 256 179 211 195 284 203 35 37 149 81 261 182 2 187 339 113 111 39 97 327 117 89 82 185 167 281 314 270 206 99 333 308 129 246 95 243 50 118 250 247 257 297 291 1 15 100 240 202 14 333 30 146 73 297 282 138 325 212 290 46 122 212 41 65 134 108 121 318 327 175 90 82 75 266 83 324 72 191 328 31 29 214 146 215 278 155 190 293 138 63 307 258 70 74 30 199 222 332 100 175 120 258 172 231 309 75 268 120 141 87 34 210 236 255 21 311 5 222 57 62 174 139 130 140 163 39 216 11 68 295 16 226 159 280 59 337 56 201 111 211 188 301 220 144 58 209 76 95 177 44 281 330 232 251 119 227 246 158 75 183 52 78 262 85 337 123 306 308 44 137 82 29 44 157 39 12 227 289 294 56 315 223 45 239 182 76 268 118 255 282 74 183 176 241 265 135 263 209 268 307 94 18 251 171 335 307 287 208 103 114 261 249 181 25 103 199 195 322 308 117 311 216 261 321 185 186 2 112 158 27 86 175 9 72 302 242 338 300 125 98 145 64 199 173 127 30 17 10 72 332 267 171 10 299 62 321 122 252 57 263 57 243 28 9 232 273 181 289 228 134 221 231 260 27 228 3 65 131 169 7 186 253 59 52 242 268 313 203 280 21 335 53 286 76 194 37 92 134 238 285 290 192 337 136 29 236 93 257 289 92 83 305 215
130 337 90 22 252 3 169 85 330 49 40 297 108 172 150 266 3 97 95 315 245 176 39 81 282 135 296 179 156 171 57 32 234 76 247 291 28 177 115 335 277 328 17 176 279 290 53 273 241 302 107 112 266 120 190 64 16 156 215 76 152 63 310 26 164 161 52 53 137 21 310 176 84 215 27 265 91 250 183 116 162 168 181 134 307 190 286 117 22 6 337 200 212 56 250 280 146 146 81 6 5 255 41 184 94 214 232 145 129 76 100 134 252 191 101 51 318 289 165 58 222 93 168 5 272 149 338 249 248 333 40 69 107 217 64 62 116 62 204 196 209 6 290 131 247 102 261 237 93 301 47 91 56 309 166 226 299 246 38 77 138 69 115 232 53 330 269 51 297 202 260 205 188 75 24 159 179 10 308 33 87 157 28 196 217 197 81 234 161 304 237 216 143 332 32 170 147 146 175 82 273 145 222 263 94 331 245 306 172 320 5 197 70 89 147 18 113 255 50 39 216 44 273 201 285 248 279 49 148 159 260 298 197 129 244 164 173 30 216 66 249 320 14 330 112 277 26 319 168 284 246 177 121 327 102 101 270 45 297 187 134 121 148 18 89 170 206 302 189 190 168 178 295 309 101 195 70 175 139 171 122 309 82 290 298 311 99 56 191 171 111 316 247 94 156 267 121 313 254 252 15 334 321 334 160 265 173 299 12 58 44 33 43 75 104 131 90 200 108 6 154 300 152 322 86 311 19 311 141 242 211 214 61 268 254 322 34 335 66 34
283 320 141 197 267 206 40 62 100 128 292 72 192 136 308 138 193 32 2 135 303 127 233 234 224 315 262 109 188 230 85 229 187 305 183 27 76 52 20 188 228 139 219 54 108 71 300 280 152 246 333 68 24 191 194 298 270 109 15 98 115 217 193 313 291 61 240 81 38 105 219 206 180 34 126 85 73 141 120 107 65 29 245 286 153 216 178 244 3 220 298 220 247 97 20 321 280 126 20 227 308 7 252 17 228 116 306 276 318 117 70 258 329 52 135 289 228 335 6 335 114 263 126 248 163 34 302 289 195 325 257 330 215 64 324 21 242 114 265 135 180 151 55 11 325 153 213 256 5 108 280 85 325 162 64 334 302 321 202 324 150 219 256 43 262 238 195 56 281 250 327 265 2 296 132 325 298 302 79 218 32 38 149 103 118 233 136 207 318 2 159 321 325 219 96 161 281 120 241 207 253 279 209 313 61 232 86 8 137 34 224 88 179 152 173 171 77 160 50 68 279 110 102 101 299 106 54 200 299 14 311 256 31 305 247 130 293 65 99 249 125 280 72 173 279 82 251 292 268 107 37 224 122 185 327 7 9 30 241 182 239 165 162 70 296 89 208 227 111 339 171 233 214 119 251 290 214 303 293 304 144 298 265 266 71 128 92 322 99 30 229 250 199 65 267 141 6 307 230 126 303 330 91 242 100 177 11 162 92 312 57 71 322 145 109 334 18 147 147 136 24 244 19 168 312 53 310 57 293 126 228 120 144 72 204 146 107 33 219 329
249 63 107 252 101 112 149 92 165 100 274 202 166 325 82 34 118 288 194 16 38 43 319 304 256 149 172 114 251 265 2 308 3 31 142 207 144 108 186 329 168 280 202 37 300 38 133 124 208 214 101 315 42 221 53 120 134 120 327 216 248 268 65 306 113 108 266 91 195 141 313 222 334 282 52 37 173 85 120 206 307 177 170 242 57 29 139 172 305 94 193 257 168 304 180 187 223 117 249 218 78 175 107 257 36 4 128 162 192 13 97 308 42 101 109 149 264 267 276 329 121 67 161 164 174 139 263 44 292 215 58 302 49 255 133 224 38 209 272 51 329 306 262 272 177 221 84 141 253 313 219 305 16 77 63 170 321 142 329 135 297 81 41 99 285 89 296 208 78 147 301 96 6 46 116 24 4 303 194 295 80 115 25 289 138 1 285 255 192 154 130 314 44 17 309 186 69 104 212 310 321 319 57 254 280 7 42 110 240 174 28 136 184 228 284 90 265 38 240 219 148 1 149 66 243 284 216 192 93 24 251 126 217 26 10 184 59 168 188 29 66 111 321 83 1 306 28 301 276 97 145 161 280 339 317 271 72 110 247 326 294 95 6 55 138 296 42 214 176 231 122 210 327 213 33 251 89 264 263 195 271 248 130 224 22 122 339 31 244 9 128 200 44 247 247 103 91 22 83 185 331 207 301 156 265 173 59 210 3 156 273 85 120 153 335 201 300 239 166 311 192 95 64 288 40 22 79 249 39 334 195 112 282 29 1 110 157 108 212 60
231 236 19 156 305 100 161 271 199 336 210 37 166 320 84 45 154 18 21 128 27 7 86 277 261 79 179 178 305 152 114 297 190 111 4 300 105 278 148 151 326 210 142 210 214 86 16 120 35 189 165 271 201 100 262 2 276 101 242 113 48 140 18 121 105 233 63 265 261 150 155 239 233 23 234 270 188 11 232 280 48 217 15 123 225 126 210 163 214 98 300 327 63 163 83 263 163 42 158 203 307 311 13 65 247 53 66 90 311 9 152 209 84 219 18 101 71 227 162 306 145 246 17 98 216 227 270 225 168 127 153 92 215 324 306 230 49 41 223 53 14 293 74 273 62 165 40 332 157 66 213 22 165 300 48 4 281 35 288 99 243 192 32 70 259 283 10 87 17 207 267 135 231 202 329 301 148 51 30 316 182 29 147 217 122 127 103 98 100 80 321 286 298 179 252 24 289 52 287 177 98 18 230 321 221 26 295 44 212 226 284 319 61 155 114 206 264 286 42 58 46 8 298 270 47 231 9 41 243 223 252 203 89 65 12 150 302 289 326 18 144 193 147 288 84 68 109 127 214 334 338 44 314 290 142 98 288 201 96 62 180 192 137 67 325 91 271 241 225 186 265 196 185 244 242 227 336 129 325 66 197 257 321 47 203 323 205 201 257 250 222 286 197 151 280 139 252 31 4 64 308 320 323 257 273 164 121 194 95 326 51 271 100 305 167 318 102 203 41 31 107 51 113 144 84 270 258 302 22 171 54 167 224 65 292 32 286 176 226 259
139 251 309 168 265 264 232 11 76 225 282 149 63 200 112 331 131 174 319 263 257 259 263 226 129 93 286 135 208 91 282 251 31 215 108 127 334 96 149 219 57 92 221 5 249 122 300 288 188 145 84 14 90 128 88 128 319 294 70 25 222 14 126 46 317 118 255 280 310 287 310 275 72 118 305 25 102 42 259 221 105 190 318 328 326 324 205 296 330 104 333 122 300 126 82 131 102 177 217 282 333 183 19 85 258 184 280 278 320 85 80 135 284 108 241 78 70 108 13 125 276 109 185 107 131 18 178 93 108 318 217 88 320 34 236 133 8 196 101 67 4 329 298 335 81 187 36 174 288 124 61 93 269 309 225 139 71 269 287 136 182 106 191 125 11 46 27 209 9 158 156 276 192 84 147 33 181 37 95 169 189 201 167 166 153 75 252 216 218 272 251 23 69 98 222 58 130 125 232 129 294 320 293 52 333 318 166 164 258 148 264 165 71 156 304 271 28 161 295 145 291 63 135 72 183 53 105 166 79 137 109 114 83 82 202 226 28 47 216 24 101 250 115 191 36 10 292 39 326 292 59 286 66 81 292 55 55 275 249 274 141 333 203 115 131 226 82 22 174 134 7 291 313 89 27 49 175 36 315 216 232 99 206 269 340 9 110 147 48 273 20 140 182 70 321 80 224 114 122 86 260 5 117 23 186 87 310 166 173 148 74 93 26 184 190 290 168 52 95 283 167 106 200 285 85 330 232 263 211 190 299 223 17 126 141 296 320 326 174 198
336 176 95 206 78 321 139 188 100 286 178 214 249 98 166 179 143 1 192 37 25 162 92 19 309 273 228 143 254 254 244 76 318 160 177 40 121 304 79 56 251 18 133 228 110 159 31 308 66 266 312 22 281 138 186 6 76 131 191 186 199 231 166 115 52 249 283 192 284 16 282 6 187 80 199 76 159 107 140 26 38 260 140 279 226 257 117 145 174 159 336 15 222 315 259 56 59 323 285 195 319 224 298 295 334 20 220 78 88 307 82 273 187 113 251 261 186 293 5 271 125 131 96 328 290 134 313 69 330 332 322 324 241 49 284 118 340 256 259 252 307 202 331 330 172 161 297 270 59 246 247 22 286 315 56 236 305 106 55 231 287 284 136 245 234 269 276 230 109 250 207 291 65 204 183 84 8 263 29 269 135 308 167 209 253 24 278 17 337 186 156 298 294 106 148 197 129 157 136 217 248 202 285 170 11 212 187 74 253 331 26 214 26 210 260 219 45 3 99 96 44 288 292 267 238 321 215 9 252 134 197 6 33 21 337 30 228 92 95 135 118 54 50 297 53 122 39 252 323 292 209 117 108 74 99 220 334 86 213 14 117 279 271 260 285 171 338 34 141 206 234 189 255 276 153 192 337 207 282 125 70 123 181 139 172 204 1 24 205 4 311 282 41 221 244 317 123 199 184 261 92 295 187 299 295 128 217 164 219 24 128 95 28 290 111 206 109 240 187 154 78 246 244 310 338 100 135 155 256 182 297 181 147 188 85 291 295 265 76 71
22 101 123 235 77 147 140 182 326 5 66 57 319 262 66 215 321 124 203 214 207 55 305 246 294 106 211 223 48 276 89 59 255 302 31 220 46 148 255 61 313 228 323 273 172 311 304 156 225 278 68 19 46 292 62 186 300 110 86 306 204 85 148 40 110 136 238 139 115 172 209 14 8 129 228 5 16 143 242 297 232 339 300 214 306 14 330 102 94 253 335 270 10 236 222 184 156 37 200 152 121 19 103 15 97 194 161 61 8 196 78 74 150 259 111 311 166 135 220 204 246 245 158 264 127 247 74 8 286 307 117 260 191 109 11 68 147 175 73 69 89 121 145 188 170 100 246 24 150 289 52 76 161 337 204 66 80 332 333 102 76 51 190 292 286 105 318 115 243 273 106 276 272 151 331 216 226 61 103 206 232 99 13 207 290 170 150 319 237 47 23 205 98 232 301 330 253 339 232 102 129 274 82 184 324 49 9 75 24 141 125 249 141 41 201 262 209 35 82 121 208 225 144 289 326 114 55 34 285 319 287 45 138 152 102 218 233 211 210 303 27 269 138 317 2 273 282 55 271 194 83 74 61 84 323 272 154 271 119 171 106 195 165 117 23 278 3 319 224 68 281 293 326 313 316 199 328 101 141 257 244 274 307 152 273 84 192 127 183 265 287 286 291 62 120 245 140 258 162 84 80 128 254 324 22 328 300 166 306 228 156 243 338 199 36 324 82 78 221 272 163 314 191 10 146 32 111 312 231 96 61 234 13 340 336 321 339 181 222 295
37 122 178 261 196 317 300 319 108 240 98 293 281 165 13 243 81 140 316 321 219 57 302 235 268 58 68 44 92 167 96 17 329 83 116 253 226 274 110 44 197 116 155 246 148 250 158 220 331 177 99 130 249 195 127 219 207 260 70 182 279 109 286 51 150 154 218 122 85 224 30 120 34 206 25 79 27 268 300 137 19 88 328 230 154 133 212 276 110 43 103 247 330 160 320 243 301 190 155 293 100 22 78 232 100 20 317 239 16 48 168 56 249 76 315 146 60 78 275 335 291 328 8 88 40 309 107 299 57 330 69 258 273 193 86 232 281 12 147 75 285 287 221 173 237 305 231 253 67 62 201 180 336 70 229 311 67 64 102 132 231 319 140 317 67 268 299 127 78 75 253 147 298 215 226 304 154 327 172 283 152 210 337 78 62 1 24 50 174 33 301 278 302 79 261 86 244 128 38 236 280 207 127 311 117 48 32 266 277 187 284 6 59 44 117 215 64 5 79 185 65 122 292 330 255 310 186 327 224 306 5 332 100 307 56 298 150 281 233 163 209 229 95 147 163 305 161 339 271 110 36 333 263 179 147 56 258 163 133 126 270 224 69 54 125 247 58 180 126 180 199 244 299 2 67 263 61 239 33 11 34 290 188 101 306 196 195 40 26 168 185 218 176 72 298 85 164 99 14 153 324 118 268 61 144 224 130 33 26 42 283 317 114 80 75 208 256 125 175 40 152 224 173 97 338 208 324 178 72 135 74 333 284 319 277 93 1 195 130 23
340 261 123 1 43 42 168 87 197 230 101 288 190 271 245 43 296 327 134 194 94 69 295 34 324 59 79 228 196 160 323 214 41 155 288 27 43 170 58 301 217 338 305 297 268 326 289 139 197 314 259 151 296 185 248 39 131 80 266 100 152 235 7 143 292 331 213 280 239 150 172 323 139 201 112 68 291 266 22 141 306 160 253 34 64 97 163 170 237 122 168 235 335 154 291 50 138 291 47 137 49 103 324 275 115 137 119 196 40 11 88 128 39 228 188 66 183 190 102 272 51 244 272 68 190 321 216 159 293 78 42 57 107 175 12 79 105 252 205 155 69 324 43 239 80 200 81 255 59 303 149 131 2 90 242 40 34 290 244 198 325 338 311 122 129 107 242 251 221 229 236 17 256 17 24 316 167 295 178 231 269 144 143 62 247 211 95 211 14 322 38 263 163 84 53 237 93 223 53 216 214 236 127 107 45 28 271 335 135 106 18 6 44 146 222 320 114 187 117 241 251 289 141 160 243 152 17 22 319 272 246 5 165 150 244 309 55 261 102 178 294 169 51 192 294 191 266 328 55 163 133 311 212 92 54 320 307 6 326 278 182 53 161 49 327 272 54 114 257 145 298 83 183 200 314 338 231 265 127 2 203 337 212 140 87 315 214 281 47 130 191 73 137 191 46 243 200 53 314 269 289 203 263 109 60 307 36 212 184 146 151 12 42 180 173 186 143 325 149 19 63 33 126 153 64 17 270 144 89 56 321 168 123 258 268 210 218 215 258 334
270 326 22 168 200 334 154 266 121 269 299 324 160 67 108 317 29 52 310 88 159 264 133 21 90 184 315 111 306 326 175 241 140 127 193 229 230 109 153 79 165 261 9 93 172 85 196 326 177 134 95 266 253 59 8 263 303 121 303 299 302 27 283 288 261 296 307 327 247 278 86 265 336 98 218 289 295 274 305 171 161 241 294 248 101 169 49 39 287 335 15 103 269 202 8 302 150 295 322 112 316 223 33 216 307 94 243 100 98 219 279 201 164 230 184 256 127 149 19 110 155 259 87 338 268 251 119 79 75 69 24 277 76 82 240 30 286 40 160 186 9 94 222 223 154 70 11 173 13 28 21 275 169 257 24 156 335 30 214 240 54 172 275 156 258 236 38 142 35 243 84 188 253 288 265 338 120 292 290 268 121 213 223 128 289 317 1 100 292 36 223 130 46 244 322 125 326 22 51 270 124 111 278 188 111 236 285 119 127 110 271 311 199 50 180 335 116 40 93 338 86 283 158 36 22 121 284 173 198 193 116 246 41 143 261 88 222 188 50 21 322 165 261 37 202 193 209 111 229 256 329 196 301 61 229 23 3 311 212 280 233 305 157 272 105 230 321 5 147 48 293 319 307 23 340 336 30 62 35 113 136 317 252 289 270 300 72 209 112 190 69 13 315 77 6 53 194 214 282 274 48 258 318 3 190 202 19 208 54 7 86 164 77 335 305 258 167 329 309 74 217 120 71 181 214 283 7 90 58 173 155 293 217 111 98 221 18 42 190 327
190 194 239 192 332 35 233 20 305 90 304 122 7 70 322 157 77 199 176 245 209 218 179 212 281 333 225 194 49 314 339 303 133 87 206 235 332 209 302 278 124 77 222 249 135 154 236 149 186 261 276 5 263 248 76 100 247 6 91 216 96 76 257 234 260 149 222 15 330 75 220 137 34 56 38 2 303 76 119 28 92 272 313 56 43 14 17 314 29 327 294 54 175 79 304 213 157 334 198 90 315 13 72 61 135 249 323 63 5 281 287 248 128 305 239 191 159 157 215 102 55 88 216 52 337 121 14 290 146 278 175 262 282 22 299 191 209 69 259 215 307 214 287 59 253 12 257 31 42 205 223 326 210 16 205 9 33 27 120 124 82 326 312 285 61 186 305 69 171 25 124 231 99 75 181 283 295 147 323 287 23 311 131 61 333 159 265 113 302 175 332 5 264 25 337 96 165 42 268 65 95 102 175 276 177 332 321 180 238 59 215 105 118 160 75 22 275 238 322 129 209 196 223 65 238 165 114 34 304 12 50 75 220 156 60 209 64 335 150 270 48 73 208 314 244 219 72 130 275 213 75 190 61 109 66 288 154 300 319 244 174 268 328 210 296 38 100 90 38 248 264 106 336 233 56 9 192 85 229 91 293 176 235 280 199 286 137 266 122 242 141 249 105 26 92 130 240 185 281 37 135 293 121 271 231 117 236 17 310 252 224 64 142 317 336 318 222 35 212 215 95 54 332 53 65 162 308 192 322 339 190 3 279 29 98 195 220 238 308 184
330 268 18 305 313 142 326 264 221 39 190 215 6 60 130 158 312 132 173 242 72 202 14 203 147 129 221 152 210 292 102 142 230 228 49 245 156 217 161 250 120 322 177 190 318 166 54 268 210 167 38 240 304 85 271 299 243 206 266 262 290 226 35 59 43 280 118 88 141 48 35 15 234 319 295 69 3 3 106 274 133 281 73 297 279 147 68 44 75 239 120 213 301 205 161 100 248 279 239 272 219 158 174 299 67 262 260 35 158 157 27 213 67 233 118 210 324 262 194 56 314 207 298 19 298 30 65 50 92 266 242 235 181 69 216 60 51 111 123 4 6 65 182 134 221 126 266 226 199 143 142 271 339 299 178 336 45 31 101 203 158 77 172 317 189 251 302 10 313 274 334 338 69 289 127 228 307 270 58 316 173 305 240 139 333 91 152 37 179 149 172 236 289 277 257 14 124 239 152 37 296 57 284 285 237 66 177 51 57 318 234 21 170 29 134 76 49 60 318 240 33 35 86 131 288 9 256 9 332 318 325 229 309 39 196 156 330 119 223 337 96 86 271 318 337 32 272 257 114 25 105 178 334 118 176 320 328 224 104 228 284 335 284 42 20 150 126 25 261 225 206 148 43 40 79 177 31 44 100 101 200 335 185 324 115 113 105 173 189 187 141 10 180 325 313 144 174 152 168 238 160 30 147 223 148 75 61 274 248 223 109 60 129 143 297 169 120 202 246 303 280 238 56 235 70 95 67 23 225 133 2 284 299 85 54 280 163 205 294 200
316 334 59 104 97 134 128 310 73 11 81 128 260 269 68 84 250 67 102 41 12 122 130 261 180 103 190 161 255 292 314 21 107 314 184 236 104 198 33 194 12 258 186 128 27 220 18 92 22 1 6 68 52 336 159 132 257 328 59 18 28 259 168 34 153 165 39 83 71 200 284 3 154 230 76 307 192 230 40 183 52 76 42 267 66 38 146 180 312 80 74 62 126 72 62 69 199 63 297 195 198 172 67 248 99 340 281 244 33 48 330 275 43 300 200 241 339 25 234 116 236 268 153 266 218 2 27 59 24 206 27 27 200 32 154 153 325 77 314 270 283 140 281 306 88 201 64 209 45 30 213 177 289 317 107 189 53 335 119 335 103 154 280 48 212 319 232 42 155 65 139 199 315 26 171 329 239 214 156 5 243 309 141 251 280 338 329 331 139 331 291 148 97 226 97 256 162 301 9 320 11 172 6 173 226 184 207 96 116 231 91 58 339 239 104 285 293 27 2 149 279 266 132 92 339 50 55 227 295 127 63 209 159 233 19 276 58 151 24 102 238 241 159 200 211 22 276 26 137 332 49 74 113 45 237 1 254 317 18 8 107 31 22 27 171 258 221 122 58 308 62 318 34 45 26 47 207 17 205 98 241 248 13 32 74 250 151 326 47 22 116 119 38 39 264 202 281 220 288 181 249 36 38 246 90 190 116 335 307 275 66 194 9 262 38 169 132 30 100 210 102 220 109 235 138 153 238 131 123 99 322 211 272 200 235 77 218 304 217 213
105 125 205 315 23 278 232 273 214 36 271 78 208 280 335 307 74 225 10 229 233 207 263 56 278 77 98 64 247 154 304 310 287 333 127 70 70 188 30 181 183 178 256 165 84 17 41 140 42 65 178 63 79 163 168 301 238 219 262 327 306 326 76 61 80 135 272 232 157 306 308 126 172 93 126 18 307 328 34 45 239 247 97 254 109 251 127 10 295 7 239 337 52 182 124 52 106 42 220 224 88 138 106 170 310 239 188 284 14 285 251 218 174 65 196 59 187 202 62 298 266 185 308 301 118 202 95 291 110 246 122 1 103 101 106 297 220 285 67 130 230 211 225 67 229 48 101 22 174 235 205 5 149 21 67 100 276 170 97 310 7 336 317 307 184 8 202 295 6 231 22 308 170 274 176 122 287 262 249 289 50 156 314 61 244 26 224 43 200 333 70 152 296 303 104 339 71 43 200 70 140 43 8 88 222 139 182 32 246 134 215 129 277 118 321 322 59 119 124 136 276 105 275 152 297 332 299 327 110 155 169 310 244 239 309 134 289 176 53 211 259 85 175 183 241 17 325 303 105 25 239 79 17 67 2 27 268 309 35 139 191 135 289 336 177 66 302 36 220 274 126 5 42 185 264 281 110 280 265 173 175 299 312 140 264 206 7 305 73 84 114 247 231 281 18 330 195 299 101 76 299 146 311 188 175 177 41 291 146 167 313 68 294 212 235 103 211 68 253 24 123 200 57 104 103 199 71 299 233 105 147 138 181 78 198 126 126 265 120 16
186 1 143 328 339 293 89 191 203 271 245 262 18 87 179 247 317 17 203 236 33 199 41 90 201 253 266 268 153 157 68 19 48 243 138 106 88 172 254 276 225 83 70 223 166 223 93 291 327 133 206 64 327 265 51 144 208 289 53 54 87 241 282 303 131 97 97 51 159 220 333 303 63 16 235 290 301 119 133 153 75 264 237 209 304 222 204 239 57 179 35 155 77 162 55 309 183 53 185 271 211 296 33 161 319 108 104 40 140 169 107 329 227 202 288 199 73 88 52 73 242 36 217 181 113 117 307 249 154 187 152 134 320 4 337 208 61 260 182 208 63 278 286 332 220 253 62 204 264 21 219 286 138 217 271 273 317 93 14 62 213 173 111 149 251 339 102 198 146 180 234 313 119 129 331 241 311 4 293 44 274 92 116 92 327 225 75 286 323 297 241 255 213 74 273 5 286 307 148 114 152 109 41 181 135 144 95 103 200 232 200 157 242 17 5 305 214 284 202 203 277 197 196 222 63 70 255 192 60 201 169 114 315 156 15 83 135 192 158 128 245 112 178 149 116 243 48 39 314 285 199 251 27 47 326 320 221 19 145 232 240 79 309 340 293 151 193 329 40 251 252 298 296 119 95 186 14 317 299 18 44 34 122 231 326 189 252 108 109 201 183 127 25 232 297 37 160 39 151 6 93 229 202 332 127 14 39 233 42 213 318 143 158 332 167 309 6 149 257 309 166 95 176 102 39 186 241 168 47 82 170 124 166 119 317 51 133 78 180 91
314 91 340 191 127 203 314 200 260 47 272 167 277 172 47 300 268 249 267 109 273 260 120 148 229 76 236 219 299 28 101 32 163 225 44 172 158 185 163 257 35 47 165 150 210 208 237 194 262 76 305 95 135 111 280 67 274 13 165 124 296 272 34 261 328 254 127 285 117 56 118 185 252 301 154 48 22 188 314 280 203 88 142 334 200 37 120 117 12 62 304 257 104 224 184 275 259 74 218 258 78 264 322 75 50 331 9 83 175 285 104 37 147 1 132 22 61 334 265 257 315 215 125 127 35 62 137 209 107 30 11 88 120 279 310 80 192 141 192 132 53 235 296 8 109 240 145 115 240 25 324 339 323 50 187 130 164 308 140 336 312 142 77 219 206 92 151 159 242 315 192 193 11 262 320 102 296 150 311 206 226 160 234 309 220 160 286 184 260 192 49 166 302 7 244 189 55 69 119 73 226 116 76 254 142 97 112 218 75 217 206 225 220 316 200 326 33 256 143 76 275 228 26 26 270 170 172 227 117 109 29 162 154 269 168 19 285 157 188 120 99 219 30 110 211 56 25 217 92 259 221 65 84 321 3 228 24 74 101 286 319 200 238 29 261 40 199 280 297 116 333 117 168 245 215 172 75 137 49 203 105 45 188 95 246 13 62 97 122 271 72 180 320 86 90 291 183 251 80 146 271 177 335 324 136 140 338 181 280 151 24 188 95 210 203 208 63 340 167 255 7 262 191 286 87 216 202 327 24 126 332 165 72 265 144 15 310 165 9 5
264 34 308 96 222 308 236 18 53 295 119 86 15 165 302 87 145 305 267 205 272 91 158 169 134 213 106 190 13 240 121 239 71 304 132 181 1 282 4 87 100 130 99 128 161 297 23 301 115 132 127 223 120 155 151 49 52 2 141 282 182 90 56 208 235 198 14 71 50 259 61 195 124 141 267 124 324 276 28 175 29 84 161 151 317 164 234 25 281 201 238 22 90 75 97 282 240 55 173 254 304 181 120 332 168 240 156 332 61 110 190 187 264 171 306 247 214 59 180 117 252 84 68 142 176 257 183 279 334 130 193 71 248 265 104 73 163 231 219 14 155 312 191 40 240 199 54 104 123 141 170 129 284 132 63 138 218 306 198 181 258 238 55 183 111 91 58 101 38 331 92 49 153 178 149 278 42 311 141 249 220 164 333 84 60 33 179 87 173 185 177 293 113 79 47 98 337 161 194 333 157 81 158 310 27 120 292 253 6 228 69 125 266 229 27 282 291 180 294 16 96 24 11 81 57 172 275 327 211 20 48 236 21 26 266 145 189 232 258 37 185 168 171 279 61 97 86 5 12 188 190 287 12 190 45 310 293 33 266 137 152 221 214 289 259 115 129 307 272 127 188 104 30 325 149 125 145 198 80 192 215 64 68 176 142 81 328 300 254 131 64 91 224 109 277 55 14 137 231 111 170 9 170 26 252 278 183 331 279 151 2 151 102 171 280 176 245 13 152 338 256 146 278 309 125 8 251 244 70 70 143 298 338 259 160 3 40 104 55 152
286 36 170 79 265 246 266 297 317 195 90 340 117 218 268 273 279 103 153 122 36 57 289 116 67 12 6 316 38 106 291 60 29 219 108 244 133 243 286 31 194 221 147 286 290 63 44 36 244 269 40 260 197 114 298 250 87 330 111 218 154 327 48 124 314 237 237 205 335 78 55 169 144 260 141 48 8 68 18 13 190 274 133 71 207 311 131 276 266 195 21 320 48 6 22 125 224 124 200 105 113 261 210 260 243 44 296 284 110 7 125 271 280 35 76 258 22 145 195 14 219 57 217 217 44 268 101 314 39 322 116 72 64 289 104 67 107 179 171 251 309 145 320 321 246 116 140 331 332 338 11 172 303 99 49 190 114 313 51 25 282 165 110 212 198 191 81 268 222 239 154 99 67 27 337 129 279 21 72 207 128 232 181 24 185 168 14 171 14 304 59 335 321 336 284 285 145 325 223 208 302 74 337 269 92 183 164 60 29 116 41 195 24 66 198 30 262 70 161 47 278 30 32 4 142 335 297 146 48 334 57 205 81 9 117 332 183 93 123 55 208 183 86 172 256 46 330 166 180 261 84 329 269 86 59 123 146 339 51 122 69 238 118 222 278 126 45 255 283 94 20 150 37 227 246 268 314 196 305 191 216 145 4 279 220 217 37 22 177 328 34 301 8 299 104 211 62 301 272 67 228 80 319 48 101 250 226 266 288 88 219 87 295 322 135 122 188 12 110 280 50 24 75 295 274 190 194 223 337 129 171 35 114 226 21 194 269 240 149 206
147 62 13 240 161 112 303 233 142 128 1 217 128 4 103 42 58 216 280 216 325 184 330 70 145 21 181 30 51 159 166 225 134 57 13 254 24 212 221 311 26 72 88 322 78 155 174 30 98 252 60 150 220 62 79 210 171 305 288 179 309 215 58 14 323 43 122 86 293 183 9 61 314 91 114 181 104 57 87 129 144 77 300 40 253 90 234 161 337 40 177 74 210 250 119 158 225 12 74 161 129 299 234 74 76 304 159 228 131 110 175 65 268 328 195 282 253 68 1 50 207 95 261 329 9 331 241 85 50 202 24 261 271 319 100 97 265 160 127 70 304 63 215 252 276 86 23 182 77 281 151 83 239 63 52 153 338 295 94 292 194 123 100 52 26 287 322 118 107 319 324 310 179 28 54 336 19 68 189 50 97 304 335 140 221 183 259 248 98 151 299 98 96 200 4 90 17 56 151 152 293 233 222 52 258 190 76 72 182 289 278 173 36 61 117 2 328 208 205 296 259 45 80 233 197 79 45 310 147 187 76 8 135 114 244 294 146 128 190 67 96 175 300 235 136 327 182 242 136 175 129 231 10 329 93 139 24 202 49 162 195 300 94 4 160 206 221 274 137 227 133 9 241 111 339 251 276 182 120 289 257 156 155 32 163 220 242 24 48 169 279 237 114 242 170 328 8 133 323 27 79 128 176 323 72 155 297 79 287 284 9 103 132 134 83 129 323 229 284 204 173 246 42 106 312 219 37 335 328 134 268 339 297 242 23 272 193 125 202 53
279 83 147 14 63 284 182 151 105 117 315 234 182 56 174 111 172 32 4 236 181 90 300 294 146 289 302 52 89 195 322 291 50 200 179 98 18 288 176 41 258 245 312 154 145 68 86 171 268 193 185 260 137 301 246 97 240 173 242 304 278 6 239 304 128 243 166 98 35 257 205 47 105 277 97 274 282 108 335 161 325 6 240 38 240 157 177 8 267 13 134 308 273 283 227 143 220 8 51 219 159 48 320 174 156 136 44 325 193 153 41 2 77 272 44 170 141 268 24 196 46 282 262 165 299 127 277 138 263 314 306 7 189 193 111 80 195 104 303 51 208 328 277 6 25 37 53 279 167 123 104 132 190 298 84 236 229 259 175 105 247 149 79 239 66 173 17 110 241 41 249 2 168 61 189 273 63 104 39 205 327 38 195 153 120 14 286 43 136 306 141 152 298 59 20 294 322 48 308 85 269 149 110 218 242 210 136 166 8 162 199 110 156 73 302 8 111 214 92 35 93 124 214 159 34 90 252 288 239 326 104 52 270 98 171 142 149 332 41 224 46 60 299 99 222 323 203 243 166 69 247 314 49 209 317 161 311 139 229 288 142 298 319 236 274 31 28 10 153 265 231 71 271 28 83 166 338 257 269 75 39 215 240 105 335 10 226 234 259 337 38 314 306 252 129 216 337 285 209 214 229 323 139 123 176 86 57 120 141 317 31 19 101 328 227 147 38 145 305 7 106 227 35 321 286 215 314 210 230 120 55 193 66 114 269 88 3 64 254 155
179 12 144 151 258 119 174 326 82 82 335 194 262 186 253 199 63 332 77 13 104 257 294 222 284 215 24 247 30 280 138 234 161 261 183 88 277 134 306 273 60 335 52 339 97 316 36 181 44 74 126 221 270 6 229 139 197 240 272 158 90 36 322 228 325 98 298 323 14 307 237 94 119 210 180 6 127 113 290 50 140 99 159 327 58 79 70 274 151 286 327 9 229 160 112 207 18 225 182 311 131 125 193 118 181 331 89 161 286 51 157 112 114 282 119 237 103 68 172 11 334 249 15 320 127 309 255 261 214 217 319 223 173 156 170 92 196 16 193 220 136 213 38 199 287 314 185 285 199 310 30 183 138 165 190 18 240 40 114 259 174 25 188 84 113 268 131 316 289 8 222 330 150 17 54 107 333 338 44 222 181 300 314 97 40 237 148 177 316 84 45 278 142 307 210 4 332 218 260 194 263 97 31 143 274 332 226 81 26 189 137 316 316 57 50 210 168 14 136 279 29 331 320 223 73 43 223 3 38 283 88 107 97 251 54 259 329 231 259 173 127 276 157 44 27 191 191 74 237 40 98 38 154 99 277 297 332 118 190 164 330 122 196 180 137 242 326 171 176 71 41 250 50 187 256 119 305 294 106 118 63 107 51 174 188 74 182 89 269 281 55 197 209 75 100 257 74 228 199 10 105 263 334 98 251 260 327 243 295 245 314 210 234 171 200 256 79 162 118 248 207 242 330 136 238 161 125 324 204 196 322 86 25 105 33 339 89 242 332 14
60 317 227 164 137 201 1 83 46 188 77 190 291 300 76 191 281 201 194 2 257 77 116 135 249 112 161 18 240 320 208 229 177 117 17 281 42 263 88 10 333 39 65 49 38 119 118 34 28 309 261 83 287 272 320 310 261 148 250 207 231 202 242 172 296 195 37 310 45 102 208 219 234 15 238 253 13 71 34 58 105 149 309 136 332 68 172 107 336 90 35 152 328 8 78 199 122 179 160 283 311 177 99 273 19 198 229 33 183 126 154 128 3 73 187 331 237 8 73 207 243 255 330 186 179 328 7 251 21 217 67 316 171 40 220 190 260 130 257 194 296 180 135 275 103 115 36 86 11 61 289 150 27 133 158 195 319 157 171 13 1 312 208 99 257 9 76 57 105 127 123 74 174 306 308 160 177 145 182 254 229 147 183 152 18 27 64 89 57 193 79 79 259 19 243 208 299 105 154 322 233 51 8 41 311 258 79 41 33 13 253 47 192 170 182 279 155 188 317 83 163 305 148 221 64 36 50 2 270 91 84 4 194 296 287 28 56 340 173 63 134 36 317 237 36 183 53 224 193 53 61 91 326 192 281 136 216 279 231 340 60 77 236 307 211 36 35 144 285 261 1 67 52 81 129 220 82 167 183 50 78 186 192 254 289 80 228 196 1 4 323 128 328 24 286 101 275 88 247 24 280 179 228 158 285 113 62 310 23 9 33 243 278 318 32 118 198 52 299 268 290 95 217 131 323 150 58 198 77 269 28 326 183 310 58 249 267 13 285 288
318 162 227 16 295 245 113 282 94 6 136 332 160 77 295 296 163 227 64 91 34 44 235 133 313 222 131 14 82 256 340 151 248 186 337 191 129 212 75 196 91 49 276 333 47 55 298 169 181 16 216 329 214 120 131 186 330 329 291 23 117 325 82 16 293 102 156 302 161 46 323 132 280 66 12 235 228 246 98 160 295 276 282 291 169 114 199 82 207 132 50 308 30 103 314 273 136 201 120 141 173 300 235 164 279 66 81 59 192 164 71 181 160 223 159 6 267 1 144 25 220 217 133 229 215 305 220 26 74 332 220 339 102 200 228 96 298 86 207 30 168 213 196 142 149 228 303 236 178 33 314 290 208 142 197 47 217 222 252 37 184 115 166 128 90 180 316 143 130 97 330 234 152 221 175 258 50 28 83 112 186 266 48 308 45 197 255 232 297 84 325 2 278 136 181 235 224 329 155 249 204 2 214 63 309 17 75 203 255 86 64 119 330 292 290 47 310 168 310 267 275 215 23 128 137 136 106 133 65 213 214 4 338 34 340 33 113 207 299 233 337 315 215 169 82 304 53 303 31 255 113 44 93 73 319 269 64 132 68 13 40 300 283 125 78 80 160 318 17 141 64 167 270 310 278 97 119 188 234 294 85 6 170 200 293 188 235 99 261 159 264 33 267 221 91 302 324 244 256 282 2 241 224 115 310 132 14 240 35 11 142 264 252 213 117 239 246 241 264 196 231 22 74 138 197 108 76 265 327 328 183 24 3 288 199 223 320 307 240 280
129 146 332 330 268 123 333 50 178 89 310 260 201 169 162 174 151 116 170 309 54 193 166 168 305 264 313 33 28 269 330 113 127 136 48 250 267 282 124 143 56 28 132 92 83 180 86 158 144 61 201 326 203 69 28 164 83 310 337 121 257 78 289 304 130 339 284 178 294 91 83 209 106 306 161 81 165 64 120 38 59 79 316 133 312 221 271 299 160 71 311 317 68 135 103 202 25 81 43 34 48 268 276 327 23 129 112 318 66 340 130 50 4 189 27 230 46 218 24 235 253 309 106 333 98 285 276 127 330 27 105 4 54 240 28 30 168 29 203 160 266 25 235 230 18 244 123 152 198 254 250 140 33 47 11 87 79 103 40 222 23 198 254 320 37 176 288 183 106 178 70 83 199 90 266 179 37 155 255 112 337 253 36 77 71 121 331 91 243 83 319 235 173 311 281 50 103 44 122 8 96 69 287 208 92 339 125 185 65 196 107 184 95 132 100 91 172 293 332 32 16 104 169 77 237 209 63 97 75 1 18 148 191 177 200 214 95 70 13 270 83 293 49 235 3 240 11 86 173 67 276 307 288 11 317 73 305 148 158 146 137 285 323 100 31 96 283 205 75 116 137 316 15 314 68 183 139 82 23 218 221 209 231 88 53 128 333 193 131 105 184 209 15 288 265 309 179 16 15 48 152 232 135 222 5 138 285 247 142 339 206 238 154 140 303 134 226 1 315 321 229 135 39 233 130 42 130 17 308 204 320 42 300 278 104 30 70 84 19 45
278 184 192 281 283 76 185 12 333 115 133 305 332 317 257 25 182 37 224 181 37 225 261 191 56 182 127 147 46 137 335 100 331 12 74 316 213 293 331 84 191 336 108 87 334 128 225 138 248 147 114 253 53 144 313 28 59 23 55 262 336 293 149 162 195 57 146 157 226 87 319 48 310 188 301 33 38 183 331 214 137 221 249 282 195 86 256 25 31 228 114 213 138 281 99 60 269 36 18 160 85 110 29 74 141 278 323 136 239 109 77 286 53 26 137 123 158 151 55 193 244 302 150 209 17 90 51 130 138 297 282 250 225 279 136 92 152 235 273 66 280 188 302 129 55 159 286 121 287 154 135 81 133 293 79 22 291 2 294 44 340 210 68 89 334 2 127 303 135 295 229 236 44 139 146 165 134 290 42 95 20 2 61 79 19 45 161 211 21 241 75 290 138 133 199 15 35 9 88 167 164 255 178 233 180 266 98 183 197 315 58 17 55 81 160 263 193 87 222 322 24 128 124 297 231 133 73 191 57 184 106 204 192 67 181 284 8 191 211 187 231 312 160 22 233 29 263 289 273 200 213 316 207 161 85 335 294 213 124 86 267 7 255 44 129 39 208 233 309 316 226 82 336 63 62 233 120 16 84 91 100 251 151 242 2 129 5 285 127 334 1 253 231 219 234 237 56 50 106 37 330 135 244 189 175 273 115 21 148 246 96 157 132 128 266 174 306 65 76 194 84 241 46 318 240 116 15 161 301 49 151 128 330 100 312 25 56 164 17 11
31 262 107 25 109 234 279 269 287 71 81 286 221 65 336 40 159 184 267 249 310 59 22 296 296 79 290 252 111 160 46 319 274 326 52 177 194 133 158 142 143 35 243 4 86 312 74 288 157 296 302 264 143 224 265 48 331 152 135 41 276 77 217 62 94 68 204 274 32 13 122 263 162 42 53 271 152 116 30 60 45 77 69 113 56 184 81 203 159 35 127 214 205 208 230 44 140 174 178 73 293 267 84 194 173 28 133 104 196 304 319 236 159 121 257 66 196 296 309 270 3 119 208 114 239 313 250 83 146 338 116 114 324 294 125 88 319 12 261 101 116 48 115 157 197 231 19 139 53 22 90 208 99 288 63 323 112 284 283 229 41 34 299 138 64 60 110 295 165 14 115 301 317 146 161 325 78 163 78 226 308 328 256 136 1 241 103 57 305 155 192 69 205 190 185 283 332 307 291 6 316 15 216 237 84 20 221 69 292 289 315 324 80 211 146 38 153 254 173 8 143 14 205 305 112 333 283 85 287 37 327 316 126 334 213 268 327 248 45 26 82 62 25 44 245 17 224 90 184 292 235 285 331 319 12 290 318 154 9 333 98 109 173 277 337 294 191 243 332 37 329 308 301 86 226 229 96 30 73 298 211 321 127 33 232 145 125 160 308 120 130 316 264 228 187 276 272 200 169 51 189 154 264 67 121 136 15 95 81 126 307 203 229 242 207 243 153 215 172 190 322 97 131 149 95 99 184 257 19 339 114 288 56 18 289 37 248 259 74 143
204 19 302 57 71 146 135 145 206 262 233 102 158 233 66 333 117 199 184 312 300 35 27 314 122 305 241 153 79 243 284 89 101 240 309 228 292 73 219 315 227 300 165 93 268 257 184 157 28 117 204 123 98 300 94 212 333 305 289 171 311 256 31 70 325 98 207 159 324 169 47 257 303 155 334 200 186 176 172 125 26 219 267 251 4 132 234 276 259 87 311 315 25 232 281 260 213 228 192 317 13 283 144 81 228 127 186 168 40 241 9 159 113 13 275 248 287 50 113 221 172 90 3 177 91 145 76 57 67 335 148 323 317 174 63 4 157 131 221 112 240 94 141 79 124 52 312 40 29 34 53 246 26 293 212 190 37 231 176 113 64 76 216 136 335 296 277 126 33 168 263 53 115 131 51 47 53 299 40 166 284 226 30 219 174 133 30 199 206 328 308 196 29 97 40 30 314 310 259 110 201 246 225 323 307 162 330 330 222 292 282 157 209 304 231 104 314 23 56 238 1 38 76 323 313 259 105 334 194 227 299 73 19 132 339 66 318 240 96 247 2 64 161 278 297 10 117 315 119 309 204 319 114 133 205 22 283 51 81 162 42 248 189 86 170 19 337 76 71 223 131 93 252 47 178 294 154 164 92 68 7 74 109 2 337 24 179 327 53 237 155 98 109 139 82 330 216 110 24 302 308 322 181 329 104 162 51 162 45 335 167 171 51 71 256 291 252 117 312 69 177 92 41 324 340 179 83 286 201 2 142 70 226 222 182 256 293 254 170 262
225 188 207 310 338 70 275 305 271 97 283 47 279 245 297 272 84 1 318 282 100 18 263 187 151 318 328 109 108 183 199 19 180 2 59 95 138 216 119 175 98 162 111 319 86 30 119 313 103 12 46 62 292 101 206 161 249 143 82 46 131 266 73 318 202 45 178 196 173 8 100 88 123 13 251 27 26 296 28 9 116 175 12 68 105 227 148 30 288 125 113 68 198 34 78 113 38 226 234 62 123 165 206 157 149 92 112 315 246 1 241 250 323 253 295 120 12 269 171 114 166 259 340 245 249 238 195 200 275 31 38 197 137 84 191 86 80 17 58 139 109 19 112 41 116 247 6 227 4 83 64 95 184 265 326 83 53 190 283 197 49 21 42 333 244 156 316 129 153 230 24 268 339 301 287 191 81 105 5 279 28 63 192 264 72 69 54 102 4 179 136 59 301 227 278 44 85 254 328 329 197 28 225 75 167 20 262 171 172 200 8 49 336 284 87 265 213 22 193 213 313 178 190 146 311 27 315 231 276 109 81 193 171 59 197 181 189 269 178 1 101 111 34 318 211 63 161 322 312 276 227 169 133 139 28 236 139 115 58 322 27 58 213 30 22 302 144 269 210 218 322 161 241 115 119 76 333 28 22 165 57 323 79 48 173 175 134 328 43 151 220 95 258 185 334 65 188 254 184 137 196 163 123 210 177 206 80 273 32 52 108 188 86 313 155 156 62 22 112 62 77 35 39 156 311 16 329 199 1 301 330 21 204 255 87 187 244 23 331 156
6 82 118 68 295 21 270 215 29 103 205 272 136 244 126 253 260 308 125 321 332 109 199 210 76 69 291 244 321 264 58 68 199 320 93 108 285 117 165 250 104 31 146 32 138 333 21 137 124 44 170 62 200 230 314 6 224 191 243 334 131 319 92 162 51 225 97 124 232 14 78 10 284 86 146 333 190 320 76 320 100 26 293 122 339 211 190 212 225 48 320 223 214 134 4 196 123 305 340 173 29 255 282 286 294 259 306 252 219 315 165 176 68 175 156 223 96 260 69 73 283 150 175 197 208 75 252 268 315 260 289 72 283 328 159 108 39 133 191 185 12 212 173 83 229 168 147 145 191 203 85 33 78 296 246 207 149 239 258 185 74 186 207 299 223 239 74 18 173 277 261 256 91 303 134 167 209 300 25 43 331 108 49 31 321 285 147 274 46 320 220 4 211 258 262 35 208 96 101 209 292 243 65 209 325 241 147 272 131 55 48 273 129 102 235 144 280 38 316 128 273 5 322 66 22 189 159 47 72 11 281 205 166 179 271 317 135 330 84 100 125 66 300 29 233 185 2 123 253 338 80 250 28 34 136 328 80 271 141 85 39 318 236 63 301 193 306 62 169 50 114 227 90 158 246 198 105 50 212 143 162 254 155 63 23 217 256 321 304 126 221 140 313 318 111 245 17 43 174 153 239 27 317 298 324 283 285 5 86 193 283 297 51 13 336 34 184 151 16 310 50 163 184 159 174 14 70 9 39 83 254 224 296 84 258 110 320 130 273 329
334 90 192 65 178 64 122 30 39 131 90 241 132 4 229 262 265 338 324 159 17 251 330 333 77 63 181 196 193 195 161 103 226 334 151 218 56 127 222 37 334 6 323 219 300 171 185 194 57 147 252 56 292 92 327 43 330 106 140 121 158 116 9 144 281 212 6 163 275 186 43 19 292 47 45 195 160 11 159 193 184 241 99 91 103 199 297 265 22 94 51 293 183 139 13 274 178 267 122 303 110 114 318 25 323 125 137 248 323 204 89 140 199 153 278 288 50 128 10 60 24 265 319 250 63 80 261 323 184 175 271 268 63 133 151 83 66 299 128 302 78 116 47 104 38 120 218 81 163 272 259 197 319 234 102 25 123 49 28 270 262 93 193 215 175 291 65 172 159 207 51 199 212 247 292 243 213 287 37 300 184 304 223 13 38 229 25 318 112 135 250 71 269 315 146 257 20 92 152 255 288 142 314 148 87 287 155 233 141 32 40 242 340 323 256 163 28 93 164 212 55 181 265 28 113 313 312 150 213 95 265 98 333 170 340 332 91 108 199 56 123 192 339 174 192 85 239 214 192 22 224 260 184 264 4 163 281 177 322 174 56 86 53 240 141 155 62 265 313 69 61 49 129 95 322 313 303 20 152 59 260 54 83 184 340 237 75 121 279 144 81 127 219 221 253 139 271 177 280 16 19 333 105 216 340 123 101 54 312 171 330 120 267 108 97 155 50 72 126 325 234 233 87 2 213 174 246 188 305 239 58 236 203 271 258 323 199 272 192 62
158 268 285 253 240 39 206 143 300 2 152 119 77 298 59 47 182 71 120 319 193 119 92 309 6 239 292 270 159 254 218 15 76 212 11 90 196 137 117 19 35 107 326 266 157 36 311 299 4 75 219 77 107 103 116 278 129 227 11 320 329 142 169 165 82 42 104 165 209 251 109 316 112 279 252 201 320 202 214 4 320 138 135 53 321 120 244 221 248 163 250 162 282 217 85 292 275 189 284 220 155 106 318 77 142 274 67 95 146 216 106 89 95 30 193 4 238 258 308 216 53 331 36 40 214 150 195 74 126 143 82 86 151 142 214 155 99 82 13 262 167 9 76 302 211 272 299 42 99 229 126 89 89 3 182 19 215 223 64 71 339 118 39 216 7 187 330 278 331 152 147 262 165 319 202 62 125 37 120 114 237 173 232 294 49 23 324 297 103 81 181 308 241 290 325 227 298 146 207 304 177 36 244 184 92 4 195 284 278 122 77 71 95 167 1 136 159 260 92 201 126 236 28 215 158 96 158 248 234 82 249 277 323 26 209 113 48 176 25 111 207 302 240 127 88 171 30 138 301 316 122 244 169 301 184 133 144 106 185 37 237 76 19 53 99 32 115 322 44 61 39 25 204 239 47 320 272 208 193 207 284 258 155 4 54 255 157 175 78 253 60 40 65 187 10 334 223 334 40 327 28 19 121 314 234 225 113 25 17 287 35 284 241 223 147 43 305 9 109 249 131 208 320 303 216 275 335 282 261 109 191 187 212 110 119 94 255 300 43 327
275 290 38 42 210 276 291 116 219 153 142 285 4 71 309 33 48 306 164 26 274 50 35 265 63 215 262 52 13 187 176 291 309 21 136 48 183 237 286 31 321 192 102 1 217 39 308 134 104 245 339 278 113 338 226 337 113 298 101 305 218 247 233 223 82 234 1 246 247 238 97 238 15 234 75 168 166 157 241 274 228 74 314 53 78 296 285 257 276 21 290 228 286 269 187 14 141 138 151 309 249 146 8 59 90 121 284 87 257 282 168 199 196 304 46 48 262 113 312 112 253 137 315 57 64 132 309 257 189 223 48 66 308 19 235 138 20 175 338 95 160 41 142 207 42 273 131 15 37 163 232 319 30 253 14 185 333 217 233 47 31 298 30 110 192 92 148 167 315 290 279 236 189 166 213 14 84 44 234 58 89 198 121 338 82 208 20 317 25 279 337 130 337 274 69 161 329 267 270 296 288 134 132 243 290 82 329 271 81 267 242 56 268 227 25 85 128 240 108 307 201 2 293 275 249 100 262 58 293 45 63 81 297 192 213 55 220 205 163 303 65 127 49 179 275 246 269 143 334 64 63 61 264 308 337 60 142 94 250 207 145 225 163 80 71 104 201 277 51 195 169 65 252 96 14 144 62 180 47 68 213 141 102 338 54 188 199 178 45 126 239 4 30 140 110 127 192 156 81 70 37 50 319 242 208 191 236 177 131 64 35 273 139 52 283 156 238 330 319 266 321 181 339 294 17 302 39 206 117 269 338 227 89 110 204 209 99 65 135 281
20 334 44 116 319 22 244 179 260 28 182 222 50 210 11 255 181 37 31 300 203 222 52 241 34 127 65 103 60 44 157 300 163 131 65 292 58 25 236 327 310 129 223 274 106 52 323 242 224 238 71 111 165 92 164 177 79 256 147 57 288 239 117 45 181 281 273 38 119 155 207 90 180 253 255 246 49 332 37 248 179 70 21 78 222 256 65 129 29 47 91 218 323 132 274 42 76 288 318 191 131 92 182 169 292 24 192 176 323 51 185 134 251 339 117 80 43 164 87 33 165 15 132 317 261 315 39 172 66 189 294 174 123 20 174 228 272 21 134 107 82 72 335 308 214 145 315 166 70 263 309 154 289 261 134 157 40 272 25 79 247 213 10 232 165 157 168 217 114 194 188 196 231 261 79 67 299 64 317 92 89 145 284 157 316 96 303 17 275 275 213 288 137 323 141 92 146 102 216 143 315 171 217 176 130 45 184 42 313 193 92 293 45 131 87 242 48 32 151 4 335 307 114 52 28 85 92 220 290 80 23 148 169 50 189 298 97 267 340 7 179 191 173 272 44 174 156 53 34 336 208 111 42 133 336 104 337 148 336 222 232 163 7 195 21 162 138 226 41 331 338 322 320 227 254 269 340 58 287 135 125 307 189 11 15 18 203 257 200 128 63 202 256 11 184 220 73 7 140 203 42 46 325 51 235 8 288 257 172 257 119 168 62 215 313 280 130 322 308 220 290 69 330 23 175 307 21 4 23 132 9 150 182 111 68 41 291 256 1 80
167 52 122 133 306 298 163 115 205 87 220 18 201 261 92 27 180 86 210 300 285 88 76 37 184 195 68 81 74 219 293 22 243 188 240 306 152 200 223 132 157 149 248 209 279 247 130 171 191 167 221 31 238 64 318 233 221 34 180 140 152 241 59 200 132 288 105 165 272 64 310 269 70 120 223 38 3 54 213 37 13 78 222 239 145 280 192 328 233 114 331 85 51 334 16 89 160 167 39 173 148 28 221 197 249 57 116 268 30 50 14 73 40 291 327 262 19 184 312 292 5 273 54 179 64 88 327 82 137 213 289 69 189 108 310 289 241 272 42 249 157 133 160 126 265 296 322 291 314 196 21 16 114 142 257 304 64 184 337 276 6 229 215 76 24 242 94 318 188 126 320 68 131 101 308 331 203 229 170 100 224 324 11 255 223 182 60 103 263 34 43 279 156 159 42 197 166 41 311 293 12 196 236 115 80 248 278 127 49 303 115 286 77 331 117 147 328 218 309 182 298 42 238 242 95 83 98 323 297 34 171 29 196 124 134 150 169 325 65 51 155 60 124 179 267 334 328 279 312 310 154 83 39 95 214 129 113 197 261 272 46 286 334 216 3 12 272 334 303 284 290 221 306 253 155 295 63 175 244 14 40 201 32 281 334 286 53 328 114 26 148 87 51 285 142 58 27 333 12 34 311 281 75 161 290 142 319 275 205 173 241 294 233 178 305 284 85 162 80 312 102 83 305 201 332 281 203 236 65 54 230 83 324 27 305 184 97 154 141 31
7 109 187 55 311 245 176 296 80 70 85 176 136 136 137 125 158 136 117 45 20 237 8 197 323 277 54 295 220 37 150 266 309 308 219 320 238 166 192 41 80 57 142 189 164 178 239 75 254 254 301 227 97 31 257 156 45 300 222 93 87 296 49 247 124 146 261 167 156 5 267 206 171 198 124 59 122 194 225 115 147 208 42 13 96 56 2 270 293 126 190 191 113 272 69 40 110 55 27 288 42 193 33 195 122 277 181 219 75 277 76 121 240 268 215 257 91 45 127 234 253 283 166 243 83 148 72 138 195 238 198 117 216 7 157 281 89 280 94 269 239 94 213 223 136 184 320 202 157 115 69 227 266 240 281 176 64 323 105 197 320 166 332 275 62 235 58 141 119 131 203 110 210 207 148 116 186 303 108 228 116 152 44 147 15 298 168 270 304 127 17 19 21 63 338 316 7 300 89 77 288 91 8 86 222 300 206 36 325 6 31 24 233 296 111 290 48 266 250 179 21 280 129 237 100 274 339 331 176 181 245 168 161 320 68 223 136 338 117 137 183 10 125 56 22 51 174 153 85 240 179 29 312 243 185 220 12 322 213 135 71 304 78 43 246 152 117 295 321 108 63 21 262 338 247 9 244 286 64 173 281 164 188 74 27 119 174 75 242 20 213 29 280 137 69 123 10 203 54 84 88 149 198 189 133 32 13 50 182 124 165 197 198 214 169 75 269 276 69 181 85 325 191 179 101 187 333 150 182 229 44 1 14 297 41 238 190 30 295 118
61 142 8 298 20 59 99 303 292 275 226 129 258 15 41 194 208 203 84 88 243 83 127 104 306 124 105 330 13 82 150 169 140 152 122 35 220 241 74 312 26 118 119 217 277 72 160 20 325 207 37 76 259 322 191 207 21 126 110 118 79 159 286 257 251 83 53 82 293 108 255 273 123 100 36 163 137 265 181 266 92 21 308 278 278 30 225 238 9 285 296 290 128 205 333 210 300 197 177 75 172 85 164 173 178 15 35 193 52 283 274 231 309 299 120 132 149 125 250 182 261 294 17 3 123 44 115 250 87 253 165 203 176 285 190 116 24 31 91 217 18 243 166 245 87 205 78 82 5 76 17 76 284 254 146 27 72 198 210 40 102 193 188 333 242 119 253 236 330 173 314 274 171 329 136 182 114 263 186 137 270 293 299 22 196 179 323 50 205 205 253 182 28 143 227 193 85 173 51 141 178 39 123 173 76 221 20 284 322 192 6 105 110 122 155 155 168 139 101 212 177 244 66 155 229 330 41 311 148 335 211 219 107 249 128 11 52 164 326 171 58 75 105 282 145 28 172 139 258 134 10 26 232 183 253 169 121 220 21 201 57 314 303 229 287 127 79 186 164 160 219 282 240 201 104 321 260 178 97 246 45 164 336 146 160 274 193 35 7 314 46 14 287 199 184 198 334 89 52 40 231 268 129 216 302 160 138 8 24 96 273 294 179 129 191 211 216 71 188 160 314 177 155 236 104 288 333 188 320 44 224 26 226 339 300 132 315 128 205 337
85 251 253 261 313 105 190 262 71 264 337 45 27 30 302 57 47 179 212 84 73 314 268 156 241 282 291 130 208 109 252 131 275 13 206 183 246 20 327 116 182 153 151 14 333 2 337 155 303 234 135 300 6 75 58 21 272 60 180 315 254 45 47 62 86 202 287 121 295 270 340 157 339 261 93 138 59 305 122 120 27 62 118 96 159 337 58 208 310 195 91 166 166 78 94 214 198 66 86 325 303 252 333 205 100 169 156 42 175 104 330 255 88 300 197 44 248 129 78 8 11 31 33 109 73 271 109 330 330 326 295 44 141 211 321 110 158 136 100 317 231 290 37 66 330 111 45 25 313 114 79 304 338 292 54 321 289 228 85 74 35 85 192 152 33 189 30 133 19 103 196 187 217 164 226 261 146 263 173 110 191 125 23 122 133 20 169 47 245 100 66 111 48 162 184 94 241 222 172 193 196 145 283 233 189 262 187 97 164 307 220 104 131 178 299 24 5 109 174 221 135 242 233 61 290 304 292 13 112 320 324 14 336 155 108 227 133 282 224 185 34 87 311 31 339 79 229 50 118 15 274 34 91 99 120 92 299 174 137 49 283 23 160 313 93 328 147 338 135 190 200 304 316 129 131 204 110 78 168 175 134 266 220 232 70 290 119 272 62 151 166 191 74 177 270 255 286 224 151 108 222 140 219 251 178 222 36 74 61 116 243 108 149 321 320 193 282 217 295 305 240 261 241 272 202 55 336 14 134 117 8 337 132 261 304 38 239 5 144 59
152 42 296 44 36 86 268 325 30 25 138 206 109 120 128 111 127 208 271 135 10 301 30 204 194 16 289 181 132 88 111 139 306 159 48 190 72 188 213 23 291 209 160 332 18 175 46 124 292 207 154 116 330 278 338 174 130 339 199 244 158 304 340 18 25 163 335 336 286 158 244 230 334 160 302 215 255 155 30 56 339 19 286 231 307 133 204 60 171 6 199 289 78 257 91 245 79 59 218 33 55 311 67 110 109 33 289 121 221 153 19 104 176 10 299 20 231 44 125 280 82 105 31 146 228 268 152 256 241 225 289 66 313 333 212 172 45 87 154 77 134 213 257 281 98 30 277 175 157 232 294 281 251 176 243 64 328 41 93 237 245 249 125 311 107 211 6 303 15 318 101 153 211 243 241 228 98 80 76 305 228 328 95 309 115 279 226 295 77 152 286 272 103 338 227 304 223 210 240 51 172 218 208 161 155 30 230 318 148 204 75 291 218 77 160 33 306 73 233 302 156 282 173 188 125 145 230 117 333 302 131 86 260 78 169 132 3 128 281 115 75 8 170 99 57 102 81 6 24 162 251 42 86 313 330 248 211 57 179 44 263 122 39 184 333 290 132 294 229 206 69 339 140 19 118 89 108 284 143 327 293 17 61 102 212 214 264 259 216 299 120 268 323 333 89 219 222 107 164 74 230 9 30 339 260 245 147 315 322 202 251 321 83 292 260 155 114 281 306 238 180 242 292 87 45 4 140 114 279 291 259 206 85 157 49 30 142 63 326 293
210 152 301 300 184 215 17 41 233 216 264 85 330 240 269 261 26 78 304 11 183 32 229 285 27 296 42 101 146 163 331 124 192 141 104 253 36 293 70 173 18 90 292 20 200 159 181 229 208 75 161 75 257 306 1 221 147 49 23 72 128 13 241 44 183 139 99 318 159 258 203 78 147 225 89 32 48 32 256 18 224 214 1 246 313 315 243 285 336 193 179 80 111 262 27 221 283 259 336 68 317 325 222 39 56 210 112 327 276 68 44 9 109 267 270 39 177 283 82 92 7 202 92 85 322 198 123 162 259 210 182 104 189 57 180 241 70 135 5 240 54 296 271 116 293 108 141 313 67 261 14 92 222 316 28 132 137 39 200 231 276 332 41 241 16 175 89 181 148 124 220 46 60 283 222 12 138 70 323 124 132 122 38 19 340 50 90 165 103 49 39 31 71 207 80 263 97 245 199 78 209 76 284 319 325 272 70 225 314 191 307 44 111 302 70 136 150 339 254 75 156 158 322 168 76 162 256 103 249 108 111 252 151 217 158 327 96 165 82 310 264 293 108 260 67 283 308 140 99 222 135 266 18 84 202 141 31 35 265 139 191 184 175 308 121 263 330 233 105 133 340 244 289 65 7 312 290 64 314 139 335 6 54 324 190 136 212 73 9 285 115 82 208 252 59 66 295 334 217 137 189 333 319 71 136 325 165 125 38 314 269 276 2 199 238 305 229 104 87 89 232 179 245 316 201 155 101 50 215 154 247 336 293 303 317 338 285 16 175 56
147 47 121 277 272 253 285 73 221 17 123 142 87 40 278 255 140 231 273 203 119 226 201 309 133 273 142 332 226 325 227 60 152 266 284 156 236 187 77 302 187 211 82 273 65 113 91 105 137 184 246 320 129 180 258 39 288 212 194 89 320 303 158 149 127 249 273 126 50 214 290 215 293 67 328 96 9 205 88 269 305 39 48 332 133 39 275 160 190 218 245 153 265 124 282 141 334 47 125 227 268 84 95 244 250 60 271 188 114 314 40 337 218 49 59 174 172 241 250 194 73 161 12 311 311 191 298 279 211 255 263 200 161 250 194 81 44 240 234 45 49 123 104 14 283 254 148 113 19 210 117 151 70 207 119 10 172 198 293 215 299 54 150 15 11 143 136 316 214 273 306 156 13 48 270 100 68 102 300 208 228 180 74 231 220 221 125 187 259 36 203 207 331 211 230 168 201 20 103 327 58 278 26 27 232 220 304 282 208 316 77 13 189 95 268 97 290 161 54 295 121 70 257 82 324 76 252 238 59 261 167 245 86 331 325 69 182 256 25 233 42 91 150 264 85 254 190 319 39 47 173 39 182 11 121 303 97 120 41 272 268 112 230 73 216 56 48 28 174 323 257 259 256 177 235 53 339 111 25 246 296 60 119 197 311 43 250 9 127 142 304 2 59 275 195 276 252 129 194 64 130 41 271 262 325 224 329 105 335 329 95 294 278 114 289 299 49 318 163 87 323 207 80 230 132 133 330 184 287 40 223 47 289 234 56 289 66 104 311 289
108 166 309 172 205 6 153 111 161 101 309 235 59 71 328 327 42 234 140 246 241 60 284 313 23 51 89 288 83 272 95 321 216 3 281 5 236 338 175 142 289 253 284 178 238 197 294 154 181 41 14 59 181 260 17 142 122 183 281 158 181 292 113 209 221 221 77 161 272 123 299 255 52 67 299 51 147 237 55 3 15 107 275 336 299 252 224 52 301 151 180 154 188 158 21 237 166 314 336 12 334 225 163 172 284 310 94 84 131 122 214 168 145 249 198 286 232 285 11 152 173 319 319 72 317 173 303 324 70 34 100 81 23 15 199 130 32 247 211 186 194 256 323 74 238 312 318 301 17 218 333 66 307 329 301 8 264 87 39 94 230 50 46 172 182 303 258 2 242 83 8 157 101 204 190 314 64 267 195 59 9 171 130 117 320 169 142 22 82 131 239 335 97 46 274 129 277 327 287 229 206 135 214 58 217 327 173 338 279 208 61 110 262 145 170 329 83 329 316 333 302 295 187 330 84 119 148 288 303 113 178 325 25 118 196 287 134 106 81 3 194 203 219 39 171 276 281 50 34 14 76 1 119 185 239 184 39 113 6 104 195 230 95 65 91 281 120 58 174 34 259 96 119 191 59 270 319 170 240 111 62 89 237 125 322 50 292 170 169 329 263 216 68 313 322 226 138 103 186 291 31 165 218 218 145 218 313 137 9 126 234 186 217 98 195 291 183 337 120 156 294 42 125 105 199 180 73 228 187 295 258 211 165 56 83 103 191 177 252 107
90 66 225 256 118 289 304 157 3 315 190 115 243 250 37 8 212 182 78 152 274 12 217 122 181 207 305 116 260 182 108 110 306 192 102 30 269 120 58 195 288 121 49 261 41 316 184 293 25 283 42 337 161 320 164 97 249 326 330 69 155 71 297 184 291 209 209 233 13 177 236 76 275 239 38 13 28 237 168 82 15 276 51 221 198 269 301 234 233 104 19 160 149 273 229 83 231 166 116 103 310 96 82 263 292 5 335 246 46 301 213 160 184 114 155 264 241 272 338 195 192 167 228 256 240 29 6 244 204 110 21 65 194 248 42 186 261 322 196 20 271 224 173 85 145 203 113 299 69 160 114 132 63 215 178 273 213 286 101 57 148 255 108 129 198 27 48 5 299 10 151 55 313 150 20 295 74 179 185 332 335 302 207 322 34 338 38 302 44 251 310 112 213 50 103 162 113 315 293 106 57 242 35 142 128 212 149 228 275 86 303 134 119 85 40 176 278 268 133 150 331 58 105 286 210 36 234 252 248 87 180 202 171 198 206 130 233 53 302 169 311 120 277 212 258 231 280 289 301 219 44 320 268 44 213 261 145 54 118 207 156 64 138 268 191 162 195 290 229 178 177 6 291 273 288 85 139 87 282 340 58 192 3 85 271 329 296 180 232 23 111 291 288 255 257 65 160 119 268 179 103 225 273 89 284 141 315 200 301 241 284 82 149 232 262 179 272 268 102 117 149 198 213 301 117 12 97 113 87 133 91 162 216 11 282 228 199 34 30 113
127 226 39 187 264 68 136 305 219 54 270 180 87 327 200 148 322 323 181 221 287 332 82 107 9 27 246 23 139 283 79 87 45 193 101 118 241 154 110 230 290 49 245 246 101 285 103 283 216 239 56 36 73 32 146 26 84 257 59 121 76 15 73 72 43 337 44 294 6 300 304 55 89 124 294 340 32 14 289 7 320 10 38 196 314 19 267 220 216 41 46 308 212 246 165 127 302 21 227 75 73 176 281 315 291 37 54 245 299 108 130 325 320 118 14 185 95 72 254 306 205 64 111 215 218 201 253 26 146 94 108 47 322 77 330 119 219 307 16 280 301 161 82 332 14 236 92 63 143 169 240 156 6 187 209 148 339 119 116 108 116 302 59 102 294 294 264 58 126 247 6 97 210 118 268 287 280 259 255 30 154 259 241 293 209 72 324 164 11 211 270 121 302 164 292 77 328 119 123 132 110 185 282 22 120 162 292 156 126 318 266 77 49 83 108 162 302 177 160 150 292 32 225 328 122 186 247 76 151 232 153 103 302 336 278 253 254 39 253 242 254 49 167 298 99 297 44 131 252 63 312 222 325 229 17 294 225 25 62 62 22 178 284 196 196 132 283 31 106 314 5 13 187 316 94 25 63 99 249 62 339 141 285 287 323 143 201 184 53 249 79 113 200 143 324 87 290 279 126 42 310 135 45 282 230 164 239 334 51 56 231 55 101 99 335 246 89 289 233 43 173 42 18 73 11 14 272 177 276 10 109 248 92 230 280 157 192 251 80 158
267 330 51 50 305 214 221 15 217 281 247 103 171 144 83 302 199 134 197 172 177 280 36 288 141 94 178 268 42 82 165 277 309 33 248 141 154 157 104 268 276 92 12 340 133 271 260 298 191 123 122 7 48 139 155 44 34 41 111 125 8 103 295 286 112 66 145 102 32 145 7 82 203 33 214 256 270 304 75 309 196 331 29 55 321 113 336 293 72 271 237 108 90 195 83 103 339 192 262 210 305 27 64 282 80 310 21 188 132 64 154 170 281 27 329 206 15 247 7 224 216 164 150 109 179 334 255 159 29 246 186 149 23 143 96 110 37 10 250 187 310 62 241 283 22 140 69 52 275 141 165 200 229 225 131 174 64 242 328 307 319 188 326 262 248 260 108 79 242 163 219 258 286 14 228 163 127 162 304 194 308 328 194 41 86 218 251 139 11 99 45 310 316 176 334 281 98 228 229 267 41 84 216 321 188 60 144 69 272 298 220 291 244 306 271 254 301 331 182 73 116 159 104 205 78 260 84 306 128 223 96 230 6 206 85 271 106 225 339 247 141 59 149 93 109 99 102 1 283 18 153 150 1 255 90 214 39 223 147 250 247 320 200 269 7 74 253 75 68 145 308 170 184 18 284 118 331 212 247 150 60 144 287 155 202 254 320 149 307 262 69 12 283 254 72 29 167 195 166 304 241 329 176 81 80 196 300 190 336 126 61 279 23 202 117 51 286 220 137 129 249 306 175 331 164 288 84 204 185 256 335 30 161 54 69 173 188 184 285 339
283 8 100 325 25 156 308 63 148 165 153 62 65 251 4 191 4 167 145 21 120 254 205 158 328 188 114 156 119 42 224 326 40 50 188 74 96 268 336 53 27 303 229 130 17 323 128 340 35 38 278 223 236 21 108 83 153 228 148 149 5 248 240 31 84 174 89 269 236 275 53 332 328 67 162 335 279 314 243 97 39 248 313 162 165 228 208 236 197 267 308 249 163 307 259 144 173 245 31 16 57 224 165 265 296 26 306 162 56 322 35 242 63 20 168 29 249 159 40 259 222 42 21 285 82 240 296 78 323 3 283 71 189 285 19 93 93 46 223 67 221 317 4 132 199 44 220 291 301 15 11 179 31 59 61 186 338 107 220 24 48 8 137 181 234 37 295 113 148 40 142 154 68 249 125 297 128 144 267 231 338 261 71 320 169 189 157 270 34 152 57 338 190 184 42 14 113 230 154 263 89 330 103 150 180 273 175 112 8 179 234 320 210 13 288 115 131 163 308 147 227 110 226 1 115 165 236 324 57 39 211 25 100 310 326 169 134 2 318 220 273 281 240 305 274 111 285 148 326 209 25 83 209 17 160 268 181 314 20 70 103 294 101 314 34 243 79 288 87 36 170 336 260 134 119 114 27 126 227 216 226 202 319 336 316 115 146 113 15 258 106 161 8 64 318 136 121 340 288 226 309 117 12 5 223 13 77 262 213 295 243 135 277 12 25 168 312 169 218 339 117 84 298 8 84 153 90 278 176 8 319 123 318 264 120 119 74 78 90 248
157 216 135 230 183 112 94 25 106 128 182 92 72 84 1 197 315 140 291 58 260 14 23 127 160 167 314 39 50 258 22 56 62 197 270 114 232 239 35 322 339 103 323 47 37 285 230 101 196 123 135 308 129 311 101 184 103 150 282 297 278 70 135 190 170 175 322 125 145 232 111 217 47 311 114 316 116 210 241 42 215 252 5 266 272 78 20 66 39 154 249 128 10 88 231 182 238 337 339 59 94 55 205 138 91 107 256 333 180 96 333 105 221 142 280 10 33 177 27 24 91 325 11 72 96 284 236 103 243 22 233 113 192 166 92 322 63 306 142 121 58 35 247 307 257 238 1 281 263 148 238 299 45 111 87 213 317 81 214 149 163 270 123 251 294 329 104 316 287 101 25 267 165 191 340 13 337 296 221 263 64 256 276 301 335 232 88 171 160 53 178 16 22 83 159 165 174 158 23 195 45 180 221 247 54 254 335 234 320 149 329 174 310 160 93 328 84 231 155 218 157 318 191 140 52 30 147 174 107 152 18 135 314 318 249 125 159 121 215 94 236 193 335 169 110 129 177 57 206 79 197 256 302 84 18 25 263 247 107 150 47 312 195 142 95 94 81 289 284 156 37 31 156 90 160 52 75 44 101 109 136 326 49 146 242 314 288 290 307 115 318 306 322 95 162 26 170 27 258 152 136 300 26 96 135 149 300 11 210 32 182 33 212 12 279 197 67 330 48 307 151 167 237 81 54 250 72 16 310 260 20 225 35 77 320 248 306 325 115 222
237 11 58 317 97 307 250 271 205 275 154 213 25 197 16 277 60 67 55 331 66 2 134 273 113 30 330 67 244 59 297 65 11 127 158 195 55 45 340 83 151 62 279 248 9 57 209 111 232 181 303 2 234 126 118 336 288 154 204 264 258 81 29 247 232 103 171 40 45 305 195 52 244 154 114 23 203 137 78 171 71 12 121 244 94 201 303 70 37 175 119 334 283 141 273 103 53 111 134 20 124 203 164 231 16 162 161 310 159 140 94 212 19 70 6 24 271 296 177 101 98 21 259 31 268 284 328 265 165 154 43 242 158 138 215 181 261 270 140 28 168 271 11 119 184 108 149 204 333 171 191 103 289 142 31 52 14 204 52 7 253 47 255 96 95 217 213 138 298 304 64 212 4 169 232 196 45 134 303 271 202 199 47 121 106 169 241 70 260 221 85 278 234 242 202 141 278 138 92 73 131 263 29 122 116 165 327 187 14 33 281 168 178 124 277 138 315 239 9 137 114 168 274 44 150 8 208 145 236 214 53 24 111 89 157 35 289 221 207 105 48 45 137 153 193 41 309 235 332 238 23 239 321 292 178 127 49 321 222 303 111 218 136 216 336 225 187 59 80 32 322 99 146 259 99 11 263 186 217 276 281 198 128 7 175 82 26 152 5 296 199 60 329 251 282 269 60 289 30 215 237 246 182 327 275 189 49 80 233 3 332 290 104 61 227 228 278 320 56 172 32 30 291 242 315 238 259 129 296 101 26 217 302 235 182 327 145 218 293 7
228 337 226 220 193 166 129 315 225 312 193 313 40 339 48 313 17 244 52 230 53 69 7 98 335 209 88 310 29 25 219 12 309 321 328 233 115 259 175 225 293 268 185 94 53 139 28 36 296 96 31 339 72 31 145 168 214 340 275 160 266 305 62 58 108 322 58 319 262 205 123 172 66 309 311 118 220 306 16 180 231 159 246 156 248 10 54 224 106 251 189 326 31 121 148 61 42 157 31 162 12 193 245 114 25 296 40 154 319 31 53 43 199 95 268 227 180 224 3 29 41 154 273 123 322 330 136 32 7 160 309 114 62 247 3 44 137 164 116 76 323 310 203 82 119 65 126 205 30 105 262 292 284 13 307 295 273 104 60 43 227 48 274 122 334 152 306 242 248 117 169 82 51 213 289 279 118 269 186 152 277 83 142 48 317 318 333 178 238 171 9 287 199 170 274 59 118 255 323 70 283 238 268 154 60 271 211 23 253 126 54 23 188 187 320 91 31 89 116 44 16 45 212 266 321 210 95 336 138 130 138 292 123 310 308 298 293 251 105 102 320 113 114 218 58 119 79 114 182 144 225 64 46 295 108 247 324 134 188 151 67 137 279 132 272 21 70 195 312 31 141 24 138 114 137 337 69 135 231 320 35 213 72 242 116 151 229 57 128 120 288 280 5 235 121 279 118 111 84 129 88 82 186 281 72 149 10 302 64 255 287 279 255 76 339 13 88 15 117 259 250 119 125 289 230 190 20 74 293 298 316 326 223 124 139 9 45 90 13 218
234 119 165 99 335 114 302 59 37 56 91 141 205 211 80 299 337 292 64 314 62 232 183 20 198 159 194 239 149 96 211 140 173 178 139 185 192 153 257 331 318 144 145 207 53 211 152 152 223 265 264 269 5 74 173 92 17 138 266 335 171 6 335 144 208 81 103 265 142 315 33 303 306 55 230 230 145 209 339 212 181 213 103 221 15 31 4 268 220 42 251 36 61 119 160 16 136 202 143 216 293 90 225 224 301 51 64 27 29 183 37 190 14 88 323 104 33 298 96 201 13 48 48 89 63 64 219 272 178 29 184 19 168 102 92 6 48 253 62 32 169 271 282 73 248 177 239 303 328 153 19 299 145 58 241 268 202 25 116 151 314 63 98 20 108 195 136 8 83 202 261 284 108 284 122 81 334 88 260 61 223 27 318 91 271 207 153 109 246 131 149 295 330 242 318 80 307 44 31 192 306 183 81 208 323 55 253 91 48 74 49 191 317 96 109 166 60 327 49 101 170 98 134 72 157 286 238 56 36 113 21 22 160 202 70 271 304 8 120 197 146 169 9 205 146 221 233 250 169 193 67 228 281 324 245 154 211 316 182 237 16 214 163 33 52 310 133 94 97 34 10 118 213 96 51 307 255 140 108 178 209 154 212 144 280 202 149 313 124 86 262 243 110 120 190 269 231 96 24 83 265 293 125 71 50 304 245 179 248 222 230 75 293 98 281 272 119 43 175 137 316 105 299 194 128 337 2 58 196 252 68 181 178 5 233 193 229 76 72 97
166 291 138 275 248 110 30 169 116 111 119 107 26 45 133 36 57 269 63 223 129 207 209 62 276 162 329 282 46 257 55 222 48 223 63 228 64 60 120 11 106 199 255 16 7 230 82 333 146 191 74 137 28 35 223 75 246 199 277 314 81 5 102 285 302 79 2 322 114 39 252 166 334 281 191 101 240 311 291 197 124 63 299 69 55 177 187 98 335 101 149 204 282 329 42 256 90 332 287 69 256 227 206 204 220 24 144 312 272 261 313 312 232 320 284 173 8 319 20 265 273 252 52 247 172 237 293 134 201 195 170 174 44 308 74 181 242 246 277 289 21 20 11 257 276 107 329 62 30 305 278 86 66 197 76 223 227 288 54 212 331 266 9 15 37 184 315 147 35 236 47 228 326 331 236 164 223 156 320 261 311 148 302 141 154 73 332 171 189 242 268 116 162 249 304 62 267 285 8 8 334 90 193 331 99 22 1 157 94 286 145 61 21 25 152 10 200 321 224 123 164 64 22 38 145 201 114 5 35 139 183 155 107 339 332 60 16 234 139 12 70 62 140 150 209 272 124 216 27 20 183 253 332 162 38 313 318 107 156 271 145 27 84 26 81 52 264 64 162 248 248 30 146 141 140 120 126 17 273 273 278 156 13 83 39 339 287 67 60 74 193 252 84 41 156 136 102 91 206 177 89 311 139 47 294 69 260 6 57 193 115 138 206 194 315 51 193 77 148 151 296 284 105 48 333 288 204 221 135 159 12 222 184 303 201 124 18 4 43 65
219 99 88 29 327 200 287 231 62 66 63 316 108 138 73 298 270 239 118 293 157 301 136 309 53 19 78 240 262 4 23 300 170 221 300 267 158 125 112 45 58 167 41 313 78 104 10 293 136 227 234 62 98 260 157 71 79 65 248 306 185 200 315 238 244 56 236 305 331 59 44 313 88 98 54 192 37 314 102 207 75 167 136 297 115 106 292 278 312 38 71 132 295 251 63 81 249 239 298 293 50 28 184 217 33 173 221 281 320 48 194 133 50 122 158 182 240 97 314 82 284 289 22 64 289 66 264 149 131 212 215 60 281 49 18 51 305 64 324 199 239 14 138 238 214 273 235 289 58 339 177 273 120 19 125 173 1 183 281 328 15 37 132 286 258 327 142 199 175 25 72 117 72 175 282 233 182 150 272 280 239 142 278 283 278 245 165 288 250 135 192 153 259 127 184 6 35 181 83 65 193 292 136 115 117 114 279 263 327 185 115 150 235 127 35 245 264 69 284 70 227 208 148 219 3 192 219 233 192 236 18 193 152 159 47 269 261 302 142 137 284 225 199 4 255 315 100 320 25 203 111 317 47 169 15 286 122 117 259 54 284 130 335 154 281 62 255 210 55 291 153 223 334 164 152 118 313 103 331 330 111 74 39 260 253 169 162 141 256 7 84 101 283 184 328 142 17 295 146 291 209 318 268 218 183 83 202 172 193 55 315 247 117 286 65 335 132 190 160 209 66 278 40 16 92 58 298 18 61 25 64 304 59 75 263 170 278 290 198 105
83 74 116 321 185 101 237 1 296 39 42 18 230 259 240 200 198 71 143 285 130 34 188 39 226 74 245 335 71 213 174 46 270 263 236 52 147 302 55 73 64 13 299 44 93 143 60 124 273 145 205 74 257 99 233 140 25 340 44 339 274 321 285 339 73 255 298 239 309 264 51 172 230 100 321 221 45 155 223 293 72 323 98 300 2 117 238 278 181 334 17 163 203 208 55 97 19 264 63 315 13 340 123 2 263 43 134 168 306 298 43 42 18 78 94 47 41 26 178 147 325 155 97 35 267 107 171 294 141 115 252 130 161 334 217 3 319 65 280 77 68 336 319 284 315 116 141 275 337 120 77 132 99 27 35 190 268 283 287 14 121 154 44 264 178 321 280 141 145 97 69 87 292 322 45 122 153 238 123 147 336 127 229 299 244 231 83 71 34 68 299 332 18 81 177 227 2 229 177 36 32 241 237 322 42 70 93 327 160 334 334 203 53 227 199 16 147 188 318 100 319 46 151 71 251 213 228 60 204 118 211 22 256 80 314 49 69 30 304 229 94 134 221 52 111 224 65 318 232 161 154 331 200 138 91 54 183 52 105 283 193 223 27 141 211 13 52 267 255 237 228 183 337 167 214 152 182 29 225 329 25 178 114 279 210 283 18 42 210 281 314 297 289 274 195 298 99 177 20 79 88 238 76 6 314 67 109 148 181 166 95 218 154 194 327 121 311 137 5 232 47 25 191 331 51 306 335 65 144 125 97 300 307 123 288 50 130 254 138 325
121 116 105 95 115 198 187 111 209 136 152 248 296 143 102 47 300 4 181 270 233 165 128 292 126 68 20 109 167 55 332 251 144 79 223 254 17 211 158 137 202 153 316 181 340 105 268 177 24 325 81 294 71 213 187 213 18 292 208 25 90 156 104 180 117 161 297 128 114 270 88 83 269 305 39 8 35 76 85 16 104 200 207 37 260 131 244 334 180 304 8 292 316 177 167 252 94 235 22 174 151 175 171 251 126 15 261 202 169 102 255 313 279 176 13 69 229 97 311 316 125 161 223 334 205 128 59 143 272 220 213 340 50 132 109 227 156 223 296 233 175 19 76 30 326 233 88 216 120 117 171 93 254 243 226 191 258 278 127 106 119 169 231 167 12 128 258 283 186 275 10 289 200 190 99 145 132 163 192 231 84 267 178 265 331 105 135 124 47 86 18 321 125 265 223 141 216 10 57 256 318 12 221 260 133 245 273 318 50 304 108 267 26 261 252 236 72 77 202 217 29 71 116 261 158 306 232 53 79 49 333 113 329 299 82 89 42 187 262 159 4 19 150 231 301 316 150 294 73 26 228 141 94 335 223 192 20 197 252 40 287 28 302 308 111 303 12 237 270 194 294 182 324 324 142 42 163 176 119 324 120 114 222 135 155 233 232 304 165 107 179 245 280 321 109 83 300 278 2 170 130 286 30 279 224 42 79 268 41 134 98 175 133 219 176 92 326 263 108 32 158 265 193 37 86 295 217 328 54 66 340 67 127 315 127 17 55 251 61 218
171 78 286 222 59 214 35 309 255 65 252 194 127 146 28 299 53 80 333 208 215 149 23 262 96 84 109 82 27 239 219 115 28 16 158 312 294 191 327 333 327 152 240 293 238 212 281 149 230 163 30 38 121 193 305 220 89 102 71 336 270 227 251 162 139 48 251 241 240 119 142 235 59 300 164 129 131 332 178 150 191 39 195 91 173 102 215 334 270 76 311 237 251 202 123 179 250 166 326 216 220 25 14 312 262 323 83 174 199 191 147 9 127 90 306 78 271 91 326 204 111 177 199 131 276 172 96 232 137 196 288 73 25 138 228 249 289 320 207 54 261 116 319 57 277 113 42 148 210 316 323 292 155 282 185 326 209 40 183 209 275 73 45 221 253 316 25 263 117 161 221 232 88 289 91 65 115 310 233 49 298 264 29 181 72 185 98 294 20 140 221 32 228 223 337 184 237 203 83 135 197 120 156 339 337 134 217 77 52 8 254 255 197 284 289 281 337 58 218 57 85 149 53 16 312 122 160 255 236 66 249 261 297 278 272 158 140 42 174 231 184 83 183 125 30 209 82 158 165 145 126 218 238 8 283 52 329 72 157 179 96 94 272 75 46 216 200 169 100 207 98 150 284 272 218 288 253 140 201 108 318 38 89 145 265 298 242 289 115 260 321 329 126 109 78 82 333 25 302 177 55 206 77 171 47 320 19 239 267 109 9 44 329 106 143 103 124 33 306 102 93 287 185 303 155 254 3 28 234 67 211 333 68 195 339 263 331 152 119 11
67 194 176 55 5 119 158 237 201 16 275 87 5 336 333 278 168 111 187 278 99 191 314 268 144 124 303 92 280 86 335 164 166 13 4 168 271 323 322 251 330 104 103 265 34 285 252 172 310 87 121 222 184 93 126 266 237 193 128 109 279 264 174 128 190 46 149 214 95 165 104 24 316 182 339 35 258 335 133 244 137 231 202 272 161 2 60 21 102 316 216 263 234 115 340 304 218 277 57 74 319 250 1 47 226 125 222 77 230 47 33 207 173 88 119 299 259 319 56 154 167 302 148 82 303 207 80 23 109 200 136 105 181 59 9 262 76 85 271 8 55 107 95 79 246 234 229 204 98 147 16 3 252 190 271 234 133 32 44 83 34 250 117 207 326 164 127 209 301 54 281 111 211 175 8 238 259 175 26 150 290 293 60 318 154 314 302 203 176 294 72 111 309 155 265 30 237 91 217 118 177 91 174 72 130 158 116 153 261 308 39 222 319 300 40 10 68 37 289 332 279 318 261 244 37 270 198 316 139 333 293 175 100 147 165 167 262 141 22 297 242 202 155 11 270 241 260 255 170 181 329 176 230 258 8 33 300 271 217 199 219 27 19 299 234 80 150 24 45 179 12 59 31 291 340 132 241 289 174 145 306 210 16 56 215 320 215 132 199 57 61 15 336 232 74 312 213 212 64 246 237 69 291 138 131 5 314 29 302 9 76 223 104 256 223 312 262 204 302 134 50 65 166 167 145 244 119 4 110 270 57 29 182 133 176 96 31 184 221 256
340 174 264 234 234 310 101 202 261 76 283 128 45 95 97 136 148 267 165 213 125 190 193 275 38 299 125 181 26 154 257 76 89 284 187 140 123 244 308 245 190 150 114 135 62 289 251 19 55 214 193 93 175 246 71 3 298 182 29 262 45 231 222 274 107 109 336 156 60 112 262 269 24 181 124 339 158 270 164 269 143 106 54 16 56 246 124 274 279 215 37 53 218 8 337 213 108 192 203 132 184 125 131 199 266 115 167 298 331 178 167 255 82 136 268 39 318 336 8 282 53 110 79 10 286 160 201 142 36 130 89 287 154 165 119 131 70 282 66 145 44 84 255 32 60 213 261 326 280 174 307 38 233 128 114 57 102 130 129 22 287 296 202 272 217 163 89 146 124 301 310 161 235 18 146 219 262 317 60 315 243 210 216 230 19 14 256 86 306 75 166 56 206 183 154 23 237 94 261 237 86 279 132 235 70 78 85 16 162 277 222 131 63 138 250 340 237 211 303 205 328 208 89 325 334 7 181 273 63 20 188 322 340 12 140 188 322 125 46 213 242 277 335 95 45 149 275 216 314 35 192 277 13 146 249 279 7 252 186 186 295 38 277 218 47 200 140 29 311 185 68 243 245 169 40 58 338 7 308 107 242 260 321 266 175 244 181 138 139 17 201 265 334 69 99 194 200 16 277 90 3 128 245 103 63 6 325 332 69 124 196 280 142 14 122 27 152 39 211 147 156 185 126 171 229 5 269 11 316 77 88 315 97 187 328 303 311 18 203 121
108 306 228 1 2 10 157 278 28 93 130 131 318 113 194 76 269 17 248 334 251 235 198 192 202 6 57 165 253 87 79 175 205 103 16 224 69 130 292 41 98 110 234 319 97 182 109 299 18 172 300 127 133 157 280 124 163 17 217 184 187 254 307 39 122 116 129 42 6 99 3 199 101 138 208 254 217 266 142 331 112 143 323 178 50 41 279 300 293 45 26 113 21 41 155 297 16 297 106 337 174 9 12 39 167 260 87 87 5 186 205 223 99 111 330 306 38 295 133 338 44 241 295 337 203 15 321 134 317 281 266 120 92 47 79 230 50 119 299 329 265 284 67 35 101 103 162 6 320 331 139 285 279 313 92 32 281 24 35 145 61 172 327 147 44 331 121 121 327 35 334 21 102 99 145 276 36 237 89 304 70 257 284 326 48 41 174 205 55 130 255 228 83 297 319 169 289 97 299 12 178 291 194 177 172 3 162 87 283 259 157 267 156 177 308 273 272 323 165 179 85 81 28 146 112 317 94 112 328 300 54 241 48 155 294 245 242 292 285 69 106 257 36 110 68 116 337 157 127 47 75 258 309 107 223 150 274 323 324 69 268 279 8 234 46 177 189 24 8 111 177 231 15 230 231 193 129 60 301 39 58 240 228 279 84 246 140 203 117 316 303 301 337 130 153 208 181 118 110 65 256 88 195 217 44 253 200 57 92 307 141 119 43 169 167 239 305 174 289 213 326 86 284 32 325 310 261 335 47 303 30 16 157 321 49 258 320 212 96 102
72 328 263 183 244 271 248 136 218 141 296 159 268 315 209 27 174 309 153 61 1 300 4 111 272 61 117 74 268 278 25 189 327 136 134 321 231 232 328 185 41 218 51 305 75 2 218 191 221 299 5 23 191 322 301 167 13 240 277 84 70 44 173 203 263 285 181 334 189 241 252 18 300 194 39 185 167 175 14 166 14 168 298 52 269 308 56 208 142 80 203 86 60 297 248 170 36 297 131 313 117 67 334 322 263 195 340 115 158 165 37 37 229 65 58 285 66 101 36 179 308 220 15 131 44 144 272 250 284 64 72 52 286 330 137 333 176 250 283 320 162 230 145 57 311 86 141 279 138 70 223 68 286 116 156 76 319 76 41 185 337 35 157 288 170 298 112 330 232 165 20 163 176 326 105 141 91 221 139 172 44 327 107 319 186 75 176 35 263 213 311 129 338 227 308 218 12 250 181 224 267 122 163 65 329 328 255 307 51 46 124 120 207 222 83 317 35 297 106 20 329 203 220 316 191 147 286 36 7 326 67 116 162 3 156 1 335 202 194 218 151 11 281 42 270 303 327 50 175 185 38 33 4 5 311 251 330 51 91 294 308 109 66 1 128 111 4 125 246 61 184 54 339 297 195 60 7 270 34 45 132 84 239 7 203 128 284 3 21 201 252 148 224 8 328 27 120 246 239 255 93 287 184 61 161 158 106 315 294 209 301 57 113 212 153 97 320 204 164 61 62 262 36 32 185 42 182 244 36 104 179 139 52 315 203 222 119 196 241 44
331 56 239 146 121 96 286 108 56 213 333 318 96 195 48 231 195 214 339 95 126 142 228 116 274 27 282 338 188 242 128 117 46 28 99 90 124 245 281 228 120 39 6 33 145 109 191 139 119 130 51 20 302 193 219 170 287 314 201 316 281 209 61 158 332 126 62 106 48 240 29 254 338 57 282 257 53 30 309 34 204 177 124 172 291 190 211 319 143 283 305 246 16 8 171 309 86 331 308 137 86 44 273 69 231 134 3 219 235 180 63 169 339 190 179 20 92 93 58 134 331 152 277 184 178 232 1 34 299 31 212 20 194 77 13 259 76 147 294 253 32 150 206 301 82 84 81 134 51 88 340 185 15 97 196 266 121 104 220 334 79 165 231 114 69 138 95 231 3 297 211 119 25 130 131 337 23 197 194 18 99 327 197 204 188 283 259 15 151 277 300 46 23 159 305 65 123 239 240 43 180 41 182 28 11 182 89 111 167 306 40 331 153 299 286 79 132 247 9 220 41 107 218 74 192 207 325 299 262 134 93 128 131 185 270 45 45 181 126 149 339 138 321 124 323 247 187 213 328 10 254 33 121 86 75 128 298 300 80 312 127 3 35 257 120 314 237 136 52 155 33 40 337 291 36 217 289 67 258 275 87 7 93 289 104 303 30 312 138 167 256 329 238 192 158 70 134 201 71 157 323 52 251 304 138 195 131 71 52 262 277 54 123 4 17 215 49 229 31 165 198 9 177 10 199 339 41 49 188 124 46 17 209 83 307 326 250 141 191 255
176 221 44 301 103 338 172 242 297 262 29 116 198 302 174 19 17 277 75 271 17 31 95 125 245 305 94 8 141 328 205 233 256 114 54 156 88 318 158 187 96 214 230 205 94 163 237 101 40 239 327 306 317 254 194 60 251 279 132 201 161 248 94 139 24 323 90 250 334 327 138 121 12 46 210 133 178 199 50 25 50 302 51 156 287 309 144 325 27 288 321 83 12 223 176 160 18 330 72 267 137 33 227 73 125 302 274 65 5 288 331 145 203 72 312 146 144 97 184 68 67 27 106 96 266 331 142 111 224 94 66 21 319 284 90 284 303 244 295 23 84 256 241 163 284 121 14 181 105 266 18 197 31 214 282 181 322 55 270 322 247 302 83 284 183 265 110 83 331 69 110 9 145 254 246 105 329 281 76 238 120 274 243 211 65 226 311 244 239 101 295 202 130 304 332 97 91 109 20 1 165 286 148 292 165 255 281 280 133 21 268 249 100 239 232 225 26 335 124 307 289 64 30 250 182 252 218 310 65 153 297 259 248 230 207 334 108 295 18 221 287 76 90 255 176 326 298 263 334 313 338 80 96 116 249 302 27 117 211 340 189 225 285 217 105 156 276 256 119 120 333 177 207 179 110 84 209 299 178 202 4 68 335 242 304 252 300 175 11 70 237 276 293 185 155 190 119 99 96 3 339 273 283 252 144 191 296 227 172 9 42 70 166 290 246 333 274 162 328 129 279 28 143 70 318 150 38 154 281 320 127 153 192 257 133 87 127 162 190 339
113 176 5 38 224 151 145 199 84 106 249 38 123 116 229 171 149 151 303 320 40 13 175 123 117 231 225 89 241 164 327 74 159 187 94 133 283 118 240 95 78 212 306 85 35 80 199 122 110 142 84 123 122 83 252 226 121 94 170 110 25 36 128 163 189 285 135 179 211 227 93 295 271 334 142 200 182 89 276 55 292 46 304 229 58 317 29 332 192 152 240 251 319 202 23 205 101 22 237 85 247 152 104 54 62 300 305 204 316 29 327 322 278 202 7 267 77 336 305 315 332 194 298 94 158 57 140 198 55 57 51 111 149 96 230 313 275 12 279 285 221 305 47 268 174 170 29 110 206 134 258 216 171 60 149 96 17 65 106 255 293 87 292 339 279 314 130 262 92 229 328 109 51 330 35 320 129 87 221 16 228 66 98 188 321 161 311 303 291 128 143 262 105 96 25 21 215 152 246 16 126 102 258 18 72 113 202 13 168 157 20 134 228 301 77 129 247 44 66 322 269 301 102 161 287 289 149 18 254 296 122 197 29 164 195 295 333 34 118 17 58 91 209 233 116 289 43 267 209 100 247 297 262 172 167 25 329 242 297 117 37 140 199 339 160 281 305 273 288 289 18 55 25 122 300 300 15 182 117 335 262 153 109 316 306 41 58 105 253 68 231 4 77 159 85 324 294 84 239 50 113 208 288 150 289 189 66 62 239 62 50 135 125 73 125 229 192 171 221 47 129 176 125 227 83 83 217 106 131 120 132 293 20 160 217 241 81 220 69 221
133 59 129 337 5 43 298 271 326 276 232 24 87 214 30 217 298 240 92 172 25 77 257 228 50 339 55 97 144 171 271 33 145 235 163 327 61 92 103 333 233 225 197 146 12 212 126 316 340 323 285 90 318 282 208 84 15 184 102 154 137 333 103 109 113 106 74 72 276 40 94 140 67 74 310 47 230 231 226 150 284 331 324 276 257 274 31 227 36 60 100 245 246 205 144 24 166 51 96 104 64 127 151 26 163 146 252 323 301 181 57 294 181 102 202 256 79 181 55 238 67 132 2 7 26 139 158 241 188 152 311 316 270 73 104 308 172 186 265 207 115 33 80 230 131 111 52 63 292 162 259 285 139 291 21 229 321 297 311 155 308 153 63 30 78 128 205 75 164 226 214 339 281 84 305 232 222 84 326 302 82 149 269 20 145 196 135 153 97 166 152 251 7 313 339 169 289 126 310 209 338 186 104 220 264 324 325 18 196 212 122 144 237 329 28 142 292 51 314 222 266 89 241 85 297 115 191 325 25 57 155 172 231 52 274 101 23 5 75 142 113 205 23 158 95 61 76 275 300 167 158 36 50 294 324 257 42 279 192 263 18 147 258 222 69 178 60 334 29 75 76 21 120 200 94 116 133 300 123 233 324 66 56 99 154 21 206 71 124 317 176 296 209 187 72 331 110 255 105 232 151 171 175 317 49 334 292 325 218 268 165 140 270 318 295 47 48 144 163 129 301 287 234 264 109 123 222 213 45 72 248 317 318 113 336 160 238 101 118 170
85 163 82 322 114 333 189 27 300 6 106 56 319 305 267 58 273 164 64 295 82 243 58 238 277 337 197 206 151 25 232 191 51 54 127 262 19 308 284 50 332 37 68 101 79 161 242 104 98 116 311 10 8 89 167 253 329 76 201 109 303 249 125 306 339 224 1 34 338 180 260 109 128 266 303 181 137 259 64 127 104 133 80 118 296 314 300 176 335 188 164 104 241 278 177 220 310 185 67 131 194 63 237 242 258 272 319 113 21 109 187 158 270 307 241 74 212 74 267 66 270 308 64 279 305 208 160 280 55 4 336 271 96 273 34 294 30 38 54 276 319 116 311 98 129 281 155 37 117 254 163 282 113 109 184 197 331 39 340 60 155 281 241 151 67 174 190 83 256 326 136 101 307 339 287 68 202 229 154 65 205 290 323 203 154 292 28 6 279 293 163 154 297 307 277 146 233 102 74 235 319 242 330 323 304 64 236 183 168 275 36 234 295 61 16 269 281 58 227 11 48 21 20 31 175 298 52 231 157 334 338 244 271 155 279 150 2 49 264 131 79 9 219 33 111 88 87 107 278 94 296 69 296 244 73 12 142 215 88 288 220 334 295 192 119 98 71 320 37 184 134 121 202 323 216 200 187 335 87 86 13 272 152 303 264 220 103 80 314 251 306 111 141 321 312 255 299 287 311 124 155 295 277 309 34 322 63 120 53 40 26 251 321 310 31 98 37 286 252 67 154 8 291 36 91 179 234 65 148 14 72 314 79 59 267 175 289 243 110 133
269 270 321 334 185 328 255 319 320 94 196 160 274 184 33 12 216 151 340 205 63 182 15 157 216 60 312 240 152 47 233 68 74 238 143 188 217 47 247 311 131 270 170 305 120 187 167 98 40 52 50 31 85 157 321 212 312 76 254 299 166 122 331 58 177 309 231 176 112 279 202 124 142 224 197 122 2 174 6 271 190 156 163 299 256 255 290 59 275 68 96 287 94 293 254 317 240 261 220 135 150 180 177 19 58 302 51 146 271 333 332 118 140 28 78 56 84 289 4 185 76 112 288 101 92 228 180 46 249 144 67 238 260 153 91 340 46 67 169 186 143 36 231 325 119 164 50 71 100 141 96 183 242 65 272 44 290 200 228 241 50 143 213 150 98 179 261 233 176 276 179 28 269 313 220 312 22 249 289 257 124 260 248 290 122 145 37 63 65 230 334 74 164 244 336 134 47 305 45 33 144 173 115 71 10 231 245 331 265 276 63 70 22 144 237 246 273 139 190 69 12 66 158 32 10 266 204 32 47 43 178 8 222 83 165 333 312 214 98 143 326 58 237 182 118 292 78 96 319 208 113 45 324 250 49 333 102 140 49 295 313 12 109 231 135 3 62 295 189 299 238 49 312 88 318 201 248 300 211 191 70 134 215 147 17 179 90 15 9 227 291 44 202 191 47 216 197 321 89 69 5 211 284 295 306 230 320 180 100 208 174 26 193 316 248 32 46 159 70 197 104 31 282 11 1 219 332 58 294 224 292 211 273 22 72 108 243 245 71 181
322 218 49 334 322 144 188 93 339 331 279 33 99 175 311 74 68 1 69 19 75 134 39 190 310 292 173 160 40 257 33 188 234 260 152 119 165 71 36 224 113 224 313 16 171 135 7 255 48 95 250 193 103 274 44 50 175 172 298 338 200 124 245 88 185 286 328 278 112 166 99 161 294 140 246 69 106 198 156 223 77 291 212 263 299 92 222 101 97 169 257 91 14 325 247 313 244 53 87 299 283 302 95 141 148 146 309 294 267 140 296 304 26 161 144 8 155 260 157 83 97 118 204 227 234 211 335 92 295 23 250 183 182 285 149 60 20 228 118 129 276 323 200 318 194 254 317 101 222 119 239 52 27 244 35 265 71 151 266 208 222 270 160 334 216 188 331 330 280 70 24 110 131 96 97 230 174 207 306 14 75 251 180 107 126 16 30 50 182 109 98 168 92 308 50 2 274 207 69 18 6 103 209 231 200 265 299 271 235 24 248 225 304 273 118 93 122 303 56 122 142 19 274 128 162 213 20 163 14 293 284 65 298 145 94 6 223 169 308 205 211 157 322 10 181 94 115 107 309 54 87 81 305 304 127 250 259 120 211 274 117 286 47 158 60 256 182 86 273 325 209 224 128 268 313 261 219 309 103 16 150 203 313 302 91 125 34 49 339 1 91 12 141 175 72 95 203 177 146 148 275 21 6 281 66 138 13 211 174 72 171 78 168 174 160 10 10 114 277 44 238 268 234 179 124 207 133 122 151 165 223 181 186 109 304 128 89 98 200 285
300 83 58 113 82 47 164 195 234 96 33 198 198 100 305 213 231 332 112 319 200 21 158 79 205 73 206 20 128 261 157 151 106 167 202 9 339 197 161 300 89 256 26 199 303 213 156 70 248 174 241 242 240 263 160 285 178 200 100 223 53 197 102 59 5 208 100 263 42 79 189 60 153 264 47 196 316 266 111 285 78 102 320 204 228 139 4 179 172 134 149 127 289 189 15 118 246 64 132 325 201 219 191 137 179 183 300 216 18 9 207 78 137 10 98 59 96 214 144 172 153 309 8 99 148 2 118 262 15 45 270 303 338 113 279 81 309 297 29 122 96 105 240 306 231 230 60 197 174 34 274 24 334 316 243 175 312 164 302 188 243 192 8 254 105 135 250 177 262 253 67 229 213 332 60 209 265 175 19 89 79 336 287 300 330 165 301 37 155 227 184 103 200 275 110 29 54 247 242 300 64 72 326 233 241 227 307 14 126 247 191 73 246 23 147 53 184 170 249 157 146 304 74 205 11 178 236 180 239 286 130 144 258 51 288 312 201 22 326 101 173 27 303 98 227 151 280 199 203 9 75 90 119 184 8 172 156 155 124 333 275 322 39 42 168 18 307 221 144 213 200 190 3 197 211 284 108 300 296 243 101 118 247 290 283 120 3 230 71 199 249 164 186 281 172 150 137 296 295 324 169 281 98 236 132 277 179 99 135 40 208 193 207 139 171 153 124 102 10 116 140 14 161 131 299 150 168 49 68 310 275 325 259 219 92 289 110 174 331 220
153 72 245 67 339 258 324 84 162 240 75 188 210 105 165 246 140 238 52 293 314 255 196 100 253 21 182 173 77 71 146 268 136 42 279 113 105 323 251 102 221 274 24 274 31 228 189 117 257 173 303 303 264 97 202 150 218 89 86 113 323 258 306 128 35 34 218 110 227 112 50 111 200 253 145 51 294 300 42 60 45 22 203 81 105 199 86 233 205 277 95 331 12 202 16 129 24 254 106 175 302 251 243 236 8 327 283 252 201 87 281 63 291 332 144 235 90 322 275 278 253 141 34 204 312 37 338 20 271 130 180 145 294 331 7 296 281 93 290 114 179 293 14 101 168 222 311 84 298 107 86 131 319 258 289 53 238 217 79 336 156 89 323 72 328 263 10 316 211 187 310 119 332 32 40 251 294 218 108 186 133 160 203 262 56 254 247 313 37 75 304 89 54 326 82 86 234 162 180 210 173 10 187 174 275 120 92 329 296 320 333 293 241 240 202 125 51 157 123 108 204 200 278 106 272 132 96 152 23 33 101 91 225 121 269 7 314 303 159 306 70 63 110 224 187 35 159 160 120 315 161 270 108 8 247 94 285 296 136 238 40 12 65 115 23 288 164 301 145 215 93 170 67 276 300 297 196 241 288 222 333 332 165 175 38 82 61 263 213 16 252 55 301 212 64 113 206 278 36 157 332 214 31 150 212 302 156 110 216 87 121 268 39 26 257 240 148 65 332 315 287 114 202 143 42 259 60 131 235 214 338 80 70 89 336 121 196 187 117 70
238 35 251 214 339 328 306 28 321 241 43 6 186 271 87 149 39 18 70 110 178 204 216 121 26 275 247 82 212 205 69 148 136 333 26 137 279 59 65 294 24 69 45 159 61 130 329 113 54 13 214 50 327 338 231 131 188 313 261 51 65 303 334 312 110 228 274 110 268 271 96 205 23 184 267 262 88 298 302 145 160 168 153 46 40 233 201 106 278 199 222 339 144 223 175 322 106 101 227 339 252 224 158 33 191 196 231 20 268 283 20 266 44 139 136 293 101 64 178 293 320 254 270 94 77 204 326 206 319 201 82 336 328 328 163 253 27 312 22 242 84 203 229 175 329 292 307 76 30 229 4 116 303 299 302 314 308 322 214 285 231 299 96 271 109 282 241 196 34 240 179 293 97 3 279 114 94 79 95 155 197 211 164 184 218 300 162 143 50 100 129 216 139 50 284 209 108 156 236 228 131 54 309 95 230 113 150 93 265 115 196 23 241 308 34 39 191 307 88 52 48 178 201 298 46 239 14 125 195 46 189 158 4 12 40 312 55 16 210 71 228 240 308 23 226 51 111 26 59 235 56 145 167 219 83 110 11 209 178 116 14 51 241 102 75 129 3 269 54 224 330 54 160 288 34 137 68 184 203 216 323 266 257 300 49 301 329 50 257 56 296 164 106 328 59 90 134 152 32 322 128 314 331 306 336 322 80 200 332 335 174 86 301 223 320 165 281 241 79 12 237 283 63 240 15 277 2 299 254 8 87 178 316 80 236 38 149 128 285 179
143 144 161 265 263 302 118 219 105 252 327 41 222 275 160 245 156 314 237 129 93 182 131 199 104 314 183 189 156 185 86 3 299 326 85 114 238 56 16 330 116 269 284 284 113 106 200 289 283 64 112 338 84 93 52 79 173 185 61 235 281 227 280 109 322 142 83 97 56 20 279 301 163 18 182 232 171 301 223 116 315 47 113 269 304 299 31 177 238 54 17 185 261 168 117 243 204 230 89 2 137 74 217 165 183 33 330 77 187 35 63 112 58 118 127 213 271 152 173 289 85 145 102 272 325 281 168 172 170 27 340 50 325 178 90 60 56 89 189 157 195 281 51 249 215 47 43 257 263 122 222 71 17 332 242 105 105 62 72 212 48 69 331 220 74 167 126 254 74 139 94 213 302 337 62 301 31 131 119 41 171 22 98 102 183 251 155 78 8 38 7 215 266 183 212 333 83 164 188 178 74 301 97 17 5 14 318 140 307 64 206 217 250 266 312 182 336 248 225 48 213 71 145 181 310 140 238 198 253 222 46 225 122 330 132 278 305 324 324 32 294 103 157 139 2 66 321 176 94 161 126 201 161 42 99 220 29 278 68 280 48 74 127 202 266 217 2 62 188 41 126 131 135 256 113 243 197 205 312 327 325 34 13 52 331 104 277 106 317 150 224 72 303 45 86 194 130 27 242 263 299 28 58 134 298 97 168 55 205 230 58 93 227 207 216 235 311 165 282 103 334 322 82 187 209 79 99 326 248 161 99 82 300 237 34 83 207 174 50 250
246 140 134 318 168 334 325 338 270 327 70 231 126 292 42 77 314 235 265 203 85 305 95 55 95 175 176 229 98 224 340 70 288 171 59 319 238 105 140 163 16 17 274 116 215 125 209 334 175 153 238 167 329 271 83 187 287 216 281 144 53 119 251 162 325 156 6 154 292 264 118 54 76 284 224 228 61 31 18 178 157 138 184 333 69 112 126 107 155 301 224 184 311 208 84 339 111 58 317 217 298 123 117 81 134 127 79 102 294 160 7 191 26 28 104 253 183 140 156 51 109 197 75 261 79 85 158 23 48 224 213 276 320 167 193 238 107 318 304 253 183 225 124 237 245 237 252 277 204 208 96 119 83 315 87 15 328 127 337 283 148 316 115 308 147 260 12 70 97 210 143 79 51 228 270 187 138 102 111 250 52 239 72 93 312 217 103 28 171 99 110 19 181 297 64 24 245 181 72 137 34 122 188 100 242 295 121 14 274 63 182 320 161 24 217 43 153 42 316 196 213 134 293 284 3 333 334 328 287 67 182 333 197 140 339 71 145 329 75 243 247 55 293 290 80 304 203 119 174 55 339 83 60 265 122 9 311 63 241 234 68 1 207 151 247 157 110 269 57 144 116 107 46 43 113 158 240 195 262 281 97 281 174 214 139 241 302 212 324 247 287 23 204 144 196 224 272 168 199 110 161 206 311 8 265 232 98 100 291 235 119 27 212 279 146 298 86 191 312 14 270 316 94 226 27 185 151 282 302 117 7 155 245 38 330 261 257 220 178 80
8 223 149 332 59 324 214 101 124 103 291 322 68 230 224 43 7 102 70 315 254 304 332 241 19 146 319 206 335 336 158 231 124 80 82 114 1 290 219 28 149 195 196 285 311 181 217 123 294 19 310 101 116 34 91 142 194 219 76 203 117 21 196 253 234 276 20 163 82 136 218 239 111 5 339 144 136 79 214 206 75 132 173 248 26 271 250 59 161 80 82 128 176 272 331 196 257 135 51 218 303 276 249 271 167 310 130 104 300 206 146 84 319 269 151 19 336 183 289 13 99 126 158 91 128 298 137 191 289 159 217 25 67 36 136 75 262 73 329 285 155 203 277 170 306 24 189 22 308 202 66 236 241 200 290 267 92 249 151 116 305 319 8 107 62 278 340 152 50 138 116 107 150 136 312 198 307 141 58 116 78 287 112 40 118 260 283 326 204 95 121 316 310 337 329 214 4 208 324 321 160 237 249 142 335 16 129 261 151 333 52 314 230 273 135 232 73 214 8 93 160 280 91 304 300 139 300 111 35 145 13 84 57 241 307 38 22 291 107 251 241 261 151 279 267 12 272 103 271 33 249 235 128 99 238 340 128 154 69 294 285 175 124 154 191 66 109 65 237 47 302 297 82 135 323 67 332 243 230 291 218 164 303 96 318 49 163 71 68 298 264 56 139 17 287 254 124 17 66 12 124 64 319 312 152 336 269 338 280 177 219 144 197 229 135 126 81 331 75 223 255 264 217 213 278 312 82 320 255 133 313 144 203 240 93 204 102 94 99 27
154 306 290 256 315 288 256 301 253 174 64 133 26 125 119 339 312 22 307 321 128 263 187 206 286 326 193 285 190 130 5 25 46 126 233 25 331 85 18 264 155 304 66 218 100 231 124 279 99 173 285 51 96 271 50 56 64 174 258 206 93 254 73 304 193 53 219 142 203 228 53 45 85 30 135 229 194 107 307 161 178 140 133 172 160 23 303 131 94 180 229 205 116 132 255 39 211 332 266 258 231 73 317 174 78 107 103 29 38 14 24 339 322 43 21 193 181 35 132 73 308 21 231 124 110 243 216 203 236 316 121 338 210 76 218 145 213 16 166 281 267 39 271 333 306 132 19 324 169 188 174 42 289 300 236 170 265 238 113 227 306 65 270 185 174 79 310 72 198 233 184 60 91 128 76 46 222 34 257 46 237 340 89 148 7 76 143 15 106 111 255 257 137 28 60 11 203 38 72 312 226 202 197 81 138 234 14 145 298 220 238 326 274 332 217 196 96 173 88 98 228 131 339 192 205 43 166 29 148 188 335 101 65 240 47 296 312 114 238 212 11 302 7 216 273 124 48 164 283 324 161 83 23 178 154 284 328 340 88 95 90 192 242 45 35 74 127 202 315 19 17 208 332 251 123 174 61 171 38 14 12 79 105 206 140 319 179 21 118 12 243 14 315 208 245 54 42 90 331 253 323 135 255 90 90 9 183 181 280 299 245 63 46 280 218 109 50 296 15 68 201 178 302 238 10 24 281 26 19 242 166 58 282 22 86 122 132 308 289 90
207 175 19 172 85 36 230 75 53 51 176 314 239 237 123 132 328 277 216 163 266 55 278 59 42 7 258 69 203 183 296 40 81 202 288 305 151 253 44 218 231 168 253 158 21 254 21 27 177 132 39 250 36 79 325 332 328 25 18 118 68 289 165 97 107 9 209 149 146 192 327 54 189 296 253 94 39 193 154 94 56 336 62 234 217 158 249 113 188 238 295 279 2 130 135 230 197 57 56 6 94 238 103 248 91 294 210 152 294 143 86 71 126 240 301 206 148 275 14 83 123 301 335 318 297 27 61 297 333 101 108 90 114 6 257 133 209 217 104 311 93 300 37 312 236 87 317 283 139 117 50 77 277 204 307 249 26 283 134 143 258 145 89 335 185 59 121 93 123 111 63 88 74 325 206 138 88 233 323 70 240 289 283 156 157 198 70 167 267 2 227 135 35 41 338 88 67 132 296 296 120 29 311 152 337 339 113 251 265 273 300 260 258 55 181 240 7 138 304 124 127 72 280 224 70 173 289 8 162 314 312 333 121 230 177 247 312 153 135 167 229 199 23 313 165 60 61 13 140 46 35 237 120 58 104 35 94 201 54 145 35 143 1 17 10 303 285 189 137 283 40 57 294 38 141 311 326 34 12 198 107 199 135 123 157 305 55 64 200 48 312 199 101 312 268 176 247 127 261 279 131 331 269 149 30 167 147 45 245 237 305 175 30 243 293 43 78 147 107 200 251 204 326 287 165 181 269 301 66 283 43 72 86 328 298 51 13 150 8 247
130 306 65 116 99 116 93 323 151 266 101 150 187 27 335 217 27 215 309 102 319 195 309 30 262 148 83 124 303 40 88 146 91 263 124 211 46 301 339 274 67 278 217 240 321 65 114 59 17 122 184 324 269 78 14 12 182 195 10 92 235 317 198 297 304 40 40 297 203 294 150 37 275 34 266 270 108 201 288 173 291 25 103 250 276 278 223 18 212 23 176 158 237 48 189 5 321 2 188 315 87 319 136 285 332 283 186 276 293 151 66 144 24 157 269 310 225 63 31 245 225 198 112 228 258 161 23 159 293 131 125 301 179 29 85 156 285 257 186 156 217 17 25 111 102 286 190 41 130 235 124 287 296 288 236 114 320 302 116 217 297 274 115 27 261 230 117 133 231 135 322 213 195 9 270 37 268 17 50 42 252 100 202 186 282 16 314 27 137 111 45 276 68 196 198 24 90 285 190 243 113 172 283 306 199 304 339 100 233 200 57 340 208 9 171 59 286 134 287 217 307 147 41 59 182 119 330 116 94 62 55 240 84 116 296 25 11 242 51 304 102 61 100 247 266 25 242 4 42 266 291 221 6 335 238 101 276 12 164 43 78 176 305 106 27 315 330 18 151 182 131 203 302 297 106 258 109 61 92 172 93 214 246 44 126 305 121 274 90 232 272 237 305 150 226 31 40 64 154 308 73 271 46 302 42 275 219 152 38 73 171 157 8 243 171 94 252 296 272 104 163 109 264 321 191 282 107 131 161 138 303 25 279 225 46 195 101 200 181 116
230 140 322 234 264 323 65 37 245 115 16 45 226 207 266 46 325 197 182 6 198 76 186 167 224 97 40 195 326 102 94 37 333 293 144 18 234 125 241 294 159 303 337 299 293 80 58 219 110 269 198 234 267 158 327 58 26 109 170 39 335 323 217 208 87 134 268 91 130 231 90 15 37 157 284 44 175 302 99 325 324 213 69 127 297 256 186 234 297 321 9 183 87 262 30 315 67 146 224 304 301 80 263 316 147 75 316 269 197 323 19 323 120 140 107 201 174 169 202 42 59 219 131 118 235 23 284 296 66 291 217 213 295 76 261 191 317 35 279 173 153 292 98 50 248 267 184 288 302 272 223 179 190 278 292 172 11 171 135 319 65 217 281 6 150 208 94 60 312 338 221 133 33 56 49 176 32 70 104 90 243 121 67 275 299 7 232 91 325 51 87 224 9 264 39 181 190 318 188 326 96 228 192 304 221 225 234 136 233 328 306 144 139 139 282 312 104 13 70 41 336 229 205 123 338 217 107 228 160 207 190 261 286 338 113 18 160 332 101 313 88 82 292 257 25 158 136 103 293 271 291 264 124 95 45 291 198 105 64 223 174 127 24 203 39 125 171 251 182 141 275 310 255 178 162 324 47 154 215 318 248 269 51 316 215 88 135 165 305 8 202 242 131 105 92 268 259 193 247 36 238 194 340 79 294 229 331 335 68 61 9 250 297 192 124 125 171 108 226 306 304 335 280 31 80 190 175 264 269 103 85 321 59 183 110 64 173 308 36 313
313 333 226 338 200 3 271 242 163 176 24 92 152 100 139 292 276 12 305 155 54 229 308 26 326 129 177 178 338 339 49 5 62 39 316 322 120 91 270 117 132 195 84 218 258 266 95 103 130 275 240 58 40 277 180 42 163 79 293 326 151 19 173 93 283 18 338 336 54 12 115 76 53 100 301 8 303 298 203 269 33 63 183 120 224 156 280 29 248 129 26 135 33 276 126 292 313 179 329 96 325 278 33 216 281 178 206 7 274 181 229 139 116 177 309 169 194 256 211 318 53 153 96 63 128 340 237 130 285 196 181 13 259 88 234 2 83 244 232 269 113 311 293 287 62 300 227 5 274 149 79 157 219 188 294 166 180 9 281 223 149 171 340 304 91 290 227 33 8 316 205 20 211 153 18 311 78 252 28 19 294 292 310 325 2 94 289 36 18 86 250 221 153 33 64 334 13 312 13 120 205 156 273 60 326 291 81 144 257 199 283 291 18 303 50 276 20 175 335 113 200 181 253 237 298 71 53 112 217 202 91 284 130 206 144 326 219 253 126 319 60 274 247 198 43 252 10 171 285 295 50 169 333 179 121 271 209 300 121 100 45 169 62 140 10 306 183 310 250 223 196 240 179 2 20 300 147 27 302 209 235 173 175 168 243 132 34 96 117 110 60 22 134 239 336 305 163 324 226 239 183 22 205 224 340 21 18 105 69 235 132 231 178 301 275 76 202 340 20 54 326 32 332 65 270 85 164 120 222 62 44 27 165 132 97 3 170 215 161 168
260 252 40 8 73 308 212 260 299 261 56 254 67 318 254 66 249 77 172 273 241 100 238 159 22 204 217 97 79 15 184 108 309 71 153 284 244 106 88 75 104 213 220 25 197 101 46 138 91 156 19 78 168 64 89 100 236 87 1 144 8 48 295 69 215 214 213 327 5 154 217 141 38 83 24 333 245 87 282 227 77 301 140 204 207 176 248 58 106 220 253 107 239 311 268 275 280 199 218 207 15 105 298 65 124 190 169 283 160 225 105 324 274 130 129 227 309 233 150 325 225 243 162 222 318 6 138 201 116 255 292 67 327 196 147 210 263 333 123 295 5 128 298 57 64 122 42 213 73 217 131 163 102 112 248 185 274 153 191 98 150 166 101 24 337 98 332 228 253 212 80 310 322 8 75 257 108 178 159 161 226 275 109 94 216 141 177 214 324 94 27 172 160 131 311 320 168 289 51 236 238 202 256 306 224 301 268 22 116 21 178 274 144 329 82 191 21 183 119 46 246 211 136 145 297 129 194 285 164 66 271 103 236 237 95 55 1 276 78 70 99 136 37 265 34 197 170 13 74 314 237 301 319 154 12 83 112 2 330 158 91 72 332 158 120 194 208 53 134 1 263 165 12 36 94 166 287 201 65 16 149 234 78 83 102 268 41 249 134 40 120 209 235 101 206 55 315 326 231 128 257 210 67 54 181 248 13 88 33 86 70 40 269 203 44 12 145 103 217 8 29 235 184 60 153 219 315 137 4 323 333 90 124 191 82 266 92 123 279 191
76 194 10 320 221 275 29 81 64 262 82 192 247 262 280 276 130 274 116 25 52 207 155 228 209 144 198 304 13 142 263 46 153 284 158 200 222 226 12 52 77 271 108 87 324 103 15 147 27 143 241 250 95 50 128 38 95 304 209 17 161 212 199 334 77 294 279 199 145 60 237 106 112 194 47 81 289 110 106 196 195 117 207 277 93 268 12 91 315 290 299 219 27 32 162 228 256 215 192 15 7 228 70 220 38 182 93 111 227 295 251 182 207 80 292 204 278 303 169 146 149 268 121 329 167 312 206 315 295 165 12 149 146 215 36 145 185 322 260 40 168 244 140 61 89 45 226 163 285 107 241 224 322 335 54 78 225 332 46 108 241 120 94 135 251 7 244 132 201 45 109 84 62 104 68 272 319 132 152 161 236 148 276 296 139 97 142 39 174 256 240 253 130 289 238 56 156 226 337 313 261 42 297 66 1 193 165 37 337 199 138 262 29 276 191 154 134 194 320 313 137 153 85 291 214 223 265 319 157 178 284 31 33 35 233 85 90 274 323 140 232 292 272 241 173 223 104 99 168 333 240 59 322 216 82 300 135 182 140 49 61 87 98 90 130 248 66 288 225 295 150 271 121 204 135 329 318 249 196 167 267 165 139 177 328 189 176 181 135 327 317 233 79 306 174 281 138 131 85 185 95 94 319 88 119 75 35 225 338 2 278 14 175 68 23 299 328 267 201 163 171 317 39 91 216 105 42 94 148 76 139 218 301 222 125 29 327 178 313 96
312 98 12 147 241 153 253 94 167 147 302 218 207 312 21 185 36 67 228 169 75 310 261 323 58 1 213 178 274 298 139 303 274 314 268 55 292 241 48 239 338 207 45 327 204 337 228 330 124 110 236 13 198 222 22 104 7 278 247 319 17 196 168 249 210 314 65 11 157 200 207 114 76 217 136 105 296 174 125 73 144 136 17 128 169 16 317 283 328 90 88 176 306 55 131 230 257 311 72 103 316 55 80 244 262 53 243 282 97 68 165 174 198 190 32 172 176 274 330 157 290 59 13 188 25 97 119 242 207 196 287 48 268 244 113 107 64 296 130 238 176 202 87 246 145 271 321 182 12 185 49 254 116 77 152 267 126 206 225 143 262 208 242 306 81 151 180 56 267 99 115 42 142 77 281 322 274 137 86 281 83 146 81 218 221 268 173 95 11 12 189 9 165 137 297 226 171 239 288 166 108 139 8 238 178 275 306 205 21 72 156 221 140 29 140 307 225 121 16 1 122 260 94 321 48 91 99 80 23 169 31 336 85 102 306 87 46 235 200 317 36 203 49 153 270 327 322 2 275 139 308 55 6 171 318 304 203 29 133 269 63 164 332 286 68 16 223 104 163 255 279 162 179 271 47 47 18 173 253 91 101 132 269 58 103 17 221 30 181 273 196 84 217 143 237 82 70 295 180 119 276 11 227 215 10 7 121 69 269 117 334 110 113 323 100 91 33 75 126 304 185 5 52 40 163 340 5 129 109 322 63 97 147 290 298 177 180 127 250 143
296 203 334 139 90 187 31 10 280 46 232 6 43 280 95 269 35 276 67 334 212 192 222 146 30 333 218 56 324 257 283 17 333 295 170 243 193 142 172 114 179 126 20 132 42 160 61 208 77 193 200 79 87 228 120 219 110 140 1 94 4 103 5 307 186 299 254 124 22 164 86 16 59 292 152 136 312 169 290 148 187 88 314 67 72 142 212 274 278 102 305 116 184 134 49 79 16 317 317 35 187 45 70 293 215 52 60 289 171 106 315 210 278 127 295 43 209 307 7 272 158 39 135 86 285 180 96 50 214 156 310 65 322 189 127 192 107 258 255 34 140 171 147 263 188 46 161 200 67 40 325 128 127 246 181 78 313 300 310 133 207 238 152 327 241 159 168 178 175 275 204 68 141 327 19 61 177 20 106 146 17 193 315 331 148 302 274 98 175 24 151 29 163 126 80 227 119 1 307 87 7 102 212 208 108 89 152 112 191 243 27 314 56 222 290 141 57 114 126 259 178 31 57 298 51 33 78 142 55 251 90 271 191 194 43 186 154 5 317 183 220 141 212 277 312 201 222 321 305 202 263 48 238 302 329 276 62 109 239 231 255 227 325 148 39 42 99 198 144 299 285 238 149 225 276 58 104 174 198 23 322 259 34 37 153 141 93 331 151 104 22 8 156 136 32 331 110 207 307 312 69 149 242 229 143 220 236 123 88 312 294 285 185 229 130 66 34 189 195 218 52 102 110 44 43 313 61 142 88 238 65 61 275 242 143 88 195 70 239 115
142 158 170 312 153 1 57 181 156 247 97 82 36 80 197 64 326 259 37 177 231 71 179 254 8 291 325 317 248 253 265 198 42 165 216 50 216 286 174 186 335 269 140 85 268 272 148 245 329 22 31 22 55 54 192 36 312 314 294 230 292 316 9 232 29 273 338 270 298 268 173 329 89 225 120 61 197 223 192 76 57 103 188 259 4 93 160 58 229 166 317 254 71 77 114 147 149 156 117 266 63 306 125 241 337 38 186 131 105 93 147 34 334 308 164 206 127 85 45 300 171 4 259 55 226 276 120 286 43 132 172 332 159 165 93 332 133 307 117 236 123 270 167 59 290 240 123 270 179 86 59 206 187 225 48 68 62 197 291 238 271 292 150 172 139 302 254 16 118 106 249 141 9 223 167 47 115 34 185 312 5 279 60 149 273 222 64 68 276 24 43 69 327 20 109 262 244 310 12 247 140 172 112 187 325 10 125 217 35 318 86 166 263 43 111 120 206 179 74 13 257 174 68 121 165 222 124 284 30 181 93 88 80 140 49 129 17 117 3 330 231 212 213 269 22 313 259 329 179 64 282 303 144 335 158 180 48 237 46 224 63 194 29 38 335 20 269 10 77 3 265 219 137 24 227 252 290 306 81 113 99 124 229 166 248 189 71 248 187 245 32 19 226 71 179 3 217 67 88 279 197 70 137 320 299 267 175 32 180 103 326 53 134 298 60 259 283 186 213 16 82 303 48 244 306 235 252 145 214 286 187 40 200 244 187 216 123 1 142 339
142 30 53 47 14 45 5 194 8 5 292 336 139 217 145 316 321 167 198 147 235 96 29 151 151 75 101 92 274 42 166 127 65 243 199 116 230 162 234 102 11 201 93 160 110 340 238 63 210 293 263 243 204 42 258 130 82 152 327 244 233 156 191 140 70 268 82 81 11 273 153 185 25 112 253 267 170 322 312 122 318 128 89 248 78 243 172 324 145 132 183 227 105 164 115 114 148 7 299 228 197 45 92 130 250 200 280 209 111 7 173 21 86 56 124 239 57 122 132 317 198 235 18 93 287 104 55 297 244 31 215 218 141 253 249 27 338 320 210 228 1 248 271 87 168 140 10 65 158 119 109 18 2 99 232 282 72 40 30 112 96 330 325 336 64 310 118 152 262 270 305 328 218 127 334 147 272 325 48 15 98 180 227 306 277 60 318 279 335 25 2 194 124 74 169 179 286 287 309 97 292 256 13 231 106 20 7 134 239 43 193 118 334 28 145 172 228 142 255 75 252 197 238 247 325 9 212 129 110 329 326 129 308 3 269 8 230 319 183 156 277 16 282 340 170 231 284 226 21 193 164 10 297 318 339 282 194 286 81 81 259 72 123 223 51 170 258 99 120 336 285 99 104 193 293 221 173 44 24 229 169 40 324 4 7 294 109 248 98 282 78 73 179 238 308 240 29 335 27 113 340 54 165 219 285 84 121 54 89 83 10 224 279 307 139 234 203 6 201 251 202 34 236 76 102 108 167 289 72 119 42 33 98 150 107 215 252 255 216 276
61 271 316 245 84 115 312 304 213 65 152 173 97 115 66 142 72 224 147 202 311 33 238 90 61 308 100 228 48 105 327 108 222 199 197 120 178 118 259 215 3 244 98 74 272 200 59 223 10 65 271 304 216 178 133 178 118 27 312 95 332 78 336 234 177 286 264 277 12 195 51 233 328 333 83 61 297 96 59 26 210 312 257 38 195 267 168 53 221 44 298 168 34 120 174 13 238 337 309 296 96 109 199 156 43 187 267 80 211 20 34 273 288 255 113 190 92 155 249 54 84 35 66 70 139 71 65 165 124 90 12 155 103 222 162 131 88 98 30 221 317 147 325 121 82 57 76 159 253 298 247 196 6 231 64 192 4 2 289 321 147 265 19 148 46 78 197 57 213 157 55 123 327 124 335 205 105 261 60 210 45 51 319 18 304 137 264 86 55 258 26 162 265 74 20 268 294 65 80 263 129 41 123 338 16 239 133 125 21 98 177 15 187 264 165 169 172 24 176 147 7 331 4 210 28 243 229 115 231 339 274 159 297 188 203 198 302 270 37 165 281 334 249 335 254 147 78 280 31 298 45 328 250 257 38 331 297 302 304 70 45 196 82 164 193 173 151 88 118 131 110 129 111 228 117 169 193 62 151 326 137 48 192 27 325 279 276 171 114 38 298 16 226 277 13 222 233 288 255 39 186 8 22 221 240 47 235 12 139 299 74 184 72 120 141 325 218 320 62 205 138 129 108 261 83 21 307 299 195 74 331 103 6 188 152 121 92 90 215 66
307 249 275 15 252 276 250 69 230 321 206 305 88 151 272 206 315 72 66 13 1 32 23 70 155 272 264 340 74 231 96 151 46 139 84 280 26 138 274 146 213 32 219 197 158 63 248 302 159 180 303 191 154 133 93 9 12 98 156 249 129 51 120 210 128 226 21 160 95 88 164 272 68 4 234 159 18 299 170 249 308 157 236 23 242 205 145 106 48 33 155 219 121 84 157 217 148 165 259 297 75 266 295 165 55 3 165 15 24 33 25 138 66 320 284 84 3 165 237 229 17 335 340 237 192 101 219 247 312 118 117 108 282 97 174 128 136 291 172 228 93 233 132 137 171 63 256 278 55 324 57 282 237 76 98 64 186 35 181 257 161 66 127 220 189 177 184 182 91 160 100 209 81 170 76 95 334 109 288 316 108 155 110 166 314 232 309 207 64 36 89 269 188 170 26 307 152 150 39 9 143 226 1 293 141 320 168 202 300 298 201 292 253 119 242 16 150 2 224 302 138 182 308 209 173 59 300 93 165 254 43 336 249 337 59 317 11 176 110 15 118 199 150 79 68 323 222 263 320 205 174 227 224 77 114 339 241 84 165 26 139 319 78 254 7 164 201 56 252 244 70 28 23 298 41 46 31 167 330 144 112 184 306 146 208 336 259 222 127 337 212 173 201 26 250 117 216 5 253 53 87 11 217 116 328 264 265 265 188 170 283 155 156 294 105 231 29 167 2 156 329 300 339 2 198 173 257 322 40 312 18 92 94 155 335 317 308 189 283 48
261 297 284 217 140 103 14 148 209 211 232 203 100 198 209 314 164 296 66 214 152 325 213 107 125 125 292 239 82 152 247 63 220 133 39 12 38 285 44 9 278 246 218 235 203 279 128 57 228 279 157 321 229 4 260 83 25 11 144 190 122 235 187 171 210 196 302 270 273 215 284 40 187 72 143 149 287 170 318 314 184 141 102 327 53 308 179 44 252 82 116 31 264 198 113 211 197 252 224 54 290 20 50 37 1 222 81 185 84 10 332 302 13 262 263 297 96 248 311 268 287 288 124 83 14 304 243 206 3 193 197 49 311 250 85 336 57 235 74 300 208 331 35 236 8 37 214 333 55 319 301 190 334 286 14 247 104 315 74 130 32 284 170 289 89 149 326 293 118 183 159 143 310 195 329 152 115 277 123 249 26 231 234 59 102 27 296 161 247 141 296 114 127 258 322 324 71 210 191 108 24 300 215 276 12 138 55 209 259 168 204 278 201 94 94 159 152 153 59 197 175 180 87 138 318 127 284 48 278 338 254 214 29 128 77 184 56 64 309 131 306 181 309 54 61 38 18 8 45 334 249 58 305 181 290 135 316 173 167 98 320 264 245 79 124 267 234 184 320 37 40 173 271 284 54 213 117 234 109 179 325 219 242 138 339 20 247 188 255 46 290 224 39 9 139 77 284 59 25 114 163 59 225 89 292 37 240 283 105 287 293 198 102 306 37 107 148 47 129 103 24 132 205 5 84 249 223 243 75 143 182 27 36 261 106 213 157 77 340 190
14 171 178 224 80 334 192 144 313 264 267 48 81 231 246 337 92 60 338 217 310 22 121 162 115 337 101 46 213 136 25 340 99 238 160 36 168 114 17 178 160 288 135 230 48 209 293 36 282 209 153 192 19 39 29 293 204 52 19 130 158 164 19 15 257 249 36 290 318 280 198 279 317 251 86 270 33 108 277 225 117 200 275 279 286 257 175 275 226 308 125 305 78 85 223 316 151 50 303 109 37 134 278 131 3 72 316 37 178 97 333 155 25 248 33 163 289 262 254 209 283 31 269 34 221 300 223 224 340 147 287 69 105 138 133 323 191 45 194 58 255 120 48 72 155 237 115 201 133 193 327 50 287 187 280 305 329 223 242 234 303 65 81 170 65 96 266 179 296 174 135 157 54 40 150 4 113 276 262 108 110 37 157 191 117 53 27 231 147 11 148 112 57 75 271 101 267 73 137 1 123 224 340 72 311 33 294 19 99 27 43 238 299 252 245 55 242 254 302 9 313 101 271 153 45 234 151 90 45 63 71 296 11 302 14 28 295 77 105 107 164 139 334 298 167 105 162 194 59 109 329 282 300 141 170 267 118 220 67 312 73 192 298 116 273 247 145 334 156 98 5 70 169 321 46 146 182 16 307 75 96 261 3 51 290 163 338 47 114 283 209 315 325 325 155 326 14 189 336 171 77 273 308 281 122 336 320 229 238 210 117 157 165 6 231 188 236 46 132 311 38 256 255 178 183 186 142 44 314 298 168 67 248 78 14 292 51 235 199 298
151 305 155 271 45 156 227 304 71 310 112 16 92 255 124 63 210 128 125 31 148 93 258 275 225 155 64 189 28 60 337 123 328 8 151 336 275 243 54 303 105 221 252 64 90 97 63 306 200 63 139 292 148 75 193 276 329 332 24 32 89 156 133 247 263 150 167 290 286 332 164 14 96 192 102 93 122 229 314 335 320 278 241 29 258 219 231 161 318 146 249 313 254 276 233 309 32 28 332 112 203 122 126 71 325 322 37 24 241 135 291 101 102 211 84 106 30 81 107 256 302 46 205 309 106 64 108 173 49 19 154 131 59 270 40 173 271 337 194 274 202 59 174 324 273 7 209 41 281 290 147 196 46 297 182 328 79 331 230 107 30 256 110 99 209 294 241 8 272 64 202 193 213 291 317 165 245 83 103 165 264 324 135 5 111 188 120 176 37 119 25 309 163 106 241 257 109 68 47 41 77 97 199 204 19 251 234 297 12 137 122 223 125 76 315 239 221 85 29 292 38 289 325 25 79 232 162 176 92 236 79 269 329 15 145 9 173 234 194 138 40 293 196 325 255 153 254 166 209 242 266 155 227 161 31 203 88 192 138 45 194 234 339 182 127 33 23 23 76 154 5 100 290 22 143 145 189 52 333 72 54 110 306 223 219 222 279 234 117 125 298 124 110 262 146 115 92 73 85 149 30 307 63 11 15 304 230 252 332 39 72 46 134 262 100 49 254 329 10 137 90 316 103 246 19 276 245 187 189 332 63 299 8 107 102 5 131 92 146 143
296 54 106 173 4 290 68 267 289 137 55 254 78 142 152 235 167 154 44 258 285 56 89 75 256 197 157 144 1 101 265 198 86 227 254 226 217 271 134 155 153 109 139 96 105 25 79 230 304 84 190 33 189 245 28 30 26 254 20 225 55 24 110 328 328 154 194 206 309 251 132 211 254 235 299 202 78 68 59 231 273 178 298 291 48 30 160 278 84 121 334 95 325 133 126 292 202 303 107 82 204 119 297 76 208 260 4 210 191 140 208 189 231 288 335 27 239 248 209 28 141 247 193 114 117 81 149 10 329 268 285 200 191 144 274 94 15 329 44 242 32 137 176 116 270 334 174 288 213 203 289 90 193 191 280 60 78 173 89 36 74 199 300 201 39 32 228 339 247 41 18 118 90 4 247 177 28 165 126 263 226 199 51 67 70 146 258 276 192 130 245 215 65 14 147 147 297 225 331 104 246 277 311 232 307 276 67 174 35 247 106 116 167 200 223 253 42 167 58 108 188 139 227 227 338 301 306 32 101 227 248 220 66 217 317 2 71 21 209 96 25 182 78 291 69 118 235 131 135 72 165 212 334 317 13 126 311 273 336 53 148 210 94 133 261 47 167 261 110 124 303 215 184 261 79 298 111 53 300 85 107 142 245 210 252 6 123 51 11 328 253 307 206 290 194 104 96 324 267 221 141 201 285 176 193 58 178 287 292 64 27 221 157 66 326 291 203 282 165 161 243 17 33 253 339 215 117 304 135 268 64 273 258 13 100 268 55 197 50 262
12 215 50 136 50 116 101 155 192 221 101 274 243 296 177 168 131 156 237 111 84 260 250 126 92 297 208 298 16 58 127 297 98 328 65 200 33 18 250 40 20 104 36 66 102 278 3 41 162 249 105 156 226 150 92 78 155 283 16 23 110 80 332 190 282 244 26 67 241 3 315 325 280 144 281 269 242 25 271 256 101 302 87 200 336 21 335 52 32 77 309 170 142 196 232 275 254 31 262 123 318 51 290 335 183 182 288 234 245 322 235 83 105 178 29 277 199 27 294 239 96 101 38 174 242 304 54 23 143 221 335 306 206 273 70 120 160 128 131 231 332 298 256 153 187 86 99 320 33 273 127 240 76 50 95 331 44 92 69 300 335 228 137 328 221 173 132 33 117 337 7 163 245 158 55 57 135 99 48 206 33 272 17 116 41 324 53 14 82 13 335 53 278 155 204 88 60 139 123 175 227 115 293 212 123 102 335 228 101 287 81 109 239 270 92 128 222 169 281 17 318 9 269 213 256 86 235 262 226 166 82 285 91 217 159 323 159 17 328 311 144 196 287 293 255 135 255 175 138 183 202 3 245 26 23 197 176 118 312 207 39 311 269 108 286 303 98 105 22 177 303 181 302 249 225 89 121 76 280 97 117 69 289 337 257 249 234 123 190 55 251 143 62 150 143 104 258 259 340 307 186 159 338 322 298 176 173 332 123 338 181 29 288 285 92 49 48 283 41 277 110 164 294 214 232 187 297 280 41 305 173 260 135 285 83 296 243 234 308 291
125 48 91 251 59 54 254 303 8 135 337 317 271 207 132 89 322 4 284 6 55 321 1 142 256 21 143 318 41 117 84 127 257 25 230 235 49 45 164 52 273 216 118 248 56 57 251 81 293 144 34 95 161 218 25 93 23 231 224 94 199 177 121 63 121 64 245 22 196 188 329 216 89 84 310 55 250 265 295 96 119 24 203 7 31 263 201 112 219 7 67 84 142 197 211 181 82 123 29 244 93 168 58 220 230 59 19 117 339 211 116 263 283 56 46 250 126 16 43 217 219 130 210 72 207 91 86 49 135 301 15 25 216 173 11 180 53 95 201 129 243 249 218 52 282 178 56 79 282 48 205 105 324 79 23 214 111 193 248 150 84 335 88 6 284 235 44 313 103 19 172 55 181 282 184 46 280 64 223 275 187 248 34 336 114 240 221 40 180 254 183 58 70 57 224 141 152 199 52 46 25 20 119 144 144 209 257 317 27 316 217 262 86 309 332 45 324 318 201 22 85 82 335 13 17 110 88 174 313 251 281 16 134 285 10 236 39 230 67 149 14 190 300 97 75 297 7 111 217 226 316 340 218 301 242 119 26 206 136 282 204 80 224 333 324 308 322 169 78 212 30 305 49 329 230 308 252 279 248 252 169 216 237 292 33 215 262 54 166 340 179 206 125 171 17 187 174 237 17 132 177 290 271 64 306 63 57 311 133 93 5 46 329 61 151 202 4 150 266 121 109 215 109 163 331 62 165 30 304 81 215 134 312 246 73 90 144 223 71 143
95 273 240 47 314 134 54 324 304 28 291 294 126 161 269 246 42 205 294 132 270 165 118 57 129 204 114 25 331 23 313 264 329 63 322 139 257 250 208 179 41 58 161 111 96 321 175 267 117 278 180 83 226 322 90 91 244 258 219 180 254 248 86 125 100 231 235 181 136 120 259 68 162 148 320 175 106 284 58 113 191 84 64 224 1 283 252 79 88 112 195 126 339 36 330 205 15 118 34 262 334 323 98 335 31 303 225 25 201 240 324 221 186 122 152 35 207 268 82 179 139 160 130 307 325 95 239 255 309 232 80 339 221 276 167 215 243 283 37 238 340 326 256 22 202 332 212 102 39 118 239 229 42 123 296 112 235 130 243 178 136 239 233 159 224 195 76 48 323 43 238 242 204 202 35 215 139 154 16 66 292 25 172 37 71 269 86 208 185 169 119 36 46 340 136 127 168 164 333 35 338 179 209 297 100 57 314 336 338 171 196 208 48 307 118 266 269 227 254 64 227 47 89 184 188 296 231 250 322 136 84 96 81 223 31 107 181 81 198 37 36 266 69 85 311 19 164 13 220 103 315 90 155 9 264 161 68 228 288 95 57 82 154 272 252 93 92 59 175 9 244 221 91 100 157 116 218 84 15 137 201 166 179 3 114 38 178 32 261 306 49 217 326 109 194 86 119 302 194 150 293 245 218 154 206 201 268 144 36 322 154 276 321 312 79 51 132 88 189 26 172 280 24 210 246 152 220 227 68 255 250 86 59 23 148 247 274 257 168 303
264 58 180 35 93 253 264 113 267 309 182 320 140 174 275 321 210 140 167 300 192 291 43 87 155 134 1 329 146 204 205 203 20 42 59 93 239 318 150 117 139 84 248 316 256 246 279 332 268 165 52 222 116 244 112 70 276 189 86 274 63 155 254 178 214 236 298 307 176 220 33 328 170 73 133 195 212 328 282 166 274 133 147 168 42 19 53 294 36 168 289 82 209 42 128 178 199 13 47 72 7 144 43 179 201 311 71 230 200 295 321 267 331 220 323 39 144 248 17 103 115 214 278 108 82 317 217 80 10 10 320 250 84 137 281 7 253 251 59 217 186 321 291 222 322 137 203 125 117 80 247 255 268 214 34 67 55 271 263 38 118 184 223 296 107 91 172 92 67 289 114 242 200 149 115 161 51 274 98 112 36 160 339 187 174 81 146 128 283 297 277 298 244 273 244 91 85 35 287 18 240 200 144 119 332 330 252 146 197 32 299 86 36 248 324 318 93 319 31 282 318 74 303 271 187 319 142 34 76 124 26 311 291 314 257 130 22 239 302 330 24 304 249 214 182 41 221 22 296 249 83 266 324 152 274 8 55 96 215 314 152 34 301 201 277 174 319 6 109 320 226 257 295 212 9 173 181 33 251 158 179 37 101 186 30 92 226 7 161 79 167 8 125 229 31 125 236 228 60 3 306 202 4 205 228 148 230 188 94 290 251 329 98 47 195 311 35 157 221 152 42 253 85 336 286 112 164 46 329 244 179 194 338 69 222 297 239 30 288 151
199 143 212 14 236 22 121 66 266 81 323 59 228 289 234 123 273 121 209 19 190 104 282 202 25 209 297 235 48 131 74 221 243 305 165 254 184 105 125 48 316 34 227 151 234 188 219 150 166 81 51 281 8 219 165 41 167 105 3 52 190 220 212 318 116 251 330 102 253 50 327 323 129 48 290 159 151 178 194 13 310 92 58 159 42 147 230 30 52 176 78 56 147 266 99 145 55 65 100 41 180 309 160 215 56 227 285 129 95 69 324 206 318 32 255 274 323 188 50 136 200 294 263 69 85 253 33 137 101 122 243 335 133 28 164 272 181 195 206 186 92 195 11 23 35 209 109 282 42 196 187 197 83 97 206 114 261 134 60 191 8 74 11 282 337 91 143 171 303 321 301 322 1 138 96 62 14 107 257 196 231 281 128 128 288 195 154 21 249 224 248 292 271 308 189 2 170 312 324 232 127 23 319 84 17 174 4 329 25 251 333 176 302 172 232 63 269 108 326 194 53 314 167 1 300 150 202 178 293 178 338 177 275 328 281 90 150 62 187 274 118 296 246 243 324 304 243 277 317 143 164 260 301 290 277 71 184 305 230 194 52 252 100 303 335 190 22 116 112 260 53 66 120 211 178 116 282 97 332 290 58 336 309 167 264 120 200 40 221 141 282 20 266 251 217 108 249 105 307 30 133 135 92 203 125 235 153 122 248 289 177 339 194 233 36 188 339 264 147 171 268 107 302 3 263 197 197 257 187 94 297 242 52 164 3 313 76 318 325 61
38 315 287 54 89 35 151 107 286 259 27 197 97 118 302 78 84 279 33 83 110 247 88 113 263 310 55 133 321 268 195 49 299 284 282 112 58 211 214 275 107 305 291 197 98 205 164 152 276 338 207 33 302 191 206 272 191 7 145 273 261 266 80 83 285 291 300 203 119 169 73 288 270 105 190 79 51 125 10 145 17 187 69 81 262 237 144 222 70 20 9 147 101 153 17 93 210 45 227 29 105 105 275 187 168 28 26 249 281 146 60 333 75 170 158 222 234 316 55 291 156 249 201 223 19 107 306 329 283 330 128 161 200 340 94 99 314 99 284 331 133 223 322 312 205 197 233 310 76 99 46 252 198 93 196 170 246 96 211 15 255 32 46 48 19 51 259 185 308 142 158 36 133 328 65 179 334 279 271 67 307 336 98 97 340 50 252 95 290 238 205 79 227 273 248 140 175 146 27 304 266 311 5 247 136 57 251 264 187 183 161 340 230 146 38 236 236 106 57 233 154 134 183 281 23 81 219 210 333 104 85 45 82 339 247 225 22 138 54 100 244 225 15 216 47 252 222 44 111 94 282 302 12 34 229 181 307 56 126 204 272 213 27 56 157 30 18 32 92 234 188 275 40 293 242 78 174 18 130 81 110 113 60 145 177 277 308 166 324 204 330 287 291 44 213 196 293 119 145 52 326 49 311 61 19 124 244 218 283 41 143 337 206 340 177 215 290 225 149 19 331 305 68 35 322 120 310 276 313 113 331 328 315 327 7 231 198 90 194 134
307 88 49 139 118 155 155 118 119 327 335 204 162 141 177 65 244 5 282 84 159 163 90 33 26 45 124 202 306 51 13 157 38 310 15 178 199 244 203 69 10 103 144 135 137 197 210 5 250 245 75 28 52 112 68 280 311 305 271 289 335 324 30 72 244 296 15 116 103 232 12 236 120 254 98 29 316 155 304 191 227 97 185 55 47 172 16 189 204 116 64 53 65 12 21 75 208 280 11 116 207 151 250 90 169 113 210 301 41 78 144 157 134 334 33 61 104 195 329 8 47 151 177 102 259 211 10 77 130 283 54 302 10 241 269 318 156 73 85 201 276 281 11 168 144 299 90 203 77 312 126 173 247 298 280 326 245 227 283 325 103 278 316 277 327 297 167 117 27 169 84 162 20 188 163 26 73 296 167 314 319 46 250 329 60 161 28 46 24 1 57 329 175 255 41 176 44 96 203 205 233 86 118 284 9 25 231 315 172 77 242 150 30 165 10 294 336 9 316 301 300 35 21 90 14 208 103 4 328 43 40 174 230 45 59 2 11 318 198 320 8 259 223 234 265 166 304 85 198 215 288 219 323 147 266 166 317 37 190 338 242 146 297 65 94 230 159 275 285 147 234 20 154 36 57 163 162 70 111 224 294 82 167 322 29 190 117 138 3 280 181 178 245 37 335 70 194 95 57 171 255 252 78 110 175 207 21 156 162 90 177 90 174 117 324 12 200 115 49 255 149 77 93 91 151 54 232 260 183 104 36 265 12 212 150 68 64 70 209 111
189 130 41 205 144 88 279 164 50 158 139 248 220 267 203 130 265 337 151 38 209 131 213 154 116 98 299 171 112 39 57 61 258 308 122 187 80 196 6 113 280 212 333 234 157 322 205 328 117 188 114 200 209 236 318 236 274 90 55 332 324 211 177 181 26 280 57 281 121 18 194 281 47 149 179 160 42 273 314 17 213 186 156 70 91 305 140 111 239 275 65 301 303 263 340 2 239 225 50 54 197 87 221 210 78 245 4 37 110 189 35 7 283 140 102 77 308 272 282 164 208 123 223 226 207 309 226 161 120 38 102 298 55 215 83 295 293 42 41 246 193 26 331 106 61 305 295 58 108 309 210 319 235 125 339 82 69 32 256 159 75 157 71 332 259 30 328 92 277 76 257 228 162 66 315 195 293 16 63 185 174 112 2 310 271 239 295 4 132 261 112 38 335 270 325 78 72 186 147 14 11 57 239 335 43 157 302 274 180 76 136 165 100 131 90 259 253 129 266 301 300 165 276 335 319 227 16 180 181 292 133 328 323 307 243 240 256 4 11 283 100 118 220 77 33 69 255 270 322 271 281 333 137 1 28 52 61 34 266 123 309 22 6 141 46 276 108 2 337 292 142 185 118 106 151 275 311 203 144 72 209 161 22 124 275 258 87 65 266 318 58 314 82 188 31 134 316 16 260 211 319 140 122 166 8 229 311 211 22 300 47 35 172 214 51 217 277 172 119 235 300 238 258 142 283 157 76 34 142 193 56 35 245 236 61 133 123 49 124 87
277 274 88 320 336 79 145 246 157 225 21 217 110 32 138 327 59 127 114 278 78 175 218 315 296 184 309 38 96 214 120 146 102 269 219 113 129 117 213 244 34 337 165 88 269 254 255 234 79 28 87 4 16 250 303 107 3 296 201 305 337 221 78 258 183 268 333 327 36 87 138 249 156 103 317 4 277 64 206 55 73 263 107 295 246 68 230 317 213 66 204 166 328 267 35 240 292 132 140 101 213 223 271 153 216 317 294 104 169 97 56 227 329 183 287 33 229 269 270 78 72 77 61 234 335 150 309 240 258 126 210 125 106 11 124 240 90 59 180 126 209 101 272 65 46 74 65 244 154 103 51 160 227 304 213 141 223 264 216 182 321 272 267 330 184 35 8 178 246 39 327 277 53 325 80 335 242 215 62 113 42 262 140 61 175 248 152 112 99 186 311 297 128 308 182 233 3 135 225 271 281 295 80 194 168 55 29 241 278 152 251 126 232 285 288 10 253 198 147 282 56 317 137 277 311 202 294 51 30 100 302 201 143 220 152 17 334 293 269 41 180 232 238 327 97 182 7 65 90 293 338 38 208 265 253 198 48 77 150 178 28 228 69 266 88 242 297 222 264 158 134 304 178 208 61 49 174 303 217 145 294 246 164 81 202 195 332 324 333 261 316 327 320 180 71 322 10 94 102 32 162 338 80 265 223 335 77 77 244 142 221 232 296 335 67 87 25 159 216 176 314 129 175 125 182 32 296 50 129 62 85 199 335 71 80 8 294 196 322 135
302 36 293 67 250 211 293 144 202 324 43 150 298 332 314 161 67 222 232 192 246 181 267 184 18 308 87 11 162 7 304 309 138 95 197 332 105 61 274 131 97 195 17 198 164 54 13 183 100 65 5 256 32 304 11 266 65 88 3 340 6 112 131 78 312 235 165 181 207 121 130 27 96 299 246 274 68 253 194 280 167 307 96 66 139 162 207 106 112 290 111 151 249 136 10 8 173 250 53 83 264 179 93 34 170 24 102 302 207 66 56 325 314 268 124 317 298 320 11 203 280 318 228 80 201 196 13 138 179 85 28 6 90 287 216 78 105 228 28 117 130 101 203 75 139 103 51 317 28 335 57 153 99 181 292 321 256 65 183 306 176 286 79 9 263 26 199 216 310 321 250 164 281 70 36 217 315 305 326 219 202 166 147 37 331 52 21 329 245 310 15 314 2 168 187 53 204 65 100 36 199 29 97 62 192 204 117 256 253 250 328 171 156 329 78 61 64 182 73 152 161 45 207 283 112 80 287 107 229 66 42 62 253 277 185 276 277 294 46 303 152 223 60 152 51 104 8 38 310 89 156 61 175 51 311 114 304 269 50 8 287 320 25 119 215 117 293 5 16 62 108 191 94 246 57 237 171 116 142 315 55 339 259 272 333 180 333 154 191 326 112 321 329 310 133 190 113 128 141 106 97 96 280 194 249 55 252 129 182 166 265 168 155 322 190 235 129 136 6 211 252 215 261 185 313 270 142 224 41 45 49 332 76 46 61 195 278 158 232 198
305 337 294 287 3 137 83 296 94 227 39 196 80 79 115 144 305 272 319 283 113 111 59 65 116 201 172 52 268 2 181 78 322 124 274 8 222 202 215 312 181 10 77 86 72 13 257 266 69 316 169 72 199 236 123 180 22 32 190 251 55 204 87 70 142 27 319 253 319 314 131 35 157 178 134 14 244 178 40 97 339 167 187 34 270 142 7 302 332 204 2 234 262 8 288 106 59 135 89 175 123 330 161 164 262 18 296 27 252 66 89 324 249 127 268 256 210 51 236 34 61 214 334 46 83 220 250 29 66 236 272 22 217 59 177 114 164 42 127 300 52 254 70 156 201 64 161 52 236 58 82 82 250 230 79 66 162 112 295 237 23 29 66 193 240 322 45 141 153 332 60 98 3 163 205 194 322 251 143 193 327 241 157 118 88 52 236 17 197 18 98 222 212 269 312 263 36 261 262 154 23 286 82 223 93 178 123 71 307 266 170 14 336 267 232 113 36 189 321 209 236 150 221 30 257 15 193 125 119 200 11 23 279 336 217 16 87 226 290 188 209 75 235 290 174 84 83 229 72 267 104 249 198 31 253 253 252 305 262 232 33 250 259 231 82 183 43 174 130 56 339 79 6 95 290 282 22 150 149 69 187 78 131 179 233 159 215 189 196 46 23 19 197 332 235 146 173 138 116 261 60 335 291 295 283 215 9 172 7 175 149 292 277 102 127 264 322 147 106 107 304 309 184 50 330 268 305 115 87 105 143 113 57 58 38 6 153 23 62 185
184 35 332 210 144 65 244 211 123 134 1 151 295 76 240 125 46 55 132 239 128 313 191 335 110 310 295 190 11 22 217 290 97 83 17 124 340 90 314 235 69 214 8 57 175 215 70 115 115 329 240 99 280 329 224 122 76 249 58 65 98 27 184 73 84 4 61 15 107 131 296 246 191 145 198 90 71 50 109 150 319 143 108 175 150 306 302 154 82 232 329 190 215 116 154 308 164 290 187 97 321 315 201 144 165 36 221 119 113 6 141 237 203 112 58 103 186 105 39 70 146 203 313 262 209 103 30 16 318 184 10 130 195 148 109 244 182 200 143 29 169 215 233 88 138 93 5 274 151 15 238 90 118 246 133 96 38 34 214 76 298 123 73 4 82 303 339 248 190 226 70 286 35 99 143 72 238 79 176 106 246 132 253 170 155 314 191 30 230 122 270 47 222 145 185 171 306 114 115 87 85 149 73 9 175 57 236 167 231 325 94 227 99 294 316 15 61 316 211 329 333 124 331 296 291 167 286 15 1 138 338 87 103 19 256 8 12 255 89 201 337 196 26 89 125 186 77 316 147 311 111 218 49 263 100 143 226 273 216 197 312 294 151 64 210 331 145 264 29 291 238 8 103 294 303 23 28 244 143 268 35 256 21 112 147 203 125 28 14 186 146 111 87 238 338 91 63 335 293 138 243 175 214 202 276 66 308 151 84 135 241 135 327 275 228 305 258 249 73 305 165 68 330 310 37 272 250 47 101 9 49 248 229 81 75 93 271 20 52 145
315 315 11 337 132 78 22 267 324 105 106 112 85 85 196 128 308 130 247 220 9 233 79 264 320 150 233 124 277 248 337 198 30 322 294 287 139 181 265 149 23 126 237 244 221 164 138 77 283 167 177 32 12 51 278 245 269 58 284 338 66 50 52 198 182 86 174 177 9 290 134 20 173 150 58 79 250 257 129 81 62 111 265 115 262 256 216 198 116 174 59 253 77 181 121 160 146 229 282 44 57 272 304 24 269 132 294 127 67 127 56 230 37 51 109 116 117 148 170 300 46 111 197 31 307 13 292 231 289 187 34 227 273 164 335 274 267 171 14 112 150 26 14 158 329 15 259 93 259 319 332 78 90 2 8 256 196 87 174 294 150 223 251 296 158 314 89 321 311 6 160 213 4 302 173 161 9 15 131 336 197 196 171 106 96 60 310 17 14 147 110 85 65 176 52 106 116 165 243 133 174 337 9 131 211 77 203 72 268 173 133 197 175 296 93 69 314 302 280 293 114 308 309 170 280 233 79 61 310 20 308 114 84 281 99 170 93 109 316 316 57 296 235 26 21 134 198 325 259 95 98 166 31 313 89 272 340 10 63 329 226 311 274 301 254 99 340 130 155 125 206 299 140 62 247 170 121 295 339 195 157 211 176 58 327 327 127 169 323 144 55 220 229 40 265 189 324 335 97 259 93 290 163 134 155 317 8 249 177 281 249 300 122 280 134 1 234 119 319 6 239 110 69 263 145 6 86 74 169 199 324 269 113 258 29 187 83 143 165 148
128 52 190 2 273 196 283 226 22 215 216 70 256 69 245 306 89 115 287 93 98 296 50 58 70 116 117 267 192 331 53 320 332 237 322 168 39 173 190 60 38 331 332 132 122 48 245 120 23 130 127 289 209 312 146 62 11 322 129 61 26 215 335 252 219 111 227 279 172 90 51 116 153 262 24 229 148 285 149 306 281 203 284 256 225 3 316 163 125 64 311 49 16 177 171 138 27 309 326 204 12 52 275 213 340 95 296 332 295 77 278 318 131 54 198 167 63 302 318 5 129 19 83 224 138 132 132 257 50 204 274 268 293 69 48 83 113 197 18 99 323 287 61 322 137 273 155 58 8 213 23 141 287 267 250 116 303 313 36 302 172 199 108 100 158 310 310 39 43 167 66 16 4 228 217 247 62 157 23 7 249 303 226 32 194 140 217 139 278 159 269 292 242 248 303 96 212 314 38 312 243 140 284 52 216 68 154 122 250 231 319 18 146 11 263 335 133 183 107 265 272 204 274 295 74 140 215 278 28 6 174 40 89 337 163 275 309 123 231 2 197 292 277 27 327 281 33 231 309 296 89 27 83 162 110 220 223 169 237 324 288 92 189 197 275 161 43 177 294 249 148 165 134 45 247 118 326 47 59 130 332 191 44 27 29 250 75 12 43 90 190 238 146 104 263 290 213 337 246 334 323 4 35 200 189 150 227 153 258 331 73 95 225 105 183 184 88 141 208 129 322 235 23 295 199 139 52 72 162 74 19 204 321 314 73 188 338 131 331 238
40 9 310 293 44 285 150 144 221 272 235 203 244 253 14 140 74 144 200 24 21 1 269 194 301 115 254 184 97 46 79 256 5 271 61 150 46 325 42 310 168 12 287 278 93 270 109 189 281 44 235 254 278 15 63 62 194 156 94 1 235 202 253 234 202 339 313 335 1 66 308 310 336 302 201 238 18 96 11 199 296 272 9 71 60 51 66 320 325 169 72 71 17 127 171 133 227 223 236 191 179 30 14 131 58 158 158 35 237 95 298 335 298 103 301 175 185 56 214 27 261 211 113 147 44 221 177 41 225 227 176 304 292 216 259 85 319 142 325 82 187 10 302 264 36 33 192 109 276 46 158 287 99 68 261 74 53 148 17 56 177 236 91 93 133 336 87 278 65 209 138 107 44 73 260 244 302 333 174 244 39 92 163 193 242 296 311 330 69 229 173 264 58 291 155 116 282 336 239 267 189 152 105 85 167 254 6 335 53 309 91 319 237 213 85 129 289 221 244 154 2 294 14 112 124 218 271 60 195 188 283 252 168 258 42 316 325 86 258 262 184 5 75 228 46 191 17 48 304 24 112 273 306 25 157 284 269 50 156 133 51 204 34 68 191 90 113 53 162 266 314 138 276 178 72 167 224 188 171 331 207 237 26 9 295 109 225 55 340 10 238 187 107 308 172 178 303 16 303 208 55 264 128 54 309 109 20 162 80 81 205 76 265 180 251 217 77 226 30 309 293 129 18 159 88 43 203 256 251 123 247 293 106 49 104 226 238 265 263 194
184 120 85 156 46 277 114 121 192 164 81 318 214 57 148 254 58 108 36 57 45 10 9 274 250 266 31 289 274 1 283 180 305 49 42 130 315 193 141 81 284 85 101 32 230 326 332 75 265 272 20 166 329 252 57 146 235 144 254 295 131 97 29 11 81 83 198 330 242 225 329 72 309 312 92 232 41 86 168 298 58 46 228 2 43 215 308 29 262 1 106 154 164 207 299 100 163 166 287 282 125 285 154 303 69 157 4 35 26 73 187 241 197 161 318 27 17 154 192 283 53 238 81 45 336 182 51 71 11 235 155 131 295 21 217 333 110 202 260 136 267 234 5 98 202 148 144 252 57 62 327 293 86 28 13 321 44 274 15 294 259 8 176 176 6 144 51 142 267 22 241 88 115 199 87 155 72 264 239 61 189 284 41 237 138 340 283 212 184 72 308 55 208 173 278 145 224 33 49 188 273 302 252 8 307 128 4 55 127 93 212 288 283 306 8 181 193 234 308 79 121 25 109 221 167 30 188 215 6 24 182 277 62 75 42 59 67 212 269 82 105 330 245 61 323 131 275 85 167 214 88 17 180 45 217 125 29 333 300 295 45 200 173 3 10 140 304 191 326 28 12 335 289 173 125 44 1 306 46 99 85 126 140 267 7 249 2 1 269 242 220 133 268 268 237 247 218 319 22 288 217 137 79 131 12 57 204 136 36 187 339 204 57 67 22 25 6 160 145 92 218 201 245 82 214 154 15 244 262 23 298 159 79 315 252 87 181 58 183 3
2 147 339 249 138 170 316 33 20 282 228 327 19 37 61 6 6 130 100 308 59 298 219 170 108 240 192 135 180 172 66 296 295 113 327 59 95 190 257 217 26 325 239 183 132 48 277 228 142 288 93 228 308 245 89 68 177 215 328 128 266 312 210 6 190 151 277 187 332 25 39 65 131 328 232 285 141 46 143 233 80 147 160 82 46 327 171 67 175 34 210 97 281 118 32 29 181 287 219 27 5 85 85 186 18 336 259 100 135 102 291 138 85 312 115 124 273 286 327 212 187 165 49 101 82 272 61 265 307 305 179 83 239 187 2 119 193 145 248 106 264 66 209 321 254 32 82 212 187 270 332 287 284 20 37 273 214 89 122 107 137 39 258 41 330 114 51 214 149 92 182 87 332 319 340 188 205 164 57 141 191 1 273 23 59 26 266 10 336 233 262 287 31 114 150 93 229 302 183 283 44 92 109 143 236 266 7 149 297 286 92 45 109 7 9 289 175 310 18 175 251 82 161 298 289 196 143 270 272 281 9 42 199 99 61 109 144 253 259 9 279 275 125 144 148 91 18 176 50 315 151 178 192 228 42 247 325 80 57 267 183 33 29 256 334 34 319 156 272 313 117 180 141 80 289 213 182 283 43 266 53 323 64 155 106 299 320 1 113 247 20 272 111 115 209 48 249 132 275 189 200 15 104 208 319 172 197 119 39 206 81 137 111 81 140 53 62 13 145 125 264 239 229 334 11 3 166 158 249 216 275 289 300 165 84 44 302 60 73 207
219 250 216 149 139 192 30 200 30 140 240 24 41 39 139 263 235 90 4 30 315 120 323 90 254 147 326 292 208 77 118 196 234 271 18 157 118 291 54 6 207 184 259 80 182 334 14 299 218 147 153 265 329 338 163 128 307 334 83 41 77 181 109 164 163 294 160 327 61 74 138 198 247 171 131 118 213 306 105 5 73 15 53 268 251 74 219 303 112 145 155 234 293 34 312 227 175 252 85 89 103 58 11 51 39 147 297 5 33 47 336 15 223 84 310 311 36 246 96 177 84 9 255 196 63 263 160 68 57 101 270 174 231 238 134 42 16 172 135 176 147 108 49 253 82 180 70 111 233 54 228 127 299 203 221 234 286 16 75 65 49 290 233 179 334 313 146 124 214 309 86 17 321 13 105 103 267 94 222 220 246 84 90 9 268 311 94 198 330 107 204 297 191 18 146 272 45 84 77 279 154 243 125 188 178 68 71 338 158 249 307 212 63 106 182 58 15 125 182 203 124 198 234 318 68 327 37 297 145 296 94 165 194 63 63 24 153 156 239 257 34 98 307 113 213 184 335 35 122 264 235 197 55 263 209 189 24 161 26 128 193 208 170 305 175 295 252 17 117 288 15 59 220 217 177 337 293 316 308 268 178 215 224 105 201 194 35 272 298 295 118 73 218 279 277 186 101 31 61 185 191 272 219 228 336 202 254 336 95 200 319 261 197 313 169 288 47 97 154 142 35 170 267 303 97 165 90 245 275 291 302 322 334 141 122 94 154 321 315 165
212 65 128 331 27 44 327 209 20 148 71 102 100 13 194 293 334 312 133 170 186 289 239 331 232 145 167 228 124 300 288 285 315 49 105 65 119 128 92 278 336 186 120 242 179 163 65 180 292 177 189 324 89 108 126 327 256 12 175 292 227 184 60 22 264 45 200 127 38 44 136 206 268 65 128 282 334 82 320 249 89 304 21 223 186 42 24 270 317 81 250 84 333 46 330 300 317 247 235 33 90 51 243 288 65 81 328 216 238 259 176 125 149 108 195 5 235 117 253 22 139 8 156 320 110 36 268 324 110 198 178 270 118 260 89 9 196 322 328 17 118 317 301 158 60 75 338 305 198 322 8 217 182 279 282 333 87 178 45 105 175 138 238 121 96 35 319 207 125 204 264 267 160 338 12 139 273 197 336 224 106 97 226 254 12 279 99 59 267 295 262 142 76 67 295 25 45 40 340 279 172 3 17 284 31 159 64 320 60 312 173 196 51 277 310 117 101 273 15 303 170 156 157 171 19 334 185 75 119 165 317 255 221 261 258 187 88 270 323 119 180 138 58 238 315 69 54 86 186 273 198 114 306 262 288 265 338 220 220 224 257 217 131 139 140 219 167 21 254 124 161 26 172 265 316 100 97 296 17 316 340 104 89 132 50 306 339 43 339 108 166 133 295 209 31 28 200 207 210 103 159 82 167 138 293 21 158 238 69 141 53 254 84 24 277 196 197 5 27 97 247 209 126 165 178 288 15 191 313 280 91 164 264 72 129 191 218 245 106 193
302 295 271 208 246 28 41 236 124 91 334 29 169 147 25 69 36 291 25 76 299 39 292 50 213 146 274 47 133 68 222 235 287 28 127 245 211 8 6 177 154 23 184 222 155 136 279 325 248 165 44 47 256 238 158 10 87 144 139 84 233 156 245 326 312 302 99 253 136 84 336 149 120 144 74 78 283 8 215 262 231 280 39 76 107 227 52 266 88 66 334 14 164 274 325 33 198 63 32 214 35 158 48 51 10 243 45 89 75 50 221 48 170 227 319 158 155 56 337 256 2 314 4 75 50 29 231 281 200 325 239 9 235 294 101 71 9 38 204 245 178 303 54 1 110 31 246 76 213 228 138 75 5 37 47 150 96 327 327 330 145 303 137 148 303 105 177 308 38 43 300 195 301 55 127 191 96 24 70 95 118 5 155 305 3 227 45 183 42 65 29 60 102 191 229 232 264 228 152 272 335 73 248 114 321 33 256 26 239 8 106 107 316 277 177 68 338 322 45 108 204 339 186 167 75 144 181 98 249 74 137 305 71 286 139 218 170 236 193 125 160 152 335 119 196 68 332 334 192 213 58 204 163 218 178 71 183 138 237 189 232 264 74 223 251 183 326 189 183 60 244 108 147 209 164 74 265 87 303 307 90 315 222 113 35 315 182 212 197 49 302 63 311 281 239 117 107 87 23 51 223 232 236 180 51 159 253 273 38 174 4 158 72 20 118 220 228 158 309 192 66 334 246 28 50 98 193 102 145 267 209 238 120 40 208 238 280 116 52 185
78 191 247 189 279 69 336 82 171 266 51 4 340 277 263 19 322 19 12 269 142 91 300 108 64 313 314 66 58 299 229 282 192 253 294 53 211 84 10 338 66 317 333 17 89 219 206 297 317 198 125 285 35 58 332 179 20 336 59 172 191 267 306 279 9 146 219 66 71 302 22 119 295 25 152 6 309 323 151 77 36 177 242 89 89 319 62 53 264 174 168 309 218 271 149 61 114 257 133 103 42 64 235 174 96 142 282 103 216 35 134 161 177 301 288 88 6 16 256 48 223 48 115 238 164 194 177 114 131 296 50 223 148 88 203 60 71 226 110 73 288 132 154 146 236 155 63 323 254 248 242 60 153 225 270 312 124 310 241 299 57 253 168 246 129 193 236 198 9 16 333 339 88 160 89 184 126 276 245 5 313 284 169 94 229 184 234 266 167 327 227 262 85 182 215 184 258 19 138 101 139 119 194 117 77 127 205 241 229 303 114 142 168 74 212 310 88 66 18 223 158 229 113 187 3 210 127 16 35 52 71 64 143 249 41 75 175 151 23 242 66 334 202 250 55 96 13 154 114 70 29 199 318 194 140 23 204 135 8 2 106 160 21 102 63 171 203 303 321 216 180 88 135 132 46 80 170 63 105 272 39 29 258 220 340 114 116 114 212 14 85 317 253 35 230 228 166 93 21 51 53 137 90 140 304 223 119 255 126 219 81 255 269 312 181 151 221 13 165 164 216 200 35 238 235 245 216 45 25 205 79 142 72 143 100 172 27 164 175 188
93 293 323 16 281 81 225 48 299 326 142 241 223 192 93 304 294 308 179 111 324 19 72 236 309 71 65 335 228 213 51 50 327 67 177 253 200 180 183 238 303 59 275 121 119 32 244 225 137 1 250 42 285 134 338 185 56 273 270 34 90 143 167 117 202 180 302 272 283 205 101 160 210 20 307 82 243 336 137 214 303 87 105 75 155 61 146 161 237 254 157 69 113 136 296 132 278 149 130 314 111 6 107 296 306 185 279 236 190 155 302 130 75 24 173 332 31 318 302 84 1 146 18 101 323 32 300 294 315 104 286 318 263 118 193 77 4 30 223 254 127 84 248 163 173 311 277 202 114 223 77 231 234 8 205 134 114 244 26 306 131 98 314 315 234 245 318 65 59 248 234 7 21 311 77 51 114 229 150 23 326 316 35 44 46 336 137 316 316 216 130 270 285 9 184 292 250 274 91 273 258 328 210 329 113 168 39 321 325 53 15 312 168 179 48 201 136 151 248 231 85 149 46 158 193 145 264 95 268 95 239 106 185 323 83 58 172 200 329 172 1 184 114 75 329 48 46 34 273 307 339 87 159 15 112 29 32 312 290 160 20 284 285 132 177 285 185 338 66 147 260 188 267 92 24 250 117 44 287 105 234 313 79 27 81 84 154 159 181 183 54 100 186 129 302 304 179 129 54 35 91 104 188 68 182 264 71 89 13 310 12 63 249 321 155 255 131 65 146 157 327 170 314 275 170 47 234 253 202 340 233 159 300 334 236 296 198 266 187 265
87 236 291 103 172 44 199 275 151 132 295 186 211 147 5 56 31 87 177 325 142 51 265 99 104 328 256 340 311 263 186 334 53 255 290 283 60 321 328 149 192 244 98 236 51 259 250 92 227 167 155 256 124 136 240 17 310 291 291 176 224 147 212 167 298 238 86 167 209 245 163 339 94 103 332 199 103 146 136 242 85 224 327 34 179 176 38 174 204 136 213 223 33 338 268 68 218 179 153 177 297 167 210 301 1 274 30 326 276 151 335 148 27 258 220 205 140 249 50 313 251 36 225 244 143 144 92 169 291 58 4 253 129 6 117 243 166 318 102 224 73 132 340 64 123 272 259 236 330 293 12 191 163 250 263 144 73 83 228 70 330 148 139 23 81 4 224 80 321 288 321 57 146 78 196 242 119 156 109 46 124 157 42 23 136 276 294 231 337 335 188 322 196 328 164 88 273 112 332 38 231 309 220 33 100 192 259 190 143 337 143 135 313 247 12 195 175 102 224 44 21 325 150 207 252 220 116 156 20 29 334 304 293 233 37 116 96 132 140 284 224 115 29 331 201 300 52 50 137 92 244 243 233 51 249 68 190 30 258 39 172 192 204 273 130 87 335 239 278 117 7 304 292 158 277 128 30 126 191 323 17 38 234 328 116 32 285 1 330 231 85 263 162 236 303 296 259 160 165 6 289 3 99 213 260 50 203 212 210 324 226 202 150 70 305 179 11 168 148 22 269 17 220 20 281 281 270 11 110 69 73 245 339 151 67 306 98 160 321 53
249 7 112 57 266 335 5 8 116 335 324 48 139 272 334 106 235 84 105 9 217 334 135 255 270 94 81 14 167 320 250 6 145 133 293 116 130 202 271 149 324 230 261 130 43 35 233 224 94 57 213 103 26 16 20 11 70 111 267 239 207 171 289 241 195 15 294 152 106 101 340 6 117 163 237 38 267 166 152 212 185 319 209 51 333 285 145 195 150 278 246 178 164 121 11 125 57 302 270 140 27 141 136 67 5 179 73 42 270 81 138 221 22 95 124 10 337 195 157 148 231 329 296 186 323 232 301 332 12 275 90 223 289 108 256 40 108 166 301 31 292 31 159 143 214 6 188 19 51 263 38 204 229 289 98 306 80 110 260 194 148 159 94 57 52 126 108 55 5 251 268 84 232 87 178 48 190 232 6 123 336 43 190 136 75 301 59 196 160 68 49 232 241 145 262 104 237 85 214 115 312 189 200 197 244 307 211 73 204 189 242 171 334 193 55 235 283 59 103 132 162 326 244 251 304 209 339 333 124 223 81 188 214 177 227 118 29 312 241 330 21 90 330 62 330 195 4 26 12 50 218 149 320 296 298 266 197 249 239 156 303 283 7 42 164 68 178 54 2 128 288 269 160 229 90 156 76 147 56 309 281 249 255 67 115 161 256 232 136 141 121 221 174 170 13 311 335 229 177 40 83 60 298 96 311 246 243 251 269 40 125 289 283 36 279 156 167 65 10 279 271 312 33 276 121 289 105 210 136 327 337 118 176 302 115 286 312 247 43 237
165 25 331 327 198 201 160 74 83 175 53 319 69 137 136 8 13 339 33 117 197 119 50 308 5 158 292 333 72 154 42 128 95 301 196 168 75 109 81 309 310 295 308 24 8 269 21 98 115 264 278 11 203 135 209 325 307 95 201 276 168 116 219 83 273 197 268 21 301 96 110 179 294 134 167 102 130 227 218 337 159 120 284 220 39 296 208 212 257 258 181 146 131 255 169 280 111 253 268 2 83 242 195 278 39 126 181 72 72 153 49 195 241 59 327 214 242 97 131 4 203 305 335 104 3 241 230 268 318 4 227 253 68 105 79 309 251 97 113 206 163 131 39 200 178 204 43 292 312 103 160 192 108 311 160 124 248 69 121 66 130 1 278 50 83 268 78 281 278 107 113 56 159 290 130 229 142 131 210 240 173 226 6 132 324 185 175 295 94 144 271 112 119 207 306 35 47 186 76 296 92 75 132 97 176 99 269 44 138 196 320 173 212 194 306 164 202 284 66 287 320 103 85 311 23 80 104 321 13 131 233 280 206 104 10 56 236 126 52 70 277 145 225 267 26 54 337 28 68 34 166 143 311 134 43 127 257 308 150 106 104 253 225 243 196 45 334 71 285 334 329 111 321 28 302 204 307 263 154 193 187 184 147 321 296 100 15 265 267 221 86 130 108 308 9 226 99 199 105 186 126 70 331 315 154 223 137 249 251 75 285 127 229 203 218 297 169 149 158 217 192 228 171 26 251 177 101 327 139 229 209 177 292 321 253 208 247 17 290 225
40 258 251 46 294 149 52 180 24 217 184 276 16 271 258 113 107 52 74 246 80 55 19 205 266 75 169 52 15 88 146 151 315 214 186 66 301 279 229 138 168 210 308 16 150 231 321 215 314 109 306 333 188 213 216 6 309 90 125 218 131 13 59 182 289 148 198 125 134 236 130 19 197 246 74 60 179 260 141 271 326 303 159 79 205 63 293 246 205 43 39 232 165 325 262 154 233 120 287 255 99 60 304 119 314 286 134 256 37 129 1 157 193 204 10 1 262 189 186 301 124 131 100 102 231 218 337 57 270 29 170 153 175 117 38 265 278 103 139 323 117 15 150 249 16 260 331 248 329 169 164 333 173 58 202 200 312 204 138 144 30 208 140 1 254 120 234 82 31 138 235 76 247 149 275 252 6 61 216 46 262 304 152 32 34 335 286 316 32 323 127 98 46 15 207 149 122 295 25 100 124 65 251 41 62 230 18 284 325 308 47 67 110 168 287 34 93 178 182 105 33 185 210 35 118 146 277 315 39 317 235 29 177 142 293 131 101 37 298 187 139 277 252 272 21 219 231 275 200 215 232 118 3 180 66 337 244 28 269 151 291 165 307 189 165 186 211 135 165 163 196 182 299 292 252 166 295 268 28 132 118 285 265 1 206 58 111 298 214 72 252 63 142 215 89 282 25 125 317 32 323 153 10 233 36 300 5 108 148 207 317 154 85 57 51 276 231 199 209 316 317 22 310 179 26 34 93 190 240 32 55 321 21 199 320 244 149 291 237 336
182 242 51 47 168 36 147 174 85 9 294 54 61 260 310 60 100 281 19 37 143 222 129 104 326 276 270 240 220 170 245 12 52 232 54 272 93 75 265 247 328 325 60 100 209 33 58 28 253 197 52 195 115 43 171 221 184 246 110 49 74 286 62 279 335 144 291 64 233 162 331 97 54 4 205 294 334 178 40 323 92 177 32 338 214 158 73 297 121 68 291 116 206 156 293 13 26 146 183 133 72 40 287 285 195 182 264 190 78 291 38 161 120 251 169 82 147 337 216 277 178 263 316 103 257 142 253 209 92 286 242 138 60 117 242 30 59 111 70 65 81 239 142 50 60 98 4 65 36 164 336 171 222 117 222 15 211 210 213 294 53 157 155 61 327 68 323 21 292 168 163 169 125 56 157 206 237 323 193 40 179 173 123 205 220 96 192 335 116 203 138 31 313 129 196 143 43 129 187 255 134 218 89 305 38 153 172 98 92 187 251 174 142 14 164 2 240 62 73 9 314 287 312 146 136 298 311 176 49 3 95 87 58 184 215 110 44 52 176 52 340 301 243 204 333 181 321 127 146 150 90 283 332 183 229 25 123 316 208 73 277 238 122 253 316 325 93 273 3 324 91 270 83 226 105 285 111 303 255 329 261 218 255 112 117 106 18 6 279 41 182 248 160 227 105 5 196 332 176 179 187 84 312 133 201 278 172 30 250 24 231 271 149 79 102 161 285 106 119 262 234 303 172 188 40 106 322 329 261 81 13 28 198 109 68 197 169 141 304 315
257 167 49 292 225 87 68 256 2 279 28 334 154 72 245 11 58 129 226 312 114 227 276 9 281 56 126 293 91 11 195 188 234 199 176 289 336 255 9 64 236 8 55 328 16 61 292 176 168 211 19 263 175 162 207 224 117 172 179 316 224 186 45 285 108 215 40 72 186 295 155 188 175 141 304 123 58 184 5 319 170 221 43 2 276 162 80 135 172 311 112 290 1 99 246 280 101 243 140 299 121 155 276 297 140 250 303 140 204 201 133 89 334 72 155 120 258 86 24 331 31 34 84 53 128 50 288 295 142 105 9 328 255 141 268 102 315 292 224 201 323 299 95 59 32 224 206 186 307 65 160 51 6 258 278 245 210 91 183 145 188 281 14 128 283 223 56 145 281 269 101 49 267 285 309 7 88 195 242 66 286 144 295 203 120 108 27 47 339 302 338 256 110 253 262 290 81 163 38 160 52 188 228 275 140 259 265 230 322 12 149 204 271 123 96 16 295 215 201 51 325 95 121 105 14 147 118 242 22 131 162 175 54 337 327 31 173 166 18 175 206 246 340 1 290 75 242 339 192 24 176 12 340 199 238 93 20 33 120 212 31 178 115 252 106 185 292 37 289 313 298 2 23 250 110 233 192 325 300 175 172 134 167 24 88 266 135 163 324 71 13 183 335 81 317 173 177 181 264 113 313 158 78 211 186 11 116 156 215 338 244 7 229 70 202 311 280 13 31 64 45 128 77 310 158 28 47 130 248 5 167 194 87 176 8 195 340 152 23 245
230 230 120 12 195 251 40 309 36 29 45 121 83 288 335 69 78 330 271 68 108 38 271 133 185 87 91 35 259 117 129 144 94 34 37 63 107 79 257 62 315 146 207 65 312 57 7 231 272 136 192 224 147 17 326 201 35 95 212 242 155 306 87 244 75 132 105 205 15 193 141 294 223 115 203 140 328 206 190 104 149 312 181 90 185 12 190 31 173 333 30 53 152 76 227 210 10 292 233 206 160 322 30 108 261 56 53 42 25 310 109 60 206 306 125 87 333 79 152 116 3 282 60 119 87 36 303 44 41 218 84 13 190 324 225 267 175 42 21 88 196 40 13 19 34 284 316 96 110 310 267 18 147 238 80 203 11 106 189 207 335 97 145 170 246 244 29 288 78 165 169 125 128 224 161 103 56 12 139 63 41 130 123 117 122 160 328 23 90 85 115 100 191 224 241 335 240 286 121 311 87 101 202 121 284 118 122 264 334 72 102 324 18 184 15 259 310 315 184 223 257 8 193 179 325 321 212 274 279 162 287 73 243 235 208 151 48 167 236 101 64 263 93 304 216 267 242 299 175 249 134 328 288 182 135 107 137 152 13 113 47 145 287 92 89 105 183 213 269 33 238 322 188 50 48 334 253 65 181 265 104 123 199 190 171 13 236 65 272 316 335 42 192 277 13 246 196 20 217 60 242 201 182 158 113 248 247 258 150 153 167 294 298 21 148 145 147 228 32 28 139 146 156 18 162 31 19 335 149 191 325 284 196 237 192 123 6 311 314 262
118 74 234 326 47 110 4 43 220 30 224 226 9 43 19 151 320 49 138 165 94 11 4 53 125 81 14 37 31 170 195 12 98 161 298 233 164 215 75 318 121 158 134 163 190 83 340 215 109 144 252 132 320 177 301 44 311 328 118 135 20 202 270 340 28 272 209 113 291 249 134 132 225 194 197 153 334 262 325 336 286 211 86 137 114 260 187 38 265 30 286 147 140 217 329 174 209 282 172 220 113 217 128 53 22 197 7 244 259 76 7 5 161 155 339 309 210 144 233 132 53 129 175 231 231 45 46 309 9 219 6 24 181 214 293 321 338 150 207 84 313 89 276 78 248 222 215 63 187 319 109 3 133 244 10 61 170 183 271 91 289 203 108 264 340 111 314 58 275 97 41 178 276 307 191 62 263 275 299 306 95 89 289 258 95 163 319 236 252 239 213 229 54 287 302 8 26 249 336 106 134 315 267 216 327 30 91 283 196 1 55 216 175 85 296 237 182 48 330 302 268 14 320 331 89 283 13 56 9 340 112 243 337 304 52 163 201 104 56 188 17 67 301 211 320 9 72 208 304 156 253 8 14 326 211 104 71 237 153 33 35 287 337 149 190 319 94 340 5 49 190 259 262 36 290 57 240 115 89 132 12 299 328 84 325 236 313 203 8 134 188 216 186 260 265 195 304 247 296 120 282 21 259 191 302 203 262 293 265 41 309 70 85 262 254 107 91 91 144 149 6 149 5 25 201 184 177 245 235 132 11 83 295 122 91 186 176 249 123 140
178 101 286 31 244 54 302 228 237 177 280 25 225 132 137 132 34 300 299 312 298 305 194 30 210 62 288 85 321 74 329 169 143 265 27 248 100 191 285 28 39 251 61 202 98 165 157 53 138 240 122 9 243 143 299 4 35 134 243 253 239 256 70 260 250 162 71 49 58 116 99 295 163 333 276 257 333 178 105 227 252 87 211 17 324 298 132 250 56 291 28 255 289 179 171 89 7 171 12 148 220 193 32 231 200 89 228 182 246 61 234 136 77 111 153 319 182 9 13 183 82 263 199 133 23 144 330 198 252 236 66 30 3 335 306 97 125 142 144 86 323 250 74 121 191 289 55 122 48 304 26 147 141 297 48 243 85 141 11 285 116 168 131 82 263 5 272 22 312 177 139 5 143 259 35 215 230 337 238 123 77 244 10 96 128 198 251 331 330 143 322 45 186 155 143 88 119 137 255 76 120 314 263 328 94 185 297 160 281 66 317 276 230 50 93 68 15 310 226 57 77 256 27 253 112 75 106 120 145 84 65 180 330 121 169 60 326 55 5 51 67 6 27 136 194 221 111 176 204 21 258 73 69 326 59 70 289 20 315 321 61 113 230 209 154 32 231 300 305 173 312 140 24 224 146 268 291 61 11 178 110 35 336 221 190 86 200 299 295 328 208 113 15 53 209 245 228 300 316 177 108 117 39 94 300 41 115 302 8 88 78 68 271 5 220 236 12 311 337 97 30 30 73 318 218 74 176 229 131 27 250 320 280 42 215 4 237 283 303 212
168 340 288 310 193 268 123 332 216 322 262 152 196 115 265 340 225 174 322 172 32 217 268 101 195 245 149 142 111 235 46 244 290 330 86 200 192 16 66 92 215 208 116 78 58 107 205 291 297 182 95 133 189 175 323 331 267 291 36 201 48 168 273 167 110 203 137 335 146 124 63 254 317 327 226 208 24 246 224 311 167 275 249 320 283 168 149 295 275 134 259 119 28 42 136 295 270 307 137 43 282 335 317 99 278 112 270 76 251 77 330 173 219 105 30 304 175 301 219 49 8 47 80 172 178 284 70 218 336 47 164 293 38 88 261 196 43 37 227 232 220 330 70 130 316 302 204 81 132 311 248 322 14 15 82 228 277 248 212 75 237 107 149 58 205 162 174 31 40 81 238 264 39 9 283 48 267 331 169 49 87 79 47 259 36 240 230 179 130 266 319 273 222 125 199 319 36 246 61 34 177 166 45 283 196 267 295 332 316 300 175 41 52 140 163 206 80 70 224 181 313 114 312 86 89 185 60 61 289 252 286 25 332 53 306 125 132 194 34 244 126 252 196 66 333 274 143 101 252 207 300 173 224 96 42 175 106 216 3 157 136 306 239 198 272 72 150 176 195 127 330 66 323 270 265 250 148 272 318 17 141 261 150 88 252 130 44 124 150 113 302 125 35 188 14 124 143 135 127 69 324 151 82 148 103 186 40 318 205 192 74 247 107 31 85 118 332 331 5 318 30 272 192 99 333 89 83 265 233 316 147 131 9 273 53 78 291 239 71 23
63 302 262 5 55 193 40 175 296 211 325 219 160 160 241 328 179 95 15 167 25 228 61 241 170 58 143 329 208 29 77 186 297 112 33 98 201 322 267 151 46 249 283 234 35 241 326 172 233 318 49 130 196 140 105 237 283 226 111 177 166 98 8 98 129 289 271 55 34 43 251 139 340 66 180 154 177 54 100 42 263 124 125 187 246 269 87 55 193 96 258 86 202 81 189 1 203 99 310 161 11 118 137 328 135 224 325 290 217 44 230 135 311 294 325 113 54 134 159 250 208 187 252 77 135 91 317 206 149 231 65 242 260 209 199 215 33 173 243 44 193 337 224 194 271 209 199 242 245 305 241 140 211 290 263 229 5 315 277 197 28 315 56 50 303 109 282 102 103 128 161 168 218 226 106 335 331 26 169 84 285 324 199 235 201 142 19 119 99 125 78 47 6 135 221 152 238 16 211 314 158 260 64 281 93 163 306 254 273 210 108 11 320 241 211 22 254 231 275 339 306 226 210 151 7 304 155 52 338 206 112 291 325 313 79 278 303 323 230 280 85 187 83 96 210 170 190 184 300 232 107 88 241 154 151 75 6 173 112 229 23 62 183 1 169 179 39 75 287 253 99 23 335 178 164 179 338 274 314 315 203 168 26 15 34 322 249 135 332 56 120 337 137 324 89 244 230 214 84 138 65 111 37 192 330 129 26 271 321 154 331 204 200 142 188 173 23 198 178 326 215 118 337 34 153 156 220 28 32 191 129 312 213 138 66 107 15 263 309 300
304 102 313 58 77 311 172 32 260 134 31 224 261 309 184 292 111 82 15 68 139 149 19 52 266 173 191 113 253 295 162 49 174 57 203 205 273 100 183 43 24 24 199 200 97 113 316 172 338 168 64 247 214 149 84 86 22 40 313 16 209 248 197 332 53 269 11 12 208 223 220 158 188 244 215 222 306 285 106 236 73 270 284 225 110 68 283 313 60 92 87 145 11 270 212 97 242 53 270 116 43 115 73 189 77 225 274 50 164 233 204 270 239 189 116 227 133 59 117 205 125 222 313 292 267 138 86 296 294 165 17 207 43 175 246 14 193 68 248 200 119 147 17 4 218 114 15 284 13 277 61 94 44 309 181 266 202 249 200 250 130 22 221 155 291 149 310 183 58 51 196 257 279 105 190 12 29 47 66 290 223 295 45 208 31 332 129 12 55 314 308 285 282 217 18 267 83 330 269 184 63 4 326 188 271 57 12 67 67 172 101 320 29 294 168 271 221 2 308 272 255 40 249 232 258 158 254 329 171 97 182 255 197 183 101 177 297 227 205 287 74 147 294 134 32 258 77 283 146 297 127 20 320 122 282 57 186 279 174 319 134 340 54 125 196 133 260 186 276 73 320 112 164 153 180 85 3 209 317 104 233 152 100 335 120 209 280 292 209 17 237 298 139 195 254 287 193 276 101 47 304 292 137 74 182 247 327 290 219 128 332 29 161 174 286 123 69 28 68 217 168 209 74 297 148 78 237 167 187 195 75 153 161 67 186 280 274 229 206 125
75 193 238 187 292 29 337 43 239 96 81 182 276 28 14 242 66 45 251 322 69 274 282 148 229 255 215 96 242 135 27 75 136 306 93 302 229 126 332 289 97 90 115 310 143 287 148 204 122 144 157 21 173 228 230 88 64 174 187 58 73 146 280 336 333 290 161 139 123 107 107 218 29 67 62 54 92 234 337 98 292 305 74 53 107 37 273 331 301 275 116 26 228 93 15 207 168 32 197 340 139 250 281 313 205 157 305 33 227 277 255 99 49 330 14 71 80 112 252 57 69 261 292 63 29 299 280 212 183 289 112 254 39 157 136 163 36 72 167 124 99 89 28 260 222 339 265 283 190 109 79 107 321 187 113 264 311 141 42 76 232 234 206 301 303 332 275 175 153 181 25 264 97 295 311 300 257 259 43 250 243 273 241 6 131 206 282 251 28 337 160 99 190 255 123 123 285 338 239 12 326 284 31 177 309 245 56 267 147 269 158 137 208 274 62 154 225 80 204 336 187 47 91 80 125 19 290 292 130 286 4 190 1 76 305 69 137 158 74 236 227 160 127 320 316 6 333 207 265 284 218 307 290 13 287 258 185 277 117 21 74 168 298 53 116 196 285 327 9 292 224 273 330 50 306 262 111 177 136 196 285 225 50 206 153 232 200 334 313 135 264 278 68 88 282 310 322 62 153 25 128 208 306 292 271 42 83 251 163 288 303 202 246 41 160 82 159 54 191 329 62 50 43 210 139 80 218 301 34 150 234 129 82 103 309 234 235 259 101 260
326 292 144 304 300 208 69 259 315 157 301 28 334 306 58 84 148 199 168 8 229 40 200 20 58 119 310 157 274 62 23 268 76 111 40 327 264 319 114 215 202 181 233 114 147 287 86 48 294 339 126 100 316 46 89 116 329 202 25 274 75 243 180 287 66 302 5 127 182 276 304 256 121 100 63 240 293 50 7 68 179 146 261 306 303 54 303 187 26 115 303 139 150 332 13 85 99 257 237 70 190 337 222 172 270 135 28 31 254 97 244 202 4 54 102 206 297 309 39 112 234 3 141 170 221 70 74 294 327 122 180 264 162 12 321 213 149 218 6 282 152 176 291 156 37 116 135 302 48 178 311 244 280 157 228 15 228 282 98 38 131 2 292 231 24 153 227 94 161 105 245 318 274 8 293 76 76 17 31 35 110 75 252 243 23 214 87 134 285 219 287 308 149 74 45 74 1 4 335 126 89 8 119 199 13 106 61 128 158 134 47 4 111 18 150 158 107 29 11 233 227 220 265 253 38 5 62 108 145 167 321 186 322 170 157 50 4 70 173 142 56 32 46 336 58 320 196 257 312 221 238 152 179 90 337 199 16 168 271 302 148 313 191 54 178 138 127 55 324 242 283 44 192 26 43 55 234 228 209 169 274 148 254 113 68 98 145 173 315 334 39 212 206 108 45 63 4 188 255 290 329 208 335 261 197 45 103 283 302 210 275 255 233 188 294 62 64 58 269 110 79 194 59 84 52 74 192 292 137 10 293 207 72 130 88 152 280 293 303 93
252 159 272 316 78 57 199 42 176 174 152 258 179 225 249 154 60 215 121 34 167 251 337 43 285 23 336 292 191 288 268 183 110 210 247 139 164 323 32 279 31 317 73 297 195 140 240 140 146 102 132 312 205 184 147 295 10 332 44 305 75 316 85 112 11 65 40 188 302 2 71 156 334 13 144 146 4 275 139 25 130 241 277 60 45 19 140 122 153 189 37 236 77 167 46 333 64 55 206 76 89 207 307 182 195 291 108 218 275 298 264 264 181 10 102 22 148 57 43 110 298 25 96 57 157 280 271 304 226 129 159 174 121 335 236 189 18 244 262 105 107 201 168 52 327 219 291 282 238 145 284 38 83 272 52 265 261 139 138 217 334 99 130 337 228 317 41 235 145 28 284 117 235 21 295 156 158 244 213 65 181 28 122 254 243 4 131 158 326 271 261 115 304 120 130 37 93 234 101 162 135 180 143 293 107 178 277 23 334 131 60 236 66 243 301 297 265 238 46 66 255 261 39 106 194 47 257 98 231 84 63 76 72 305 37 37 20 89 336 323 283 40 320 225 240 57 124 281 65 152 90 204 315 238 288 192 6 105 18 197 213 184 8 268 204 136 50 307 54 210 225 43 158 13 252 148 44 1 156 100 218 281 96 237 146 192 107 86 100 121 182 142 141 265 284 89 205 144 131 293 132 229 104 23 30 327 316 242 224 216 336 324 189 51 254 40 22 64 36 172 330 48 38 128 60 26 251 244 306 294 264 298 5 129 104 48 160 305 184 268
7 126 78 128 216 215 141 27 263 238 231 258 113 188 307 199 213 292 152 268 293 221 311 153 301 333 165 46 268 290 68 218 318 144 155 328 99 28 206 253 324 176 208 261 14 48 299 174 320 328 174 319 249 80 275 119 254 204 176 24 297 83 62 130 36 28 189 222 75 186 35 142 147 188 112 140 304 315 325 295 333 76 190 257 316 320 6 183 211 225 102 216 153 82 116 169 268 31 164 277 186 40 85 213 174 269 321 171 81 295 117 272 289 38 244 132 322 210 297 236 142 299 119 36 139 93 238 304 212 106 32 139 291 290 159 292 156 4 265 214 3 318 86 121 114 177 75 97 259 42 64 89 36 191 315 244 270 110 215 92 110 51 300 65 145 86 156 136 134 69 287 288 240 42 196 71 321 226 59 301 159 169 77 140 296 176 337 143 330 178 321 333 43 187 244 336 227 196 69 132 285 307 295 37 261 157 25 184 103 163 183 45 238 259 335 203 166 214 99 231 319 54 309 88 152 244 169 69 22 89 123 75 234 219 52 266 178 304 234 79 308 234 148 235 161 152 283 316 273 185 150 38 173 193 325 263 111 94 154 40 211 78 86 137 248 195 46 265 125 16 251 131 151 289 41 282 215 213 164 105 194 154 319 42 212 120 48 213 218 32 67 186 49 295 119 200 52 234 242 37 8 3 35 281 238 213 318 294 72 303 209 120 325 205 262 117 16 264 215 157 50 174 159 148 318 92 340 274 318 170 222 313 33 91 197 168 145 155 181 266
5 271 38 139 132 181 213 228 43 142 32 156 64 196 22 125 52 53 277 263 80 283 243 262 130 137 73 122 208 109 214 311 69 276 138 304 122 333 140 117 328 310 27 275 201 197 260 225 113 340 78 74 179 111 66 17 275 190 292 229 141 200 47 130 245 78 238 156 155 124 166 224 72 246 171 87 264 29 336 66 223 52 46 6 289 92 123 136 177 91 154 276 340 304 339 174 146 5 275 84 124 235 79 302 40 319 167 147 313 140 260 304 141 316 195 220 61 28 84 338 247 303 165 338 76 328 310 239 164 92 110 320 280 265 61 224 234 288 334 192 90 176 336 77 337 188 145 306 313 208 296 126 302 70 20 185 221 78 93 126 131 90 90 152 239 262 216 100 77 219 111 162 70 249 303 49 60 154 37 12 114 312 211 127 287 102 168 38 7 145 135 267 16 111 175 225 44 46 299 242 216 223 201 328 125 169 85 207 10 169 32 256 285 332 152 246 320 248 246 6 157 161 325 222 194 23 148 109 50 288 65 27 163 265 94 191 232 172 84 340 237 296 56 63 307 277 162 216 295 254 50 224 102 58 269 17 33 201 16 60 307 31 78 273 129 202 213 272 2 145 49 273 24 324 316 85 273 203 108 41 332 1 310 291 247 160 317 317 53 183 213 62 340 101 280 140 166 217 252 330 13 186 55 28 181 48 51 303 19 73 337 181 283 236 123 142 101 274 199 46 57 128 340 106 174 283 102 200 204 147 76 147 12 28 193 97 295 270 215 41
250 227 136 165 16 57 90 226 206 1 338 227 167 190 125 130 115 185 165 216 287 107 71 90 241 5 46 303 11 192 242 58 1 37 115 166 117 39 35 256 196 223 338 187 123 85 192 213 245 71 204 157 188 235 35 23 162 196 98 232 337 133 288 219 59 300 133 305 7 220 248 187 278 95 230 267 86 50 275 173 118 175 112 141 34 163 176 129 44 256 107 246 210 129 280 200 308 269 18 262 255 140 216 114 261 42 132 145 202 302 178 290 66 187 49 256 30 318 134 25 3 151 186 27 254 316 314 162 62 229 331 157 57 201 239 284 36 65 133 97 75 171 308 207 185 92 321 252 297 255 83 260 198 336 24 180 50 228 20 199 193 61 74 226 294 302 60 112 291 261 171 288 248 263 287 243 69 336 275 17 23 251 193 50 52 213 4 261 140 106 6 207 112 67 243 144 129 276 27 46 227 59 68 231 153 270 167 61 234 265 72 55 161 248 266 226 175 202 93 166 244 68 205 132 236 314 187 127 320 217 328 229 60 296 243 92 21 163 155 268 237 19 273 26 165 117 131 53 26 137 135 16 231 174 236 111 77 21 199 271 193 34 280 277 333 73 190 42 168 337 87 292 50 76 334 72 332 20 272 134 150 11 15 70 302 143 54 162 245 71 310 101 203 56 308 34 68 318 43 308 20 298 1 272 268 94 218 277 52 215 28 185 189 303 210 184 298 170 296 291 333 152 41 275 235 284 98 278 336 175 312 53 97 22 233 76 158 143 15 94
39 248 195 177 265 277 8 47 197 312 109 19 225 264 6 335 310 176 320 265 255 271 306 255 157 75 117 323 14 72 92 254 277 245 3 180 216 313 239 198 211 113 332 40 91 318 107 153 325 126 184 106 110 245 205 211 285 55 63 12 203 164 152 22 258 113 230 29 304 44 179 74 284 188 45 19 148 291 23 40 293 106 90 1 107 33 185 82 301 23 283 109 238 110 223 163 104 103 210 30 125 69 16 173 52 1 260 145 258 127 322 162 74 116 9 296 318 92 129 101 289 236 165 64 314 327 231 220 324 45 21 244 54 57 180 31 223 314 321 108 339 33 338 317 18 175 156 115 201 69 5 91 13 252 224 61 238 207 283 119 217 68 8 220 88 208 106 156 286 206 229 99 331 86 272 58 164 14 115 22 183 332 155 123 5 157 30 39 95 133 101 63 78 155 106 13 283 87 51 262 334 322 108 139 54 125 245 123 9 51 12 312 294 180 301 271 45 289 37 317 88 3 266 138 178 13 294 106 44 48 67 75 270 36 23 163 25 58 245 55 300 326 34 146 279 282 303 277 310 83 74 45 320 157 325 66 322 73 10 317 254 201 143 216 21 49 17 126 194 129 127 323 327 336 283 113 175 39 93 52 192 112 243 140 290 161 169 64 59 244 194 246 235 293 102 195 192 55 119 5 286 336 235 304 127 73 29 73 151 338 23 170 322 63 201 170 71 137 6 53 93 26 118 29 200 12 258 142 124 1 284 46 292 196 19 255 40 64 311 280
322 239 197 232 203 283 38 132 246 53 70 298 317 91 165 318 306 275 189 320 88 32 208 137 8 218 119 134 251 316 156 68 6 83 272 324 106 310 296 148 81 44 48 13 224 94 46 256 333 254 87 325 221 150 156 60 42 153 106 264 16 82 243 188 247 26 117 58 67 83 322 82 252 182 81 127 102 24 271 57 248 251 271 194 161 219 155 219 93 110 7 156 194 252 311 69 136 103 257 32 262 334 266 304 283 171 199 257 260 252 303 41 84 315 35 218 154 72 15 47 10 313 152 228 260 70 232 261 125 150 95 98 32 228 122 75 4 170 189 148 156 334 63 140 61 18 324 326 329 201 207 50 111 293 228 340 182 235 229 120 222 149 250 79 34 268 202 98 96 36 147 212 312 109 167 268 286 210 226 243 30 24 67 55 329 331 59 101 329 86 100 286 4 307 109 79 234 10 323 137 56 23 331 288 240 44 189 117 251 302 244 263 238 33 243 151 161 12 3 198 301 162 330 247 247 265 79 50 1 154 100 3 38 132 46 277 224 296 96 276 168 166 159 239 9 150 179 176 202 311 169 338 308 301 35 78 337 255 259 286 293 18 208 278 57 13 225 206 60 339 88 22 187 183 172 102 303 330 70 113 122 122 99 171 330 133 141 14 21 151 292 138 71 96 202 116 137 119 285 281 286 228 320 303 334 228 25 29 228 269 157 230 127 338 88 314 103 302 198 108 229 93 40 323 196 262 135 271 208 46 81 290 287 291 300 234 25 31 11 168
171 22 128 69 324 10 56 133 111 188 179 112 281 279 142 293 259 322 106 273 130 126 85 150 239 112 232 259 182 297 296 89 118 77 262 220 311 152 201 110 92 195 178 78 333 78 232 191 101 208 19 150 215 134 275 203 190 152 161 115 46 286 54 131 329 179 57 338 303 36 235 23 318 156 121 316 30 46 290 53 227 206 300 173 69 329 167 51 179 90 20 129 337 325 7 154 320 307 229 189 198 328 209 43 28 11 238 188 22 331 35 83 33 283 148 334 12 127 328 327 262 301 174 6 178 204 10 303 54 233 87 250 253 33 333 11 79 141 292 108 244 112 202 279 199 191 207 36 56 166 183 71 30 60 80 31 324 145 288 110 290 134 74 273 57 333 193 319 149 155 142 34 272 7 233 289 61 135 97 118 268 45 202 106 5 51 110 323 283 295 181 225 45 242 18 288 172 192 266 219 118 317 162 250 168 92 273 140 250 55 60 247 25 173 219 179 292 82 3 270 118 194 54 95 113 276 108 101 315 266 165 26 218 275 76 187 114 131 57 295 21 336 179 264 289 176 48 174 115 162 312 185 183 64 279 314 5 282 170 224 233 321 119 226 318 231 124 320 171 4 148 259 65 320 173 209 84 22 156 198 251 288 20 70 142 281 232 109 232 263 33 109 252 82 329 191 131 79 19 41 280 265 219 134 192 6 180 314 46 36 250 299 305 251 148 98 210 9 307 211 155 152 238 229 273 66 71 238 174 310 110 289 269 45 95 95 110 255 120 83
245 29 150 231 1 216 195 3 32 115 221 88 145 143 338 331 26 290 246 224 314 185 303 332 262 261 315 315 22 46 155 271 101 192 11 178 149 198 147 322 51 185 94 281 183 94 273 222 12 286 195 267 246 286 227 212 245 339 180 120 187 115 340 125 100 307 202 202 228 239 247 251 86 186 305 125 139 269 15 278 72 228 152 32 137 334 95 213 116 11 186 203 6 335 94 219 175 321 39 332 73 140 270 268 262 175 85 78 263 294 128 176 182 26 293 142 169 198 308 181 187 146 95 187 249 130 20 28 11 332 149 30 204 111 134 14 155 331 201 277 245 45 233 83 48 233 73 340 266 23 58 22 115 268 158 332 1 272 146 278 98 304 98 319 309 93 274 6 219 41 7 245 190 260 79 64 315 63 44 290 224 329 244 25 327 296 208 256 17 317 187 33 159 19 336 74 132 1 266 302 40 39 200 168 97 205 295 265 284 126 235 222 264 74 339 142 117 73 23 184 121 310 45 39 163 276 170 35 212 90 287 197 148 58 66 122 66 236 229 221 292 25 91 187 292 24 242 190 298 141 234 140 247 47 279 200 238 16 275 309 165 318 50 291 50 181 236 104 25 298 286 32 290 188 156 274 30 308 231 300 271 261 153 128 281 60 163 269 66 116 4 297 220 284 203 145 42 166 27 20 116 129 311 70 83 136 307 274 130 244 247 17 198 209 100 51 21 208 231 86 264 233 230 262 241 264 10 299 51 88 46 29 1 52 190 46 309 222 146 308
283 239 124 131 175 113 165 39 198 254 223 140 16 121 47 76 237 49 265 311 251 126 329 17 23 84 47 329 233 38 313 225 224 145 316 213 212 292 19 336 36 49 56 338 214 245 267 130 132 321 115 252 97 148 218 307 95 277 240 49 90 166 249 176 92 285 12 240 75 276 132 167 105 298 143 127 60 215 268 169 198 197 120 44 210 106 319 183 66 183 233 219 33 229 214 167 78 252 20 338 324 76 154 16 245 207 31 243 10 247 271 143 81 130 132 252 88 218 76 215 193 87 87 160 301 16 288 292 114 329 308 62 69 123 117 109 131 10 318 133 322 35 238 225 214 18 277 263 177 18 216 36 119 40 208 232 195 159 245 120 154 25 111 173 8 254 23 96 278 128 141 58 154 310 136 327 208 47 104 137 181 140 145 324 313 291 99 145 52 72 159 71 271 312 36 250 13 271 157 53 59 129 28 319 193 249 171 132 82 53 184 96 317 110 237 250 267 124 204 221 31 71 234 209 172 42 30 154 304 268 282 235 223 276 233 169 218 327 88 255 269 244 11 220 307 47 159 22 74 61 212 146 303 336 232 277 257 339 15 209 295 95 245 241 137 47 19 211 42 68 25 77 334 167 192 124 76 250 177 104 192 330 41 340 112 194 151 177 211 326 326 193 189 198 274 40 186 92 95 18 154 252 211 135 223 315 207 85 132 58 246 116 150 157 26 27 275 136 98 279 106 68 220 164 79 57 176 46 326 252 236 336 36 135 338 86 206 266 25 266
146 334 119 211 183 324 119 127 133 240 102 69 70 331 237 308 340 92 205 197 179 182 313 265 189 68 94 326 53 189 230 81 121 89 52 303 262 248 30 246 166 149 178 29 174 325 92 277 12 229 5 57 313 38 31 279 103 287 77 311 113 148 71 309 202 283 131 306 43 223 238 235 112 7 310 75 75 302 339 70 104 153 144 287 13 52 126 195 211 52 300 106 140 336 38 266 19 338 234 94 231 202 123 166 335 39 287 172 193 41 310 253 250 47 32 63 21 29 278 226 258 44 75 323 14 324 70 38 7 176 217 176 44 290 305 282 312 220 77 16 90 165 340 22 101 150 305 218 149 50 186 18 46 233 220 159 317 286 20 190 124 282 104 228 157 30 13 262 302 171 53 322 258 145 30 192 207 280 27 303 97 219 64 46 139 7 312 336 12 273 54 143 193 233 18 229 159 55 224 268 301 183 12 14 163 4 22 134 34 284 340 50 254 115 340 307 282 335 153 179 49 176 7 147 102 199 240 133 127 135 124 320 204 7 171 292 229 158 294 262 187 124 173 70 15 95 256 76 106 232 169 24 4 219 93 33 220 159 88 114 75 164 107 180 154 301 41 61 32 185 6 154 124 252 111 188 202 25 203 89 320 208 92 298 138 181 20 334 20 136 333 217 119 222 69 44 92 235 265 169 169 249 147 126 43 83 129 90 112 51 32 298 308 4 20 58 129 201 97 228 266 278 35 326 160 273 40 96 9 2 134 61 107 27 151 114 334 231 9 55
313 244 22 338 135 125 52 294 34 316 221 293 204 160 196 314 336 340 180 292 218 288 322 71 170 12 26 196 238 70 319 100 53 237 210 277 331 95 15 74 163 197 134 51 102 156 285 7 298 188 220 286 310 313 183 223 183 6 60 336 140 192 64 10 252 120 211 212 201 111 224 63 201 23 143 22 226 8 103 230 243 245 83 277 133 67 24 35 244 281 252 147 240 156 298 220 281 160 33 203 228 337 1 302 222 132 113 266 232 131 334 175 286 47 293 128 339 33 339 94 205 131 248 339 80 82 109 183 16 118 285 314 10 30 224 94 79 323 33 203 22 42 216 272 12 75 29 145 104 68 127 208 209 182 251 324 227 327 125 164 318 214 51 123 111 209 86 171 284 119 216 219 297 254 332 91 220 190 111 221 203 100 157 104 288 37 240 3 239 63 201 274 85 31 336 233 244 227 195 126 297 92 335 273 152 326 63 2 134 1 291 130 181 68 290 145 286 163 120 52 277 72 195 335 124 22 97 161 251 164 111 313 35 319 16 131 92 225 93 73 152 122 103 85 245 153 250 46 207 268 164 79 106 91 173 236 163 256 330 104 50 117 144 272 338 5 218 190 37 214 134 71 219 288 266 117 62 145 85 194 177 272 71 315 121 332 192 302 96 88 82 326 73 71 335 132 217 30 88 142 224 70 36 136 211 238 153 292 135 235 144 298 237 309 301 178 105 139 24 332 65 202 20 173 75 216 297 237 309 197 281 185 203 126 219 10 293 295 94 202
214 208 246 33 41 153 49 243 124 194 188 146 106 278 191 315 65 34 44 204 286 237 247 24 249 148 138 319 80 72 217 129 52 52 285 84 123 317 4 200 18 187 257 156 144 105 186 70 266 214 134 78 277 250 88 178 205 334 9 289 266 162 297 277 32 91 306 3 256 176 205 195 59 313 218 175 205 330 144 204 209 61 139 46 80 54 190 285 286 303 77 262 210 39 218 274 78 133 180 134 105 259 51 53 154 267 316 45 118 232 171 315 59 18 91 223 181 67 171 161 196 229 227 66 16 338 36 113 249 297 308 94 61 339 292 209 171 295 305 196 174 310 45 52 175 307 242 148 155 137 68 86 247 184 37 79 278 207 228 149 100 199 269 220 88 266 190 264 50 289 159 193 34 208 337 53 68 124 148 68 319 18 274 300 44 245 319 194 286 276 200 117 206 172 9 239 260 17 269 310 153 170 71 107 115 340 104 170 196 295 109 171 227 48 236 229 150 332 36 133 339 23 7 194 150 115 102 62 42 113 249 55 227 86 207 8 291 49 161 120 337 77 79 98 103 58 192 300 302 81 309 76 84 106 56 189 323 282 228 145 112 90 297 100 194 156 97 162 238 150 284 149 56 231 174 115 96 281 158 212 291 98 311 213 220 131 155 48 116 185 324 31 336 315 118 301 195 57 1 272 67 100 318 23 231 70 6 160 309 27 170 83 261 101 92 198 330 48 188 189 157 178 27 117 56 217 61 49 161 45 265 301 223 198 234 89 71 199 292 82
152 51 248 105 245 180 300 17 262 4 48 156 308 92 243 67 24 119 3 264 209 23 295 214 35 8 189 209 148 163 296 16 131 188 236 202 55 332 23 242 118 2 326 292 93 248 97 109 234 322 301 151 47 172 227 22 221 285 330 211 155 192 222 180 170 250 73 168 90 132 313 286 6 51 190 164 85 16 76 26 78 191 103 128 193 60 242 157 160 321 119 332 7 306 313 113 237 210 85 227 93 105 239 242 168 138 292 264 286 259 199 102 328 155 201 136 48 241 303 314 307 157 233 189 55 216 103 331 245 322 27 67 330 234 98 323 264 260 58 296 70 307 323 157 70 264 44 220 23 11 296 116 76 68 180 47 103 294 294 142 284 293 15 56 250 322 56 122 76 205 262 128 161 252 300 263 121 202 330 15 321 174 321 192 328 75 231 130 206 200 208 15 228 329 269 273 71 192 78 261 127 229 174 23 290 68 38 295 298 8 55 318 268 307 54 23 194 129 7 78 92 206 228 169 107 41 283 110 215 183 242 150 287 212 100 202 282 70 138 51 5 269 273 222 17 219 280 289 315 221 77 152 211 239 37 193 258 75 83 164 70 66 57 38 255 186 28 300 125 304 312 170 57 323 120 295 273 1 141 240 183 223 28 195 40 281 238 234 86 258 184 53 308 340 238 68 167 137 336 82 98 188 88 239 238 221 278 65 310 303 54 101 130 51 138 244 35 124 32 157 102 3 3 329 12 165 123 1 121 206 69 22 131 164 242 155 13 286 142 188
339 57 299 236 134 60 60 1 315 233 301 2 14 258 57 97 29 59 215 241 192 177 294 109 119 130 196 309 13 339 133 192 39 246 202 319 305 206 47 22 77 332 54 201 272 151 227 153 228 178 75 197 287 6 36 13 213 338 165 197 227 220 25 311 44 165 97 171 281 293 338 331 146 55 120 170 80 25 107 299 34 1 291 58 119 265 232 266 187 309 84 281 270 183 81 42 195 138 65 310 249 62 133 42 205 305 333 315 296 57 310 13 270 137 78 261 307 239 44 162 277 242 8 83 67 189 156 166 165 322 77 265 111 150 286 252 340 260 64 134 266 233 42 87 177 267 312 89 154 34 194 29 63 325 219 224 337 164 243 125 145 77 296 124 91 207 127 121 249 241 175 288 213 42 59 88 275 15 208 316 85 336 9 290 190 140 196 271 78 91 199 59 246 221 174 113 267 242 304 179 116 167 148 46 217 276 79 182 48 19 163 298 294 226 71 259 173 53 120 142 91 45 78 90 231 10 247 318 73 103 162 294 220 271 201 219 62 97 148 7 283 47 22 314 35 81 58 184 120 128 260 187 193 302 143 161 64 8 161 136 160 202 44 238 215 259 219 204 315 153 130 127 128 166 312 26 7 33 99 175 167 83 157 57 186 198 170 143 47 10 216 41 12 271 48 322 48 224 62 231 326 272 110 130 200 310 279 75 340 1 321 332 293 318 3 144 42 129 13 27 269 196 244 145 7 243 308 154 8 115 340 148 230 279 87 247 38 280 260 45
287 63 56 47 339 268 316 101 184 248 187 248 241 35 93 218 237 210 175 221 259 137 14 169 181 94 165 14 63 114 7 239 176 29 211 217 235 323 297 219 281 41 39 254 99 177 32 97 168 96 270 7 68 300 234 144 26 137 97 54 69 207 193 7 294 184 292 329 73 255 69 243 232 66 86 291 196 32 23 28 70 148 326 54 210 325 240 211 300 340 27 190 282 112 266 112 74 338 6 255 255 298 225 311 215 339 249 47 144 37 87 277 224 45 64 308 122 174 148 216 242 11 280 255 32 77 201 59 26 237 276 252 125 193 131 78 40 309 194 46 146 81 20 41 191 20 156 264 44 119 227 196 213 113 56 41 17 45 304 35 74 195 299 337 173 253 207 283 43 135 215 81 276 264 205 19 107 313 164 194 274 228 163 49 19 17 63 238 140 131 141 121 235 288 291 145 72 212 286 10 76 286 256 135 267 81 185 304 123 5 104 9 222 238 327 220 133 310 130 139 8 61 246 320 273 294 312 200 99 185 261 250 282 147 156 20 127 285 328 265 244 89 21 113 319 106 213 226 317 338 331 138 84 308 266 58 41 61 97 217 171 107 333 333 249 304 61 88 21 67 243 63 248 264 233 18 116 190 141 135 144 248 231 290 281 10 7 320 232 314 43 164 268 310 72 169 251 303 230 139 209 109 328 193 104 233 168 54 293 331 91 287 182 336 215 319 330 2 192 7 301 57 306 280 77 256 235 110 303 243 113 214 205 267 336 235 163 259 205 46
258 99 139 45 47 14 70 241 9 32 57 247 246 104 196 84 263 178 153 62 50 3 297 241 306 185 45 153 57 128 3 261 311 199 14 26 45 257 333 192 298 122 122 227 112 289 126 45 203 66 62 24 251 243 101 153 188 29 223 248 247 61 92 335 289 275 286 291 139 118 270 285 174 330 79 267 284 113 338 117 214 287 199 77 104 327 294 210 281 247 274 148 107 238 236 101 264 3 97 140 120 43 143 120 202 322 25 4 206 134 158 135 205 301 83 286 337 33 37 173 250 146 286 62 83 165 294 32 249 76 2 235 144 248 100 313 282 155 181 155 36 262 327 334 340 281 335 255 162 244 100 95 176 132 311 282 115 176 46 157 200 229 70 338 262 31 12 167 324 233 235 153 124 230 189 315 256 27 133 163 47 183 218 6 319 273 304 323 79 166 322 90 281 103 283 49 129 26 63 90 295 216 74 49 188 102 327 276 112 90 94 159 94 203 143 26 111 278 328 48 125 101 143 51 98 229 18 318 255 31 209 87 83 45 257 118 291 269 227 242 300 330 78 314 266 300 270 121 21 220 79 169 155 219 299 299 302 130 328 323 49 326 28 139 307 50 179 265 32 329 287 303 218 216 256 157 86 82 271 256 317 141 165 128 177 298 228 247 125 261 90 277 72 141 202 291 29 176 152 244 39 64 80 95 215 34 290 316 238 103 67 317 39 121 197 92 206 307 81 15 273 94 55 165 189 328 245 21 220 216 161 100 107 219 8 46 49 175 176 35
26 204 41 273 81 3 329 170 282 257 189 306 3 80 170 12 9 261 108 332 201 57 7 92 318 300 82 46 207 83 115 327 188 304 28 125 241 269 287 290 218 265 161 186 289 70 68 14 284 263 228 114 31 100 285 92 82 252 209 57 260 154 236 265 222 317 280 304 291 2 1 201 198 274 150 29 197 339 268 302 85 205 91 139 84 51 139 329 133 34 4 109 99 88 288 170 22 265 190 28 199 166 63 122 240 267 295 154 41 24 182 166 84 286 202 9 269 62 271 161 280 20 258 223 202 16 137 104 65 143 16 114 148 198 126 96 17 155 153 208 227 198 174 150 34 169 48 120 5 257 270 215 194 69 170 3 94 242 63 68 330 125 168 40 121 304 19 85 336 72 195 88 13 17 260 55 110 113 7 168 205 337 141 26 124 101 325 240 285 256 46 234 336 307 270 255 132 283 175 133 335 129 18 286 90 212 125 143 222 205 73 72 68 118 199 60 67 103 17 104 25 199 312 246 60 26 315 127 211 168 47 249 322 292 25 7 118 87 252 102 250 310 209 13 153 169 153 283 231 47 175 174 99 319 294 131 281 138 256 174 220 325 243 234 89 244 68 259 9 236 99 149 146 302 86 331 211 286 305 29 122 202 172 198 132 292 236 61 118 134 236 302 179 279 116 152 180 250 218 79 55 308 239 24 129 72 199 290 164 239 142 238 151 145 131 188 69 66 199 45 313 293 138 173 160 143 131 39 131 64 245 265 67 72 281 309 203 277 65 232
88 307 112 9 100 327 262 104 301 78 94 99 102 120 328 58 42 264 179 142 136 247 10 146 126 27 242 110 125 147 207 125 130 326 12 40 64 32 141 10 186 279 17 315 50 55 63 301 328 98 267 319 17 89 33 290 194 248 285 174 205 227 228 164 11 114 297 96 275 219 320 144 310 274 272 246 66 215 151 16 330 96 34 137 61 229 91 327 199 315 66 198 290 285 234 67 126 246 41 269 297 256 106 84 155 265 22 6 14 330 333 206 283 57 223 50 307 62 335 32 145 322 310 6 182 148 168 58 290 25 78 302 249 280 60 47 326 174 178 297 6 319 226 324 98 112 129 184 119 31 167 231 22 120 267 77 311 21 287 30 221 70 221 236 80 301 161 65 222 10 276 94 276 23 286 302 273 338 30 296 208 276 299 335 310 242 153 71 209 316 245 50 186 42 245 136 301 146 166 322 181 300 288 332 111 277 20 54 299 85 194 82 338 146 250 170 198 45 300 230 136 301 57 129 305 163 60 118 325 67 167 106 251 196 68 95 29 177 322 256 164 319 183 335 183 13 1 307 93 289 339 282 160 140 127 166 299 46 287 52 205 123 238 202 56 231 182 167 253 213 311 296 318 134 197 330 157 262 340 258 149 27 228 53 223 71 27 113 144 148 92 245 184 21 33 187 218 5 298 185 127 121 39 104 1 178 320 10 77 284 133 98 188 108 326 339 172 153 248 271 294 35 154 20 141 9 210 177 115 74 117 212 172 171 72 96 250 161 308 217
39 255 326 43 270 124 3 42 305 134 123 17 271 309 295 147 242 211 308 172 279 88 271 241 276 230 229 205 35 39 166 321 121 313 327 258 327 320 340 203 294 51 137 149 102 110 225 217 213 43 92 304 258 169 113 175 205 31 186 171 117 204 220 274 150 199 29 188 2 220 50 234 103 98 36 18 12 98 227 210 58 324 129 139 176 81 90 159 232 231 157 300 311 98 207 7 11 278 52 291 157 27 275 185 165 86 228 302 108 141 50 103 178 98 337 243 298 65 288 225 225 248 208 110 58 139 56 156 16 61 126 336 101 213 53 324 158 320 79 103 188 169 84 197 171 160 332 49 114 111 203 55 174 299 95 279 184 239 93 291 304 23 69 69 199 104 221 33 180 199 71 142 190 121 137 175 199 173 78 164 10 92 10 179 6 77 65 323 281 220 26 258 34 283 282 256 309 114 90 63 271 119 23 16 46 96 78 286 158 257 308 110 144 184 100 200 32 221 334 222 304 321 218 320 254 71 305 225 220 326 98 133 52 84 48 34 14 327 236 202 75 123 179 261 63 192 147 75 247 301 33 67 101 303 57 330 227 310 55 145 10 60 123 329 27 271 108 37 149 168 186 199 165 269 274 21 205 241 23 220 70 23 292 279 51 13 26 139 196 151 214 2 130 34 58 314 245 272 104 72 83 130 75 250 206 159 287 111 212 294 154 138 88 105 85 214 6 3 104 40 83 295 218 307 219 292 106 221 133 139 337 188 177 337 236 217 87 111 12 190
292 275 316 143 69 297 30 140 3 92 112 245 204 321 228 329 128 252 74 162 191 12 83 330 123 131 64 316 120 48 101 108 218 165 183 132 158 252 258 27 99 52 218 20 282 264 81 68 46 95 160 177 300 231 242 306 8 109 121 142 83 37 322 201 86 57 290 336 258 36 221 129 295 3 303 76 284 222 265 228 49 53 274 234 273 157 292 35 68 148 73 177 232 189 106 273 324 64 244 55 73 332 274 13 281 188 15 115 121 324 317 338 21 196 93 315 55 192 278 276 157 76 300 266 215 102 110 43 320 325 305 56 14 322 178 294 267 72 138 292 201 287 316 190 3 125 277 171 66 130 260 55 174 261 87 321 187 242 231 286 37 38 69 26 285 171 232 99 234 323 250 117 331 326 239 248 62 221 145 309 76 87 309 97 139 330 178 72 324 72 302 206 151 62 149 335 50 288 312 231 172 215 243 102 8 295 107 63 171 86 163 127 331 273 196 156 38 198 327 174 311 72 121 229 321 110 26 79 105 248 108 204 249 248 237 109 16 209 116 190 191 324 306 329 307 161 142 100 42 169 196 200 172 251 139 214 232 178 249 120 233 237 254 289 52 30 13 64 16 227 307 182 126 219 191 299 48 253 329 311 122 325 187 250 91 276 172 121 41 321 140 71 199 91 191 266 210 248 119 16 265 299 244 224 309 271 78 18 253 67 317 136 74 249 299 327 120 286 148 320 193 4 325 124 71 1 60 88 199 47 123 281 74 263 20 155 35 227 176 157
76 290 260 275 100 230 79 68 263 125 108 230 246 46 245 87 182 255 4 177 163 75 89 67 74 231 74 3 270 52 13 45 171 191 237 238 308 165 225 65 50 133 323 302 169 59 6 217 220 318 69 96 282 329 10 193 215 217 246 258 191 235 332 149 249 194 304 313 256 75 273 36 260 270 73 304 186 218 339 221 306 277 49 49 110 165 302 65 24 73 147 340 163 85 189 48 105 297 41 235 156 236 114 210 71 64 271 126 294 340 95 272 146 273 143 43 322 160 240 213 114 254 206 207 320 260 295 225 84 73 114 231 121 112 318 10 148 259 314 147 149 6 40 127 322 202 111 248 237 240 71 253 77 307 38 292 106 279 221 218 284 76 187 205 186 317 236 280 52 122 141 192 20 285 12 244 279 217 284 77 117 163 233 48 98 205 32 179 258 158 77 138 100 108 302 298 71 122 87 68 113 263 296 338 199 118 224 260 153 331 154 191 215 92 219 142 129 273 77 314 101 10 304 145 118 135 131 13 135 268 172 188 165 175 220 286 110 339 177 287 200 246 52 218 69 13 166 63 178 240 43 45 74 180 207 136 68 66 127 102 19 21 122 198 14 111 72 201 110 133 201 173 21 263 177 61 148 302 55 177 222 140 11 33 101 53 55 156 250 300 284 179 298 199 169 64 23 171 230 14 160 85 138 290 100 107 212 236 34 205 275 308 251 253 206 264 328 82 111 14 229 106 136 84 233 52 238 257 168 2 252 324 112 181 137 19 58 26 238 98
164 56 37 281 339 151 331 70 305 114 121 14 240 181 260 224 117 75 172 14 214 11 11 64 7 146 6 90 37 91 36 291 326 305 135 250 32 322 195 231 168 323 205 26 304 183 104 75 228 234 37 255 238 257 76 55 129 117 185 143 51 3 200 307 282 37 286 190 273 161 105 36 65 110 136 117 120 295 170 176 280 179 245 213 180 50 148 322 294 280 252 42 32 160 268 197 27 215 12 175 75 279 41 248 233 160 110 293 65 192 210 57 147 340 63 103 90 40 241 5 306 94 122 186 296 77 320 241 23 213 310 279 6 265 199 191 310 237 162 60 170 71 322 127 131 46 22 208 69 313 318 151 305 211 298 226 284 25 302 181 283 205 114 151 156 231 308 76 148 121 140 264 95 256 144 63 116 195 87 50 312 234 336 293 22 110 172 127 174 306 251 305 263 118 148 300 275 254 238 166 9 94 65 141 63 104 307 290 199 269 319 302 318 48 270 160 54 86 195 89 16 296 289 282 273 241 117 284 275 243 260 196 191 115 195 238 147 200 229 158 327 82 138 140 95 245 166 332 311 74 276 201 180 196 173 71 174 41 267 160 210 97 182 293 24 23 147 302 267 24 125 245 234 22 61 336 25 258 212 89 6 205 77 52 137 193 255 46 86 61 270 207 266 298 3 199 8 256 92 182 282 31 303 163 223 181 246 208 28 43 100 259 226 255 265 340 60 88 171 71 229 310 229 309 292 84 65 100 24 280 107 104 263 205 141 125 308 31 318 218
216 2 161 90 136 56 173 133 61 30 60 125 86 136 113 77 44 189 235 12 146 314 170 159 145 177 182 188 238 249 132 116 51 263 93 87 198 226 47 92 255 44 129 103 208 192 254 164 192 127 183 61 39 277 223 160 83 286 181 179 227 178 293 28 43 184 189 308 83 35 225 151 200 277 22 191 327 333 274 209 165 291 161 199 331 337 25 103 246 250 302 94 110 82 138 71 17 112 244 179 12 3 44 263 110 208 254 162 245 77 158 208 117 2 195 76 312 334 113 146 275 25 179 207 20 145 221 39 188 331 51 192 280 228 150 326 60 49 143 195 96 41 115 295 213 323 149 40 282 317 322 68 173 202 140 256 72 28 96 50 179 4 187 147 103 49 20 195 203 273 84 194 208 159 197 65 33 301 176 166 192 81 188 136 229 269 289 109 55 130 226 66 183 223 52 219 139 75 69 270 30 39 310 8 136 137 241 220 104 1 137 234 314 318 6 284 281 242 338 156 252 92 161 179 53 258 221 20 173 171 201 322 51 258 177 330 246 154 86 41 46 338 301 148 58 274 184 96 117 101 339 51 221 268 129 263 218 14 24 86 248 320 161 201 221 332 338 112 286 195 141 230 144 218 302 203 309 249 30 104 246 23 256 152 183 154 228 36 48 222 213 323 301 102 30 251 99 61 151 41 63 322 225 307 238 239 124 266 82 78 156 318 131 9 186 151 142 148 308 270 218 334 108 20 230 128 244 54 149 212 187 244 18 289 99 182 93 15 147 201
232 274 176 68 194 305 65 26 105 293 117 181 264 314 178 217 75 243 118 335 134 326 126 290 119 164 251 205 25 241 276 169 324 149 278 7 270 48 268 262 198 31 275 204 107 78 241 279 325 147 301 191 44 254 283 49 339 330 315 214 229 66 333 22 293 336 209 121 336 18 266 185 197 15 13 3 74 183 257 288 163 202 267 263 324 120 20 302 44 29 31 231 298 77 52 285 58 98 217 204 155 103 99 55 233 205 17 144 262 5 63 220 323 133 143 4 2 254 104 232 311 189 249 184 257 323 84 183 14 340 62 53 258 145 1 201 240 143 125 197 227 217 114 131 247 296 94 64 47 169 232 340 329 321 242 44 92 227 134 312 55 106 307 77 49 81 35 191 81 195 142 60 293 337 128 136 248 185 291 131 293 156 70 221 19 19 330 167 107 208 89 125 237 233 95 229 253 85 340 273 173 148 196 271 278 268 165 236 167 289 6 249 163 280 203 305 223 242 109 197 319 160 179 149 52 151 289 174 160 74 14 117 330 41 209 63 251 305 52 122 49 28 272 32 113 290 259 88 136 205 86 3 122 53 113 187 91 268 299 178 200 110 90 205 226 96 283 26 97 204 242 100 249 28 178 287 147 333 63 20 168 50 218 286 261 200 156 126 133 241 122 79 203 119 26 188 272 324 35 286 193 244 206 202 25 69 35 1 152 234 65 122 124 53 108 62 106 96 220 250 305 208 119 26 317 338 141 316 5 165 96 186 74 37 161 186 217 117 156 59
284 173 29 63 72 193 49 261 46 265 33 313 69 333 88 135 72 24 285 163 229 180 284 287 79 1 206 292 217 326 247 295 192 311 310 295 305 107 264 237 43 182 75 245 77 227 282 175 251 265 222 204 282 139 185 56 198 174 28 277 35 335 255 186 5 128 170 24 269 167 53 212 35 13 156 241 318 98 162 162 260 309 334 244 33 50 168 214 325 325 64 130 115 64 258 124 308 15 149 55 6 104 170 290 216 259 147 339 197 169 29 131 337 247 91 184 261 309 5 315 215 163 59 315 122 301 26 64 115 190 67 337 219 331 45 194 261 313 314 161 106 7 274 251 133 106 3 56 209 267 301 21 69 140 269 81 93 168 306 286 164 5 210 291 306 269 92 24 271 120 70 4 4 70 6 59 112 244 218 250 282 166 44 47 53 117 149 99 248 116 335 181 285 225 173 216 140 178 82 78 145 208 229 232 2 57 327 30 62 4 266 223 42 17 250 163 152 295 289 267 282 180 314 255 71 163 19 70 239 238 28 200 194 250 323 270 188 8 198 206 131 236 295 206 11 281 86 141 285 23 33 164 183 178 152 116 134 71 53 49 64 179 280 221 330 187 313 45 253 129 123 68 141 203 272 281 40 192 203 69 333 125 247 45 298 29 148 19 8 182 21 162 182 290 84 277 64 220 80 183 276 274 340 305 191 80 248 109 193 281 289 110 262 303 160 19 16 268 233 181 290 267 63 131 279 6 315 93 338 133 106 123 322 133 98 85 272 246 307 208
134 214 181 173 294 193 87 317 226 315 92 258 9 152 286 272 258 268 103 306 32 68 157 206 12 59 55 127 239 238 61 265 33 139 174 285 235 148 146 163 282 98 322 135 190 57 138 23 164 276 332 287 279 332 120 19 248 334 279 224 123 41 31 207 72 304 83 63 152 229 128 163 255 50 150 195 181 94 186 325 88 178 174 172 130 136 91 301 180 39 162 90 258 70 285 329 333 171 275 266 292 315 111 146 299 130 10 38 53 109 33 212 173 316 249 127 149 336 27 259 312 88 123 34 126 253 104 48 172 259 81 106 118 149 37 233 147 326 110 16 219 313 2 138 28 268 104 137 90 221 179 108 248 15 112 170 308 175 151 132 66 317 250 202 313 36 309 3 158 274 202 132 169 324 57 124 286 195 9 119 152 222 303 51 41 158 214 174 240 226 30 36 118 47 74 68 313 105 318 196 329 174 272 124 166 133 207 253 195 13 239 336 246 139 227 62 53 86 293 128 338 172 13 269 247 69 329 263 240 63 156 227 49 303 227 257 251 312 30 170 329 257 217 226 213 174 244 327 288 189 275 192 298 167 6 153 136 207 75 171 158 290 43 275 220 155 161 7 312 240 146 156 243 290 174 91 59 146 296 210 135 243 171 98 274 282 138 36 315 254 114 301 264 99 107 326 146 164 310 51 27 64 249 332 296 86 250 149 229 197 9 294 252 209 219 136 65 321 196 293 89 16 28 171 247 315 157 120 295 252 81 256 136 307 190 154 164 208 213 252
106 223 142 289 20 260 309 178 63 286 330 116 134 281 18 36 67 147 318 41 90 71 316 225 110 68 6 129 109 190 248 282 56 107 83 232 90 148 227 120 62 317 24 56 80 145 174 28 190 43 175 266 291 144 263 7 95 100 170 218 21 192 185 5 144 31 113 304 136 317 306 271 293 10 44 111 67 12 318 29 269 142 206 317 250 42 256 19 112 308 67 111 83 24 178 4 294 53 105 335 337 115 268 13 93 7 318 179 12 20 18 233 323 65 275 100 37 263 199 192 18 283 72 327 299 261 156 243 310 173 174 161 88 195 73 37 25 217 246 151 299 163 187 297 108 214 15 55 316 214 268 207 298 315 132 70 74 223 261 157 151 46 7 122 340 185 14 41 22 295 213 14 18 268 257 156 329 313 113 336 145 74 3 263 16 50 156 178 175 156 117 318 259 200 322 65 65 136 298 290 161 135 95 192 88 192 18 266 205 132 172 270 208 69 234 16 50 203 181 177 160 134 43 35 217 285 118 311 93 322 334 150 85 114 280 25 337 256 244 152 200 114 336 98 282 94 55 240 51 55 325 87 138 339 73 248 246 176 153 285 244 176 312 57 295 305 230 168 307 223 253 56 146 317 286 200 198 75 221 122 4 291 170 23 77 73 315 217 185 63 272 88 186 14 7 35 70 7 54 307 70 84 222 57 3 25 221 37 107 335 12 83 182 86 111 187 307 71 206 6 191 136 295 162 147 85 216 16 142 83 255 129 243 148 314 311 168 167 119 206
281 243 113 306 114 107 326 5 176 81 205 330 325 12 257 72 71 64 269 52 259 132 24 194 260 215 188 131 208 308 1 77 42 335 234 90 259 138 316 57 43 263 180 258 214 201 307 290 291 160 334 260 23 120 204 243 311 66 28 219 329 183 275 270 254 99 304 305 113 273 151 298 270 74 105 113 252 47 77 185 26 111 125 61 123 197 87 42 131 310 98 12 239 127 289 165 189 58 244 59 9 257 332 338 306 117 262 216 293 207 295 158 54 214 167 333 232 300 61 144 170 68 123 190 145 308 3 24 88 288 240 323 232 315 211 168 20 129 313 31 258 147 107 266 30 169 144 132 178 117 16 206 144 143 309 115 48 294 274 229 166 196 201 323 217 213 45 168 326 41 276 73 51 244 253 16 194 281 174 320 46 121 172 91 81 28 168 176 141 53 50 134 83 63 66 55 335 48 153 219 187 90 128 193 317 56 168 187 20 292 307 98 112 25 280 125 221 255 35 244 65 320 336 158 321 73 71 40 291 169 4 334 175 104 100 15 98 48 271 177 143 223 308 328 294 171 139 274 187 287 64 6 47 329 178 318 87 274 28 153 94 173 339 244 164 214 220 103 121 330 237 212 248 294 340 339 50 110 165 240 13 238 47 167 56 277 58 173 64 26 220 141 69 130 288 230 321 269 186 278 329 259 170 140 241 23 109 71 71 51 221 141 195 75 328 186 202 181 25 251 141 325 193 165 183 151 246 70 212 176 320 192 306 208 46 13 274 64 300 254
261 222 334 87 279 92 189 46 247 157 312 301 302 320 84 293 180 206 287 136 139 177 288 6 65 45 220 103 279 303 275 233 233 307 311 147 151 293 311 221 271 304 82 36 159 229 146 9 39 75 216 292 277 33 20 12 265 121 74 163 220 239 323 68 245 114 252 230 180 61 259 44 210 128 28 217 229 100 286 66 321 43 146 110 174 274 238 213 212 4 8 18 93 166 6 189 159 333 121 207 151 191 297 249 316 308 2 228 274 49 155 295 184 253 279 276 320 4 255 94 160 30 63 108 28 111 293 130 195 99 76 39 20 287 259 44 170 16 55 251 240 79 62 166 315 338 98 57 51 165 237 139 184 300 160 156 141 9 32 251 109 289 252 173 274 211 97 45 212 286 305 197 60 321 212 263 29 34 234 232 171 177 267 318 269 147 202 316 330 183 13 108 28 266 194 176 138 4 93 65 135 152 289 63 104 330 307 180 17 55 306 97 189 66 22 81 188 285 325 265 180 183 34 108 183 176 39 159 77 232 175 307 324 320 169 20 158 303 295 328 290 249 295 182 137 77 118 325 196 309 7 196 292 34 73 154 300 6 328 92 230 307 211 240 140 225 263 71 136 245 66 294 215 252 20 324 284 327 184 115 179 73 334 270 265 108 62 204 259 326 291 152 104 289 244 209 121 146 211 332 250 187 289 6 297 5 78 4 14 93 315 310 105 325 30 102 102 177 115 221 221 203 216 249 331 254 133 115 252 55 217 138 227 4 242 311 316 217 177 37
55 167 256 151 33 102 211 322 264 287 155 275 288 232 1 19 9 246 182 121 39 177 179 21 277 184 193 295 180 116 99 311 246 284 211 173 281 147 277 190 232 12 178 177 63 339 307 38 23 330 32 309 113 209 80 325 196 184 327 322 280 248 33 265 116 317 289 139 295 102 19 24 123 320 85 263 75 65 118 130 85 99 189 68 240 282 221 22 105 149 289 94 7 232 188 220 68 268 198 212 300 44 34 197 88 98 125 301 245 276 133 186 32 195 173 116 25 263 114 192 256 20 161 132 306 115 193 338 158 193 126 165 304 34 178 138 59 206 13 37 200 251 172 333 180 213 66 262 148 282 244 154 238 18 57 317 92 102 192 259 276 198 101 230 26 40 215 134 6 235 178 41 132 244 171 186 107 277 265 256 57 254 25 264 41 218 304 215 195 111 277 229 289 129 106 76 167 29 96 326 183 159 240 145 67 141 233 111 225 27 303 307 322 123 18 281 118 182 124 332 72 230 188 207 168 10 244 214 330 255 318 84 230 122 328 197 330 147 291 88 77 241 253 161 65 255 255 306 47 114 215 22 183 238 80 267 223 285 76 12 286 323 170 169 163 78 58 47 109 70 266 214 340 51 99 75 86 275 230 100 174 26 228 273 92 317 258 59 123 219 66 276 192 30 195 280 83 43 252 241 211 94 262 243 86 117 10 182 200 115 42 272 266 2 183 40 338 53 164 286 12 297 183 44 242 340 5 2 45 302 111 85 18 61 264 145 241 131 78 329
278 98 276 313 242 138 111 90 142 308 203 315 259 250 141 92 261 271 254 74 20 8 195 239 261 97 302 257 51 227 23 267 311 224 23 174 339 42 18 28 277 147 47 140 291 302 260 18 311 167 307 56 194 334 6 57 179 53 335 227 93 221 198 116 137 301 3 51 340 262 35 199 71 291 306 303 49 187 65 316 132 202 295 3 225 77 13 138 205 43 207 157 73 118 60 28 335 152 283 280 173 269 254 143 8 333 2 123 103 14 242 98 27 292 10 168 197 285 196 333 212 109 15 337 286 108 116 52 259 309 88 75 207 37 258 263 206 221 39 6 236 15 236 234 249 56 315 128 225 157 251 87 222 173 337 193 284 174 96 128 67 111 120 12 109 289 241 201 210 231 267 45 222 8 132 41 84 84 277 113 314 187 202 198 16 307 332 55 251 245 109 123 51 222 256 158 327 158 201 125 228 295 77 311 236 30 137 227 136 159 128 211 194 74 83 243 100 243 232 169 218 53 264 62 303 117 265 39 180 315 250 321 233 328 88 240 232 151 13 249 2 178 234 98 135 278 301 55 267 68 84 195 234 74 112 225 329 140 308 265 138 34 160 322 331 118 86 250 88 242 112 56 142 211 52 208 275 186 226 257 146 252 189 175 214 76 276 167 42 64 105 197 68 52 149 65 6 325 74 297 297 131 15 52 131 57 114 256 230 288 30 219 76 175 233 22 276 292 30 81 1 55 9 145 242 45 215 116 16 188 157 238 81 276 154 106 20 62 1 233
309 73 296 331 223 138 71 197 42 257 163 41 34 171 190 274 19 316 240 8 5 230 55 23 31 298 33 191 246 147 146 179 273 24 311 217 53 190 229 94 144 234 268 187 326 112 330 92 126 2 299 259 252 275 277 300 313 313 194 57 331 10 228 124 159 214 21 248 216 225 165 96 218 192 148 328 166 113 290 108 288 58 179 151 283 120 337 250 78 311 149 153 185 225 29 329 274 245 46 111 58 67 5 106 110 12 50 4 336 321 316 9 44 337 306 306 185 135 320 231 282 57 333 300 223 272 149 221 169 84 47 131 23 332 25 115 93 84 25 187 17 163 290 228 316 2 270 168 16 181 333 319 69 166 125 235 129 282 9 307 161 223 194 30 311 323 33 263 103 251 13 337 298 280 101 121 120 94 173 10 100 217 62 90 332 137 153 202 222 23 232 58 127 217 213 24 47 8 280 179 288 36 55 98 22 209 293 295 11 18 294 209 255 294 32 213 198 74 73 283 96 309 334 276 64 178 29 62 295 159 258 180 273 257 213 4 123 111 48 14 251 42 94 144 243 44 231 63 105 131 304 330 295 208 249 299 162 335 83 6 206 159 70 251 193 96 314 190 40 248 133 226 279 254 204 139 184 156 63 307 96 316 193 89 190 85 45 87 31 293 75 223 192 216 64 254 198 20 152 294 323 53 211 201 128 167 124 170 267 209 204 76 215 106 146 238 293 235 11 115 12 93 265 101 146 17 169 316 193 268 263 169 77 146 299 280 199 243 51 170
309 47 31 251 132 50 126 195 14 134 95 90 109 63 216 280 191 327 330 45 328 268 123 128 335 144 77 58 106 148 139 49 230 214 190 202 116 148 62 5 198 289 73 319 129 97 225 94 49 290 56 224 152 63 287 334 212 318 64 234 233 115 297 264 237 142 290 311 76 286 227 62 171 314 203 217 132 30 155 192 193 132 243 157 144 189 332 18 50 220 52 300 172 5 228 203 49 335 12 330 322 262 316 63 143 334 125 154 323 52 328 170 52 147 127 168 161 270 125 91 310 310 214 100 158 285 23 23 267 200 180 210 28 165 195 147 323 210 269 252 261 324 239 38 172 138 65 116 68 169 212 125 279 197 164 241 221 84 336 277 161 124 284 232 274 219 258 282 140 247 247 167 263 162 156 146 174 216 258 152 54 251 297 142 338 19 335 266 273 183 115 280 258 107 150 289 228 126 258 101 303 3 10 114 65 281 72 209 111 82 132 176 289 248 11 134 210 247 144 114 120 294 300 65 33 115 120 28 306 184 149 233 150 169 299 135 204 79 149 141 13 332 85 218 153 87 191 129 30 114 137 59 227 241 244 278 270 215 214 157 221 336 115 89 172 27 260 74 160 91 153 64 253 128 49 183 263 173 257 107 40 311 300 31 151 186 151 65 149 313 123 104 321 306 296 246 28 212 97 316 105 243 291 1 2 288 271 312 58 189 163 16 200 289 29 44 174 292 63 95 332 307 260 1 188 2 227 84 205 214 301 307 123 203 292 81 182 51 334 235
138 177 179 167 24 307 180 35 328 191 97 224 251 141 89 40 273 14 145 6 255 227 259 35 229 117 113 32 68 300 224 206 204 299 124 94 187 66 282 61 126 117 19 88 159 260 78 124 92 88 151 227 82 263 218 210 2 193 239 286 281 170 38 166 296 259 210 86 76 191 229 293 237 9 23 104 286 180 286 186 310 66 21 80 104 71 154 109 19 191 283 49 150 174 59 164 283 30 167 53 317 209 317 119 156 195 265 15 217 232 184 87 208 146 211 80 334 245 246 69 221 337 220 218 56 275 321 318 74 172 282 246 322 217 267 43 56 184 94 293 81 68 258 255 101 167 127 79 222 164 107 124 225 53 67 26 269 321 44 80 330 254 281 262 258 104 137 330 27 282 205 195 175 32 145 280 146 129 214 87 146 127 120 250 144 320 31 241 176 150 218 82 225 62 57 293 126 201 191 320 164 211 193 175 171 332 242 3 114 296 292 211 177 178 97 43 170 271 187 107 178 327 299 159 109 32 314 237 89 58 33 334 283 316 223 242 172 47 264 105 54 197 119 286 139 172 57 17 320 16 102 208 192 310 300 250 115 45 170 312 120 76 140 296 221 293 312 35 283 62 139 291 102 49 116 180 77 179 9 65 169 332 323 42 175 58 197 93 235 91 164 303 168 249 328 192 65 224 135 260 121 186 96 254 205 251 100 26 180 295 49 218 158 283 219 221 83 201 245 299 316 75 38 123 70 88 21 167 2 28 309 252 178 5 277 48 269 243 281 294
98 193 115 240 199 40 237 294 251 118 236 202 186 237 110 287 306 96 85 59 34 182 333 183 33 200 214 207 201 116 182 195 39 124 276 64 111 143 218 171 216 205 196 25 10 257 69 158 40 60 197 212 94 209 61 272 254 52 47 3 9 22 318 304 143 91 211 166 297 187 331 116 318 85 2 149 271 9 74 176 246 259 223 326 235 178 294 300 244 109 176 284 267 203 293 167 187 97 107 181 75 61 336 313 116 240 91 294 284 307 39 254 208 294 235 70 99 39 330 8 215 237 134 301 175 210 223 75 242 142 117 228 117 319 121 7 205 260 13 153 73 246 71 80 193 51 234 310 134 226 273 112 88 238 281 240 219 1 252 18 313 35 132 287 284 330 16 185 195 246 292 41 14 267 67 141 335 199 323 206 257 307 231 32 35 227 135 254 155 132 324 99 188 21 65 274 314 299 260 185 13 59 252 226 184 259 121 209 181 101 125 192 280 156 58 119 290 57 246 174 202 303 69 305 84 117 57 227 290 130 117 305 249 26 112 151 244 149 95 272 215 169 245 141 212 328 255 138 2 65 264 185 299 7 334 231 308 170 96 183 229 318 102 239 260 291 160 27 36 7 288 126 227 211 38 106 194 118 226 163 221 189 153 54 145 290 180 103 73 126 72 53 233 115 3 12 256 186 161 12 72 75 228 29 232 143 76 146 14 260 308 269 85 148 177 14 195 183 45 119 128 69 230 66 11 89 93 312 83 78 21 309 143 247 287 197 191 50 264 175
198 166 82 212 217 149 332 149 145 128 308 295 229 242 79 215 252 266 240 218 194 150 161 280 114 330 174 322 282 173 4 191 328 332 48 31 14 75 88 216 338 124 74 184 240 265 229 6 125 165 278 210 164 167 20 126 99 172 305 60 309 103 38 248 67 313 52 38 135 231 173 4 133 180 86 104 84 122 29 295 251 259 73 211 34 308 268 200 45 211 165 259 292 328 306 93 93 218 88 266 80 139 250 34 172 64 180 60 23 126 146 16 256 41 178 137 82 302 30 217 161 198 198 242 199 299 216 240 284 98 190 114 60 292 244 62 310 5 274 307 29 176 122 155 328 150 33 44 110 143 51 188 318 123 309 207 120 264 64 75 273 177 89 322 98 191 236 91 326 335 119 103 77 140 72 55 200 35 248 280 197 161 28 267 126 138 40 125 229 96 134 106 101 318 109 59 283 333 286 204 188 292 191 170 228 337 74 330 31 296 160 224 279 7 71 62 24 88 256 227 56 20 226 47 31 291 311 111 90 1 41 108 277 30 68 266 7 124 127 226 96 70 147 278 255 87 137 187 115 15 128 103 301 325 220 268 329 184 176 167 286 329 54 339 236 194 151 232 61 172 310 261 44 26 138 110 102 1 200 79 56 82 255 259 46 234 28 51 258 15 284 143 60 28 56 330 190 257 69 124 123 183 305 136 5 96 162 43 266 102 164 186 281 308 32 162 305 42 44 141 255 152 100 205 330 238 190 119 41 222 314 327 57 92 233 30 309 225 20 325
277 179 286 86 81 239 126 87 238 122 229 291 282 159 136 243 44 187 278 108 283 207 118 170 190 190 205 132 290 228 320 205 124 291 102 116 180 45 208 68 162 97 61 280 306 26 232 77 140 284 125 1 319 289 275 311 325 316 6 305 281 264 114 148 237 190 20 286 332 23 206 253 336 213 160 25 21 258 1 35 116 207 243 267 104 220 187 125 101 127 126 172 18 196 136 157 316 193 30 250 82 303 65 281 18 234 144 7 53 94 259 280 299 61 318 157 221 71 7 32 60 132 145 103 309 57 296 335 191 236 323 41 243 240 256 128 164 169 149 93 332 273 213 150 244 74 110 92 291 198 321 32 171 167 274 191 133 63 247 157 271 272 287 49 52 321 130 204 325 24 323 174 171 240 274 21 78 14 245 203 151 253 83 284 258 90 228 231 12 308 54 314 299 209 61 129 148 66 129 169 240 26 317 178 315 142 125 237 77 165 29 135 219 19 231 87 96 212 1 336 216 12 289 94 85 163 59 157 333 292 50 48 233 286 156 252 203 322 192 119 23 220 304 116 147 223 129 20 214 332 169 328 251 307 149 20 275 333 19 83 301 99 278 59 126 220 81 209 225 324 32 218 115 25 32 287 64 232 232 245 210 174 82 171 118 136 136 292 198 66 104 129 137 159 77 259 95 252 27 272 176 67 180 67 34 265 107 312 159 199 109 265 330 187 93 179 98 221 23 131 137 52 156 115 265 281 108 289 216 148 14 293 320 61 43 181 26 306 66 213
174 4 85 170 59 13 195 21 165 75 226 157 317 10 227 149 126 168 130 16 176 26 19 89 109 20 339 312 150 141 280 280 320 2 52 175 10 13 331 211 116 222 250 331 16 120 55 48 331 23 199 116 219 307 200 38 306 89 134 31 101 30 159 197 212 22 97 192 292 167 10 110 38 332 45 257 61 141 29 133 112 257 172 118 176 112 45 290 309 16 4 261 116 85 43 322 143 275 88 114 57 56 253 174 17 283 151 236 92 131 109 167 289 88 47 189 243 312 196 80 204 5 50 242 121 282 152 36 101 309 339 5 189 151 330 302 236 313 234 57 247 41 65 108 213 49 88 34 211 204 161 53 213 152 171 103 271 16 90 29 45 196 53 319 33 234 248 161 15 120 61 20 284 15 187 27 149 89 205 187 35 8 272 200 305 288 277 188 181 332 68 314 277 41 320 55 292 68 170 203 193 237 136 22 321 265 233 118 298 78 305 174 251 316 142 118 74 32 295 241 15 1 236 168 336 188 158 170 206 89 201 143 144 262 149 301 177 153 101 108 264 106 61 6 6 335 289 154 181 98 150 27 138 30 2 58 219 206 99 130 50 160 185 143 298 59 171 231 335 4 242 238 298 336 173 145 110 217 49 82 292 330 31 338 256 243 205 202 10 132 165 105 204 276 139 301 18 36 151 85 60 81 94 299 41 182 106 169 151 57 258 306 99 291 94 331 185 102 45 155 179 152 160 307 318 171 128 212 155 339 54 335 133 129 257 147 271 324 120 255
92 184 311 223 215 191 79 155 135 339 340 5 47 283 184 19 39 324 263 278 33 146 101 243 185 245 162 32 53 251 189 301 21 86 53 274 263 144 181 82 126 236 126 225 294 288 287 206 292 66 67 221 171 42 237 319 107 222 103 94 216 203 224 209 268 223 273 67 34 37 135 77 328 279 319 203 37 285 299 202 10 146 300 323 191 186 53 313 71 335 121 183 292 325 137 51 19 43 48 55 180 10 174 219 43 5 242 153 185 2 289 126 5 278 166 40 47 288 80 190 244 308 316 155 295 129 55 73 202 29 51 129 202 158 121 319 324 334 145 248 273 160 122 266 176 91 35 173 132 209 169 56 26 269 104 30 300 219 288 161 282 113 103 156 317 87 297 35 112 289 267 112 292 184 251 208 160 49 100 42 324 19 237 101 101 74 122 17 60 139 206 57 21 54 199 67 257 21 137 78 27 312 2 67 82 147 121 276 183 89 276 35 52 216 175 267 58 117 46 186 184 72 105 113 301 60 217 331 145 119 13 141 37 123 80 166 267 249 253 54 65 52 223 33 81 132 65 40 57 244 320 320 324 87 181 226 99 99 154 113 154 299 10 37 154 25 274 195 115 226 87 96 161 256 58 307 31 66 116 63 162 257 52 87 74 32 6 330 137 299 126 168 160 77 278 44 135 170 335 269 110 327 132 103 272 53 276 293 68 180 17 282 63 60 244 82 336 32 186 117 68 301 148 199 258 239 74 338 225 154 262 74 209 320 2 79 118 40 153 339
301 168 61 289 58 326 293 293 145 295 35 305 53 15 118 60 250 228 46 275 169 293 118 36 30 283 120 219 217 255 163 207 91 196 95 4 220 165 199 116 257 106 340 286 10 225 277 177 35 71 316 122 11 126 66 1 96 190 115 336 254 163 310 113 231 26 233 171 40 182 75 64 102 256 125 119 293 212 21 263 239 315 322 76 69 114 33 111 14 338 191 278 243 108 293 333 239 255 260 168 259 43 36 240 253 133 315 326 250 102 10 249 332 190 45 241 40 277 49 292 64 148 47 258 10 32 102 248 298 327 44 79 162 47 195 316 282 203 184 120 141 261 158 51 309 96 122 46 19 39 155 184 252 108 247 22 234 9 213 174 83 163 134 295 66 180 36 67 333 204 156 16 20 316 310 258 28 125 67 192 283 326 136 224 5 180 305 204 307 55 284 49 228 136 263 319 194 32 16 124 144 83 191 112 229 238 147 184 39 327 250 125 58 107 6 285 140 290 169 145 211 22 154 312 136 117 274 220 295 278 281 140 248 228 137 18 247 197 12 159 257 316 218 194 195 239 32 297 329 53 55 250 2 264 210 103 133 203 96 37 13 83 244 17 56 40 9 27 116 330 74 269 23 70 196 44 74 176 13 283 11 332 236 333 196 325 228 13 126 107 53 298 105 188 150 268 23 245 284 145 102 257 159 75 219 233 42 116 50 173 331 250 240 296 274 306 211 191 29 91 202 90 133 188 197 323 311 104 303 229 116 205 230 1 76 7 293 169 157 90
201 31 267 90 190 217 63 179 260 160 73 184 329 262 296 276 3 188 284 132 210 168 114 240 79 265 90 270 24 319 102 255 316 260 281 147 130 14 20 43 148 74 88 250 76 189 140 175 178 150 329 225 125 99 242 53 183 184 190 259 221 157 178 3 102 60 75 9 8 132 5 291 324 21 187 249 165 169 277 241 149 124 315 339 246 227 208 174 146 145 55 31 307 153 2 144 133 214 315 200 48 94 28 56 278 70 219 75 3 223 37 110 14 129 122 160 262 320 281 79 172 132 86 169 234 291 261 200 247 204 24 115 274 273 1 216 271 305 54 49 338 88 100 325 130 305 110 316 116 21 320 84 161 250 279 253 228 272 315 97 256 196 144 147 183 327 250 330 217 30 46 123 305 279 40 23 168 215 288 211 309 82 86 287 60 149 319 132 44 179 69 278 261 60 43 191 215 103 12 272 12 260 230 44 299 221 250 60 71 21 12 328 230 141 190 256 179 54 8 72 16 165 251 162 245 226 98 235 200 128 223 172 129 231 194 195 215 256 78 14 200 3 292 38 107 183 144 34 52 275 170 79 85 336 143 238 141 231 133 113 211 216 314 236 288 176 285 260 312 163 300 137 163 195 198 56 141 134 307 144 149 285 199 153 96 215 288 160 100 184 242 72 96 82 257 264 16 38 5 114 316 306 9 39 159 308 268 211 104 270 257 181 217 297 8 116 129 130 241 130 167 100 295 175 199 223 153 181 36 103 205 171 4 180 276 183 171 274 184 266
34 154 304 165 267 244 32 74 218 255 260 70 224 251 49 123 105 49 207 228 288 108 193 99 20 330 98 86 108 112 85 269 79 87 332 142 223 297 16 92 41 80 28 112 158 17 294 289 65 25 62 327 43 127 131 158 23 259 320 252 326 80 222 229 109 87 149 214 323 124 236 149 289 318 29 305 338 224 87 114 48 199 95 39 132 277 85 20 34 116 263 155 289 25 131 70 309 44 304 290 131 110 29 257 94 214 174 32 273 188 304 212 19 293 30 201 4 179 126 267 269 177 128 241 303 223 119 121 71 205 68 210 64 333 318 37 11 159 270 137 171 45 318 84 306 192 126 228 53 212 117 163 180 42 113 325 276 140 212 289 53 295 132 295 49 12 336 235 177 324 296 249 224 299 76 199 325 199 14 103 295 65 163 24 261 73 335 248 50 260 4 137 329 165 23 29 133 141 264 292 206 134 305 194 334 265 191 192 159 297 187 198 279 325 217 181 204 61 146 316 256 167 328 196 160 310 247 41 100 53 302 36 108 140 32 210 6 239 82 151 48 190 312 335 29 281 83 78 124 40 172 10 174 125 331 74 84 221 327 289 280 23 201 11 315 68 155 42 114 45 340 314 34 324 152 136 78 1 162 181 21 319 254 242 246 187 182 85 260 19 61 135 290 197 91 231 3 78 99 81 253 241 282 98 280 253 2 25 281 263 203 191 340 325 324 122 233 64 304 130 201 320 93 316 195 23 28 151 310 25 215 12 308 170 260 118 321 130 339 203
174 339 226 225 167 62 111 92 74 268 132 97 290 122 56 70 159 21 41 75 130 237 107 150 195 73 177 48 179 9 75 65 159 22 43 82 282 120 280 67 2 146 324 268 26 331 198 319 81 280 291 49 96 31 146 147 270 293 43 18 28 58 216 62 239 225 82 319 219 320 279 211 292 120 284 243 53 305 292 277 38 106 338 201 171 267 53 124 333 274 112 137 230 23 209 290 329 186 237 232 256 107 286 50 208 166 83 109 46 161 45 17 329 128 123 286 92 148 132 332 138 17 184 20 128 162 253 283 213 92 86 93 331 246 240 23 329 258 287 332 269 75 146 23 321 30 280 53 232 340 183 205 29 212 90 48 159 149 87 332 184 52 300 206 142 268 340 10 296 294 40 97 141 323 61 29 314 268 315 254 282 251 143 1 151 239 214 52 89 157 182 88 140 312 148 73 333 41 323 295 242 122 226 193 215 8 153 117 221 164 187 13 332 294 182 125 288 217 107 288 86 100 252 172 59 30 255 131 74 186 225 302 145 231 271 5 170 214 230 328 49 229 203 107 48 182 150 45 171 109 81 282 298 183 57 272 43 8 259 278 188 229 102 268 27 110 262 267 44 277 105 235 256 160 277 35 157 260 102 186 208 218 135 166 73 96 219 215 79 100 327 258 238 259 131 16 105 91 83 312 2 125 314 141 323 271 184 137 298 226 328 181 30 252 69 216 216 41 8 216 299 27 88 331 68 121 130 146 43 14 14 298 293 328 253 70 46 113 130 195
217 224 177 136 124 4 267 160 119 38 321 172 294 205 215 194 60 227 15 154 133 63 85 205 278 301 291 159 210 248 76 132 294 253 98 228 167 220 241 169 306 307 5 187 183 104 312 316 176 223 320 117 300 79 227 112 253 200 172 239 77 45 218 95 103 327 153 332 21 52 305 8 221 176 283 150 193 200 158 103 316 21 214 160 20 244 137 337 123 162 334 173 143 248 58 340 55 180 143 130 193 118 133 206 181 305 318 139 36 330 216 74 75 81 11 206 120 188 303 282 335 208 333 160 258 331 278 254 59 191 31 278 184 46 31 90 271 284 84 295 233 220 17 76 12 117 110 308 260 259 275 32 162 260 170 50 168 279 174 18 11 220 179 72 200 153 193 319 106 158 191 339 317 187 146 21 334 188 120 244 33 163 214 132 225 16 143 130 152 267 16 272 33 181 323 159 285 31 313 338 33 125 57 47 47 84 248 278 193 46 327 73 124 197 226 265 224 216 249 58 10 96 89 60 192 284 256 76 21 73 219 258 333 4 324 33 306 22 10 327 19 141 265 321 301 292 112 165 224 273 104 84 214 54 175 87 259 252 172 196 90 270 104 63 288 26 83 146 152 279 116 192 111 238 259 306 222 221 208 32 204 134 173 296 128 201 227 30 163 73 175 263 307 181 265 15 163 66 310 222 135 273 336 162 170 45 196 101 155 156 239 32 336 131 113 205 69 90 202 76 267 323 25 245 139 37 142 139 61 220 18 58 209 27 247 323 229 253 47 143
7 317 301 108 164 288 59 210 200 138 246 190 91 58 66 83 50 314 223 277 238 73 192 274 334 262 43 238 134 51 54 134 115 30 69 145 257 92 179 77 25 324 115 103 308 255 233 172 86 84 229 166 210 120 31 3 37 56 41 277 231 128 106 250 139 190 144 79 119 286 323 261 266 326 239 218 290 230 271 166 285 173 305 74 233 139 105 126 71 197 229 108 304 194 202 24 192 7 52 284 188 35 120 80 321 251 295 319 232 45 26 327 45 228 324 62 20 98 190 141 279 227 54 180 226 93 32 182 216 287 170 2 10 313 99 148 102 22 172 326 175 217 310 306 4 225 190 127 307 12 333 7 110 328 233 319 280 56 229 53 298 276 206 154 177 190 189 101 202 178 22 54 143 281 293 164 293 279 196 312 170 57 240 267 74 176 53 276 237 212 178 303 25 176 239 102 212 135 56 182 180 244 280 192 190 33 300 98 298 100 260 74 124 100 334 328 246 7 150 128 197 265 249 161 26 79 278 181 244 7 112 264 292 219 54 21 238 35 180 306 191 253 112 295 220 62 83 73 20 275 105 18 48 74 119 219 252 321 22 167 214 31 309 135 302 67 310 168 174 261 266 244 324 79 269 15 223 197 51 157 74 208 209 122 250 323 250 4 304 138 252 146 31 187 20 337 81 304 161 75 56 74 30 217 335 180 106 140 135 20 64 163 261 172 12 225 237 81 122 65 19 250 284 290 3 252 327 280 280 302 134 17 271 324 214 207 277 8 22 143
29 136 80 277 93 321 194 325 61 121 261 241 29 318 51 230 195 166 86 95 313 228 227 290 191 28 314 59 143 5 292 299 180 43 123 322 205 18 29 126 315 295 336 247 243 49 268 54 279 147 9 86 92 51 300 213 161 305 66 214 51 235 264 59 320 198 97 132 68 87 222 73 114 243 214 53 296 148 203 199 132 261 127 234 122 209 131 33 124 80 234 189 71 109 7 79 298 256 40 236 205 303 250 148 59 286 87 227 26 204 76 225 326 33 2 294 224 123 247 227 59 13 292 136 26 81 256 40 35 310 141 150 97 338 91 92 42 135 115 337 17 138 175 335 205 335 314 138 297 253 69 83 339 215 181 336 62 247 37 115 168 58 34 24 137 38 255 9 163 173 7 238 231 132 286 123 157 162 137 129 112 6 123 75 17 67 1 10 333 41 64 259 201 241 149 130 231 326 295 132 176 204 178 290 320 327 305 123 50 33 316 161 224 305 17 68 198 323 261 167 136 292 169 216 135 94 29 163 224 195 267 240 26 173 134 183 173 192 150 46 70 94 71 262 256 259 188 185 301 275 264 230 43 324 224 63 69 174 98 17 194 95 340 212 196 92 190 228 158 151 275 287 86 189 280 329 162 238 266 111 264 64 162 65 30 158 118 14 265 10 272 165 81 54 232 252 60 49 278 265 59 81 166 233 191 157 264 121 287 221 332 98 175 45 230 105 168 134 316 318 4 238 15 311 125 249 86 191 130 281 218 211 209 88 4 12 333 337 135 181
6 38 53 320 62 313 301 307 45 16 105 319 58 257 301 248 312 331 245 312 106 315 40 230 152 280 10 338 252 180 318 14 77 256 47 146 304 235 72 49 243 140 116 272 152 116 279 8 318 127 264 229 329 320 110 134 333 164 298 220 181 196 281 144 27 117 286 64 125 136 263 334 324 269 273 297 198 205 1 25 120 320 337 336 215 58 106 312 215 237 210 281 80 174 215 156 114 260 24 223 120 156 60 293 82 213 252 159 61 36 299 69 203 118 22 128 320 66 184 197 61 230 91 307 184 278 122 70 291 174 303 15 65 227 262 91 255 92 133 177 241 194 290 18 197 47 236 179 5 55 287 10 50 127 121 319 274 283 123 92 41 178 171 85 314 224 268 248 51 280 236 313 21 256 150 147 82 30 111 292 246 50 230 131 80 10 104 239 211 152 39 321 301 134 198 56 135 226 333 25 16 277 130 226 31 281 56 151 59 226 131 77 15 28 77 123 93 176 144 246 55 43 179 196 97 230 309 22 240 5 103 68 153 42 216 243 153 4 108 149 17 113 183 245 6 88 44 83 88 293 151 96 255 251 97 241 88 266 83 114 110 322 231 286 152 321 340 204 167 29 268 264 127 50 43 294 5 45 228 108 170 95 55 337 213 330 282 114 158 70 21 82 255 224 316 134 217 254 128 41 187 203 320 95 310 81 138 283 329 29 83 198 67 119 189 144 247 79 231 170 244 4 303 21 181 119 170 178 155 214 43 225 132 135 146 129 181 165 312 146
214 140 21 153 273 233 69 108 147 260 222 38 167 328 37 231 314 176 134 160 314 208 34 51 285 92 228 44 205 116 174 164 31 113 124 182 266 97 339 4 205 198 314 17 129 132 337 202 74 146 231 92 299 66 15 170 81 183 302 91 155 295 331 204 135 234 276 202 45 160 207 333 87 10 113 262 38 78 200 190 265 220 172 228 3 122 238 187 30 19 77 306 319 280 157 70 205 179 304 159 293 189 228 174 261 32 249 239 9 69 90 31 159 4 126 292 147 293 332 92 180 117 181 248 299 300 251 239 126 296 261 135 13 182 335 77 74 110 88 46 191 14 47 139 130 109 161 202 269 138 331 300 267 25 111 295 265 103 186 220 80 35 66 276 270 85 39 210 186 212 234 161 269 257 65 151 22 228 339 105 60 213 97 250 80 199 151 238 45 66 57 171 283 290 20 165 299 21 212 216 204 126 6 84 216 178 241 274 238 295 268 131 157 8 93 205 39 46 263 311 138 311 77 326 217 83 105 54 286 92 274 316 114 164 260 221 301 238 299 117 88 84 19 210 183 173 80 230 61 132 144 107 66 31 59 25 326 230 1 91 85 174 195 177 180 104 259 42 122 287 263 10 109 175 259 279 2 277 18 339 250 67 65 117 39 168 138 119 151 289 13 323 331 44 124 83 72 141 24 238 78 165 178 132 261 84 120 297 84 297 140 285 112 54 329 106 257 235 220 17 197 32 178 118 155 37 304 38 76 315 258 20 75 8 81 213 314 198 243 27
186 116 78 250 247 100 190 276 323 1 270 16 173 31 108 148 201 235 214 338 280 238 29 241 241 212 336 94 228 137 5 271 68 65 91 115 184 92 89 248 37 292 68 179 226 295 287 156 74 41 211 114 195 336 39 243 202 159 58 287 251 158 56 1 160 214 89 191 83 134 112 45 174 28 295 307 180 97 161 50 249 23 321 10 267 111 271 62 223 158 291 3 231 251 291 308 93 129 86 148 22 234 142 243 31 286 53 140 233 183 186 295 140 8 162 214 179 292 197 130 152 71 183 209 277 285 269 229 208 63 93 235 139 199 37 232 206 91 218 17 56 73 2 292 266 333 219 44 297 138 101 326 10 207 233 16 130 126 146 126 263 203 170 202 333 244 223 178 204 4 123 287 156 182 43 259 54 62 34 157 177 302 95 278 324 136 273 241 5 164 134 269 90 217 339 314 92 307 313 43 150 19 264 62 320 79 166 287 188 35 320 172 284 125 102 48 24 227 132 22 108 268 35 315 201 156 256 170 42 21 47 338 310 271 264 279 212 148 187 264 308 195 310 113 214 14 216 291 75 314 278 45 3 293 162 300 110 222 65 51 232 64 331 96 268 100 238 175 203 121 216 35 83 206 196 64 294 191 276 259 162 54 255 250 94 302 313 321 285 160 95 293 296 317 208 90 196 98 27 296 54 243 168 234 267 334 320 212 295 214 202 206 30 55 321 184 77 95 186 333 323 218 3 75 60 24 231 336 128 289 180 251 260 136 44 92 189 68 72 83
31 102 91 24 212 48 132 28 283 218 2 116 172 60 309 232 71 235 40 59 254 53 95 247 287 160 195 94 203 327 24 311 305 2 131 171 97 99 218 14 327 262 281 260 265 111 41 86 108 155 85 112 88 333 143 222 165 322 233 263 98 13 194 21 150 17 295 95 222 72 216 118 230 38 47 107 61 227 49 172 144 56 221 30 184 279 174 60 288 62 84 281 276 4 270 77 86 320 27 8 128 207 232 309 43 141 249 305 274 159 68 154 298 264 246 9 255 41 226 25 307 69 112 138 200 14 236 210 147 302 213 60 303 297 19 299 48 336 81 143 101 202 96 281 154 46 51 130 81 50 297 173 136 224 104 144 84 108 69 128 121 333 303 132 210 337 24 194 82 44 121 133 31 123 204 103 236 305 295 316 240 108 190 336 90 138 234 42 136 176 41 60 325 334 10 275 259 120 97 149 247 42 271 183 156 132 164 265 26 280 290 67 278 119 68 212 139 296 112 157 85 35 205 156 327 15 178 151 212 328 228 189 38 108 286 290 269 246 35 203 115 258 323 110 40 131 83 162 290 119 34 225 40 197 242 92 60 280 105 134 281 22 128 264 315 34 79 51 184 270 30 199 21 340 324 180 335 299 248 194 91 92 165 72 1 2 294 234 52 121 304 128 209 257 13 151 169 280 201 81 279 69 119 213 271 111 214 20 276 305 183 42 211 68 268 299 327 50 157 77 242 8 223 330 322 44 40 338 171 338 191 127 220 6 166 59 41 290 196 3
298 262 299 249 287 84 52 244 80 259 55 171 282 218 31 309 233 178 298 202 61 42 181 67 330 215 162 198 195 59 77 223 100 55 93 28 206 117 272 91 238 103 13 128 177 189 93 188 212 333 25 270 231 312 15 179 169 124 41 12 246 267 197 93 220 17 106 36 139 229 69 55 214 140 28 168 228 278 58 111 180 79 206 51 41 152 283 110 146 291 284 326 148 267 89 310 51 39 146 216 335 231 269 311 110 75 196 144 328 210 247 130 90 269 17 143 197 4 228 90 15 269 145 252 61 192 7 40 10 325 157 294 149 72 35 37 276 197 241 152 146 112 148 292 287 133 124 310 321 235 44 299 7 195 209 258 255 276 143 94 306 264 186 197 340 331 218 305 156 280 179 123 85 89 181 139 173 335 115 39 157 23 142 289 238 302 36 84 142 233 69 174 133 218 207 261 316 193 42 61 316 100 103 193 300 230 5 46 221 272 102 161 314 84 290 157 75 337 329 24 272 310 6 247 54 298 107 263 22 25 100 106 211 131 300 303 201 313 99 150 267 91 277 249 101 184 13 141 247 104 266 324 239 106 16 5 77 335 336 92 257 25 5 15 27 61 289 216 245 282 146 121 254 210 99 112 139 14 214 282 87 186 182 305 13 238 126 61 168 191 266 64 278 251 168 280 264 27 309 233 213 301 257 210 103 109 199 331 8 296 7 116 211 263 82 335 333 294 167 188 328 26 133 106 301 255 82 140 127 233 204 26 152 101 86 74 280 27 305 48
182 214 231 82 221 57 37 243 134 333 217 69 205 113 193 317 251 170 55 266 263 90 166 303 237 311 280 153 229 258 276 264 236 239 231 113 239 290 111 293 14 131 250 60 333 324 211 102 45 228 6 146 22 44 281 72 247 125 288 182 169 115 205 13 185 71 94 108 33 295 41 61 38 203 170 220 210 23 287 179 76 318 197 227 231 216 332 34 192 89 286 48 230 123 261 111 239 101 41 319 253 134 248 124 237 54 327 292 128 300 128 27 74 146 133 256 176 148 143 5 268 70 149 272 50 229 307 306 227 12 173 203 34 17 138 62 186 326 331 231 48 147 120 15 134 125 210 288 107 111 319 248 8 75 16 218 62 134 226 84 161 77 64 262 42 104 331 71 145 266 252 86 12 239 216 327 69 48 27 234 233 175 25 123 311 53 267 172 127 30 308 193 170 31 45 31 119 283 204 110 142 206 327 64 115 84 63 44 160 122 244 262 244 276 144 109 18 114 225 126 129 266 97 265 22 339 217 229 292 271 279 169 275 151 314 55 194 307 326 9 275 25 41 79 9 92 171 181 133 184 74 280 303 97 6 14 61 52 188 153 318 117 75 219 37 326 42 84 331 305 280 172 69 209 326 192 229 128 52 22 250 317 266 220 85 200 183 70 259 27 293 308 204 284 8 85 32 72 123 225 243 108 25 338 337 331 77 91 284 308 227 184 280 284 237 140 15 46 178 270 28 85 180 15 194 233 73 196 90 1 55 171 2 161 147 43 334 311 303 99
198 326 307 15 116 293 291 249 18 260 51 261 171 292 130 330 334 102 284 14 5 259 320 151 163 214 214 7 181 71 316 124 327 76 208 132 167 187 167 259 132 29 298 102 185 296 11 152 233 216 194 284 137 159 209 319 166 260 336 317 184 330 297 106 167 208 166 151 179 141 326 224 61 212 28 293 6 40 237 137 182 37 236 329 136 169 267 122 276 329 243 190 189 301 120 178 279 29 173 2 26 322 128 118 162 23 23 187 160 65 321 197 241 205 323 1 133 79 310 288 323 339 25 177 39 230 63 218 281 339 308 3 114 110 105 149 200 246 102 310 22 243 257 126 80 58 243 141 245 15 48 112 151 120 112 129 26 308 120 234 334 185 299 231 331 102 337 204 251 86 252 313 135 42 121 188 200 26 50 163 124 310 54 90 45 86 97 110 3 214 149 37 26 192 275 83 21 261 331 123 188 295 102 199 222 324 196 71 12 157 186 237 227 192 330 155 147 179 61 302 264 136 225 97 13 134 226 181 226 293 262 326 113 65 70 314 230 177 29 68 332 179 177 195 97 155 242 305 156 218 55 246 260 172 81 258 308 187 61 67 265 265 24 259 17 205 295 95 144 297 148 110 322 214 160 170 296 212 159 174 82 30 24 123 104 87 88 81 278 213 259 278 69 269 118 138 232 314 174 44 212 150 27 128 313 61 247 278 115 219 58 302 132 72 2 287 51 109 81 33 93 254 116 228 37 309 217 258 197 222 62 111 334 52 107 244 69 275 334 48
180 8 332 194 89 129 78 6 65 216 228 279 18 244 222 280 171 208 106 113 178 6 55 39 59 13 294 29 137 33 292 99 17 192 155 50 260 95 8 1 305 122 120 93 149 172 34 100 292 242 9 79 129 132 329 156 2 187 147 73 275 190 82 30 181 79 53 337 46 64 13 47 285 85 36 60 102 118 255 88 65 94 221 203 171 256 32 101 306 100 112 24 295 157 227 203 106 98 225 291 258 184 169 169 83 289 259 103 64 50 65 61 305 240 106 78 163 160 28 47 74 103 36 208 271 262 233 22 194 39 28 289 266 30 291 67 262 20 240 66 34 101 181 160 191 306 222 65 94 306 94 199 65 172 236 223 193 269 295 50 19 310 84 147 249 33 136 309 321 202 326 334 337 269 36 42 237 139 183 216 231 222 181 119 278 30 152 31 234 127 160 298 17 231 68 144 157 10 81 88 91 271 162 242 166 87 202 93 236 65 4 71 65 143 64 266 138 305 277 96 309 72 326 46 224 1 7 72 312 162 192 210 269 337 45 281 273 65 266 21 6 51 91 322 302 246 4 76 272 265 317 293 65 162 286 181 276 319 245 213 181 302 159 156 117 164 54 298 246 275 193 88 258 182 282 189 61 83 276 158 134 148 248 111 100 77 175 154 250 319 321 69 121 174 37 191 271 174 328 137 171 231 192 90 264 91 85 49 317 3 137 197 100 189 112 154 159 262 133 85 255 268 280 261 155 212 19 229 21 94 31 191 90 179 315 248 46 306 217 283
211 258 95 339 29 328 118 98 168 273 32 127 236 199 65 154 99 79 248 312 42 37 168 321 231 229 51 159 103 81 252 224 38 144 190 216 21 3 115 256 206 181 22 40 105 322 220 69 265 43 94 90 287 127 139 23 142 261 6 211 311 223 123 75 90 12 195 189 150 51 101 145 221 287 73 95 247 117 318 311 340 175 23 330 195 297 177 84 290 42 136 3 63 201 247 30 218 206 123 167 56 83 7 164 257 140 65 30 272 234 242 172 67 255 158 116 19 278 142 328 279 269 292 40 206 69 159 297 21 160 7 189 235 9 240 7 325 106 82 178 82 143 177 165 43 157 180 328 278 263 116 159 112 42 27 73 177 308 36 274 99 329 331 311 60 252 135 258 260 337 5 167 6 239 263 251 123 76 140 162 71 210 46 339 94 53 224 319 270 291 287 8 225 39 246 326 313 175 169 303 336 248 225 108 124 10 141 257 224 175 277 217 302 173 125 214 72 82 142 110 163 286 66 126 271 174 340 124 91 147 120 120 98 5 73 210 68 216 181 140 68 25 33 183 265 247 214 307 192 322 10 76 283 8 134 44 247 296 261 66 30 284 286 134 50 134 254 137 168 114 37 207 246 336 44 240 59 306 3 334 205 42 29 59 162 192 21 170 198 249 101 260 118 112 59 184 210 214 265 235 217 307 63 187 205 222 33 151 175 310 32 315 1 22 15 45 54 17 111 46 157 26 232 42 34 128 222 254 17 92 334 34 241 67 227 228 225 299 281 214
304 261 72 77 203 103 178 138 118 230 227 11 62 243 70 231 55 213 310 109 339 64 193 256 75 75 231 336 331 108 51 9 84 3 212 294 13 30 326 182 156 185 99 300 12 185 293 36 127 201 274 310 230 263 238 11 283 199 23 64 167 278 339 68 306 137 312 99 249 60 128 105 191 311 161 155 156 312 220 283 56 112 134 311 320 6 330 133 276 209 145 183 294 93 214 289 77 176 6 224 146 232 189 319 75 118 208 66 262 19 26 130 204 241 247 331 231 80 255 171 241 39 175 191 290 237 134 252 73 186 46 85 175 293 35 242 300 218 214 312 211 211 339 311 33 186 219 227 10 16 114 97 77 220 36 42 140 258 231 86 8 339 274 122 163 257 305 138 131 273 323 95 139 131 230 98 169 260 55 237 116 285 290 188 204 56 295 163 237 158 49 280 224 109 272 259 307 154 268 24 79 285 244 203 226 126 190 199 196 46 83 119 93 198 338 208 295 160 280 253 136 76 192 224 64 15 299 123 308 1 184 240 35 69 22 13 258 292 176 28 18 145 79 40 223 178 68 173 30 19 16 68 290 19 157 229 280 209 259 196 152 313 100 78 287 72 325 161 261 139 60 45 95 56 220 131 125 215 92 19 115 148 220 253 193 101 123 339 222 134 115 93 306 1 191 105 230 130 176 298 305 49 133 138 41 195 253 26 274 148 331 288 11 16 71 28 228 158 31 117 7 173 339 56 128 327 233 97 244 323 309 287 104 169 154 299 15 138 90 325
131 232 247 176 133 298 107 60 338 292 276 61 308 297 69 229 3 100 21 160 90 218 105 340 133 95 229 106 50 68 250 320 214 5 228 166 246 101 160 260 67 293 299 291 194 42 219 296 308 79 256 247 28 74 68 269 284 65 129 49 76 9 25 140 143 11 54 125 236 165 99 233 75 97 8 270 168 324 80 41 233 259 196 124 2 302 204 170 113 97 83 3 15 46 150 164 305 179 223 60 23 38 170 315 163 242 8 262 338 180 316 24 270 81 310 124 191 290 305 231 240 33 13 176 292 6 142 246 208 102 49 209 158 57 272 160 40 323 218 262 39 9 286 339 79 81 54 297 123 79 236 175 326 181 162 94 227 201 120 54 158 315 317 210 307 63 336 108 129 143 270 334 230 103 16 1 263 238 136 247 272 19 18 20 153 246 102 233 244 63 122 256 143 149 218 314 311 48 320 222 153 147 114 96 72 56 313 271 166 250 330 247 303 35 14 182 305 197 290 229 104 86 231 264 244 326 240 196 107 198 104 220 121 85 255 211 46 19 72 18 321 252 110 199 73 49 304 35 89 264 119 34 39 111 319 323 95 139 160 270 338 123 48 157 331 223 2 30 228 203 280 261 103 310 44 185 151 161 200 338 67 149 250 322 114 324 212 296 220 101 243 266 226 271 220 126 135 329 77 53 32 338 179 338 100 205 330 4 310 291 287 244 244 44 301 221 236 3 228 166 107 16 259 139 203 40 103 245 214 139 59 63 187 203 286 141 2 212 106 80
163 192 168 93 42 219 119 211 256 17 222 140 332 101 44 27 226 58 293 244 113 313 206 107 54 71 20 297 244 130 304 285 265 314 333 266 222 37 148 228 151 63 219 46 24 197 29 188 261 88 118 15 231 132 225 58 282 230 227 279 132 169 195 18 131 8 199 10 70 102 58 117 213 139 265 319 282 339 301 299 108 79 14 162 118 237 192 66 271 298 253 14 5 50 255 292 67 228 237 206 56 122 31 43 267 194 81 100 50 293 140 93 315 237 223 152 20 236 252 232 263 39 205 187 18 176 271 153 81 265 182 311 263 158 120 224 280 99 230 37 39 259 163 263 169 285 168 299 266 298 125 233 46 79 127 233 268 33 97 126 290 148 207 211 240 32 338 122 42 262 82 102 75 114 123 154 39 242 313 10 253 70 153 56 241 4 181 5 136 57 234 166 182 340 60 190 234 194 108 248 299 320 145 102 26 69 239 248 233 255 260 289 61 139 130 195 289 313 266 271 105 192 203 212 150 94 330 193 264 188 241 212 40 143 245 59 266 169 47 250 267 244 328 228 70 234 112 107 240 48 323 285 120 69 247 56 184 195 104 310 60 302 317 265 217 171 275 220 218 304 15 13 12 292 87 100 65 193 136 8 154 180 332 338 177 113 258 178 312 335 256 288 82 43 147 199 78 221 276 301 20 259 30 339 244 295 204 9 165 242 173 155 26 192 219 223 315 147 221 233 150 329 300 41 7 136 77 57 249 55 70 24 313 259 244 59 324 318 54 323
42 233 132 138 61 246 321 183 299 70 111 151 96 332 182 307 316 51 80 108 218 51 329 37 109 135 316 303 330 26 114 170 161 106 275 56 268 52 213 233 15 234 104 267 323 299 183 320 33 209 219 61 232 134 336 20 241 113 127 50 199 339 202 128 113 20 248 138 196 62 39 220 32 163 81 29 17 43 282 339 41 90 164 179 77 60 264 184 307 324 29 304 257 226 155 175 107 153 1 3 97 278 162 256 336 157 249 288 221 315 104 324 38 196 143 116 184 72 51 245 36 235 26 285 181 252 149 209 173 16 48 194 188 121 205 99 318 41 135 269 132 222 71 104 226 287 333 213 268 169 48 195 13 210 22 270 180 210 130 210 170 250 254 137 312 144 283 118 95 239 258 78 60 35 236 12 49 134 235 173 64 83 189 19 195 265 54 299 83 242 200 11 219 162 155 197 277 51 153 171 67 138 198 234 199 251 73 328 168 170 316 66 193 160 257 135 275 240 256 198 139 45 101 144 283 42 317 98 236 135 224 159 213 96 86 122 35 325 6 258 122 239 162 308 47 55 152 77 151 298 22 216 16 248 237 37 199 213 207 141 85 339 46 226 259 209 134 35 164 127 323 217 94 118 22 233 36 312 179 171 335 252 71 93 228 299 308 35 268 133 29 194 56 40 254 70 136 254 221 11 237 51 186 187 55 24 182 176 166 78 92 19 35 240 26 134 312 279 94 313 96 316 52 36 103 17 229 180 257 121 234 24 115 332 310 204 49 192 300 168
30 29 136 242 18 157 326 299 234 184 257 191 256 91 193 112 289 229 160 260 4 20 153 38 295 255 237 17 192 67 315 337 289 45 333 20 173 99 280 311 6 73 104 82 275 256 47 321 139 274 291 131 337 49 269 63 280 55 218 287 163 247 120 139 47 121 293 244 119 202 333 318 135 57 137 236 335 102 5 110 196 19 64 112 133 127 218 264 272 319 136 179 51 55 22 88 305 215 210 148 213 328 77 142 262 197 124 261 310 46 88 253 12 281 122 310 125 159 45 177 164 123 216 246 274 204 291 151 330 285 76 275 204 206 228 3 213 45 177 91 256 164 233 104 222 102 223 79 110 314 146 285 295 126 278 131 115 133 116 222 10 313 133 312 18 257 218 84 264 32 210 101 229 227 270 272 225 127 105 323 96 59 291 216 55 304 225 192 241 260 191 280 266 3 8 220 276 316 280 199 202 69 203 199 211 128 78 31 204 320 62 151 50 57 268 208 118 153 165 178 321 273 97 249 273 115 267 167 283 61 320 195 164 229 102 4 169 230 67 2 17 43 151 55 47 189 58 32 133 255 282 46 148 158 107 183 305 222 103 308 284 84 16 22 136 152 174 18 271 271 220 276 265 264 329 99 154 327 254 152 33 320 270 264 253 212 99 197 181 143 12 86 135 178 321 256 23 61 265 135 90 336 303 93 222 112 287 73 55 255 255 160 20 164 221 234 85 260 93 196 173 197 299 263 203 68 42 37 201 314 280 268 307 296 48 93 173 331 265 7
277 314 58 182 37 329 10 153 291 198 294 118 229 310 306 87 260 334 122 228 22 166 207 263 40 3 180 54 122 286 176 295 223 314 170 74 9 133 88 214 270 263 64 14 60 13 10 249 283 267 305 219 292 50 154 301 117 169 219 142 264 323 55 315 319 61 280 202 231 46 93 120 98 311 293 66 200 140 209 160 200 281 2 53 65 340 242 172 92 253 254 275 220 316 45 305 232 60 302 147 212 150 92 160 156 89 273 274 32 278 200 43 16 197 306 80 147 139 112 273 214 252 192 278 279 267 41 178 180 290 29 200 194 248 93 167 99 103 202 212 164 238 152 293 261 286 325 7 238 204 194 154 120 112 76 220 142 137 92 313 80 135 203 14 129 268 6 163 297 45 3 200 329 214 239 200 229 269 211 34 239 73 174 313 49 11 195 279 169 11 328 201 334 264 28 194 96 156 164 319 290 113 82 230 33 9 201 32 306 45 312 275 161 132 174 268 48 6 257 233 121 127 20 17 156 187 316 148 63 63 4 269 148 247 274 80 215 188 48 54 314 318 14 200 200 64 39 124 244 176 26 252 132 253 269 267 176 75 188 187 300 117 282 73 131 256 213 1 238 117 213 297 332 48 47 253 33 210 258 273 318 57 110 215 35 114 152 48 325 325 127 265 105 233 303 52 227 335 170 182 335 127 66 195 176 100 227 257 166 74 227 72 86 287 220 35 267 100 204 27 297 52 189 22 265 312 280 202 272 111 8 242 323 247 60 83 183 280 187 245
158 203 43 295 63 27 170 11 148 79 39 315 316 86 153 270 187 69 54 279 269 55 156 272 170 151 53 106 299 150 171 185 59 33 58 260 2 335 311 268 212 242 114 199 328 28 306 25 123 239 143 144 145 251 208 259 156 108 326 303 53 90 320 45 268 249 184 173 158 56 209 77 145 193 315 15 25 334 144 238 182 227 256 179 56 323 302 205 270 65 301 283 317 290 7 235 85 278 111 123 258 165 187 296 116 28 213 40 312 102 291 282 188 265 269 8 260 250 125 151 124 2 128 54 153 267 337 144 265 203 332 2 147 231 308 297 73 302 262 141 213 89 208 162 125 309 333 79 162 139 292 198 334 180 261 50 173 166 125 301 31 295 237 135 71 291 188 4 65 154 31 121 227 301 206 72 166 146 317 205 19 135 209 119 146 278 34 92 297 151 123 329 38 131 319 58 190 31 331 120 267 45 59 261 257 281 2 117 176 16 292 4 97 43 217 82 317 234 322 311 148 260 149 25 48 65 20 225 284 226 330 132 228 301 261 43 91 194 3 263 117 245 304 222 313 281 227 45 289 77 95 5 200 273 162 21 206 56 72 325 53 282 105 258 189 23 6 105 219 218 282 38 66 199 4 67 288 127 212 122 312 252 303 88 73 311 54 264 142 25 12 241 261 287 70 172 215 141 328 326 188 47 110 13 77 324 41 101 121 52 36 133 85 212 200 128 52 161 251 19 195 14 187 185 54 337 26 270 135 20 3 139 302 232 160 119 223 53 154 273
27 265 219 92 223 42 21 8 76 86 159 97 106 163 92 40 116 183 84 103 238 30 111 335 186 177 246 8 332 172 28 116 287 311 149 298 337 218 9 299 172 78 299 183 147 280 173 81 282 271 171 152 109 304 102 174 194 150 209 269 173 69 134 291 87 219 201 87 206 104 109 151 48 302 210 147 244 189 194 113 276 76 122 296 48 13 6 128 62 160 162 100 17 295 42 39 278 61 176 178 258 224 137 242 268 149 198 190 50 97 175 53 44 1 263 115 163 283 128 266 224 323 160 45 266 305 100 261 166 211 88 245 164 175 141 217 171 46 36 318 27 278 4 213 207 46 82 206 110 219 323 179 156 340 146 66 256 293 227 307 186 324 208 246 64 302 32 92 15 309 296 101 191 2 165 149 22 258 41 182 119 48 252 123 202 65 310 313 33 303 174 243 228 20 317 119 162 148 120 205 213 270 220 50 153 85 328 130 250 321 15 317 190 165 65 15 305 187 291 55 11 206 232 6 73 281 312 7 143 143 122 338 120 32 8 228 255 219 13 316 103 5 337 61 163 55 258 302 57 73 318 283 117 115 222 296 193 141 44 219 242 333 159 177 104 12 284 71 179 254 96 322 110 311 316 271 239 71 163 79 66 202 324 112 294 282 249 326 132 37 31 144 249 205 92 92 334 51 287 78 166 213 41 184 173 197 215 150 111 44 84 178 112 4 331 194 121 114 150 265 200 166 262 329 66 127 48 307 278 76 174 150 298 292 40 43 63 166 337 134
96 30 6 285 138 174 249 102 30 115 246 285 38 233 269 273 340 291 270 48 200 48 285 72 191 114 220 330 171 49 194 263 184 50 326 315 46 301 307 234 127 194 189 160 2 178 135 135 293 190 205 199 290 179 55 308 84 108 86 55 76 50 221 217 117 336 242 148 241 18 38 104 290 2 1 182 87 12 134 273 87 268 260 297 224 48 293 340 36 8 203 163 323 179 330 183 128 78 263 16 197 340 129 103 280 264 227 161 8 58 102 182 244 7 94 312 274 99 130 203 64 12 61 141 290 130 285 235 131 223 101 118 211 256 142 56 148 255 291 131 158 200 180 268 204 186 271 151 61 247 192 54 300 338 71 47 332 147 16 238 1 165 72 321 157 304 85 241 294 58 60 198 264 334 171 141 252 157 2 107 61 77 53 336 148 215 97 235 309 171 75 15 19 302 162 104 42 273 246 125 36 15 86 87 83 257 297 19 161 94 235 178 119 224 125 97 239 61 184 71 147 258 217 84 249 104 273 307 1 183 314 125 65 164 194 190 297 304 103 329 291 96 97 204 199 168 262 114 228 196 53 31 117 123 168 219 90 101 10 13 88 109 238 272 217 194 272 217 95 133 225 195 311 319 172 177 327 16 189 94 113 173 69 106 108 243 229 177 37 85 220 39 236 282 60 207 238 275 76 174 95 285 260 178 183 135 68 27 128 199 192 88 276 140 52 22 270 235 51 163 262 66 194 54 241 118 166 89 333 80 67 297 334 248 304 47 161 227 50 189
304 164 12 159 188 20 64 302 212 7 204 116 74 103 74 208 120 202 225 163 145 67 35 45 192 318 242 296 271 232 279 103 128 159 185 268 185 267 11 198 225 69 215 101 179 3 223 314 294 89 194 3 330 277 314 193 21 219 125 259 107 283 135 36 247 247 267 21 38 181 22 232 26 83 48 156 232 292 110 40 294 164 11 256 339 260 121 110 132 294 222 182 287 199 54 312 8 51 155 115 97 228 83 339 1 117 276 149 307 319 291 137 39 41 38 130 286 151 313 165 338 68 248 42 129 281 128 239 331 223 243 298 105 13 213 13 56 153 99 151 121 265 156 111 2 80 213 259 340 281 52 217 37 141 74 152 338 114 168 315 230 191 284 159 238 213 77 165 322 104 150 240 203 142 225 104 78 194 140 94 34 300 48 37 226 301 205 33 97 99 81 46 174 180 285 284 111 290 67 298 174 134 198 257 172 278 194 99 210 27 98 108 286 117 6 47 73 98 172 135 43 170 89 119 3 108 107 103 218 149 235 44 40 89 82 32 86 251 296 167 131 277 77 56 316 326 103 13 64 244 331 328 326 3 141 187 315 1 46 271 232 293 128 160 152 150 20 83 76 218 232 229 209 298 248 320 87 74 241 166 99 222 296 74 329 211 114 28 130 173 170 59 205 203 300 222 294 39 28 304 220 334 139 226 63 232 85 336 97 193 241 173 297 197 195 115 250 260 255 120 192 81 291 160 106 149 252 230 155 84 41 146 57 15 4 277 138 188 90 239
192 330 254 38 254 318 321 331 46 119 175 41 241 24 152 10 236 225 149 63 265 159 180 286 131 12 292 53 272 231 320 163 43 260 325 181 52 75 316 279 308 297 177 293 305 53 197 279 222 136 232 48 13 100 317 145 37 183 192 317 84 117 19 324 168 255 328 5 159 166 316 324 109 130 299 309 247 10 113 311 291 284 112 185 188 223 232 190 132 33 34 298 273 129 143 23 124 107 9 174 112 24 332 180 264 150 275 306 130 210 274 201 184 290 166 124 217 137 183 283 69 291 26 211 181 193 158 178 154 92 131 85 278 37 11 194 14 32 134 222 299 337 320 170 339 269 319 116 57 340 109 44 216 215 218 176 302 288 215 310 78 285 320 209 53 98 265 80 69 7 82 11 34 281 239 60 10 216 115 63 193 43 175 242 142 313 321 225 311 298 150 41 214 170 104 148 61 109 250 320 163 247 271 332 3 207 210 340 14 152 307 152 291 268 240 175 94 335 200 215 295 327 238 291 223 203 112 122 182 300 173 163 191 335 182 252 68 67 124 113 236 119 105 129 237 313 174 257 289 6 339 339 327 182 68 73 96 272 72 117 103 246 9 159 98 98 209 294 204 65 83 150 21 19 57 146 53 286 166 21 99 308 290 204 268 320 294 250 220 291 27 195 256 60 220 151 164 206 278 224 286 191 155 34 113 90 176 239 333 183 231 334 127 239 232 89 191 259 168 169 215 85 291 146 246 218 206 33 139 62 322 245 263 280 88 285 327 214 268 52
274 333 142 340 260 72 325 178 104 310 59 167 296 199 8 219 244 215 178 144 13 316 304 87 164 81 103 111 175 231 337 316 171 104 56 50 308 296 210 281 17 231 67 179 154 273 217 337 296 288 253 304 179 141 129 249 314 111 163 287 141 78 90 131 320 227 119 248 330 31 307 237 229 220 62 332 323 41 60 262 254 167 80 104 41 43 142 3 236 261 304 73 107 21 276 258 65 184 70 87 212 117 100 244 116 15 292 136 195 112 236 111 198 153 220 106 44 52 177 125 339 335 263 145 274 293 79 84 195 174 134 116 303 216 260 44 301 290 37 331 88 6 101 103 252 12 324 69 207 188 66 113 146 64 153 226 106 257 297 261 39 235 239 107 120 275 138 304 41 19 75 178 231 202 187 91 274 148 326 331 336 331 117 10 73 70 87 169 146 289 225 238 207 227 64 5 47 310 251 58 101 21 93 131 127 92 287 54 248 20 221 13 107 167 189 1 78 334 256 259 2 288 283 85 247 21 176 333 69 94 155 149 72 314 235 227 171 252 78 142 58 308 107 193 96 257 313 290 292 245 33 186 34 166 282 317 292 68 51 65 285 225 89 226 134 238 32 316 283 231 65 229 48 240 158 131 43 248 299 219 43 118 145 182 284 42 339 217 257 270 291 338 161 302 287 239 78 40 15 154 335 324 31 153 15 87 307 338 12 61 73 300 31 70 123 312 129 194 177 225 320 102 73 337 141 238 220 47 50 295 95 96 300 107 155 30 305 317 8 125
323 333 147 214 293 128 306 228 148 218 169 186 80 74 56 193 137 60 45 88 303 12 301 287 151 199 246 124 301 331 15 306 43 240 112 66 307 78 214 281 28 100 84 242 64 53 114 253 250 31 228 231 307 249 271 45 118 54 254 142 186 49 67 287 29 151 278 209 177 38 57 173 37 46 280 151 99 179 325 217 268 82 136 266 121 114 56 299 112 152 90 38 334 122 146 83 131 171 128 40 339 172 241 164 149 290 219 48 48 20 191 300 155 331 230 111 145 22 67 90 83 51 261 44 24 319 94 44 40 263 126 75 49 308 188 5 32 255 33 123 172 322 88 338 104 321 145 133 331 49 106 165 340 99 243 9 98 102 20 140 338 65 234 105 137 222 249 53 45 283 23 264 192 316 315 148 126 124 165 128 100 156 32 247 272 91 65 250 33 316 39 289 50 231 267 325 173 239 143 311 307 285 330 144 130 120 127 134 44 11 50 219 334 235 128 172 293 62 86 188 91 82 222 333 327 29 218 163 159 232 210 3 318 301 52 237 117 196 285 196 179 239 94 315 327 250 43 235 277 13 325 315 22 140 297 99 178 326 83 231 73 50 306 122 8 254 173 65 106 323 315 340 20 319 241 161 141 175 17 219 119 272 1 222 305 36 112 294 244 195 293 16 330 244 250 339 318 170 237 87 14 25 81 279 182 16 23 250 121 6 303 13 50 315 271 204 71 6 23 163 277 194 315 281 221 100 266 289 9 51 266 255 27 330 290 72 209 272 47 308
286 7 64 300 340 316 318 25 324 61 256 273 322 252 305 92 202 81 23 152 181 214 259 312 208 134 166 253 224 289 158 92 18 87 39 278 112 139 228 103 226 166 17 320 324 328 124 297 195 279 123 131 53 101 230 236 86 184 322 325 307 329 197 36 213 109 90 95 212 238 127 284 33 172 29 68 252 168 279 244 89 63 252 120 89 332 228 24 20 275 88 271 296 236 3 254 157 165 339 102 184 7 218 317 106 33 267 323 118 102 30 6 292 181 318 258 55 180 22 250 299 173 324 159 129 183 298 60 142 107 209 301 162 191 267 148 286 114 291 169 142 220 326 183 217 276 314 102 199 172 4 119 142 84 251 46 31 33 173 128 2 117 138 195 75 281 329 209 30 172 184 336 321 47 165 175 219 97 212 151 55 177 197 206 287 220 114 86 3 109 332 139 333 277 48 23 193 101 97 109 270 296 192 265 170 111 271 99 4 248 333 72 258 130 93 23 59 174 212 159 159 293 71 254 73 296 338 156 195 178 146 306 138 231 192 158 2 337 50 166 190 86 264 91 93 118 330 120 110 130 95 242 21 316 310 328 268 338 105 54 142 74 222 266 304 261 15 257 65 170 38 303 206 108 39 295 104 42 161 255 277 274 311 104 92 85 223 188 272 110 236 161 110 218 20 71 221 232 83 120 130 134 276 45 44 286 232 11 245 176 135 26 125 168 177 240 287 268 170 289 201 247 252 277 42 59 250 140 110 147 178 327 177 66 71 37 106 307 145 306
309 230 228 6 284 170 150 233 14 48 172 335 158 170 86 266 197 272 134 171 330 295 202 73 86 170 125 256 52 44 338 133 310 3 1 207 307 58 340 36 181 201 80 166 221 96 11 182 216 262 67 53 184 100 63 45 280 104 219 50 64 224 53 121 169 46 320 145 272 11 191 239 5 120 184 36 192 84 125 98 49 225 310 225 156 265 16 295 174 259 41 239 116 197 236 68 260 152 180 317 328 13 109 102 166 213 130 190 204 225 19 200 335 72 190 3 304 253 68 174 168 335 175 214 266 229 178 35 279 256 242 1 8 288 125 85 233 48 92 227 139 306 271 53 323 107 161 303 244 273 88 77 149 110 289 69 34 148 63 329 24 322 326 194 300 236 69 318 174 158 312 241 258 2 134 105 30 295 193 284 336 258 340 308 102 245 138 73 83 191 32 316 100 200 47 76 95 211 68 231 238 150 83 325 266 45 94 322 237 44 310 98 164 251 106 29 217 83 283 31 154 3 87 237 119 101 93 187 15 278 289 118 112 264 272 211 63 263 20 285 276 230 66 44 169 20 37 306 85 143 298 12 113 264 33 237 136 219 229 7 42 85 300 102 313 33 266 114 280 131 244 200 187 297 326 198 60 218 38 93 156 182 310 10 141 211 100 85 49 28 154 279 157 304 4 240 329 245 124 179 23 302 323 29 325 175 258 121 99 148 207 287 211 183 121 259 58 24 310 232 87 307 104 101 112 185 236 321 17 312 310 271 339 166 13 127 144 123 263 53
221 163 8 40 107 100 162 52 238 2 133 172 102 117 326 70 330 322 37 73 71 136 150 58 54 73 133 254 306 37 168 184 249 112 268 225 123 245 246 172 32 52 77 137 225 165 199 24 31 99 280 117 215 161 279 15 163 18 335 222 231 324 103 66 290 11 75 68 5 277 185 63 209 213 113 47 336 12 288 201 155 52 106 232 40 216 136 146 305 50 127 328 273 291 204 149 59 263 215 187 146 280 91 247 119 210 38 188 247 301 128 112 78 270 235 133 202 307 168 63 194 6 320 182 4 139 223 32 21 110 288 207 70 83 140 190 91 95 190 39 265 236 207 252 131 205 157 39 332 198 183 222 233 253 283 51 120 226 324 9 222 123 340 179 118 320 241 8 206 155 143 135 118 117 106 167 89 183 98 19 292 297 177 319 215 149 157 59 33 48 118 160 106 311 305 67 109 21 120 245 185 85 155 143 248 244 309 33 322 111 14 106 193 92 306 243 36 263 312 260 52 140 56 299 49 150 32 212 167 201 183 286 3 126 306 166 198 195 76 314 195 152 140 179 195 20 56 36 182 156 63 207 186 300 338 309 33 317 300 272 201 163 173 248 194 261 137 53 340 147 91 54 245 336 66 310 113 285 181 128 211 336 317 204 173 54 145 51 210 279 168 136 163 239 316 154 10 333 91 21 147 298 46 195 114 92 29 223 78 195 199 256 157 269 295 285 306 144 195 11 48 145 79 300 257 208 186 163 147 150 315 280 138 30 250 233 105 221 298 318
68 297 334 213 75 326 135 204 232 151 309 268 232 165 18 216 284 291 2 277 73 178 240 96 38 322 14 319 178 295 247 306 234 22 265 13 306 130 241 260 97 172 38 123 183 99 281 131 188 65 77 117 170 191 327 198 225 226 307 322 141 37 228 124 24 87 335 247 169 301 159 12 256 28 122 338 162 188 259 84 261 41 242 15 184 12 24 334 237 37 32 74 193 127 137 322 244 232 91 19 332 105 4 225 238 150 300 162 18 38 186 4 293 266 282 30 110 111 294 114 205 218 105 278 282 51 60 20 208 163 143 331 167 307 177 63 256 209 66 25 175 272 149 277 275 334 126 290 202 147 104 193 97 87 57 258 136 146 234 70 267 152 115 292 259 135 110 192 247 118 48 188 243 131 237 150 311 9 144 256 232 193 239 109 21 46 338 23 214 334 237 297 83 230 58 143 151 260 233 147 329 52 332 170 260 38 141 72 210 189 322 204 216 201 266 109 28 188 230 277 82 168 221 305 266 312 59 142 220 11 56 170 2 68 248 214 23 77 52 235 70 231 41 51 293 197 107 237 171 214 139 49 175 248 57 239 15 262 267 211 44 186 8 286 214 173 37 319 262 336 193 71 55 92 335 203 138 255 19 82 236 117 64 178 123 238 185 333 50 41 329 97 258 205 196 137 176 303 332 252 168 77 326 141 85 55 48 295 244 94 159 16 257 172 228 333 248 337 190 79 41 214 170 324 83 180 277 65 112 265 118 138 54 151 4 217 323 36 281 172
207 149 333 282 64 339 118 299 226 315 146 239 174 21 229 213 279 149 145 149 226 177 104 218 131 255 292 254 331 104 175 34 115 105 252 284 213 277 75 133 316 40 113 42 337 247 309 77 184 98 325 265 92 21 228 266 126 337 278 43 17 164 106 84 54 281 272 265 325 295 142 310 132 128 3 190 253 102 317 33 315 171 296 232 13 272 106 154 68 252 176 222 65 36 264 274 108 278 205 35 87 29 191 37 60 84 303 68 208 199 52 340 141 312 314 187 157 166 37 320 278 14 107 245 27 82 155 159 173 179 15 304 119 131 182 103 2 125 336 304 329 181 29 75 36 338 188 139 100 213 305 284 30 311 228 158 148 117 175 117 239 244 332 181 138 178 160 213 86 304 248 70 145 220 80 33 29 25 35 111 229 153 63 43 23 74 324 309 176 20 13 30 304 57 290 139 88 30 204 106 313 148 22 295 1 258 335 5 74 281 88 266 289 194 242 39 266 275 95 67 318 303 316 65 145 288 191 51 179 30 314 26 199 110 178 290 289 240 91 96 120 325 265 75 16 42 310 97 74 57 98 190 89 199 141 286 250 79 297 108 18 37 181 262 49 70 271 76 82 104 233 279 178 266 184 154 284 33 10 310 214 12 177 91 189 3 112 125 42 42 282 255 262 214 217 84 101 236 333 161 265 165 63 11 324 144 327 91 49 195 202 233 136 336 284 152 244 75 171 211 57 42 264 272 137 221 7 78 86 310 49 231 241 105 174 118 180 3 68 155
77 242 31 244 15 290 266 234 286 39 7 67 149 117 182 254 204 38 129 271 185 303 6 327 53 208 127 196 273 7 203 214 330 150 267 135 32 53 187 326 324 32 101 160 322 140 317 83 12 220 197 83 167 247 283 181 184 266 149 1 218 198 267 182 256 123 6 237 301 335 106 174 220 51 218 87 312 60 301 275 208 199 267 178 223 135 269 241 101 158 169 146 254 212 308 319 80 247 145 168 297 305 148 88 110 117 275 98 241 243 224 58 38 45 56 172 184 213 120 46 51 249 266 110 326 288 326 260 94 98 107 101 302 281 320 236 259 337 243 222 171 9 163 323 81 37 28 149 188 195 100 245 28 76 105 210 298 120 104 310 261 57 48 66 141 91 127 163 202 37 112 261 194 257 191 146 200 210 119 120 208 157 60 4 203 278 33 162 130 277 168 201 17 23 72 63 255 86 130 140 204 13 128 298 129 68 148 305 306 108 251 1 327 137 150 305 262 306 78 193 309 207 314 183 230 44 96 278 277 100 45 340 259 234 212 116 9 24 239 102 144 81 159 166 245 99 113 104 287 225 146 275 284 278 274 188 163 203 201 173 161 248 138 163 240 84 116 108 307 270 86 120 148 301 51 224 248 59 303 203 282 82 340 308 275 124 222 280 282 108 111 73 143 310 57 49 254 294 199 122 177 324 67 5 112 161 206 36 29 276 135 72 336 179 174 260 154 332 202 92 143 337 299 8 230 2 13 28 129 36 276 332 180 35 56 228 211 307 111 40
268 70 140 86 309 133 136 137 127 291 13 99 240 66 98 153 321 274 141 302 64 232 335 175 151 184 339 107 11 200 322 116 198 146 160 327 297 101 229 83 172 244 59 96 254 23 307 196 216 240 202 150 128 334 328 103 66 24 46 220 144 214 315 112 75 181 167 124 299 312 181 176 44 115 38 162 38 221 130 160 31 146 229 164 122 93 141 2 148 77 79 120 17 169 338 245 313 276 294 36 322 167 159 329 247 120 185 12 66 106 251 52 324 55 304 137 188 95 183 108 217 222 121 224 219 338 32 224 82 55 11 339 333 188 240 75 139 194 318 210 205 80 229 73 244 56 232 63 149 83 5 62 328 81 236 24 104 238 269 155 7 322 88 19 226 89 238 235 63 10 25 160 213 14 163 41 120 17 246 288 234 172 38 305 324 27 100 130 172 86 215 136 57 175 94 200 183 213 309 46 198 100 213 324 35 4 242 316 169 188 122 303 301 240 201 140 203 245 17 145 338 12 286 46 190 174 244 290 209 48 87 93 74 335 13 9 77 78 177 245 334 105 37 149 152 43 65 117 339 141 237 30 13 248 26 267 103 16 284 240 225 333 289 315 339 210 252 61 233 126 327 156 216 238 191 223 47 175 292 268 44 291 3 207 95 249 87 232 144 181 285 300 55 33 94 42 162 338 181 285 114 244 181 338 30 108 267 16 236 184 70 220 339 11 125 185 236 147 40 91 274 35 275 30 116 303 287 38 62 246 68 266 69 8 267 171 128 183 215 15
58 300 15 150 326 132 36 255 328 139 339 303 12 310 324 316 328 74 280 323 332 10 54 215 27 228 258 86 125 24 236 141 24 134 82 70 214 325 159 154 309 280 162 288 64 329 278 127 277 233 79 248 168 240 196 227 233 13 6 93 51 11 154 104 82 293 73 170 145 188 131 278 30 85 153 225 188 319 179 83 308 218 326 258 139 148 275 113 215 285 312 283 168 290 132 237 169 153 273 94 314 95 253 89 24 78 249 303 229 53 321 144 228 130 170 133 220 116 85 313 138 250 204 179 106 288 113 71 63 158 38 182 293 298 87 18 34 174 94 125 51 197 34 151 56 228 319 147 334 194 111 291 197 141 337 300 222 205 299 154 309 143 199 159 35 273 53 157 256 308 32 203 140 261 1 68 314 232 77 282 332 322 131 78 275 191 40 126 275 213 88 227 179 166 212 66 265 287 280 300 303 71 90 210 306 304 257 208 85 203 19 111 284 207 333 4 245 241 260 116 306 170 324 340 139 200 231 207 50 107 154 226 14 110 329 222 69 336 156 102 88 104 21 335 173 83 187 35 161 282 249 101 169 94 266 313 194 7 187 133 86 189 36 172 77 142 156 109 285 269 223 131 173 124 167 138 322 110 90 242 233 323 13 336 181 192 204 283 248 171 160 117 196 35 44 127 134 3 340 276 316 154 286 323 85 296 237 14 278 273 279 48 86 128 31 73 40 232 123 86 250 285 300 197 279 277 94 338 173 56 299 250 166 81 211 321 204 14 155 261
90 92 180 79 149 82 20 199 315 136 279 252 108 160 326 305 160 124 334 295 209 139 295 334 305 257 97 67 129 301 213 310 29 3 15 316 173 335 214 333 312 36 80 84 124 259 191 275 290 281 208 324 237 182 276 92 225 287 255 328 176 65 270 93 61 169 105 317 233 171 205 262 247 130 57 143 214 215 23 293 198 56 333 333 254 152 137 171 266 210 1 84 139 318 91 296 39 197 94 282 210 100 9 60 10 66 197 335 118 96 129 31 37 239 27 98 89 327 72 222 259 90 234 38 282 12 83 14 128 112 80 115 305 59 218 152 39 119 251 246 7 193 203 136 98 122 217 162 34 206 303 292 219 204 105 250 104 221 150 124 327 279 329 73 272 323 263 88 6 23 272 158 206 124 130 86 332 223 268 262 114 234 151 274 184 196 59 328 311 304 157 154 261 145 64 18 240 21 334 238 133 18 161 206 21 230 340 103 232 264 158 181 325 162 197 33 122 93 213 88 31 179 186 258 290 255 171 144 87 109 78 195 145 156 187 152 166 57 39 224 194 100 296 40 91 205 10 216 256 272 262 211 102 307 278 289 158 65 30 251 89 153 15 205 172 175 23 23 38 246 201 329 233 178 237 12 310 215 79 157 333 170 300 165 258 250 69 189 66 6 144 319 195 152 142 264 83 4 33 294 137 3 219 145 173 273 140 104 248 62 220 63 291 21 251 163 117 35 236 222 141 113 48 199 305 32 166 306 325 289 153 41 251 103 281 335 127 312 64 325
30 168 158 236 223 242 42 297 44 53 301 329 108 53 248 316 223 56 63 237 175 25 148 64 127 321 152 292 1 109 7 24 264 207 130 1 195 43 31 251 169 149 275 159 284 60 190 158 301 120 202 97 94 281 332 265 217 78 290 65 49 9 136 12 58 223 237 276 298 321 204 113 331 59 335 22 295 206 146 170 218 233 22 247 81 48 78 84 83 18 101 78 247 316 302 1 99 125 48 50 133 227 168 252 292 22 308 254 16 67 23 199 315 38 156 173 81 106 216 248 228 283 260 182 78 209 319 220 99 212 205 150 273 87 33 306 196 89 317 137 60 247 96 309 198 57 247 136 193 173 211 97 19 18 309 316 5 231 58 104 259 292 253 115 25 159 315 33 36 13 287 178 51 17 264 91 297 315 40 288 130 55 340 208 310 224 181 79 39 49 6 78 339 36 16 232 96 152 194 170 306 55 268 39 260 37 153 49 65 241 93 281 282 184 33 126 52 140 274 63 48 181 148 221 226 100 227 222 262 232 145 203 337 281 181 286 58 11 38 104 337 234 171 290 145 215 282 300 81 35 306 137 266 219 240 254 304 41 321 312 131 240 324 307 251 323 171 29 174 156 45 290 214 4 98 217 262 5 54 60 105 136 83 192 240 173 324 39 106 47 38 92 107 31 135 304 86 19 313 66 277 43 43 216 239 227 31 10 334 302 87 297 270 214 213 245 241 175 53 150 335 86 142 17 270 259 179 254 132 57 219 241 49 24 181 115 291 302 194 300
66 186 111 222 180 64 335 230 252 200 325 26 21 28 249 209 196 186 161 196 167 138 94 208 246 189 267 185 93 189 11 160 27 9 254 168 62 5 53 302 198 285 274 182 1 9 158 136 126 93 64 181 306 320 163 265 250 279 103 179 114 159 128 259 311 195 161 200 152 165 71 284 281 182 174 83 7 154 137 236 313 77 256 74 137 6 76 339 165 270 256 21 102 20 50 214 130 29 112 141 288 219 46 173 241 104 175 227 31 164 302 55 259 72 75 76 88 249 298 56 295 20 205 52 20 16 306 75 258 168 193 252 281 78 115 233 8 76 261 176 163 270 96 31 155 259 218 218 323 6 23 145 316 267 102 258 82 7 143 192 74 108 10 38 135 32 161 199 209 97 233 136 215 6 250 150 33 123 236 258 245 247 197 35 115 21 3 232 257 296 144 121 100 286 281 161 336 330 162 107 115 175 231 83 86 2 246 165 138 278 270 16 263 96 325 18 89 115 333 109 93 240 75 233 23 183 135 66 273 159 257 142 70 12 329 63 127 220 102 30 165 79 126 2 182 217 304 340 30 24 209 51 182 194 334 137 321 223 240 76 154 199 306 163 257 306 302 3 213 37 64 67 188 84 29 228 48 187 246 175 104 275 333 142 158 250 300 159 75 46 264 310 222 254 225 161 113 213 3 118 231 228 310 108 73 184 156 183 151 203 38 306 72 287 31 249 191 94 86 289 310 46 19 75 256 86 181 186 136 177 108 11 76 236 78 261 133 208 161 195
27 332 187 159 225 227 247 206 73 63 242 51 32 227 337 242 157 29 125 130 189 10 258 61 37 76 320 324 298 230 148 234 38 14 87 147 181 30 243 134 210 226 193 294 249 138 86 225 207 93 87 68 192 111 154 261 177 22 115 294 216 104 12 236 195 179 315 240 278 161 32 140 238 173 323 17 215 338 14 303 82 120 149 154 327 131 145 221 250 154 206 326 94 107 26 221 297 207 325 152 64 280 91 47 187 51 220 92 76 220 195 67 61 308 68 323 214 73 34 176 129 221 291 288 31 306 306 127 335 110 224 336 40 210 151 293 219 131 312 17 86 181 79 107 297 325 153 63 58 317 188 95 77 122 117 179 137 52 251 251 47 133 327 145 312 45 149 232 32 327 269 159 253 272 16 88 209 326 101 111 203 88 55 79 282 70 101 148 221 129 283 245 250 206 110 207 89 105 42 57 6 157 186 266 161 44 316 306 205 205 315 220 83 26 149 263 224 304 247 77 266 18 9 281 260 312 52 144 46 60 275 224 275 35 318 76 337 182 77 11 317 281 261 250 49 246 149 302 258 21 307 175 42 174 93 182 69 166 194 24 184 203 178 123 246 10 12 180 21 236 107 138 42 301 140 234 333 261 57 107 117 161 209 228 134 15 17 223 288 224 162 59 253 280 337 97 178 9 160 148 87 269 161 202 166 41 64 214 77 309 259 70 334 120 68 94 200 33 160 40 293 31 278 183 151 336 301 34 269 339 331 87 324 148 53 211 210 172 325 179
147 100 260 163 233 273 122 83 314 338 256 13 10 117 98 339 58 241 163 1 82 145 47 276 60 112 115 325 150 233 132 31 172 302 124 114 91 166 249 278 135 187 198 4 232 262 108 79 34 143 311 185 1 61 170 139 86 243 305 280 66 239 204 124 198 37 153 18 289 56 287 56 56 51 35 320 284 5 244 222 171 10 169 299 242 326 195 247 144 310 15 294 324 119 275 287 258 181 303 83 274 101 166 302 191 310 8 334 61 198 79 18 279 145 169 33 183 41 211 32 205 4 222 77 260 11 337 108 282 114 102 279 219 306 265 22 202 320 30 48 123 278 237 202 70 312 216 306 7 177 196 200 104 11 297 177 331 206 239 193 68 148 187 23 24 37 1 77 33 284 323 41 269 218 108 194 21 120 11 82 95 18 286 289 181 38 318 25 101 230 122 149 296 169 63 297 188 327 115 66 231 53 181 142 81 191 338 192 255 312 335 34 122 277 3 245 90 99 308 125 10 337 240 271 313 53 132 252 145 91 278 208 334 282 162 86 145 312 93 268 191 194 252 129 289 69 339 182 51 212 311 113 316 246 211 252 104 209 229 237 57 215 48 88 159 219 246 132 311 45 320 147 285 201 305 329 53 1 43 274 205 105 211 282 118 65 310 243 108 100 160 72 28 249 36 327 78 252 339 261 209 132 228 76 321 50 115 85 183 202 23 220 176 284 282 197 151 273 52 152 68 337 178 31 158 238 68 228 257 134 112 91 222 6 303 250 330 319 286 198
44 101 25 17 16 19 292 99 33 159 206 84 32 51 308 269 208 59 37 322 282 56 7 25 231 74 273 326 48 268 138 202 83 237 253 316 244 245 183 251 198 155 243 287 41 196 10 17 156 31 112 191 317 226 112 243 114 335 92 147 142 159 207 81 199 162 92 70 247 2 310 250 24 278 249 13 22 296 127 48 269 266 281 247 40 93 275 181 241 200 206 136 287 99 245 60 169 9 84 51 1 218 125 162 153 287 56 125 194 41 140 279 331 17 281 97 61 95 190 76 221 173 85 78 116 13 246 182 205 327 212 224 158 207 58 187 119 174 176 266 309 55 6 134 178 267 18 85 61 328 232 102 275 300 163 63 18 221 239 298 106 307 150 336 223 316 43 18 215 266 211 266 217 138 11 143 314 237 278 188 194 30 128 154 92 216 141 155 266 71 66 257 132 118 65 257 167 290 22 108 43 6 236 167 110 243 105 215 105 316 167 272 44 39 290 152 38 128 266 301 186 276 190 138 14 155 331 75 107 227 123 220 250 249 304 161 159 265 257 7 85 40 218 145 2 263 148 13 57 331 19 171 289 65 130 39 141 314 24 173 318 117 18 215 225 84 112 118 10 28 162 317 321 187 323 92 15 107 127 105 52 120 22 242 224 42 334 89 338 199 252 333 274 131 281 212 220 277 154 285 171 75 176 322 288 274 10 36 25 194 200 73 183 94 107 123 73 160 100 22 338 137 314 65 171 60 141 64 285 185 239 56 293 289 258 291 26 303 247 2
218 127 59 243 206 14 308 213 230 240 306 84 129 333 100 172 218 27 62 74 322 195 300 194 13 127 54 110 105 200 123 151 115 340 242 256 249 52 27 84 293 112 225 141 112 219 327 37 146 237 73 289 36 105 21 334 79 315 97 226 108 304 305 156 89 245 112 309 174 199 79 32 313 311 101 153 36 324 207 41 24 138 40 196 251 209 70 335 278 318 338 249 335 162 317 40 153 194 161 291 41 336 135 308 220 217 71 244 279 1 80 337 62 14 154 221 5 242 22 241 11 254 27 241 336 295 18 57 305 139 112 52 309 189 288 312 61 335 322 225 53 144 134 321 273 147 53 143 329 249 322 38 335 295 68 183 1 291 89 244 139 309 72 106 335 259 55 58 207 111 203 252 207 139 90 299 293 30 45 239 6 173 286 315 48 261 52 90 117 150 324 73 43 311 159 81 269 204 235 220 191 26 79 106 330 330 168 59 101 316 66 313 332 274 129 19 248 67 324 56 23 228 173 155 270 195 251 28 332 291 268 239 175 241 95 124 137 124 87 196 77 44 249 131 263 307 36 120 135 330 292 189 172 273 52 248 246 235 298 240 267 19 228 312 221 145 55 271 330 134 252 73 291 42 60 239 247 137 93 240 262 120 78 145 131 45 35 193 251 144 312 274 96 297 227 168 113 212 189 256 224 64 314 317 217 18 166 30 251 155 110 66 275 263 86 108 336 9 299 316 276 82 251 115 237 246 311 207 299 229 267 339 205 242 55 224 301 3 223 292
333 311 46 27 336 276 37 335 21 307 5 299 185 75 252 103 86 227 79 56 129 142 302 121 96 199 235 83 114 90 182 136 84 254 340 194 191 61 40 235 220 37 163 179 333 124 277 172 106 297 179 270 311 277 179 164 140 182 301 17 297 160 291 204 255 264 280 282 108 15 284 177 144 222 12 202 185 139 274 233 212 75 137 286 211 163 240 121 313 293 283 228 134 122 146 118 322 327 178 104 205 286 189 97 48 146 250 190 275 191 73 231 310 18 214 158 334 253 26 257 14 107 65 170 131 125 106 126 162 5 153 198 114 281 83 219 159 201 325 196 133 257 31 261 167 236 144 50 90 111 47 63 198 40 127 134 205 82 106 16 249 45 284 302 268 281 302 39 185 228 168 108 29 99 100 251 95 244 9 2 66 35 182 176 265 280 274 37 112 192 152 204 236 90 8 64 95 217 259 103 155 156 62 177 161 44 2 93 8 308 131 230 133 317 331 142 242 258 254 309 31 145 43 268 330 141 45 160 16 267 50 146 270 293 125 311 329 169 254 174 193 41 225 276 177 179 159 47 12 136 137 144 16 222 120 148 340 113 93 171 315 55 213 268 159 44 139 296 310 278 56 73 91 295 238 238 4 313 161 288 30 166 114 283 220 330 9 78 86 285 131 242 209 307 6 82 164 275 153 323 333 127 14 307 44 17 240 48 84 191 284 295 286 256 107 324 112 190 113 332 280 31 268 131 36 26 196 50 258 222 89 137 193 56 160 95 320 68 303 68
306 114 30 137 221 335 187 18 161 273 285 74 26 39 196 228 135 314 24 337 136 170 24 314 82 303 58 131 283 269 179 19 134 325 24 99 137 198 39 29 85 203 156 158 39 107 230 244 152 276 148 149 175 259 34 188 17 86 32 267 166 266 44 159 125 25 148 125 49 278 163 300 255 162 253 42 185 32 330 132 193 285 152 96 76 255 29 173 87 272 286 121 111 229 154 291 168 288 179 263 13 336 306 331 208 126 54 290 78 301 200 228 55 98 264 55 36 196 196 207 173 333 278 242 230 19 178 194 69 90 126 160 13 214 10 77 48 112 74 99 156 229 229 166 294 147 230 114 135 138 47 191 204 94 18 27 184 276 123 181 299 27 73 170 135 246 285 92 137 34 302 250 167 4 235 292 284 215 303 301 16 279 219 81 162 322 156 16 227 47 264 322 126 57 145 92 320 191 12 154 32 104 180 319 17 19 334 303 160 74 311 208 79 135 69 276 136 168 317 297 77 95 67 173 328 283 160 104 87 107 240 2 23 25 61 16 133 130 135 107 228 188 56 314 134 161 153 9 117 47 131 24 267 206 184 270 22 285 222 217 190 175 300 182 6 259 326 315 74 126 27 276 189 242 37 18 328 99 276 257 144 156 303 61 23 182 43 123 178 228 298 313 277 35 316 118 78 246 109 97 42 236 107 18 79 337 257 87 97 72 221 255 217 124 309 211 45 228 7 41 332 157 235 211 316 200 122 40 82 329 200 3 11 269 157 294 234 247 47 90
111 131 37 328 254 60 220 87 184 135 135 138 151 63 131 93 205 212 173 121 28 150 115 104 266 25 227 109 323 128 39 111 61 187 302 37 95 96 326 324 335 273 154 160 69 305 330 40 133 54 105 290 211 228 173 52 254 193 302 42 315 277 250 229 45 114 131 38 32 306 211 273 208 57 316 186 38 176 323 44 127 134 10 98 199 330 42 62 340 234 124 36 273 177 96 115 126 25 27 81 283 331 37 207 332 131 73 223 310 127 256 124 181 287 296 307 288 26 29 164 283 162 164 329 130 92 104 206 268 179 277 250 231 21 180 153 232 170 209 146 48 253 196 73 8 235 14 8 9 10 142 231 122 255 233 300 336 279 112 28 35 294 7 204 175 5 128 77 309 174 306 236 330 289 221 102 268 188 92 197 282 277 283 101 24 225 148 196 8 148 296 331 162 255 113 109 227 307 293 250 247 56 257 292 82 11 36 172 296 256 244 240 331 88 123 220 72 41 258 257 27 136 31 52 305 175 231 169 96 97 193 59 199 185 177 176 37 237 332 169 146 288 270 272 269 47 279 167 204 73 186 125 316 340 287 78 93 38 276 98 138 217 296 173 7 292 260 33 133 274 186 331 202 73 51 40 74 193 109 179 250 230 330 332 98 24 253 327 173 159 299 52 36 41 92 153 130 58 66 72 103 18 93 322 237 333 197 339 164 275 322 1 16 40 230 9 258 126 185 113 82 36 87 289 63 202 73 164 322 113 106 23 37 34 76 288 73 313 262 320
33 338 238 202 171 106 167 258 186 122 175 243 291 194 232 238 19 197 95 62 182 60 324 180 18 5 255 4 175 198 38 295 256 72 171 230 318 317 41 246 11 271 284 262 245 305 6 105 196 53 162 267 75 231 231 89 14 150 87 57 337 24 15 95 262 314 25 323 132 229 161 333 107 2 153 175 288 205 244 267 161 310 53 263 175 88 206 37 54 257 139 108 299 27 218 25 174 224 58 88 297 306 330 71 61 53 143 226 185 117 240 192 119 188 118 278 233 309 114 63 98 299 39 215 75 134 181 305 56 340 20 234 305 9 163 29 224 202 61 295 258 88 68 99 338 105 53 93 120 10 87 68 184 109 96 105 212 284 13 329 8 116 193 99 134 172 302 268 239 156 61 67 59 285 130 291 130 67 334 263 190 330 316 187 331 150 143 123 28 13 59 210 70 106 222 85 64 280 4 213 68 160 230 219 139 29 88 243 285 2 225 316 65 336 18 219 68 127 280 162 98 321 292 231 206 277 171 295 288 256 201 252 231 143 88 98 310 267 76 279 68 300 119 202 66 45 282 215 42 214 327 222 7 172 99 340 46 108 145 160 320 315 51 185 100 72 77 103 312 273 303 192 91 95 273 30 254 70 152 326 18 224 167 31 227 67 156 190 197 174 102 139 11 12 295 256 212 89 143 260 234 319 45 63 145 338 200 263 238 167 190 285 131 142 340 3 264 90 86 191 88 34 310 141 303 252 264 38 37 331 217 28 300 318 45 74 168 97 330 240
76 253 210 31 157 333 84 278 286 41 287 314 306 112 210 175 86 110 84 85 198 285 157 339 189 256 153 246 340 222 247 110 100 186 272 79 146 249 153 260 182 186 145 44 221 223 251 249 261 4 329 154 281 36 188 88 101 236 64 175 63 39 102 263 251 120 33 173 259 20 11 225 287 184 125 64 303 65 289 332 300 328 269 311 45 253 123 296 226 111 253 53 275 61 194 90 313 256 39 86 199 167 226 196 222 4 68 146 280 23 117 243 88 87 12 142 30 87 293 65 265 324 168 140 230 194 41 62 48 279 68 315 159 334 55 3 288 248 143 42 84 316 264 268 138 30 275 138 318 185 122 131 21 41 299 14 157 35 308 215 39 245 201 333 148 338 190 65 167 333 322 101 261 308 93 59 222 219 121 171 182 85 121 235 340 64 174 201 55 282 55 288 223 152 130 233 205 90 174 219 60 105 307 56 300 241 134 339 119 7 10 340 196 120 117 335 148 172 188 5 69 185 327 173 123 181 237 44 12 162 209 123 194 264 306 97 219 98 338 53 219 249 133 75 304 214 10 99 210 216 169 196 91 123 212 196 335 276 174 268 185 323 310 293 4 186 198 198 231 178 76 295 160 186 69 167 260 204 60 60 140 279 270 187 151 246 158 19 169 33 3 111 239 203 3 318 260 192 69 88 187 38 67 8 333 47 99 251 81 228 3 230 324 186 334 82 324 57 14 331 19 261 339 329 63 184 116 180 235 38 255 51 309 163 284 153 210 190 306 209
69 127 22 46 101 320 146 183 7 181 7 214 146 282 170 254 169 131 149 232 185 245 298 339 263 248 172 186 123 278 283 254 309 253 144 68 286 35 67 309 94 218 18 183 154 256 89 180 98 263 170 129 302 268 69 32 133 1 325 214 255 182 226 97 67 154 157 270 262 264 300 291 235 161 123 232 160 207 185 293 125 312 323 161 129 169 282 9 261 190 259 257 276 152 11 119 98 314 157 264 279 245 191 254 102 239 251 135 123 204 67 202 283 51 280 311 90 229 196 71 282 73 48 196 145 279 249 323 126 281 19 162 252 278 154 256 218 29 98 185 165 35 22 38 269 136 219 128 146 60 144 163 153 94 264 2 188 155 218 335 190 129 157 112 296 195 252 283 146 232 303 132 304 139 63 308 105 323 123 310 180 328 97 24 202 131 194 245 196 246 143 136 30 145 272 175 329 212 164 152 25 227 10 34 75 72 41 285 27 99 117 286 281 243 93 231 19 36 234 51 172 6 82 128 237 267 188 181 176 8 323 100 179 140 43 243 194 140 47 69 271 134 120 229 167 302 336 313 24 313 230 246 86 277 134 220 146 271 27 44 130 97 269 202 323 138 311 21 21 334 3 4 42 213 287 292 270 247 274 149 73 73 122 250 279 234 46 39 86 86 202 122 221 118 317 56 211 23 266 293 330 46 273 195 138 137 173 132 244 106 125 161 1 128 4 280 105 284 286 1 313 106 190 285 143 145 47 315 328 76 85 60 233 233 130 233 228 20 173 59
179 87 175 173 119 307 338 325 340 195 122 220 97 52 198 231 288 337 191 313 32 138 196 5 317 127 159 231 49 117 120 303 139 53 290 237 313 124 231 320 303 114 295 78 143 142 168 286 136 100 71 11 145 54 190 277 329 174 23 339 79 3 39 317 29 28 271 4 204 143 326 137 95 119 140 300 154 154 131 96 200 163 184 83 158 44 207 124 113 89 140 111 241 248 8 70 187 299 44 168 43 266 239 43 28 77 176 76 59 157 104 209 178 229 247 188 275 46 172 309 151 71 92 223 205 272 336 87 26 235 125 324 261 259 139 106 305 35 159 241 287 198 314 125 1 14 323 277 294 241 251 16 150 320 217 202 191 190 33 132 59 298 58 253 198 180 170 37 46 304 291 205 139 273 18 93 201 130 34 164 199 300 99 67 328 40 212 158 196 249 33 88 228 231 34 102 113 305 257 134 212 236 267 98 115 252 61 59 78 315 9 123 55 176 199 1 165 48 242 340 129 159 19 264 283 302 65 102 14 333 270 50 230 14 93 51 177 54 304 208 289 75 179 257 264 190 174 195 314 153 207 321 106 77 22 41 174 313 62 278 314 57 149 123 299 221 298 139 207 308 331 142 99 23 172 247 82 215 255 313 197 92 155 306 290 321 172 92 233 162 48 331 115 92 161 268 268 204 61 232 55 306 252 247 132 259 330 312 280 34 125 25 249 84 320 116 12 38 77 303 114 6 113 75 134 131 198 49 163 168 76 117 45 118 142 202 82 56 130 154
123 192 129 54 118 235 21 296 275 330 20 54 105 76 221 313 238 251 89 95 176 318 310 213 29 231 134 145 282 333 118 140 14 166 308 218 1 139 66 198 73 234 10 2 58 299 77 339 38 163 19 66 25 68 128 332 211 225 275 26 141 62 12 131 146 241 96 213 194 248 50 239 261 249 300 338 133 223 202 128 161 252 62 331 167 212 112 162 315 73 25 210 23 321 175 195 169 243 334 259 212 60 73 257 220 30 296 101 88 85 258 51 302 148 107 241 302 120 5 266 150 240 149 293 173 50 314 280 238 131 14 124 241 175 16 213 155 309 340 62 189 288 191 255 20 210 257 26 16 45 82 13 160 252 262 302 277 196 218 323 222 112 30 327 212 327 76 217 321 51 338 208 94 292 13 325 229 128 113 282 108 181 48 243 158 139 212 6 284 213 8 118 137 310 31 308 18 77 310 149 153 216 77 339 291 9 160 49 66 154 52 151 72 243 175 132 235 210 86 294 109 262 145 241 42 281 10 164 292 51 156 36 179 277 255 49 150 92 79 330 84 80 257 64 253 65 96 29 115 136 215 7 24 19 53 128 65 294 92 281 233 296 107 109 108 331 125 241 123 263 199 251 164 99 262 173 164 156 127 246 301 205 62 203 146 339 85 226 205 141 189 320 292 87 259 211 150 148 113 197 4 299 331 118 301 241 54 340 327 307 64 339 209 54 148 74 220 242 265 335 324 33 321 222 261 94 334 318 13 172 330 97 67 145 88 185 72 313 136 299
112 305 43 71 290 204 15 56 204 198 249 13 123 117 160 277 231 260 150 333 103 161 212 178 199 2 261 203 22 112 160 258 317 222 38 122 287 219 59 208 252 336 125 159 232 88 320 200 43 222 289 281 155 283 106 13 56 250 37 307 268 51 222 128 239 245 263 123 79 143 139 103 37 129 151 121 14 315 309 60 303 277 43 208 196 78 158 180 291 73 72 300 332 6 154 282 70 330 142 273 243 61 193 298 21 183 274 163 219 124 170 223 15 171 304 80 27 18 9 185 80 41 297 203 59 336 7 202 84 23 246 166 57 34 8 295 266 152 302 83 30 287 179 338 42 80 122 138 274 280 308 225 23 130 312 163 77 45 205 325 207 16 19 112 280 169 171 316 11 212 101 238 127 25 143 242 88 282 271 232 300 104 135 249 9 102 132 134 207 72 311 199 285 313 86 236 295 333 320 266 128 193 202 283 33 246 172 13 195 224 234 224 59 133 10 154 113 328 15 82 295 284 248 4 184 291 116 191 187 5 283 277 234 195 134 205 46 170 228 295 286 187 213 261 88 9 282 29 291 60 11 69 241 203 273 320 144 290 197 159 256 254 111 54 98 259 251 260 173 47 105 45 146 338 12 42 18 249 338 142 220 28 146 168 282 91 264 308 196 30 253 197 211 251 328 105 113 170 154 297 214 144 185 137 67 138 242 98 170 49 53 233 176 128 152 193 183 21 246 274 165 43 40 301 330 176 259 218 315 109 184 261 101 82 282 157 136 328 199 48
264 286 284 136 27 330 206 21 100 307 159 111 76 164 229 80 65 284 96 304 320 243 204 136 102 226 216 340 63 311 49 235 158 44 270 200 76 62 73 118 31 2 225 317 214 181 111 213 8 118 298 338 302 35 87 278 57 207 322 276 298 110 138 120 251 64 1 21 39 143 123 3 165 212 100 306 268 183 147 17 295 288 274 163 205 145 194 111 80 140 188 32 113 199 191 293 205 315 196 107 222 192 68 227 138 14 260 313 168 4 220 22 48 52 55 289 96 260 42 231 136 235 52 45 169 11 11 170 54 285 242 328 23 61 257 37 340 271 36 133 319 247 134 223 245 90 332 136 299 216 225 231 332 257 46 29 123 340 135 203 277 221 231 335 294 89 295 2 12 60 108 179 13 36 83 123 117 46 200 126 138 178 163 116 307 220 16 222 228 229 172 266 122 246 85 35 314 157 182 93 47 88 31 145 16 18 120 13 264 175 188 179 257 254 162 274 123 205 77 160 221 73 152 221 132 87 156 41 61 130 90 172 229 88 151 66 126 275 133 111 86 238 40 86 172 78 23 92 297 201 246 81 213 66 124 218 151 19 218 21 71 290 318 306 151 285 334 170 203 115 265 8 88 286 142 261 128 87 97 335 14 203 188 147 283 72 299 312 154 227 335 228 188 253 275 21 84 93 295 5 256 258 258 41 339 72 178 242 49 213 337 311 155 64 326 304 96 138 259 285 313 251 74 275 15 85 278 141 246 305 41 63 262 304 17 258 44 267 87 55
292 284 258 73 103 240 249 58 100 197 131 65 51 17 36 79 213 122 70 205 229 297 47 48 200 56 323 84 102 296 212 60 20 121 55 240 127 175 68 17 48 323 298 228 73 224 52 323 13 20 86 242 1 297 297 273 331 297 270 275 102 253 216 52 68 59 203 332 116 64 285 331 15 140 265 235 117 76 198 284 244 104 302 257 96 227 307 274 154 164 296 4 310 33 288 35 4 211 14 226 89 297 199 139 72 317 78 316 6 80 114 337 132 190 24 227 175 112 291 41 17 96 221 158 327 51 100 140 335 160 294 280 69 289 253 181 257 109 218 158 326 79 295 243 170 130 98 216 175 195 49 91 112 308 78 75 144 120 273 65 16 205 111 224 169 212 191 61 292 217 267 17 314 280 93 176 282 291 270 214 306 80 147 107 187 229 177 147 318 309 24 28 183 334 106 140 240 53 232 206 176 91 140 82 286 221 106 100 302 326 30 290 169 165 256 150 278 212 28 32 216 274 12 194 334 137 183 290 144 246 124 188 306 268 185 69 161 112 315 194 251 48 3 277 1 113 237 225 20 173 29 103 298 249 100 216 123 305 325 316 176 79 172 164 195 227 159 220 297 59 49 187 326 38 141 253 55 323 83 121 176 290 64 131 265 38 188 253 282 12 177 283 266 262 258 334 172 122 124 293 330 129 108 143 248 250 252 207 312 247 327 279 17 106 335 193 14 17 132 318 306 105 189 212 249 37 67 62 252 2 204 274 84 114 3 134 296 62 219 231
43 260 112 140 256 318 203 237 179 153 280 262 261 248 242 248 82 295 234 189 251 178 178 329 132 314 300 158 277 137 213 135 239 118 264 188 213 285 142 121 222 331 140 198 133 195 322 210 264 46 67 314 333 298 36 138 19 146 308 133 317 197 254 252 288 321 303 225 1 72 119 228 12 32 135 39 167 215 54 208 147 240 155 106 192 114 2 249 132 31 177 290 142 306 42 209 205 138 298 193 29 215 157 5 162 314 258 328 235 184 158 261 6 201 87 181 45 265 127 103 283 145 139 318 17 184 304 28 326 242 184 163 182 52 232 14 305 156 71 180 274 150 17 15 104 301 293 317 108 316 73 255 293 244 98 153 119 146 109 76 124 301 298 19 268 331 271 25 153 220 128 307 120 337 305 246 265 226 260 80 278 164 118 263 85 168 152 22 132 184 150 38 92 121 307 66 229 57 32 17 101 320 72 140 77 100 137 29 254 303 330 296 256 219 259 4 252 208 103 265 327 202 120 143 275 199 154 103 186 161 12 68 159 260 107 299 278 209 101 324 190 310 96 75 76 238 93 97 254 310 273 225 27 326 1 75 97 297 45 218 319 238 54 126 127 215 196 278 257 33 304 183 295 155 205 301 34 52 40 58 204 192 115 167 122 40 62 301 172 182 32 75 92 122 15 225 108 83 280 131 310 12 25 85 96 267 157 10 70 185 107 16 1 123 279 248 298 49 156 291 218 318 48 180 63 224 337 105 271 183 311 119 78 260 157 226 81 98 87 46
109 239 26 269 161 137 303 55 114 314 174 303 25 50 283 238 66 302 303 196 223 214 21 334 97 27 211 182 98 21 70 264 285 256 206 302 122 116 338 219 268 87 219 60 311 272 205 199 213 260 80 102 324 269 225 244 302 111 108 164 246 116 111 192 50 18 64 330 246 260 85 236 132 79 84 3 153 318 49 285 60 106 114 325 200 6 68 300 237 303 94 69 247 327 255 337 185 233 178 1 175 286 125 142 217 248 148 23 77 296 239 156 28 114 129 176 236 16 337 44 329 94 274 255 107 200 237 162 187 294 258 268 312 166 117 209 198 54 203 198 146 11 42 3 295 116 265 250 10 157 246 117 340 133 1 138 204 49 64 71 114 316 110 80 73 326 9 329 236 60 82 168 151 205 337 332 267 6 261 102 165 334 312 138 39 216 54 225 49 303 339 131 181 52 312 46 230 310 68 187 175 149 24 327 261 335 311 246 250 248 146 97 268 38 294 210 222 332 321 72 86 32 283 90 195 181 217 93 113 221 223 134 322 278 9 264 310 89 24 27 150 126 156 204 37 273 197 42 299 128 60 155 267 136 173 257 225 221 150 146 78 12 280 286 192 294 14 121 292 48 263 131 159 217 35 59 274 324 285 166 206 197 90 250 121 263 48 225 152 137 330 254 266 77 38 89 3 155 312 321 176 204 231 114 1 138 46 31 296 323 231 158 251 235 236 323 271 99 259 208 100 66 102 289 154 257 60 243 96 185 316 338 155 293 117 201 54 234 91 183
320 7 121 93 113 102 55 87 290 142 74 18 61 67 249 98 44 96 146 340 19 134 260 198 35 295 61 143 250 335 121 63 245 272 172 236 241 171 69 6 255 12 19 87 112 263 24 279 166 94 19 192 83 67 16 101 281 252 256 233 40 194 97 105 40 65 8 72 154 338 230 208 103 199 156 195 217 231 333 313 255 145 37 169 193 17 170 223 22 173 267 265 30 208 118 327 136 297 35 27 246 89 261 268 294 209 85 131 118 325 102 319 15 29 232 309 94 231 325 189 136 92 56 44 243 221 17 102 106 216 218 219 340 278 31 111 250 47 111 143 71 333 316 188 12 62 236 56 335 42 230 80 244 329 171 249 84 256 22 3 323 302 142 86 77 166 245 297 328 37 291 76 334 95 206 137 228 230 263 179 275 185 209 182 102 304 282 105 166 293 309 137 278 291 110 121 320 43 25 243 72 167 186 310 14 325 146 254 23 173 337 174 204 269 260 257 295 270 322 176 247 10 180 264 54 73 188 298 248 209 24 61 133 294 333 291 34 122 9 234 169 121 2 106 95 298 279 142 240 257 56 319 153 90 193 156 159 199 135 128 287 156 159 238 173 117 279 29 68 121 229 204 236 110 34 92 116 52 85 256 255 16 135 4 249 285 240 289 54 2 215 152 288 118 224 186 322 128 54 253 333 293 171 19 94 305 186 260 323 288 17 8 48 168 76 6 217 297 52 6 318 137 136 271 13 219 277 263 5 166 121 266 223 252 83 299 173 262 56 186
127 274 334 50 51 217 243 98 111 69 47 316 191 91 187 330 189 221 150 77 209 334 110 85 310 107 274 98 240 117 286 245 288 304 85 73 315 191 47 296 186 73 252 314 74 183 140 110 174 99 272 54 254 50 110 208 267 241 291 121 99 23 293 240 296 18 314 94 134 291 303 244 64 45 2 126 194 188 46 340 98 176 115 194 72 226 236 304 288 195 17 296 128 295 206 226 93 90 46 14 79 88 261 200 146 285 161 84 271 168 145 58 15 272 282 9 221 337 75 144 88 255 141 201 177 102 314 107 253 224 96 143 61 186 149 171 19 314 267 204 33 222 34 330 301 157 169 181 108 28 54 50 89 256 21 18 168 162 177 128 17 65 7 241 116 244 160 232 271 319 291 201 41 307 267 48 163 217 126 92 250 147 223 254 174 151 101 317 156 28 15 135 164 273 252 306 136 44 252 287 58 49 116 156 208 150 62 16 22 269 300 304 4 118 11 224 224 334 199 332 132 267 96 181 97 89 238 185 89 255 102 205 319 118 164 259 45 55 69 139 53 224 183 138 16 58 142 63 214 35 15 84 8 235 64 203 173 42 256 4 58 150 22 185 27 179 327 111 148 179 308 134 90 156 122 131 295 209 111 177 253 234 311 271 253 226 96 27 308 43 192 117 320 111 220 70 4 82 143 221 270 194 191 290 178 98 139 103 133 249 49 119 231 219 100 32 73 63 237 147 13 225 107 179 165 248 8 178 161 316 331 145 69 238 265 45 42 239 211 330
190 318 192 112 32 131 216 152 105 52 133 128 91 22 71 164 206 171 53 179 102 90 239 1 242 267 91 131 58 20 86 170 44 184 102 250 282 71 243 241 315 172 330 102 149 223 68 104 46 86 196 321 125 16 194 340 307 308 305 25 152 63 124 213 239 333 260 18 131 94 55 12 82 254 150 122 187 220 10 312 260 63 272 290 334 178 310 313 269 76 154 249 156 86 228 252 288 208 313 309 138 94 193 288 270 88 152 133 188 311 134 190 212 165 280 66 324 253 218 166 69 4 37 177 324 128 322 32 124 177 131 103 117 275 332 224 83 227 30 235 241 66 190 46 259 40 202 1 224 336 306 47 20 304 227 67 333 236 95 278 164 326 266 100 335 51 97 270 159 93 69 332 335 157 138 238 259 293 95 192 264 229 182 260 220 271 315 319 255 191 338 156 280 266 309 298 72 195 158 206 319 274 214 68 15 290 303 54 152 35 1 34 181 100 106 315 32 105 111 200 264 304 264 276 66 175 194 332 114 255 106 203 8 237 47 43 180 175 325 150 315 179 112 201 289 330 92 167 298 175 128 197 80 68 83 17 248 173 20 138 7 251 104 178 293 222 235 96 114 94 251 253 287 329 50 7 146 207 157 242 331 26 23 116 112 183 75 144 201 126 86 162 50 218 181 15 82 120 112 45 274 264 58 252 311 78 247 90 81 89 72 260 136 154 99 292 288 294 298 255 84 246 40 198 288 340 115 244 288 245 39 273 157 255 254 270 224 40 180 238
206 98 85 232 158 202 35 147 10 194 191 15 26 32 100 261 154 102 281 313 24 333 223 148 33 68 10 50 61 133 61 198 181 332 181 228 65 267 291 314 239 74 27 325 312 182 198 334 51 217 286 246 257 71 224 15 16 71 272 13 191 269 97 295 277 11 68 227 286 66 123 288 147 265 313 67 242 90 21 201 281 114 137 19 132 250 35 261 259 238 31 231 64 23 140 125 328 54 279 24 38 51 160 55 146 183 271 256 211 40 269 9 266 176 329 71 282 190 124 10 36 25 129 163 231 171 179 33 294 100 227 281 212 188 243 78 105 178 147 99 131 71 92 292 338 230 308 198 179 74 223 2 4 102 31 7 165 305 46 269 317 271 25 243 296 174 277 187 299 233 266 94 71 333 13 105 235 322 175 109 297 250 214 129 2 163 135 302 150 184 69 89 220 193 184 216 22 328 183 112 86 279 69 121 261 289 144 40 148 119 286 298 110 208 238 340 144 255 214 209 216 297 156 36 151 16 291 318 304 223 39 121 236 201 166 326 138 321 175 79 199 127 82 320 209 105 71 165 146 145 304 20 38 267 33 21 164 139 119 5 80 82 31 99 241 239 337 214 267 254 21 293 95 238 207 332 83 108 180 121 278 21 291 96 159 317 79 119 340 54 273 222 316 25 234 273 279 319 185 141 257 199 94 32 297 151 272 237 18 53 32 304 69 150 169 13 45 61 235 283 338 258 26 249 306 85 176 124 95 55 317 158 161 41 4 69 161 80 23 232
11 328 112 83 226 23 121 48 199 91 185 291 176 109 285 125 225 177 197 264 254 124 285 47 175 314 334 138 80 247 50 317 229 321 209 235 62 114 89 189 313 332 233 15 310 193 295 133 273 49 288 36 292 58 311 239 63 94 136 80 99 198 70 14 201 171 241 253 217 190 304 222 174 62 26 267 45 3 86 75 297 187 160 249 62 310 155 320 302 292 212 107 24 161 216 320 17 207 305 101 54 313 283 239 138 64 145 239 278 171 21 155 175 154 88 82 70 129 100 143 17 23 72 214 163 62 195 335 226 307 161 337 135 265 20 245 157 96 290 247 5 314 35 60 145 119 5 14 72 10 15 300 280 67 245 250 234 292 294 144 38 25 228 196 112 171 196 317 274 258 138 41 128 231 119 210 256 218 179 16 123 85 52 274 315 268 24 275 180 149 108 247 100 145 247 282 237 91 116 144 124 270 58 11 316 128 258 198 76 144 175 192 55 175 283 331 149 300 24 253 115 276 184 175 243 294 125 102 228 1 139 140 120 186 125 107 256 34 102 258 232 153 60 316 146 309 201 171 88 60 209 198 140 117 295 126 194 294 326 254 222 151 192 153 196 211 312 331 43 34 145 88 85 221 188 307 278 304 44 103 23 39 297 285 215 249 319 137 297 222 16 233 244 199 34 177 275 105 86 183 252 264 296 208 108 299 256 162 325 173 263 53 190 275 255 336 65 203 254 24 222 43 12 289 189 335 200 172 72 24 163 211 135 241 77 122 267 126 340 282
158 165 305 25 204 324 1 15 43 334 87 296 131 329 299 140 241 287 111 132 256 23 255 190 48 20 252 227 241 72 274 71 119 213 78 131 3 63 140 195 49 167 181 135 172 332 113 214 298 114 3 46 173 38 138 211 158 278 230 266 305 194 200 74 13 264 258 160 208 232 97 247 295 131 15 184 199 24 28 79 5 334 23 284 36 170 291 253 258 173 13 27 152 274 37 129 122 255 272 238 231 75 215 304 217 326 49 167 178 153 8 312 293 284 297 313 150 327 306 176 147 240 34 176 133 318 246 260 120 184 35 221 49 2 120 127 327 106 272 26 177 248 97 340 122 183 330 311 223 74 84 57 140 287 80 311 279 331 137 72 268 50 130 281 198 300 56 107 18 167 29 243 112 255 217 110 312 301 129 102 274 84 307 8 156 82 183 79 165 275 68 73 45 139 2 171 97 63 245 293 208 337 225 16 247 217 327 198 31 9 189 151 71 180 224 91 301 10 163 95 210 311 102 325 71 248 188 184 129 32 326 78 325 290 30 232 37 63 54 8 143 251 59 21 1 163 323 31 253 316 178 337 166 83 91 109 48 246 191 92 43 8 257 261 275 297 50 311 261 26 322 269 291 54 298 100 331 85 177 265 302 162 1 86 332 242 119 203 296 222 317 44 133 244 269 230 151 124 186 258 269 168 199 23 182 163 193 230 150 200 152 184 49 161 279 319 144 122 106 291 277 244 125 313 155 98 52 183 156 267 181 297 327 86 169 108 27 305 103 52
142 143 3 266 86 32 161 324 332 95 268 231 267 99 58 232 151 75 134 128 33 282 287 5 228 116 142 26 247 112 260 57 32 165 180 76 332 43 172 235 100 262 276 49 75 72 172 26 278 125 232 263 116 171 162 26 221 62 176 172 55 15 235 334 328 241 284 83 91 181 74 8 42 319 127 207 115 200 13 283 162 284 235 340 14 339 334 235 273 140 270 131 87 149 231 249 93 327 86 16 284 76 235 323 84 301 128 263 146 336 217 108 255 255 149 189 218 8 88 69 325 218 120 256 165 122 232 42 183 144 300 269 320 240 241 186 247 265 155 297 3 210 328 46 221 29 166 324 224 176 199 335 183 53 16 84 324 31 243 133 58 209 74 107 220 4 136 73 112 198 62 276 122 323 199 189 147 124 47 126 124 241 113 54 327 147 248 89 93 20 167 191 202 330 267 278 282 282 228 46 290 271 284 245 86 3 13 228 320 79 126 334 293 24 104 196 155 101 158 274 249 215 127 248 15 307 84 43 294 54 261 230 252 147 60 317 145 326 157 275 47 173 168 108 271 249 111 93 111 158 147 43 227 40 84 36 217 203 60 149 173 207 19 313 32 36 241 97 147 26 28 305 251 139 291 205 26 94 277 143 171 152 308 239 33 106 175 81 52 124 133 115 46 229 304 252 334 152 22 229 274 159 322 311 220 315 18 171 229 9 27 312 55 263 137 238 287 70 276 317 137 252 284 163 86 190 137 335 59 160 234 137 118 236 221 167 76 117 280 161
54 69 139 134 29 283 53 134 65 92 275 100 22 207 239 213 285 250 209 107 160 252 116 45 134 305 246 227 127 3 228 62 222 200 262 225 139 70 232 218 11 84 78 169 334 326 126 128 115 43 160 52 193 62 119 81 135 138 320 155 76 242 231 285 48 295 239 267 146 279 126 337 51 46 143 251 232 97 42 292 74 15 61 144 26 267 34 12 262 339 182 222 48 19 18 181 336 56 260 189 245 257 38 105 68 193 72 126 97 68 237 126 125 80 48 143 307 53 23 133 17 70 242 304 66 231 175 319 172 254 122 332 191 82 65 130 311 44 36 202 304 152 24 160 85 275 17 163 168 83 102 81 67 231 30 182 271 179 244 193 91 191 95 82 109 184 6 333 78 198 134 48 129 329 148 109 92 196 128 287 295 322 100 82 198 201 95 130 52 171 162 276 212 333 163 309 96 174 81 92 316 296 188 89 7 173 121 299 139 253 215 340 331 206 317 89 8 206 205 131 163 42 112 35 84 190 286 243 82 326 101 294 311 306 300 44 308 157 180 153 193 17 31 310 68 146 124 136 287 296 217 24 129 251 73 228 250 254 175 200 75 225 128 6 43 294 185 60 70 90 274 6 167 294 56 135 143 162 178 314 284 143 45 193 273 37 217 310 324 104 317 217 33 147 304 274 29 279 171 221 320 307 51 200 260 89 109 138 86 211 262 289 227 235 163 55 245 251 124 110 340 150 34 224 28 226 168 139 174 212 44 293 319 216 211 59 85 181 325 20
311 116 159 318 221 11 311 13 245 58 67 132 194 108 98 23 39 33 334 212 167 29 54 218 105 225 143 156 80 80 134 54 72 148 257 44 13 94 340 116 246 59 107 246 182 262 315 180 183 285 56 42 227 247 137 131 11 288 114 83 257 206 236 110 207 174 335 98 151 177 52 127 185 16 163 151 276 161 320 235 242 108 207 244 231 235 128 140 62 147 187 290 108 305 79 132 225 247 83 315 335 136 170 41 255 309 183 257 340 202 264 136 316 107 85 86 143 327 253 59 8 79 240 305 323 167 84 6 82 288 260 141 339 48 329 185 245 228 302 129 105 239 99 84 340 151 168 339 7 118 339 16 333 36 157 157 75 214 59 217 117 305 164 160 156 13 48 68 220 242 29 146 237 241 32 52 31 32 83 266 339 29 295 1 97 1 75 90 149 40 151 83 215 159 332 316 161 31 263 317 169 88 77 9 316 310 155 298 60 170 226 2 18 162 180 59 302 5 52 234 301 208 288 114 224 275 237 312 151 288 222 212 238 310 335 130 114 40 9 289 202 179 101 85 271 320 226 74 184 189 264 122 181 86 100 295 117 217 315 56 113 332 2 55 117 133 194 17 322 335 109 324 251 211 244 141 54 156 143 46 41 171 90 310 176 15 302 279 187 29 74 110 270 219 6 201 136 255 193 45 152 82 185 180 193 221 121 152 209 77 6 53 215 117 26 215 125 199 63 31 316 302 215 68 25 205 225 35 173 232 315 153 2 243 53 69 87 166 287 196
17 59 81 189 229 244 309 172 150 102 251 87 71 309 150 265 124 120 88 236 58 124 117 309 161 93 192 166 67 39 185 158 21 193 78 39 307 39 82 271 333 63 254 306 103 85 223 299 267 189 108 278 45 84 50 145 248 325 225 140 25 183 66 169 204 99 281 109 107 16 14 278 312 201 230 110 23 8 2 214 87 93 184 147 46 234 138 215 72 145 251 85 266 236 131 155 319 218 195 264 261 267 95 231 267 80 61 122 44 172 329 69 288 315 121 39 251 2 319 230 134 119 19 294 171 208 237 163 13 326 269 48 184 277 235 10 331 18 181 28 39 116 67 217 252 42 106 27 161 44 47 17 246 184 308 256 300 302 22 293 107 38 127 239 143 304 337 118 164 55 1 119 87 152 278 35 125 143 328 118 278 144 71 288 74 228 178 88 99 317 146 165 280 240 26 235 285 335 124 252 129 67 314 114 291 230 268 167 140 148 14 51 271 186 241 125 162 318 338 27 337 19 276 194 147 185 292 154 278 139 196 130 51 101 68 187 2 299 295 77 163 188 215 20 324 248 306 110 241 312 291 116 250 301 94 194 18 103 292 265 266 206 23 44 284 147 289 285 314 60 18 282 98 203 213 52 77 22 325 312 94 29 15 199 51 278 322 224 40 153 317 254 256 135 320 306 25 138 275 60 328 271 124 9 278 218 247 68 6 179 28 215 169 138 6 98 152 312 256 57 27 202 103 199 243 210 128 3 36 212 47 75 109 16 240 175 88 28 219 90
107 150 137 275 190 89 41 188 281 68 297 74 59 15 313 92 78 85 35 236 316 292 257 69 175 336 179 97 38 137 189 46 63 294 93 170 144 320 59 278 228 12 34 257 242 239 42 41 300 95 149 127 92 220 59 131 66 280 147 172 81 26 89 276 70 295 218 267 69 209 166 192 184 254 15 229 280 260 214 175 133 188 247 49 64 11 176 25 170 148 208 16 167 139 200 256 163 128 110 143 331 141 231 21 67 209 175 36 229 197 145 330 270 125 295 263 38 124 192 237 67 115 10 63 317 171 66 315 201 243 256 285 90 232 20 223 282 58 26 43 232 39 334 93 59 74 248 324 6 76 265 6 311 62 273 305 74 40 226 161 270 42 151 252 311 172 56 16 315 219 177 174 224 199 291 263 99 129 127 79 205 203 82 5 306 268 273 304 60 130 335 331 99 180 272 150 64 13 9 221 180 199 297 232 310 289 229 50 80 314 99 61 39 139 133 46 118 132 252 145 278 178 180 235 49 255 260 101 270 201 91 245 95 236 163 137 19 95 214 49 147 319 111 88 260 26 307 175 71 275 230 51 84 221 102 251 323 230 156 116 282 184 280 246 52 234 205 255 41 100 103 140 266 64 302 271 180 279 79 265 110 14 96 214 18 237 199 234 278 268 1 6 57 243 4 5 175 115 13 135 257 175 93 60 202 107 109 198 139 231 323 80 139 332 228 298 299 36 237 218 22 114 186 220 80 184 266 292 53 20 212 240 45 216 63 20 108 275 95 310
21 167 42 91 115 156 172 122 316 276 253 61 303 221 228 275 85 75 55 9 337 67 156 271 239 281 86 50 110 142 322 312 48 47 133 55 248 203 107 9 323 174 54 147 269 227 35 25 238 316 133 70 193 259 137 127 123 1 230 75 281 201 115 134 39 121 140 264 5 246 33 74 32 251 236 61 311 254 92 288 15 131 2 222 201 278 295 81 217 126 305 41 80 9 150 78 333 296 267 32 171 106 181 79 175 51 194 265 184 86 84 9 124 75 293 15 70 129 172 88 279 27 240 316 243 93 208 90 253 106 117 241 326 336 203 154 298 150 155 47 50 75 53 172 138 203 34 311 301 299 235 108 204 17 158 229 198 333 315 91 159 5 221 335 221 197 336 196 231 149 153 96 319 261 84 217 211 226 91 169 202 306 15 305 325 119 134 252 207 245 161 184 117 300 337 212 131 93 75 83 125 126 242 257 52 237 129 189 13 303 153 299 7 308 41 141 203 325 54 24 301 338 33 190 174 177 274 295 103 315 86 31 126 191 246 244 86 334 265 324 216 236 95 266 311 202 327 68 167 151 177 56 107 188 166 269 171 16 131 79 313 120 129 93 298 176 215 206 231 40 137 57 249 335 48 101 15 151 158 163 245 131 76 133 246 265 319 105 66 317 328 247 245 196 252 110 308 30 323 62 94 337 82 4 321 268 127 120 181 328 282 202 174 101 41 320 41 1 313 133 117 196 313 281 91 172 271 173 229 336 38 60 208 167 10 183 326 315 211 332
88 173 75 201 146 26 84 267 145 27 205 297 141 23 33 295 196 143 158 319 81 288 222 270 257 284 181 253 49 284 69 313 163 272 231 36 4 103 249 194 249 279 119 13 227 37 56 215 330 205 15 91 58 59 143 52 271 134 194 284 128 131 204 331 337 110 239 7 114 21 109 96 104 31 149 288 32 130 142 242 38 227 77 142 7 265 223 16 108 41 35 43 233 207 328 215 240 129 57 12 111 113 218 59 39 274 203 250 336 78 165 165 280 41 196 225 134 334 89 129 77 50 117 200 62 126 119 340 145 279 154 76 119 134 59 237 171 157 272 234 316 117 306 151 50 61 340 117 9 27 340 166 171 67 280 140 288 130 198 223 34 28 313 5 198 270 239 14 85 238 52 232 109 157 153 76 55 121 296 167 188 69 180 238 53 339 300 209 2 234 249 142 103 39 53 50 333 68 58 192 68 239 192 229 128 192 291 314 118 114 261 40 32 217 291 334 93 167 105 297 321 220 226 233 118 28 3 69 254 117 222 236 220 266 205 2 81 184 136 75 255 146 311 162 285 242 313 327 266 230 153 144 288 226 194 276 109 41 292 70 157 312 266 165 106 325 188 269 49 134 130 51 50 77 298 167 272 77 284 323 147 253 120 263 53 77 224 340 238 174 188 67 310 246 24 158 147 65 322 77 271 134 271 60 132 87 198 40 124 55 195 36 136 84 133 260 235 160 172 246 209 87 15 207 190 68 334 54 291 129 168 221 169 220 119 167 292 238 265 43
25 165 47 246 110 254 136 255 79 91 50 294 199 137 5 19 164 304 241 62 266 105 218 210 4 215 158 306 329 12 203 285 8 35 138 52 270 40 267 25 174 292 118 214 123 284 15 290 108 161 203 177 113 226 141 37 199 123 52 300 17 127 251 332 301 315 264 169 70 22 316 292 330 72 291 235 107 136 112 124 163 82 129 209 148 130 212 43 168 293 332 275 46 99 208 282 313 129 144 203 301 129 151 70 196 206 95 114 301 182 9 105 172 265 150 265 26 62 332 246 87 66 296 76 243 152 276 31 194 59 235 283 108 130 310 248 120 305 276 183 73 246 78 7 157 318 107 285 29 195 228 110 335 203 325 220 93 242 145 70 14 220 69 264 92 67 19 73 43 107 188 320 294 323 249 21 150 298 29 321 220 178 331 153 328 89 76 202 33 260 337 129 73 321 177 43 20 233 120 290 301 5 305 167 183 40 91 174 64 321 163 43 228 165 11 108 94 47 158 275 43 172 231 333 307 19 308 183 221 291 211 93 126 214 101 21 269 174 140 43 251 175 152 300 158 187 273 21 302 66 202 238 83 249 168 60 251 209 15 166 64 325 318 279 300 237 236 317 188 77 88 104 50 278 292 258 244 302 236 144 240 307 329 40 146 295 225 245 55 53 138 243 220 198 10 236 164 317 236 231 116 158 74 70 24 298 244 115 45 29 216 225 55 330 206 21 314 183 26 161 16 121 240 193 157 269 127 186 39 132 187 10 202 118 256 292 254 176 292 146
178 47 317 88 55 207 334 230 275 98 20 81 157 181 41 118 148 319 22 335 132 340 302 192 66 48 80 240 323 196 181 56 210 247 241 82 57 125 252 124 62 340 320 35 247 184 264 243 335 135 307 230 129 92 189 301 23 29 245 8 154 172 280 171 293 12 214 24 10 151 124 339 178 139 257 251 14 101 314 260 37 262 164 103 13 288 207 127 119 201 210 304 76 200 203 207 155 189 136 2 40 310 151 267 258 321 281 111 22 178 137 152 293 187 16 79 18 70 93 315 56 92 192 319 19 226 51 237 5 117 33 117 246 19 325 210 281 232 157 279 155 141 134 98 123 251 42 188 182 317 310 293 170 27 103 69 156 13 174 234 253 220 227 290 33 84 209 295 149 182 4 63 242 245 238 123 199 17 6 217 253 127 337 209 32 311 305 37 313 273 53 34 201 88 105 74 79 58 337 333 202 129 134 204 55 148 129 2 236 104 62 219 319 54 335 119 135 231 257 211 24 212 112 65 104 203 180 339 273 76 96 195 234 18 125 71 155 309 39 82 16 149 31 14 5 7 303 46 288 25 152 8 300 225 19 261 293 80 125 51 23 291 92 19 115 262 236 112 76 230 29 246 141 331 278 232 67 29 295 127 133 277 45 283 98 196 264 189 196 308 257 48 82 294 219 26 326 83 332 257 73 100 216 9 248 206 110 7 32 153 286 159 67 198 108 208 312 58 171 107 247 80 227 315 88 50 322 39 208 79 134 281 331 287 14 328 276 167 117 70
322 93 280 12 34 101 57 296 119 61 339 8 328 159 191 199 74 8 251 185 243 66 31 229 306 123 142 203 19 289 77 315 282 30 2 305 251 52 251 328 130 119 274 55 259 256 153 238 282 32 87 192 95 214 240 43 19 264 309 123 334 241 129 262 90 20 317 53 171 134 146 153 2 108 238 303 283 310 223 192 313 78 339 113 50 193 255 69 253 87 320 181 25 56 294 55 2 194 52 49 30 301 315 228 133 139 177 113 16 232 165 134 305 160 340 51 128 308 298 311 151 192 88 288 14 119 169 71 101 87 57 88 210 63 271 239 173 48 212 69 285 67 256 211 225 285 236 320 91 220 43 326 1 289 117 307 19 136 295 236 37 310 302 202 257 81 99 79 286 23 179 336 76 258 135 305 337 125 68 195 265 251 334 100 197 204 135 297 189 295 299 176 51 203 138 162 123 267 252 212 335 14 272 104 25 119 151 228 259 22 199 147 106 195 270 136 172 161 50 104 117 249 145 279 116 324 157 45 58 190 39 167 119 157 280 265 272 329 105 66 132 116 329 37 303 138 270 250 309 303 267 45 283 315 262 207 272 87 216 140 263 172 272 135 38 160 77 168 257 154 208 232 147 209 223 249 204 185 294 204 237 335 66 272 39 229 177 110 102 323 215 239 26 12 139 18 243 50 58 290 93 175 26 229 212 92 65 77 84 80 76 313 205 179 322 266 230 229 245 265 36 117 99 62 128 130 254 141 157 290 298 37 103 300 168 174 285 274 340 167
156 275 210 29 310 93 145 321 264 156 105 24 224 127 170 339 54 170 84 157 109 60 324 94 244 262 15 16 282 247 189 9 57 62 33 147 134 88 246 267 132 193 267 152 70 296 171 287 39 165 166 83 41 304 271 283 195 159 103 133 45 232 160 40 2 211 103 285 293 315 115 322 30 300 201 20 219 113 146 81 227 107 79 178 139 252 18 12 307 82 110 96 53 168 330 246 17 85 300 177 238 18 296 111 66 93 6 289 77 20 9 175 240 192 4 340 24 254 43 26 302 196 136 266 219 165 169 319 258 96 196 258 207 170 142 96 213 185 94 224 96 7 304 98 89 186 243 218 248 128 48 114 80 242 306 246 14 143 90 52 335 209 313 231 218 338 73 339 119 196 51 210 65 123 300 315 302 159 138 75 84 130 209 212 36 275 251 6 236 116 25 72 61 193 11 304 253 163 81 328 40 77 117 113 197 245 83 11 203 239 48 21 103 28 259 221 84 206 181 215 277 312 174 69 139 213 165 25 155 175 300 142 132 185 178 157 194 229 138 258 169 63 3 208 332 47 182 299 198 246 107 237 34 323 94 74 133 70 212 205 254 27 209 323 59 218 290 94 157 67 70 251 271 2 122 152 196 196 16 164 256 177 244 231 125 268 85 323 214 331 213 134 326 246 84 239 263 3 116 14 281 103 318 287 158 158 117 132 20 238 91 92 309 221 210 35 128 92 112 118 329 191 246 230 127 76 133 245 331 96 201 307 171 317 50 209 246 28 55 128
58 226 241 278 199 84 52 261 71 219 177 12 41 116 13 327 120 144 204 144 99 138 20 101 282 11 11 290 300 92 135 25 247 267 84 112 217 187 156 196 123 340 177 136 14 288 111 238 298 144 152 326 230 282 307 253 6 76 256 47 160 59 174 64 269 101 267 284 324 90 269 174 234 243 105 58 312 158 174 121 64 198 202 157 143 318 228 139 89 229 33 324 313 147 85 130 175 91 156 3 29 329 309 10 188 174 76 171 289 33 265 56 89 143 340 272 213 119 194 165 142 239 155 178 35 143 40 15 101 248 121 161 194 302 16 318 307 285 296 335 81 11 208 141 151 102 162 298 77 242 102 126 161 195 248 246 222 82 324 275 133 18 327 186 39 139 203 272 47 51 181 155 131 29 44 135 137 207 143 185 44 161 227 321 38 8 44 47 192 64 46 308 247 73 141 310 147 68 301 164 193 219 157 60 101 6 153 234 158 309 339 43 203 166 146 335 92 9 290 133 23 188 233 252 258 54 253 283 130 32 160 264 238 91 303 113 261 338 171 76 226 234 68 53 309 21 220 138 93 70 127 230 258 136 332 100 129 186 308 127 286 163 192 223 46 282 8 4 108 38 171 151 295 222 74 38 270 41 42 190 220 90 296 320 211 127 256 202 281 131 197 39 200 312 79 287 221 297 230 85 306 235 222 1 144 118 248 276 304 193 340 182 331 85 317 312 76 96 173 329 91 128 123 186 131 88 256 4 296 304 127 122 103 161 59 26 321 310 13 309
165 339 167 201 178 165 252 339 198 228 87 229 239 273 130 14 10 84 166 14 176 218 271 309 10 90 111 22 103 219 34 88 188 203 249 41 148 115 65 164 223 42 44 28 101 85 298 232 168 14 122 176 293 199 268 169 180 169 165 35 117 60 313 210 43 131 4 56 81 266 181 248 32 175 146 153 176 338 182 178 37 179 32 132 228 92 40 246 92 186 316 171 226 161 59 170 309 255 31 106 255 98 150 143 58 264 289 44 282 152 310 301 126 120 1 270 195 272 111 142 80 338 214 14 331 221 190 264 326 215 137 226 126 165 49 241 230 47 72 55 22 93 183 31 227 147 202 59 161 140 129 182 316 87 59 85 87 261 316 232 133 49 1 333 222 111 200 75 176 297 199 332 228 311 131 171 17 59 220 223 249 72 39 114 16 192 165 46 19 81 92 259 150 191 328 136 254 319 220 103 141 306 299 171 183 245 127 65 80 322 307 66 39 66 220 112 331 326 240 331 85 202 271 108 290 7 295 90 94 58 250 106 137 117 306 330 120 118 161 73 129 213 27 110 197 68 323 62 244 217 267 290 6 274 272 317 230 136 183 286 207 245 72 340 68 304 323 254 287 319 123 147 143 171 258 313 266 108 266 1 139 161 267 46 307 47 338 130 88 170 105 78 193 305 29 136 60 128 50 51 228 202 62 80 201 112 290 152 14 42 124 261 51 337 293 332 65 294 190 197 232 308 314 82 73 51 119 295 215 293 197 266 101 93 16 26 256 162 183 236
98 311 239 166 298 331 66 298 250 87 92 286 297 333 233 29 162 268 330 186 51 232 249 126 148 59 126 19 81 336 22 25 257 28 204 270 34 196 137 131 251 191 112 16 37 8 288 158 276 80 12 122 69 54 124 182 282 93 322 245 276 318 77 182 114 128 61 165 174 17 324 87 164 283 44 229 79 53 196 89 89 179 26 133 15 251 14 155 196 191 259 159 236 202 68 189 334 76 93 257 215 65 285 81 7 292 145 243 306 214 112 297 52 27 285 305 270 86 96 209 147 64 275 308 146 23 255 53 249 127 279 4 273 247 42 136 84 133 51 62 10 115 96 159 90 152 327 145 104 123 125 166 60 259 226 316 173 300 10 17 253 46 142 247 230 265 292 28 280 79 25 304 36 121 73 74 108 110 245 191 142 17 70 285 151 61 326 51 265 87 120 215 56 143 269 274 221 287 85 146 80 73 320 51 89 266 210 91 80 179 310 92 287 129 83 56 160 123 196 155 255 59 47 101 56 197 31 97 217 176 87 135 141 186 54 156 219 211 151 39 220 286 277 77 2 130 189 290 242 315 70 218 101 277 83 233 269 29 27 245 7 216 234 137 102 107 90 23 317 117 256 211 55 332 61 56 289 38 200 55 151 277 308 187 296 53 10 124 132 332 115 206 40 156 295 252 43 187 66 177 226 13 136 5 226 151 129 34 264 242 58 42 123 90 116 241 139 320 17 59 320 125 205 340 196 48 200 76 204 7 229 202 296 188 338 96 332 120 227 150
2 247 204 307 308 284 235 37 179 150 159 134 158 2 238 121 273 241 159 231 217 125 245 88 70 81 294 260 234 199 179 14 135 110 64 314 187 39 163 94 320 25 242 168 216 162 124 281 151 213 45 250 314 252 220 326 173 191 271 24 298 132 327 157 56 29 286 47 278 339 316 107 77 257 283 140 12 333 174 167 303 241 22 277 68 126 340 94 34 320 11 285 9 32 221 160 15 56 13 21 31 50 103 201 79 116 178 113 310 140 30 166 207 261 305 300 144 33 305 320 14 82 103 58 229 223 112 201 119 3 254 33 127 45 307 199 333 185 254 260 226 47 89 206 92 248 207 92 111 235 197 325 290 127 47 46 228 267 336 299 253 109 189 257 95 14 228 266 12 320 89 318 222 110 126 119 198 185 293 37 80 106 216 120 189 20 257 328 96 225 111 163 255 150 134 193 64 50 286 89 306 279 49 332 265 222 134 300 270 224 202 306 181 188 197 177 84 13 85 134 26 9 110 226 49 152 299 229 63 65 98 288 86 205 236 13 275 7 255 209 318 171 190 310 178 289 226 254 241 166 122 188 103 272 163 306 204 63 253 74 304 318 49 57 249 276 63 287 107 111 5 276 53 319 162 229 220 223 292 110 200 232 32 139 257 128 246 332 199 68 216 276 176 82 335 227 63 218 292 115 212 55 36 141 332 109 278 14 267 59 131 42 199 37 121 293 53 266 201 222 29 35 151 223 179 269 210 254 196 150 252 95 175 290 173 308 92 98 209 231
235 184 224 52 157 239 143 111 299 63 113 5 235 285 277 88 16 104 137 11 336 222 285 253 125 299 196 173 238 29 79 157 220 244 89 49 98 254 208 287 243 49 287 127 205 45 239 133 108 109 3 155 124 109 134 91 224 237 39 241 102 33 245 267 176 227 105 238 199 179 205 224 43 292 254 168 212 40 159 78 39 327 11 133 132 72 251 245 153 314 127 292 48 39 286 320 57 238 87 29 214 111 300 261 47 33 206 7 132 131 55 191 113 171 259 169 278 88 22 134 160 297 96 189 55 29 225 232 29 69 240 338 163 306 68 101 135 263 137 276 127 336 4 122 90 136 306 49 263 177 320 55 17 280 137 23 170 74 310 236 297 153 55 312 322 102 29 167 270 140 198 14 88 5 245 108 112 333 282 108 104 236 20 110 129 122 37 166 3 157 335 309 201 128 126 197 178 104 268 271 339 233 118 100 30 268 262 327 219 73 236 101 56 189 219 273 336 197 256 77 140 210 335 42 268 137 274 185 334 11 8 194 278 279 124 181 48 90 160 165 42 307 161 148 305 50 183 140 171 21 37 35 334 141 90 31 106 213 191 194 117 64 59 239 256 61 144 335 80 163 214 244 234 157 113 220 145 3 235 161 288 147 59 185 276 296 292 131 208 232 283 9 95 228 175 295 299 52 155 160 92 236 135 226 270 283 211 73 261 217 188 230 214 188 74 301 302 46 110 224 9 321 72 122 37 15 272 114 309 311 201 59 28 277 37 291 68 73 130 293
24 180 114 79 53 110 44 230 197 253 225 21 100 157 328 158 304 113 320 272 165 147 59 321 186 45 277 266 91 301 33 86 221 5 318 116 223 315 55 98 136 146 138 40 121 88 274 214 129 313 188 113 176 279 204 262 285 49 317 243 118 227 329 124 295 308 230 138 210 276 225 325 118 185 327 336 155 117 138 260 15 247 309 321 331 306 22 307 238 179 200 56 2 119 157 340 181 268 129 108 25 82 252 321 286 4 67 261 216 164 289 298 58 130 18 289 148 13 156 120 228 236 287 127 40 52 189 256 247 224 43 261 227 3 35 19 139 140 314 63 286 302 55 44 228 8 159 97 250 43 266 131 340 228 273 324 162 27 223 48 127 91 339 159 49 142 223 52 103 163 264 283 189 265 137 2 8 245 318 180 25 268 274 71 159 324 248 5 88 105 143 46 72 16 172 180 221 329 252 328 338 129 240 290 1 30 150 321 288 90 135 52 72 328 302 339 35 131 70 281 154 162 308 73 124 6 239 42 92 256 43 113 58 25 145 130 24 88 60 133 215 217 115 308 176 48 30 99 207 24 85 228 179 209 110 37 278 102 308 258 265 291 147 94 69 66 221 142 121 315 236 185 78 138 267 84 263 303 61 251 45 156 91 132 51 59 107 232 336 213 33 51 160 319 249 153 63 240 224 29 94 271 104 82 303 321 136 304 290 36 204 42 247 270 238 109 247 102 141 97 113 176 239 278 156 175 49 80 327 177 318 313 38 129 322 73 286 281 297 64
254 171 274 111 124 30 270 200 166 267 231 290 289 293 230 74 121 330 270 310 51 149 225 19 229 127 270 67 236 117 98 302 272 118 174 217 288 121 116 333 185 39 311 62 153 192 262 314 107 157 273 299 89 142 37 62 164 121 162 176 60 177 43 208 127 157 195 215 172 62 133 147 304 186 160 325 136 118 200 248 144 90 298 219 280 273 120 238 65 210 126 294 192 12 136 84 258 104 208 67 132 210 220 19 85 261 76 118 333 136 123 42 122 312 325 119 320 37 305 103 109 214 35 141 326 53 58 308 95 318 118 133 178 327 31 317 12 124 319 226 192 172 49 9 41 235 277 22 31 300 259 61 332 60 63 165 297 244 44 131 82 207 282 318 305 318 263 49 242 96 125 305 64 179 195 25 61 221 292 32 239 21 209 264 196 263 287 2 248 86 239 3 180 322 238 88 277 178 5 47 148 276 67 233 257 247 208 233 136 298 259 193 120 256 286 117 276 113 215 203 315 331 260 309 235 336 212 321 290 91 45 224 26 123 243 232 5 153 52 316 321 147 43 255 186 292 201 257 323 336 143 333 118 112 197 167 244 179 47 71 292 156 83 228 143 20 138 29 211 313 233 337 67 90 266 161 200 176 215 262 50 264 317 302 221 284 332 302 248 133 338 198 176 310 53 304 194 229 331 229 217 305 88 270 281 119 147 138 50 96 262 83 9 304 9 151 140 315 18 157 78 16 190 235 191 184 203 303 327 217 180 4 121 32 66 291 103 16 220 133
58 228 41 88 206 12 340 75 256 136 284 261 56 147 214 310 186 209 53 253 203 158 333 136 29 155 321 324 315 340 58 145 209 153 330 160 246 143 41 132 12 199 321 174 152 204 184 200 253 20 170 104 266 8 254 118 113 286 26 80 177 31 193 45 271 306 295 135 230 211 300 248 177 173 277 171 95 298 106 115 121 317 37 208 7 85 2 262 326 23 287 142 56 184 110 84 39 323 71 123 54 124 135 306 301 116 312 182 49 138 293 250 72 32 123 8 313 104 336 19 212 292 261 61 193 271 50 1 69 84 294 223 158 315 103 302 284 272 37 288 73 96 119 48 285 270 199 110 75 89 163 86 54 68 329 114 262 65 229 18 61 154 338 297 176 6 251 228 9 69 92 223 28 119 7 201 234 29 11 226 57 272 40 111 113 197 229 83 204 130 47 181 186 65 94 59 23 58 190 93 256 67 293 9 62 334 122 13 320 40 179 21 54 170 101 251 95 273 85 270 324 30 226 309 46 267 155 154 226 84 81 187 63 47 202 25 113 126 19 290 279 52 83 177 59 142 145 177 27 197 78 201 108 205 306 132 109 190 91 273 113 77 61 262 258 5 253 203 238 232 94 116 253 160 83 94 217 297 150 309 195 218 181 145 50 192 151 335 340 184 288 123 242 159 138 115 8 32 142 4 275 302 269 244 253 219 306 245 160 119 280 168 221 314 337 252 229 48 148 64 86 166 236 222 164 265 8 114 156 309 235 18 152 41 234 59 158 115 194 285
10 194 166 102 156 218 210 34 301 229 89 61 256 314 203 102 128 34 197 268 251 259 212 325 222 228 89 304 196 109 83 293 128 1 192 192 6 279 265 321 242 296 57 145 76 29 130 252 127 7 181 69 95 254 224 317 129 86 188 105 256 179 84 176 51 274 325 93 25 324 234 168 79 91 253 20 142 42 86 168 144 59 143 41 167 71 143 329 254 282 26 174 222 142 107 279 53 208 292 24 12 77 45 52 161 162 159 25 340 243 52 227 277 338 187 69 58 334 186 75 235 202 205 44 175 240 324 210 288 111 89 101 18 236 63 309 56 338 308 283 90 184 177 137 157 271 337 164 325 45 142 43 221 74 18 78 339 249 270 145 71 30 312 232 191 62 146 151 131 180 225 244 201 275 310 241 186 120 138 214 153 88 337 273 94 312 60 126 322 228 189 112 152 199 162 24 91 94 183 328 12 304 207 246 134 308 229 122 27 87 119 130 104 61 136 315 28 38 171 186 148 293 292 183 137 26 263 171 89 198 139 218 315 149 307 137 242 91 319 169 158 6 163 288 110 283 247 312 56 126 169 35 242 200 249 48 144 178 181 205 234 189 259 107 32 60 7 207 49 227 139 298 252 267 183 133 23 340 44 264 157 293 326 102 108 300 102 141 277 236 36 276 158 230 7 340 58 321 33 278 92 143 132 138 263 249 244 221 92 201 340 29 217 161 119 70 252 325 329 206 210 58 272 158 202 327 285 328 292 58 141 44 252 272 127 229 167 306 220 181
125 262 326 159 35 331 26 96 326 60 130 339 203 334 12 26 157 77 85 38 30 167 324 66 185 295 135 331 27 236 178 254 323 8 120 326 24 59 75 79 228 144 63 215 78 291 11 35 22 167 300 121 89 7 26 63 99 180 23 279 155 177 263 13 111 9 108 304 131 70 134 198 70 118 281 44 256 219 120 67 195 134 161 259 218 223 222 182 279 180 110 23 316 267 297 27 299 338 100 256 118 159 324 211 257 247 235 125 159 27 126 156 249 51 136 219 335 197 201 118 325 130 268 118 27 192 223 150 70 45 237 48 119 284 130 189 161 210 256 116 193 217 327 171 37 216 60 17 95 190 304 173 199 201 248 323 27 133 189 304 156 36 73 18 103 309 14 171 34 299 332 179 152 333 51 206 113 140 246 335 264 320 169 254 192 105 161 132 313 182 24 170 159 50 272 22 30 72 116 232 233 66 326 203 241 285 200 38 126 216 317 318 66 242 338 84 43 88 86 189 151 272 334 14 119 1 261 43 282 245 30 8 187 129 63 173 311 22 11 29 323 113 114 73 291 46 225 261 98 135 216 21 212 98 213 75 30 30 27 135 217 128 212 71 43 21 59 197 134 74 294 282 7 326 65 324 48 122 235 125 169 310 154 217 271 103 45 333 318 171 142 75 12 260 13 270 218 324 274 113 190 195 331 160 178 89 240 97 140 73 132 88 116 160 321 269 231 297 18 250 234 245 228 142 189 286 105 306 221 256 101 186 216 8 78 339 93 157 263 329
329 237 209 48 73 71 172 44 70 257 231 188 68 230 74 18 159 97 266 80 280 270 306 273 246 324 79 16 218 336 289 158 84 145 254 5 314 273 278 8 181 244 296 24 163 246 242 127 244 314 143 94 188 61 40 142 122 158 26 308 298 57 255 219 253 236 331 246 80 324 154 105 227 22 90 195 334 296 5 56 290 318 240 106 222 39 215 230 121 163 133 284 125 277 242 247 80 216 199 105 201 200 83 281 209 17 260 252 68 206 164 310 322 26 334 284 11 321 117 324 134 118 286 2 65 133 186 156 338 127 244 17 73 251 332 328 81 300 233 57 76 222 298 9 187 336 244 31 336 235 197 150 58 140 193 214 209 18 69 285 119 70 228 162 162 333 199 202 300 149 94 262 8 234 86 41 44 75 48 83 113 232 55 83 98 50 78 127 151 186 340 269 227 246 266 43 212 83 130 281 30 246 134 268 277 256 7 292 288 276 33 13 290 21 183 261 319 243 308 195 243 340 312 181 333 237 136 248 181 194 153 112 224 315 24 137 85 13 299 295 87 246 73 126 23 17 40 317 327 123 142 220 40 219 277 217 317 184 288 40 325 158 340 30 203 283 128 319 105 294 292 36 274 304 46 10 142 49 187 155 108 308 183 100 109 238 240 327 56 61 123 119 304 195 197 260 62 32 151 6 123 42 252 8 277 266 301 149 18 258 126 140 312 116 6 198 97 137 219 115 90 319 269 119 125 91 31 9 5 331 118 285 85 103 161 307 74 209 78 56
64 213 147 191 269 74 133 211 290 185 125 106 112 29 86 251 197 8 10 91 163 272 307 224 14 244 149 236 311 333 111 33 275 89 168 111 285 75 223 250 303 78 255 196 122 230 2 229 160 191 167 285 161 206 229 193 266 33 106 37 225 137 91 315 173 2 101 155 244 241 91 45 215 242 73 3 33 32 127 182 295 270 270 202 319 206 6 211 236 262 191 222 282 305 200 262 84 7 255 270 138 329 191 141 326 303 297 45 106 88 32 336 98 323 234 297 91 187 340 173 103 149 318 120 12 305 171 331 33 39 130 142 262 153 249 186 180 179 216 181 260 146 201 5 28 336 154 154 143 266 317 332 178 267 39 9 214 285 261 242 250 295 138 294 264 258 15 216 78 116 15 1 111 217 274 183 316 202 153 132 183 157 25 43 31 249 242 87 241 170 146 214 299 26 32 51 188 297 51 170 82 249 99 73 238 28 56 55 65 75 329 277 169 262 282 255 318 188 23 158 97 76 82 83 14 161 221 4 264 153 125 38 297 110 42 129 84 78 204 94 305 141 98 254 223 63 16 137 77 265 130 149 218 12 159 34 76 102 18 167 204 303 272 15 281 151 249 157 293 160 137 299 30 272 171 199 104 126 13 81 37 157 204 216 166 184 254 105 2 316 48 29 17 43 336 134 240 284 23 165 300 94 47 334 329 172 135 173 129 227 129 277 104 234 45 122 244 83 211 90 266 101 69 216 12 245 68 74 124 149 245 110 189 162 154 194 107 94 334 140
337 234 31 70 217 8 177 121 279 16 331 97 60 167 85 277 144 74 150 107 207 96 282 311 311 125 67 9 192 153 184 139 315 157 134 196 326 289 325 284 265 293 95 101 17 309 221 187 8 253 291 36 243 199 275 137 14 168 286 198 269 188 334 41 89 165 59 3 285 62 102 186 35 137 309 112 35 166 125 111 213 39 14 241 189 9 211 92 272 106 32 311 294 186 303 136 129 176 155 181 307 247 296 262 249 129 136 179 229 208 222 150 132 27 86 326 329 305 50 56 154 304 15 185 28 39 327 263 325 182 87 103 69 162 66 254 155 216 310 233 152 114 55 302 302 32 318 68 202 117 306 162 298 339 54 9 337 312 156 197 292 33 298 335 84 190 261 271 88 52 210 164 165 2 270 304 190 87 77 334 27 133 43 324 15 48 305 183 111 10 21 255 222 255 189 10 77 337 304 185 5 198 222 199 116 322 208 219 131 255 34 9 159 128 176 233 232 313 237 101 230 106 20 218 59 28 46 315 36 124 192 255 89 279 306 307 195 277 36 95 244 47 12 332 105 43 318 170 237 204 68 297 289 172 326 115 102 121 281 198 146 8 188 156 26 213 52 96 310 93 94 39 310 223 175 238 92 13 193 338 46 190 157 216 231 140 121 218 328 22 163 110 74 267 240 152 251 129 302 163 83 190 36 324 306 270 199 9 241 298 81 59 35 191 322 110 86 291 58 202 96 202 240 202 307 136 79 100 302 63 241 123 129 212 82 290 137 235 293 19
187 92 127 161 333 315 236 134 104 134 221 238 328 109 265 145 330 253 335 245 201 136 270 117 178 13 318 320 162 6 155 155 192 51 206 337 202 204 252 321 124 11 80 140 239 312 4 169 295 180 260 225 303 5 26 189 323 251 261 273 169 264 3 227 110 276 315 142 330 26 173 142 309 153 207 259 285 111 54 191 6 202 217 185 83 286 179 35 220 319 12 264 79 317 58 22 121 338 162 123 213 151 207 148 278 279 144 223 279 270 56 210 21 218 235 188 55 84 10 62 259 212 33 234 62 137 124 68 166 69 340 189 331 93 263 196 258 142 203 167 216 299 118 101 145 77 191 114 263 331 172 176 69 68 106 258 295 325 156 1 38 152 60 77 293 219 93 177 149 234 165 317 188 40 32 37 2 276 330 125 122 227 306 71 246 332 329 18 195 58 334 311 79 304 176 84 25 294 157 180 288 12 222 63 88 218 273 184 289 230 5 288 203 103 34 208 283 214 83 277 13 131 69 92 151 106 228 152 302 76 43 209 248 328 197 168 276 222 155 43 333 246 329 299 6 202 119 288 256 305 269 340 65 47 73 332 106 198 340 227 4 145 196 216 240 127 149 29 69 300 30 94 59 276 88 27 324 132 68 189 287 47 68 166 49 122 52 340 296 141 104 6 86 233 312 25 326 328 203 205 329 97 139 147 152 312 296 126 217 59 151 185 233 105 82 334 240 298 150 337 242 340 115 155 305 53 269 185 241 135 225 274 166 97 20 192 92 22 112 115
243 58 339 68 53 101 218 118 190 327 18 223 168 280 169 208 136 132 219 131 336 55 119 128 299 167 319 189 303 137 230 231 284 302 240 326 140 273 34 124 268 285 310 127 108 225 86 186 197 290 124 266 200 10 189 162 304 202 181 100 193 247 44 49 13 272 311 82 222 89 182 293 174 279 330 273 26 171 310 158 54 290 87 42 71 237 194 148 212 297 65 112 80 226 305 61 339 23 300 229 96 58 70 1 179 308 206 13 286 260 321 135 90 311 51 124 22 141 248 224 241 126 79 327 296 102 264 48 241 33 60 268 289 236 31 192 214 129 25 316 179 252 11 336 85 72 284 8 59 32 185 224 143 264 33 249 43 258 274 338 313 315 74 216 338 23 193 186 285 19 304 82 266 111 299 89 30 89 333 140 201 243 285 120 140 13 63 243 168 114 147 72 99 142 194 239 8 193 76 198 188 144 251 65 19 53 210 206 193 323 13 268 326 260 140 249 309 104 322 251 186 79 221 23 127 2 18 104 239 176 270 116 122 73 147 195 52 240 28 4 264 194 313 258 305 263 92 300 15 97 269 126 156 273 81 330 157 233 30 118 85 236 240 332 226 246 230 22 329 113 286 188 150 166 183 244 219 257 12 228 75 17 214 171 329 266 217 300 221 331 181 53 8 312 30 58 42 17 200 59 217 314 214 43 14 13 297 306 69 100 247 284 97 195 115 69 83 291 232 153 276 233 338 100 327 61 258 100 85 250 127 44 133 55 187 212 12 45 293 43
174 289 314 280 143 262 34 259 323 67 259 144 212 264 226 4 223 162 158 207 138 190 96 328 234 173 332 128 194 240 88 64 51 85 306 83 185 232 84 115 265 315 221 218 75 319 152 267 231 296 87 175 124 172 299 291 143 93 106 130 179 43 168 14 197 105 14 213 294 337 236 74 228 7 124 234 279 172 10 203 98 250 20 100 180 173 11 24 20 194 299 321 251 202 39 103 14 219 224 184 312 168 182 324 88 155 327 95 142 183 40 85 317 39 26 255 4 141 330 319 101 165 39 322 8 88 85 290 190 272 215 177 126 85 240 88 207 251 47 251 201 236 150 116 238 158 218 251 323 7 227 317 114 257 66 259 42 292 266 337 324 303 148 8 120 323 238 289 28 146 245 340 33 275 90 126 67 331 173 154 214 292 313 133 134 44 62 142 291 17 306 68 78 168 199 162 275 131 240 307 221 113 276 318 319 305 284 238 318 108 242 320 120 210 64 53 44 228 141 251 287 129 333 65 278 209 312 34 324 296 205 154 5 14 138 203 110 64 296 187 182 327 4 45 255 78 151 224 304 130 38 222 145 16 194 207 230 204 318 71 185 59 13 98 111 197 168 64 21 195 127 164 99 339 235 127 262 314 116 271 41 178 78 128 15 136 326 249 269 289 23 86 153 232 299 312 53 264 102 189 135 158 14 128 321 145 261 139 117 283 100 238 158 94 20 55 272 223 40 119 335 281 243 233 258 333 201 2 201 278 216 323 227 335 28 157 258 119 171 32
165 226 338 80 34 62 92 153 65 103 77 199 24 30 279 29 279 31 84 237 272 293 307 188 334 325 164 324 203 76 3 219 187 101 313 230 283 160 331 116 257 31 181 133 337 181 49 75 76 36 337 156 155 209 210 250 118 49 162 260 115 45 102 141 336 109 305 17 307 241 5 84 339 164 235 266 271 158 88 95 92 70 60 41 97 202 297 122 150 153 46 196 291 48 240 75 136 115 98 242 314 211 118 197 87 191 138 293 292 199 145 140 147 60 24 43 193 20 212 127 176 110 36 223 51 253 6 96 286 323 241 325 14 27 22 252 36 339 4 51 197 221 279 103 35 63 136 321 206 12 102 186 249 168 298 29 149 223 185 193 233 200 248 40 220 226 20 201 110 175 139 244 329 5 149 265 109 251 144 185 40 325 232 239 108 59 176 333 86 146 163 128 186 31 289 90 94 286 198 321 9 162 72 158 296 204 174 296 100 180 25 265 89 133 226 245 240 288 86 55 321 276 83 26 235 10 190 11 327 96 331 130 173 330 159 204 49 250 250 267 285 329 79 14 195 295 147 109 147 74 274 330 155 66 33 237 301 130 31 279 253 145 265 139 209 36 314 171 67 23 97 61 54 223 115 272 98 209 215 283 338 333 298 14 220 20 38 138 215 17 29 139 89 154 329 116 247 335 65 36 167 298 311 267 108 10 29 246 309 12 333 243 127 123 149 74 163 233 106 235 35 292 252 38 263 116 216 77 221 217 167 151 71 152 316 211 203 238 52 76
216 320 294 68 246 97 304 147 193 92 216 272 176 299 56 34 207 327 264 289 63 66 187 42 25 202 283 226 109 92 28 140 311 88 233 289 100 49 31 278 168 326 320 66 216 246 291 126 216 107 287 129 240 286 141 307 57 99 301 168 322 225 250 204 249 262 293 232 190 178 317 51 131 163 75 125 319 132 175 175 68 318 285 202 266 89 322 18 17 272 65 230 23 22 281 181 173 44 151 284 229 46 34 173 294 243 183 274 63 128 112 45 307 331 118 119 160 333 132 83 261 280 21 28 176 146 255 80 178 93 10 59 313 181 201 81 96 171 74 159 3 7 50 67 82 182 288 232 113 164 41 244 22 117 77 303 278 73 126 338 248 164 205 14 82 54 111 133 141 240 118 146 109 102 313 124 157 240 186 317 275 185 207 111 89 41 106 136 185 107 272 79 194 259 333 270 255 222 35 237 215 96 82 112 246 79 246 46 328 276 142 159 204 65 172 196 221 52 267 142 223 307 298 338 126 211 91 301 301 111 173 215 155 79 196 188 66 250 43 250 263 94 39 81 17 103 22 58 72 221 113 182 249 81 132 124 126 330 119 282 175 288 49 260 7 258 156 91 284 133 314 44 259 183 182 168 51 95 150 171 93 259 117 38 30 148 203 286 49 228 106 81 109 327 2 173 102 132 213 339 275 29 142 93 199 97 336 173 172 140 329 201 210 246 145 198 166 308 109 117 86 68 51 255 119 258 44 246 333 89 114 16 154 307 310 232 208 127 155 322
129 71 90 80 243 200 270 2 147 59 56 170 258 123 2 38 324 63 41 87 301 322 290 111 34 313 71 170 261 173 197 37 24 69 139 175 210 238 333 11 336 270 283 16 245 186 49 332 250 230 101 234 299 91 263 10 183 340 4 154 145 12 50 129 32 267 135 13 16 142 220 252 81 102 241 240 83 271 239 291 180 54 167 287 30 2 159 58 184 283 283 10 174 28 339 208 126 279 39 71 323 193 326 198 191 83 6 39 210 278 295 4 69 278 248 151 161 233 265 228 223 284 259 37 99 168 152 185 202 262 47 274 22 74 286 169 144 155 169 325 219 177 252 84 169 247 21 317 297 316 139 193 91 90 61 298 14 175 198 134 17 38 128 95 299 264 52 294 226 29 71 118 172 169 83 218 154 21 256 95 83 199 65 280 301 47 113 15 77 80 134 249 318 309 170 146 300 84 110 324 229 183 336 306 144 47 90 5 91 316 292 163 137 255 228 246 211 198 171 215 313 32 85 223 128 273 170 60 3 9 206 204 155 96 28 156 193 123 195 336 166 329 62 183 69 264 93 30 144 88 303 108 327 117 307 97 279 320 65 32 160 239 325 105 77 158 14 150 181 138 4 135 197 58 221 156 310 64 64 22 155 103 228 90 20 301 55 160 21 129 128 123 320 268 339 182 26 70 50 259 44 81 100 288 53 143 149 308 72 214 324 190 303 2 87 228 247 1 115 133 11 109 25 32 233 167 10 278 262 162 127 149 131 307 171 19 212 2 110 233
281 287 78 244 208 105 218 89 280 240 219 142 188 216 147 271 38 283 24 283 18 127 53 133 294 68 184 83 174 238 221 276 286 176 128 157 128 319 309 127 88 155 82 131 153 46 184 134 101 318 261 38 80 102 246 298 171 340 297 320 183 42 3 89 199 230 156 156 146 290 242 29 245 87 198 19 8 247 289 176 139 316 98 172 250 62 201 311 205 23 245 280 204 62 69 251 319 294 30 126 32 94 253 211 232 122 336 220 333 218 248 188 61 11 285 296 276 40 140 1 293 14 183 186 270 32 304 60 331 318 171 93 11 82 33 101 220 81 297 294 102 148 40 113 19 290 259 90 69 235 4 81 302 85 189 158 139 14 80 320 222 243 2 293 253 95 307 23 17 338 280 243 118 167 133 97 109 58 42 220 185 91 236 65 130 126 36 112 71 249 285 22 147 155 82 328 261 274 264 46 106 306 24 34 203 192 21 270 177 48 124 296 156 170 298 18 151 173 59 11 94 221 146 36 63 59 168 142 168 129 245 95 95 259 229 323 53 105 294 165 326 181 215 280 138 302 324 191 30 296 149 338 171 264 305 279 8 152 247 240 155 201 125 79 73 327 243 1 85 63 47 172 73 305 44 59 116 291 212 273 66 148 219 49 249 235 229 24 9 195 82 79 177 266 2 182 97 74 252 223 11 285 106 294 327 45 121 88 301 2 129 172 42 31 131 225 223 173 21 116 63 27 55 72 6 41 141 297 271 128 12 331 38 41 87 306 266 106 241 293
180 164 259 190 35 190 202 187 133 61 93 34 93 253 11 308 75 17 332 112 261 224 38 327 149 18 241 132 162 212 200 117 335 293 206 237 107 115 247 191 155 112 80 294 138 106 98 183 23 106 229 67 246 300 188 196 224 148 220 306 249 38 316 323 275 268 340 326 130 82 179 255 20 26 170 93 104 184 204 92 204 122 292 201 161 273 279 31 170 90 224 6 46 137 185 106 17 193 25 326 210 287 330 297 321 222 138 113 280 192 89 65 11 85 11 313 58 167 266 36 27 92 160 265 219 114 325 44 13 106 2 195 156 74 262 168 13 334 6 118 226 287 287 264 265 310 299 130 8 25 4 191 66 162 318 90 65 21 83 222 110 209 180 135 312 84 327 279 121 194 292 249 319 71 280 41 197 248 64 52 174 10 99 108 246 192 41 230 191 221 74 83 336 157 16 329 337 38 338 115 89 157 166 103 312 254 218 12 76 119 100 196 202 101 142 104 250 125 7 48 279 230 281 142 105 289 76 183 103 336 291 98 221 53 43 131 246 307 282 99 82 316 246 66 99 331 46 307 242 243 301 151 54 222 59 137 283 8 138 312 107 153 13 289 332 319 247 224 239 184 279 150 129 39 23 114 125 95 154 128 301 79 209 132 149 79 302 14 242 36 45 220 100 10 230 311 196 33 306 187 271 163 175 18 124 164 323 264 125 184 11 62 285 257 10 189 247 209 49 190 40 46 305 271 304 50 160 44 68 51 116 236 141 282 265 152 182 134 266 252
30 330 132 52 40 230 78 255 67 304 23 205 124 87 33 22 188 310 175 268 178 197 207 123 322 112 177 321 280 58 160 329 46 237 326 124 23 265 84 58 159 157 213 55 37 282 170 280 21 221 65 6 29 224 282 302 126 19 176 319 304 308 172 204 6 92 311 277 207 257 277 266 82 245 228 327 186 311 89 20 143 290 106 156 188 211 191 261 27 334 58 334 64 57 106 177 294 73 297 136 281 115 34 30 302 262 72 222 81 237 211 198 234 154 84 91 187 282 190 132 62 266 234 87 162 283 8 300 109 62 261 4 192 295 290 153 131 198 67 196 23 192 116 100 335 236 229 18 171 150 279 287 230 162 6 80 101 9 285 4 233 246 130 245 13 266 237 89 339 326 177 7 20 18 160 310 40 151 265 81 250 219 127 305 252 289 149 5 310 95 316 329 322 278 165 188 99 82 66 34 2 163 244 236 101 129 214 112 301 182 137 78 81 154 84 300 53 307 48 270 175 161 335 161 3 155 69 197 36 159 257 256 197 266 11 204 78 143 99 326 194 131 258 264 128 23 54 282 132 129 141 100 89 298 317 81 161 105 303 109 284 18 79 13 124 65 243 219 33 52 76 141 112 246 261 45 8 33 30 43 4 217 267 142 132 119 231 3 219 230 68 134 115 214 65 258 340 234 303 254 46 304 243 336 70 29 306 232 154 282 96 232 18 118 219 273 18 239 334 111 245 261 79 272 205 50 151 47 50 35 190 263 91 189 188 337 296 264 212 84
149 243 98 109 205 306 195 72 101 232 56 241 101 92 252 120 149 233 171 178 101 5 156 134 243 126 269 98 135 167 279 210 217 69 266 292 136 6 17 153 105 46 182 322 43 73 173 23 178 167 146 196 200 332 209 281 83 309 302 235 42 19 63 15 3 175 16 316 255 24 76 11 292 117 291 307 167 115 162 315 297 323 251 140 102 22 280 17 11 251 99 289 240 9 144 166 121 207 234 182 19 117 226 122 43 59 261 119 230 229 136 199 204 38 130 30 252 99 148 225 17 40 311 86 213 143 162 6 29 30 320 245 233 110 134 295 51 259 238 231 264 239 22 117 292 309 18 298 150 224 157 147 69 234 183 115 171 92 179 280 284 304 247 17 142 7 60 185 199 240 100 259 300 174 301 251 165 147 298 237 1 308 127 46 282 133 95 227 287 56 248 144 107 169 228 249 279 263 10 126 109 246 299 317 274 189 143 185 71 32 49 212 4 248 10 14 262 331 281 54 80 86 315 11 281 203 313 171 200 308 3 206 330 58 320 212 40 77 69 30 160 192 38 170 22 123 77 223 21 99 314 334 117 340 193 164 327 155 162 289 29 227 2 3 54 306 196 182 98 75 338 30 299 261 254 338 306 78 23 44 232 315 226 119 340 188 294 46 301 223 226 263 248 270 111 171 335 300 318 180 178 117 63 42 63 164 15 330 17 182 157 75 228 275 22 50 5 338 290 251 12 227 140 176 333 50 89 135 301 197 173 277 168 31 332 121 324 250 90 93
228 109 281 74 109 153 292 203 48 283 182 297 290 325 105 20 64 111 35 64 312 33 305 37 216 116 63 251 30 28 193 246 286 138 243 178 67 176 317 252 8 190 61 72 136 44 110 129 112 117 325 122 41 218 121 69 284 133 63 157 114 281 68 290 311 294 183 165 106 121 203 176 22 194 274 143 72 221 145 304 58 120 198 105 276 286 219 54 219 135 116 266 115 165 6 119 220 245 121 66 100 240 4 211 91 205 91 285 317 92 162 134 235 10 14 334 242 79 133 48 155 250 115 317 293 14 294 339 79 176 335 76 62 224 224 132 257 320 188 132 88 71 247 143 194 79 113 238 103 125 80 283 268 165 171 91 186 305 178 26 21 325 239 327 252 135 85 152 80 124 261 71 25 176 54 271 285 330 86 89 263 204 123 260 268 175 221 339 326 191 111 41 317 324 302 99 58 18 60 281 267 273 319 146 254 42 11 280 178 262 61 3 254 92 5 61 319 122 244 20 113 38 262 207 233 154 229 180 211 140 164 217 137 111 236 113 232 284 288 85 65 118 55 147 307 148 75 199 88 340 178 307 285 253 157 170 285 190 16 142 192 121 317 123 332 106 131 270 170 41 20 84 225 147 154 40 49 147 300 113 26 88 209 63 271 203 17 232 162 251 151 118 119 21 176 226 218 30 155 308 144 106 79 290 133 69 51 285 195 172 297 25 263 318 56 192 13 32 104 57 155 133 240 55 129 177 26 172 160 52 47 179 211 81 260 67 262 168 215 220
297 157 290 7 117 260 120 86 39 274 316 286 42 8 273 147 248 175 176 159 304 316 173 55 300 165 257 73 227 202 18 211 111 199 208 271 70 296 335 126 301 202 278 6 133 336 229 107 32 254 329 150 4 130 306 265 56 147 141 35 293 176 134 333 115 82 218 109 10 126 1 340 196 102 101 71 148 321 202 200 239 45 20 294 40 50 109 28 15 81 79 138 21 308 299 259 228 123 287 30 240 149 243 192 280 47 311 261 1 272 118 59 15 212 84 234 81 33 227 91 103 21 178 60 13 84 80 258 332 41 335 187 327 38 327 189 54 271 138 88 260 95 71 243 244 105 140 85 77 53 190 74 137 98 153 262 206 181 184 170 105 41 263 78 94 130 320 35 281 85 105 294 237 228 240 77 100 76 328 303 5 165 309 155 150 133 163 235 310 121 96 302 252 225 316 138 16 136 187 335 91 182 194 331 140 202 17 301 311 20 48 325 54 224 34 96 331 204 283 154 124 307 179 27 228 51 67 176 12 244 212 277 99 258 168 153 340 4 194 313 285 317 66 172 7 173 201 144 46 42 267 212 264 70 174 68 183 283 287 214 128 195 301 122 69 42 260 126 39 298 71 204 300 187 275 177 171 317 205 279 120 209 202 92 280 74 168 278 130 244 77 52 89 98 6 226 267 283 330 183 211 37 49 152 48 211 18 117 221 302 82 40 333 206 320 325 143 153 49 220 120 201 190 327 63 246 127 317 306 114 240 326 317 208 33 129 233 256 89 4
311 104 91 149 217 76 201 202 42 8 36 262 29 158 37 36 236 332 314 135 194 92 19 72 315 94 39 264 208 58 4 248 205 269 245 213 147 262 328 64 103 310 194 269 201 96 210 228 15 213 41 236 144 219 97 7 270 11 152 310 232 265 79 24 208 63 186 226 111 65 174 164 173 155 198 298 184 205 22 1 223 131 110 20 340 339 105 15 234 35 182 133 30 155 277 161 293 22 324 122 208 329 225 18 208 33 287 38 296 324 233 90 122 29 157 256 83 330 284 162 236 213 205 287 23 163 151 172 325 67 22 271 210 179 75 328 147 333 101 238 116 293 139 298 7 164 101 339 36 231 276 243 107 74 227 303 45 221 22 290 209 231 9 252 282 168 232 31 8 67 90 252 287 324 49 197 64 4 311 245 20 253 144 106 86 303 318 256 149 35 294 305 307 86 164 316 277 81 313 69 34 204 299 5 266 119 143 146 322 46 115 111 250 203 185 310 201 226 82 86 10 326 60 301 190 268 188 44 308 106 59 99 323 303 226 34 87 144 43 144 4 192 263 289 60 47 61 79 135 318 41 11 73 243 107 94 204 194 101 9 9 139 223 188 336 242 153 22 232 248 129 194 294 113 85 154 302 304 152 251 57 8 321 244 111 115 76 17 49 233 58 256 99 112 218 126 215 252 170 63 134 68 10 186 75 30 94 223 111 74 323 335 234 116 331 9 294 182 269 321 11 277 124 266 126 306 4 293 100 79 40 64 262 25 56 329 136 211 267 186
14 267 166 204 9 30 115 74 200 193 8 323 223 173 266 219 190 319 118 225 328 44 319 318 62 128 200 274 18 143 252 43 58 152 321 8 226 113 45 247 256 26 141 288 129 49 87 105 185 59 313 27 262 219 104 246 86 263 209 8 93 160 255 307 116 178 88 40 258 152 141 28 239 205 60 24 128 297 245 205 34 256 165 281 146 6 209 144 204 300 118 94 141 131 335 195 340 255 190 260 162 33 124 329 73 120 195 180 127 36 101 87 282 88 6 121 133 18 40 288 9 260 305 118 292 210 307 111 105 247 270 104 231 155 146 199 95 251 304 169 139 107 263 141 299 157 119 109 256 244 269 135 298 105 249 279 43 185 113 44 168 97 93 312 19 145 210 328 72 177 70 46 100 235 293 236 44 152 28 116 253 298 212 2 263 29 336 55 117 165 234 221 91 141 292 338 229 37 67 286 311 236 336 40 224 111 268 127 151 230 37 34 80 231 173 317 251 1 271 195 171 66 134 222 132 239 157 218 103 60 129 333 55 310 336 18 8 96 311 156 69 134 266 20 313 250 240 302 283 290 284 16 4 142 165 17 141 132 85 73 263 250 108 80 99 120 72 224 190 80 291 182 304 109 12 244 333 217 144 118 72 15 4 216 140 276 287 64 288 120 2 20 138 279 67 177 44 59 159 102 336 305 187 165 86 195 15 45 79 149 245 277 63 267 216 171 118 21 26 23 315 157 39 9 136 259 9 316 258 54 11 218 111 330 8 223 42 329 260 293
80 133 67 300 117 149 167 324 225 215 108 156 86 223 155 241 294 97 89 250 103 259 96 157 89 117 210 207 278 322 262 278 340 61 132 58 237 288 38 11 253 30 118 240 143 234 230 78 146 299 188 87 269 156 110 108 156 40 81 317 302 8 170 126 127 15 185 33 281 45 310 51 94 40 135 232 32 202 99 168 89 280 321 6 157 35 167 149 323 300 227 228 181 331 138 289 277 101 228 291 161 170 161 98 264 103 159 265 150 22 51 160 88 150 199 213 209 44 263 214 151 147 212 54 188 239 11 9 113 114 11 267 128 113 17 157 241 265 336 199 151 77 21 47 247 35 271 115 174 96 18 286 266 194 330 279 329 214 42 221 97 155 126 130 94 56 176 100 248 68 283 148 98 291 3 31 14 99 70 36 46 248 11 24 325 230 39 141 134 26 54 2 220 121 255 172 331 52 83 129 40 152 35 149 278 290 227 45 90 197 246 74 237 148 25 285 246 139 42 197 136 155 282 286 200 60 200 196 127 10 112 256 334 195 171 331 103 186 54 243 156 62 180 17 296 55 263 70 154 2 209 196 136 292 16 137 211 137 181 70 54 4 33 169 110 99 17 34 316 207 39 263 184 278 308 303 282 35 180 114 239 56 186 295 55 121 175 252 144 13 23 68 246 141 1 116 104 267 331 262 222 58 175 53 316 6 99 204 147 27 110 318 316 105 53 194 2 312 234 235 171 86 282 9 13 53 223 143 168 217 54 15 293 289 286 280 240 8 111 145
115 133 113 47 238 143 56 260 231 243 337 82 264 177 52 322 34 290 174 144 121 110 84 7 263 127 204 189 330 149 60 14 236 65 127 47 217 170 335 246 75 248 148 83 291 321 180 184 328 73 171 248 329 207 50 237 17 97 110 106 256 33 12 38 246 322 207 110 212 228 205 317 146 306 250 14 165 58 294 97 10 191 69 285 90 50 164 141 242 56 43 328 192 197 251 158 119 136 272 115 230 291 171 214 29 268 330 260 3 151 320 89 92 4 232 238 10 295 90 192 198 24 279 336 286 105 49 305 261 89 191 36 53 56 311 318 167 125 17 52 186 299 86 298 151 157 290 244 174 262 66 69 213 178 299 126 295 17 15 146 8 153 234 135 146 51 149 27 312 179 197 57 314 150 299 174 141 72 56 329 19 2 305 4 223 45 112 326 66 283 162 273 64 193 334 62 79 260 9 34 319 303 282 296 142 265 324 33 317 231 145 134 170 179 135 268 211 223 197 122 210 288 169 117 56 307 81 35 182 260 285 211 181 301 40 69 2 94 17 179 183 277 310 259 60 304 284 153 180 35 189 266 278 144 76 161 145 58 198 321 191 58 231 108 21 35 48 4 126 232 67 182 219 198 102 26 40 55 50 194 272 122 76 69 76 325 82 73 275 266 172 120 22 44 16 217 297 152 305 132 117 201 58 240 4 241 178 236 117 203 257 150 310 167 172 140 278 304 184 48 167 267 8 178 144 104 145 245 113 163 303 204 202 108 70 135 181 318 6 96
162 200 278 230 308 250 68 196 152 172 30 239 127 197 5 216 95 268 323 49 152 148 67 26 163 206 78 283 318 277 221 15 115 205 268 24 105 311 214 138 30 299 297 137 264 196 205 46 275 290 17 184 136 334 252 92 32 73 286 180 109 288 218 296 221 43 40 244 195 317 139 32 295 156 160 82 25 161 210 66 218 132 25 258 317 265 11 198 316 4 240 148 73 269 251 97 253 36 108 205 193 299 21 105 83 26 100 14 112 175 241 111 65 157 164 2 105 247 205 160 271 219 219 73 322 268 64 216 173 309 213 57 326 317 77 234 55 300 340 91 311 251 128 309 70 85 149 300 269 141 192 95 167 328 113 262 202 337 48 129 340 222 274 11 161 88 103 33 331 300 149 192 161 251 130 43 296 10 129 155 307 186 71 300 210 186 187 132 318 55 254 63 286 32 119 123 287 107 311 237 216 337 58 275 177 241 72 138 28 2 14 97 7 118 127 186 89 281 110 316 140 166 142 108 339 209 44 44 199 107 203 115 49 248 127 144 201 307 102 68 239 295 104 129 35 25 6 144 136 169 71 108 36 295 137 281 144 193 186 140 123 28 292 168 50 170 337 94 93 293 215 41 25 319 274 14 31 148 177 123 220 270 97 136 101 245 309 40 185 178 13 216 57 209 259 96 214 79 47 145 267 281 73 189 283 320 223 44 106 54 247 234 215 93 290 9 269 99 85 57 11 275 337 328 56 308 69 214 297 137 267 39 237 38 285 302 124 282 246 261
163 220 287 321 265 100 291 204 41 201 325 112 210 289 237 313 291 84 101 268 175 68 127 14 30 179 298 62 10 283 324 7 182 235 72 307 323 215 201 339 38 53 288 84 321 269 34 301 224 114 314 139 4 201 231 230 317 62 112 188 216 145 31 298 318 243 42 49 87 94 12 179 103 83 223 202 58 173 147 135 209 72 268 224 240 91 69 250 36 1 233 129 169 113 229 224 313 189 137 336 25 170 17 133 209 72 6 264 244 30 191 98 32 173 138 117 212 46 215 46 106 133 184 7 242 96 288 324 83 41 33 288 79 19 178 9 118 7 155 129 183 248 320 230 218 142 27 123 312 126 192 97 197 176 5 86 179 95 150 101 176 133 336 321 258 176 214 19 148 167 80 300 261 288 336 131 146 208 268 45 327 224 83 323 100 209 64 205 128 79 169 50 157 325 36 283 87 10 65 144 26 332 94 249 110 206 47 309 274 280 311 331 100 87 185 179 73 36 230 323 264 9 158 189 250 171 297 283 294 302 294 152 91 219 159 76 34 178 238 272 26 202 8 90 249 142 136 255 258 13 67 106 254 244 109 150 176 255 237 165 146 285 157 138 284 235 309 78 273 330 75 82 58 98 84 215 67 191 311 128 51 40 251 35 95 337 53 88 95 154 340 197 2 149 168 277 10 179 220 175 176 129 268 242 5 254 316 226 282 119 62 271 42 97 15 223 119 171 118 260 29 166 185 258 171 193 266 209 316 336 183 91 294 78 134 322 225 102 265 16
173 232 45 132 322 286 64 123 8 118 235 215 305 264 125 155 306 293 136 19 220 231 209 208 17 51 324 9 274 296 198 236 105 135 145 207 242 135 94 94 5 246 11 25 156 8 220 300 217 259 3 181 120 290 301 220 205 293 197 212 331 81 155 300 223 306 173 116 277 31 180 337 298 203 254 12 183 188 48 320 75 10 316 315 252 298 70 270 235 261 251 156 232 234 120 73 250 164 73 293 266 321 316 9 262 234 102 169 296 287 126 290 85 198 111 161 67 183 313 9 179 170 304 270 73 256 86 95 167 300 143 57 143 61 199 166 181 299 172 314 53 80 241 297 160 183 10 110 218 159 246 105 151 99 7 114 254 25 97 125 174 67 50 320 176 261 185 211 193 135 41 327 257 236 246 255 204 314 277 98 290 169 291 281 292 243 225 59 186 166 337 8 99 184 7 131 96 94 239 120 296 338 149 90 138 70 265 19 16 283 167 160 174 325 196 133 328 327 288 143 340 191 3 73 249 272 21 13 144 30 222 132 35 122 192 223 272 293 132 47 263 139 236 71 135 254 294 270 177 289 3 182 85 253 133 228 54 152 208 23 254 294 79 164 335 120 140 113 4 181 251 252 78 32 11 132 281 19 117 136 213 106 33 336 294 199 150 8 288 229 49 56 338 15 60 178 275 71 172 281 47 103 158 188 148 304 7 29 62 20 318 211 13 150 308 178 161 41 320 200 336 182 238 275 142 46 178 305 174 259 87 16 289 187 28 156 166 161 249 267
326 42 123 149 183 40 86 166 52 246 236 149 325 227 26 7 107 216 226 218 54 225 138 47 218 106 284 332 240 85 195 127 240 118 122 138 247 299 74 255 85 331 13 158 103 116 253 194 42 133 72 88 181 195 257 217 7 257 41 324 340 161 202 296 41 61 327 268 260 246 123 69 314 105 255 238 278 64 70 251 176 26 137 92 261 259 232 222 19 45 133 283 339 220 153 220 124 42 294 26 122 227 116 85 281 47 76 249 271 286 226 57 72 311 135 131 86 272 308 38 99 2 311 108 142 136 120 49 187 92 164 104 283 13 75 193 5 252 11 180 298 9 137 69 132 265 290 318 178 184 5 323 252 176 85 151 7 13 77 94 229 306 218 10 103 122 158 215 202 24 281 237 233 47 239 134 229 188 12 139 257 325 226 292 213 108 324 238 102 249 129 186 212 195 309 237 149 277 146 172 166 287 170 306 221 77 78 74 77 224 40 214 266 120 135 317 303 9 178 206 150 251 9 196 202 130 130 221 16 55 239 163 241 156 301 142 246 198 213 122 215 100 291 290 285 316 266 126 231 99 273 311 4 298 37 295 180 65 202 74 43 302 7 226 302 114 337 207 31 94 182 38 29 140 86 79 123 326 289 338 155 293 265 270 313 265 161 25 212 160 195 12 65 6 302 317 156 238 25 201 255 221 176 226 106 279 340 164 285 281 22 298 250 171 284 241 131 199 227 138 127 94 222 243 199 147 143 339 123 188 35 180 272 301 53 106 305 304 336 104
142 32 122 20 53 202 11 229 155 52 35 86 147 22 200 238 284 190 332 189 310 204 112 245 158 127 34 24 287 23 172 185 193 165 293 234 28 216 208 336 231 337 152 141 336 321 5 295 270 92 241 84 273 26 2 87 155 178 247 153 323 255 43 130 224 253 232 50 289 77 96 258 337 200 107 269 318 323 170 66 14 319 284 308 314 194 234 40 198 281 4 54 261 119 100 305 15 74 330 103 41 289 247 220 305 54 280 133 216 142 278 159 253 306 157 285 43 129 227 315 201 252 150 337 196 158 87 132 12 162 122 321 34 288 153 7 73 113 46 171 209 180 319 96 311 217 311 218 211 303 34 216 261 340 181 48 259 14 54 114 307 246 8 251 292 57 219 121 170 229 334 200 44 79 310 23 226 292 253 201 189 120 126 245 191 47 172 239 26 158 86 38 333 169 7 224 203 339 56 169 165 306 93 338 117 336 168 142 294 83 328 114 251 206 146 154 81 206 100 325 4 326 225 92 109 293 1 126 123 125 235 297 162 296 339 231 98 230 279 274 338 103 330 66 186 64 133 153 308 225 116 21 173 14 314 196 78 258 72 281 181 59 25 138 225 45 201 244 56 165 48 261 134 311 203 22 287 290 164 306 166 111 153 217 168 321 117 299 289 67 77 272 28 87 38 308 4 198 238 250 84 319 257 295 234 137 328 56 287 84 61 247 55 42 210 14 196 180 88 307 324 173 227 142 234 41 105 42 45 184 271 189 88 329 154 105 337 248 92 91
155 210 266 213 93 206 158 159 243 179 313 295 88 323 120 24 32 94 95 177 226 149 221 235 176 300 119 275 24 114 234 106 267 268 197 190 1 74 19 294 117 93 327 127 198 105 12 153 281 332 243 298 13 156 192 91 184 81 138 38 25 156 141 22 89 293 237 258 18 14 337 62 54 134 44 160 147 148 189 55 294 144 304 190 243 256 163 206 160 239 266 287 228 51 287 119 66 97 237 225 228 296 220 62 134 274 63 332 338 76 74 152 188 325 105 212 270 304 51 213 151 206 333 203 146 150 147 317 93 274 60 270 238 101 48 334 9 90 302 337 264 256 26 320 19 59 250 286 70 151 287 317 184 163 192 252 82 319 42 218 31 330 287 72 150 54 120 23 65 307 193 127 276 34 233 316 23 29 250 266 72 275 272 127 36 34 21 226 153 289 250 138 75 136 225 4 141 293 256 88 66 340 104 6 295 61 66 62 131 281 289 154 240 122 95 62 104 305 25 204 310 214 191 279 65 209 34 226 96 158 59 314 208 127 126 251 117 241 43 73 179 166 337 223 88 120 297 24 91 113 170 125 128 120 304 326 310 18 121 16 68 18 169 182 58 60 145 309 93 279 317 132 136 284 92 261 318 260 189 293 244 205 166 84 210 295 171 153 159 153 113 185 59 68 87 200 10 55 231 87 155 156 166 272 211 324 88 150 55 48 47 100 268 72 220 297 55 35 83 158 197 265 263 321 226 318 285 62 81 109 322 127 5 285 135 97 278 311 131 195
300 13 122 308 147 339 332 32 321 283 74 270 305 36 119 190 181 80 62 247 237 4 19 6 89 9 314 214 90 133 110 87 36 283 271 75 61 75 12 335 174 49 3 90 53 249 15 149 102 210 115 235 304 269 86 18 15 62 156 179 330 203 56 170 266 67 85 184 121 285 304 81 320 154 88 65 305 83 107 310 158 184 78 216 110 329 250 247 333 222 155 60 122 261 69 191 53 231 212 179 272 7 85 66 285 190 82 235 166 169 242 333 222 28 313 335 223 263 234 324 301 28 207 238 196 324 150 115 333 187 96 210 257 264 142 20 308 216 1 43 192 126 176 25 254 74 221 10 269 261 171 274 138 128 172 101 220 272 154 13 286 6 177 190 240 339 200 31 315 233 223 156 100 22 52 171 102 103 93 27 214 137 295 294 179 127 322 112 82 273 310 33 111 133 50 113 325 54 242 36 148 255 245 291 67 17 317 40 12 294 280 290 107 127 182 41 6 176 143 333 190 151 240 51 277 229 266 270 167 179 170 264 197 130 173 220 229 161 335 198 198 32 197 329 32 263 311 304 84 3 281 32 261 88 110 7 12 125 232 202 126 18 204 99 215 237 137 124 116 202 139 49 62 307 88 192 27 95 118 156 123 278 262 331 245 285 28 31 92 334 59 6 256 291 294 252 100 250 187 203 287 195 289 177 262 109 192 291 203 70 108 311 276 301 11 42 147 64 21 37 131 167 33 62 12 4 168 97 303 199 210 79 323 279 276 176 121 235 272 141
278 219 132 38 14 136 159 252 260 178 236 227 302 268 156 275 179 220 51 9 289 16 221 191 8 156 214 289 56 25 333 41 94 40 292 332 147 155 309 100 211 219 105 154 299 100 183 245 249 148 278 146 251 115 183 312 86 237 336 10 226 127 107 238 8 287 65 14 38 46 147 324 152 164 11 301 263 261 57 109 96 257 137 232 289 311 81 26 123 293 2 44 285 211 121 254 170 336 292 293 195 98 306 329 88 198 232 128 22 287 50 130 132 4 132 115 257 107 86 304 189 39 71 303 314 34 145 77 339 18 92 41 173 96 2 214 228 308 37 122 14 311 337 290 159 28 336 255 119 76 175 60 177 215 58 324 275 30 4 325 330 62 62 95 118 247 328 269 340 327 93 245 319 140 96 279 119 88 216 299 130 285 218 15 81 75 79 44 74 248 39 182 282 175 176 53 56 199 129 183 153 288 125 95 299 45 11 21 135 231 303 24 168 264 221 246 190 316 303 284 169 195 86 135 62 49 251 326 39 219 127 48 238 220 184 255 240 143 332 118 287 36 266 8 196 156 52 177 21 206 45 195 14 239 81 193 270 93 75 47 69 84 15 289 176 203 142 133 281 238 203 38 252 213 45 73 21 94 340 9 79 151 257 176 48 145 13 84 196 263 302 83 223 319 112 249 19 27 95 251 206 279 51 46 35 163 141 322 278 26 21 235 254 325 12 203 264 313 285 316 267 75 79 300 20 324 253 150 88 68 294 86 60 197 167 80 130 230 251 277
269 223 144 72 313 240 122 194 312 129 96 22 191 59 325 322 302 164 220 99 323 335 295 100 183 231 133 216 35 170 60 257 222 238 298 285 238 193 152 208 336 322 32 272 307 156 228 322 199 136 79 76 178 141 310 51 157 295 133 228 35 323 53 74 160 130 54 284 55 153 37 204 41 269 147 12 87 235 131 322 85 128 225 122 297 271 275 326 323 93 267 272 240 185 13 125 123 55 216 173 38 104 188 177 65 69 120 306 266 256 227 180 17 311 20 193 323 340 80 287 33 309 333 130 255 277 130 177 12 298 340 201 292 96 118 14 231 27 28 316 233 255 43 68 28 146 73 12 24 326 261 26 148 78 235 273 193 281 268 26 138 228 1 131 186 185 312 138 160 133 24 243 128 31 251 299 43 169 194 140 149 234 278 209 196 198 167 118 337 172 55 39 187 59 87 62 154 205 207 139 190 307 164 219 145 13 57 278 264 181 165 225 189 93 201 261 17 25 30 155 82 60 200 49 78 249 305 274 156 126 9 69 158 189 234 68 220 290 74 306 18 311 103 228 299 121 125 168 119 23 253 178 208 111 2 78 77 157 138 183 320 290 283 130 41 244 337 283 292 87 157 55 159 149 326 114 257 180 74 38 94 39 5 280 116 214 84 266 147 40 121 60 260 57 96 70 136 30 72 329 52 194 227 130 36 91 203 134 215 149 161 88 130 196 95 23 273 251 72 288 3 186 18 222 334 301 2 194 84 169 124 124 271 306 302 229 338 46 128 222
205 64 19 328 260 200 216 172 163 185 160 275 106 83 94 279 36 120 334 289 127 329 337 175 261 9 258 45 148 66 324 77 223 202 198 156 320 58 192 47 183 6 208 46 281 300 256 114 74 111 234 31 47 103 290 58 146 266 120 194 48 191 199 151 243 179 139 221 300 230 38 214 49 226 83 7 244 144 186 126 309 145 240 233 56 281 176 211 89 10 262 282 179 146 229 266 146 322 112 187 220 283 236 38 48 299 255 255 285 283 4 144 39 206 12 307 166 64 227 37 318 179 280 38 1 40 251 172 124 117 334 258 228 219 266 299 234 276 236 251 81 25 202 307 244 56 14 334 323 161 281 10 161 149 116 154 301 177 291 270 171 93 35 37 99 184 151 132 196 229 319 232 309 174 178 70 281 279 290 316 235 337 52 16 324 120 200 158 57 184 188 223 30 215 331 294 295 259 251 142 251 286 286 95 277 250 172 146 136 193 23 200 327 290 292 328 165 82 304 197 87 215 174 75 191 178 258 63 72 6 105 162 8 225 337 311 182 261 14 205 49 53 135 239 242 274 83 174 27 28 145 100 128 298 239 329 151 29 221 301 159 207 39 117 212 209 12 310 99 26 302 330 106 37 290 224 174 53 137 230 50 162 17 294 114 37 241 215 269 305 297 71 251 225 193 187 192 281 297 40 57 145 169 209 240 232 165 247 31 61 280 259 21 212 322 185 46 328 274 254 283 39 238 255 172 320 166 59 128 223 55 21 209 157 182 28 200 260 285 229
190 339 305 121 266 319 282 93 245 299 262 128 15 165 162 73 49 66 40 107 65 162 242 326 261 123 299 45 123 106 219 120 114 220 233 57 88 50 239 281 71 48 45 312 66 85 232 10 6 249 209 195 66 184 241 49 65 174 284 340 193 112 65 316 267 215 228 100 118 301 95 161 104 202 204 177 175 125 323 271 142 58 126 255 195 286 340 263 265 202 50 144 337 215 293 165 136 256 111 304 270 127 202 195 279 85 38 84 13 20 322 217 147 129 323 129 206 124 4 43 149 92 99 224 256 200 313 280 90 142 47 84 82 268 125 96 232 283 314 138 143 240 58 128 52 165 328 102 308 58 308 155 94 207 324 114 181 147 320 32 195 189 273 228 262 255 143 84 41 142 238 16 182 163 88 29 198 23 114 47 44 323 285 131 229 205 3 176 82 203 268 121 105 94 339 209 232 157 263 26 271 163 183 151 110 41 92 257 96 238 297 142 204 121 70 95 133 93 329 253 258 135 26 22 228 277 126 225 334 200 162 128 211 285 116 301 280 73 73 272 76 143 258 91 140 150 303 271 294 10 330 245 317 306 142 310 19 276 303 278 75 122 3 268 96 198 181 97 293 202 242 184 339 243 321 168 67 266 298 89 52 144 51 339 214 221 150 168 55 82 40 74 116 269 138 255 86 17 141 295 187 178 277 27 160 318 275 87 137 278 121 19 236 264 82 66 127 28 39 313 271 219 176 299 166 253 6 156 213 62 109 53 274 127 105 4 18 272 81 312
23 106 321 70 296 37 156 255 253 143 73 189 14 107 151 16 31 239 108 68 261 179 253 28 164 241 239 322 281 53 193 23 118 297 173 39 304 258 176 77 63 61 27 179 182 214 291 246 22 146 292 293 310 167 229 196 113 257 67 338 55 201 239 256 287 165 190 122 135 249 84 34 5 123 14 303 128 84 156 127 52 192 45 31 209 276 67 195 212 94 54 42 336 99 293 148 49 209 131 37 191 311 133 134 299 32 17 236 90 226 330 63 207 150 315 16 163 153 5 99 61 232 209 340 304 40 286 84 85 164 78 101 154 287 304 25 248 204 177 321 326 249 141 336 20 33 245 149 37 134 174 8 247 225 30 198 105 54 336 91 243 313 262 110 43 293 336 339 28 186 318 203 25 310 51 255 121 122 46 97 304 141 85 129 92 235 46 339 133 194 300 60 256 299 280 34 266 95 78 17 66 143 168 313 281 332 303 301 78 110 141 273 135 269 6 138 88 40 204 217 42 78 136 60 331 110 123 260 171 64 195 164 143 208 22 301 283 275 203 296 37 312 122 114 90 1 173 100 169 115 158 246 245 34 174 65 319 102 176 240 11 263 208 76 259 38 4 33 87 157 23 321 1 303 155 141 217 204 62 186 44 63 101 321 318 340 92 14 68 138 34 300 251 235 228 210 123 283 295 196 67 183 173 324 133 93 15 201 191 117 129 273 310 50 321 79 42 218 220 89 78 203 74 141 169 83 334 308 139 26 304 330 109 23 143 206 77 226 197 81
77 334 60 135 95 119 166 279 214 94 265 69 63 217 331 165 197 10 332 274 9 114 25 67 336 25 211 35 143 162 206 325 77 34 133 211 129 221 301 98 133 131 142 319 307 78 257 76 331 145 64 284 319 193 87 22 126 22 116 267 153 151 127 25 83 100 17 52 10 289 72 44 283 37 165 301 30 301 295 266 14 46 329 6 281 331 234 90 251 56 105 141 92 33 101 263 62 260 249 124 5 199 271 50 47 340 31 223 268 40 129 96 118 131 256 204 210 46 17 77 23 53 204 278 100 125 105 65 23 207 143 299 208 200 216 17 38 206 62 174 14 77 17 233 113 128 88 331 16 47 231 114 100 222 197 142 147 8 226 211 31 277 64 245 238 233 259 42 158 283 338 72 169 287 285 335 113 209 89 280 85 285 10 154 311 153 246 75 249 239 64 46 278 221 72 182 271 37 338 122 205 70 74 146 321 331 85 37 79 233 298 217 6 87 32 250 54 274 85 175 7 55 243 84 297 289 150 104 5 84 60 95 2 316 183 142 254 125 234 183 1 160 113 270 81 320 93 172 128 228 266 179 338 113 268 31 329 296 136 296 60 9 134 178 307 238 105 330 61 31 75 303 242 42 146 176 260 319 247 314 77 149 96 215 68 215 30 53 246 53 22 28 197 91 295 174 57 330 45 200 273 212 64 338 22 106 245 250 73 340 149 173 253 300 254 314 88 167 329 248 211 121 286 212 253 1 84 55 231 122 180 26 245 230 154 96 241 5 217 228
162 212 189 114 51 207 336 38 260 132 201 215 224 218 21 103 284 53 159 57 65 242 185 227 87 101 284 152 270 280 276 11 64 207 228 192 184 327 276 299 331 10 78 279 291 39 310 190 292 289 326 288 255 17 168 250 154 10 116 117 326 302 119 65 232 102 101 148 61 240 23 45 249 288 94 55 317 259 253 275 200 282 39 271 108 13 20 248 77 91 9 320 8 52 125 160 180 276 256 135 275 179 45 164 206 238 100 137 276 195 309 1 289 5 135 186 155 30 83 339 122 269 288 46 5 31 304 147 256 289 333 250 284 33 156 104 312 181 133 109 152 36 277 194 338 171 238 185 33 154 197 227 106 149 109 112 25 79 23 68 24 202 318 305 204 261 300 157 9 194 278 222 65 150 16 92 275 337 86 7 70 168 107 263 38 53 55 3 17 165 137 206 64 73 66 153 197 212 325 114 3 165 187 194 271 87 49 299 88 72 167 23 28 43 197 89 206 171 258 206 26 58 59 311 142 32 90 180 140 211 94 127 48 257 236 9 11 86 216 250 289 37 323 182 236 335 279 20 57 258 257 210 8 276 287 251 170 260 191 207 87 32 136 173 164 135 330 79 115 208 89 139 52 59 46 134 222 199 135 232 114 83 4 236 191 240 4 153 229 131 242 291 9 41 319 22 86 253 233 34 220 109 115 310 336 87 147 318 84 316 105 52 309 246 289 106 135 256 110 237 68 272 213 262 186 165 21 166 71 105 301 189 122 50 126 253 37 176 250 17
7 53 20 242 187 31 277 120 293 218 50 157 26 6 243 116 192 333 165 266 39 140 194 197 165 219 200 214 222 146 86 288 132 93 102 110 215 302 262 255 246 256 208 214 313 160 151 119 256 309 189 49 140 136 200 120 49 221 115 263 55 255 17 5 73 96 96 148 190 148 47 99 38 276 319 154 219 190 256 116 308 331 124 292 11 212 252 158 329 166 97 275 122 165 78 93 58 12 201 202 280 96 87 255 138 317 3 155 93 192 103 283 101 116 211 166 15 338 68 240 292 163 259 261 280 297 61 58 300 325 49 222 14 174 122 325 178 208 44 39 133 93 14 137 66 269 24 94 72 218 135 107 116 117 199 123 215 144 272 49 181 156 68 100 262 104 281 294 119 169 197 266 183 109 90 20 329 46 266 54 141 42 162 100 279 261 338 109 163 225 106 135 163 243 260 238 150 163 239 209 328 197 306 207 16 335 128 262 313 22 140 132 134 234 248 100 228 126 1 323 315 131 203 310 98 63 261 299 230 50 219 237 51 298 159 319 8 123 280 135 239 148 168 148 330 146 203 33 48 326 16 85 268 269 189 57 330 247 235 89 82 260 27 302 85 176 327 51 219 317 118 212 7 201 167 33 166 28 104 130 175 239 107 186 48 237 338 27 263 175 172 224 317 137 55 316 93 141 144 329 84 43 81 156 276 29 77 160 263 193 94 242 290 287 203 177 319 252 37 102 211 282 193 211 189 296 198 126 298 137 252 114 72 22 197 226 13 93 287 19
206 21 117 327 20 274 236 332 34 11 48 304 113 196 224 302 168 196 38 68 37 4 142 193 224 98 9 145 64 293 245 90 312 236 20 156 269 328 294 326 120 313 36 281 158 29 190 300 16 151 294 198 337 271 280 113 59 224 293 222 17 116 328 56 55 60 158 64 47 26 297 113 222 339 106 270 67 208 54 281 122 270 43 97 2 26 308 236 64 253 1 133 162 132 104 189 173 40 336 5 153 247 85 108 181 276 261 26 79 218 320 37 234 271 189 22 223 101 287 168 164 124 339 230 1 217 73 152 79 175 17 158 3 55 257 237 181 263 24 134 302 163 270 168 99 131 69 151 316 254 74 225 111 116 331 2 16 2 321 302 96 76 313 305 77 275 19 156 292 173 62 129 256 60 6 85 305 250 201 196 254 92 102 130 6 310 74 13 157 294 54 316 40 50 127 3 202 156 253 197 33 285 271 306 193 289 339 251 175 323 112 10 317 340 246 320 55 100 181 59 281 188 179 173 323 159 258 71 57 13 10 136 221 16 268 237 11 223 219 49 222 152 143 242 334 296 173 224 294 278 310 12 200 89 2 62 200 15 60 64 72 208 195 53 340 308 297 321 305 267 222 284 96 173 187 297 247 250 86 187 200 251 63 40 195 306 329 321 35 319 132 319 14 209 51 152 175 163 92 131 87 296 100 100 103 64 130 105 220 241 139 83 59 153 188 33 59 279 156 19 143 216 129 49 78 321 211 200 5 112 27 323 146 339 191 93 263 245 35 213
188 191 323 110 67 308 182 148 78 145 298 312 1 149 226 82 31 182 41 100 124 114 147 287 163 330 61 199 98 186 144 97 167 43 248 324 259 36 96 184 197 204 115 15 336 173 140 43 115 223 165 299 205 290 160 233 315 248 121 82 42 81 300 277 203 39 43 241 3 307 55 274 318 182 218 127 210 103 330 70 177 201 298 318 188 92 172 253 104 137 52 214 137 38 20 146 134 131 200 54 109 334 333 338 300 278 145 92 171 334 6 174 85 160 103 28 23 30 79 157 281 301 55 22 149 20 138 270 190 281 44 312 185 7 113 340 48 335 148 115 269 193 93 277 228 34 15 88 107 213 125 262 63 276 224 323 139 10 304 151 279 189 115 270 71 78 266 29 17 96 220 51 53 245 289 41 78 277 270 89 304 33 299 81 316 126 262 88 104 317 151 200 68 25 152 212 256 313 17 307 61 189 189 314 299 270 258 334 21 67 192 296 196 35 42 249 82 307 199 323 11 218 209 44 316 106 219 259 118 71 29 178 340 110 17 65 168 13 189 133 240 187 309 120 218 271 3 84 16 118 278 304 66 298 149 183 109 238 256 11 105 114 232 96 26 276 205 19 207 188 44 67 79 121 256 20 186 142 288 328 325 152 51 80 91 208 134 338 225 275 183 269 10 121 297 232 199 135 260 274 38 56 3 102 287 259 156 4 109 85 101 42 3 81 292 249 72 22 200 161 64 296 196 259 192 222 98 284 169 84 240 140 126 53 318 331 148 295 283 236
132 227 188 152 333 197 75 187 308 297 62 244 281 157 231 42 125 116 82 4 225 339 247 220 329 195 191 282 176 147 189 279 70 205 268 299 337 117 138 323 228 183 172 219 140 76 132 328 61 219 102 120 134 274 105 17 192 281 330 249 28 261 138 231 136 18 135 303 56 310 158 6 208 297 122 82 313 308 242 264 256 75 85 3 235 143 105 45 118 168 144 274 53 162 154 65 173 36 4 124 304 243 165 186 50 260 205 125 286 334 109 119 115 71 81 220 291 191 167 227 255 38 134 106 316 336 291 236 314 278 269 298 238 82 213 139 185 70 10 189 96 80 303 162 147 91 114 56 215 36 209 133 209 57 72 88 49 225 16 222 319 40 131 109 89 45 120 70 26 47 119 192 72 88 104 169 202 13 85 1 183 109 12 23 155 3 73 214 110 80 79 203 40 195 78 165 131 53 280 206 272 200 319 14 321 73 211 327 27 340 328 164 206 318 229 110 284 273 214 164 330 88 81 337 277 128 55 114 153 163 232 132 283 281 74 194 309 222 20 229 188 94 323 177 81 189 169 314 331 138 291 100 91 332 79 305 213 128 156 232 244 297 97 137 197 257 93 109 214 97 93 295 229 330 182 107 57 230 292 12 86 157 249 278 182 302 2 159 70 123 183 302 107 189 195 120 38 200 15 144 227 300 15 30 176 332 241 210 70 150 120 198 129 289 223 19 316 256 290 13 115 220 89 298 120 3 78 56 5 230 154 6 149 274 147 166 226 110 100 110
189 270 334 77 198 278 188 191 131 313 287 40 216 23 283 62 51 85 220 261 136 263 263 163 333 32 159 270 114 30 243 71 21 255 47 141 45 304 155 147 142 14 82 320 59 192 278 97 310 218 123 158 207 121 143 115 206 96 143 136 83 217 339 313 164 243 226 329 90 320 155 261 118 6 185 27 272 129 261 268 165 326 258 241 85 49 63 118 234 185 279 101 298 159 128 17 160 164 228 178 18 291 234 67 186 336 157 233 23 160 211 234 106 2 327 309 225 120 218 176 135 216 264 241 258 66 50 53 101 61 80 90 329 26 231 300 128 171 144 98 59 178 80 289 88 182 170 118 301 211 159 151 39 193 130 177 335 211 7 26 57 168 23 110 10 265 117 10 75 61 324 87 303 7 151 209 205 111 42 65 88 270 310 90 46 10 105 30 229 331 149 317 179 259 16 52 189 115 124 180 296 335 297 236 157 184 300 7 288 84 278 246 298 255 59 136 328 51 197 1 200 177 220 224 179 232 31 161 297 25 238 57 197 198 96 139 139 169 193 311 149 240 109 266 250 248 289 117 182 62 249 188 13 2 207 87 300 132 274 161 312 150 115 282 301 260 77 224 191 58 58 75 21 168 274 287 213 284 3 31 216 216 119 10 35 55 339 339 111 274 27 10 36 99 175 19 327 314 98 186 244 112 335 249 174 8 200 38 159 209 46 245 4 268 264 55 24 225 340 113 70 308 202 254 123 333 186 166 94 113 7 27 54 30 79 304 225 264 227 336
82 58 103 322 310 23 272 46 52 292 151 334 211 42 228 263 20 207 25 83 328 58 185 275 182 183 210 289 62 146 320 57 260 221 55 231 70 299 215 303 190 222 251 94 275 70 288 6 171 112 35 226 130 110 255 232 120 3 206 63 23 267 129 314 218 214 331 224 120 14 9 272 319 121 310 179 281 60 114 172 7 221 207 324 238 308 328 94 41 136 243 60 290 93 53 167 143 314 309 212 307 177 106 125 274 203 302 141 103 113 127 140 164 150 6 322 86 178 340 230 300 278 214 308 9 327 242 325 284 207 59 5 61 282 108 184 272 102 247 9 26 313 95 266 327 320 21 108 49 74 50 79 256 279 75 140 45 316 89 281 81 259 229 206 261 243 276 36 261 295 25 334 191 252 266 175 95 96 107 27 2 257 224 46 106 178 169 274 248 225 64 286 10 86 169 68 119 59 199 46 187 50 82 122 62 209 153 119 205 254 146 169 330 32 200 204 330 248 45 75 30 144 124 202 197 288 106 69 123 115 120 146 29 91 188 296 107 199 128 296 233 166 104 136 222 54 128 97 158 77 13 151 287 315 153 185 182 9 145 56 143 28 222 111 213 239 196 317 2 258 78 257 39 278 173 271 85 77 109 5 305 178 140 15 100 14 305 135 51 17 192 198 144 241 147 98 160 157 218 211 169 48 259 223 149 203 159 123 228 126 75 202 117 339 262 20 205 203 93 288 269 246 338 112 219 303 314 254 206 305 191 207 228 270 29 252 257 279 120 244
139 335 277 37 306 1 151 52 53 182 120 40 327 146 152 75 28 161 57 171 10 3 231 31 125 229 105 218 78 258 293 256 176 119 262 294 80 110 52 29 86 337 123 52 268 335 30 328 270 294 84 7 214 152 18 209 163 81 154 282 50 112 297 53 242 160 114 47 137 340 59 232 321 226 31 92 205 40 31 231 298 149 166 37 128 19 314 338 165 339 120 176 13 256 84 79 6 147 241 227 332 96 6 313 317 201 82 217 263 2 183 227 165 133 298 236 306 26 143 18 313 28 55 290 332 322 167 248 223 298 162 32 338 212 92 78 164 313 162 77 270 301 26 124 185 146 189 120 54 287 134 254 131 261 243 65 263 95 123 37 264 47 22 206 33 172 31 219 65 106 276 219 254 204 339 169 214 224 24 193 212 8 314 50 269 226 158 48 288 23 91 137 166 170 196 172 334 278 229 65 101 25 182 165 191 164 186 7 160 14 127 209 320 190 164 67 167 41 304 123 197 244 159 181 188 204 29 39 132 132 168 152 72 24 5 147 95 65 204 91 108 86 58 9 92 224 48 127 113 150 97 246 316 301 286 35 2 271 297 149 293 226 1 273 159 205 98 16 205 100 329 293 272 200 93 217 206 61 248 166 126 69 68 165 295 251 90 31 93 9 155 147 43 188 174 334 326 201 281 129 288 263 312 183 246 210 175 204 164 129 174 109 131 169 328 191 108 216 231 240 277 288 190 253 107 45 47 68 193 327 237 189 206 26 282 304 157 309 192 208
327 235 286 120 22 5 152 247 12 105 276 206 198 123 294 195 189 258 73 336 40 212 192 55 160 16 332 80 182 227 54 254 294 245 98 77 137 236 155 248 303 339 223 90 50 16 157 4 108 123 139 28 158 311 275 336 146 77 102 119 268 67 255 5 150 57 28 328 310 167 146 285 132 38 90 156 274 30 306 310 53 310 28 70 61 226 51 187 196 159 164 90 2 16 274 102 93 103 72 101 100 172 6 15 120 69 191 250 115 253 59 262 45 255 28 178 118 17 162 187 252 11 192 330 143 67 281 98 233 156 280 143 237 195 151 220 1 306 223 7 246 237 6 295 337 33 123 125 118 81 275 10 102 27 120 35 126 203 194 58 222 20 152 113 165 185 137 297 3 291 213 263 252 268 2 194 130 25 157 123 83 305 226 12 65 241 308 181 64 273 186 238 103 254 121 169 335 324 252 141 333 67 141 110 3 7 217 320 97 66 47 158 141 136 123 40 323 106 15 234 153 183 109 156 166 90 7 2 56 57 117 237 49 242 122 175 223 226 81 51 161 45 76 27 286 124 108 183 302 174 41 97 55 100 193 249 90 318 308 253 32 107 96 340 264 20 254 231 5 258 251 93 288 161 11 169 232 238 236 19 311 293 191 159 337 48 148 267 93 166 284 47 231 92 307 176 183 132 125 131 191 55 89 170 63 150 143 99 44 246 249 315 105 63 45 98 272 317 10 131 124 163 50 272 278 340 196 199 205 308 276 336 102 291 79 61 200 203 4 8
197 262 57 195 206 120 252 140 65 188 167 54 22 117 44 34 232 57 78 227 4 71 259 337 271 286 260 178 246 133 205 262 116 19 292 270 260 278 95 88 92 130 192 231 310 29 261 294 11 146 138 6 273 152 263 112 58 44 158 96 16 48 181 238 324 141 38 211 142 53 51 96 165 142 213 335 10 84 229 302 63 174 13 168 244 122 20 33 265 50 87 34 310 166 19 172 251 30 6 178 200 291 40 258 292 92 79 198 242 263 177 139 142 340 14 180 204 189 75 85 271 228 121 133 225 195 163 315 124 286 176 66 163 166 132 92 77 332 93 142 213 321 233 223 180 267 236 288 173 129 68 139 203 263 281 93 259 163 4 312 140 218 182 227 86 47 143 84 283 61 190 239 58 180 154 185 242 317 181 146 195 136 110 179 312 263 140 142 334 258 198 217 273 180 166 10 303 301 27 199 143 217 46 315 339 193 15 25 151 81 182 80 154 301 86 278 46 208 250 140 81 295 7 153 217 242 85 304 97 219 20 300 52 121 212 199 300 19 149 67 32 207 29 7 239 104 100 200 266 115 104 338 78 90 46 145 153 44 137 127 131 63 330 316 252 73 116 53 77 218 243 121 173 86 196 218 98 79 144 115 274 212 193 72 7 305 174 329 258 336 63 324 235 163 338 245 46 168 3 59 56 136 6 90 49 83 280 229 196 255 245 22 283 110 221 250 331 19 73 275 335 102 188 92 297 254 249 335 325 186 84 236 265 227 340 132 307 244 248 22
233 334 22 81 324 235 153 32 313 223 144 20 227 134 143 114 319 255 259 146 55 335 163 124 317 290 70 122 109 185 121 190 185 339 131 21 97 114 43 310 144 236 112 58 285 54 76 116 182 241 135 199 75 130 203 143 143 83 304 190 228 297 139 154 302 139 200 228 87 145 294 300 26 10 304 279 40 188 231 340 295 222 108 116 128 203 222 217 283 309 199 288 73 50 38 66 166 188 214 15 307 246 16 334 76 123 252 321 39 21 285 213 120 230 197 51 236 78 253 175 246 61 107 72 51 38 152 100 319 118 172 251 148 284 252 17 213 52 38 123 186 108 77 2 63 4 153 20 192 332 314 145 47 216 176 171 288 291 101 168 35 1 124 155 254 213 292 132 58 25 272 317 136 209 291 320 236 37 283 198 231 36 156 1 56 206 153 71 174 27 286 152 328 256 162 91 321 176 160 235 57 249 199 340 265 225 116 118 25 186 240 187 273 56 313 31 260 103 25 128 223 123 148 12 300 325 310 324 11 134 178 179 110 216 340 298 91 42 83 306 242 208 92 147 95 191 62 75 21 338 75 33 300 2 1 221 19 293 228 154 223 147 97 132 56 166 327 274 110 294 264 243 98 206 243 99 235 122 87 39 104 102 284 292 81 5 90 298 111 333 277 143 242 284 158 176 68 96 294 262 272 76 258 290 46 91 226 228 12 39 103 256 247 80 195 145 267 68 206 305 238 62 260 53 336 18 225 56 252 147 33 244 142 228 216 127 324 20 263 210
329 140 5 280 222 178 197 115 313 172 11 28 73 168 248 200 145 76 6 154 268 100 169 223 106 5 298 52 104 177 21 110 148 163 181 213 79 304 31 160 244 314 268 312 125 6 80 193 1 39 179 153 221 30 318 322 41 75 32 333 184 245 27 254 81 339 94 332 178 237 125 7 31 171 194 292 142 238 143 86 330 59 145 202 110 63 307 306 28 234 320 24 194 131 144 116 94 284 300 84 60 149 182 258 96 22 120 11 118 331 179 195 211 197 204 269 31 281 144 291 36 285 62 159 180 257 73 202 70 14 88 67 188 24 315 78 163 139 19 80 17 114 155 191 292 169 170 288 185 243 320 235 169 145 24 27 20 208 261 258 147 300 182 286 123 165 152 228 333 327 220 160 79 320 39 105 256 21 56 85 266 203 202 93 164 65 263 227 161 128 298 173 171 272 219 176 130 118 39 124 256 52 121 256 256 85 83 281 235 156 274 170 6 193 141 254 313 83 70 317 213 101 304 196 127 315 249 139 53 37 239 240 303 170 152 207 134 219 97 37 314 153 111 285 175 236 325 29 71 170 317 330 317 288 200 168 283 153 322 317 150 319 320 106 135 242 123 310 179 17 42 14 64 32 26 128 260 262 296 146 291 134 69 331 191 88 246 300 179 132 292 104 323 222 193 15 244 293 237 143 112 30 55 17 254 226 317 24 233 102 9 131 98 18 324 105 49 108 14 248 289 333 310 18 101 75 308 10 78 35 243 310 217 90 77 302 272 84 94 67
119 264 285 28 59 83 276 295 221 64 280 135 106 22 270 257 152 53 108 67 140 222 285 176 176 78 214 28 67 229 33 65 245 56 84 265 277 174 127 296 56 114 186 77 224 246 69 167 253 124 224 118 79 1 253 114 339 245 130 210 61 166 293 97 93 333 236 61 243 220 122 310 62 323 192 166 63 178 55 335 70 178 312 194 114 268 209 199 166 137 27 226 338 219 162 56 325 98 250 208 133 77 326 7 238 165 79 271 132 140 36 9 314 148 134 105 233 19 73 165 16 193 41 220 88 151 135 293 46 169 64 237 99 19 99 124 143 243 295 144 53 65 320 194 31 175 141 241 295 188 174 168 160 139 184 9 181 82 328 333 111 168 23 5 312 218 251 55 293 47 326 156 128 132 232 31 208 198 35 243 175 115 308 87 205 60 258 141 290 124 254 60 182 25 174 276 96 327 298 44 69 48 47 5 19 199 115 69 25 63 28 199 117 176 173 177 220 65 150 177 126 37 173 185 38 163 240 49 279 298 249 106 174 106 13 321 36 175 237 326 322 116 174 136 161 48 67 254 211 85 316 32 226 272 156 243 192 147 154 131 46 335 98 52 226 73 230 12 283 302 71 292 215 10 303 276 225 25 36 140 262 295 161 112 330 23 293 117 336 269 323 16 250 215 185 14 177 295 268 12 15 144 200 73 80 160 209 274 44 337 155 260 285 328 20 23 150 9 185 153 133 297 105 275 219 141 327 126 182 92 324 43 190 77 337 64 67 247 186 337
330 107 42 128 49 323 301 265 177 224 151 273 73 231 2 322 118 105 340 115 129 339 257 233 154 263 182 166 290 21 338 60 316 267 71 113 277 298 191 315 327 49 218 1 157 11 183 282 84 106 255 193 256 279 308 32 47 185 170 107 288 56 331 211 122 89 213 179 168 249 231 113 248 98 304 84 28 136 255 194 313 43 141 298 229 139 57 139 310 43 249 318 230 34 59 2 94 79 215 17 87 185 289 303 11 138 177 13 128 208 6 46 196 180 309 296 320 146 208 119 72 205 306 8 19 119 145 117 282 67 324 288 179 64 97 248 223 85 152 292 113 26 63 181 22 162 260 260 124 293 41 338 45 289 91 63 96 314 157 194 204 318 168 182 41 209 339 108 274 132 192 264 80 227 280 68 86 273 251 103 286 87 268 40 258 197 146 72 220 174 172 122 62 176 323 87 292 161 292 277 329 102 176 140 85 254 35 13 177 84 286 58 113 242 9 241 172 98 175 26 105 269 183 321 103 298 175 266 331 90 144 285 274 17 112 34 70 73 66 240 303 53 120 329 113 64 23 23 37 54 49 144 309 25 249 328 99 237 186 94 77 188 295 276 97 135 78 146 15 240 210 275 284 285 296 325 80 149 323 178 23 25 5 149 264 101 132 310 301 93 58 84 164 231 84 176 197 296 117 195 100 332 56 210 107 138 302 84 141 130 114 303 12 324 260 118 142 130 295 237 104 167 193 329 296 34 249 317 307 262 36 318 73 42 115 180 313 110 7 78
149 196 320 199 42 189 327 246 187 57 45 195 46 195 333 67 49 235 201 88 306 219 129 67 49 153 105 194 50 281 242 323 268 262 320 340 248 104 316 14 145 233 331 316 245 196 215 188 4 40 50 308 201 316 101 274 271 293 187 271 90 279 200 55 17 243 44 105 25 244 96 176 48 284 61 200 261 158 9 34 58 226 65 126 123 308 57 263 234 42 275 163 288 182 318 277 230 274 19 198 99 87 36 40 125 250 121 116 129 260 263 336 176 233 326 303 137 255 205 125 148 240 275 273 216 340 291 286 312 325 93 99 226 137 84 189 101 203 237 130 122 18 207 175 227 264 309 254 48 20 253 326 34 128 128 87 140 108 285 290 103 6 306 315 262 252 263 328 269 185 267 71 318 327 332 224 258 159 301 298 108 34 269 68 182 235 214 55 14 166 261 80 184 336 41 236 275 183 132 165 170 17 121 324 106 280 157 253 288 27 8 323 48 216 96 109 248 23 108 140 278 325 176 127 120 181 228 23 44 283 307 169 151 16 321 118 284 326 339 103 35 161 105 297 170 9 324 204 59 53 227 148 251 270 189 94 322 331 172 331 195 83 119 273 101 236 119 136 150 230 168 262 57 37 274 228 175 134 74 25 11 138 40 189 166 335 159 274 317 74 6 194 247 309 73 13 119 39 306 29 307 33 285 242 156 137 295 109 57 187 333 243 183 180 150 273 130 255 12 33 288 96 316 11 325 120 259 8 198 281 4 211 215 130 33 209 329 262 207 2
123 129 171 142 55 54 132 2 338 50 259 194 220 226 238 26 335 41 329 333 214 249 118 340 260 41 62 214 83 200 277 61 210 168 201 42 114 140 150 267 335 177 40 184 24 57 36 269 170 57 150 245 246 21 320 275 10 218 153 219 35 269 53 73 296 42 72 240 83 39 295 224 230 174 235 116 200 17 50 180 178 225 121 54 42 258 214 209 256 137 229 31 85 27 312 144 340 26 259 186 215 107 84 258 324 262 128 185 294 197 204 81 175 127 166 164 145 43 177 222 271 216 262 159 337 176 245 191 204 108 235 164 190 255 335 247 283 332 272 162 267 252 161 3 76 56 157 163 295 168 242 181 125 209 99 227 39 179 154 219 241 163 15 8 208 11 269 69 202 197 180 24 68 179 271 250 259 314 179 140 91 49 89 227 197 340 176 256 30 189 144 200 118 161 217 22 125 27 244 246 168 251 290 143 159 84 26 223 79 144 166 201 197 109 3 20 81 145 98 34 329 276 131 250 132 268 183 247 164 54 290 15 318 142 145 235 155 239 143 27 296 225 168 137 39 70 10 171 243 236 96 179 54 122 338 231 142 122 26 69 255 100 249 111 157 59 297 299 288 79 285 169 226 132 14 245 187 9 308 55 115 325 92 20 233 55 223 148 171 67 24 222 4 56 1 79 126 306 24 222 50 339 305 184 17 172 34 236 150 307 163 55 248 199 90 121 257 308 223 186 37 193 311 174 203 8 181 8 301 247 338 188 142 222 105 218 142 40 71 180
2 225 90 269 143 31 297 295 254 141 337 242 242 203 330 321 32 62 125 132 246 312 231 35 66 293 45 29 106 136 195 293 256 254 119 33 172 29 10 63 94 96 249 20 299 204 19 269 297 215 90 318 26 258 285 75 108 190 13 141 334 44 160 145 80 115 12 72 8 258 89 145 231 76 112 42 251 112 176 16 2 39 155 10 72 211 35 283 273 151 142 173 80 77 101 82 212 327 260 232 334 262 249 65 303 171 183 190 40 30 6 90 62 225 189 289 139 139 103 317 134 237 49 35 168 190 164 87 290 313 3 33 174 139 313 104 181 3 211 83 305 148 6 152 309 197 198 18 185 94 198 134 4 38 305 67 224 180 335 182 211 175 191 142 258 143 228 61 208 141 71 301 336 114 66 325 157 224 324 158 113 53 278 61 138 210 228 112 120 43 252 274 30 231 187 134 253 99 222 198 142 195 313 153 96 69 137 290 182 204 187 46 324 214 301 159 104 93 214 45 150 116 23 26 335 141 330 289 292 64 180 105 28 323 7 79 64 159 327 33 310 109 289 333 143 24 27 312 239 114 192 66 301 130 242 182 63 202 185 10 80 125 81 59 110 223 159 261 270 53 113 191 328 249 216 42 302 134 173 8 209 253 173 112 203 279 261 96 141 57 184 254 100 340 60 309 176 121 266 122 8 337 23 192 79 144 176 78 280 289 189 305 89 296 91 316 309 45 135 119 319 321 238 332 152 170 45 206 228 106 142 10 267 221 106 258 300 255 160 37
160 163 331 186 106 276 255 178 104 258 88 292 123 207 232 67 266 278 297 98 123 78 48 243 179 288 9 176 286 42 265 236 82 314 152 207 1 168 76 91 286 203 288 35 10 119 332 211 114 172 328 32 213 242 143 2 216 306 212 276 230 113 20 32 135 262 23 228 8 267 232 251 275 320 172 38 214 235 315 213 209 40 63 67 290 311 313 206 41 30 106 164 204 326 140 105 95 265 328 175 103 112 103 173 281 25 178 116 80 247 304 90 161 3 166 239 213 38 129 251 134 108 37 53 145 302 203 200 120 132 309 100 161 226 136 157 116 240 5 268 275 323 288 260 182 334 26 103 280 148 3 289 193 260 163 208 164 53 275 112 155 264 272 175 288 117 340 14 239 19 41 263 49 169 141 272 206 230 89 93 56 263 129 179 331 66 309 203 37 182 23 207 117 331 128 4 322 223 283 251 17 127 63 26 255 202 275 163 188 40 227 138 206 44 340 162 73 213 84 124 241 3 296 262 321 290 241 293 36 2 291 248 297 127 243 204 269 163 124 283 235 18 70 199 233 47 316 73 280 3 68 261 77 318 1 134 26 123 281 280 91 1 20 56 210 279 84 121 35 287 183 264 238 272 202 77 257 301 132 267 62 135 7 273 275 49 100 264 187 233 126 186 172 323 317 153 105 157 149 93 279 9 186 188 134 245 68 173 292 241 255 144 245 220 302 273 31 336 189 89 85 302 118 311 248 143 317 327 265 322 105 119 95 190 49 207 251 231 280 42
179 128 84 257 286 327 78 250 338 90 279 283 111 103 66 243 277 135 254 233 34 144 82 117 184 139 105 202 213 107 240 38 259 112 168 277 52 130 323 297 74 283 298 304 298 35 297 22 255 78 290 122 271 146 283 77 68 332 107 34 322 180 18 155 68 97 81 281 155 254 235 86 242 194 247 78 42 7 197 223 72 106 202 300 202 202 45 23 199 61 24 200 250 233 215 81 266 258 131 155 316 41 272 339 84 291 210 172 3 113 306 13 158 299 75 189 33 129 55 306 147 90 327 313 64 328 294 39 133 3 214 113 57 168 270 220 125 214 50 153 156 219 331 184 61 107 49 328 320 257 164 266 74 257 119 51 266 205 253 87 212 130 211 232 306 267 178 306 166 321 174 10 301 159 101 324 303 172 134 69 234 307 271 122 332 291 214 280 318 265 32 255 40 68 23 107 215 135 54 30 291 114 246 94 50 286 243 42 196 240 66 19 67 231 27 107 50 325 157 226 138 49 152 6 312 185 111 175 243 148 186 207 311 248 321 290 141 161 180 12 167 140 231 270 241 318 64 60 119 237 131 299 306 44 42 190 134 149 308 216 20 7 140 236 328 100 243 197 137 99 93 53 109 228 55 83 97 49 5 305 120 239 183 281 16 327 69 118 287 135 30 147 97 294 38 17 273 306 98 340 11 147 299 29 282 200 196 230 313 35 296 182 195 149 191 13 310 27 333 110 26 34 251 43 40 309 51 142 127 63 237 131 135 137 193 277 116 96 15 129
314 230 67 252 65 239 179 63 262 276 9 63 109 275 34 81 271 17 251 108 253 68 330 196 223 41 100 214 80 323 271 329 240 131 36 224 104 11 186 41 72 215 27 264 271 135 213 181 228 54 58 131 89 155 271 243 48 6 115 187 196 72 106 129 320 188 23 140 274 13 127 97 314 18 36 130 93 304 109 64 79 142 93 21 61 153 110 172 3 73 92 243 182 51 10 340 219 162 223 56 170 303 214 75 169 176 191 82 42 50 168 246 18 238 209 139 253 47 209 100 333 309 335 194 256 230 129 256 108 25 8 318 28 129 6 120 78 71 204 160 149 297 183 272 108 21 223 131 154 34 268 338 330 186 228 223 111 58 288 264 294 29 136 32 241 84 127 58 51 141 153 265 177 193 156 64 101 38 233 274 311 331 113 122 207 196 20 335 319 242 277 8 131 204 100 308 64 120 80 186 100 57 247 52 73 138 166 307 255 197 174 205 2 140 206 196 299 184 122 31 220 4 237 7 302 60 219 252 32 237 124 285 295 131 235 140 289 202 88 316 152 236 320 78 229 64 9 263 211 290 193 317 83 84 246 9 118 160 246 114 144 141 86 291 213 267 273 318 64 290 72 320 26 227 308 37 334 139 204 111 57 275 113 241 151 84 79 87 64 157 326 24 231 164 108 7 45 66 32 248 35 21 106 282 93 111 334 4 206 44 103 38 22 292 58 110 241 278 50 311 142 119 256 313 249 100 221 113 276 186 252 188 255 114 37 330 219 223 279 308
62 323 208 277 133 132 77 337 43 286 84 195 51 268 86 200 299 311 220 163 333 143 226 5 127 224 73 193 152 294 23 26 213 146 240 289 139 72 173 307 112 51 335 210 21 48 231 322 210 96 324 335 63 52 240 172 36 114 204 309 18 25 35 24 312 315 128 230 18 164 36 205 206 297 60 260 168 224 185 106 1 116 263 293 291 49 155 124 17 131 6 207 296 184 6 55 280 314 127 7 151 121 125 174 119 164 309 4 290 312 316 170 87 56 55 73 111 19 5 336 127 12 279 257 149 79 179 77 83 274 137 284 216 228 286 17 254 307 104 226 214 289 236 212 46 309 45 123 213 126 308 204 292 99 173 248 284 164 230 302 207 210 235 110 117 310 277 51 6 278 306 161 69 218 2 100 177 12 145 208 13 99 57 39 164 142 275 315 313 252 244 271 292 286 80 76 16 59 155 325 144 27 76 160 144 40 229 136 318 111 189 328 195 204 120 193 230 12 11 88 194 69 122 124 89 216 268 85 292 226 140 135 173 79 106 275 4 59 208 91 40 299 71 244 54 315 274 11 232 190 156 42 278 141 138 282 206 289 12 127 264 248 332 176 77 237 76 25 255 301 321 54 169 336 134 232 188 36 194 92 202 294 191 313 109 102 327 106 13 4 287 223 97 5 296 232 65 231 15 261 37 278 7 221 221 102 62 233 11 38 211 53 89 76 245 272 109 211 136 152 49 260 202 124 62 145 198 134 160 64 79 190 121 108 105 293 67 68 20 83
273 95 278 332 266 185 273 94 55 285 325 315 141 267 285 309 122 218 283 80 5 111 188 298 285 302 62 105 284 45 251 27 215 127 139 100 116 317 140 231 41 265 136 308 315 236 27 6 286 39 75 162 4 143 273 15 50 176 112 79 54 330 31 155 87 133 52 146 13 52 89 161 102 56 75 169 50 159 318 68 207 228 80 304 280 17 300 104 176 218 52 122 246 265 225 315 95 297 141 150 90 30 321 333 260 28 140 178 156 173 217 169 119 256 321 37 89 323 156 96 304 207 99 12 85 268 203 133 241 81 109 158 312 110 159 103 40 298 322 185 256 332 212 130 46 244 20 318 257 21 107 252 173 50 238 48 124 277 61 89 92 316 252 266 18 56 322 86 288 200 67 332 236 24 253 314 46 135 117 144 215 200 177 75 34 303 261 52 90 12 231 61 218 65 33 60 92 10 233 257 295 264 217 42 92 200 60 129 320 263 331 75 6 29 161 254 134 305 206 265 68 193 13 258 294 41 313 67 201 99 1 127 150 215 319 272 240 162 31 228 280 171 113 272 31 283 155 117 196 272 126 196 273 319 180 29 41 123 30 267 235 87 164 41 87 313 141 85 52 152 217 90 16 171 242 197 164 193 180 201 250 88 132 109 100 109 186 109 66 54 314 27 239 319 24 185 214 247 124 181 65 59 100 95 338 293 41 19 219 114 66 86 80 307 299 181 277 183 253 293 126 309 77 53 90 213 207 18 206 330 138 52 205 1 43 184 202 6 17 222
151 279 85 184 26 43 71 95 293 76 21 108 296 271 131 66 46 192 238 184 309 120 117 123 100 199 231 316 19 7 164 207 182 61 4 263 313 197 293 85 186 266 46 207 283 270 234 140 31 217 102 253 25 274 155 201 109 127 69 295 243 230 133 173 118 108 70 264 262 159 272 115 248 273 101 95 223 312 98 159 58 273 24 38 128 85 85 230 33 148 204 337 251 185 16 234 62 260 123 226 185 172 59 240 314 23 135 214 60 289 150 272 14 168 12 65 201 207 95 221 18 125 296 255 279 258 119 80 45 262 11 208 164 270 221 237 298 212 279 230 16 168 21 239 223 250 117 103 171 20 220 234 225 129 89 20 298 184 200 56 62 243 322 178 261 69 272 124 321 72 52 7 108 325 306 194 167 311 1 149 53 21 32 308 68 302 57 241 114 182 45 317 254 103 132 60 71 44 174 268 79 115 284 292 340 240 71 23 99 320 200 315 83 338 4 170 257 79 54 254 56 65 171 44 255 126 198 27 208 86 160 193 40 187 112 198 82 12 263 279 178 67 278 231 90 309 85 208 255 289 171 244 180 114 303 201 183 216 41 157 260 226 228 190 292 266 299 50 115 256 308 2 130 256 327 1 80 34 289 215 158 70 104 240 318 196 268 141 140 100 132 243 146 340 107 89 131 18 332 277 156 146 77 114 259 14 227 321 9 12 69 287 295 105 85 225 256 72 26 112 281 293 122 171 92 142 116 54 20 42 73 83 237 132 303 80 166 44 110 274
36 44 255 30 237 136 249 1 224 88 129 214 235 243 332 19 182 57 144 5 66 81 247 270 162 20 54 253 225 324 207 286 121 252 281 316 83 186 121 311 113 182 311 8 95 241 228 245 173 293 105 97 310 194 192 109 75 318 298 78 175 64 100 156 95 212 318 13 232 160 84 300 74 339 298 258 211 13 106 252 327 36 340 3 127 255 225 175 261 166 251 53 11 85 43 182 4 284 314 312 104 266 223 212 25 127 121 233 161 18 331 101 104 293 206 30 2 72 278 110 1 160 308 69 51 319 23 214 320 141 123 241 52 200 251 163 310 291 80 190 329 161 193 185 160 230 66 261 166 101 186 330 12 23 191 148 204 221 123 267 72 172 187 97 30 111 80 312 292 239 261 274 135 105 327 252 251 258 138 269 236 295 25 217 147 246 254 14 330 98 166 53 36 18 201 140 274 43 268 136 236 303 120 124 279 287 19 199 21 272 324 82 9 22 299 211 90 169 162 165 171 292 275 257 12 320 61 171 188 21 109 137 285 60 257 190 318 4 115 255 37 206 135 266 290 198 22 218 155 69 308 165 271 196 50 104 139 148 261 261 179 91 282 168 187 78 196 314 14 28 23 219 17 5 50 176 176 51 184 127 151 17 155 14 100 257 114 251 299 298 13 112 294 74 243 2 141 294 299 181 319 176 125 280 15 332 1 149 314 332 144 217 61 283 338 171 97 278 248 233 132 92 211 304 245 265 295 57 77 265 314 210 4 333 252 63 88 199 203 72
279 302 186 201 46 192 277 70 244 228 99 119 225 222 2 132 238 157 235 255 113 142 100 306 137 168 286 309 139 203 101 105 128 39 273 245 219 61 326 273 338 146 76 244 332 292 8 293 155 36 166 81 275 217 118 318 179 304 242 174 36 142 171 317 252 186 139 25 8 153 244 27 97 300 195 22 137 238 286 168 60 313 118 272 171 47 166 157 208 309 41 191 99 62 321 6 163 279 30 195 152 20 55 206 17 158 50 3 203 283 194 291 298 54 66 249 124 221 185 313 132 293 280 269 155 285 1 147 23 208 130 117 106 297 165 127 70 210 138 205 141 213 2 146 39 86 268 10 302 178 125 108 3 92 205 280 104 28 118 87 337 251 67 224 245 106 218 243 312 194 245 141 251 298 129 207 2 12 282 241 238 170 208 307 183 313 144 88 91 273 328 9 226 209 164 93 313 215 131 316 296 193 89 110 337 186 313 55 232 235 182 60 265 287 6 309 12 89 167 222 20 269 285 242 111 124 265 157 99 156 280 288 199 55 139 156 10 244 297 208 288 136 2 49 205 302 280 248 40 159 110 268 193 176 119 44 78 254 304 68 208 232 239 179 2 84 25 138 306 20 266 43 313 230 188 112 170 213 19 84 238 87 182 258 123 224 191 333 219 236 5 212 182 221 261 129 225 136 286 36 253 16 220 311 208 323 55 333 94 104 254 87 79 51 327 125 317 26 266 97 68 159 271 98 273 252 328 95 295 114 122 39 27 332 180 233 84 282 296 74
113 52 276 151 124 335 20 18 333 17 53 239 177 39 116 211 314 153 119 97 171 112 158 145 251 196 121 199 129 217 174 188 206 141 269 166 25 163 96 279 308 60 11 104 177 291 276 204 184 33 245 170 190 179 135 186 53 136 317 194 88 52 191 150 254 80 125 328 160 136 233 61 216 49 231 203 338 308 308 81 150 188 248 282 156 165 35 218 157 337 159 84 294 207 331 323 240 142 322 311 41 76 194 101 40 276 76 85 11 163 238 4 287 51 304 107 91 105 29 315 209 105 167 29 16 218 25 10 319 261 332 288 260 326 97 214 253 162 106 147 329 297 299 166 211 38 191 155 108 242 238 306 18 67 105 297 178 114 296 2 125 221 200 298 39 203 184 294 244 72 226 78 38 84 229 270 107 124 164 95 233 36 284 98 84 320 200 273 247 264 63 101 127 270 194 298 22 185 324 294 64 295 327 197 302 150 83 215 157 49 131 225 279 133 160 259 213 1 5 276 333 326 250 340 229 339 99 289 61 8 264 257 20 9 194 214 200 49 91 240 240 17 9 22 68 54 79 105 152 262 228 305 251 134 94 178 43 172 27 129 143 145 92 212 273 134 228 218 41 332 207 215 34 320 172 142 115 312 229 285 145 126 308 116 289 305 269 169 188 168 190 93 181 116 308 188 200 252 131 276 72 28 234 38 155 229 335 89 127 185 222 41 335 53 213 14 182 172 70 84 212 303 311 10 244 135 77 335 232 274 307 160 257 130 144 285 177 198 183 109
242 301 217 310 246 59 38 10 315 302 245 230 306 285 217 34 152 302 42 8 89 197 155 318 198 95 270 67 25 56 298 205 279 43 64 280 308 171 212 58 75 207 7 287 165 329 119 224 79 233 124 45 326 285 163 176 291 186 86 284 132 304 199 145 6 268 142 187 203 311 39 310 48 145 219 339 35 228 222 5 133 116 49 273 141 328 207 263 264 238 110 328 247 111 102 152 90 122 115 22 131 212 287 117 75 252 68 102 206 41 98 247 238 265 144 24 69 141 164 330 210 179 78 208 156 130 104 80 51 12 285 229 191 116 206 200 305 172 38 28 304 121 251 22 309 210 182 204 165 177 123 129 243 69 194 331 294 101 120 44 99 189 116 11 298 248 99 9 297 189 232 173 208 292 286 127 256 182 42 218 239 79 284 340 331 310 51 306 81 127 3 54 220 204 257 181 141 4 279 321 190 325 276 19 82 135 252 234 59 196 311 210 146 2 318 40 166 268 162 42 246 281 5 319 266 27 52 156 114 278 165 251 205 96 116 184 80 168 157 192 101 78 125 212 335 204 263 174 9 27 248 2 284 98 297 6 35 80 191 12 218 250 4 146 310 157 249 234 48 51 163 250 103 327 142 17 110 103 64 193 100 100 209 280 158 115 3 268 249 72 147 80 177 79 69 135 309 223 74 238 322 330 295 72 99 33 87 265 40 152 38 121 223 225 335 180 102 31 92 261 179 24 173 90 170 23 95 131 1 249 97 31 306 179 97 196 313 287 157 54
265 245 302 159 167 328 249 104 271 182 45 115 33 205 113 181 235 78 298 249 232 9 43 289 13 161 254 336 323 105 102 284 265 67 140 238 170 165 151 4 142 275 103 11 236 220 87 279 292 315 97 334 300 12 202 196 304 139 49 117 28 143 175 208 261 64 189 196 249 65 318 263 14 333 288 293 35 319 14 235 120 258 166 298 267 159 201 253 40 233 235 322 222 63 219 97 251 214 91 142 18 168 183 334 153 322 16 227 203 123 239 271 235 198 216 96 146 6 228 216 267 313 285 55 25 330 255 230 323 65 138 49 121 332 283 259 241 17 316 222 113 183 3 6 168 158 281 288 268 7 211 301 91 135 243 215 160 307 49 98 32 39 286 58 295 82 255 30 31 143 317 28 68 184 284 192 247 195 179 45 52 223 29 294 244 128 77 249 268 30 253 255 24 301 184 270 140 97 175 35 181 270 34 96 140 190 125 262 209 108 169 103 303 98 77 232 105 126 5 37 40 193 268 67 266 125 65 42 258 304 198 64 200 67 202 275 44 130 153 116 77 249 293 36 185 51 204 69 106 115 11 123 90 204 94 18 230 289 52 128 205 276 281 323 40 47 42 272 272 54 235 82 193 283 26 216 277 243 207 25 202 285 37 331 256 238 239 3 70 167 298 185 97 267 261 35 37 81 115 211 40 133 12 36 167 44 141 302 218 186 256 113 31 252 50 220 306 71 254 82 54 227 163 93 315 305 26 67 100 295 296 54 64 95 21 73 247 201 165 288
245 300 44 322 288 136 263 318 188 285 94 335 248 258 80 181 314 52 31 217 77 313 73 286 5 219 60 274 17 54 228 331 327 209 61 217 264 149 329 298 98 198 330 315 247 209 266 174 5 200 241 163 331 181 259 137 56 267 268 75 175 184 110 160 308 164 223 220 232 313 94 132 109 36 245 47 229 96 190 248 42 296 137 97 115 288 3 148 101 12 306 189 332 233 52 255 75 86 258 325 10 85 213 293 190 310 73 134 93 147 218 60 116 147 50 97 313 27 81 138 143 146 173 56 241 210 187 22 101 108 110 333 55 142 184 152 294 228 138 293 317 22 191 219 3 308 328 277 257 249 152 8 261 125 71 116 172 234 196 148 30 332 70 268 231 278 146 269 276 199 22 323 96 43 332 109 311 13 289 118 223 272 143 145 157 297 334 129 290 293 106 21 307 55 100 85 45 58 157 232 277 329 45 290 28 244 322 224 41 198 213 240 171 185 288 330 304 16 172 124 310 3 157 141 173 203 148 2 319 169 185 19 206 31 85 5 90 138 2 259 207 117 328 211 31 61 196 61 160 45 163 201 242 72 188 325 140 331 72 137 141 328 187 143 147 303 249 134 184 61 133 166 195 54 181 111 128 43 323 180 217 315 42 276 82 110 242 243 301 308 290 73 317 274 264 300 35 169 176 300 47 214 94 19 83 136 160 27 336 273 112 68 42 164 260 280 244 203 110 53 214 274 310 209 163 98 94 138 262 135 70 144 47 18 232 16 259 113 131 147
101 27 168 120 165 211 169 273 53 320 168 152 29 281 330 275 166 85 264 239 30 122 1 28 146 340 227 265 107 93 291 77 145 279 1 4 86 187 250 5 335 8 134 245 39 207 232 333 17 82 265 313 300 212 264 4 151 129 135 188 319 84 229 51 18 71 262 256 64 269 218 98 250 204 54 44 43 227 126 335 82 58 138 252 159 155 181 180 19 337 70 84 243 290 116 258 340 68 20 233 319 265 83 253 85 33 72 233 131 110 45 147 200 48 297 187 211 320 54 249 76 191 269 151 178 224 279 117 223 107 290 3 289 97 192 194 175 291 105 113 181 166 196 14 252 242 323 12 123 232 326 289 10 306 265 133 324 162 152 222 194 216 209 64 210 339 10 252 23 210 67 340 291 163 39 185 116 26 93 289 202 248 312 47 167 54 102 304 180 329 182 77 290 51 87 329 131 244 60 319 313 308 244 310 67 317 158 6 85 128 14 29 186 135 59 10 326 28 125 337 198 191 304 226 143 261 112 65 173 49 6 215 194 27 320 221 198 76 33 320 146 268 258 63 75 336 191 213 310 182 298 143 41 164 305 150 150 326 204 150 33 213 137 82 292 242 95 135 17 336 170 22 134 313 216 11 287 198 297 86 253 220 256 104 254 274 25 261 179 186 193 174 141 287 182 265 162 3 222 251 291 284 31 29 332 154 158 215 7 27 329 312 22 298 188 277 194 171 314 216 50 184 326 149 207 12 157 144 231 240 291 48 286 102 282 17 269 180 236 318
181 81 210 42 24 85 253 244 130 99
174
