220 10
28 127 198 64 22 119 126 55 203 39 39 100 216 204 52 65 30 217 72 54 102 210 95 66 141 42 103 30 69 87 189 39 111 119 184 169 104 133 107 112 205 187 203 28 39 43 78 56 212 204 52 195 159 147 104 64 157 183 220 35 38 27 201 38 185 69 131 208 150 5 117 196 102 36 205 84 117 6 159 7 87 72 209 200 58 1 127 191 120 12 7 67 175 116 142 46 29 183 139 62 208 144 34 132 28 181 170 40 130 185 9 78 203 92 105 27 40 134 8 180 210 62 212 117 152 135 41 38 129 75 203 89 176 215 3 36 202 87 216 111 189 185 124 79 162 201 120 187 20 172 119 144 103 84 122 53 103 107 184 125 134 72 220 176 154 212 153 159 167 181 169 116 199 80 118 83 1 40 32 207 73 16 133 132 13 52 190 3 196 71 138 54 172 59 174 99 36 180 82 201 50 131 127 62 60 63 97 111 32 94 24 41 8 39 1 115 88 151 117 165
109 33 160 172 205 20 41 118 31 53 94 122 32 46 55 125 145 5 87 48 22 56 53 203 5 42 204 186 81 158 199 68 63 43 23 65 201 168 118 64 32 95 148 207 206 71 96 171 13 150 118 205 28 101 94 152 92 74 177 20 190 208 112 191 98 22 190 4 99 210 79 71 30 13 73 58 28 196 96 50 37 185 155 108 18 110 173 206 128 109 19 90 119 178 51 180 151 163 215 156 133 61 137 156 130 180 5 207 119 93 131 121 11 157 44 157 31 67 1 26 14 22 130 57 106 31 173 71 175 72 163 62 80 93 53 76 178 4 94 187 75 204 77 171 203 178 11 44 46 166 204 130 149 80 188 137 68 139 158 110 55 193 34 151 178 21 76 116 22 84 79 168 175 150 1 110 136 139 101 140 38 143 98 1 133 76 27 79 87 194 96 84 106 111 210 68 194 209 82 105 8 206 174 179 209 124 58 53 20 124 204 203 199 96 192 38 34 154 139 186
101 56 121 169 157 191 128 111 7 207 192 64 20 75 158 97 140 195 192 81 44 212 33 54 150 106 21 179 63 18 211 156 95 6 128 62 114 17 83 121 43 218 12 68 71 80 95 80 78 76 217 3 116 44 19 151 119 19 4 56 205 161 207 107 145 156 39 11 197 199 96 101 46 151 15 72 143 8 160 98 157 219 174 208 95 50 148 100 126 86 89 190 90 210 203 110 51 35 27 5 95 154 64 189 199 201 175 208 135 103 28 134 145 51 134 147 60 94 98 86 79 72 132 96 208 47 4 37 91 167 136 194 3 173 162 215 61 183 156 98 89 124 38 33 157 56 133 186 110 27 34 81 2 131 177 121 184 137 155 30 65 143 128 7 59 102 150 82 5 219 130 165 95 65 94 206 32 82 161 118 138 63 6 121 54 32 95 119 78 133 76 190 183 66 67 12 4 142 116 8 153 155 60 105 38 93 57 20 116 128 106 37 213 160 184 179 131 195 91 26
72 165 68 108 206 154 5 17 138 132 127 203 9 188 32 59 210 154 34 158 92 36 3 194 119 146 12 165 23 76 102 92 42 68 219 159 176 30 213 107 76 64 133 80 21 174 207 165 144 166 86 78 52 42 49 11 105 96 95 207 112 139 181 64 78 62 95 184 138 28 198 195 167 71 175 219 93 129 9 26 216 43 8 48 198 187 209 38 214 75 160 28 119 63 127 136 41 181 195 146 144 16 81 173 62 105 136 53 17 90 43 96 25 2 182 92 212 117 212 42 105 67 44 125 140 41 124 127 183 92 66 103 169 39 26 4 195 168 109 181 172 42 85 24 142 170 15 132 88 179 85 58 153 102 129 153 131 21 122 101 51 179 182 199 149 14 75 84 11 69 26 16 203 111 83 58 158 177 12 148 183 196 112 47 142 27 5 121 188 156 90 60 108 92 83 8 96 219 46 18 34 216 87 196 167 128 98 45 30 117 126 130 163 51 120 92 138 54 127 114
197 69 198 111 88 42 208 201 176 126 27 73 169 78 211 172 2 152 71 139 133 74 47 85 143 178 170 21 205 208 100 168 156 84 197 73 76 70 179 199 157 88 11 116 162 36 40 139 125 148 176 101 159 190 166 185 107 14 66 193 145 6 108 37 94 12 201 54 44 31 204 116 194 1 154 54 174 210 157 114 94 168 15 187 73 15 185 169 187 158 85 209 5 124 70 157 208 218 147 52 47 27 95 175 117 18 22 55 21 103 137 176 40 160 163 112 20 174 23 67 114 7 74 197 40 142 108 212 71 173 77 88 217 193 76 199 24 6 217 194 128 85 196 170 3 177 8 16 44 28 27 190 116 191 96 100 122 21 60 57 130 83 107 191 6 187 72 37 87 34 180 110 112 198 30 1 184 21 17 166 14 80 37 47 152 38 164 101 153 105 82 199 37 164 25 75 22 203 44 183 73 157 73 53 116 96 55 173 213 80 130 180 216 185 179 66 97 83 24 17
71 217 40 108 109 56 98 199 154 104 12 21 214 152 164 117 128 4 115 207 100 55 101 68 6 189 160 3 40 160 45 56 178 199 189 186 55 63 204 195 92 153 176 152 80 107 161 84 107 139 55 142 48 196 37 147 204 155 213 90 164 18 139 35 176 28 28 20 176 122 146 104 46 33 184 27 9 114 29 16 84 84 105 22 188 143 132 6 136 4 109 100 124 124 135 42 188 22 137 27 131 76 48 176 85 173 41 16 59 132 99 190 188 110 50 107 185 206 38 68 54 116 180 183 170 20 86 163 83 89 172 19 51 200 145 10 196 19 126 212 9 155 188 69 35 16 175 34 205 142 67 62 22 64 177 16 37 201 40 93 19 36 89 169 25 179 101 127 54 141 32 104 207 43 179 154 111 108 41 77 25 110 5 140 45 175 80 164 125 76 216 8 201 45 72 69 199 134 167 43 186 218 31 149 20 167 48 194 186 190 84 69 176 62 212 28 108 67 112 109
85 124 173 96 185 53 42 118 148 208 51 35 136 70 37 104 185 52 44 32 74 153 204 164 74 165 129 21 17 29 204 214 34 163 30 107 133 174 202 42 99 151 97 36 120 106 182 129 46 192 122 89 27 131 158 75 84 171 198 160 149 76 113 98 210 133 92 6 132 24 101 67 177 139 151 64 92 126 114 154 139 40 113 4 31 81 77 73 175 139 118 70 158 128 41 213 173 38 214 145 71 42 16 146 124 155 15 161 208 34 11 198 126 101 154 15 80 116 7 7 68 138 122 115 47 92 8 107 82 117 171 65 108 92 121 127 155 74 163 58 120 186 53 39 110 154 211 104 56 31 97 8 188 216 217 168 65 220 47 145 1 165 49 46 219 139 107 148 118 206 16 217 201 216 217 76 145 102 115 110 41 96 70 27 208 151 211 117 162 219 25 212 116 60 39 220 58 5 156 20 105 8 174 210 115 125 68 14 174 135 85 54 192 175 64 39 116 140 186 108
59 10 130 119 92 193 16 70 206 32 79 22 93 124 49 204 165 44 133 219 80 84 41 219 89 174 43 78 175 46 56 208 140 110 207 169 208 38 150 180 59 18 38 194 219 100 157 108 6 47 173 195 185 58 87 136 86 54 206 4 143 191 123 154 175 37 205 29 40 102 147 66 21 174 211 53 132 43 212 168 18 12 80 175 120 15 204 201 99 184 148 50 86 172 72 33 25 22 9 33 90 186 66 97 176 118 184 120 183 209 151 1 142 127 158 14 79 54 153 39 43 125 120 186 75 207 61 146 70 3 171 193 162 211 105 14 152 18 151 57 97 1 142 163 217 62 75 8 42 111 188 35 53 145 100 3 192 58 58 82 147 113 210 124 36 208 217 210 55 104 200 201 174 176 173 65 54 1 111 74 97 53 132 48 36 20 171 76 45 60 90 137 130 206 16 186 93 170 173 118 160 176 185 146 155 188 163 53 21 197 44 6 23 172 24 139 68 157 54 179
16 48 55 6 93 212 219 217 90 105 198 5 167 156 117 208 59 94 181 89 202 76 39 90 204 131 136 94 70 54 24 81 43 211 176 25 168 182 195 162 130 151 208 138 136 79 88 130 142 95 96 95 93 22 18 26 200 177 4 191 88 167 201 20 212 205 176 34 129 88 79 164 151 94 15 62 133 203 44 60 24 177 23 184 198 190 102 200 107 115 157 64 132 220 67 95 75 216 207 111 170 173 106 36 175 132 218 134 26 167 18 117 170 89 142 33 142 78 61 29 20 86 138 144 120 88 70 169 43 24 100 51 49 109 95 30 195 172 17 155 199 30 99 74 153 32 163 58 5 161 102 87 211 120 65 96 96 30 218 103 111 13 64 61 21 97 150 149 115 13 145 73 54 203 199 112 65 192 72 103 101 3 23 171 99 52 149 44 150 71 11 29 215 36 112 22 102 208 216 117 145 63 143 109 206 15 193 70 78 100 21 189 141 133 210 10 187 35 201 166
71 44 12 97 120 215 145 155 135 191 146 22 145 100 66 206 155 2 46 151 62 127 10 126 196 8 214 73 160 85 50 204 137 124 103 62 61 212 48 48 15 158 63 200 142 6 93 169 4 172 167 88 102 97 93 33 100 117 204 58 129 12 52 156 178 41 93 207 150 146 177 174 122 9 15 134 158 89 50 67 174 200 2 5 108 218 100 120 2 197 112 90 176 68 166 91 106 155 106 164 73 85 116 140 20 188 67 179 10 178 184 37 161 67 113 203 51 115 39 26 41 120 199 167 81 168 28 32 149 119 159 6 208 190 79 54 141 14 125 179 213 207 127 30 159 89 194 121 11 215 121 10 206 202 32 108 17 46 55 106 167 209 131 145 162 185 71 71 84 196 103 65 208 185 55 194 187 197 44 177 124 10 187 99 17 194 20 206 186 183 103 208 45 110 86 25 16 29 123 138 140 117 144 9 36 67 1 39 126 211 27 57 115 143 75 195 126 170 91 43
201 65 156 179 37 162 207 136 155 113 166 99 160 108 98 14 156 155 61 193 4 155 126 179 15 38 63 44 10 207 114 107 201 50 13 50 85 111 105 65 81 117 167 185 148 153 155 3 175 75 171 139 96 107 6 95 152 64 55 14 11 6 43 116 33 196 41 41 124 11 91 156 52 180 59 162 206 158 198 164 158 213 132 88 87 112 164 121 197 33 94 101 15 178 163 3 189 17 30 87 123 22 170 199 83 3 114 125 15 24 4 138 205 109 199 202 197 124 71 2 51 152 23 108 124 27 6 198 162 56 104 28 195 113 68 150 62 33 43 46 94 116 31 78 167 26 86 130 116 184 74 111 145 4 191 83 213 162 82 190 109 131 141 166 94 59 167 94 197 182 172 1 54 24 207 213 142 102 196 87 131 34 156 63 94 126 202 132 35 208 175 215 1 40 22 55 9 202 64 130 172 45 20 117 106 86 124 102 146 121 185 164 144 125 7 181 107 219 36 18
157 190 102 25 216 37 210 113 90 111 212 30 136 74 127 62 59 58 200 37 37 130 218 174 51 185 63 68 79 46 60 84 140 15 101 70 163 139 84 141 90 39 38 87 218 162 211 127 207 29 149 127 215 220 156 44 145 18 220 9 4 188 2 150 212 94 66 24 173 198 6 159 26 185 219 97 96 181 148 95 153 143 173 29 212 155 98 206 177 129 181 164 140 89 87 36 39 170 55 59 18 203 118 177 146 182 151 115 135 187 11 102 143 2 129 165 142 153 70 187 75 139 118 172 127 211 3 141 104 145 20 103 191 128 95 186 132 190 194 92 61 207 24 64 61 102 173 2 21 190 144 112 51 173 40 20 51 113 97 5 15 155 183 108 130 7 67 57 154 141 15 208 116 104 76 49 10 169 97 97 7 199 157 192 55 17 16 127 19 16 145 36 29 205 188 118 218 206 170 15 140 61 160 112 75 165 70 82 192 190 65 105 158 84 217 104 40 2 128 161
34 12 10 25 107 211 198 115 56 127 109 146 199 194 97 69 72 210 83 79 17 95 102 62 165 107 54 84 5 33 145 150 215 60 156 192 193 218 47 185 74 127 102 144 35 200 106 70 152 201 31 17 201 183 2 15 10 105 101 29 33 29 191 6 165 91 215 161 170 48 88 171 10 77 59 162 140 196 44 65 141 26 125 81 54 7 204 98 76 79 134 74 67 187 81 99 185 12 17 39 197 53 10 6 4 121 120 138 53 147 197 122 179 220 170 64 177 138 190 93 162 50 173 152 150 179 124 159 206 190 29 22 217 16 116 154 168 115 209 16 190 151 13 62 22 163 89 194 92 49 220 7 111 78 210 110 202 123 37 78 76 36 70 211 192 67 200 74 4 2 195 99 19 181 201 197 174 204 129 180 185 211 187 14 40 76 196 59 189 48 162 179 55 198 124 213 104 179 127 168 194 88 216 26 118 43 45 15 28 160 71 115 15 161 180 67 131 51 135 69
198 112 108 67 118 1 105 141 183 54 180 150 129 43 115 57 115 144 54 216 194 219 153 24 155 99 93 164 79 143 183 139 53 83 135 92 165 164 151 142 153 56 187 35 190 219 39 74 205 82 6 146 112 168 15 26 132 98 23 181 180 117 19 93 105 98 33 105 210 83 131 53 129 76 121 134 28 112 28 59 57 36 130 120 219 89 195 191 83 20 52 195 212 158 214 155 25 186 119 75 84 207 131 40 115 203 71 44 78 36 183 40 25 219 101 4 45 130 48 162 48 40 180 212 133 144 210 136 125 8 149 118 167 181 10 37 122 89 54 215 157 58 172 90 164 170 105 73 85 35 212 130 100 55 27 66 136 168 64 17 156 183 146 139 2 41 39 84 67 220 101 188 200 176 173 69 214 136 93 180 185 214 21 21 130 191 209 172 63 55 72 39 47 46 162 86 50 88 35 165 57 174 79 58 162 163 134 111 98 44 108 119 1 138 141 205 118 210 143 173
201 217 130 191 206 206 177 8 152 80 108 122 218 205 128 50 105 24 126 25 156 147 27 172 139 108 116 113 182 199 40 73 181 213 55 15 132 1 69 121 131 17 97 4 40 189 137 63 212 69 117 219 98 120 44 196 9 52 165 43 98 30 69 20 86 130 83 63 82 200 202 47 155 182 197 100 170 155 140 10 28 101 109 61 43 47 52 208 165 178 56 2 115 132 155 140 71 41 77 179 158 93 79 59 79 149 105 55 146 197 191 205 137 9 171 152 201 35 66 125 110 104 29 187 196 26 18 133 84 171 65 215 178 151 140 202 209 111 30 141 112 13 162 83 151 196 54 145 49 122 25 11 116 158 199 60 196 130 100 52 135 40 143 125 196 39 38 129 79 19 27 163 71 20 165 161 130 105 49 92 171 167 187 59 218 25 184 219 160 17 70 31 30 62 67 20 116 160 155 28 40 60 22 29 42 96 70 54 200 190 68 25 186 129 112 129 95 74 54 69
29 192 116 36 23 17 157 143 96 146 15 210 114 70 190 89 107 166 72 16 82 21 185 97 25 196 80 180 97 34 141 62 129 79 171 34 6 203 195 174 47 30 44 182 120 154 210 7 66 141 4 110 214 198 200 91 74 176 113 156 181 47 4 30 45 134 51 51 143 192 154 64 123 119 33 55 87 132 17 79 101 194 102 8 78 39 187 65 47 133 7 137 145 59 51 183 188 190 106 41 164 31 196 8 71 61 109 218 32 98 88 87 127 120 75 29 153 153 174 40 43 163 97 200 19 192 122 85 200 58 96 12 128 66 217 137 207 28 94 187 91 68 195 203 27 110 101 17 104 111 104 73 123 108 11 5 74 25 122 60 115 71 146 88 65 61 13 209 156 8 90 77 85 176 63 78 97 143 136 160 189 31 195 156 31 186 132 199 207 152 63 202 118 158 218 51 195 129 199 126 30 167 186 52 97 111 211 198 72 130 36 180 165 132 195 65 53 10 69 39
78 170 220 27 217 192 210 103 192 70 150 153 209 56 150 213 125 121 78 105 99 5 135 145 145 134 59 163 15 198 67 79 141 107 191 134 130 149 199 2 45 147 109 17 55 90 90 173 15 93 75 125 218 151 53 10 158 114 56 84 150 58 157 198 54 66 65 144 138 153 94 9 62 80 127 97 136 193 18 145 197 9 79 112 214 130 206 133 41 152 110 188 108 106 163 185 43 7 13 44 216 20 122 45 69 48 131 124 139 173 192 81 120 84 100 90 192 165 108 167 23 98 70 138 186 35 156 100 91 1 218 24 113 173 52 144 154 74 170 145 106 146 133 176 215 142 207 98 110 126 144 98 134 94 92 148 37 73 203 150 39 194 144 77 200 42 56 167 48 128 71 197 48 51 192 189 2 60 54 190 116 177 124 120 214 174 104 180 5 50 197 190 46 25 94 143 11 128 177 148 20 90 194 47 165 140 10 73 59 191 206 161 189 81 31 85 159 119 14 104
213 73 112 171 195 86 194 158 125 202 71 32 123 67 194 25 142 93 99 211 72 203 13 73 38 202 8 110 141 145 195 175 53 117 195 175 75 66 31 140 76 106 16 2 21 218 67 149 52 165 94 129 27 10 148 148 130 131 136 148 44 40 4 39 3 156 34 184 136 88 134 123 39 1 103 107 34 41 106 53 171 158 44 130 194 86 13 25 102 18 126 97 94 27 180 210 73 91 61 124 205 73 2 186 103 173 3 151 150 4 169 179 35 5 33 136 94 87 120 180 107 48 24 22 51 136 30 50 188 167 117 74 118 143 14 126 56 87 60 33 39 73 161 6 69 178 170 34 38 79 186 71 28 180 125 8 186 87 9 139 58 5 125 170 96 184 2 201 142 76 9 134 13 33 59 83 203 181 179 194 2 53 44 213 88 110 207 122 173 4 167 3 126 168 152 112 80 87 55 53 8 19 169 155 55 48 202 162 160 99 25 174 182 118 33 117 6 33 118 88
154 67 44 177 107 92 85 126 57 68 26 191 130 182 163 106 145 76 193 166 155 202 80 162 116 180 141 194 120 114 115 41 16 190 81 33 167 214 13 164 116 149 209 59 137 192 134 97 45 167 204 115 131 95 139 125 192 121 66 36 165 181 182 46 100 26 132 4 173 125 130 135 61 9 211 26 39 32 17 28 214 56 120 39 164 130 210 206 144 14 138 113 170 54 208 103 122 60 144 120 140 170 27 80 43 210 173 43 90 149 25 32 211 90 73 113 218 42 61 204 194 9 40 60 67 195 71 24 77 139 19 207 61 129 106 172 40 46 191 75 196 186 165 62 70 219 104 79 98 189 151 104 197 73 127 215 115 176 218 210 149 146 21 124 135 55 204 176 161 176 217 94 184 174 169 182 84 97 148 197 31 121 219 117 160 171 134 152 146 156 72 188 77 186 188 42 111 196 182 101 67 29 100 82 53 4 139 41 101 145 75 159 213 66 112 166 34 219 81 47
134 2 206 81 213 12 9 166 67 191 14 179 63 126 104 220 21 100 11 47 95 171 208 113 21 151 206 213 54 8 209 17 33 202 34 201 186 209 147 179 63 11 46 136 74 153 57 77 186 183 166 101 127 25 150 16 8 142 130 28 202 93 82 142 94 182 191 204 123 71 91 83 35 6 41 63 112 151 51 19 171 133 13 161 72 198 166 58 220 71 43 151 110 65 156 51 5 178 127 175 67 81 89 42 165 120 64 180 141 128 60 37 8 81 159 215 28 17 138 153 203 24 122 201 91 30 113 15 142 51 43 4 55 122 165 160 50 174 50 130 166 125 107 69 213 139 162 196 61 163 158 177 34 5 102 24 51 18 132 40 188 109 192 194 80 7 145 108 111 63 144 52 18 119 168 48 109 115 189 204 59 187 181 107 113 173 113 210 38 101 31 60 104 73 52 87 173 67 36 209 216 212 53 6 177 200 56 68 186 123 113 84 35 78 162 182 203 46 173 194
13 52 41 147 66 6 163 120 40 98 50 164 63 12 36 100 28 212 119 69 92 166 75 161 76 39 170 5 183 170 134 22 186 190 206 49 130 135 83 75 190 110 61 61 102 76 170 199 203 95 185 140 208 201 90 12 170 117 45 208 203 84 85 96 177 6 25 211 118 96 72 28 104 178 85 132 157 213 84 219 55 118 169 107 26 59 209 25 74 23 82 161 189 176 30 138 197 37 76 129 203 193 63 42 195 216 179 108 48 112 161 125 36 15 217 137 99 10 191 81 59 131 106 95 96 177 149 45 203 150 23 178 6 122 38 162 108 47 20 155 12 23 35 78 153 75 204 129 177 5 213 61 62 168 176 73 85 143 82 141 51 62 101 103 183 136 135 13 110 9 100 136 12 125 10 164 201 197 146 192 46 124 185 113 191 160 42 214 165 102 123 191 187 76 188 76 111 38 60 58 13 149 131 185 195 217 50 203 168 20 146 192 217 105 137 37 191 157 186 91
13 151 82 89 50 132 111 62 185 134 110 167 150 127 54 108 141 49 140 2 146 85 6 135 15 199 52 20 14 34 146 133 84 167 58 49 117 219 139 91 143 139 100 97 35 161 181 36 27 44 126 175 171 193 169 148 87 176 157 166 154 115 125 131 3 202 47 36 106 161 99 203 127 186 128 77 42 151 197 125 28 154 109 210 150 209 186 166 127 83 94 3 20 173 130 93 74 209 44 14 62 36 91 211 49 199 47 36 202 201 188 21 34 197 148 149 46 30 29 208 82 158 40 203 106 193 29 166 54 87 192 172 32 59 22 216 70 23 102 215 29 28 76 97 136 26 66 72 170 4 120 84 199 144 21 216 184 162 200 36 8 163 60 139 80 16 213 38 208 168 124 57 125 95 15 44 154 89 190 142 9 219 118 52 209 67 121 19 178 105 98 135 196 155 97 45 10 76 184 57 134 114 3 172 7 82 125 158 198 27 213 151 91 100 63 218 122 75 218 13
80 158 134 51 150 9 204 5 91 111 202 209 114 151 92 189 160 74 77 27 8 53 211 164 82 178 16 31 103 94 52 86 1 16 209 216 210 1 87 201 96 61 53 34 216 146 172 70 196 2 104 90 49 136 177 27 170 85 1 64 138 15 33 43 70 28 40 198 190 189 180 99 124 52 20 134 169 207 110 126 5 216 52 153 220 37 191 163 128 158 166 55 25 204 91 218 54 35 168 135 100 13 60 5 147 89 197 114 94 102 162 211 10 28 15 75 98 98 177 88 82 202 7 111 208 27 210 80 13 168 148 24 157 118 170 206 193 77 173 167 107 209 2 44 121 34 149 10 109 65 109 134 209 102 97 162 52 27 24 64 129 31 141 57 15 157 174 123 191 182 138 97 153 36 91 42 187 163 214 143 2 139 87 117 64 155 60 109 43 47 194 63 108 217 28 67 174 138 33 183 155 173 79 134 120 205 117 212 145 56 31 100 53 7 8 65 138 28 31 82
78 19 94 68 172 154 215 21 36 194 179 92 176 101 122 220 180 159 94 179 32 7 169 80 177 206 182 102 22 16 38 210 85 16 27 76 82 3 72 70 111 145 61 211 181 99 188 101 203 59 219 206 71 159 41 199 74 142 91 9 145 121 115 73 6 88 119 193 191 71 148 89 206 66 112 87 21 46 20 67 30 23 107 23 208 35 87 182 40 83 85 49 169 188 117 203 60 52 33 165 130 73 107 149 79 219 133 162 34 84 171 110 124 62 99 55 138 209 132 57 96 136 197 127 51 218 173 21 55 33 27 204 214 163 148 158 157 29 104 186 178 180 208 16 107 153 76 75 165 202 206 183 38 188 17 109 134 112 194 1 38 142 174 79 187 73 1 106 90 210 27 94 67 70 44 37 207 58 37 152 103 198 65 147 87 110 157 64 64 118 107 87 83 194 86 212 158 96 194 108 72 100 194 69 174 24 205 60 145 99 42 67 43 20 170 31 50 190 78 92
151 60 155 127 127 144 189 120 128 2 92 142 54 87 90 153 151 202 138 44 202 127 29 5 216 97 61 72 165 80 144 138 165 51 157 137 129 105 22 211 160 27 151 154 177 139 123 96 148 162 166 64 220 144 187 72 5 59 66 69 161 180 198 118 12 71 77 161 31 112 113 201 194 173 125 79 146 205 170 209 160 139 65 2 83 31 25 5 194 149 160 126 196 75 89 90 216 202 145 27 83 177 70 24 45 87 19 74 188 216 50 217 197 32 195 200 157 181 23 3 122 89 139 130 65 6 133 150 69 47 102 150 96 101 116 134 190 106 109 10 189 203 17 48 216 103 2 98 101 43 181 143 127 59 73 114 216 130 189 212 65 41 83 215 24 104 143 151 188 83 191 3 34 29 193 157 77 197 96 122 154 2 71 39 84 106 104 43 140 215 211 143 184 98 215 3 213 196 217 33 212 181 69 45 87 206 17 13 149 83 68 139 26 44 116 98 172 210 158 16
65 73 56 163 30 120 157 199 91 196 3 195 14 28 170 20 198 62 110 32 90 27 220 81 133 171 12 219 107 67 41 141 194 56 26 184 60 178 139 193 49 40 50 153 197 5 176 132 175 116 146 220 2 162 8 33 13 94 185 125 13 35 76 179 66 156 108 66 38 161 178 9 41 42 207 114 124 135 77 154 18 127 29 66 178 46 59 78 143 207 219 33 19 6 6 108 67 34 176 39 3 164 190 21 23 35 81 174 133 178 191 188 135 13 120 55 142 155 120 20 27 65 194 107 215 22 146 165 11 112 66 26 118 126 163 38 185 178 202 74 102 133 24 64 104 42 11 69 71 129 75 118 31 145 42 90 131 104 20 105 173 189 186 120 35 220 182 183 78 165 157 114 102 34 110 64 140 25 169 20 12 121 179 164 104 43 154 192 211 130 27 20 67 182 132 79 193 159 137 58 113 89 144 63 138 113 47 148 219 166 23 71 13 129 172 202 32 80 208 170
103 159 84 177 161 188 129 23 149 38 187 176 178 155 71 53 127 41 159 32 117 112 52 172 73 40 119 120 55 40 134 122 108 211 144 98 56 4 53 107 145 126 155 217 72 77 38 76 150 31 67 48 97 173 206 153 89 174 89 135 171 143 54 35 3 16 106 197 55 152 144 164 159 38 38 74 97 20 43 142 72 150 56 199 108 161 49 114 114 18 208 96 139 214 65 173 207 205 55 196 8 53 220 217 71 124 22 144 72 77 163 122 200 199 209 54 26 100 51 154 34 141 121 197 84 185 86 24 63 72 179 69 128 130 145 150 42 55 1 155 26 35 206 164 16 75 129 191 57 179 217 153 157 87 13 71 12 133 127 38 40 44 175 95 58 121 208 115 111 77 175 165 72 86 105 170 76 53 196 61 79 24 90 123 64 87 38 123 33 125 201 190 173 201 155 30 156 165 142 87 35 145 96 148 183 154 13 131 89 51 136 140 110 168 89 174 86 138 107 162
136 159 167 93 16 152 86 58 151 134 107 190 7 67 40 159 8 28 6 143 206 27 95 73 61 182 46 155 219 101 208 4 206 69 12 50 10 171 34 21 212 56 125 84 153 99 70 117 5 106 91 205 120 40 160 96 69 193 97 7 110 174 212 170 166 215 90 140 103 205 201 127 139 13 52 108 138 61 205 216 87 11 150 19 30 188 174 193 214 162 215 80 132 84 173 88 152 154 105 4 200 217 108 190 77 180 44 100 174 210 107 91 204 23 109 193 205 107 197 107 197 40 77 87 144 67 22 174 193 101 178 182 8 85 12 33 158 149 155 127 28 174 200 25 151 75 90 121 141 143 132 218 54 89 42 96 166 74 180 48 45 122 20 207 180 168 17 188 28 111 133 50 116 130 196 62 214 185 197 173 13 95 197 88 181 154 12 141 148 62 41 73 189 87 68 78 131 115 118 51 46 212 154 32 142 16 188 94 154 117 106 83 79 183 109 138 129 77 61 53
84 18 145 204 66 109 187 70 85 65 9 175 164 52 119 93 13 159 159 158 38 198 105 37 153 113 4 147 186 70 113 52 37 163 49 3 178 163 39 120 40 35 207 111 55 83 142 219 174 206 69 5 76 87 168 166 73 59 73 88 133 181 181 144 46 177 203 160 205 147 66 73 32 32 56 151 66 127 33 43 83 5 135 149 45 9 134 42 114 1 114 146 203 220 202 199 127 147 82 61 28 104 135 136 192 164 193 113 218 95 99 210 145 111 134 37 66 220 168 12 30 183 215 44 6 2 34 55 18 144 141 197 143 8 56 123 138 71 128 14 99 87 198 75 200 149 48 174 19 131 149 26 41 197 136 22 124 51 115 216 193 155 66 30 90 186 197 148 219 97 53 124 142 47 40 93 38 130 69 34 130 181 103 118 23 67 39 14 159 144 156 31 166 42 137 213 89 46 199 86 101 109 167 74 59 52 34 88 176 144 90 214 201 199 37 122 66 159 209 9
88 114 44 138 106 79 190 176 32 107 118 19 187 52 85 76 30 130 37 142 149 15 209 71 191 121 2 105 47 177 152 109 59 32 29 82 147 73 21 218 114 151 173 56 213 8 178 29 7 171 163 105 185 49 106 160 7 13 186 133 155 110 142 164 92 65 113 45 173 137 36 27 70 66 35 22 157 149 207 33 84 70 100 148 135 100 1 187 15 75 137 148 86 73 14 63 1 71 161 215 103 48 213 79 44 5 46 140 198 19 188 85 78 28 167 56 181 99 30 9 18 17 68 146 64 95 179 49 132 144 184 148 191 144 23 129 63 220 18 34 62 123 154 74 139 7 41 67 102 112 91 178 97 59 124 23 217 205 30 187 46 199 140 85 150 211 48 218 9 197 16 74 100 44 6 64 30 185 206 156 137 79 159 40 212 54 125 52 36 64 127 182 41 104 179 150 25 138 110 64 12 128 122 197 39 124 97 40 94 16 95 24 50 168 190 60 114 219 198 185
132 182 126 27 85 47 178 217 121 28 90 220 31 17 44 122 62 84 201 191 140 34 97 109 166 31 122 13 205 90 72 219 166 44 85 52 128 159 15 38 206 144 145 202 70 29 74 186 142 92 80 92 154 193 153 173 79 92 39 209 152 58 109 89 38 175 138 125 115 48 168 43 65 207 150 5 154 209 209 135 143 57 99 216 90 33 103 22 102 105 164 81 204 145 76 197 120 61 173 163 51 9 179 102 182 46 150 130 3 68 25 179 1 109 169 31 25 22 38 113 88 57 100 216 210 76 27 210 214 80 1 43 122 89 49 190 166 210 158 128 39 46 14 36 200 132 200 12 213 108 199 16 156 83 21 52 51 116 120 40 176 147 102 57 200 112 127 45 138 99 128 19 127 177 24 153 112 193 12 52 97 47 30 9 14 105 192 202 102 60 157 190 211 176 100 201 8 21 72 202 95 42 74 211 74 96 92 170 2 62 48 73 106 29 7 116 130 122 103 203
69 47 204 37 179 123 31 170 148 101 170 149 27 220 53 207 32 156 204 142 56 118 175 37 123 3 62 19 82 101 193 72 99 87 48 8 105 10 140 147 165 29 189 173 207 97 98 172 197 203 21 112 32 68 90 167 52 155 127 156 148 9 64 69 213 149 132 197 23 20 202 113 101 30 44 158 64 146 140 134 11 163 28 47 131 145 97 216 37 85 76 48 65 110 92 91 86 68 74 130 42 182 2 210 88 11 193 205 184 96 59 57 47 112 54 189 3 111 168 185 208 66 54 207 64 3 76 72 213 148 49 141 54 71 38 193 150 97 13 115 115 112 7 18 189 199 5 20 74 112 130 206 166 215 159 160 194 94 204 121 216 121 200 50 150 111 73 43 133 33 153 108 186 166 46 190 148 140 31 6 35 42 5 147 159 13 93 96 87 117 77 15 147 124 195 146 32 212 137 41 203 166 9 106 210 37 197 174 169 6 125 85 20 100 61 64 193 42 171 186
172 46 61 104 143 161 32 45 80 38 127 10 13 83 89 210 155 192 196 94 76 9 38 119 143 142 194 141 112 209 96 86 180 24 55 118 23 132 206 183 152 55 1 189 130 146 148 140 160 22 74 72 164 139 90 179 31 130 204 85 15 67 175 56 71 127 96 141 73 7 73 68 52 137 57 175 135 108 69 205 198 154 171 201 102 166 115 33 171 79 127 172 87 75 211 161 127 78 138 186 130 148 213 17 81 168 9 201 186 69 40 39 55 67 149 33 90 220 101 156 7 126 181 160 216 71 133 103 56 144 205 10 12 21 170 112 114 115 48 185 120 168 133 55 174 24 18 44 144 191 127 154 19 2 109 56 122 37 187 43 56 116 172 55 136 62 7 65 69 85 67 90 82 47 67 64 84 192 36 49 9 8 135 49 218 6 53 214 185 41 61 23 59 129 29 25 143 206 75 62 9 212 67 1 209 11 9 217 1 103 122 215 56 45 126 56 9 168 78 189
120 180 184 87 68 133 158 9 18 144 57 82 19 20 16 66 84 46 185 125 123 46 158 95 166 22 216 183 34 4 191 148 194 36 81 32 53 217 213 136 51 190 157 171 45 61 128 171 174 1 57 94 125 16 100 120 15 112 215 214 149 215 51 191 200 157 148 36 99 77 199 195 126 6 146 77 74 147 109 52 199 165 99 49 165 196 157 49 34 96 189 218 83 35 55 4 120 56 9 172 102 89 113 164 159 201 29 12 193 76 122 152 48 68 57 44 47 46 163 41 210 62 119 189 114 5 58 124 58 168 85 49 33 14 73 147 61 38 21 65 63 58 8 168 72 51 211 59 165 214 56 87 146 120 130 59 76 74 77 27 45 47 81 180 131 26 81 70 84 204 65 42 183 87 130 137 213 179 114 50 166 80 86 57 149 165 143 50 153 204 151 190 82 176 126 166 141 18 193 120 152 202 74 200 64 51 213 147 120 133 160 26 117 53 51 6 20 28 136 166
139 90 220 90 64 106 46 142 169 132 88 154 103 83 91 13 114 203 105 128 111 136 66 211 114 62 39 29 87 32 53 48 56 48 75 86 124 163 34 70 4 135 34 137 205 146 21 45 185 2 6 10 51 219 152 136 133 22 200 214 22 66 60 70 199 68 202 79 35 208 47 80 83 45 86 89 53 78 18 195 98 27 71 93 67 133 188 118 220 90 83 182 143 94 217 55 163 212 31 109 62 211 209 19 182 198 127 28 12 111 180 127 60 209 144 179 150 175 83 111 113 41 208 86 204 114 150 115 106 101 80 60 219 130 103 63 63 99 6 157 172 57 90 112 81 39 208 181 187 131 189 60 101 18 31 13 117 34 142 178 57 123 138 23 181 150 29 6 50 100 213 214 18 94 193 199 139 194 141 37 208 90 200 220 209 137 102 179 54 199 87 168 12 7 160 54 31 82 163 24 160 83 6 115 100 35 173 153 215 77 156 21 38 87 150 37 59 109 209 47
110 156 54 199 32 141 197 35 58 212 24 118 22 203 208 181 160 186 148 217 6 90 32 77 27 14 46 65 51 178 20 88 220 183 19 125 143 73 118 136 118 26 37 56 150 36 133 65 176 153 19 49 120 69 182 30 74 113 62 153 33 8 76 212 69 181 178 145 100 204 64 123 143 72 124 53 7 168 95 177 181 220 101 7 86 34 207 59 43 127 174 170 165 217 49 97 68 52 83 34 21 28 153 128 128 38 216 66 196 103 177 21 69 143 127 18 72 196 25 139 92 8 146 91 140 140 138 45 63 117 117 12 189 125 149 110 129 203 129 114 50 162 59 171 38 164 4 129 22 205 212 135 67 89 128 135 25 186 128 195 94 13 109 62 179 43 201 131 61 64 134 168 205 169 151 26 31 65 41 171 112 166 80 66 124 1 41 10 74 69 117 21 76 31 132 116 59 134 16 54 169 186 106 107 80 218 156 18 3 94 130 171 73 123 132 13 187 72 220 170
105 107 22 47 216 13 124 184 84 181 170 152 219 77 162 145 54 195 101 57 197 68 44 132 51 161 61 24 139 158 146 152 204 47 187 218 180 11 135 192 19 60 21 31 152 113 14 24 175 109 112 131 139 95 162 15 206 104 179 96 72 178 74 27 113 38 153 43 75 152 20 192 43 58 94 203 140 66 10 140 158 45 62 117 36 148 151 12 193 24 84 141 76 147 120 59 212 18 186 187 135 64 38 71 149 74 34 215 210 147 218 76 91 117 152 55 144 15 39 58 174 83 173 143 140 20 159 126 22 111 68 145 19 94 91 15 159 88 150 181 55 136 36 17 170 201 99 53 79 209 12 187 160 156 136 158 191 106 147 45 25 22 90 10 213 201 130 110 183 27 214 173 95 152 88 162 135 194 85 195 129 218 124 61 96 61 216 46 96 149 76 42 50 1 59 65 201 86 11 113 12 31 136 200 150 183 154 23 11 206 122 188 160 178 41 68 80 71 93 144
18 144 32 68 18 189 209 28 29 65 66 143 37 145 68 124 18 8 193 184 180 181 163 73 184 187 161 32 185 219 126 114 84 71 148 11 198 92 197 197 45 102 167 137 149 159 3 29 39 148 170 34 125 159 73 123 152 155 28 130 165 208 157 90 218 49 177 38 141 86 212 63 28 149 99 144 43 212 39 88 212 170 193 203 111 27 37 86 85 54 64 33 45 135 135 156 70 30 88 102 41 214 67 152 124 194 183 200 188 4 116 112 4 104 117 81 77 173 175 140 32 45 24 23 144 2 213 220 133 95 115 29 114 190 28 123 43 202 23 166 151 19 31 150 119 215 33 177 67 81 211 176 218 165 159 79 166 212 177 106 135 178 97 39 145 121 66 22 30 45 185 49 74 117 25 169 202 186 79 48 67 53 85 206 72 156 53 128 31 206 19 220 111 56 142 186 175 193 40 35 121 143 108 84 27 6 179 54 138 38 155 166 127 23 3 180 201 120 19 45
110 85 140 143 97 70 142 138 209 43 202 190 97 22 63 16 48 129 87 146 189 72 112 210 43 203 213 74 103 184 177 11 52 191 17 150 76 131 138 122 102 178 192 136 158 208 153 122 79 99 87 131 72 65 83 180 83 219 125 215 134 180 118 11 124 220 81 83 185 136 31 22 174 106 193 126 149 174 63 108 35 17 151 144 120 217 133 37 175 68 131 70 185 62 142 180 124 142 58 162 193 136 190 80 131 183 168 203 63 112 42 143 55 7 131 4 112 102 106 106 163 65 76 62 158 12 83 16 211 187 169 93 212 92 186 13 14 56 93 1 115 120 73 94 21 157 125 191 177 40 42 49 164 204 207 88 39 97 192 55 175 136 5 116 122 100 90 191 104 22 156 21 41 30 206 214 163 164 140 69 112 120 50 72 170 28 146 204 131 149 15 74 112 77 111 6 191 84 220 89 4 62 116 173 97 146 112 60 166 208 85 79 47 57 65 121 41 209 174 159
55 143 100 29 218 4 7 148 67 210 76 25 117 50 30 207 88 195 184 24 40 70 6 107 193 198 61 67 32 45 17 38 131 150 58 24 91 38 92 212 69 44 154 83 156 112 57 8 34 25 195 27 174 171 56 151 220 160 20 204 160 108 67 21 127 41 17 69 68 164 162 52 60 153 77 213 117 219 153 203 155 146 181 2 127 81 20 217 111 86 152 101 97 173 90 173 47 151 1 72 93 123 53 215 205 106 190 175 193 26 27 129 42 39 113 43 82 47 149 8 125 19 28 189 146 204 95 53 83 130 141 19 132 208 136 59 30 108 26 188 206 186 77 29 86 9 214 160 209 101 133 83 42 207 96 88 40 211 157 120 110 82 72 207 165 5 16 120 116 108 121 175 65 157 63 124 157 126 173 159 1 82 151 13 161 193 73 163 183 127 158 35 17 115 178 118 209 203 55 95 210 84 91 34 17 38 39 202 205 208 151 59 128 137 178 203 103 23 182 9
46 213 156 122 181 57 93 146 35 201 179 26 74 108 101 112 117 158 4 211 116 59 118 215 170 69 137 207 153 42 206 83 120 165 75 215 137 165 194 106 136 16 187 118 39 206 207 89 97 114 65 84 15 58 105 57 6 208 185 174 199 210 66 114 93 203 178 12 80 80 90 19 156 98 71 129 96 19 77 78 26 110 89 181 103 155 219 20 205 81 179 140 166 70 80 3 82 105 74 70 174 126 150 69 172 163 104 16 189 196 192 187 115 30 59 89 152 93 146 155 82 46 187 107 123 206 76 187 90 170 107 197 180 49 96 112 180 171 126 32 26 39 7 218 87 39 157 142 97 91 130 196 157 184 11 155 136 199 69 77 175 172 126 20 144 65 69 22 194 74 66 63 171 177 169 212 48 165 137 137 17 19 152 165 47 150 207 44 55 197 64 177 81 176 27 64 23 38 193 36 186 133 141 167 7 52 78 131 32 59 164 112 153 103 115 172 165 91 62 52
168 44 184 218 79 30 84 26 109 189 151 58 133 210 141 136 18 142 11 133 17 194 119 212 205 48 128 94 184 206 55 141 160 10 43 212 85 187 212 119 31 75 205 43 86 28 148 145 1 49 27 64 65 115 27 162 21 115 59 150 78 9 64 157 95 98 179 22 156 164 184 58 104 76 116 11 202 156 112 150 28 59 126 209 147 51 30 44 62 165 37 62 154 107 171 37 209 24 100 186 28 45 42 11 124 114 178 205 36 182 218 199 63 14 53 156 152 178 1 158 58 144 218 23 211 107 110 157 68 127 111 143 25 206 65 213 62 114 171 130 189 176 6 47 75 106 180 210 46 14 78 108 113 204 111 78 141 177 117 89 52 65 199 175 109 99 2 168 153 10 210 81 29 94 47 91 5 68 4 208 155 86 100 219 101 80 179 159 219 125 141 147 35 29 123 142 200 101 139 217 208 183 219 78 17 110 79 141 35 215 54 159 162 207 51 44 107 53 168 80
98 29 85 84 45 208 37 217 199 122 17 211 200 191 103 41 209 167 66 138 94 154 219 207 78 28 186 108 140 167 217 165 197 62 131 36 213 44 70 156 96 115 87 123 197 155 89 102 15 93 93 36 164 110 64 195 140 178 115 145 100 6 212 99 144 17 55 22 47 27 75 135 56 141 45 117 67 109 23 17 48 42 54 19 206 171 19 181 107 68 78 71 98 74 143 200 73 55 179 220 206 208 14 208 154 11 194 2 81 17 207 99 63 124 66 216 62 140 199 5 33 202 106 99 87 43 162 202 36 57 80 173 137 197 17 191 196 192 103 163 150 117 63 177 100 32 59 150 107 16 155 141 89 119 32 17 111 171 161 81 84 77 1 191 65 58 171 23 197 189 92 73 137 32 219 61 138 217 7 71 127 171 21 115 61 64 130 97 149 171 91 15 156 41 171 77 132 7 5 168 145 120 80 70 90 211 186 148 62 40 91 38 78 132 153 29 19 125 41 26
98 197 116 73 210 109 71 26 160 117 60 134 171 202 129 121 3 47 12 168 91 59 91 128 82 86 126 74 191 68 90 42 70 90 120 16 156 135 87 7 3 59 16 207 121 197 124 103 203 191 149 79 28 125 207 92 91 113 117 111 109 133 93 45 216 41 1 208 29 96 122 147 12 219 8 212 217 4 89 172 95 41 42 195 131 24 51 82 205 123 84 109 117 219 25 175 169 46 23 159 190 94 182 112 93 13 147 22 208 30 182 166 26 197 194 22 22 162 153 82 215 131 48 165 13 83 160 43 101 44 54 190 34 144 28 219 185 48 201 195 95 104 44 117 18 119 201 79 178 15 95 15 157 55 63 61 177 150 166 11 196 180 19 176 2 68 134 54 184 109 179 33 214 186 59 184 69 41 145 94 205 91 166 130 170 64 127 91 31 183 80 49 39 66 159 53 76 166 132 58 76 146 20 146 218 158 154 49 194 204 139 204 215 24 203 56 131 209 209 4
62 149 207 145 41 71 86 14 149 32 141 146 202 93 210 163 197 181 15 74 189 134 136 132 78 113 38 74 206 98 207 117 167 133 171 55 185 6 21 132 109 169 197 22 154 48 67 68 176 114 12 88 192 161 122 33 104 186 85 158 164 67 69 50 166 7 172 120 81 110 30 80 198 39 62 131 177 82 147 174 48 142 67 75 141 55 161 90 164 17 107 42 163 181 52 156 33 119 58 61 81 34 60 161 47 47 209 161 61 112 152 49 8 35 181 58 104 107 25 65 36 73 17 8 207 57 186 111 138 27 32 61 87 143 33 73 19 207 146 191 220 63 34 72 112 135 169 73 163 99 194 210 41 67 13 25 63 33 161 156 177 191 114 97 203 136 170 65 77 175 136 149 135 191 30 23 195 89 160 3 106 71 93 92 212 154 82 17 114 216 51 210 125 154 79 5 48 139 185 149 86 150 178 125 75 116 147 48 202 191 84 82 128 140 76 51 75 171 200 197
182 213 109 14 46 187 91 201 137 89 124 154 41 6 220 147 169 182 38 25 178 28 97 169 135 109 3 129 88 23 108 170 32 122 58 214 162 136 214 105 125 192 161 137 123 162 10 157 159 117 120 89 169 14 23 61 96 93 6 90 37 176 119 27 46 170 8 44 208 18 178 105 73 119 186 37 110 53 1 160 134 175 64 176 171 16 41 131 86 2 64 134 64 92 121 61 141 137 146 158 152 174 25 159 182 36 103 196 34 113 169 118 38 164 136 9 67 8 91 122 13 43 64 185 118 147 126 123 189 117 69 159 28 143 62 33 94 24 209 214 79 192 23 97 113 32 111 156 161 10 3 37 213 200 56 8 58 59 135 128 134 14 177 183 160 154 83 176 219 220 17 110 58 206 82 216 113 166 40 21 31 20 144 181 120 109 14 180 113 33 58 121 50 113 12 105 130 63 59 153 177 25 53 163 62 146 38 155 103 123 22 83 74 68 49 202 5 131 123 1
145 169 76 163 87 169 203 96 149 215 157 163 162 178 113 148 103 218 58 18 190 135 6 13 92 187 13 40 99 39 21 41 185 177 119 87 74 128 91 117 171 44 27 4 20 151 9 167 130 65 94 40 41 80 92 201 204 70 51 20 173 169 130 143 188 14 47 50 100 213 89 108 34 78 30 29 104 147 26 74 33 161 125 9 190 85 161 130 204 33 203 74 165 204 57 214 194 173 26 107 191 170 30 119 87 90 45 173 16 214 66 8 99 160 35 82 172 139 22 180 145 20 43 84 120 220 50 85 208 152 34 2 28 11 144 219 146 15 6 115 156 57 11 32 178 173 114 202 120 3 70 15 77 200 74 204 121 128 89 22 142 111 213 39 193 36 109 149 164 78 54 213 146 208 156 217 46 83 128 186 184 23 6 20 116 68 142 33 200 199 150 49 161 88 141 39 111 170 25 65 10 175 160 197 37 120 46 136 84 105 126 175 47 161 47 50 39 162 42 205
187 159 31 56 48 184 31 173 101 197 101 209 14 7 12 196 52 115 187 211 178 108 152 81 123 203 110 175 77 206 186 207 146 74 4 18 207 59 19 84 25 76 11 31 31 81 80 29 40 2 62 116 143 68 210 117 53 48 71 137 122 77 116 161 154 213 94 82 95 172 108 101 25 198 130 63 59 21 174 57 165 190 145 218 134 143 104 69 147 137 61 26 24 127 11 141 194 185 210 207 58 161 55 187 19 67 119 109 60 21 188 150 168 111 180 26 68 8 141 195 166 80 109 120 37 208 102 69 138 73 40 176 87 111 26 88 161 155 128 37 105 193 25 145 72 14 114 152 183 157 164 162 3 14 172 50 181 186 150 58 108 24 65 70 83 2 183 217 121 187 119 97 2 84 121 215 79 156 4 101 40 96 83 199 214 117 175 220 185 139 98 217 132 28 104 197 141 156 5 135 68 161 213 101 68 144 45 113 204 74 94 115 164 218 52 161 13 138 173 129
45 39 166 131 58 122 181 43 19 103 133 141 186 154 37 211 165 90 198 4 148 193 100 70 1 63 138 124 195 45 48 146 120 22 193 43 116 21 104 166 136 182 134 66 135 145 99 149 27 212 4 8 159 16 104 7 182 123 25 205 62 144 53 70 66 51 122 161 96 218 90 62 46 110 182 40 200 191 62 24 166 171 102 212 88 67 53 129 96 38 62 62 153 121 142 6 199 175 165 136 106 148 17 21 200 124 18 12 106 175 190 54 89 7 62 22 101 152 187 198 86 177 182 39 71 50 70 120 161 5 145 216 191 140 129 11 61 2 78 2 56 180 17 202 58 196 192 191 37 92 215 43 204 107 64 72 84 47 204 6 121 104 27 220 62 31 37 41 154 187 132 214 32 42 146 119 90 105 178 42 169 63 110 106 176 9 32 152 121 87 57 97 18 107 32 219 193 119 167 112 3 127 205 155 163 48 67 17 70 199 20 189 22 99 48 35 183 127 38 66
151 168 193 170 25 193 45 32 81 74 74 96 220 29 42 184 50 35 147 187 88 119 206 206 175 203 213 77 67 107 14 12 124 209 175 21 80 138 153 197 128 8 100 6 191 156 201 118 207 5 30 150 31 173 205 117 124 21 146 75 219 51 118 142 135 166 86 115 139 188 196 116 215 100 41 19 4 104 101 141 165 70 36 87 71 94 103 127 147 66 136 109 133 195 196 147 35 36 39 144 19 129 216 47 217 158 81 51 61 176 130 172 34 22 14 78 128 43 43 138 67 89 218 45 24 111 63 182 122 210 32 130 188 14 47 195 177 37 12 211 32 152 52 184 23 161 218 131 152 147 125 38 71 13 204 179 79 34 14 165 96 140 179 163 104 53 38 134 152 131 10 168 34 159 47 72 66 161 4 219 57 192 113 11 107 1 215 3 44 34 114 136 77 81 10 175 132 4 12 12 36 92 156 196 31 72 129 147 113 16 155 198 47 36 44 140 27 100 7 127
179 123 21 19 38 18 17 178 156 92 175 89 37 91 63 84 157 166 23 213 196 188 4 55 140 152 197 101 12 174 108 149 141 213 155 192 89 77 136 52 18 153 122 109 94 87 168 148 137 142 46 177 56 97 79 12 185 97 166 62 70 205 212 153 215 195 51 107 191 125 35 1 97 157 157 203 59 48 55 168 179 59 176 12 146 109 5 91 140 111 8 181 190 5 80 158 109 201 190 90 75 133 194 77 40 55 34 124 184 86 175 176 183 169 82 65 158 210 116 119 177 133 57 217 84 161 158 28 213 144 34 194 45 189 6 199 117 119 162 161 4 72 197 47 120 120 105 96 152 119 191 6 204 157 141 63 49 183 56 192 59 68 196 32 1 118 15 9 7 105 131 53 161 125 182 16 86 69 213 112 200 181 133 95 192 108 215 15 98 140 66 98 145 156 126 132 192 158 161 203 21 125 159 160 96 186 158 170 106 167 220 197 101 51 42 63 41 112 193 212
197 44 33 213 105 22 210 92 16 217 95 102 186 124 185 43 142 26 94 76 84 176 201 143 25 78 85 154 33 11 61 7 15 64 81 6 83 107 97 16 114 69 77 86 133 164 63 150 194 136 111 135 79 40 204 120 10 54 192 74 32 219 92 108 61 25 6 202 100 137 25 106 38 128 173 213 97 177 175 54 28 191 78 117 217 74 103 111 185 177 199 196 154 36 190 147 137 158 155 112 33 72 51 84 113 217 91 13 6 83 204 191 218 136 156 118 147 208 30 213 88 105 23 171 122 123 51 73 218 66 74 185 173 89 111 9 136 126 85 76 141 151 159 184 203 50 213 33 81 57 8 61 201 23 4 13 123 175 25 42 59 171 92 33 55 62 118 92 8 168 69 197 195 54 154 155 141 153 108 151 82 39 159 96 93 182 78 93 70 194 12 69 88 210 29 143 37 60 129 14 157 153 44 50 133 12 142 96 91 123 89 104 98 93 34 198 201 79 24 155
47 188 17 166 168 18 99 157 166 200 82 137 100 167 51 35 196 139 200 118 100 209 59 36 181 83 47 10 60 80 44 201 205 113 126 106 213 164 68 44 141 83 141 166 18 146 203 124 100 198 63 157 218 85 166 149 210 110 39 107 178 146 79 207 80 101 14 135 107 147 104 21 19 103 171 216 189 218 126 143 89 102 195 166 155 208 110 23 102 148 71 156 158 198 27 35 135 213 59 200 37 82 205 10 158 48 54 162 10 112 12 215 189 207 82 62 205 159 174 95 108 142 161 49 53 41 63 46 107 215 216 147 161 86 215 112 107 144 192 23 161 145 187 82 199 97 163 16 71 105 41 28 29 164 188 123 24 75 121 197 92 14 4 149 215 105 45 21 120 2 53 85 9 30 84 193 206 135 72 156 44 201 2 23 164 7 125 43 97 17 151 27 12 106 144 36 98 31 107 36 84 107 212 153 149 56 215 127 209 117 43 207 99 48 174 64 191 218 56 31
27 60 123 15 1 147 154 41 57 70 165 128 75 14 1 205 124 17 91 9 194 154 203 116 182 188 165 169 163 170 104 194 216 197 187 90 207 69 82 5 59 80 143 164 7 68 29 178 27 171 17 77 152 165 69 23 170 130 87 207 198 104 79 57 195 146 130 70 204 183 47 55 133 73 194 87 18 124 22 49 4 6 61 35 184 176 210 147 175 192 166 16 219 18 53 37 31 56 85 201 181 48 153 13 32 110 24 92 213 58 143 178 134 173 33 46 162 122 74 215 26 214 59 91 56 77 193 166 63 180 81 163 147 73 209 13 208 171 166 109 201 85 186 128 204 66 137 203 60 34 164 178 214 123 172 196 144 18 220 186 123 110 86 66 79 203 82 159 117 2 123 118 90 185 146 207 168 21 39 171 210 145 184 151 20 10 54 181 197 105 24 196 133 75 14 101 38 18 117 67 200 203 164 13 90 194 73 39 27 8 106 216 132 216 101 134 134 137 169 111
13 200 109 202 132 216 80 130 39 189 86 17 211 49 164 121 204 205 110 91 215 79 198 208 178 56 167 172 39 198 58 111 23 54 101 201 133 40 61 150 214 179 182 216 13 107 128 156 124 85 179 71 105 192 122 111 99 143 188 66 66 134 109 162 82 25 34 37 156 41 104 193 178 164 190 66 39 156 130 167 212 112 117 41 136 51 67 114 219 121 14 145 172 217 107 198 13 141 94 182 50 131 11 78 112 87 115 20 62 60 17 82 205 83 48 203 218 87 175 104 59 134 59 134 187 136 151 185 129 78 61 131 102 199 98 119 86 206 77 163 13 32 111 91 70 118 7 60 66 168 213 198 39 147 64 52 160 210 85 79 203 158 59 153 29 6 19 191 45 17 16 138 39 179 214 176 9 211 209 198 86 72 182 158 143 68 162 131 146 31 155 173 167 114 161 24 200 22 70 179 144 10 76 90 89 163 123 114 41 164 26 7 220 74 174 66 102 20 130 50
147 15 74 165 60 72 13 202 206 146 83 156 79 66 165 29 172 206 4 162 3 90 139 56 84 140 78 151 90 45 71 158 66 146 214 75 47 31 75 98 76 190 158 93 166 81 35 55 197 69 124 59 201 121 148 74 155 11 36 74 177 64 58 214 95 213 113 6 12 20 170 1 23 133 92 153 66 161 62 133 124 149 131 25 197 52 89 179 210 11 131 96 155 185 118 37 16 1 25 71 1 125 207 183 133 190 215 132 172 94 152 52 12 177 155 185 183 20 76 37 172 22 104 132 26 130 215 47 52 73 112 59 138 19 158 201 80 79 20 170 91 13 189 164 75 201 17 182 29 139 78 112 79 122 64 107 144 212 198 65 70 36 46 62 16 113 23 115 142 44 177 212 12 206 112 50 55 113 201 38 47 220 18 79 218 155 193 149 175 160 101 212 105 207 137 144 25 177 52 112 166 150 61 24 160 104 192 21 11 75 75 101 79 141 139 205 18 94 180 27
114 71 87 175 106 113 216 219 185 213 3 209 192 1 185 16 215 133 126 18 160 184 60 181 57 96 22 191 106 203 130 21 13 18 181 153 194 49 9 58 86 155 164 82 149 87 112 63 88 78 122 137 40 74 134 32 200 197 174 38 110 181 217 151 150 29 93 197 66 145 122 23 47 133 115 2 56 63 141 103 1 14 147 27 52 100 89 121 38 122 160 123 3 63 44 206 3 27 67 94 8 61 98 59 184 162 174 10 8 213 97 48 65 111 99 53 48 47 120 33 17 89 20 95 11 129 61 16 123 108 201 118 198 77 88 1 216 31 82 181 132 200 188 78 216 23 154 5 56 138 197 169 130 191 7 197 146 103 71 84 82 163 214 129 205 172 24 100 118 217 16 211 75 99 187 108 31 211 83 206 214 211 212 136 129 39 187 160 25 112 66 129 158 137 165 161 137 20 147 107 99 28 78 121 70 61 216 117 166 152 176 25 200 118 211 210 64 183 108 199
49 58 192 176 96 108 88 212 67 61 86 164 179 93 197 163 143 90 45 127 220 146 43 86 105 87 136 196 16 103 5 145 192 96 53 144 146 132 56 36 194 12 190 45 87 67 27 74 217 141 102 138 16 61 151 145 186 219 112 210 211 99 128 38 164 143 183 32 204 64 97 104 71 78 146 184 147 53 147 164 142 42 43 157 8 17 206 79 127 105 136 135 168 184 210 61 186 4 1 57 103 129 184 73 53 52 177 3 44 27 40 164 15 91 163 42 122 74 98 146 53 158 77 72 156 80 145 201 187 15 93 152 11 77 215 57 125 77 38 99 26 81 29 10 151 183 74 147 180 6 24 162 86 113 34 201 7 24 9 171 40 75 31 138 143 154 220 143 17 95 82 174 131 219 106 211 57 136 6 40 186 132 60 191 14 152 18 74 56 17 117 92 210 191 53 4 101 24 122 66 215 113 81 53 16 163 39 27 204 66 21 144 211 168 111 90 81 63 190 39
110 127 86 147 149 31 66 16 162 196 134 87 191 8 7 179 78 59 37 68 118 34 95 63 168 140 197 131 115 22 219 58 161 161 155 53 195 136 89 183 132 210 205 123 175 67 215 42 13 207 110 155 188 185 104 34 139 108 102 138 90 13 183 53 162 95 218 14 220 68 70 53 194 60 108 176 89 219 130 59 37 84 142 102 168 127 147 120 167 31 196 39 30 93 184 99 38 100 25 7 198 108 7 141 143 192 69 154 218 21 59 16 3 138 124 123 214 137 164 52 178 114 131 209 175 122 25 193 38 28 28 83 8 105 61 94 205 149 25 197 78 57 151 185 3 77 146 129 158 103 66 24 55 15 168 17 32 128 83 176 106 111 20 72 218 124 105 28 116 126 188 40 113 19 131 36 216 122 14 60 93 190 74 173 127 32 41 138 35 144 216 158 46 182 98 75 61 142 117 82 180 15 128 41 78 139 130 141 69 143 96 40 157 219 75 63 21 118 181 80
213 43 95 113 130 186 143 43 145 126 171 80 12 101 22 131 52 144 11 203 193 4 132 148 150 79 166 175 199 216 52 93 19 129 209 208 45 199 76 145 107 216 182 198 37 66 204 112 200 199 62 198 108 152 181 127 119 185 112 87 179 85 179 150 29 24 151 179 5 134 136 34 22 87 49 114 182 152 83 21 76 197 172 101 84 110 42 142 134 148 61 17 184 17 207 67 212 82 114 128 88 32 160 102 215 197 138 186 201 175 142 117 90 96 43 184 73 6 14 77 99 10 157 95 72 74 173 129 28 191 3 133 155 210 133 188 57 203 107 27 89 60 55 135 58 141 112 62 123 116 94 168 34 43 63 46 164 142 143 38 16 187 189 151 176 143 65 57 173 177 66 157 102 91 173 56 15 142 85 75 126 51 125 62 5 26 38 181 181 124 127 172 105 42 182 89 213 81 122 108 79 146 154 131 76 71 208 62 122 21 207 141 137 112 54 56 159 149 175 20
87 62 1 163 182 64 179 68 19 97 91 69 103 172 126 168 120 98 2 203 76 69 52 197 202 120 182 72 121 56 217 156 209 128 52 37 212 75 139 201 48 20 83 43 158 47 153 204 194 67 196 89 192 119 35 87 2 32 61 160 215 191 30 149 88 144 140 133 72 213 117 114 36 198 164 136 127 65 86 55 134 186 30 152 26 90 89 171 29 201 104 186 62 167 170 40 23 113 24 218 56 58 202 51 158 177 13 118 138 194 28 82 120 162 118 43 72 183 132 37 134 162 54 109 173 108 103 169 191 128 172 143 60 53 106 135 172 53 163 172 83 145 38 163 142 41 211 203 97 138 13 207 72 18 173 63 214 78 212 107 124 202 82 159 38 170 65 10 104 70 72 166 191 211 66 193 58 77 131 78 33 4 52 188 209 155 182 169 34 143 17 212 89 203 201 139 42 37 147 164 59 111 16 66 13 217 115 116 194 107 30 131 42 78 71 200 1 180 142 67
117 94 192 121 212 96 108 158 116 196 156 203 32 133 65 123 122 130 25 177 43 120 92 165 159 127 42 159 50 104 37 1 80 13 184 99 25 177 121 50 15 16 32 119 175 176 207 102 29 85 100 166 171 177 39 89 30 105 118 5 5 47 209 144 207 21 125 105 106 85 38 94 148 4 110 31 70 40 159 38 17 81 220 109 60 19 67 51 91 121 192 134 55 90 150 220 196 17 150 182 143 109 18 72 41 52 14 200 150 156 121 175 143 4 138 35 6 171 150 185 133 148 32 127 154 159 66 38 134 12 97 202 146 79 191 55 162 66 66 28 36 149 215 140 196 73 192 96 109 133 51 107 203 185 54 114 79 39 12 168 196 153 122 61 15 195 35 11 59 182 184 60 150 131 149 199 120 196 101 185 33 210 204 13 88 89 81 97 26 158 60 33 164 139 139 18 164 79 194 164 191 177 28 119 98 164 60 55 123 5 166 110 34 64 121 51 200 206 96 10
62 25 182 131 27 195 122 134 147 73 117 201 40 87 68 141 9 162 62 127 148 26 61 184 161 120 130 154 14 187 18 43 128 115 145 199 4 185 72 37 158 24 137 211 87 112 216 159 154 145 131 117 22 198 152 44 52 218 151 9 148 137 193 191 179 17 36 135 173 192 131 23 155 129 201 151 174 85 121 186 73 145 104 143 111 4 131 9 128 105 51 181 177 159 30 46 32 116 24 32 101 140 4 106 105 72 63 93 121 186 128 95 88 6 144 7 145 157 53 15 30 197 61 118 59 13 201 65 50 211 211 51 128 73 159 19 179 199 168 43 87 40 65 179 124 144 18 23 53 83 177 57 151 33 23 218 128 23 148 213 104 17 191 149 201 105 147 119 94 180 168 28 80 94 30 68 53 133 153 92 169 191 12 46 190 179 156 180 59 133 93 31 142 157 79 25 77 29 181 13 5 113 73 209 63 5 130 155 139 102 206 118 121 128 214 37 175 214 64 83
147 213 172 180 43 125 27 49 22 2 186 46 96 109 155 125 205 147 160 159 164 217 66 13 78 48 18 37 181 176 16 118 145 48 134 152 109 151 160 75 116 111 138 210 65 58 122 174 19 133 158 32 46 61 14 212 101 47 55 220 92 192 51 52 154 41 167 82 207 25 24 70 46 47 134 32 168 70 116 128 195 177 45 194 115 25 190 181 146 191 89 54 39 213 7 119 176 213 61 67 151 173 88 60 201 214 129 62 78 103 80 124 38 188 181 58 212 83 218 24 207 20 154 164 182 79 213 109 135 72 56 128 163 129 176 178 197 95 22 180 170 141 79 19 163 189 155 80 194 37 102 122 204 104 190 196 35 49 187 121 120 194 155 119 205 120 22 34 36 58 155 1 112 57 183 195 91 83 32 87 187 129 220 150 70 70 138 147 35 143 197 119 212 14 106 103 13 70 78 14 205 148 138 178 18 125 47 23 187 23 61 1 10 164 23 166 79 104 141 63
184 140 142 70 184 161 16 47 138 202 54 57 176 27 37 156 92 30 2 165 38 157 102 72 75 197 104 89 28 40 62 31 171 107 124 87 91 178 36 22 98 45 149 180 169 91 50 49 196 96 101 26 186 114 115 91 191 142 156 206 185 69 14 167 21 24 126 123 178 9 136 52 84 46 71 47 133 90 63 202 65 141 75 42 206 94 62 184 115 9 32 55 75 120 186 120 45 184 136 5 93 218 129 110 90 78 134 138 161 41 180 197 31 215 39 176 45 101 82 160 196 99 79 133 11 8 83 20 181 140 54 187 205 114 206 148 149 71 181 32 112 108 31 67 3 184 53 80 128 159 1 28 157 43 162 201 137 77 78 66 137 154 173 208 203 142 142 77 95 9 38 4 21 220 127 170 23 180 164 162 55 39 166 130 67 32 57 172 3 37 58 137 61 21 12 92 142 91 136 17 160 77 133 39 210 179 107 146 130 60 19 43 79 127 217 49 66 78 143 187
36 153 98 42 197 84 112 66 211 83 92 155 149 158 19 176 34 180 118 38 174 206 153 7 173 34 186 178 35 18 39 50 185 209 61 41 133 52 76 59 42 202 190 197 77 215 214 2 55 37 112 124 59 141 40 81 69 148 91 179 151 69 134 25 46 107 19 196 135 168 57 70 104 70 98 44 26 46 160 143 23 142 58 169 54 90 162 209 114 210 42 59 8 57 175 181 64 170 32 126 65 92 21 209 84 191 22 150 5 198 52 68 28 187 198 148 186 173 193 155 129 128 132 155 6 45 18 195 142 141 118 64 130 157 143 126 49 74 139 17 40 160 44 98 37 116 124 82 85 45 132 91 79 104 22 17 62 178 99 49 219 121 142 31 121 7 60 100 129 154 19 77 205 99 119 77 145 99 130 16 7 20 6 174 70 109 11 218 62 137 46 158 173 84 133 32 23 119 111 23 65 7 182 43 55 71 83 174 65 202 18 130 120 130 210 196 119 16 164 81
150 33 212 43 107 169 100 187 216 20 98 10 125 147 59 120 149 190 10 208 7 67 24 124 105 22 119 134 188 200 91 95 28 65 101 82 120 3 31 69 80 118 11 77 186 61 76 68 161 28 200 128 135 88 54 165 98 202 77 172 133 55 156 27 185 44 11 113 111 132 93 33 174 168 153 182 185 106 16 154 157 116 213 28 55 28 150 100 104 83 45 165 89 170 184 172 16 156 48 14 113 217 165 69 153 77 214 25 205 187 54 121 101 135 99 220 183 85 49 72 206 218 80 33 27 54 12 160 45 136 117 170 31 70 39 118 113 147 199 14 118 148 135 212 40 71 7 31 83 163 88 57 19 130 155 14 209 162 87 145 126 111 154 56 16 50 17 185 95 75 19 9 204 185 192 155 9 122 23 159 107 151 53 216 138 110 59 110 146 118 151 134 109 180 204 199 37 151 145 19 4 155 153 179 203 48 149 156 52 200 99 29 48 189 65 17 82 51 108 170
144 155 97 75 193 108 162 136 22 20 131 61 84 111 80 170 8 91 3 113 145 29 104 47 71 181 173 175 72 101 53 162 81 84 78 164 1 177 40 183 23 195 119 32 102 152 155 76 57 170 156 46 185 131 162 42 199 178 153 90 168 72 56 51 21 17 178 193 18 153 42 133 88 56 119 10 93 121 71 85 59 52 59 9 190 6 123 87 86 6 175 149 68 183 68 61 113 130 219 172 177 131 140 13 128 83 28 53 90 45 78 4 48 19 39 198 157 210 146 40 37 143 193 105 59 154 100 57 90 107 137 175 206 191 205 220 73 106 132 176 163 85 212 103 84 164 177 61 75 111 127 83 131 98 220 124 173 186 200 169 139 120 190 123 42 110 212 152 133 157 135 64 188 141 96 5 126 186 197 24 145 20 100 143 164 16 109 79 147 29 193 7 159 73 163 9 43 119 143 201 159 144 85 166 173 217 87 13 209 34 202 179 44 218 184 142 176 188 151 107
104 90 94 129 148 63 214 158 165 48 1 204 138 162 169 114 152 175 177 117 118 196 207 210 108 39 83 134 96 140 1 150 173 37 98 167 102 164 155 103 113 2 17 121 47 149 192 11 117 36 87 42 107 60 214 41 103 175 110 15 164 179 110 206 105 159 10 138 11 32 100 172 156 153 92 43 106 19 89 89 196 156 35 56 121 70 211 87 145 38 31 82 184 167 212 55 58 48 218 50 180 20 163 193 162 118 151 192 12 141 137 14 220 192 10 217 176 147 173 3 6 166 103 52 98 215 169 3 46 47 205 57 77 154 14 144 22 167 168 114 149 200 77 141 169 60 100 209 90 163 113 215 104 166 174 19 9 127 75 151 213 11 80 213 16 138 79 68 35 36 169 142 138 215 38 180 127 133 212 18 148 3 216 12 95 212 71 89 190 164 113 196 101 120 184 43 213 135 47 77 146 86 147 70 109 128 194 202 19 98 172 162 19 195 28 6 168 174 79 116
197 4 213 126 134 136 124 183 210 219 60 203 20 157 153 134 144 137 2 108 185 218 202 180 19 12 166 12 213 161 207 158 46 220 79 171 37 58 90 219 34 202 157 105 187 171 18 142 141 168 212 210 133 174 212 194 164 196 190 9 201 158 134 151 217 160 66 217 60 79 189 162 19 57 197 138 28 61 19 195 20 57 156 97 178 97 172 192 5 168 79 27 126 164 201 205 175 12 144 1 64 173 31 122 121 62 134 18 100 83 117 197 202 132 82 135 28 167 133 181 99 175 192 69 148 130 101 196 99 195 209 149 69 109 166 106 182 19 99 107 215 51 32 165 77 206 14 95 122 35 117 220 47 217 71 37 167 125 220 86 216 134 210 24 76 115 173 134 131 197 28 74 172 134 185 9 67 104 114 95 94 84 91 35 120 122 171 179 79 19 63 76 93 69 167 92 115 15 101 98 5 80 209 38 47 155 110 64 219 142 128 165 166 209 203 14 216 147 71 195
33 169 186 168 109 60 66 53 43 60 52 75 63 183 89 48 59 31 125 146 36 118 26 152 126 206 62 82 198 211 70 66 21 114 104 14 217 82 207 39 144 98 178 67 209 121 131 108 132 166 15 193 189 84 52 122 122 195 219 133 151 64 135 187 165 8 190 102 60 106 63 141 152 60 194 100 11 191 153 94 90 28 116 154 144 169 101 31 127 8 122 205 35 34 136 58 20 82 87 35 148 87 128 35 48 85 92 161 106 137 61 71 105 103 44 96 6 48 134 107 14 44 66 49 164 211 10 132 8 188 79 120 31 120 170 201 137 56 172 219 196 53 33 13 214 158 146 181 220 200 160 55 19 9 167 65 38 131 218 101 2 26 206 39 125 85 44 83 182 65 58 47 36 14 51 56 211 107 152 70 20 195 156 29 202 38 200 203 114 52 101 170 177 11 182 74 178 16 86 213 153 181 1 54 146 73 111 124 82 177 112 154 94 52 46 175 102 119 202 138
97 166 178 153 115 18 60 13 76 112 171 129 55 50 61 64 82 181 102 211 139 192 154 9 171 185 14 208 187 160 129 63 187 35 194 144 145 215 93 119 163 66 138 16 25 164 107 102 146 185 123 61 180 155 124 204 184 159 67 208 159 180 206 70 80 131 185 33 38 143 77 157 26 147 39 87 14 86 112 10 67 64 125 26 137 152 120 157 27 135 82 159 28 116 195 42 119 55 33 204 52 167 122 32 49 185 150 27 139 209 137 9 4 170 14 128 27 187 4 54 5 190 172 144 85 36 98 141 75 217 77 23 51 187 129 18 9 90 26 16 207 99 61 16 123 147 4 19 84 63 167 73 128 137 108 180 37 41 106 134 58 183 176 127 65 18 6 121 15 114 169 130 52 220 218 169 171 45 219 207 147 148 58 17 101 58 178 51 55 212 128 205 90 97 183 132 61 57 170 96 194 78 138 81 63 204 21 215 9 65 197 169 170 12 140 55 116 98 13 156
111 97 44 144 66 182 21 174 19 168 67 58 26 110 162 198 113 186 14 11 13 192 151 51 212 27 117 140 62 160 153 155 199 22 182 196 186 11 149 36 174 135 63 5 142 99 135 163 194 157 51 170 99 28 180 91 113 197 58 203 83 219 165 15 150 38 1 56 96 46 143 59 60 33 51 116 44 6 205 203 99 3 208 97 179 23 21 215 59 183 90 101 82 101 220 208 188 198 178 188 100 124 154 105 47 77 41 212 190 14 19 196 70 62 18 19 28 126 87 49 12 112 114 90 202 159 80 19 139 92 142 164 192 127 204 63 24 20 49 131 15 43 88 123 136 117 146 38 34 147 172 218 61 145 93 174 23 37 169 130 169 28 75 21 18 129 22 118 122 190 87 31 173 32 138 89 50 99 139 2 92 206 18 60 196 136 105 41 208 79 27 111 67 129 89 9 16 144 219 54 48 79 187 58 2 18 75 59 25 14 204 217 6 180 153 166 88 99 8 53
148 72 126 42 178 159 65 63 80 122 208 24 160 13 168 36 118 220 107 104 23 3 38 15 35 149 98 137 64 114 17 182 215 102 108 207 58 93 73 189 31 129 65 114 90 41 120 219 64 39 107 65 1 130 195 35 123 161 153 216 75 217 209 31 149 196 19 209 5 141 30 36 30 6 214 45 39 129 19 163 74 194 132 89 73 104 151 202 208 28 182 71 139 89 101 75 131 209 80 8 105 174 189 31 164 100 37 61 155 121 14 40 150 83 140 165 70 169 197 97 93 117 66 5 153 174 145 49 6 3 54 118 87 149 81 115 2 213 84 117 52 187 172 137 150 126 210 46 101 167 72 56 147 121 162 180 51 37 112 8 134 81 53 41 126 142 7 179 90 131 215 15 184 63 108 65 3 72 9 177 98 127 179 130 42 82 32 156 50 62 42 35 78 190 39 30 9 91 45 112 163 182 2 12 7 179 111 194 117 48 100 64 66 104 86 16 82 218 183 119
164 211 13 150 9 49 59 12 24 97 169 109 197 94 30 17 33 40 172 196 15 214 133 35 37 123 202 148 98 48 98 24 130 47 148 172 194 208 9 67 163 144 188 197 37 122 31 20 158 9 126 125 208 167 138 120 45 129 51 5 8 3 138 11 56 17 192 62 174 66 188 2 98 179 47 22 154 136 83 89 130 42 39 154 135 90 104 47 132 170 128 170 57 63 164 147 78 22 184 177 109 32 155 11 129 57 93 125 197 195 141 152 187 159 104 35 118 213 117 168 50 18 208 60 85 180 116 145 118 218 193 141 176 130 135 27 215 46 151 125 6 219 189 166 107 13 190 136 48 25 51 22 65 124 197 171 177 32 146 14 79 161 188 35 198 28 31 26 151 44 186 172 33 63 146 35 194 1 192 127 56 38 14 117 139 42 205 13 112 38 55 62 38 156 142 101 214 191 75 195 192 85 194 100 31 165 153 23 204 27 39 160 135 89 116 101 65 209 205 154
98 152 149 209 88 119 131 153 3 116 24 61 126 9 210 94 95 31 125 83 52 136 192 62 99 199 209 55 183 134 41 161 165 17 13 74 57 110 7 132 209 156 101 61 170 109 96 115 171 42 32 60 102 169 176 141 81 118 34 60 220 45 6 110 34 80 185 103 15 206 61 213 67 35 10 120 77 74 68 132 97 60 26 100 194 71 102 95 144 204 191 27 136 42 187 63 44 47 197 47 184 149 220 129 9 132 37 41 218 54 95 155 7 1 91 17 26 189 135 203 148 195 179 184 33 119 120 195 33 154 2 87 12 158 96 146 87 194 56 88 109 152 27 187 183 94 163 131 35 12 54 97 84 21 169 99 128 162 167 79 109 118 153 40 39 173 206 202 90 220 11 23 53 8 90 148 132 189 128 165 215 27 191 107 179 94 85 16 172 170 188 47 59 172 72 96 135 120 95 110 122 154 100 76 210 206 113 104 184 151 20 36 6 178 98 182 151 6 1 70
61 30 170 76 85 13 198 110 62 1 182 207 47 34 90 45 142 14 37 200 112 108 176 81 180 11 111 145 70 75 38 161 94 34 137 58 180 68 137 104 33 53 156 12 34 41 103 36 7 186 13 210 100 28 161 166 102 3 18 102 96 68 198 216 31 60 146 164 64 26 143 129 3 167 41 9 7 173 140 66 127 86 125 35 79 152 21 37 14 208 143 66 215 165 90 50 81 123 131 203 157 80 36 204 56 31 63 189 92 50 43 166 182 148 212 47 24 130 67 206 31 214 109 208 113 95 71 61 26 192 216 73 134 211 103 89 29 200 100 173 141 12 130 203 49 21 182 149 145 164 174 54 63 78 49 63 13 99 206 157 123 187 144 25 158 11 23 21 165 31 214 14 152 108 170 3 52 105 139 1 79 179 143 154 198 206 219 121 32 24 45 91 202 113 5 183 156 198 42 71 185 139 91 9 206 3 61 17 171 198 176 9 170 145 164 180 204 188 201 158
212 21 46 19 135 106 120 62 156 122 17 37 151 11 205 16 176 56 42 68 80 16 76 211 118 17 63 55 164 84 102 27 115 48 16 136 207 209 100 12 94 84 92 113 214 220 28 200 52 124 173 24 83 133 6 209 183 202 61 203 7 157 139 189 114 38 91 52 148 140 139 187 192 199 7 44 189 59 135 58 169 199 162 1 51 57 129 54 56 196 33 162 220 136 113 143 64 140 196 99 76 27 47 209 47 191 191 36 188 215 114 26 58 130 27 146 2 142 6 118 50 20 57 43 133 195 58 150 35 124 148 97 189 6 72 33 174 131 20 175 188 192 11 183 111 160 120 173 22 185 177 15 131 133 25 9 130 186 35 99 72 53 153 192 112 65 81 81 106 207 11 45 79 140 120 53 67 78 71 170 54 42 203 205 27 51 134 202 184 155 92 134 117 58 31 3 182 120 76 135 47 101 96 103 212 12 127 138 125 158 89 83 210 180 111 162 167 35 32 91
39 33 199 211 22 166 138 213 220 85 170 18 15 185 57 20 175 117 162 102 144 107 196 117 166 111 102 47 59 183 100 96 58 140 29 5 158 158 98 108 110 216 218 95 6 99 139 166 199 49 201 169 160 108 35 162 131 54 17 189 14 51 55 188 10 103 56 184 116 192 190 196 66 124 32 27 162 62 129 60 15 149 22 5 201 159 151 122 111 175 90 161 11 174 144 194 21 131 34 6 153 86 168 177 106 115 175 157 72 73 140 203 210 151 124 116 15 86 180 65 217 213 171 109 95 117 188 56 19 72 9 192 29 33 137 122 132 141 129 101 28 88 148 39 73 157 14 143 161 113 58 90 83 1 173 25 120 203 50 53 205 47 12 5 159 144 194 123 114 62 216 76 135 90 115 120 198 171 191 40 8 153 19 211 71 135 38 7 33 79 217 165 170 70 182 20 204 68 117 80 33 31 25 182 116 204 57 55 190 87 220 149 65 59 50 5 141 18 156 162
128 101 135 206 128 97 217 47 217 139 44 10 215 97 20 168 126 66 71 81 79 155 88 92 165 84 162 173 208 181 111 197 150 25 146 103 46 124 62 134 64 12 6 206 181 3 14 30 166 84 38 208 7 6 48 217 179 151 12 44 52 220 144 64 18 159 29 28 44 94 14 67 89 89 143 61 115 123 131 22 198 165 199 194 90 207 16 144 116 19 62 81 168 181 22 60 161 33 111 145 34 144 171 145 123 192 99 110 104 53 18 47 194 159 178 112 212 131 219 91 169 201 74 93 101 184 153 14 12 141 16 143 141 167 156 148 184 132 156 196 128 121 184 189 136 184 93 160 178 142 8 201 91 143 33 170 3 30 20 135 58 211 36 180 52 36 55 174 11 138 179 70 91 160 111 174 6 53 9 44 25 31 35 199 170 20 26 110 111 27 146 166 19 142 109 161 93 117 120 21 211 123 219 45 28 71 158 53 60 63 130 168 132 141 15 87 48 127 41 98
147 50 184 199 198 205 3 129 201 99 108 103 151 114 33 84 138 49 69 135 153 162 113 204 76 165 201 89 80 92 39 189 92 181 75 70 126 19 84 183 106 174 215 151 50 161 185 137 190 142 29 33 164 99 30 180 6 40 101 12 181 41 66 192 191 209 213 143 168 164 74 173 75 28 28 132 120 152 53 88 184 142 220 24 65 117 75 200 44 1 213 87 18 144 168 71 36 3 3 143 157 132 123 214 219 129 202 178 208 151 121 166 100 32 215 16 138 132 41 196 201 110 181 24 190 177 156 43 74 90 165 87 122 208 136 208 159 143 169 209 81 69 192 50 78 162 37 154 209 209 215 67 68 26 100 51 194 189 134 66 109 70 4 23 176 97 44 148 36 51 211 26 107 187 57 95 210 88 131 155 118 77 31 113 128 78 32 7 141 179 73 8 106 109 208 44 142 110 125 70 80 20 57 170 109 200 138 31 127 107 211 9 151 32 39 101 210 118 18 100
32 31 128 63 23 76 139 215 153 68 163 97 37 77 156 90 207 32 165 34 182 49 137 92 10 84 65 135 178 172 216 118 107 106 144 78 154 78 154 152 193 51 213 202 8 47 89 147 137 107 182 203 134 69 38 134 102 200 15 32 171 112 84 69 123 31 193 63 93 175 82 164 161 219 30 197 187 213 10 7 108 14 191 3 205 32 58 37 61 213 49 95 148 56 218 16 16 142 142 141 82 50 114 140 141 217 130 114 126 118 28 105 65 141 5 42 133 97 70 49 128 22 101 74 195 185 119 46 220 25 5 33 73 152 162 198 45 65 41 139 185 208 46 12 163 129 133 188 73 41 209 142 170 139 186 207 92 117 95 98 211 146 188 186 102 11 54 207 172 160 212 184 181 168 217 97 20 130 65 12 36 32 67 85 25 63 63 140 147 16 86 174 155 19 173 107 126 125 45 198 21 23 206 55 209 15 214 83 167 129 12 55 150 55 41 164 111 190 123 89
84 46 158 5 86 20 4 173 19 150 20 132 124 135 158 42 199 101 59 41 178 110 161 71 9 220 170 135 12 165 16 131 70 21 172 139 205 64 21 53 143 30 38 45 34 4 78 153 213 205 51 186 177 88 57 209 212 27 13 32 191 89 105 52 189 160 116 108 60 156 45 45 101 208 66 24 33 121 201 195 100 12 34 119 166 161 176 125 190 141 188 93 146 193 149 51 22 103 103 13 62 168 85 110 48 173 74 136 26 24 130 62 97 5 53 186 201 135 214 73 177 87 137 91 193 28 124 59 117 27 22 14 44 216 30 205 17 75 201 122 106 138 65 184 169 20 63 108 71 132 44 157 155 54 167 208 111 23 51 167 217 65 63 124 77 139 95 198 105 6 179 15 40 212 109 66 74 165 44 110 10 126 70 207 207 24 169 42 103 84 11 170 126 98 220 112 195 113 61 195 29 34 137 156 4 18 21 46 65 28 42 57 202 17 15 32 72 22 110 81
124 60 57 32 30 193 45 104 144 70 73 147 92 49 94 132 33 173 162 86 183 121 78 6 142 205 83 32 12 52 103 63 150 65 2 122 175 219 209 85 201 185 136 190 83 122 83 138 33 158 115 206 179 173 105 128 96 218 144 114 47 20 204 75 39 165 28 97 202 104 200 65 118 53 39 150 61 211 40 103 26 100 30 72 82 171 107 80 138 46 62 78 206 76 34 134 44 126 211 202 11 202 201 197 147 85 199 99 188 1 178 99 108 203 40 195 148 210 27 155 157 141 96 195 98 170 183 115 193 39 186 70 192 192 138 120 129 8 79 168 136 143 17 130 160 8 137 144 184 57 120 191 155 78 123 83 219 124 187 21 65 206 202 32 91 125 78 124 220 33 191 14 133 142 120 142 62 219 171 156 99 7 205 65 9 198 210 133 205 168 217 209 116 103 211 158 183 132 193 149 159 41 6 55 81 85 81 197 14 169 167 109 185 6 132 81 79 141 129 161
216 150 81 96 91 183 217 49 14 137 217 131 202 90 109 149 16 12 101 47 92 72 131 104 15 162 57 45 153 215 210 28 220 55 217 118 187 206 6 141 40 65 64 35 86 37 188 100 79 21 158 85 6 148 176 46 93 179 190 152 219 76 163 122 189 21 196 6 114 213 68 56 88 123 43 47 89 14 159 3 189 119 120 58 129 156 197 71 63 124 118 72 71 184 67 202 117 202 158 116 84 127 77 7 155 160 150 127 207 99 42 195 96 201 141 171 152 95 22 34 85 41 169 4 43 158 195 75 52 173 83 95 187 130 70 215 163 138 44 184 219 168 109 26 136 64 144 50 194 2 120 63 91 31 93 8 77 67 61 61 58 214 65 172 25 58 141 109 148 67 202 3 114 94 124 219 94 156 13 133 105 183 146 66 204 37 76 46 31 73 195 117 103 157 69 149 149 211 77 218 132 166 130 23 131 56 21 209 161 174 12 71 173 115 14 141 47 196 3 169
183 139 14 115 120 26 193 57 75 55 202 119 79 161 200 126 55 119 82 206 143 63 33 71 13 111 88 42 29 51 155 64 214 191 65 137 128 1 169 182 160 11 215 106 199 90 186 58 213 180 192 92 26 175 36 137 191 60 31 219 100 2 187 52 3 119 84 108 28 181 178 164 79 72 140 59 105 61 201 6 37 11 121 102 203 17 51 115 181 34 128 31 125 82 15 22 175 11 172 62 79 17 205 48 50 83 139 131 85 40 73 16 1 120 60 147 156 93 139 38 87 89 152 186 79 193 102 103 130 108 180 60 55 116 220 176 147 13 101 88 75 81 188 85 128 14 138 83 161 94 79 186 127 197 206 36 177 34 39 62 19 147 208 76 2 186 94 108 177 68 109 92 25 155 173 129 37 52 129 214 121 217 124 80 80 139 215 161 93 138 173 176 73 99 110 180 107 142 181 100 157 23 100 71 3 161 90 172 188 163 212 134 44 48 188 53 165 33 194 159
155 58 144 194 8 40 73 43 62 188 217 50 97 11 75 9 184 4 80 122 207 135 201 196 27 59 62 205 49 35 20 16 104 58 44 25 28 58 163 171 147 71 78 217 51 154 31 212 42 110 137 135 30 33 94 99 219 154 150 86 82 119 181 84 9 115 53 31 198 10 86 109 63 54 157 189 195 162 183 103 16 1 2 181 169 75 44 35 43 56 118 54 70 161 104 152 86 62 68 128 33 209 106 48 212 193 9 32 11 104 159 81 179 156 162 43 172 22 137 173 200 14 165 110 11 128 94 82 81 73 168 52 14 67 194 185 12 2 70 135 211 2 13 154 111 131 55 176 98 29 196 154 110 120 177 49 38 211 133 151 191 108 55 125 209 9 165 190 103 36 53 26 88 65 179 156 130 122 198 128 132 170 150 170 186 6 87 4 63 151 32 95 160 209 22 29 170 215 54 48 22 209 148 95 49 131 164 16 85 213 72 10 204 21 35 5 7 206 82 197
141 121 167 21 59 73 191 31 117 95 72 41 190 78 192 174 149 131 111 204 114 190 80 103 194 198 143 144 150 11 142 167 70 199 184 139 30 194 69 21 2 23 119 146 65 70 72 156 90 21 219 25 219 50 65 15 172 164 87 56 181 17 146 158 114 63 169 191 147 71 168 183 59 105 31 172 99 83 7 200 213 8 163 77 135 70 184 94 212 12 199 107 56 148 164 68 36 184 152 185 137 31 165 122 31 169 144 27 191 181 146 48 207 81 73 182 37 29 58 212 56 6 110 40 56 193 67 175 86 166 117 44 218 156 146 111 8 194 210 140 64 189 24 95 129 195 45 186 119 126 39 90 155 63 4 217 171 62 110 10 151 199 182 73 210 179 142 204 90 90 13 106 70 41 122 141 59 20 45 116 205 62 102 185 30 98 175 42 55 78 2 81 192 184 83 62 213 126 127 145 25 22 199 175 94 94 171 151 189 99 51 172 53 128 172 2 214 78 26 212
69 198 193 7 93 15 186 70 203 57 134 168 101 44 97 135 38 88 47 153 46 155 108 166 157 67 93 56 76 167 68 138 145 160 51 127 36 95 29 61 24 66 32 214 165 139 136 219 126 183 15 220 71 71 193 195 65 169 204 201 172 55 61 67 40 34 125 16 114 74 84 72 100 158 184 51 73 163 196 109 42 47 62 145 94 213 182 21 63 209 94 149 4 91 102 12 201 9 27 52 98 183 219 64 48 212 205 207 194 144 55 22 200 122 105 51 36 184 64 39 111 175 20 212 196 114 170 33 86 106 185 162 119 71 211 35 186 99 155 72 179 217 131 35 148 10 49 129 174 46 10 103 136 29 210 189 42 150 117 188 24 33 210 73 141 204 43 149 107 175 114 48 206 156 102 66 22 110 24 44 15 217 186 34 167 1 90 42 107 22 172 215 35 97 67 204 141 2 121 157 43 74 182 172 172 159 214 66 190 46 7 168 4 78 125 192 159 154 124 27
58 133 118 144 123 160 76 198 205 104 45 119 204 131 110 90 5 62 134 172 11 14 208 51 106 144 187 41 76 1 138 193 143 6 160 71 136 20 133 8 13 53 135 116 64 90 165 154 102 136 97 17 13 88 96 52 14 98 158 134 71 150 207 200 23 93 175 196 40 196 209 20 35 173 29 43 13 51 13 188 48 207 3 208 176 113 201 3 72 136 56 17 144 169 168 217 76 174 159 84 156 62 46 57 145 23 99 123 137 144 122 135 203 60 109 129 31 56 125 125 34 15 80 86 60 203 101 218 64 46 121 117 117 119 206 104 125 191 3 81 65 118 37 114 24 190 2 209 106 145 69 185 131 167 24 64 204 68 150 16 165 41 52 29 37 106 128 32 114 28 125 18 149 177 37 183 39 88 168 50 61 7 144 125 97 151 33 147 144 190 47 108 10 157 2 45 213 210 126 163 139 109 123 101 190 88 78 214 40 15 148 7 90 170 16 36 44 138 126 203
167 48 66 173 114 15 202 175 57 184 194 47 196 200 124 151 188 138 195 93 72 196 51 27 53 92 63 99 75 177 183 114 172 17 106 86 3 112 35 49 54 159 10 165 132 131 152 88 13 65 48 70 110 37 109 42 201 197 68 99 15 114 18 49 41 134 77 148 111 3 61 186 209 69 104 124 88 27 192 22 158 184 11 50 113 19 139 199 34 195 57 70 91 137 161 25 38 26 210 9 55 210 66 122 4 72 18 47 31 84 94 179 39 143 16 82 111 205 79 159 90 193 178 111 205 194 120 150 74 116 174 76 30 12 214 103 21 4 83 47 29 131 87 162 112 83 140 11 146 115 130 126 60 104 67 36 198 115 216 209 219 205 7 138 202 76 149 220 136 136 117 35 26 56 129 206 110 141 87 47 6 8 30 166 55 146 207 177 135 72 60 74 12 129 54 110 113 211 100 176 16 151 44 169 23 93 77 52 25 5 106 119 202 112 151 28 46 86 177 137
14 45 154 88 138 39 14 208 70 89 63 207 38 182 86 135 17 5 150 65 206 44 141 208 129 12 203 115 46 52 102 140 116 194 72 87 158 83 70 211 52 131 127 29 217 78 14 133 138 169 92 43 128 163 111 136 119 195 75 169 175 50 157 165 177 34 120 119 74 96 95 117 206 94 139 218 86 205 131 154 195 49 51 167 195 200 148 186 164 203 58 171 5 173 154 212 70 91 11 200 154 153 14 60 211 112 117 160 85 43 136 147 153 119 134 10 151 147 162 100 67 53 122 58 82 160 218 116 29 156 17 137 174 39 199 83 192 202 29 133 198 72 208 117 91 102 159 38 64 164 127 2 187 25 1 38 91 88 29 106 55 94 218 122 69 90 38 124 125 162 56 54 50 24 140 81 57 173 125 162 10 131 79 18 164 51 22 23 152 196 116 11 11 183 133 98 186 22 68 220 100 36 196 154 32 206 11 110 71 217 204 142 91 209 217 45 87 212 53 214
58 180 26 28 92 220 196 9 196 135 20 66 18 172 170 12 209 56 46 37 123 81 174 197 73 74 171 18 16 122 120 209 212 108 173 31 209 189 214 12 204 190 63 101 86 219 197 133 78 93 193 142 203 220 144 196 75 122 67 164 144 122 109 163 40 114 203 20 108 90 12 34 144 76 81 63 148 194 15 38 43 53 115 184 22 62 139 123 64 53 9 79 87 74 9 102 8 159 174 166 116 206 43 126 152 138 42 207 213 55 159 105 164 210 29 17 29 56 44 64 216 81 193 131 105 108 188 48 210 187 98 85 179 220 149 181 194 160 207 39 90 179 140 174 98 104 93 193 85 108 161 157 101 115 100 145 108 201 9 158 60 164 76 109 74 159 147 17 125 194 66 121 44 111 77 79 135 194 63 49 166 208 121 95 7 44 56 136 65 124 144 199 104 21 135 23 128 76 145 163 152 96 95 2 97 175 63 40 36 112 167 15 82 173 102 177 15 91 189 144
133 153 144 195 79 54 183 150 5 143 40 178 22 14 38 9 91 60 102 162 181 144 215 138 133 22 99 62 105 40 174 58 180 48 153 177 146 86 19 172 105 32 212 38 205 68 182 12 38 196 218 135 61 109 98 86 17 163 22 115 130 111 80 201 100 50 24 193 177 35 174 33 59 39 26 112 110 156 101 207 1 122 79 108 86 66 152 195 23 87 7 103 50 13 124 132 71 67 83 195 182 136 158 107 120 108 150 157 97 32 13 184 119 21 120 114 88 162 100 29 137 130 106 10 18 138 117 163 211 177 183 210 4 2 43 14 192 146 135 21 54 21 106 191 163 160 15 119 65 124 145 67 50 93 181 153 55 11 65 81 105 193 55 193 23 159 128 156 149 162 66 64 189 147 72 171 91 100 77 136 168 47 110 183 168 145 64 18 73 175 58 96 126 17 9 80 27 139 174 132 4 94 21 146 110 179 124 136 67 51 123 59 212 36 135 62 143 189 13 91
175 92 163 9 133 166 215 63 96 50 4 178 185 71 83 127 202 4 151 49 178 98 128 89 72 27 160 80 162 178 99 208 90 47 170 99 208 185 119 142 166 51 53 184 94 30 141 201 142 173 172 171 137 93 166 103 216 218 79 7 182 15 90 136 11 20 107 207 58 46 216 41 202 104 1 133 16 57 105 9 186 55 72 195 149 125 179 155 194 145 112 85 102 94 199 19 64 47 197 94 99 62 188 204 132 148 169 132 79 166 107 129 203 201 23 6 139 24 210 68 95 30 193 88 200 97 139 42 85 64 141 202 72 98 95 86 80 118 145 94 207 157 87 139 95 194 43 166 6 188 157 139 20 26 92 3 162 62 157 13 217 71 139 51 64 76 82 171 148 197 140 7 68 187 72 134 185 190 77 45 31 49 55 139 166 147 46 117 46 164 215 66 172 5 108 174 78 205 38 58 216 96 154 220 117 77 108 78 157 165 107 118 79 111 186 127 134 3 91 205
11 152 99 155 175 30 56 81 58 112 44 182 146 181 66 191 220 123 194 204 10 32 37 161 64 56 121 38 140 70 30 108 148 172 155 110 137 143 120 86 113 201 208 95 23 11 35 43 19 87 49 214 17 35 67 215 74 201 209 36 75 213 161 28 128 28 204 174 104 207 211 67 177 165 194 42 145 19 37 76 192 200 220 148 87 79 107 168 42 16 76 159 135 137 188 91 51 80 170 205 45 50 167 154 54 97 92 11 149 141 35 3 8 200 23 135 177 109 156 32 85 78 88 82 145 63 4 41 157 191 194 209 60 207 73 189 31 56 182 62 200 113 46 82 96 2 198 117 77 156 112 131 133 94 45 194 90 33 210 175 13 197 23 104 26 111 178 118 61 209 65 169 102 113 138 128 201 144 95 175 130 201 105 206 131 207 187 206 156 202 113 5 108 1 13 153 138 17 181 19 169 47 94 84 67 59 18 40 89 102 111 90 169 35 107 131 215 118 108 122
26 182 122 183 49 54 68 34 36 120 92 198 206 73 70 138 89 64 120 61 118 200 184 91 166 198 104 53 4 82 58 77 9 54 143 80 22 15 141 41 174 47 62 141 113 151 200 216 60 45 16 92 98 150 191 28 59 212 38 216 35 42 144 65 127 165 92 1 194 158 122 141 83 145 33 29 82 30 184 88 151 38 105 80 180 104 196 168 219 167 126 174 178 5 60 153 87 104 95 109 75 81 68 16 53 127 190 125 47 20 58 23 180 140 180 158 58 158 53 42 71 94 126 147 83 90 137 178 64 161 210 113 70 148 80 29 18 200 68 7 79 164 61 149 95 199 46 92 142 191 20 162 154 43 18 212 23 68 155 16 50 103 53 191 38 96 194 187 93 109 151 58 107 39 90 116 8 14 79 41 217 70 210 202 175 80 161 36 78 182 133 12 195 207 194 126 97 212 184 75 51 94 109 118 50 78 26 182 38 56 153 218 177 205 183 30 29 92 26 196
85 29 144 104 85 194 163 203 146 187 113 120 168 33 75 78 152 79 30 130 87 143 65 61 203 153 9 153 177 28 36 5 10 195 171 65 182 26 213 19 107 80 123 143 100 155 60 27 29 153 70 5 93 147 113 122 107 132 120 34 47 18 85 48 106 29 194 11 105 32 114 190 84 186 54 208 37 141 220 17 137 213 112 159 56 107 114 36 180 114 42 204 19 152 68 176 177 78 115 98 188 11 124 1 60 118 145 40 74 144 204 66 105 14 157 52 177 126 15 114 157 85 128 91 124 127 209 111 55 18 162 191 110 70 191 174 54 99 119 34 136 163 115 13 212 126 214 138 205 177 12 34 132 18 51 98 51 149 2 153 217 66 46 84 58 78 107 30 105 106 136 165 103 15 219 80 78 15 102 189 9 206 211 28 27 33 99 90 187 209 71 72 181 135 107 173 215 20 168 172 195 15 30 160 133 195 98 134 6 16 45 215 55 151 40 46 128 53 151 97
163 143 212 31 106 76 26 143 147 38 82 15 214 108 130 18 127 1 117 169 42 65 195 176 140 186 6 84 192 24 133 55 191 158 171 106 41 4 172 71 189 108 87 173 63 213 123 10 191 113 188 73 130 92 50 105 158 141 104 203 70 130 32 59 139 29 104 29 30 6 88 212 180 153 156 208 185 150 75 146 6 126 64 196 47 139 217 116 109 123 109 50 83 138 29 167 28 189 155 74 27 138 209 38 12 144 120 39 136 111 106 161 81 190 110 13 50 12 89 88 119 181 47 125 67 93 214 194 103 178 19 203 173 95 59 108 108 101 34 36 184 19 120 75 44 46 21 217 65 203 129 86 78 125 108 212 154 21 136 18 36 59 210 144 78 139 12 175 124 37 2 113 134 167 2 200 71 62 106 83 213 69 67 139 67 177 192 52 172 7 191 142 178 204 11 176 71 20 179 62 144 8 82 36 66 47 138 134 149 13 80 122 63 11 195 181 5 4 93 53
114 201 182 2 81 109 149 212 127 108 19 51 21 163 64 154 208 27 160 36 129 77 101 21 208 25 54 220 124 163 170 191 36 34 113 59 218 29 8 120 92 71 180 181 97 56 96 135 20 30 152 121 125 59 138 35 2 110 62 52 181 133 211 182 203 37 92 107 2 47 208 207 150 12 125 160 158 152 207 128 34 186 152 144 54 118 129 95 29 187 215 210 170 156 88 72 34 104 80 205 111 7 175 192 71 37 124 169 173 116 88 18 162 11 71 106 174 81 55 99 175 219 215 157 143 49 122 208 116 63 170 25 7 169 171 115 65 155 193 112 110 40 41 180 23 66 2 99 130 164 84 209 19 89 11 50 218 81 70 152 60 220 58 42 64 134 6 112 218 128 135 14 124 47 132 117 56 24 145 99 147 155 11 143 59 53 118 83 217 2 78 173 40 124 196 216 115 181 42 191 2 190 42 155 28 20 54 56 34 130 180 161 187 171 60 44 2 149 67 116
100 126 53 162 112 76 42 139 31 210 51 70 10 29 47 84 80 25 197 208 163 194 174 213 220 105 170 87 84 89 7 120 88 30 7 140 211 125 144 113 200 126 31 130 189 89 78 200 156 69 22 66 202 10 28 106 40 48 12 196 152 190 209 90 56 208 194 199 111 87 172 48 149 216 197 21 212 115 70 70 45 149 214 183 132 203 119 167 175 76 29 85 202 107 159 44 189 30 170 102 91 179 136 73 58 159 217 25 34 182 147 119 134 164 22 99 139 103 51 95 121 94 220 69 34 126 205 103 107 6 96 21 142 89 11 110 173 123 145 174 133 189 15 185 39 194 76 116 143 59 33 50 58 175 136 44 161 5 122 129 211 192 18 125 6 139 5 142 191 30 133 17 108 18 6 169 196 161 48 75 192 163 114 49 17 210 7 172 30 97 220 204 106 130 174 216 127 162 57 144 51 177 121 11 174 141 123 91 107 102 172 84 18 59 81 91 144 47 37 161
160 107 120 87 59 204 59 10 216 7 145 203 202 49 20 94 45 55 68 212 173 53 138 10 147 144 27 154 14 104 114 137 35 184 194 9 81 154 124 96 191 177 5 86 49 144 80 154 186 111 199 105 207 2 60 171 170 164 106 99 167 212 176 186 62 175 73 178 200 157 100 167 3 198 22 44 154 72 158 218 119 220 102 142 134 150 5 123 136 153 89 57 105 119 75 20 93 29 88 35 202 219 218 43 16 130 153 129 177 172 170 73 32 84 16 4 213 4 16 217 16 6 181 104 109 181 186 168 213 26 202 152 148 16 151 174 203 22 135 12 192 100 187 35 177 181 50 199 3 203 23 101 47 211 50 76 92 94 103 23 90 211 24 88 36 177 118 65 189 77 73 54 65 83 137 57 164 72 150 66 158 15 207 195 45 30 195 199 121 183 108 167 159 49 29 127 215 212 187 206 170 52 151 4 10 67 14 5 95 89 167 84 29 16 130 133 139 36 48 185
183 56 170 57 64 151 107 3 188 124 174 19 18 102 212 172 154 17 109 161 122 45 155 141 100 203 87 201 28 10 206 15 19 39 64 52 190 73 65 73 53 219 89 174 146 146 89 201 57 85 153 199 113 60 146 102 204 170 217 154 65 133 65 190 89 84 20 174 41 33 28 93 142 136 201 32 185 1 152 44 41 45 136 177 137 66 218 192 163 147 56 196 168 151 17 73 48 48 38 173 100 202 106 218 218 1 220 134 3 199 83 8 126 217 119 191 32 59 168 154 150 135 92 167 146 148 45 185 50 218 201 162 35 135 82 76 68 102 144 189 204 203 104 79 131 150 190 192 138 54 38 199 155 188 167 152 114 178 51 76 116 21 73 166 200 218 183 152 204 22 109 173 143 29 112 157 4 198 169 167 146 64 54 56 76 200 181 44 1 67 122 143 41 45 4 56 152 31 199 151 200 125 71 88 44 100 157 63 134 137 206 213 172 112 172 97 149 116 168 143
214 33 201 185 33 5 102 38 28 6 61 217 24 99 60 182 66 136 204 169 7 122 165 209 120 187 205 91 199 33 153 57 106 53 119 128 203 57 198 178 50 4 25 191 156 85 24 123 190 181 82 154 29 116 195 16 12 118 31 179 209 122 127 30 76 146 89 111 219 198 25 8 180 107 49 197 43 107 176 115 97 189 183 5 191 139 208 175 156 16 103 50 204 82 213 215 34 30 70 191 172 122 123 9 92 151 21 84 82 151 174 167 145 46 193 96 148 148 164 173 209 116 159 123 156 5 141 55 195 203 59 132 182 76 169 107 62 35 72 198 11 39 181 104 155 178 165 152 184 90 15 23 80 210 175 39 4 110 17 57 175 185 7 141 154 195 142 76 142 200 109 62 28 178 116 157 40 88 4 191 92 100 10 191 77 185 104 43 185 76 87 85 56 93 160 116 102 141 120 189 147 133 58 140 186 37 160 184 189 26 136 51 62 91 152 210 137 17 204 179
34 163 1 188 139 87 104 200 11 119 93 39 177 98 220 184 164 52 97 15 169 25 12 155 168 70 181 217 126 180 118 184 108 91 112 192 61 215 50 216 87 34 8 56 208 102 155 168 145 146 55 149 214 66 134 39 65 23 117 57 116 49 45 164 161 51 100 132 127 214 164 27 210 157 94 100 128 137 207 24 74 54 215 61 11 29 73 96 7 60 115 216 112 118 135 131 156 174 219 135 73 19 13 121 133 151 213 185 210 46 117 142 1 168 217 182 173 140 123 92 186 134 105 128 137 110 177 20 34 94 187 48 215 171 174 152 211 91 96 53 80 184 93 202 4 174 80 39 56 21 170 104 104 164 215 213 29 16 41 30 213 163 121 64 191 71 52 135 133 146 183 72 108 206 169 194 140 196 35 144 65 8 81 42 207 130 175 59 13 28 172 24 80 178 69 176 92 123 71 65 217 15 202 172 128 91 198 170 105 130 32 95 90 99 134 30 83 179 167 143
36 54 158 194 146 211 194 188 120 131 68 143 193 85 28 178 154 176 84 144 177 214 27 166 42 198 22 203 91 71 153 196 116 40 157 38 36 92 162 14 77 22 205 163 109 214 16 162 95 215 27 207 195 11 135 142 196 205 196 92 98 149 14 151 18 213 63 113 90 11 180 180 10 84 30 3 6 126 93 174 54 176 136 139 2 33 35 16 106 209 6 45 27 29 73 64 11 71 167 146 190 195 207 109 14 180 117 37 26 73 120 173 169 197 22 2 104 91 186 180 22 152 43 63 158 167 175 154 121 8 129 77 204 108 206 51 42 155 35 82 11 79 101 96 176 9 100 50 55 39 99 203 208 132 140 24 197 179 176 147 77 114 130 201 131 165 165 31 26 122 170 119 114 171 118 166 136 1 180 167 78 46 167 111 32 145 205 36 127 160 164 66 100 174 218 84 12 106 58 86 33 75 76 155 48 95 189 63 193 215 43 52 163 129 94 136 75 74 175 16
167 56 124 103 73 70 7 127 177 183 102 138 32 80 39 181 35 143 114 52 42 184 165 187 189 27 213 180 112 129 91 166 42 5 185 173 85 183 76 79 211 61 26 217 122 133 42 114 44 86 116 42 93 112 45 196 209 145 108 139 120 90 56 6 63 70 194 51 16 171 93 82 195 67 152 80 17 151 78 159 150 170 157 79 37 184 107 30 158 184 201 93 167 184 131 137 59 167 118 213 88 37 28 52 184 31 145 91 116 83 53 42 136 218 55 15 129 79 216 140 51 188 199 107 164 77 195 123 117 26 3 217 50 100 134 36 166 57 206 37 65 153 138 86 128 174 56 81 132 213 95 214 57 180 204 207 165 219 168 81 144 170 29 156 74 63 33 190 200 28 109 165 172 24 32 170 20 122 152 1 185 197 87 14 79 144 211 180 154 135 68 23 174 45 197 50 10 44 85 187 209 207 32 196 211 196 95 43 126 67 96 217 55 97 23 73 180 212 173 108
64 45 21 26 209 193 126 172 35 91 118 164 35 161 60 53 158 128 17 102 58 161 41 9 117 96 188 11 176 65 49 130 80 86 126 47 1 183 36 80 159 11 193 105 10 166 140 114 192 132 205 135 20 144 75 111 105 41 158 188 167 163 132 37 59 197 64 60 108 56 166 47 97 52 176 193 217 76 137 148 137 35 53 92 70 63 159 185 218 158 120 34 192 47 77 144 79 147 203 148 150 57 140 104 181 27 43 162 105 49 10 80 213 142 72 188 217 143 103 207 42 72 97 14 204 50 217 24 174 18 217 198 28 5 187 108 132 104 124 141 178 8 176 122 187 112 34 66 41 180 128 106 73 50 32 160 82 205 81 135 31 18 62 115 119 216 6 79 70 91 21 149 97 115 157 177 123 85 51 168 12 97 59 29 125 171 1 187 33 208 112 202 1 101 199 63 149 10 12 136 181 159 151 131 130 164 63 93 203 115 183 170 194 66 188 33 85 119 207 13
42 128 65 214 128 49 85 184 138 127 203 11 101 106 47 216 110 217 155 210 44 103 62 71 9 181 147 200 127 191 23 212 181 53 33 21 21 91 203 131 140 2 172 144 80 113 24 181 103 212 212 133 50 122 197 54 180 186 139 179 210 58 40 11 109 119 4 29 197 76 18 211 214 141 28 120 114 125 89 134 116 23 79 112 36 163 185 16 188 16 217 159 65 183 148 128 220 63 116 160 31 205 83 144 177 143 62 184 18 115 183 70 119 37 5 13 118 46 12 29 129 66 124 41 174 101 216 176 47 108 49 115 213 61 132 167 199 38 35 96 188 21 149 65 63 120 35 175 125 173 136 161 100 41 157 98 137 218 133 12 19 1 174 65 73 178 14 62 72 144 191 79 216 47 192 207 142 192 72 16 175 191 74 61 106 14 32 96 69 198 220 15 85 220 178 3 14 194 32 102 20 124 217 132 189 153 197 113 142 9 46 217 193 204 122 216 164 184 129 150
153 126 22 134 138 176 50 33 215 196 210 56 42 216 136 116 124 121 86 32 62 145 160 134 87 149 198 124 204 137 127 55 137 176 179 86 183 186 209 20 133 186 127 170 75 16 174 84 93 23 160 94 40 152 158 90 165 71 8 103 63 150 55 206 183 199 24 218 58 64 141 136 150 90 103 145 66 105 218 45 203 49 171 101 146 92 144 106 8 34 16 161 210 204 114 23 80 199 110 106 155 109 7 138 217 193 204 137 153 72 149 60 13 85 41 129 58 138 135 149 78 175 17 141 169 211 17 12 214 164 173 91 91 77 130 214 182 173 21 146 42 129 157 35 187 220 22 37 129 89 81 169 203 137 35 2 3 86 18 121 121 154 1 108 52 37 144 104 45 198 17 76 191 22 190 175 111 45 80 218 208 170 121 112 53 82 179 54 194 193 42 103 77 11 9 133 133 12 185 124 174 198 157 44 35 93 47 49 163 84 88 116 80 33 40 189 192 6 8 114
181 212 152 50 43 60 156 158 127 191 4 174 175 124 48 73 171 80 145 53 24 137 97 206 216 215 12 15 16 69 110 56 194 116 82 214 128 114 121 12 205 74 172 174 195 72 4 105 181 8 6 133 47 105 66 136 161 101 182 9 216 217 214 97 49 208 171 74 214 24 179 62 153 126 22 132 201 196 100 67 205 120 141 99 58 189 196 43 32 16 48 181 50 6 19 144 170 4 196 126 150 175 67 34 200 118 149 73 143 219 51 136 39 87 8 220 12 36 80 70 218 11 116 66 82 4 139 127 189 75 112 69 63 32 186 95 165 140 84 62 104 41 18 48 71 24 205 159 173 79 119 134 155 124 11 100 166 28 63 132 13 30 6 41 26 19 88 38 141 191 220 76 67 166 71 113 92 61 112 201 90 184 160 9 52 174 125 71 220 49 220 85 66 170 195 110 88 116 122 42 70 184 34 29 72 107 30 182 128 9 145 89 158 192 102 196 131 121 217 217
94 14 170 83 203 166 151 17 3 174 79 67 178 90 115 93 111 157 207 20 165 124 27 150 118 139 152 194 149 211 145 104 174 102 88 130 62 18 197 210 46 9 30 131 75 68 208 96 31 74 137 85 10 84 202 25 57 45 192 212 200 45 13 177 183 168 207 52 69 59 20 21 165 150 21 135 84 13 144 90 165 61 214 59 127 111 203 58 126 151 211 41 116 160 41 127 58 127 18 35 209 53 104 166 188 49 18 209 200 33 109 193 210 71 122 34 109 60 84 42 205 1 21 88 156 73 186 204 190 203 201 147 121 218 101 88 216 147 169 52 125 3 48 105 66 180 118 89 202 74 31 44 173 198 60 168 114 146 77 183 111 14 54 41 98 186 210 17 31 46 19 143 139 175 214 16 155 150 155 218 103 158 30 111 154 56 213 92 138 11 138 166 19 70 134 72 140 156 44 179 30 153 213 59 2 9 173 117 150 48 40 208 184 149 127 29 78 52 213 166
43 30 194 61 165 74 49 1 29 184 7 44 144 185 43 60 40 28 142 6 176 14 189 144 101 204 139 3 136 128 28 52 168 99 216 213 44 150 173 197 219 113 107 174 195 167 56 107 199 21 18 88 116 113 140 215 172 94 38 121 220 46 45 43 20 132 88 45 218 122 188 14 33 163 188 66 2 131 161 2 109 138 161 120 143 128 67 106 214 133 62 25 147 150 31 200 135 23 216 213 216 104 191 66 46 150 85 164 81 113 2 98 34 51 61 131 199 152 87 156 49 180 210 179 176 184 104 220 19 110 135 108 193 24 52 136 80 103 158 211 196 203 130 90 16 163 217 124 74 14 174 118 153 36 177 76 147 35 30 52 75 192 70 60 188 138 143 24 98 177 8 2 178 193 124 19 3 218 82 180 207 199 135 36 163 185 17 77 40 29 146 22 153 41 110 130 83 34 29 54 197 122 215 135 56 143 44 151 204 40 160 123 29 210 177 33 199 181 89 144
90 78 88 138 125 111 78 128 117 209 73 35 171 143 208 89 70 73 196 123 23 95 108 74 215 61 160 212 181 105 145 181 143 119 61 197 33 56 211 211 211 136 69 79 138 22 47 156 153 36 29 100 75 217 217 106 96 81 10 54 7 79 91 25 201 75 104 153 39 27 45 123 90 36 170 207 109 137 114 200 200 36 204 5 86 191 20 136 187 141 167 74 83 70 200 109 170 23 212 184 56 55 103 129 220 201 162 125 91 89 214 151 218 139 215 15 186 11 117 57 15 193 109 82 170 106 210 210 37 179 200 100 41 197 203 192 196 32 69 204 48 154 126 158 75 192 149 165 25 46 171 210 174 50 14 160 184 155 218 100 119 93 34 185 143 181 185 112 184 159 75 17 15 18 9 176 126 73 150 93 75 17 27 123 167 113 141 127 189 17 114 217 193 30 88 129 200 117 36 108 172 135 191 206 182 38 189 13 119 119 131 146 69 120 73 84 3 84 167 24
89 46 20 152 154 169 127 147 84 16 70 209 218 151 90 79 46 26 81 3 199 87 104 130 165 155 145 122 201 210 175 96 187 157 117 114 38 149 122 158 154 161 191 10 208 183 208 150 103 125 23 159 191 206 117 45 210 133 42 94 80 207 122 128 30 214 121 92 126 179 43 110 37 124 86 183 163 8 142 46 62 205 37 214 159 204 90 62 80 106 127 117 54 146 103 165 62 75 10 107 214 208 146 138 102 189 117 44 179 201 165 91 177 31 202 57 17 93 118 18 117 44 174 201 202 162 92 18 45 27 205 16 191 134 22 212 54 146 154 186 23 2 40 108 211 38 87 149 90 51 81 18 52 152 44 191 154 149 23 154 130 62 171 100 123 189 65 81 162 120 20 84 155 130 213 82 162 157 164 56 216 190 135 191 16 219 175 93 166 23 187 34 190 129 151 201 178 6 208 192 139 99 93 143 55 205 213 43 165 99 70 106 166 87 77 206 165 203 126 88
95 121 203 129 147 67 4 39 53 130 171 56 207 100 49 194 68 90 173 92 43 59 183 63 162 213 142 130 5 192 74 18 5 2 162 88 56 151 59 6 14 142 103 42 179 57 166 103 73 86 100 205 12 176 41 124 157 34 117 52 217 177 151 142 87 185 31 219 46 218 152 218 209 192 147 140 191 74 151 131 91 216 46 211 44 123 209 8 170 59 163 110 118 189 116 83 128 41 152 139 167 147 108 5 49 209 150 180 96 183 210 82 6 61 9 170 215 1 47 140 61 216 190 216 96 15 117 65 130 78 14 22 105 99 114 96 220 72 138 68 195 2 112 210 164 62 67 70 4 175 11 78 73 104 7 76 3 218 156 171 49 217 214 131 174 11 68 51 206 79 79 161 108 178 27 103 146 214 23 50 26 8 174 34 188 197 83 81 33 39 179 219 191 218 41 27 220 94 118 33 153 55 63 209 175 69 157 180 105 154 206 12 202 94 110 23 12 154 173 190
145 217 195 9 165 108 219 132 128 189 37 32 70 122 149 170 149 88 86 116 153 89 69 54 20 39 182 50 120 47 101 34 146 172 75 143 219 205 69 209 80 23 111 166 220 163 89 134 3 25 103 216 115 180 37 122 41 11 13 48 199 153 136 42 36 41 99 168 75 219 163 29 188 86 6 137 42 136 70 139 179 67 139 40 3 83 16 187 34 164 138 129 197 61 209 94 8 95 39 47 21 89 53 45 126 218 37 13 164 181 181 124 211 150 203 4 162 60 66 211 18 114 113 49 190 15 33 169 107 28 2 69 42 185 133 105 151 114 34 210 34 205 169 151 88 81 144 161 19 55 114 204 190 194 13 96 43 145 72 7 148 42 35 173 106 215 219 120 38 184 31 69 91 98 155 147 54 209 13 124 155 18 46 62 195 111 15 174 131 195 29 46 107 106 125 18 193 179 107 73 78 174 39 183 117 212 145 214 216 156 61 55 161 113 97 31 1 101 89 54
20 109 40 195 208 106 51 208 155 94 153 177 42 73 60 25 64 80 129 197 220 14 36 76 168 186 73 179 77 24 26 19 212 209 54 141 91 19 9 107 138 183 78 59 219 169 104 205 155 190 106 132 31 174 178 207 65 170 219 11 16 185 162 66 46 196 43 144 15 112 189 121 209 211 19 173 169 162 154 60 53 34 176 34 153 30 199 68 164 174 34 28 158 167 129 98 144 15 161 64 191 50 24 157 194 122 186 208 174 70 147 153 31 101 156 175 69 2 116 116 48 152 158 107 83 215 101 150 68 23 166 176 145 117 154 5 167 88 54 99 54 57 209 8 35 152 146 151 76 169 173 3 175 193 56 209 107 182 212 122 42 64 185 23 78 189 16 176 75 219 69 4 197 139 101 189 140 53 95 1 148 106 145 135 86 207 176 169 13 151 203 197 191 158 145 113 81 44 206 163 94 25 151 202 177 96 77 26 46 155 25 124 30 161 217 11 9 151 195 44
93 33 84 84 81 112 60 107 26 83 210 104 77 44 36 118 174 200 164 106 138 35 218 142 94 197 34 166 179 195 63 44 167 43 171 42 110 191 206 64 169 133 176 27 99 89 7 35 120 140 138 99 104 159 142 62 100 1 176 113 218 11 160 195 178 203 3 137 213 133 123 70 126 178 119 192 144 159 91 172 148 175 153 216 215 29 78 147 110 62 204 65 176 140 155 85 27 115 51 52 1 190 110 139 14 70 11 63 89 169 112 45 128 105 69 216 169 211 153 150 108 67 90 188 125 79 61 214 69 18 107 74 136 43 161 14 180 52 79 200 14 191 34 41 77 207 174 92 160 162 94 46 197 12 37 62 197 105 26 95 186 141 149 17 34 61 156 24 116 210 54 194 153 65 59 126 23 58 85 214 175 16 56 178 142 115 152 60 196 1 156 133 97 13 176 80 66 144 84 113 51 183 120 199 166 41 98 135 110 140 107 156 26 216 134 124 1 52 23 135
150 108 78 150 105 172 171 191 141 4 90 150 169 180 107 154 2 55 121 37 169 112 200 128 45 43 179 41 127 51 87 17 101 134 93 58 36 177 141 83 90 51 22 108 97 161 119 85 97 35 82 19 22 122 155 159 127 180 41 186 42 155 184 152 148 48 146 184 21 128 88 133 26 61 170 3 21 207 128 7 52 52 70 148 64 37 196 164 127 93 144 9 12 116 130 44 103 197 91 73 148 210 86 22 171 174 96 43 130 94 178 211 77 162 215 94 184 197 206 58 209 36 8 113 45 90 125 62 64 116 20 176 178 172 205 93 50 90 218 194 170 94 175 41 102 102 206 111 8 106 191 51 78 86 92 53 68 103 185 73 153 148 151 197 109 31 67 178 135 131 192 164 136 60 67 148 156 36 135 102 2 85 155 42 109 165 123 21 34 190 138 120 191 40 134 121 135 144 137 178 12 68 188 158 220 8 51 173 153 73 99 127 210 47 213 193 125 115 216 25
158 151 143 159 208 154 201 173 153 96 20 220 65 69 151 129 141 131 117 60 138 169 216 106 104 220 102 113 141 114 90 213 206 211 196 182 101 97 81 134 43 151 78 160 78 87 49 92 198 166 182 213 105 114 87 175 205 114 139 135 102 183 75 184 4 22 8 77 40 77 197 158 146 169 116 59 3 162 147 74 99 84 58 98 30 184 151 131 76 47 185 8 164 141 70 38 36 178 117 184 51 83 97 40 198 165 70 189 49 209 100 158 210 110 32 112 182 5 104 196 149 136 159 205 113 55 65 113 122 7 153 164 31 134 110 117 87 151 206 98 72 119 130 18 64 42 105 42 109 219 198 20 162 11 92 200 54 89 123 11 82 109 161 88 176 15 193 13 11 198 181 34 190 137 69 98 3 110 164 169 11 15 201 93 19 164 205 157 187 166 80 39 188 33 160 201 79 55 45 210 135 152 119 48 12 60 17 188 220 63 76 105 199 123 192 122 61 213 93 6
168 8 42 20 54 197 135 163 135 210 168 208 220 190 120 194 123 161 51 10 92 210 165 142 175 5 166 40 83 154 2 121 43 139 123 106 107 99 107 202 109 107 75 27 182 155 65 98 11 58 170 126 202 147 42 44 163 107 47 15 153 202 127 119 96 114 55 209 62 72 23 11 92 117 141 208 124 62 156 164 99 7 21 87 50 96 204 217 212 117 69 50 145 127 160 51 48 80 93 136 64 72 45 86 112 104 57 57 164 183 46 76 51 7 94 63 147 53 103 167 158 25 50 214 67 12 50 197 9 162 160 21 145 74 168 212 151 49 116 15 63 60 118 70 196 124 118 23 163 51 146 61 179 64 125 174 50 62 32 162 111 193 207 9 188 139 31 155 17 65 191 34 193 76 104 43 86 173 112 207 53 116 117 33 41 140 45 52 172 158 92 81 191 112 105 69 201 115 40 39 133 4 213 139 50 99 96 22 79 63 144 106 122 143 64 208 124 188 48 38
195 89 53 124 205 40 141 125 116 213 29 103 177 219 97 82 156 206 145 198 72 50 31 111 135 169 124 19 197 63 120 181 143 171 108 33 96 220 32 25 203 91 40 125 189 198 66 125 49 25 132 180 8 201 157 16 55 117 111 30 93 15 158 19 121 137 131 73 44 28 59 214 190 36 41 205 171 116 113 105 48 218 164 202 69 114 87 69 108 155 28 210 70 28 193 115 30 155 58 98 81 88 24 172 113 129 59 217 71 7 179 21 103 200 69 209 51 76 151 101 162 194 26 182 65 44 42 172 122 87 150 24 142 140 150 184 180 187 34 2 139 86 208 135 110 161 208 96 142 148 88 176 184 59 14 208 72 208 129 119 193 50 139 137 190 190 34 20 126 181 201 193 57 80 152 44 56 26 6 53 166 32 33 207 96 42 66 210 191 16 135 142 204 180 158 14 109 217 32 3 29 13 122 29 77 43 41 90 93 120 211 52 99 140 196 69 103 63 134 16
18 138 60 81 23 142 79 196 214 196 78 70 3 87 205 62 118 175 65 88 52 167 81 207 29 188 54 32 133 215 45 158 216 58 176 149 215 14 203 2 167 61 108 134 40 208 106 146 81 166 151 36 57 172 196 193 92 140 174 88 100 218 167 203 181 196 9 92 47 194 49 177 126 185 122 119 132 198 39 48 92 4 157 149 141 154 72 144 17 147 14 48 83 106 35 110 93 70 16 107 29 40 70 144 203 217 148 189 171 69 148 168 14 164 86 32 196 16 136 86 32 185 41 173 95 215 21 115 201 41 3 71 188 63 205 104 188 89 53 143 103 20 74 153 121 16 217 4 1 58 88 29 86 22 180 58 26 56 65 59 11 156 61 73 138 72 73 197 69 192 189 134 172 63 109 20 54 52 43 7 80 7 137 52 218 54 158 118 3 26 46 131 119 23 109 110 164 87 23 217 164 144 194 43 177 51 174 12 25 92 144 17 79 139 162 2 20 42 83 39
214 15 35 167 41 28 117 83 51 98 189 51 20 121 19 83 204 70 213 54 87 217 48 138 64 168 191 174 57 214 22 189 27 142 39 83 152 105 78 116 152 79 106 5 143 62 155 37 168 156 170 10 168 108 70 124 168 178 71 52 150 64 187 181 115 90 132 61 145 67 19 148 127 141 162 71 123 171 158 39 138 100 24 118 209 139 6 85 183 92 13 111 215 4 56 215 20 82 25 51 114 200 112 153 137 68 28 167 217 14 75 30 37 49 175 134 57 165 111 107 135 181 93 9 76 215 42 5 87 155 76 29 54 123 108 177 109 177 205 17 30 19 122 91 210 79 189 10 171 55 187 50 151 155 219 198 53 169 63 108 62 39 185 157 1 14 35 113 15 8 201 113 149 183 69 205 219 207 12 114 112 84 43 93 149 203 186 59 145 149 128 131 160 6 210 47 52 85 27 183 62 219 28 8 212 137 125 114 8 124 176 26 123 184 131 25 171 159 31 3
143 80 186 10 50 157 139 125 15 88 9 182 210 151 153 31 30 6 89 167 39 126 181 203 96 121 128 87 81 152 178 34 133 220 217 97 39 111 134 205 157 66 152 154 168 154 116 3 155 145 10 201 74 141 125 123 149 212 46 101 106 131 100 183 3 10 67 158 113 127 43 38 56 57 160 22 179 151 199 34 218 170 34 179 179 207 129 52 89 15 3 6 107 7 123 136 194 137 45 186 83 105 88 150 35 209 31 68 173 25 58 86 109 169 181 124 138 24 181 172 211 30 7 43 200 190 166 162 2 155 25 97 71 174 149 105 163 9 30 52 75 95 7 82 126 66 144 147 129 153 84 176 27 157 45 46 133 209 51 142 208 219 106 97 106 125 108 62 209 205 4 168 207 159 3 45 47 144 33 85 217 118 179 42 143 30 182 145 116 218 154 68 107 163 169 87 136 89 38 43 127 73 194 195 63 3 219 189 13 54 188 39 192 32 154 127 157 30 115 31
15 18 196 145 51 116 3 51 82 136 6 72 5 199 28 56 117 65 133 42 123 184 34 220 1 90 163 49 90 45 98 14 204 122 12 199 167 111 214 97 154 100 93 198 113 98 148 66 2 127 180 162 104 168 3 219 155 202 98 209 180 46 175 80 150 57 28 209 213 171 98 7 118 190 39 190 49 194 77 59 13 121 117 81 74 128 77 36 19 122 96 177 125 110 35 109 63 125 119 140 48 12 60 25 124 193 214 162 15 175 103 115 190 187 91 29 217 26 72 33 105 55 18 26 111 110 111 68 9 4 190 169 194 8 72 118 131 81 4 135 84 212 111 45 144 18 113 100 153 185 9 51 49 8 192 52 24 54 198 136 55 105 10 167 93 169 145 73 189 175 98 29 107 190 212 180 183 125 35 110 181 148 219 196 197 50 144 179 21 153 126 64 108 48 38 210 31 25 124 183 159 80 22 27 171 94 138 122 172 111 90 84 90 6 108 48 116 101 152 106
55 62 189 24 138 86 161 21 203 96 136 139 59 133 217 135 29 154 21 186 116 66 199 74 84 93 168 178 68 119 3 177 31 99 146 139 134 121 81 182 214 125 53 217 109 201 123 64 56 172 103 149 196 19 84 43 191 148 141 2 80 85 93 194 27 22 74 163 17 74 32 58 180 184 205 34 148 213 100 132 49 25 140 165 27 213 148 119 27 160 136 172 129 147 136 5 139 28 93 53 57 29 136 98 120 185 148 115 197 155 192 55 158 148 47 26 96 148 152 209 192 11 87 136 150 69 48 20 45 147 49 153 90 110 104 94 31 139 210 80 12 73 149 138 65 204 151 175 210 2 25 58 194 169 128 206 160 149 86 137 9 80 178 89 37 46 141 162 87 156 97 25 216 125 114 146 10 200 95 220 53 89 83 220 7 90 170 214 147 114 18 166 60 43 155 21 15 172 143 85 79 88 13 91 99 6 122 99 164 156 201 126 98 22 127 175 78 165 214 110
216 35 50 145 83 47 20 29 34 152 88 139 144 189 196 179 76 39 113 124 37 117 187 88 78 64 49 32 15 65 72 12 157 156 38 174 70 83 216 185 204 14 60 193 23 194 145 29 141 56 96 160 220 196 1 197 158 157 113 100 51 173 14 167 218 32 130 149 71 8 80 218 27 66 168 163 179 178 19 56 208 67 161 136 12 77 215 139 185 71 92 62 59 206 158 17 145 121 161 193 188 65 164 101 42 153 135 93 49 3 141 77 36 207 201 35 133 104 81 172 187 151 69 112 166 29 35 31 208 89 108 172 13 68 193 19 184 6 212 4 159 31 20 163 91 135 116 101 208 99 109 192 147 33 192 186 73 208 13 16 72 154 60 67 201 117 112 183 148 46 218 35 135 172 108 84 108 17 111 28 10 64 32 143 191 144 94 210 30 196 121 159 96 8 163 122 106 168 220 201 111 19 52 72 178 72 150 122 200 137 168 11 40 140 158 34 149 136 21 129
57 153 11 107 79 10 5 15 35 70 156 100 210 190 12 91 56 191 124 112 40 18 68 133 112 159 220 38 170 130 132 87 74 126 54 168 51 45 148 98 7 94 32 173 169 130 77 93 165 86 20 147 84 135 88 46 200 171 11 121 59 48 196 146 147 120 126 154 93 78 1 161 47 32 187 79 218 188 106 5 155 149 22 207 171 210 21 143 193 191 131 35 83 94 73 161 25 174 84 65 8 213 97 206 3 122 132 24 196 56 20 92 163 17 57 1 35 79 12 154 2 39 100 100 119 18 67 123 165 211 63 167 30 206 31 182 216 74 108 157 115 199 143 41 209 17 39 170 158 88 129 187 23 87 70 125 112 144 176 42 2 183 121 5 130 100 22 7 80 184 119 118 180 81 124 175 148 190 41 74 34 159 66 148 101 113 55 162 33 5 71 169 216 56 198 53 13 130 138 8 190 142 214 172 95 95 147 123 143 195 206 21 87 55 48 89 122 94 49 104
120 188 13 71 128 58 135 175 98 144 66 89 196 92 20 144 191 9 190 43 88 137 146 202 45 18 146 4 72 38 125 133 202 187 37 115 203 38 21 125 113 201 88 179 131 59 33 58 190 32 105 199 197 176 212 194 87 74 3 113 121 104 84 147 20 9 193 87 217 76 114 166 117 75 172 148 201 140 95 71 167 42 210 16 125 96 181 10 45 124 36 66 16 152 215 138 206 129 54 189 195 10 127 32 12 27 200 191 36 173 25 127 154 30 73 60 192 154 97 124 153 177 136 150 67 205 86 203 15 26 169 79 15 57 110 48 109 34 81 215 90 108 183 122 15 90 94 176 129 58 95 8 49 107 114 166 135 151 48 83 122 112 161 164 56 203 184 25 159 60 76 36 3 181 66 10 187 85 93 214 142 176 176 172 127 103 187 163 124 209 90 9 81 99 145 169 156 131 144 63 77 17 112 106 115 106 166 76 19 113 158 6 94 33 125 19 76 205 6 73
98 186 54 212 156 214 162 115 174 103 177 106 168 51 106 202 7 69 33 35 64 80 16 87 94 64 191 169 146 42 201 89 70 98 52 34 103 46 43 206 55 148 130 116 113 21 148 20 186 86 147 117 36 161 49 94 7 141 168 81 79 114 15 126 166 80 120 8 26 193 139 149 103 169 54 192 163 155 31 218 34 121 140 144 154 108 167 146 118 169 2 23 212 180 103 172 53 70 109 141 112 205 92 9 30 38 75 157 23 75 86 102 143 49 83 61 174 164 81 90 220 56 8 63 147 188 194 217 50 15 25 201 141 104 38 27 94 43 33 65 35 197 190 48 148 106 141 31 7 65 121 212 218 202 116 114 197 77 85 10 187 202 165 2 50 158 105 202 80 165 137 108 27 34 209 183 179 55 43 59 43 219 16 66 57 158 31 87 174 203 194 185 108 207 158 145 118 70 3 173 185 140 98 61 131 126 210 2 92 70 151 55 124 197 12 51 95 81 200 101
94 34 112 142 27 179 68 111 190 132 192 3 183 195 124 110 63 194 32 57 133 173 27 126 90 111 117 7 32 129 25 82 35 142 78 89 32 181 33 37 13 16 170 104 160 64 195 74 55 149 126 52 132 81 19 213 18 34 162 141 173 213 201 158 204 205 3 185 165 163 47 161 53 152 27 208 164 81 109 155 180 106 94 201 13 218 118 62 165 48 219 79 185 157 19 13 93 198 88 157 68 15 218 17 62 98 68 204 148 98 163 47 82 38 44 9 12 172 19 80 117 27 174 194 99 8 26 178 209 155 113 136 133 185 40 134 107 183 81 170 78 52 173 56 133 134 120 61 91 10 11 8 139 99 125 191 85 28 198 181 213 95 38 5 77 189 66 74 60 41 211 11 66 95 26 43 34 185 19 15 167 127 177 188 9 41 22 105 110 204 117 94 3 120 22 105 61 21 27 196 161 34 133 178 182 12 48 110 121 42 207 207 152 116 69 67 198 73 174 123
20 146 48 60 168 17 198 86 187 149 220 67 56 144 159 71 91 199 128 122 13 165 5 169 33 4 145 87 132 18 136 118 109 165 77 198 24 161 69 197 194 35 58 106 110 107 43 172 195 155 77 18 96 95 78 98 89 159 109 117 126 138 61 146 69 162 96 161 202 18 178 174 38 166 86 201 215 155 139 202 132 120 216 91 198 129 2 205 136 91 114 111 113 109 205 105 142 76 185 184 166 89 57 64 29 209 153 133 45 191 181 40 65 151 78 87 3 151 159 50 195 89 80 108 78 56 101 132 34 165 107 203 31 154 127 58 161 191 60 134 86 92 154 212 46 131 194 133 7 135 38 141 22 98 135 74 26 169 195 111 11 110 56 105 91 69 116 218 57 119 92 73 213 49 130 46 214 17 207 105 199 79 84 87 113 162 134 173 7 192 73 182 201 213 189 174 194 86 46 138 31 183 53 36 193 19 22 82 140 106 191 201 184 28 53 155 11 5 181 63
158 63 113 113 42 145 216 45 207 24 92 20 99 35 191 76 167 45 100 105 190 105 89 178 20 191 154 37 131 115 201 74 47 98 18 123 170 81 10 29 44 139 176 172 10 169 183 130 35 161 77 207 169 15 105 35 104 93 78 173 84 143 10 41 57 195 39 80 191 198 177 167 150 35 68 90 100 168 121 185 73 158 190 121 91 110 93 5 124 206 141 63 95 69 197 140 176 1 146 190 37 112 114 220 176 198 161 31 170 34 83 81 64 170 156 75 215 58 202 162 107 186 80 173 152 125 180 19 214 45 85 56 35 148 2 46 128 11 39 14 165 44 6 214 70 44 78 10 114 7 135 34 218 96 215 207 148 98 157 180 111 45 25 213 30 124 218 88 86 108 93 50 5 57 137 8 115 205 44 185 149 88 59 80 12 197 59 73 128 111 183 30 167 220 208 62 104 60 26 85 10 27 203 6 29 148 78 13 209 114 78 58 178 53 87 20 124 158 92 146
128 188 169 28 217 45 24 67 66 113 88 124 94 88 70 68 162 123 64 49 74 215 137 134 19 135 137 154 160 190 214 210 139 84 39 42 161 69 11 88 147 210 24 61 55 205 65 173 214 220 156 179 83 202 84 38 19 74 22 198 206 54 49 20 166 213 130 184 169 67 204 6 40 129 124 160 90 185 139 14 112 24 192 37 94 17 32 54 140 220 4 114 3 57 34 100 216 111 209 20 138 121 136 9 66 160 115 183 105 103 11 59 92 171 99 208 25 91 83 60 137 102 25 161 211 178 145 48 51 98 24 180 55 168 89 212 132 153 61 181 171 199 70 158 210 141 28 193 148 210 63 144 34 58 201 117 170 65 162 92 52 86 42 64 133 95 219 16 147 112 149 146 219 214 4 82 111 189 94 213 211 153 52 48 183 22 212 205 52 150 208 181 15 165 64 210 132 184 60 6 93 59 179 77 168 60 81 93 174 129 220 183 64 188 213 98 7 149 23 121
201 60 102 141 23 123 134 183 54 66 64 94 56 31 130 80 22 94 52 91 217 164 134 48 117 175 99 55 180 60 129 112 201 70 43 158 93 199 35 24 187 142 75 28 50 213 20 158 41 178 115 83 19 81 178 132 21 83 133 196 13 80 78 29 63 36 201 195 128 204 214 110 163 15 31 11 147 187 66 147 157 179 219 37 142 79 95 173 171 72 42 128 174 56 173 117 69 180 2 119 176 124 149 69 81 80 117 143 99 159 107 126 57 50 135 183 41 79 70 110 105 21 146 214 158 84 133 114 148 114 185 142 73 93 210 49 195 110 206 178 213 29 17 40 134 37 82 180 21 124 172 97 210 4 200 122 180 71 138 5 148 79 129 73 195 165 29 182 219 137 17 41 26 11 10 196 19 132 81 174 142 216 8 131 58 56 181 25 57 160 37 191 40 7 77 176 103 121 78 75 185 219 69 148 208 110 79 133 193 167 15 7 69 184 36 56 139 37 155 158
160 136 188 203 44 59 136 60 39 187 220 44 25 110 83 175 151 133 41 138 122 29 28 15 70 170 193 215 50 25 77 35 111 160 170 72 104 97 19 22 121 47 16 162 205 35 206 152 210 59 29 162 136 209 44 76 112 132 206 5 91 218 25 110 136 5 186 22 149 113 203 144 70 50 7 28 70 10 199 9 85 152 209 28 54 11 39 174 162 147 13 178 90 213 112 35 212 107 26 186 159 53 8 63 22 196 142 42 29 141 138 201 147 86 102 23 8 95 216 128 179 212 181 89 84 2 50 213 45 128 63 159 55 186 215 40 213 214 28 188 51 32 195 22 218 180 58 19 111 193 194 135 50 157 176 69 144 81 199 17 112 34 47 218 134 218 103 199 152 60 141 1 130 121 161 51 188 50 127 164 39 129 155 194 46 22 72 106 3 92 210 73 141 190 70 46 12 28 6 30 212 25 129 177 16 134 154 167 211 126 129 43 146 74 43 92 155 120 199 141
44 186 77 172 112 50 6 101 9 85 172 139 43 217 184 203 91 178 55 86 100 141 64 111 116 169 23 103 150 137 62 89 6 127 49 126 72 79 196 5 22 160 164 29 101 107 19 159 10 204 217 71 70 4 139 154 96 180 170 5 126 110 153 214 122 70 117 96 182 41 145 137 55 219 107 127 201 34 208 161 61 74 70 165 55 177 178 210 26 47 136 160 58 212 47 36 72 99 72 194 11 69 182 151 211 46 202 219 192 209 46 54 25 4 219 155 31 22 4 36 162 124 108 50 165 130 214 186 108 199 220 72 50 149 44 95 8 11 213 170 198 79 20 134 31 97 178 10 194 79 193 30 21 185 67 141 44 65 186 130 4 107 142 200 143 141 164 201 44 125 77 208 28 5 63 58 30 79 197 109 39 143 55 68 116 203 80 58 86 8 78 180 48 170 94 30 170 173 108 82 63 63 159 56 219 108 178 45 120 80 181 210 37 149 28 112 110 161 120 26
34 161 135 90 26 193 49 93 144 93 49 105 144 143 49 149 25 46 219 34 208 57 88 183 212 58 169 191 146 3 18 159 62 175 94 95 201 121 88 131 83 181 167 100 85 44 190 118 104 55 106 182 212 39 10 196 43 68 158 175 82 169 107 87 71 21 45 48 184 83 22 155 178 145 126 86 148 42 20 43 80 80 80 11 109 39 58 7 43 31 60 21 103 74 100 89 12 6 71 160 105 75 214 16 119 190 99 88 93 167 89 129 163 44 204 179 67 1 190 153 206 70 110 50 144 104 220 54 136 212 39 107 154 91 75 205 145 149 62 23 140 38 80 13 28 215 2 134 2 177 159 80 61 50 154 114 159 174 22 72 25 16 98 119 215 89 124 97 30 90 128 38 157 155 30 117 6 64 136 20 72 21 168 85 208 138 71 160 159 170 149 20 121 112 89 17 45 186 89 48 210 144 106 126 6 219 213 27 145 211 137 126 89 98 44 102 37 71 178 220
45 18 114 205 81 63 83 104 45 175 150 137 1 206 188 168 131 61 217 143 8 141 168 159 180 118 64 141 79 115 114 130 91 187 194 59 134 44 121 130 92 125 200 25 17 141 30 88 64 137 188 109 18 159 12 19 75 202 6 34 135 147 9 131 181 217 187 100 11 73 43 105 180 26 21 95 117 204 219 171 36 14 154 102 144 219 52 106 31 176 59 100 214 38 169 135 123 40 143 11 183 124 31 99 68 195 171 125 94 3 127 185 48 66 4 62 192 167 163 145 49 103 181 113 79 47 158 172 82 88 83 145 91 118 152 78 183 39 61 66 27 134 148 183 10 210 44 13 16 42 174 52 36 50 145 170 77 36 108 14 34 159 134 194 119 113 107 15 97 55 70 137 185 1 161 6 180 170 95 60 169 161 154 36 138 125 149 155 72 176 211 80 79 131 116 110 28 188 116 110 10 60 171 154 52 41 165 199 76 217 56 216 90 185 94 209 100 164 118 73
30 123 180 105 180 183 12 214 116 86 61 75 87 56 202 194 202 209 75 16 105 78 197 121 151 152 75 181 45 80 133 185 17 182 48 95 169 114 172 181 99 205 65 16 180 163 184 95 76 141 74 165 68 170 62 213 38 83 166 107 45 177 33 157 151 46 37 110 190 167 39 118 167 137 179 40 52 175 108 132 4 149 102 87 133 89 55 125 81 179 154 14 146 43 81 144 66 135 62 39 33 79 61 14 192 11 59 115 164 13 158 183 136 83 93 5 183 28 185 41 127 90 107 117 217 207 69 8 11 144 93 102 197 146 54 204 208 176 76 177 17 124 128 158 75 153 34 87 199 61 114 144 150 43 7 198 40 17 157 30 60 41 191 86 28 21 44 187 97 213 216 176 198 187 124 38 57 80 140 129 183 25 173 2 40 167 27 24 135 208 10 14 50 172 156 90 214 191 139 82 188 89 85 130 105 76 194 96 35 4 161 30 107 76 177 212 53 152 196 8
159 46 65 64 184 190 45 35 30 37 28 184 172 103 86 162 74 108 84 45 75 159 197 28 192 136 167 105 184 145 17 33 194 183 89 153 51 24 54 89 92 169 191 21 166 98 26 102 82 159 19 97 156 58 116 216 116 34 154 78 66 4 43 188 48 116 112 117 139 201 76 171 8 18 98 27 96 138 69 196 89 193 167 157 149 73 195 210 1 16 191 174 86 163 166 170 11 172 128 212 102 89 13 134 115 176 165 126 40 216 61 65 54 96 109 133 101 154 97 16 147 182 153 132 118 37 104 120 211 205 4 188 83 13 135 212 128 144 145 57 175 199 180 101 68 38 165 197 86 187 132 207 215 138 138 107 11 112 199 36 28 130 95 125 123 75 3 129 6 184 205 85 141 73 58 35 24 3 84 148 172 15 84 145 10 166 16 208 162 159 187 48 112 193 165 155 75 172 203 113 35 152 24 70 135 124 75 120 215 109 51 15 175 36 15 130 145 20 186 70
215 217 6 212 18 156 183 31 156 17 173 55 82 195 120 131 11 193 153 171 21 76 160 156 73 187 35 215 178 61 170 66 53 212 214 154 90 44 98 208 218 1 153 24 116 12 68 162 163 108 40 37 12 68 46 191 169 207 137 153 213 25 2 155 132 131 87 144 62 85 137 81 92 94 113 179 106 214 196 50 89 12 77 59 143 118 55 187 98 182 215 23 91 157 48 73 112 72 46 46 210 194 25 103 150 93 41 77 191 81 141 18 107 147 181 154 64 122 17 158 49 203 24 81 213 174 159 151 4 85 90 68 54 78 36 120 145 122 12 31 77 206 146 220 168 70 100 98 79 79 114 52 56 143 176 82 132 92 76 38 118 45 138 126 61 216 160 72 55 175 164 93 76 178 182 194 12 186 71 26 80 143 38 22 59 32 6 17 32 6 41 73 59 141 116 55 180 53 142 150 134 11 106 104 99 171 170 54 121 133 218 51 37 204 185 52 2 145 61 35
126 15 89 152 1 37 92 130 57 71 58 4 130 5 210 216 9 114 66 119 98 119 213 82 178 113 57 154 73 152 78 111 159 164 51 170 113 165 13 103 201 13 84 95 201 85 104 204 205 20 40 48 154 155 75 84 29 148 164 85 211 132 66 36 15 47 29 126 189 48 61 103 148 6 92 24 62 123 34 163 185 196 220 80 178 132 156 145 71 148 96 211 171 98 19 212 58 173 10 56 77 135 58 189 214 167 126 74 108 77 76 21 211 119 202 64 107 5 47 65 75 209 195 56 216 122 7 147 99 48 46 19 82 15 90 5 189 134 105 189 75 58 71 210 31 107 217 217 30 35 68 106 131 133 210 153 162 105 157 189 193 65 7 97 54 73 209 96 55 55 198 166 68 95 208 25 95 195 210 71 33 60 120 148 27 175 128 123 131 118 193 142 114 194 138 168 175 37 131 161 51 144 78 181 66 41 210 148 156 10 135 41 100 20 91 8 18 45 55 106
39 102 79 60 14 178 113 205 30 31 190 47 102 31 118 208 10 101 65 29 66 124 18 174 30 42 132 16 11 219 150 130 92 185 56 71 218 167 6 117 165 114 105 131 112 156 6 132 218 124 90 198 107 75 167 94 6 21 87 43 17 153 116 163 166 85 208 157 8 2 128 32 130 198 66 143 61 18 145 52 135 180 171 135 51 68 135 75 176 114 193 201 116 92 177 164 14 113 117 13 69 14 165 177 140 181 79 143 207 155 14 1 15 179 154 41 171 32 65 11 85 98 52 140 22 123 122 178 43 171 196 132 213 80 58 79 55 33 134 181 107 139 134 124 85 104 1 121 128 37 18 215 38 215 150 89 135 172 93 2 108 118 48 22 123 190 55 111 73 183 2 70 12 114 160 140 166 112 145 175 103 168 86 43 200 62 142 196 157 180 70 113 198 65 101 184 15 159 131 23 170 88 109 61 94 182 161 186 184 191 43 181 205 42 31 193 69 133 124 203
171 155 98 82 2 201 154 167 8 119 169 31 176 184 77 80 83 89 43 4 173 184 99 115 103 112 65 155 110 150 119 220 167 147 201 122 49 166 201 134 112 64 98 118 194 166 130 218 128 22 136 38 125 147 81 35 131 200 136 15 218 106 147 131 74 127 4 108 119 128 107 138 194 138 1 219 215 10 43 59 33 177 49 161 174 170 80 171 46 24 201 12 106 79 93 16 93 2 82 124 161 117 156 18 175 129 216 219 76 108 161 1 138 145 57 150 118 183 27 87 130 78 168 113 32 99 37 36 72 58 3 5 185 66 86 154 64 208 212 171 76 167 75 98 218 49 23 21 208 195 7 125 144 7 104 114 154 135 139 104 114 148 114 112 22 178 80 44 96 110 64 201 19 183 137 167 131 183 183 106 67 202 91 153 207 142 14 143 98 132 129 130 133 214 6 126 71 39 180 42 33 70 166 197 113 173 182 27 16 219 74 113 5 151 53 46 103 32 138 129
142 156 172 122 18 200 134 101 91 111 176 33 91 147 150 131 142 36 147 142 100 213 83 149 189 151 13 27 98 192 209 87 134 29 6 144 95 27 54 85 164 177 202 169 199 74 203 119 202 200 91 116 47 160 217 38 138 84 73 127 79 174 172 218 40 38 100 12 96 52 76 106 107 92 27 159 180 166 34 144 74 51 131 159 34 19 34 36 37 214 172 106 219 67 220 102 36 142 40 158 76 202 178 190 204 37 35 164 115 206 103 8 71 78 137 201 139 146 98 199 169 4 126 179 139 161 194 105 30 89 183 193 196 151 47 84 20 99 132 90 170 171 48 182 31 142 108 89 163 60 41 46 76 75 206 141 172 16 106 50 220 166 187 216 68 189 148 25 19 155 147 146 203 142 40 141 48 193 85 33 17 148 20 55 10 174 110 77 5 96 219 148 50 159 22 103 100 209 129 35 65 78 76 120 22 106 116 47 35 127 187 191 207 98 22 106 214 182 220 187
63 100 74 25 134 192 195 183 161 66 134 193 72 5 10 152 211 58 162 175 116 6 91 114 200 197 128 53 184 151 196 71 90 173 10 153 146 113 174 210 173 187 193 206 128 181 24 146 192 112 116 59 76 74 164 106 26 137 83 65 37 29 207 205 132 82 166 89 74 46 176 113 174 66 89 128 133 122 17 164 188 30 43 154 113 119 157 67 47 207 144 86 2 153 125 32 84 195 168 90 168 58 156 45 203 197 202 146 121 133 7 178 162 8 205 63 121 181 45 164 65 159 171 157 57 25 6 96 32 96 100 173 70 1 138 105 169 162 193 127 46 87 208 147 180 44 103 189 159 143 207 95 149 176 8 51 207 66 97 61 130 198 139 55 161 216 159 130 81 185 167 160 105 29 43 7 108 58 115 185 56 196 8 121 11 137 218 5 208 144 30 202 192 190 57 37 92 172 82 15 67 164 67 116 178 75 20 112 117 129 159 54 202 160 16 87 180 128 55 211
165 143 186 208 125 121 84 27 157 54 124 210 36 91 82 16 131 195 84 83 93 131 98 210 194 191 39 132 51 71 198 185 161 18 130 77 73 209 192 1 216 206 49 125 26 90 120 125 73 125 44 144 166 75 187 182 90 162 95 188 164 29 152 176 161 118 182 212 3 148 69 220 40 19 51 139 139 166 76 116 185 112 42 183 111 63 148 26 196 68 62 52 51 1 48 184 209 14 99 27 135 84 159 184 145 205 2 92 5 142 45 101 88 208 207 46 51 98 209 207 126 190 102 193 50 159 106 93 137 46 33 79 151 142 12 125 22 103 195 38 112 125 19 55 3 58 160 94 136 103 117 174 200 39 201 50 74 40 5 41 203 66 82 82 17 115 25 212 79 150 71 166 188 29 6 98 15 67 78 131 54 71 163 181 88 30 29 207 101 49 115 124 193 193 58 122 94 95 158 87 87 218 110 7 153 64 54 7 78 127 4 202 60 43 136 112 127 212 78 220
142 110 177 144 193 37 193 155 85 115 174 48 178 22 53 135 192 119 26 134 102 68 103 99 26 215 199 181 118 104 120 50 163 45 156 129 14 79 194 216 88 77 176 11 13 65 48 142 91 112 17 178 25 116 8 51 204 167 73 201 3 94 64 203 149 163 2 129 176 7 143 86 177 208 151 97 26 73 53 148 65 110 25 199 5 192 193 2 138 73 188 121 95 171 166 39 119 142 36 216 181 127 141 82 142 14 83 162 71 114 85 143 184 154 63 153 184 169 55 47 201 147 89 37 46 6 6 46 17 61 147 83 188 23 50 36 207 31 213 46 40 56 98 88 212 10 55 106 199 181 60 22 25 140 41 68 49 64 157 194 209 48 91 176 11 174 95 79 106 159 194 150 88 103 138 104 191 214 36 51 119 97 38 149 176 110 94 177 44 85 17 170 88 208 101 181 106 103 60 15 24 174 161 144 212 9 15 42 220 166 50 129 173 187 8 25 33 89 163 81
219 105 117 17 111 164 140 24 8 201 13 103 100 4 153 197 13 201 57 161 36 122 16 169 112 86 134 195 61 31 70 130 175 10 151 142 146 18 170 215 148 57 44 2 181 190 62 36 69 73 198 213 102 63 16 54 116 112 1 43 162 106 183 79 116 152 75 195 61 117 182 142 41 179 26 209 209 90 18 166 88 79 189 170 31 54 179 106 179 27 161 78 107 57 120 187 14 206 212 127 204 209 97 181 98 24 78 41 36 153 87 188 69 111 139 102 86 52 203 210 89 66 192 180 103 15 61 111 97 81 101 73 112 207 72 85 170 45 200 25 11 56 196 49 163 146 130 159 103 166 91 65 85 115 80 186 48 117 140 191 127 69 110 217 59 120 114 174 195 173 192 55 186 6 97 79 8 36 152 1 155 54 145 91 61 91 24 113 185 144 151 126 180 86 50 143 174 191 188 42 24 107 133 179 177 106 165 101 170 3 95 130 198 24 144 142 28 107 206 7
57 30 121 182 161 74 186 64 136 105 139 11 31 35 41 159 123 153 176 37 93 187 163 34 16 173 132 87 213 187 84 170 24 98 199 199 112 51 5 174 72 17 25 75 173 131 47 84 23 176 97 14 164 96 132 120 11 207 65 107 97 178 208 159 210 37 204 110 206 31 94 30 146 54 30 219 66 208 133 37 91 27 175 23 104 73 140 100 86 62 158 133 83 168 55 187 67 53 101 68 136 173 144 109 121 183 208 21 184 72 143 26 159 64 206 219 131 188 138 31 63 75 18 59 194 135 167 76 194 185 95 25 1 36 57 220 68 104 83 63 103 38 79 61 136 104 143 91 74 217 142 145 16 33 164 218 83 18 42 134 216 199 1 207 120 138 153 74 91 142 220 215 128 159 189 115 94 216 48 81 154 11 212 173 27 191 35 216 80 184 101 43 23 91 32 12 66 156 110 209 112 192 127 53 97 109 134 192 92 8 65 122 171 82 43 26 219 147 127 14
79 183 3 123 30 142 200 144 76 102 22 44 109 180 64 32 152 103 215 177 196 76 43 107 133 124 113 202 149 165 163 156 159 23 122 59 154 25 7 40 142 65 74 199 158 91 32 78 1 47 216 81 138 37 140 174 87 219 51 46 198 173 133 15 204 154 142 101 184 116 82 103 40 5 216 159 74 59 98 174 166 137 109 143 101 125 151 178 152 142 159 111 126 47 41 192 220 150 113 87 156 198 196 38 68 153 175 140 24 154 54 78 85 206 179 115 46 44 82 49 69 67 116 162 74 84 54 80 189 93 206 163 134 38 170 211 79 44 122 197 80 143 92 68 18 114 57 181 160 82 146 40 39 29 185 188 100 144 44 34 1 135 41 45 162 70 205 59 158 42 146 36 17 139 197 97 176 112 18 123 68 124 84 218 134 177 163 142 54 183 13 196 105 180 127 73 192 85 31 148 113 48 173 101 74 196 115 82 111 157 209 77 194 74 76 179 169 85 32 25
136 76 20 214 76 71 25 117 37 108 165 43 74 24 112 61 33 107 187 136 122 148 84 203 219 212 131 99 27 160 11 53 25 38 53 204 156 64 82 101 81 77 153 110 132 212 77 49 10 132 122 75 3 164 79 155 180 92 220 63 166 97 83 69 170 57 72 28 120 71 120 216 108 216 101 119 88 131 156 29 27 171 32 77 151 68 6 156 35 126 46 202 194 2 175 138 70 139 13 125 215 176 80 166 13 193 71 191 203 186 183 183 100 137 203 135 4 63 178 215 110 120 115 186 105 76 158 155 123 171 25 122 74 58 4 99 213 70 135 137 58 10 68 80 172 94 59 27 27 216 194 89 56 44 123 104 39 149 113 93 8 6 171 193 8 23 139 213 95 24 85 172 33 142 24 19 99 50 171 120 149 114 180 18 96 104 101 162 195 6 93 198 104 185 83 137 85 109 132 113 69 132 1 119 190 77 109 195 180 42 9 23 49 151 108 113 198 40 72 63
201 109 113 160 114 24 69 25 114 196 4 213 209 19 105 154 18 85 209 43 77 50 176 104 44 219 201 42 124 201 64 95 125 124 6 56 96 44 214 20 126 121 122 169 139 144 210 34 176 208 60 140 83 72 89 184 18 36 129 51 103 104 80 47 142 210 150 213 9 95 110 166 121 135 161 44 165 102 45 15 132 138 160 138 51 100 35 51 137 21 96 71 52 206 96 89 214 213 114 179 43 37 138 204 85 8 212 201 35 213 109 127 204 122 152 69 129 219 178 6 150 80 157 110 6 101 209 10 84 161 13 95 36 174 183 104 103 131 127 59 77 9 108 112 40 194 50 166 22 113 143 119 75 23 209 99 185 211 69 158 182 214 219 114 157 185 8 188 134 69 84 152 118 35 212 67 178 93 40 167 48 220 74 209 48 214 134 83 180 74 15 40 213 220 25 119 5 214 172 19 166 189 152 170 211 102 8 29 200 219 146 67 202 4 58 210 184 23 76 205
30 48 194 208 160 27 89 124 35 84 170 191 54 49 104 29 164 209 71 163 96 215 212 203 208 131 87 165 86 209 4 175 210 176 147 101 215 54 135 126 93 108 33 106 40 76 30 165 148 151 189 29 3 199 44 118 151 18 200 214 196 51 108 190 163 189 199 50 170 174 18 131 16 162 71 98 144 152 217 48 96 157 121 187 79 218 63 187 125 60 85 109 56 27 18 16 211 23 11 37 65 151 131 218 197 103 218 146 150 2 59 57 177 58 186 47 9 12 9 211 1 132 108 95 129 37 176 103 60 31 138 154 20 189 205 13 60 9 18 77 164 158 195 218 187 151 166 30 43 49 19 182 151 48 22 24 105 29 82 47 207 220 220 164 88 75 23 11 116 144 43 110 20 130 143 110 149 157 108 95 27 13 194 87 162 161 177 204 188 158 39 52 120 17 105 9 136 34 37 203 207 125 140 206 207 172 53 140 83 27 48 112 29 1 206 146 197 77 189 147
95 66 157 116 111 120 216 184 20 58 127 156 104 212 213 109 13 54 30 2 172 189 98 104 203 81 172 101 8 146 79 131 186 173 14 201 8 158 162 40 36 60 102 87 58 131 117 17 41 109 20 12 84 203 182 134 12 170 43 64 97 7 138 78 162 214 97 43 177 46 160 143 42 50 211 103 8 35 170 132 217 97 39 77 18 131 16 73 29 45 52 19 191 109 185 126 136 64 163 57 76 177 99 111 33 196 63 80 27 146 30 68 141 93 21 62 66 108 125 163 163 54 62 79 141 193 173 67 39 84 161 126 131 85 190 140 183 14 154 98 154 171 138 189 87 170 129 158 157 103 115 24 20 71 6 115 167 119 55 185 136 77 204 107 139 199 39 34 118 35 69 51 121 27 130 43 140 117 164 175 37 170 56 32 214 42 40 189 81 208 96 186 167 146 29 142 62 106 134 132 170 20 50 84 88 5 54 181 130 173 208 77 70 205 13 27 204 125 20 209
109 49 149 88 4 20 7 39 78 161 103 130 130 147 122 172 146 50 3 176 198 83 138 158 220 216 85 119 58 112 219 13 215 96 38 76 105 106 83 147 88 109 100 196 36 79 190 171 189 215 216 59 79 220 85 46 215 142 47 45 72 157 114 155 95 183 4 1 43 61 15 143 59 55 107 182 19 130 67 98 101 73 59 206 179 28 92 208 104 175 45 146 161 95 54 84 171 157 165 15 71 86 53 209 126 172 64 2 23 183 3 101 108 162 30 192 187 16 145 42 193 100 29 124 207 163 106 183 177 57 28 77 57 157 65 90 171 212 113 10 194 74 37 158 170 114 95 24 117 93 151 102 71 190 36 40 164 54 103 73 105 25 154 181 4 201 176 27 198 218 44 49 102 194 57 20 143 130 179 188 198 115 208 96 17 28 220 40 128 70 136 213 78 124 16 178 94 202 15 79 77 7 59 140 83 94 92 68 69 94 59 135 176 157 208 99 49 182 107 157
103 21 164 30 120 117 148 119 208 61 41 78 179 74 167 89 148 20 207 175 17 160 119 38 82 10 166 174 21 112 174 11 54 159 137 41 212 34 104 212 87 51 118 94 205 96 108 18 99 214 156 218 95 134 136 46 67 92 17 133 17 115 129 190 49 87 220 40 85 200 126 186 42 188 26 2 177 92 107 13 41 11 169 92 84 124 135 90 137 157 1 171 142 137 135 166 167 83 46 104 8 76 63 23 156 220 139 206 38 5 63 125 113 73 202 91 205 149 16 48 213 175 87 7 165 71 168 172 8 176 60 166 52 10 194 80 167 187 208 27 159 34 9 66 127 214 181 41 85 26 46 53 51 186 155 81 59 217 42 107 30 57 128 115 64 153 51 107 31 56 116 112 198 29 166 20 141 189 208 23 100 97 160 128 212 192 17 83 46 66 168 169 184 172 54 35 13 2 75 160 171 202 132 218 165 142 40 129 21 185 91 3 5 2 196 200 3 213 181 17
130 158 56 44 55 121 158 69 1 211 146 11 213 122 33 95 115 114 174 55 114 98 92 169 10 92 130 72 164 136 186 170 188 40 8 128 83 67 178 84 39 194 100 139 92 91 80 22 32 97 94 217 4 97 52 202 30 193 185 76 35 214 202 161 172 46 178 184 115 184 48 196 137 55 219 3 188 219 138 72 90 26 3 206 60 49 89 166 219 196 130 75 154 93 81 179 95 37 18 210 99 178 31 86 158 6 166 9 200 201 216 213 115 56 126 40 177 186 93 55 28 186 99 149 52 47 121 156 32 69 68 172 36 125 156 141 80 36 19 212 202 21 163 59 22 61 35 69 220 182 196 117 214 156 35 144 2 113 3 181 46 208 60 140 158 115 209 168 140 220 127 55 25 209 183 140 188 101 33 167 58 75 37 26 171 131 62 110 143 98 97 210 32 35 61 114 164 78 157 215 132 185 156 20 18 87 91 47 178 205 185 204 68 191 139 119 4 167 215 64
162 157 173 212 111 78 214 174 220 150 11 173 38 2 2 33 65 174 157 108 150 64 111 122 39 147 37 77 145 82 88 190 75 161 102 206 134 8 211 106 115 52 211 144 112 47 123 173 13 53 181 4 133 20 214 12 29 151 151 3 10 193 87 125 88 28 32 217 21 196 149 85 42 55 16 32 26 121 127 177 62 41 220 71 99 84 174 155 188 145 218 152 17 194 156 148 144 54 114 79 94 16 109 150 120 215 219 70 52 2 26 32 172 122 19 106 197 180 58 150 29 73 9 69 74 217 136 199 182 32 151 207 11 187 215 8 56 71 36 127 4 185 205 169 143 144 122 128 117 165 63 66 115 14 83 182 205 63 19 27 87 220 67 102 216 88 93 191 121 81 27 208 216 106 185 203 142 45 210 120 187 154 98 126 107 93 54 121 192 67 70 124 49 69 18 131 79 114 147 173 74 7 24 209 15 162 179 31 67 24 211 57 114 17 216 94 53 88 51 119
165 86 58 84 87 149 124 79 17 24 61 58 153 61 122 61 150 109 96 143 151 200 12 195 106 112 74 82 187 29 216 121 149 145 116 86 213 21 155 191 1 100 202 48 61 74 199 26 25 37 146 47 117 75 55 172 105 20 53 164 218 112 11 205 78 145 10 129 177 99 106 147 42 41 13 73 164 141 136 63 165 30 171 173 46 205 54 88 79 37 91 171 145 58 45 109 145 138 176 110 109 219 154 151 132 61 73 18 11 91 134 99 71 200 143 78 195 54 148 13 45 40 56 29 188 75 177 132 118 1 159 103 213 80 145 36 173 29 59 136 18 178 86 211 168 200 78 69 82 207 59 193 121 189 1 119 20 110 110 72 109 173 140 171 122 105 193 137 2 26 186 120 106 4 220 115 24 147 124 197 1 66 33 26 2 117 179 23 16 110 198 182 218 214 188 123 46 46 11 61 4 185 57 134 104 25 87 120 135 212 12 45 119 117 77 4 189 167 66 38
138 150 183 214 129 45 58 216 66 17 168 15 42 219 142 185 218 37 49 32 169 46 173 40 10 163 113 216 101 50 42 35 166 212 61 156 60 197 194 197 21 135 108 159 95 96 145 216 38 140 201 20 216 159 18 192 103 64 127 67 211 68 30 95 126 55 65 139 199 204 66 18 135 211 181 18 105 56 203 18 131 139 91 104 78 54 94 128 151 182 5 177 23 60 73 204 172 155 33 210 219 209 214 101 160 176 90 139 141 93 59 99 39 31 98 96 106 143 155 204 219 169 73 187 215 114 35 31 87 184 115 11 46 56 80 197 47 215 75 45 181 172 11 190 171 219 177 62 95 27 1 107 99 135 16 170 37 15 200 82 79 39 58 79 189 152 30 145 64 41 62 69 66 101 60 213 88 110 13 191 86 33 170 140 201 167 203 79 104 208 136 93 111 158 47 31 176 197 21 192 172 114 141 77 4 6 78 70 72 73 180 21 196 37 196 171 111 108 188 69
169 3 143 54 3 209 185 181 215 172 149 131 214 119 26 67 122 169 75 215 148 200 77 174 26 115 209 168 128 93 10 197 63 213 178 152 94 3 203 108 20 188 39 129 20 114 179 121 176 144 162 140 133 118 128 135 62 4 96 139 98 76 146 67 102 183 58 40 83 67 118 171 182 40 161 42 81 117 172 219 101 153 54 149 1 74 4 207 35 190 211 12 95 151 184 80 202 114 196 168 166 213 158 178 195 115 174 184 106 138 199 74 127 156 189 198 15 112 62 46 168 122 123 101 120 112 212 159 89 16 102 126 107 2 209 114 162 80 171 79 198 101 97 70 103 136 52 4 95 66 7 84 212 90 43 77 9 100 137 202 94 127 3 219 153 101 211 217 209 203 121 32 101 115 160 149 55 196 75 133 166 90 26 203 67 74 72 180 8 145 100 96 110 168 120 94 131 64 163 43 197 104 39 37 1 85 166 197 156 63 85 203 130 45 198 186 157 115 157 7
167 172 118 133 110 183 114 152 57 204 1 107 95 54 123 116 143 201 140 33 107 218 201 53 55 137 157 195 157 84 42 205 187 141 154 168 152 151 26 143 59 45 195 202 125 178 72 164 73 35 220 21 145 106 129 71 56 199 174 16 144 177 169 163 58 212 199 108 73 155 218 85 200 88 170 97 199 214 165 141 44 91 213 200 161 175 62 104 129 143 30 57 181 117 51 25 67 199 90 109 97 59 183 110 9 172 86 72 191 75 93 103 14 75 148 195 12 201 73 175 46 121 128 43 153 38 57 156 94 101 61 216 127 113 197 2 5 59 96 210 68 168 97 89 48 192 150 145 2 172 104 31 138 170 74 205 33 17 18 140 13 128 113 106 49 185 152 83 29 206 50 49 196 200 90 197 27 102 168 51 147 21 13 60 209 210 112 61 6 162 83 164 51 194 205 67 31 115 4 198 203 105 67 34 220 3 218 189 47 150 161 48 171 109 107 90 27 36 68 198
97 207 7 71 129 24 219 79 86 51 83 88 129 171 32 129 142 149 140 26 210 92 201 207 79 130 106 180 171 181 15 138 24 58 119 112 156 161 25 111 134 212 38 160 94 95 24 128 220 152 210 5 52 158 180 215 216 16 57 115 71 162 214 136 160 58 64 100 18 189 146 35 99 96 188 163 35 2 134 35 14 140 30 139 217 105 157 51 55 138 23 106 11 20 27 66 156 198 58 201 156 128 206 172 157 159 35 89 130 24 141 171 155 86 32 9 141 49 163 82 150 103 125 217 117 154 13 46 15 146 26 212 189 46 90 20 143 10 94 44 2 182 182 97 131 162 9 85 75 154 82 214 52 98 206 151 70 57 45 107 37 95 166 198 100 72 136 80 70 137 58 101 9 76 145 67 125 88 193 57 110 1 171 85 79 178 26 15 60 12 2 19 200 215 188 130 169 8 86 211 138 170 208 220 100 81 140 97 33 139 98 184 10 41 155 21 80 125 203 107
59 213 171 27 205 214 20 127 77 217 1 141 195 18 21 16 110 86 85 174 4 161 83 49 84 92 192 30 164 105 87 6 23 139 114 112 116 204 1 4 25 177 188 220 21 196 33 70 123 92 215 65 96 159 116 62 138 32 72 19 106 40 80 203 102 100 132 131 6 144 120 43 30 62 76 183 136 101 42 97 162 17 129 207 209 101 150 47 98 157 205 82 194 192 206 162 165 133 166 39 48 115 47 194 167 220 114 78 104 137 27 91 38 62 130 68 50 35 145 123 167 1 74 12 85 62 144 93 158 112 21 133 219 123 141 151 149 159 72 119 8 60 182 58 96 107 160 15 10 156 97 148 158 8 105 18 50 48 124 31 116 21 1 26 31 196 107 23 182 146 193 12 184 192 143 26 180 50 67 31 211 174 192 200 188 5 129 44 38 217 177 206 171 36 204 14 209 120 183 203 16 211 143 42 5 102 154 103 91 123 189 99 189 41 211 35 43 166 136 124
106 196 97 126 12 115 65 219 84 174 111 87 122 102 162 42 60 105 152 31 151 101 60 220 41 73 5 39 53 84 11 118 185 108 103 43 20 53 2 102 179 24 214 53 137 102 92 71 208 42 10 188 214 198 105 105 37 182 125 57 162 14 5 31 21 152 218 144 21 118 161 121 73 205 212 8 64 142 210 124 206 201 7 183 153 159 193 92 64 3 114 13 81 81 53 128 76 194 198 121 145 115 79 118 187 87 142 93 16 37 217 46 149 40 127 191 4 162 51 74 65 40 148 73 194 138 162 11 35 119 138 211 214 98 49 169 18 183 85 174 184 190 59 120 184 150 95 2 60 107 144 127 106 114 106 48 168 82 27 100 187 207 76 187 180 44 1 58 123 45 130 66 78 108 163 120 108 125 119 155 119 30 214 136 13 220 142 86 167 90 19 217 49 95 58 189 200 201 54 144 82 168 50 8 178 103 3 26 194 206 177 185 136 44 77 11 161 9 90 124
101 109 77 19 148 196 123 80 76 179 33 20 15 51 202 15 30 184 174 202 115 206 155 156 66 37 39 121 140 128 104 126 12 192 37 176 117 54 190 26 193 101 213 15 166 2 201 117 52 98 39 119 96 127 176 166 110 118 153 53 150 35 82 26 71 190 47 169 30 107 59 57 35 99 64 174 182 16 41 138 213 138 220 120 215 219 113 11 192 169 57 7 69 26 5 151 74 97 167 119 209 18 47 203 155 209 32 118 82 89 164 84 66 179 195 88 74 187 97 54 217 109 65 148 212 130 157 105 118 6 147 198 94 113 194 208 130 184 192 69 138 159 149 73 10 100 76 188 213 61 156 34 30 191 213 201 87 89 35 134 2 126 16 57 207 169 142 114 122 151 197 98 218 1 93 130 157 176 5 100 17 201 114 111 58 93 52 131 41 207 93 110 56 191 214 110 104 200 55 145 49 72 57 18 124 98 79 209 4 65 212 89 146 201 78 206 4 174 154 74
142 51 113 214 178 62 114 3 209 102 209 192 212 64 171 148 202 199 171 5 32 85 2 73 43 195 131 207 204 36 206 14 25 155 51 184 92 219 115 30 149 134 20 65 103 169 131 36 114 88 32 177 127 15 192 89 24 134 16 130 51 125 71 3 101 97 156 11 125 201 121 157 36 63 203 113 9 73 76 30 153 20 89 175 205 80 96 68 161 121 77 5 42 149 8 79 188 17 124 12 42 138 184 104 73 131 146 186 126 135 94 123 124 145 131 119 208 59 105 27 142 195 128 203 23 209 70 125 63 211 170 95 120 194 188 94 149 55 137 185 192 123 184 149 90 213 82 209 92 19 151 167 14 115 188 195 56 92 146 116 93 120 33 35 66 189 37 24 206 99 74 10 67 46 43 42 184 26 191 200 35 3 118 197 90 107 30 184 150 106 85 29 125 144 79 218 165 189 109 173 110 219 17 100 201 148 77 130 46 88 51 194 83 67 24 190 65 120 124 99
113 192 90 117 8 175 96 195 10 23 164 116 131 102 39 217 14 166 9 177 107 211 162 102 188 112 178 204 75 108 165 202 30 201 217 126 31 127 215 6 215 116 21 30 88 133 116 79 97 40 172 37 56 124 186 113 99 207 127 12 86 162 65 24 199 147 182 4 60 91 204 39 136 138 46 93 213 124 70 53 70 32 47 161 76 33 117 111 34 173 177 43 23 71 214 83 55 66 188 76 176 205 138 54 149 138 28 125 41 216 22 184 27 96 94 83 38 163 116 177 129 203 212 62 116 108 39 112 51 216 68 200 146 54 210 57 207 201 5 106 175 168 50 63 98 36 142 207 57 54 65 105 200 136 22 135 89 109 156 31 137 10 124 136 171 5 43 130 140 187 70 210 213 29 24 47 165 194 85 90 180 210 27 192 37 7 64 140 55 117 8 201 98 195 171 158 161 2 104 79 19 126 186 38 136 146 15 136 32 9 19 155 206 41 201 196 93 172 16 182
188 47 174 72 27 154 180 82 65 33 168 100 9 173 48 113 125 107 78 85 163 74 61 204 151 176 125 147 125 8 146 153 75 23 181 173 73 32 15 192 216 125 143 15 191 32 15 18 74 140 131 207 99 142 167 10 63 23 126 76 2 186 146 123 173 201 40 163 195 81 73 74 139 148 47 121 105 188 116 80 36 18 6 138 117 49 175 143 175 189 196 207 133 121 40 32 158 17 46 153 58 216 67 166 146 187 150 35 169 124 138 63 163 166 139 105 9 94 21 33 151 145 16 103 189 117 220 196 171 24 192 33 68 127 92 171 38 62 120 154 93 196 90 36 206 128 111 133 98 10 192 8 188 57 124 135 212 115 217 158 204 218 102 76 113 160 195 18 213 49 146 163 200 155 126 77 197 164 220 79 85 77 123 175 183 144 143 13 177 9 33 208 208 152 190 184 178 84 144 46 102 138 188 125 124 47 60 23 139 157 18 155 125 55 77 70 117 191 68 181
18 177 126 174 75 196 56 48 133 1 15 119 190 165 36 108 211 171 31 148 74 99 185 92 207 186 197 32 209 175 78 55 63 203 86 159 114 210 103 71 168 158 57 85 99 107 8 212 53 103 220 156 56 107 112 52 78 102 124 135 82 183 206 208 183 133 120 179 177 138 111 98 85 141 34 112 105 73 69 172 154 142 87 125 216 149 121 111 8 77 153 79 152 86 10 157 164 132 124 38 169 220 80 190 58 179 217 151 23 54 129 31 140 65 136 214 207 131 17 50 202 119 211 187 60 36 103 8 182 29 163 88 125 175 203 190 52 6 170 102 176 203 188 46 138 211 123 196 180 56 134 46 1 132 202 125 20 170 47 88 51 35 46 204 106 52 55 59 189 110 150 152 131 16 133 208 173 137 3 199 190 154 68 99 128 75 158 132 49 58 65 107 129 101 213 3 89 183 217 180 199 71 83 129 97 40 157 90 156 113 41 169 165 108 214 31 25 28 6 103
21 149 49 174 192 195 169 24 69 119 155 3 195 167 30 152 176 132 215 101 61 173 17 168 24 199 10 180 48 192 178 131 85 213 48 83 2 154 153 56 211 127 83 167 137 121 190 148 11 145 184 146 203 106 144 9 71 158 213 159 192 213 17 70 123 34 91 165 160 99 108 24 66 218 24 140 98 53 203 64 88 189 103 162 180 44 170 66 91 16 41 174 132 39 112 84 82 156 180 77 7 121 54 45 194 141 89 127 211 199 163 26 153 70 68 143 135 147 119 188 84 182 59 5 63 50 31 11 64 36 164 71 33 5 62 134 123 4 92 173 49 14 194 172 119 216 105 144 138 64 64 36 3 166 79 26 139 104 198 100 126 212 158 77 145 27 27 172 122 27 116 88 36 220 168 43 121 161 119 50 55 134 25 188 200 152 95 96 38 216 74 164 136 210 213 76 19 57 53 3 112 152 166 36 10 134 202 126 115 209 62 140 161 159 58 151 79 198 79 174
150 186 204 36 79 31 32 146 172 193 155 107 143 139 199 56 116 219 119 89 84 101 34 118 165 86 23 205 19 178 144 130 113 194 116 198 3 26 34 198 147 11 126 59 117 111 26 151 20 115 208 65 59 163 108 1 184 33 170 69 93 110 165 12 213 17 21 69 181 189 87 108 220 181 33 110 25 163 172 210 114 88 198 133 6 17 13 141 60 38 102 192 28 150 199 198 7 141 104 147 13 27 186 133 111 178 148 135 17 40 15 175 85 188 108 111 105 212 109 35 32 19 118 199 217 24 122 25 76 45 84 107 135 73 213 195 76 140 201 193 108 170 139 168 178 59 106 170 37 4 183 134 219 80 143 63 54 57 162 145 31 203 183 161 12 60 176 171 52 29 22 159 49 114 162 1 69 112 18 72 50 73 202 51 68 145 57 99 68 210 10 134 114 30 197 11 168 143 143 196 88 83 79 182 55 1 151 74 214 49 12 82 175 101 22 162 217 31 202 122
113 114 77 143 79 88 144 81 120 105 78 127 9 217 90 52 170 80 20 82 99 12 130 58 176 100 118 125 75 101 61 7 64 67 31 81 152 92 15 169 70 101 201 185 15 186 107 112 11 51 47 118 220 145 198 112 123 98 27 209 108 30 135 65 191 153 105 125 172 19 26 112 122 147 89 166 9 63 70 79 72 83 40 66 105 9 98 146 195 98 150 131 20 201 89 188 32 139 195 123 108 151 27 103 164 215 155 104 168 18 18 121 167 152 108 136 108 190 116 73 170 44 102 209 121 101 98 10 27 164 177 135 83 153 60 85 50 142 73 130 202 111 40 126 116 105 180 208 108 149 15 106 61 85 212 108 160 185 118 43 171 187 187 182 1 180 119 26 108 60 53 159 63 75 44 20 15 53 209 20 215 66 106 210 21 162 175 200 164 112 5 180 198 25 116 203 166 25 197 200 214 106 20 168 123 168 191 93 151 81 143 161 46 181 84 157 88 19 82 122
183 34 83 17 154 124 188 59 14 45 62 208 181 115 8 101 214 141 158 131 45 117 47 180 138 88 170 103 128 216 202 176 112 42 90 119 121 36 110 164 49 14 205 202 200 137 39 153 165 189 135 6 152 64 48 81 95 181 7 92 154 54 125 164 55 18 10 117 17 129 186 95 59 109 174 112 202 66 91 121 198 150 211 91 91 212 18 94 41 185 25 116 8 127 44 27 206 58 1 155 166 51 113 65 29 54 153 111 86 147 60 205 134 44 38 94 110 179 196 219 138 61 50 122 25 95 45 143 65 52 190 7 204 36 35 196 52 42 54 206 219 23 177 61 2 129 15 191 89 111 94 44 91 101 80 170 201 185 195 73 124 167 204 51 177 134 27 4 122 167 45 112 87 83 20 78 21 28 77 81 94 4 219 134 1 133 125 94 186 82 38 87 121 145 88 213 8 186 122 6 85 9 137 49 151 217 67 163 76 66 94 96 177 108 175 75 105 69 135 63
83 204 202 119 64 3 55 170 151 94 219 156 159 29 185 64 211 61 27 14 148 132 59 42 28 196 29 199 45 154 214 150 151 175 152 176 33 78 172 120 124 44 109 188 11 48 183 176 159 134 131 70 88 185 182 80 99 132 210 31 205 182 108 35 208 83 81 138 190 28 128 10 28 93 169 186 183 90 161 68 23 114 160 197 204 206 123 197 112 38 111 35 82 176 130 131 196 177 39 116 73 122 57 205 98 72 127 144 173 120 176 51 148 140 41 95 27 99 126 35 7 44 193 149 80 106 148 209 171 35 145 216 195 185 47 37 155 220 171 153 193 30 24 218 53 58 147 160 141 190 8 104 30 167 117 149 160 133 105 204 206 93 196 128 92 185 117 148 65 217 52 102 117 149 144 103 217 79 90 220 144 216 15 101 6 153 104 211 172 208 90 54 204 122 114 145 36 75 54 160 82 194 187 169 30 46 61 94 168 107 42 4 56 196 155 51 38 53 43 70
131 29 149 201 47 19 114 17 3 78 31 181 188 188 124 57 191 52 53 100 1 86 42 38 165 162 39 115 95 9 147 114 96 8 206 97 22 36 3 214 102 97 95 100 219 81 51 162 116 33 96 58 120 216 66 201 201 165 92 36 10 64 44 69 145 120 131 131 26 99 175 65 32 124 1 129 114 77 195 158 150 117 96 51 149 187 155 6 194 111 12 169 144 127 121 182 64 28 64 50 120 160 211 102 67 67 214 111 195 33 179 110 190 108 25 140 74 94 191 214 106 210 76 163 97 100 30 12 185 179 27 152 187 124 111 185 140 168 34 51 50 130 42 199 27 67 74 211 61 84 130 89 44 20 186 14 42 96 149 188 15 61 5 9 50 37 52 201 20 155 35 128 46 49 125 171 216 17 165 21 219 155 189 136 111 5 23 79 201 181 198 48 54 200 172 213 74 107 78 4 39 19 74 11 181 119 98 189 18 71 205 13 96 135 154 131 34 1 117 134
198 78 204 90 38 137 121 158 78 15 83 83 25 137 187 213 43 85 148 56 116 106 189 118 175 102 116 108 197 129 171 25 105 197 64 157 47 153 67 8 106 13 34 69 32 169 160 206 29 168 78 133 137 103 32 202 133 182 174 154 156 102 95 202 121 194 178 54 137 198 206 177 170 66 155 53 137 95 8 14 131 190 144 118 125 4 149 88 123 109 117 210 47 174 192 164 197 43 19 56 198 76 77 158 188 27 192 92 110 168 6 119 174 84 163 199 219 57 121 127 132 184 2 58 156 13 52 52 142 16 171 42 202 60 18 100 18 104 25 165 128 111 124 8 39 111 112 108 117 70 29 112 99 192 141 106 71 96 139 9 127 11 32 24 10 186 103 6 207 185 18 176 220 22 137 132 100 76 97 96 24 24 71 152 188 174 23 91 198 109 165 200 220 107 12 7 220 171 140 39 77 130 166 3 212 173 212 21 125 121 176 59 105 213 37 74 46 177 143 204
17 22 219 107 150 153 176 48 34 117 147 92 138 26 87 8 56 4 63 89 23 105 157 146 103 109 175 35 104 141 61 220 28 110 75 91 135 4 193 110 151 218 66 3 52 179 106 163 110 215 165 161 190 65 98 47 57 198 147 30 103 203 17 186 47 211 87 62 90 158 146 76 19 121 28 219 27 111 75 187 193 187 201 60 85 25 50 54 202 156 44 3 136 136 186 146 173 199 206 197 128 198 87 202 160 104 54 212 141 19 86 11 159 18 127 186 96 9 163 94 23 105 49 55 147 122 159 200 142 12 168 123 81 198 208 37 63 159 125 64 119 188 172 24 47 56 3 5 188 99 192 65 89 5 204 35 42 68 181 127 115 130 155 25 22 151 2 139 20 98 24 199 157 4 13 183 124 134 90 208 22 199 118 202 76 28 190 133 194 166 58 85 12 100 45 197 30 24 133 18 70 181 1 13 127 48 17 172 10 213 67 209 11 94 34 15 86 5 61 91
162 191 44 79 100 143 178 146 212 46 153 135 47 66 35 189 16 105 134 14 48 161 113 12 39 214 199 92 88 41 121 110 72 74 155 192 32 125 11 212 38 35 86 165 18 153 148 129 208 26 48 123 122 180 42 53 107 94 201 192 51 128 214 42 17 76 207 62 178 151 17 170 205 205 116 104 39 218 17 185 219 202 131 205 70 47 82 80 97 8 103 40 205 147 57 116 80 127 125 170 183 121 93 98 61 52 59 75 155 14 59 153 3 80 211 211 121 64 8 112 51 219 217 32 85 219 2 44 118 56 41 183 123 48 121 30 58 94 19 5 196 142 128 147 138 111 103 108 191 38 58 11 70 116 164 48 49 167 195 187 173 196 44 209 162 137 118 98 135 15 119 5 87 19 81 81 87 29 162 41 118 142 191 122 149 210 220 174 202 86 152 126 107 198 109 26 208 31 94 137 102 29 126 139 127 150 181 199 209 98 122 47 213 3 143 206 18 201 7 144
38 79 87 185 215 173 69 88 132 105 4 121 49 127 49 115 188 62 18 182 174 56 198 189 54 112 85 50 46 215 209 135 124 46 98 36 60 16 29 157 188 44 85 63 78 103 218 129 171 127 112 1 211 186 110 5 197 173 191 145 110 186 165 89 172 85 81 150 94 138 178 195 57 23 117 32 139 112 95 54 123 93 46 74 202 76 191 91 100 102 141 165 220 165 123 194 102 132 38 164 40 218 170 142 57 177 219 32 135 98 172 33 96 118 148 86 84 56 126 52 56 19 191 158 75 39 87 129 75 182 148 83 20 107 119 220 110 4 3 6 169 176 144 149 111 27 13 144 58 72 12 31 94 155 53 165 117 167 72 57 153 78 50 66 28 209 199 68 98 112 166 55 84 161 53 167 100 186 46 182 186 158 160 4 116 46 134 81 3 110 213 175 119 81 164 211 136 64 155 197 108 92 46 108 64 216 20 138 211 8 77 194 63 54 189 49 157 151 47 52
105 197 208 186 63 118 42 184 81 46 28 119 69 199 93 9 213 165 179 76 12 159 116 180 51 216 188 62 115 161 85 146 13 15 138 93 33 123 87 214 4 197 164 126 33 82 104 181 11 111 112 185 197 187 71 40 29 129 173 123 21 202 175 79 205 196 29 109 177 15 178 197 174 22 124 171 86 175 214 132 31 121 191 194 42 126 192 174 101 105 62 151 152 134 83 137 182 119 17 9 60 170 199 155 146 19 55 173 122 156 81 40 62 80 138 1 138 54 72 158 205 5 12 59 158 30 4 72 1 97 48 148 98 74 170 55 46 37 38 180 20 80 98 68 216 189 18 191 157 218 124 50 186 202 109 217 218 50 93 67 99 60 134 110 172 119 95 138 153 129 50 167 159 150 29 171 206 66 23 67 195 183 17 143 203 142 51 104 118 58 136 198 155 157 107 67 44 59 132 63 189 207 4 112 190 71 142 216 101 70 163 1 20 106 124 116 126 148 156 34
6 205 98 29 31 203 212 139 120 84 172 50 136 119 220 157 77 175 219 177 157 148 173 68 15 41 57 127 144 212 169 14 62 75 18 178 214 200 90 212 175 150 73 34 153 70 72 7 212 207 103 182 53 64 161 17 198 72 126 147 107 96 176 11 60 141 189 65 127 212 79 166 134 114 170 91 93 197 33 44 184 95 36 177 37 139 178 51 26 74 157 107 4 202 70 52 188 54 63 92 200 197 180 121 6 35 78 156 93 84 111 215 160 11 160 150 72 58 196 27 98 71 53 173 117 115 37 112 186 1 62 92 101 196 130 211 193 101 96 21 205 111 143 203 189 9 109 37 28 131 135 16 28 135 160 65 187 170 219 119 168 33 192 25 153 136 63 104 4 102 203 140 147 30 87 148 27 88 133 145 57 106 52 30 176 21 43 174 161 144 71 70 50 21 15 61 50 73 102 70 134 76 72 132 196 155 145 108 157 191 117 205 135 89 116 165 114 126 198 165
87 72 25 151 36 97 131 78 159 47 88 208 166 162 191 209 148 108 203 50 178 146 124 1 163 16 164 17 82 118 67 146 126 143 152 197 89 83 165 194 118 37 144 106 148 53 148 46 198 168 92 131 7 66 107 170 155 158 30 173 70 28 28 42 120 95 135 101 21 58 109 190 34 200 1 216 134 141 198 164 99 120 65 154 191 103 142 180 219 62 128 18 65 133 140 102 104 57 45 21 6 61 41 215 178 152 217 165 41 6 52 199 128 74 218 143 85 63 201 165 28 165 172 100 87 83 135 84 154 78 109 96 174 114 219 75 146 101 140 62 218 100 184 86 89 22 190 10 122 18 220 86 12 158 137 198 122 113 3 173 138 151 212 32 172 87 207 37 76 189 187 119 100 141 124 171 51 151 96 199 10 85 137 3 19 62 118 56 105 172 169 205 205 36 36 124 213 62 167 214 22 173 70 115 46 173 128 3 20 174 66 148 102 216 178 133 167 192 43 85
75 59 161 127 166 115 109 29 42 194 109 50 118 30 91 148 85 110 201 124 116 36 213 22 115 122 153 168 217 219 134 80 117 111 215 46 53 106 106 135 103 156 80 201 145 191 126 48 105 163 57 35 3 85 54 115 10 35 116 4 180 22 213 41 108 178 165 149 171 26 57 197 92 184 128 118 27 209 31 86 7 92 35 157 171 171 150 173 186 202 163 81 171 40 104 193 117 199 183 204 171 149 203 197 152 77 158 123 96 194 1 71 75 99 15 209 131 87 42 42 164 39 128 214 127 143 152 176 143 125 77 166 115 55 180 148 190 78 172 185 41 45 204 51 70 10 79 9 198 216 170 5 198 97 23 156 77 51 73 215 70 28 101 55 127 142 1 140 9 170 117 212 129 213 199 1 135 183 150 27 186 15 39 187 200 209 71 197 189 56 35 43 24 56 106 207 92 216 201 146 144 36 20 129 167 216 212 9 78 140 147 6 34 204 60 205 175 203 166 181
132 129 16 130 63 191 168 28 184 194 128 176 177 19 101 175 88 8 84 50 172 82 109 217 213 170 206 214 71 41 33 2 121 162 137 37 57 74 70 87 20 199 216 202 218 106 26 122 84 196 125 68 64 72 59 126 144 196 114 9 178 93 103 156 128 144 54 78 139 79 101 139 164 155 28 189 206 211 182 31 14 167 107 21 90 162 17 27 5 86 206 38 145 18 2 37 4 106 37 120 176 37 164 48 60 53 2 208 123 147 9 29 64 159 122 191 117 74 180 177 157 173 46 36 33 73 1 35 95 29 125 51 136 8 27 98 38 145 149 118 87 2 84 2 65 153 122 86 90 66 86 144 218 51 47 39 164 74 198 156 118 21 125 108 143 160 121 209 197 173 213 53 102 174 174 136 189 218 12 73 193 86 184 103 152 134 84 173 190 101 160 111 165 209 117 165 20 178 217 18 119 166 49 203 18 32 113 208 113 1 207 146 60 207 62 34 134 49 47 88
20 190 89 123 173 70 212 153 100 61 92 93 118 220 210 154 113 203 112 49 60 69 175 23 146 184 37 176 204 163 166 146 188 205 151 41 75 198 187 141 109 32 140 174 134 134 219 165 127 32 102 50 103 45 69 93 146 69 216 218 36 86 19 73 40 47 50 2 140 117 97 80 71 212 109 93 123 27 87 138 61 77 17 214 19 28 206 101 40 97 72 198 211 34 166 66 136 168 93 141 173 209 165 147 72 55 181 3 9 68 111 121 203 213 173 156 181 141 106 166 111 58 185 48 65 143 95 166 109 6 165 201 16 188 26 93 87 34 130 23 107 207 134 113 22 27 8 206 175 88 212 112 182 105 101 165 71 167 216 114 48 99 144 171 217 132 46 164 131 123 5 178 30 83 114 48 97 98 194 215 155 146 12 87 215 187 127 127 149 43 16 115 3 139 130 219 99 119 118 172 47 76 209 94 79 131 174 190 191 196 137 15 163 153 155 209 130 83 16 211
167 64 25 171 125 146 74 195 99 62 95 191 68 121 48 108 215 211 49 122 112 201 46 35 133 44 125 13 198 147 28 164 58 12 168 51 136 190 47 131 40 35 219 114 137 185 33 191 9 134 64 9 212 146 90 8 25 89 53 74 116 63 95 201 29 20 27 164 110 43 46 53 120 109 209 17 124 165 121 154 59 80 20 73 169 144 104 161 39 76 79 6 38 84 2 99 111 209 37 71 147 152 47 195 79 149 197 50 210 157 96 188 184 159 111 192 66 14 124 39 71 181 15 176 104 19 140 195 19 191 137 141 88 13 162 26 205 50 11 167 115 77 57 69 136 21 196 74 108 119 45 203 125 153 192 124 162 73 21 70 90 35 57 74 19 70 54 135 44 138 94 124 106 158 90 104 175 30 75 146 97 165 5 165 14 201 47 128 206 155 207 46 104 75 133 48 128 189 145 146 215 162 47 174 173 146 128 101 105 58 192 164 214 18 63 8 186 187 47 216
220 103 203 42 76 166 125 184 171 151 174 72 13 211 27 186 57 127 101 73 158 218 127 213 21 219 64 11 26 179 26 79 119 61 97 49 181 69 73 201 43 162 26 87 85 52 210 18 187 111 216 61 143 212 2 212 213 53 171 13 148 2 185 103 58 26 167 75 59 189 184 54 199 143 14 63 26 150 81 165 14 128 157 68 31 41 199 220 83 161 77 201 185 146 167 105 49 202 202 55 116 105 131 168 90 16 28 62 183 91 28 17 201 88 97 125 162 210 43 213 218 215 13 141 144 112 4 86 87 196 60 220 112 212 59 61 146 50 74 167 220 133 202 75 107 183 136 29 92 175 172 120 176 138 207 74 193 119 49 98 65 150 116 135 145 94 133 220 182 91 202 10 202 25 23 157 85 19 138 203 63 90 138 155 114 133 159 85 46 211 162 10 171 133 192 17 132 80 9 79 181 63 164 147 97 69 168 175 16 212 21 138 79 38 40 60 52 163 93 212
192 125 77 148 136 189 127 92 159 120 97 120 200 88 7 163 197 40 103 73 115 14 34 183 127 43 185 50 205 220 66 205 83 94 40 77 85 33 197 111 154 111 53 90 183 7 167 91 25 93 59 68 109 157 198 156 93 148 98 209 156 97 196 80 170 168 217 67 22 88 192 129 78 64 40 166 162 138 124 67 47 186 45 83 158 115 50 59 34 9 166 184 195 56 124 217 7 58 17 28 207 171 108 79 65 120 187 161 46 65 128 108 5 49 20 51 21 158 150 37 189 203 133 187 99 174 62 4 172 62 194 27 149 73 110 116 75 79 53 7 8 87 152 34 177 122 32 167 215 156 136 140 78 35 183 20 107 142 199 103 138 107 28 167 92 6 220 209 55 141 163 179 120 178 135 107 207 126 24 191 102 91 120 65 33 218 146 212 202 115 207 204 32 17 41 134 165 11 186 142 146 211 133 56 192 13 100 167 12 198 145 210 16 54 28 50 188 24 58 44
211 127 213 55 86 26 21 36 74 210 138 123 132 38 185 40 214 85 18 3 90 203 167 102 31 49 120 106 207 179 50 55 209 87 109 85 154 11 195 74 198 164 162 128 125 112 192 32 9 76 174 102 200 26 195 72 91 165 199 62 94 153 212 64 149 97 131 5 69 7 205 172 72 147 50 28 29 188 94 179 11 159 176 108 215 178 69 198 39 163 161 54 119 28 27 19 170 101 162 67 110 152 212 218 129 105 205 10 129 180 18 212 122 210 98 202 159 103 184 146 50 49 182 14 9 175 12 51 201 85 52 16 166 216 89 29 75 37 176 108 193 121 151 46 199 23 141 82 103 84 103 125 138 144 72 27 64 84 110 41 33 218 87 82 51 165 5 174 25 115 9 7 103 192 48 69 23 28 70 125 53 13 60 31 169 100 196 48 158 135 26 207 121 78 202 131 195 139 193 106 61 115 52 136 118 78 189 104 89 150 143 73 171 146 215 13 201 8 131 201
184 127 64 209 24 75 21 189 50 110 43 156 54 137 188 137 217 40 64 34 105 144 76 75 211 181 131 100 58 81 148 59 187 189 50 209 169 128 137 53 96 214 133 203 91 129 72 97 168 23 17 90 110 180 143 77 43 188 61 52 102 131 107 176 55 115 69 30 76 154 189 167 8 177 118 67 32 62 95 179 47 66 75 198 128 57 211 87 146 164 214 134 164 23 70 18 76 219 144 79 140 191 213 105 79 162 112 152 163 61 87 20 84 25 37 205 99 197 109 79 67 114 160 31 3 109 17 52 21 175 87 115 142 82 121 37 93 26 202 109 20 210 49 57 130 146 156 133 75 100 59 36 60 110 67 218 122 31 76 5 21 29 150 6 77 142 185 174 69 75 79 117 165 146 134 80 62 6 88 156 219 43 53 104 36 183 154 166 5 126 33 217 166 148 13 64 165 175 193 132 43 81 133 44 115 201 111 1 160 84 22 26 185 155 31 161 23 95 83 88
206 118 140 111 60 1 87 60 193 159 8 112 20 27 159 132 24 215 201 170 126 154 196 106 119 159 96 52 19 57 49 179 220 46 47 120 217 123 110 84 138 111 71 208 166 102 52 204 164 102 143 142 163 151 115 192 75 215 198 25 117 150 186 14 21 86 162 103 80 202 206 180 91 158 214 127 52 182 218 17 149 152 110 9 82 78 148 126 23 58 32 87 209 11 168 132 56 34 67 4 30 57 145 199 25 92 114 174 92 146 79 196 130 53 191 146 180 107 194 22 100 93 89 207 55 153 106 28 4 211 131 175 203 187 31 135 102 44 168 137 185 20 82 93 85 157 146 13 143 59 56 31 98 2 107 120 196 37 30 73 204 79 84 51 141 78 51 136 124 93 107 144 26 194 167 124 206 49 135 178 121 168 23 202 77 11 164 213 70 12 127 30 61 127 73 184 156 103 97 165 164 195 165 65 125 188 136 180 176 78 75 10 165 91 94 94 108 29 19 134
75 50 105 182 50 153 76 104 44 144 190 37 2 108 165 173 28 50 94 91 103 80 102 161 64 188 192 216 116 122 54 176 114 22 139 87 79 202 125 212 201 162 92 164 57 1 149 215 24 50 128 128 58 128 155 170 176 75 51 144 144 94 99 126 171 207 218 73 110 21 172 175 162 122 60 94 15 62 177 94 10 67 62 77 153 5 76 218 89 28 173 135 144 35 106 75 32 7 73 34 70 123 206 214 125 197 9 86 108 104 154 66 110 168 191 21 6 190 87 114 10 78 140 66 193 127 196 68 65 64 150 129 110 148 48 7 95 150 203 17 71 28 157 4 31 62 86 71 103 11 66 117 202 140 95 111 5 41 13 39 78 109 161 47 178 148 145 174 175 77 30 140 90 74 189 69 50 28 188 7 127 33 75 219 5 204 13 54 29 72 33 40 199 130 175 64 167 23 125 129 92 59 99 48 22 58 27 67 124 149 138 90 40 106 55 44 219 12 15 86
49 29 66 11 81 28 178 20 133 95 204 47 176 143 88 122 213 76 148 142 30 209 33 93 127 151 44 163 67 121 61 55 178 156 204 91 87 108 113 50 1 120 74 6 157 192 10 181 199 112 47 24 79 109 66 60 64 172 74 148 67 23 39 37 1 154 203 191 153 19 9 149 177 217 205 154 219 176 196 151 122 123 181 180 103 217 143 79 28 19 177 136 213 126 57 48 113 141 203 118 8 184 75 39 9 8 199 172 194 198 220 109 51 100 88 4 208 74 67 40 33 115 216 145 121 48 110 189 179 52 161 3 22 32 63 212 81 14 185 148 161 72 163 43 29 74 161 75 15 218 46 7 107 46 35 190 197 62 158 173 153 170 212 40 54 188 31 108 125 164 170 18 189 146 94 134 116 178 160 16 203 187 17 197 18 106 173 197 163 104 79 193 60 156 138 215 42 14 125 20 116 217 142 31 200 212 25 25 201 126 12 160 157 10 208 38 115 135 164 161
47 13 44 178 220 152 4 47 85 60 50 107 59 61 93 134 164 163 9 135 162 198 83 9 134 147 207 14 132 204 142 162 136 119 70 95 37 164 115 156 198 22 34 104 188 170 184 172 23 10 120 68 212 184 149 133 16 7 183 130 95 189 122 170 167 36 14 73 95 50 70 46 181 37 124 120 184 190 146 14 94 139 59 7 160 51 69 56 158 58 208 16 173 23 147 213 62 133 87 131 27 121 194 159 75 102 157 163 113 138 167 153 174 23 129 179 143 167 70 106 120 71 207 153 177 41 203 214 146 108 160 192 185 58 164 3 85 55 29 162 53 172 19 155 206 1 99 97 25 180 203 85 198 118 141 54 74 59 99 118 189 29 16 193 117 69 89 140 57 121 41 99 183 165 21 97 166 144 177 131 41 60 83 191 50 36 142 102 101 126 66 170 82 128 58 141 159 76 146 33 218 127 160 159 141 105 94 172 56 88 56 178 142 83 196 176 58 185 98 219
164 193 79 165 215 58 148 184 173 18 25 22 150 166 171 85 10 182 173 101 109 117 59 49 2 75 200 22 114 171 73 172 87 66 211 157 163 6 139 68 139 169 83 19 209 86 119 80 16 125 123 178 17 172 184 201 83 162 31 58 68 126 159 136 94 144 155 150 65 100 170 166 218 118 22 160 29 78 3 96 157 95 203 132 52 63 216 34 219 56 112 149 192 115 98 118 121 57 153 101 106 164 158 156 142 73 58 61 60 62 160 37 135 121 29 186 37 122 209 184 72 85 174 24 105 25 101 61 55 81 143 61 69 189 188 132 137 143 52 59 198 100 76 125 33 52 185 121 82 93 60 124 93 141 90 173 167 21 193 12 185 198 157 127 150 192 67 14 49 126 121 216 10 40 101 197 147 66 186 60 43 219 3 40 68 187 34 191 27 10 23 178 172 200 34 28 132 169 218 209 200 220 34 38 134 180 216 39 125 174 62 48 72 152 53 94 106 77 200 176
40 43 133 70 146 14 132 30 123 172 70 80 193 176 99 211 11 76 131 16 55 145 94 4 131 172 73 39 35 127 96 168 35 120 78 20 108 121 124 150 127 17 71 93 160 26 71 169 82 43 194 125 103 94 216 2 76 191 122 102 10 179 55 200 62 129 138 91 25 204 104 95 100 18 114 122 23 129 118 69 99 210 132 110 201 157 6 120 219 40 209 195 79 32 211 57 100 70 176 31 177 25 176 88 199 24 152 149 41 61 23 181 30 30 29 68 142 23 83 55 174 65 133 131 163 167 147 118 139 212 119 163 208 216 45 30 54 38 185 84 199 20 207 187 188 69 10 44 69 80 16 95 191 182 47 173 186 43 216 144 190 58 43 111 14 187 187 178 19 186 220 95 212 183 46 212 67 16 183 154 137 131 196 178 5 37 94 134 151 60 55 169 152 161 14 148 37 17 34 127 84 150 66 140 88 209 64 190 38 118 201 47 96 72 25 133 211 125 137 87
53 26 104 145 55 4 144 77 126 76 13 119 139 194 114 194 208 190 75 200 107 111 105 220 213 66 97 63 205 94 169 165 44 211 219 135 83 198 200 149 163 99 191 26 37 67 168 102 213 93 72 30 10 114 106 180 157 21 161 125 61 78 102 27 49 179 107 29 143 182 58 211 218 165 99 4 29 77 147 117 106 7 65 117 73 148 186 35 26 76 30 142 195 128 163 133 92 162 45 212 213 15 169 119 32 101 21 85 196 163 6 121 19 67 4 164 25 162 189 152 134 151 113 54 5 106 119 27 201 58 80 105 29 167 118 12 196 156 2 9 92 186 179 46 34 212 4 133 80 162 173 210 35 186 68 107 52 199 202 128 141 214 12 52 140 217 95 148 109 48 90 143 61 112 97 141 178 85 81 154 68 174 199 75 150 30 193 82 116 158 51 92 36 116 18 165 147 30 168 109 174 3 171 215 140 213 62 84 202 38 126 45 3 54 83 74 19 219 110 106
2 77 36 60 136 92 38 67 78 152 1 64 184 183 160 69 164 184 180 91 11 65 181 62 45 207 187 74 70 194 102 191 87 88 3 150 138 37 3 169 179 182 75 44 162 181 178 29 27 171 170 114 23 187 141 59 184 130 140 218 120 97 172 7 89 184 100 66 179 145 152 167 26 13 211 132 137 139 131 9 143 128 120 176 58 211 12 216 88 115 88 6 94 138 126 206 158 93 17 4 179 61 18 180 201 35 73 210 156 28 83 24 75 40 80 136 95 214 40 180 150 40 188 32 122 99 56 125 110 46 33 193 176 204 114 200 138 126 144 150 40 196 10 168 154 148 81 216 71 70 169 86 105 68 173 56 14 27 163 193 94 167 147 44 108 194 83 148 90 155 14 15 169 42 39 28 195 38 77 114 106 72 220 32 4 84 177 207 121 9 41 119 151 10 156 103 61 100 115 132 123 115 178 71 11 11 72 89 186 44 18 160 191 99 100 108 4 12 156 112
64 58 197 54 151 152 99 50 53 197 178 87 120 116 216 71 136 105 142 78 110 39 162 85 208 80 62 150 114 27 104 189 48 204 180 20 186 110 22 66 174 87 87 42 190 138 128 51 134 2 141 95 4 35 113 109 199 65 199 152 89 32 39 173 144 85 85 181 121 182 164 50 71 185 63 176 99 96 196 207 145 161 127 46 203 141 24 3 126 196 180 4 54 1 191 49 153 45 201 177 214 20 5 21 132 33 155 105 172 77 63 149 159 139 92 53 206 116 12 32 98 63 220 133 133 161 87 199 167 149 114 200 153 207 146 123 45 94 149 162 167 122 180 141 186 189 196 92 67 189 187 184 141 40 175 189 170 97 145 148 70 100 172 163 35 211 60 65 185 56 49 177 166 129 105 5 152 106 199 32 117 88 3 97 50 65 97 159 202 59 11 200 15 23 97 12 63 204 155 166 75 75 35 20 95 161 111 127 139 30 177 35 45 125 83 39 206 7 130 136
172 9 102 117 86 70 193 14 10 47 195 3 156 154 220 215 26 218 167 82 65 137 208 156 58 208 98 19 101 179 73 59 155 22 212 189 24 7 178 180 145 203 213 92 34 211 123 1 81 123 176 138 207 44 51 96 136 123 164 181 75 115 178 12 111 13 134 27 75 40 196 212 113 19 65 214 200 115 85 153 102 138 194 104 86 156 45 37 163 122 93 140 170 98 215 173 91 87 102 131 148 126 149 68 194 217 195 92 51 215 103 110 207 130 58 114 153 101 163 175 178 2 24 74 165 215 67 37 117 158 13 183 188 23 30 206 84 130 155 146 57 31 162 19 9 105 210 83 168 198 182 185 56 147 105 169 74 10 103 58 198 181 84 81 166 84 17 92 147 203 42 114 71 24 95 96 130 138 193 120 3 61 91 89 195 87 197 149 182 33 31 45 39 15 122 193 32 11 138 188 110 46 28 120 53 50 138 48 64 157 125 75 215 97 178 165 188 108 50 82
138 121 145 213 19 150 161 150 213 77 114 66 17 4 56 145 154 143 87 40 162 27 52 205 46 30 205 75 57 103 212 2 26 2 165 13 190 70 90 12 67 34 59 173 148 194 95 97 61 10 125 71 118 131 33 143 36 90 206 32 145 102 13 214 186 10 114 178 114 188 26 13 14 31 172 115 38 164 6 50 87 73 86 172 1 3 187 114 71 103 206 162 67 208 18 80 101 85 11 20 143 146 220 80 49 70 142 12 208 24 121 186 29 148 188 57 34 22 104 51 56 78 169 218 215 124 15 129 168 42 143 54 194 32 59 52 34 149 154 14 57 18 32 30 84 51 63 209 105 116 137 157 103 124 197 135 133 26 73 114 60 142 29 158 220 24 1 204 77 191 71 49 185 99 50 34 90 106 110 58 152 121 50 205 199 86 137 193 96 142 30 186 111 220 152 69 30 190 179 7 118 102 42 3 166 4 16 57 155 35 110 78 201 193 80 128 192 139 43 193
80 67 107 43 187 70 16 108 156 116 207 84 68 18 35 172 31 147 34 187 149 171 213 164 11 114 106 186 115 139 109 189 56 216 46 132 147 14 57 177 120 66 36 138 86 27 133 59 189 48 176 85 140 214 208 130 63 214 19 45 30 191 66 42 79 84 142 59 70 181 200 189 178 10 54 173 13 158 137 156 76 130 79 56 112 4 185 67 10 60 108 53 217 85 24 152 189 158 22 220 10 191 166 37 79 162 27 11 91 118 72 168 171 105 190 204 92 205 165 107 10 50 58 145 80 36 100 191 160 84 172 128 202 215 1 125 9 142 94 147 123 76 110 110 56 133 192 188 214 158 135 196 169 100 190 122 174 40 79 130 82 118 87 47 28 29 159 172 60 20 40 95 132 160 122 84 52 178 95 104 218 128 208 130 9 16 94 201 103 177 162 26 28 155 151 161 117 17 201 146 190 58 114 48 208 215 60 131 108 135 19 146 36 42 201 42 163 122 92 6
14 97 152 35 185 215 208 160 134 136 106 71 175 18 104 206 200 16 107 144 174 96 88 58 178 157 85 178 145 32 140 65 156 186 172 23 62 74 5 21 195 52 46 74 162 173 144 22 155 204 187 56 96 196 105 139 189 126 111 7 96 19 219 155 49 183 204 74 146 62 88 146 1 1 60 99 168 145 41 214 196 172 214 108 126 8 114 81 55 190 107 219 98 130 48 92 74 152 37 105 83 147 19 126 29 208 100 137 195 98 115 53 130 174 12 21 209 149 210 56 61 77 48 149 81 114 161 13 13 71 39 90 104 144 57 143 51 186 24 52 123 151 90 133 183 147 178 151 118 217 91 10 53 151 20 174 20 91 29 20 110 157 185 109 7 73 8 127 182 116 191 138 34 79 174 147 37 111 74 133 150 32 31 202 161 201 71 87 70 102 99 73 107 169 103 35 183 115 18 146 55 81 121 168 32 217 181 78 107 176 145 205 191 187 159 170 196 98 73 174
39 143 147 5 21 73 201 211 54 11 110 136 183 153 24 219 2 44 17 83 19 139 121 22 89 188 67 23 91 188 8 116 108 145 38 134 59 27 70 214 111 133 39 43 12 48 17 9 162 128 148 121 32 116 39 49 108 96 202 103 163 185 198 147 218 25 107 71 47 183 103 149 148 195 38 181 141 81 204 20 167 122 158 60 194 129 212 119 122 42 18 204 184 86 49 11 19 167 38 103 188 120 33 160 88 149 217 61 119 140 19 73 189 179 96 69 86 56 13 199 24 66 61 215 200 207 108 72 28 141 138 161 54 13 2 16 52 180 20 128 124 52 97 150 180 168 121 170 51 202 66 33 217 155 165 77 45 20 166 127 144 16 68 218 26 8 65 103 198 172 57 27 28 194 76 119 127 65 212 121 92 60 163 188 215 14 210 54 73 16 171 169 59 73 196 152 38 158 198 111 186 167 109 67 39 165 83 71 191 83 57 97 176 5 215 46 147 5 115 95
49 148 158 110 26 58 29 181 100 156 24 187 60 132 161 148 161 45 94 110 196 144 15 54 23 2 69 135 21 204 73 33 192 134 198 55 214 6 149 17 142 125 220 208 76 143 19 115 190 166 88 91 99 99 12 24 183 134 110 163 128 58 125 219 169 17 215 107 213 102 99 94 118 73 113 21 160 194 61 174 63 66 16 113 94 104 23 183 181 217 22 152 76 1 88 90 137 51 5 162 194 15 29 73 33 152 114 168 7 163 206 192 133 109 173 55 12 22 91 151 17 104 147 209 50 111 165 132 156 195 25 7 148 29 88 62 68 173 217 170 170 163 37 68 86 113 105 113 30 179 28 55 122 138 159 113 119 158 129 84 181 86 97 125 69 129 20 178 149 44 54 180 207 153 77 4 116 104 168 30 154 69 152 156 28 94 138 185 115 146 1 105 57 62 16 6 50 93 204 156 186 91 131 95 27 117 119 23 52 42 167 128 144 8 208 173 81 152 187 74
122 124 208 40 73 65 55 17 92 57 215 16 13 150 79 131 78 151 186 94 216 94 191 196 44 193 159 181 19 200 29 130 200 8 120 110 5 33 176 213 211 23 30 54 192 14 48 58 37 188 8 40 115 141 207 163 37 6 56 205 73 26 42 178 47 205 17 46 62 174 186 199 156 115 93 89 30 135 48 171 47 3 156 181 204 27 17 49 71 213 63 86 157 195 178 197 19 54 87 16 118 2 155 114 178 119 31 31 55 163 5 130 66 108 140 103 56 87 66 31 161 219 213 95 164 132 186 70 87 29 156 83 17 203 78 162 83 184 195 65 47 192 48 47 88 200 158 77 32 172 44 26 202 216 10 117 124 77 85 122 125 22 78 73 125 65 141 93 36 34 213 112 105 39 128 166 142 95 16 98 128 13 132 21 148 56 130 71 86 81 62 145 194 152 27 152 9 72 148 119 4 6 127 64 36 138 77 128 168 190 147 184 109 40 215 177 188 2 160 27
2 20 32 157 123 145 168 147 217 144 147 128 134 200 5 14 91 53 80 213 121 197 204 112 102 15 99 56 159 143 132 154 180 143 180 15 35 153 65 9 76 39 212 60 108 79 198 220 132 5 168 21 9 1 118 54 148 101 135 219 103 211 172 55 80 206 124 192 103 100 13 127 4 26 82 169 9 137 192 58 211 147 68 124 25 211 22 42 43 24 21 130 124 196 71 9 69 158 23 204 192 2 76 138 102 200 26 85 55 169 10 191 175 91 49 38 199 205 170 10 93 190 175 201 177 82 205 191 118 42 175 72 120 179 23 59 74 14 83 81 188 69 111 162 10 219 34 210 191 109 18 124 62 86 49 138 117 164 58 218 87 165 191 17 43 32 100 218 73 167 93 11 21 86 205 114 180 155 172 26 183 161 57 199 170 56 63 50 64 129 177 101 183 207 51 149 116 207 49 31 4 175 59 162 74 144 157 85 35 212 40 118 84 151 88 22 219 198 44 111
191 140 61 86 26 84 50 139 70 179 146 86 119 55 41 40 45 173 94 7 98 132 61 68 155 92 87 85 65 94 122 165 122 44 160 61 11 71 108 191 127 129 63 43 117 169 58 189 189 145 44 147 50 180 111 208 178 28 173 139 218 11 100 152 26 145 122 131 30 102 144 181 83 177 70 59 81 15 162 72 11 49 184 113 41 216 49 10 176 147 81 154 161 171 140 206 118 21 210 13 36 46 136 190 77 73 189 129 202 45 144 187 33 19 133 22 71 163 77 49 31 190 99 131 181 175 13 216 70 38 76 14 76 63 109 31 18 161 201 210 28 23 129 53 113 2 213 32 141 156 59 86 148 82 172 171 199 128 65 122 71 58 105 122 9 51 30 122 196 25 198 179 179 118 7 3 211 170 40 25 76 3 180 149 173 42 47 72 83 212 40 109 24 124 166 218 135 17 42 35 70 70 27 22 197 42 175 33 49 151 160 202 87 81 142 54 80 87 39 207
63 51 181 103 25 202 117 80 172 6 35 105 120 177 92 170 94 44 68 144 151 126 123 159 127 66 176 189 169 170 160 111 154 20 173 32 172 186 199 67 118 17 175 81 40 162 34 97 71 156 74 44 215 151 176 77 154 73 105 212 90 21 141 131 182 9 159 84 43 172 107 39 114 24 191 39 165 214 106 36 125 214 183 179 19 21 202 64 22 123 205 169 38 71 120 194 50 12 3 127 86 45 196 94 173 42 192 155 166 192 19 125 100 179 71 134 211 89 50 12 207 36 180 167 157 184 115 110 219 37 188 103 154 42 19 60 58 129 5 181 105 211 127 120 97 161 192 5 173 177 12 70 152 105 41 203 131 101 78 187 116 5 198 3 56 213 211 213 108 159 166 15 2 177 149 83 196 176 213 103 143 96 89 191 145 129 60 117 24 205 10 112 174 153 11 84 127 17 131 160 200 90 128 54 152 131 176 129 80 147 205 146 174 202 96 22 191 158 154 108
102 171 181 79 71 1 113 97 124 116 71 175 161 200 72 99 34 198 62 73 155 55 157 108 8 20 125 143 26 97 3 218 217 35 177 108 17 16 183 184 196 139 158 191 209 45 209 118 46 218 43 196 190 147 179 184 5 219 166 111 22 82 135 110 195 67 117 7 73 46 15 13 186 74 84 171 10 121 65 144 138 63 108 141 171 105 175 152 205 181 48 89 46 137 41 209 139 133 35 134 104 195 191 9 3 143 57 54 24 120 138 76 171 40 59 169 181 93 19 40 145 155 42 36 217 29 97 189 101 182 44 193 21 200 5 93 112 155 20 150 112 115 120 4 161 8 201 168 28 109 195 195 184 199 55 85 34 100 167 27 40 127 121 220 102 155 60 109 97 213 177 162 2 119 171 169 83 116 62 3 30 89 175 152 14 32 141 149 185 201 10 130 24 214 15 107 7 91 50 116 56 60 44 98 33 181 164 73 83 65 201 210 170 59 111 94 61 23 132 164
198 107 90 35 52 202 59 181 58 176 5 74 101 159 110 65 145 47 66 129 125 96 114 47 37 20 192 36 163 79 24 128 25 105 163 87 31 117 125 75 43 3 128 156 86 36 39 116 217 212 189 173 85 21 127 210 95 63 53 126 132 81 91 36 79 168 65 52 12 210 23 113 49 172 12 210 40 205 66 109 52 199 75 10 64 36 65 126 38 146 82 8 205 4 87 99 156 54 193 158 1 161 7 201 153 96 91 23 199 122 114 31 121 89 183 123 94 203 80 107 163 60 98 136 28 151 150 208 191 174 7 24 14 130 146 87 120 87 190 12 134 145 106 123 58 207 105 124 98 154 16 174 17 211 66 30 30 145 31 45 55 5 79 107 178 165 178 170 3 31 101 175 218 185 151 159 49 143 155 98 13 148 152 57 162 206 90 135 58 171 214 151 218 161 220 63 124 106 215 216 107 197 162 179 62 45 1 67 151 100 138 84 154 164 196 127 14 127 163 168
138 169 182 169 8 178 144 95 175 49 7 218 126 196 218 99 39 173 76 29 144 26 104 154 123 131 91 156 100 145 110 95 3 208 200 166 5 189 93 77 204 71 123 117 154 9 151 165 32 167 206 186 209 103 42 74 135 107 180 207 106 171 147 33 188 62 83 65 125 192 31 136 124 208 212 150 56 51 159 135 2 73 166 191 48 92 80 106 46 107 178 171 7 191 66 135 76 49 215 164 163 59 19 137 96 184 169 34 102 180 151 219 64 157 21 163 20 16 168 203 24 12 137 114 70 154 67 217 171 110 25 133 111 162 61 32 181 11 96 177 90 10 69 186 147 134 206 40 4 183 111 83 188 160 147 1 49 14 187 215 21 36 149 82 23 106 142 22 83 135 33 215 181 179 38 59 153 133 213 8 12 74 34 116 140 37 122 193 39 97 86 217 45 54 209 33 62 56 3 7 133 36 61 126 106 83 135 115 206 85 47 37 164 80 78 20 68 81 169 62
33 128 122 92 60 45 61 42 21 41 174 84 112 22 103 14 205 4 14 20 138 147 107 97 153 7 129 144 211 113 208 19 33 97 108 113 89 46 17 150 170 187 83 10 121 80 200 145 109 194 57 185 128 6 50 28 62 202 125 4 25 201 113 171 205 142 215 116 200 64 109 55 118 105 18 185 198 205 213 82 79 105 182 9 83 100 198 127 184 91 114 132 94 121 175 7 19 10 118 184 3 143 153 107 152 24 89 115 98 132 7 133 179 99 20 80 185 167 174 80 134 13 190 148 137 207 107 164 184 69 163 186 151 80 16 184 111 154 165 105 180 37 166 160 51 72 166 43 193 198 145 72 149 211 22 3 198 137 72 149 88 66 52 169 192 7 209 183 177 50 10 56 9 82 192 28 115 206 30 7 41 148 52 163 103 121 7 65 60 205 150 215 123 201 188 127 49 24 80 142 6 191 133 147 40 178 52 144 6 37 62 178 69 187 200 102 89 90 15 122
74 93 201 148 117 66 1 130 123 148 207 154 6 197 176 112 61 205 73 182 208 50 164 145 152 81 81 42 99 20 85 133 202 63 93 172 73 39 205 41 99 20 160 45 188 168 115 45 141 16 141 133 137 76 199 208 12 121 45 199 156 49 16 154 70 17 31 111 12 43 180 90 113 144 131 170 162 64 187 199 203 98 127 55 111 161 218 164 80 218 75 102 114 198 177 132 76 57 175 18 50 104 198 129 217 190 204 135 170 44 146 69 144 205 129 199 178 112 187 205 100 117 56 136 36 15 130 74 145 150 3 28 217 166 57 48 85 161 146 17 177 4 193 65 53 27 92 72 94 6 53 162 13 142 19 211 18 199 194 92 27 63 82 42 41 161 188 72 20 218 196 212 107 40 6 99 73 123 191 69 117 109 147 208 58 197 42 183 105 59 84 19 192 189 14 177 74 156 86 16 158 10 166 28 104 202 90 33 27 19 218 168 107 116 167 25 73 1 5 61
181 4 94 74 57 85 58 120 91 28 109 173 70 151 23 130 120 69 91 151 175 160 11 82 21 29 40 33 20 92 138 135 63 111 145 13 92 112 186 88 110 16 182 212 84 88 182 158 17 23 152 43 27 193 50 66 50 41 27 48 186 118 37 77 153 197 209 135 143 58 183 154 15 106 162 151 181 194 134 101 77 187 215 71 218 203 178 67 112 217 169 125 209 53 140 26 202 117 206 116 101 174 38 175 44 149 17 102 116 107 144 180 45 11 47 30 153 25 176 14 8 12 140 74 59 114 63 89 215 74 107 29 69 76 17 118 103 20 209 133 196 64 28 100 46 136 186 39 195 149 131 88 104 173 140 123 149 46 3 94 162 15 11 60 181 90 65 7 168 13 78 159 131 138 17 114 9 136 22 219 158 200 135 11 6 203 176 149 167 16 35 25 206 208 42 177 118 217 151 208 175 162 17 128 86 144 4 147 54 107 67 101 23 78 29 63 174 197 210 73
12 150 69 83 202 183 100 175 13 144
46
