280 10
151 204 96 167 63 151 254 62 106 53 233 40 160 273 278 10 265 241 17 262 61 51 144 216 248 74 56 46 32 15 106 113 83 239 270 244 32 35 252 75 193 269 224 234 277 11 138 42 90 169 120 101 111 236 84 33 52 68 241 95 40 173 53 21 11 84 66 133 56 59 229 31 15 79 71 122 122 145 66 36 139 222 118 274 46 164 34 182 153 172 230 78 260 132 218 246 232 109 55 158 120 1 171 189 31 2 71 244 268 219 174 229 64 227 32 239 206 276 213 122 124 228 265 76 211 33 184 112 116 67 208 211 81 239 238 119 4 265 271 11 53 123 32 239 166 127 157 94 147 93 102 4 194 269 124 159 131 132 24 137 129 113 49 109 248 120 154 134 219 8 172 184 101 24 184 94 35 92 182 190 260 120 81 67 250 131 181 47 7 32 176 91 88 161 198 104 220 60 183 254 231 166 23 261 233 247 94 217 183 194 10 230 241 32 141 126 203 225 127 97 17 120 54 174 78 169 263 236 63 20 156 177 125 49 248 216 222 97 218 101 250 134 263 109 195 35 245 214 177 54 228 230 194 180 102 34 207 127 59 57 149 187 260 276 144 36 145 217 245 156 26 20 19 242 262 274 163 122 201 188
152 128 121 81 68 202 256 146 44 119 63 224 139 130 108 127 54 76 208 214 126 15 90 266 219 202 252 161 26 169 147 99 260 178 25 45 137 176 69 257 215 260 205 214 49 230 102 238 141 129 176 137 235 111 163 220 246 195 174 200 194 276 174 173 12 221 143 166 82 59 173 214 271 36 199 232 124 229 125 147 155 264 49 194 176 124 85 46 223 204 270 178 6 95 275 273 246 66 141 46 248 51 128 16 233 189 126 56 90 161 58 151 259 105 176 43 98 14 141 114 89 167 38 248 26 245 21 214 205 208 113 16 249 80 121 131 130 228 216 22 42 112 168 70 125 63 243 191 52 36 47 136 9 186 125 156 69 191 242 147 32 258 42 101 45 55 127 172 163 108 104 127 100 271 208 209 94 217 76 266 37 162 225 209 219 132 216 10 7 77 132 158 9 235 82 277 238 64 195 233 62 130 172 269 117 259 94 129 34 276 59 195 273 271 44 155 202 42 171 19 150 73 205 88 74 24 121 42 102 252 205 264 101 70 151 128 118 79 241 110 107 151 116 41 100 135 136 55 173 218 205 39 6 175 62 40 179 70 84 171 44 96 263 64 230 170 200 246 19 169 54 91 128 68 171 195 261 71 236 235
198 22 111 215 5 93 259 123 101 215 172 145 142 54 46 124 49 60 114 187 58 188 198 268 238 162 107 211 63 112 186 260 58 139 73 280 215 105 116 115 59 155 155 237 200 147 188 235 48 88 142 143 179 43 271 269 143 124 15 14 147 105 244 27 14 45 178 147 210 210 137 69 46 29 81 189 279 38 197 160 117 44 183 96 186 212 194 52 152 18 51 34 209 135 37 177 247 187 3 42 202 89 28 278 64 259 123 226 148 129 167 166 1 56 189 229 36 257 75 214 126 82 171 34 271 10 83 32 210 56 32 37 219 212 169 165 70 250 152 151 11 180 260 262 59 141 153 51 164 206 211 173 159 223 55 157 50 28 77 14 5 277 250 209 159 50 25 81 23 65 14 190 153 208 159 206 106 130 227 270 272 50 89 74 24 28 234 134 57 259 243 123 96 168 263 83 155 173 252 60 85 202 143 42 16 224 150 233 280 71 114 37 171 54 8 94 12 213 225 204 96 169 160 271 246 239 68 146 177 30 106 200 97 134 131 146 108 29 260 143 234 156 16 272 250 3 263 201 61 8 149 40 127 124 100 73 110 225 38 39 17 279 124 194 73 93 115 43 163 69 47 182 76 79 198 40 29 87 257 231
154 275 198 27 19 17 139 260 212 200 66 206 96 164 215 62 112 245 131 213 43 162 45 239 233 76 118 47 168 185 57 8 28 194 203 239 136 133 203 264 120 92 156 197 167 280 238 218 21 247 140 151 270 82 84 161 258 48 262 224 187 89 70 47 61 268 269 82 163 21 82 233 87 200 134 24 278 100 44 272 58 35 106 19 106 224 225 122 226 90 90 39 112 18 173 9 209 200 11 238 37 176 95 145 267 260 58 217 49 36 131 191 239 275 267 35 92 275 219 124 145 179 166 215 278 169 79 52 99 116 26 111 221 56 31 138 121 202 118 101 126 176 253 40 253 8 38 2 207 20 65 28 279 18 111 83 203 132 151 234 111 259 181 230 240 227 150 212 186 50 215 219 44 181 275 180 164 51 242 84 230 99 266 21 230 169 263 102 226 100 79 97 108 18 234 270 44 92 87 54 188 185 32 131 144 177 239 170 119 63 125 65 235 65 63 173 165 9 8 134 53 65 185 111 274 40 37 234 82 148 59 167 113 25 53 246 179 82 168 31 18 63 115 251 229 202 29 57 225 98 91 75 276 255 269 65 64 51 139 30 68 204 244 208 267 200 37 219 219 22 184 59 182 47 187 71 6 122 44 270
231 271 34 212 82 56 247 165 217 67 2 60 63 130 218 241 68 38 272 183 230 214 221 193 66 271 58 108 116 16 262 141 38 216 217 81 34 118 68 213 133 75 269 180 222 161 77 206 189 108 71 136 178 5 5 204 165 121 71 266 188 45 222 204 162 148 123 214 145 113 29 71 72 238 31 60 181 16 245 118 266 103 262 2 89 151 110 135 90 13 195 137 253 279 171 120 229 44 164 20 72 214 172 46 206 253 167 118 268 259 106 118 238 115 2 32 113 227 258 173 61 191 36 111 228 241 55 73 243 155 25 170 140 224 222 172 113 205 25 178 72 57 71 156 158 255 68 110 172 246 212 107 102 237 257 162 209 201 47 67 267 100 132 227 227 37 231 257 239 248 170 69 158 158 199 255 136 20 7 171 49 73 133 167 29 257 40 127 182 80 219 162 103 234 17 20 241 216 174 188 20 48 1 218 145 79 147 274 191 28 223 125 40 229 92 86 179 79 52 43 145 44 141 84 54 54 11 34 68 246 199 177 114 115 254 191 184 221 148 10 21 23 24 242 95 167 78 49 88 21 40 147 56 141 54 13 80 68 16 274 86 56 267 61 133 163 4 66 181 27 177 22 221 232 197 140 244 273 146 100
78 152 228 153 260 203 73 39 255 221 204 4 154 187 228 81 18 241 61 6 235 160 249 257 53 102 105 16 16 78 96 239 168 130 278 239 86 255 178 33 275 256 20 257 143 57 110 248 43 103 248 56 129 241 34 50 114 84 211 148 63 25 156 213 23 102 7 240 70 191 110 95 166 178 41 225 74 70 21 54 217 275 83 14 226 261 213 69 114 45 266 274 280 78 256 144 266 50 227 40 258 87 219 97 78 58 146 158 153 32 159 214 266 138 145 192 72 231 96 112 256 254 264 206 9 231 86 249 128 140 135 188 266 51 94 242 206 120 100 45 242 203 63 29 140 139 162 194 11 154 49 228 222 197 172 270 36 177 18 159 247 119 90 222 161 63 204 99 14 93 42 77 186 227 212 113 62 161 233 186 212 58 277 212 8 140 167 204 242 2 160 154 232 111 252 111 253 173 46 2 178 252 59 139 280 162 151 28 148 35 64 7 101 227 118 58 89 133 275 62 201 159 1 279 180 44 171 29 97 123 166 162 140 102 192 194 120 127 213 148 20 140 152 216 7 49 165 210 204 150 216 214 138 113 273 6 122 63 97 65 39 226 151 204 242 130 182 89 259 4 27 69 132 117 196 80 188 22 15 235
180 121 171 70 94 228 140 47 134 57 110 168 261 4 246 5 178 28 126 229 92 148 260 271 217 117 189 104 215 259 196 279 187 13 234 208 216 197 67 200 151 52 101 120 111 211 277 159 233 263 133 139 192 267 16 28 153 228 13 153 251 141 237 15 187 133 201 108 259 251 129 247 102 253 98 157 160 22 206 238 205 209 199 136 180 221 23 191 224 274 141 139 269 11 184 27 83 198 39 240 220 63 106 242 153 82 83 237 163 213 55 4 173 195 217 145 88 62 9 216 19 94 81 108 128 169 222 185 123 26 186 104 260 94 7 77 28 244 46 136 101 59 160 277 206 50 200 238 134 249 270 64 234 91 54 91 273 214 204 31 168 97 162 22 21 182 252 4 185 132 278 253 258 279 106 141 198 104 16 243 137 250 107 274 33 108 19 76 265 29 23 42 171 53 274 239 166 54 280 122 172 234 237 106 272 194 242 165 142 126 263 15 20 257 65 58 4 184 152 241 75 157 179 254 270 259 115 160 115 122 39 116 252 247 199 261 130 111 65 49 256 18 87 196 50 103 255 259 145 40 27 232 38 161 31 35 170 170 43 96 277 80 21 234 210 192 200 61 18 54 178 28 221 167 65 152 75 270 66 183
141 268 168 117 8 19 23 229 27 108 138 163 274 171 271 267 263 103 143 21 83 118 6 53 234 196 94 84 226 23 264 84 193 243 239 211 124 26 45 187 143 100 267 122 252 77 88 118 186 60 40 191 200 186 211 97 227 230 244 219 92 28 61 58 9 14 240 109 223 123 278 225 112 27 184 238 161 210 68 97 136 190 220 195 43 225 49 145 235 92 211 203 266 32 152 79 148 160 173 93 269 245 151 24 26 84 233 67 237 260 105 102 163 202 236 156 177 93 203 276 210 7 116 257 248 115 109 206 228 170 52 124 51 153 236 211 226 84 22 84 145 169 223 76 113 128 189 68 224 94 50 112 64 88 120 267 161 187 30 275 62 139 161 39 48 54 69 181 136 238 193 65 5 66 119 137 139 217 207 133 91 73 189 107 251 185 20 97 164 152 69 78 10 37 243 154 266 190 241 28 253 118 77 159 105 151 95 25 56 272 173 203 222 144 275 63 113 235 18 257 208 162 14 152 224 50 156 265 261 34 2 164 34 47 256 165 38 134 47 42 170 162 165 63 25 3 210 28 230 161 238 213 24 169 176 124 80 10 13 50 207 132 200 121 112 212 3 162 28 40 222 219 63 276 76 188 70 189 77 91
160 92 155 235 236 113 15 267 195 57 117 192 169 144 107 247 20 39 231 101 173 166 133 131 25 118 275 81 157 92 130 34 82 21 25 62 153 155 155 115 156 139 79 216 205 279 59 204 146 217 260 106 216 189 251 102 266 120 55 241 90 191 263 126 241 58 164 114 162 198 148 61 159 226 201 40 57 260 95 30 84 181 42 262 10 277 71 229 49 181 63 138 59 57 100 14 93 47 144 86 213 231 67 3 23 46 140 14 28 184 215 169 207 42 113 112 270 23 30 167 262 149 87 119 170 183 4 32 133 83 219 217 179 67 38 172 81 32 36 194 224 245 53 267 72 157 181 31 184 206 142 145 201 220 261 254 80 259 149 232 255 122 234 71 59 36 262 229 196 183 136 113 276 156 261 63 60 221 131 189 276 159 17 185 249 165 77 220 109 117 6 176 176 26 220 239 13 78 168 111 40 83 225 96 2 217 270 247 106 124 33 112 214 271 116 276 197 94 42 141 242 153 14 12 48 147 68 20 104 1 1 83 24 276 277 179 150 160 229 2 231 12 239 78 144 237 74 275 178 178 167 36 6 218 268 166 138 69 113 14 270 178 16 96 113 239 10 198 266 172 48 205 272 236 109 52 103 123 30 131
43 108 132 140 178 238 185 241 178 192 31 244 194 138 242 143 196 91 33 33 160 67 227 136 234 212 271 61 192 4 155 129 252 158 6 35 120 41 162 80 3 102 4 268 55 108 132 227 106 52 17 12 74 122 101 56 245 135 254 63 89 68 86 114 157 69 113 15 160 155 274 240 50 264 189 140 263 155 1 135 95 144 91 205 265 57 50 102 106 164 127 72 159 184 178 185 28 151 137 91 267 45 24 34 161 14 19 263 38 218 25 76 243 32 46 181 265 83 254 63 219 255 11 169 206 71 230 46 109 260 201 1 170 190 109 233 245 181 147 132 160 13 65 12 164 44 92 124 41 249 191 77 73 229 148 191 125 211 71 25 59 46 123 52 114 62 150 267 230 142 141 94 28 202 246 202 247 105 174 160 196 133 6 6 196 93 55 44 269 206 255 216 146 210 106 270 31 157 16 275 215 252 105 140 88 204 245 144 151 22 270 2 276 24 226 179 95 211 143 169 186 186 187 166 149 70 68 176 2 107 152 68 49 243 25 218 164 204 44 128 190 228 186 258 40 212 232 85 92 227 235 25 275 118 8 269 28 203 221 139 162 280 200 30 262 125 235 51 91 198 8 210 3 260 102 179 202 54 245 116
167 128 220 177 45 123 227 255 256 62 264 53 18 143 186 260 40 78 18 136 40 222 248 233 125 68 238 192 48 148 61 269 21 273 129 249 249 169 118 207 252 182 92 142 35 15 239 77 147 159 242 170 217 1 38 82 123 199 231 37 88 109 203 167 97 97 45 216 163 227 15 128 224 261 237 19 267 24 48 96 28 238 63 92 139 252 189 144 245 220 1 138 213 41 86 211 40 187 157 24 183 152 37 50 58 235 226 4 242 113 220 45 140 230 116 56 259 133 106 51 265 98 2 159 92 56 132 219 224 93 15 183 199 236 120 28 91 69 231 54 236 196 149 241 52 243 139 4 199 175 206 26 27 231 275 205 23 226 57 131 85 227 79 73 71 77 45 236 31 72 39 19 279 149 226 134 187 278 88 144 85 75 257 238 160 54 76 226 280 25 154 12 40 264 78 102 128 182 259 257 210 11 145 56 217 21 83 116 81 91 209 111 172 153 250 28 264 123 76 257 115 205 85 54 152 9 230 72 201 170 135 183 136 32 270 27 226 152 183 164 90 1 197 85 122 94 7 200 24 216 250 113 45 176 103 172 210 154 76 187 210 120 33 147 251 265 260 135 135 207 253 238 272 127 175 66 122 248 244 135
15 18 129 222 280 111 25 279 38 267 221 117 102 199 126 185 203 127 231 97 100 31 275 213 109 44 251 219 171 256 225 16 165 17 23 219 71 258 30 103 254 136 121 158 126 42 124 235 195 16 162 208 7 48 188 152 56 144 242 106 69 66 267 179 101 54 95 79 12 156 172 119 67 110 75 249 228 110 275 101 11 76 204 180 228 91 154 90 230 9 85 69 194 213 214 232 134 134 190 155 77 32 260 277 15 271 166 245 18 64 257 230 169 15 243 1 252 186 133 219 199 127 43 174 238 99 180 254 187 74 160 80 144 48 106 219 243 225 64 104 84 121 117 50 206 149 190 238 141 207 174 184 136 170 101 36 247 271 156 149 51 54 247 200 267 81 131 137 107 9 192 109 132 109 88 187 190 114 112 225 38 196 159 254 230 208 58 69 84 54 46 140 275 230 164 250 159 245 24 209 215 180 80 77 5 149 84 178 4 118 95 109 50 216 1 250 109 264 114 72 114 251 12 186 150 96 35 140 111 202 274 182 234 58 86 258 86 200 204 91 208 136 249 97 44 211 93 219 28 227 252 107 263 45 73 152 233 112 168 178 9 38 89 24 109 176 183 152 163 9 21 48 105 68 88 87 128 136 56 102
108 184 255 11 50 234 186 107 41 216 196 252 33 85 202 34 172 182 69 139 56 198 100 140 201 214 20 237 269 169 9 153 100 45 146 36 183 145 188 200 36 147 118 160 270 111 126 140 119 90 159 46 124 121 139 24 54 108 103 141 113 257 47 146 148 51 244 178 93 129 113 144 185 110 268 54 38 239 158 249 16 237 255 241 154 159 196 111 214 42 27 3 197 198 90 224 124 144 183 10 82 172 1 34 87 153 29 145 150 166 69 19 160 54 120 209 256 236 195 39 194 54 280 7 211 122 270 11 82 71 137 219 248 175 136 268 246 162 10 86 187 63 95 20 29 151 95 84 256 130 242 195 167 39 262 167 190 34 260 113 52 155 28 270 100 132 261 99 111 190 4 245 259 74 17 150 196 220 153 268 249 263 137 260 239 24 9 158 259 6 92 151 198 235 161 207 3 188 19 265 188 6 143 228 196 221 74 10 171 198 171 118 17 48 204 146 139 175 269 28 226 146 207 266 213 209 221 59 40 269 12 127 178 193 192 129 63 126 100 103 265 211 258 162 67 6 214 241 21 134 149 145 91 117 180 190 167 229 226 244 119 166 31 15 235 92 246 117 110 33 118 206 149 165 267 260 241 204 35 1
138 211 216 162 15 4 85 125 135 76 152 36 77 129 194 152 270 192 254 213 59 178 236 191 4 274 139 47 36 39 168 175 33 228 153 240 212 36 247 73 148 42 120 186 251 130 189 124 173 54 175 119 274 187 252 123 78 233 62 95 61 171 129 155 37 249 235 156 243 52 8 241 156 255 134 256 10 131 277 85 121 60 265 278 149 63 115 211 140 46 170 278 68 95 89 17 254 120 176 140 197 25 240 130 125 40 270 185 143 91 188 77 116 108 110 241 243 16 104 145 37 135 118 26 175 257 280 48 123 11 134 146 58 164 106 6 136 225 174 241 195 208 274 213 89 48 135 114 233 264 18 55 6 130 19 233 215 275 71 214 211 247 59 280 279 65 158 251 235 252 95 106 87 198 265 188 273 264 202 125 109 135 264 155 151 188 5 222 102 170 217 195 276 12 133 90 190 177 82 53 8 5 208 278 251 104 178 241 198 143 28 190 109 101 78 261 205 196 58 150 144 188 26 158 226 113 226 146 83 139 173 199 269 267 39 95 149 64 81 113 271 225 9 234 200 202 88 114 6 238 74 266 266 87 135 143 176 204 195 276 90 160 69 259 255 38 54 275 189 165 232 149 30 172 120 122 31 39 159 167
151 64 19 168 51 39 106 265 253 147 83 238 1 261 27 27 129 228 256 34 78 263 257 133 142 141 112 257 76 124 94 4 52 265 245 29 258 140 273 9 58 186 205 150 55 158 28 231 139 64 6 112 93 8 12 234 73 72 126 230 212 110 65 158 143 4 52 192 188 268 159 96 223 252 171 97 257 251 110 48 64 279 12 265 273 100 266 102 83 207 3 226 185 70 254 124 82 121 31 46 157 142 103 22 91 90 204 57 229 14 108 116 165 280 260 10 41 261 156 132 31 278 94 119 19 171 67 69 78 35 194 45 80 105 89 144 177 251 125 103 150 208 23 205 148 160 106 20 31 63 148 90 12 120 36 181 280 76 213 274 221 76 150 143 220 26 156 15 42 174 130 175 184 178 174 264 267 126 239 105 214 265 67 216 98 230 276 196 52 39 64 265 92 246 190 117 155 147 120 250 181 73 13 35 118 262 125 229 156 271 252 228 129 275 230 63 172 4 163 253 130 84 207 273 50 23 37 145 43 191 252 12 88 260 6 276 26 133 131 18 135 248 92 162 94 187 63 21 8 171 215 16 24 264 84 111 194 222 104 257 250 35 43 187 81 268 160 113 35 206 68 122 144 266 141 97 211 44 262 210
201 196 248 124 166 22 217 48 82 280 124 139 23 124 76 170 146 147 55 74 228 210 212 180 173 276 160 104 176 232 149 218 42 132 157 166 261 133 148 195 213 121 99 277 56 280 12 171 87 134 193 150 155 48 24 206 185 227 87 50 131 209 12 260 125 63 32 123 117 154 262 158 63 102 56 155 178 207 72 123 267 130 88 265 207 96 228 248 185 250 125 84 29 51 210 215 106 170 206 89 153 2 252 187 207 66 140 9 152 229 39 268 135 2 153 23 87 36 67 112 191 76 144 234 98 162 189 250 179 135 41 111 263 43 66 178 145 167 115 3 205 119 60 30 25 235 150 33 118 7 122 190 159 181 44 61 47 90 84 68 156 121 94 12 272 124 132 251 116 23 141 110 107 269 36 260 105 223 260 232 210 116 98 256 58 42 138 180 71 131 23 78 52 186 271 94 260 242 134 211 279 249 60 98 205 199 249 110 219 102 177 249 74 197 57 5 241 223 101 181 275 254 280 62 87 125 201 103 117 249 170 143 250 18 124 127 133 52 173 126 83 63 155 195 73 247 113 155 251 36 254 193 82 17 203 116 23 213 59 91 18 76 69 116 226 99 171 279 255 212 167 2 95 257 111 134 111 115 45 18
86 178 25 254 128 85 156 43 4 3 42 121 38 163 32 141 174 145 279 23 125 140 273 260 50 118 108 254 279 189 119 118 31 259 52 60 242 155 131 54 201 228 130 38 17 27 239 274 242 172 151 196 73 136 266 218 102 162 229 276 141 279 53 187 92 175 173 263 179 133 263 154 125 24 230 206 127 223 125 124 121 204 101 63 85 73 80 219 103 238 60 30 14 88 186 226 29 84 74 196 43 117 130 278 12 75 220 134 238 102 191 227 158 182 51 15 277 33 216 141 262 244 31 197 127 148 163 176 84 264 201 108 118 5 41 277 185 274 245 248 185 171 112 229 65 195 50 223 275 207 100 51 148 120 248 116 77 109 224 46 199 224 29 45 148 12 196 217 10 243 259 104 199 196 241 197 107 278 75 6 273 5 271 221 204 37 239 101 90 131 228 140 204 156 11 228 193 28 109 50 44 126 107 104 3 11 56 62 277 204 245 9 119 6 106 13 222 21 87 245 204 92 27 209 26 165 203 256 126 159 136 50 47 53 228 96 131 113 181 84 262 22 41 249 273 260 141 65 265 247 268 106 79 97 151 81 161 171 159 173 82 105 98 111 173 156 88 241 161 182 120 116 4 162 9 75 65 198 121 179
168 144 224 138 135 31 62 66 145 172 159 140 112 126 34 45 81 90 38 59 47 144 2 32 55 239 121 251 251 7 208 48 61 243 78 1 119 19 63 112 3 272 225 110 134 219 194 134 185 229 76 25 91 27 269 220 276 128 207 193 240 240 270 264 257 228 85 107 32 249 276 138 53 101 155 202 155 36 228 133 62 277 116 45 57 60 168 234 168 42 200 125 185 76 162 188 1 35 73 59 71 276 66 99 92 32 99 8 160 192 117 17 178 15 154 276 231 44 273 162 181 189 102 65 191 115 66 111 138 132 43 101 154 217 180 162 262 64 80 70 138 270 183 61 240 214 178 33 103 40 158 262 67 40 10 201 258 221 52 189 7 154 29 229 2 233 151 77 134 135 94 120 59 70 221 155 131 214 110 161 261 188 151 161 76 274 258 112 259 280 106 200 231 16 167 134 162 170 53 24 171 108 205 15 103 64 101 266 110 103 105 65 14 6 91 189 156 92 145 55 85 244 278 24 252 233 150 22 233 78 151 121 229 210 81 166 195 89 50 253 139 63 151 46 249 46 119 172 176 31 222 275 181 47 185 64 197 257 200 74 67 155 31 152 211 270 123 43 124 191 228 141 231 116 232 229 129 276 251 12
67 201 161 86 275 66 197 48 221 139 263 258 260 94 267 57 38 270 173 227 231 147 98 14 246 179 65 222 198 41 45 204 273 150 250 168 250 128 125 223 230 97 211 85 17 260 260 53 225 202 232 26 49 106 87 149 239 23 4 14 280 55 46 201 270 271 203 40 139 40 258 7 127 176 83 84 114 152 215 232 248 45 155 28 276 182 145 80 222 51 7 29 277 191 127 45 127 52 140 114 217 37 256 201 272 122 11 74 27 132 14 209 26 194 35 101 121 108 277 117 92 157 72 169 21 249 101 215 2 250 254 149 266 266 93 193 97 93 213 40 130 139 153 38 73 228 43 260 276 182 114 8 133 200 187 227 230 18 201 87 253 178 266 265 78 33 205 268 166 67 214 217 113 63 259 170 239 47 163 101 250 165 252 10 49 182 71 74 202 103 132 228 253 62 226 189 118 266 103 120 97 210 47 271 17 94 259 101 158 11 178 193 174 57 34 68 140 220 8 95 105 203 234 268 93 276 274 236 114 218 172 103 159 41 183 37 67 202 212 96 142 254 17 249 21 91 207 214 183 163 186 129 140 269 56 241 14 262 168 52 18 36 235 190 222 4 192 97 101 28 207 143 152 201 265 89 125 207 147 29
145 128 73 53 24 146 16 100 217 70 82 243 209 33 232 33 207 48 82 252 134 167 190 127 119 255 205 60 109 122 211 183 239 22 130 180 68 14 104 210 52 224 276 196 224 214 2 172 179 93 142 113 10 280 176 195 118 3 54 74 58 81 225 168 191 268 18 260 240 69 35 247 12 260 21 222 186 17 264 54 224 161 173 250 79 54 1 142 198 145 147 151 103 93 241 222 121 130 58 209 195 246 236 85 89 53 168 1 69 183 5 142 42 175 179 171 184 223 60 195 101 95 217 128 181 279 5 26 60 209 255 183 14 72 200 137 36 33 226 239 186 206 182 172 219 237 209 271 25 120 231 132 99 157 227 74 233 167 90 130 240 163 240 85 86 170 96 64 211 23 275 196 7 249 118 132 4 111 147 230 258 12 278 182 52 39 31 161 274 28 261 107 196 77 37 187 196 106 46 158 186 61 220 39 202 205 141 130 6 137 264 209 184 180 15 73 122 175 226 190 24 57 247 224 213 153 241 28 222 235 197 214 39 57 250 206 139 140 60 166 228 263 247 145 237 257 162 159 222 30 59 26 191 258 162 194 104 195 252 182 183 214 18 31 64 178 280 152 78 127 11 190 205 21 278 209 63 73 25 129
117 140 38 238 9 58 51 74 3 260 77 158 147 226 274 248 110 9 127 167 227 279 40 47 206 57 15 202 259 108 214 60 124 245 261 201 277 27 22 83 156 141 135 220 276 232 252 30 52 11 107 162 132 211 203 204 120 24 24 190 10 187 14 12 137 26 137 254 239 88 253 46 236 208 13 39 163 274 130 242 88 53 178 13 203 32 162 184 200 268 220 174 151 125 171 152 241 17 246 172 56 50 267 119 60 240 205 64 253 272 61 101 8 120 100 64 54 276 269 243 123 15 83 274 205 47 215 243 163 238 219 91 213 161 40 59 9 29 252 86 141 222 97 269 38 202 171 75 240 78 226 88 277 42 245 33 202 83 168 242 73 215 96 65 207 266 103 71 217 223 17 204 13 75 246 61 126 181 38 259 57 151 61 260 238 50 270 210 185 58 88 250 39 85 163 80 207 171 163 85 257 179 240 197 160 190 111 253 157 97 182 234 205 219 45 225 258 86 154 26 153 236 247 107 269 24 115 20 86 200 55 106 144 221 265 216 222 72 160 233 270 182 224 148 102 201 127 28 100 265 124 255 44 254 233 247 246 127 202 171 54 254 225 53 138 252 269 204 57 85 247 279 280 51 63 70 17 45 10 106
155 270 21 8 131 96 132 273 263 277 265 118 146 123 233 205 279 208 89 126 158 36 248 195 125 238 203 250 158 166 72 195 149 149 132 255 280 47 177 36 194 236 151 123 42 274 130 54 238 237 82 33 136 278 214 190 263 151 233 81 253 268 29 25 20 247 272 141 104 229 108 198 2 214 8 101 236 162 22 194 253 234 64 210 261 235 279 268 11 273 138 97 138 184 162 65 269 212 27 228 103 49 192 241 273 102 23 24 214 21 53 24 249 59 10 193 65 198 68 234 4 222 210 193 50 107 26 92 208 117 17 144 83 211 251 85 78 33 243 52 247 268 256 163 96 179 204 99 69 94 62 232 36 253 122 92 190 118 170 100 107 43 40 161 61 276 78 200 44 108 266 11 79 138 46 222 271 94 81 125 75 197 32 112 25 169 2 77 115 185 204 135 27 248 127 66 232 70 202 167 45 70 262 14 250 121 160 132 3 258 107 239 214 254 54 177 139 6 249 277 274 186 124 278 32 179 206 255 275 110 50 51 162 201 176 54 11 267 135 156 213 213 232 124 227 178 179 248 247 221 215 224 250 35 29 94 22 9 180 57 45 12 41 114 68 245 25 30 70 155 267 260 105 233 30 56 38 159 77 22
3 136 222 113 278 121 1 170 71 199 17 265 157 263 65 212 215 191 176 217 8 140 280 192 49 248 172 190 240 144 245 169 269 226 93 215 100 19 129 49 218 136 1 274 169 111 66 247 74 110 131 97 209 71 122 93 126 191 185 14 279 40 96 250 183 93 125 120 253 65 39 240 245 20 15 52 275 223 89 263 149 84 52 47 104 40 189 186 133 247 75 155 14 42 136 212 234 76 172 228 238 181 256 157 77 1 13 119 162 169 162 203 183 193 4 252 192 11 252 8 135 23 78 181 96 183 186 81 158 58 190 129 226 46 184 123 190 83 242 169 264 25 182 148 105 64 39 26 239 254 148 214 190 90 268 235 7 150 164 86 176 119 45 2 234 211 159 187 173 272 205 144 100 115 262 65 12 206 185 74 113 210 181 176 163 208 251 133 268 88 120 69 96 134 137 252 122 99 136 222 111 60 79 4 23 14 195 39 270 157 150 280 191 184 246 229 202 22 249 92 128 243 145 118 37 146 118 247 49 52 14 15 193 60 42 257 98 261 140 150 272 252 167 130 10 276 246 215 259 158 267 41 193 91 252 1 68 167 115 139 269 116 103 253 213 18 91 68 29 63 6 224 207 146 280 233 267 166 189 158
239 87 187 63 86 272 47 211 248 231 14 52 50 99 172 103 172 2 179 82 258 31 62 106 20 167 193 270 87 239 102 179 179 280 124 148 152 188 38 65 79 11 159 208 43 225 89 37 275 74 71 28 10 12 25 121 57 67 270 46 263 212 50 251 52 79 131 152 34 56 160 269 104 160 111 223 4 238 144 217 86 144 25 180 244 44 59 133 152 146 260 196 11 252 91 255 52 183 61 160 50 272 57 42 154 204 280 158 235 63 156 58 267 58 59 85 226 94 27 27 268 143 68 163 100 56 98 52 55 228 128 254 177 137 230 279 146 35 263 168 124 264 242 144 171 30 86 92 143 60 267 234 209 60 24 6 64 90 122 213 133 19 31 136 132 240 163 214 58 131 252 164 11 170 137 9 157 170 174 79 154 226 95 191 72 259 51 41 167 166 136 39 14 278 118 53 150 25 148 174 95 26 34 67 260 149 199 242 217 2 201 87 99 189 160 221 174 102 105 22 205 256 280 266 39 197 161 106 50 178 42 135 114 75 66 120 9 262 183 211 185 186 275 23 175 56 107 249 61 232 87 207 252 134 254 191 201 19 61 254 153 147 267 73 239 206 142 232 139 254 146 271 217 212 234 128 97 261 175 153
29 163 20 234 90 123 110 107 63 176 180 265 121 154 22 3 272 136 38 158 270 261 88 26 123 161 220 41 231 212 110 118 187 241 39 251 130 147 77 83 15 228 204 150 212 81 164 153 61 140 201 176 188 276 146 225 53 117 239 36 44 139 66 105 42 118 270 33 228 41 26 236 10 79 200 46 18 16 11 191 177 206 8 158 87 230 241 7 80 62 28 252 93 184 72 219 181 55 181 203 171 103 265 57 145 86 71 50 61 50 180 34 148 245 1 246 28 192 102 11 200 15 260 147 108 109 97 66 211 52 238 77 236 57 60 5 206 267 276 21 61 77 7 243 100 241 25 95 119 224 21 190 36 13 244 121 241 81 255 151 12 122 89 52 248 114 243 47 93 161 124 205 102 210 227 11 131 210 79 198 231 204 98 43 58 213 243 220 189 210 212 175 257 93 20 198 70 164 60 59 76 73 158 151 68 273 277 215 262 206 97 244 151 106 183 53 1 227 223 65 48 234 181 251 193 141 78 75 182 5 9 209 174 31 55 14 87 276 82 61 69 273 261 258 188 67 80 249 248 238 254 187 30 109 104 168 24 149 166 38 246 109 267 38 233 187 82 30 42 248 256 55 106 100 86 251 240 161 3 157
200 149 183 141 106 39 139 141 80 237 218 12 29 186 145 81 200 216 85 52 109 275 54 172 245 79 63 138 220 158 9 248 241 66 112 157 164 74 61 9 41 247 204 186 6 198 277 118 11 50 116 30 130 122 2 201 177 193 57 99 207 205 31 190 48 274 256 33 90 146 242 101 181 47 262 207 234 49 179 129 3 278 110 184 266 171 19 269 32 78 33 194 41 81 246 3 250 155 28 66 37 190 125 53 74 33 183 86 219 34 226 95 225 44 248 214 234 102 57 90 214 147 226 273 36 72 203 69 225 77 165 265 147 61 10 220 169 139 247 61 144 122 197 257 7 235 278 231 239 171 172 174 24 184 147 147 50 102 9 264 4 237 232 45 186 114 32 250 62 206 86 121 95 179 221 186 122 232 48 273 5 39 186 98 24 33 152 225 131 35 175 176 78 256 278 184 112 273 137 74 86 241 237 164 201 218 253 230 214 162 205 5 141 158 272 11 197 109 108 220 245 225 15 193 30 245 274 178 36 94 113 31 250 133 17 136 257 141 211 228 39 274 204 48 33 64 98 256 256 278 86 194 193 106 54 145 56 233 103 84 133 97 213 271 30 122 275 39 30 97 96 156 273 34 212 210 91 94 88 151
140 7 221 66 14 43 210 20 224 129 32 184 96 38 240 91 191 202 144 141 178 186 39 217 144 141 193 109 70 257 62 117 224 217 179 70 52 223 18 104 243 59 155 207 76 179 200 198 79 248 255 84 258 144 35 108 89 265 202 170 184 152 190 142 261 203 279 188 73 243 39 237 260 260 14 101 191 119 225 118 202 185 167 108 119 126 73 191 47 184 62 176 94 81 110 30 245 84 215 31 273 23 142 119 140 139 186 220 114 124 184 97 189 41 261 38 137 266 55 155 55 253 256 65 216 224 129 86 124 185 183 271 151 132 241 21 204 118 12 26 44 171 108 44 278 49 167 76 222 279 132 166 186 152 96 95 127 10 244 247 202 29 9 255 62 147 183 53 107 86 240 17 130 132 249 241 153 269 40 274 142 18 207 35 97 225 72 210 57 234 275 93 189 47 206 84 274 178 73 237 200 240 55 145 246 259 116 271 153 2 19 238 65 56 93 105 162 249 186 274 257 146 52 124 186 138 59 115 36 187 31 116 39 218 265 258 279 66 57 1 94 26 235 185 6 258 145 149 63 230 197 1 153 7 151 63 151 78 276 280 165 82 274 271 148 239 27 191 163 197 30 141 252 251 13 8 202 56 253 85
134 213 206 120 92 94 102 174 121 83 218 86 183 119 103 104 213 157 67 67 55 58 39 199 249 235 132 279 3 216 207 175 235 126 84 210 208 213 156 125 123 175 178 121 3 202 245 191 133 5 231 75 54 35 11 102 263 81 119 25 100 46 259 237 198 192 233 76 120 239 48 31 202 83 239 135 34 196 82 27 96 258 211 55 43 45 11 275 122 6 113 159 136 128 87 3 48 69 183 47 256 40 165 192 45 225 262 229 10 144 225 221 180 245 42 126 202 79 122 270 87 121 85 123 126 159 28 94 36 92 109 145 246 66 144 127 49 26 42 108 11 203 240 254 43 214 47 84 122 184 235 167 230 197 60 120 47 266 140 52 117 5 210 75 215 79 240 253 182 260 26 241 46 222 244 225 56 32 137 52 220 178 261 248 143 19 124 96 18 268 153 155 153 141 11 173 102 52 236 116 228 4 111 237 37 45 266 25 173 241 67 19 182 208 49 138 13 136 135 161 161 146 74 233 206 100 269 18 240 110 102 277 186 183 148 209 244 278 31 274 45 271 45 52 78 271 64 68 70 206 54 154 236 78 1 271 175 9 47 62 49 243 167 100 203 23 235 208 138 219 35 253 225 226 178 114 249 243 48 4
130 175 92 56 194 94 57 23 126 2 164 124 274 262 32 21 114 182 3 217 236 151 18 269 267 99 251 167 87 96 70 64 47 25 236 157 128 206 104 61 22 215 165 25 39 19 125 171 99 78 163 239 240 39 40 135 36 146 36 29 141 153 86 179 57 81 9 246 173 163 24 190 180 30 162 167 145 232 66 24 239 131 4 52 206 129 6 210 116 4 174 173 183 18 1 4 149 207 189 140 178 259 156 13 245 269 94 236 178 275 193 197 245 20 137 34 175 217 194 142 31 115 34 33 29 213 179 244 199 15 51 176 254 195 149 87 89 150 274 266 138 35 172 97 92 67 76 191 2 270 207 263 278 63 50 23 158 60 31 260 223 278 132 85 112 143 247 201 26 79 14 203 197 220 175 192 6 37 97 224 101 29 211 118 273 38 106 179 65 247 279 205 89 100 184 151 143 237 273 94 106 8 180 221 219 130 122 118 32 180 237 217 184 134 217 279 161 80 272 238 245 118 29 98 89 131 274 258 169 86 141 263 154 140 22 94 28 17 72 254 178 217 50 217 223 147 92 2 61 88 179 2 236 72 131 276 181 23 252 186 231 52 248 22 104 258 214 249 213 237 77 48 269 196 197 140 40 65 113 135
172 148 176 201 155 142 202 188 62 169 77 265 178 149 262 193 224 207 93 196 7 162 91 264 249 101 15 39 59 279 151 191 214 188 113 77 128 219 77 214 273 277 244 100 2 95 271 215 126 42 14 101 176 199 197 138 237 249 58 20 115 215 242 98 153 92 48 176 194 172 256 237 263 220 16 224 163 224 88 140 70 31 39 239 87 87 83 12 94 22 77 267 117 166 79 10 153 160 248 101 41 90 46 88 117 13 125 50 197 149 78 120 223 60 85 232 238 173 274 226 262 262 121 196 248 136 66 96 176 11 129 34 99 43 189 174 148 77 245 41 197 121 258 230 131 51 116 234 271 176 219 225 144 164 77 59 241 237 117 9 159 19 99 145 72 43 151 223 232 34 170 261 165 243 5 228 69 207 61 191 105 251 239 153 232 246 131 238 266 118 28 173 262 14 85 115 153 66 202 277 42 164 194 95 14 231 189 224 101 264 235 197 86 6 193 246 124 162 159 104 112 122 128 33 131 235 27 42 67 264 37 113 121 247 39 129 155 279 222 103 30 52 198 43 14 222 59 23 122 136 121 3 22 139 116 204 23 64 121 150 244 143 105 17 113 126 121 70 25 166 90 64 75 237 163 113 87 133 87 117
57 189 99 182 102 137 244 156 131 193 119 136 105 11 239 113 252 151 263 269 167 12 152 10 267 180 259 122 206 34 133 226 31 190 276 162 252 192 67 15 279 264 175 25 117 124 107 40 78 47 136 275 165 139 143 172 266 265 189 94 142 225 238 249 196 199 128 117 159 60 52 101 243 265 254 38 204 141 177 265 91 55 43 202 125 12 90 170 125 40 62 34 78 94 225 231 218 66 208 156 125 212 135 156 43 161 33 123 274 50 119 164 201 117 259 256 259 187 68 40 272 29 269 210 52 244 165 106 138 105 47 161 80 210 151 101 275 127 49 173 64 178 235 78 66 35 161 13 274 223 216 12 106 227 199 27 212 159 37 7 82 85 88 21 265 237 223 65 50 23 13 110 60 24 147 138 152 198 19 157 178 88 60 101 82 196 245 59 278 27 201 210 93 92 69 245 82 75 130 248 256 201 1 87 60 59 127 89 165 56 265 76 43 160 13 47 150 75 86 228 278 17 181 51 227 187 152 266 245 70 141 116 73 72 11 96 58 173 149 210 49 59 107 228 4 33 117 182 218 276 186 187 174 235 154 246 246 207 216 257 133 154 89 10 49 235 278 232 248 94 270 279 279 260 75 196 152 50 130 166
196 137 6 150 17 4 139 92 101 218 110 150 268 20 92 262 71 265 104 40 67 251 20 205 213 82 255 68 92 128 184 23 7 204 68 80 269 95 24 261 45 174 245 208 202 138 20 210 189 14 71 24 1 26 3 108 268 144 58 117 250 245 6 94 12 190 130 123 56 195 187 217 67 91 209 113 219 9 245 240 195 105 207 246 88 259 114 74 242 118 171 89 112 265 98 127 268 173 48 271 51 138 162 86 239 215 107 23 25 132 267 279 73 79 62 32 138 221 251 207 241 67 99 53 14 272 50 134 73 126 248 97 34 107 171 222 37 273 18 137 81 16 62 46 234 87 127 56 27 47 30 273 63 124 61 192 70 116 228 52 64 267 276 174 262 150 60 261 51 6 226 76 100 68 203 67 258 97 258 66 237 227 197 272 272 151 92 201 277 50 143 221 87 185 134 262 50 180 153 127 200 214 23 11 52 141 215 47 61 4 31 208 233 94 166 278 238 207 244 210 75 76 276 206 18 148 46 272 232 51 146 162 49 181 93 26 99 261 272 40 164 184 135 121 105 72 35 273 232 229 97 55 40 166 6 200 194 238 62 38 244 209 110 238 97 45 11 165 271 55 145 169 172 122 170 120 52 94 101 194
270 57 5 104 146 136 17 226 202 85 22 200 231 96 237 172 92 195 19 137 139 139 164 45 197 172 67 271 251 167 139 82 52 31 72 51 43 280 36 167 265 23 249 85 146 188 80 129 85 263 227 198 111 134 117 108 30 74 255 109 135 84 236 60 218 251 33 140 220 67 159 116 4 231 127 61 262 129 199 79 162 117 42 157 228 11 78 116 248 89 155 203 86 212 221 120 268 140 151 62 226 86 76 249 39 127 84 246 196 209 180 217 266 31 139 239 280 190 69 143 205 134 198 21 1 264 29 57 132 154 224 25 51 91 137 57 126 11 10 56 230 244 127 208 91 25 276 91 219 120 109 162 44 124 177 234 185 135 277 91 264 271 266 57 266 101 84 229 228 175 89 203 146 206 67 38 93 250 267 154 192 80 237 70 119 110 248 270 47 8 139 94 25 247 237 197 101 106 14 138 110 115 18 115 9 184 234 132 49 277 55 152 79 259 96 160 274 62 124 208 167 149 144 170 272 105 77 253 36 222 201 32 247 34 188 228 151 26 62 126 173 172 125 258 211 15 117 80 40 130 126 96 183 38 262 188 41 101 1 104 118 222 108 169 56 216 105 109 219 244 109 72 190 20 75 121 78 2 55 141
230 55 132 173 114 63 227 120 43 167 241 68 166 208 121 225 64 258 90 37 93 34 173 145 222 51 100 41 196 172 203 261 215 86 156 67 36 149 2 49 208 54 162 256 154 77 263 191 229 224 176 192 7 93 152 155 160 116 113 35 167 89 52 233 70 191 275 253 199 206 196 114 196 73 116 275 64 115 128 263 227 190 263 87 176 20 210 184 267 133 255 10 50 127 158 160 23 171 187 54 22 88 224 262 59 251 251 27 225 86 20 265 51 249 237 53 225 232 32 192 64 14 218 181 66 196 30 218 256 56 58 248 52 232 11 228 144 198 27 97 275 76 143 252 30 171 187 113 225 76 260 273 106 21 198 247 29 126 82 250 82 206 213 136 75 208 96 88 130 75 20 247 157 138 150 114 227 214 66 265 175 40 210 253 274 45 262 202 244 139 133 262 110 100 121 187 240 222 265 120 124 182 91 268 185 119 235 80 159 86 44 207 169 114 57 202 167 126 42 7 186 170 192 59 34 277 276 4 239 93 261 164 39 254 38 126 178 107 103 262 5 233 138 130 129 277 108 62 200 10 57 193 162 4 231 34 20 156 194 99 279 83 102 29 107 178 27 250 62 94 75 99 262 159 157 251 21 275 208 80
45 265 226 110 84 254 115 93 203 212 229 210 256 156 181 242 179 166 33 278 60 33 196 126 93 168 166 129 166 28 147 47 253 91 31 196 271 272 212 148 204 256 40 240 208 227 63 85 15 23 236 200 64 151 265 273 174 176 151 90 224 74 75 49 184 256 175 80 37 27 158 202 203 81 209 140 47 60 247 133 221 127 104 268 82 146 212 95 148 263 82 60 213 50 142 226 223 156 224 250 118 179 92 258 149 27 194 112 3 48 256 151 52 81 159 280 50 141 11 178 118 138 102 84 24 221 253 232 70 13 135 130 70 227 10 181 71 209 157 190 74 267 157 147 208 250 57 169 183 251 103 143 53 122 196 242 22 205 132 16 112 195 213 183 177 25 162 24 147 169 208 184 208 73 155 48 44 40 226 243 187 26 59 269 222 4 193 147 11 152 54 19 26 235 88 142 96 121 27 226 87 123 246 65 82 41 274 19 248 134 75 216 255 218 139 219 25 12 61 93 57 79 50 269 31 104 3 23 86 122 210 88 84 69 202 79 90 30 122 147 198 254 155 183 57 219 41 124 255 38 275 92 142 21 129 233 198 167 83 163 64 161 31 133 108 253 145 166 119 100 242 256 130 111 192 162 120 61 32 268
218 170 223 103 38 39 108 109 189 184 145 78 80 231 96 26 261 225 268 143 181 96 189 117 85 115 186 126 101 270 108 210 121 199 141 98 201 240 257 120 11 250 260 163 186 138 122 225 26 31 32 177 144 51 71 167 185 62 191 100 80 113 245 256 191 221 156 218 147 224 269 73 218 105 1 98 214 72 264 30 84 92 31 184 233 125 113 143 171 74 248 258 20 40 27 11 255 235 266 204 115 59 143 211 34 150 82 154 176 254 32 267 50 102 121 190 9 43 75 201 76 219 35 201 261 34 264 241 267 28 193 161 75 261 268 67 131 38 187 260 172 228 207 122 243 184 38 220 123 34 20 236 227 232 98 53 53 18 17 188 98 240 125 265 212 99 161 163 222 223 262 214 255 257 100 81 197 209 177 31 96 3 71 200 250 240 266 254 150 78 248 232 107 280 3 48 221 242 56 186 112 183 205 111 145 38 196 246 85 91 274 11 35 165 62 97 145 28 278 147 175 198 273 148 21 204 236 66 215 280 151 186 235 113 206 94 260 165 257 60 224 241 166 155 121 226 173 249 117 116 6 254 126 261 10 155 85 8 96 118 47 267 276 151 50 78 193 110 104 44 113 80 221 89 129 170 74 134 110 84
124 186 113 229 239 53 161 5 141 231 271 210 189 78 209 2 22 40 105 121 83 132 148 108 5 192 205 273 222 87 232 259 170 229 141 94 219 145 123 122 204 263 262 170 259 98 16 68 205 31 208 258 213 169 29 109 42 38 173 248 233 127 249 33 259 276 263 275 193 9 23 139 77 91 273 267 20 192 214 227 35 256 14 143 137 28 31 137 142 208 127 130 214 20 249 146 14 275 21 158 225 65 68 215 190 212 110 193 155 52 32 104 183 127 217 169 145 239 158 260 19 201 209 154 152 235 57 221 259 148 57 247 100 4 118 241 220 228 142 31 94 76 114 62 79 185 3 161 94 230 163 155 105 157 222 17 117 210 117 74 255 51 270 99 242 174 280 94 207 18 53 162 198 211 233 92 207 1 98 134 19 247 65 76 221 4 250 94 212 220 201 10 145 223 133 83 192 52 24 44 17 119 94 119 116 254 205 271 212 19 57 146 251 103 50 183 27 82 195 196 42 217 230 10 33 265 104 203 52 47 84 18 96 166 234 239 151 201 33 231 32 189 8 124 182 101 122 83 122 56 223 258 35 252 149 207 250 58 13 6 152 128 201 44 170 109 255 204 134 127 195 163 141 209 237 231 259 267 173 154
248 50 247 191 63 247 69 201 194 83 114 32 180 195 85 166 1 180 73 202 47 32 124 119 232 248 120 44 19 277 29 166 236 116 85 33 11 59 133 35 115 35 54 227 63 260 128 153 232 149 189 95 138 77 48 95 132 125 38 277 269 123 139 229 226 83 166 204 33 86 180 12 248 43 35 169 109 61 237 250 178 35 191 198 70 158 35 249 147 211 24 204 242 140 163 22 64 209 62 3 207 250 45 102 78 80 40 52 11 80 273 256 184 56 63 78 141 267 260 50 257 212 204 188 51 16 271 162 265 145 249 25 61 43 245 195 12 258 148 125 167 110 35 132 241 231 9 146 80 174 21 180 209 130 266 2 151 83 152 160 87 254 37 266 68 18 237 221 86 172 35 166 21 171 177 130 90 68 123 228 45 233 49 106 245 27 16 109 84 190 209 265 230 195 207 253 115 210 133 56 250 60 4 28 242 275 166 151 20 130 62 225 163 266 106 159 234 70 67 200 149 170 86 239 68 102 272 68 215 210 215 20 125 186 7 84 100 222 230 14 194 128 111 84 179 93 19 60 107 215 179 102 21 257 262 179 252 115 173 148 140 276 13 233 225 96 127 40 67 245 100 152 173 189 264 6 183 172 104 247
37 96 251 75 121 224 275 142 80 253 273 168 188 247 109 15 90 145 69 70 193 95 119 262 1 78 132 274 165 254 208 168 17 151 97 168 56 201 186 159 2 175 128 51 108 157 137 139 65 204 198 271 8 37 186 158 177 108 83 127 223 237 190 80 209 5 50 114 228 82 43 222 199 256 127 266 77 46 204 95 65 34 217 78 38 67 80 208 46 86 152 89 114 126 37 127 133 115 71 136 254 159 94 162 136 111 170 266 229 264 17 87 112 246 129 250 55 54 267 193 11 6 219 11 137 223 205 74 92 40 197 123 178 113 273 76 181 75 244 234 100 269 101 65 99 200 2 109 39 205 258 211 87 40 146 221 166 174 209 74 127 39 274 164 53 271 14 253 160 24 237 195 134 257 149 125 112 244 88 170 264 83 243 124 69 130 144 229 187 14 151 271 47 111 118 211 153 95 119 82 154 21 67 124 112 184 248 276 262 212 11 76 39 10 258 148 248 28 219 154 194 167 218 189 25 105 234 258 208 215 95 227 145 143 195 274 53 39 35 146 162 153 91 232 91 163 244 268 4 19 233 4 160 201 241 200 26 72 189 218 42 26 263 251 65 115 138 143 99 142 59 159 126 4 280 84 184 156 26 30
85 16 163 277 14 96 235 51 256 239 119 202 156 170 160 194 149 156 4 36 242 81 201 123 95 5 96 27 164 159 88 50 258 87 162 222 246 228 127 42 230 231 240 45 144 240 85 195 139 198 78 29 143 40 240 248 13 35 169 152 149 142 269 191 233 155 58 279 151 29 147 46 9 157 24 62 83 52 13 227 98 178 50 99 172 15 193 99 47 107 132 220 178 277 148 27 280 181 244 234 138 42 217 242 267 172 39 68 61 272 13 123 224 58 96 249 231 57 141 272 169 153 34 122 108 128 30 259 143 109 27 116 79 269 162 187 261 22 110 172 266 199 58 105 210 21 76 251 45 16 83 257 244 144 81 233 83 156 128 171 51 77 149 71 166 93 55 30 73 110 166 96 168 239 152 11 251 9 34 33 192 78 145 87 19 120 58 2 257 226 240 124 136 113 164 134 75 226 72 276 218 78 198 120 162 1 108 239 33 226 36 279 160 248 131 160 243 246 78 84 47 196 279 241 213 19 186 81 65 204 159 175 97 83 141 247 124 150 97 258 104 183 182 252 79 170 169 146 276 197 3 118 242 126 33 179 66 32 205 86 38 98 156 32 78 60 216 107 279 84 24 120 56 159 37 138 116 144 52 26
30 240 38 239 267 207 182 111 140 117 118 26 111 19 235 203 240 104 179 248 44 168 180 278 93 8 184 162 210 185 123 177 1 103 149 93 201 120 133 53 84 196 180 111 78 177 141 263 87 123 34 185 258 260 84 235 18 205 251 231 277 51 257 10 12 279 72 222 104 54 63 57 223 270 202 33 197 139 20 16 147 253 10 142 39 272 96 138 241 231 108 24 270 47 272 90 125 192 200 199 159 131 40 23 275 49 244 5 50 105 59 62 189 233 239 197 104 53 218 206 111 199 43 218 244 237 201 85 4 151 73 73 245 159 175 27 158 187 267 202 86 137 38 147 198 72 48 118 280 135 33 164 172 228 203 226 164 104 219 126 239 67 78 203 264 171 177 155 190 76 1 209 261 38 262 90 38 228 50 191 149 54 156 86 108 26 196 4 187 127 48 274 206 198 69 5 94 114 81 72 50 19 60 128 43 277 8 279 39 139 245 169 223 94 78 136 243 66 102 109 93 186 22 243 234 49 259 45 173 34 203 8 53 84 197 85 169 227 113 180 48 27 69 4 256 4 60 94 230 217 141 233 19 231 273 156 1 51 75 8 119 249 263 124 265 11 230 145 197 32 81 245 56 192 106 109 131 150 66 229
267 129 69 273 56 57 49 149 163 119 229 24 23 259 211 244 226 195 237 215 13 194 100 9 35 62 150 156 131 277 85 247 274 11 86 221 159 231 188 54 211 150 265 186 70 278 255 60 239 35 122 131 55 263 244 167 55 212 16 18 52 117 88 168 114 104 2 126 99 128 191 68 84 10 119 96 86 143 75 9 67 177 174 260 149 155 245 32 228 22 130 121 184 19 124 156 220 139 53 54 85 223 13 257 278 89 225 200 125 95 217 106 97 22 211 184 145 195 116 67 74 214 194 172 262 111 174 92 47 240 229 28 206 21 271 202 72 52 163 68 88 8 92 222 53 178 262 208 87 269 39 40 97 126 240 3 159 121 67 167 252 80 41 206 208 185 271 209 84 89 269 59 39 9 173 66 53 227 215 25 71 93 83 124 10 59 27 69 66 148 253 125 8 142 31 188 7 20 17 70 258 11 274 23 4 230 103 220 140 84 68 251 9 157 135 246 81 238 151 232 155 66 142 189 233 38 231 271 254 267 209 259 145 9 45 65 236 44 247 3 280 249 90 237 91 47 99 128 33 97 77 168 187 249 7 144 74 60 216 65 56 54 189 66 9 58 12 6 63 27 54 134 198 52 29 59 163 121 180 217
248 125 252 53 193 126 115 203 173 114 36 25 70 128 10 186 7 236 140 249 247 73 242 96 107 199 278 9 12 20 232 198 199 52 233 185 211 75 21 239 265 183 197 115 31 81 71 83 249 36 66 222 176 204 259 27 179 86 224 152 153 248 239 154 178 121 34 106 220 81 156 279 38 219 177 255 12 98 275 278 154 49 4 128 166 70 195 139 150 5 44 224 36 213 123 85 123 225 245 192 55 108 77 14 245 267 11 22 22 3 12 105 99 10 85 159 89 79 214 85 28 267 114 54 20 264 42 239 92 113 179 9 76 23 111 214 249 228 200 10 150 216 112 266 123 12 25 152 67 216 11 132 9 157 261 57 122 88 150 259 86 70 221 139 194 153 22 132 274 98 232 128 98 119 168 200 162 237 44 218 127 113 240 28 222 205 41 43 144 182 193 133 267 229 139 228 263 24 238 147 184 133 228 2 92 252 184 23 240 168 61 136 176 153 201 65 228 146 215 133 131 83 33 149 120 212 180 227 66 236 64 198 267 186 140 253 273 62 212 158 21 204 237 179 133 266 88 252 30 47 206 256 43 202 250 58 259 262 22 142 234 74 246 95 198 30 82 3 198 211 266 229 154 62 3 107 88 29 20 120
253 64 48 62 268 55 126 227 194 91 193 270 51 60 177 39 28 12 218 39 159 62 83 172 8 85 203 254 253 238 106 249 121 73 197 166 67 195 14 45 61 249 181 256 162 277 51 205 79 7 142 19 238 280 190 235 126 66 6 115 29 218 137 252 3 61 101 156 24 150 144 46 49 244 169 57 216 151 250 268 202 152 114 173 33 92 207 3 71 205 218 78 84 177 165 68 188 67 182 226 130 62 262 116 39 26 117 145 170 210 149 243 165 16 100 255 212 195 71 43 6 110 154 267 261 24 235 74 104 87 210 216 18 99 87 251 74 180 147 198 8 194 22 117 193 26 34 171 12 237 23 113 257 30 252 103 115 97 152 120 232 241 169 211 203 259 239 214 255 226 271 91 62 138 263 217 208 222 196 260 5 79 180 240 116 2 40 239 258 49 233 25 187 118 18 115 105 131 156 249 183 139 100 138 24 82 118 95 125 259 137 222 32 125 228 67 67 213 166 99 273 199 128 117 257 46 14 184 44 203 206 9 201 184 42 276 68 143 168 93 135 250 146 52 74 25 244 270 154 43 87 153 78 177 195 221 43 134 167 102 77 110 217 86 56 193 134 175 134 202 133 68 60 123 104 197 16 102 29 64
29 145 212 160 112 262 74 8 194 12 156 246 171 92 184 122 51 213 143 38 140 267 206 213 153 1 138 230 48 181 112 168 263 63 213 186 268 231 185 55 118 162 178 203 269 68 61 271 255 25 61 135 67 196 49 171 250 245 181 133 53 40 62 94 168 124 170 5 148 211 121 148 11 233 36 183 29 106 174 275 272 228 94 106 221 236 17 235 30 248 228 42 217 113 206 98 112 258 62 261 116 95 210 259 212 42 73 156 38 12 98 42 247 13 243 237 116 198 139 132 182 209 152 128 91 51 95 200 206 79 160 96 231 253 191 109 272 111 261 236 100 88 103 37 180 153 240 73 86 262 28 272 211 136 41 122 131 108 142 252 138 40 16 68 28 14 200 251 162 50 26 247 203 254 219 111 108 192 192 96 115 28 156 202 225 200 5 1 185 97 241 269 227 61 170 119 261 213 95 55 184 36 170 163 135 57 41 276 111 260 241 104 226 31 123 143 169 34 45 111 174 220 226 220 37 45 215 2 74 152 124 86 5 233 102 109 187 268 114 128 140 29 209 7 224 60 207 71 77 20 115 269 208 261 29 5 247 254 163 233 181 252 106 242 115 98 76 24 74 193 213 60 197 17 248 129 15 25 93 162
126 115 126 207 83 45 268 41 168 9 167 248 262 148 194 183 63 71 205 154 89 231 65 38 248 111 55 60 191 191 66 106 173 73 26 205 273 7 185 260 43 140 68 74 115 160 21 143 100 156 160 23 273 152 16 107 261 19 133 247 41 193 13 174 179 202 208 237 234 263 64 114 198 241 211 33 103 106 33 252 3 259 108 158 166 218 4 177 159 257 177 168 152 142 22 58 47 190 158 268 173 242 29 11 89 10 170 247 224 58 177 257 159 251 208 164 262 176 89 65 114 224 258 24 252 272 91 15 105 108 63 147 214 53 202 89 22 224 221 194 189 212 62 21 67 99 69 103 141 58 201 92 151 254 133 163 278 190 238 140 279 75 190 14 56 43 84 257 30 190 53 165 223 55 174 20 163 269 215 196 48 157 30 197 3 86 230 58 153 55 65 169 101 6 173 257 81 47 139 200 82 273 231 51 232 116 84 162 157 10 213 205 5 254 2 175 239 32 153 18 249 116 3 128 251 188 246 216 80 250 195 35 127 242 262 169 139 82 236 92 214 123 231 146 187 36 243 93 31 247 170 118 107 133 236 250 30 279 101 64 189 203 103 19 23 54 144 9 191 111 31 209 59 40 39 101 138 218 97 116
188 44 119 6 274 268 136 247 254 6 4 275 54 216 161 194 49 132 199 41 177 72 124 25 126 35 218 148 50 73 224 8 34 236 71 124 30 158 11 20 194 155 157 224 142 170 95 72 162 130 256 274 200 194 119 212 211 99 208 224 84 141 156 188 96 50 9 194 10 234 254 243 54 177 208 39 79 214 47 93 22 35 143 24 170 176 273 183 143 280 67 227 239 222 57 157 159 229 193 94 48 186 171 20 133 10 261 215 21 228 130 117 10 124 210 2 184 205 142 76 131 32 279 74 50 114 27 105 200 235 87 237 91 80 235 184 133 249 154 228 218 205 277 261 55 14 265 17 168 188 61 162 65 7 55 98 103 144 60 202 200 99 65 28 255 146 173 27 106 104 203 43 264 17 269 42 255 8 94 104 172 109 125 100 2 58 106 24 221 127 67 250 79 254 95 267 222 177 2 63 17 32 252 139 103 232 227 273 3 130 98 47 168 181 268 67 145 174 266 212 50 98 76 39 59 96 269 139 46 192 279 270 82 33 174 117 193 225 167 216 52 96 109 215 198 233 95 274 155 200 112 204 71 100 164 184 28 12 148 111 255 268 96 278 96 149 17 174 166 145 167 51 172 277 99 72 180 94 83 20
140 212 199 259 54 252 266 233 137 178 8 203 207 242 58 34 212 245 102 84 86 141 123 28 166 102 193 259 268 75 251 210 182 88 192 264 48 47 173 170 101 78 232 235 178 229 88 21 222 262 79 163 102 13 38 45 44 64 196 116 90 37 27 215 181 28 172 146 43 241 40 104 25 273 49 64 102 62 198 46 93 81 263 189 224 52 230 44 166 100 134 113 165 73 17 109 91 213 26 255 104 221 170 275 169 275 239 216 123 101 271 154 134 245 207 241 122 25 11 148 198 191 227 212 48 167 29 1 129 48 108 20 124 82 55 193 138 140 16 117 219 56 17 68 34 184 163 222 19 156 166 70 19 15 190 6 123 277 38 215 266 200 87 186 207 60 110 248 61 251 171 196 131 241 113 131 21 264 64 191 225 65 175 190 168 94 245 76 53 190 276 180 78 29 16 251 172 200 41 280 218 119 182 161 86 238 278 176 246 134 174 262 51 17 45 66 214 162 163 77 83 4 233 273 60 31 170 104 30 231 103 156 278 246 187 182 252 6 208 147 167 153 279 7 250 169 91 27 221 232 87 220 94 116 102 161 207 163 20 62 237 162 125 29 116 195 256 214 233 261 267 48 139 69 179 32 42 116 15 220
185 43 145 61 73 159 149 56 203 55 113 178 222 166 264 270 6 48 43 276 179 44 259 208 126 275 86 28 37 7 244 37 250 276 192 46 195 194 165 102 271 275 245 134 144 251 197 50 165 50 256 91 110 137 130 171 199 263 179 130 232 110 108 33 115 132 76 141 32 158 169 269 131 114 131 235 250 239 266 149 165 51 150 50 95 2 69 23 39 277 200 137 250 276 262 66 200 98 77 267 223 193 228 84 245 143 86 176 53 219 241 238 271 129 36 225 29 232 147 191 196 37 47 215 136 250 140 51 94 58 159 225 43 224 74 52 19 188 211 53 235 127 99 101 273 111 264 60 54 60 133 43 176 163 246 148 245 67 84 71 261 269 21 272 238 58 166 157 138 50 101 22 259 71 119 31 33 40 3 44 157 229 162 94 176 263 206 131 157 66 246 144 53 82 60 91 259 85 135 118 146 197 70 128 30 90 70 269 105 38 78 171 177 126 96 220 86 146 86 197 271 121 133 120 130 62 31 226 108 253 62 146 231 90 257 190 262 154 49 24 235 187 207 228 21 131 264 249 22 16 49 72 87 86 122 6 26 93 113 174 50 259 244 273 41 215 41 50 263 117 189 212 119 94 101 47 195 28 112 39
188 38 252 108 31 75 136 85 109 65 201 97 36 107 181 202 236 142 232 29 190 107 42 190 10 230 54 75 132 133 266 275 118 240 78 256 28 172 256 95 82 146 45 280 227 154 239 90 45 180 115 203 276 228 223 51 95 188 28 22 49 21 132 215 240 35 132 233 154 263 107 19 254 254 126 240 75 16 129 17 159 144 189 116 45 108 240 40 129 214 32 188 145 257 172 98 87 88 123 43 248 53 70 6 273 117 5 63 47 29 38 50 169 270 212 119 122 159 98 250 63 52 121 80 84 166 119 121 54 189 154 116 251 115 225 165 190 80 64 160 55 251 116 239 58 121 149 106 37 105 101 224 271 13 239 96 82 112 107 204 85 88 61 182 52 109 36 248 213 54 190 221 135 204 175 128 47 98 124 65 163 262 74 24 251 88 243 255 239 199 205 255 144 103 87 253 61 15 177 117 278 6 259 239 86 251 34 7 136 124 46 60 186 110 32 179 122 141 190 229 84 185 55 267 45 98 238 139 267 235 49 104 272 68 250 210 116 157 105 250 37 230 121 172 33 256 216 54 26 11 276 181 125 211 43 20 155 80 7 271 83 91 3 211 239 7 15 96 206 141 132 90 167 146 253 40 274 71 50 24
136 6 36 114 122 86 26 156 46 221 139 47 28 215 111 147 213 101 93 195 204 131 197 145 159 94 143 173 160 49 196 64 169 145 136 143 257 165 209 213 68 256 153 52 261 196 248 61 274 218 2 195 132 268 25 227 83 138 136 186 94 89 164 269 88 182 280 262 39 143 234 117 43 211 280 214 271 259 132 33 234 103 182 132 3 99 213 3 90 103 276 15 14 162 84 84 103 257 91 25 209 48 42 12 37 90 74 107 82 13 57 213 249 142 54 21 105 108 189 98 67 30 102 170 110 138 96 15 134 195 246 195 222 197 39 162 205 157 77 208 85 34 267 75 272 99 208 167 148 66 9 21 147 118 79 69 147 24 162 153 10 243 28 273 253 14 123 154 120 10 13 213 224 144 3 246 160 230 19 253 26 18 47 4 202 160 191 131 93 47 89 44 54 48 81 236 66 63 214 276 176 273 47 273 201 12 249 253 152 101 193 58 39 67 176 245 181 238 45 71 97 187 86 239 78 28 6 260 177 124 76 237 43 42 60 133 179 150 195 121 164 187 113 200 205 21 278 267 10 264 90 279 133 118 136 29 247 14 195 148 176 239 167 198 170 123 122 9 54 162 226 228 68 180 75 257 18 219 183 208
259 138 262 253 155 227 222 274 78 96 259 125 56 160 249 44 269 215 158 41 24 195 181 61 21 223 15 85 13 56 200 219 279 223 16 145 63 142 2 189 200 27 7 27 141 176 181 275 222 166 230 211 115 219 149 227 199 206 1 176 99 7 52 243 93 85 243 157 261 192 16 233 98 276 240 112 156 196 127 89 100 206 99 78 183 147 160 228 157 235 105 213 227 71 145 150 68 54 227 205 139 60 160 94 216 84 204 224 206 74 250 40 37 17 81 168 67 148 195 145 54 79 73 114 139 156 149 236 192 204 199 261 200 241 97 60 69 67 254 134 215 240 183 120 12 95 129 55 194 141 235 135 104 272 82 69 153 85 28 50 117 91 206 132 107 75 68 70 249 58 149 255 205 118 19 99 84 23 128 278 143 161 40 180 238 120 3 174 17 130 230 220 164 278 131 152 94 56 124 131 255 213 17 106 149 76 11 101 232 93 20 17 32 198 216 160 22 44 260 4 131 108 23 64 36 11 154 16 181 185 160 214 95 261 274 74 36 213 167 62 171 265 243 222 244 233 71 208 73 214 66 265 97 225 36 203 166 111 39 65 238 91 144 158 65 199 229 209 48 168 145 223 243 28 55 21 217 209 88 15
208 6 208 177 182 213 18 268 101 173 255 175 134 81 261 144 89 36 35 276 277 13 213 228 71 81 244 6 247 213 126 158 42 211 59 88 257 233 81 270 24 10 255 254 175 157 49 60 141 6 41 104 266 143 90 193 136 242 223 47 177 121 236 44 203 271 22 70 203 82 176 146 119 127 101 207 101 273 257 169 81 248 194 128 154 1 61 57 122 122 158 35 227 259 55 107 128 195 158 266 89 273 249 128 167 211 264 1 219 178 55 50 101 162 175 233 49 135 101 165 207 86 248 48 48 83 276 207 193 117 8 210 264 143 104 103 112 260 64 9 189 154 201 222 171 58 174 31 61 126 223 211 202 217 104 274 189 218 66 151 164 228 121 134 176 121 10 196 130 74 209 38 242 259 275 73 270 234 228 115 55 251 34 130 50 113 70 158 25 108 88 86 58 169 147 221 30 96 130 100 212 210 105 171 276 62 222 184 93 107 73 262 181 241 48 29 235 98 189 234 205 71 49 200 260 49 127 255 187 42 88 160 2 208 167 35 61 78 235 181 47 166 73 132 121 74 16 188 209 145 233 70 240 238 132 226 61 199 279 71 41 38 39 135 175 132 140 258 101 217 180 90 10 18 228 110 119 162 70 169
135 22 106 274 207 151 276 103 206 278 150 244 40 189 100 32 178 54 104 220 21 145 263 51 47 47 268 229 35 280 8 91 184 62 23 195 238 83 188 85 85 34 60 241 156 114 146 67 199 197 242 71 87 75 54 249 246 82 258 66 275 35 174 67 230 133 62 158 97 27 243 108 140 126 104 46 176 13 172 41 110 16 198 249 187 121 229 261 121 133 30 6 266 176 27 107 25 213 16 257 214 170 32 230 111 31 221 222 98 219 132 105 192 277 12 107 155 91 274 184 211 27 35 207 18 78 46 278 265 240 26 245 81 104 215 205 164 126 201 221 130 199 79 203 199 132 231 3 25 17 27 212 175 146 154 279 163 239 98 152 36 193 58 273 40 216 6 115 31 268 83 50 243 23 243 122 149 157 150 234 262 156 50 170 233 96 170 221 42 180 232 3 72 55 264 80 169 130 149 43 92 98 147 64 248 136 130 42 191 117 62 214 165 26 131 27 20 187 247 86 18 160 71 64 263 17 161 264 160 154 55 224 258 165 273 231 95 266 60 100 140 174 10 65 278 93 269 278 190 77 35 82 156 46 273 212 11 204 275 244 80 258 8 207 124 49 127 23 78 216 128 183 97 276 209 144 229 220 170 7
30 203 124 149 190 77 57 11 216 108 69 36 204 181 168 199 114 245 131 170 173 164 152 21 67 262 250 139 170 196 146 31 216 261 273 77 75 273 216 162 45 56 223 176 115 179 81 190 227 259 161 60 69 92 73 174 81 170 50 172 34 114 124 167 16 63 55 186 106 60 108 276 129 243 68 131 201 261 267 238 132 248 125 144 73 76 236 215 200 142 40 70 10 240 69 168 222 39 45 85 17 230 28 103 268 235 17 201 104 227 212 217 177 209 190 135 141 10 115 223 119 87 196 64 86 224 261 174 42 35 7 44 69 74 76 40 165 149 245 120 90 21 244 155 48 159 164 4 243 89 169 250 48 12 206 67 253 266 7 128 178 161 90 14 71 207 197 53 142 237 92 162 218 178 21 227 175 119 13 2 268 175 96 212 5 102 228 113 93 116 9 240 72 210 149 11 186 55 247 65 250 262 2 49 228 165 99 26 61 21 212 82 92 37 62 33 133 23 32 252 211 194 196 238 221 194 117 92 72 232 213 236 166 129 176 246 189 98 248 207 183 4 67 152 130 182 162 30 149 250 173 226 249 262 251 246 61 196 245 114 257 234 192 37 226 37 210 76 258 18 137 83 37 76 220 6 160 55 52 147
116 105 20 208 84 72 196 208 189 200 181 118 237 59 99 70 272 135 85 137 69 168 127 272 176 158 250 20 267 23 234 36 238 82 255 89 207 79 135 114 276 90 122 4 15 22 130 81 186 142 37 52 269 46 23 45 13 173 165 53 111 36 254 134 243 39 14 135 216 254 83 88 280 4 10 187 129 140 279 263 231 81 126 169 13 245 172 266 37 41 226 187 115 181 93 32 230 246 184 266 116 145 194 205 162 10 108 80 15 121 221 194 74 219 4 146 62 276 75 81 250 148 263 122 251 39 99 24 135 71 81 52 66 164 203 8 67 128 27 146 239 226 108 82 264 84 43 57 237 147 38 219 25 276 108 141 171 37 255 181 223 193 219 108 202 211 252 170 60 76 132 159 61 127 275 170 59 231 180 115 77 109 210 141 99 257 228 257 245 164 261 39 41 31 84 18 45 190 270 209 29 86 189 7 154 187 28 268 23 141 13 37 191 34 155 161 115 98 242 40 154 229 120 108 254 130 266 245 99 130 57 212 48 61 125 42 228 4 248 34 67 158 274 215 175 127 133 126 268 274 153 198 96 40 83 42 79 177 272 59 207 136 144 23 211 172 276 202 239 58 160 241 79 67 174 226 198 145 174 81
4 173 69 198 134 262 124 178 115 149 235 29 167 2 70 193 220 215 61 185 267 36 139 194 246 35 44 24 135 225 19 172 52 20 225 216 53 33 92 23 98 221 225 118 233 145 251 195 20 243 177 245 152 88 226 160 165 265 210 135 9 115 88 195 111 26 118 117 109 257 190 180 106 183 234 220 136 62 223 180 221 240 143 44 15 80 106 58 185 214 244 246 130 57 166 220 78 207 134 151 201 175 263 264 12 10 33 72 67 147 161 79 204 41 166 268 133 183 110 14 34 48 6 24 273 187 154 170 204 230 213 118 16 171 166 36 139 231 275 249 248 229 103 184 272 152 116 20 105 164 234 104 235 205 233 178 97 213 26 203 277 142 105 139 246 215 206 126 51 115 226 257 72 35 34 66 273 195 64 81 120 253 156 125 150 61 217 22 198 243 104 162 122 104 162 33 11 101 111 237 181 82 182 99 255 218 70 47 49 246 100 173 38 27 44 14 15 273 37 149 52 205 87 129 76 202 39 127 7 88 51 182 115 119 194 263 225 181 92 225 182 48 264 28 155 225 131 172 130 63 150 100 133 68 161 233 235 18 201 90 200 264 91 245 118 63 23 199 265 99 230 46 135 2 28 17 183 261 8 274
52 89 219 172 35 229 230 85 99 41 236 240 85 179 163 213 142 96 229 91 219 214 260 48 168 236 169 163 159 139 21 116 276 223 178 249 103 234 157 227 173 173 90 63 25 50 244 140 133 276 81 228 228 91 137 234 174 70 256 223 274 233 12 90 13 214 250 264 251 79 129 257 105 57 123 251 154 225 116 129 53 126 153 82 94 254 150 40 47 278 30 28 180 99 3 89 14 259 145 41 165 173 212 170 6 227 20 210 212 66 217 120 159 7 110 179 112 212 57 22 239 247 167 120 186 33 84 41 28 189 31 278 16 237 83 74 157 76 158 221 66 101 39 67 107 34 197 34 146 143 167 207 261 199 236 123 264 64 135 183 157 101 89 229 81 12 234 59 247 198 78 280 99 47 174 274 151 253 259 224 260 37 166 241 8 32 219 200 55 202 245 141 266 73 261 73 19 147 51 49 28 13 154 68 89 184 204 162 117 130 29 110 135 132 120 230 192 251 206 217 109 127 130 178 213 142 38 251 268 177 273 216 28 58 13 227 115 229 2 73 142 192 159 221 262 236 172 27 60 221 158 109 143 77 90 163 65 243 266 273 75 168 20 40 156 38 192 75 26 116 135 112 182 80 241 8 116 122 234 240
129 55 19 224 1 261 149 162 61 167 86 221 260 182 112 273 248 27 13 86 57 129 147 173 117 74 45 235 213 123 114 276 140 101 177 129 42 22 43 210 211 126 142 43 274 32 192 264 140 279 229 105 50 86 78 61 56 70 71 43 151 201 264 169 218 61 81 141 105 86 278 270 87 93 145 54 32 92 2 90 210 136 6 273 107 144 255 218 20 52 149 128 156 269 192 106 133 13 127 57 70 211 138 91 177 117 104 189 22 11 69 251 157 35 122 67 70 131 57 35 266 106 7 202 48 209 192 9 120 211 181 55 259 225 109 20 190 212 32 23 274 115 131 71 85 279 26 11 112 216 266 276 222 162 125 237 190 15 58 225 87 256 18 163 6 48 115 269 179 144 46 140 168 70 136 68 171 133 45 14 72 44 213 175 29 250 123 91 38 48 120 130 50 97 273 9 198 244 252 227 217 128 68 54 163 10 266 131 109 123 159 92 68 208 249 195 85 201 265 8 199 221 121 45 143 239 217 248 135 181 170 269 198 206 20 9 53 59 105 246 178 94 131 279 226 207 20 144 30 280 57 85 116 153 59 90 27 104 74 173 189 49 37 216 147 234 249 60 94 70 279 220 123 127 74 214 167 252 4 209
49 149 128 158 58 276 74 161 204 212 243 212 153 165 167 129 126 27 270 43 98 67 33 68 197 2 173 254 203 226 182 275 26 164 209 14 239 265 119 177 72 221 221 123 34 83 161 153 129 229 224 9 89 243 270 22 109 73 95 72 246 46 104 65 219 260 135 71 235 190 39 233 22 73 241 72 201 194 105 208 148 243 52 86 253 157 5 70 41 102 115 252 210 101 214 66 188 62 165 65 244 84 61 268 32 121 182 179 111 81 119 122 77 251 145 18 145 238 197 103 119 186 21 214 236 81 247 260 277 62 267 226 160 13 61 7 224 193 12 122 215 58 47 156 107 163 109 112 138 264 197 244 18 203 64 24 20 64 230 245 127 195 83 232 146 73 154 253 18 37 75 250 96 42 29 228 62 51 5 17 159 148 47 7 17 226 47 221 63 195 103 99 250 226 164 86 273 96 151 179 213 149 51 1 110 55 146 222 219 85 37 163 9 105 222 274 156 52 256 126 68 95 196 29 98 133 17 127 22 149 57 127 106 45 205 166 29 265 122 140 164 139 52 273 98 176 262 96 180 113 205 37 267 40 168 200 71 171 149 56 64 69 152 2 160 214 253 101 92 219 52 223 99 164 27 229 140 231 61 143
66 271 46 7 163 146 81 170 226 132 153 169 280 64 123 49 117 236 145 66 250 260 102 171 30 228 111 130 127 124 82 121 84 163 125 244 151 145 9 259 160 111 50 120 21 209 164 189 209 256 36 105 85 13 158 120 270 214 1 126 79 153 200 84 86 184 214 85 69 205 75 181 151 161 6 146 262 103 111 81 206 146 133 164 3 171 243 155 85 239 64 120 162 223 280 250 88 272 86 123 219 239 69 200 198 104 75 140 104 230 200 154 120 9 250 1 158 113 219 131 12 213 175 270 259 54 263 46 80 28 116 124 148 243 150 98 208 224 45 80 211 135 139 261 85 131 169 51 269 274 143 82 209 249 30 77 254 49 169 122 196 56 125 73 186 253 176 190 249 278 202 280 70 37 178 245 29 153 161 78 182 28 218 217 241 230 116 133 60 263 42 97 214 242 74 96 41 130 33 9 170 110 95 249 205 99 68 164 38 166 244 132 195 106 148 2 146 134 194 111 61 11 274 232 200 100 208 43 192 261 95 274 31 209 122 24 157 223 3 50 63 120 231 268 219 140 142 189 75 78 25 145 199 58 154 149 113 148 241 121 77 171 114 47 15 74 240 41 115 191 269 105 192 247 262 126 72 32 135 236
212 134 29 184 24 167 245 8 135 20 143 254 242 161 207 213 132 62 111 137 1 240 96 141 213 137 53 32 278 42 102 132 181 89 140 10 192 7 80 60 27 79 271 36 36 51 269 225 167 222 254 251 217 208 150 43 87 104 217 217 265 158 242 83 11 156 268 80 255 222 129 264 113 186 148 138 88 26 163 34 239 215 232 14 179 238 249 58 87 268 102 224 89 146 9 21 2 80 176 140 232 53 27 114 102 37 121 31 201 41 140 249 181 166 88 277 137 228 203 84 106 55 11 243 146 138 24 38 131 261 263 231 74 46 112 117 258 169 141 204 108 157 243 142 20 164 117 111 255 265 134 85 210 6 106 147 277 232 139 72 131 152 147 142 201 265 197 34 250 32 168 118 219 114 101 270 169 44 56 194 70 74 252 134 252 7 39 86 50 189 244 232 12 62 152 224 250 152 98 27 147 101 256 140 117 3 144 164 234 27 251 186 20 192 213 104 275 33 275 176 23 219 200 238 114 172 216 79 210 124 125 126 118 112 42 123 140 77 3 63 163 269 69 101 45 42 96 238 11 140 114 180 167 64 69 172 102 153 164 114 119 215 203 235 46 146 127 35 128 173 218 257 211 69 14 1 21 268 55 206
33 105 68 73 1 105 102 242 142 250 242 134 220 123 5 258 209 94 61 153 181 278 173 152 26 232 235 8 76 147 15 212 17 203 93 122 258 162 273 248 171 96 162 130 218 162 126 99 15 54 125 73 133 31 212 152 150 203 156 185 150 112 149 206 15 207 58 258 196 89 134 187 271 7 259 92 5 166 252 123 6 245 63 268 210 166 72 106 244 189 179 122 37 205 255 61 142 250 203 54 275 67 36 28 238 75 183 20 248 166 232 82 220 200 2 184 247 27 206 35 60 181 23 83 138 246 37 172 4 245 162 87 58 45 229 199 8 222 134 28 200 92 34 86 81 173 277 75 185 114 155 110 182 192 141 19 247 186 218 214 120 51 233 99 114 178 7 258 267 75 67 177 183 220 276 238 268 62 184 124 18 83 101 270 259 104 209 95 232 260 262 91 252 272 185 173 223 11 109 251 278 239 166 16 25 123 106 104 167 6 7 204 221 133 131 102 176 83 56 147 230 80 115 86 232 79 46 7 108 121 122 121 112 62 19 172 246 268 28 253 234 166 233 68 178 249 86 111 114 136 98 93 49 233 83 131 217 173 133 135 75 13 168 251 149 132 238 43 92 227 204 80 51 165 49 248 107 212 24 165
52 227 73 55 17 46 12 49 120 254 33 62 53 219 143 108 35 218 43 272 231 151 220 222 222 203 250 21 26 255 177 145 105 212 150 76 254 155 31 203 192 26 140 254 20 248 179 265 275 249 39 117 240 168 211 57 265 248 143 61 87 185 272 89 34 4 69 61 169 28 103 207 236 60 136 275 256 148 87 268 245 92 260 71 223 188 190 45 94 197 187 83 5 66 167 61 177 46 152 186 112 119 194 17 48 84 200 123 154 212 157 53 98 62 275 271 157 42 235 278 255 236 138 222 38 210 107 201 103 27 42 105 105 113 189 117 129 69 167 168 147 61 24 152 127 26 32 206 48 75 253 178 275 34 52 30 97 36 222 178 56 25 107 77 102 186 263 134 154 238 173 214 61 57 196 96 126 194 103 255 54 6 102 120 125 64 103 170 221 271 42 73 102 248 140 280 3 218 159 30 190 272 14 28 164 108 218 47 43 224 126 180 222 243 205 263 53 252 6 155 161 158 195 148 9 25 34 106 197 87 196 239 208 86 103 137 101 207 254 201 273 111 203 202 148 95 54 224 163 24 24 189 44 64 80 4 14 167 105 190 96 7 81 138 270 257 199 75 20 7 85 90 54 113 198 57 61 182 60 118
152 64 238 19 278 125 165 176 136 66 219 84 262 210 89 165 209 9 131 51 82 51 231 10 160 105 179 62 277 167 54 59 205 32 30 213 133 200 34 74 148 116 51 5 65 192 154 232 182 150 93 109 72 98 256 141 188 241 15 238 148 9 2 173 76 135 177 85 183 81 189 242 108 64 237 229 158 25 120 268 61 57 278 270 118 80 102 106 96 117 259 23 149 72 92 79 92 65 57 114 261 177 107 170 1 174 90 156 153 37 17 126 223 1 123 96 116 118 212 31 122 166 223 238 77 70 15 58 240 237 228 166 126 193 273 198 250 135 224 15 140 228 160 35 206 158 110 31 78 77 107 278 169 195 46 128 21 161 279 170 279 136 17 85 48 184 123 275 270 92 82 50 67 271 81 81 206 182 108 251 128 84 264 138 225 60 92 154 109 132 26 268 8 195 118 236 187 261 83 86 277 61 175 124 250 255 146 172 272 27 240 170 8 57 66 179 214 197 92 65 264 236 174 152 263 82 263 251 94 213 238 118 239 128 6 87 38 3 217 1 16 104 198 181 154 138 68 69 271 128 12 73 280 61 73 80 47 4 260 187 181 3 86 223 32 140 268 261 161 208 98 202 175 249 97 234 170 276 213 211
47 81 214 194 250 202 174 12 94 43 97 37 217 137 165 229 252 215 82 220 19 66 110 222 258 188 64 269 198 57 171 47 108 113 156 107 88 82 77 150 24 110 76 48 17 271 208 130 224 71 226 1 112 131 13 120 56 13 85 31 249 214 181 87 130 144 248 153 87 51 52 1 43 116 138 212 104 51 246 248 29 2 79 242 267 190 279 277 87 127 43 246 75 32 154 28 135 153 33 163 46 275 101 114 109 279 177 222 159 230 139 111 249 251 180 176 125 199 10 204 130 176 250 170 137 158 255 259 52 60 135 275 102 218 132 5 157 113 50 149 267 131 81 157 192 88 166 22 198 275 41 55 51 204 189 226 238 58 187 270 263 109 198 208 2 19 114 4 245 1 65 27 222 74 167 222 198 215 59 160 185 15 137 78 167 21 216 60 96 1 22 209 225 116 1 223 29 275 58 245 23 246 159 191 172 175 122 19 131 94 18 136 79 169 20 87 75 95 190 65 89 149 144 91 222 273 110 187 134 138 178 277 4 153 158 199 81 68 113 178 185 185 220 104 67 208 76 147 247 109 3 267 156 73 146 270 155 212 40 18 59 260 253 13 158 43 190 277 45 183 65 64 275 81 237 26 225 54 174 152
112 72 5 80 165 86 265 235 93 263 103 51 90 18 112 169 219 209 268 184 192 29 200 142 131 214 163 212 64 46 246 255 80 213 117 6 34 224 42 67 114 76 91 10 199 200 270 14 13 171 167 269 176 75 253 99 194 69 235 187 221 166 174 216 246 93 205 147 89 122 42 77 189 97 249 258 67 37 125 205 236 239 13 14 133 7 146 52 115 40 126 211 94 206 174 54 104 160 276 249 25 231 155 24 158 241 149 161 157 158 39 260 214 211 184 56 203 45 172 274 140 196 89 51 85 150 247 147 227 230 2 21 165 83 254 133 123 59 38 265 46 157 242 137 122 110 257 147 44 143 25 211 126 146 56 211 213 137 15 42 190 177 47 131 258 57 118 274 104 19 219 101 78 237 274 80 176 82 81 240 22 80 10 84 61 212 247 263 174 16 113 227 213 48 159 56 77 195 79 178 80 191 30 19 187 274 39 133 116 55 176 83 155 31 70 197 216 218 29 227 128 99 20 224 219 15 116 222 212 168 271 218 275 88 113 182 268 3 162 197 182 130 150 227 126 142 92 59 14 279 192 198 196 123 187 192 120 217 235 127 117 187 166 256 157 203 27 121 251 52 199 219 7 4 80 42 24 58 24 220
86 227 21 86 48 206 26 270 34 224 269 201 29 119 9 218 1 80 129 221 157 112 185 76 234 174 118 190 47 279 212 126 87 83 222 262 274 124 87 210 150 241 43 20 140 171 271 84 176 195 257 23 76 76 158 109 54 15 92 123 28 266 41 104 121 52 93 214 76 160 66 19 181 199 235 139 168 159 73 75 227 6 77 259 164 132 53 260 115 132 68 250 273 209 185 164 55 152 78 230 126 148 185 67 256 165 242 92 84 126 213 64 26 6 7 112 218 92 244 22 194 20 74 168 50 257 194 143 164 188 252 215 2 115 235 78 140 182 264 70 3 74 100 130 146 196 267 186 156 205 133 82 65 147 128 202 16 209 125 200 95 269 10 123 249 246 7 121 64 65 138 73 183 57 182 201 243 86 235 233 9 30 226 261 2 246 43 169 270 207 106 280 190 46 205 223 102 163 274 240 193 224 135 36 210 93 265 51 173 264 156 224 266 148 266 157 71 123 232 28 102 74 202 237 192 45 218 41 187 190 81 4 47 215 113 51 8 161 97 166 209 175 74 228 41 157 119 127 230 76 92 205 263 245 253 217 86 184 202 116 97 171 153 98 43 98 3 60 84 67 255 69 177 82 280 49 45 105 111 41
191 96 57 166 156 1 42 224 123 64 182 230 46 98 105 33 111 150 43 126 185 260 6 249 215 63 229 7 225 246 70 158 81 15 272 139 202 58 119 99 232 78 99 220 9 126 101 160 16 104 9 232 130 197 151 186 230 196 112 66 58 225 199 169 273 42 255 176 250 130 174 102 229 9 1 114 111 229 43 97 222 28 240 164 88 95 211 240 13 229 238 153 231 35 232 75 7 201 207 64 72 100 271 252 20 65 161 140 114 157 216 119 279 100 280 32 106 156 10 277 4 7 156 69 215 29 112 76 187 124 159 150 265 149 145 190 216 200 125 139 278 99 102 151 204 195 4 277 110 151 114 78 88 183 141 258 268 184 193 82 173 93 29 5 198 179 91 195 171 45 140 40 261 59 272 156 203 71 55 17 94 212 195 239 248 107 153 194 41 151 210 63 96 80 57 39 80 85 196 277 159 216 23 247 165 160 82 49 105 63 30 119 153 50 252 87 10 145 205 97 59 144 12 109 2 130 1 278 212 188 201 51 113 154 267 277 219 103 175 184 69 253 257 117 209 174 265 121 3 98 43 17 242 98 175 272 117 24 142 256 150 208 118 233 28 120 278 216 269 116 185 96 164 95 44 99 230 201 85 116
176 185 211 15 259 27 26 43 88 180 253 157 9 34 50 97 60 99 199 197 94 75 213 81 75 241 252 175 114 235 93 86 265 200 1 195 274 97 268 83 65 30 178 69 162 196 119 143 172 261 19 187 255 168 165 111 166 228 97 275 94 224 100 204 199 268 135 125 102 255 181 17 7 249 101 77 115 79 15 111 247 143 173 246 54 194 178 267 56 248 32 34 93 254 142 8 28 10 163 142 127 225 70 104 140 8 68 166 1 242 42 161 68 179 279 162 201 104 268 178 10 268 257 71 34 135 209 42 270 136 185 35 108 132 247 1 59 118 234 276 239 38 247 203 137 153 89 113 25 166 58 43 91 201 59 272 110 184 249 276 237 74 245 34 131 243 212 96 245 8 206 14 10 16 268 84 115 31 57 175 74 86 223 51 38 97 114 180 125 182 259 176 202 18 219 220 180 54 118 39 68 20 39 129 148 141 161 65 82 82 125 39 46 266 134 126 52 94 7 38 168 259 194 126 113 126 154 211 135 175 232 47 74 191 180 107 167 214 218 123 127 74 224 272 29 229 2 236 198 239 211 278 20 251 178 36 207 209 119 90 115 166 172 188 81 138 120 107 78 257 238 77 157 240 92 215 216 192 64 199
101 265 192 116 20 154 81 61 279 78 153 47 248 44 227 133 130 266 81 58 114 184 186 37 261 183 206 62 129 178 213 177 192 31 102 255 243 105 107 110 248 105 151 124 22 81 188 148 17 16 101 204 38 249 2 13 194 91 201 13 30 95 113 164 231 3 270 136 217 52 240 241 76 205 230 228 167 174 199 248 207 261 70 261 217 165 265 117 31 166 252 138 234 18 143 73 92 240 255 124 207 217 247 131 102 110 188 33 137 7 279 109 37 40 107 263 72 208 100 90 116 148 225 17 93 82 267 62 278 183 53 113 84 240 180 96 102 102 99 154 230 3 158 200 219 38 156 55 43 143 53 170 96 153 174 171 99 138 241 274 194 176 101 19 192 95 266 221 12 171 217 156 130 30 165 11 259 124 139 204 237 29 263 159 75 155 273 184 32 112 147 81 86 77 9 253 177 6 17 208 219 9 39 145 89 217 223 249 190 187 27 206 257 95 69 2 273 164 111 184 249 92 108 101 106 31 128 66 38 267 66 123 24 129 82 57 47 224 216 80 33 277 48 157 31 12 247 248 248 28 29 119 149 97 75 103 212 222 33 69 86 30 183 39 39 52 249 8 178 115 280 50 155 19 202 84 77 172 25 179
91 65 138 110 252 75 132 147 47 37 167 21 21 17 230 234 140 183 144 160 63 28 43 1 65 174 162 64 10 279 261 277 244 66 241 147 67 47 239 234 167 251 243 180 206 241 186 70 45 176 116 152 157 52 191 158 25 160 97 45 230 155 78 177 17 29 218 255 169 145 156 265 67 179 149 277 21 220 144 213 54 149 251 231 28 268 6 270 169 270 175 160 219 70 256 195 167 99 42 141 74 249 275 191 277 99 14 194 100 47 164 273 150 58 171 160 89 253 62 21 261 32 30 113 197 264 109 246 176 254 77 70 256 200 90 243 201 128 142 260 192 60 1 187 158 17 255 141 243 63 225 164 62 201 279 151 135 46 150 279 196 183 40 44 128 172 112 279 193 100 152 207 61 114 212 245 113 259 52 178 81 161 76 144 18 61 32 143 155 212 96 68 52 134 111 81 114 248 19 259 26 222 108 231 117 54 180 280 171 169 30 95 154 210 22 94 112 84 44 260 196 172 216 105 51 270 128 117 192 81 64 80 30 200 26 13 28 125 121 269 65 27 245 59 192 90 194 272 37 277 231 55 89 50 122 47 148 91 183 260 262 259 217 238 275 73 219 3 96 153 261 119 94 197 90 274 247 115 2 206
63 175 66 254 91 106 189 110 84 23 83 249 57 103 231 199 104 76 277 176 134 252 97 46 184 249 82 164 64 115 143 45 102 233 249 102 212 24 197 188 72 178 128 230 147 113 237 112 57 60 92 186 150 51 98 129 110 132 80 189 180 28 153 100 265 29 37 72 12 250 186 265 174 138 65 227 53 255 156 81 31 229 210 272 34 14 202 278 76 179 194 258 125 153 47 206 27 203 181 243 255 108 174 78 192 24 96 168 116 262 27 43 41 246 24 193 69 137 171 95 47 98 153 136 220 4 211 272 58 149 55 105 44 66 16 115 56 7 113 2 19 101 250 265 157 117 244 264 179 28 118 123 174 80 180 79 14 140 180 38 216 260 139 58 88 54 11 61 241 57 238 63 211 22 127 127 126 119 199 137 2 39 67 194 75 7 179 65 245 268 256 76 43 21 195 234 63 53 181 123 146 171 237 177 158 52 259 231 277 252 54 211 96 15 163 61 180 45 29 107 244 109 67 194 70 80 200 217 178 253 85 186 69 52 22 39 127 187 149 264 24 197 31 47 258 32 5 208 21 22 158 65 78 107 124 86 154 272 169 72 129 6 242 266 190 147 172 149 239 67 188 277 97 168 271 179 117 58 106 109
210 60 156 166 218 30 261 36 191 221 140 133 99 182 80 78 179 75 244 176 198 197 168 187 30 21 84 161 272 39 181 140 264 34 127 250 70 103 221 263 153 105 66 66 245 131 267 106 279 186 92 82 166 251 260 279 161 90 21 101 19 128 191 195 177 137 112 176 253 58 34 51 145 210 250 101 248 275 105 107 60 132 198 68 243 223 162 216 154 39 130 145 71 249 259 136 230 236 147 36 107 12 86 65 87 129 257 229 272 183 257 17 91 200 209 143 67 271 245 99 98 101 108 105 36 258 39 240 64 157 210 54 132 244 198 24 41 28 61 81 134 106 188 280 71 128 278 141 252 93 219 24 179 61 35 28 263 258 200 264 43 194 183 267 10 230 167 128 270 196 19 96 166 210 79 146 102 143 12 42 184 222 80 198 265 137 160 102 32 220 93 67 196 236 229 107 257 175 190 179 261 77 174 274 97 121 56 240 251 145 233 104 118 85 185 259 210 218 40 249 210 113 171 47 178 14 176 196 163 77 132 3 90 220 42 14 50 142 213 188 120 126 167 243 113 275 13 119 265 163 250 279 88 121 214 274 170 85 271 125 29 141 238 145 91 263 158 151 57 109 214 250 220 97 249 114 102 97 280 55
128 29 172 71 255 28 139 111 255 76 47 63 258 77 248 54 97 28 189 242 66 216 195 114 208 196 176 49 120 41 89 143 225 108 204 206 42 40 228 235 31 93 44 160 271 61 193 210 204 56 235 143 94 87 203 106 73 42 52 30 237 133 118 7 183 96 199 4 253 133 242 190 49 233 225 19 148 274 126 208 272 94 36 115 219 19 268 162 270 279 108 59 81 116 71 19 217 25 183 206 88 101 104 93 92 137 195 87 250 13 193 271 35 10 274 144 10 17 153 256 258 201 82 257 45 247 65 127 70 159 33 27 91 23 110 171 158 58 227 74 245 168 203 89 193 92 29 192 277 143 76 233 60 133 43 98 164 191 27 183 66 71 11 61 53 171 57 125 217 51 28 170 2 216 170 194 96 34 222 17 88 194 146 70 253 175 72 42 225 51 5 1 259 220 85 230 78 38 31 133 40 246 4 242 124 140 63 227 266 95 208 39 5 11 122 217 74 5 117 68 216 77 77 278 126 128 175 138 59 215 272 205 260 91 131 60 200 155 141 144 115 95 275 33 205 165 31 140 108 48 65 39 274 68 183 217 7 277 204 279 15 15 97 136 113 176 242 39 40 169 181 203 142 212 115 180 108 254 35 277
93 57 245 77 188 95 192 144 149 9 49 198 179 142 133 243 133 103 189 219 60 80 225 203 269 70 86 77 154 258 96 247 106 221 257 117 230 198 102 3 243 156 105 94 246 117 206 181 30 259 30 142 11 56 11 214 75 239 145 242 174 147 75 182 39 279 154 22 113 123 252 93 4 50 42 127 52 224 110 200 77 199 37 242 33 125 151 38 56 271 91 247 200 229 226 165 18 11 27 176 243 164 259 131 143 242 105 30 15 225 186 72 126 90 147 182 251 132 48 150 140 93 43 43 152 240 22 249 149 202 230 31 181 3 63 99 70 225 63 146 96 34 95 41 86 234 6 271 101 190 211 82 203 218 86 112 97 148 75 141 33 22 160 71 46 113 270 140 259 142 176 168 234 57 9 16 187 176 259 225 12 88 69 194 37 258 145 115 102 38 191 21 273 151 156 224 54 95 23 49 212 244 91 106 173 98 107 57 103 207 65 190 99 207 244 129 239 163 213 33 244 211 140 249 130 205 83 165 122 174 9 277 129 103 59 9 140 198 163 226 231 196 84 217 250 213 188 87 64 41 68 32 250 37 67 111 120 270 132 102 114 278 47 210 19 86 119 55 249 29 172 110 186 268 91 39 120 63 150 165
258 266 242 30 224 237 67 132 52 61 64 92 26 95 274 113 212 230 158 276 250 44 107 106 102 62 89 150 179 265 163 254 55 258 1 198 126 105 216 251 132 4 221 257 183 93 212 196 185 184 12 150 229 184 167 270 74 182 78 169 209 13 105 4 183 16 197 264 259 139 187 107 71 89 23 37 278 40 53 73 219 165 27 242 147 145 104 5 238 143 9 26 216 114 247 248 278 183 248 143 165 61 60 172 56 38 63 148 275 201 122 29 24 265 136 58 178 254 179 126 134 38 72 270 62 246 120 223 122 21 107 119 111 187 202 109 273 241 104 163 172 76 13 34 27 256 217 177 239 192 276 234 98 55 181 98 251 128 211 181 191 153 163 141 92 207 136 42 115 179 192 172 72 99 235 59 158 244 90 198 243 155 76 81 61 196 170 230 147 244 221 51 131 211 270 103 100 252 103 253 61 199 195 47 251 183 10 46 32 162 157 190 235 203 135 54 248 254 66 114 99 215 40 265 23 121 222 212 58 1 135 257 231 187 157 165 152 165 258 53 2 272 210 70 196 75 82 193 137 65 36 197 55 105 133 8 46 123 164 148 158 268 128 71 53 68 181 84 269 172 234 165 220 72 11 167 116 134 143 152
11 134 7 245 72 251 41 243 60 73 18 74 115 28 132 91 272 156 274 89 173 266 134 242 114 9 81 93 268 5 262 197 248 117 11 98 125 105 98 268 82 197 104 26 272 206 241 97 235 15 129 81 117 18 125 31 242 5 204 185 143 183 55 263 31 190 25 205 159 224 145 44 255 261 158 214 83 97 270 131 57 227 164 77 113 144 122 99 248 53 11 252 92 215 120 9 242 244 221 64 112 219 234 199 75 144 233 23 10 117 4 272 63 105 64 136 171 65 10 262 55 142 252 211 65 100 87 276 95 111 233 13 117 37 81 208 148 268 197 170 263 94 73 264 2 147 97 197 142 104 90 144 208 249 124 238 237 5 81 131 43 127 116 101 9 144 102 21 72 51 175 95 217 95 275 55 156 265 76 32 108 21 16 243 136 212 68 268 251 220 237 36 276 233 67 52 69 128 239 268 127 204 17 269 150 158 114 32 35 267 149 158 46 248 236 87 27 144 84 278 164 260 33 263 140 267 154 87 247 252 265 50 74 186 269 265 90 65 89 218 189 14 263 88 192 50 55 245 249 38 145 55 118 26 127 101 88 95 251 211 244 30 270 132 15 35 90 202 141 135 97 188 136 204 177 38 206 37 110 138
98 83 183 4 248 244 9 64 24 105 128 244 161 273 189 171 71 167 222 177 20 193 11 133 242 166 49 133 101 38 231 129 251 104 114 148 121 205 156 223 85 201 266 218 47 13 121 102 18 2 248 49 160 3 148 67 156 92 135 190 50 184 71 100 172 139 81 2 125 120 221 205 119 97 167 1 125 260 198 59 114 267 176 244 227 248 279 271 120 196 135 69 84 109 164 184 159 271 56 267 24 70 118 178 145 280 270 189 268 268 143 256 17 222 266 221 4 99 218 133 45 217 251 173 264 192 38 127 217 177 213 69 213 42 183 130 237 27 12 227 112 31 150 120 101 177 139 19 68 146 34 179 254 230 181 80 92 261 159 262 127 49 186 229 239 44 115 26 187 38 272 244 71 178 139 145 117 153 88 54 143 195 21 18 122 32 9 212 34 168 145 249 219 236 26 172 170 251 144 167 102 56 65 8 272 99 160 111 53 49 29 28 21 247 242 200 155 29 221 247 203 77 75 134 99 269 163 58 237 124 75 17 160 232 98 119 10 71 175 187 67 116 31 194 190 114 146 100 50 224 224 89 3 171 270 236 82 28 190 237 142 42 92 102 88 267 145 134 216 126 277 257 124 210 7 280 126 72 221 243
154 129 118 51 188 227 279 56 49 52 105 172 128 166 272 243 9 3 142 108 142 80 257 14 18 136 207 222 114 280 148 165 188 217 247 175 74 134 200 48 72 228 191 264 10 7 254 93 36 38 222 117 22 145 233 135 271 260 62 171 112 225 13 23 128 2 75 21 188 110 270 280 50 266 187 238 69 108 118 131 222 42 245 131 3 121 77 27 216 113 265 127 85 250 251 192 278 123 36 26 4 238 73 158 95 152 155 236 133 62 159 83 204 255 212 6 162 60 121 80 249 196 34 202 145 255 102 139 112 123 119 35 270 18 151 211 31 55 189 12 239 213 276 234 7 64 132 62 92 7 157 186 215 48 128 167 158 107 143 89 104 257 60 163 216 253 266 170 256 140 183 224 217 257 193 142 69 174 69 229 180 49 229 88 148 218 236 225 71 230 139 256 194 172 189 67 173 193 180 123 185 182 276 253 182 28 208 143 65 148 26 142 152 219 243 98 54 245 215 274 2 111 257 4 28 153 82 218 34 267 89 256 276 154 10 238 135 224 50 70 116 133 137 30 256 259 21 29 83 11 52 103 45 27 124 92 109 20 204 81 12 202 221 171 30 239 146 230 61 70 189 178 217 92 112 169 139 100 93 79
20 36 58 9 21 198 225 268 103 45 66 207 45 59 187 209 35 175 268 19 7 209 58 219 38 125 161 208 130 79 156 189 88 65 131 242 228 176 234 139 8 197 21 43 236 66 77 103 35 197 240 83 193 89 104 119 253 259 268 13 119 143 279 24 225 253 118 2 128 252 211 152 37 227 21 83 202 168 99 231 118 253 146 210 233 30 35 100 221 63 249 255 158 84 254 202 164 185 40 233 44 11 190 63 87 29 194 8 132 164 144 269 159 152 11 15 134 122 152 154 52 90 143 198 12 185 212 57 192 101 67 141 251 120 121 188 48 222 58 166 249 94 278 52 196 239 86 154 96 147 159 152 147 62 206 230 60 214 164 28 132 278 142 191 52 94 93 225 154 227 228 53 43 182 176 253 75 231 196 21 190 110 221 5 267 243 176 165 109 204 48 68 53 20 97 50 178 262 59 145 234 206 212 63 199 195 17 84 216 171 254 60 257 84 76 20 230 266 193 144 272 262 103 213 98 53 228 182 248 147 79 241 1 163 48 253 142 82 95 104 84 89 113 136 175 68 223 272 154 50 207 7 243 44 195 67 266 98 42 159 280 248 139 198 16 207 280 199 54 153 54 265 153 53 27 6 239 125 145 141
215 24 46 205 56 265 174 151 130 36 276 185 264 216 200 254 78 215 274 216 2 262 66 197 188 261 204 266 147 127 156 127 56 220 20 92 104 107 156 179 125 174 143 108 157 223 129 235 2 179 8 61 225 257 7 174 201 129 181 79 163 93 88 50 96 56 149 71 88 21 125 120 160 92 165 79 139 166 272 242 197 29 259 36 100 105 50 103 150 11 127 7 10 273 107 62 230 205 13 23 131 5 124 152 40 247 3 269 126 43 180 6 136 122 73 58 258 216 258 13 27 168 135 257 73 124 239 66 46 185 148 164 149 6 44 202 90 179 68 6 165 57 23 69 134 104 21 5 62 188 71 273 52 260 221 118 43 174 182 232 142 204 66 121 258 51 61 201 116 194 85 61 174 10 226 235 125 20 19 238 103 34 234 266 33 273 34 143 1 150 18 118 45 270 171 270 11 193 67 48 79 130 272 1 278 197 156 34 205 48 68 48 151 69 272 108 63 89 85 22 76 251 1 51 278 218 7 112 132 154 164 196 201 122 270 109 64 193 66 192 252 262 275 270 224 238 152 151 20 213 58 256 20 162 75 49 136 63 158 24 151 195 202 250 273 218 2 106 126 280 190 197 82 122 159 84 197 239 32 119
155 198 18 270 46 98 158 177 123 1 154 196 185 63 161 66 129 195 180 195 13 161 108 46 115 58 52 111 99 13 125 279 171 125 7 186 87 239 74 224 274 209 113 87 176 233 55 136 64 26 176 51 211 41 52 180 76 278 42 64 278 49 231 248 255 211 229 278 191 246 51 12 247 173 271 58 153 112 22 143 18 176 220 93 162 61 251 187 194 231 77 256 130 261 44 46 153 16 90 192 170 232 24 16 215 87 272 46 228 145 174 40 278 226 3 91 189 257 279 150 140 18 180 212 33 263 244 202 18 112 255 42 190 86 99 159 8 152 184 109 4 11 268 188 223 155 145 35 110 228 263 52 28 43 67 37 191 111 124 75 193 184 23 108 201 242 273 174 18 110 194 266 216 5 259 105 102 190 139 14 141 251 272 167 174 145 76 32 257 55 119 127 265 136 71 81 201 65 54 26 216 68 134 127 199 149 209 124 279 239 233 149 12 50 174 53 184 206 92 68 102 193 221 153 209 107 266 111 2 10 228 214 7 186 36 279 243 126 174 196 247 216 193 131 241 86 8 69 140 119 92 159 144 244 219 171 3 126 160 194 55 271 208 127 44 12 194 7 105 11 68 138 175 12 248 157 37 173 121 204
98 141 66 157 184 169 89 43 186 219 179 268 142 192 128 12 24 150 252 160 33 23 18 221 257 130 89 138 20 270 152 3 79 140 257 181 184 93 196 72 135 172 182 160 187 182 105 168 180 33 272 141 90 60 173 105 144 247 89 166 47 83 233 35 31 155 130 115 142 272 20 254 167 30 215 170 212 253 152 88 94 28 189 265 270 115 165 77 78 141 97 244 172 186 141 154 66 66 49 4 137 77 175 5 150 268 10 254 21 227 148 261 119 5 74 101 237 276 173 247 53 198 232 100 191 214 17 214 244 107 239 280 116 75 213 184 119 208 27 107 268 94 20 173 190 130 272 256 177 262 104 81 73 233 157 68 172 178 149 39 78 264 264 205 43 207 95 134 51 264 88 62 58 278 271 173 263 105 205 278 154 64 182 49 58 2 205 113 255 250 182 70 260 16 232 104 37 12 123 163 207 61 201 165 11 53 182 18 177 13 187 147 180 224 140 187 275 208 73 245 44 154 94 136 210 138 102 208 98 37 207 196 116 10 275 205 75 160 155 92 37 171 93 236 249 52 60 228 131 108 236 81 214 111 206 124 36 226 12 35 204 234 272 277 274 201 205 63 247 45 69 199 163 214 102 68 241 266 115 184
218 236 70 230 240 247 249 3 170 172 163 110 222 31 95 208 108 64 25 91 122 258 1 279 142 169 38 262 69 236 251 221 109 10 66 65 36 63 38 261 149 213 26 228 31 220 175 106 144 142 127 231 209 261 112 265 41 71 242 101 270 133 218 184 230 257 181 120 19 61 41 7 114 138 137 48 222 34 266 215 76 134 14 126 43 21 227 96 102 157 42 157 110 93 219 196 145 143 170 9 151 77 1 110 7 22 219 31 164 6 22 7 16 41 258 200 235 123 134 191 255 29 177 119 64 136 253 35 246 249 172 184 272 29 203 8 178 78 223 71 69 76 230 238 23 107 216 35 48 79 188 13 145 162 127 8 186 249 43 118 216 187 183 205 107 234 247 237 58 192 194 162 182 168 80 80 191 78 195 184 40 95 139 242 168 4 81 261 135 83 110 30 155 206 196 193 32 230 73 129 147 219 73 126 53 201 4 215 262 9 165 247 244 205 195 234 70 128 264 79 133 272 74 264 38 219 219 229 72 209 200 4 148 58 35 51 63 131 32 113 274 39 54 41 84 167 20 193 129 256 131 146 208 66 255 118 92 134 248 83 258 275 99 6 12 243 227 266 201 209 105 236 262 234 190 110 4 212 116 61
113 141 197 48 263 222 262 232 12 58 148 52 119 264 159 209 16 149 75 22 160 88 6 214 174 165 24 58 200 273 192 10 96 89 10 103 89 215 209 249 122 8 3 221 51 128 31 232 112 203 40 48 27 195 138 124 36 130 77 75 108 122 64 113 9 13 169 238 65 274 61 104 233 160 29 274 1 228 35 160 116 238 148 197 185 180 24 163 145 227 130 269 60 76 124 67 133 277 84 164 123 265 74 84 103 30 113 214 242 147 184 129 33 7 52 181 149 160 80 124 211 27 211 38 52 87 251 160 96 24 143 4 67 271 118 49 86 135 231 96 280 164 145 75 64 145 10 137 276 184 18 25 49 70 252 82 232 128 145 241 192 90 91 240 130 277 86 177 265 192 101 165 218 149 123 5 195 42 67 226 232 57 125 27 32 57 8 70 239 130 169 230 234 266 262 80 277 149 106 187 189 127 39 92 236 9 226 98 238 213 111 32 116 19 58 82 18 138 58 48 9 186 263 154 113 251 89 44 230 230 196 47 96 277 36 61 6 237 23 275 19 216 47 229 210 67 273 251 80 252 53 150 194 106 27 194 25 256 193 156 71 268 80 105 277 76 179 234 274 28 98 276 42 135 73 130 225 115 127 169
241 213 171 179 169 70 222 125 270 232 241 122 265 227 26 26 149 96 245 3 31 64 273 131 83 22 277 266 1 114 195 190 271 1 140 158 137 115 70 57 108 12 14 261 10 26 213 170 248 151 199 143 241 24 267 51 165 161 178 176 209 190 199 150 46 228 36 13 149 106 276 131 15 223 86 271 75 150 204 273 157 32 73 125 86 15 82 141 113 216 57 67 3 221 49 25 25 174 218 109 119 169 141 215 216 239 157 85 16 251 223 4 177 166 265 132 1 169 162 41 174 112 20 230 214 209 244 172 30 12 107 176 168 278 274 78 95 6 202 133 170 79 131 112 3 92 62 86 129 261 112 20 19 162 87 155 241 227 158 73 241 262 255 153 252 145 257 231 186 35 247 92 92 140 202 184 198 214 269 274 208 142 98 23 158 206 209 201 28 13 10 188 226 60 224 146 124 120 231 79 122 197 67 122 165 58 226 95 109 226 81 53 71 114 140 210 41 241 258 200 176 60 218 58 159 42 151 210 86 17 31 254 97 118 116 212 92 189 72 14 251 205 127 40 116 14 161 215 70 2 87 246 210 21 4 37 131 180 115 58 130 176 28 232 216 138 253 77 180 180 143 52 267 37 29 234 46 60 164 211
114 121 8 37 226 152 47 11 123 25 2 164 2 32 252 240 103 9 249 253 143 115 100 187 264 168 185 59 139 171 257 75 91 22 225 227 152 110 114 114 132 111 261 43 106 215 56 262 265 96 116 248 174 157 18 247 49 25 102 89 83 246 240 280 202 55 66 145 195 58 235 271 203 106 185 118 109 2 161 262 60 148 136 237 237 174 73 25 222 221 23 127 73 46 42 60 66 91 235 199 257 87 115 208 129 60 87 238 105 173 73 258 79 49 40 38 277 209 130 185 143 251 270 163 94 150 167 105 265 64 132 60 277 199 41 162 188 132 252 268 76 76 165 263 14 30 125 45 1 68 48 7 59 192 255 227 45 74 211 186 248 113 98 172 32 2 276 82 227 271 275 252 252 31 123 228 188 40 178 211 238 211 233 182 73 119 138 70 24 173 263 3 92 166 13 12 122 137 147 140 74 16 51 264 78 224 91 37 187 105 280 11 62 2 104 238 274 109 254 197 274 49 81 230 178 224 78 96 177 175 238 8 241 171 132 153 241 37 182 24 205 64 128 279 235 39 50 27 158 66 246 76 73 204 35 77 18 89 213 146 55 213 275 104 192 74 66 75 251 49 166 68 17 20 46 190 249 112 240 113
256 83 111 72 18 199 136 232 151 4 223 30 87 77 90 195 204 86 176 38 247 269 151 95 97 280 48 170 193 127 62 66 83 35 151 214 121 186 20 18 226 46 222 277 114 100 272 30 237 279 267 22 1 228 214 267 189 143 186 56 241 82 2 216 99 75 69 128 142 249 152 74 18 272 137 244 176 174 248 117 201 132 171 51 105 202 61 19 67 107 191 25 13 56 71 276 69 133 232 168 48 78 97 121 234 233 235 256 139 244 96 252 114 121 182 253 276 74 101 10 204 197 186 136 55 180 200 116 117 24 59 27 6 60 219 251 100 26 187 42 178 272 157 269 264 214 225 116 190 9 205 70 1 279 238 202 193 1 235 257 169 85 144 262 125 96 167 202 38 15 270 96 70 254 54 116 73 28 280 223 133 130 17 6 212 47 148 81 97 231 245 206 39 182 63 58 225 129 185 3 8 236 49 1 87 248 137 134 33 55 24 183 219 149 60 234 168 194 128 158 268 48 165 75 122 266 29 189 80 33 236 207 70 22 42 53 122 202 33 174 87 61 125 52 119 208 149 251 215 177 79 85 34 43 212 50 280 81 125 211 77 16 166 38 257 243 103 43 17 125 221 60 153 123 153 237 123 197 10 108
264 104 149 15 101 187 134 56 185 9 211 171 87 45 105 192 173 181 51 236 22 189 64 159 277 234 227 268 6 75 232 33 210 242 109 183 187 95 29 29 162 260 259 186 244 262 58 197 12 189 169 248 196 75 107 256 155 119 272 128 222 4 52 142 27 87 156 126 269 15 226 85 188 75 10 231 206 32 39 50 224 50 177 206 61 70 257 39 110 273 117 150 120 88 102 258 17 126 119 53 193 77 53 165 152 156 77 226 156 56 232 126 59 123 219 251 58 107 207 75 173 274 191 193 164 227 137 39 252 145 149 131 187 67 140 81 100 183 151 277 109 202 271 168 162 103 23 180 123 109 112 126 184 166 128 233 219 47 94 212 123 110 47 135 247 234 159 219 233 209 259 182 221 48 155 117 62 167 42 62 18 164 113 155 252 173 21 60 266 42 130 99 49 153 181 169 248 135 65 10 95 45 133 228 156 218 173 269 256 243 163 51 45 58 6 79 65 267 87 214 83 107 91 167 39 247 35 194 238 267 2 196 24 138 215 65 261 107 138 219 40 211 67 153 207 131 109 209 163 52 229 92 239 170 13 186 154 101 217 236 201 125 84 247 102 161 156 124 116 224 223 263 34 56 254 116 149 105 261 260
83 38 167 216 84 7 124 29 220 279 64 175 206 59 57 129 242 156 35 186 1 142 122 68 131 99 56 38 223 267 122 45 264 113 146 1 234 173 134 169 182 205 36 108 158 218 221 42 170 261 27 136 178 13 221 180 214 205 149 26 235 187 92 130 82 72 58 182 221 240 156 70 237 96 208 217 216 128 47 100 90 248 71 97 47 16 16 261 127 106 65 205 221 183 19 65 221 22 224 222 174 262 276 66 136 89 251 193 181 261 64 202 154 213 213 119 192 53 64 89 110 241 2 263 209 97 81 135 180 193 46 134 100 166 83 7 73 170 78 137 80 61 177 153 259 138 20 26 257 2 218 92 13 254 31 204 208 177 275 118 116 50 218 142 43 167 163 174 124 21 75 118 19 110 34 20 102 184 125 198 110 161 139 154 52 199 99 21 158 191 199 80 52 188 56 149 280 56 40 280 38 232 85 156 196 181 175 184 197 18 186 20 203 20 78 100 175 35 271 51 53 142 256 43 3 280 53 89 202 104 102 134 41 56 57 190 269 164 129 182 62 133 160 199 171 33 20 57 26 203 243 31 146 216 228 87 130 263 276 171 59 211 15 166 140 111 260 108 235 146 81 192 148 277 83 129 247 212 218 12
184 194 126 49 110 139 159 113 277 251 261 136 179 193 181 163 248 47 269 56 216 244 268 94 58 47 250 57 151 101 154 181 107 62 75 119 260 182 117 97 29 160 194 252 124 223 101 171 61 64 91 154 131 2 78 111 41 84 133 61 106 184 239 61 204 14 97 236 246 69 185 100 161 131 196 217 72 196 45 208 99 266 147 237 166 91 272 213 242 74 164 114 271 238 162 41 75 246 113 187 22 9 75 198 238 71 138 67 52 277 17 29 115 141 126 280 130 74 208 259 115 82 207 144 40 277 68 57 196 219 252 231 215 57 134 187 22 55 269 144 269 272 184 116 57 114 151 225 88 72 119 60 99 230 120 41 43 123 232 260 73 38 32 239 31 200 176 52 59 204 273 186 144 271 108 85 81 76 191 45 33 20 52 179 239 46 141 137 88 3 46 180 41 219 186 218 194 160 168 75 33 204 52 186 260 87 9 205 244 25 272 221 208 246 3 249 87 205 182 275 92 91 274 135 127 99 23 174 258 136 74 235 252 50 175 218 237 104 177 130 264 231 201 53 165 168 94 99 101 280 58 223 131 277 139 261 239 221 274 120 260 107 36 56 229 111 131 122 56 278 237 71 74 43 50 90 183 170 23 170
187 260 277 61 106 80 257 171 147 16 73 67 195 250 258 132 175 162 113 57 74 156 242 174 141 184 214 253 89 121 191 158 263 266 25 227 274 110 215 193 109 29 120 167 131 30 76 165 21 97 32 2 253 106 55 173 14 155 89 226 131 115 153 240 44 154 164 43 23 123 180 105 235 204 220 140 188 115 81 217 126 60 178 76 31 141 217 25 133 227 210 232 177 157 233 152 195 226 187 186 240 235 235 278 220 96 7 270 122 105 138 278 185 185 40 170 121 180 251 238 35 55 241 129 159 37 20 9 224 120 231 42 168 224 132 185 226 126 129 126 6 120 247 216 5 64 156 177 28 171 33 191 207 6 176 250 126 224 142 42 180 20 89 225 160 114 229 170 275 176 127 80 27 105 4 79 133 76 85 114 19 121 72 206 264 69 82 273 61 93 210 142 65 50 144 220 254 122 124 180 109 236 15 228 262 121 184 280 128 155 120 23 144 250 191 74 174 223 200 208 174 255 209 156 140 254 197 32 48 102 131 46 137 4 230 150 62 175 106 83 92 61 100 249 101 109 180 29 70 122 4 124 262 28 22 280 143 74 144 18 228 8 249 213 25 239 42 172 210 178 111 256 278 275 199 192 141 14 264 186
25 67 61 131 64 169 84 144 182 83 209 128 143 67 159 9 260 46 1 270 137 104 5 68 204 91 82 275 206 272 272 102 222 63 266 273 78 186 104 92 216 151 264 272 218 114 54 259 224 130 20 53 280 272 47 137 36 169 86 17 8 277 134 60 201 55 207 209 224 5 127 181 180 228 184 94 72 265 113 211 71 99 14 137 3 94 199 20 14 26 95 171 181 185 262 120 66 14 79 182 29 162 105 176 179 162 155 254 237 15 235 111 279 239 75 189 68 152 211 228 258 102 30 234 12 159 38 69 141 115 129 151 164 112 274 42 185 247 170 240 59 17 174 171 32 243 189 40 210 6 214 119 88 250 59 198 185 127 68 274 84 133 27 170 146 121 259 214 113 51 61 86 40 168 269 257 257 65 9 115 97 155 252 210 28 145 280 74 231 70 96 153 206 253 51 70 55 144 119 168 199 135 41 187 138 130 72 93 150 267 249 185 37 145 21 90 186 87 213 108 98 66 57 222 19 236 275 96 103 164 135 239 236 208 86 161 48 83 186 255 19 144 7 58 155 104 225 167 38 90 18 81 232 223 158 44 72 166 236 27 184 180 239 268 266 13 70 27 182 196 188 181 175 148 73 152 78 187 198 17
127 181 263 107 231 10 209 119 136 71 176 188 278 153 244 168 103 254 270 186 199 37 277 242 266 121 63 141 225 236 162 206 71 277 101 223 258 20 52 78 187 258 122 177 249 100 157 35 272 236 7 247 181 1 94 193 181 114 191 47 96 131 15 136 227 79 49 230 279 65 250 105 61 64 228 203 263 43 59 82 237 2 268 192 233 203 192 230 107 232 148 93 76 191 276 233 138 4 269 224 219 182 149 53 279 238 46 56 130 135 68 31 137 251 156 108 197 240 252 181 110 75 75 179 63 23 124 170 226 258 24 91 37 163 248 248 273 246 40 53 256 187 136 221 145 209 267 51 230 228 26 49 162 135 59 241 81 253 60 170 166 181 250 262 249 216 100 225 27 192 213 253 76 137 117 219 116 232 144 133 27 274 122 173 75 81 114 280 253 196 204 152 143 19 249 18 83 157 29 136 94 129 269 92 46 51 156 136 277 196 140 235 234 85 264 108 41 276 35 279 153 155 193 233 142 154 84 106 229 12 272 257 22 144 111 171 186 2 44 75 245 229 60 238 251 161 267 269 163 208 113 176 245 115 80 93 121 28 245 69 33 217 55 258 177 216 121 192 233 37 214 54 206 152 67 237 87 243 63 68
169 245 19 142 118 207 57 170 280 41 18 33 212 144 273 132 17 114 140 238 250 71 226 20 247 218 7 130 88 66 238 16 209 154 27 155 265 83 275 119 172 222 172 72 34 81 237 156 85 13 154 54 261 133 211 50 23 273 247 58 238 18 161 96 85 199 115 170 88 259 277 66 213 157 117 234 19 252 35 136 170 225 208 219 241 173 205 246 79 180 255 210 249 116 13 116 123 194 231 196 204 127 22 272 152 2 266 243 99 272 271 5 122 81 58 121 231 186 18 228 23 240 97 150 259 272 54 108 146 76 122 192 155 148 6 122 198 237 22 56 88 196 176 78 22 181 192 111 220 32 113 197 20 219 73 14 207 159 257 131 154 264 4 142 63 147 124 66 86 33 270 6 187 244 12 161 25 87 46 4 201 123 171 235 62 216 240 270 53 27 206 265 239 147 19 7 209 77 112 32 122 275 132 213 36 62 34 50 264 205 105 92 183 199 80 100 63 154 125 91 89 178 134 31 273 222 64 174 248 21 12 108 210 94 144 43 242 30 222 263 210 81 200 183 69 273 197 226 75 75 149 106 204 113 25 236 29 18 275 162 280 120 121 180 186 4 255 175 10 145 19 249 144 175 82 158 177 173 159 248
72 120 253 60 152 214 191 61 181 230 8 14 235 137 266 159 40 266 112 144 272 191 219 47 42 87 100 162 252 156 73 219 42 71 96 169 71 176 34 155 43 210 248 115 42 205 136 261 275 193 82 199 143 264 176 79 44 95 18 19 146 124 190 191 87 194 230 95 18 199 28 230 32 240 245 236 207 75 137 156 245 255 84 86 182 63 249 192 224 71 32 148 231 277 233 264 203 130 44 176 239 151 271 147 147 74 118 176 11 162 192 14 101 9 53 107 15 220 28 40 158 262 5 184 212 147 234 254 164 164 19 229 195 16 121 236 211 163 96 254 45 56 92 49 157 114 42 2 8 91 55 33 236 239 9 248 39 208 12 61 5 18 87 14 128 78 56 104 42 112 77 46 273 75 12 22 51 36 250 74 86 260 72 73 182 218 29 65 150 263 244 232 77 247 138 267 152 58 73 9 237 40 10 160 269 220 277 127 219 147 57 165 194 221 269 111 122 259 232 181 12 175 250 223 52 191 48 49 187 263 242 27 120 187 36 90 177 198 181 46 146 174 132 24 249 26 260 56 133 121 111 74 122 265 146 260 92 182 265 149 116 134 190 180 118 92 82 102 164 196 81 58 72 83 160 58 155 107 115 24
73 250 61 230 265 7 202 222 224 41 49 150 89 146 235 3 224 231 245 163 273 90 139 167 233 48 231 19 222 141 33 207 15 249 76 27 180 61 48 49 204 27 133 74 149 196 144 56 246 18 233 230 59 89 175 228 278 246 22 219 67 82 72 102 186 91 96 209 172 221 63 111 227 169 187 197 209 121 159 155 124 227 139 44 186 225 51 82 211 178 58 3 199 141 41 39 79 40 274 271 181 113 202 34 57 31 108 73 196 221 225 1 58 137 77 237 180 27 81 71 180 194 8 62 250 232 125 205 159 111 109 192 254 192 262 254 115 146 246 78 53 266 277 194 9 96 132 178 21 102 224 74 160 62 263 36 135 70 174 171 18 45 1 26 14 54 44 145 211 167 236 144 57 191 39 267 20 263 252 260 149 25 280 150 87 236 114 60 77 112 102 248 126 250 160 145 182 81 70 248 13 96 216 127 166 186 15 126 207 191 117 196 136 143 12 108 278 277 116 226 192 38 189 33 140 181 117 30 27 56 1 237 235 126 154 103 247 46 236 207 116 140 203 204 191 13 241 194 154 97 24 59 124 10 237 130 6 96 9 23 262 4 36 171 45 59 196 242 170 46 70 266 232 202 46 152 61 95 44 94
185 102 195 127 90 22 251 104 91 46 238 8 5 82 166 156 176 11 71 79 69 261 139 76 50 78 276 87 95 266 224 10 97 188 57 99 178 232 28 275 211 38 194 110 238 186 64 228 134 69 57 173 51 146 10 29 89 173 56 105 265 170 114 222 231 78 130 235 35 45 26 169 141 15 61 102 231 78 226 216 169 111 184 254 273 1 200 259 177 106 256 219 26 238 196 52 240 208 185 17 253 51 226 62 85 24 184 83 39 176 95 95 88 81 157 46 261 229 97 265 162 47 110 12 168 52 164 133 240 144 131 139 22 32 88 119 56 256 104 150 174 67 25 11 40 54 228 271 84 110 230 36 78 38 45 20 256 174 148 83 81 197 273 261 143 198 12 262 26 7 76 143 118 237 247 173 72 143 142 86 169 224 78 168 99 199 183 79 41 260 1 220 40 255 274 133 144 180 192 232 202 54 8 52 112 155 121 111 29 93 259 45 134 222 252 191 273 270 152 146 254 113 211 105 209 213 153 259 149 176 214 56 18 276 277 203 167 14 112 88 146 109 60 132 189 115 88 105 68 191 59 244 79 76 189 21 156 151 73 216 194 272 171 173 63 259 12 22 235 227 150 213 246 29 222 194 39 220 272 242
242 218 162 77 179 218 35 270 66 58 208 176 203 154 97 118 147 225 199 31 153 176 237 276 237 136 94 266 8 39 117 213 217 96 268 4 174 141 121 207 71 24 246 56 231 180 161 23 173 69 113 92 233 54 113 165 248 201 144 169 185 201 246 206 130 243 209 52 114 41 5 172 26 40 192 58 139 114 54 244 140 36 178 65 21 74 96 1 14 175 4 91 24 260 158 9 123 269 52 242 252 99 32 259 126 214 87 274 156 16 159 168 147 251 238 1 110 217 197 272 197 121 152 30 158 9 129 231 41 233 107 276 6 129 169 86 14 140 233 56 159 195 130 32 207 175 3 219 5 200 246 91 224 114 126 205 106 29 122 138 139 146 244 51 97 103 72 7 125 52 226 28 206 2 163 64 22 50 89 111 79 50 250 249 66 260 188 101 36 106 180 108 106 101 228 255 98 111 242 42 127 99 268 181 32 42 218 206 119 158 187 218 137 50 112 78 145 90 55 186 167 169 103 130 237 188 57 198 190 81 163 132 180 39 37 243 92 215 132 248 75 51 70 257 124 272 20 271 66 272 151 262 63 149 43 163 200 264 34 225 114 45 145 142 265 31 81 143 138 224 227 213 45 28 199 123 59 178 127 41
185 108 139 263 161 91 4 137 91 96 82 80 11 266 87 193 82 227 99 173 221 19 89 232 145 145 79 10 108 154 7 96 10 163 6 43 117 246 175 36 90 112 72 113 158 108 105 33 247 67 97 168 230 214 12 176 70 205 183 83 153 117 3 29 220 73 67 270 168 186 200 1 87 178 270 225 75 204 79 204 188 170 92 218 217 180 36 252 255 78 157 276 225 80 81 150 124 119 200 162 185 103 259 127 152 36 36 130 77 103 276 184 94 27 175 111 278 72 6 25 49 142 228 30 263 257 201 112 143 12 180 272 81 127 240 38 279 111 62 110 81 222 54 73 87 127 202 75 18 217 78 94 91 243 29 274 171 44 101 60 67 86 77 147 169 188 132 249 116 158 88 201 52 216 32 5 112 240 4 184 114 101 258 62 89 245 43 268 199 149 64 141 219 275 50 249 76 29 8 219 64 249 208 272 155 121 1 8 200 48 43 55 210 38 208 2 119 229 186 213 129 205 14 73 110 145 203 232 181 104 41 83 28 4 84 34 245 142 215 196 110 152 131 135 279 1 56 69 234 148 60 184 261 211 90 42 166 211 33 186 70 216 144 151 44 52 30 121 103 243 231 13 181 145 135 233 41 267 42 192
280 130 70 154 113 199 198 217 54 239 100 184 54 86 28 136 248 268 52 19 226 28 206 139 220 221 251 125 52 10 259 117 149 110 30 144 31 106 24 78 94 137 8 56 238 201 125 223 106 131 186 12 274 76 180 153 159 96 63 24 153 84 204 7 205 194 144 75 195 151 74 123 89 271 178 52 266 14 227 15 175 214 164 138 196 187 135 265 241 120 167 215 144 13 180 67 124 110 110 174 156 52 247 155 256 237 194 136 119 9 23 67 256 269 186 242 228 21 103 69 14 109 108 50 132 104 233 194 175 73 158 252 177 138 33 80 65 155 229 186 143 212 245 105 237 92 209 120 147 126 76 73 76 197 222 45 80 238 136 131 204 197 7 193 93 105 213 249 258 203 47 10 245 87 278 77 223 160 218 268 22 68 231 80 18 185 113 55 107 17 162 39 113 137 227 207 10 226 123 237 142 219 228 24 195 248 272 144 219 260 54 186 45 155 53 32 164 67 64 273 236 193 111 102 265 221 227 188 210 176 72 84 253 260 214 239 2 154 27 248 237 273 199 173 126 173 255 276 207 75 190 180 186 91 81 33 84 5 91 152 208 273 109 85 196 275 164 145 231 173 266 120 88 186 5 117 42 214 120 124
78 85 174 221 102 1 88 70 255 130 37 254 146 250 96 79 194 91 6 51 51 187 28 97 83 163 220 230 269 237 251 74 195 29 126 259 161 182 56 188 41 79 157 165 208 159 118 38 192 26 235 244 213 244 108 244 8 47 40 116 9 18 90 50 54 95 161 260 197 225 135 231 162 193 80 260 3 264 32 217 47 50 221 110 214 82 47 204 18 253 158 98 47 198 223 261 260 153 217 105 263 75 161 212 226 161 57 24 148 97 222 95 85 158 44 72 141 266 248 124 176 7 121 168 231 12 227 89 206 131 164 71 225 233 135 71 41 26 205 178 96 206 277 33 110 56 121 182 68 211 55 239 100 9 59 99 114 152 263 160 193 150 198 136 99 74 168 169 232 199 219 265 105 22 223 41 196 199 44 168 200 97 186 129 173 214 161 173 81 64 263 224 53 271 17 76 37 147 45 97 262 230 190 186 63 43 223 132 56 56 248 110 12 185 110 222 241 33 218 272 243 26 13 224 80 277 97 79 130 124 48 118 40 15 24 115 88 166 184 224 2 88 108 95 197 138 193 101 87 20 193 222 171 71 161 189 232 130 214 259 219 265 166 266 212 146 122 125 154 178 214 9 110 218 31 195 117 55 75 70
279 104 110 116 32 79 205 148 173 134 11 233 152 277 223 71 57 93 55 251 219 15 33 33 183 226 161 87 97 140 244 149 181 148 224 273 266 87 45 245 261 177 216 169 121 17 32 200 267 220 84 228 90 219 191 197 128 180 99 197 144 14 248 53 214 32 262 113 159 35 30 33 17 250 158 33 58 41 5 17 207 117 143 130 176 127 53 78 195 218 262 23 254 106 165 36 252 72 273 151 193 2 105 187 70 23 141 158 94 71 279 54 76 204 194 30 225 129 193 33 241 158 130 72 154 98 85 279 85 246 64 152 161 253 92 35 105 20 251 83 15 244 234 28 199 25 95 58 218 21 93 272 134 114 188 179 249 223 45 215 197 192 174 157 159 48 79 242 258 111 109 226 161 263 141 226 50 68 278 251 67 85 96 118 91 16 52 145 280 51 230 88 38 133 106 252 196 87 63 251 154 165 90 260 276 207 236 17 96 194 108 80 12 245 131 22 30 76 267 138 201 186 111 260 47 77 84 272 105 238 228 41 3 211 128 161 153 204 29 98 120 230 8 214 48 38 261 102 62 241 251 63 58 253 256 58 248 229 277 271 18 207 202 120 259 128 216 83 227 137 122 262 132 61 32 210 28 120 102 223
250 160 6 273 271 234 206 168 130 72 34 70 248 156 116 97 71 146 268 162 231 257 177 174 152 218 43 87 211 158 92 271 104 59 244 130 34 108 106 166 152 45 135 162 107 33 12 207 199 143 129 167 224 52 204 258 58 178 34 77 239 260 264 165 86 262 223 23 122 73 240 207 136 195 50 67 83 146 137 72 34 246 127 180 109 163 261 242 56 107 121 212 100 202 72 192 67 53 212 280 140 8 139 78 27 177 118 43 152 12 245 25 167 117 272 76 276 33 270 148 194 271 243 38 121 212 122 274 213 208 276 191 183 269 148 121 217 97 14 63 216 64 171 260 128 254 179 255 145 146 234 207 67 266 97 148 150 153 83 92 245 89 275 141 48 138 246 230 17 211 265 52 228 115 111 64 48 24 138 139 14 158 237 171 266 31 211 260 171 273 77 189 258 21 252 149 162 205 142 255 164 20 241 105 182 145 205 210 97 40 115 257 116 181 28 166 251 153 157 201 86 270 194 167 201 211 27 3 200 223 71 154 117 35 32 44 168 60 127 164 65 104 213 262 193 145 104 48 266 90 277 95 256 80 79 126 118 209 185 56 170 131 164 160 227 237 179 65 6 98 150 279 167 169 24 279 220 268 195 112
234 52 209 197 170 233 2 195 24 123 90 214 45 80 75 210 6 253 21 273 264 260 104 111 65 174 127 57 135 37 28 207 146 258 66 125 234 140 94 137 156 153 261 147 248 39 90 134 60 129 187 202 26 102 248 271 48 180 122 140 196 99 200 220 217 216 62 34 100 111 10 15 226 235 220 201 1 209 255 195 152 204 176 180 43 137 24 113 88 235 190 207 217 14 258 238 52 17 59 66 261 103 60 240 239 143 205 184 53 51 208 237 280 152 64 202 15 250 28 6 159 7 66 71 248 146 242 59 245 196 16 172 67 195 184 19 226 60 175 69 184 104 21 25 50 114 49 254 75 139 253 212 104 121 132 268 168 182 39 101 21 80 180 15 51 158 36 17 243 188 78 25 97 83 173 87 222 266 119 171 155 200 65 201 41 181 82 177 280 99 117 171 186 239 232 58 260 46 44 252 66 188 120 91 62 270 182 83 100 100 247 10 90 174 8 108 235 238 87 58 163 190 147 180 57 136 269 67 94 225 39 177 111 103 214 185 105 74 91 186 148 224 165 16 32 206 246 17 33 146 22 7 139 139 71 99 91 103 29 182 248 138 14 116 229 76 241 190 184 246 7 32 177 138 11 38 218 158 38 130
250 230 246 193 250 23 144 126 240 124 28 247 141 256 178 164 92 52 71 269 56 204 108 133 207 125 209 239 78 64 175 188 37 40 33 269 158 100 87 90 18 86 74 268 239 258 96 242 219 104 205 180 160 6 19 48 265 134 211 234 252 152 129 247 38 169 111 87 47 78 43 135 214 147 263 247 11 83 175 123 164 2 98 225 43 26 184 142 9 92 129 166 263 41 125 259 92 85 61 22 41 85 257 265 259 63 197 13 254 239 55 182 194 34 28 30 10 236 24 113 224 26 125 45 221 152 191 144 209 120 220 135 57 136 159 257 32 79 233 276 124 61 22 220 181 1 88 72 84 271 270 260 119 134 268 148 167 190 173 63 135 94 203 47 279 243 54 61 239 232 266 274 12 57 174 8 81 184 179 154 68 55 181 225 185 64 62 56 105 262 256 242 117 192 251 29 268 241 214 5 105 23 38 280 15 86 73 137 147 238 69 231 122 88 46 247 122 207 205 203 180 86 84 254 8 65 241 277 102 147 193 13 12 212 189 102 166 195 231 3 232 245 149 2 157 137 12 34 123 155 268 140 218 118 114 73 248 204 89 269 49 134 112 18 76 3 42 181 176 134 78 174 192 223 84 162 163 210 25 60
34 50 112 201 131 252 83 149 157 55 196 42 26 108 46 36 20 238 205 38 5 180 279 172 254 252 181 124 33 56 3 103 16 12 201 148 134 248 173 121 140 112 158 148 30 49 153 22 6 46 141 47 264 38 118 182 235 127 28 85 208 18 30 53 99 86 67 158 218 127 120 24 203 132 125 50 33 255 255 248 232 272 107 232 170 241 245 150 154 61 70 112 121 145 64 148 65 19 39 150 28 108 129 131 36 11 245 70 196 183 169 86 76 269 87 63 224 102 243 49 213 259 273 276 72 254 76 126 68 199 106 18 271 208 78 65 84 85 88 58 91 206 245 204 62 189 228 65 245 51 205 239 178 8 192 140 108 71 203 169 116 258 135 75 226 169 34 165 76 191 14 60 267 36 148 137 15 212 1 147 190 203 8 91 139 261 71 267 44 201 154 193 68 216 37 30 89 45 129 137 42 121 180 127 169 67 16 29 229 144 198 218 237 272 169 238 49 203 183 202 250 117 20 107 22 37 246 85 149 261 84 204 136 10 64 85 220 52 81 222 240 187 61 219 118 258 128 278 7 203 240 22 215 33 195 261 229 203 57 83 245 178 32 105 230 6 198 245 209 279 93 161 28 146 54 57 151 209 125 199
55 110 106 166 207 189 196 128 50 88 224 170 29 241 122 182 238 76 216 192 251 127 159 253 235 160 217 150 143 144 279 43 248 39 232 193 214 100 90 71 160 52 197 88 218 270 148 140 1 157 97 167 125 158 44 88 223 151 55 273 219 233 197 161 153 96 185 27 45 167 99 280 34 73 147 213 215 218 95 153 53 189 54 77 93 270 85 104 203 168 122 36 208 155 77 41 24 80 123 75 132 159 97 6 86 129 51 235 195 220 61 213 59 126 137 202 129 167 249 105 278 207 120 207 29 36 5 169 245 253 214 213 28 171 15 82 186 140 61 159 120 28 3 221 7 125 245 182 99 115 272 29 161 236 262 266 75 144 189 170 248 103 102 28 73 120 199 200 203 23 223 217 209 99 12 7 253 72 256 123 190 277 58 254 98 158 84 18 193 59 10 79 70 257 172 80 102 252 212 83 189 12 190 37 54 239 248 279 69 193 259 64 177 200 93 128 145 201 237 141 25 151 4 148 14 196 242 202 47 55 34 59 47 264 226 278 107 269 137 47 82 78 49 192 241 202 247 67 96 56 143 181 211 71 45 38 35 64 41 183 120 256 11 90 22 181 57 22 94 279 184 222 60 257 173 164 41 95 159 103
148 34 224 207 25 150 96 154 93 159 144 22 260 118 275 35 178 182 266 164 199 237 179 39 120 181 36 149 174 80 33 239 134 83 238 101 119 280 1 46 41 38 192 143 74 162 252 91 174 77 146 121 8 24 93 174 115 35 1 103 111 138 165 136 90 211 149 123 209 136 60 18 142 25 95 261 45 127 188 114 103 218 41 112 208 270 271 63 230 258 183 115 187 248 155 231 110 59 225 108 14 158 37 35 276 225 181 210 151 71 106 166 274 223 278 236 189 154 40 186 80 212 177 167 110 247 112 91 155 216 142 9 200 29 74 81 212 245 39 177 277 33 168 252 27 147 131 91 10 50 264 80 87 145 36 240 4 218 96 174 115 83 1 210 66 141 56 8 13 252 39 63 31 137 17 13 252 276 221 190 261 138 266 77 28 127 57 232 54 276 1 108 135 198 29 160 277 229 1 181 200 174 262 276 188 204 99 71 7 270 145 95 265 78 236 145 186 100 233 214 209 244 63 207 216 163 243 172 151 249 98 117 191 252 229 208 188 240 187 169 238 31 82 150 164 172 109 43 261 236 262 27 7 48 184 216 273 245 108 198 152 268 239 19 55 243 47 259 68 73 45 206 76 60 134 107 168 245 28 135
5 103 203 75 247 11 105 93 239 125 180 196 266 145 182 237 257 204 226 109 61 140 209 205 77 33 82 257 271 16 252 204 84 18 107 37 272 66 92 164 166 104 199 222 140 91 8 155 133 162 269 277 110 119 191 238 10 211 229 191 97 52 236 187 35 83 148 107 234 102 43 60 210 134 103 196 229 101 215 250 235 85 197 113 15 95 111 96 153 121 93 255 234 242 265 214 163 130 175 20 248 153 138 31 7 44 109 105 119 121 166 92 280 200 21 164 7 131 168 167 57 5 218 23 123 103 176 230 141 203 165 191 208 48 91 28 14 180 98 34 265 211 215 161 123 184 187 252 123 197 268 55 10 130 142 204 238 222 205 184 18 71 53 218 266 129 134 278 52 149 184 261 135 178 170 227 24 37 1 30 210 70 19 192 274 210 142 108 58 187 197 9 225 221 135 209 209 57 215 278 4 38 89 116 63 170 23 6 112 268 71 265 263 225 41 194 137 103 265 83 70 240 170 190 266 144 254 146 241 68 213 223 197 95 193 254 113 164 222 220 53 260 114 53 221 15 60 213 248 156 254 192 67 273 22 175 42 194 60 122 110 175 191 11 193 136 90 52 105 71 249 91 84 98 130 40 88 70 137 249
103 244 253 8 181 126 189 216 33 214 260 217 107 235 55 124 48 39 274 126 232 174 35 221 280 135 27 64 96 274 110 208 214 155 201 46 259 228 153 145 102 164 124 244 214 82 239 119 27 43 65 58 237 140 78 87 267 154 170 128 153 170 167 228 93 263 199 76 77 27 147 260 173 91 235 16 190 50 103 180 123 28 89 238 64 223 98 58 31 12 208 137 129 195 168 280 269 91 78 174 74 41 83 30 19 117 180 165 170 137 101 257 172 230 43 256 53 233 263 112 217 173 31 49 112 253 97 36 79 57 245 27 170 248 164 269 118 52 46 85 86 49 95 49 164 204 19 26 43 147 198 266 278 166 171 145 183 279 99 67 143 112 188 4 7 269 175 1 139 215 6 6 19 51 133 117 277 193 107 268 80 210 155 160 93 213 33 133 56 125 136 115 270 198 268 3 231 218 187 157 155 71 136 26 161 174 138 124 267 143 176 73 53 31 138 234 170 214 203 90 55 119 231 48 78 118 127 56 119 248 269 236 29 230 165 34 53 116 245 192 26 280 273 96 174 95 91 142 56 190 248 271 179 219 4 140 252 195 79 77 76 140 13 29 112 181 21 123 115 37 54 183 15 262 5 117 183 237 133 157
217 270 101 238 30 45 142 2 190 149 225 248 165 260 213 171 207 26 64 137 133 163 227 60 157 96 91 208 154 149 207 233 40 74 113 73 161 194 54 41 49 25 226 163 229 139 100 166 17 75 250 118 164 149 62 258 196 136 68 276 187 213 19 230 13 55 161 148 180 86 50 51 216 215 204 166 1 174 196 46 62 158 268 126 219 210 188 235 210 244 121 199 152 187 95 146 111 222 152 85 113 14 108 74 158 12 211 73 18 110 263 279 12 232 7 12 148 154 188 86 60 65 159 14 206 256 204 43 195 58 222 127 139 217 28 116 232 27 213 62 254 143 57 228 6 198 159 219 122 98 139 139 83 250 255 3 84 160 92 68 181 231 107 85 4 264 15 213 14 1 184 119 216 67 184 107 4 5 68 193 157 234 220 11 86 190 89 269 70 219 253 213 191 201 88 241 237 38 75 111 270 9 20 188 170 47 177 39 59 17 73 11 36 49 99 40 36 265 57 27 253 49 64 95 199 91 122 74 4 199 233 188 144 115 63 138 245 214 43 232 12 218 31 23 79 214 201 30 172 194 250 192 106 277 34 67 29 8 255 115 128 250 201 61 275 199 223 220 248 249 141 50 121 106 218 94 205 10 206 247
138 153 275 73 54 193 207 16 238 80 8 189 54 4 30 41 277 227 167 116 103 233 179 278 72 210 204 100 28 226 7 268 200 144 183 254 11 276 232 261 94 224 98 39 18 155 22 219 211 91 41 36 214 54 275 237 24 244 100 271 150 20 268 180 194 275 250 148 188 240 167 28 127 163 97 204 239 203 73 5 15 146 67 16 224 221 226 220 233 150 107 153 257 268 180 4 181 33 60 8 2 59 108 94 88 34 111 1 144 16 13 15 71 74 62 172 114 280 154 98 275 113 52 251 242 279 154 101 228 38 77 221 78 99 188 60 60 241 35 68 261 259 128 242 204 255 10 264 10 116 155 63 88 177 184 20 43 97 239 159 56 276 245 87 225 240 245 158 157 48 66 133 31 206 96 65 204 181 251 207 275 120 44 188 187 169 88 58 46 121 231 6 25 144 165 106 183 238 219 7 229 130 37 256 216 13 131 230 230 47 22 241 30 259 39 149 192 274 191 188 169 199 88 10 250 165 163 128 26 228 259 33 276 155 6 97 139 7 265 59 141 241 200 64 232 234 249 65 76 84 76 189 85 128 63 246 206 46 49 38 213 208 251 204 159 139 175 110 255 208 47 95 103 248 69 146 3 70 237 27
47 156 194 182 110 29 34 72 247 31 127 129 61 72 219 19 198 217 259 246 19 11 241 28 36 28 205 211 236 43 222 184 136 229 105 73 1 154 42 218 126 254 278 27 272 244 177 228 202 54 240 7 259 15 199 83 242 41 198 10 252 217 27 146 37 218 149 92 65 16 25 160 175 202 232 76 51 48 38 10 73 226 128 187 36 7 253 130 34 17 197 259 169 42 22 198 5 38 58 135 238 234 255 135 27 58 87 255 253 22 205 103 217 176 194 80 236 81 214 48 103 30 257 223 271 189 3 118 205 143 182 239 249 188 115 210 166 255 210 7 165 164 200 35 117 109 109 123 61 76 247 48 156 15 20 4 117 268 184 167 128 115 238 272 263 218 177 246 152 219 267 146 147 267 207 190 278 279 164 219 56 1 218 25 116 199 275 256 241 207 162 146 167 80 97 23 14 172 172 216 129 58 176 104 33 246 100 120 204 104 276 198 113 217 146 278 213 64 42 181 130 50 63 265 83 186 280 154 245 166 38 234 232 47 106 18 226 102 103 225 66 80 270 33 170 88 59 139 55 171 95 156 96 153 93 104 209 213 49 271 65 61 2 157 5 276 192 275 105 246 162 238 186 90 113 177 112 204 65 257
265 63 269 158 189 8 3 174 128 277 129 229 87 52 127 136 20 94 47 189 33 164 72 236 63 265 79 44 132 55 116 4 123 236 101 183 141 29 81 49 99 178 51 166 232 95 131 221 259 47 155 244 162 178 61 22 239 183 129 95 119 269 53 5 224 143 46 28 271 235 143 214 220 209 18 251 11 231 95 176 27 122 51 276 65 59 206 29 95 246 36 172 178 80 186 155 50 152 143 251 208 67 161 65 15 219 270 210 19 121 234 47 98 73 52 34 275 204 48 160 163 32 177 251 99 208 74 222 254 127 211 31 210 274 205 267 104 51 256 131 54 258 253 30 162 253 101 110 153 201 61 7 274 187 178 148 209 29 246 267 263 232 80 229 226 12 29 200 130 215 142 7 78 244 222 241 212 276 155 71 101 5 180 55 17 49 39 125 77 3 193 100 172 248 97 126 107 259 141 39 208 30 276 47 190 257 203 221 272 157 43 211 119 148 186 60 229 13 51 79 167 115 215 103 216 72 183 188 265 7 232 75 162 168 39 98 140 59 175 275 34 253 195 249 278 75 223 22 73 74 5 125 102 150 258 137 175 214 72 120 238 9 216 97 110 198 72 173 43 189 261 209 238 222 107 211 41 14 47 73
256 6 167 128 60 158 48 64 231 74 170 265 166 244 101 163 71 108 92 243 68 109 274 14 107 56 278 140 24 113 104 221 185 57 245 25 271 158 207 62 107 96 44 214 108 54 279 33 202 253 178 242 115 248 196 239 24 216 134 193 235 261 34 35 217 249 83 38 237 83 117 41 35 125 36 46 212 59 278 162 62 38 77 129 229 68 113 95 68 171 59 25 122 17 142 48 246 54 44 57 198 227 186 20 95 62 263 111 178 107 59 216 184 38 276 48 76 259 217 215 68 194 206 146 192 128 52 179 237 54 157 194 39 37 126 220 86 106 133 39 276 95 79 190 255 79 180 247 62 210 71 70 6 258 269 131 25 130 238 194 45 120 58 16 126 34 240 106 2 255 157 211 104 280 9 266 172 256 177 212 249 102 48 207 163 167 8 176 85 105 178 213 147 193 4 105 126 241 165 235 224 265 118 224 98 223 3 220 70 68 232 188 228 64 145 105 91 149 199 236 14 266 52 222 142 8 252 188 192 56 134 44 185 263 134 34 114 57 80 180 63 218 62 110 157 4 252 34 97 167 82 207 201 35 189 109 18 63 10 121 199 17 56 174 5 100 113 103 254 30 146 16 39 266 191 278 172 193 246 238
81 222 139 185 178 165 129 66 63 243 118 250 17 91 11 279 225 221 265 271 64 78 124 182 188 267 96 179 149 259 3 71 248 33 72 222 72 136 81 276 187 252 233 254 118 210 58 58 259 191 146 237 205 132 27 157 198 92 177 153 256 54 199 219 15 73 77 122 53 208 42 172 5 232 119 217 169 200 75 214 221 230 214 13 272 58 261 153 274 15 253 264 217 243 116 218 137 60 77 69 194 57 155 157 6 46 74 190 118 246 57 175 89 252 234 76 99 241 208 100 225 156 173 89 105 35 131 136 93 153 79 117 269 68 159 153 182 195 74 177 119 62 21 70 13 19 200 164 26 195 136 106 205 278 128 246 174 118 15 249 96 120 21 114 79 46 148 235 95 84 83 193 227 161 177 113 165 171 46 28 279 84 228 31 84 215 48 38 199 81 280 165 203 115 119 135 31 97 241 270 81 51 214 36 230 144 149 33 106 154 164 44 7 247 265 73 153 251 25 32 235 266 208 52 151 100 82 178 245 99 176 11 213 104 199 210 14 221 9 12 229 10 18 257 31 24 104 118 40 69 214 150 259 210 247 189 232 67 208 174 140 238 165 102 7 199 118 270 32 134 217 226 175 60 227 47 62 27 43 168
181 223 191 88 271 61 240 222 11 85 258 174 239 184 220 38 240 118 108 196 183 143 121 158 87 191 22 52 212 11 240 173 52 156 269 23 48 176 180 266 264 155 156 276 136 112 164 121 18 266 119 140 200 56 79 97 11 49 152 85 234 131 80 109 266 46 24 198 140 230 45 228 15 110 86 78 94 166 132 204 163 240 96 177 117 29 150 211 79 172 199 241 272 115 247 266 105 96 163 87 57 44 31 159 16 151 34 60 86 74 219 132 110 212 17 259 229 272 279 120 215 175 200 169 66 97 57 272 172 94 114 144 57 267 60 138 142 155 23 279 68 279 88 122 10 112 57 139 146 141 138 81 233 21 40 89 157 175 111 34 50 10 270 139 128 124 220 222 242 272 212 263 125 232 105 153 154 94 132 259 173 176 214 56 34 163 60 19 268 19 45 169 212 68 101 34 129 8 273 71 21 181 36 128 120 239 131 40 230 72 247 232 29 225 205 125 38 16 131 167 43 65 266 61 119 35 202 193 71 243 204 154 110 236 132 120 152 83 43 174 262 48 233 190 207 148 216 214 171 57 169 280 44 161 168 183 145 138 62 271 207 73 224 178 32 48 237 242 195 59 8 83 261 236 36 76 167 222 140 153
134 192 213 147 119 105 214 275 4 256 257 213 83 262 248 181 100 216 133 238 68 126 37 270 91 188 22 55 69 256 272 73 233 263 77 124 216 65 81 33 260 57 277 128 196 184 136 200 79 160 273 207 178 107 121 174 180 131 245 107 247 49 24 10 87 10 205 95 101 66 118 204 89 137 90 251 135 104 275 219 20 85 103 29 196 273 241 274 107 90 24 226 22 110 202 181 264 154 117 50 197 23 276 92 106 25 90 239 40 129 78 267 80 52 51 41 181 150 195 114 95 239 28 19 39 249 52 263 196 18 199 45 124 71 2 143 109 262 99 98 224 140 247 164 130 108 221 3 273 113 171 50 258 110 112 191 280 47 91 62 228 215 127 40 101 209 224 14 184 5 80 243 119 98 192 215 274 170 31 129 191 225 160 149 224 120 109 108 201 17 140 81 272 71 100 268 88 140 279 16 148 24 196 183 241 110 176 113 135 77 66 257 119 111 176 201 249 166 181 161 13 60 129 123 252 105 118 141 106 263 45 38 240 253 185 256 270 195 15 168 277 83 265 89 75 131 252 160 133 220 188 11 269 42 213 32 260 249 200 195 74 57 106 190 202 25 145 193 186 58 73 58 138 142 183 11 27 169 88 81
118 133 187 235 257 64 75 155 177 14 70 202 106 71 3 147 36 89 245 183 163 247 104 110 76 246 152 123 14 168 28 149 10 192 214 10 46 176 90 68 105 120 224 154 52 162 152 13 149 108 258 177 40 102 186 278 246 255 186 77 61 94 157 9 253 173 270 253 49 236 169 263 184 50 191 22 35 61 125 277 180 52 95 251 114 246 110 57 173 196 43 74 277 38 219 97 13 276 151 251 269 173 44 134 253 103 207 226 168 257 227 194 61 217 254 39 54 147 3 170 184 171 265 280 54 258 239 228 70 248 33 41 26 3 171 280 88 277 42 61 89 176 117 55 277 110 70 199 22 169 239 9 279 279 13 250 83 227 241 53 241 247 76 3 70 261 150 70 202 83 252 46 156 119 131 251 267 32 191 92 162 265 195 163 120 229 186 185 246 114 12 206 204 185 178 15 148 12 82 148 241 121 6 53 26 96 227 261 260 13 243 118 144 252 193 73 76 36 276 132 193 37 24 64 225 70 100 261 136 213 191 131 160 231 179 171 270 247 82 74 36 1 154 78 171 271 162 137 168 206 75 93 26 142 239 245 178 233 113 42 63 72 5 58 76 110 83 204 155 269 82 245 159 69 130 80 213 148 270 276
27 99 110 187 105 167 170 62 187 25 99 110 58 173 236 3 207 112 272 145 236 220 44 32 225 4 243 245 52 195 194 86 59 133 91 236 256 255 149 187 37 168 110 164 215 111 114 183 234 182 152 44 166 39 107 142 59 28 127 82 142 85 133 140 88 35 87 190 136 30 232 34 167 186 208 116 140 274 180 54 246 273 26 199 241 12 74 268 138 258 267 9 62 266 238 1 86 185 46 78 178 142 178 185 183 74 1 229 47 35 98 181 54 264 143 44 193 250 114 152 97 176 58 6 17 148 87 109 61 78 14 119 17 212 124 68 128 232 105 172 221 84 181 195 111 218 58 152 10 86 97 6 231 42 101 240 273 240 272 149 223 126 106 263 57 24 233 164 124 30 169 256 269 118 225 236 108 279 210 54 277 46 267 90 120 261 147 129 100 223 171 89 132 233 100 38 55 232 68 253 21 218 197 174 184 184 157 218 128 258 163 74 273 191 90 29 263 145 16 214 132 83 117 30 58 261 188 144 92 163 17 154 35 67 278 57 85 64 89 3 192 273 239 265 41 35 8 207 217 223 64 110 14 99 224 73 277 82 58 109 44 15 263 13 124 250 131 271 16 28 3 134 194 68 14 45 75 28 220 98
165 42 86 275 132 222 195 240 69 77 133 115 242 41 213 229 260 101 87 70 200 101 243 87 268 279 270 216 90 217 154 121 261 163 53 244 164 77 43 231 157 71 88 68 148 86 153 108 178 135 12 49 139 274 44 150 280 265 173 224 156 259 42 250 230 72 260 18 159 168 212 259 164 35 279 186 230 142 94 26 150 62 213 278 65 37 145 266 128 116 181 3 210 159 46 139 6 169 189 90 276 121 34 47 280 64 43 188 159 193 157 280 153 230 164 96 29 107 262 217 132 220 172 147 174 23 88 236 227 37 62 245 100 200 182 17 227 106 8 85 272 92 71 22 270 270 228 7 36 113 112 118 206 237 82 209 247 87 11 241 83 134 53 15 126 163 116 8 173 64 57 43 154 205 7 107 143 164 130 39 169 66 178 131 10 177 77 116 171 20 262 215 111 58 151 90 42 48 154 47 130 162 268 16 63 251 148 105 38 244 226 252 237 10 41 193 155 212 100 99 215 171 135 218 20 204 162 28 62 96 156 163 242 123 279 205 1 3 86 173 127 76 246 280 47 164 153 224 161 25 225 35 181 129 171 206 231 92 165 53 211 228 258 94 218 23 191 239 76 236 153 113 209 98 170 104 231 172 4 39
209 52 11 185 235 22 25 185 47 150 262 131 136 25 42 210 274 73 154 179 152 68 125 258 195 233 155 259 161 279 111 196 75 37 8 120 124 15 266 259 43 243 213 140 170 84 185 30 77 174 99 214 72 165 181 95 174 13 27 158 78 252 85 138 3 263 144 156 6 196 242 185 147 260 133 135 209 72 172 106 222 8 197 11 198 149 68 155 163 85 113 268 277 4 19 247 202 103 143 84 113 193 65 262 151 38 23 205 232 69 202 141 211 102 89 73 271 216 130 278 226 236 161 37 274 143 277 158 99 257 9 204 126 80 146 224 254 105 32 149 183 130 185 176 99 80 1 53 74 129 228 40 100 273 126 251 15 28 251 141 238 39 12 180 152 204 263 161 123 77 142 39 27 253 183 160 22 87 157 222 246 258 172 239 255 88 163 91 27 235 252 9 231 276 14 196 117 233 152 32 66 172 67 17 137 202 112 150 8 261 90 113 262 45 254 105 235 141 122 204 279 45 261 99 269 137 225 84 37 133 264 43 115 272 24 192 112 15 216 130 27 153 260 197 251 169 232 67 118 141 95 151 69 266 156 109 6 209 266 87 211 235 23 189 63 91 258 280 73 236 265 101 199 216 104 17 223 262 65 206
42 95 256 171 242 45 33 41 220 158 271 148 26 59 249 206 209 185 144 73 78 263 52 130 265 107 158 162 26 12 184 29 92 269 194 56 79 265 155 229 72 88 125 259 9 268 69 71 180 170 56 210 267 40 128 115 132 40 37 14 223 264 201 159 102 212 253 204 128 230 224 42 23 186 27 148 181 9 57 27 29 26 165 119 259 214 155 50 5 253 262 213 2 72 212 140 227 233 242 183 179 251 140 59 229 246 22 261 263 259 226 239 208 13 128 208 231 242 265 169 83 117 115 38 131 211 220 194 274 187 201 164 42 179 228 218 183 269 271 201 99 222 215 220 108 60 201 62 13 118 41 101 4 163 80 214 227 267 82 104 104 83 41 84 81 85 196 8 225 74 190 162 263 80 193 254 57 162 223 38 109 51 133 249 113 137 219 56 121 131 55 257 257 260 162 210 257 276 175 86 1 124 21 275 55 240 125 198 177 62 104 116 66 148 198 245 153 279 119 51 87 164 46 96 170 221 226 163 172 2 274 29 226 135 168 206 46 133 248 81 82 79 166 176 117 248 146 245 58 200 30 146 55 176 175 60 146 231 146 14 45 218 272 158 39 222 265 109 106 10 78 159 71 237 13 86 212 199 42 135
79 248 266 222 247 270 60 26 196 74 128 60 94 59 280 89 94 233 31 220 108 159 133 211 168 174 36 93 124 164 71 33 133 105 211 56 130 198 158 90 152 193 243 263 268 121 115 106 147 163 240 211 47 181 168 156 175 191 119 261 112 25 176 197 142 110 183 88 145 136 84 125 137 100 65 16 114 165 200 32 129 126 72 40 70 10 172 168 74 69 162 102 94 74 134 126 210 130 266 89 276 116 47 7 24 148 42 48 76 265 63 120 64 268 31 264 138 146 98 118 95 259 226 239 159 184 168 227 278 182 54 128 173 222 239 231 196 2 184 135 69 260 21 276 146 217 41 193 134 279 144 245 168 270 204 129 55 29 89 250 249 124 80 234 247 250 168 226 226 207 89 136 35 192 108 231 71 35 148 101 232 158 84 31 85 43 262 107 202 199 140 166 122 59 267 126 230 214 46 228 212 120 28 76 106 45 240 215 153 248 124 109 41 122 140 125 120 15 130 197 259 247 165 130 254 222 97 227 161 132 148 90 58 128 213 200 199 50 273 58 168 232 140 182 65 98 223 167 176 143 27 250 183 150 271 107 84 92 169 194 260 55 147 244 209 98 109 209 92 69 62 55 129 157 37 108 184 115 148 248
192 200 261 88 211 200 178 132 127 143 263 158 72 84 214 127 136 160 172 156 175 125 125 58 31 221 245 45 76 236 206 163 169 182 219 112 164 161 75 17 92 72 194 66 165 14 221 111 8 144 144 158 8 177 51 196 24 187 36 109 91 149 28 26 267 155 6 110 160 126 264 236 144 50 107 91 216 188 221 227 39 61 264 105 235 218 80 89 56 191 103 43 37 172 238 274 199 232 154 108 195 41 155 57 27 12 36 209 215 99 91 135 19 130 259 65 179 110 47 45 97 30 143 232 25 169 90 92 142 226 70 33 105 22 223 86 61 230 264 251 249 234 69 112 43 9 159 213 35 19 33 99 249 178 18 141 268 81 221 107 261 92 165 156 53 275 104 46 72 183 75 108 252 187 205 79 141 203 111 203 30 57 235 19 106 205 80 82 176 7 167 183 46 174 264 14 55 105 93 42 93 207 96 48 194 98 23 251 238 5 53 63 178 120 235 184 52 124 106 195 163 91 70 195 204 74 217 78 263 116 219 244 252 53 45 140 17 248 201 118 40 194 241 97 130 95 20 47 15 112 130 86 85 184 79 197 257 195 154 221 250 224 26 167 158 203 176 36 249 50 1 63 58 95 169 225 148 65 212 268
189 143 132 110 13 213 253 265 116 257 280 252 26 194 42 140 219 154 201 180 11 246 149 239 23 170 243 269 59 192 275 49 194 21 141 36 65 130 138 256 7 161 130 257 127 37 265 133 70 41 280 25 95 69 161 144 191 178 66 55 103 159 243 181 224 10 85 127 142 111 84 97 86 180 20 195 245 151 7 190 66 218 99 260 45 174 241 102 103 204 246 126 165 34 260 195 111 44 156 224 279 13 268 142 269 240 8 104 191 181 59 190 248 201 119 102 90 271 247 240 126 190 31 247 140 276 158 168 113 69 151 173 211 262 176 6 212 113 59 156 265 106 127 252 245 175 88 172 207 32 201 163 58 103 238 121 279 202 187 38 150 63 96 271 161 202 132 239 20 168 77 2 23 226 30 74 87 69 251 130 7 103 246 85 14 85 122 182 59 241 122 234 58 218 70 223 224 251 91 179 130 67 157 272 131 235 192 109 199 143 34 8 1 48 188 86 17 156 83 21 278 66 243 109 51 192 278 147 56 191 140 162 19 220 183 47 108 226 212 78 173 42 49 6 7 102 50 58 271 109 272 113 74 73 148 207 111 236 205 165 75 9 254 193 198 155 174 221 178 203 253 60 221 158 172 209 54 280 185 40
182 93 211 267 27 267 156 104 102 31 117 50 126 275 176 184 88 33 272 44 211 216 109 73 59 112 159 60 58 92 67 134 186 15 156 192 202 36 147 192 53 161 14 56 39 195 129 105 280 279 264 111 67 271 206 41 122 230 275 11 147 129 86 23 237 118 14 122 76 69 165 208 89 265 222 151 276 140 54 217 18 132 131 211 75 183 133 137 130 57 275 13 63 60 53 270 184 252 60 166 128 190 165 124 54 27 227 138 174 32 57 217 24 62 233 187 100 99 266 23 151 107 7 227 204 152 264 18 127 82 111 136 68 127 203 176 176 266 103 234 15 8 64 88 73 106 58 35 47 3 151 134 250 244 273 53 117 55 129 277 30 219 264 128 251 15 45 135 91 142 221 264 234 188 280 115 182 266 203 98 50 99 71 124 120 10 223 211 183 165 46 237 250 63 188 40 271 114 110 280 232 70 266 16 279 256 149 185 129 58 26 112 56 104 107 271 30 19 77 8 48 81 167 280 130 53 158 259 204 6 147 53 210 118 93 143 235 145 155 40 29 201 20 56 125 69 29 198 74 192 217 137 90 82 232 115 215 33 214 153 36 228 260 140 101 257 128 145 142 20 199 268 124 146 35 144 247 183 189 205
224 107 243 91 137 180 37 43 226 105 7 277 188 235 162 221 135 34 246 269 151 240 11 9 74 248 171 16 129 152 212 151 145 177 69 42 247 6 176 129 60 102 35 122 77 86 133 252 108 252 124 183 41 241 56 170 63 213 184 173 56 2 7 58 252 215 270 246 104 240 210 250 231 80 199 90 103 10 44 24 255 124 117 40 5 57 69 20 113 30 149 162 38 140 69 119 245 15 221 250 98 123 34 138 72 224 224 22 105 148 193 35 61 19 65 65 96 58 64 194 86 244 13 200 212 272 78 125 57 125 240 279 220 263 168 201 216 41 21 113 176 230 203 53 69 88 46 94 80 29 198 84 133 207 106 7 126 7 267 54 134 10 43 61 276 91 275 126 157 247 12 268 146 96 156 151 234 155 257 275 215 231 17 61 176 60 111 35 215 11 175 153 117 257 256 54 104 228 215 6 195 15 35 178 95 122 250 76 126 38 75 172 77 67 79 238 41 56 7 253 181 187 100 118 173 38 92 241 29 94 265 55 24 176 259 57 130 103 67 267 102 160 195 147 110 28 39 5 228 157 241 168 260 59 150 56 275 2 256 28 101 94 170 22 79 101 133 257 50 38 247 254 203 266 58 25 251 103 12 19
81 254 204 67 173 176 173 249 30 229 266 71 67 106 177 199 127 187 119 50 143 272 89 107 200 272 105 1 20 56 106 46 252 96 131 111 158 255 178 81 71 213 170 220 3 184 252 59 260 119 126 96 229 164 88 247 49 35 28 204 145 175 161 72 111 106 104 27 103 77 229 112 8 15 273 142 241 77 59 161 92 173 100 85 161 259 246 175 72 210 271 84 3 220 203 2 252 260 172 100 17 224 141 228 21 80 28 90 53 165 98 58 39 194 77 95 24 167 238 168 232 236 259 111 17 102 202 181 33 102 13 237 132 170 191 182 193 279 39 99 109 120 237 213 197 227 112 248 273 116 221 29 93 8 163 261 142 2 162 134 261 145 112 37 272 107 189 213 140 39 27 20 154 46 203 63 240 62 18 106 162 253 214 117 87 212 78 157 169 174 22 111 215 240 216 234 106 120 136 230 37 264 60 219 189 56 279 41 163 267 155 124 189 28 162 31 61 235 246 239 2 47 138 40 227 23 81 65 156 248 240 186 235 52 96 180 102 216 41 280 63 277 273 278 185 262 135 189 2 10 249 226 253 251 128 280 270 191 1 13 243 56 57 148 138 208 138 122 218 250 136 135 86 13 121 145 7 48 27 137
120 40 202 23 1 257 208 5 37 83 75 239 203 167 20 44 231 98 203 173 124 241 121 273 47 69 26 6 82 181 263 240 269 7 139 28 209 177 157 67 91 168 53 87 232 10 207 74 137 97 33 190 25 114 21 214 188 158 256 6 38 3 260 173 75 264 256 99 270 10 24 171 19 250 145 106 160 277 28 274 254 190 161 52 236 160 22 149 14 30 108 256 46 161 90 83 199 104 140 189 200 142 113 126 72 271 18 209 120 263 163 263 205 151 245 164 80 26 156 61 121 163 105 215 215 79 144 224 190 107 135 154 173 117 108 64 11 127 57 46 156 228 23 231 111 1 173 236 52 178 39 278 157 192 274 204 2 259 148 124 99 60 253 151 266 14 129 172 165 145 16 277 173 260 2 203 151 101 39 140 120 196 270 41 154 91 19 196 213 229 106 156 192 227 175 52 111 171 31 233 184 217 6 225 272 101 151 269 44 177 85 244 245 253 246 102 19 259 254 156 114 68 210 232 230 43 55 30 231 221 93 209 194 124 6 67 99 202 80 244 132 187 198 147 38 135 79 249 248 1 222 94 129 104 50 246 168 100 152 250 147 58 138 274 102 259 63 16 125 72 1 242 40 30 71 141 172 166 17 43
20 223 108 183 180 148 6 4 110 197 270 81 61 55 1 42 87 184 89 169 57 138 98 10 109 35 113 110 11 49 36 261 234 7 278 109 90 177 72 271 234 204 168 107 120 177 274 208 263 217 116 114 177 238 103 172 12 168 233 68 149 266 77 40 173 60 29 105 75 55 119 203 271 62 127 170 231 55 196 4 202 201 207 173 3 196 44 179 182 62 117 273 203 70 211 143 129 178 197 239 218 24 27 127 156 275 181 92 89 205 4 110 43 66 110 52 194 125 275 59 25 216 96 222 86 229 208 184 149 249 233 110 111 200 144 90 159 120 104 54 166 158 261 7 101 125 267 252 12 186 82 208 65 167 90 65 6 113 273 5 235 83 179 206 60 180 74 141 73 67 37 237 20 189 176 14 258 198 210 275 101 226 268 80 52 194 24 64 255 234 122 26 104 182 204 96 88 224 259 101 197 95 236 191 187 113 270 115 74 80 197 248 276 230 245 77 138 109 73 29 68 149 236 254 88 268 8 13 44 187 178 218 165 3 199 36 235 201 47 230 65 259 265 214 142 97 264 127 236 50 186 13 25 25 42 95 250 269 169 64 129 132 81 62 70 174 35 202 205 136 111 224 216 164 129 274 55 167 228 194
204 57 130 136 125 155 71 227 243 39 108 197 47 34 217 98 202 172 154 246 262 29 195 45 10 159 49 82 247 99 84 155 262 169 86 32 109 185 74 141 149 164 132 234 253 150 30 214 249 203 86 6 20 134 126 230 29 232 223 156 75 149 277 1 107 98 251 95 105 144 243 189 30 50 64 16 121 141 206 152 203 209 209 75 81 158 186 247 38 227 183 255 237 112 157 193 188 108 217 188 146 265 275 41 32 141 179 250 247 80 66 87 140 32 274 202 131 208 206 82 197 130 172 252 276 167 233 279 22 95 40 102 227 166 125 207 167 200 232 113 219 32 5 186 133 62 180 280 134 264 280 114 1 278 160 57 230 4 96 11 245 135 69 11 121 21 5 249 110 108 62 29 251 204 155 113 100 200 252 263 159 219 201 51 92 222 213 261 257 64 162 259 179 267 69 275 250 75 250 58 190 42 119 198 194 57 100 243 191 60 142 241 276 123 46 21 216 139 217 245 278 98 260 103 167 198 240 209 263 271 28 180 89 101 162 246 189 227 23 183 230 32 166 96 68 12 122 264 1 72 26 52 137 60 51 191 227 76 78 135 58 204 74 118 52 128 136 129 154 98 75 62 12 134 232 102 74 247 162 96
21 255 20 61 150 96 79 35 195 178 30 104 74 184 22 41 7 278 275 38 237 202 149 5 73 10 113 119 205 164 178 244 27 174 95 50 137 72 47 188 217 240 156 268 74 107 124 233 117 246 19 121 208 275 117 122 189 260 60 155 161 144 191 97 70 241 52 90 84 247 139 9 232 204 34 253 126 274 244 158 126 269 78 221 149 209 265 88 172 214 152 275 188 64 193 11 280 82 226 257 39 274 20 46 39 214 201 264 68 238 91 38 257 246 248 222 150 10 160 60 229 125 18 5 148 92 157 130 191 216 42 246 119 118 27 190 256 115 259 204 244 134 70 247 162 45 158 267 25 68 262 91 127 99 151 184 112 241 118 236 122 188 229 225 8 217 214 99 6 259 92 100 262 236 246 247 13 87 57 217 196 186 149 30 95 212 124 212 213 223 201 155 127 210 14 105 225 156 209 38 36 184 212 264 101 152 151 168 222 70 255 81 230 123 175 38 16 31 147 67 230 248 73 3 88 26 37 262 60 105 20 245 239 237 211 218 235 164 108 28 185 139 124 218 149 205 155 142 50 194 25 14 87 78 22 253 6 253 56 143 243 231 280 48 184 270 34 63 8 207 216 144 53 229 112 236 153 199 239 211
111 122 139 168 138 49 9 146 91 82 170 47 269 32 76 154 4 118 99 8 98 113 18 42 178 91 208 5 81 131 12 173 85 3 69 242 89 238 177 165 3 149 235 92 218 136 70 41 193 154 76 76 146 243 255 121 193 158 95 254 36 278 256 141 156 48 95 224 63 49 230 100 52 243 233 107 45 139 178 68 29 259 279 223 138 271 161 127 14 201 141 224 267 137 214 149 3 248 224 185 19 7 104 231 30 278 7 116 219 22 41 2 207 241 259 186 57 278 103 91 219 142 11 147 273 74 141 9 217 152 122 34 111 96 125 165 61 14 274 139 214 146 136 243 214 249 63 153 67 27 181 272 246 151 54 204 247 252 242 268 217 217 93 185 89 249 14 15 237 9 160 269 142 59 55 263 125 100 71 132 33 82 179 98 131 140 168 128 241 92 91 176 66 105 66 230 45 91 232 117 98 70 106 139 219 157 133 174 151 260 138 91 233 242 36 56 143 140 251 199 275 9 237 137 57 230 152 121 218 191 239 274 189 23 217 78 239 110 275 246 96 162 212 161 219 268 220 112 89 186 102 20 20 280 152 254 105 146 240 34 46 120 21 252 137 161 134 203 173 221 193 138 122 109 215 1 28 220 81 243
27 254 199 198 44 36 258 97 2 60 17 23 250 55 4 151 248 75 37 83 228 181 236 181 158 167 19 172 260 4 122 222 84 175 131 188 120 27 173 166 3 87 73 242 199 270 256 212 146 205 114 102 69 87 152 175 180 75 21 213 208 118 17 81 208 196 261 202 54 218 64 270 261 214 243 55 253 151 137 240 196 153 192 163 46 214 29 140 191 217 233 182 14 118 83 76 98 197 125 196 152 196 228 256 263 113 68 2 239 106 112 137 22 115 14 154 53 6 119 74 47 132 73 118 251 176 25 184 44 204 130 196 209 216 151 233 23 256 270 164 197 157 117 196 258 109 99 62 223 7 149 184 221 70 15 142 274 193 128 177 240 186 95 109 174 226 164 237 8 218 167 273 81 91 247 62 273 265 116 10 171 7 239 254 49 29 227 225 92 274 173 258 31 162 73 157 194 153 227 124 123 255 52 278 222 122 11 228 146 242 273 48 189 180 261 134 174 137 77 175 43 133 68 16 98 244 241 99 174 210 190 78 138 165 140 125 123 31 14 147 120 20 12 4 198 168 85 20 235 10 237 199 126 97 175 175 128 87 24 113 255 177 25 38 180 45 106 100 15 136 212 143 106 247 130 146 194 218 52 69
204 31 151 156 102 49 26 57 83 199 2 145 168 188 2 229 105 135 212 85 14 141 233 228 215 226 75 60 255 41 68 259 272 250 81 134 96 113 28 45 44 247 185 224 221 91 270 97 180 234 280 257 231 72 111 180 192 174 237 45 273 185 177 236 267 275 239 136 228 85 10 41 119 66 247 29 268 65 97 243 50 152 106 10 236 90 221 39 100 154 86 148 212 101 252 211 176 204 129 244 103 142 209 220 171 105 267 215 88 25 220 3 102 138 142 249 32 12 181 203 126 224 151 223 235 272 230 274 37 161 259 170 44 7 40 101 207 11 33 266 91 122 227 87 175 173 47 17 60 63 50 274 167 187 142 102 27 67 33 228 19 104 220 50 180 78 23 191 227 116 188 112 142 196 94 197 90 135 97 234 134 257 207 228 147 55 102 65 199 139 139 164 28 183 78 136 80 178 86 51 239 157 262 184 137 27 262 18 202 246 97 104 146 240 226 72 106 135 46 165 13 3 41 152 61 65 132 163 138 5 83 277 266 5 41 114 182 237 253 250 1 279 22 227 228 29 198 20 256 13 209 259 197 23 268 267 170 164 233 188 214 14 218 20 99 146 89 20 159 33 125 211 236 147 236 172 24 227 259 50
150 254 87 278 200 203 176 278 205 228 124 62 89 7 210 95 110 27 73 58 90 117 177 202 240 84 166 102 10 17 67 81 103 91 129 147 146 252 255 244 133 179 104 14 195 199 121 198 18 252 27 108 124 130 31 7 210 272 137 54 278 102 201 134 221 75 41 117 204 8 30 268 165 9 107 168 84 38 202 223 127 239 162 248 81 154 41 184 113 131 141 85 103 14 41 180 150 98 151 48 15 31 161 40 149 150 103 181 249 279 7 238 29 221 200 74 79 29 63 104 263 153 77 267 115 137 279 168 265 259 267 158 214 153 196 131 265 35 271 245 46 276 201 59 33 172 185 227 108 26 59 81 210 17 1 16 99 206 35 180 85 79 166 144 168 52 63 74 129 271 222 38 208 49 69 43 268 157 105 30 229 181 227 248 174 256 141 69 137 118 65 148 107 213 235 166 110 176 13 59 136 146 27 16 164 34 232 185 176 52 94 161 92 75 215 130 154 72 149 6 7 78 237 235 223 187 185 71 213 225 228 220 198 149 114 268 269 85 224 138 76 50 178 269 89 244 117 266 150 126 253 78 23 249 234 162 149 157 158 19 113 278 256 128 106 6 270 145 81 91 95 185 84 34 55 194 240 126 232 157
177 216 44 49 274 161 67 193 47 73 126 83 57 225 59 130 262 274 79 203 124 207 65 66 185 179 148 203 47 30 59 54 206 125 135 196 84 268 167 184 261 264 134 20 249 128 168 33 149 220 45 161 89 163 104 18 80 240 4 62 245 173 170 125 169 152 202 199 251 116 270 255 67 248 205 66 241 208 223 125 75 87 37 153 257 209 253 88 43 119 162 29 264 216 119 196 152 134 79 42 181 25 156 20 76 153 212 48 59 82 162 144 31 269 255 125 261 9 203 42 115 39 197 82 249 53 147 79 107 230 235 17 86 150 273 85 47 44 88 13 114 245 192 15 230 163 148 53 30 226 51 112 181 44 239 64 171 11 148 72 41 145 56 127 169 268 239 1 151 221 239 218 150 97 1 124 122 264 132 265 24 31 70 103 37 113 275 11 30 140 86 150 37 71 15 220 210 57 192 81 89 177 36 280 105 33 150 258 140 185 74 36 185 144 212 109 21 119 39 166 188 116 214 52 149 15 141 119 202 95 125 156 269 253 166 141 59 120 242 57 63 279 145 143 125 221 38 215 66 181 271 107 25 175 167 154 24 139 123 78 263 157 263 76 221 106 218 264 28 252 20 19 79 241 189 216 275 250 105 198
118 35 233 129 131 101 21 244 222 173 208 271 110 270 33 186 191 157 250 70 165 204 140 105 72 122 96 225 234 251 261 65 57 166 64 266 159 246 254 85 16 97 150 48 35 153 155 179 259 226 152 224 229 226 82 120 273 156 237 230 253 89 240 71 6 46 19 76 22 13 70 181 267 110 107 278 8 271 20 70 59 178 273 208 179 232 39 211 63 241 31 108 246 82 265 173 196 130 44 230 243 116 179 265 10 59 114 75 252 13 20 258 199 125 13 86 183 72 121 273 153 115 185 208 55 238 104 185 5 227 270 192 5 68 224 56 59 119 258 139 161 221 83 183 217 211 267 123 47 9 21 126 230 40 179 85 58 81 52 26 212 278 228 199 102 98 142 165 249 251 237 99 105 137 24 174 63 239 265 43 255 167 186 213 5 16 41 25 83 70 58 81 59 256 77 253 232 63 206 178 30 200 276 212 118 84 85 227 244 7 64 264 138 143 37 161 116 125 235 199 21 74 19 231 257 152 117 150 216 260 37 190 54 77 81 97 35 166 116 91 167 44 223 67 177 124 81 165 15 200 222 105 8 202 253 84 277 111 67 216 181 64 136 169 13 177 42 14 64 103 278 113 104 239 157 66 240 44 271 196
203 159 111 268 67 41 233 162 154 233 184 149 24 254 71 113 205 268 9 133 234 177 199 262 186 252 73 229 158 64 260 157 244 148 209 158 192 111 12 134 138 235 197 178 40 33 219 115 46 247 41 223 125 205 178 149 80 32 31 198 141 151 5 228 223 228 153 273 125 189 274 221 114 130 95 14 86 101 176 68 153 68 116 33 225 204 163 250 114 44 265 149 149 160 166 263 194 32 84 84 224 90 82 249 12 20 273 46 98 109 162 126 115 55 229 193 83 174 56 3 225 94 114 173 57 265 108 261 212 13 111 32 27 14 70 56 199 129 59 240 115 261 48 1 69 33 43 152 218 9 81 68 227 170 216 261 131 130 156 194 74 167 149 175 155 86 259 261 32 267 181 95 176 202 72 125 193 163 55 81 131 213 39 122 41 113 158 255 58 213 53 43 216 22 271 8 209 15 133 210 2 138 135 102 12 117 84 205 153 250 129 145 188 222 172 85 126 56 242 59 248 210 195 134 39 87 235 64 120 194 208 212 59 210 177 267 271 108 261 218 230 112 5 248 135 170 174 11 244 269 181 273 107 130 170 188 169 240 272 109 237 50 204 201 278 245 174 239 76 249 135 136 276 131 91 245 254 163 76 8
213 102 243 276 272 166 247 231 121 241 147 131 264 81 168 130 41 111 138 16 61 196 237 235 245 220 43 172 115 15 200 7 77 271 17 238 27 152 136 18 155 30 25 155 62 87 277 10 51 230 237 124 153 256 7 30 82 196 276 239 100 84 56 173 262 61 228 179 266 132 98 32 18 86 25 62 185 278 6 141 155 214 30 170 202 133 92 188 161 215 238 258 91 20 90 97 173 12 133 274 237 5 35 78 253 199 219 265 212 30 119 11 250 187 157 153 19 23 8 222 35 125 7 163 209 129 30 61 256 130 123 97 55 146 8 34 22 50 161 199 178 16 18 121 29 251 68 194 217 255 111 155 170 159 94 147 68 215 280 100 94 73 164 50 104 234 46 230 73 186 35 248 215 62 178 143 137 139 113 116 198 156 113 88 224 161 179 5 157 106 143 153 15 224 252 25 116 41 54 84 53 29 163 205 205 46 221 97 44 201 21 151 232 126 62 95 252 162 264 267 113 101 206 261 164 57 55 236 21 23 17 178 30 24 265 252 268 125 242 14 278 93 122 201 173 13 248 103 243 101 272 26 189 234 196 170 19 31 196 144 72 162 128 204 163 191 114 9 114 46 268 46 57 189 148 253 49 206 139 268
107 239 14 174 69 143 214 57 84 7 183 40 269 169 148 62 247 248 261 199 208 270 67 206 5 91 126 257 42 238 84 21 37 126 6 121 223 218 46 169 212 44 3 180 159 137 66 222 219 249 95 280 38 263 189 143 274 276 259 141 189 153 274 189 215 139 134 117 206 78 170 279 63 23 133 120 196 247 54 54 204 84 211 109 122 153 206 43 150 210 111 27 175 141 112 36 129 205 56 215 95 170 5 63 146 112 187 188 219 261 104 161 196 37 206 202 213 242 187 87 7 198 76 182 269 85 34 47 245 13 250 272 53 207 209 148 3 164 18 180 222 113 74 34 204 160 243 131 221 193 116 219 185 273 93 257 62 21 65 64 38 45 135 164 209 167 235 47 142 4 85 227 243 6 279 88 163 199 253 145 68 270 159 191 105 180 103 33 81 105 177 131 111 228 138 195 225 67 269 122 233 156 39 171 51 78 239 251 245 259 126 37 79 208 176 174 277 200 258 197 76 98 81 156 193 68 97 28 6 174 251 226 80 70 180 3 197 245 79 72 270 252 142 151 149 102 124 60 232 78 198 165 21 244 214 9 175 68 275 217 176 96 121 211 41 185 87 140 236 244 144 220 252 18 3 207 165 164 91 174
20 20 208 89 171 55 210 7 62 271 27 11 104 160 25 75 140 136 212 214 273 74 169 184 219 55 183 154 64 51 260 73 221 51 84 140 56 250 200 83 196 55 160 13 78 56 269 180 156 60 206 194 42 57 210 260 35 238 122 106 123 73 200 161 44 251 186 205 24 20 256 43 141 96 215 27 105 89 248 216 245 109 75 108 83 7 5 241 220 221 216 31 21 218 109 48 160 181 123 185 78 143 170 95 104 40 94 247 184 139 241 58 136 98 252 207 213 248 205 80 187 175 132 183 253 274 44 192 216 86 235 199 58 64 89 131 185 84 91 249 77 201 272 35 30 74 145 35 153 23 173 138 3 87 59 217 103 113 42 2 280 89 74 167 280 94 262 118 259 99 193 88 34 241 269 62 204 204 186 248 239 176 157 265 34 179 55 48 36 15 30 140 11 132 189 82 196 147 100 29 8 195 207 114 118 25 257 244 66 32 193 100 72 48 233 259 102 251 21 226 157 239 52 217 137 87 220 263 86 129 29 167 250 8 54 163 86 175 228 136 94 245 230 198 83 127 187 236 154 266 9 4 172 97 130 75 92 274 269 239 222 185 74 261 167 157 209 149 248 10 277 40 47 176 200 162 27 100 60 160
95 104 74 3 86 207 65 137 101 75 152 56 105 86 205 271 275 209 221 182 244 101 142 192 213 31 74 273 168 223 131 152 79 11 131 166 46 111 75 130 111 258 97 92 276 57 248 126 63 71 108 174 161 74 276 19 52 63 150 49 141 202 143 28 153 136 209 130 32 206 63 90 162 72 198 183 215 132 144 10 184 72 237 222 163 200 244 44 202 209 80 17 160 30 110 152 266 42 99 210 92 277 46 1 151 37 89 76 135 91 182 268 179 90 29 13 45 232 124 155 9 39 207 216 9 249 240 91 72 223 266 136 123 224 265 65 161 248 40 34 263 252 53 228 90 19 56 5 25 182 54 82 22 91 261 191 261 50 15 47 227 84 123 231 92 198 106 17 198 269 11 202 18 242 217 76 205 250 19 277 189 176 18 26 225 92 167 184 191 110 126 94 178 255 101 157 268 5 74 155 42 40 83 193 243 112 28 93 248 49 122 245 25 86 70 33 224 93 148 19 256 43 105 235 154 149 189 131 189 274 215 213 180 188 78 71 175 161 178 130 37 33 269 188 255 88 155 78 226 45 143 30 44 277 55 32 150 46 273 76 276 241 9 238 275 179 18 223 207 195 106 169 98 271 235 179 239 177 6 140
210 101 6 26 39 226 47 199 278 194 21 34 165 265 143 117 112 246 99 153 132 263 56 100 114 237 255 158 99 147 149 50 179 120 174 175 137 187 222 93 235 135 142 53 5 262 88 89 125 164 56 64 216 33 200 154 1 209 82 7 27 163 141 41 249 76 115 230 219 29 201 10 154 63 248 73 112 174 94 47 254 112 85 92 168 275 280 205 224 279 256 64 213 43 44 82 106 223 135 171 84 139 86 32 27 66 152 133 65 201 210 55 214 7 245 200 139 257 220 178 41 280 166 272 154 230 153 241 171 14 237 241 1 84 152 219 185 93 63 180 42 235 165 111 225 114 245 66 89 125 56 146 122 120 176 250 122 55 187 5 233 90 217 124 267 31 221 12 39 178 53 264 239 79 12 226 177 38 274 148 157 24 86 262 73 258 160 120 218 153 248 131 242 214 51 249 1 17 166 195 115 55 57 137 221 103 103 115 141 226 94 90 275 70 267 186 48 55 177 95 37 58 256 148 143 229 182 245 216 142 218 12 195 138 276 43 3 252 63 203 235 197 142 152 38 279 278 267 131 255 213 50 180 146 256 224 9 271 55 260 45 158 117 170 229 10 192 139 179 245 267 2 80 67 24 78 134 215 192 65
111 43 180 269 220 39 218 54 164 123 159 209 146 186 251 184 247 87 255 234 262 137 248 272 114 114 60 66 186 13 148 172 102 10 108 161 111 184 263 210 172 134 133 26 98 235 141 238 210 77 240 195 191 280 47 53 201 129 130 222 243 269 111 49 18 77 274 120 88 250 201 10 183 8 190 213 36 72 164 95 47 275 69 243 102 228 178 64 91 44 267 275 56 11 178 44 210 165 70 184 171 33 14 7 89 43 240 49 148 61 239 37 29 61 213 13 212 22 271 105 42 145 48 156 34 100 257 109 166 27 1 91 89 47 279 47 68 123 145 14 160 66 18 141 196 216 275 154 12 176 97 5 120 240 233 82 241 179 230 2 192 15 269 146 204 146 82 76 52 78 233 119 158 41 241 71 58 233 132 197 34 219 152 79 211 44 137 227 75 107 158 89 274 89 266 243 190 275 113 274 47 56 122 208 79 264 81 222 220 186 265 64 57 274 217 157 23 122 58 276 108 41 165 245 22 6 34 46 226 140 140 223 54 56 225 71 116 105 78 92 201 115 278 66 187 204 122 29 261 125 107 7 99 179 159 266 32 74 196 203 187 278 24 254 96 47 150 40 145 19 191 14 179 22 151 231 65 158 132 114
209 16 225 2 138 219 175 265 185 259 125 111 53 34 181 13 63 138 29 214 208 50 196 82 221 56 144 11 139 71 130 224 279 198 62 278 3 5 108 108 39 56 202 145 23 246 107 96 77 234 41 187 10 175 160 267 39 163 90 78 168 199 113 177 66 89 190 20 87 270 30 177 2 81 226 218 278 279 39 95 269 123 208 9 14 105 264 147 42 235 20 78 213 9 97 15 129 157 64 201 32 102 208 71 7 21 219 198 163 154 67 214 200 159 259 184 72 110 143 101 195 191 5 169 92 90 207 186 239 141 53 59 88 196 92 201 11 31 167 271 88 252 175 221 111 225 97 135 61 192 107 4 279 129 2 213 279 143 18 140 235 216 278 145 154 186 57 79 176 35 129 234 2 274 3 183 257 271 236 186 213 176 196 209 60 88 144 41 80 248 1 213 110 39 114 20 75 25 144 55 146 51 41 105 130 2 209 65 93 105 13 135 20 142 5 234 119 8 18 58 172 107 15 180 165 50 111 189 241 88 198 251 251 14 253 88 174 6 240 97 31 114 148 167 29 274 156 200 183 129 66 168 22 90 79 171 62 89 214 68 124 176 247 155 131 180 30 146 55 228 278 17 82 264 70 120 94 33 229 32
63 110 77 87 95 151 235 43 178 3 18 273 169 109 25 111 277 1 272 269 244 178 219 116 146 152 100 211 212 147 252 162 224 77 78 120 89 279 25 140 150 146 68 94 192 57 178 278 66 208 174 93 272 125 261 260 187 253 46 75 33 49 209 53 186 278 206 206 215 126 225 250 169 180 177 249 56 227 270 2 45 35 89 170 223 238 72 237 91 29 111 162 273 113 103 162 37 211 44 126 207 233 2 266 136 31 119 225 223 70 87 28 2 272 110 212 225 78 85 67 27 128 191 96 206 214 256 279 121 145 121 29 8 129 84 235 70 154 168 109 46 133 73 263 167 196 40 100 165 239 152 192 234 240 268 149 206 232 227 110 122 207 193 238 272 241 90 272 209 25 224 196 278 35 126 108 129 44 17 251 237 24 81 86 185 200 161 32 142 33 95 280 33 226 11 78 173 192 192 202 211 105 105 138 12 152 37 146 184 163 108 247 71 33 116 194 239 248 90 66 78 163 17 176 142 123 229 94 200 70 209 187 122 147 145 225 139 110 205 15 63 9 241 80 230 273 201 151 103 152 10 81 101 121 43 38 205 231 18 178 194 217 162 178 107 165 59 189 178 171 85 238 5 194 212 155 210 92 41 40
21 224 248 187 82 210 108 168 190 10 109 149 145 205 60 230 69 146 113 182 112 188 5 50 19 224 248 24 81 257 239 257 145 17 111 15 273 272 20 204 220 112 278 211 64 207 184 16 223 18 21 69 122 226 166 53 9 192 267 76 116 78 96 80 196 245 93 53 5 154 243 95 110 197 233 100 21 88 38 269 30 159 94 251 27 258 213 19 29 134 210 41 223 79 263 211 32 192 1 175 110 162 152 166 127 246 57 221 246 116 65 133 185 139 211 57 136 207 225 224 181 136 158 45 161 151 175 86 138 253 177 100 194 255 157 145 212 215 140 167 61 170 99 137 206 265 31 34 258 200 272 100 13 251 184 114 154 68 166 62 13 185 264 69 154 84 137 20 219 138 258 140 151 247 194 10 45 36 203 105 206 154 55 106 218 111 36 192 220 41 196 167 22 80 93 170 161 246 250 59 199 244 170 2 138 163 32 139 137 244 169 259 42 236 164 34 214 253 68 218 169 28 26 86 258 213 220 250 6 109 68 83 245 66 144 195 248 244 244 86 232 107 166 107 243 133 239 157 36 196 111 51 50 118 1 22 256 1 112 37 121 232 38 278 97 117 273 12 12 244 207 22 61 57 279 138 41 167 51 136
101 210 50 145 100 251 183 84 103 14 86 35 200 240 132 200 152 217 46 268 198 133 242 96 162 188 94 161 125 279 176 108 130 227 139 186 129 110 107 158 88 236 39 165 141 115 127 221 213 234 37 168 97 186 142 52 37 57 225 189 239 196 211 129 193 114 146 33 257 245 261 202 63 21 208 249 150 139 13 240 115 156 246 257 105 49 59 87 175 107 59 178 239 277 170 121 114 180 175 45 170 58 142 274 236 64 158 34 98 166 99 207 61 49 101 110 82 185 268 7 17 240 278 76 16 91 223 90 28 12 2 64 9 260 242 238 11 19 137 187 152 140 253 74 98 82 166 131 44 72 66 183 278 221 93 148 77 169 181 155 195 141 220 83 114 94 84 186 173 197 145 16 217 142 167 235 266 44 130 43 131 115 262 75 223 156 30 56 116 184 188 212 255 276 227 262 7 65 7 105 207 84 144 231 90 249 143 212 40 73 172 115 168 114 7 123 48 6 231 18 98 156 134 140 50 33 238 214 161 4 99 209 1 91 223 214 205 100 275 115 11 258 113 222 1 136 4 32 103 276 104 176 265 17 276 81 161 15 91 8 243 169 107 58 34 56 234 86 37 218 69 14 277 181 29 233 59 121 144 111
197 56 239 205 242 184 131 65 202 183 95 201 144 238 259 155 224 50 2 222 158 3 81 54 167 230 182 247 140 162 248 222 25 221 205 90 207 46 67 47 173 133 247 43 13 87 85 162 280 259 37 71 35 124 227 92 125 30 244 76 253 2 247 79 263 277 111 12 195 41 198 149 58 202 45 30 83 89 195 95 97 269 230 32 212 7 50 67 111 269 267 244 47 155 11 278 123 136 249 59 183 207 36 39 250 136 41 82 19 199 275 261 227 199 36 7 75 139 103 92 221 79 179 24 277 205 25 107 50 88 252 230 131 75 69 209 251 143 164 237 257 233 167 167 258 19 24 172 62 178 232 260 95 214 23 35 166 253 10 35 180 84 91 130 49 187 250 55 174 92 93 70 25 113 53 105 86 232 138 242 140 231 161 217 189 185 189 195 74 218 91 194 98 85 46 272 11 60 8 139 111 176 230 2 224 24 85 90 70 54 78 51 196 14 233 94 155 238 173 223 252 158 52 111 79 198 120 214 47 53 167 78 211 7 158 109 199 7 203 62 268 10 232 131 42 65 22 118 3 56 221 107 60 83 202 148 214 137 186 157 223 80 151 202 178 266 115 151 202 53 96 130 259 44 161 252 146 64 153 88
98 17 135 214 43 166 216 21 166 82 134 116 235 140 81 199 175 205 147 210 175 164 176 170 6 227 249 243 78 15 198 148 80 263 123 236 31 243 276 151 204 239 183 26 157 17 21 163 86 93 11 238 179 96 169 147 28 123 5 19 42 243 136 140 151 269 278 170 222 6 115 148 276 204 202 50 175 15 153 156 34 156 50 274 30 168 103 187 26 84 124 241 98 254 195 234 64 247 33 180 80 205 85 205 99 86 221 81 24 196 36 165 69 125 36 213 187 161 229 141 175 70 188 76 212 149 94 33 146 148 169 238 145 167 59 237 236 251 218 268 124 84 42 222 32 150 164 72 114 179 154 95 55 104 213 211 162 40 116 42 50 113 60 129 50 218 40 177 124 149 141 222 69 144 143 45 180 35 212 255 102 80 121 73 196 226 265 53 224 87 251 146 41 172 151 11 106 1 202 188 160 223 216 188 20 7 47 110 76 85 142 172 84 206 199 199 235 12 81 220 116 143 131 188 5 239 156 156 75 223 69 224 187 138 167 20 171 145 190 134 147 5 182 253 82 1 195 88 217 188 27 235 111 265 82 267 52 232 160 92 233 66 121 264 19 264 37 259 162 103 246 54 209 264 42 187 58 223 193 209
102 151 154 29 249 278 248 28 233 173 167 227 136 152 182 149 103 80 216 181 192 1 119 108 258 201 60 253 34 212 239 92 280 148 62 152 37 276 47 124 60 149 44 249 48 140 260 176 175 27 257 257 269 136 200 95 32 212 98 88 34 5 177 265 121 38 197 271 43 212 197 5 211 120 249 50 96 256 268 38 141 129 254 148 101 106 172 60 261 143 47 51 195 256 172 29 100 112 19 211 78 79 23 196 95 7 90 255 193 130 236 59 207 181 38 270 86 265 147 78 235 108 68 80 171 273 95 63 150 199 276 135 123 201 193 105 277 72 215 232 241 47 260 40 161 47 92 279 171 118 88 253 38 145 108 178 241 14 4 92 89 132 211 137 242 217 216 194 168 157 36 150 147 62 238 96 243 99 141 231 218 16 187 63 178 48 199 38 277 133 136 83 268 263 3 171 176 205 150 156 53 140 69 249 65 219 119 91 172 165 259 149 202 111 138 61 65 60 110 123 16 168 246 146 55 248 186 274 277 117 246 223 77 18 280 17 276 104 106 15 224 35 188 4 73 89 35 146 116 84 117 265 64 68 268 246 185 142 114 239 73 171 228 260 190 40 45 118 139 263 82 143 280 272 215 185 76 189 101 213
211 271 189 132 94 13 236 125 8 200 261 176 221 211 247 98 237 117 126 254 120 118 241 106 246 208 172 51 55 262 142 90 60 7 15 130 265 104 262 198 26 20 271 69 62 86 99 179 153 73 193 162 204 177 6 180 111 75 95 260 160 192 141 186 247 222 274 199 210 80 1 163 199 84 18 146 225 223 220 164 179 199 138 181 142 167 30 205 66 124 214 74 154 20 134 77 95 261 155 269 209 168 13 87 170 110 163 39 267 74 274 253 8 203 63 44 152 163 197 112 79 5 132 17 196 193 265 167 117 127 253 222 222 180 134 116 86 120 51 252 168 136 186 159 198 56 221 5 18 262 171 204 162 36 73 227 128 220 167 69 115 28 249 222 267 153 139 178 51 143 167 232 20 124 174 272 31 42 143 229 78 210 273 264 25 78 272 84 51 205 201 122 150 215 137 123 131 147 249 178 60 97 107 238 19 41 33 9 216 191 147 87 197 85 140 128 29 177 218 48 226 168 38 191 46 32 136 245 89 194 136 84 240 158 258 158 91 94 64 41 243 12 147 51 51 110 115 134 106 109 7 138 271 57 247 260 45 248 205 215 21 27 184 128 240 76 57 148 70 106 4 117 1 59 201 170 253 204 266 278
136 190 164 60 233 54 249 161 232 26 174 40 35 270 132 85 134 147 269 43 72 136 204 120 154 232 208 98 100 221 206 146 237 206 203 5 88 262 12 135 29 237 158 155 168 214 165 262 261 173 64 156 2 186 94 86 143 41 167 192 192 63 29 138 91 271 250 149 138 127 137 10 33 147 13 120 112 163 101 232 27 43 241 48 180 17 122 35 254 134 188 260 234 160 223 233 232 217 57 199 220 228 38 267 88 107 174 186 245 234 116 83 152 225 9 136 209 167 105 100 4 127 61 150 121 55 42 179 232 232 168 43 251 127 2 114 9 157 111 8 276 216 133 177 81 62 239 270 164 205 44 251 52 28 264 13 1 239 240 60 24 154 157 227 98 171 140 109 185 209 73 31 150 197 147 100 100 49 40 71 139 121 78 90 267 16 235 208 48 39 72 21 258 246 157 236 176 17 232 158 171 159 59 88 149 248 194 217 115 125 258 127 88 52 27 164 185 83 167 258 80 129 82 176 249 68 221 279 37 81 16 224 275 18 71 114 144 160 6 151 169 49 25 57 138 118 263 79 177 111 209 175 171 189 171 164 52 152 102 26 69 128 188 127 183 120 96 176 12 92 229 110 277 15 241 195 120 91 163 151
219 122 21 97 266 123 244 269 40 223 243 121 255 172 229 58 269 72 143 44 81 55 144 178 246 190 44 128 221 18 236 57 46 72 80 232 134 36 46 11 278 35 10 34 181 160 29 223 253 148 128 31 121 209 16 228 148 218 40 240 73 71 280 196 273 76 36 248 261 85 214 199 130 261 280 226 162 95 265 114 185 183 263 259 270 207 36 149 208 27 166 271 199 261 242 104 104 186 263 52 159 35 178 141 254 39 37 192 269 151 219 40 165 236 7 200 70 138 158 160 232 174 50 207 203 184 94 279 176 164 181 163 171 137 191 57 93 204 218 145 233 258 278 170 148 152 274 14 157 37 198 148 83 206 29 72 93 106 40 55 198 23 57 24 221 160 150 37 140 250 9 142 217 207 143 105 250 9 228 153 4 73 256 258 13 265 200 200 12 257 12 236 78 201 92 155 239 113 231 262 180 60 166 245 189 86 199 172 22 14 232 88 221 219 138 278 127 107 260 133 255 169 127 9 114 196 216 232 127 118 273 122 78 50 15 111 25 48 261 142 138 131 141 271 130 74 267 199 150 111 270 182 233 101 32 68 108 263 88 57 34 130 23 40 204 245 181 79 3 165 143 6 148 224 258 254 81 259 44 264
82 210 61 91 157 213 101 259 46 138 46 235 187 195 272 3 102 254 44 17 264 33 32 136 126 185 89 69 108 19 3 23 45 100 12 59 163 93 119 71 186 160 20 277 261 142 71 268 181 86 175 2 236 263 167 179 271 143 259 134 51 206 255 106 76 153 172 21 192 177 227 195 230 38 62 279 61 96 120 156 47 81 7 114 78 259 48 43 82 232 257 120 39 244 97 275 231 179 227 11 190 236 28 225 98 261 279 182 209 252 14 129 29 96 205 145 111 78 63 117 17 127 160 61 104 15 245 29 19 76 33 208 139 141 101 6 191 201 90 229 240 10 181 229 161 64 180 18 52 215 215 113 125 44 138 252 276 159 60 204 107 23 14 149 100 1 48 175 165 19 65 88 86 93 107 4 93 260 170 210 86 170 48 187 183 132 152 32 100 277 194 54 175 280 117 235 243 223 202 76 159 116 236 38 256 4 231 23 102 19 137 147 30 233 145 2 46 13 29 199 138 185 72 36 273 180 116 248 176 93 97 43 182 87 118 36 81 217 23 192 213 234 91 121 237 206 241 121 143 73 214 189 232 215 235 149 46 138 218 95 146 179 13 7 97 97 113 25 174 101 78 59 138 51 214 231 69 278 27 277
67 46 125 240 121 25 32 212 81 153 249 124 160 229 230 176 75 19 28 42 164 198 185 4 210 246 212 100 237 209 77 52 15 217 191 267 101 78 220 55 244 52 262 258 180 100 80 30 18 90 203 230 256 245 87 64 214 185 166 54 224 265 178 263 26 127 175 278 270 20 165 270 35 11 261 190 144 97 29 241 205 39 80 96 261 204 140 142 1 168 14 186 234 56 84 226 202 184 168 23 139 230 146 231 216 2 23 59 259 196 225 273 33 132 243 218 137 150 127 164 100 48 256 160 14 27 148 184 41 111 252 177 103 113 14 198 227 120 145 63 133 277 17 269 10 152 45 196 15 213 198 105 46 139 234 25 148 149 200 170 230 111 79 267 84 202 211 19 248 126 274 127 89 115 73 217 237 92 19 64 133 132 269 87 130 124 90 239 255 272 12 112 29 12 280 254 20 174 175 109 272 109 175 1 43 194 58 13 254 199 128 245 228 255 65 233 15 155 253 74 146 75 197 167 227 63 12 184 10 189 34 134 259 48 203 23 84 183 197 49 27 84 2 247 32 109 257 111 70 48 22 207 148 198 44 280 234 71 196 219 53 65 228 128 210 223 182 165 90 220 63 232 97 28 257 113 13 188 259 278
171 165 255 109 156 157 53 15 84 106 217 201 173 109 63 255 89 108 268 26 186 113 256 193 64 218 212 151 116 201 201 68 182 91 94 132 150 74 80 214 246 263 49 277 54 221 188 243 86 142 178 197 130 39 93 57 275 86 159 250 22 10 86 41 128 37 201 147 172 109 168 84 29 221 72 14 144 108 33 39 43 59 121 18 220 256 204 211 141 37 10 52 230 71 187 116 116 181 188 108 249 276 146 85 46 66 165 59 273 161 223 21 120 201 132 181 54 179 29 8 61 72 35 183 145 187 47 111 126 129 269 119 54 32 210 162 172 190 131 206 84 59 14 209 150 224 52 19 248 115 246 45 244 41 191 92 78 106 71 52 142 143 228 155 130 86 188 241 22 200 215 279 173 209 177 81 100 238 208 49 118 168 74 219 233 28 163 16 13 243 81 197 4 27 138 179 253 140 5 198 269 194 122 53 146 24 222 175 120 65 210 113 23 92 17 214 93 48 39 111 113 4 73 270 43 18 277 143 125 239 176 19 7 82 132 101 33 164 159 155 119 181 76 146 234 60 138 207 3 270 45 266 246 43 53 59 268 81 139 200 59 87 199 55 98 179 215 85 154 23 20 109 241 33 62 176 93 13 20 206
153 10 62 149 18 245 223 89 172 276 277 114 129 180 46 120 50 2 221 98 245 179 196 263 91 194 196 67 123 279 224 264 206 75 32 177 143 223 69 35 225 143 173 228 250 244 123 276 24 237 174 30 183 171 34 128 173 141 110 152 184 197 22 223 274 39 196 32 122 192 136 279 41 257 5 102 17 141 62 17 204 123 149 254 129 153 62 221 190 202 156 115 170 101 155 85 109 178 49 31 248 225 163 76 25 4 183 154 102 75 242 62 11 34 99 254 154 142 214 280 137 199 152 21 217 220 113 262 278 138 253 273 84 255 117 67 273 45 185 98 252 102 40 111 10 110 59 216 147 12 118 92 106 255 89 150 79 140 73 273 36 16 98 271 176 181 133 209 115 262 14 56 210 228 129 201 204 22 221 147 209 277 158 169 163 35 61 248 158 15 145 55 26 160 197 71 254 218 111 49 195 229 185 65 253 267 230 189 229 225 150 200 255 174 175 22 175 82 87 259 254 103 233 108 252 149 230 129 166 28 88 269 20 96 164 54 169 168 205 233 217 141 199 117 23 255 210 184 99 259 98 211 200 209 216 192 268 151 160 30 23 87 230 1 56 153 73 94 269 255 251 43 261 181 258 75 135 192 151 94
60 136 153 101 201 185 133 47 148 202 26 69 164 121 206 237 253 70 66 212 162 161 123 37 207 179 37 200 68 145 113 182 232 215 16 210 38 148 222 80 100 120 97 107 28 22 162 215 235 56 156 196 109 105 52 227 267 32 186 48 32 213 200 100 174 259 110 238 276 181 104 219 95 2 8 137 256 120 193 133 6 198 171 157 63 8 174 141 68 210 169 234 5 224 27 91 213 262 267 272 208 240 278 76 58 246 171 245 87 267 273 91 265 144 25 237 134 40 228 106 111 24 22 145 200 269 80 143 211 208 22 254 47 148 243 255 29 126 192 150 194 15 91 49 22 206 2 60 118 139 16 60 271 8 57 178 175 181 169 121 187 252 109 257 126 78 160 152 101 273 201 131 167 47 155 136 80 209 189 39 172 16 159 260 214 272 71 58 136 135 18 258 111 239 54 167 76 236 166 225 119 144 50 8 54 145 14 85 255 152 16 202 217 171 122 9 81 144 59 247 244 53 55 255 17 94 97 271 54 48 116 272 140 44 209 125 161 256 75 249 262 242 273 140 90 72 141 21 146 88 90 213 144 12 188 249 138 276 138 36 10 37 208 190 194 202 152 169 161 239 49 102 146 280 92 260 208 107 225 200
230 58 25 164 265 47 158 157 172 98 100 123 166 169 77 230 255 168 76 70 57 226 271 6 11 23 267 112 34 18 167 106 31 216 136 160 22 203 61 232 248 88 153 21 68 38 124 10 176 7 201 244 279 243 246 204 79 121 6 111 80 247 33 181 92 157 258 170 170 68 118 201 27 53 262 252 100 197 217 204 157 13 242 248 137 14 185 86 41 122 85 273 168 83 42 157 101 90 224 245 11 169 239 139 59 226 159 88 140 239 86 267 72 148 195 15 8 140 127 129 144 186 192 85 266 149 146 35 256 125 31 233 19 211 71 126 45 172 202 209 20 186 206 273 147 115 204 78 185 51 6 209 98 159 16 10 152 109 219 149 228 152 215 263 28 40 129 184 254 165 64 258 53 83 23 132 163 101 200 119 208 98 139 94 67 127 244 218 79 36 279 105 145 152 229 109 280 203 47 71 218 29 235 200 221 107 203 271 219 224 44 183 109 182 268 155 92 188 183 8 179 270 159 101 91 251 69 60 126 220 58 275 16 135 228 218 23 231 51 6 112 75 18 105 42 104 183 124 254 191 96 248 74 171 78 269 2 112 86 202 228 23 13 51 15 259 175 243 238 190 201 180 232 98 82 101 271 125 226 13
199 161 244 67 248 77 49 110 275 89 148 267 58 199 267 176 218 107 198 278 54 56 132 136 20 163 64 76 215 212 22 49 37 69 248 224 43 213 79 270 126 49 74 218 22 223 189 43 195 68 160 213 209 143 64 2 253 197 48 193 108 234 259 107 124 47 55 197 273 185 271 196 133 169 181 162 225 88 11 181 7 185 183 143 148 216 65 217 81 94 206 192 60 159 229 72 95 230 166 113 271 221 44 206 157 33 227 189 31 107 112 152 63 206 16 148 35 266 21 220 264 62 260 110 119 254 88 153 65 124 17 135 251 165 221 125 124 204 25 196 250 90 184 90 213 164 228 196 213 160 234 195 69 83 243 161 112 131 92 58 168 267 273 207 52 67 247 62 201 27 162 22 272 218 81 150 107 238 270 15 125 82 277 101 222 178 272 136 210 148 15 8 109 113 274 192 189 280 76 150 166 112 45 120 183 100 254 96 14 279 219 75 128 221 46 191 211 125 230 114 269 1 171 37 142 111 34 91 230 5 87 130 200 193 32 163 22 132 196 219 260 213 261 241 116 150 214 238 149 21 43 178 102 273 39 112 213 257 242 74 53 201 49 24 49 94 199 58 212 111 245 99 189 269 111 2 233 209 252 78
158 181 118 185 181 45 56 159 274 227 131 100 196 238 155 201 176 80 243 84 265 196 88 263 147 68 87 153 251 181 120 160 8 232 163 48 54 201 140 81 144 54 222 215 187 8 4 273 64 171 199 112 111 4 229 16 17 72 30 74 272 163 61 188 185 170 278 178 148 86 54 224 108 78 107 264 243 193 110 118 104 123 204 8 101 107 71 166 35 252 65 51 146 122 32 266 48 265 85 244 37 71 203 254 212 179 1 223 178 107 86 233 14 214 136 256 213 168 91 117 270 96 107 108 140 17 111 155 264 226 232 71 91 234 92 62 45 170 221 176 257 121 94 227 241 269 122 220 32 78 176 244 14 213 271 152 49 216 267 118 10 47 239 72 114 59 20 245 18 28 205 271 68 8 275 176 27 62 163 16 264 133 280 33 11 23 104 99 78 269 143 63 52 226 177 260 88 65 32 101 89 180 17 143 181 239 197 131 107 55 105 27 101 129 141 280 143 205 64 91 81 31 72 97 129 102 279 171 170 151 276 219 73 125 218 116 279 194 144 72 260 98 238 206 49 166 130 113 96 85 61 94 56 272 226 180 221 26 236 241 256 132 134 125 26 268 11 89 30 246 63 98 251 82 240 194 111 260 143 276
130 85 122 194 250 52 255 199 75 100 180 186 155 190 263 134 253 112 96 142 143 188 264 70 30 26 97 23 262 258 24 256 175 136 85 26 11 173 257 128 41 238 209 247 213 83 33 177 42 22 100 21 137 162 220 201 150 62 98 205 254 6 15 118 68 102 182 89 63 213 96 21 138 98 251 151 261 29 273 230 33 57 92 212 235 261 157 256 42 207 9 163 147 75 197 244 170 159 19 99 199 91 217 261 85 153 61 211 189 78 244 12 18 5 114 3 123 242 112 262 253 90 113 108 212 180 220 33 13 44 178 255 138 238 152 65 257 161 35 238 57 229 83 27 26 207 182 270 189 207 60 194 261 172 121 156 72 114 270 61 222 104 92 9 236 133 66 10 38 18 140 265 12 235 179 103 126 210 268 140 88 27 104 130 198 230 93 269 87 134 73 34 209 23 255 74 31 236 26 265 122 48 137 247 275 2 72 240 222 8 116 182 233 69 24 93 89 189 134 267 40 29 157 252 149 194 95 15 275 164 32 10 232 204 94 12 88 121 22 17 33 177 122 148 154 58 117 88 236 63 8 132 52 190 133 46 220 102 28 235 3 66 156 97 159 233 182 101 248 175 201 45 263 62 35 266 204 272 197 236
138 272 214 61 167 66 36 111 37 253 12 9 72 6 226 15 94 15 135 249 106 90 187 168 27 14 191 225 3 171 168 241 24 140 250 35 230 279 213 203 118 65 28 208 198 54 114 222 244 5 73 91 22 275 47 208 227 186 274 122 121 231 64 223 235 264 248 61 212 176 26 35 33 276 159 219 250 208 118 211 193 101 47 116 232 173 78 91 69 1 266 146 44 214 236 20 274 229 88 244 213 139 18 278 117 262 29 258 217 19 214 154 232 62 22 98 165 215 74 53 9 267 212 133 39 246 41 44 219 247 158 65 106 273 20 121 276 190 237 230 26 83 177 62 82 134 119 95 89 82 201 248 165 159 74 26 231 120 107 212 258 46 158 149 99 54 251 194 252 101 47 181 178 30 93 50 280 222 18 154 208 53 245 234 224 119 27 55 24 160 5 187 5 167 130 89 265 260 145 92 33 261 46 205 181 252 15 45 233 81 28 279 207 238 83 279 259 12 269 72 41 38 114 164 11 269 15 235 182 37 124 192 172 205 62 168 185 69 121 225 261 79 175 273 50 142 112 45 269 201 118 4 179 260 275 13 127 125 254 19 201 91 245 119 143 43 271 46 74 31 187 85 97 63 37 153 10 158 141 106
153 198 240 101 27 16 168 11 19 16 101 32 147 279 25 95 126 217 88 19 76 179 152 103 74 270 77 278 166 220 19 27 279 132 75 125 106 204 224 219 73 192 224 198 175 166 49 41 196 223 132 102 46 279 34 40 121 231 121 159 207 66 125 267 106 208 113 76 217 45 225 191 130 44 25 58 261 108 130 69 269 272 270 203 57 67 105 22 1 113 260 169 26 211 176 172 15 237 193 133 79 30 248 5 26 80 166 11 51 123 132 153 190 56 122 214 8 175 1 154 95 276 84 255 221 111 160 246 187 221 260 249 241 99 240 271 256 40 241 97 59 54 240 267 192 52 245 140 95 139 266 1 264 93 77 85 20 59 260 231 25 1 101 252 242 95 252 84 241 130 256 228 92 190 112 2 165 202 10 51 209 109 215 116 260 75 86 144 256 197 59 55 168 270 203 279 277 36 6 47 33 244 241 115 98 153 194 13 274 36 208 43 218 31 82 90 146 175 171 38 186 216 253 52 105 114 272 227 265 244 248 114 16 3 91 158 121 13 198 202 138 160 127 172 120 213 250 56 149 202 96 211 63 121 266 134 122 85 169 223 170 61 220 24 11 150 18 256 190 136 36 253 255 133 260 139 48 99 85 253
265 10 278 138 201 176 129 277 118 74 162 112 78 7 48 101 176 222 130 127 167 175 45 217 149 143 106 144 224 104 176 125 223 132 93 30 104 261 277 190 77 73 210 83 171 26 62 134 81 280 146 54 135 2 222 62 271 222 275 55 186 89 22 247 260 91 234 230 42 232 8 123 166 113 8 15 222 70 95 102 31 154 100 142 17 77 201 223 232 57 69 91 152 126 180 146 157 104 184 145 280 172 215 70 182 162 205 115 125 273 43 124 253 37 141 32 107 222 124 214 146 83 199 171 2 55 197 156 274 230 131 219 129 16 216 201 58 241 225 188 276 85 200 15 2 121 203 244 145 24 16 161 249 91 192 164 203 75 65 202 110 144 79 270 231 13 80 53 96 217 277 133 177 54 239 264 152 83 141 100 28 170 174 170 19 214 146 36 39 193 99 69 176 150 46 18 102 41 166 26 254 41 119 24 107 264 254 82 15 204 223 53 16 46 33 253 84 58 190 18 57 226 200 90 117 159 222 33 168 155 108 114 216 272 37 186 229 278 253 187 127 37 94 108 218 278 25 43 119 279 101 138 206 156 146 135 247 186 137 43 124 70 44 53 92 239 46 81 260 16 268 230 217 56 259 111 139 173 271 92
101 88 84 214 49 271 187 112 242 253 4 272 121 246 156 190 164 69 218 133 19 12 153 31 137 143 94 65 275 7 74 232 70 184 24 199 219 176 140 170 268 230 82 225 162 196 110 268 9 277 222 9 170 37 116 172 131 278 222 181 24 128 49 279 168 225 188 247 154 239 26 12 155 133 32 124 57 160 262 129 129 272 43 222 96 184 107 64 1 258 234 106 262 214 243 240 39 172 8 279 184 136 94 70 176 38 179 133 196 246 14 175 41 133 23 194 20 53 11 127 110 93 49 9 215 138 76 59 233 62 57 221 183 186 174 35 273 234 266 149 149 273 261 178 47 97 147 253 205 270 92 87 15 224 131 27 179 106 81 61 234 61 231 163 18 260 93 69 185 192 280 173 86 170 24 57 248 181 16 25 28 242 237 160 182 62 85 75 147 81 147 121 181 250 50 10 245 59 41 29 259 240 110 206 79 40 93 212 111 145 25 213 272 14 93 276 107 36 240 20 25 71 109 180 110 78 19 196 34 30 67 10 194 259 21 277 81 179 188 184 74 269 175 71 129 180 100 73 148 63 55 211 150 41 128 100 166 77 27 121 211 5 120 34 263 55 92 208 98 271 241 209 146 235 76 16 248 106 34 219
103 20 270 42 168 265 145 200 105 161 203 237 30 88 237 159 76 107 253 271 178 94 95 5 202 254 228 228 33 169 33 122 47 240 176 214 152 25 210 155 102 231 83 111 67 176 181 77 38 172 194 92 29 96 201 32 28 58 73 178 47 101 227 8 147 170 28 106 107 14 84 59 113 113 213 135 202 245 201 201 56 62 155 183 157 22 50 182 196 48 153 138 58 66 110 211 269 76 27 89 173 275 199 117 9 207 158 192 181 175 31 39 94 38 49 92 52 143 18 40 22 213 77 270 138 123 142 266 49 272 271 99 199 255 134 93 224 154 235 114 1 257 270 152 246 225 21 232 217 128 5 49 143 241 28 259 107 92 149 237 272 32 241 61 98 24 262 95 259 127 72 58 74 181 47 226 19 226 158 112 280 209 163 21 136 24 180 33 127 15 134 273 40 126 238 198 206 160 93 125 66 258 236 141 12 170 75 251 123 219 161 131 248 85 202 28 217 116 27 115 94 277 211 208 67 194 87 245 29 114 149 169 241 183 21 217 54 47 132 70 106 260 228 62 209 99 172 153 211 225 82 12 277 29 171 197 24 162 190 191 36 106 222 267 198 37 159 224 18 53 177 41 61 89 49 264 223 280 236 142
10 179 251 122 95 83 164 197 216 192 227 188 231 77 90 202 109 207 166 93 225 238 265 119 235 256 105 103 239 258 273 249 218 18 47 239 120 256 73 229 272 13 157 217 17 185 180 73 70 220 147 69 205 74 52 230 8 232 207 18 112 108 61 102 56 110 248 196 129 221 59 87 159 247 15 174 165 71 121 184 15 10 31 276 211 205 51 21 270 200 249 64 72 40 134 244 267 109 145 130 2 47 212 14 17 36 119 80 109 133 174 87 42 7 147 272 228 64 207 191 136 215 118 117 88 108 16 109 253 231 230 19 148 229 37 185 123 206 163 124 82 194 201 140 166 41 224 71 240 211 125 262 251 199 118 22 126 180 23 205 120 88 189 142 186 134 251 267 174 59 110 175 208 230 71 233 44 162 177 71 27 226 216 124 218 154 4 195 21 171 120 150 42 218 59 270 119 19 130 206 274 171 210 6 78 69 233 128 21 161 122 134 230 64 207 224 90 183 40 228 7 274 43 214 146 80 59 149 71 274 1 82 112 2 57 221 168 99 81 258 120 208 33 76 84 10 115 89 271 225 158 137 262 114 17 212 207 206 1 175 15 248 3 250 57 117 198 150 227 253 28 18 107 266 118 135 67 132 164 112
111 192 85 229 144 269 122 273 172 219 21 5 163 189 10 13 33 236 109 64 90 175 266 99 2 140 267 226 29 200 191 81 260 271 30 235 82 224 125 135 139 258 244 276 133 160 91 266 131 253 250 274 196 2 136 128 273 133 121 84 110 15 254 86 44 117 267 21 52 4 128 204 36 128 142 78 58 153 168 84 280 70 84 139 219 36 61 146 268 177 80 155 91 188 137 150 94 85 61 271 175 163 255 206 25 71 51 65 192 267 117 191 4 182 109 254 43 123 190 21 47 61 222 89 106 73 141 158 199 141 153 10 245 40 18 246 21 133 178 65 90 204 166 146 265 152 142 21 163 61 227 215 240 19 38 15 273 48 272 127 129 246 200 178 88 183 38 119 194 16 226 187 33 208 218 126 252 87 167 138 186 95 213 172 89 69 57 125 96 86 197 241 230 149 228 9 41 149 88 166 198 193 244 125 221 42 126 245 30 227 182 117 72 266 72 33 275 1 276 273 77 2 144 206 235 207 158 122 243 245 231 72 163 97 244 206 272 219 218 169 122 231 166 58 272 69 109 280 70 143 137 127 110 51 253 20 212 241 231 45 201 119 245 6 204 270 70 14 172 184 242 174 23 258 159 160 173 241 50 226
151 39 145 168 49 238 52 150 127 145 257 88 64 181 217 277 261 135 131 237 17 199 53 258 182 47 228 186 70 67 204 33 132 44 140 228 21 170 88 172 98 171 61 222 200 34 252 201 93 227 94 6 95 124 270 156 173 229 186 104 19 203 7 30 121 33 222 47 48 279 198 78 146 95 149 205 216 6 93 240 268 223 78 107 270 156 155 182 64 248 176 170 109 238 62 130 41 55 71 39 204 55 186 173 95 135 80 118 36 262 240 25 220 190 106 104 49 155 241 22 106 60 20 203 66 46 91 100 174 143 191 40 211 51 136 270 26 85 60 246 7 88 245 188 70 171 132 86 43 230 35 34 117 69 43 150 137 127 1 244 178 47 175 134 69 161 241 89 199 268 3 160 43 254 193 1 77 249 114 34 123 199 3 105 164 152 186 75 89 74 177 156 70 172 256 61 79 23 116 21 253 1 202 205 62 30 45 266 53 89 273 92 243 218 130 194 48 238 115 23 63 58 176 210 48 69 126 178 166 58 238 276 81 24 224 177 182 261 257 70 234 183 7 171 186 133 78 9 103 134 178 125 210 267 197 275 271 56 64 70 195 203 76 67 83 266 10 38 182 91 137 242 168 213 176 150 216 169 72 8
5 17 28 211 179 132 242 167 144 9 272 8 65 187 279 70 118 87 188 104 199 158 18 146 236 180 222 96 180 224 271 251 31 145 221 124 151 88 169 58 258 160 60 264 31 165 93 241 187 167 84 205 129 12 78 259 38 8 38 159 205 271 112 176 21 163 119 87 84 235 90 31 250 14 172 67 246 233 252 141 266 215 158 75 131 177 38 153 177 86 234 5 272 72 116 121 180 35 19 14 141 91 71 13 222 44 113 58 207 154 165 111 160 203 261 139 179 54 110 85 109 4 41 74 189 36 236 112 278 86 223 250 179 31 259 160 7 204 246 137 242 62 156 138 100 190 150 88 104 38 272 135 121 221 120 87 261 280 103 172 162 206 157 269 193 241 125 218 8 207 156 179 209 163 277 93 102 189 93 150 260 208 143 142 62 194 149 21 123 227 36 104 243 39 18 180 150 46 164 221 212 98 47 57 159 69 195 63 263 247 226 36 7 258 121 10 270 181 75 26 136 40 250 222 274 69 51 82 68 232 151 50 143 139 263 58 48 104 221 14 6 41 220 127 192 119 223 262 265 275 246 37 110 212 246 229 162 138 77 48 251 258 279 214 160 169 34 165 15 160 264 279 89 171 103 204 201 242 204 220
207 56 76 30 126 240 270 6 121 164 132 56 103 238 235 125 146 17 144 170 45 86 271 223 213 149 171 160 162 98 121 203 191 17 32 230 143 157 168 197 36 68 223 138 74 244 202 124 80 150 106 274 35 129 225 88 161 144 7 238 186 87 69 264 201 270 67 167 261 280 147 67 32 21 136 47 195 189 199 31 124 242 202 161 107 277 14 95 78 214 7 276 161 64 279 95 37 244 200 171 23 187 62 198 214 232 41 117 136 268 228 73 273 95 65 161 98 270 119 75 110 225 258 186 259 200 174 147 62 84 165 155 60 180 88 23 173 220 161 34 114 111 112 159 204 99 189 152 186 254 212 186 128 3 113 238 268 205 124 120 253 190 63 277 206 44 114 99 79 266 202 98 273 148 11 116 176 267 260 108 34 222 219 149 83 168 6 97 208 253 5 132 216 158 197 57 208 23 254 248 140 250 88 206 129 211 254 121 87 98 39 136 35 117 234 148 112 158 4 264 242 26 7 142 206 102 220 59 242 191 252 93 130 145 131 174 48 220 236 64 58 210 223 87 217 225 194 220 215 51 53 55 177 87 13 263 220 45 52 178 227 79 141 186 21 108 142 191 141 8 131 114 14 228 166 146 74 7 113 165
224 90 115 232 226 216 57 87 119 244 175 35 252 239 42 248 4 276 264 144 96 28 24 279 133 75 256 158 214 245 132 194 133 179 118 225 131 103 237 219 264 255 175 77 97 172 158 264 226 231 272 176 8 201 144 241 29 223 63 122 56 223 39 71 273 202 14 222 99 159 183 102 248 112 104 195 12 74 106 60 87 252 20 229 30 74 259 151 25 183 64 12 184 40 157 177 83 147 9 240 132 232 94 123 191 91 234 59 84 11 6 32 123 69 192 97 82 97 241 210 194 200 218 207 28 154 263 145 59 44 243 226 91 32 185 273 161 240 138 159 144 131 118 224 97 69 203 151 152 47 128 185 19 167 197 17 268 195 211 11 235 68 41 16 57 225 7 145 205 247 159 253 101 62 210 244 135 13 241 85 158 55 227 169 182 107 229 133 159 221 84 67 206 198 78 86 104 19 87 146 256 208 32 23 107 90 268 125 57 198 157 150 105 52 234 154 102 68 262 262 189 85 55 176 192 13 243 278 225 11 21 264 164 257 164 81 197 201 64 176 100 232 11 219 45 159 209 70 207 162 71 188 190 160 37 44 56 232 238 144 191 163 195 19 62 20 59 182 193 50 81 12 100 248 197 86 129 130 148 18
45 132 189 199 18 80 186 251 185 103 188 32 127 77 222 198 46 221 250 103 7 271 272 85 28 102 217 166 140 215 169 140 64 114 231 249 78 212 200 84 279 137 121 126 242 170 277 258 92 257 210 221 250 264 22 185 87 177 44 238 158 223 163 148 67 26 68 275 187 115 247 242 13 224 57 10 278 204 18 13 143 66 109 63 131 108 246 206 149 40 134 34 151 28 126 246 252 223 270 187 121 134 57 227 269 112 129 253 139 252 45 27 126 199 241 150 60 139 278 231 231 277 194 24 123 10 258 67 38 186 203 8 226 269 272 242 114 90 207 247 227 82 53 157 109 133 185 166 16 114 33 122 39 183 89 63 68 60 231 273 132 189 248 71 242 177 12 258 274 230 18 265 162 196 265 73 131 48 255 227 191 269 210 189 242 110 161 120 25 206 19 201 240 228 54 182 55 95 182 269 252 230 178 271 114 137 81 172 240 32 138 91 101 39 183 106 161 9 101 85 62 132 111 178 91 214 180 222 33 253 262 111 145 12 206 188 14 222 144 114 99 238 153 174 239 172 48 21 184 98 228 64 23 249 15 128 166 146 61 53 58 8 108 45 224 145 267 49 119 274 224 246 201 66 20 278 49 141 147 160
40 133 126 125 185 253 234 18 90 92 23 279 218 123 25 111 231 247 211 109 194 165 213 265 274 262 100 32 238 219 31 111 189 184 211 277 99 141 111 238 149 162 279 213 33 128 58 142 205 92 158 227 225 144 190 185 175 220 116 71 45 176 279 210 142 117 85 228 155 135 110 246 149 150 262 50 98 29 167 193 15 202 28 188 181 228 123 46 247 215 243 72 219 80 250 45 235 171 178 154 111 101 10 13 23 89 30 173 196 267 5 66 210 277 126 160 138 193 202 110 222 187 95 252 23 84 196 251 73 203 65 212 49 81 71 120 32 115 79 214 38 258 140 140 144 21 157 19 58 268 192 95 49 245 255 111 152 195 61 186 50 22 95 175 138 170 12 36 8 276 47 125 231 81 128 25 115 114 119 98 55 245 162 183 129 220 261 64 2 60 132 173 2 214 220 23 38 178 73 137 126 141 128 107 243 66 16 237 233 166 73 189 212 39 44 50 175 10 279 67 231 57 263 121 248 62 49 9 231 85 258 82 124 278 277 62 131 16 199 223 6 34 129 92 223 17 231 128 43 188 260 115 141 256 11 21 209 153 20 273 15 277 79 49 242 1 242 242 98 70 143 279 66 81 138 27 56 66 147 50
50 152 212 47 173 43 2 77 181 252 223 181 227 99 256 184 151 25 78 58 59 186 246 38 113 96 11 35 151 233 190 58 210 216 271 267 192 6 147 6 219 148 190 233 79 203 68 10 202 100 9 189 26 103 173 200 118 217 99 151 126 276 110 17 201 172 67 278 79 179 209 230 206 271 260 35 132 86 235 42 272 271 92 80 9 46 171 123 212 108 103 182 156 140 150 127 101 76 53 136 272 261 278 211 164 44 4 75 100 57 113 23 61 171 111 76 130 91 217 177 274 175 270 28 266 30 272 159 50 31 47 245 218 84 86 76 131 69 2 35 97 239 15 182 172 64 177 257 96 151 43 68 236 17 274 28 214 171 156 35 118 270 115 141 129 42 194 71 80 120 109 31 212 152 143 5 234 229 138 231 44 138 138 20 88 147 234 113 2 117 256 190 139 79 202 123 239 204 134 102 112 235 37 236 207 280 174 55 237 165 22 220 4 70 223 90 178 81 131 248 7 47 71 268 199 60 122 143 72 31 107 126 14 146 28 178 164 19 44 199 145 255 276 278 213 29 107 91 58 47 140 54 193 58 236 100 208 148 205 195 99 234 266 63 176 185 261 271 108 135 4 164 199 15 87 219 253 134 17 221
172 213 268 68 224 123 204 66 255 183 129 133 260 247 21 61 243 8 62 256 207 179 129 12 124 255 266 181 33 200 95 193 78 216 275 89 49 43 39 259 260 44 152 256 141 235 59 238 123 109 254 102 276 55 45 212 92 243 184 42 253 227 188 133 220 94 56 197 79 156 95 61 6 209 7 198 141 39 43 30 77 25 130 267 264 17 31 38 37 125 180 85 139 139 73 66 214 189 270 266 176 168 65 51 161 35 51 207 252 156 270 163 119 155 200 128 123 26 126 222 130 182 53 251 94 34 257 133 217 262 194 67 135 241 255 154 124 257 116 11 93 74 56 70 24 205 156 35 145 278 76 125 200 164 160 75 36 68 31 42 138 217 18 113 258 191 37 125 60 269 170 212 63 88 147 29 113 259 34 209 36 263 34 194 66 119 105 79 145 173 150 258 140 30 127 273 189 187 172 186 84 141 98 223 256 42 271 38 115 213 147 104 144 92 279 29 269 159 6 84 215 217 43 249 156 203 53 160 235 11 246 27 119 62 58 247 115 270 181 182 205 157 109 26 22 24 112 279 66 246 149 275 66 216 183 162 31 228 14 124 98 237 248 66 30 8 72 49 203 156 149 30 220 67 221 128 221 149 108 45
267 233 206 193 107 4 268 172 58 226 111 235 157 134 201 203 79 229 150 46 135 219 263 40 112 105 186 205 4 126 272 56 236 194 22 48 91 106 33 159 269 153 137 136 197 123 235 77 20 110 47 235 121 144 124 153 6 248 193 99 95 101 265 89 43 174 15 202 274 204 179 69 96 186 12 189 128 111 172 199 236 113 255 75 149 215 270 114 266 42 274 155 189 279 280 202 158 3 57 54 139 13 188 196 64 239 173 156 73 104 119 121 19 240 236 122 141 210 68 152 194 148 206 48 260 264 191 174 241 84 86 66 103 148 144 128 103 162 165 176 203 188 179 3 68 77 54 234 122 188 203 36 15 25 147 70 34 22 145 229 205 129 121 81 223 13 120 91 65 216 113 125 271 199 257 64 6 272 59 204 177 73 146 262 6 65 6 119 217 211 158 217 159 130 5 198 90 242 206 69 14 243 206 1 149 157 187 180 116 167 31 163 57 127 157 36 186 83 105 48 124 66 15 86 7 22 9 272 18 214 182 78 116 235 74 269 219 115 269 200 152 151 156 194 198 33 121 141 153 188 11 142 20 102 44 184 12 41 29 9 152 74 192 221 66 193 224 96 126 275 21 77 15 28 154 108 40 204 185 113
129 17 139 8 74 178 205 93 185 58 131 94 220 162 2 269 272 265 194 218 233 36 266 200 236 105 40 242 255 95 36 161 114 253 162 250 178 64 63 255 263 21 50 207 145 78 265 176 81 126 5 73 68 197 36 204 142 279 169 158 134 262 43 106 116 155 137 143 75 182 253 239 17 245 267 101 61 96 185 10 65 95 224 209 155 122 17 209 221 245 77 278 272 227 234 98 149 202 98 246 221 145 226 127 55 180 98 107 36 89 95 138 158 112 159 119 104 135 7 115 2 3 157 60 116 163 103 94 83 108 138 173 209 144 89 251 64 23 222 113 30 73 214 166 250 97 180 266 150 186 52 191 273 141 186 210 215 228 247 59 194 275 194 31 224 269 121 25 47 142 157 254 249 45 181 179 245 28 38 157 157 36 20 88 240 25 1 206 146 225 187 174 81 228 183 73 206 164 234 30 231 277 41 163 105 107 131 269 186 80 256 222 98 4 212 179 198 247 227 252 126 60 252 269 177 72 78 155 113 75 148 187 165 263 9 221 108 19 33 193 251 251 189 154 229 56 268 4 245 168 151 60 170 106 24 8 224 279 268 205 70 93 204 26 235 225 213 103 37 230 49 131 86 36 112 20 140 66 138 170
170 254 206 89 167 258 164 13 227 163 84 128 203 66 137 196 214 106 116 196 74 55 113 197 87 128 172 174 187 114 50 13 158 90 54 176 275 151 149 67 129 26 202 43 226 40 251 136 41 240 280 182 15 109 95 46 271 56 126 197 248 130 157 217 249 145 110 107 207 162 141 159 187 150 270 112 276 127 158 97 25 83 139 183 78 205 272 87 102 103 116 3 169 251 31 22 146 30 160 36 66 160 235 204 280 149 124 189 205 268 57 221 176 59 247 271 12 62 139 33 28 36 197 271 269 239 31 210 69 127 102 201 78 176 175 37 78 260 184 79 104 233 26 99 72 72 202 24 220 112 206 112 182 191 254 212 153 77 255 170 237 155 272 145 276 94 112 144 220 279 110 47 160 273 70 148 115 54 82 105 46 13 39 25 132 136 58 204 76 198 106 105 280 41 45 19 72 4 231 47 209 126 60 19 171 270 109 104 80 160 221 95 228 110 14 215 142 181 226 38 277 215 210 54 73 4 97 260 234 27 155 227 279 178 252 158 62 188 152 213 210 221 19 260 189 98 184 51 215 19 205 102 123 263 233 251 142 98 127 123 227 117 218 24 9 106 228 238 218 169 218 247 241 223 189 7 246 272 176 20
259 181 11 275 25 65 47 163 152 47 232 179 131 22 79 18 126 66 239 25 233 237 233 107 198 274 214 35 56 161 100 94 122 141 170 122 69 14 198 245 45 97 33 102 225 272 168 147 76 77 18 24 30 272 2 252 69 180 264 132 237 202 148 186 30 18 103 181 214 268 200 135 194 195 80 112 98 66 208 176 250 133 30 188 108 191 8 111 63 5 220 220 56 10 218 18 181 89 108 274 168 114 198 106 239 90 229 116 208 127 279 180 80 122 194 44 109 146 224 202 168 44 123 205 208 56 103 72 243 38 218 19 243 196 261 173 130 244 74 259 24 169 121 172 158 167 149 193 99 271 195 69 192 213 50 140 68 98 251 5 8 81 221 198 91 109 157 140 98 259 145 190 130 31 224 52 137 236 115 211 216 274 33 195 215 73 98 274 108 121 155 191 86 1 242 55 120 270 76 83 118 101 66 14 43 91 244 232 121 144 179 25 222 115 215 193 4 250 45 278 13 246 7 84 157 160 79 33 191 138 138 156 114 144 274 176 22 253 79 96 251 219 177 207 272 136 54 185 50 178 262 230 49 17 277 5 30 107 93 44 276 217 184 56 267 2 211 226 68 103 66 259 85 46 14 70 60 172 121 22
84 10 177 214 178 225 147 198 34 274 95 113 24 37 199 248 176 194 255 150 266 187 41 38 200 218 117 218 237 230 13 155 19 155 158 161 280 147 110 146 93 132 143 222 165 90 212 267 61 256 87 116 95 88 189 74 119 144 26 262 204 255 94 69 10 260 256 185 186 131 4 239 118 38 115 213 204 180 228 265 250 72 50 17 241 148 211 83 3 87 120 244 67 120 212 235 138 145 86 30 200 150 40 98 148 264 90 90 265 1 182 4 60 115 12 37 142 194 114 59 57 202 177 137 198 224 182 280 19 16 140 67 92 241 117 112 160 280 59 232 168 67 258 230 266 152 152 272 18 121 206 260 167 38 200 127 185 172 189 208 15 115 85 147 186 188 178 189 255 144 202 214 58 165 186 163 128 183 24 199 142 123 240 16 49 116 231 76 123 110 246 2 160 18 73 119 123 222 116 135 130 81 35 75 226 126 100 108 77 250 190 105 138 65 90 51 228 213 106 62 24 164 95 220 260 123 14 20 219 99 164 144 24 138 189 245 275 16 69 212 125 187 139 118 6 143 70 110 2 38 28 144 187 234 131 270 82 250 55 228 171 244 89 137 231 132 244 84 220 179 37 176 166 170 250 256 270 73 105 100
34 155 49 95 144 25 167 239 84 31 157 216 42 198 220 113 179 100 224 205 127 243 177 72 243 105 230 66 268 256 52 154 131 121 165 54 60 257 166 267 54 274 279 183 84 154 137 37 14 227 112 238 73 76 200 199 182 199 166 51 87 228 254 14 47 207 242 192 87 159 144 7 12 170 256 108 153 152 145 38 150 231 145 185 91 266 114 254 141 222 188 173 226 185 8 57 117 8 235 79 142 276 198 242 193 138 166 178 83 151 6 220 122 174 209 12 272 73 186 187 164 108 117 119 164 273 40 217 58 165 66 55 34 188 165 275 26 37 27 216 26 106 223 177 211 271 190 78 150 107 130 41 165 170 54 132 112 143 143 126 263 156 249 17 50 225 98 231 43 12 196 57 34 210 236 183 158 41 56 204 136 219 144 235 237 17 267 33 168 35 134 35 213 80 184 9 228 25 258 177 181 199 198 99 193 223 275 273 33 170 52 144 32 23 211 273 164 67 108 9 74 190 177 184 56 232 234 170 72 156 206 76 159 255 137 67 275 162 228 122 131 196 172 192 202 255 25 205 144 207 7 192 88 96 209 143 267 58 7 3 208 95 49 122 4 254 240 56 36 208 184 262 152 252 11 170 177 162 163 74
66 38 202 22 87 222 14 77 203 246 205 138 129 55 219 67 221 212 255 6 179 241 84 168 101 71 209 184 203 243 243 148 278 230 246 60 272 137 30 52 116 60 80 210 162 192 66 57 10 152 110 56 73 237 1 136 22 157 254 201 113 185 280 201 238 234 98 211 31 172 51 238 122 101 16 258 117 9 27 125 166 38 112 252 196 124 164 190 109 70 50 270 69 210 167 6 93 247 15 188 30 49 74 170 77 127 195 260 126 138 249 60 94 86 189 184 243 127 191 173 128 40 120 277 260 48 102 135 222 112 12 9 182 81 161 51 197 58 78 269 237 237 209 266 119 258 45 195 254 175 54 28 230 135 165 94 233 121 194 97 132 210 199 165 230 268 109 126 33 234 44 138 242 102 171 199 257 274 82 249 4 53 74 136 162 249 152 253 178 137 41 59 8 121 247 75 121 208 53 186 197 259 229 231 183 128 74 141 110 183 25 169 100 154 41 99 181 186 1 207 186 240 33 26 89 86 67 232 184 159 275 61 204 31 83 106 232 193 88 50 195 103 68 115 232 5 276 13 176 215 236 275 133 245 94 268 159 269 70 142 13 252 237 105 266 180 13 122 105 127 57 169 274 82 267 220 71 45 150 83
230 1 4 213 162 249 212 61 250 55 9 193 220 101 278 112 35 228 125 152 50 266 155 154 165 167 114 179 24 241 250 31 237 114 174 126 244 81 89 222 177 267 231 17 269 148 158 259 14 57 17 117 24 95 235 176 227 147 69 233 67 266 162 215 118 11 13 98 73 182 201 76 222 115 232 213 49 24 239 129 162 67 231 228 239 147 111 235 270 119 161 11 240 226 89 278 111 263 267 275 143 169 72 136 246 228 70 49 182 198 77 182 178 75 245 190 275 92 163 236 227 76 249 48 196 94 127 221 77 219 65 188 57 19 140 261 278 26 58 218 115 224 97 103 33 275 40 107 181 46 168 265 87 132 78 22 271 57 4 275 94 90 104 9 13 225 34 18 111 5 46 75 147 245 271 210 152 66 130 217 51 125 80 131 167 249 84 185 129 200 67 160 259 198 171 121 18 254 225 74 18 56 269 65 179 110 235 179 200 56 48 87 78 153 120 22 8 102 61 89 238 82 146 66 54 61 114 226 219 2 240 241 4 251 223 270 42 55 4 165 254 27 63 53 105 9 145 120 237 250 158 29 121 183 34 58 170 239 189 47 203 61 200 210 111 137 216 43 275 177 65 156 197 94 113 180 67 229 4 44
95 152 148 7 194 230 158 22 193 65 90 159 73 244 6 65 222 241 192 32 12 156 42 135 271 268 4 147 141 73 35 219 228 23 13 51 220 107 2 13 227 255 189 91 226 162 82 156 18 142 191 61 71 223 106 265 21 94 2 221 264 134 118 16 217 15 171 106 132 140 101 103 194 119 157 73 254 29 100 126 251 101 251 68 174 243 51 125 18 233 68 194 97 189 221 167 147 137 258 237 268 158 17 107 1 208 207 205 131 278 68 31 124 176 57 226 21 127 98 224 247 81 176 181 138 232 113 167 37 174 123 255 175 158 63 111 67 10 179 280 247 184 246 214 251 75 80 261 180 103 112 88 11 64 185 43 88 128 9 73 51 39 56 86 272 243 1 223 17 189 40 30 55 233 78 271 239 108 138 24 167 264 22 261 274 76 134 181 181 270 27 234 124 166 192 59 81 210 272 278 45 264 2 88 136 81 199 23 156 239 86 232 48 167 62 19 95 250 167 74 266 199 156 75 38 258 40 91 116 197 130 245 59 252 211 186 129 78 197 101 124 15 217 10 41 12 108 71 18 89 229 96 244 244 157 208 57 117 167 96 274 105 61 261 42 43 41 275 44 252 89 150 149 132 192 8 69 208 167 129
204 17 107 134 168 182 17 279 3 189 109 97 142 66 129 221 225 240 187 183 31 224 77 66 43 182 215 279 116 249 216 246 168 15 5 178 166 69 65 136 118 84 45 120 108 255 137 249 33 121 205 172 162 60 90 71 213 228 239 193 74 211 182 258 198 132 19 121 28 137 168 76 68 214 117 206 108 65 247 151 243 242 89 266 63 160 171 166 120 252 30 203 210 142 120 86 256 86 83 100 15 200 259 198 160 121 74 48 242 263 106 174 258 263 94 3 23 163 195 171 225 251 28 160 262 122 96 226 229 182 151 104 162 152 179 11 43 13 137 221 46 107 47 241 61 27 106 4 202 159 192 159 279 35 156 124 22 37 276 245 90 233 62 261 245 224 177 232 255 71 29 151 102 160 228 221 78 131 128 38 238 266 223 224 92 117 165 128 20 133 57 256 163 10 247 161 91 228 83 90 231 157 16 261 5 265 82 45 152 41 42 195 5 223 275 129 241 80 128 53 33 61 100 95 29 186 125 179 84 115 151 240 26 176 36 81 213 253 41 108 153 210 268 239 102 17 278 274 51 7 163 186 97 113 122 120 118 247 167 161 268 7 51 267 215 89 48 277 5 171 156 24 57 234 241 72 164 189 157 124
260 273 19 261 209 120 40 140 130 91 209 159 201 154 23 62 49 60 25 165 246 81 272 83 125 74 216 65 101 88 195 268 184 184 10 233 261 72 166 251 19 256 82 118 72 66 197 228 96 18 77 175 48 20 261 97 109 15 177 131 258 170 156 157 127 85 155 175 106 42 65 54 193 128 218 168 35 5 134 208 52 14 167 190 15 239 151 13 99 146 12 60 104 36 239 80 105 162 77 280 150 132 207 78 180 61 3 50 190 69 163 260 24 244 239 93 242 6 93 191 251 197 75 215 139 152 87 38 24 232 259 224 106 31 127 79 63 268 8 43 200 73 214 58 39 1 251 188 155 49 111 272 254 115 21 228 176 76 75 215 36 104 195 110 253 97 241 72 5 120 160 32 81 175 16 232 239 8 45 204 69 86 223 124 152 103 113 210 153 191 58 10 62 117 23 116 193 79 263 276 115 236 171 259 19 65 103 47 200 159 161 134 12 15 14 274 92 6 14 71 245 21 147 121 237 17 221 215 206 246 173 17 190 84 185 277 9 211 43 273 226 192 238 74 224 224 148 235 223 174 109 170 112 4 118 135 252 231 156 269 1 278 26 238 54 84 216 155 195 179 76 197 241 118 94 122 263 199 227 248
153 131 270 190 221 136 247 118 260 278 48 183 108 109 57 232 216 23 184 85 262 54 266 63 274 12 131 82 79 223 15 32 209 88 164 62 212 13 218 196 1 113 11 15 125 251 85 142 172 86 170 268 219 64 272 99 3 258 79 234 206 242 37 77 238 149 130 177 52 169 173 93 274 20 6 44 271 54 253 204 166 89 32 223 126 268 75 196 165 161 180 220 119 261 184 170 262 47 138 94 65 25 105 210 256 118 166 1 239 133 10 81 75 178 159 24 45 173 27 65 85 23 130 262 238 112 244 200 227 245 122 113 186 133 218 46 229 1 9 28 82 36 93 95 34 25 145 189 131 97 59 54 30 123 188 189 106 21 44 148 9 207 180 153 154 59 66 29 159 129 185 55 162 64 177 236 147 147 265 48 28 101 193 265 252 216 36 92 28 121 48 141 252 187 15 152 223 187 277 166 205 254 28 265 246 43 44 204 209 261 33 181 13 221 214 69 94 241 261 31 229 53 145 52 188 108 263 198 92 196 268 175 94 67 133 15 130 245 148 240 173 116 20 217 75 132 201 124 26 201 148 162 74 161 141 36 136 9 190 84 123 176 169 211 39 222 221 97 160 274 50 180 76 26 51 70 105 134 197 173
10 97 84 238 157 188 169 101 186 181 275 32 248 220 279 258 251 216 173 151 30 15 14 64 171 50 181 180 99 56 271 114 204 239 82 266 49 134 142 139 196 208 187 162 26 204 223 191 170 220 239 243 154 179 278 254 52 127 50 49 62 250 220 278 3 255 53 75 64 227 94 3 60 10 228 74 209 146 26 224 183 87 25 37 121 111 246 132 163 168 34 177 189 251 42 276 110 255 187 243 36 172 236 198 167 195 77 78 83 1 256 262 202 240 257 32 164 87 28 28 112 222 49 47 265 29 250 161 185 21 28 16 6 32 143 195 174 196 250 197 94 129 92 9 142 48 231 42 112 123 266 245 124 267 211 200 145 42 268 280 6 225 172 193 262 25 248 222 30 6 15 100 196 227 58 15 186 258 44 16 269 74 217 251 205 152 266 157 120 247 24 55 160 85 228 266 188 155 117 243 275 22 134 200 227 266 203 90 179 15 12 39 179 266 119 266 5 126 278 49 216 28 233 75 98 208 210 67 276 38 62 229 93 169 101 193 207 226 140 71 192 246 150 158 21 21 266 155 252 2 143 129 191 14 36 175 157 238 82 135 121 185 146 72 70 47 79 184 137 77 142 13 233 153 161 93 14 159 195 73
129 116 280 148 121 19 193 218 50 46 265 144 83 65 99 40 127 80 92 261 14 251 21 200 198 205 9 136 53 48 155 167 13 138 239 48 259 46 161 53 68 157 217 57 221 64 20 243 279 164 186 77 101 242 164 276 59 79 266 120 129 54 266 41 37 53 100 143 86 205 120 38 65 243 211 179 73 147 226 275 83 210 186 45 152 247 108 48 129 70 153 104 151 280 57 56 234 17 164 44 91 265 162 135 69 157 252 230 210 237 107 220 210 274 108 151 222 147 21 274 136 146 146 266 35 57 74 86 13 202 232 21 157 52 239 203 119 201 200 243 252 48 126 48 97 32 195 80 250 193 64 88 21 191 116 8 5 121 25 16 17 12 214 84 246 255 81 240 43 76 77 6 214 239 190 234 1 141 100 115 45 154 117 139 50 241 159 104 135 262 67 185 168 75 203 158 258 232 26 275 70 150 250 134 177 93 60 14 226 257 254 237 187 276 219 63 187 211 115 146 279 216 194 237 23 180 175 183 156 160 43 109 205 222 168 234 114 49 94 246 83 269 20 94 18 120 165 213 177 259 46 201 101 13 106 172 180 33 212 30 195 96 233 275 150 273 266 149 263 215 16 71 76 182 191 130 155 190 200 224
24 150 31 269 174 246 200 258 94 252 188 109 151 197 134 59 189 114 10 33 70 106 187 155 140 154 206 61 184 16 148 41 195 170 256 188 25 255 279 188 55 164 6 181 222 236 220 96 92 85 96 75 54 131 28 57 272 141 150 26 269 132 234 168 202 116 165 255 195 107 9 166 171 242 227 271 186 239 188 225 42 250 19 101 210 97 167 57 214 25 275 203 111 7 33 256 29 220 253 209 211 81 113 178 135 91 249 198 86 267 257 53 2 158 87 75 46 21 125 199 52 11 227 35 119 90 20 146 23 21 62 194 223 83 252 274 79 259 57 184 219 18 98 180 148 112 28 125 167 146 62 13 269 264 220 56 227 113 120 189 43 185 63 250 129 47 174 68 241 45 272 172 98 125 93 83 122 112 108 31 240 133 252 132 118 82 254 63 147 74 275 33 191 36 162 218 78 220 79 202 166 183 223 205 116 76 208 264 22 174 84 26 36 81 215 58 31 176 225 142 250 248 20 226 39 69 214 195 161 12 32 113 12 181 51 236 247 199 107 240 165 172 156 251 126 99 267 32 163 188 37 134 83 175 197 103 2 46 109 222 207 207 6 271 183 125 228 97 96 112 243 104 2 234 188 48 54 270 269 269
215 239 50 221 101 255 143 243 247 17 155 204 70 94 84 254 246 116 82 26 276 210 258 271 147 11 35 36 70 251 259 215 199 17 171 219 211 167 172 73 242 51 131 15 242 271 192 146 63 69 184 158 172 257 84 268 91 32 94 178 78 2 146 206 137 79 220 273 219 133 3 75 247 95 230 183 19 60 277 17 264 63 170 186 122 181 21 226 58 23 146 258 32 277 21 275 210 32 165 271 124 51 50 162 60 107 240 116 101 232 63 182 192 228 101 36 270 152 32 130 13 68 162 217 267 52 189 218 238 119 43 43 248 239 90 224 74 72 119 192 86 13 197 92 245 63 54 179 55 28 132 120 45 212 165 159 183 215 36 84 23 95 120 172 112 77 152 147 271 150 60 140 122 94 73 215 80 27 44 60 250 17 117 92 45 176 193 266 228 56 26 20 114 134 172 26 189 54 72 84 244 15 243 111 28 248 205 26 58 260 88 215 276 210 58 216 240 136 265 190 237 189 256 221 144 78 200 250 132 139 12 77 106 214 159 189 100 58 247 68 66 254 209 65 266 28 20 75 92 164 108 53 8 19 178 203 121 175 97 73 38 53 22 247 150 43 37 140 64 170 45 93 33 252 258 268 180 214 86 34
144 231 207 145 101 265 191 23 97 225 59 158 4 247 246 1 4 22 116 233 15 274 267 103 141 229 223 215 272 204 158 48 241 176 146 53 24 17 96 18 37 248 224 21 279 202 175 176 32 146 260 197 38 273 186 59 67 178 114 155 54 42 64 195 259 115 14 9 163 160 178 63 44 117 258 68 271 249 158 50 279 173 103 14 73 231 214 11 8 76 180 201 25 20 84 109 28 56 167 35 149 156 237 185 190 121 245 214 207 237 33 136 51 240 256 134 204 239 22 197 259 186 137 161 196 242 11 82 122 247 235 35 198 110 262 114 58 107 139 219 228 128 218 197 32 139 10 28 180 217 39 265 138 270 274 16 70 125 211 88 201 13 56 73 67 190 120 135 197 86 266 60 271 254 247 160 169 276 239 167 75 73 269 154 47 219 234 96 214 200 259 164 101 270 47 160 82 174 214 123 144 98 263 169 251 63 155 129 2 187 220 73 2 159 217 111 100 275 134 279 205 194 243 93 107 15 15 92 153 75 209 276 24 181 76 209 280 161 33 159 83 169 109 168 137 32 169 217 79 275 166 41 135 105 149 21 128 171 133 259 235 178 156 239 255 115 62 143 129 165 43 252 196 3 61 172 220 255 227 149
16 213 97 11 222 172 156 8 128 47 103 67 254 192 26 151 135 8 15 250 153 265 135 204 180 130 130 41 85 168 19 141 239 134 45 262 127 144 33 38 63 139 269 275 48 136 27 135 99 232 96 169 132 167 204 76 276 7 239 34 192 182 181 46 110 178 79 15 36 138 181 157 267 142 140 127 193 100 213 131 110 22 275 98 227 256 56 197 6 251 140 93 177 3 31 222 145 268 31 23 227 50 247 151 252 243 31 136 268 188 93 241 182 106 208 41 246 227 23 280 70 112 233 119 85 113 134 85 59 50 71 196 72 205 165 197 114 199 107 28 76 57 30 11 47 24 72 102 252 151 148 166 52 157 123 1 207 101 120 124 102 66 221 27 28 207 204 237 205 25 231 85 204 254 191 239 172 218 161 77 163 23 245 125 30 154 265 101 93 42 27 6 187 129 137 215 120 3 150 251 2 255 248 37 45 268 125 219 109 45 254 205 260 102 10 107 223 70 220 171 14 188 149 168 23 122 53 85 33 159 119 107 83 80 147 48 129 262 59 54 252 273 216 154 78 26 151 276 243 270 135 152 155 46 19 151 223 62 159 35 114 94 198 34 222 231 132 172 15 153 179 243 67 120 44 70 74 200 3 245
18 278 95 166 39 118 104 170 91 119 181 61 4 59 6 133 55 64 198 214 204 180 212 23 78 209 42 45 245 91 220 200 121 113 228 69 86 256 271 248 239 52 214 144 204 156 84 6 47 80 8 40 180 57 156 91 237 51 264 135 32 73 59 183 266 45 242 228 69 224 225 128 239 179 188 263 239 195 62 94 42 199 10 21 184 37 163 245 111 264 51 215 223 45 247 5 31 101 101 197 51 18 243 238 166 126 45 189 239 266 273 271 190 59 129 25 37 119 43 168 145 259 168 236 33 113 185 118 16 133 88 22 79 209 271 187 125 218 168 195 213 96 60 116 77 3 188 149 128 4 233 215 43 49 23 190 78 37 46 157 29 89 145 29 163 182 272 97 128 75 145 80 146 50 197 69 104 185 117 205 138 241 180 16 273 148 248 243 73 168 79 178 50 60 150 247 56 100 10 169 53 38 33 127 171 25 234 264 149 264 170 182 275 167 172 26 182 139 62 49 98 184 128 268 210 51 116 272 199 114 33 280 57 189 74 151 249 166 12 17 27 172 112 88 229 266 265 54 19 44 266 146 248 20 7 17 155 138 150 121 14 213 92 271 146 185 64 9 169 161 118 112 126 114 28 100 222 224 117 182
102 138 81 279 193 268 262 83 219 20 38 187 170 191 189 203 34 247 246 160 93 267 4 115 119 59 267 44 39 96 2 208 124 145 189 57 20 15 253 75 18 160 88 258 170 173 19 17 44 123 22 239 146 11 280 75 127 266 277 226 118 131 15 2 88 269 227 263 24 143 242 32 172 73 186 174 273 279 262 37 42 231 254 197 118 107 139 115 5 59 214 49 41 137 7 203 258 279 145 115 107 248 221 226 120 225 166 200 22 12 14 223 240 231 109 180 36 48 259 100 13 246 132 59 97 38 130 42 36 239 145 163 46 137 200 263 22 179 266 156 142 23 127 228 252 221 185 234 172 39 51 218 54 226 225 125 275 260 150 195 249 164 36 264 214 19 211 120 136 151 187 189 220 91 101 41 208 222 10 210 230 231 126 169 177 151 179 209 229 212 155 87 68 271 258 148 50 5 101 119 50 80 58 40 122 243 153 265 257 68 83 155 152 103 276 196 275 100 111 127 86 259 205 118 92 112 258 73 157 214 174 269 51 34 88 246 257 73 74 107 124 208 252 150 234 143 37 225 270 30 70 277 78 280 207 148 68 55 174 71 72 103 275 102 206 5 143 43 88 5 59 20 215 113 197 6 46 1 142 41
130 181 73 3 152 113 71 272 38 108 241 231 212 250 22 217 202 46 163 260 159 192 71 128 13 165 271 213 262 125 65 91 7 50 152 73 205 151 70 73 59 184 10 223 244 211 212 79 8 87 204 146 32 276 139 244 188 49 193 228 4 213 272 147 185 77 27 129 36 223 227 277 38 176 49 3 204 6 151 50 106 241 115 66 269 266 129 237 152 256 269 213 43 139 84 267 195 159 133 124 173 201 109 28 242 148 134 263 10 89 54 98 203 121 274 216 260 38 46 37 141 60 47 8 113 85 52 42 18 15 115 167 178 134 202 130 155 269 187 249 92 224 93 46 25 28 229 42 12 193 119 78 148 82 223 117 233 74 104 112 110 197 235 114 121 167 178 49 188 122 133 265 163 123 260 197 150 151 40 235 46 73 165 192 105 100 19 52 201 52 156 93 64 145 115 246 40 154 41 175 33 196 155 71 157 64 173 159 271 101 116 258 21 165 180 172 107 148 13 251 109 260 147 85 211 257 75 25 167 62 212 45 116 97 263 189 264 255 28 105 135 51 44 208 149 98 267 171 25 72 199 230 151 253 120 47 189 60 192 83 97 164 3 253 157 131 93 136 75 258 272 54 148 2 114 24 155 62 57 231
199 94 256 23 12 85 170 184 96 164 109 211 17 95 83 195 183 111 136 163 142 190 92 194 149 200 215 116 107 104 151 240 64 257 197 112 218 263 118 203 196 70 80 207 247 156 206 178 73 96 171 249 99 278 60 226 229 108 95 74 20 125 133 184 112 160 170 50 156 212 147 225 153 21 201 232 93 148 244 209 58 85 78 59 269 213 19 13 203 264 93 183 247 19 212 156 98 264 163 115 18 217 83 280 6 51 169 231 247 126 187 241 260 136 248 62 160 120 220 185 170 16 184 74 143 235 51 89 40 180 224 159 57 29 108 50 134 44 20 62 280 253 106 90 47 63 252 270 203 27 218 102 97 262 254 160 30 123 32 77 217 248 24 230 269 28 194 230 214 183 155 57 219 180 221 170 263 251 231 84 118 64 126 129 201 272 85 97 245 207 172 15 62 41 229 272 133 252 224 272 245 179 54 34 42 250 194 130 174 88 71 259 99 199 34 94 169 138 122 14 246 50 19 259 171 200 138 178 96 89 28 128 275 40 280 59 93 25 266 38 221 202 55 33 33 215 193 179 82 40 245 10 1 138 87 1 59 185 65 213 258 18 97 66 46 56 3 155 157 65 157 147 45 220 127 226 99 114 165 111
129 140 106 88 89 43 168 93 161 266 94 126 148 247 167 22 152 149 90 7 72 257 7 107 86 111 6 270 121 66 34 235 124 235 30 180 39 200 200 267 209 231 188 12 121 268 124 249 13 5 167 118 28 150 262 90 64 117 51 62 214 75 165 62 197 217 182 232 39 257 100 188 28 224 107 247 94 209 139 40 236 5 237 20 78 173 103 105 138 247 3 152 109 155 278 6 28 280 251 154 101 135 122 141 218 257 114 202 235 278 144 192 193 258 50 106 84 72 263 114 204 62 261 256 94 244 67 118 273 231 202 158 212 64 152 128 248 170 117 120 141 270 247 84 244 95 49 192 18 248 171 237 59 117 39 9 135 159 30 149 277 225 70 124 48 149 54 2 230 214 240 47 81 188 37 60 43 34 81 40 258 136 13 61 25 275 274 60 86 276 240 115 63 189 58 218 62 86 18 190 218 41 251 71 112 92 267 187 147 277 19 233 47 8 238 116 53 139 167 190 278 46 121 203 31 31 173 104 94 126 196 211 172 224 98 113 39 266 33 168 127 270 205 104 99 250 184 218 67 33 54 2 115 257 49 11 27 11 5 103 118 60 18 12 69 173 123 187 52 271 49 16 73 203 202 71 76 246 87 113
213 65 179 6 232 150 123 147 153 251 195 111 237 59 202 279 111 250 217 168 188 140 14 146 46 192 186 167 11 19 143 233 20 86 172 240 195 231 186 169 18 102 36 112 12 157 208 274 60 222 153 148 271 54 89 205 230 14 34 48 31 13 114 278 57 265 180 86 254 196 184 123 265 134 204 239 238 199 2 148 229 184 67 8 129 168 65 159 81 9 36 266 238 223 255 146 21 199 64 56 68 74 129 33 214 256 47 117 192 198 49 44 106 209 263 262 48 122 176 84 35 173 263 91 78 150 70 204 117 19 34 279 37 229 222 25 174 79 85 140 138 273 130 147 9 5 105 207 148 36 163 40 186 226 210 69 47 171 3 169 222 58 151 49 181 73 243 237 38 173 247 46 112 188 164 38 128 28 280 202 222 95 95 183 205 163 131 149 98 237 277 116 189 141 236 155 196 271 167 43 105 230 31 28 23 119 29 55 114 141 48 72 61 178 268 5 276 130 141 15 255 244 111 150 34 206 216 133 138 69 14 102 86 42 121 269 238 119 120 165 188 89 151 214 164 2 172 267 48 270 102 242 155 64 276 121 96 243 25 186 122 91 34 178 231 77 78 130 260 139 84 104 82 232 254 220 239 14 277 249
53 253 97 178 69 233 234 108 258 157 72 262 161 42 245 39 13 174 258 155 162 95 84 45 272 17 165 208 75 148 112 247 140 194 96 118 62 18 227 85 182 12 89 68 62 23 5 174 196 89 178 42 186 87 24 160 21 233 75 94 128 152 3 146 60 48 163 71 267 223 2 107 166 245 73 253 27 248 192 127 149 185 265 167 149 29 36 55 205 14 46 242 183 8 2 19 16 193 160 103 137 126 255 168 176 109 166 245 60 196 145 259 159 58 206 5 71 177 66 36 156 195 268 132 42 183 181 150 112 39 21 211 163 72 183 136 239 191 256 268 235 53 161 2 137 16 200 61 170 83 109 73 264 253 137 26 89 213 18 147 20 71 3 241 152 85 134 20 36 165 162 179 188 104 188 153 198 215 128 76 109 225 39 9 121 222 238 203 22 279 72 194 166 247 231 248 46 145 185 14 248 102 111 214 181 121 178 16 279 120 249 150 100 210 123 137 191 121 219 88 93 248 78 67 165 172 78 123 68 170 165 53 23 119 93 98 167 260 97 150 197 251 113 59 127 144 252 239 264 95 28 207 279 193 35 227 50 151 5 217 250 106 95 218 159 106 216 76 253 3 66 222 87 249 160 62 113 125 264 116
77 149 32 149 94 112 64 55 135 256 193 275 232 48 85 178 228 170 217 3 61 98 213 102 186 196 168 150 220 254 155 211 157 49 187 114 87 148 138 125 100 110 94 16 69 145 137 264 254 61 11 221 166 115 239 86 217 83 225 220 180 267 20 58 251 146 255 241 103 154 199 200 101 167 103 268 51 118 254 259 192 172 65 121 268 122 141 60 16 3 203 76 138 182 166 221 69 156 52 214 143 203 237 205 248 232 41 251 144 25 275 179 258 74 181 30 7 244 36 53 243 280 179 196 142 124 105 101 157 185 194 214 257 46 175 166 271 143 182 11 159 269 217 36 87 48 199 42 271 52 265 43 276 48 103 87 232 108 107 25 114 30 277 170 205 77 273 32 16 193 216 112 147 258 39 263 59 18 175 199 248 150 4 157 158 111 188 196 11 27 196 229 253 159 88 187 209 195 114 229 110 74 50 205 118 95 40 175 167 11 184 17 203 43 63 235 264 98 42 258 211 76 259 259 218 27 263 256 8 238 17 164 155 113 220 168 218 50 137 55 37 244 208 182 133 96 192 66 249 229 217 38 32 259 118 219 114 227 258 73 24 162 5 249 127 38 9 91 209 167 90 28 85 141 280 160 67 103 248 56
195 232 120 29 280 15 119 64 206 56 13 259 209 93 260 131 69 262 221 16 59 108 58 106 212 148 73 48 71 19 172 248 54 86 142 82 11 160 75 115 92 252 196 205 227 202 202 6 161 24 216 167 245 211 198 1 56 176 3 4 125 25 128 85 117 103 261 132 248 149 23 153 213 273 244 65 8 173 216 137 155 111 137 6 46 82 162 241 67 49 69 221 8 141 3 33 73 200 142 171 129 139 164 86 169 219 53 34 163 58 245 261 177 180 140 150 227 255 129 218 140 99 127 118 239 29 278 16 15 130 74 142 74 134 205 8 224 187 57 90 71 178 60 223 10 15 11 155 93 245 48 44 225 47 261 230 164 144 45 257 140 130 98 95 28 61 210 120 14 256 96 49 264 249 116 71 49 131 174 189 178 37 226 273 37 112 173 52 199 118 213 121 62 206 68 203 250 37 89 30 222 244 278 120 242 60 280 145 195 227 106 184 258 242 200 122 232 241 41 152 38 106 234 45 127 197 195 252 151 268 114 124 125 143 10 178 244 53 110 81 106 264 92 114 136 121 72 149 46 261 201 41 136 247 219 201 78 65 2 175 53 71 178 72 74 72 170 255 24 159 106 212 114 267 79 216 186 22 53 265
40 222 269 83 23 136 61 182 252 193 175 41 20 106 128 223 82 184 106 35 235 150 115 67 127 198 185 200 207 143 134 89 158 274 119 215 274 265 234 213 102 139 6 49 92 268 140 221 108 79 117 242 173 105 93 101 243 99 232 264 247 58 262 135 61 230 69 27 110 229 88 236 97 252 201 56 155 68 110 141 214 144 129 154 81 30 36 102 240 187 206 85 16 181 249 72 78 128 120 208 206 231 190 167 78 33 172 104 236 107 267 16 163 262 132 147 49 33 175 145 221 32 79 94 209 132 209 35 25 229 109 270 68 46 167 279 27 178 192 207 187 164 213 145 183 269 66 105 212 74 272 224 140 95 103 247 153 83 151 34 256 126 56 96 186 190 223 14 145 135 178 20 153 261 68 9 71 170 199 30 140 88 42 219 211 118 79 81 33 60 133 184 39 75 263 144 273 144 44 280 154 250 36 232 203 233 15 69 24 47 106 260 131 70 68 55 246 30 64 256 4 128 205 170 96 18 39 240 235 186 202 61 214 254 231 209 43 154 99 255 114 68 54 277 172 22 55 113 216 72 213 173 114 109 207 258 36 109 170 131 277 45 198 142 190 210 15 157 152 22 104 215 34 201 131 227 204 165 124 60
227 192 145 217 176 135 110 202 9 105 88 88 69 137 229 84 110 214 199 195 238 238 208 38 261 77 137 195 129 267 6 222 191 154 269 3 147 79 2 108 97 90 267 55 265 218 125 173 152 87 92 152 163 45 201 39 89 226 175 118 261 135 62 114 244 88 176 166 218 67 198 51 103 80 175 97 80 139 237 263 179 207 224 169 229 260 184 56 94 97 4 257 64 90 178 7 12 239 83 232 191 197 88 43 150 240 257 225 67 234 8 264 15 121 2 246 115 140 144 249 152 163 275 242 13 37 277 5 73 220 146 57 166 268 266 207 142 38 33 25 71 72 155 158 247 121 162 226 276 4 159 75 85 112 166 102 227 230 205 47 39 241 251 197 157 103 45 246 270 9 90 14 48 241 191 45 133 191 65 224 17 53 22 113 38 213 200 249 258 186 9 98 235 236 232 127 189 28 21 111 242 28 240 163 252 211 217 238 241 33 171 265 93 74 11 246 197 243 228 62 112 111 249 250 223 18 145 232 81 46 28 168 4 60 76 128 83 259 178 22 195 33 189 31 5 45 216 199 243 139 119 201 161 23 98 31 121 234 59 217 107 180 85 43 34 19 82 12 128 68 179 16 138 121 76 3 45 2 70 194
201 121 161 107 85 229 5 278 164 34 271 237 249 251 80 162 87 36 47 112 34 8 226 184 61 246 185 172 4 266 116 216 70 146 193 200 122 169 228 90 278 13 53 183 54 63 226 249 181 207 173 185 215 67 178 87 166 221 240 1 233 124 208 132 1 73 260 97 34 61 241 31 71 93 1 90 44 89 58 194 90 267 274 52 3 219 25 230 29 208 41 124 152 170 142 23 76 179 129 89 217 191 6 37 83 101 122 240 133 223 168 7 202 261 77 214 142 238 75 49 28 249 52 3 77 143 77 152 201 59 250 134 36 138 103 64 54 216 101 83 244 26 242 170 11 52 69 190 98 164 38 209 119 18 143 102 177 213 231 239 114 265 215 139 59 211 48 235 80 137 128 143 174 20 6 264 56 134 83 30 197 155 177 265 190 20 275 9 122 102 250 249 193 134 22 94 48 206 60 175 63 151 29 67 168 143 200 183 137 184 195 93 145 210 82 15 255 88 135 146 160 135 175 63 51 4 117 51 131 239 218 214 121 15 18 11 259 4 182 185 133 14 271 163 223 243 256 101 236 177 157 144 226 182 113 195 100 273 231 36 212 269 53 234 203 210 140 189 196 212 165 116 247 236 41 191 194 187 176 12
197 180 105 188 259 112 211 177 223 157 113 189 124 13 263 97 255 33 262 98 232 84 120 15 265 177 252 274 115 49 200 160 26 21 79 84 158 76 41 229 264 208 258 184 153 200 18 268 205 170 100 112 228 138 14 203 245 53 11 217 209 105 71 202 40 92 218 22 153 91 256 190 207 141 124 180 166 17 208 138 140 29 110 257 150 174 121 245 144 13 145 99 164 269 216 118 45 242 266 175 117 136 177 174 107 180 208 243 109 23 160 157 94 276 263 259 210 121 184 242 250 27 5 129 215 175 51 137 267 227 6 149 126 94 212 209 50 21 2 112 111 269 94 133 177 119 144 55 74 43 187 145 111 258 20 139 156 111 211 220 119 51 219 70 99 112 93 95 228 142 253 104 184 252 147 65 222 265 171 144 143 205 132 83 135 247 237 103 4 174 177 40 208 210 18 124 104 63 159 221 60 195 65 213 263 138 47 124 11 58 122 215 240 280 211 59 208 233 212 196 102 218 124 10 177 163 238 116 17 172 157 176 118 277 73 101 251 212 231 181 91 58 181 227 185 38 254 137 78 254 222 140 214 191 181 266 39 6 192 226 100 8 31 273 150 40 3 25 128 59 41 138 27 182 47 264 186 261 43 145
144 213 176 38 30 64 19 19 3 31 210 77 162 268 247 85 117 116 110 77 213 183 50 70 217 159 245 249 124 229 252 82 192 107 162 90 26 33 68 49 185 27 115 139 57 160 195 118 52 186 62 196 188 198 17 255 133 170 264 144 22 240 32 267 128 133 227 212 257 141 112 170 251 153 134 169 211 198 248 37 275 29 54 45 55 71 72 60 219 68 185 34 155 69 83 106 177 88 128 164 120 188 260 59 87 176 154 230 240 259 45 176 263 280 259 103 260 80 183 124 46 279 173 179 71 140 151 186 246 181 188 185 196 49 36 236 93 277 276 179 52 207 106 228 262 51 36 8 170 21 13 44 8 17 234 105 141 174 197 81 21 277 205 238 111 15 211 266 68 239 35 40 230 160 200 268 181 105 254 64 159 246 17 44 258 272 107 151 174 250 270 219 46 223 155 112 68 238 115 169 99 192 163 177 143 48 131 120 90 201 113 228 31 120 148 199 54 235 177 134 114 193 128 156 208 33 112 7 124 175 21 273 246 209 87 95 145 250 119 114 233 29 67 126 6 81 204 99 215 198 146 159 103 117 213 47 165 138 132 16 242 233 4 20 153 212 132 179 219 68 186 238 57 265 238 72 10 193 163 104
201 10 137 156 163 16 208 228 226 204 54 90 129 237 158 35 156 18 54 132 32 152 268 58 81 139 202 240 41 195 38 269 223 126 159 25 141 234 265 103 76 17 65 154 66 8 141 192 152 51 133 209 5 222 198 75 269 188 112 169 272 75 248 240 252 147 242 248 86 259 120 212 163 250 147 72 223 44 124 99 4 251 253 107 280 57 118 129 206 42 145 135 179 142 161 154 93 27 254 210 38 49 248 271 65 166 203 4 192 143 189 183 122 1 110 19 163 238 36 12 120 53 86 23 218 73 255 155 154 248 70 21 276 202 160 94 241 87 146 219 265 94 114 171 263 194 133 135 102 227 171 63 171 184 239 73 102 255 71 106 233 58 255 188 211 87 121 150 94 22 220 133 46 103 84 176 97 55 21 35 157 252 27 100 13 101 235 197 120 45 31 202 36 205 220 211 137 249 149 262 86 21 9 167 276 272 198 64 246 224 104 87 51 113 44 128 66 181 271 166 74 193 134 92 155 163 38 83 140 65 273 254 241 172 23 67 186 116 154 211 195 177 242 76 203 137 127 113 46 92 264 27 262 215 20 197 150 56 73 76 257 237 204 61 265 133 52 220 38 213 66 254 179 239 275 168 184 97 2 81
271 205 122 20 132 58 107 31 105 241 29 46 280 50 264 225 215 140 270 115 248 190 193 13 175 169 110 134 9 206 178 215 144 138 123 116 18 109 110 149 250 152 221 77 133 64 175 189 57 200 31 177 62 61 221 212 205 18 27 85 139 13 232 274 190 6 172 240 272 96 175 160 102 279 209 161 64 44 65 52 93 92 116 256 181 181 70 63 192 52 83 147 149 96 10 194 216 49 75 166 55 69 40 98 47 58 47 166 137 25 135 78 109 170 108 93 279 28 117 108 103 35 280 192 277 143 133 148 6 237 3 36 76 24 119 35 145 221 270 278 94 28 40 132 130 126 159 122 87 24 62 113 79 270 54 21 260 193 87 176 126 151 209 244 168 59 166 239 7 257 202 95 176 50 44 69 253 52 183 221 186 91 92 251 73 90 227 95 160 197 18 256 30 237 15 172 217 3 258 24 214 240 207 259 13 50 170 85 53 45 105 161 140 89 75 219 128 221 18 67 76 144 262 69 216 218 116 212 168 16 231 63 8 254 134 78 67 24 37 53 210 93 155 82 4 10 228 27 20 204 212 21 133 238 101 265 128 17 50 3 141 158 206 128 261 89 264 213 181 127 108 81 245 181 146 268 43 145 234 91
156 239 118 71 137 144 140 155 146 238 5 188 277 59 114 133 45 30 47 161 114 199 57 192 159 252 267 112 172 31 159 279 220 267 178 187 187 15 76 243 182 2 64 169 161 71 173 70 133 78 23 173 175 40 24 92 12 267 172 123 266 201 48 127 175 232 237 16 160 119 136 74 12 217 101 75 69 66 98 193 204 134 56 278 232 220 41 104 76 252 203 176 106 238 234 184 60 67 81 68 153 8 218 35 273 92 72 138 92 3 16 131 29 27 201 78 21 77 106 260 39 9 106 8 94 7 113 217 240 280 67 111 92 238 36 246 97 219 129 100 120 143 123 45 260 11 99 112 11 36 95 227 206 270 125 8 52 101 98 251 144 252 51 20 202 110 272 84 102 33 49 126 11 59 279 67 226 16 189 82 59 66 37 123 185 8 37 157 43 14 178 184 30 42 252 263 26 166 145 104 97 183 13 76 90 247 214 126 114 228 275 227 154 148 11 40 277 279 151 241 3 183 120 168 30 224 213 129 48 279 155 46 219 260 191 188 223 255 115 176 153 226 95 44 232 239 191 221 227 121 242 21 280 95 78 181 32 160 181 272 113 215 6 109 273 71 169 278 253 109 207 228 16 96 154 133 226 83 188 139
66 23 21 240 50 95 29 178 272 26 148 62 223 113 252 29 149 68 204 112 225 201 41 155 213 111 10 174 37 258 215 245 159 199 76 192 114 255 126 84 32 21 70 226 10 218 86 129 242 236 150 49 215 263 11 92 182 274 116 158 171 157 201 35 17 55 37 28 247 142 167 210 278 31 269 149 142 21 143 243 140 138 179 201 272 242 219 146 175 117 253 265 132 136 72 49 23 76 153 176 238 173 273 24 274 82 220 199 188 84 93 249 230 71 118 211 170 213 245 216 17 232 178 89 144 251 207 138 235 10 268 65 165 240 212 73 50 277 108 176 7 234 78 157 93 132 106 131 138 44 150 264 86 208 208 98 87 21 31 49 134 122 14 102 56 197 171 184 50 49 216 273 222 176 37 150 191 222 238 161 73 208 88 30 72 5 95 91 96 187 132 194 224 60 162 69 34 247 63 5 96 85 204 3 233 279 65 187 160 49 21 131 195 82 233 169 148 147 100 133 161 273 164 62 123 135 237 43 134 47 94 190 181 18 161 178 88 165 239 238 243 248 175 203 95 169 278 108 217 270 80 250 196 221 141 99 132 5 221 149 272 7 274 163 79 42 162 117 180 168 66 151 169 28 181 216 127 169 277 5
78 200 61 144 240 190 70 152 140 189 5 13 55 64 210 25 78 19 255 217 70 167 54 242 92 155 278 85 134 44 173 190 110 266 38 271 252 212 24 44 26 262 100 207 51 102 78 100 239 24 256 250 248 44 191 238 269 152 277 81 57 62 2 104 15 150 51 118 98 102 71 235 225 258 241 262 218 212 1 101 132 107 24 241 26 13 54 137 172 211 193 113 122 122 27 30 187 156 26 197 13 142 138 155 51 169 52 228 272 136 179 199 89 234 71 229 269 131 174 205 93 6 119 205 10 147 209 239 257 110 17 74 36 150 236 83 181 253 64 276 243 171 206 196 169 29 7 58 204 31 246 113 183 172 271 194 112 86 158 204 59 44 280 130 4 271 15 154 17 227 129 280 38 192 249 232 29 6 227 15 239 202 233 36 1 113 111 236 100 41 121 87 24 236 203 103 278 62 267 32 42 191 3 156 276 211 13 16 162 62 5 118 78 88 175 88 126 155 196 237 79 254 145 40 52 14 81 142 174 151 218 186 249 14 196 6 22 143 229 207 106 60 82 221 119 160 125 187 108 32 18 5 18 152 98 22 234 171 37 149 7 252 191 43 142 197 4 90 176 149 224 250 97 81 19 137 117 215 176 85
68 83 21 152 232 14 131 44 138 54 18 1 280 12 101 100 252 240 57 167 278 141 102 101 252 134 251 205 131 107 83 104 223 82 150 118 202 1 19 130 194 192 243 110 184 199 207 34 106 170 112 183 205 247 183 267 138 236 258 196 42 42 38 107 73 113 225 272 181 156 85 44 97 236 177 141 148 193 119 279 200 266 252 219 48 130 129 126 182 108 88 161 103 141 18 197 259 276 148 213 107 79 204 261 220 186 36 219 245 191 223 196 18 266 234 205 132 66 145 115 17 248 200 30 214 267 102 49 216 275 144 67 106 187 125 154 100 125 153 239 252 52 79 149 124 183 63 233 268 138 117 262 64 105 98 161 165 218 7 198 173 26 150 11 13 33 24 175 136 197 139 134 47 71 62 21 154 19 203 114 112 272 113 210 194 122 16 91 98 219 146 212 61 235 139 242 245 234 54 27 176 40 76 161 212 36 179 223 276 116 156 180 265 2 226 113 118 160 28 225 249 108 158 268 37 208 48 124 161 32 218 186 1 100 208 216 122 11 225 225 35 122 132 11 229 274 11 167 215 53 16 58 58 203 148 185 188 120 74 248 55 231 45 245 62 265 26 27 218 126 35 166 100 234 233 164 202 261 272 278
235 50 251 175 122 136 100 124 266 40 155 58 97 29 168 276 183 237 203 244 159 48 47 47 214 175 224 202 121 42 44 250 55 265 105 254 232 255 176 227 107 166 221 127 91 141 218 108 218 148 205 57 99 161 205 142 240 112 16 104 103 248 35 166 206 133 117 231 200 143 256 90 28 138 51 97 165 192 176 280 75 76 239 140 15 57 113 248 201 59 102 99 230 226 65 141 143 259 189 251 90 163 55 109 199 237 139 218 231 192 237 235 26 254 174 62 232 154 113 20 80 189 7 93 130 25 145 97 187 175 15 125 149 191 206 254 159 67 8 109 14 159 31 10 274 123 251 13 18 124 190 32 172 239 177 140 22 197 120 156 178 171 108 20 88 103 138 48 70 31 112 255 274 72 90 107 55 47 163 3 115 278 172 222 118 28 37 205 95 217 46 199 256 182 15 13 239 247 159 134 116 57 14 206 180 108 137 260 250 123 9 153 73 61 175 266 70 26 242 215 60 43 27 37 91 79 222 35 253 133 218 196 40 218 113 107 28 58 106 217 180 134 16 93 110 3 93 135 80 188 234 86 191 145 249 9 19 193 260 41 84 181 274 19 72 51 212 201 123 267 211 131 6 144 244 69 126 43 206 251
259 229 9 108 148 121 107 100 69 181 182 31 211 91 38 70 248 32 241 274 259 207 101 197 85 70 112 175 177 153 248 111 210 92 157 265 135 225 112 167 230 80 238 141 160 75 169 138 164 28 127 127 184 162 230 257 133 215 245 132 90 179 242 278 276 110 201 233 170 252 269 259 262 78 249 173 195 185 81 63 128 128 156 3 218 88 198 87 151 274 274 143 111 164 268 169 73 123 15 142 168 169 28 194 205 140 202 28 57 160 233 5 101 142 85 94 152 216 10 40 132 247 240 257 138 88 114 122 212 214 135 171 136 58 31 143 90 214 32 212 94 55 149 57 94 107 268 22 1 199 26 156 279 57 112 249 108 63 209 65 259 219 179 120 132 138 53 45 224 157 98 233 180 6 49 19 96 127 79 79 34 10 26 274 206 213 122 227 45 245 238 226 212 50 215 252 152 83 159 240 226 98 166 175 225 184 135 14 27 250 39 203 11 95 171 85 163 74 27 239 177 182 242 267 255 143 3 182 187 88 190 198 233 265 183 165 122 95 247 220 104 254 264 132 253 196 2 125 275 279 152 213 117 139 220 159 161 49 42 263 185 191 139 222 108 107 214 159 19 114 37 234 78 10 95 149 17 258 51 278
146 225 128 125 162 31 199 37 22 146 138 156 174 127 151 18 266 271 13 191 242 73 277 42 5 60 260 63 6 185 30 124 267 154 196 184 11 38 202 213 252 40 123 103 152 190 190 242 152 86 34 79 256 86 185 268 251 84 239 276 182 200 101 214 26 136 69 44 236 173 7 105 48 112 132 204 59 87 101 119 167 139 41 50 110 40 62 263 35 68 122 56 27 177 158 117 152 12 45 142 106 81 126 50 104 10 187 171 161 143 230 158 269 70 272 52 18 242 116 103 151 137 240 216 111 234 189 69 274 150 271 245 251 12 70 8 74 164 112 146 277 131 41 105 63 11 159 261 79 144 23 111 135 222 187 96 196 117 120 274 101 68 113 61 34 134 208 272 244 115 168 8 12 82 128 272 268 248 143 235 86 20 182 195 84 205 156 263 89 41 64 208 263 121 207 44 37 91 37 264 100 210 100 182 249 222 199 89 161 163 218 72 251 151 43 217 253 267 41 45 88 215 115 32 226 251 171 46 280 277 114 143 179 71 84 62 143 55 158 192 278 15 128 225 266 171 9 231 278 267 46 106 139 78 200 271 37 270 234 211 111 126 25 79 279 98 234 230 225 1 9 241 64 129 214 123 242 150 223 48
271 273 104 233 228 72 154 11 164 18 261 14 140 53 262 200 232 170 231 103 234 2 90 279 113 179 142 2 66 27 88 32 55 271 228 135 199 255 274 55 86 75 121 114 167 266 251 80 36 125 92 200 151 172 73 158 235 93 125 89 92 129 248 275 54 115 124 195 181 107 70 23 99 243 271 195 224 203 183 64 83 39 18 98 242 198 96 271 125 35 242 198 43 90 169 258 59 189 13 128 81 17 262 93 192 274 62 23 264 259 64 114 127 229 153 78 168 147 145 13 158 151 231 136 269 83 112 47 50 16 126 126 153 5 32 226 114 169 19 198 83 128 238 22 150 43 119 111 276 39 20 190 183 57 224 120 194 222 115 221 195 234 154 75 263 189 126 103 177 205 233 233 87 39 258 24 193 79 5 244 129 94 263 92 89 246 47 169 149 51 61 131 37 62 62 128 268 220 238 280 31 176 91 51 90 132 114 104 113 30 51 120 234 88 3 101 115 272 231 10 105 234 37 168 199 180 66 280 269 179 209 280 252 94 175 251 245 101 8 9 98 13 178 71 185 3 142 137 142 276 153 115 234 210 169 198 168 226 144 95 56 137 90 151 68 10 206 94 211 171 123 154 85 111 98 186 130 6 143 95
107 105 116 5 155 271 120 274 20 256 158 175 44 255 162 276 78 185 117 51 121 14 167 219 159 127 39 167 50 47 202 108 162 198 231 74 107 201 245 167 34 230 86 74 30 93 81 259 16 89 104 205 263 207 126 85 217 7 56 147 83 230 13 237 117 258 56 191 270 125 30 207 136 151 68 251 150 201 71 189 161 179 86 111 231 258 264 61 238 46 157 20 195 185 47 133 274 18 146 30 203 127 192 62 40 43 140 269 33 116 183 90 269 239 74 153 30 22 115 179 88 17 43 193 145 65 240 208 148 243 123 269 55 207 48 147 148 136 273 37 53 22 119 168 164 273 198 23 157 31 163 153 29 119 180 99 147 237 188 196 107 222 122 280 50 198 229 220 124 172 59 44 269 175 172 13 243 56 135 41 203 184 85 170 57 91 188 41 223 71 138 4 72 45 173 196 14 153 46 245 252 59 239 86 96 268 146 24 193 110 73 156 22 46 279 11 218 169 19 60 74 108 113 118 67 42 264 76 188 138 85 132 139 181 170 114 58 148 149 35 210 6 234 57 230 154 14 30 246 36 199 173 185 65 129 88 70 243 249 126 255 176 192 167 166 85 240 21 122 40 14 121 276 219 279 11 200 77 84 150
251 105 44 21 153 6 54 278 45 271 166 58 175 181 111 167 111 108 38 211 244 22 188 151 107 141 191 28 179 90 280 87 110 278 63 255 42 265 127 187 202 278 131 152 117 6 75 17 215 49 254 63 50 9 105 38 228 77 147 141 99 166 36 110 58 235 222 2 215 85 68 13 55 130 274 237 99 39 85 205 259 252 82 96 197 36 130 178 153 111 97 69 13 85 125 117 46 44 190 194 27 190 131 77 261 20 25 155 142 149 232 194 254 193 242 231 67 275 65 82 215 252 11 215 169 179 88 240 135 76 42 84 155 86 53 232 276 115 30 202 94 173 132 62 263 180 149 98 111 120 111 226 106 76 274 12 275 234 249 154 98 228 186 231 257 20 17 116 32 111 91 231 80 208 142 242 1 46 256 183 279 41 51 267 206 44 261 5 161 53 59 216 239 146 220 65 84 72 74 60 172 147 262 165 67 82 98 171 172 134 263 71 29 216 88 100 79 273 66 262 211 221 188 30 200 35 63 112 243 151 236 279 103 179 161 5 55 255 90 116 23 235 278 20 153 63 114 9 274 210 53 113 34 93 14 208 126 75 97 245 3 217 38 29 268 247 209 220 74 236 109 37 203 123 249 275 82 53 266 147
258 213 118 105 3 157 61 252 113 215 184 87 174 233 243 276 69 271 234 183 79 152 196 242 133 252 244 94 87 9 231 100 148 47 46 158 249 145 208 65 231 152 265 127 58 26 218 53 226 83 6 238 83 261 247 53 244 189 273 106 40 269 173 212 88 148 211 181 49 202 235 28 86 258 280 43 65 4 114 88 102 107 112 212 119 58 172 12 19 96 94 211 236 155 219 254 9 150 88 192 243 234 165 77 50 84 101 197 138 38 264 225 258 43 71 155 46 243 3 79 41 141 162 42 230 237 99 251 13 111 80 72 51 260 34 126 55 220 34 106 173 108 159 54 102 155 245 207 204 65 259 106 184 221 5 23 5 103 17 108 125 37 60 266 54 92 121 100 232 119 81 157 241 127 163 229 13 279 17 244 177 230 192 214 31 69 279 200 14 6 18 213 182 124 110 23 125 175 2 145 242 257 55 165 154 130 180 183 243 196 177 127 76 96 118 52 173 127 176 10 111 196 168 67 38 166 202 37 190 133 163 128 176 61 237 113 194 168 74 269 148 57 153 22 87 57 245 230 32 115 204 278 258 114 76 126 173 199 187 137 68 227 180 133 8 121 118 22 120 149 138 145 216 219 220 165 210 13 241 77
5 36 155 103 125 175 16 28 19 228 251 62 257 202 98 97 133 182 187 45 269 186 130 153 196 29 60 278 164 273 219 80 216 199 45 44 219 172 37 178 231 17 83 190 46 47 68 217 223 115 156 199 175 84 52 31 96 250 104 177 86 130 200 35 46 18 116 278 119 156 55 96 251 167 265 104 204 190 76 198 117 41 245 184 114 152 82 169 156 16 6 171 98 80 139 258 13 94 104 74 6 262 126 216 251 180 177 248 92 280 123 230 159 155 190 109 214 172 96 177 84 222 251 231 86 251 209 52 36 15 18 258 6 257 90 192 12 225 208 185 223 48 272 213 16 101 137 245 170 93 250 201 145 1 157 41 20 133 45 271 279 277 53 162 13 242 79 159 257 152 220 170 213 68 76 273 252 181 184 241 36 230 260 245 244 130 71 21 246 224 122 157 242 178 167 228 50 98 156 247 33 8 170 103 105 107 102 136 20 38 103 69 26 227 237 175 126 37 105 22 46 61 179 271 98 246 25 135 243 26 37 145 208 9 12 205 166 259 112 68 254 239 244 167 222 73 215 254 181 181 101 58 275 17 237 16 174 240 203 163 14 169 180 33 254 200 99 94 227 264 9 90 171 271 50 135 19 124 5 53
248 199 105 270 6 37 154 211 157 230 42 91 261 106 32 219 71 166 242 253 106 47 215 45 235 248 244 187 202 80 179 225 76 235 46 179 191 76 26 118 69 173 18 118 193 9 225 269 232 146 143 20 212 12 123 126 106 72 94 1 201 236 5 262 16 245 149 86 109 78 140 165 219 60 272 178 118 116 131 204 273 188 81 77 180 69 253 43 117 158 142 38 151 140 71 125 201 24 78 160 266 109 44 137 113 61 261 133 237 165 234 27 53 144 94 188 166 246 133 184 131 161 72 271 42 169 130 77 166 236 259 1 233 274 129 64 158 261 2 15 249 242 246 127 32 106 213 164 97 106 22 230 17 57 258 154 219 130 258 35 236 96 20 66 26 57 258 119 37 182 213 217 22 77 240 51 110 180 275 256 36 125 204 154 107 211 65 53 43 115 55 71 113 49 117 262 38 133 20 272 126 57 149 241 91 251 165 66 201 40 94 129 102 65 182 237 163 51 70 73 19 137 272 8 199 201 113 159 86 138 38 18 49 48 203 22 82 24 205 203 30 239 265 251 94 66 14 118 155 160 84 53 51 116 273 205 27 20 202 64 104 32 73 115 239 162 32 240 227 14 216 133 21 255 48 146 170 61 9 133
18 135 212 265 166 153 116 108 79 197 84 162 106 277 169 185 207 90 67 189 135 73 191 223 44 240 141 232 180 151 169 85 105 264 163 164 6 241 126 46 243 92 36 170 276 234 56 226 75 260 250 248 89 210 118 52 99 59 220 246 210 184 76 242 17 20 36 166 137 242 173 42 216 230 244 29 105 82 277 173 167 168 242 113 184 32 64 21 37 194 228 86 17 225 150 211 229 78 41 100 163 143 41 35 57 129 106 211 161 216 84 222 166 246 52 219 33 80 115 3 63 182 31 199 214 254 195 124 37 176 265 107 255 80 56 120 247 92 203 172 132 8 198 73 276 122 235 193 124 27 31 240 90 233 135 162 8 138 199 2 213 6 6 52 183 72 269 2 168 172 244 275 232 202 119 269 158 67 226 222 114 274 279 48 129 65 41 257 144 160 261 196 108 102 1 56 224 128 132 70 13 137 152 199 229 132 182 241 198 202 12 34 52 32 5 263 161 112 242 160 211 157 218 111 69 248 166 153 263 52 146 185 253 280 19 230 170 221 271 88 196 201 264 185 97 55 145 272 246 11 133 184 172 191 156 233 61 244 185 273 99 182 120 10 256 148 243 150 212 63 85 36 88 180 36 167 33 273 92 64
149 44 204 174 83 138 126 131 77 277 190 75 144 264 110 79 37 180 218 275 214 135 22 49 93 112 136 10 141 59 161 91 105 218 53 280 201 170 48 84 220 197 26 24 191 127 90 232 69 54 156 161 39 142 50 76 158 68 27 88 88 173 47 268 221 223 110 179 128 12 200 72 276 254 122 102 243 132 87 250 121 245 160 145 170 269 215 141 15 93 180 25 97 213 171 142 157 79 255 135 176 279 240 91 234 225 227 272 203 200 90 49 172 63 198 129 209 263 94 95 171 96 217 223 14 228 52 136 180 37 161 258 87 154 64 135 26 90 59 109 101 150 60 248 39 179 116 130 279 118 142 84 170 216 196 126 267 180 97 116 171 167 16 82 264 193 271 212 146 39 73 214 90 270 20 39 224 250 130 201 273 68 261 155 276 143 237 7 76 216 96 62 165 154 81 229 100 147 221 129 130 98 13 258 139 130 272 187 11 72 3 278 103 115 260 55 17 76 139 15 159 117 225 162 194 42 39 72 120 72 245 126 212 270 164 41 221 157 248 33 22 114 119 59 120 1 110 169 215 10 207 75 67 108 90 3 25 26 29 71 127 251 132 90 223 228 151 200 227 12 93 245 222 1 4 119 110 212 261 200
246 255 193 215 201 143 163 154 79 202 150 126 233 274 110 216 189 74 22 131 26 19 73 216 201 194 26 49 132 65 19 58 184 131 66 72 88 7 255 54 84 216 230 274 280 131 232 55 85 221 198 260 208 49 235 261 28 42 133 77 171 216 156 250 176 53 104 105 137 141 68 179 22 7 33 45 72 90 274 189 56 105 59 104 132 161 163 271 136 131 89 175 109 79 209 5 78 174 57 198 124 71 194 168 17 225 70 248 82 55 190 93 217 262 208 94 16 5 184 151 23 77 211 172 178 31 276 213 167 198 155 150 124 64 96 31 98 60 193 149 44 94 125 29 99 276 166 50 263 133 268 61 193 231 234 219 226 7 39 247 146 264 14 172 129 19 206 107 172 252 243 231 74 18 85 157 140 109 87 266 279 51 52 97 117 233 6 241 199 101 204 225 256 47 40 255 231 187 152 36 59 25 168 138 53 240 124 24 106 136 85 279 137 206 90 250 20 231 245 69 36 119 165 268 257 210 260 38 153 194 23 34 158 204 8 233 18 117 236 187 99 248 271 27 27 191 123 78 184 120 253 279 253 103 113 263 235 130 81 205 111 9 260 227 113 173 131 1 24 181 90 215 174 229 176 34 54 7 80 157
127 48 222 30 22 145 187 66 131 34 166 159 179 152 153 265 33 257 152 136 88 63 74 93 154 52 32 212 87 71 6 242 37 139 197 211 10 107 258 159 110 132 95 140 40 197 178 83 11 121 181 154 218 154 191 199 24 208 163 116 88 89 205 128 190 120 102 36 115 117 224 35 38 46 28 32 143 117 222 188 13 71 56 91 167 216 279 146 186 127 63 197 43 251 93 219 22 148 11 205 180 24 131 267 142 37 134 212 37 8 246 210 173 143 133 177 112 184 32 67 196 15 253 233 91 14 169 102 280 119 161 101 148 11 74 139 95 64 120 142 4 106 122 267 260 5 12 186 20 62 161 4 63 103 115 199 209 194 239 185 28 248 187 31 135 90 30 100 217 84 258 238 74 115 178 275 205 198 13 26 167 1 157 38 30 4 10 83 242 181 154 247 164 206 108 177 280 151 256 25 215 201 265 36 38 45 227 234 76 165 17 148 190 225 117 143 59 33 97 54 34 147 141 125 277 16 236 234 211 150 4 81 184 185 222 126 59 212 37 93 119 34 39 184 114 2 242 53 212 96 111 23 164 189 148 120 227 102 56 125 218 259 139 104 99 237 175 197 70 240 150 233 17 69 218 50 22 128 215 6
154 144 170 277 171 54 2 48 149 218 160 38 132 39 276 16 193 275 237 95 211 142 124 165 183 149 173 206 279 213 82 45 218 96 87 14 66 97 14 199 100 159 237 67 206 72 267 196 186 51 76 243 4 82 114 129 221 115 93 13 185 202 141 87 181 97 126 197 214 249 33 27 131 33 250 136 92 120 63 257 121 69 258 181 91 167 142 205 89 32 224 44 159 74 92 135 269 15 238 166 37 211 92 147 13 121 174 4 156 270 245 109 44 152 279 86 221 181 63 32 259 83 170 268 84 99 143 38 214 235 244 129 38 22 250 89 13 66 34 276 169 226 200 107 28 203 208 109 239 228 148 18 116 222 121 266 217 222 227 114 201 33 129 30 226 158 213 65 45 266 204 205 90 239 172 117 67 139 237 61 95 25 126 207 109 128 232 7 165 256 25 36 246 107 90 133 94 135 87 257 53 18 229 262 121 39 207 267 149 221 280 263 182 206 163 62 148 142 127 3 252 235 40 176 248 142 49 16 210 131 82 199 93 157 273 272 130 73 26 48 152 211 24 262 243 48 243 238 117 115 65 140 163 99 19 75 199 43 163 276 5 142 224 21 65 270 131 97 129 138 114 132 8 83 78 5 80 103 65 137
25 187 249 268 235 175 140 60 22 20 162 205 103 10 252 79 108 3 205 248 161 239 141 121 3 1 209 31 142 6 141 278 276 148 11 59 258 168 41 190 231 121 169 132 104 99 17 144 183 183 228 66 76 30 197 38 104 157 181 271 198 62 14 280 277 177 118 101 150 107 229 270 34 76 136 49 75 256 86 112 264 48 13 171 252 227 240 210 152 96 54 45 218 76 18 224 37 209 243 187 46 112 140 136 18 237 215 92 77 31 256 96 243 205 173 63 239 247 247 195 162 260 27 52 100 231 41 44 83 181 245 130 46 175 171 199 252 175 241 245 165 211 247 182 60 219 57 195 209 164 93 176 119 246 7 264 75 218 258 136 168 273 80 249 271 108 277 208 195 259 42 140 4 161 77 53 41 270 263 139 260 174 95 250 8 72 58 245 277 29 97 245 107 104 232 39 80 45 67 31 185 68 76 94 237 129 237 124 32 132 77 42 155 268 70 50 112 256 169 181 271 245 16 156 215 59 205 197 177 261 200 32 48 62 88 10 47 160 51 193 280 259 23 37 198 37 49 114 273 240 42 163 205 102 78 162 8 102 231 103 56 147 175 127 150 248 216 45 145 9 252 116 176 243 241 154 2 72 45 211
254 261 195 259 244 130 112 170 134 100 62 251 173 74 270 156 144 96 236 254 186 260 174 212 260 208 214 129 199 175 89 274 110 217 35 261 97 111 158 279 136 88 151 15 116 218 159 131 12 262 150 228 23 230 189 201 263 141 48 160 245 107 105 242 255 31 17 21 223 41 155 160 17 66 160 109 170 134 103 162 159 226 177 103 194 145 209 190 132 130 173 214 96 66 110 21 188 277 179 224 39 167 101 22 210 201 273 196 248 38 220 184 107 44 112 223 17 117 72 22 85 70 160 43 30 219 120 140 239 18 249 156 9 181 10 202 219 148 185 43 106 98 157 100 13 60 165 95 42 133 187 153 32 199 107 17 276 152 14 83 36 4 73 113 48 177 204 207 206 105 277 160 5 60 168 215 153 120 161 276 155 162 92 98 69 172 154 94 220 242 5 254 67 235 205 140 144 159 233 185 252 274 101 127 124 126 218 110 258 132 203 260 254 92 194 236 248 274 176 211 94 61 41 160 54 177 65 159 56 185 143 10 131 97 221 245 197 153 203 16 262 274 232 172 218 156 271 265 52 166 269 52 196 261 77 58 171 243 189 145 225 29 240 29 94 143 190 94 135 166 198 67 93 10 1 143 158 193 1 200
210 208 177 184 146 272 206 276 264 280 214 182 129 134 273 177 88 152 111 244 99 262 22 215 213 83 57 58 58 5 238 38 13 53 57 18 91 67 184 81 236 126 80 68 145 110 13 42 13 124 103 37 269 176 99 74 66 25 80 47 152 93 27 93 168 270 235 53 213 37 99 6 91 208 147 193 65 93 225 95 233 13 8 157 6 13 188 137 37 112 205 50 121 268 143 89 66 241 258 65 208 114 142 28 97 94 106 148 218 41 192 38 244 119 92 43 187 18 79 55 163 188 211 196 79 174 235 22 21 178 80 13 123 19 270 83 36 140 250 219 55 132 249 144 67 67 214 215 134 130 156 241 43 192 108 258 167 95 136 209 99 54 253 81 118 17 68 108 28 95 18 261 171 247 9 154 11 275 135 236 152 263 104 21 216 146 36 179 162 162 3 108 259 212 174 246 268 181 53 166 16 168 235 199 140 255 188 52 273 189 229 277 145 241 62 241 220 14 131 167 41 167 184 66 29 166 137 75 35 269 224 61 123 223 191 81 129 84 236 121 179 242 142 19 93 241 114 227 202 277 81 159 19 36 53 214 92 100 90 99 24 148 233 147 43 149 93 132 184 15 51 276 81 177 140 89 258 131 24 225
150 192 28 255 58 87 205 211 103 105 176 263 90 192 249 83 139 183 271 61 69 62 12 220 148 203 153 231 44 173 138 26 123 266 122 66 256 156 60 136 49 244 84 97 117 177 118 29 212 228 236 17 14 98 61 135 78 115 222 70 218 265 253 69 1 43 86 242 37 50 166 154 109 157 251 171 202 172 122 65 222 238 82 74 91 126 113 102 129 52 127 119 280 219 51 116 205 18 205 91 139 80 59 194 156 112 131 229 132 9 51 192 207 213 87 184 188 32 211 199 50 12 166 182 260 76 231 251 276 160 174 95 259 162 86 91 185 269 51 264 22 230 263 200 239 117 278 276 220 46 6 36 75 157 78 121 29 262 217 151 119 227 261 211 249 241 94 266 1 240 258 37 102 232 150 266 111 107 158 227 238 267 246 276 154 64 169 229 129 268 3 98 183 46 219 132 10 38 191 39 93 120 236 265 54 155 45 231 193 2 164 55 51 108 126 8 33 63 191 159 218 270 270 64 43 209 73 260 229 52 222 68 138 16 234 61 217 116 97 241 188 227 221 106 255 70 157 18 3 195 78 161 176 142 280 109 168 52 48 159 133 183 105 168 103 68 279 46 71 35 24 83 181 230 218 222 141 233 5 245
86 280 17 149 274 259 199 277 275 122 84 148 15 269 124 106 209 36 174 57 61 181 278 207 211 131 214 104 66 276 25 145 15 85 42 72 189 270 73 84 167 189 82 18 105 98 136 160 242 94 34 86 222 58 96 134 161 135 254 233 65 92 52 214 148 13 87 236 176 237 79 35 199 37 162 179 127 80 205 187 132 220 151 150 50 66 73 157 110 255 241 84 135 47 60 268 251 185 10 17 128 182 210 138 187 52 275 266 7 280 31 272 87 147 125 20 222 237 128 95 233 102 138 228 214 176 112 201 278 27 72 84 40 138 52 60 117 162 277 255 145 49 257 35 191 125 45 81 173 48 172 143 171 50 241 36 157 279 159 134 93 153 201 185 195 2 172 49 93 160 31 144 66 7 5 278 173 186 267 259 117 149 73 274 157 166 82 4 58 61 186 199 152 130 162 33 106 31 45 72 42 158 230 205 233 49 183 8 240 245 269 114 41 92 167 90 261 5 276 263 79 33 69 265 66 65 134 146 199 149 35 199 15 128 22 120 123 229 38 21 101 236 28 269 271 280 126 151 127 158 119 67 276 153 267 81 168 152 120 86 234 189 133 45 248 253 144 266 256 241 96 103 145 235 1 237 72 110 56 43
149 145 223 10 207 214 209 261 179 21 122 253 28 128 191 74 155 225 152 40 215 253 38 129 163 138 107 49 68 103 76 35 75 116 53 213 223 131 228 233 239 76 158 271 93 57 111 174 55 248 183 14 35 194 280 7 107 275 169 250 148 106 162 14 198 193 57 194 119 233 116 159 235 168 73 25 164 188 12 74 63 269 148 106 257 41 59 244 115 88 185 191 77 202 215 215 109 136 96 145 227 139 184 261 228 23 246 244 22 50 87 212 173 167 249 65 39 128 85 12 146 100 205 240 123 216 276 69 53 180 11 25 121 253 148 134 19 103 25 251 95 12 33 262 143 162 241 231 109 23 24 127 84 25 127 160 213 12 85 19 175 9 110 169 51 139 20 130 121 218 80 18 216 142 279 101 5 205 153 186 126 33 246 98 140 216 20 258 14 41 13 166 183 179 165 275 71 27 235 274 147 236 152 76 95 198 250 96 211 106 195 222 150 122 155 253 230 52 130 130 211 237 131 152 24 236 96 164 40 247 199 246 61 67 98 223 46 40 243 237 63 115 272 20 124 94 135 196 235 157 49 98 7 72 238 92 143 208 236 224 176 262 50 23 29 251 247 10 172 82 139 44 114 208 182 145 269 217 122 111
158 209 116 3 107 58 81 81 139 104 84 102 108 20 277 8 111 104 178 265 25 193 129 271 174 132 257 123 27 6 17 39 43 101 2 73 36 120 183 197 53 207 173 144 86 76 194 128 226 259 103 113 40 89 13 36 124 218 146 187 60 215 66 269 26 271 187 102 52 207 34 114 174 165 149 153 238 257 60 275 49 6 50 243 53 95 99 234 1 74 231 249 221 180 23 223 40 190 48 208 231 156 206 24 84 167 83 223 173 249 56 78 142 35 45 111 166 116 63 158 35 261 50 44 45 158 68 41 14 232 244 218 19 17 131 254 54 156 196 229 255 184 157 98 192 198 217 130 138 45 236 9 222 23 130 191 165 37 134 195 182 147 261 107 68 215 73 151 80 194 163 236 60 37 221 218 147 259 5 139 132 276 82 148 159 172 41 237 34 75 11 141 63 267 172 217 97 175 209 47 131 202 120 131 215 82 49 124 216 34 218 133 207 264 276 18 22 220 157 244 154 43 173 58 76 221 263 20 99 122 267 35 208 3 101 179 19 219 133 253 31 262 231 271 163 228 239 125 228 99 144 35 270 72 163 31 202 70 235 196 22 11 209 86 147 207 110 10 74 91 68 47 167 150 247 77 81 259 167 126
132 27 46 114 235 67 96 278 169 105 32 61 35 132 120 163 251 219 95 272 193 253 30 90 106 252 278 111 257 223 64 163 225 264 261 154 3 150 103 28 249 206 256 280 278 241 2 69 11 134 70 269 175 230 2 81 29 160 237 247 244 231 233 98 164 235 166 5 221 4 66 259 61 221 160 269 27 124 10 97 192 90 221 58 21 165 41 113 62 142 146 95 209 39 249 214 53 78 205 55 34 212 2 172 189 164 23 237 114 255 268 140 72 43 166 131 118 105 210 254 113 187 276 34 151 39 166 18 201 223 218 96 20 87 228 261 165 89 228 165 172 272 150 269 115 155 178 183 11 263 160 228 126 262 255 107 149 46 63 272 210 9 162 213 104 231 1 6 126 230 200 30 22 166 106 272 145 133 135 227 230 10 177 144 249 271 3 146 275 205 2 51 230 18 262 57 259 205 222 207 6 30 167 87 11 251 169 163 227 257 33 232 1 22 272 118 25 271 247 274 148 1 24 198 256 204 108 110 171 122 115 79 238 65 4 205 146 232 95 143 63 65 120 212 240 211 111 71 141 25 80 114 161 11 230 39 65 252 41 114 32 236 249 15 16 155 164 275 158 110 70 192 55 57 95 269 215 38 195 161
105 50 73 55 103 98 45 88 43 223 233 77 170 197 32 132 275 79 3 256 161 279 112 184 103 73 151 76 5 71 233 46 161 236 183 147 198 76 143 47 222 121 199 119 249 264 108 252 20 256 163 108 38 96 32 2 71 12 260 118 269 260 83 4 253 102 253 234 239 58 221 58 141 192 159 25 253 97 180 232 157 70 258 92 108 258 270 132 105 22 52 258 85 153 64 182 149 235 184 265 233 137 167 54 251 113 97 243 2 120 120 184 220 3 226 44 165 269 253 92 40 198 183 191 197 37 66 167 137 178 18 215 265 177 99 266 40 186 24 57 242 269 78 6 69 75 156 210 147 42 76 148 188 143 201 118 191 153 166 92 207 47 102 223 122 8 103 276 9 199 195 59 253 56 31 272 130 43 185 51 38 195 43 82 125 161 116 251 54 105 119 88 96 185 125 74 55 26 171 59 127 183 57 109 173 205 212 221 97 162 266 185 22 258 103 44 177 97 48 240 194 199 184 200 134 72 57 100 192 131 116 116 268 17 118 271 99 231 188 28 163 62 68 218 214 241 57 142 255 79 190 42 218 264 24 234 209 264 230 108 74 58 134 147 124 123 97 175 11 182 20 270 134 66 42 153 268 85 259 202
96 102 34 62 136 27 221 9 126 191 119 96 196 225 35 146 105 113 268 112 45 205 33 255 220 114 77 256 209 63 67 183 185 15 229 278 76 146 83 63 12 156 174 57 116 128 31 55 261 235 275 51 43 213 179 222 149 153 139 121 29 277 54 43 96 130 68 252 70 93 139 17 77 137 58 98 209 160 219 129 26 5 31 81 190 96 244 264 55 77 126 150 25 239 91 110 22 115 127 215 27 248 247 265 21 270 39 10 60 130 183 172 275 228 137 149 97 45 261 142 138 66 214 167 91 73 156 124 78 251 273 80 208 219 24 169 245 70 17 17 80 36 31 64 88 127 56 196 86 72 131 273 145 189 49 222 239 27 39 120 236 123 224 100 274 8 53 74 196 78 264 238 236 134 169 207 139 166 23 127 182 82 194 249 104 136 126 185 241 191 21 191 192 41 126 212 163 180 88 71 112 99 77 167 40 208 61 116 245 185 150 210 163 270 262 71 137 263 174 156 104 125 222 60 58 249 54 170 171 84 123 189 88 7 125 184 124 87 26 105 65 235 12 244 226 154 179 269 150 198 115 267 172 92 193 39 33 256 12 21 266 26 36 50 56 74 111 18 196 171 203 190 252 275 191 132 6 188 129 121
83 1 145 158 152 85 17 185 208 47 98 46 58 103 10 173 179 228 111 46 2 101 158 204 166 256 156 203 114 15 154 255 79 265 19 56 275 15 4 16 155 276 13 199 264 39 67 192 47 106 259 38 243 38 173 268 246 39 259 151 77 54 241 182 28 96 169 264 217 65 57 198 221 7 49 124 206 16 9 168 217 208 51 48 158 245 36 277 225 108 134 61 198 24 272 273 66 9 160 147 202 260 92 5 227 7 47 40 107 139 218 229 230 32 117 151 217 249 193 73 166 181 72 65 107 91 270 191 190 20 57 86 80 35 142 265 162 13 221 236 199 222 74 171 92 55 188 164 200 197 172 66 217 183 84 25 25 264 119 206 27 220 221 260 160 20 88 46 252 258 265 212 50 103 145 88 160 75 223 82 234 77 189 118 206 45 161 136 250 217 135 33 197 142 133 274 122 271 57 117 245 263 55 201 233 240 37 91 207 37 272 6 186 135 107 59 92 196 68 67 32 48 202 66 135 149 142 272 107 149 182 201 182 219 268 193 271 51 203 85 252 67 253 193 36 252 119 9 65 115 30 141 198 166 60 116 182 94 208 75 193 115 197 167 153 195 4 31 148 48 191 172 22 148 232 110 111 1 32 228
143 220 171 50 267 204 227 127 278 224 204 278 11 66 145 130 196 99 105 64 224 159 105 166 39 177 173 114 232 91 17 118 31 238 208 40 57 228 12 183 223 239 214 145 117 202 154 195 129 48 252 2 177 169 54 187 100 229 259 244 162 68 273 16 139 217 144 228 192 198 69 54 224 71 13 131 74 156 115 63 223 250 18 54 185 200 119 37 239 161 126 20 104 41 113 107 58 62 129 246 214 216 7 247 5 264 31 271 258 143 195 269 57 75 222 120 200 207 209 137 153 274 8 202 230 39 248 30 32 150 242 111 248 115 80 177 214 62 183 275 126 132 242 169 234 277 4 90 2 254 159 274 265 183 36 104 203 156 98 1 230 117 204 87 24 180 27 177 205 158 144 237 200 60 176 22 64 66 51 258 6 265 159 271 66 276 226 222 67 143 127 265 280 118 219 131 67 169 95 69 247 133 104 56 183 174 26 225 247 126 116 3 95 156 199 184 129 262 34 73 246 206 171 49 78 220 164 16 29 56 94 119 37 255 227 219 124 21 54 127 257 164 224 174 182 70 262 3 144 178 24 54 27 25 64 147 16 18 47 34 141 50 178 197 152 30 250 50 84 36 111 61 200 219 39 260 1 83 31 264
94 178 149 275 250 112 179 118 270 243 195 157 22 167 25 52 171 229 167 173 10 178 176 61 161 229 132 243 18 98 261 42 278 141 174 119 164 184 221 132 77 90 88 200 71 11 211 234 151 89 53 88 227 110 232 227 128 46 19 199 116 259 243 157 49 269 168 65 174 57 55 159 226 234 249 97 140 68 129 124 32 221 107 88 189 135 97 224 33 135 69 90 35 131 185 114 132 146 217 58 95 39 28 82 6 130 203 52 31 250 156 71 106 218 262 225 207 265 164 222 205 8 190 6 155 15 273 228 112 149 145 88 106 126 22 20 211 20 71 259 167 61 132 270 266 139 92 74 223 139 136 132 40 118 77 212 9 199 133 263 262 49 85 99 272 266 269 10 39 257 35 133 20 49 156 169 73 10 228 206 32 144 280 50 183 140 278 127 49 250 29 122 210 32 221 70 80 223 177 246 157 89 13 212 110 208 93 212 9 139 279 157 137 150 251 114 267 191 78 65 232 193 33 128 13 192 164 209 186 54 39 18 130 242 48 183 229 71 268 118 232 159 244 157 254 265 217 277 71 32 72 75 72 194 189 219 27 202 64 73 128 85 158 59 118 228 253 164 168 184 238 64 41 151 177 267 236 179 217 10
140 50 53 238 123 225 127 212 279 196 12 119 189 53 118 118 11 270 122 209 77 130 78 176 275 157 199 189 129 184 173 72 125 130 158 208 129 103 84 195 75 241 96 149 45 190 218 185 212 36 274 71 136 20 29 104 269 134 255 128 107 151 219 234 72 15 110 1 136 8 130 134 210 140 229 224 246 275 67 56 204 174 206 144 253 201 139 44 167 245 150 35 113 3 92 162 62 167 119 184 78 166 110 248 77 77 80 257 226 203 225 133 234 268 260 240 67 259 189 214 74 278 224 82 84 23 259 6 238 219 158 269 156 179 188 215 37 61 153 192 77 232 275 240 27 73 147 40 65 153 110 234 101 6 139 171 208 213 228 232 100 74 78 177 147 1 99 170 183 164 33 148 115 223 221 137 226 129 81 105 123 146 179 40 138 108 122 272 254 174 278 152 27 215 51 95 216 149 261 67 184 106 152 64 190 252 178 52 213 12 215 155 23 156 53 68 77 99 76 68 223 185 162 14 242 190 83 149 112 238 63 222 254 141 133 216 124 104 265 190 129 203 89 5 184 202 124 92 54 115 242 85 98 31 172 86 225 100 187 191 261 225 32 259 280 201 130 136 106 53 54 272 72 204 122 215 58 1 205 278
60 207 115 88 59 150 253 213 160 12 186 94 52 102 27 218 131 215 188 225 244 227 195 268 110 234 224 53 27 93 154 249 56 266 89 71 194 245 195 215 97 37 177 39 221 114 83 42 89 190 251 60 1 236 41 3 57 209 157 177 186 107 211 235 153 214 232 121 58 49 106 164 6 187 184 166 121 17 193 15 38 169 19 231 2 4 67 50 21 122 198 242 277 71 253 146 238 103 112 183 105 187 171 20 58 206 235 9 269 211 161 21 275 172 126 182 196 222 202 151 50 193 101 73 73 62 56 2 49 31 201 123 275 170 103 62 170 105 27 206 150 92 194 163 84 224 259 89 59 71 62 74 124 16 191 43 236 5 182 27 102 30 267 150 272 221 53 28 42 224 136 32 76 242 45 103 93 46 184 219 133 68 78 226 213 161 170 248 139 260 60 155 41 237 102 19 70 222 242 271 49 169 174 258 144 146 85 244 111 263 184 218 156 121 215 242 184 57 223 170 23 162 208 252 166 89 88 62 273 185 133 257 219 17 279 272 13 181 172 199 115 274 40 237 2 26 87 75 25 181 252 93 151 123 35 268 63 253 12 207 16 118 138 108 201 229 271 119 276 71 247 47 157 150 31 247 17 267 97 246
26 46 66 38 127 49 35 158 94 3 149 78 10 259 126 199 187 34 132 79 254 181 128 37 139 236 199 58 244 81 42 172 222 235 170 254 140 106 110 171 226 142 89 258 36 257 266 256 127 164 147 257 33 241 65 51 197 138 128 196 23 32 176 133 31 89 103 147 101 276 87 186 186 69 209 219 237 199 186 86 44 80 257 279 158 29 268 269 258 190 48 258 178 228 112 271 96 75 248 275 105 195 157 20 73 168 123 223 182 212 173 101 153 94 182 206 229 19 9 33 92 69 183 126 157 126 216 188 234 273 109 73 68 280 158 13 252 222 166 151 28 104 78 1 235 157 221 7 99 176 137 220 114 6 106 219 40 13 2 245 101 123 208 69 62 242 142 65 29 92 59 191 215 3 257 200 92 220 109 58 99 6 8 113 23 120 201 260 278 210 227 58 15 150 201 168 103 121 250 266 12 137 227 277 186 229 63 186 256 239 75 265 5 77 141 261 120 246 231 109 146 144 39 69 177 277 146 207 232 238 27 3 261 54 87 271 145 231 63 212 53 2 14 219 10 116 70 15 226 178 258 91 276 242 90 155 52 173 246 83 256 27 91 280 159 44 11 196 42 143 120 167 269 176 122 161 195 70 35 172
142 42 133 183 123 121 228 227 179 202 234 224 5 186 97 205 256 103 22 95 96 94 87 196 278 196 42 129 245 158 217 90 204 61 263 245 73 93 211 220 272 200 9 67 112 141 96 82 214 179 120 90 179 37 87 261 58 21 59 98 156 246 170 108 1 220 26 169 138 42 249 4 71 147 177 118 18 167 24 168 274 214 112 235 39 220 147 201 174 265 39 140 201 172 42 181 253 94 91 130 146 261 160 103 63 90 86 76 160 218 205 53 51 234 158 241 188 238 125 248 114 192 153 213 227 110 280 277 158 174 12 185 68 243 100 261 136 107 197 245 42 200 59 112 49 128 82 243 142 171 47 72 46 165 228 184 144 38 179 275 18 216 101 82 6 100 214 272 223 180 30 24 24 247 7 246 49 101 87 163 75 19 23 258 109 182 124 252 238 65 129 262 25 191 269 169 117 105 44 87 228 171 34 270 113 90 135 136 248 248 18 213 101 174 112 186 260 51 37 28 253 203 259 114 219 264 139 150 88 143 215 108 246 232 218 177 74 34 244 21 265 141 164 54 173 109 218 92 163 238 105 246 173 175 241 258 103 78 229 275 153 93 169 2 217 276 162 234 237 264 201 52 202 217 264 36 154 117 38 79
135 72 212 124 98 249 278 138 232 106 53 44 6 261 39 104 14 185 210 151 49 218 136 258 32 96 112 184 227 219 247 241 230 268 99 238 100 126 243 73 257 18 136 146 54 41 46 144 264 48 182 72 69 85 55 48 159 219 155 134 103 218 184 236 181 116 85 234 202 105 137 72 272 264 36 56 25 102 152 156 25 82 25 12 261 142 204 10 134 29 135 237 139 135 222 158 104 14 252 50 123 90 207 273 107 271 87 15 30 59 208 134 274 65 51 94 212 4 218 50 106 200 157 190 175 13 184 160 148 1 178 16 88 58 148 211 279 26 140 211 145 220 166 128 128 123 108 56 171 142 229 73 114 15 156 56 112 139 39 87 193 68 154 123 228 257 217 97 69 7 201 253 39 245 193 263 153 68 161 5 181 58 175 73 19 128 60 47 122 171 138 228 59 71 246 87 142 32 197 222 162 169 126 221 192 232 77 206 248 152 34 167 186 65 130 249 214 138 140 137 52 172 267 280 230 212 98 235 93 43 115 279 211 246 266 251 79 121 186 183 144 62 132 19 38 279 241 274 64 48 40 61 206 110 35 175 196 21 126 266 129 206 211 119 204 214 50 236 250 248 175 107 149 87 18 103 170 20 88 122
62 168 240 16 33 80 35 124 59 152 206 256 206 73 252 235 233 45 60 16 135 41 108 102 148 157 208 65 175 108 83 262 90 196 58 90 251 108 243 96 119 3 48 47 36 63 12 161 178 196 211 84 154 232 43 50 160 130 264 115 154 258 235 85 80 221 199 209 81 98 164 22 47 8 176 52 225 149 143 53 189 224 277 4 215 141 167 47 125 260 256 186 264 128 261 277 197 253 219 265 22 112 271 164 224 58 252 3 254 24 218 131 269 174 146 65 221 238 130 137 110 190 210 250 159 35 102 222 264 44 229 87 3 8 257 48 121 89 21 160 234 231 167 178 98 226 103 128 52 106 102 183 88 123 68 202 153 183 117 76 278 129 46 174 88 262 30 158 173 184 226 158 234 136 243 74 59 270 7 175 222 259 128 8 100 163 229 74 146 59 126 186 240 28 62 130 130 238 157 236 76 199 108 226 222 223 272 7 267 102 40 145 248 112 74 116 230 192 261 220 250 51 84 243 258 158 274 203 176 119 127 12 244 233 233 171 242 34 210 168 256 122 269 91 176 258 102 176 166 277 115 104 106 275 170 74 226 9 34 210 16 109 91 221 185 14 209 234 218 223 108 116 87 121 127 90 67 76 239 86
37 110 110 142 93 203 98 228 63 129 11 246 159 105 254 47 267 153 37 162 231 79 254 120 17 57 107 70 205 244 228 227 247 209 179 109 89 184 276 170 182 41 175 73 97 129 212 87 2 103 79 66 93 121 60 67 105 150 170 203 96 178 198 222 80 250 56 76 188 6 132 29 45 93 180 18 106 158 88 121 198 241 264 134 91 241 150 230 13 220 118 141 217 161 101 280 60 89 163 217 158 218 215 270 46 249 9 114 115 252 7 180 138 188 32 80 220 259 167 278 220 257 261 22 164 241 159 37 77 58 213 82 11 10 200 69 226 40 247 204 192 178 72 88 127 95 278 192 7 85 12 60 208 135 270 207 71 174 159 4 160 71 126 211 105 78 244 124 275 13 209 262 168 127 177 130 252 88 57 131 64 125 222 69 171 193 220 152 16 36 91 126 57 7 169 224 75 262 81 248 70 220 274 161 237 181 5 189 254 36 223 58 226 122 186 279 148 54 180 175 9 170 90 33 66 183 38 176 46 243 218 131 196 114 137 63 152 162 55 60 12 151 184 51 209 44 115 249 84 89 66 155 55 32 270 56 147 168 213 74 209 26 275 185 206 135 202 40 140 279 235 266 83 108 277 214 85 255 31 150
185 81 91 137 204 200 80 60 14 125 87 206 272 192 274 108 250 211 244 126 23 250 36 99 246 244 173 61 82 139 109 242 86 88 148 142 35 238 168 7 133 251 5 158 92 122 109 132 156 100 13 237 210 97 165 227 73 64 245 236 1 17 232 257 48 246 134 33 141 68 140 276 175 275 87 273 227 29 57 105 168 190 232 28 88 170 18 87 243 154 278 56 81 6 204 8 178 112 196 217 211 74 268 117 51 216 185 232 181 17 15 218 116 255 258 250 51 226 255 44 139 252 7 51 177 5 263 205 22 40 230 25 93 269 242 153 159 18 81 50 29 148 66 161 218 43 159 277 220 8 172 122 265 111 111 267 35 30 193 36 56 112 41 221 278 258 51 216 270 104 218 253 2 38 216 237 210 133 4 276 4 211 141 190 79 77 33 245 172 176 96 70 203 37 19 140 272 110 100 111 209 201 151 198 43 12 117 250 98 48 62 245 106 10 143 85 210 68 136 18 222 45 1 107 121 101 255 10 231 211 191 8 269 82 203 131 174 219 57 143 215 248 1 135 70 188 132 209 163 256 191 240 182 209 75 76 188 120 156 166 27 189 275 232 178 250 154 31 51 230 101 211 7 70 222 175 249 40 46 30
118 261 191 134 142 180 11 149 263 208 41 60 2 156 30 127 180 38 234 174 209 103 185 102 68 229 15 163 33 102 179 202 187 9 170 239 117 257 84 158 196 131 240 11 1 54 192 181 232 72 98 17 67 38 186 230 278 101 33 142 120 13 67 228 156 196 160 84 159 98 240 33 1 269 108 62 27 136 213 196 24 262 261 60 93 15 111 187 248 60 29 275 76 238 65 271 21 125 107 194 169 234 237 201 229 181 274 60 188 62 252 172 10 231 158 63 92 174 147 72 35 51 79 63 250 221 142 173 198 79 145 145 153 233 233 111 16 199 220 266 214 223 178 126 242 3 204 57 188 122 155 124 58 70 241 212 55 2 182 61 30 83 95 132 243 51 191 48 203 44 132 256 20 125 64 41 273 31 179 232 266 273 47 48 60 205 20 106 161 150 236 27 250 256 109 191 77 28 195 219 195 72 54 207 253 52 258 131 70 114 20 151 216 87 139 185 151 206 123 10 240 63 61 242 101 198 38 116 128 111 64 16 195 193 34 180 198 47 172 40 183 186 79 162 2 261 277 237 94 221 148 203 243 42 254 243 15 224 84 230 195 84 27 44 64 224 251 161 179 172 121 33 53 79 162 42 162 51 134 269
26 54 127 220 20 80 23 130 105 47 279 230 43 263 149 271 153 164 125 117 103 187 27 11 182 178 130 157 17 96 137 69 108 220 12 234 123 259 228 274 37 75 208 159 28 69 183 228 41 270 144 98 142 128 204 75 99 115 196 251 150 178 168 12 241 92 186 70 92 48 96 197 109 97 228 245 107 248 75 131 214 137 45 97 15 207 84 211 81 169 97 172 275 264 128 44 226 96 16 231 239 132 216 87 36 139 244 248 32 101 5 279 220 75 280 174 167 161 35 20 61 134 88 223 91 240 270 90 32 275 226 74 82 84 236 246 87 117 185 107 171 119 230 105 271 4 268 270 269 209 180 199 15 209 56 11 161 45 131 60 172 47 120 224 272 180 162 1 278 138 204 91 274 152 178 218 119 251 149 32 25 11 271 220 2 150 175 10 155 206 259 60 156 263 82 140 130 81 220 255 73 4 40 233 144 273 44 162 192 210 98 189 277 5 22 195 243 97 39 119 121 123 201 117 179 173 181 169 252 62 190 33 255 196 124 8 81 126 231 213 11 128 178 40 17 157 218 64 249 12 27 46 219 16 39 154 252 244 9 83 128 68 226 263 66 173 195 175 17 91 114 127 26 263 18 179 117 273 180 131
196 71 235 63 273 170 160 59 141 112 7 104 74 149 259 264 142 85 80 236 30 157 213 67 182 86 61 153 165 117 256 233 225 20 109 192 50 180 59 73 193 103 17 23 191 144 22 83 182 103 130 33 168 140 137 78 2 132 1 265 71 132 9 211 12 187 205 35 264 134 208 63 87 23 239 226 66 63 103 95 152 102 65 109 47 96 274 217 241 210 101 165 81 212 26 41 275 268 126 31 70 151 163 94 6 130 206 81 78 45 41 191 48 204 170 187 225 4 262 249 179 234 243 199 172 271 164 146 10 99 133 72 258 239 189 121 243 39 116 239 112 208 6 229 1 69 108 43 88 250 142 260 107 167 118 88 155 11 150 207 160 189 236 246 277 208 137 95 88 164 175 45 25 27 26 87 24 187 135 260 278 55 171 99 277 205 63 261 140 211 233 194 82 195 249 111 142 132 203 75 24 19 94 247 201 136 22 170 10 211 138 60 55 203 167 209 189 278 43 132 208 272 39 48 121 276 280 61 225 132 271 231 125 223 43 227 222 16 225 187 51 241 222 167 141 280 235 138 108 132 183 52 196 72 79 259 43 111 172 170 272 158 205 219 225 40 140 177 99 143 122 139 192 260 84 16 274 62 10 255
138 208 8 73 123 178 81 215 122 216 203 126 52 172 30 179 19 196 253 182 276 271 168 210 113 113 58 151 18 277 151 251 122 134 119 124 262 124 196 56 148 26 163 71 251 189 266 45 187 49 58 125 264 277 60 73 149 264 160 107 194 76 88 219 33 40 251 269 4 251 247 178 18 27 128 180 95 59 259 90 115 279 225 178 154 208 175 213 138 218 148 262 279 31 222 227 126 171 85 176 105 249 105 158 116 34 112 226 100 133 148 80 23 8 139 263 190 49 262 33 227 25 159 90 74 83 82 118 200 6 5 120 1 277 260 210 30 101 245 51 209 97 262 1 206 83 239 55 89 162 162 146 6 148 33 250 269 217 279 167 279 100 48 27 236 280 4 103 181 178 170 86 174 101 194 215 8 78 175 105 233 31 36 167 101 84 77 54 222 183 74 171 175 207 204 191 41 193 126 153 154 63 84 114 174 193 56 243 100 25 99 90 128 68 132 182 90 239 49 211 133 133 58 119 276 9 220 169 54 130 57 90 272 7 73 114 252 69 144 41 232 51 7 181 59 110 268 86 131 140 280 225 4 145 137 50 55 149 171 57 177 239 125 279 178 220 49 60 92 179 67 26 77 63 238 38 218 195 2 21
264 236 151 34 157 182 68 152 269 31 78 20 72 52 276 211 239 40 152 15 2 145 122 6 5 151 119 16 116 71 91 235 210 145 274 239 14 67 122 16 12 127 80 238 37 252 197 188 239 258 1 206 29 52 209 34 176 95 188 17 67 193 229 261 263 222 16 277 190 101 95 92 207 216 11 23 28 279 119 105 110 208 171 74 167 155 42 12 147 165 28 117 84 223 11 14 130 95 101 226 69 13 23 161 254 176 73 254 183 26 169 76 260 186 278 47 200 134 19 157 168 239 149 110 184 126 245 186 64 122 114 254 154 65 115 47 212 21 150 253 39 222 142 28 277 80 192 155 240 240 254 30 158 87 211 208 197 15 38 138 36 151 40 279 21 39 107 226 154 151 183 3 141 225 104 61 149 10 100 182 244 59 37 78 11 101 12 224 140 55 10 201 222 247 168 44 134 280 128 172 117 223 244 176 263 86 95 220 78 18 70 156 21 1 271 87 244 49 190 244 249 137 238 25 237 174 215 96 91 274 218 71 91 279 27 5 122 246 242 250 104 134 223 69 10 203 101 200 146 8 250 70 7 199 28 194 257 199 222 186 86 131 62 179 39 237 188 192 280 277 78 255 269 188 42 49 70 93 256 186
171 28 48 120 259 109 99 58 123 91 21 130 63 221 24 35 186 40 22 43 251 93 214 243 120 178 103 95 82 177 14 251 17 160 256 263 267 65 258 262 140 259 65 88 3 245 56 91 208 188 279 258 38 185 98 109 267 149 174 69 46 227 116 130 109 219 276 192 268 129 243 275 32 92 6 228 98 228 146 216 55 1 131 189 170 166 244 33 269 68 185 210 250 148 142 272 94 280 210 192 161 97 190 226 178 188 58 246 134 153 168 39 38 70 57 116 25 42 82 110 97 152 229 112 107 27 17 54 271 204 147 185 222 114 113 152 151 186 169 262 8 132 225 37 156 260 243 26 270 18 274 172 206 238 67 59 10 33 97 42 153 48 169 103 36 15 265 21 104 87 149 206 128 153 14 109 196 201 192 236 8 69 128 239 5 171 205 109 277 250 25 207 123 93 147 172 151 63 61 112 42 63 178 16 163 279 279 93 83 275 23 38 98 52 173 258 217 218 35 149 138 206 223 47 53 61 149 280 264 146 179 262 279 68 143 164 62 94 138 160 226 178 23 64 241 196 245 115 217 64 33 98 176 251 65 123 102 102 280 77 14 206 143 150 232 180 185 154 164 67 198 155 120 53 165 186 266 103 121 139
138 100 131 231 33 234 265 225 17 118 248 165 98 19 78 209 223 253 244 119 165 172 119 268 43 186 32 67 95 103 169 105 242 115 255 221 171 75 145 98 222 128 101 134 179 67 230 58 277 55 39 210 166 188 274 202 194 79 95 197 4 155 171 153 93 278 21 265 146 24 36 92 91 143 1 207 272 6 155 68 1 116 208 1 93 240 271 243 52 197 62 223 212 65 78 67 220 35 88 69 227 206 76 66 131 98 164 94 280 158 185 148 15 97 156 137 253 197 181 92 230 208 209 56 270 20 159 255 124 186 13 169 126 81 76 111 100 125 192 37 41 213 5 273 253 240 2 4 44 158 81 106 165 42 49 126 235 172 32 186 218 231 73 215 227 265 262 67 243 278 249 278 129 219 118 69 147 19 29 192 185 191 263 38 41 115 115 8 79 115 280 40 207 14 110 217 56 275 148 158 121 85 46 56 269 171 149 121 153 92 76 278 24 253 276 218 11 118 96 193 149 259 78 41 23 105 44 276 227 205 146 181 112 94 245 206 186 149 2 132 76 14 276 9 210 110 89 250 204 109 201 115 84 271 193 108 122 155 224 165 184 244 34 59 65 117 176 138 263 154 92 195 136 277 151 274 256 3 222 33
31 175 94 180 233 121 68 82 270 261 241 59 170 106 126 101 169 144 11 124 206 278 216 211 166 245 64 198 147 37 193 109 273 217 210 87 207 63 118 212 239 277 190 270 202 19 179 29 206 24 71 139 218 89 98 129 171 55 217 165 44 63 117 168 134 127 49 234 221 179 92 10 190 93 235 162 165 124 144 125 52 234 261 69 196 253 137 270 212 78 275 151 264 70 168 14 67 172 128 176 185 209 154 155 149 46 210 72 217 47 81 217 195 253 168 151 16 193 266 249 8 23 48 202 149 221 172 95 186 162 8 149 103 224 274 205 130 137 175 217 73 256 196 269 49 32 184 258 27 211 5 53 63 85 8 134 273 214 236 148 140 60 192 205 156 41 179 275 60 22 177 138 158 189 75 159 107 113 237 181 80 99 90 54 144 275 68 128 72 222 108 185 86 42 205 176 263 240 250 212 240 236 163 255 122 99 219 189 172 85 258 198 133 165 272 61 122 106 1 226 180 220 15 232 159 34 213 230 178 148 251 233 193 25 105 221 225 108 135 28 128 172 194 220 272 260 119 17 18 11 257 167 42 245 238 78 32 84 155 165 219 63 190 106 129 107 263 212 275 209 81 179 243 59 225 150 122 59 100 185
134 3 164 29 12 116 240 95 81 42 243 103 41 187 179 104 166 226 272 126 157 48 176 29 8 133 82 64 71 20 226 74 258 10 16 104 157 159 54 58 178 19 231 237 4 174 192 138 195 135 268 92 160 98 55 205 155 174 137 237 269 190 6 21 124 43 44 164 133 103 253 43 114 6 210 13 200 193 127 221 149 39 142 209 162 141 111 84 99 258 34 133 138 48 83 143 276 100 194 193 15 216 88 85 16 181 248 157 215 192 272 158 86 251 204 22 22 210 144 76 138 189 65 271 15 62 246 133 62 134 134 129 143 159 197 238 96 11 164 187 263 65 194 51 102 91 127 138 204 143 62 269 166 114 67 137 173 99 118 9 10 17 193 66 77 40 233 74 39 116 247 45 195 179 119 251 240 275 243 129 182 51 206 43 217 135 191 90 184 272 275 268 71 135 96 234 70 207 38 106 7 47 11 189 176 190 154 165 49 134 28 117 277 53 217 31 261 53 106 171 230 233 171 64 218 276 265 5 33 85 56 56 159 132 97 151 203 268 269 202 198 29 65 255 54 260 141 19 246 219 241 106 23 180 15 225 172 159 210 26 49 217 131 207 34 47 63 96 81 276 27 57 191 105 74 68 209 206 237 253
224 223 141 277 9 237 145 279 144 3 190 77 137 134 176 275 239 77 18 193 260 74 19 142 116 4 74 184 273 55 36 197 75 130 238 227 16 3 133 64 154 141 65 159 100 256 77 243 39 46 195 93 176 274 128 227 33 90 206 233 117 59 121 181 145 160 65 132 167 170 15 155 216 203 226 269 133 56 51 270 35 92 236 49 122 253 171 84 277 131 65 245 273 131 102 132 122 129 271 120 264 28 95 33 43 148 116 46 197 103 167 18 14 70 136 34 265 182 149 216 173 87 40 261 239 132 271 168 54 111 265 190 227 253 210 33 207 129 35 181 229 64 221 97 208 65 88 4 35 51 204 48 115 157 82 241 149 64 177 130 207 149 83 198 121 219 82 52 5 232 179 65 159 170 175 254 141 238 178 131 157 112 101 229 99 215 20 139 156 272 250 124 31 177 249 142 58 221 118 185 177 112 36 70 148 245 52 27 127 125 66 203 217 6 169 42 97 135 94 201 241 205 10 141 141 141 261 195 130 61 274 95 104 17 128 193 253 123 278 108 103 41 160 143 62 54 15 246 232 38 253 231 24 137 64 213 12 261 262 276 276 239 61 223 65 144 153 244 162 223 200 33 231 46 174 159 273 249 149 201
198 204 3 13 257 148 254 10 100 159 198 16 62 178 20 27 137 203 271 263 211 33 224 225 58 254 263 19 26 260 63 60 218 64 81 226 193 122 116 196 73 189 255 93 182 265 87 14 23 74 212 91 149 260 64 14 92 262 200 237 244 77 116 238 182 280 219 131 33 49 245 196 201 143 262 187 86 229 162 98 218 48 274 251 143 203 141 81 75 206 100 225 272 11 234 188 200 199 177 78 2 175 255 177 159 49 108 210 168 262 183 52 215 112 240 12 111 25 97 252 280 96 89 167 146 3 274 226 225 128 187 118 70 75 278 96 205 84 118 130 80 172 125 145 25 82 259 47 266 93 43 210 229 219 65 66 24 204 264 100 278 109 125 84 103 115 130 38 34 179 14 183 195 134 29 62 206 171 154 137 139 160 256 241 99 218 61 95 80 194 179 251 44 154 210 58 58 65 79 78 57 13 167 125 57 195 200 99 33 48 219 215 69 165 268 146 220 157 24 206 227 203 233 169 8 83 19 19 179 25 213 101 86 266 103 132 179 82 28 190 224 190 58 121 204 234 180 155 84 206 225 236 129 43 185 54 38 221 162 258 265 238 238 10 168 192 151 265 187 232 264 16 172 158 154 83 260 145 274 83
55 267 165 222 8 194 155 106 139 57 28 3 220 258 59 30 249 280 118 274 242 110 62 180 147 86 5 206 207 217 10 158 34 114 217 247 138 124 245 177 194 10 189 248 12 228 251 188 193 143 124 47 165 121 195 267 48 234 217 230 203 33 244 149 48 163 227 56 207 70 59 99 272 44 71 6 125 84 175 106 79 67 40 43 244 271 171 249 34 224 177 60 75 30 279 202 234 241 101 179 23 3 204 26 123 266 77 167 117 235 252 279 163 98 246 274 259 234 64 265 162 121 216 94 184 104 215 262 163 140 74 101 108 35 138 20 266 164 270 2 206 181 89 24 194 108 23 260 89 175 27 230 167 156 271 53 12 89 88 65 33 222 198 116 121 11 157 162 124 28 54 51 51 43 149 120 205 244 68 199 112 271 123 116 30 74 95 209 275 167 222 71 59 262 10 173 262 36 276 52 156 117 129 243 46 61 280 31 2 243 266 60 236 266 182 6 270 20 197 245 29 208 106 133 247 266 259 205 196 139 274 203 78 52 154 197 269 97 48 45 12 206 8 221 158 6 79 91 174 268 279 90 49 161 129 236 56 278 22 135 226 119 103 131 152 116 212 157 48 275 133 7 119 171 55 103 146 157 117 263
104 234 29 13 161 160 137 28 96 149 277 169 20 33 165 257 265 108 186 273 161 27 190 109 34 46 203 276 40 8 164 207 112 174 22 148 215 165 252 32 176 260 80 213 191 80 97 51 63 171 43 1 14 24 138 244 67 178 153 82 27 4 274 250 10 180 242 181 122 205 10 95 117 80 130 19 52 278 134 279 112 153 236 82 13 159 89 15 152 110 269 231 96 192 233 77 202 217 130 219 38 244 62 71 170 205 271 94 118 92 141 119 263 26 103 250 182 54 35 280 98 29 25 275 279 233 162 253 84 236 211 82 234 144 180 82 106 101 35 231 165 225 35 273 248 178 195 128 244 217 280 139 280 67 160 182 46 89 65 171 13 211 202 88 144 16 86 84 83 66 272 8 12 127 268 93 108 31 211 172 138 159 80 44 273 70 196 237 53 19 1 217 7 66 111 75 100 23 52 240 266 101 234 251 90 221 42 269 190 240 265 176 95 189 124 228 123 58 156 120 202 10 91 128 174 38 209 186 31 47 76 240 192 176 110 95 34 59 174 88 68 140 76 258 39 154 115 260 85 266 24 72 138 31 53 101 52 235 43 213 156 95 45 279 226 31 47 273 104 6 278 135 175 44 18 132 89 243 134 14
175 95 39 142 6 26 236 177 19 86 196 237 51 190 237 49 77 240 78 167 7 88 239 77 69 88 125 105 88 250 213 193 258 241 174 148 81 118 209 215 90 69 95 190 213 176 163 1 108 1 132 228 139 199 253 234 127 188 189 236 265 164 24 15 117 139 118 192 239 119 211 98 107 112 98 195 160 268 36 66 224 242 247 124 250 56 183 280 29 152 34 249 87 125 209 24 238 238 107 168 43 15 41 195 99 105 31 260 63 1 263 95 43 222 113 203 269 110 96 66 59 73 219 213 132 159 118 48 163 273 23 253 97 150 52 263 71 187 251 188 61 23 236 72 220 193 174 38 226 23 176 187 209 144 178 119 19 6 86 250 99 261 253 201 165 108 156 189 6 267 185 136 224 245 274 75 126 273 86 243 272 119 113 222 104 37 29 4 171 120 57 221 54 266 35 163 187 126 234 200 37 140 105 151 206 55 172 9 266 235 266 271 90 248 210 8 233 198 11 50 73 183 253 55 214 246 81 221 63 130 55 258 208 223 246 167 21 42 272 172 166 54 16 120 173 136 176 25 142 112 133 33 109 140 225 57 5 152 97 141 196 179 162 227 12 90 20 139 203 255 96 127 233 123 36 218 117 131 190 166
131 92 62 271 274 214 155 139 34 144 258 33 261 48 168 189 73 67 10 126 115 66 161 119 190 33 34 109 97 67 264 202 163 1 208 15 196 64 196 8 246 68 152 151 278 128 145 47 107 131 181 155 119 27 160 212 254 204 189 264 39 70 13 35 216 279 138 14 90 69 109 169 194 4 88 11 18 210 229 8 214 176 210 34 109 42 76 214 119 221 67 202 267 23 280 200 240 44 16 175 31 77 9 172 48 68 256 173 249 44 102 97 90 219 181 97 128 129 203 215 41 263 244 231 249 17 13 49 271 79 200 134 151 134 69 82 9 207 1 96 158 168 155 173 50 264 41 204 18 210 56 3 267 126 68 239 95 15 239 189 224 124 184 8 78 49 137 212 124 154 41 257 95 127 10 42 175 153 150 78 176 229 166 266 169 2 125 279 201 53 258 80 221 201 267 210 84 105 153 165 151 278 48 145 129 37 159 45 231 223 255 13 12 85 181 40 41 38 259 91 207 134 43 15 11 273 10 98 76 45 7 135 271 144 167 244 131 229 223 272 25 168 96 7 154 48 279 150 77 120 57 246 267 36 70 256 245 160 160 106 49 102 114 232 126 93 188 28 223 34 128 206 151 232 112 201 118 233 266 110
234 271 215 61 56 207 129 254 235 275 55 196 244 222 132 237 246 50 166 50 260 49 113 205 57 98 64 10 171 106 9 128 114 115 5 261 246 195 238 252 200 222 77 194 280 15 137 118 87 100 276 173 148 278 61 260 2 273 27 149 220 105 269 105 78 146 177 182 70 153 279 169 46 233 156 272 129 7 61 21 62 102 44 39 23 201 201 198 80 2 188 189 280 143 74 215 241 102 221 5 242 247 226 238 136 229 211 48 11 94 173 103 192 18 225 86 65 121 93 3 42 133 268 107 117 254 138 80 18 36 106 39 126 71 238 98 190 12 192 178 47 238 173 221 63 181 49 186 188 162 251 263 40 231 241 127 214 43 120 102 30 119 207 45 91 24 98 73 137 41 264 33 167 62 23 4 68 15 224 240 83 173 7 95 22 8 69 72 116 73 169 242 60 136 134 134 67 235 102 45 28 239 245 141 202 141 12 119 245 256 164 274 78 153 16 162 223 158 64 119 191 114 64 243 119 169 7 232 171 136 61 258 1 125 236 114 252 236 13 51 251 263 214 102 20 78 146 152 75 43 80 232 203 262 15 58 157 89 107 58 243 24 71 149 262 147 187 135 153 62 157 16 244 258 63 154 178 244 31 140
261 33 219 172 84 278 107 9 186 188 180 93 276 161 193 75 247 70 249 213 88 78 251 128 69 156 28 113 218 47 146 193 180 258 45 250 272 239 142 218 66 178 121 4 35 83 131 89 203 248 130 107 251 243 50 175 227 3 102 244 250 230 195 220 6 32 276 257 208 169 27 221 23 27 218 56 133 101 228 252 56 148 162 173 277 118 44 254 143 233 161 247 187 45 37 190 205 74 131 225 34 63 117 186 264 141 22 31 165 273 202 67 155 119 171 54 162 55 26 277 138 272 127 126 111 105 22 18 71 125 135 200 243 119 101 221 183 238 2 86 141 86 18 23 220 7 186 136 138 200 175 130 140 202 266 245 226 186 52 14 86 235 31 274 76 147 64 162 23 28 36 153 128 252 188 274 256 44 111 124 278 172 52 122 104 220 76 137 64 11 100 280 260 180 158 249 47 172 79 257 56 89 196 116 165 187 246 153 150 100 71 68 193 60 112 175 139 253 244 118 77 147 178 33 180 259 233 62 126 173 75 278 58 128 67 157 103 178 46 161 142 238 8 106 63 141 227 18 255 240 241 68 164 211 24 100 118 91 177 104 121 16 121 249 249 269 115 50 163 75 244 189 195 230 225 91 8 145 207 98
74 201 100 191 164 126 189 49 161 69 114 66 45 68 225 90 48 182 275 162 230 270 23 6 191 209 78 135 112 181 79 29 172 256 36 76 209 6 230 28 107 29 52 153 229 41 213 75 238 8 149 116 23 192 247 82 98 111 119 93 225 260 245 138 137 91 78 263 12 259 141 136 110 92 116 161 253 3 83 91 146 112 87 241 223 266 211 163 213 50 266 41 32 137 220 14 99 38 16 80 134 80 145 239 256 123 102 26 268 4 23 69 66 177 147 268 130 97 56 110 152 115 40 58 23 168 264 61 229 216 90 26 173 106 77 277 32 256 4 136 143 174 141 157 31 204 163 26 32 79 252 260 151 101 103 195 122 157 198 144 41 24 41 106 204 91 108 102 107 197 144 230 1 220 22 199 230 218 44 219 130 156 38 270 221 53 15 88 66 75 183 139 248 196 237 243 174 83 240 151 277 206 34 84 48 242 75 237 152 102 152 84 209 111 12 241 126 5 158 171 109 82 249 213 156 40 121 193 228 266 129 3 204 202 48 171 227 84 31 158 266 128 269 136 280 276 112 278 258 116 269 105 2 180 168 140 244 127 89 32 77 2 144 120 153 101 56 24 72 155 197 24 101 117 46 230 49 33 98 8
265 251 277 85 259 141 87 142 264 239 2 203 217 164 174 278 209 241 190 13 42 147 54 235 4 91 117 187 140 120 222 245 220 30 20 204 147 220 164 183 201 55 49 262 234 188 59 278 139 108 212 167 5 184 89 204 146 67 101 33 147 98 207 228 235 148 259 226 211 243 27 64 271 234 172 270 119 144 158 156 14 51 126 208 207 173 105 208 78 276 6 276 115 43 1 131 232 55 165 190 190 27 252 209 164 123 160 207 66 221 56 28 263 252 253 66 1 51 9 222 234 88 205 120 68 146 213 126 230 235 186 129 210 112 8 195 209 15 66 217 34 73 234 5 141 133 111 120 98 205 1 20 63 19 158 221 170 53 100 66 194 203 112 206 98 250 65 33 102 33 84 183 34 109 244 148 256 232 177 172 88 115 263 14 118 230 31 123 250 269 211 13 15 10 141 213 94 221 139 47 201 37 249 279 103 147 278 158 241 231 66 258 92 37 110 251 175 272 231 72 136 235 232 142 171 143 117 237 118 220 218 48 38 119 265 158 276 14 58 205 237 233 38 105 127 179 44 71 261 214 101 138 196 12 67 184 181 232 94 16 96 217 251 261 277 38 192 147 240 243 5 190 76 231 50 227 272 106 183 57
259 171 35 33 250 222 237 279 14 150 78 44 252 255 108 257 175 161 12 211 275 101 172 70 72 228 37 243 101 261 159 215 147 30 227 271 37 129 55 170 42 224 183 82 119 89 38 146 227 202 250 231 166 41 57 169 263 118 244 273 41 228 26 23 80 251 200 109 149 135 93 257 59 257 23 221 113 165 205 86 47 219 88 139 109 29 276 5 116 228 121 64 272 172 57 146 169 137 240 109 152 41 222 58 178 238 19 279 120 45 39 231 25 82 211 222 253 223 275 61 229 60 30 209 174 114 249 109 116 172 261 190 99 238 143 229 249 115 164 121 238 175 172 40 233 28 196 231 246 148 166 113 5 273 51 221 90 21 1 188 181 257 117 199 268 55 76 198 58 269 159 178 246 227 89 65 191 138 212 190 2 262 12 190 2 128 1 262 126 219 163 257 187 180 274 168 29 168 224 147 148 164 40 138 147 276 280 89 168 150 161 130 94 1 182 58 56 268 37 152 256 28 158 79 77 103 158 149 111 149 46 141 173 204 140 169 226 16 41 259 82 33 255 88 198 76 136 80 235 224 254 195 208 91 107 51 17 189 112 166 57 9 151 54 15 274 41 30 141 129 156 270 200 162 205 135 100 252 179 140
145 71 84 65 234 163 265 34 229 125 260 100 133 257 93 135 112 191 154 85 139 273 114 134 267 198 107 269 29 26 24 227 114 152 187 149 104 272 276 205 134 260 190 111 158 2 90 253 269 1 272 235 275 5 23 242 68 54 124 149 212 263 56 107 128 207 191 144 147 26 7 254 189 67 265 159 1 208 218 52 219 8 82 14 204 259 163 226 167 177 228 199 45 25 158 58 116 20 144 218 81 86 98 48 234 208 107 157 135 19 218 221 110 60 6 62 70 138 201 150 132 6 92 245 108 177 204 61 259 78 150 24 225 160 83 97 77 166 103 59 51 200 28 156 191 59 78 184 181 77 202 111 239 242 121 204 48 77 97 94 183 247 44 46 57 248 18 246 236 92 53 176 22 268 196 231 71 238 226 5 1 109 152 236 182 30 224 164 145 224 94 208 220 209 269 6 1 29 44 226 52 173 209 242 200 26 106 206 9 145 51 13 190 9 59 39 227 91 226 79 256 82 149 230 208 215 257 268 259 243 61 117 122 54 31 18 235 154 131 110 62 267 38 45 54 259 55 48 220 5 10 129 238 50 150 40 259 221 132 229 49 103 103 264 46 125 34 50 173 75 156 103 276 191 148 244 15 187 138 51
141 205 159 168 237 151 223 169 14 1 187 54 17 178 197 38 207 56 242 274 109 211 133 274 60 152 158 49 143 116 187 39 164 169 106 199 270 217 109 78 115 190 17 146 280 22 235 111 153 20 13 29 188 100 227 143 150 142 107 66 149 194 280 38 87 179 276 159 84 51 202 124 17 154 230 176 116 113 61 53 228 133 216 249 203 126 155 17 250 248 48 31 31 239 249 219 277 15 19 214 143 135 36 214 20 153 133 156 202 188 3 46 147 235 12 88 213 42 69 174 166 40 102 66 122 138 276 264 114 178 99 163 153 131 246 161 261 117 95 85 279 143 159 276 216 187 45 157 128 220 112 142 218 205 231 212 251 5 203 97 79 73 14 1 254 270 39 173 59 222 117 48 28 51 59 67 232 58 138 233 206 144 164 93 99 250 109 168 190 224 115 8 226 177 131 116 238 257 280 171 152 211 37 22 133 52 134 75 198 265 253 168 269 278 274 11 277 117 257 209 47 52 272 36 243 72 1 13 132 72 108 47 159 141 6 4 27 277 161 237 112 145 220 23 40 91 33 170 179 264 33 189 81 101 23 199 259 154 109 228 188 225 276 107 47 175 61 172 3 201 119 20 87 252 46 72 41 104 120 36
72 246 88 208 41 62 7 16 203 143 207 249 115 124 126 36 273 32 21 165 143 9 161 105 99 264 79 155 26 205 147 103 52 51 67 157 167 41 232 162 268 148 41 155 164 160 245 168 202 157 194 106 86 185 54 54 164 25 11 146 212 173 104 102 246 256 204 84 257 58 149 68 147 54 11 265 218 35 254 210 165 280 163 34 167 168 165 131 104 231 183 264 165 204 26 62 143 74 240 202 156 131 128 211 110 214 149 6 208 104 141 1 179 197 30 99 150 233 61 2 213 244 234 214 151 186 40 98 273 6 138 180 2 275 22 137 1 139 81 219 125 73 208 24 230 139 194 113 145 203 220 98 254 186 51 101 43 136 43 56 164 2 24 214 23 39 109 5 23 160 107 269 70 227 83 76 135 278 224 148 155 59 24 269 211 64 120 64 8 195 192 161 265 195 263 86 83 33 16 190 42 86 88 35 97 109 55 21 213 1 67 27 275 22 114 48 205 71 41 247 225 187 67 227 58 176 159 33 50 218 105 71 103 190 231 223 221 30 236 129 2 232 263 229 81 110 280 147 217 186 6 61 271 145 16 40 74 252 274 115 118 77 142 39 36 3 35 99 168 85 227 89 111 10 40 39 256 133 133 148
249 71 217 96 247 54 155 180 162 64 30 153 140 80 42 259 150 94 62 21 201 119 122 8 212 81 39 150 69 120 158 72 97 259 220 264 259 191 271 15 193 37 18 183 73 233 133 50 105 108 113 87 160 128 39 61 223 259 33 76 250 172 106 158 134 266 233 80 191 30 106 150 11 105 113 106 163 26 173 96 30 167 73 253 79 15 184 128 115 134 145 14 219 75 42 60 201 62 80 19 219 35 115 72 5 214 29 92 182 159 279 138 32 199 86 170 265 146 129 25 204 172 105 117 145 254 9 187 156 176 109 45 254 85 72 197 202 203 74 83 102 77 22 83 222 74 194 253 66 195 206 75 258 36 26 38 182 35 211 249 178 245 280 113 144 194 98 172 17 81 224 119 119 212 41 174 72 210 21 229 247 21 98 206 60 31 116 150 20 217 163 18 233 145 204 278 264 114 258 107 179 213 67 7 73 29 125 77 143 174 191 194 62 272 73 194 122 114 232 241 53 136 1 96 238 210 246 249 170 61 53 270 32 160 197 265 189 236 270 167 9 61 69 242 43 59 117 10 47 135 173 74 193 187 102 77 231 113 259 219 30 147 116 199 162 219 87 171 55 198 65 248 169 201 145 171 107 103 106 74
270 34 60 275 71 21 187 178 132 63 223 209 61 25 94 259 64 241 238 237 58 140 180 34 31 227 84 81 268 19 50 146 156 82 20 250 146 73 47 240 15 74 165 123 202 242 260 51 204 128 240 259 245 13 151 192 103 126 172 251 46 20 249 91 197 89 190 174 134 113 100 150 253 38 51 98 132 149 148 264 102 177 135 182 15 97 68 269 36 62 151 110 177 109 54 48 198 241 252 130 28 39 57 161 226 207 187 111 167 49 224 152 208 134 90 249 236 77 52 220 278 235 149 73 100 119 93 100 109 133 151 202 185 166 144 11 230 121 37 176 125 128 108 98 48 190 196 175 86 8 35 202 168 232 122 254 159 146 80 157 269 44 147 260 224 246 126 18 50 124 125 233 133 257 261 104 40 126 116 51 150 93 237 235 191 163 221 278 16 221 197 178 30 255 249 95 59 97 83 231 213 124 191 49 135 20 233 161 52 187 206 93 258 192 216 152 66 212 124 116 114 27 26 243 137 26 252 91 105 168 224 111 61 18 224 74 73 175 77 116 8 156 77 20 230 193 221 247 150 129 146 273 62 15 233 262 276 45 146 168 136 15 247 279 161 114 102 181 119 280 179 252 220 194 267 221 185 171 174 107
10 192 101 23 173 132 253 185 155 99
259
