41000 54944 1000
6746 19540 1
19540 8550 1
8550 31925 1
31925 18117 1
18117 13728 1
13728 15856 1
15856 5355 1
5355 17826 1
17826 20471 1
20471 20163 1
20163 20837 1
20837 31531 1
31531 17644 1
17644 30464 1
30464 18869 1
18869 275 1
275 1113 1
1113 18779 1
18779 36726 1
36726 2188 1
2188 6194 1
6194 9372 1
9372 16420 1
16420 34874 1
34874 2866 1
2866 29861 1
29861 19643 1
19643 14594 1
14594 10666 1
10666 11396 1
11396 24065 1
24065 13780 1
13780 11938 1
11938 19727 1
19727 30715 1
30715 9001 1
9001 939 1
939 27113 1
27113 19331 1
19331 11822 1
16309 17638 2
17638 36835 2
36835 24133 2
24133 11804 2
11804 32295 2
32295 6047 2
6047 40715 2
40715 10778 2
10778 37906 2
37906 34889 2
34889 34044 2
34044 21689 2
21689 39514 2
39514 34356 2
34356 32156 2
32156 7230 2
7230 23478 2
23478 13912 2
13912 26926 2
26926 1834 2
1834 28844 2
28844 25825 2
25825 7444 2
7444 28934 2
28934 37022 2
37022 14708 2
14708 16056 2
16056 3191 2
3191 26933 2
26933 38229 2
38229 39525 2
39525 35890 2
35890 17603 2
17603 26171 2
26171 547 2
547 32155 2
32155 37634 2
37634 29128 2
29128 29904 2
29904 9347 2
23949 25397 3
25397 37431 3
37431 38828 3
38828 16131 3
16131 1252 3
1252 24658 3
24658 24391 3
24391 2025 3
2025 18709 3
18709 1171 3
1171 39974 3
39974 39134 3
39134 34556 3
34556 14812 3
14812 39149 3
39149 36284 3
36284 2313 3
2313 39018 3
39018 17874 3
17874 1068 3
1068 19878 3
19878 3208 3
3208 20854 3
20854 31650 3
31650 1980 3
1980 11711 3
11711 17233 3
17233 22072 3
22072 20129 3
20129 8591 3
8591 25778 3
25778 31843 3
31843 6537 3
6537 24284 3
24284 504 3
504 3240 3
3240 27714 3
27714 17473 3
17473 33408 3
33408 23415 3
8366 21175 4
21175 14355 4
14355 2317 4
2317 14330 4
14330 16377 4
16377 794 4
794 38006 4
38006 40667 4
40667 20479 4
20479 18103 4
18103 13259 4
13259 17860 4
17860 39081 4
39081 3888 4
3888 15192 4
15192 32397 4
32397 25414 4
25414 32503 4
32503 2018 4
2018 9468 4
9468 9697 4
9697 6614 4
6614 9481 4
9481 26917 4
26917 24085 4
24085 7758 4
7758 32392 4
32392 27414 4
27414 5299 4
5299 5368 4
5368 25679 4
25679 36066 4
36066 11604 4
11604 519 4
519 19470 4
19470 28939 4
28939 36925 4
36925 36473 4
36473 30409 4
30409 28633 4
22774 24167 5
24167 28116 5
28116 27243 5
27243 39278 5
39278 38008 5
38008 4256 5
4256 55 5
55 35770 5
35770 20229 5
20229 23897 5
23897 40411 5
40411 19413 5
19413 18012 5
18012 32868 5
32868 8217 5
8217 17685 5
17685 11681 5
11681 38696 5
38696 35540 5
35540 15659 5
15659 8035 5
8035 39040 5
39040 36831 5
36831 28391 5
28391 10285 5
10285 1573 5
1573 15701 5
15701 40535 5
40535 18778 5
18778 8888 5
8888 37131 5
37131 27417 5
27417 13389 5
13389 6270 5
6270 30531 5
30531 7662 5
7662 31538 5
31538 22115 5
22115 33562 5
33562 670 5
25939 24097 6
24097 13217 6
13217 20436 6
20436 9468 6
9468 31690 6
31690 10387 6
10387 38763 6
38763 40508 6
40508 15663 6
15663 2427 6
2427 24187 6
24187 15238 6
15238 27192 6
27192 3516 6
3516 3214 6
3214 14780 6
14780 38370 6
38370 23992 6
23992 30002 6
30002 16736 6
16736 29977 6
29977 37458 6
37458 20154 6
20154 36279 6
36279 21706 6
21706 22424 6
22424 7060 6
7060 34991 6
34991 16055 6
16055 36695 6
36695 10785 6
10785 28068 6
28068 14501 6
14501 35295 6
35295 24704 6
24704 35211 6
35211 4425 6
4425 2662 6
2662 12034 6
12034 31590 6
34316 8184 7
8184 17210 7
17210 7896 7
7896 16021 7
16021 11648 7
11648 34109 7
34109 24344 7
24344 994 7
994 26526 7
26526 25852 7
25852 19487 7
19487 35541 7
35541 26743 7
26743 20162 7
20162 29309 7
29309 26395 7
26395 38282 7
38282 23737 7
23737 12825 7
12825 7251 7
7251 33845 7
33845 24842 7
24842 14399 7
14399 4640 7
4640 27510 7
27510 1663 7
1663 15923 7
15923 7805 7
7805 9989 7
9989 26503 7
26503 12878 7
12878 23492 7
23492 30155 7
30155 40146 7
40146 9556 7
9556 13602 7
13602 20921 7
20921 27161 7
27161 4781 7
4781 22736 7
31551 3255 8
3255 39724 8
39724 40909 8
40909 20036 8
20036 5172 8
5172 25996 8
25996 36178 8
36178 40471 8
40471 38966 8
38966 27257 8
27257 24810 8
24810 32249 8
32249 20235 8
20235 14477 8
14477 20262 8
20262 37161 8
37161 33075 8
33075 14589 8
14589 18415 8
18415 5068 8
5068 16615 8
16615 34647 8
34647 13027 8
13027 35436 8
35436 39300 8
39300 8683 8
8683 4925 8
4925 29141 8
29141 21378 8
21378 29649 8
29649 26352 8
26352 17509 8
17509 35951 8
35951 6221 8
6221 27890 8
27890 15249 8
15249 3625 8
3625 23323 8
23323 5565 8
5565 6243 8
37676 21629 9
21629 15093 9
15093 21185 9
21185 8809 9
8809 7997 9
7997 39760 9
39760 27802 9
27802 25548 9
25548 40579 9
40579 29930 9
29930 18912 9
18912 11882 9
11882 112 9
112 9519 9
9519 6190 9
6190 6728 9
6728 25999 9
25999 26116 9
26116 12434 9
12434 36876 9
36876 2683 9
2683 21344 9
21344 8366 9
8366 18860 9
18860 37792 9
37792 3464 9
3464 12847 9
12847 19296 9
19296 29013 9
29013 16323 9
16323 38301 9
38301 14009 9
14009 34532 9
34532 1582 9
1582 6722 9
6722 22776 9
22776 33853 9
33853 6178 9
6178 4324 9
4324 16447 9
29411 38230 10
38230 15876 10
15876 15303 10
15303 23772 10
23772 22611 10
22611 18379 10
18379 9250 10
9250 23520 10
23520 35117 10
35117 9430 10
9430 5327 10
5327 12630 10
12630 24531 10
24531 11676 10
11676 3736 10
3736 2593 10
2593 20246 10
20246 28802 10
28802 6969 10
6969 33581 10
33581 31316 10
31316 21132 10
21132 20676 10
20676 23090 10
23090 26486 10
26486 33412 10
33412 37066 10
37066 26084 10
26084 22640 10
22640 37717 10
37717 28197 10
28197 36344 10
36344 31167 10
31167 31778 10
31778 2276 10
2276 21938 10
21938 10717 10
10717 11647 10
11647 6106 10
6106 13893 10
13994 27416 11
27416 7659 11
7659 12203 11
12203 20174 11
20174 38766 11
38766 10275 11
10275 22730 11
22730 39218 11
39218 30956 11
30956 18386 11
18386 9984 11
9984 31842 11
31842 5950 11
5950 26549 11
26549 4805 11
4805 19830 11
19830 2439 11
2439 37855 11
37855 29492 11
29492 20253 11
20253 4989 11
4989 38752 11
38752 13981 11
13981 4412 11
4412 22422 11
22422 29158 11
29158 16830 11
16830 6750 11
6750 7786 11
7786 9084 11
9084 7309 11
7309 16208 11
16208 29468 11
29468 19329 11
19329 7584 11
7584 37984 11
37984 28100 11
28100 25947 11
25947 7730 11
7730 25864 11
7429 3936 12
3936 8268 12
8268 10229 12
10229 7332 12
7332 31659 12
31659 22230 12
22230 19206 12
19206 4833 12
4833 9250 12
9250 38573 12
38573 31777 12
31777 24765 12
24765 30373 12
30373 1605 12
1605 33785 12
33785 23282 12
23282 7218 12
7218 36250 12
36250 27587 12
27587 6975 12
6975 10728 12
10728 23300 12
23300 26917 12
26917 14493 12
14493 16804 12
16804 19310 12
19310 10068 12
10068 15622 12
15622 817 12
817 21739 12
21739 10554 12
10554 36874 12
36874 9085 12
9085 4924 12
4924 18512 12
18512 32314 12
32314 35960 12
35960 34224 12
34224 37377 12
37377 18596 12
33010 8882 13
8882 39783 13
39783 19802 13
19802 16656 13
16656 37399 13
37399 2740 13
2740 3216 13
3216 34990 13
34990 24387 13
24387 32930 13
32930 2047 13
2047 23108 13
23108 29536 13
29536 18266 13
18266 26647 13
26647 36984 13
36984 31793 13
31793 14074 13
14074 29500 13
29500 29685 13
29685 3886 13
3886 16749 13
16749 17759 13
17759 32712 13
32712 35167 13
35167 24931 13
24931 38398 13
38398 7629 13
7629 8025 13
8025 6815 13
6815 5571 13
5571 39681 13
39681 31044 13
31044 170 13
170 20854 13
20854 37132 13
37132 19186 13
19186 35432 13
35432 21402 13
21402 32684 13
11254 8535 14
8535 4784 14
4784 18395 14
18395 240 14
240 5830 14
5830 9828 14
9828 10782 14
10782 13766 14
13766 6277 14
6277 17580 14
17580 22189 14
22189 35838 14
35838 24902 14
24902 6923 14
6923 25337 14
25337 1127 14
1127 11627 14
11627 23502 14
23502 11621 14
11621 16173 14
16173 313 14
313 23455 14
23455 35027 14
35027 3756 14
3756 30309 14
30309 15630 14
15630 30154 14
30154 24546 14
24546 35402 14
35402 36513 14
36513 14391 14
14391 5735 14
5735 33404 14
33404 37971 14
37971 26686 14
26686 18679 14
18679 33491 14
33491 11073 14
11073 39546 14
39546 31081 14
29609 38840 15
38840 16385 15
16385 29438 15
29438 25549 15
25549 21033 15
21033 13214 15
13214 28444 15
28444 18756 15
18756 24293 15
24293 23979 15
23979 7377 15
7377 22108 15
22108 38139 15
38139 11049 15
11049 2357 15
2357 4370 15
4370 30260 15
30260 37604 15
37604 9909 15
9909 40580 15
40580 12752 15
12752 37210 15
37210 8883 15
8883 37588 15
37588 37561 15
37561 26633 15
26633 13785 15
13785 4439 15
4439 2578 15
2578 29308 15
29308 39792 15
39792 28289 15
28289 14566 15
14566 22055 15
22055 13674 15
13674 9786 15
9786 28244 15
28244 3843 15
3843 25010 15
25010 93 15
5724 10691 16
10691 35771 16
35771 32566 16
32566 40840 16
40840 16814 16
16814 29281 16
29281 7875 16
7875 15200 16
15200 16355 16
16355 33012 16
33012 6004 16
6004 15181 16
15181 26624 16
26624 25000 16
25000 35785 16
35785 4388 16
4388 2162 16
2162 15070 16
15070 40104 16
40104 292 16
292 9946 16
9946 8928 16
8928 2520 16
2520 38322 16
38322 17440 16
17440 16030 16
16030 4884 16
4884 19783 16
19783 13502 16
13502 29589 16
29589 27720 16
27720 20641 16
20641 20825 16
20825 36507 16
36507 5409 16
5409 21994 16
21994 31986 16
31986 410 16
410 1891 16
1891 40523 16
9024 29012 17
29012 23781 17
23781 38828 17
38828 21006 17
21006 12313 17
12313 8374 17
8374 32944 17
32944 34077 17
34077 3152 17
3152 23661 17
23661 10283 17
10283 27162 17
27162 25568 17
25568 19237 17
19237 33636 17
33636 5741 17
5741 38480 17
38480 7377 17
7377 2174 17
2174 4582 17
4582 4555 17
4555 27608 17
27608 3885 17
3885 1370 17
1370 37259 17
37259 14253 17
14253 24660 17
24660 37896 17
37896 31594 17
31594 31090 17
31090 8371 17
8371 13276 17
13276 38036 17
38036 9928 17
9928 8504 17
8504 15924 17
15924 2123 17
2123 18551 17
18551 18910 17
18910 3999 17
13729 21476 18
21476 20974 18
20974 22816 18
22816 8467 18
8467 27507 18
27507 34018 18
34018 14823 18
14823 2018 18
2018 4550 18
4550 24795 18
24795 20306 18
20306 19267 18
19267 30354 18
30354 16861 18
16861 7607 18
7607 10504 18
10504 34246 18
34246 37778 18
37778 23492 18
23492 38028 18
38028 7008 18
7008 29031 18
29031 15483 18
15483 23473 18
23473 31309 18
31309 8854 18
8854 12430 18
12430 28949 18
28949 21693 18
21693 13718 18
13718 5791 18
5791 27700 18
27700 6967 18
6967 13513 18
13513 14394 18
14394 40162 18
40162 23636 18
23636 10725 18
10725 38735 18
38735 4919 18
31639 13513 19
13513 37731 19
37731 15178 19
15178 40300 19
40300 11984 19
11984 34808 19
34808 17349 19
17349 38825 19
38825 15430 19
15430 10457 19
10457 12911 19
12911 3023 19
3023 18138 19
18138 21342 19
21342 28220 19
28220 34567 19
34567 20450 19
20450 10326 19
10326 24477 19
24477 1146 19
1146 40066 19
40066 18123 19
18123 34197 19
34197 33573 19
33573 20958 19
20958 35681 19
35681 14069 19
14069 27288 19
27288 37755 19
37755 25564 19
25564 9965 19
9965 21928 19
21928 21050 19
21050 16391 19
16391 7424 19
7424 39952 19
39952 24687 19
24687 13923 19
13923 30282 19
30282 19697 19
27715 26457 20
26457 31379 20
31379 28012 20
28012 25999 20
25999 35715 20
35715 9180 20
9180 11310 20
11310 20420 20
20420 37456 20
37456 6059 20
6059 21076 20
21076 26791 20
26791 7843 20
7843 37853 20
37853 16206 20
16206 34153 20
34153 19417 20
19417 3784 20
3784 38890 20
38890 40072 20
40072 14384 20
14384 37184 20
37184 2146 20
2146 12430 20
12430 13554 20
13554 26920 20
26920 6087 20
6087 13164 20
13164 30076 20
30076 22063 20
22063 8661 20
8661 31258 20
31258 30533 20
30533 24539 20
24539 24944 20
24944 33757 20
33757 11303 20
11303 28223 20
28223 2341 20
2341 32780 20
5751 12496 21
12496 173 21
173 24083 21
24083 36476 21
36476 11273 21
11273 23925 21
23925 23768 21
23768 19707 21
19707 19134 21
19134 22173 21
22173 11801 21
11801 23870 21
23870 5988 21
5988 18614 21
18614 27166 21
27166 15548 21
15548 36012 21
36012 31837 21
31837 7043 21
7043 13967 21
13967 8362 21
8362 15369 21
15369 4117 21
4117 34383 21
34383 27576 21
27576 1021 21
1021 15098 21
15098 38774 21
38774 5873 21
5873 28139 21
28139 29846 21
29846 31748 21
31748 4110 21
4110 21396 21
21396 26317 21
26317 9836 21
9836 7670 21
7670 8468 21
8468 5282 21
5282 31666 21
2946 24261 22
24261 21469 22
21469 5687 22
5687 18276 22
18276 663 22
663 15343 22
15343 39498 22
39498 11201 22
11201 17357 22
17357 6075 22
6075 39693 22
39693 3575 22
3575 18 22
18 23647 22
23647 38108 22
38108 11850 22
11850 11621 22
11621 7598 22
7598 7765 22
7765 8954 22
8954 22871 22
22871 29478 22
29478 34465 22
34465 40025 22
40025 4060 22
4060 20135 22
20135 6883 22
6883 12037 22
12037 9058 22
9058 28384 22
28384 22383 22
22383 27376 22
27376 13709 22
13709 7173 22
7173 28748 22
28748 11617 22
11617 38168 22
38168 23709 22
23709 6454 22
6454 13673 22
5236 22310 23
22310 32135 23
32135 18561 23
18561 37805 23
37805 31880 23
31880 9906 23
9906 30582 23
30582 9797 23
9797 31417 23
31417 29081 23
29081 39783 23
39783 22490 23
22490 24591 23
24591 6845 23
6845 34245 23
34245 37642 23
37642 9348 23
9348 35291 23
35291 14098 23
14098 20943 23
20943 37311 23
37311 13852 23
13852 8188 23
8188 7543 23
7543 21902 23
21902 13942 23
13942 13000 23
13000 22187 23
22187 12776 23
12776 22805 23
22805 7133 23
7133 13055 23
13055 2386 23
2386 38812 23
38812 31991 23
31991 25739 23
25739 22276 23
22276 39476 23
39476 29578 23
29578 32195 23
8682 39120 24
39120 38846 24
38846 17112 24
17112 36144 24
36144 8126 24
8126 6647 24
6647 35968 24
35968 11138 24
11138 4043 24
4043 31618 24
31618 16271 24
16271 22847 24
22847 15332 24
15332 2394 24
2394 13596 24
13596 31419 24
31419 18479 24
18479 34802 24
34802 36218 24
36218 37236 24
37236 25848 24
25848 23447 24
23447 30513 24
30513 21535 24
21535 32806 24
32806 11348 24
11348 19661 24
19661 1418 24
1418 33840 24
33840 1022 24
1022 40709 24
40709 14740 24
14740 4908 24
4908 4921 24
4921 31386 24
31386 20741 24
20741 36855 24
36855 22056 24
22056 35823 24
35823 6264 24
11623 30466 25
30466 24549 25
24549 33560 25
33560 34901 25
34901 16082 25
16082 34034 25
34034 999 25
999 23492 25
23492 38359 25
38359 22575 25
22575 13228 25
13228 28365 25
28365 34031 25
34031 5753 25
5753 30219 25
30219 40888 25
40888 549 25
549 33115 25
33115 12364 25
12364 25484 25
25484 38546 25
38546 26459 25
26459 12402 25
12402 21504 25
21504 40960 25
40960 9370 25
9370 27172 25
27172 30882 25
30882 6856 25
6856 37759 25
37759 499 25
499 31473 25
31473 19428 25
19428 13048 25
13048 5788 25
5788 70 25
70 9211 25
9211 40720 25
40720 3883 25
3883 8823 25
23096 39527 26
39527 33615 26
33615 7513 26
7513 33012 26
33012 21391 26
21391 15489 26
15489 2428 26
2428 36219 26
36219 36445 26
36445 16637 26
16637 40286 26
40286 36932 26
36932 5654 26
5654 10419 26
10419 2422 26
2422 25977 26
25977 15896 26
15896 13962 26
13962 4415 26
4415 24455 26
24455 23011 26
23011 12870 26
12870 12589 26
12589 31090 26
31090 15123 26
15123 7514 26
7514 17518 26
17518 1807 26
1807 8924 26
8924 25796 26
25796 23753 26
23753 29247 26
29247 14775 26
14775 4510 26
4510 8144 26
8144 14551 26
14551 23766 26
23766 37262 26
37262 13601 26
13601 308 26
18827 37789 27
37789 4328 27
4328 17554 27
17554 22976 27
22976 24877 27
24877 1932 27
1932 26703 27
26703 17331 27
17331 31868 27
31868 14616 27
14616 2111 27
2111 17522 27
17522 1434 27
1434 11570 27
11570 2090 27
2090 35530 27
35530 34871 27
34871 7510 27
7510 32983 27
32983 3745 27
3745 25761 27
25761 5119 27
5119 37284 27
37284 40756 27
40756 31797 27
31797 13719 27
13719 20681 27
20681 22558 27
22558 29382 27
29382 11533 27
11533 6492 27
6492 9192 27
9192 9932 27
9932 5230 27
5230 37018 27
37018 17396 27
17396 10333 27
10333 38795 27
38795 24326 27
24326 7026 27
3414 26548 28
26548 12765 28
12765 35338 28
35338 32191 28
32191 18280 28
18280 35765 28
35765 34360 28
34360 24107 28
24107 32848 28
32848 37664 28
37664 26194 28
26194 10622 28
10622 17042 28
17042 25312 28
25312 30090 28
30090 5283 28
5283 34150 28
34150 12453 28
12453 6597 28
6597 3199 28
3199 17912 28
17912 24629 28
24629 33148 28
33148 12266 28
12266 3375 28
3375 16314 28
16314 26583 28
26583 29682 28
29682 32516 28
32516 995 28
995 17809 28
17809 14785 28
14785 37408 28
37408 27570 28
27570 1235 28
1235 2797 28
2797 18495 28
18495 4427 28
4427 13326 28
13326 40729 28
22458 7563 29
7563 19996 29
19996 28202 29
28202 19791 29
19791 31968 29
31968 13761 29
13761 17216 29
17216 22953 29
22953 5061 29
5061 33853 29
33853 28709 29
28709 33986 29
33986 36769 29
36769 14790 29
14790 20033 29
20033 35092 29
35092 31897 29
31897 11261 29
11261 12212 29
12212 26271 29
26271 29802 29
29802 13580 29
13580 38857 29
38857 8731 29
8731 1906 29
1906 18484 29
18484 40114 29
40114 27028 29
27028 16848 29
16848 15123 29
15123 2467 29
2467 38275 29
38275 38446 29
38446 18320 29
18320 6937 29
6937 1921 29
1921 5794 29
5794 24093 29
24093 40371 29
40371 29719 29
11329 24265 30
24265 11697 30
11697 9931 30
9931 32772 30
32772 10384 30
10384 10866 30
10866 16571 30
16571 35675 30
35675 5240 30
5240 10535 30
10535 12274 30
12274 15243 30
15243 2833 30
2833 1009 30
1009 10553 30
10553 38281 30
38281 39153 30
39153 32837 30
32837 23307 30
23307 2576 30
2576 36006 30
36006 7943 30
7943 21508 30
21508 28106 30
28106 1529 30
1529 11087 30
11087 24672 30
24672 8644 30
8644 34808 30
34808 35685 30
35685 39289 30
39289 33042 30
33042 672 30
672 10090 30
10090 30066 30
30066 18788 30
18788 36640 30
36640 2425 30
2425 33828 30
33828 13401 30
25177 33413 31
33413 33002 31
33002 38544 31
38544 6925 31
6925 39162 31
39162 20414 31
20414 39190 31
39190 40976 31
40976 32715 31
32715 32142 31
32142 3809 31
3809 4228 31
4228 3329 31
3329 12219 31
12219 22811 31
22811 23820 31
23820 38850 31
38850 8261 31
8261 19271 31
19271 10179 31
10179 24977 31
24977 28792 31
28792 3995 31
3995 30051 31
30051 7057 31
7057 6588 31
6588 15549 31
15549 24849 31
24849 27011 31
27011 17741 31
17741 38787 31
38787 12427 31
12427 37483 31
37483 28482 31
28482 33886 31
33886 39207 31
39207 23083 31
23083 16392 31
16392 21183 31
21183 27381 31
2505 24565 32
24565 15536 32
15536 6247 32
6247 23503 32
23503 3208 32
3208 10049 32
10049 38402 32
38402 2166 32
2166 26565 32
26565 30941 32
30941 36433 32
36433 32027 32
32027 20662 32
20662 28026 32
28026 27814 32
27814 7613 32
7613 30350 32
30350 20151 32
20151 23544 32
23544 32679 32
32679 5039 32
5039 3135 32
3135 23116 32
23116 24602 32
24602 31171 32
31171 2697 32
2697 39436 32
39436 18400 32
18400 140 32
140 32342 32
32342 2503 32
2503 7566 32
7566 25622 32
25622 18815 32
18815 38829 32
38829 16972 32
16972 23481 32
23481 8829 32
8829 31649 32
31649 6420 32
2672 16799 33
16799 270 33
270 19971 33
19971 2365 33
2365 31446 33
31446 27578 33
27578 20361 33
20361 5761 33
5761 9055 33
9055 25261 33
25261 37114 33
37114 40289 33
40289 15608 33
15608 14158 33
14158 37625 33
37625 2471 33
2471 6418 33
6418 23635 33
23635 16882 33
16882 2339 33
2339 1060 33
1060 35185 33
35185 34111 33
34111 36168 33
36168 22956 33
22956 6826 33
6826 3887 33
3887 4556 33
4556 17398 33
17398 8470 33
8470 33701 33
33701 8742 33
8742 34885 33
34885 33628 33
33628 2196 33
2196 39650 33
39650 38074 33
38074 31103 33
31103 8484 33
8484 33518 33
5963 24815 34
24815 34906 34
34906 30126 34
30126 1399 34
1399 38186 34
38186 52 34
52 30655 34
30655 12048 34
12048 8133 34
8133 32759 34
32759 18248 34
18248 35783 34
35783 23670 34
23670 1147 34
1147 38505 34
38505 30744 34
30744 24230 34
24230 33689 34
33689 18392 34
18392 17414 34
17414 38153 34
38153 19259 34
19259 11781 34
11781 33730 34
33730 21757 34
21757 29127 34
29127 18960 34
18960 30788 34
30788 20486 34
20486 21413 34
21413 20666 34
20666 25232 34
25232 40640 34
40640 35971 34
35971 727 34
727 12165 34
12165 4025 34
4025 15737 34
15737 39697 34
39697 6219 34
22210 22128 35
22128 26200 35
26200 14890 35
14890 13243 35
13243 1360 35
1360 30155 35
30155 20050 35
20050 21370 35
21370 9102 35
9102 6828 35
6828 11892 35
11892 13331 35
13331 8792 35
8792 27774 35
27774 20325 35
20325 27022 35
27022 19341 35
19341 11699 35
11699 34142 35
34142 19976 35
19976 20832 35
20832 15409 35
15409 34962 35
34962 10431 35
10431 4327 35
4327 37672 35
37672 7204 35
7204 23166 35
23166 27341 35
27341 14625 35
14625 877 35
877 28674 35
28674 40960 35
40960 17612 35
17612 30784 35
30784 21403 35
21403 16868 35
16868 34996 35
34996 1747 35
1747 35606 35
8120 38726 36
38726 11593 36
11593 33118 36
33118 3983 36
3983 8526 36
8526 8641 36
8641 12968 36
12968 23941 36
23941 88 36
88 2865 36
2865 33022 36
33022 12692 36
12692 38504 36
38504 23572 36
23572 22564 36
22564 11395 36
11395 10263 36
10263 25365 36
25365 31207 36
31207 16147 36
16147 33440 36
33440 596 36
596 37936 36
37936 7157 36
7157 12345 36
12345 10259 36
10259 38964 36
38964 19696 36
19696 34914 36
34914 279 36
279 27820 36
27820 6952 36
6952 40527 36
40527 21710 36
21710 19615 36
19615 12241 36
12241 5715 36
5715 17133 36
17133 19544 36
19544 22244 36
27551 7908 37
7908 29994 37
29994 3119 37
3119 6877 37
6877 7228 37
7228 24303 37
24303 16250 37
16250 22983 37
22983 38491 37
38491 21378 37
21378 40715 37
40715 24373 37
24373 3885 37
3885 11260 37
11260 28810 37
28810 31625 37
31625 18890 37
18890 4567 37
4567 26206 37
26206 2491 37
2491 8010 37
8010 5917 37
5917 30055 37
30055 21385 37
21385 36547 37
36547 10991 37
10991 21185 37
21185 25294 37
25294 5603 37
5603 17540 37
17540 12795 37
12795 18487 37
18487 17721 37
17721 20072 37
20072 38260 37
38260 40080 37
40080 16728 37
16728 30431 37
30431 4160 37
4160 357 37
1229 2540 38
2540 3928 38
3928 21672 38
21672 27254 38
27254 27682 38
27682 19050 38
19050 40978 38
40978 15517 38
15517 14519 38
14519 14235 38
14235 1230 38
1230 17724 38
17724 36036 38
36036 8573 38
8573 15490 38
15490 23987 38
23987 38175 38
38175 5479 38
5479 38379 38
38379 18129 38
18129 31053 38
31053 1021 38
1021 9294 38
9294 30639 38
30639 35860 38
35860 28363 38
28363 20973 38
20973 22397 38
22397 28669 38
28669 33694 38
33694 21200 38
21200 19042 38
19042 4119 38
4119 27484 38
27484 7724 38
7724 2308 38
2308 19663 38
19663 35363 38
35363 36208 38
36208 13403 38
1291 25209 39
25209 40359 39
40359 17370 39
17370 10533 39
10533 39928 39
39928 16950 39
16950 36086 39
36086 14871 39
14871 4665 39
4665 18571 39
18571 11100 39
11100 16037 39
16037 6704 39
6704 39736 39
39736 8686 39
8686 1490 39
1490 32574 39
32574 11191 39
11191 35647 39
35647 937 39
937 15352 39
15352 25831 39
25831 34929 39
34929 11773 39
11773 6349 39
6349 27966 39
27966 17500 39
17500 24971 39
24971 19627 39
19627 21128 39
21128 34285 39
34285 35908 39
35908 30872 39
30872 17382 39
17382 24231 39
24231 13781 39
13781 1641 39
1641 11608 39
11608 24881 39
24881 34676 39
33604 20276 40
20276 27170 40
27170 26320 40
26320 27901 40
27901 28559 40
28559 538 40
538 14583 40
14583 12511 40
12511 37343 40
37343 36101 40
36101 7963 40
7963 35916 40
35916 39547 40
39547 11420 40
11420 15920 40
15920 15926 40
15926 10165 40
10165 37731 40
37731 12934 40
12934 19672 40
19672 30766 40
30766 35056 40
35056 20984 40
20984 3950 40
3950 6900 40
6900 26246 40
26246 4738 40
4738 29623 40
29623 33191 40
33191 863 40
863 32084 40
32084 750 40
750 18347 40
18347 3873 40
3873 18364 40
18364 26397 40
26397 16675 40
16675 2787 40
2787 10303 40
10303 32119 40
40927 13383 41
13383 4167 41
4167 11736 41
11736 37253 41
37253 31586 41
31586 40504 41
40504 36538 41
36538 27556 41
27556 7725 41
7725 13298 41
13298 39800 41
39800 5970 41
5970 33718 41
33718 40282 41
40282 17781 41
17781 18095 41
18095 6362 41
6362 31449 41
31449 1497 41
1497 1386 41
1386 2961 41
2961 4731 41
4731 11228 41
11228 4537 41
4537 13371 41
13371 13739 41
13739 10560 41
10560 3672 41
3672 20314 41
20314 13420 41
13420 40440 41
40440 33238 41
33238 32795 41
32795 22752 41
22752 3142 41
3142 10936 41
10936 13278 41
13278 7141 41
7141 33176 41
33176 290 41
6991 12709 42
12709 39889 42
39889 2677 42
2677 11929 42
11929 21276 42
21276 9024 42
9024 28180 42
28180 792 42
792 28328 42
28328 13847 42
13847 38672 42
38672 13225 42
13225 9410 42
9410 10769 42
10769 38848 42
38848 14738 42
14738 11212 42
11212 169 42
169 7965 42
7965 23734 42
23734 37491 42
37491 12157 42
12157 18623 42
18623 32475 42
32475 6961 42
6961 18427 42
18427 17166 42
17166 19958 42
19958 11417 42
11417 24512 42
24512 34465 42
34465 35146 42
35146 5594 42
5594 31248 42
31248 23931 42
23931 9726 42
9726 36814 42
36814 8929 42
8929 38847 42
38847 2247 42
4665 5045 43
5045 26754 43
26754 308 43
308 8024 43
8024 35269 43
35269 33144 43
33144 31667 43
31667 4060 43
4060 7939 43
7939 11186 43
11186 19545 43
19545 20410 43
20410 39085 43
39085 40617 43
40617 20782 43
20782 27344 43
27344 26742 43
26742 8917 43
8917 11032 43
11032 18744 43
18744 37792 43
37792 37506 43
37506 19271 43
19271 40054 43
40054 13904 43
13904 5033 43
5033 17133 43
17133 18480 43
18480 15474 43
15474 25235 43
25235 30143 43
30143 9247 43
9247 30641 43
30641 234 43
234 30964 43
30964 20087 43
20087 23052 43
23052 7677 43
7677 39857 43
39857 13774 43
12113 36971 44
36971 6238 44
6238 30410 44
30410 32295 44
32295 33228 44
33228 6976 44
6976 18781 44
18781 311 44
311 39709 44
39709 37224 44
37224 39419 44
39419 9240 44
9240 15617 44
15617 15855 44
15855 26775 44
26775 16062 44
16062 15138 44
15138 40449 44
40449 32278 44
32278 3739 44
3739 4735 44
4735 36061 44
36061 19093 44
19093 9763 44
9763 2369 44
2369 8784 44
8784 40944 44
40944 38299 44
38299 16858 44
16858 20386 44
20386 20846 44
20846 25485 44
25485 9818 44
9818 11014 44
11014 38872 44
38872 4090 44
4090 18858 44
18858 18768 44
18768 468 44
468 26796 44
30952 12859 45
12859 25704 45
25704 7591 45
7591 18299 45
18299 13857 45
13857 2943 45
2943 15623 45
15623 14874 45
14874 15655 45
15655 20526 45
20526 40358 45
40358 19839 45
19839 2171 45
2171 16667 45
16667 10642 45
10642 29979 45
29979 17532 45
17532 33028 45
33028 24944 45
24944 14391 45
14391 20302 45
20302 8440 45
8440 20607 45
20607 14722 45
14722 11741 45
11741 16594 45
16594 6087 45
6087 29252 45
29252 4414 45
4414 27705 45
27705 33697 45
33697 34574 45
34574 24524 45
24524 39735 45
39735 23558 45
23558 4621 45
4621 35226 45
35226 5005 45
5005 38264 45
38264 37039 45
23611 18950 46
18950 37050 46
37050 15618 46
15618 5635 46
5635 17724 46
17724 34445 46
34445 12993 46
12993 23391 46
23391 11080 46
11080 28642 46
28642 26205 46
26205 20649 46
20649 22222 46
22222 6238 46
6238 110 46
110 7429 46
7429 23709 46
23709 21875 46
21875 25427 46
25427 38566 46
38566 10451 46
10451 34696 46
34696 7783 46
7783 3610 46
3610 26059 46
26059 5348 46
5348 18653 46
18653 10203 46
10203 40527 46
40527 38864 46
38864 23772 46
23772 16668 46
16668 28588 46
28588 5872 46
5872 16321 46
16321 31304 46
31304 6656 46
6656 1705 46
1705 3690 46
3690 39768 46
27258 30624 47
30624 18517 47
18517 13423 47
13423 21148 47
21148 27038 47
27038 34449 47
34449 28098 47
28098 32109 47
32109 29215 47
29215 29828 47
29828 10481 47
10481 37544 47
37544 32473 47
32473 37989 47
37989 19238 47
19238 17650 47
17650 33052 47
33052 28111 47
28111 26854 47
26854 6604 47
6604 24551 47
24551 26092 47
26092 13162 47
13162 15844 47
15844 5378 47
5378 29212 47
29212 13721 47
13721 20736 47
20736 3566 47
3566 22591 47
22591 35781 47
35781 17848 47
17848 17492 47
17492 29410 47
29410 18119 47
18119 8426 47
8426 24142 47
24142 16067 47
16067 15982 47
15982 28843 47
27051 32309 48
32309 25538 48
25538 30517 48
30517 31042 48
31042 22249 48
22249 2770 48
2770 17430 48
17430 19877 48
19877 7847 48
7847 13600 48
13600 298 48
298 11310 48
11310 31192 48
31192 23694 48
23694 31813 48
31813 39351 48
39351 24189 48
24189 9454 48
9454 3813 48
3813 40283 48
40283 7515 48
7515 5697 48
5697 15128 48
15128 23070 48
23070 25039 48
25039 17091 48
17091 23695 48
23695 38854 48
38854 22720 48
22720 9136 48
9136 7725 48
7725 39178 48
39178 16524 48
16524 2854 48
2854 18261 48
18261 3746 48
3746 38299 48
38299 36445 48
36445 32885 48
32885 38417 48
37544 30370 49
30370 14011 49
14011 5322 49
5322 34541 49
34541 32014 49
32014 25480 49
25480 26327 49
26327 28374 49
28374 3316 49
3316 27113 49
27113 22146 49
22146 2330 49
2330 22874 49
22874 10312 49
10312 26540 49
26540 19504 49
19504 3654 49
3654 18131 49
18131 28319 49
28319 15945 49
15945 36864 49
36864 14606 49
14606 31408 49
31408 17884 49
17884 36813 49
36813 15456 49
15456 35000 49
35000 20058 49
20058 333 49
333 27323 49
27323 38329 49
38329 23366 49
23366 27025 49
27025 15385 49
15385 17334 49
17334 32553 49
32553 22160 49
22160 4276 49
4276 7102 49
7102 26865 49
19460 193 50
193 35072 50
35072 17216 50
17216 29998 50
29998 20840 50
20840 30654 50
30654 3323 50
3323 25180 50
25180 34572 50
34572 31149 50
31149 16037 50
16037 30332 50
30332 24484 50
24484 2931 50
2931 20907 50
20907 11557 50
11557 8304 50
8304 20233 50
20233 15577 50
15577 33976 50
33976 16280 50
16280 30685 50
30685 16861 50
16861 1347 50
1347 34585 50
34585 33684 50
33684 16162 50
16162 1974 50
1974 28596 50
28596 14946 50
14946 39459 50
39459 1852 50
1852 24487 50
24487 1996 50
1996 15862 50
15862 36011 50
36011 29845 50
29845 3251 50
3251 21166 50
21166 23478 50
26767 1497 51
1497 20070 51
20070 3965 51
3965 14973 51
14973 2669 51
2669 25548 51
25548 17751 51
17751 25435 51
25435 20041 51
20041 20931 51
20931 4781 51
4781 16985 51
16985 32007 51
32007 30906 51
30906 10355 51
10355 34873 51
34873 40058 51
40058 2429 51
2429 21265 51
21265 25114 51
25114 30223 51
30223 14174 51
14174 26724 51
26724 27289 51
27289 14815 51
14815 21827 51
21827 8978 51
8978 27561 51
27561 40607 51
40607 21525 51
21525 10814 51
10814 18955 51
18955 1344 51
1344 29470 51
29470 33633 51
33633 5145 51
5145 11947 51
11947 528 51
528 8143 51
8143 19477 51
12530 35588 52
35588 37804 52
37804 13435 52
13435 22586 52
22586 15479 52
15479 29299 52
29299 18623 52
18623 16166 52
16166 19609 52
19609 8439 52
8439 4480 52
4480 33336 52
33336 18223 52
18223 40457 52
40457 30741 52
30741 6601 52
6601 14306 52
14306 14966 52
14966 14404 52
14404 39162 52
39162 3987 52
3987 7109 52
7109 1159 52
1159 10441 52
10441 11391 52
11391 11965 52
11965 37360 52
37360 29646 52
29646 20462 52
20462 18849 52
18849 18375 52
18375 15557 52
15557 18787 52
18787 32492 52
32492 13774 52
13774 8669 52
8669 11682 52
11682 14268 52
14268 24328 52
24328 27938 52
31102 35721 53
35721 22008 53
22008 37761 53
37761 22748 53
22748 38799 53
38799 19134 53
19134 17357 53
17357 17073 53
17073 19873 53
19873 6417 53
6417 39272 53
39272 18686 53
18686 32832 53
32832 13396 53
13396 3185 53
3185 32513 53
32513 28366 53
28366 39899 53
39899 7645 53
7645 14808 53
14808 27582 53
27582 40108 53
40108 5410 53
5410 30454 53
30454 37112 53
37112 28035 53
28035 24812 53
24812 30698 53
30698 31499 53
31499 7918 53
7918 24485 53
24485 36117 53
36117 22412 53
22412 12441 53
12441 31495 53
31495 26773 53
26773 5690 53
5690 4322 53
4322 2202 53
2202 37911 53
40682 25990 54
25990 7321 54
7321 25621 54
25621 27534 54
27534 11587 54
11587 9030 54
9030 18926 54
18926 33989 54
33989 16430 54
16430 15908 54
15908 26885 54
26885 19080 54
19080 32112 54
32112 20441 54
20441 25161 54
25161 20067 54
20067 35110 54
35110 31715 54
31715 36267 54
36267 18876 54
18876 37235 54
37235 24320 54
24320 12298 54
12298 4761 54
4761 25374 54
25374 1432 54
1432 19932 54
19932 35366 54
35366 25620 54
25620 7453 54
7453 25858 54
25858 20122 54
20122 25699 54
25699 25106 54
25106 39506 54
39506 4049 54
4049 23759 54
23759 11651 54
11651 39719 54
39719 4414 54
32276 5594 55
5594 35306 55
35306 29094 55
29094 9528 55
9528 10599 55
10599 2684 55
2684 11016 55
11016 11745 55
11745 34760 55
34760 28518 55
28518 10148 55
10148 29247 55
29247 27181 55
27181 21823 55
21823 38695 55
38695 2008 55
2008 39553 55
39553 11815 55
11815 6365 55
6365 40215 55
40215 11318 55
11318 30424 55
30424 470 55
470 25729 55
25729 23019 55
23019 8217 55
8217 8420 55
8420 28760 55
28760 40898 55
40898 10436 55
10436 16511 55
16511 1856 55
1856 34376 55
34376 4272 55
4272 37903 55
37903 5906 55
5906 12790 55
12790 27566 55
27566 22340 55
22340 3859 55
38205 35611 56
35611 40692 56
40692 33331 56
33331 1220 56
1220 16028 56
16028 10165 56
10165 1042 56
1042 7821 56
7821 14400 56
14400 21614 56
21614 62 56
62 465 56
465 10888 56
10888 40369 56
40369 30179 56
30179 13419 56
13419 20914 56
20914 40489 56
40489 30462 56
30462 16241 56
16241 38956 56
38956 15966 56
15966 17799 56
17799 31627 56
31627 16924 56
16924 24488 56
24488 5077 56
5077 13560 56
13560 37035 56
37035 13015 56
13015 16895 56
16895 35276 56
35276 19598 56
19598 20908 56
20908 22016 56
22016 27431 56
27431 23571 56
23571 11153 56
11153 18982 56
18982 28769 56
35096 13347 57
13347 35526 57
35526 9373 57
9373 29161 57
29161 3243 57
3243 34065 57
34065 31602 57
31602 21193 57
21193 20528 57
20528 24016 57
24016 39395 57
39395 15289 57
15289 6557 57
6557 23351 57
23351 695 57
695 39307 57
39307 30384 57
30384 1175 57
1175 9307 57
9307 4375 57
4375 19458 57
19458 40667 57
40667 39895 57
39895 25502 57
25502 439 57
439 30157 57
30157 1900 57
1900 20259 57
20259 30992 57
30992 7578 57
7578 14168 57
14168 5043 57
5043 37572 57
37572 26544 57
26544 23491 57
23491 4851 57
4851 7715 57
7715 297 57
297 25974 57
25974 16010 57
34105 33458 58
33458 40137 58
40137 32555 58
32555 20812 58
20812 38352 58
38352 15175 58
15175 12335 58
12335 26231 58
26231 11159 58
11159 25193 58
25193 11857 58
11857 13252 58
13252 27303 58
27303 30797 58
30797 32381 58
32381 10229 58
10229 27852 58
27852 11423 58
11423 21814 58
21814 25462 58
25462 38940 58
38940 34266 58
34266 6791 58
6791 2045 58
2045 13635 58
13635 10981 58
10981 32796 58
32796 34824 58
34824 11789 58
11789 22841 58
22841 25444 58
25444 27882 58
27882 9832 58
9832 30149 58
30149 5257 58
5257 30619 58
30619 10328 58
10328 15390 58
15390 27846 58
27846 10751 58
36656 10290 59
10290 40924 59
40924 1467 59
1467 28169 59
28169 2632 59
2632 6905 59
6905 18358 59
18358 16631 59
16631 38956 59
38956 40609 59
40609 26105 59
26105 39357 59
39357 13203 59
13203 650 59
650 22980 59
22980 15979 59
15979 7681 59
7681 30771 59
30771 12843 59
12843 37614 59
37614 39793 59
39793 13899 59
13899 23389 59
23389 39197 59
39197 20878 59
20878 25051 59
25051 35674 59
35674 1650 59
1650 40385 59
40385 1168 59
1168 3728 59
3728 40615 59
40615 25368 59
25368 21386 59
21386 22300 59
22300 1306 59
1306 32883 59
32883 30324 59
30324 15151 59
15151 20008 59
31240 40766 60
40766 15163 60
15163 9378 60
9378 9312 60
9312 1375 60
1375 2202 60
2202 40763 60
40763 32662 60
32662 3735 60
3735 4172 60
4172 31558 60
31558 36926 60
36926 34234 60
34234 7524 60
7524 23355 60
23355 10012 60
10012 2510 60
2510 16243 60
16243 21790 60
21790 23081 60
23081 2416 60
2416 12266 60
12266 39355 60
39355 17288 60
17288 1111 60
1111 1635 60
1635 7806 60
7806 27534 60
27534 22252 60
22252 12755 60
12755 38711 60
38711 29942 60
29942 19491 60
19491 7579 60
7579 20540 60
20540 37594 60
37594 2286 60
2286 20730 60
20730 14289 60
14289 39811 60
30948 24265 61
24265 30055 61
30055 7385 61
7385 20108 61
20108 5869 61
5869 23697 61
23697 8809 61
8809 6417 61
6417 26306 61
26306 10561 61
10561 7419 61
7419 36777 61
36777 4032 61
4032 26610 61
26610 30176 61
30176 40399 61
40399 40801 61
40801 19238 61
19238 34407 61
34407 4698 61
4698 17328 61
17328 39508 61
39508 37529 61
37529 21259 61
21259 27610 61
27610 775 61
775 28927 61
28927 30601 61
30601 12778 61
12778 1631 61
1631 338 61
338 16698 61
16698 8606 61
8606 29548 61
29548 27422 61
27422 562 61
562 26878 61
26878 35792 61
35792 25067 61
25067 27105 61
4291 7932 62
7932 28118 62
28118 5916 62
5916 31090 62
31090 38081 62
38081 12151 62
12151 22927 62
22927 28016 62
28016 3291 62
3291 37254 62
37254 32396 62
32396 28129 62
28129 26254 62
26254 11303 62
11303 17054 62
17054 15541 62
15541 30221 62
30221 40445 62
40445 20136 62
20136 36885 62
36885 26062 62
26062 39937 62
39937 23585 62
23585 32508 62
32508 32596 62
32596 29157 62
29157 8213 62
8213 25871 62
25871 30965 62
30965 172 62
172 28150 62
28150 39516 62
39516 29759 62
29759 40612 62
40612 4053 62
4053 22961 62
22961 28236 62
28236 26769 62
26769 24447 62
24447 16070 62
22340 1897 63
1897 25379 63
25379 951 63
951 3244 63
3244 3060 63
3060 2213 63
2213 25596 63
25596 34281 63
34281 8426 63
8426 26683 63
26683 4366 63
4366 5178 63
5178 17104 63
17104 31475 63
31475 30953 63
30953 6066 63
6066 40431 63
40431 8277 63
8277 25511 63
25511 40019 63
40019 5191 63
5191 27292 63
27292 34188 63
34188 11273 63
11273 18695 63
18695 3268 63
3268 7622 63
7622 3805 63
3805 33 63
33 40408 63
40408 12633 63
12633 22085 63
22085 40813 63
40813 31352 63
31352 5657 63
5657 36164 63
36164 12240 63
12240 37738 63
37738 13862 63
13862 21781 63
5859 321 64
321 8427 64
8427 22802 64
22802 24069 64
24069 4268 64
4268 21166 64
21166 5879 64
5879 8635 64
8635 22704 64
22704 15572 64
15572 10790 64
10790 34878 64
34878 24676 64
24676 20397 64
20397 20898 64
20898 8333 64
8333 18384 64
18384 20644 64
20644 31429 64
31429 4188 64
4188 29713 64
29713 6448 64
6448 12438 64
12438 11676 64
11676 29682 64
29682 14305 64
14305 15687 64
15687 19675 64
19675 16034 64
16034 10109 64
10109 39052 64
39052 15576 64
15576 15384 64
15384 32479 64
32479 4583 64
4583 10185 64
10185 39449 64
39449 9794 64
9794 34635 64
34635 35496 64
27913 35915 65
35915 28310 65
28310 10458 65
10458 30033 65
30033 4752 65
4752 9089 65
9089 12209 65
12209 35768 65
35768 30177 65
30177 14080 65
14080 20333 65
20333 19283 65
19283 3306 65
3306 7015 65
7015 28522 65
28522 23014 65
23014 23261 65
23261 16145 65
16145 20513 65
20513 17650 65
17650 27709 65
27709 8096 65
8096 33394 65
33394 38773 65
38773 29957 65
29957 11473 65
11473 40029 65
40029 12472 65
12472 38040 65
38040 20719 65
20719 30575 65
30575 38884 65
38884 471 65
471 16013 65
16013 19549 65
19549 6279 65
6279 35991 65
35991 39334 65
39334 20601 65
20601 30298 65
7982 24726 66
24726 2596 66
2596 3374 66
3374 14618 66
14618 6291 66
6291 6019 66
6019 25703 66
25703 16996 66
16996 15477 66
15477 40931 66
40931 2302 66
2302 15018 66
15018 1312 66
1312 30545 66
30545 8406 66
8406 8189 66
8189 22442 66
22442 29388 66
29388 20087 66
20087 9078 66
9078 27085 66
27085 19062 66
19062 9486 66
9486 15323 66
15323 8669 66
8669 39631 66
39631 12920 66
12920 29765 66
29765 38480 66
38480 7252 66
7252 14153 66
14153 7027 66
7027 11937 66
11937 33621 66
33621 30645 66
30645 3798 66
3798 39204 66
39204 39996 66
39996 27251 66
27251 27799 66
4037 15980 67
15980 10261 67
10261 34394 67
34394 16974 67
16974 2486 67
2486 178 67
178 6196 67
6196 1898 67
1898 15129 67
15129 37941 67
37941 27057 67
27057 16072 67
16072 40966 67
40966 8922 67
8922 25157 67
25157 25634 67
25634 1929 67
1929 31455 67
31455 32457 67
32457 39763 67
39763 33806 67
33806 15672 67
15672 19903 67
19903 35069 67
35069 693 67
693 7148 67
7148 24247 67
24247 19870 67
19870 16883 67
16883 17787 67
17787 35095 67
35095 32800 67
32800 29573 67
29573 39651 67
39651 20992 67
20992 5616 67
5616 2816 67
2816 26136 67
26136 36665 67
36665 24441 67
31157 22551 68
22551 10271 68
10271 613 68
613 12656 68
12656 24277 68
24277 13755 68
13755 24542 68
24542 22033 68
22033 1788 68
1788 17741 68
17741 3767 68
3767 6617 68
6617 1910 68
1910 36849 68
36849 34014 68
34014 34753 68
34753 35964 68
35964 3389 68
3389 35542 68
35542 8146 68
8146 34917 68
34917 17558 68
17558 36383 68
36383 25129 68
25129 16581 68
16581 7590 68
7590 39601 68
39601 14254 68
14254 39530 68
39530 7574 68
7574 6002 68
6002 21459 68
21459 9747 68
9747 4428 68
4428 17502 68
17502 30367 68
30367 32629 68
32629 6599 68
6599 8608 68
8608 15396 68
38120 16510 69
16510 14990 69
14990 1115 69
1115 38143 69
38143 38411 69
38411 6228 69
6228 4753 69
4753 19273 69
19273 7579 69
7579 40125 69
40125 22287 69
22287 29207 69
29207 18045 69
18045 38902 69
38902 12845 69
12845 4718 69
4718 29619 69
29619 38852 69
38852 11494 69
11494 9357 69
9357 21000 69
21000 16072 69
16072 27618 69
27618 39584 69
39584 36464 69
36464 34590 69
34590 11096 69
11096 23155 69
23155 2502 69
2502 24989 69
24989 36189 69
36189 16462 69
16462 1955 69
1955 12536 69
12536 8218 69
8218 8285 69
8285 14410 69
14410 22382 69
22382 355 69
355 39706 69
1641 28415 70
28415 22032 70
22032 6377 70
6377 7095 70
7095 2915 70
2915 31552 70
31552 17089 70
17089 27605 70
27605 25758 70
25758 6425 70
6425 7940 70
7940 35582 70
35582 23060 70
23060 29814 70
29814 25472 70
25472 15613 70
15613 35815 70
35815 34110 70
34110 24987 70
24987 13175 70
13175 4770 70
4770 409 70
409 2236 70
2236 7350 70
7350 14994 70
14994 32930 70
32930 36302 70
36302 29653 70
29653 36452 70
36452 27463 70
27463 7374 70
7374 16573 70
16573 35418 70
35418 33443 70
33443 34985 70
34985 6595 70
6595 31136 70
31136 35724 70
35724 3069 70
3069 35009 70
25324 33697 71
33697 28837 71
28837 31677 71
31677 7363 71
7363 34606 71
34606 16504 71
16504 7884 71
7884 8380 71
8380 39030 71
39030 13489 71
13489 39508 71
39508 19020 71
19020 843 71
843 5469 71
5469 19614 71
19614 14169 71
14169 22530 71
22530 10017 71
10017 37937 71
37937 37101 71
37101 4360 71
4360 23015 71
23015 10344 71
10344 25584 71
25584 19731 71
19731 5403 71
5403 35407 71
35407 687 71
687 19053 71
19053 20350 71
20350 27026 71
27026 34837 71
34837 25568 71
25568 34286 71
34286 32859 71
32859 17727 71
17727 26684 71
26684 37088 71
37088 37587 71
37587 16591 71
9325 10374 72
10374 10145 72
10145 39761 72
39761 13961 72
13961 3417 72
3417 8061 72
8061 22190 72
22190 32016 72
32016 20896 72
20896 9186 72
9186 22894 72
22894 19469 72
19469 20109 72
20109 19094 72
19094 32586 72
32586 18189 72
18189 32565 72
32565 37328 72
37328 24023 72
24023 650 72
650 13814 72
13814 38574 72
38574 18632 72
18632 3838 72
3838 855 72
855 38124 72
38124 25655 72
25655 9391 72
9391 33051 72
33051 27260 72
27260 37401 72
37401 32372 72
32372 10882 72
10882 3972 72
3972 28442 72
28442 11295 72
11295 6956 72
6956 14333 72
14333 1786 72
1786 788 72
24028 40395 73
40395 1407 73
1407 15501 73
15501 34493 73
34493 1295 73
1295 37170 73
37170 19080 73
19080 39225 73
39225 9648 73
9648 3254 73
3254 25506 73
25506 12649 73
12649 1680 73
1680 30602 73
30602 12005 73
12005 25698 73
25698 6039 73
6039 33260 73
33260 11765 73
11765 30631 73
30631 11206 73
11206 16391 73
16391 31332 73
31332 11964 73
11964 23875 73
23875 11292 73
11292 5853 73
5853 40120 73
40120 36538 73
36538 1354 73
1354 5993 73
5993 40590 73
40590 35735 73
35735 2944 73
2944 3082 73
3082 39480 73
39480 81 73
81 2064 73
2064 26642 73
26642 8040 73
19709 6931 74
6931 8743 74
8743 27158 74
27158 16213 74
16213 21880 74
21880 1171 74
1171 20986 74
20986 35230 74
35230 22164 74
22164 20922 74
20922 16863 74
16863 15501 74
15501 27817 74
27817 22084 74
22084 7938 74
7938 3891 74
3891 9095 74
9095 3056 74
3056 24487 74
24487 38934 74
38934 28866 74
28866 24446 74
24446 30858 74
30858 17649 74
17649 10755 74
10755 27359 74
27359 10420 74
10420 12842 74
12842 28172 74
28172 2223 74
2223 7717 74
7717 13629 74
13629 906 74
906 24816 74
24816 31441 74
31441 1310 74
1310 4805 74
4805 15773 74
15773 33934 74
33934 16570 74
2308 11151 75
11151 34742 75
34742 33293 75
33293 37341 75
37341 32093 75
32093 2540 75
2540 27243 75
27243 440 75
440 32063 75
32063 38525 75
38525 24024 75
24024 33538 75
33538 35479 75
35479 4208 75
4208 8261 75
8261 17205 75
17205 10417 75
10417 34972 75
34972 34734 75
34734 15576 75
15576 24288 75
24288 17663 75
17663 21818 75
21818 30489 75
30489 22913 75
22913 14510 75
14510 34608 75
34608 1214 75
1214 10080 75
10080 20569 75
20569 39870 75
39870 10880 75
10880 33128 75
33128 30480 75
30480 34318 75
34318 31983 75
31983 40291 75
40291 29815 75
29815 9542 75
9542 15455 75
30175 6119 76
6119 33473 76
33473 39676 76
39676 15032 76
15032 33889 76
33889 5822 76
5822 14900 76
14900 2565 76
2565 4568 76
4568 826 76
826 3266 76
3266 18957 76
18957 22017 76
22017 30889 76
30889 17617 76
17617 7867 76
7867 21832 76
21832 1015 76
1015 12831 76
12831 17390 76
17390 28028 76
28028 25442 76
25442 20310 76
20310 39892 76
39892 13402 76
13402 27188 76
27188 7287 76
7287 5173 76
5173 10929 76
10929 4590 76
4590 39095 76
39095 28554 76
28554 36563 76
36563 9090 76
9090 26797 76
26797 15631 76
15631 25225 76
25225 2304 76
2304 14423 76
14423 40371 76
13004 17344 77
17344 21393 77
21393 33495 77
33495 39344 77
39344 31884 77
31884 2420 77
2420 3030 77
3030 38953 77
38953 19872 77
19872 34637 77
34637 10850 77
10850 25688 77
25688 31806 77
31806 13442 77
13442 11818 77
11818 10716 77
10716 40571 77
40571 13000 77
13000 26182 77
26182 37015 77
37015 37187 77
37187 20591 77
20591 16487 77
16487 13654 77
13654 5949 77
5949 9082 77
9082 25308 77
25308 10309 77
10309 17663 77
17663 36139 77
36139 12713 77
12713 3769 77
3769 31856 77
31856 11397 77
11397 2251 77
2251 32520 77
32520 3007 77
3007 37655 77
37655 32626 77
32626 8851 77
5631 35824 78
35824 30078 78
30078 33647 78
33647 21643 78
21643 17830 78
17830 2861 78
2861 1252 78
1252 26333 78
26333 36043 78
36043 5835 78
5835 33604 78
33604 16713 78
16713 27626 78
27626 12043 78
12043 40319 78
40319 40250 78
40250 40901 78
40901 16741 78
16741 13696 78
13696 33698 78
33698 21969 78
21969 10534 78
10534 33725 78
33725 5742 78
5742 4630 78
4630 37965 78
37965 29046 78
29046 20481 78
20481 7645 78
7645 10501 78
10501 7579 78
7579 12680 78
12680 6259 78
6259 6413 78
6413 34312 78
34312 18292 78
18292 15230 78
15230 29442 78
29442 849 78
849 32018 78
19941 23062 79
23062 19292 79
19292 10369 79
10369 23440 79
23440 8029 79
8029 9252 79
9252 37025 79
37025 38300 79
38300 31381 79
31381 34929 79
34929 37670 79
37670 7809 79
7809 23872 79
23872 17844 79
17844 33179 79
33179 39493 79
39493 33404 79
33404 22963 79
22963 25380 79
25380 8467 79
8467 16569 79
16569 4168 79
4168 27562 79
27562 2744 79
2744 37011 79
37011 20544 79
20544 9016 79
9016 34705 79
34705 1050 79
1050 22833 79
22833 11092 79
11092 30495 79
30495 40816 79
40816 35176 79
35176 14397 79
14397 17470 79
17470 37673 79
37673 11994 79
11994 38872 79
38872 38963 79
34741 27406 80
27406 26176 80
26176 31782 80
31782 21083 80
21083 19442 80
19442 28716 80
28716 31613 80
31613 7569 80
7569 27542 80
27542 24246 80
24246 33784 80
33784 24926 80
24926 12886 80
12886 24278 80
24278 4585 80
4585 29776 80
29776 2657 80
2657 21473 80
21473 37097 80
37097 4110 80
4110 23810 80
23810 31087 80
31087 35712 80
35712 8298 80
8298 16888 80
16888 1450 80
1450 18105 80
18105 19948 80
19948 25934 80
25934 10294 80
10294 13497 80
13497 38969 80
38969 3693 80
3693 32018 80
32018 30326 80
30326 27281 80
27281 19265 80
19265 26904 80
26904 7935 80
7935 35478 80
5140 6877 81
6877 5362 81
5362 22343 81
22343 30137 81
30137 35781 81
35781 3649 81
3649 30511 81
30511 271 81
271 40175 81
40175 28216 81
28216 17581 81
17581 29833 81
29833 19608 81
19608 38851 81
38851 17853 81
17853 16216 81
16216 12796 81
12796 36844 81
36844 32106 81
32106 39441 81
39441 6135 81
6135 30332 81
30332 11873 81
11873 39527 81
39527 14639 81
14639 26202 81
26202 28323 81
28323 24397 81
24397 16020 81
16020 30251 81
30251 31675 81
31675 21584 81
21584 26942 81
26942 10279 81
10279 32470 81
32470 11351 81
11351 13614 81
13614 13030 81
13030 11941 81
11941 908 81
20868 26438 82
26438 40232 82
40232 15170 82
15170 17823 82
17823 11157 82
11157 11541 82
11541 17600 82
17600 11107 82
11107 24579 82
24579 19810 82
19810 13559 82
13559 21015 82
21015 21120 82
21120 31672 82
31672 24045 82
24045 18290 82
18290 29731 82
29731 22669 82
22669 8781 82
8781 14130 82
14130 28580 82
28580 40666 82
40666 20010 82
20010 22916 82
22916 1978 82
1978 38555 82
38555 13779 82
13779 8500 82
8500 37447 82
37447 17426 82
17426 9011 82
9011 37032 82
37032 13308 82
13308 21020 82
21020 22123 82
22123 16063 82
16063 33399 82
33399 25670 82
25670 4674 82
4674 34987 82
36558 21918 83
21918 2869 83
2869 19986 83
19986 36104 83
36104 15892 83
15892 9518 83
9518 32058 83
32058 4493 83
4493 957 83
957 10979 83
10979 39763 83
39763 2177 83
2177 12902 83
12902 29753 83
29753 36095 83
36095 7034 83
7034 10259 83
10259 6260 83
6260 33166 83
33166 40190 83
40190 35093 83
35093 12156 83
12156 35474 83
35474 21181 83
21181 27451 83
27451 30306 83
30306 29534 83
29534 8711 83
8711 5217 83
5217 6850 83
6850 17211 83
17211 34456 83
34456 32739 83
32739 8121 83
8121 2399 83
2399 10247 83
10247 19117 83
19117 5910 83
5910 7184 83
7184 7740 83
34759 15270 84
15270 13629 84
13629 28396 84
28396 18151 84
18151 38181 84
38181 21649 84
21649 21251 84
21251 6093 84
6093 16482 84
16482 27118 84
27118 1383 84
1383 38302 84
38302 10497 84
10497 25955 84
25955 30909 84
30909 25204 84
25204 11284 84
11284 40786 84
40786 10891 84
10891 39345 84
39345 20066 84
20066 10900 84
10900 24263 84
24263 22072 84
22072 11523 84
11523 7266 84
7266 28028 84
28028 24036 84
24036 38975 84
38975 22268 84
22268 27850 84
27850 20720 84
20720 35840 84
35840 3134 84
3134 17840 84
17840 38693 84
38693 30126 84
30126 21718 84
21718 7670 84
7670 26513 84
29906 15889 85
15889 36387 85
36387 2458 85
2458 21690 85
21690 21972 85
21972 7521 85
7521 34213 85
34213 7097 85
7097 33789 85
33789 1435 85
1435 14503 85
14503 31160 85
31160 9351 85
9351 10939 85
10939 38346 85
38346 31397 85
31397 12302 85
12302 19624 85
19624 4668 85
4668 4638 85
4638 11750 85
11750 27068 85
27068 26120 85
26120 40347 85
40347 30853 85
30853 15834 85
15834 24050 85
24050 24017 85
24017 3561 85
3561 22708 85
22708 30882 85
30882 27572 85
27572 9404 85
9404 12978 85
12978 23060 85
23060 7871 85
7871 20492 85
20492 11088 85
11088 10045 85
10045 5242 85
4430 28328 86
28328 35493 86
35493 793 86
793 2433 86
2433 27700 86
27700 39644 86
39644 22554 86
22554 9091 86
9091 29307 86
29307 723 86
723 8142 86
8142 39429 86
39429 14343 86
14343 28265 86
28265 38603 86
38603 23615 86
23615 30914 86
30914 33493 86
33493 22074 86
22074 31147 86
31147 14067 86
14067 12321 86
12321 32071 86
32071 24596 86
24596 3452 86
3452 34067 86
34067 37488 86
37488 35846 86
35846 12961 86
12961 4182 86
4182 18520 86
18520 8744 86
8744 32825 86
32825 2445 86
2445 3885 86
3885 7893 86
7893 35388 86
35388 26246 86
26246 31758 86
31758 23148 86
26166 4782 87
4782 19297 87
19297 6014 87
6014 24542 87
24542 5229 87
5229 19951 87
19951 7799 87
7799 24237 87
24237 22134 87
22134 35117 87
35117 14861 87
14861 35511 87
35511 33600 87
33600 12542 87
12542 27969 87
27969 31726 87
31726 6856 87
6856 20694 87
20694 4285 87
4285 17195 87
17195 34995 87
34995 13140 87
13140 37428 87
37428 33700 87
33700 30844 87
30844 35825 87
35825 18019 87
18019 26231 87
26231 27439 87
27439 26043 87
26043 20912 87
20912 26093 87
26093 20809 87
20809 17665 87
17665 34416 87
34416 6259 87
6259 14287 87
14287 36862 87
36862 3991 87
3991 25839 87
37198 16026 88
16026 37087 88
37087 33562 88
33562 36725 88
36725 13100 88
13100 28067 88
28067 14067 88
14067 23393 88
23393 21224 88
21224 17816 88
17816 8132 88
8132 15169 88
15169 28903 88
28903 29101 88
29101 12471 88
12471 27294 88
27294 37219 88
37219 30937 88
30937 36380 88
36380 14446 88
14446 28040 88
28040 26625 88
26625 31285 88
31285 6382 88
6382 5813 88
5813 15170 88
15170 20061 88
20061 27924 88
27924 10188 88
10188 15490 88
15490 24175 88
24175 29687 88
29687 7937 88
7937 7231 88
7231 37747 88
37747 20269 88
20269 7233 88
7233 33982 88
33982 9540 88
9540 17968 88
1472 6392 89
6392 4537 89
4537 32997 89
32997 20199 89
20199 22358 89
22358 6 89
6 25407 89
25407 39430 89
39430 33985 89
33985 32887 89
32887 40660 89
40660 11769 89
11769 40506 89
40506 21123 89
21123 16603 89
16603 19791 89
19791 4568 89
4568 1683 89
1683 8960 89
8960 32430 89
32430 32099 89
32099 38152 89
38152 36092 89
36092 33660 89
33660 29695 89
29695 32420 89
32420 3772 89
3772 27568 89
27568 13964 89
13964 26946 89
26946 36802 89
36802 40744 89
40744 37341 89
37341 12755 89
12755 31107 89
31107 40703 89
40703 6326 89
6326 1139 89
1139 4963 89
4963 5745 89
33377 37565 90
37565 32440 90
32440 36497 90
36497 13441 90
13441 15606 90
15606 15085 90
15085 4588 90
4588 2088 90
2088 11608 90
11608 36587 90
36587 18465 90
18465 27347 90
27347 25315 90
25315 37106 90
37106 13453 90
13453 27109 90
27109 21438 90
21438 34708 90
34708 24626 90
24626 18040 90
18040 23461 90
23461 39541 90
39541 35420 90
35420 31937 90
31937 19446 90
19446 14906 90
14906 9733 90
9733 38264 90
38264 19341 90
19341 22818 90
22818 15186 90
15186 31869 90
31869 13559 90
13559 14447 90
14447 10065 90
10065 39231 90
39231 11733 90
11733 6050 90
6050 24937 90
24937 5692 90
22734 4492 91
4492 29895 91
29895 31937 91
31937 26571 91
26571 22363 91
22363 29071 91
29071 26481 91
26481 22890 91
22890 32312 91
32312 6899 91
6899 3571 91
3571 24330 91
24330 33110 91
33110 11740 91
11740 175 91
175 23426 91
23426 27781 91
27781 6288 91
6288 34290 91
34290 33889 91
33889 5687 91
5687 40559 91
40559 28678 91
28678 35605 91
35605 15071 91
15071 8161 91
8161 5767 91
5767 16635 91
16635 18205 91
18205 9320 91
9320 25581 91
25581 2530 91
2530 8349 91
8349 5582 91
5582 27881 91
27881 20165 91
20165 31057 91
31057 21467 91
21467 18573 91
18573 23765 91
40654 494 92
494 1695 92
1695 39086 92
39086 24650 92
24650 2014 92
2014 2369 92
2369 8123 92
8123 14815 92
14815 22209 92
22209 5760 92
5760 39371 92
39371 26416 92
26416 492 92
492 4357 92
4357 28510 92
28510 8514 92
8514 9878 92
9878 38116 92
38116 9721 92
9721 2812 92
2812 17637 92
17637 35177 92
35177 21058 92
21058 28816 92
28816 9226 92
9226 529 92
529 167 92
167 28973 92
28973 26436 92
26436 32248 92
32248 8628 92
8628 28669 92
28669 32738 92
32738 21278 92
21278 22962 92
22962 38226 92
38226 31303 92
31303 26421 92
26421 531 92
531 30909 92
20561 27509 93
27509 21074 93
21074 3765 93
3765 9969 93
9969 16440 93
16440 40854 93
40854 22106 93
22106 1265 93
1265 23697 93
23697 39520 93
39520 12555 93
12555 25744 93
25744 31568 93
31568 14252 93
14252 14589 93
14589 39584 93
39584 30437 93
30437 10816 93
10816 16822 93
16822 29305 93
29305 15119 93
15119 13712 93
13712 27423 93
27423 18232 93
18232 19365 93
19365 35072 93
35072 7622 93
7622 36835 93
36835 36604 93
36604 14592 93
14592 36546 93
36546 40245 93
40245 27576 93
27576 15653 93
15653 7507 93
7507 27855 93
27855 40178 93
40178 16525 93
16525 1525 93
1525 6615 93
29885 37942 94
37942 12408 94
12408 13455 94
13455 13151 94
13151 1100 94
1100 6239 94
6239 16346 94
16346 28777 94
28777 16588 94
16588 38025 94
38025 27504 94
27504 17457 94
17457 1464 94
1464 14195 94
14195 16596 94
16596 10822 94
10822 24433 94
24433 6660 94
6660 25396 94
25396 13481 94
13481 34191 94
34191 4179 94
4179 20786 94
20786 38635 94
38635 32772 94
32772 11211 94
11211 3533 94
3533 12802 94
12802 20350 94
20350 18383 94
18383 30325 94
30325 38871 94
38871 6175 94
6175 22146 94
22146 3719 94
3719 38650 94
38650 17960 94
17960 19809 94
19809 34971 94
34971 40690 94
7213 24284 95
24284 32213 95
32213 19028 95
19028 1228 95
1228 15420 95
15420 36480 95
36480 19442 95
19442 33889 95
33889 37732 95
37732 19612 95
19612 21598 95
21598 39377 95
39377 30871 95
30871 5987 95
5987 6215 95
6215 3007 95
3007 29874 95
29874 23899 95
23899 4047 95
4047 18552 95
18552 35753 95
35753 17316 95
17316 23910 95
23910 6845 95
6845 27415 95
27415 1843 95
1843 24067 95
24067 5993 95
5993 31185 95
31185 18233 95
18233 29551 95
29551 27291 95
27291 29532 95
29532 40262 95
40262 35404 95
35404 14972 95
14972 20600 95
20600 19540 95
19540 35055 95
35055 25709 95
35746 28085 96
28085 32301 96
32301 36923 96
36923 18604 96
18604 30927 96
30927 35004 96
35004 5587 96
5587 37434 96
37434 10035 96
10035 18891 96
18891 26218 96
26218 15216 96
15216 10930 96
10930 4572 96
4572 7552 96
7552 21255 96
21255 23330 96
23330 27376 96
27376 19089 96
19089 20298 96
20298 2156 96
2156 12499 96
12499 27684 96
27684 13377 96
13377 28296 96
28296 11883 96
11883 3800 96
3800 18475 96
18475 22456 96
22456 15264 96
15264 34610 96
34610 21031 96
21031 7479 96
7479 26375 96
26375 3812 96
3812 19580 96
19580 37146 96
37146 20141 96
20141 24428 96
24428 13605 96
32037 17409 97
17409 7123 97
7123 38690 97
38690 21480 97
21480 2121 97
2121 25350 97
25350 30634 97
30634 5734 97
5734 10705 97
10705 14088 97
14088 27383 97
27383 9293 97
9293 34818 97
34818 21344 97
21344 23702 97
23702 13700 97
13700 14923 97
14923 18059 97
18059 28723 97
28723 5954 97
5954 34273 97
34273 4567 97
4567 13116 97
13116 7638 97
7638 33571 97
33571 3156 97
3156 39731 97
39731 20950 97
20950 15288 97
15288 36460 97
36460 30622 97
30622 37079 97
37079 12909 97
12909 40044 97
40044 15155 97
15155 19374 97
19374 17108 97
17108 39949 97
39949 31903 97
31903 32324 97
28855 5672 98
5672 35443 98
35443 9409 98
9409 10868 98
10868 23723 98
23723 1933 98
1933 8940 98
8940 34186 98
34186 7729 98
7729 24811 98
24811 3139 98
3139 13181 98
13181 8965 98
8965 37847 98
37847 23314 98
23314 5438 98
5438 25720 98
25720 39198 98
39198 10080 98
10080 3174 98
3174 8054 98
8054 39070 98
39070 39031 98
39031 15084 98
15084 20228 98
20228 39633 98
39633 21720 98
21720 19672 98
19672 29244 98
29244 1658 98
1658 33001 98
33001 35172 98
35172 6752 98
6752 38908 98
38908 4586 98
4586 24140 98
24140 19449 98
19449 32617 98
32617 13117 98
13117 17551 98
33588 17895 99
17895 17850 99
17850 33979 99
33979 18586 99
18586 24950 99
24950 38727 99
38727 8611 99
8611 1304 99
1304 14760 99
14760 4911 99
4911 18817 99
18817 993 99
993 17100 99
17100 3663 99
3663 1820 99
1820 24173 99
24173 24428 99
24428 1900 99
1900 40182 99
40182 28641 99
28641 33932 99
33932 28725 99
28725 21288 99
21288 25980 99
25980 18477 99
18477 1010 99
1010 3074 99
3074 259 99
259 26311 99
26311 15143 99
15143 33103 99
33103 9972 99
9972 6637 99
6637 35725 99
35725 10810 99
10810 7473 99
7473 819 99
819 8359 99
8359 14479 99
14479 1095 99
37007 33810 100
33810 5111 100
5111 7056 100
7056 22386 100
22386 19550 100
19550 22381 100
22381 8698 100
8698 17034 100
17034 7820 100
7820 16500 100
16500 25954 100
25954 27406 100
27406 37950 100
37950 20455 100
20455 25767 100
25767 14078 100
14078 3505 100
3505 24686 100
24686 21561 100
21561 32188 100
32188 34154 100
34154 36900 100
36900 3054 100
3054 24523 100
24523 26472 100
26472 35561 100
35561 23641 100
23641 26060 100
26060 8654 100
8654 8152 100
8152 691 100
691 30142 100
30142 6708 100
6708 5729 100
5729 25190 100
25190 5837 100
5837 5880 100
5880 26565 100
26565 380 100
380 8498 100
1127 15781 101
15781 8003 101
8003 549 101
549 4105 101
4105 3593 101
3593 7734 101
7734 6641 101
6641 33529 101
33529 40697 101
40697 22832 101
22832 10939 101
10939 27111 101
27111 25508 101
25508 36898 101
36898 17918 101
17918 20419 101
20419 18388 101
18388 26759 101
26759 6296 101
6296 31497 101
31497 15147 101
15147 34665 101
34665 27940 101
27940 1594 101
1594 32493 101
32493 30035 101
30035 25632 101
25632 39695 101
39695 13996 101
13996 31916 101
31916 31122 101
31122 6896 101
6896 39499 101
39499 32832 101
32832 29085 101
29085 21999 101
21999 31587 101
31587 6251 101
6251 36398 101
36398 40293 101
31500 31947 102
31947 32080 102
32080 25217 102
25217 31347 102
31347 5461 102
5461 16139 102
16139 7536 102
7536 29313 102
29313 17602 102
17602 8042 102
8042 9680 102
9680 7233 102
7233 20983 102
20983 32290 102
32290 12670 102
12670 18782 102
18782 32825 102
32825 11355 102
11355 9249 102
9249 15124 102
15124 30628 102
30628 19768 102
19768 31251 102
31251 12116 102
12116 26906 102
26906 3535 102
3535 19151 102
19151 27010 102
27010 11702 102
11702 30387 102
30387 20966 102
20966 7600 102
7600 10800 102
10800 4349 102
4349 30263 102
30263 14821 102
14821 36320 102
36320 32584 102
32584 15893 102
15893 26437 102
2797 19661 103
19661 5833 103
5833 35294 103
35294 21216 103
21216 19650 103
19650 40584 103
40584 37921 103
37921 39172 103
39172 25683 103
25683 28989 103
28989 3028 103
3028 22715 103
22715 18583 103
18583 33258 103
33258 23745 103
23745 38995 103
38995 32391 103
32391 25372 103
25372 31957 103
31957 24083 103
24083 17652 103
17652 16948 103
16948 30413 103
30413 17563 103
17563 23101 103
23101 5834 103
5834 6096 103
6096 14211 103
14211 39111 103
39111 15078 103
15078 30044 103
30044 34943 103
34943 7059 103
7059 38003 103
38003 6219 103
6219 24920 103
24920 23956 103
23956 2249 103
2249 2830 103
2830 23047 103
6648 21782 104
21782 4196 104
4196 113 104
113 29260 104
29260 11915 104
11915 10296 104
10296 11659 104
11659 36636 104
36636 21591 104
21591 32119 104
32119 101 104
101 19276 104
19276 36530 104
36530 22616 104
22616 34189 104
34189 8750 104
8750 14386 104
14386 19666 104
19666 29011 104
29011 36174 104
36174 10449 104
10449 11126 104
11126 39322 104
39322 18933 104
18933 34768 104
34768 39128 104
39128 40509 104
40509 8078 104
8078 19949 104
19949 22362 104
22362 7398 104
7398 36080 104
36080 31066 104
31066 7904 104
7904 34935 104
34935 550 104
550 25066 104
25066 28355 104
28355 2916 104
2916 25148 104
36238 24011 105
24011 21210 105
21210 17012 105
17012 20357 105
20357 30234 105
30234 6686 105
6686 36974 105
36974 34957 105
34957 14565 105
14565 25366 105
25366 11003 105
11003 10026 105
10026 32342 105
32342 17724 105
17724 16539 105
16539 24642 105
24642 21667 105
21667 20473 105
20473 15366 105
15366 32076 105
32076 33509 105
33509 10886 105
10886 22736 105
22736 15464 105
15464 12759 105
12759 16597 105
16597 40835 105
40835 7226 105
7226 23871 105
23871 724 105
724 28760 105
28760 36814 105
36814 16790 105
16790 8077 105
8077 2621 105
2621 21736 105
21736 40790 105
40790 12358 105
12358 28453 105
28453 6198 105
16150 30584 106
30584 16018 106
16018 9239 106
9239 28798 106
28798 37238 106
37238 1959 106
1959 24048 106
24048 18781 106
18781 39375 106
39375 28641 106
28641 37438 106
37438 4613 106
4613 111 106
111 17576 106
17576 35439 106
35439 21921 106
21921 13607 106
13607 1714 106
1714 6375 106
6375 27581 106
27581 18197 106
18197 38898 106
38898 36701 106
36701 28646 106
28646 1991 106
1991 37705 106
37705 11096 106
11096 35166 106
35166 17919 106
17919 17527 106
17527 25195 106
25195 40494 106
40494 8872 106
8872 32246 106
32246 34380 106
34380 12721 106
12721 19026 106
19026 36156 106
36156 6114 106
6114 36149 106
20133 10434 107
10434 37344 107
37344 37970 107
37970 18544 107
18544 34391 107
34391 23672 107
23672 6333 107
6333 8961 107
8961 28327 107
28327 25980 107
25980 20724 107
20724 38899 107
38899 39316 107
39316 10701 107
10701 30696 107
30696 3767 107
3767 19589 107
19589 35917 107
35917 12418 107
12418 35527 107
35527 3195 107
3195 21079 107
21079 4216 107
4216 13594 107
13594 9810 107
9810 15515 107
15515 7443 107
7443 6525 107
6525 16950 107
16950 14495 107
14495 5187 107
5187 25867 107
25867 36087 107
36087 22428 107
22428 35907 107
35907 33891 107
33891 34236 107
34236 30693 107
30693 26724 107
26724 39899 107
22557 30992 108
30992 14391 108
14391 14562 108
14562 1227 108
1227 7903 108
7903 27014 108
27014 5683 108
5683 18614 108
18614 4985 108
4985 7480 108
7480 36323 108
36323 28193 108
28193 25388 108
25388 20200 108
20200 3410 108
3410 24285 108
24285 23623 108
23623 39054 108
39054 33114 108
33114 35585 108
35585 16569 108
16569 27899 108
27899 28980 108
28980 16491 108
16491 9451 108
9451 36816 108
36816 11763 108
11763 29890 108
29890 26767 108
26767 25804 108
25804 31411 108
31411 38160 108
38160 29395 108
29395 9077 108
9077 36675 108
36675 10407 108
10407 32753 108
32753 16020 108
16020 29226 108
29226 4565 108
20835 38407 109
38407 10694 109
10694 10437 109
10437 17119 109
17119 4826 109
4826 21052 109
21052 32081 109
32081 33061 109
33061 26130 109
26130 31687 109
31687 28463 109
28463 35562 109
35562 8402 109
8402 19226 109
19226 17040 109
17040 3326 109
3326 21961 109
21961 2927 109
2927 18268 109
18268 6302 109
6302 15258 109
15258 6191 109
6191 24440 109
24440 2222 109
2222 34878 109
34878 27108 109
27108 32678 109
32678 11335 109
11335 30633 109
30633 9336 109
9336 20020 109
20020 4697 109
4697 11184 109
11184 17164 109
17164 13989 109
13989 15868 109
15868 11676 109
11676 18957 109
18957 15414 109
15414 21911 109
1028 24527 110
24527 30804 110
30804 37114 110
37114 5982 110
5982 28418 110
28418 40872 110
40872 19479 110
19479 36613 110
36613 13430 110
13430 1029 110
1029 28643 110
28643 5553 110
5553 3327 110
3327 5183 110
5183 17556 110
17556 20971 110
20971 7914 110
7914 40981 110
40981 33787 110
33787 19358 110
19358 10289 110
10289 23767 110
23767 6838 110
6838 13625 110
13625 21750 110
21750 7710 110
7710 29171 110
29171 16991 110
16991 37359 110
37359 34035 110
34035 14065 110
14065 12996 110
12996 8281 110
8281 11724 110
11724 10975 110
10975 36864 110
36864 7413 110
7413 17531 110
17531 35425 110
35425 9879 110
9433 19359 111
19359 464 111
464 35144 111
35144 11900 111
11900 34844 111
34844 31780 111
31780 12977 111
12977 39665 111
39665 30377 111
30377 34569 111
34569 31050 111
31050 22141 111
22141 22360 111
22360 24952 111
24952 39568 111
39568 14699 111
14699 21108 111
21108 39160 111
39160 16817 111
16817 613 111
613 34199 111
34199 36740 111
36740 12456 111
12456 3697 111
3697 149 111
149 38393 111
38393 7376 111
7376 29839 111
29839 9392 111
9392 4567 111
4567 11620 111
11620 18290 111
18290 29406 111
29406 24536 111
24536 34988 111
34988 2059 111
2059 30481 111
30481 10620 111
10620 11515 111
11515 38472 111
4926 34193 112
34193 1263 112
1263 22155 112
22155 38994 112
38994 29943 112
29943 34158 112
34158 27553 112
27553 36498 112
36498 27004 112
27004 4498 112
4498 6901 112
6901 7804 112
7804 31669 112
31669 26819 112
26819 10817 112
10817 2281 112
2281 3789 112
3789 22634 112
22634 19949 112
19949 15584 112
15584 1285 112
1285 39165 112
39165 17473 112
17473 29516 112
29516 38357 112
38357 38525 112
38525 35057 112
35057 8972 112
8972 13873 112
13873 9784 112
9784 20360 112
20360 32303 112
32303 38596 112
38596 25721 112
25721 12442 112
12442 16932 112
16932 3116 112
3116 45 112
45 23940 112
23940 17957 112
1422 39863 113
39863 21660 113
21660 23884 113
23884 26318 113
26318 26268 113
26268 33520 113
33520 29477 113
29477 40905 113
40905 25426 113
25426 5061 113
5061 28020 113
28020 24259 113
24259 12587 113
12587 27279 113
27279 24916 113
24916 40567 113
40567 22023 113
22023 9128 113
9128 26463 113
26463 38691 113
38691 29450 113
29450 24207 113
24207 5432 113
5432 31135 113
31135 8905 113
8905 3154 113
3154 30119 113
30119 10152 113
10152 37987 113
37987 5547 113
5547 7037 113
7037 13066 113
13066 22501 113
22501 11331 113
11331 5753 113
5753 1126 113
1126 37194 113
37194 7665 113
7665 21677 113
21677 33005 113
36791 15022 114
15022 37077 114
37077 18504 114
18504 36189 114
36189 27466 114
27466 2602 114
2602 21844 114
21844 22848 114
22848 31124 114
31124 29165 114
29165 37876 114
37876 10423 114
10423 14030 114
14030 35833 114
35833 24627 114
24627 26880 114
26880 35402 114
35402 29662 114
29662 19901 114
19901 24521 114
24521 12261 114
12261 8062 114
8062 19459 114
19459 26787 114
26787 4456 114
4456 4988 114
4988 21309 114
21309 6178 114
6178 25331 114
25331 31172 114
31172 20739 114
20739 8959 114
8959 5834 114
5834 24884 114
24884 37363 114
37363 19598 114
19598 17697 114
17697 11908 114
11908 33782 114
33782 19072 114
32529 20388 115
20388 14933 115
14933 17036 115
17036 38791 115
38791 10092 115
10092 9217 115
9217 2049 115
2049 8094 115
8094 38318 115
38318 2463 115
2463 7057 115
7057 29340 115
29340 24210 115
24210 16787 115
16787 39309 115
39309 35243 115
35243 4924 115
4924 10068 115
10068 544 115
544 6222 115
6222 3528 115
3528 18418 115
18418 37721 115
37721 27991 115
27991 20327 115
20327 40275 115
40275 34949 115
34949 39089 115
39089 39099 115
39099 17744 115
17744 33504 115
33504 33211 115
33211 17610 115
17610 16012 115
16012 365 115
365 7589 115
7589 30562 115
30562 30672 115
30672 38278 115
38278 889 115
17343 37395 116
37395 6391 116
6391 27252 116
27252 7501 116
7501 39698 116
39698 10108 116
10108 7864 116
7864 1954 116
1954 26470 116
26470 19615 116
19615 38180 116
38180 28719 116
28719 25970 116
25970 34138 116
34138 2203 116
2203 33272 116
33272 7246 116
7246 24283 116
24283 29187 116
29187 1748 116
1748 30473 116
30473 30044 116
30044 19786 116
19786 31353 116
31353 29019 116
29019 26210 116
26210 22886 116
22886 5734 116
5734 14889 116
14889 33571 116
33571 24128 116
24128 20178 116
20178 35926 116
35926 2724 116
2724 29869 116
29869 5583 116
5583 26972 116
26972 2534 116
2534 5255 116
5255 1825 116
31349 10414 117
10414 3731 117
3731 14521 117
14521 29016 117
29016 23394 117
23394 15087 117
15087 2864 117
2864 8958 117
8958 21258 117
21258 5407 117
5407 3806 117
3806 16107 117
16107 20825 117
20825 10049 117
10049 28073 117
28073 5418 117
5418 9241 117
9241 34475 117
34475 31526 117
31526 20440 117
20440 35134 117
35134 17316 117
17316 779 117
779 14646 117
14646 8809 117
8809 40397 117
40397 18545 117
18545 27898 117
27898 39674 117
39674 29037 117
29037 28478 117
28478 29824 117
29824 39978 117
39978 30431 117
30431 21137 117
21137 37414 117
37414 6237 117
6237 22136 117
22136 37713 117
37713 38410 117
15653 7625 118
7625 6141 118
6141 12940 118
12940 10855 118
10855 10531 118
10531 18455 118
18455 1524 118
1524 37554 118
37554 35177 118
35177 29435 118
29435 37035 118
37035 7890 118
7890 30828 118
30828 15049 118
15049 34551 118
34551 10931 118
10931 22242 118
22242 37575 118
37575 26707 118
26707 25761 118
25761 35552 118
35552 15901 118
15901 33583 118
33583 36509 118
36509 24820 118
24820 22486 118
22486 38874 118
38874 11293 118
11293 11773 118
11773 27434 118
27434 19132 118
19132 30685 118
30685 13333 118
13333 23038 118
23038 33858 118
33858 21278 118
21278 27825 118
27825 10004 118
10004 32361 118
32361 34627 118
22036 22 119
22 16541 119
16541 9337 119
9337 7921 119
7921 23777 119
23777 11107 119
11107 30944 119
30944 16778 119
16778 28777 119
28777 15254 119
15254 16469 119
16469 22750 119
22750 22192 119
22192 28097 119
28097 26404 119
26404 21612 119
21612 28201 119
28201 29392 119
29392 28852 119
28852 2684 119
2684 25709 119
25709 37991 119
37991 16846 119
16846 15722 119
15722 40457 119
40457 23680 119
23680 28282 119
28282 30672 119
30672 31267 119
31267 2129 119
2129 3348 119
3348 31483 119
31483 15401 119
15401 38171 119
38171 38048 119
38048 4008 119
4008 33969 119
33969 39511 119
39511 8066 119
8066 6851 119
8741 2610 120
2610 9121 120
9121 30494 120
30494 30557 120
30557 35163 120
35163 24581 120
24581 14955 120
14955 27724 120
27724 31305 120
31305 13941 120
13941 16512 120
16512 20931 120
20931 25135 120
25135 28339 120
28339 19331 120
19331 29680 120
29680 13126 120
13126 14705 120
14705 26496 120
26496 40247 120
40247 15745 120
15745 28994 120
28994 17700 120
17700 29259 120
29259 12857 120
12857 38113 120
38113 25030 120
25030 12015 120
12015 6227 120
6227 1250 120
1250 8304 120
8304 18893 120
18893 15134 120
15134 39994 120
39994 3316 120
3316 983 120
983 26890 120
26890 10799 120
10799 35263 120
35263 29663 120
3776 16116 121
16116 5250 121
5250 5152 121
5152 40347 121
40347 21579 121
21579 6325 121
6325 13747 121
13747 27978 121
27978 31374 121
31374 27941 121
27941 39699 121
39699 22500 121
22500 23220 121
23220 5565 121
5565 21800 121
21800 11141 121
11141 32009 121
32009 11057 121
11057 31764 121
31764 9487 121
9487 17867 121
17867 39245 121
39245 18791 121
18791 27300 121
27300 4613 121
4613 39822 121
39822 18497 121
18497 10749 121
10749 37134 121
37134 38097 121
38097 18153 121
18153 14748 121
14748 19100 121
19100 5477 121
5477 25356 121
25356 39991 121
39991 517 121
517 34546 121
34546 13264 121
13264 2529 121
13321 4826 122
4826 38538 122
38538 19218 122
19218 30961 122
30961 11542 122
11542 14950 122
14950 17625 122
17625 3762 122
3762 38965 122
38965 15960 122
15960 16305 122
16305 5412 122
5412 7834 122
7834 5432 122
5432 33837 122
33837 31922 122
31922 24078 122
24078 20758 122
20758 15103 122
15103 17797 122
17797 17377 122
17377 31890 122
31890 9057 122
9057 8817 122
8817 26649 122
26649 10976 122
10976 506 122
506 28564 122
28564 21491 122
21491 39144 122
39144 3851 122
3851 1401 122
1401 1548 122
1548 38687 122
38687 18231 122
18231 28084 122
28084 3045 122
3045 5373 122
5373 17518 122
17518 8063 122
3821 14495 123
14495 10639 123
10639 24157 123
24157 31046 123
31046 35582 123
35582 277 123
277 17536 123
17536 30668 123
30668 32425 123
32425 19363 123
19363 35404 123
35404 16463 123
16463 34440 123
34440 10216 123
10216 7011 123
7011 28827 123
28827 36175 123
36175 6374 123
6374 28839 123
28839 10635 123
10635 28040 123
28040 10009 123
10009 35336 123
35336 467 123
467 25951 123
25951 26048 123
26048 13375 123
13375 22870 123
22870 9296 123
9296 10190 123
10190 28931 123
28931 17998 123
17998 36021 123
36021 14297 123
14297 22107 123
22107 3653 123
3653 25597 123
25597 1259 123
1259 9057 123
9057 11134 123
34154 16450 124
16450 6373 124
6373 40349 124
40349 9562 124
9562 19703 124
19703 38858 124
38858 10314 124
10314 39172 124
39172 24679 124
24679 7963 124
7963 14262 124
14262 35739 124
35739 36641 124
36641 29786 124
29786 2221 124
2221 24660 124
24660 17864 124
17864 8872 124
8872 23441 124
23441 10617 124
10617 173 124
173 36221 124
36221 14260 124
14260 35379 124
35379 27104 124
27104 36724 124
36724 26023 124
26023 11347 124
11347 3335 124
3335 1032 124
1032 14869 124
14869 20631 124
20631 8273 124
8273 22351 124
22351 1198 124
1198 22854 124
22854 11085 124
11085 25671 124
25671 39103 124
39103 8116 124
39095 32511 125
32511 10852 125
10852 20067 125
20067 3342 125
3342 3086 125
3086 7626 125
7626 21886 125
21886 21047 125
21047 18167 125
18167 22350 125
22350 10263 125
10263 22422 125
22422 28261 125
28261 2175 125
2175 24706 125
24706 291 125
291 5104 125
5104 7462 125
7462 17836 125
17836 35721 125
35721 34188 125
34188 38059 125
38059 31896 125
31896 31790 125
31790 23867 125
23867 23031 125
23031 40875 125
40875 16091 125
16091 14151 125
14151 19483 125
19483 20615 125
20615 30187 125
30187 21042 125
21042 39467 125
39467 13426 125
13426 18897 125
18897 40044 125
40044 17944 125
17944 30492 125
30492 10583 125
35696 7394 126
7394 1672 126
1672 22758 126
22758 9969 126
9969 8749 126
8749 36019 126
36019 970 126
970 18639 126
18639 15106 126
15106 11821 126
11821 33562 126
33562 16501 126
16501 12968 126
12968 33688 126
33688 28402 126
28402 33883 126
33883 16494 126
16494 32857 126
32857 26312 126
26312 7226 126
7226 11583 126
11583 20282 126
20282 664 126
664 25993 126
25993 40466 126
40466 29018 126
29018 12946 126
12946 2433 126
2433 28411 126
28411 22411 126
22411 10189 126
10189 243 126
243 16500 126
16500 8550 126
8550 24619 126
24619 22782 126
22782 9137 126
9137 20041 126
20041 12022 126
12022 29326 126
12478 35485 127
35485 21293 127
21293 34423 127
34423 31305 127
31305 39432 127
39432 23589 127
23589 12048 127
12048 33393 127
33393 15528 127
15528 34123 127
34123 2312 127
2312 40357 127
40357 36340 127
36340 4563 127
4563 4735 127
4735 26423 127
26423 39183 127
39183 7970 127
7970 35823 127
35823 25679 127
25679 1536 127
1536 39776 127
39776 4746 127
4746 3087 127
3087 70 127
70 4832 127
4832 10468 127
10468 31945 127
31945 31416 127
31416 37160 127
37160 25552 127
25552 40915 127
40915 10541 127
10541 10874 127
10874 22600 127
22600 22543 127
22543 5766 127
5766 34615 127
34615 17574 127
17574 29767 127
3627 8807 128
8807 13456 128
13456 33298 128
33298 24448 128
24448 10847 128
10847 32083 128
32083 15927 128
15927 31178 128
31178 28683 128
28683 12358 128
12358 35591 128
35591 29897 128
29897 15083 128
15083 38432 128
38432 2840 128
2840 4313 128
4313 7222 128
7222 36914 128
36914 752 128
752 16790 128
16790 5257 128
5257 10499 128
10499 29620 128
29620 25297 128
25297 27097 128
27097 7557 128
7557 9754 128
9754 7950 128
7950 15590 128
15590 15615 128
15615 12673 128
12673 24093 128
24093 13841 128
13841 832 128
832 10236 128
10236 40773 128
40773 33078 128
33078 7427 128
7427 28618 128
28618 33164 128
34659 13719 129
13719 704 129
704 8873 129
8873 20961 129
20961 35096 129
35096 2674 129
2674 28269 129
28269 17342 129
17342 29731 129
29731 14681 129
14681 22208 129
22208 30659 129
30659 7206 129
7206 2669 129
2669 1415 129
1415 3792 129
3792 34875 129
34875 40524 129
40524 18503 129
18503 27714 129
27714 23956 129
23956 23561 129
23561 3138 129
3138 33076 129
33076 15197 129
15197 6571 129
6571 16854 129
16854 14999 129
14999 26542 129
26542 38608 129
38608 9016 129
9016 18912 129
18912 21399 129
21399 5401 129
5401 1217 129
1217 30986 129
30986 35749 129
35749 20089 129
20089 40417 129
40417 40374 129
3594 28293 130
28293 19395 130
19395 25696 130
25696 33548 130
33548 24549 130
24549 36465 130
36465 19287 130
19287 13163 130
13163 33300 130
33300 17648 130
17648 37282 130
37282 12785 130
12785 37 130
37 15237 130
15237 40965 130
40965 9964 130
9964 25787 130
25787 6819 130
6819 29454 130
29454 22012 130
22012 24033 130
24033 18472 130
18472 1931 130
1931 6295 130
6295 28714 130
28714 2739 130
2739 16233 130
16233 18073 130
18073 18218 130
18218 25515 130
25515 5122 130
5122 9215 130
9215 7517 130
7517 25282 130
25282 28323 130
28323 7552 130
7552 7447 130
7447 4824 130
4824 18148 130
18148 11 130
10921 33461 131
33461 34012 131
34012 2099 131
2099 26068 131
26068 6084 131
6084 30490 131
30490 32185 131
32185 35927 131
35927 22933 131
22933 32853 131
32853 34302 131
34302 30865 131
30865 32767 131
32767 5066 131
5066 2804 131
2804 19125 131
19125 39998 131
39998 14182 131
14182 246 131
246 21504 131
21504 30516 131
30516 38810 131
38810 4011 131
4011 28845 131
28845 16758 131
16758 1610 131
1610 9719 131
9719 24810 131
24810 27745 131
27745 12941 131
12941 23837 131
23837 17640 131
17640 965 131
965 15975 131
15975 13761 131
13761 38055 131
38055 19228 131
19228 23068 131
23068 18203 131
18203 10190 131
39363 33813 132
33813 1071 132
1071 28412 132
28412 8328 132
8328 5776 132
5776 12438 132
12438 33939 132
33939 19735 132
19735 29678 132
29678 6382 132
6382 39621 132
39621 27472 132
27472 31480 132
31480 32 132
32 29094 132
29094 38674 132
38674 21038 132
21038 16101 132
16101 9947 132
9947 15070 132
15070 23378 132
23378 9395 132
9395 6168 132
6168 37130 132
37130 25524 132
25524 40459 132
40459 3553 132
3553 38804 132
38804 19370 132
19370 38985 132
38985 26013 132
26013 16900 132
16900 34978 132
34978 17561 132
17561 38610 132
38610 37402 132
37402 34882 132
34882 33107 132
33107 9945 132
9945 32348 132
23561 39844 133
39844 15681 133
15681 28987 133
28987 25644 133
25644 9899 133
9899 19809 133
19809 8393 133
8393 34694 133
34694 7634 133
7634 8378 133
8378 16916 133
16916 33047 133
33047 23149 133
23149 16141 133
16141 28146 133
28146 22830 133
22830 33101 133
33101 16941 133
16941 17148 133
17148 12946 133
12946 40926 133
40926 26646 133
26646 12749 133
12749 11569 133
11569 23297 133
23297 24238 133
24238 39041 133
39041 21948 133
21948 37871 133
37871 16193 133
16193 1673 133
1673 36054 133
36054 9223 133
9223 11602 133
11602 29708 133
29708 40192 133
40192 6035 133
6035 23248 133
23248 36381 133
36381 7292 133
36251 35432 134
35432 4435 134
4435 40908 134
40908 27436 134
27436 35997 134
35997 4124 134
4124 28429 134
28429 24552 134
24552 38339 134
38339 37099 134
37099 6951 134
6951 9956 134
9956 18662 134
18662 7418 134
7418 12715 134
12715 16207 134
16207 24267 134
24267 24734 134
24734 20883 134
20883 7850 134
7850 20553 134
20553 21047 134
21047 13137 134
13137 29826 134
29826 21726 134
21726 11653 134
11653 765 134
765 34720 134
34720 15807 134
15807 33980 134
33980 11255 134
11255 17021 134
17021 30068 134
30068 2494 134
2494 4991 134
4991 16532 134
16532 18502 134
18502 22920 134
22920 31856 134
31856 12210 134
12039 36154 135
36154 29833 135
29833 9125 135
9125 24001 135
24001 19419 135
19419 5065 135
5065 3054 135
3054 35351 135
35351 13368 135
13368 15757 135
15757 7747 135
7747 31462 135
31462 25342 135
25342 20382 135
20382 39953 135
39953 34870 135
34870 22197 135
22197 24124 135
24124 16910 135
16910 32820 135
32820 28414 135
28414 21754 135
21754 31935 135
31935 18857 135
18857 6797 135
6797 2502 135
2502 18173 135
18173 17546 135
17546 40950 135
40950 22543 135
22543 4069 135
4069 3758 135
3758 20402 135
20402 29887 135
29887 29757 135
29757 20704 135
20704 12018 135
12018 18814 135
18814 13677 135
13677 24156 135
19262 27920 136
27920 28634 136
28634 14378 136
14378 35076 136
35076 16662 136
16662 30673 136
30673 38960 136
38960 7017 136
7017 2611 136
2611 1979 136
1979 32593 136
32593 12961 136
12961 35090 136
35090 15035 136
15035 2175 136
2175 7320 136
7320 5462 136
5462 21630 136
21630 8922 136
8922 27596 136
27596 32359 136
32359 20493 136
20493 21177 136
21177 24025 136
24025 253 136
253 1305 136
1305 22242 136
22242 4902 136
4902 9943 136
9943 24936 136
24936 23961 136
23961 38082 136
38082 5328 136
5328 4854 136
4854 35431 136
35431 8749 136
8749 35111 136
35111 2843 136
2843 36178 136
36178 870 136
7596 30261 137
30261 13460 137
13460 23636 137
23636 8453 137
8453 34685 137
34685 12003 137
12003 3202 137
3202 34067 137
34067 18181 137
18181 2938 137
2938 25370 137
25370 32324 137
32324 38623 137
38623 22942 137
22942 14598 137
14598 31790 137
31790 32475 137
32475 8602 137
8602 6251 137
6251 27799 137
27799 18575 137
18575 23808 137
23808 39249 137
39249 10129 137
10129 25055 137
25055 23837 137
23837 14734 137
14734 37105 137
37105 19337 137
19337 28798 137
28798 25347 137
25347 13168 137
13168 15388 137
15388 9675 137
9675 4383 137
4383 20249 137
20249 31534 137
31534 9236 137
9236 3742 137
3742 8866 137
2500 17698 138
17698 17356 138
17356 6885 138
6885 24616 138
24616 28263 138
28263 34066 138
34066 36043 138
36043 33831 138
33831 40232 138
40232 29019 138
29019 1086 138
1086 24984 138
24984 20356 138
20356 36925 138
36925 20443 138
20443 34129 138
34129 37601 138
37601 263 138
263 38854 138
38854 24937 138
24937 33525 138
33525 13898 138
13898 31940 138
31940 26550 138
26550 29068 138
29068 23658 138
23658 30121 138
30121 24104 138
24104 28847 138
28847 33895 138
33895 5220 138
5220 35458 138
35458 38982 138
38982 29326 138
29326 13329 138
13329 23020 138
23020 29700 138
29700 32883 138
32883 30579 138
30579 6621 138
38873 19492 139
19492 10412 139
10412 6549 139
6549 33551 139
33551 11473 139
11473 12857 139
12857 3204 139
3204 10343 139
10343 855 139
855 29992 139
29992 31469 139
31469 32747 139
32747 24377 139
24377 13883 139
13883 38614 139
38614 29148 139
29148 40773 139
40773 37381 139
37381 11767 139
11767 3553 139
3553 14219 139
14219 17729 139
17729 3178 139
3178 23044 139
23044 21651 139
21651 2500 139
2500 5479 139
5479 23993 139
23993 23251 139
23251 28435 139
28435 2132 139
2132 21228 139
21228 4137 139
4137 40444 139
40444 6344 139
6344 11249 139
11249 38241 139
38241 27013 139
27013 4003 139
4003 10116 139
28145 9229 140
9229 30109 140
30109 14316 140
14316 16109 140
16109 11107 140
11107 26260 140
26260 18546 140
18546 40965 140
40965 6025 140
6025 23083 140
23083 7369 140
7369 36411 140
36411 14510 140
14510 4230 140
4230 8306 140
8306 27282 140
27282 5915 140
5915 7244 140
7244 16780 140
16780 5112 140
5112 34898 140
34898 22582 140
22582 19362 140
19362 36307 140
36307 32310 140
32310 23218 140
23218 15916 140
15916 20537 140
20537 13606 140
13606 24694 140
24694 21047 140
21047 5859 140
5859 34499 140
34499 9548 140
9548 33508 140
33508 3225 140
3225 5103 140
5103 28215 140
28215 12586 140
12586 23651 140
25772 14492 141
14492 14809 141
14809 23022 141
23022 39961 141
39961 27879 141
27879 17102 141
17102 55 141
55 4309 141
4309 11750 141
11750 19283 141
19283 17768 141
17768 24827 141
24827 15541 141
15541 22526 141
22526 21149 141
21149 23027 141
23027 16156 141
16156 11506 141
11506 939 141
939 11742 141
11742 39919 141
39919 25312 141
25312 30244 141
30244 35920 141
35920 13682 141
13682 35019 141
35019 33319 141
33319 6376 141
6376 12224 141
12224 34429 141
34429 39360 141
39360 9440 141
9440 24176 141
24176 3437 141
3437 5943 141
5943 27111 141
27111 8800 141
8800 12438 141
12438 16229 141
16229 27522 141
32378 3055 142
3055 36622 142
36622 6778 142
6778 36659 142
36659 38117 142
38117 30280 142
30280 2453 142
2453 21118 142
21118 7175 142
7175 30351 142
30351 22018 142
22018 30529 142
30529 1597 142
1597 20510 142
20510 21588 142
21588 33930 142
33930 7726 142
7726 39034 142
39034 8598 142
8598 21643 142
21643 29943 142
29943 21970 142
21970 40086 142
40086 38706 142
38706 31813 142
31813 39596 142
39596 20019 142
20019 30054 142
30054 137 142
137 6016 142
6016 2919 142
2919 30433 142
30433 14033 142
14033 32508 142
32508 31444 142
31444 28259 142
28259 9520 142
9520 40649 142
40649 515 142
515 13347 142
26507 20613 143
20613 22123 143
22123 8550 143
8550 15988 143
15988 22591 143
22591 5302 143
5302 12089 143
12089 3001 143
3001 40360 143
40360 9351 143
9351 21934 143
21934 5477 143
5477 37303 143
37303 37944 143
37944 1098 143
1098 27055 143
27055 10110 143
10110 2453 143
2453 26647 143
26647 16845 143
16845 30467 143
30467 20191 143
20191 38570 143
38570 17248 143
17248 28985 143
28985 20307 143
20307 25681 143
25681 1153 143
1153 17728 143
17728 27878 143
27878 33380 143
33380 29452 143
29452 24758 143
24758 27723 143
27723 3303 143
3303 8267 143
8267 10513 143
10513 29773 143
29773 2171 143
2171 17975 143
23918 21477 144
21477 10407 144
10407 22698 144
22698 8780 144
8780 14411 144
14411 15093 144
15093 14658 144
14658 40428 144
40428 21329 144
21329 7947 144
7947 32388 144
32388 31734 144
31734 27455 144
27455 13584 144
13584 18353 144
18353 14086 144
14086 19114 144
19114 33956 144
33956 12250 144
12250 12892 144
12892 3791 144
3791 20313 144
20313 38729 144
38729 31123 144
31123 18614 144
18614 9119 144
9119 23363 144
23363 11189 144
11189 20307 144
20307 5724 144
5724 15987 144
15987 17358 144
17358 10715 144
10715 23966 144
23966 20573 144
20573 35049 144
35049 27476 144
27476 40609 144
40609 35317 144
35317 15908 144
40237 19197 145
19197 10563 145
10563 35167 145
35167 33910 145
33910 33228 145
33228 18562 145
18562 35251 145
35251 4027 145
4027 39736 145
39736 31631 145
31631 11579 145
11579 27318 145
27318 4253 145
4253 40918 145
40918 15932 145
15932 19140 145
19140 36367 145
36367 31907 145
31907 8191 145
8191 17600 145
17600 6100 145
6100 33082 145
33082 30785 145
30785 33847 145
33847 16012 145
16012 20645 145
20645 23452 145
23452 13035 145
13035 24930 145
24930 40606 145
40606 31978 145
31978 30015 145
30015 18242 145
18242 9845 145
9845 30746 145
30746 37188 145
37188 36042 145
36042 19434 145
19434 4796 145
4796 7728 145
20536 28970 146
28970 15148 146
15148 35922 146
35922 29830 146
29830 9839 146
9839 24528 146
24528 2483 146
2483 37330 146
37330 782 146
782 32939 146
32939 34370 146
34370 28143 146
28143 26833 146
26833 16506 146
16506 6915 146
6915 3350 146
3350 32108 146
32108 3615 146
3615 17625 146
17625 3962 146
3962 19124 146
19124 32066 146
32066 1006 146
1006 25735 146
25735 36489 146
36489 30931 146
30931 16726 146
16726 24640 146
24640 35073 146
35073 27239 146
27239 40203 146
40203 2559 146
2559 27373 146
27373 33458 146
33458 34957 146
34957 39467 146
39467 8678 146
8678 17451 146
17451 30714 146
30714 34397 146
17359 18307 147
18307 26728 147
26728 30255 147
30255 9452 147
9452 24193 147
24193 5778 147
5778 8761 147
8761 29306 147
29306 25264 147
25264 13426 147
13426 273 147
273 14076 147
14076 24057 147
24057 6224 147
6224 9198 147
9198 31125 147
31125 25580 147
25580 27239 147
27239 7777 147
7777 29683 147
29683 17825 147
17825 39875 147
39875 15133 147
15133 31806 147
31806 8446 147
8446 31899 147
31899 24747 147
24747 23644 147
23644 730 147
730 16040 147
16040 27519 147
27519 22104 147
22104 16349 147
16349 14307 147
14307 37999 147
37999 13218 147
13218 35694 147
35694 21731 147
21731 32882 147
32882 29205 147
32971 30 148
30 33318 148
33318 31755 148
31755 34324 148
34324 36175 148
36175 4185 148
4185 19686 148
19686 38965 148
38965 28656 148
28656 7159 148
7159 28514 148
28514 32626 148
32626 12467 148
12467 2236 148
2236 34694 148
34694 28632 148
28632 27852 148
27852 19318 148
19318 27792 148
27792 13051 148
13051 30600 148
30600 7189 148
7189 37301 148
37301 35748 148
35748 31084 148
31084 30663 148
30663 12838 148
12838 6219 148
6219 2232 148
2232 59 148
59 12677 148
12677 39415 148
39415 29302 148
29302 1601 148
1601 21868 148
21868 14519 148
14519 540 148
540 39455 148
39455 19369 148
19369 10049 148
35290 33066 149
33066 27312 149
27312 28599 149
28599 33093 149
33093 21088 149
21088 30196 149
30196 37207 149
37207 12462 149
12462 10101 149
10101 16298 149
16298 28229 149
28229 11282 149
11282 23634 149
23634 10780 149
10780 8297 149
8297 29620 149
29620 13985 149
13985 15171 149
15171 23237 149
23237 26677 149
26677 14145 149
14145 1934 149
1934 1963 149
1963 20235 149
20235 39903 149
39903 3134 149
3134 721 149
721 27911 149
27911 38166 149
38166 35826 149
35826 17885 149
17885 36846 149
36846 26148 149
26148 14846 149
14846 21808 149
21808 8356 149
8356 21652 149
21652 21298 149
21298 7553 149
7553 17607 149
6687 16201 150
16201 39504 150
39504 16730 150
16730 18993 150
18993 6721 150
6721 39531 150
39531 3850 150
3850 19196 150
19196 14501 150
14501 8621 150
8621 36096 150
36096 40617 150
40617 14240 150
14240 11355 150
11355 35724 150
35724 25594 150
25594 36493 150
36493 12850 150
12850 31033 150
31033 13962 150
13962 15627 150
15627 10308 150
10308 18254 150
18254 40003 150
40003 5460 150
5460 39469 150
39469 22044 150
22044 36870 150
36870 38894 150
38894 17138 150
17138 15959 150
15959 5934 150
5934 13041 150
13041 27357 150
27357 19925 150
19925 27801 150
27801 16813 150
16813 3833 150
3833 14147 150
14147 3478 150
18957 17898 151
17898 39133 151
39133 13559 151
13559 21196 151
21196 13507 151
13507 17621 151
17621 38853 151
38853 8405 151
8405 12856 151
12856 19266 151
19266 27306 151
27306 34131 151
34131 88 151
88 17984 151
17984 9419 151
9419 10693 151
10693 27682 151
27682 14964 151
14964 37194 151
37194 31863 151
31863 14920 151
14920 22912 151
22912 14066 151
14066 26090 151
26090 6435 151
6435 15224 151
15224 32604 151
32604 26585 151
26585 38971 151
38971 13131 151
13131 19021 151
19021 12268 151
12268 40102 151
40102 21758 151
21758 26061 151
26061 20045 151
20045 38206 151
38206 3319 151
3319 36115 151
36115 15165 151
10875 38272 152
38272 6099 152
6099 23565 152
23565 3293 152
3293 35198 152
35198 6818 152
6818 15034 152
15034 4446 152
4446 16089 152
16089 30761 152
30761 31026 152
31026 11068 152
11068 19039 152
19039 665 152
665 6152 152
6152 33419 152
33419 16646 152
16646 10797 152
10797 21570 152
21570 31412 152
31412 22816 152
22816 1516 152
1516 15729 152
15729 14629 152
14629 18557 152
18557 25811 152
25811 29985 152
29985 12064 152
12064 2944 152
2944 34372 152
34372 36811 152
36811 33630 152
33630 2908 152
2908 6098 152
6098 5087 152
5087 12798 152
12798 19795 152
19795 25584 152
25584 9774 152
9774 16151 152
39390 8522 153
8522 13289 153
13289 9908 153
9908 30348 153
30348 26417 153
26417 19366 153
19366 5318 153
5318 28487 153
28487 29599 153
29599 28983 153
28983 20069 153
20069 13307 153
13307 7447 153
7447 35594 153
35594 7816 153
7816 28059 153
28059 7210 153
7210 24833 153
24833 24504 153
24504 20632 153
20632 14832 153
14832 31499 153
31499 15627 153
15627 31536 153
31536 35142 153
35142 40953 153
40953 35767 153
35767 27029 153
27029 7332 153
7332 4251 153
4251 12061 153
12061 13130 153
13130 22571 153
22571 5369 153
5369 16724 153
16724 22414 153
22414 32696 153
32696 25271 153
25271 35275 153
35275 24190 153
847 29190 154
29190 23281 154
23281 39642 154
39642 16381 154
16381 11477 154
11477 22978 154
22978 37903 154
37903 13423 154
13423 31705 154
31705 34681 154
34681 28617 154
28617 22005 154
22005 21319 154
21319 8247 154
8247 11562 154
11562 28576 154
28576 33692 154
33692 8183 154
8183 35583 154
35583 81 154
81 1782 154
1782 25900 154
25900 20568 154
20568 14341 154
14341 34354 154
34354 36003 154
36003 9182 154
9182 28184 154
28184 39543 154
39543 3908 154
3908 1299 154
1299 12875 154
12875 36935 154
36935 4782 154
4782 12347 154
12347 10653 154
10653 30251 154
30251 2004 154
2004 9879 154
9879 34549 154
27551 21450 155
21450 5282 155
5282 35283 155
35283 1521 155
1521 21452 155
21452 7158 155
7158 1650 155
1650 23882 155
23882 2173 155
2173 20520 155
20520 26902 155
26902 16223 155
16223 1855 155
1855 39136 155
39136 23936 155
23936 36525 155
36525 12338 155
12338 2495 155
2495 6008 155
6008 18222 155
18222 11044 155
11044 16753 155
16753 15353 155
15353 767 155
767 39059 155
39059 30728 155
30728 40043 155
40043 16965 155
16965 9050 155
9050 26456 155
26456 2679 155
2679 29296 155
29296 22591 155
22591 7341 155
7341 21091 155
21091 24580 155
24580 18116 155
18116 9957 155
9957 1778 155
1778 38991 155
21510 25518 156
25518 19972 156
19972 6766 156
6766 13278 156
13278 24343 156
24343 4834 156
4834 30089 156
30089 35287 156
35287 19799 156
19799 36973 156
36973 23966 156
23966 1091 156
1091 39184 156
39184 4996 156
4996 4722 156
4722 29693 156
29693 6142 156
6142 33225 156
33225 22459 156
22459 23611 156
23611 18160 156
18160 31871 156
31871 4375 156
4375 29519 156
29519 18645 156
18645 26626 156
26626 27885 156
27885 6575 156
6575 1836 156
1836 6870 156
6870 23434 156
23434 23779 156
23779 13438 156
13438 13551 156
13551 9534 156
9534 12227 156
12227 2403 156
2403 25609 156
25609 6558 156
6558 33883 156
28334 31608 157
31608 26474 157
26474 15409 157
15409 24648 157
24648 33333 157
33333 20804 157
20804 39055 157
39055 29621 157
29621 26746 157
26746 17076 157
17076 32836 157
32836 34288 157
34288 28092 157
28092 26179 157
26179 26340 157
26340 25816 157
25816 20304 157
20304 26033 157
26033 19950 157
19950 36910 157
36910 40035 157
40035 5978 157
5978 29159 157
29159 8110 157
8110 21488 157
21488 21278 157
21278 39246 157
39246 21211 157
21211 37705 157
37705 28809 157
28809 8593 157
8593 8488 157
8488 16993 157
16993 18707 157
18707 20144 157
20144 6893 157
6893 14981 157
14981 21336 157
21336 8876 157
8876 21040 157
15883 34166 158
34166 5671 158
5671 32427 158
32427 9408 158
9408 8725 158
8725 2348 158
2348 14030 158
14030 19615 158
19615 640 158
640 108 158
108 1483 158
1483 34074 158
34074 31034 158
31034 29074 158
29074 12705 158
12705 36792 158
36792 39379 158
39379 35950 158
35950 7401 158
7401 2803 158
2803 13781 158
13781 38042 158
38042 15134 158
15134 11468 158
11468 10177 158
10177 22794 158
22794 30454 158
30454 31691 158
31691 24691 158
24691 1718 158
1718 37231 158
37231 17729 158
17729 38930 158
38930 13817 158
13817 10630 158
10630 19479 158
19479 1606 158
1606 21844 158
21844 34370 158
34370 33783 158
15850 3487 159
3487 36354 159
36354 33890 159
33890 39601 159
39601 8668 159
8668 36045 159
36045 7909 159
7909 3319 159
3319 3349 159
3349 16528 159
16528 9117 159
9117 26795 159
26795 39833 159
39833 26546 159
26546 5311 159
5311 1630 159
1630 36500 159
36500 4081 159
4081 34800 159
34800 4794 159
4794 15801 159
15801 7524 159
7524 26496 159
26496 9668 159
9668 39603 159
39603 25293 159
25293 2621 159
2621 34677 159
34677 9464 159
9464 5167 159
5167 40556 159
40556 12890 159
12890 23396 159
23396 28864 159
28864 13089 159
13089 21547 159
21547 1622 159
1622 22600 159
22600 8645 159
8645 25532 159
10122 27191 160
27191 31711 160
31711 27763 160
27763 39716 160
39716 34291 160
34291 14150 160
14150 27008 160
27008 8667 160
8667 38116 160
38116 28645 160
28645 12457 160
12457 268 160
268 3131 160
3131 13444 160
13444 13624 160
13624 1955 160
1955 24800 160
24800 38888 160
38888 16340 160
16340 10911 160
10911 9289 160
9289 18265 160
18265 25121 160
25121 20602 160
20602 21185 160
21185 22954 160
22954 17031 160
17031 5529 160
5529 32528 160
32528 38158 160
38158 33987 160
33987 35544 160
35544 21595 160
21595 19615 160
19615 12993 160
12993 5759 160
5759 7897 160
7897 10703 160
10703 17227 160
17227 5176 160
13850 1548 161
1548 2000 161
2000 6962 161
6962 12356 161
12356 30859 161
30859 2374 161
2374 766 161
766 4876 161
4876 271 161
271 13888 161
13888 1972 161
1972 3425 161
3425 23465 161
23465 31181 161
31181 1866 161
1866 34533 161
34533 39012 161
39012 25455 161
25455 5147 161
5147 18697 161
18697 35992 161
35992 27451 161
27451 23375 161
23375 14485 161
14485 40417 161
40417 17338 161
17338 33838 161
33838 9435 161
9435 2365 161
2365 40628 161
40628 15769 161
15769 8534 161
8534 8811 161
8811 23592 161
23592 21006 161
21006 26053 161
26053 22182 161
22182 39121 161
39121 35014 161
35014 21064 161
3666 14466 162
14466 4389 162
4389 12000 162
12000 9281 162
9281 26230 162
26230 35774 162
35774 39714 162
39714 6752 162
6752 9109 162
9109 13449 162
13449 13115 162
13115 8517 162
8517 34299 162
34299 21422 162
21422 33694 162
33694 21988 162
21988 8088 162
8088 28622 162
28622 8774 162
8774 33843 162
33843 17676 162
17676 33687 162
33687 11813 162
11813 6711 162
6711 21813 162
21813 9732 162
9732 4714 162
4714 33547 162
33547 26980 162
26980 17066 162
17066 30008 162
30008 34813 162
34813 2699 162
2699 18631 162
18631 37270 162
37270 8925 162
8925 39046 162
39046 36076 162
36076 6361 162
6361 7034 162
33300 1586 163
1586 15496 163
15496 4026 163
4026 32711 163
32711 29715 163
29715 11060 163
11060 1243 163
1243 11979 163
11979 23195 163
23195 23938 163
23938 25120 163
25120 30757 163
30757 23230 163
23230 22095 163
22095 23964 163
23964 9780 163
9780 8392 163
8392 40969 163
40969 32255 163
32255 27021 163
27021 7430 163
7430 34996 163
34996 37369 163
37369 26048 163
26048 4467 163
4467 1613 163
1613 9795 163
9795 2519 163
2519 30013 163
30013 18578 163
18578 30228 163
30228 4681 163
4681 39991 163
39991 1871 163
1871 25524 163
25524 29531 163
29531 37916 163
37916 4763 163
4763 11331 163
11331 14882 163
39281 29453 164
29453 23274 164
23274 2690 164
2690 33999 164
33999 7975 164
7975 38918 164
38918 19857 164
19857 34152 164
34152 27442 164
27442 39475 164
39475 20042 164
20042 39594 164
39594 30171 164
30171 2636 164
2636 9569 164
9569 39908 164
39908 21604 164
21604 17344 164
17344 4973 164
4973 33547 164
33547 26616 164
26616 38255 164
38255 5512 164
5512 40955 164
40955 297 164
297 36472 164
36472 14529 164
14529 8509 164
8509 1943 164
1943 25470 164
25470 40966 164
40966 14277 164
14277 31365 164
31365 1537 164
1537 9611 164
9611 39749 164
39749 32266 164
32266 38969 164
38969 25952 164
25952 33217 164
16531 12613 165
12613 3175 165
3175 779 165
779 23820 165
23820 11269 165
11269 39871 165
39871 24144 165
24144 34035 165
34035 40414 165
40414 27827 165
27827 2100 165
2100 6064 165
6064 38804 165
38804 31882 165
31882 35472 165
35472 23814 165
23814 33459 165
33459 32458 165
32458 37339 165
37339 31295 165
31295 6618 165
6618 40605 165
40605 7671 165
7671 7047 165
7047 30660 165
30660 38675 165
38675 384 165
384 39537 165
39537 2301 165
2301 40912 165
40912 13584 165
13584 24574 165
24574 32945 165
32945 34308 165
34308 26170 165
26170 24783 165
24783 32412 165
32412 10167 165
10167 3437 165
3437 13929 165
30625 20602 166
20602 29913 166
29913 31461 166
31461 4575 166
4575 13856 166
13856 12695 166
12695 39439 166
39439 24298 166
24298 17716 166
17716 33819 166
33819 27340 166
27340 21997 166
21997 20730 166
20730 9315 166
9315 30699 166
30699 15277 166
15277 32655 166
32655 26520 166
26520 40401 166
40401 22902 166
22902 38421 166
38421 29420 166
29420 31889 166
31889 37480 166
37480 22841 166
22841 4921 166
4921 14774 166
14774 22052 166
22052 25005 166
25005 24831 166
24831 8744 166
8744 10097 166
10097 17089 166
17089 2546 166
2546 6782 166
6782 34124 166
34124 39418 166
39418 38739 166
38739 37020 166
37020 20724 166
26175 5334 167
5334 15060 167
15060 14483 167
14483 18762 167
18762 11992 167
11992 23190 167
23190 7645 167
7645 13507 167
13507 35255 167
35255 27212 167
27212 39686 167
39686 39526 167
39526 39680 167
39680 14692 167
14692 12488 167
12488 11624 167
11624 27317 167
27317 17740 167
17740 29504 167
29504 28600 167
28600 6380 167
6380 1793 167
1793 16527 167
16527 856 167
856 38078 167
38078 26952 167
26952 22243 167
22243 9251 167
9251 10021 167
10021 30822 167
30822 30242 167
30242 29 167
29 27801 167
27801 14885 167
14885 39116 167
39116 28072 167
28072 31268 167
31268 39524 167
39524 30404 167
30404 3032 167
26831 13772 168
13772 7371 168
7371 2236 168
2236 39594 168
39594 38314 168
38314 194 168
194 32115 168
32115 36842 168
36842 29145 168
29145 20987 168
20987 17962 168
17962 30796 168
30796 35548 168
35548 30272 168
30272 9245 168
9245 22404 168
22404 5448 168
5448 26545 168
26545 23139 168
23139 6807 168
6807 40282 168
40282 36429 168
36429 32862 168
32862 6519 168
6519 39465 168
39465 4244 168
4244 38350 168
38350 10524 168
10524 29183 168
29183 21825 168
21825 28085 168
28085 23172 168
23172 24257 168
24257 1924 168
1924 26129 168
26129 15137 168
15137 36155 168
36155 35106 168
35106 1238 168
1238 3060 168
17731 16672 169
16672 14714 169
14714 2579 169
2579 615 169
615 9905 169
9905 37155 169
37155 35002 169
35002 37490 169
37490 5969 169
5969 32842 169
32842 26826 169
26826 254 169
254 39319 169
39319 16689 169
16689 20539 169
20539 2418 169
2418 24134 169
24134 28288 169
28288 1067 169
1067 38764 169
38764 37142 169
37142 2175 169
2175 34928 169
34928 1114 169
1114 12285 169
12285 2524 169
2524 31575 169
31575 12540 169
12540 31749 169
31749 17233 169
17233 14197 169
14197 25502 169
25502 28258 169
28258 32270 169
32270 2350 169
2350 22389 169
22389 3655 169
3655 13650 169
13650 26775 169
26775 20466 169
37480 10996 170
10996 3113 170
3113 12645 170
12645 2362 170
2362 19824 170
19824 31357 170
31357 7525 170
7525 34901 170
34901 31285 170
31285 8550 170
8550 12937 170
12937 13381 170
13381 9478 170
9478 25719 170
25719 34000 170
34000 1023 170
1023 1026 170
1026 23303 170
23303 23113 170
23113 4298 170
4298 34261 170
34261 14979 170
14979 25957 170
25957 4323 170
4323 30095 170
30095 22045 170
22045 34277 170
34277 14091 170
14091 12438 170
12438 3305 170
3305 32472 170
32472 17189 170
17189 29046 170
29046 34764 170
34764 40690 170
40690 16364 170
16364 2220 170
2220 15105 170
15105 9712 170
9712 10432 170
1425 21162 171
21162 34743 171
34743 32448 171
32448 8238 171
8238 12794 171
12794 19561 171
19561 14342 171
14342 15513 171
15513 33613 171
33613 32456 171
32456 10273 171
10273 18335 171
18335 1086 171
1086 12867 171
12867 40095 171
40095 24477 171
24477 2819 171
2819 38483 171
38483 20044 171
20044 30884 171
30884 17682 171
17682 29132 171
29132 29779 171
29779 31652 171
31652 1930 171
1930 25494 171
25494 12103 171
12103 19619 171
19619 23068 171
23068 2008 171
2008 30187 171
30187 33046 171
33046 6836 171
6836 33052 171
33052 18573 171
18573 30520 171
30520 4936 171
4936 9504 171
9504 26723 171
26723 30732 171
30700 9010 172
9010 16937 172
16937 19367 172
19367 1516 172
1516 3036 172
3036 6928 172
6928 25896 172
25896 5373 172
5373 31267 172
31267 16179 172
16179 3400 172
3400 38929 172
38929 25958 172
25958 38297 172
38297 40166 172
40166 26400 172
26400 31375 172
31375 26317 172
26317 31428 172
31428 9966 172
9966 13006 172
13006 40649 172
40649 32046 172
32046 33318 172
33318 27134 172
27134 6705 172
6705 6821 172
6821 32950 172
32950 17307 172
17307 1869 172
1869 15031 172
15031 5704 172
5704 23146 172
23146 14145 172
14145 37393 172
37393 9341 172
9341 21961 172
21961 20866 172
20866 31736 172
31736 20741 172
25716 25061 173
25061 979 173
979 32683 173
32683 10209 173
10209 8420 173
8420 9071 173
9071 31778 173
31778 25761 173
25761 14093 173
14093 13844 173
13844 13751 173
13751 24113 173
24113 33977 173
33977 27112 173
27112 27011 173
27011 29402 173
29402 37305 173
37305 9549 173
9549 17432 173
17432 7657 173
7657 39789 173
39789 21315 173
21315 7399 173
7399 12660 173
12660 30802 173
30802 16898 173
16898 11562 173
11562 31425 173
31425 20840 173
20840 34434 173
34434 38535 173
38535 2352 173
2352 4528 173
4528 477 173
477 18321 173
18321 9851 173
9851 2629 173
2629 24096 173
24096 1883 173
1883 26064 173
16098 39925 174
39925 5082 174
5082 21572 174
21572 35773 174
35773 12142 174
12142 11363 174
11363 5455 174
5455 31114 174
31114 4287 174
4287 8676 174
8676 8199 174
8199 23347 174
23347 36832 174
36832 13863 174
13863 6886 174
6886 9108 174
9108 25519 174
25519 19067 174
19067 6902 174
6902 30967 174
30967 744 174
744 26948 174
26948 22333 174
22333 39207 174
39207 19669 174
19669 25563 174
25563 25045 174
25045 39519 174
39519 8930 174
8930 18760 174
18760 4050 174
4050 25448 174
25448 32261 174
32261 25190 174
25190 1848 174
1848 7958 174
7958 11313 174
11313 37155 174
37155 25239 174
25239 15068 174
35447 15025 175
15025 6926 175
6926 6786 175
6786 39026 175
39026 13400 175
13400 26153 175
26153 10806 175
10806 1206 175
1206 22254 175
22254 7339 175
7339 22599 175
22599 17052 175
17052 35678 175
35678 31044 175
31044 28344 175
28344 7959 175
7959 21172 175
21172 15276 175
15276 7380 175
7380 36392 175
36392 11652 175
11652 32281 175
32281 38796 175
38796 11707 175
11707 11883 175
11883 7287 175
7287 30767 175
30767 28318 175
28318 12741 175
12741 14343 175
14343 29486 175
29486 10994 175
10994 25817 175
25817 17425 175
17425 38523 175
38523 12710 175
12710 34568 175
34568 6178 175
6178 36203 175
36203 37268 175
24301 14993 176
14993 20150 176
20150 2653 176
2653 8066 176
8066 9455 176
9455 13122 176
13122 15179 176
15179 30554 176
30554 6582 176
6582 6384 176
6384 1339 176
1339 14255 176
14255 24401 176
24401 12174 176
12174 30448 176
30448 10778 176
10778 32186 176
32186 34852 176
34852 33439 176
33439 26966 176
26966 7871 176
7871 33635 176
33635 30052 176
30052 26527 176
26527 23191 176
23191 29805 176
29805 5204 176
5204 37930 176
37930 23048 176
23048 4472 176
4472 23586 176
23586 18431 176
18431 8853 176
8853 12092 176
12092 15471 176
15471 4695 176
4695 4000 176
4000 40373 176
40373 15553 176
15553 11441 176
21844 16824 177
16824 19875 177
19875 9100 177
9100 5677 177
5677 9519 177
9519 9269 177
9269 29712 177
29712 29942 177
29942 38316 177
38316 10255 177
10255 32509 177
32509 5170 177
5170 963 177
963 30414 177
30414 9985 177
9985 14739 177
14739 39264 177
39264 18946 177
18946 13398 177
13398 17283 177
17283 14810 177
14810 20912 177
20912 9237 177
9237 3170 177
3170 36820 177
36820 8152 177
8152 34464 177
34464 3297 177
3297 2988 177
2988 25287 177
25287 20880 177
20880 30081 177
30081 6418 177
6418 29657 177
29657 8381 177
8381 27256 177
27256 1274 177
1274 25823 177
25823 13405 177
13405 21979 177
6714 4833 178
4833 40032 178
40032 11829 178
11829 33445 178
33445 13101 178
13101 30802 178
30802 8522 178
8522 23498 178
23498 31362 178
31362 9535 178
9535 31453 178
31453 1341 178
1341 3538 178
3538 39149 178
39149 14023 178
14023 30166 178
30166 40951 178
40951 25076 178
25076 5375 178
5375 11486 178
11486 13702 178
13702 2684 178
2684 11409 178
11409 22326 178
22326 2005 178
2005 9555 178
9555 32552 178
32552 27437 178
27437 23296 178
23296 15723 178
15723 8551 178
8551 10820 178
10820 28924 178
28924 36185 178
36185 36837 178
36837 23117 178
23117 3841 178
3841 35634 178
35634 25034 178
25034 13464 178
11999 28909 179
28909 24879 179
24879 11748 179
11748 30645 179
30645 687 179
687 24905 179
24905 16648 179
16648 35494 179
35494 27765 179
27765 25883 179
25883 40906 179
40906 3877 179
3877 40481 179
40481 25567 179
25567 29810 179
29810 23087 179
23087 13448 179
13448 8685 179
8685 15697 179
15697 22240 179
22240 3813 179
3813 41000 179
41000 18836 179
18836 39305 179
39305 20483 179
20483 18071 179
18071 11520 179
11520 21387 179
21387 14798 179
14798 15580 179
15580 12223 179
12223 26536 179
26536 30281 179
30281 8815 179
8815 26382 179
26382 11696 179
11696 33559 179
33559 4158 179
4158 21403 179
21403 9105 179
33696 31450 180
31450 934 180
934 36348 180
36348 40524 180
40524 28434 180
28434 38004 180
38004 27615 180
27615 26626 180
26626 16939 180
16939 23043 180
23043 22128 180
22128 11279 180
11279 12695 180
12695 20154 180
20154 1227 180
1227 13181 180
13181 35987 180
35987 36839 180
36839 28341 180
28341 2490 180
2490 26973 180
26973 9622 180
9622 18019 180
18019 4564 180
4564 35008 180
35008 8964 180
8964 17255 180
17255 39717 180
39717 37612 180
37612 28890 180
28890 691 180
691 31975 180
31975 17274 180
17274 2899 180
2899 11026 180
11026 12460 180
12460 39159 180
39159 23300 180
23300 13306 180
13306 11579 180
35027 25463 181
25463 4290 181
4290 3772 181
3772 36150 181
36150 1631 181
1631 26103 181
26103 16557 181
16557 11907 181
11907 9363 181
9363 13994 181
13994 24214 181
24214 5440 181
5440 7786 181
7786 5056 181
5056 13993 181
13993 30592 181
30592 37158 181
37158 26094 181
26094 23576 181
23576 8624 181
8624 32152 181
32152 31586 181
31586 37117 181
37117 25853 181
25853 34799 181
34799 26586 181
26586 40691 181
40691 32667 181
32667 38757 181
38757 35287 181
35287 13102 181
13102 1018 181
1018 9973 181
9973 7057 181
7057 29257 181
29257 11627 181
11627 30301 181
30301 18083 181
18083 14576 181
14576 19382 181
2013 38006 182
38006 13521 182
13521 5019 182
5019 35169 182
35169 7708 182
7708 10986 182
10986 10532 182
10532 35873 182
35873 26550 182
26550 6610 182
6610 442 182
442 22695 182
22695 33747 182
33747 8292 182
8292 22914 182
22914 9865 182
9865 15655 182
15655 20237 182
20237 11557 182
11557 17530 182
17530 8722 182
8722 73 182
73 10164 182
10164 28372 182
28372 5573 182
5573 31184 182
31184 8493 182
8493 25592 182
25592 31049 182
31049 28738 182
28738 36622 182
36622 15810 182
15810 21716 182
21716 24364 182
24364 35253 182
35253 5208 182
5208 25338 182
25338 7172 182
7172 25478 182
25478 28174 182
28102 36857 183
36857 27486 183
27486 27500 183
27500 29945 183
29945 37672 183
37672 8612 183
8612 10133 183
10133 32423 183
32423 19695 183
19695 19290 183
19290 2854 183
2854 24848 183
24848 10004 183
10004 33997 183
33997 25476 183
25476 27277 183
27277 21051 183
21051 31502 183
31502 5383 183
5383 5458 183
5458 26036 183
26036 25457 183
25457 5565 183
5565 13638 183
13638 37181 183
37181 8526 183
8526 25711 183
25711 17243 183
17243 696 183
696 14891 183
14891 28920 183
28920 15497 183
15497 23008 183
23008 37619 183
37619 9707 183
9707 22892 183
22892 21139 183
21139 11679 183
11679 7484 183
7484 26716 183
22302 23188 184
23188 20412 184
20412 27031 184
27031 39964 184
39964 22811 184
22811 34177 184
34177 40792 184
40792 33548 184
33548 34280 184
34280 31790 184
31790 26877 184
26877 25309 184
25309 14208 184
14208 27740 184
27740 28480 184
28480 15671 184
15671 10081 184
10081 19249 184
19249 40122 184
40122 9228 184
9228 22010 184
22010 13771 184
13771 1088 184
1088 23200 184
23200 9869 184
9869 36561 184
36561 40350 184
40350 27053 184
27053 24440 184
24440 7000 184
7000 10142 184
10142 20199 184
20199 21868 184
21868 553 184
553 12493 184
12493 5364 184
5364 19470 184
19470 25060 184
25060 14897 184
14897 35102 184
17572 1928 185
1928 38923 185
38923 39797 185
39797 15891 185
15891 18486 185
18486 29506 185
29506 13174 185
13174 37067 185
37067 438 185
438 20520 185
20520 22185 185
22185 24355 185
24355 11248 185
11248 17528 185
17528 35024 185
35024 14459 185
14459 40616 185
40616 4088 185
4088 27738 185
27738 14631 185
14631 32202 185
32202 30849 185
30849 26102 185
26102 33928 185
33928 6362 185
6362 31619 185
31619 9837 185
9837 28867 185
28867 40555 185
40555 21122 185
21122 5181 185
5181 13394 185
13394 10240 185
10240 24234 185
24234 19160 185
19160 1266 185
1266 22597 185
22597 3655 185
3655 21818 185
21818 2452 185
25048 17993 186
17993 38776 186
38776 8334 186
8334 31203 186
31203 32919 186
32919 10909 186
10909 24125 186
24125 30317 186
30317 12587 186
12587 27058 186
27058 7494 186
7494 7804 186
7804 14117 186
14117 37937 186
37937 10896 186
10896 39245 186
39245 22082 186
22082 19447 186
19447 38634 186
38634 34562 186
34562 22154 186
22154 28958 186
28958 17306 186
17306 13604 186
13604 39172 186
39172 30758 186
30758 35547 186
35547 24306 186
24306 35515 186
35515 31920 186
31920 32512 186
32512 32764 186
32764 13117 186
13117 10797 186
10797 276 186
276 9362 186
9362 3634 186
3634 30360 186
30360 37417 186
37417 21932 186
13872 12376 187
12376 12558 187
12558 17767 187
17767 39881 187
39881 3431 187
3431 17991 187
17991 28808 187
28808 8686 187
8686 4900 187
4900 11801 187
11801 2504 187
2504 37146 187
37146 10645 187
10645 24278 187
24278 20724 187
20724 1232 187
1232 9663 187
9663 19869 187
19869 13002 187
13002 6551 187
6551 31534 187
31534 13375 187
13375 29385 187
29385 27030 187
27030 20375 187
20375 19863 187
19863 33757 187
33757 4734 187
4734 29186 187
29186 5237 187
5237 801 187
801 32323 187
32323 33199 187
33199 10084 187
10084 27931 187
27931 35002 187
35002 26907 187
26907 6749 187
6749 4804 187
4804 8801 187
6585 6046 188
6046 38739 188
38739 17452 188
17452 12823 188
12823 37334 188
37334 17215 188
17215 28758 188
28758 15531 188
15531 921 188
921 10884 188
10884 2286 188
2286 40201 188
40201 1130 188
1130 31369 188
31369 14845 188
14845 20112 188
20112 29883 188
29883 5051 188
5051 30459 188
30459 8638 188
8638 12322 188
12322 11729 188
11729 21443 188
21443 33191 188
33191 8327 188
8327 5424 188
5424 34773 188
34773 3569 188
3569 13654 188
13654 32621 188
32621 34039 188
34039 4094 188
4094 25268 188
25268 33363 188
33363 11406 188
11406 20765 188
20765 23449 188
23449 1682 188
1682 27123 188
27123 36392 188
37411 22858 189
22858 37044 189
37044 34156 189
34156 32599 189
32599 3266 189
3266 20642 189
20642 16270 189
16270 28293 189
28293 300 189
300 13803 189
13803 3931 189
3931 33414 189
33414 10453 189
10453 24582 189
24582 13594 189
13594 2727 189
2727 35349 189
35349 5102 189
5102 15902 189
15902 8434 189
8434 35639 189
35639 7142 189
7142 11945 189
11945 1348 189
1348 16693 189
16693 25670 189
25670 18364 189
18364 9815 189
9815 6952 189
6952 34027 189
34027 39680 189
39680 11405 189
11405 414 189
414 7957 189
7957 28408 189
28408 8393 189
8393 38845 189
38845 38407 189
38407 18030 189
18030 19607 189
12000 16408 190
16408 3265 190
3265 21265 190
21265 12218 190
12218 36349 190
36349 15561 190
15561 14345 190
14345 29222 190
29222 13011 190
13011 23469 190
23469 9775 190
9775 36718 190
36718 5364 190
5364 23893 190
23893 11706 190
11706 11546 190
11546 19992 190
19992 25060 190
25060 18690 190
18690 15933 190
15933 16857 190
16857 2820 190
2820 30300 190
30300 38648 190
38648 12170 190
12170 10872 190
10872 25455 190
25455 8477 190
8477 15803 190
15803 27095 190
27095 31993 190
31993 37798 190
37798 22790 190
22790 36932 190
36932 10991 190
10991 6150 190
6150 25404 190
25404 37100 190
37100 10802 190
10802 28154 190
26690 38174 191
38174 4019 191
4019 26455 191
26455 6651 191
6651 39940 191
39940 27223 191
27223 25590 191
25590 3150 191
3150 7252 191
7252 4442 191
4442 34444 191
34444 33399 191
33399 7736 191
7736 30146 191
30146 6151 191
6151 32295 191
32295 25336 191
25336 17234 191
17234 27087 191
27087 11992 191
11992 14168 191
14168 14067 191
14067 32072 191
32072 30597 191
30597 32383 191
32383 10538 191
10538 29870 191
29870 12707 191
12707 38730 191
38730 21379 191
21379 4742 191
4742 12036 191
12036 10919 191
10919 16453 191
16453 10168 191
10168 23306 191
23306 21757 191
21757 33983 191
33983 32863 191
32863 1320 191
34693 26066 192
26066 30082 192
30082 11758 192
11758 13398 192
13398 9942 192
9942 25435 192
25435 1170 192
1170 3239 192
3239 35165 192
35165 17950 192
17950 9126 192
9126 40417 192
40417 28602 192
28602 22661 192
22661 1668 192
1668 9517 192
9517 39658 192
39658 4466 192
4466 30992 192
30992 21155 192
21155 27110 192
27110 34116 192
34116 19258 192
19258 26933 192
26933 4798 192
4798 35176 192
35176 35938 192
35938 19430 192
19430 32211 192
32211 4151 192
4151 35670 192
35670 31960 192
31960 16768 192
16768 18754 192
18754 16357 192
16357 12746 192
12746 33487 192
33487 23100 192
23100 33170 192
33170 18386 192
22483 17911 193
17911 20661 193
20661 7087 193
7087 33538 193
33538 39582 193
39582 6308 193
6308 21835 193
21835 3916 193
3916 27958 193
27958 35006 193
35006 40849 193
40849 21140 193
21140 5829 193
5829 11966 193
11966 7735 193
7735 40119 193
40119 1141 193
1141 31337 193
31337 36475 193
36475 16988 193
16988 16265 193
16265 5838 193
5838 3060 193
3060 27104 193
27104 30397 193
30397 37940 193
37940 11689 193
11689 4161 193
4161 38797 193
38797 12138 193
12138 25111 193
25111 24405 193
24405 13402 193
13402 29195 193
29195 34879 193
34879 25656 193
25656 16933 193
16933 933 193
933 30066 193
30066 22246 193
40178 561 194
561 21464 194
21464 27387 194
27387 3785 194
3785 35712 194
35712 5167 194
5167 31348 194
31348 8658 194
8658 17156 194
17156 37293 194
37293 31510 194
31510 28493 194
28493 24574 194
24574 26867 194
26867 16910 194
16910 18908 194
18908 2931 194
2931 28437 194
28437 36732 194
36732 40419 194
40419 14152 194
14152 444 194
444 19850 194
19850 22079 194
22079 6119 194
6119 30386 194
30386 23538 194
23538 5868 194
5868 23291 194
23291 5847 194
5847 29063 194
29063 17802 194
17802 3435 194
3435 899 194
899 2478 194
2478 5779 194
5779 35468 194
35468 7577 194
7577 701 194
701 18401 194
16263 9368 195
9368 37638 195
37638 2161 195
2161 12384 195
12384 22999 195
22999 36614 195
36614 35639 195
35639 23942 195
23942 17380 195
17380 5348 195
5348 25136 195
25136 22833 195
22833 2649 195
2649 26999 195
26999 12304 195
12304 23784 195
23784 27211 195
27211 21234 195
21234 16846 195
16846 37412 195
37412 28042 195
28042 1800 195
1800 3658 195
3658 29127 195
29127 30159 195
30159 8971 195
8971 8812 195
8812 15199 195
15199 11418 195
11418 34926 195
34926 26903 195
26903 2444 195
2444 1201 195
1201 693 195
693 19430 195
19430 5752 195
5752 33374 195
33374 34573 195
34573 24011 195
24011 28056 195
14376 4704 196
4704 3778 196
3778 11841 196
11841 31311 196
31311 24863 196
24863 6515 196
6515 29552 196
29552 18886 196
18886 11204 196
11204 5993 196
5993 27633 196
27633 30510 196
30510 5472 196
5472 28889 196
28889 27543 196
27543 31346 196
31346 39338 196
39338 25280 196
25280 34724 196
34724 27333 196
27333 9910 196
9910 9246 196
9246 13320 196
13320 12074 196
12074 10578 196
10578 9466 196
9466 5389 196
5389 34521 196
34521 18493 196
18493 10951 196
10951 19252 196
19252 24526 196
24526 18538 196
18538 17120 196
17120 11373 196
11373 36680 196
36680 10900 196
10900 23809 196
23809 37106 196
37106 39289 196
29721 32651 197
32651 35067 197
35067 33594 197
33594 17338 197
17338 28617 197
28617 28777 197
28777 27712 197
27712 3703 197
3703 834 197
834 33638 197
33638 27953 197
27953 2540 197
2540 2781 197
2781 19553 197
19553 16828 197
16828 37771 197
37771 40458 197
40458 38407 197
38407 36730 197
36730 38924 197
38924 17689 197
17689 7553 197
7553 21070 197
21070 12472 197
12472 11762 197
11762 34213 197
34213 21261 197
21261 27025 197
27025 15713 197
15713 40661 197
40661 36977 197
36977 21504 197
21504 12031 197
12031 34889 197
34889 40234 197
40234 34460 197
34460 20957 197
20957 35724 197
35724 7883 197
7883 30283 197
1228 39039 198
39039 7462 198
7462 24146 198
24146 21712 198
21712 2741 198
2741 11650 198
11650 21632 198
21632 20212 198
20212 39552 198
39552 10683 198
10683 26708 198
26708 40873 198
40873 16747 198
16747 27718 198
27718 39119 198
39119 21865 198
21865 35182 198
35182 34482 198
34482 17426 198
17426 6849 198
6849 9197 198
9197 31805 198
31805 10925 198
10925 23951 198
23951 38889 198
38889 2793 198
2793 34791 198
34791 1071 198
1071 19713 198
19713 20657 198
20657 23755 198
23755 32379 198
32379 27528 198
27528 4191 198
4191 7670 198
7670 37949 198
37949 540 198
540 10594 198
10594 37621 198
37621 24984 198
8656 21122 199
21122 18893 199
18893 40968 199
40968 34535 199
34535 16527 199
16527 2655 199
2655 22939 199
22939 39021 199
39021 459 199
459 7300 199
7300 15736 199
15736 22245 199
22245 26450 199
26450 32652 199
32652 32810 199
32810 13633 199
13633 16583 199
16583 1602 199
1602 12290 199
12290 4696 199
4696 16946 199
16946 39964 199
39964 40405 199
40405 5301 199
5301 15068 199
15068 25707 199
25707 35568 199
35568 29782 199
29782 13566 199
13566 23498 199
23498 28165 199
28165 11031 199
11031 11937 199
11937 24053 199
24053 4046 199
4046 28824 199
28824 36678 199
36678 38816 199
38816 22835 199
22835 38878 199
32719 5849 200
5849 2014 200
2014 12607 200
12607 29268 200
29268 1033 200
1033 32112 200
32112 23410 200
23410 2340 200
2340 2306 200
2306 22381 200
22381 4299 200
4299 2916 200
2916 8509 200
8509 39127 200
39127 5095 200
5095 40124 200
40124 20054 200
20054 30917 200
30917 24852 200
24852 22029 200
22029 35167 200
35167 2953 200
2953 21873 200
21873 13938 200
13938 38385 200
38385 29202 200
29202 29577 200
29577 771 200
771 20173 200
20173 30495 200
30495 37739 200
37739 12826 200
12826 6261 200
6261 29561 200
29561 35313 200
35313 4626 200
4626 16350 200
16350 1425 200
1425 37470 200
37470 10383 200
19423 10083 201
10083 35714 201
35714 29471 201
29471 9784 201
9784 20786 201
20786 29262 201
29262 12596 201
12596 28442 201
28442 10938 201
10938 25213 201
25213 15950 201
15950 24786 201
24786 37326 201
37326 19183 201
19183 39896 201
39896 2077 201
2077 5809 201
5809 18152 201
18152 5392 201
5392 4091 201
4091 27867 201
27867 10676 201
10676 7035 201
7035 35821 201
35821 30127 201
30127 15106 201
15106 21693 201
21693 1296 201
1296 40844 201
40844 2986 201
2986 30176 201
30176 37512 201
37512 16100 201
16100 21531 201
21531 25300 201
25300 7210 201
7210 32134 201
32134 11996 201
11996 27341 201
27341 17769 201
29268 32242 202
32242 32093 202
32093 32370 202
32370 21806 202
21806 14617 202
14617 40297 202
40297 9052 202
9052 19153 202
19153 20392 202
20392 29023 202
29023 1182 202
1182 37756 202
37756 1899 202
1899 853 202
853 21122 202
21122 14786 202
14786 24253 202
24253 10952 202
10952 24056 202
24056 694 202
694 2190 202
2190 5632 202
5632 2227 202
2227 12466 202
12466 5984 202
5984 14083 202
14083 4926 202
4926 26758 202
26758 35588 202
35588 8085 202
8085 24793 202
24793 29842 202
29842 34770 202
34770 9035 202
9035 33854 202
33854 8799 202
8799 16429 202
16429 14778 202
14778 13398 202
13398 6979 202
1400 20492 203
20492 16621 203
16621 7941 203
7941 1720 203
1720 17318 203
17318 10320 203
10320 39721 203
39721 8858 203
8858 7930 203
7930 12552 203
12552 28214 203
28214 13011 203
13011 6755 203
6755 2021 203
2021 17165 203
17165 31783 203
31783 29708 203
29708 16483 203
16483 33093 203
33093 29258 203
29258 26571 203
26571 3070 203
3070 20329 203
20329 38492 203
38492 3141 203
3141 29130 203
29130 33333 203
33333 37996 203
37996 17817 203
17817 24515 203
24515 15814 203
15814 28157 203
28157 34521 203
34521 31231 203
31231 2862 203
2862 32754 203
32754 24811 203
24811 26706 203
26706 18227 203
18227 20153 203
3699 23267 204
23267 31980 204
31980 5492 204
5492 24544 204
24544 39148 204
39148 18937 204
18937 12788 204
12788 21039 204
21039 12182 204
12182 29779 204
29779 770 204
770 10038 204
10038 15189 204
15189 11410 204
11410 19352 204
19352 13010 204
13010 8935 204
8935 25216 204
25216 32659 204
32659 36455 204
36455 39725 204
39725 21864 204
21864 18218 204
18218 25618 204
25618 22781 204
22781 26267 204
26267 37094 204
37094 38754 204
38754 3541 204
3541 8031 204
8031 37708 204
37708 28707 204
28707 18588 204
18588 30438 204
30438 23002 204
23002 35641 204
35641 18170 204
18170 17822 204
17822 3745 204
3745 34564 204
35206 32507 205
32507 22737 205
22737 17581 205
17581 40593 205
40593 8984 205
8984 26980 205
26980 35372 205
35372 40888 205
40888 25596 205
25596 29885 205
29885 34058 205
34058 28700 205
28700 1039 205
1039 38796 205
38796 22306 205
22306 26291 205
26291 30990 205
30990 12851 205
12851 2843 205
2843 28272 205
28272 6329 205
6329 32211 205
32211 23978 205
23978 27563 205
27563 20270 205
20270 7186 205
7186 5023 205
5023 22380 205
22380 38646 205
38646 34769 205
34769 38575 205
38575 34314 205
34314 21221 205
21221 29358 205
29358 19721 205
19721 2582 205
2582 24779 205
24779 12565 205
12565 1791 205
1791 38234 205
21269 32920 206
32920 17533 206
17533 22983 206
22983 1790 206
1790 40027 206
40027 16013 206
16013 33192 206
33192 10635 206
10635 28555 206
28555 40370 206
40370 2916 206
2916 18825 206
18825 33882 206
33882 18486 206
18486 5315 206
5315 34498 206
34498 21033 206
21033 30200 206
30200 18044 206
18044 6426 206
6426 15871 206
15871 14454 206
14454 1877 206
1877 19411 206
19411 23136 206
23136 37354 206
37354 29492 206
29492 7405 206
7405 634 206
634 17225 206
17225 34044 206
34044 9976 206
9976 9051 206
9051 3625 206
3625 8905 206
8905 16694 206
16694 39909 206
39909 35917 206
35917 9124 206
9124 19609 206
15753 18525 207
18525 10999 207
10999 36969 207
36969 14482 207
14482 17560 207
17560 7402 207
7402 24576 207
24576 25931 207
25931 21091 207
21091 22601 207
22601 6356 207
6356 25240 207
25240 40741 207
40741 31195 207
31195 19450 207
19450 18334 207
18334 33220 207
33220 12670 207
12670 23853 207
23853 1635 207
1635 3718 207
3718 18187 207
18187 1011 207
1011 40655 207
40655 36027 207
36027 36778 207
36778 30810 207
30810 29114 207
29114 21986 207
21986 11741 207
11741 30419 207
30419 27086 207
27086 7273 207
7273 9691 207
9691 3992 207
3992 7340 207
7340 1215 207
1215 23096 207
23096 39677 207
39677 5711 207
9151 28939 208
28939 13094 208
13094 36437 208
36437 29691 208
29691 22737 208
22737 37462 208
37462 20506 208
20506 32563 208
32563 12814 208
12814 10008 208
10008 10786 208
10786 5153 208
5153 23225 208
23225 11519 208
11519 9262 208
9262 27830 208
27830 29786 208
29786 26984 208
26984 29658 208
29658 21518 208
21518 40745 208
40745 29243 208
29243 9110 208
9110 32414 208
32414 35629 208
35629 25585 208
25585 28451 208
28451 22037 208
22037 36866 208
36866 1031 208
1031 1492 208
1492 3639 208
3639 28737 208
28737 2630 208
2630 4984 208
4984 22855 208
22855 12729 208
12729 38761 208
38761 21114 208
21114 5487 208
5031 22001 209
22001 37993 209
37993 26353 209
26353 5750 209
5750 3410 209
3410 26320 209
26320 23150 209
23150 23086 209
23086 2170 209
2170 30370 209
30370 15193 209
15193 30445 209
30445 11412 209
11412 4776 209
4776 36824 209
36824 36048 209
36048 1519 209
1519 25925 209
25925 20170 209
20170 21316 209
21316 10122 209
10122 31225 209
31225 20211 209
20211 28176 209
28176 916 209
916 26439 209
26439 864 209
864 27569 209
27569 14367 209
14367 16444 209
16444 1104 209
1104 36352 209
36352 28602 209
28602 1651 209
1651 10572 209
10572 38517 209
38517 30332 209
30332 6884 209
6884 27886 209
27886 38674 209
10905 6910 210
6910 40667 210
40667 18083 210
18083 26540 210
26540 2245 210
2245 31065 210
31065 35695 210
35695 10009 210
10009 1208 210
1208 34073 210
34073 22912 210
22912 40535 210
40535 28124 210
28124 31618 210
31618 16229 210
16229 17344 210
17344 35165 210
35165 8615 210
8615 34354 210
34354 24807 210
24807 37035 210
37035 18120 210
18120 19273 210
19273 1241 210
1241 35056 210
35056 11472 210
11472 29579 210
29579 26861 210
26861 30287 210
30287 39440 210
39440 11979 210
11979 35769 210
35769 34433 210
34433 11903 210
11903 36804 210
36804 38031 210
38031 5375 210
5375 32983 210
32983 17451 210
17451 32905 210
36314 24708 211
24708 24337 211
24337 9456 211
9456 40886 211
40886 2286 211
2286 8108 211
8108 15504 211
15504 125 211
125 9985 211
9985 16580 211
16580 24519 211
24519 22669 211
22669 25311 211
25311 19896 211
19896 22270 211
22270 27329 211
27329 16360 211
16360 12608 211
12608 7796 211
7796 8106 211
8106 2001 211
2001 31525 211
31525 1287 211
1287 33904 211
33904 19552 211
19552 39062 211
39062 28755 211
28755 19000 211
19000 17969 211
17969 8967 211
8967 36254 211
36254 9592 211
9592 29306 211
29306 38473 211
38473 10282 211
10282 38417 211
38417 23669 211
23669 17571 211
17571 21405 211
21405 4760 211
40142 13103 212
13103 3076 212
3076 37824 212
37824 159 212
159 1760 212
1760 1595 212
1595 487 212
487 13749 212
13749 12324 212
12324 6734 212
6734 32582 212
32582 14311 212
14311 794 212
794 13644 212
13644 11281 212
11281 21833 212
21833 40683 212
40683 14169 212
14169 13416 212
13416 10142 212
10142 22812 212
22812 2748 212
2748 5099 212
5099 25412 212
25412 6519 212
6519 37246 212
37246 227 212
227 36619 212
36619 25712 212
25712 39779 212
39779 35475 212
35475 30489 212
30489 5320 212
5320 33130 212
33130 29328 212
29328 2479 212
2479 14438 212
14438 13383 212
13383 30937 212
30937 18330 212
35491 30579 213
30579 33291 213
33291 24791 213
24791 15294 213
15294 11332 213
11332 33801 213
33801 32442 213
32442 24824 213
24824 9075 213
9075 10587 213
10587 12714 213
12714 31786 213
31786 872 213
872 2954 213
2954 28740 213
28740 618 213
618 3339 213
3339 11209 213
11209 1398 213
1398 25414 213
25414 28191 213
28191 34862 213
34862 32469 213
32469 20642 213
20642 23395 213
23395 9015 213
9015 17787 213
17787 17539 213
17539 35813 213
35813 5614 213
5614 38930 213
38930 730 213
730 12663 213
12663 40217 213
40217 15291 213
15291 33283 213
33283 37653 213
37653 12025 213
12025 527 213
527 24198 213
10623 805 214
805 796 214
796 10026 214
10026 30534 214
30534 3149 214
3149 29844 214
29844 23548 214
23548 19681 214
19681 11235 214
11235 29786 214
29786 33060 214
33060 8223 214
8223 26081 214
26081 24677 214
24677 7124 214
7124 20539 214
20539 10948 214
10948 22660 214
22660 25993 214
25993 11303 214
11303 8830 214
8830 18649 214
18649 6840 214
6840 4772 214
4772 27640 214
27640 21974 214
21974 7478 214
7478 2794 214
2794 8023 214
8023 18217 214
18217 37378 214
37378 24370 214
24370 25339 214
25339 39178 214
39178 19722 214
19722 33412 214
33412 10921 214
10921 12159 214
12159 26662 214
26662 4925 214
27746 16260 215
16260 27245 215
27245 5225 215
5225 25640 215
25640 11041 215
11041 6879 215
6879 6408 215
6408 26916 215
26916 21405 215
21405 32578 215
32578 13352 215
13352 25464 215
25464 2784 215
2784 7572 215
7572 2227 215
2227 35463 215
35463 35493 215
35493 40478 215
40478 5270 215
5270 21976 215
21976 14552 215
14552 14852 215
14852 12530 215
12530 13050 215
13050 24739 215
24739 22119 215
22119 15918 215
15918 10413 215
10413 14496 215
14496 21021 215
21021 5210 215
5210 38785 215
38785 1975 215
1975 5777 215
5777 24421 215
24421 22474 215
22474 7249 215
7249 880 215
880 10275 215
10275 36724 215
40590 13141 216
13141 39624 216
39624 31663 216
31663 1096 216
1096 23797 216
23797 25429 216
25429 6351 216
6351 16774 216
16774 8672 216
8672 23519 216
23519 26053 216
26053 18291 216
18291 40363 216
40363 18971 216
18971 19777 216
19777 3118 216
3118 20893 216
20893 15512 216
15512 33167 216
33167 33350 216
33350 28883 216
28883 36435 216
36435 39536 216
39536 35752 216
35752 3418 216
3418 35253 216
35253 29842 216
29842 40536 216
40536 30279 216
30279 15503 216
15503 4179 216
4179 36558 216
36558 19614 216
19614 38337 216
38337 4202 216
4202 9557 216
9557 22485 216
22485 18846 216
18846 20025 216
20025 31304 216
40190 31808 217
31808 39160 217
39160 38124 217
38124 35091 217
35091 8272 217
8272 8894 217
8894 27726 217
27726 37579 217
37579 10377 217
10377 37069 217
37069 20149 217
20149 2646 217
2646 7354 217
7354 37757 217
37757 7582 217
7582 20795 217
20795 34265 217
34265 16632 217
16632 30476 217
30476 14887 217
14887 18713 217
18713 33453 217
33453 18194 217
18194 28089 217
28089 32611 217
32611 29883 217
29883 6214 217
6214 16490 217
16490 18243 217
18243 9049 217
9049 24549 217
24549 26738 217
26738 40249 217
40249 13805 217
13805 19502 217
19502 18337 217
18337 39482 217
39482 38052 217
38052 23939 217
23939 10933 217
13977 32698 218
32698 6105 218
6105 15181 218
15181 33431 218
33431 16468 218
16468 26667 218
26667 31614 218
31614 6623 218
6623 23203 218
23203 6113 218
6113 30655 218
30655 30746 218
30746 22363 218
22363 26206 218
26206 5516 218
5516 14091 218
14091 29070 218
29070 4598 218
4598 9705 218
9705 9452 218
9452 7048 218
7048 33634 218
33634 38526 218
38526 8327 218
8327 5706 218
5706 27684 218
27684 27394 218
27394 5784 218
5784 17239 218
17239 19199 218
19199 37901 218
37901 37716 218
37716 30705 218
30705 15821 218
15821 38504 218
38504 11597 218
11597 35594 218
35594 17617 218
17617 14854 218
14854 36974 218
13494 23591 219
23591 34024 219
34024 22923 219
22923 29763 219
29763 9522 219
9522 10784 219
10784 20166 219
20166 24802 219
24802 10489 219
10489 27998 219
27998 33156 219
33156 31594 219
31594 36777 219
36777 1915 219
1915 14494 219
14494 14371 219
14371 29270 219
29270 439 219
439 17971 219
17971 15555 219
15555 16779 219
16779 13762 219
13762 2329 219
2329 33962 219
33962 2575 219
2575 14330 219
14330 35024 219
35024 33754 219
33754 9614 219
9614 21909 219
21909 39600 219
39600 10818 219
10818 4941 219
4941 20448 219
20448 29564 219
29564 39705 219
39705 23087 219
23087 17349 219
17349 40747 219
40747 22386 219
22295 36498 220
36498 14521 220
14521 18172 220
18172 36914 220
36914 30925 220
30925 28822 220
28822 272 220
272 23621 220
23621 5288 220
5288 23385 220
23385 11993 220
11993 26377 220
26377 39409 220
39409 26561 220
26561 37922 220
37922 26655 220
26655 27414 220
27414 25690 220
25690 35570 220
35570 14822 220
14822 40092 220
40092 1737 220
1737 3318 220
3318 6920 220
6920 6135 220
6135 4833 220
4833 8016 220
8016 32280 220
32280 29927 220
29927 1476 220
1476 29040 220
29040 23285 220
23285 144 220
144 39691 220
39691 665 220
665 15629 220
15629 9111 220
9111 32176 220
32176 20998 220
20998 38779 220
36031 12662 221
12662 5222 221
5222 9871 221
9871 6330 221
6330 30136 221
30136 18140 221
18140 20306 221
20306 40449 221
40449 28816 221
28816 33455 221
33455 30002 221
30002 15105 221
15105 28815 221
28815 32181 221
32181 32766 221
32766 10289 221
10289 22149 221
22149 35679 221
35679 37159 221
37159 2008 221
2008 825 221
825 6251 221
6251 8591 221
8591 10606 221
10606 31744 221
31744 3457 221
3457 4443 221
4443 680 221
680 31187 221
31187 22898 221
22898 3017 221
3017 20173 221
20173 21653 221
21653 21838 221
21838 20493 221
20493 11804 221
11804 27734 221
27734 1920 221
1920 39511 221
39511 18114 221
28674 31102 222
31102 24145 222
24145 3253 222
3253 36888 222
36888 20086 222
20086 30319 222
30319 26987 222
26987 2940 222
2940 12680 222
12680 18216 222
18216 20757 222
20757 16383 222
16383 17900 222
17900 5247 222
5247 34473 222
34473 2495 222
2495 29402 222
29402 29430 222
29430 21381 222
21381 3426 222
3426 20513 222
20513 8058 222
8058 25877 222
25877 8757 222
8757 35777 222
35777 1291 222
1291 40663 222
40663 5927 222
5927 20861 222
20861 31662 222
31662 25700 222
25700 10877 222
10877 31409 222
31409 26758 222
26758 12287 222
12287 24942 222
24942 16047 222
16047 18572 222
18572 27344 222
27344 23208 222
34254 31708 223
31708 28790 223
28790 33795 223
33795 34627 223
34627 38879 223
38879 23543 223
23543 21456 223
21456 39443 223
39443 23503 223
23503 34173 223
34173 21722 223
21722 23601 223
23601 27971 223
27971 8156 223
8156 26480 223
26480 7915 223
7915 30782 223
30782 4360 223
4360 39381 223
39381 22205 223
22205 38874 223
38874 37014 223
37014 32436 223
32436 11535 223
11535 1290 223
1290 17291 223
17291 6519 223
6519 26410 223
26410 29431 223
29431 198 223
198 10269 223
10269 31831 223
31831 24509 223
24509 18329 223
18329 17767 223
17767 542 223
542 5075 223
5075 26585 223
26585 21189 223
21189 12852 223
39033 23841 224
23841 1732 224
1732 6250 224
6250 18030 224
18030 22330 224
22330 19685 224
19685 32590 224
32590 29119 224
29119 34335 224
34335 26876 224
26876 19337 224
19337 13748 224
13748 24451 224
24451 31188 224
31188 35352 224
35352 32042 224
32042 29856 224
29856 25348 224
25348 592 224
592 22128 224
22128 30766 224
30766 11796 224
11796 9670 224
9670 141 224
141 22521 224
22521 27763 224
27763 29205 224
29205 30515 224
30515 14656 224
14656 11387 224
11387 26801 224
26801 38142 224
38142 16406 224
16406 31634 224
31634 25251 224
25251 30056 224
30056 710 224
710 15028 224
15028 8621 224
8621 1331 224
36009 30997 225
30997 14683 225
14683 16514 225
16514 32173 225
32173 10035 225
10035 36112 225
36112 7463 225
7463 33672 225
33672 26201 225
26201 21714 225
21714 588 225
588 33713 225
33713 14782 225
14782 10557 225
10557 7324 225
7324 6436 225
6436 33016 225
33016 20170 225
20170 34086 225
34086 2960 225
2960 4825 225
4825 19486 225
19486 8390 225
8390 22809 225
22809 31448 225
31448 34124 225
34124 19078 225
19078 20511 225
20511 9602 225
9602 9494 225
9494 20514 225
20514 39214 225
39214 13952 225
13952 11141 225
11141 5762 225
5762 3641 225
3641 14243 225
14243 4747 225
4747 2019 225
2019 22023 225
39790 36905 226
36905 7427 226
7427 25553 226
25553 10659 226
10659 490 226
490 39546 226
39546 5394 226
5394 12661 226
12661 20178 226
20178 8394 226
8394 25813 226
25813 31319 226
31319 9453 226
9453 35383 226
35383 38407 226
38407 17400 226
17400 12768 226
12768 23195 226
23195 34395 226
34395 40466 226
40466 14790 226
14790 24086 226
24086 9594 226
9594 8883 226
8883 15405 226
15405 25289 226
25289 6772 226
6772 15941 226
15941 12413 226
12413 19020 226
19020 2076 226
2076 6425 226
6425 30556 226
30556 23397 226
23397 39710 226
39710 25900 226
25900 25343 226
25343 25127 226
25127 39315 226
39315 26388 226
24961 4541 227
4541 23826 227
23826 17710 227
17710 18676 227
18676 18075 227
18075 12825 227
12825 24009 227
24009 24191 227
24191 10630 227
10630 9248 227
9248 29248 227
29248 13706 227
13706 489 227
489 31039 227
31039 22145 227
22145 30445 227
30445 39813 227
39813 22152 227
22152 28319 227
28319 32039 227
32039 24685 227
24685 38496 227
38496 13450 227
13450 16088 227
16088 38586 227
38586 39868 227
39868 34633 227
34633 15648 227
15648 1045 227
1045 17289 227
17289 12094 227
12094 35021 227
35021 13828 227
13828 31851 227
31851 28120 227
28120 34541 227
34541 20766 227
20766 15745 227
15745 13110 227
13110 26334 227
17607 1284 228
1284 34798 228
34798 33706 228
33706 9256 228
9256 12706 228
12706 39113 228
39113 11768 228
11768 28263 228
28263 12572 228
12572 27729 228
27729 15233 228
15233 36446 228
36446 26728 228
26728 23634 228
23634 35478 228
35478 28082 228
28082 20332 228
20332 27090 228
27090 13106 228
13106 14396 228
14396 12979 228
12979 20481 228
20481 38217 228
38217 36315 228
36315 2957 228
2957 29090 228
29090 1630 228
1630 3435 228
3435 12692 228
12692 8526 228
8526 734 228
734 1013 228
1013 15793 228
15793 31749 228
31749 30769 228
30769 18929 228
18929 15368 228
15368 11724 228
11724 25353 228
25353 23429 228
6406 32359 229
32359 38243 229
38243 40351 229
40351 27141 229
27141 33296 229
33296 33467 229
33467 4047 229
4047 32983 229
32983 2958 229
2958 14407 229
14407 9718 229
9718 19978 229
19978 19851 229
19851 33541 229
33541 13249 229
13249 26949 229
26949 7934 229
7934 3939 229
3939 17649 229
17649 14443 229
14443 39363 229
39363 8794 229
8794 10729 229
10729 22501 229
22501 32287 229
32287 39214 229
39214 17198 229
17198 31563 229
31563 18587 229
18587 7457 229
7457 28848 229
28848 8298 229
8298 19693 229
19693 32479 229
32479 15095 229
15095 2798 229
2798 24028 229
24028 9825 229
9825 31467 229
31467 35646 229
25327 22548 230
22548 16059 230
16059 26579 230
26579 20587 230
20587 6427 230
6427 18770 230
18770 8599 230
8599 34376 230
34376 6955 230
6955 25644 230
25644 3064 230
3064 40396 230
40396 15715 230
15715 22339 230
22339 9779 230
9779 36993 230
36993 38613 230
38613 25664 230
25664 32396 230
32396 22976 230
22976 1931 230
1931 29779 230
29779 40592 230
40592 30199 230
30199 16452 230
16452 31542 230
31542 38651 230
38651 24263 230
24263 40605 230
40605 3003 230
3003 14723 230
14723 33909 230
33909 2135 230
2135 27769 230
27769 14521 230
14521 20948 230
20948 27045 230
27045 26994 230
26994 33336 230
33336 13264 230
37719 7986 231
7986 24157 231
24157 36932 231
36932 10059 231
10059 10716 231
10716 9059 231
9059 25096 231
25096 5258 231
5258 9028 231
9028 40485 231
40485 28386 231
28386 15990 231
15990 35080 231
35080 33189 231
33189 14656 231
14656 18933 231
18933 15389 231
15389 23659 231
23659 3479 231
3479 12801 231
12801 15588 231
15588 39082 231
39082 20432 231
20432 17106 231
17106 9040 231
9040 33018 231
33018 40981 231
40981 28562 231
28562 22551 231
22551 26474 231
26474 40418 231
40418 30900 231
30900 20914 231
20914 125 231
125 14331 231
14331 40756 231
40756 28103 231
28103 34052 231
34052 37486 231
37486 8415 231
30499 18086 232
18086 15526 232
15526 13659 232
13659 4374 232
4374 31859 232
31859 25237 232
25237 18531 232
18531 2717 232
2717 20058 232
20058 34950 232
34950 8771 232
8771 5689 232
5689 1813 232
1813 34409 232
34409 21010 232
21010 27115 232
27115 3016 232
3016 677 232
677 5420 232
5420 11704 232
11704 38558 232
38558 23898 232
23898 11150 232
11150 10642 232
10642 4934 232
4934 5130 232
5130 29948 232
29948 21727 232
21727 4948 232
4948 742 232
742 7450 232
7450 20856 232
20856 9369 232
9369 19998 232
19998 27621 232
27621 12045 232
12045 18073 232
18073 8379 232
8379 36147 232
36147 312 232
13995 1983 233
1983 25137 233
25137 3568 233
3568 18945 233
18945 5603 233
5603 28212 233
28212 25501 233
25501 1432 233
1432 33679 233
33679 25972 233
25972 39911 233
39911 37580 233
37580 16245 233
16245 14436 233
14436 20684 233
20684 28851 233
28851 19229 233
19229 20435 233
20435 4442 233
4442 18827 233
18827 9974 233
9974 9488 233
9488 24531 233
24531 9377 233
9377 3027 233
3027 5387 233
5387 36512 233
36512 2026 233
2026 20624 233
20624 21582 233
21582 10000 233
10000 27980 233
27980 7619 233
7619 35301 233
35301 9593 233
9593 25389 233
25389 37545 233
37545 28149 233
28149 2311 233
2311 33848 233
32883 28937 234
28937 27916 234
27916 28364 234
28364 31451 234
31451 26256 234
26256 26002 234
26002 6085 234
6085 29300 234
29300 16586 234
16586 25044 234
25044 20592 234
20592 16890 234
16890 36448 234
36448 36269 234
36269 15073 234
15073 8603 234
8603 28653 234
28653 37650 234
37650 10652 234
10652 17330 234
17330 32228 234
32228 22036 234
22036 24984 234
24984 33636 234
33636 17795 234
17795 35675 234
35675 12296 234
12296 9201 234
9201 24176 234
24176 37896 234
37896 31696 234
31696 18375 234
18375 33426 234
33426 15034 234
15034 16243 234
16243 32669 234
32669 23945 234
23945 19417 234
19417 38598 234
38598 18282 234
32302 21700 235
21700 27207 235
27207 3273 235
3273 30611 235
30611 10494 235
10494 26512 235
26512 29352 235
29352 28084 235
28084 1408 235
1408 19504 235
19504 19740 235
19740 8197 235
8197 4733 235
4733 37297 235
37297 18773 235
18773 3731 235
3731 355 235
355 31548 235
31548 29372 235
29372 26944 235
26944 12363 235
12363 21600 235
21600 2820 235
2820 7232 235
7232 21403 235
21403 5171 235
5171 28923 235
28923 15591 235
15591 10597 235
10597 37173 235
37173 7537 235
7537 20817 235
20817 4111 235
4111 21532 235
21532 12268 235
12268 32691 235
32691 2629 235
2629 2661 235
2661 10882 235
10882 1014 235
19594 18169 236
18169 40272 236
40272 12467 236
12467 23848 236
23848 26654 236
26654 32923 236
32923 26616 236
26616 33155 236
33155 22377 236
22377 33195 236
33195 10071 236
10071 23764 236
23764 16865 236
16865 19359 236
19359 1065 236
1065 12437 236
12437 25493 236
25493 35983 236
35983 17165 236
17165 189 236
189 26472 236
26472 14877 236
14877 23710 236
23710 17070 236
17070 32774 236
32774 36377 236
36377 3515 236
3515 10593 236
10593 19038 236
19038 31967 236
31967 33966 236
33966 19068 236
19068 8364 236
8364 24819 236
24819 7956 236
7956 19323 236
19323 26667 236
26667 12364 236
12364 22515 236
22515 37676 236
38564 18115 237
18115 9577 237
9577 1771 237
1771 28995 237
28995 62 237
62 32492 237
32492 7787 237
7787 27079 237
27079 13800 237
13800 5995 237
5995 16289 237
16289 20836 237
20836 6291 237
6291 20165 237
20165 33041 237
33041 13827 237
13827 35248 237
35248 37525 237
37525 39386 237
39386 20235 237
20235 39703 237
39703 2595 237
2595 8717 237
8717 35214 237
35214 37396 237
37396 37734 237
37734 29775 237
29775 39299 237
39299 30158 237
30158 37243 237
37243 24412 237
24412 33856 237
33856 24046 237
24046 3483 237
3483 22334 237
22334 3560 237
3560 9633 237
9633 34225 237
34225 18037 237
18037 39069 237
34157 11407 238
11407 795 238
795 4395 238
4395 9226 238
9226 35341 238
35341 28564 238
28564 27660 238
27660 14956 238
14956 22292 238
22292 36859 238
36859 32154 238
32154 30489 238
30489 14413 238
14413 1196 238
1196 32981 238
32981 38386 238
38386 196 238
196 24515 238
24515 428 238
428 20879 238
20879 9921 238
9921 7688 238
7688 36443 238
36443 4531 238
4531 33020 238
33020 38790 238
38790 33089 238
33089 29474 238
29474 38468 238
38468 2440 238
2440 19234 238
19234 12884 238
12884 40160 238
40160 2728 238
2728 12517 238
12517 7754 238
7754 34949 238
34949 30296 238
30296 20283 238
20283 5905 238
669 2294 239
2294 4760 239
4760 19481 239
19481 19008 239
19008 7760 239
7760 39444 239
39444 39921 239
39921 33749 239
33749 3579 239
3579 465 239
465 14246 239
14246 31752 239
31752 13423 239
13423 18156 239
18156 23833 239
23833 23297 239
23297 3028 239
3028 24218 239
24218 31050 239
31050 24528 239
24528 32866 239
32866 3440 239
3440 24767 239
24767 301 239
301 3314 239
3314 17252 239
17252 18666 239
18666 4750 239
4750 7450 239
7450 25570 239
25570 30128 239
30128 22294 239
22294 21955 239
21955 28940 239
28940 20232 239
20232 5820 239
5820 2012 239
2012 8472 239
8472 29381 239
29381 6930 239
24362 28323 240
28323 4736 240
4736 23412 240
23412 40614 240
40614 4767 240
4767 14761 240
14761 19192 240
19192 27499 240
27499 19621 240
19621 13314 240
13314 15668 240
15668 4492 240
4492 34282 240
34282 12211 240
12211 36136 240
36136 1353 240
1353 27619 240
27619 260 240
260 18655 240
18655 22835 240
22835 4858 240
4858 14719 240
14719 33596 240
33596 10160 240
10160 3023 240
3023 11854 240
11854 435 240
435 8926 240
8926 17377 240
17377 22131 240
22131 30254 240
30254 27644 240
27644 21791 240
21791 10201 240
10201 40688 240
40688 34368 240
34368 34309 240
34309 4636 240
4636 9190 240
9190 26980 240
31193 689 241
689 27700 241
27700 25862 241
25862 31485 241
31485 25914 241
25914 7810 241
7810 32579 241
32579 20648 241
20648 34830 241
34830 35924 241
35924 35987 241
35987 13964 241
13964 34488 241
34488 9115 241
9115 23754 241
23754 30262 241
30262 20121 241
20121 16686 241
16686 29961 241
29961 11717 241
11717 9481 241
9481 8637 241
8637 38134 241
38134 3162 241
3162 38211 241
38211 21022 241
21022 12 241
12 32573 241
32573 31771 241
31771 6044 241
6044 23921 241
23921 33260 241
33260 30919 241
30919 20468 241
20468 37216 241
37216 23520 241
23520 34585 241
34585 27971 241
27971 6105 241
6105 14202 241
25196 5597 242
5597 16398 242
16398 21545 242
21545 36834 242
36834 11805 242
11805 9535 242
9535 26818 242
26818 37040 242
37040 36690 242
36690 5605 242
5605 40755 242
40755 39485 242
39485 2627 242
2627 38615 242
38615 14414 242
14414 21561 242
21561 38158 242
38158 26304 242
26304 24934 242
24934 33288 242
33288 24623 242
24623 29985 242
29985 19108 242
19108 9031 242
9031 23952 242
23952 18374 242
18374 29220 242
29220 13691 242
13691 16222 242
16222 1448 242
1448 12709 242
12709 28448 242
28448 6813 242
6813 20074 242
20074 13769 242
13769 8587 242
8587 16422 242
16422 13820 242
13820 1520 242
1520 35447 242
3395 24690 243
24690 13015 243
13015 10160 243
10160 11416 243
11416 4031 243
4031 15757 243
15757 6811 243
6811 18792 243
18792 21990 243
21990 1413 243
1413 22222 243
22222 23933 243
23933 14238 243
14238 40342 243
40342 27913 243
27913 14416 243
14416 34790 243
34790 13442 243
13442 39507 243
39507 24673 243
24673 37417 243
37417 19958 243
19958 1101 243
1101 10128 243
10128 28943 243
28943 34329 243
34329 8823 243
8823 4470 243
4470 15343 243
15343 26046 243
26046 35171 243
35171 24416 243
24416 111 243
111 34495 243
34495 35617 243
35617 2954 243
2954 25679 243
25679 5240 243
5240 409 243
409 35866 243
37419 39662 244
39662 21184 244
21184 31219 244
31219 389 244
389 25678 244
25678 1488 244
1488 30061 244
30061 3163 244
3163 28970 244
28970 11157 244
11157 11494 244
11494 2344 244
2344 33367 244
33367 204 244
204 34973 244
34973 17330 244
17330 31742 244
31742 19539 244
19539 7351 244
7351 22502 244
22502 22996 244
22996 22737 244
22737 26992 244
26992 6479 244
6479 33003 244
33003 8941 244
8941 6731 244
6731 40151 244
40151 14965 244
14965 7438 244
7438 16279 244
16279 5544 244
5544 5766 244
5766 15046 244
15046 33933 244
33933 17205 244
17205 37710 244
37710 6043 244
6043 21018 244
21018 37632 244
8089 30703 245
30703 23703 245
23703 545 245
545 2864 245
2864 19051 245
19051 26029 245
26029 36340 245
36340 16732 245
16732 32265 245
32265 31218 245
31218 40560 245
40560 28267 245
28267 6419 245
6419 29182 245
29182 10248 245
10248 2354 245
2354 9107 245
9107 12286 245
12286 25767 245
25767 14794 245
14794 20306 245
20306 6767 245
6767 8249 245
8249 29772 245
29772 2738 245
2738 9310 245
9310 5552 245
5552 13666 245
13666 10307 245
10307 10319 245
10319 8954 245
8954 28891 245
28891 11536 245
11536 14802 245
14802 4214 245
4214 1359 245
1359 226 245
226 12760 245
12760 1727 245
1727 24077 245
23136 916 246
916 4090 246
4090 28143 246
28143 14234 246
14234 26624 246
26624 26648 246
26648 30066 246
30066 13258 246
13258 7681 246
7681 22622 246
22622 37143 246
37143 33491 246
33491 10864 246
10864 28398 246
28398 27020 246
27020 5442 246
5442 5225 246
5225 40925 246
40925 28593 246
28593 4769 246
4769 13475 246
13475 10143 246
10143 15582 246
15582 7554 246
7554 31646 246
31646 11739 246
11739 35497 246
35497 29349 246
29349 5659 246
5659 29963 246
29963 40313 246
40313 32857 246
32857 29171 246
29171 30461 246
30461 25680 246
25680 3742 246
3742 19357 246
19357 31830 246
31830 33578 246
33578 5023 246
27384 22146 247
22146 30914 247
30914 28787 247
28787 9109 247
9109 36115 247
36115 20986 247
20986 33670 247
33670 2270 247
2270 26431 247
26431 13642 247
13642 32180 247
32180 34763 247
34763 886 247
886 39902 247
39902 36136 247
36136 5386 247
5386 26946 247
26946 25272 247
25272 24442 247
24442 22104 247
22104 3727 247
3727 19879 247
19879 22930 247
22930 36984 247
36984 12927 247
12927 2178 247
2178 582 247
582 40230 247
40230 2817 247
2817 31376 247
31376 4131 247
4131 12074 247
12074 5363 247
5363 27709 247
27709 33926 247
33926 25842 247
25842 5043 247
5043 109 247
109 32838 247
32838 33331 247
22117 32735 248
32735 22338 248
22338 6295 248
6295 39356 248
39356 39087 248
39087 30524 248
30524 6472 248
6472 29377 248
29377 8285 248
8285 38001 248
38001 40514 248
40514 33417 248
33417 27826 248
27826 24719 248
24719 16912 248
16912 20706 248
20706 9023 248
9023 28364 248
28364 25585 248
25585 17282 248
17282 23191 248
23191 8649 248
8649 32368 248
32368 13501 248
13501 39486 248
39486 603 248
603 40949 248
40949 107 248
107 628 248
628 2402 248
2402 25353 248
25353 20465 248
20465 33811 248
33811 6907 248
6907 39338 248
39338 20028 248
20028 35631 248
35631 15328 248
15328 8453 248
8453 11200 248
19835 37239 249
37239 13650 249
13650 12272 249
12272 17763 249
17763 10820 249
10820 19700 249
19700 3831 249
3831 15793 249
15793 29551 249
29551 14044 249
14044 11331 249
11331 3710 249
3710 32893 249
32893 23832 249
23832 37469 249
37469 10032 249
10032 29324 249
29324 22453 249
22453 21239 249
21239 11461 249
11461 13411 249
13411 157 249
157 23189 249
23189 32461 249
32461 3302 249
3302 27489 249
27489 32211 249
32211 32531 249
32531 19817 249
19817 20695 249
20695 27754 249
27754 1836 249
1836 5018 249
5018 4984 249
4984 11294 249
11294 9443 249
9443 4564 249
4564 18883 249
18883 9048 249
9048 8416 249
28222 30501 250
30501 24246 250
24246 8231 250
8231 35239 250
35239 120 250
120 29778 250
29778 8322 250
8322 28385 250
28385 36164 250
36164 11969 250
11969 18150 250
18150 19148 250
19148 14857 250
14857 27542 250
27542 4251 250
4251 26892 250
26892 13333 250
13333 3423 250
3423 20978 250
20978 26384 250
26384 29136 250
29136 412 250
412 34813 250
34813 22755 250
22755 18661 250
18661 13184 250
13184 18660 250
18660 23106 250
23106 32253 250
32253 8797 250
8797 39936 250
39936 33229 250
33229 34710 250
34710 32174 250
32174 13524 250
13524 18074 250
18074 15694 250
15694 38785 250
38785 32151 250
32151 8999 250
70 26859 251
26859 14654 251
14654 10420 251
10420 7956 251
7956 23168 251
23168 14750 251
14750 9780 251
9780 37999 251
37999 31028 251
31028 35274 251
35274 8137 251
8137 35851 251
35851 3749 251
3749 14393 251
14393 11345 251
11345 3338 251
3338 26815 251
26815 36321 251
36321 28380 251
28380 8284 251
8284 25862 251
25862 29033 251
29033 39544 251
39544 26473 251
26473 31961 251
31961 8640 251
8640 27912 251
27912 31347 251
31347 30298 251
30298 27066 251
27066 21773 251
21773 3021 251
3021 14536 251
14536 22631 251
22631 22595 251
22595 10799 251
10799 26464 251
26464 6434 251
6434 29850 251
29850 17979 251
7642 31852 252
31852 37780 252
37780 39963 252
39963 8009 252
8009 29459 252
29459 26575 252
26575 29727 252
29727 2961 252
2961 26999 252
26999 36470 252
36470 39529 252
39529 27536 252
27536 38135 252
38135 16524 252
16524 32915 252
32915 31386 252
31386 20835 252
20835 38865 252
38865 34205 252
34205 37587 252
37587 22217 252
22217 38883 252
38883 30355 252
30355 15698 252
15698 38593 252
38593 39247 252
39247 735 252
735 38199 252
38199 965 252
965 21497 252
21497 6069 252
6069 11875 252
11875 21523 252
21523 36832 252
36832 18012 252
18012 17353 252
17353 17622 252
17622 2711 252
2711 8979 252
8979 13840 252
1502 14833 253
14833 7990 253
7990 33267 253
33267 16036 253
16036 7181 253
7181 30123 253
30123 36236 253
36236 15177 253
15177 13437 253
13437 5217 253
5217 12702 253
12702 13418 253
13418 20861 253
20861 21371 253
21371 40097 253
40097 40509 253
40509 28516 253
28516 30564 253
30564 35294 253
35294 37232 253
37232 39036 253
39036 20376 253
20376 24529 253
24529 5617 253
5617 11292 253
11292 33568 253
33568 27067 253
27067 36559 253
36559 844 253
844 40091 253
40091 13761 253
13761 13116 253
13116 1040 253
1040 37206 253
37206 10644 253
10644 5549 253
5549 27680 253
27680 12189 253
12189 35204 253
35204 842 253
9340 34788 254
34788 23081 254
23081 16002 254
16002 13553 254
13553 342 254
342 2351 254
2351 34840 254
34840 25293 254
25293 18586 254
18586 32779 254
32779 31057 254
31057 31806 254
31806 25020 254
25020 32655 254
32655 1366 254
1366 195 254
195 880 254
880 1776 254
1776 8015 254
8015 29398 254
29398 12231 254
12231 11218 254
11218 4820 254
4820 21661 254
21661 14858 254
14858 22078 254
22078 39707 254
39707 40527 254
40527 17539 254
17539 4367 254
4367 10375 254
10375 33389 254
33389 34959 254
34959 26635 254
26635 9219 254
9219 34973 254
34973 33954 254
33954 4021 254
4021 30057 254
30057 1478 254
26562 377 255
377 23745 255
23745 32796 255
32796 34947 255
34947 40277 255
40277 2346 255
2346 2819 255
2819 12771 255
12771 29643 255
29643 32149 255
32149 5758 255
5758 25881 255
25881 1083 255
1083 28332 255
28332 4985 255
4985 6650 255
6650 30259 255
30259 4989 255
4989 7120 255
7120 8997 255
8997 7845 255
7845 20382 255
20382 24095 255
24095 34686 255
34686 16477 255
16477 5996 255
5996 10088 255
10088 30315 255
30315 16170 255
16170 935 255
935 11311 255
11311 23288 255
23288 37737 255
37737 31204 255
31204 13224 255
13224 1672 255
1672 26145 255
26145 36052 255
36052 26198 255
26198 20672 255
6408 14674 256
14674 23555 256
23555 18859 256
18859 29586 256
29586 11230 256
11230 22624 256
22624 39147 256
39147 21639 256
21639 37430 256
37430 29370 256
29370 1924 256
1924 39005 256
39005 7552 256
7552 31130 256
31130 16823 256
16823 7415 256
7415 30916 256
30916 21719 256
21719 28708 256
28708 620 256
620 1208 256
1208 32011 256
32011 7918 256
7918 27842 256
27842 4198 256
4198 33428 256
33428 36272 256
36272 5485 256
5485 17705 256
17705 26147 256
26147 5396 256
5396 27984 256
27984 27688 256
27688 22042 256
22042 27379 256
27379 4553 256
4553 28135 256
28135 27225 256
27225 30832 256
30832 32771 256
12601 20192 257
20192 20787 257
20787 14962 257
14962 18413 257
18413 10619 257
10619 14690 257
14690 38713 257
38713 5638 257
5638 13340 257
13340 40409 257
40409 4450 257
4450 29313 257
29313 40392 257
40392 29220 257
29220 8803 257
8803 36237 257
36237 13433 257
13433 9119 257
9119 21908 257
21908 7618 257
7618 6450 257
6450 15638 257
15638 14676 257
14676 17132 257
17132 33974 257
33974 38954 257
38954 10632 257
10632 21020 257
21020 14475 257
14475 40000 257
40000 17162 257
17162 34946 257
34946 37064 257
37064 14697 257
14697 5567 257
5567 7068 257
7068 2567 257
2567 33714 257
33714 17900 257
17900 16112 257
5866 23840 258
23840 29492 258
29492 12956 258
12956 28362 258
28362 7991 258
7991 39662 258
39662 20062 258
20062 17996 258
17996 24112 258
24112 35846 258
35846 13047 258
13047 31968 258
31968 20166 258
20166 28046 258
28046 31732 258
31732 29888 258
29888 12359 258
12359 29635 258
29635 12687 258
12687 37623 258
37623 25633 258
25633 22752 258
22752 37093 258
37093 20733 258
20733 26890 258
26890 8729 258
8729 3303 258
3303 37548 258
37548 6206 258
6206 25864 258
25864 9288 258
9288 20354 258
20354 26939 258
26939 27472 258
27472 39033 258
39033 14154 258
14154 17525 258
17525 13229 258
13229 33476 258
33476 33825 258
34329 15420 259
15420 9642 259
9642 37531 259
37531 30318 259
30318 32327 259
32327 20465 259
20465 21456 259
21456 18662 259
18662 7543 259
7543 32747 259
32747 27320 259
27320 23808 259
23808 13797 259
13797 31205 259
31205 27217 259
27217 18608 259
18608 31788 259
31788 1830 259
1830 12795 259
12795 4921 259
4921 5586 259
5586 24202 259
24202 18854 259
18854 19024 259
19024 26767 259
26767 20316 259
20316 38995 259
38995 17517 259
17517 10235 259
10235 40195 259
40195 5777 259
5777 37060 259
37060 29901 259
29901 13846 259
13846 27888 259
27888 29611 259
29611 8816 259
8816 21775 259
21775 7634 259
7634 30148 259
26956 22155 260
22155 22409 260
22409 6150 260
6150 30840 260
30840 7624 260
7624 33602 260
33602 22385 260
22385 19710 260
19710 23069 260
23069 29692 260
29692 4685 260
4685 30993 260
30993 24596 260
24596 29485 260
29485 10755 260
10755 38509 260
38509 21460 260
21460 25047 260
25047 14899 260
14899 22033 260
22033 16772 260
16772 17350 260
17350 4915 260
4915 6052 260
6052 23221 260
23221 37129 260
37129 11885 260
11885 6492 260
6492 32935 260
32935 31941 260
31941 16161 260
16161 34997 260
34997 28491 260
28491 8313 260
8313 33747 260
33747 19859 260
19859 31015 260
31015 13597 260
13597 10133 260
10133 14593 260
2178 22460 261
22460 11048 261
11048 18015 261
18015 39776 261
39776 38631 261
38631 8552 261
8552 32656 261
32656 17536 261
17536 13080 261
13080 6868 261
6868 12753 261
12753 2446 261
2446 4093 261
4093 14029 261
14029 9526 261
9526 4236 261
4236 35300 261
35300 12575 261
12575 39729 261
39729 3778 261
3778 15534 261
15534 3546 261
3546 34241 261
34241 14587 261
14587 21524 261
21524 220 261
220 40739 261
40739 7232 261
7232 6819 261
6819 16457 261
16457 36927 261
36927 18122 261
18122 23358 261
23358 25792 261
25792 16278 261
16278 20144 261
20144 6931 261
6931 25390 261
25390 29660 261
29660 31889 261
32 16685 262
16685 15011 262
15011 17133 262
17133 30790 262
30790 37891 262
37891 4520 262
4520 3102 262
3102 14686 262
14686 13326 262
13326 36040 262
36040 6948 262
6948 1982 262
1982 3143 262
3143 12355 262
12355 5135 262
5135 14606 262
14606 11943 262
11943 7117 262
7117 31307 262
31307 19317 262
19317 7067 262
7067 33916 262
33916 27149 262
27149 31195 262
31195 14867 262
14867 35584 262
35584 14550 262
14550 4899 262
4899 34182 262
34182 15025 262
15025 31436 262
31436 7167 262
7167 3702 262
3702 24639 262
24639 30993 262
30993 14707 262
14707 34566 262
34566 11891 262
11891 10429 262
10429 13452 262
9774 13669 263
13669 26264 263
26264 23884 263
23884 18405 263
18405 30590 263
30590 34064 263
34064 26856 263
26856 21593 263
21593 26108 263
26108 36923 263
36923 32348 263
32348 25380 263
25380 28071 263
28071 27971 263
27971 28022 263
28022 17789 263
17789 23423 263
23423 37080 263
37080 2774 263
2774 34983 263
34983 31846 263
31846 12014 263
12014 28045 263
28045 24364 263
24364 13780 263
13780 25614 263
25614 29595 263
29595 39228 263
39228 39101 263
39101 7675 263
7675 30386 263
30386 17373 263
17373 13605 263
13605 29034 263
29034 3212 263
3212 2419 263
2419 14390 263
14390 25927 263
25927 24071 263
24071 28294 263
35614 9808 264
9808 25706 264
25706 36831 264
36831 20333 264
20333 22429 264
22429 11618 264
11618 24990 264
24990 27275 264
27275 37173 264
37173 31689 264
31689 20390 264
20390 30090 264
30090 8259 264
8259 2555 264
2555 13286 264
13286 14916 264
14916 20253 264
20253 32286 264
32286 16472 264
16472 17428 264
17428 16583 264
16583 12355 264
12355 10287 264
10287 9148 264
9148 7385 264
7385 21 264
21 14246 264
14246 29735 264
29735 7851 264
7851 15423 264
15423 34581 264
34581 1262 264
1262 27948 264
27948 5739 264
5739 37572 264
37572 30820 264
30820 33482 264
33482 13378 264
13378 10497 264
10497 15816 264
13074 33200 265
33200 27630 265
27630 12042 265
12042 25378 265
25378 39943 265
39943 28838 265
28838 12775 265
12775 34989 265
34989 22412 265
22412 9901 265
9901 35555 265
35555 16891 265
16891 36957 265
36957 27101 265
27101 2390 265
2390 15313 265
15313 3577 265
3577 1531 265
1531 40182 265
40182 6006 265
6006 19120 265
19120 14763 265
14763 19201 265
19201 9610 265
9610 25661 265
25661 28566 265
28566 14555 265
14555 33274 265
33274 15671 265
15671 4164 265
4164 18976 265
18976 7735 265
7735 16936 265
16936 841 265
841 40573 265
40573 11140 265
11140 1633 265
1633 35646 265
35646 10697 265
10697 40311 265
10623 39863 266
39863 37694 266
37694 5285 266
5285 30473 266
30473 31621 266
31621 9629 266
9629 35463 266
35463 23887 266
23887 8206 266
8206 28664 266
28664 14097 266
14097 35700 266
35700 1901 266
1901 27860 266
27860 18899 266
18899 951 266
951 38478 266
38478 27889 266
27889 5526 266
5526 34074 266
34074 32448 266
32448 28717 266
28717 17545 266
17545 38102 266
38102 14434 266
14434 31731 266
31731 27047 266
27047 21845 266
21845 14509 266
14509 15406 266
15406 3392 266
3392 11867 266
11867 14427 266
14427 24427 266
24427 27975 266
27975 17279 266
17279 32501 266
32501 10202 266
10202 34460 266
34460 12595 266
30831 3645 267
3645 15413 267
15413 24747 267
24747 40646 267
40646 25276 267
25276 31629 267
31629 7414 267
7414 33253 267
33253 31481 267
31481 27554 267
27554 17037 267
17037 19720 267
19720 35025 267
35025 34753 267
34753 15557 267
15557 7540 267
7540 21894 267
21894 1256 267
1256 27129 267
27129 15065 267
15065 26191 267
26191 33705 267
33705 24114 267
24114 33180 267
33180 25966 267
25966 24562 267
24562 34814 267
34814 2541 267
2541 6889 267
6889 2958 267
2958 32731 267
32731 16670 267
16670 3753 267
3753 37619 267
37619 24004 267
24004 12474 267
12474 39594 267
39594 23314 267
23314 31751 267
31751 21207 267
32914 18213 268
18213 19924 268
19924 92 268
92 31943 268
31943 22588 268
22588 1447 268
1447 5928 268
5928 5711 268
5711 5702 268
5702 40118 268
40118 8129 268
8129 30573 268
30573 9488 268
9488 18090 268
18090 16136 268
16136 31537 268
31537 477 268
477 16863 268
16863 16932 268
16932 36594 268
36594 1561 268
1561 38258 268
38258 13295 268
13295 14086 268
14086 39763 268
39763 25671 268
25671 23149 268
23149 33136 268
33136 19088 268
19088 25413 268
25413 18061 268
18061 16667 268
16667 15817 268
15817 12330 268
12330 24799 268
24799 7589 268
7589 35572 268
35572 13809 268
13809 16895 268
16895 26814 268
35147 24737 269
24737 25324 269
25324 18364 269
18364 27546 269
27546 23431 269
23431 33731 269
33731 29380 269
29380 27597 269
27597 36050 269
36050 35796 269
35796 15855 269
15855 39306 269
39306 16683 269
16683 4505 269
4505 39548 269
39548 19999 269
19999 1468 269
1468 33581 269
33581 15098 269
15098 3459 269
3459 10463 269
10463 27173 269
27173 20680 269
20680 16360 269
16360 920 269
920 32841 269
32841 28802 269
28802 35918 269
35918 20502 269
20502 10854 269
10854 27023 269
27023 10728 269
10728 20534 269
20534 30115 269
30115 6229 269
6229 33428 269
33428 11195 269
11195 17414 269
17414 13696 269
13696 11615 269
21052 12437 270
12437 18869 270
18869 17122 270
17122 3343 270
3343 15308 270
15308 20255 270
20255 12821 270
12821 26155 270
26155 24082 270
24082 40184 270
40184 15732 270
15732 4917 270
4917 29966 270
29966 25699 270
25699 203 270
203 19352 270
19352 32970 270
32970 29246 270
29246 6691 270
6691 19670 270
19670 31326 270
31326 20012 270
20012 12911 270
12911 35672 270
35672 1481 270
1481 32364 270
32364 19090 270
19090 36232 270
36232 11597 270
11597 15073 270
15073 39025 270
39025 18536 270
18536 32612 270
32612 12604 270
12604 17990 270
17990 37769 270
37769 19749 270
19749 30032 270
30032 40777 270
40777 12019 270
38675 39942 271
39942 14348 271
14348 19505 271
19505 25028 271
25028 32556 271
32556 22106 271
22106 34249 271
34249 22889 271
22889 12879 271
12879 26459 271
26459 35465 271
35465 27275 271
27275 31078 271
31078 22512 271
22512 40391 271
40391 22 271
22 952 271
952 26912 271
26912 5289 271
5289 13714 271
13714 33460 271
33460 17902 271
17902 6892 271
6892 17155 271
17155 18036 271
18036 34949 271
34949 31012 271
31012 5565 271
5565 3375 271
3375 8694 271
8694 25053 271
25053 6574 271
6574 9703 271
9703 34588 271
34588 36272 271
36272 8491 271
8491 29050 271
29050 7555 271
7555 38030 271
38030 18681 271
38133 37383 272
37383 25588 272
25588 14849 272
14849 21518 272
21518 23555 272
23555 35370 272
35370 19445 272
19445 28804 272
28804 1529 272
1529 34137 272
34137 8150 272
8150 31433 272
31433 28303 272
28303 733 272
733 14795 272
14795 13321 272
13321 34124 272
34124 39226 272
39226 663 272
663 28765 272
28765 40269 272
40269 4255 272
4255 2326 272
2326 5889 272
5889 23896 272
23896 30768 272
30768 10395 272
10395 35646 272
35646 37303 272
37303 5743 272
5743 30673 272
30673 28503 272
28503 28555 272
28555 12793 272
12793 24445 272
24445 26161 272
26161 40077 272
40077 12748 272
12748 24132 272
24132 5205 272
32335 17481 273
17481 7993 273
7993 23376 273
23376 34630 273
34630 17215 273
17215 8160 273
8160 20122 273
20122 29817 273
29817 19481 273
19481 26591 273
26591 4116 273
4116 2733 273
2733 38040 273
38040 4787 273
4787 36792 273
36792 33607 273
33607 25731 273
25731 2924 273
2924 857 273
857 6745 273
6745 20341 273
20341 31405 273
31405 17626 273
17626 31495 273
31495 24869 273
24869 18836 273
18836 24305 273
24305 37761 273
37761 30717 273
30717 9817 273
9817 733 273
733 39332 273
39332 25164 273
25164 37865 273
37865 30985 273
30985 31917 273
31917 612 273
612 26501 273
26501 36334 273
36334 17244 273
28509 14851 274
14851 8685 274
8685 34037 274
34037 17424 274
17424 40022 274
40022 4222 274
4222 10114 274
10114 26808 274
26808 4160 274
4160 17284 274
17284 10487 274
10487 35892 274
35892 4375 274
4375 29454 274
29454 1512 274
1512 24976 274
24976 37972 274
37972 2788 274
2788 16779 274
16779 25939 274
25939 5136 274
5136 12991 274
12991 925 274
925 17939 274
17939 22674 274
22674 9951 274
9951 36370 274
36370 33646 274
33646 19896 274
19896 1391 274
1391 17950 274
17950 16103 274
16103 36480 274
36480 25154 274
25154 7575 274
7575 18263 274
18263 35112 274
35112 28775 274
28775 15550 274
15550 22063 274
32620 15299 275
15299 38848 275
38848 8861 275
8861 2205 275
2205 18421 275
18421 21283 275
21283 981 275
981 35370 275
35370 13254 275
13254 17537 275
17537 19620 275
19620 16168 275
16168 9003 275
9003 33582 275
33582 13134 275
13134 27629 275
27629 26356 275
26356 25636 275
25636 27971 275
27971 5716 275
5716 40211 275
40211 7677 275
7677 38140 275
38140 24270 275
24270 26485 275
26485 18624 275
18624 21868 275
21868 19593 275
19593 21873 275
21873 30533 275
30533 34394 275
34394 20328 275
20328 20694 275
20694 17657 275
17657 9271 275
9271 23617 275
23617 36591 275
36591 16230 275
16230 34221 275
34221 35104 275
36648 23609 276
23609 9564 276
9564 12225 276
12225 17642 276
17642 32413 276
32413 14557 276
14557 1791 276
1791 22776 276
22776 19571 276
19571 2092 276
2092 18646 276
18646 1078 276
1078 7222 276
7222 5214 276
5214 39685 276
39685 28635 276
28635 17563 276
17563 24302 276
24302 33830 276
33830 19667 276
19667 38298 276
38298 5403 276
5403 11664 276
11664 38017 276
38017 8306 276
8306 21666 276
21666 19017 276
19017 8289 276
8289 33407 276
33407 4323 276
4323 38260 276
38260 2168 276
2168 27923 276
27923 14200 276
14200 16716 276
16716 26049 276
26049 12827 276
12827 31385 276
31385 29445 276
29445 28600 276
28890 26434 277
26434 6466 277
6466 30153 277
30153 19637 277
19637 2063 277
2063 24763 277
24763 16391 277
16391 4771 277
4771 22064 277
22064 8927 277
8927 13165 277
13165 38269 277
38269 5234 277
5234 21019 277
21019 12400 277
12400 2026 277
2026 10780 277
10780 4232 277
4232 26993 277
26993 4017 277
4017 21545 277
21545 35340 277
35340 7220 277
7220 16510 277
16510 34568 277
34568 30214 277
30214 25912 277
25912 12856 277
12856 21956 277
21956 35235 277
35235 24771 277
24771 11325 277
11325 33322 277
33322 28650 277
28650 12726 277
12726 6154 277
6154 2111 277
2111 19496 277
19496 1822 277
1822 16931 277
27822 38097 278
38097 28749 278
28749 39879 278
39879 30982 278
30982 4875 278
4875 23587 278
23587 30222 278
30222 3298 278
3298 14883 278
14883 15060 278
15060 16912 278
16912 7834 278
7834 31863 278
31863 32798 278
32798 12844 278
12844 30452 278
30452 36600 278
36600 18269 278
18269 7646 278
7646 2051 278
2051 30905 278
30905 31369 278
31369 15572 278
15572 34845 278
34845 36526 278
36526 35358 278
35358 38931 278
38931 25894 278
25894 10728 278
10728 20796 278
20796 37473 278
37473 8743 278
8743 27267 278
27267 17938 278
17938 13864 278
13864 9782 278
9782 39346 278
39346 10244 278
10244 22632 278
22632 18672 278
39295 25944 279
25944 26236 279
26236 33086 279
33086 14550 279
14550 31612 279
31612 15063 279
15063 15253 279
15253 6181 279
6181 34852 279
34852 13048 279
13048 36077 279
36077 17795 279
17795 8602 279
8602 36889 279
36889 28286 279
28286 22397 279
22397 159 279
159 16276 279
16276 32573 279
32573 1594 279
1594 22739 279
22739 4183 279
4183 39442 279
39442 24136 279
24136 23322 279
23322 20806 279
20806 28007 279
28007 32801 279
32801 6402 279
6402 23552 279
23552 19803 279
19803 19720 279
19720 1924 279
1924 8050 279
8050 851 279
851 5359 279
5359 29201 279
29201 33880 279
33880 37510 279
37510 32410 279
34512 25358 280
25358 33347 280
33347 23538 280
23538 23906 280
23906 37325 280
37325 31370 280
31370 39072 280
39072 18618 280
18618 12235 280
12235 13827 280
13827 19585 280
19585 4028 280
4028 39313 280
39313 30249 280
30249 34531 280
34531 19257 280
19257 33980 280
33980 15791 280
15791 20440 280
20440 23755 280
23755 30277 280
30277 35759 280
35759 20800 280
20800 30485 280
30485 33623 280
33623 23844 280
23844 12174 280
12174 19291 280
19291 35074 280
35074 8039 280
8039 40984 280
40984 14889 280
14889 29289 280
29289 25150 280
25150 10134 280
10134 1363 280
1363 24721 280
24721 25091 280
25091 15063 280
15063 31809 280
16403 23421 281
23421 19113 281
19113 1218 281
1218 25616 281
25616 40616 281
40616 29442 281
29442 27566 281
27566 16311 281
16311 11529 281
11529 8501 281
8501 24466 281
24466 35567 281
35567 16872 281
16872 25177 281
25177 20923 281
20923 21862 281
21862 25498 281
25498 8258 281
8258 6363 281
6363 3890 281
3890 10088 281
10088 5796 281
5796 5202 281
5202 25250 281
25250 17735 281
17735 26282 281
26282 38062 281
38062 38451 281
38451 19441 281
19441 550 281
550 16353 281
16353 10227 281
10227 12892 281
12892 24978 281
24978 6183 281
6183 38539 281
38539 7877 281
7877 32779 281
32779 2253 281
2253 5106 281
31126 16012 282
16012 9056 282
9056 22168 282
22168 29673 282
29673 22490 282
22490 12040 282
12040 11493 282
11493 23706 282
23706 10930 282
10930 32315 282
32315 37909 282
37909 7254 282
7254 18401 282
18401 18127 282
18127 34688 282
34688 6431 282
6431 24750 282
24750 12519 282
12519 21168 282
21168 11089 282
11089 31072 282
31072 24578 282
24578 13087 282
13087 32094 282
32094 30102 282
30102 3235 282
3235 13065 282
13065 27650 282
27650 11835 282
11835 25445 282
25445 15972 282
15972 1907 282
1907 6347 282
6347 25632 282
25632 35343 282
35343 1207 282
1207 31822 282
31822 30317 282
30317 17497 282
17497 18328 282
15478 8096 283
8096 40969 283
40969 23337 283
23337 12329 283
12329 36493 283
36493 32663 283
32663 20962 283
20962 8374 283
8374 1033 283
1033 15578 283
15578 38285 283
38285 8168 283
8168 11089 283
11089 9103 283
9103 10061 283
10061 32117 283
32117 7313 283
7313 24077 283
24077 36699 283
36699 2165 283
2165 16093 283
16093 5015 283
5015 8438 283
8438 12528 283
12528 17054 283
17054 25993 283
25993 35258 283
35258 40108 283
40108 25575 283
25575 21022 283
21022 36895 283
36895 18837 283
18837 6419 283
6419 39648 283
39648 1444 283
1444 14824 283
14824 10030 283
10030 18717 283
18717 5585 283
5585 4496 283
25032 36 284
36 40602 284
40602 34134 284
34134 17706 284
17706 13854 284
13854 39717 284
39717 38491 284
38491 31962 284
31962 38885 284
38885 9737 284
9737 18548 284
18548 24554 284
24554 13449 284
13449 29946 284
29946 29871 284
29871 40032 284
40032 32840 284
32840 21764 284
21764 26065 284
26065 10484 284
10484 18546 284
18546 30351 284
30351 9056 284
9056 29972 284
29972 15003 284
15003 28745 284
28745 40553 284
40553 15356 284
15356 31046 284
31046 1331 284
1331 22039 284
22039 35104 284
35104 12837 284
12837 12671 284
12671 38772 284
38772 725 284
725 17327 284
17327 12427 284
12427 20824 284
20824 18506 284
11463 8000 285
8000 29523 285
29523 16007 285
16007 27395 285
27395 20142 285
20142 29619 285
29619 2940 285
2940 16609 285
16609 20017 285
20017 36013 285
36013 18628 285
18628 8830 285
8830 16997 285
16997 4618 285
4618 40431 285
40431 30498 285
30498 35701 285
35701 6444 285
6444 2790 285
2790 23341 285
23341 40657 285
40657 26673 285
26673 19339 285
19339 7361 285
7361 22147 285
22147 39885 285
39885 37012 285
37012 17017 285
17017 19676 285
19676 5907 285
5907 32869 285
32869 15707 285
15707 7997 285
7997 38880 285
38880 4421 285
4421 37617 285
37617 11518 285
11518 36729 285
36729 13558 285
13558 13285 285
26969 11428 286
11428 28404 286
28404 40891 286
40891 14104 286
14104 4720 286
4720 1174 286
1174 11712 286
11712 40313 286
40313 12252 286
12252 29685 286
29685 38272 286
38272 30293 286
30293 10128 286
10128 38879 286
38879 1487 286
1487 729 286
729 35536 286
35536 15094 286
15094 8420 286
8420 5231 286
5231 8944 286
8944 23276 286
23276 1150 286
1150 34706 286
34706 11557 286
11557 3376 286
3376 38106 286
38106 7299 286
7299 18813 286
18813 18954 286
18954 18712 286
18712 32370 286
32370 19868 286
19868 37467 286
37467 14602 286
14602 29817 286
29817 8881 286
8881 7276 286
7276 28788 286
28788 28253 286
15590 35593 287
35593 38485 287
38485 25861 287
25861 26528 287
26528 37106 287
37106 22367 287
22367 23594 287
23594 19473 287
19473 34556 287
34556 22742 287
22742 20814 287
20814 12939 287
12939 18513 287
18513 16410 287
16410 40227 287
40227 31158 287
31158 14963 287
14963 7105 287
7105 37218 287
37218 24413 287
24413 20811 287
20811 967 287
967 38477 287
38477 18852 287
18852 18552 287
18552 30101 287
30101 13723 287
13723 6163 287
6163 17401 287
17401 247 287
247 23718 287
23718 30132 287
30132 32337 287
32337 33443 287
33443 21615 287
21615 1809 287
1809 1653 287
1653 7466 287
7466 29745 287
29745 14365 287
18100 13171 288
13171 29189 288
29189 16972 288
16972 35114 288
35114 27234 288
27234 36072 288
36072 36799 288
36799 16482 288
16482 4314 288
4314 6959 288
6959 7010 288
7010 22950 288
22950 8949 288
8949 22313 288
22313 13644 288
13644 28600 288
28600 17147 288
17147 3710 288
3710 39044 288
39044 8403 288
8403 10645 288
10645 37981 288
37981 37430 288
37430 415 288
415 23070 288
23070 11941 288
11941 40282 288
40282 35863 288
35863 31546 288
31546 1531 288
1531 13355 288
13355 28692 288
28692 35491 288
35491 26017 288
26017 2096 288
2096 19120 288
19120 40046 288
40046 26393 288
26393 12289 288
12289 657 288
30692 30229 289
30229 33863 289
33863 14780 289
14780 284 289
284 17917 289
17917 24273 289
24273 30891 289
30891 34027 289
34027 30023 289
30023 38033 289
38033 232 289
232 2564 289
2564 22324 289
22324 34186 289
34186 34024 289
34024 32191 289
32191 10112 289
10112 37178 289
37178 6094 289
6094 24475 289
24475 11033 289
11033 33127 289
33127 15911 289
15911 27737 289
27737 22219 289
22219 1916 289
1916 17093 289
17093 22306 289
22306 24410 289
24410 3481 289
3481 575 289
575 30132 289
30132 18287 289
18287 31073 289
31073 642 289
642 11795 289
11795 4675 289
4675 36692 289
36692 1511 289
1511 37105 289
39775 33988 290
33988 22812 290
22812 25887 290
25887 39429 290
39429 7648 290
7648 35486 290
35486 34631 290
34631 17079 290
17079 27767 290
27767 32291 290
32291 15772 290
15772 19827 290
19827 37121 290
37121 15480 290
15480 30535 290
30535 32851 290
32851 36536 290
36536 26773 290
26773 3392 290
3392 7863 290
7863 11100 290
11100 21171 290
21171 22769 290
22769 7912 290
7912 4680 290
4680 12884 290
12884 12443 290
12443 5254 290
5254 23769 290
23769 20989 290
20989 16419 290
16419 40034 290
40034 9893 290
9893 2402 290
2402 31805 290
31805 21207 290
21207 23057 290
23057 28216 290
28216 38925 290
38925 23085 290
35890 26131 291
26131 28663 291
28663 22926 291
22926 30335 291
30335 20288 291
20288 22964 291
22964 14609 291
14609 17097 291
17097 34949 291
34949 11197 291
11197 37343 291
37343 38577 291
38577 17861 291
17861 30214 291
30214 18050 291
18050 31200 291
31200 27926 291
27926 19620 291
19620 39725 291
39725 15229 291
15229 2527 291
2527 21698 291
21698 34322 291
34322 1880 291
1880 25879 291
25879 40202 291
40202 19413 291
19413 8272 291
8272 25336 291
25336 14008 291
14008 36992 291
36992 3849 291
3849 4055 291
4055 5525 291
5525 2610 291
2610 5520 291
5520 17986 291
17986 13882 291
13882 11678 291
11678 34045 291
30844 20686 292
20686 1658 292
1658 28953 292
28953 20532 292
20532 8767 292
8767 34092 292
34092 17819 292
17819 35113 292
35113 4105 292
4105 35567 292
35567 19085 292
19085 8545 292
8545 38222 292
38222 14502 292
14502 36954 292
36954 37426 292
37426 29903 292
29903 4099 292
4099 31573 292
31573 5798 292
5798 33781 292
33781 17839 292
17839 4840 292
4840 26839 292
26839 15767 292
15767 32919 292
32919 24989 292
24989 37909 292
37909 5978 292
5978 23275 292
23275 10549 292
10549 33688 292
33688 36347 292
36347 34657 292
34657 7416 292
7416 24332 292
24332 7590 292
7590 12252 292
12252 20020 292
20020 25425 292
1662 22472 293
22472 17509 293
17509 36199 293
36199 18583 293
18583 32496 293
32496 10311 293
10311 24516 293
24516 36051 293
36051 25745 293
25745 24443 293
24443 17681 293
17681 31139 293
31139 8482 293
8482 1740 293
1740 37186 293
37186 10128 293
10128 7120 293
7120 745 293
745 40564 293
40564 7305 293
7305 16700 293
16700 20465 293
20465 3688 293
3688 34896 293
34896 16621 293
16621 29386 293
29386 11529 293
11529 2292 293
2292 32167 293
32167 268 293
268 2639 293
2639 15663 293
15663 36828 293
36828 89 293
89 2483 293
2483 19337 293
19337 35635 293
35635 29975 293
29975 33894 293
33894 18949 293
813 12466 294
12466 9472 294
9472 33688 294
33688 29116 294
29116 10354 294
10354 25639 294
25639 32922 294
32922 6767 294
6767 26748 294
26748 16548 294
16548 16114 294
16114 7880 294
7880 16273 294
16273 4993 294
4993 35062 294
35062 17130 294
17130 37498 294
37498 20413 294
20413 19878 294
19878 39770 294
39770 40331 294
40331 10569 294
10569 11698 294
11698 15343 294
15343 40078 294
40078 30738 294
30738 17830 294
17830 8396 294
8396 11144 294
11144 40071 294
40071 10220 294
10220 37221 294
37221 36821 294
36821 7572 294
7572 32147 294
32147 30933 294
30933 10739 294
10739 23689 294
23689 10843 294
10843 9550 294
3725 3518 295
3518 11553 295
11553 37659 295
37659 40345 295
40345 29566 295
29566 14474 295
14474 8864 295
8864 29364 295
29364 13779 295
13779 29507 295
29507 9025 295
9025 18696 295
18696 11887 295
11887 1275 295
1275 31445 295
31445 27947 295
27947 5540 295
5540 20092 295
20092 29599 295
29599 40293 295
40293 19532 295
19532 22518 295
22518 21818 295
21818 1577 295
1577 806 295
806 24649 295
24649 2395 295
2395 40938 295
40938 1186 295
1186 25939 295
25939 32215 295
32215 25048 295
25048 7178 295
7178 10294 295
10294 1510 295
1510 10461 295
10461 24707 295
24707 31674 295
31674 19781 295
19781 23173 295
38302 36436 296
36436 27334 296
27334 1584 296
1584 12037 296
12037 30588 296
30588 33759 296
33759 39095 296
39095 8917 296
8917 34930 296
34930 11411 296
11411 10249 296
10249 15844 296
15844 31405 296
31405 26797 296
26797 2963 296
2963 20998 296
20998 6357 296
6357 11238 296
11238 31212 296
31212 12284 296
12284 6847 296
6847 26749 296
26749 19664 296
19664 9004 296
9004 16947 296
16947 20235 296
20235 34097 296
34097 33314 296
33314 19838 296
19838 6766 296
6766 39613 296
39613 26836 296
26836 32965 296
32965 39127 296
39127 15042 296
15042 33262 296
33262 8736 296
8736 21038 296
21038 2185 296
2185 701 296
35797 22848 297
22848 21029 297
21029 15830 297
15830 11803 297
11803 15344 297
15344 15252 297
15252 34147 297
34147 18619 297
18619 34420 297
34420 5641 297
5641 16283 297
16283 11297 297
11297 20046 297
20046 16075 297
16075 24901 297
24901 5555 297
5555 27756 297
27756 10886 297
10886 35593 297
35593 40939 297
40939 3071 297
3071 29150 297
29150 16830 297
16830 25186 297
25186 9352 297
9352 2129 297
2129 31290 297
31290 37340 297
37340 7129 297
7129 39812 297
39812 20408 297
20408 37933 297
37933 681 297
681 37606 297
37606 8813 297
8813 32874 297
32874 21975 297
21975 3357 297
3357 18801 297
18801 5435 297
28863 34547 298
34547 27226 298
27226 18705 298
18705 15234 298
15234 10037 298
10037 17849 298
17849 23094 298
23094 19675 298
19675 2632 298
2632 21411 298
21411 21080 298
21080 36524 298
36524 18049 298
18049 20145 298
20145 19181 298
19181 28288 298
28288 6036 298
6036 24323 298
24323 16478 298
16478 11983 298
11983 35733 298
35733 26908 298
26908 14523 298
14523 40138 298
40138 27944 298
27944 34624 298
34624 24997 298
24997 6542 298
6542 28991 298
28991 39225 298
39225 39207 298
39207 21535 298
21535 16796 298
16796 40049 298
40049 9246 298
9246 28293 298
28293 19243 298
19243 32153 298
32153 4269 298
4269 38713 298
34361 7736 299
7736 23330 299
23330 19753 299
19753 6254 299
6254 507 299
507 21752 299
21752 1359 299
1359 35129 299
35129 2379 299
2379 28511 299
28511 35875 299
35875 32425 299
32425 18207 299
18207 8966 299
8966 2903 299
2903 17329 299
17329 28775 299
28775 3573 299
3573 25328 299
25328 15079 299
15079 23646 299
23646 33084 299
33084 5790 299
5790 11972 299
11972 11697 299
11697 30828 299
30828 36256 299
36256 38490 299
38490 35206 299
35206 14407 299
14407 37217 299
37217 2132 299
2132 31952 299
31952 9224 299
9224 22594 299
22594 26570 299
26570 39649 299
39649 6044 299
6044 14230 299
14230 13606 299
2135 6140 300
6140 16302 300
16302 4953 300
4953 5491 300
5491 7224 300
7224 14179 300
14179 9707 300
9707 21122 300
21122 23934 300
23934 5516 300
5516 2496 300
2496 39557 300
39557 20156 300
20156 30388 300
30388 32295 300
32295 36392 300
36392 19904 300
19904 12023 300
12023 37773 300
37773 15033 300
15033 32489 300
32489 34562 300
34562 31189 300
31189 34092 300
34092 16361 300
16361 22090 300
22090 31111 300
31111 31282 300
31282 36567 300
36567 14691 300
14691 40704 300
40704 28789 300
28789 39548 300
39548 36261 300
36261 428 300
428 5947 300
5947 32693 300
32693 32913 300
32913 27515 300
27515 30052 300
2382 15243 301
15243 20169 301
20169 22808 301
22808 40658 301
40658 17126 301
17126 2007 301
2007 7223 301
7223 2105 301
2105 9082 301
9082 29071 301
29071 20796 301
20796 27948 301
27948 40519 301
40519 5140 301
5140 7603 301
7603 13710 301
13710 5513 301
5513 18737 301
18737 6938 301
6938 11468 301
11468 29583 301
29583 9838 301
9838 23140 301
23140 13221 301
13221 31854 301
31854 27985 301
27985 18031 301
18031 5105 301
5105 34237 301
34237 268 301
268 8561 301
8561 11280 301
11280 3972 301
3972 20293 301
20293 12729 301
12729 15660 301
15660 232 301
232 21954 301
21954 13585 301
13585 13530 301
18186 2881 302
2881 40555 302
40555 14433 302
14433 4303 302
4303 3415 302
3415 36369 302
36369 579 302
579 15889 302
15889 40089 302
40089 19619 302
19619 21424 302
21424 30691 302
30691 8849 302
8849 19344 302
19344 26281 302
26281 20970 302
20970 40519 302
40519 21409 302
21409 29425 302
29425 2289 302
2289 26400 302
26400 10622 302
10622 5828 302
5828 30937 302
30937 28753 302
28753 10751 302
10751 36503 302
36503 37083 302
37083 27106 302
27106 6136 302
6136 17389 302
17389 36641 302
36641 22236 302
22236 36947 302
36947 30705 302
30705 27439 302
27439 23831 302
23831 14382 302
14382 3533 302
3533 12786 302
40843 2799 303
2799 35716 303
35716 26802 303
26802 13218 303
13218 27077 303
27077 8942 303
8942 13956 303
13956 15674 303
15674 6893 303
6893 17869 303
17869 8089 303
8089 37104 303
37104 25108 303
25108 14710 303
14710 32823 303
32823 14695 303
14695 21288 303
21288 24613 303
24613 40528 303
40528 33837 303
33837 32684 303
32684 10286 303
10286 5915 303
5915 23401 303
23401 40981 303
40981 34156 303
34156 40236 303
40236 2638 303
2638 40459 303
40459 22413 303
22413 30815 303
30815 31126 303
31126 11323 303
11323 27402 303
27402 29186 303
29186 12057 303
12057 39302 303
39302 38805 303
38805 7962 303
7962 30351 303
22021 33731 304
33731 27044 304
27044 37302 304
37302 35634 304
35634 38704 304
38704 32762 304
32762 3333 304
3333 8298 304
8298 25896 304
25896 7410 304
7410 32606 304
32606 15982 304
15982 22579 304
22579 26659 304
26659 14805 304
14805 21030 304
21030 15037 304
15037 27547 304
27547 8900 304
8900 33876 304
33876 8449 304
8449 2806 304
2806 22294 304
22294 22032 304
22032 16611 304
16611 16600 304
16600 20449 304
20449 14265 304
14265 24362 304
24362 31338 304
31338 13501 304
13501 11197 304
11197 28530 304
28530 33150 304
33150 40957 304
40957 21501 304
21501 22483 304
22483 15108 304
15108 25549 304
25549 14454 304
29566 3021 305
3021 9015 305
9015 23568 305
23568 37217 305
37217 34900 305
34900 21178 305
21178 16822 305
16822 34148 305
34148 15015 305
15015 30601 305
30601 8002 305
8002 6424 305
6424 30063 305
30063 12867 305
12867 26586 305
26586 12534 305
12534 25015 305
25015 21180 305
21180 4387 305
4387 13584 305
13584 39818 305
39818 17159 305
17159 33456 305
33456 29411 305
29411 33861 305
33861 25148 305
25148 1919 305
1919 24963 305
24963 16427 305
16427 22684 305
22684 13910 305
13910 31296 305
31296 40321 305
40321 2881 305
2881 17109 305
17109 28925 305
28925 38515 305
38515 16028 305
16028 12747 305
12747 26704 305
25547 39453 306
39453 19708 306
19708 31202 306
31202 10475 306
10475 6949 306
6949 16694 306
16694 6179 306
6179 335 306
335 30659 306
30659 8312 306
8312 40413 306
40413 32012 306
32012 6334 306
6334 30975 306
30975 38078 306
38078 20316 306
20316 36806 306
36806 10830 306
10830 22360 306
22360 1963 306
1963 18781 306
18781 1870 306
1870 35313 306
35313 11377 306
11377 6687 306
6687 39858 306
39858 28117 306
28117 24716 306
24716 31251 306
31251 10789 306
10789 16274 306
16274 18168 306
18168 25653 306
25653 32419 306
32419 12300 306
12300 39350 306
39350 5532 306
5532 20119 306
20119 5498 306
5498 8409 306
32019 40199 307
40199 40202 307
40202 40843 307
40843 1280 307
1280 20762 307
20762 25780 307
25780 10251 307
10251 10711 307
10711 872 307
872 844 307
844 20864 307
20864 26559 307
26559 37894 307
37894 36485 307
36485 36152 307
36152 11837 307
11837 32519 307
32519 22678 307
22678 15162 307
15162 16133 307
16133 32191 307
32191 7935 307
7935 39043 307
39043 37841 307
37841 31669 307
31669 2221 307
2221 22041 307
22041 22737 307
22737 10186 307
10186 7054 307
7054 34417 307
34417 36267 307
36267 10266 307
10266 20508 307
20508 5812 307
5812 7986 307
7986 8511 307
8511 11646 307
11646 111 307
111 27355 307
32247 6346 308
6346 17687 308
17687 9720 308
9720 6027 308
6027 21844 308
21844 35015 308
35015 26717 308
26717 32564 308
32564 1237 308
1237 39439 308
39439 22242 308
22242 35189 308
35189 26107 308
26107 11158 308
11158 40549 308
40549 21649 308
21649 878 308
878 36900 308
36900 26805 308
26805 21392 308
21392 14070 308
14070 240 308
240 28251 308
28251 31162 308
31162 440 308
440 9332 308
9332 6922 308
6922 32238 308
32238 10126 308
10126 23488 308
23488 7622 308
7622 33648 308
33648 3145 308
3145 40794 308
40794 17550 308
17550 40774 308
40774 10984 308
10984 7996 308
7996 32076 308
32076 32296 308
24956 21011 309
21011 12659 309
12659 9144 309
9144 12989 309
12989 26661 309
26661 30786 309
30786 20508 309
20508 40210 309
40210 31961 309
31961 38839 309
38839 3607 309
3607 11176 309
11176 31699 309
31699 19170 309
19170 25268 309
25268 1452 309
1452 15729 309
15729 3235 309
3235 12595 309
12595 741 309
741 3197 309
3197 20036 309
20036 27547 309
27547 15330 309
15330 13799 309
13799 34403 309
34403 8273 309
8273 2652 309
2652 36238 309
36238 38715 309
38715 22533 309
22533 39579 309
39579 475 309
475 28100 309
28100 39413 309
39413 24092 309
24092 28353 309
28353 13647 309
13647 22430 309
22430 39603 309
19225 35820 310
35820 19335 310
19335 6642 310
6642 10129 310
10129 38880 310
38880 12399 310
12399 11342 310
11342 40145 310
40145 21296 310
21296 36921 310
36921 24594 310
24594 33668 310
33668 19130 310
19130 22780 310
22780 40142 310
40142 40138 310
40138 11023 310
11023 7580 310
7580 20865 310
20865 5252 310
5252 20621 310
20621 28801 310
28801 15380 310
15380 11079 310
11079 1526 310
1526 36491 310
36491 8212 310
8212 33115 310
33115 18855 310
18855 33750 310
33750 28182 310
28182 24577 310
24577 2973 310
2973 28475 310
28475 3328 310
3328 18044 310
18044 40878 310
40878 39270 310
39270 12976 310
12976 20105 310
36018 8390 311
8390 28403 311
28403 19324 311
19324 2691 311
2691 30337 311
30337 21221 311
21221 23919 311
23919 31519 311
31519 39455 311
39455 33043 311
33043 30805 311
30805 15466 311
15466 16996 311
16996 10288 311
10288 13858 311
13858 4913 311
4913 25464 311
25464 30340 311
30340 10060 311
10060 2757 311
2757 5792 311
5792 30014 311
30014 17651 311
17651 20909 311
20909 3692 311
3692 34017 311
34017 25459 311
25459 30130 311
30130 13027 311
13027 37687 311
37687 40052 311
40052 22278 311
22278 36338 311
36338 38185 311
38185 3316 311
3316 14912 311
14912 13092 311
13092 7415 311
7415 28193 311
28193 3839 311
16605 5658 312
5658 18045 312
18045 10805 312
10805 20668 312
20668 26888 312
26888 28132 312
28132 6827 312
6827 26047 312
26047 2915 312
2915 28190 312
28190 25494 312
25494 16759 312
16759 3303 312
3303 36271 312
36271 24211 312
24211 32224 312
32224 9672 312
9672 39491 312
39491 24967 312
24967 2159 312
2159 30268 312
30268 28189 312
28189 4892 312
4892 2051 312
2051 26802 312
26802 33094 312
33094 2099 312
2099 36905 312
36905 3470 312
3470 1810 312
1810 8970 312
8970 34995 312
34995 12886 312
12886 27405 312
27405 21984 312
21984 8725 312
8725 14595 312
14595 12483 312
12483 22563 312
22563 10338 312
18713 8083 313
8083 754 313
754 21901 313
21901 30815 313
30815 9120 313
9120 12505 313
12505 5602 313
5602 1556 313
1556 8087 313
8087 4601 313
4601 39336 313
39336 38390 313
38390 18917 313
18917 1099 313
1099 20457 313
20457 36141 313
36141 14237 313
14237 14393 313
14393 11546 313
11546 7889 313
7889 24236 313
24236 8900 313
8900 16038 313
16038 40167 313
40167 2723 313
2723 1465 313
1465 13262 313
13262 5075 313
5075 9340 313
9340 34449 313
34449 32109 313
32109 33531 313
33531 36923 313
36923 20924 313
20924 10389 313
10389 20020 313
20020 7414 313
7414 35061 313
35061 26173 313
26173 13820 313
40007 18309 314
18309 10357 314
10357 13502 314
13502 26812 314
26812 36410 314
36410 16765 314
16765 24214 314
24214 16444 314
16444 12674 314
12674 1335 314
1335 21307 314
21307 19171 314
19171 24027 314
24027 21344 314
21344 15753 314
15753 34234 314
34234 39093 314
39093 8197 314
8197 20259 314
20259 37714 314
37714 36148 314
36148 25042 314
25042 5656 314
5656 13252 314
13252 40571 314
40571 36093 314
36093 8604 314
8604 1970 314
1970 35196 314
35196 38637 314
38637 20094 314
20094 9472 314
9472 8229 314
8229 37529 314
37529 26114 314
26114 1445 314
1445 9753 314
9753 12473 314
12473 28468 314
28468 28716 314
18059 36699 315
36699 5591 315
5591 14432 315
14432 35338 315
35338 37654 315
37654 13396 315
13396 19342 315
19342 18001 315
18001 35228 315
35228 5432 315
5432 22243 315
22243 1246 315
1246 34050 315
34050 676 315
676 25239 315
25239 32969 315
32969 20019 315
20019 5860 315
5860 4501 315
4501 16656 315
16656 30215 315
30215 2080 315
2080 12454 315
12454 32523 315
32523 27201 315
27201 19149 315
19149 32079 315
32079 12276 315
12276 33903 315
33903 30946 315
30946 2243 315
2243 1311 315
1311 28358 315
28358 7807 315
7807 32164 315
32164 33664 315
33664 9390 315
9390 2756 315
2756 17769 315
17769 15684 315
5183 28516 316
28516 24114 316
24114 10278 316
10278 24882 316
24882 19053 316
19053 16128 316
16128 12055 316
12055 5443 316
5443 9036 316
9036 2629 316
2629 31444 316
31444 15754 316
15754 32448 316
32448 6902 316
6902 40540 316
40540 2207 316
2207 38257 316
38257 15186 316
15186 1354 316
1354 31953 316
31953 19424 316
19424 2157 316
2157 1937 316
1937 12205 316
12205 11029 316
11029 13091 316
13091 1433 316
1433 39873 316
39873 15132 316
15132 34538 316
34538 22443 316
22443 40751 316
40751 5710 316
5710 11310 316
11310 27423 316
27423 6540 316
6540 33649 316
33649 40893 316
40893 32746 316
32746 37339 316
18765 1618 317
1618 40948 317
40948 36552 317
36552 39714 317
39714 9460 317
9460 3503 317
3503 8034 317
8034 20642 317
20642 25584 317
25584 35889 317
35889 23958 317
23958 35519 317
35519 30169 317
30169 32936 317
32936 30915 317
30915 3327 317
3327 2134 317
2134 14180 317
14180 13224 317
13224 19670 317
19670 15358 317
15358 14621 317
14621 4649 317
4649 32005 317
32005 12391 317
12391 13155 317
13155 26718 317
26718 1411 317
1411 31308 317
31308 28413 317
28413 32348 317
32348 19504 317
19504 11192 317
11192 7222 317
7222 38578 317
38578 12991 317
12991 19129 317
19129 4461 317
4461 2125 317
2125 15560 317
9978 2838 318
2838 15866 318
15866 37383 318
37383 28372 318
28372 5443 318
5443 3746 318
3746 37118 318
37118 33796 318
33796 16353 318
16353 40880 318
40880 1783 318
1783 35541 318
35541 5960 318
5960 25274 318
25274 35175 318
35175 37002 318
37002 40085 318
40085 784 318
784 28553 318
28553 30724 318
30724 432 318
432 19254 318
19254 1307 318
1307 40354 318
40354 30314 318
30314 24646 318
24646 7567 318
7567 8847 318
8847 16186 318
16186 33541 318
33541 361 318
361 5262 318
5262 24373 318
24373 7728 318
7728 18292 318
18292 39997 318
39997 25436 318
25436 8325 318
8325 5673 318
5673 39403 318
23122 5160 319
5160 1008 319
1008 13002 319
13002 16330 319
16330 39268 319
39268 31117 319
31117 18055 319
18055 13287 319
13287 9066 319
9066 31658 319
31658 21754 319
21754 9761 319
9761 19373 319
19373 36779 319
36779 6291 319
6291 18063 319
18063 36613 319
36613 33517 319
33517 21860 319
21860 26755 319
26755 25534 319
25534 32463 319
32463 10730 319
10730 40550 319
40550 40202 319
40202 30484 319
30484 20200 319
20200 39238 319
39238 36199 319
36199 31618 319
31618 24777 319
24777 37418 319
37418 22046 319
22046 10608 319
10608 11220 319
11220 33284 319
33284 40931 319
40931 15363 319
15363 22905 319
22905 7166 319
31721 21666 320
21666 35284 320
35284 31248 320
31248 11282 320
11282 27718 320
27718 39744 320
39744 40267 320
40267 14758 320
14758 6511 320
6511 2547 320
2547 21699 320
21699 22881 320
22881 18718 320
18718 15943 320
15943 10710 320
10710 10172 320
10172 37673 320
37673 12483 320
12483 19704 320
19704 7865 320
7865 15785 320
15785 39166 320
39166 31414 320
31414 18363 320
18363 30110 320
30110 19278 320
19278 39438 320
39438 16098 320
16098 17015 320
17015 23398 320
23398 27548 320
27548 31372 320
31372 13602 320
13602 21997 320
21997 12671 320
12671 15145 320
15145 8627 320
8627 11041 320
11041 786 320
786 27435 320
38709 8518 321
8518 6449 321
6449 4423 321
4423 533 321
533 1514 321
1514 30768 321
30768 40867 321
40867 28245 321
28245 5425 321
5425 10540 321
10540 1556 321
1556 31006 321
31006 30183 321
30183 25585 321
25585 32009 321
32009 29288 321
29288 38565 321
38565 39676 321
39676 11929 321
11929 39675 321
39675 8034 321
8034 39661 321
39661 17512 321
17512 20401 321
20401 24876 321
24876 296 321
296 19163 321
19163 30138 321
30138 1171 321
1171 19507 321
19507 28359 321
28359 5153 321
5153 5899 321
5899 26561 321
26561 31473 321
31473 9790 321
9790 18874 321
18874 37183 321
37183 3259 321
3259 10585 321
32987 8002 322
8002 36895 322
36895 18956 322
18956 13546 322
13546 31866 322
31866 13849 322
13849 7374 322
7374 21727 322
21727 19941 322
19941 38620 322
38620 32506 322
32506 33937 322
33937 1829 322
1829 37420 322
37420 20569 322
20569 6027 322
6027 37531 322
37531 10928 322
10928 18509 322
18509 12411 322
12411 39836 322
39836 40009 322
40009 19430 322
19430 33898 322
33898 14115 322
14115 15132 322
15132 25195 322
25195 40366 322
40366 36806 322
36806 13653 322
13653 34856 322
34856 4491 322
4491 6121 322
6121 24080 322
24080 6442 322
6442 18410 322
18410 40789 322
40789 38353 322
38353 9030 322
9030 18383 322
20532 14909 323
14909 39363 323
39363 34361 323
34361 6576 323
6576 37988 323
37988 5474 323
5474 40591 323
40591 37060 323
37060 23944 323
23944 38318 323
38318 1470 323
1470 27803 323
27803 190 323
190 21024 323
21024 4832 323
4832 5284 323
5284 23284 323
23284 18049 323
18049 38089 323
38089 34980 323
34980 21031 323
21031 18998 323
18998 9968 323
9968 18147 323
18147 12006 323
12006 33210 323
33210 15116 323
15116 6054 323
6054 32158 323
32158 25372 323
25372 28773 323
28773 6074 323
6074 657 323
657 33442 323
33442 34425 323
34425 18196 323
18196 5807 323
5807 27322 323
27322 1421 323
1421 15264 323
405 17820 324
17820 24162 324
24162 5629 324
5629 35922 324
35922 3026 324
3026 16684 324
16684 35023 324
35023 2115 324
2115 31789 324
31789 31056 324
31056 4623 324
4623 14410 324
14410 29105 324
29105 4128 324
4128 38083 324
38083 33233 324
33233 13321 324
13321 7158 324
7158 33179 324
33179 35652 324
35652 13271 324
13271 9975 324
9975 2940 324
2940 6000 324
6000 28382 324
28382 5409 324
5409 15376 324
15376 28750 324
28750 37906 324
37906 38018 324
38018 25531 324
25531 19338 324
19338 28077 324
28077 3749 324
3749 29952 324
29952 21172 324
21172 11798 324
11798 18183 324
18183 39977 324
39977 10252 324
2076 25525 325
25525 31457 325
31457 32225 325
32225 26498 325
26498 36891 325
36891 27731 325
27731 21426 325
21426 7135 325
7135 4813 325
4813 37082 325
37082 31734 325
31734 8351 325
8351 36335 325
36335 33339 325
33339 33742 325
33742 23542 325
23542 11096 325
11096 13341 325
13341 21996 325
21996 9588 325
9588 10622 325
10622 33957 325
33957 2046 325
2046 5785 325
5785 32099 325
32099 22051 325
22051 31504 325
31504 29694 325
29694 23084 325
23084 23855 325
23855 23897 325
23897 10152 325
10152 17431 325
17431 886 325
886 14850 325
14850 35007 325
35007 3046 325
3046 37779 325
37779 2149 325
2149 3187 325
22386 35283 326
35283 4539 326
4539 33494 326
33494 40430 326
40430 17782 326
17782 13931 326
13931 15913 326
15913 35763 326
35763 12107 326
12107 26733 326
26733 1422 326
1422 28222 326
28222 4256 326
4256 15902 326
15902 6704 326
6704 2319 326
2319 24435 326
24435 27246 326
27246 36088 326
36088 30196 326
30196 1823 326
1823 15343 326
15343 9153 326
9153 36038 326
36038 1384 326
1384 27654 326
27654 3882 326
3882 20785 326
20785 39108 326
39108 9372 326
9372 7225 326
7225 1809 326
1809 21928 326
21928 18704 326
18704 39853 326
39853 12918 326
12918 37539 326
37539 26122 326
26122 38631 326
38631 27022 326
30082 40586 327
40586 38473 327
38473 15682 327
15682 34855 327
34855 14417 327
14417 29219 327
29219 5486 327
5486 28992 327
28992 21911 327
21911 27153 327
27153 29368 327
29368 15496 327
15496 28664 327
28664 22559 327
22559 8128 327
8128 39438 327
39438 20761 327
20761 8941 327
8941 25253 327
25253 30527 327
30527 1667 327
1667 28630 327
28630 27599 327
27599 11989 327
11989 28428 327
28428 28523 327
28523 12049 327
12049 6919 327
6919 15213 327
15213 20767 327
20767 27457 327
27457 36845 327
36845 19645 327
19645 2460 327
2460 13634 327
13634 33045 327
33045 25774 327
25774 3928 327
3928 11788 327
11788 28517 327
3783 103 328
103 39606 328
39606 763 328
763 28983 328
28983 33471 328
33471 915 328
915 2003 328
2003 19493 328
19493 34049 328
34049 5610 328
5610 31819 328
31819 24147 328
24147 39371 328
39371 37566 328
37566 2631 328
2631 34459 328
34459 39015 328
39015 9387 328
9387 32989 328
32989 20630 328
20630 4131 328
4131 14671 328
14671 36807 328
36807 8886 328
8886 22935 328
22935 38993 328
38993 26283 328
26283 4547 328
4547 8281 328
8281 26006 328
26006 3454 328
3454 13897 328
13897 29907 328
29907 36859 328
36859 3725 328
3725 35418 328
35418 26921 328
26921 34081 328
34081 24773 328
24773 27813 328
19006 29603 329
29603 10131 329
10131 39855 329
39855 33882 329
33882 26718 329
26718 2917 329
2917 37437 329
37437 6033 329
6033 5554 329
5554 1975 329
1975 4061 329
4061 9206 329
9206 40741 329
40741 12191 329
12191 23270 329
23270 26039 329
26039 23738 329
23738 2758 329
2758 16699 329
16699 21789 329
21789 39334 329
39334 36578 329
36578 38742 329
38742 27156 329
27156 27700 329
27700 11598 329
11598 36217 329
36217 13506 329
13506 35665 329
35665 28300 329
28300 2554 329
2554 10008 329
10008 6756 329
6756 10609 329
10609 34273 329
34273 20496 329
20496 32863 329
32863 27261 329
27261 19084 329
19084 18205 329
30926 30194 330
30194 4307 330
4307 18774 330
18774 21550 330
21550 6708 330
6708 34405 330
34405 33498 330
33498 29879 330
29879 9565 330
9565 16419 330
16419 6675 330
6675 19232 330
19232 38474 330
38474 23445 330
23445 16215 330
16215 9526 330
9526 38098 330
38098 1943 330
1943 19688 330
19688 3133 330
3133 21814 330
21814 15552 330
15552 29667 330
29667 14500 330
14500 6591 330
6591 8693 330
8693 37627 330
37627 22950 330
22950 18691 330
18691 4209 330
4209 11387 330
11387 33908 330
33908 3934 330
3934 39534 330
39534 16572 330
16572 19855 330
19855 11153 330
11153 37041 330
37041 9021 330
9021 2318 330
24668 18972 331
18972 9168 331
9168 33750 331
33750 9931 331
9931 34267 331
34267 37583 331
37583 2252 331
2252 25094 331
25094 29512 331
29512 6988 331
6988 28304 331
28304 17559 331
17559 23939 331
23939 15 331
15 13134 331
13134 383 331
383 13534 331
13534 17265 331
17265 33519 331
33519 30659 331
30659 30186 331
30186 20040 331
20040 5167 331
5167 5661 331
5661 1439 331
1439 8093 331
8093 15394 331
15394 37692 331
37692 9561 331
9561 31007 331
31007 40292 331
40292 36865 331
36865 4034 331
4034 31999 331
31999 32540 331
32540 34096 331
34096 5956 331
5956 19527 331
19527 20437 331
20437 12302 331
8055 38838 332
38838 15309 332
15309 7724 332
7724 20943 332
20943 15460 332
15460 5526 332
5526 32304 332
32304 12488 332
12488 29362 332
29362 32631 332
32631 1038 332
1038 15058 332
15058 19440 332
19440 22902 332
22902 3452 332
3452 30645 332
30645 18322 332
18322 4329 332
4329 17025 332
17025 6100 332
6100 2724 332
2724 26795 332
26795 18659 332
18659 29477 332
29477 40517 332
40517 17294 332
17294 9308 332
9308 33698 332
33698 5056 332
5056 38431 332
38431 7479 332
7479 10748 332
10748 22243 332
22243 8684 332
8684 22861 332
22861 16795 332
16795 3030 332
3030 34261 332
34261 24272 332
24272 20730 332
13832 5473 333
5473 24186 333
24186 31312 333
31312 26394 333
26394 7429 333
7429 17544 333
17544 17373 333
17373 14579 333
14579 39671 333
39671 40720 333
40720 40090 333
40090 34807 333
34807 15068 333
15068 12138 333
12138 14949 333
14949 19264 333
19264 26968 333
26968 16871 333
16871 16271 333
16271 28962 333
28962 38863 333
38863 20451 333
20451 24084 333
24084 4920 333
4920 17859 333
17859 37169 333
37169 24516 333
24516 33290 333
33290 19775 333
19775 4142 333
4142 36340 333
36340 37601 333
37601 39491 333
39491 21141 333
21141 13139 333
13139 31335 333
31335 37014 333
37014 4076 333
4076 14413 333
14413 34936 333
40662 13086 334
13086 36876 334
36876 10310 334
10310 18933 334
18933 38399 334
38399 27688 334
27688 22376 334
22376 13853 334
13853 10075 334
10075 17022 334
17022 36073 334
36073 21186 334
21186 31712 334
31712 35540 334
35540 17742 334
17742 17504 334
17504 4315 334
4315 36032 334
36032 882 334
882 30239 334
30239 18887 334
18887 10104 334
10104 17242 334
17242 9472 334
9472 11651 334
11651 21755 334
21755 25098 334
25098 38036 334
38036 17313 334
17313 23438 334
23438 22959 334
22959 10125 334
10125 10357 334
10357 37386 334
37386 25548 334
25548 18120 334
18120 24496 334
24496 15025 334
15025 36644 334
36644 39341 334
27893 527 335
527 2544 335
2544 2702 335
2702 5554 335
5554 23513 335
23513 13922 335
13922 10391 335
10391 27471 335
27471 25436 335
25436 1784 335
1784 25277 335
25277 17766 335
17766 22080 335
22080 4872 335
4872 12602 335
12602 17869 335
17869 33939 335
33939 37014 335
37014 38296 335
38296 8397 335
8397 23134 335
23134 23515 335
23515 742 335
742 22454 335
22454 12925 335
12925 10155 335
10155 22289 335
22289 40540 335
40540 36964 335
36964 16542 335
16542 308 335
308 25439 335
25439 19092 335
19092 39418 335
39418 27144 335
27144 2973 335
2973 30663 335
30663 25339 335
25339 13071 335
13071 1882 335
7726 11162 336
11162 33012 336
33012 27905 336
27905 2806 336
2806 9176 336
9176 30917 336
30917 31036 336
31036 24321 336
24321 15952 336
15952 1058 336
1058 9185 336
9185 5397 336
5397 16140 336
16140 38853 336
38853 30153 336
30153 6123 336
6123 32208 336
32208 29592 336
29592 7757 336
7757 34069 336
34069 24494 336
24494 14887 336
14887 38675 336
38675 28515 336
28515 34469 336
34469 3167 336
3167 21599 336
21599 642 336
642 3039 336
3039 8337 336
8337 36471 336
36471 34962 336
34962 15719 336
15719 29373 336
29373 7728 336
7728 17385 336
17385 21148 336
21148 35336 336
35336 40644 336
40644 36396 336
22757 28639 337
28639 38249 337
38249 26780 337
26780 11169 337
11169 24680 337
24680 19595 337
19595 2369 337
2369 10187 337
10187 28513 337
28513 2928 337
2928 36927 337
36927 20458 337
20458 32756 337
32756 39217 337
39217 35630 337
35630 25386 337
25386 1858 337
1858 22514 337
22514 30098 337
30098 15581 337
15581 35640 337
35640 16124 337
16124 35458 337
35458 3665 337
3665 6654 337
6654 3916 337
3916 9003 337
9003 26125 337
26125 19442 337
19442 40467 337
40467 37276 337
37276 22586 337
22586 13669 337
13669 3282 337
3282 34073 337
34073 26950 337
26950 8847 337
8847 2808 337
2808 11949 337
11949 37554 337
9958 37501 338
37501 20652 338
20652 7366 338
7366 23418 338
23418 36334 338
36334 8279 338
8279 26523 338
26523 33846 338
33846 22363 338
22363 39159 338
39159 8054 338
8054 30563 338
30563 12917 338
12917 11486 338
11486 13425 338
13425 30833 338
30833 3937 338
3937 26031 338
26031 13231 338
13231 36249 338
36249 32552 338
32552 1891 338
1891 359 338
359 26274 338
26274 2704 338
2704 21244 338
21244 7334 338
7334 40111 338
40111 37870 338
37870 30562 338
30562 19771 338
19771 38971 338
38971 28519 338
28519 2695 338
2695 36418 338
36418 36457 338
36457 30366 338
30366 4781 338
4781 23610 338
23610 19394 338
32247 17321 339
17321 11394 339
11394 13047 339
13047 18296 339
18296 2495 339
2495 828 339
828 14965 339
14965 39561 339
39561 29602 339
29602 40099 339
40099 31396 339
31396 3169 339
3169 19767 339
19767 138 339
138 16353 339
16353 5141 339
5141 30471 339
30471 17680 339
17680 34692 339
34692 25986 339
25986 27593 339
27593 12993 339
12993 24333 339
24333 10803 339
10803 38503 339
38503 37992 339
37992 17962 339
17962 23985 339
23985 31956 339
31956 16371 339
16371 14548 339
14548 14362 339
14362 13360 339
13360 35304 339
35304 20643 339
20643 38688 339
38688 38015 339
38015 28790 339
28790 27336 339
27336 23082 339
28364 36632 340
36632 7873 340
7873 32415 340
32415 19416 340
19416 16918 340
16918 37498 340
37498 11568 340
11568 24205 340
24205 20264 340
20264 14326 340
14326 25592 340
25592 9562 340
9562 1150 340
1150 3324 340
3324 293 340
293 26044 340
26044 36571 340
36571 3153 340
3153 30858 340
30858 429 340
429 34545 340
34545 30383 340
30383 37447 340
37447 4952 340
4952 5199 340
5199 36855 340
36855 26001 340
26001 28180 340
28180 23096 340
23096 12528 340
12528 39423 340
39423 32231 340
32231 10724 340
10724 10624 340
10624 7956 340
7956 5863 340
5863 1459 340
1459 38494 340
38494 25743 340
25743 15458 340
1148 6402 341
6402 12076 341
12076 14638 341
14638 34465 341
34465 14643 341
14643 29811 341
29811 23377 341
23377 12548 341
12548 22813 341
22813 3107 341
3107 29310 341
29310 19323 341
19323 27180 341
27180 39193 341
39193 31295 341
31295 35327 341
35327 30646 341
30646 27162 341
27162 23112 341
23112 3537 341
3537 19605 341
19605 17737 341
17737 10618 341
10618 16710 341
16710 37771 341
37771 487 341
487 40061 341
40061 13675 341
13675 35485 341
35485 37796 341
37796 34105 341
34105 11229 341
11229 27894 341
27894 7887 341
7887 14937 341
14937 40055 341
40055 19410 341
19410 22268 341
22268 24909 341
24909 26550 341
30656 36991 342
36991 39493 342
39493 11680 342
11680 32564 342
32564 11042 342
11042 24622 342
24622 34829 342
34829 36855 342
36855 23487 342
23487 28747 342
28747 36132 342
36132 38597 342
38597 17711 342
17711 32920 342
32920 33696 342
33696 38656 342
38656 27581 342
27581 26258 342
26258 479 342
479 13745 342
13745 21412 342
21412 6926 342
6926 35209 342
35209 18830 342
18830 22278 342
22278 9183 342
9183 21367 342
21367 20623 342
20623 39302 342
39302 26726 342
26726 23360 342
23360 39693 342
39693 37151 342
37151 28008 342
28008 21988 342
21988 12935 342
12935 29756 342
29756 33202 342
33202 31782 342
31782 33338 342
28490 16192 343
16192 22646 343
22646 19602 343
19602 11434 343
11434 2851 343
2851 21438 343
21438 20396 343
20396 5757 343
5757 521 343
521 7491 343
7491 36761 343
36761 2240 343
2240 12665 343
12665 25788 343
25788 14772 343
14772 16369 343
16369 4235 343
4235 9382 343
9382 5946 343
5946 18203 343
18203 28601 343
28601 34717 343
34717 12981 343
12981 2077 343
2077 17590 343
17590 36317 343
36317 8396 343
8396 2015 343
2015 38989 343
38989 28279 343
28279 15337 343
15337 140 343
140 7793 343
7793 5776 343
5776 27929 343
27929 15700 343
15700 18535 343
18535 40657 343
40657 31920 343
31920 1584 343
23735 40240 344
40240 39045 344
39045 17597 344
17597 31702 344
31702 24775 344
24775 31131 344
31131 1402 344
1402 10334 344
10334 21112 344
21112 39203 344
39203 40770 344
40770 26588 344
26588 2921 344
2921 10082 344
10082 8390 344
8390 30918 344
30918 39457 344
39457 31412 344
31412 40504 344
40504 20875 344
20875 13854 344
13854 12380 344
12380 23272 344
23272 1375 344
1375 31943 344
31943 38306 344
38306 8565 344
8565 7516 344
7516 25823 344
25823 40538 344
40538 5200 344
5200 36691 344
36691 2408 344
2408 30128 344
30128 19998 344
19998 17147 344
17147 6709 344
6709 14640 344
14640 31164 344
31164 14401 344
12285 23022 345
23022 36858 345
36858 8295 345
8295 11608 345
11608 27297 345
27297 14429 345
14429 32734 345
32734 679 345
679 32842 345
32842 15585 345
15585 3997 345
3997 39249 345
39249 16960 345
16960 34861 345
34861 25848 345
25848 39192 345
39192 16684 345
16684 15507 345
15507 351 345
351 35154 345
35154 26575 345
26575 33962 345
33962 31410 345
31410 24466 345
24466 11965 345
11965 31626 345
31626 37555 345
37555 10208 345
10208 38477 345
38477 15569 345
15569 13826 345
13826 16541 345
16541 16080 345
16080 28934 345
28934 38040 345
38040 25005 345
25005 26211 345
26211 33652 345
33652 2268 345
2268 36921 345
8844 30178 346
30178 6741 346
6741 24378 346
24378 17622 346
17622 12712 346
12712 34017 346
34017 33185 346
33185 14796 346
14796 26589 346
26589 15778 346
15778 29530 346
29530 14753 346
14753 31067 346
31067 16794 346
16794 28710 346
28710 40040 346
40040 9556 346
9556 35602 346
35602 27624 346
27624 27930 346
27930 11790 346
11790 22481 346
22481 17233 346
17233 26673 346
26673 1304 346
1304 22228 346
22228 28859 346
28859 20639 346
20639 21697 346
21697 4473 346
4473 25328 346
25328 21325 346
21325 7484 346
7484 25889 346
25889 2197 346
2197 4439 346
4439 8270 346
8270 18020 346
18020 198 346
198 3170 346
19405 7319 347
7319 32676 347
32676 39805 347
39805 17997 347
17997 21566 347
21566 29907 347
29907 38667 347
38667 20456 347
20456 31866 347
31866 11821 347
11821 40008 347
40008 3320 347
3320 39348 347
39348 4300 347
4300 15710 347
15710 28979 347
28979 34522 347
34522 31300 347
31300 32269 347
32269 13902 347
13902 29648 347
29648 25012 347
25012 15724 347
15724 2018 347
2018 15712 347
15712 4469 347
4469 35424 347
35424 22848 347
22848 19561 347
19561 38028 347
38028 4871 347
4871 9595 347
9595 18607 347
18607 39249 347
39249 26066 347
26066 26064 347
26064 1012 347
1012 4936 347
4936 39553 347
39553 4169 347
50 4092 348
4092 16633 348
16633 39179 348
39179 40621 348
40621 8809 348
8809 11552 348
11552 24596 348
24596 21581 348
21581 650 348
650 39121 348
39121 21976 348
21976 12630 348
12630 23523 348
23523 19570 348
19570 20242 348
20242 34700 348
34700 36423 348
36423 14427 348
14427 10949 348
10949 15013 348
15013 12273 348
12273 37241 348
37241 3725 348
3725 21206 348
21206 6322 348
6322 40212 348
40212 24608 348
24608 11503 348
11503 13090 348
13090 17407 348
17407 13141 348
13141 24195 348
24195 38412 348
38412 29243 348
29243 10821 348
10821 17743 348
17743 23855 348
23855 25369 348
25369 5035 348
5035 31930 348
15876 5380 349
5380 17090 349
17090 12278 349
12278 14359 349
14359 31044 349
31044 30875 349
30875 21815 349
21815 11791 349
11791 3281 349
3281 10040 349
10040 27771 349
27771 29801 349
29801 13345 349
13345 1542 349
1542 25022 349
25022 10507 349
10507 2816 349
2816 1483 349
1483 1362 349
1362 36752 349
36752 2233 349
2233 16296 349
16296 10462 349
10462 32179 349
32179 7528 349
7528 21833 349
21833 28780 349
28780 19138 349
19138 17328 349
17328 7605 349
7605 33229 349
33229 32765 349
32765 35043 349
35043 14159 349
14159 36068 349
36068 20554 349
20554 15445 349
15445 16650 349
16650 10261 349
10261 2522 349
39081 29638 350
29638 9727 350
9727 7313 350
7313 36711 350
36711 12190 350
12190 18429 350
18429 29032 350
29032 30658 350
30658 30191 350
30191 8034 350
8034 23517 350
23517 32012 350
32012 37127 350
37127 19015 350
19015 5711 350
5711 3613 350
3613 24568 350
24568 23895 350
23895 38380 350
38380 12822 350
12822 6026 350
6026 32649 350
32649 3965 350
3965 5518 350
5518 26527 350
26527 13791 350
13791 30418 350
30418 40046 350
40046 38513 350
38513 39458 350
39458 32818 350
32818 34391 350
34391 5699 350
5699 38782 350
38782 27450 350
27450 17783 350
17783 7806 350
7806 36042 350
36042 7616 350
7616 14608 350
34706 36570 351
36570 5275 351
5275 34595 351
34595 3021 351
3021 35336 351
35336 5317 351
5317 6262 351
6262 39058 351
39058 5373 351
5373 11239 351
11239 31063 351
31063 7383 351
7383 19865 351
19865 38913 351
38913 4567 351
4567 8323 351
8323 32920 351
32920 21100 351
21100 22976 351
22976 13878 351
13878 40412 351
40412 774 351
774 22100 351
22100 2236 351
2236 35442 351
35442 1119 351
1119 17974 351
17974 35206 351
35206 29161 351
29161 35945 351
35945 25052 351
25052 25544 351
25544 38877 351
38877 3886 351
3886 6143 351
6143 36450 351
36450 21284 351
21284 26816 351
26816 38281 351
38281 21212 351
6300 22206 352
22206 11801 352
11801 21250 352
21250 16419 352
16419 10944 352
10944 6716 352
6716 6214 352
6214 31819 352
31819 28460 352
28460 27098 352
27098 15352 352
15352 29399 352
29399 26608 352
26608 19308 352
19308 25991 352
25991 22496 352
22496 2209 352
2209 5237 352
5237 8187 352
8187 8594 352
8594 2849 352
2849 16142 352
16142 8543 352
8543 40512 352
40512 36665 352
36665 14600 352
14600 30243 352
30243 10989 352
10989 30014 352
30014 37446 352
37446 34232 352
34232 3708 352
3708 20135 352
20135 32382 352
32382 22915 352
22915 20667 352
20667 22420 352
22420 34580 352
34580 7891 352
7891 14813 352
920 4010 353
4010 13396 353
13396 38559 353
38559 27569 353
27569 7176 353
7176 20447 353
20447 3343 353
3343 36868 353
36868 9454 353
9454 19085 353
19085 1085 353
1085 12232 353
12232 6406 353
6406 32997 353
32997 37364 353
37364 4451 353
4451 18875 353
18875 8370 353
8370 13008 353
13008 29208 353
29208 15669 353
15669 16906 353
16906 16245 353
16245 18201 353
18201 9467 353
9467 18475 353
18475 35659 353
35659 13446 353
13446 15467 353
15467 6093 353
6093 24332 353
24332 38209 353
38209 32819 353
32819 14894 353
14894 26890 353
26890 38020 353
38020 22818 353
22818 12447 353
12447 15643 353
15643 11504 353
31199 1316 354
1316 20258 354
20258 36594 354
36594 19378 354
19378 3063 354
3063 2393 354
2393 31286 354
31286 26180 354
26180 11047 354
11047 12641 354
12641 14449 354
14449 8396 354
8396 12712 354
12712 40285 354
40285 6440 354
6440 10981 354
10981 35565 354
35565 28001 354
28001 24226 354
24226 3734 354
3734 34981 354
34981 14907 354
14907 31428 354
31428 31401 354
31401 24728 354
24728 3818 354
3818 9309 354
9309 24036 354
24036 7503 354
7503 9821 354
9821 15460 354
15460 4658 354
4658 27289 354
27289 23008 354
23008 7853 354
7853 35938 354
35938 11258 354
11258 29779 354
29779 26158 354
26158 35198 354
15361 29374 355
29374 14169 355
14169 31069 355
31069 29005 355
29005 2982 355
2982 31784 355
31784 3407 355
3407 24263 355
24263 10328 355
10328 27564 355
27564 6099 355
6099 4752 355
4752 26891 355
26891 3896 355
3896 28551 355
28551 13790 355
13790 39794 355
39794 4994 355
4994 37580 355
37580 12561 355
12561 17146 355
17146 18901 355
18901 4722 355
4722 6569 355
6569 34158 355
34158 13427 355
13427 32123 355
32123 35039 355
35039 38864 355
38864 2348 355
2348 17026 355
17026 36514 355
36514 15673 355
15673 38905 355
38905 19743 355
19743 4524 355
4524 32143 355
32143 26319 355
26319 15674 355
15674 35427 355
39088 27222 356
27222 9807 356
9807 24399 356
24399 19755 356
19755 17653 356
17653 2851 356
2851 28821 356
28821 8905 356
8905 22357 356
22357 29761 356
29761 11031 356
11031 27875 356
27875 3174 356
3174 13831 356
13831 30112 356
30112 20150 356
20150 12273 356
12273 4451 356
4451 25201 356
25201 29019 356
29019 20328 356
20328 26764 356
26764 39363 356
39363 27103 356
27103 18065 356
18065 1257 356
1257 2143 356
2143 15049 356
15049 9639 356
9639 26878 356
26878 22317 356
22317 7539 356
7539 18865 356
18865 30707 356
30707 15821 356
15821 24496 356
24496 32757 356
32757 8270 356
8270 16350 356
16350 22622 356
1944 26813 357
26813 30819 357
30819 864 357
864 14272 357
14272 40969 357
40969 15764 357
15764 22078 357
22078 11603 357
11603 40933 357
40933 39765 357
39765 28284 357
28284 27541 357
27541 26480 357
26480 8990 357
8990 10807 357
10807 39265 357
39265 16209 357
16209 10381 357
10381 34525 357
34525 11451 357
11451 29938 357
29938 25413 357
25413 22791 357
22791 17937 357
17937 3268 357
3268 36441 357
36441 22553 357
22553 6560 357
6560 28450 357
28450 11020 357
11020 37839 357
37839 22092 357
22092 29290 357
29290 20656 357
20656 38554 357
38554 24055 357
24055 34038 357
34038 15385 357
15385 31637 357
31637 6867 357
27819 25550 358
25550 1761 358
1761 19353 358
19353 464 358
464 23645 358
23645 34364 358
34364 8072 358
8072 30162 358
30162 16650 358
16650 12456 358
12456 12407 358
12407 40727 358
40727 32272 358
32272 26960 358
26960 26422 358
26422 11661 358
11661 18321 358
18321 30538 358
30538 26289 358
26289 20994 358
20994 3600 358
3600 12457 358
12457 22005 358
22005 37954 358
37954 332 358
332 24531 358
24531 15588 358
15588 18550 358
18550 30775 358
30775 27422 358
27422 40398 358
40398 1117 358
1117 23812 358
23812 8629 358
8629 38001 358
38001 27705 358
27705 24823 358
24823 2259 358
2259 27894 358
27894 3924 358
23775 12056 359
12056 21874 359
21874 2403 359
2403 24355 359
24355 20274 359
20274 12633 359
12633 28699 359
28699 17606 359
17606 11342 359
11342 13736 359
13736 15491 359
15491 6233 359
6233 28875 359
28875 9158 359
9158 28398 359
28398 38938 359
38938 13397 359
13397 40810 359
40810 23357 359
23357 36972 359
36972 22789 359
22789 38906 359
38906 9224 359
9224 4483 359
4483 40178 359
40178 40931 359
40931 3343 359
3343 28326 359
28326 6937 359
6937 7592 359
7592 20233 359
20233 8595 359
8595 6294 359
6294 1702 359
1702 4051 359
4051 35950 359
35950 868 359
868 11990 359
11990 31650 359
31650 29773 359
10942 9874 360
9874 21970 360
21970 13939 360
13939 20632 360
20632 29816 360
29816 36324 360
36324 13672 360
13672 17663 360
17663 3178 360
3178 15823 360
15823 19382 360
19382 40148 360
40148 4041 360
4041 38694 360
38694 21885 360
21885 25001 360
25001 9045 360
9045 29921 360
29921 2273 360
2273 16703 360
16703 2078 360
2078 20614 360
20614 18588 360
18588 25053 360
25053 3893 360
3893 6358 360
6358 10400 360
10400 10509 360
10509 13559 360
13559 26944 360
26944 30216 360
30216 8725 360
8725 35237 360
35237 21379 360
21379 25988 360
25988 2414 360
2414 10682 360
10682 37294 360
37294 34078 360
34078 12203 360
36791 11871 361
11871 37253 361
37253 13806 361
13806 14785 361
14785 34018 361
34018 1891 361
1891 9043 361
9043 179 361
179 37034 361
37034 28094 361
28094 38528 361
38528 25334 361
25334 35524 361
35524 21892 361
21892 120 361
120 10334 361
10334 22455 361
22455 17470 361
17470 8011 361
8011 23262 361
23262 39381 361
39381 32384 361
32384 31213 361
31213 17908 361
17908 20216 361
20216 11409 361
11409 19261 361
19261 17511 361
17511 11720 361
11720 570 361
570 7088 361
7088 1685 361
1685 33351 361
33351 20944 361
20944 11190 361
11190 40122 361
40122 4005 361
4005 14094 361
14094 22072 361
22072 12770 361
28654 34596 362
34596 14345 362
14345 18389 362
18389 17100 362
17100 27437 362
27437 18038 362
18038 23473 362
23473 18379 362
18379 26815 362
26815 37347 362
37347 19359 362
19359 21670 362
21670 15498 362
15498 10164 362
10164 32927 362
32927 40382 362
40382 2015 362
2015 12143 362
12143 34322 362
34322 26835 362
26835 27024 362
27024 26546 362
26546 26562 362
26562 25819 362
25819 8521 362
8521 7130 362
7130 35536 362
35536 39908 362
39908 10010 362
10010 4937 362
4937 37135 362
37135 11351 362
11351 34066 362
34066 18716 362
18716 4112 362
4112 20279 362
20279 645 362
645 20873 362
20873 35549 362
35549 11389 362
28428 34508 363
34508 21 363
21 39017 363
39017 33265 363
33265 34071 363
34071 29788 363
29788 20280 363
20280 30528 363
30528 17924 363
17924 14665 363
14665 9483 363
9483 18110 363
18110 39555 363
39555 34396 363
34396 26986 363
26986 19005 363
19005 25324 363
25324 40812 363
40812 23857 363
23857 23943 363
23943 14049 363
14049 31916 363
31916 11949 363
11949 27159 363
27159 762 363
762 27875 363
27875 3226 363
3226 32518 363
32518 8520 363
8520 7188 363
7188 5873 363
5873 11870 363
11870 15915 363
15915 10066 363
10066 8234 363
8234 15193 363
15193 18717 363
18717 12159 363
12159 38012 363
38012 6556 363
36202 22978 364
22978 11952 364
11952 9375 364
9375 9874 364
9874 3135 364
3135 6075 364
6075 18523 364
18523 38577 364
38577 4440 364
4440 24231 364
24231 39633 364
39633 36911 364
36911 40110 364
40110 38541 364
38541 29884 364
29884 34396 364
34396 22441 364
22441 159 364
159 22634 364
22634 15747 364
15747 32282 364
32282 12535 364
12535 40615 364
40615 753 364
753 26288 364
26288 4266 364
4266 2671 364
2671 469 364
469 33511 364
33511 30296 364
30296 30668 364
30668 21018 364
21018 32852 364
32852 38943 364
38943 4438 364
4438 28659 364
28659 13590 364
13590 12419 364
12419 31300 364
31300 25704 364
20400 23440 365
23440 23931 365
23931 34445 365
34445 38605 365
38605 35616 365
35616 33693 365
33693 21375 365
21375 18906 365
18906 32274 365
32274 39158 365
39158 37382 365
37382 19824 365
19824 4835 365
4835 10979 365
10979 14533 365
14533 36501 365
36501 34421 365
34421 1548 365
1548 10368 365
10368 31237 365
31237 36389 365
36389 11446 365
11446 37093 365
37093 10199 365
10199 29592 365
29592 22061 365
22061 40161 365
40161 5049 365
5049 34890 365
34890 19120 365
19120 18884 365
18884 36191 365
36191 38544 365
38544 27613 365
27613 3554 365
3554 20969 365
20969 8297 365
8297 17435 365
17435 13147 365
13147 36744 365
31244 4418 366
4418 14211 366
14211 34272 366
34272 35507 366
35507 8448 366
8448 11710 366
11710 12915 366
12915 12128 366
12128 20713 366
20713 23443 366
23443 12761 366
12761 3991 366
3991 37720 366
37720 8128 366
8128 20033 366
20033 21242 366
21242 38987 366
38987 28866 366
28866 22765 366
22765 38163 366
38163 6850 366
6850 18841 366
18841 14658 366
14658 4163 366
4163 24076 366
24076 38519 366
38519 6794 366
6794 30046 366
30046 8365 366
8365 35161 366
35161 13722 366
13722 32366 366
32366 39253 366
39253 6865 366
6865 12474 366
12474 33998 366
33998 26067 366
26067 3163 366
3163 31740 366
31740 8727 366
22062 39329 367
39329 3481 367
3481 28367 367
28367 13083 367
13083 2318 367
2318 39259 367
39259 26426 367
26426 5456 367
5456 10825 367
10825 21370 367
21370 39581 367
39581 6685 367
6685 15777 367
15777 21677 367
21677 16537 367
16537 1009 367
1009 28466 367
28466 34358 367
34358 28144 367
28144 1589 367
1589 17109 367
17109 22372 367
22372 13465 367
13465 23462 367
23462 14970 367
14970 15487 367
15487 8823 367
8823 18213 367
18213 5241 367
5241 26707 367
26707 35664 367
35664 8248 367
8248 17478 367
17478 29140 367
29140 33345 367
33345 3904 367
3904 30751 367
30751 15193 367
15193 19134 367
19134 7210 367
23055 38982 368
38982 15526 368
15526 16872 368
16872 3784 368
3784 18462 368
18462 22211 368
22211 34700 368
34700 12054 368
12054 35223 368
35223 19641 368
19641 5113 368
5113 14832 368
14832 1449 368
1449 36137 368
36137 26754 368
26754 28304 368
28304 13001 368
13001 13362 368
13362 12522 368
12522 6825 368
6825 35323 368
35323 23269 368
23269 2596 368
2596 10713 368
10713 39197 368
39197 38179 368
38179 29569 368
29569 4884 368
4884 36949 368
36949 22947 368
22947 14518 368
14518 2151 368
2151 32321 368
32321 115 368
115 9801 368
9801 23482 368
23482 2458 368
2458 2645 368
2645 8600 368
8600 17979 368
28573 31384 369
31384 36680 369
36680 15063 369
15063 4864 369
4864 33171 369
33171 13890 369
13890 13464 369
13464 24787 369
24787 13919 369
13919 12707 369
12707 38566 369
38566 16594 369
16594 24866 369
24866 21539 369
21539 3465 369
3465 1315 369
1315 19680 369
19680 2188 369
2188 1689 369
1689 39135 369
39135 21661 369
21661 15181 369
15181 27926 369
27926 34003 369
34003 5412 369
5412 29049 369
29049 12971 369
12971 34112 369
34112 36599 369
36599 8527 369
8527 40039 369
40039 40491 369
40491 40047 369
40047 7648 369
7648 551 369
551 18235 369
18235 10489 369
10489 16860 369
16860 40258 369
40258 5072 369
8911 20051 370
20051 31737 370
31737 27764 370
27764 21192 370
21192 25468 370
25468 22255 370
22255 22588 370
22588 2821 370
2821 33354 370
33354 21059 370
21059 8873 370
8873 13962 370
13962 18432 370
18432 36592 370
36592 590 370
590 35784 370
35784 30467 370
30467 4540 370
4540 38217 370
38217 28545 370
28545 1071 370
1071 15750 370
15750 14783 370
14783 6858 370
6858 23853 370
23853 12669 370
12669 31504 370
31504 38533 370
38533 21309 370
21309 7045 370
7045 5203 370
5203 7138 370
7138 7007 370
7007 17237 370
17237 67 370
67 10618 370
10618 891 370
891 31691 370
31691 1626 370
1626 19272 370
17089 30970 371
30970 32845 371
32845 35160 371
35160 8178 371
8178 18491 371
18491 18581 371
18581 13345 371
13345 11348 371
11348 1822 371
1822 39339 371
39339 22668 371
22668 1760 371
1760 12721 371
12721 12367 371
12367 30480 371
30480 38624 371
38624 26738 371
26738 6373 371
6373 37272 371
37272 6203 371
6203 14100 371
14100 26965 371
26965 35842 371
35842 35563 371
35563 20047 371
20047 24468 371
24468 32175 371
32175 24911 371
24911 7679 371
7679 25186 371
25186 1993 371
1993 5019 371
5019 18665 371
18665 6921 371
6921 28643 371
28643 20165 371
20165 26393 371
26393 19278 371
19278 28035 371
28035 24281 371
25648 12846 372
12846 30688 372
30688 821 372
821 30798 372
30798 25806 372
25806 13443 372
13443 19500 372
19500 30701 372
30701 36307 372
36307 17452 372
17452 6629 372
6629 19334 372
19334 25943 372
25943 33763 372
33763 350 372
350 37676 372
37676 36839 372
36839 995 372
995 14580 372
14580 736 372
736 34633 372
34633 5896 372
5896 8560 372
8560 3123 372
3123 14467 372
14467 1935 372
1935 4051 372
4051 11890 372
11890 17400 372
17400 2522 372
2522 18724 372
18724 10322 372
10322 34426 372
34426 19632 372
19632 5761 372
5761 3317 372
3317 14956 372
14956 19296 372
19296 8608 372
8608 9738 372
35024 19856 373
19856 10381 373
10381 16949 373
16949 24007 373
24007 17279 373
17279 36312 373
36312 37324 373
37324 32790 373
32790 22443 373
22443 19901 373
19901 35825 373
35825 7756 373
7756 9755 373
9755 20465 373
20465 14153 373
14153 7073 373
7073 36567 373
36567 32715 373
32715 11426 373
11426 30964 373
30964 29751 373
29751 15059 373
15059 25074 373
25074 29652 373
29652 4271 373
4271 6372 373
6372 29116 373
29116 33487 373
33487 4305 373
4305 37941 373
37941 37054 373
37054 19805 373
19805 4340 373
4340 4930 373
4930 1261 373
1261 11530 373
11530 14399 373
14399 7923 373
7923 29243 373
29243 32732 373
22593 15391 374
15391 36738 374
36738 36671 374
36671 22805 374
22805 6577 374
6577 28425 374
28425 38554 374
38554 21998 374
21998 2476 374
2476 19898 374
19898 32981 374
32981 32530 374
32530 23031 374
23031 24538 374
24538 20218 374
20218 10871 374
10871 9025 374
9025 9668 374
9668 33224 374
33224 8098 374
8098 32783 374
32783 31502 374
31502 16297 374
16297 34205 374
34205 33670 374
33670 26648 374
26648 24248 374
24248 6075 374
6075 7350 374
7350 13271 374
13271 10357 374
10357 20934 374
20934 39841 374
39841 3548 374
3548 35039 374
35039 3918 374
3918 35706 374
35706 18547 374
18547 20882 374
20882 217 374
11907 27638 375
27638 38457 375
38457 4859 375
4859 5334 375
5334 30770 375
30770 22464 375
22464 7831 375
7831 39420 375
39420 31185 375
31185 3357 375
3357 10078 375
10078 23178 375
23178 36489 375
36489 17402 375
17402 25836 375
25836 36712 375
36712 12484 375
12484 6628 375
6628 12751 375
12751 34526 375
34526 4679 375
4679 20469 375
20469 38434 375
38434 13353 375
13353 40367 375
40367 1745 375
1745 10379 375
10379 24763 375
24763 30980 375
30980 21258 375
21258 10403 375
10403 3333 375
3333 10611 375
10611 39638 375
39638 4877 375
4877 31181 375
31181 40412 375
40412 26845 375
26845 31022 375
31022 37635 375
18487 26731 376
26731 1924 376
1924 16190 376
16190 39112 376
39112 17750 376
17750 39072 376
39072 31636 376
31636 26845 376
26845 33179 376
33179 9491 376
9491 37807 376
37807 36268 376
36268 30443 376
30443 32911 376
32911 11339 376
11339 17440 376
17440 12639 376
12639 3919 376
3919 33582 376
33582 24911 376
24911 18334 376
18334 7285 376
7285 26953 376
26953 17960 376
17960 9498 376
9498 38284 376
38284 31258 376
31258 14577 376
14577 7679 376
7679 24480 376
24480 7737 376
7737 16994 376
16994 4383 376
4383 17991 376
17991 22380 376
22380 13209 376
13209 19175 376
19175 2431 376
2431 21306 376
21306 28813 376
12228 21164 377
21164 29556 377
29556 22342 377
22342 38478 377
38478 28810 377
28810 29775 377
29775 23294 377
23294 31672 377
31672 18445 377
18445 4747 377
4747 11501 377
11501 24211 377
24211 26681 377
26681 6988 377
6988 161 377
161 10774 377
10774 22927 377
22927 442 377
442 21721 377
21721 37495 377
37495 21013 377
21013 34373 377
34373 33855 377
33855 36682 377
36682 27885 377
27885 13868 377
13868 18908 377
18908 7146 377
7146 26727 377
26727 17394 377
17394 24253 377
24253 3067 377
3067 13432 377
13432 27932 377
27932 2768 377
2768 16976 377
16976 19579 377
19579 34564 377
34564 30045 377
30045 34246 377
16458 28667 378
28667 4631 378
4631 40672 378
40672 18098 378
18098 35606 378
35606 7087 378
7087 19184 378
19184 37238 378
37238 31170 378
31170 15964 378
15964 27369 378
27369 29561 378
29561 34029 378
34029 14390 378
14390 21085 378
21085 8843 378
8843 822 378
822 21108 378
21108 24732 378
24732 6023 378
6023 18609 378
18609 25171 378
25171 34294 378
34294 14301 378
14301 38298 378
38298 1985 378
1985 39569 378
39569 31731 378
31731 32103 378
32103 36535 378
36535 5479 378
5479 3221 378
3221 16623 378
16623 14015 378
14015 6821 378
6821 13408 378
13408 6028 378
6028 25109 378
25109 21889 378
21889 9818 378
18362 5508 379
5508 18791 379
18791 363 379
363 828 379
828 30017 379
30017 29418 379
29418 37282 379
37282 40968 379
40968 23651 379
23651 2161 379
2161 20933 379
20933 29892 379
29892 40663 379
40663 31147 379
31147 25686 379
25686 27294 379
27294 31673 379
31673 18777 379
18777 29585 379
29585 23456 379
23456 13417 379
13417 20647 379
20647 31143 379
31143 13045 379
13045 3276 379
3276 15971 379
15971 24233 379
24233 16718 379
16718 18042 379
18042 1930 379
1930 25720 379
25720 16551 379
16551 1121 379
1121 28740 379
28740 12591 379
12591 35877 379
35877 6280 379
6280 1445 379
1445 5269 379
5269 38537 379
36671 8501 380
8501 26618 380
26618 10390 380
10390 37685 380
37685 31001 380
31001 37818 380
37818 21683 380
21683 30773 380
30773 33097 380
33097 7059 380
7059 4445 380
4445 20710 380
20710 13389 380
13389 4050 380
4050 17834 380
17834 23448 380
23448 6359 380
6359 27552 380
27552 39455 380
39455 23779 380
23779 14538 380
14538 26845 380
26845 21595 380
21595 28935 380
28935 30478 380
30478 9839 380
9839 14940 380
14940 12126 380
12126 39127 380
39127 5140 380
5140 15051 380
15051 8417 380
8417 9297 380
9297 28132 380
28132 4096 380
4096 4253 380
4253 39017 380
39017 2610 380
2610 27066 380
27066 5861 380
5004 36994 381
36994 1949 381
1949 10362 381
10362 30566 381
30566 20873 381
20873 14362 381
14362 19767 381
19767 27590 381
27590 28351 381
28351 15493 381
15493 36730 381
36730 18219 381
18219 4385 381
4385 40029 381
40029 3566 381
3566 1830 381
1830 7932 381
7932 18261 381
18261 31116 381
31116 5059 381
5059 16621 381
16621 6330 381
6330 34356 381
34356 18681 381
18681 9603 381
9603 29969 381
29969 27100 381
27100 1321 381
1321 32466 381
32466 21662 381
21662 35070 381
35070 1376 381
1376 9345 381
9345 11395 381
11395 542 381
542 36991 381
36991 12445 381
12445 13263 381
13263 39291 381
39291 21975 381
7645 17718 382
17718 4530 382
4530 36003 382
36003 29627 382
29627 822 382
822 7712 382
7712 15420 382
15420 4051 382
4051 39515 382
39515 4554 382
4554 14826 382
14826 26432 382
26432 17935 382
17935 20933 382
20933 40764 382
40764 14337 382
14337 39185 382
39185 34846 382
34846 29166 382
29166 11245 382
11245 24676 382
24676 3317 382
3317 7816 382
7816 38459 382
38459 29525 382
29525 1813 382
1813 21908 382
21908 20104 382
20104 22217 382
22217 33800 382
33800 15289 382
15289 37724 382
37724 18003 382
18003 23553 382
23553 20347 382
20347 20063 382
20063 34530 382
34530 2844 382
2844 25857 382
25857 6227 382
33931 10767 383
10767 17247 383
17247 16502 383
16502 13291 383
13291 34309 383
34309 8278 383
8278 24778 383
24778 33040 383
33040 4200 383
4200 81 383
81 30757 383
30757 2725 383
2725 1171 383
1171 900 383
900 6774 383
6774 23894 383
23894 34764 383
34764 6464 383
6464 37133 383
37133 26553 383
26553 28954 383
28954 26021 383
26021 33305 383
33305 99 383
99 33476 383
33476 7213 383
7213 5054 383
5054 1933 383
1933 28973 383
28973 18653 383
18653 34863 383
34863 23890 383
23890 28272 383
28272 5241 383
5241 26475 383
26475 39022 383
39022 30123 383
30123 29860 383
29860 23615 383
23615 40209 383
1352 35015 384
35015 10782 384
10782 11580 384
11580 31706 384
31706 31549 384
31549 23583 384
23583 2053 384
2053 15233 384
15233 1917 384
1917 23641 384
23641 18044 384
18044 25385 384
25385 35378 384
35378 33750 384
33750 16122 384
16122 9913 384
9913 17246 384
17246 8657 384
8657 33019 384
33019 40556 384
40556 21696 384
21696 36691 384
36691 36125 384
36125 28523 384
28523 11159 384
11159 29949 384
29949 20172 384
20172 34722 384
34722 39139 384
39139 3341 384
3341 37556 384
37556 12372 384
12372 32384 384
32384 33229 384
33229 25036 384
25036 6391 384
6391 19283 384
19283 11789 384
11789 38017 384
38017 28400 384
34133 27830 385
27830 24132 385
24132 33897 385
33897 24138 385
24138 31892 385
31892 17783 385
17783 29671 385
29671 23784 385
23784 36751 385
36751 40744 385
40744 29721 385
29721 29071 385
29071 21425 385
21425 8575 385
8575 511 385
511 5020 385
5020 28934 385
28934 16422 385
16422 2784 385
2784 18563 385
18563 38259 385
38259 7685 385
7685 33611 385
33611 32935 385
32935 14394 385
14394 16073 385
16073 1746 385
1746 21886 385
21886 28138 385
28138 29724 385
29724 29743 385
29743 21637 385
21637 27211 385
27211 1418 385
1418 13083 385
13083 6230 385
6230 24381 385
24381 11576 385
11576 3391 385
3391 34812 385
6294 1845 386
1845 28971 386
28971 29105 386
29105 108 386
108 8268 386
8268 25781 386
25781 38955 386
38955 32874 386
32874 22562 386
22562 405 386
405 7616 386
7616 31652 386
31652 2576 386
2576 1824 386
1824 40483 386
40483 9330 386
9330 39957 386
39957 25602 386
25602 5325 386
5325 35651 386
35651 5796 386
5796 2813 386
2813 23921 386
23921 39736 386
39736 3416 386
3416 6002 386
6002 27018 386
27018 7655 386
7655 6082 386
6082 20943 386
20943 34742 386
34742 11742 386
11742 37845 386
37845 23355 386
23355 30651 386
30651 1190 386
1190 28898 386
28898 21851 386
21851 5452 386
5452 23801 386
584 25525 387
25525 23142 387
23142 31437 387
31437 8592 387
8592 31990 387
31990 3154 387
3154 9574 387
9574 16546 387
16546 18048 387
18048 36915 387
36915 33018 387
33018 18265 387
18265 13820 387
13820 1226 387
1226 35249 387
35249 1452 387
1452 39281 387
39281 31200 387
31200 35532 387
35532 19177 387
19177 1718 387
1718 23118 387
23118 25692 387
25692 12340 387
12340 19171 387
19171 22686 387
22686 14730 387
14730 34598 387
34598 6113 387
6113 26501 387
26501 28669 387
28669 40151 387
40151 39499 387
39499 14151 387
14151 4531 387
4531 36760 387
36760 8031 387
8031 21546 387
21546 21044 387
21044 34782 387
26691 22968 388
22968 6594 388
6594 31887 388
31887 35812 388
35812 24932 388
24932 37149 388
37149 22196 388
22196 19998 388
19998 1038 388
1038 14127 388
14127 29995 388
29995 11903 388
11903 31882 388
31882 37440 388
37440 7518 388
7518 31353 388
31353 20904 388
20904 8427 388
8427 39737 388
39737 40002 388
40002 28314 388
28314 28121 388
28121 39799 388
39799 13518 388
13518 3964 388
3964 37338 388
37338 26542 388
26542 36249 388
36249 40538 388
40538 19392 388
19392 34204 388
34204 2118 388
2118 4455 388
4455 27673 388
27673 2996 388
2996 11144 388
11144 36567 388
36567 20670 388
20670 39906 388
39906 23115 388
21759 35595 389
35595 23750 389
23750 36072 389
36072 17149 389
17149 22216 389
22216 40168 389
40168 32201 389
32201 9764 389
9764 27299 389
27299 13776 389
13776 36044 389
36044 17253 389
17253 40268 389
40268 17185 389
17185 26271 389
26271 38484 389
38484 9270 389
9270 40011 389
40011 12281 389
12281 36238 389
36238 21060 389
21060 40203 389
40203 19190 389
19190 31344 389
31344 39329 389
39329 34124 389
34124 25533 389
25533 36820 389
36820 6921 389
6921 515 389
515 15156 389
15156 9992 389
9992 14546 389
14546 2085 389
2085 32870 389
32870 37671 389
37671 19183 389
19183 40651 389
40651 19143 389
19143 17611 389
2587 26026 390
26026 12265 390
12265 16341 390
16341 2055 390
2055 2268 390
2268 4657 390
4657 14770 390
14770 6616 390
6616 25030 390
25030 30247 390
30247 37326 390
37326 27688 390
27688 29524 390
29524 12142 390
12142 23409 390
23409 37158 390
37158 27042 390
27042 19892 390
19892 6357 390
6357 25961 390
25961 23390 390
23390 39458 390
39458 16454 390
16454 3473 390
3473 36002 390
36002 40795 390
40795 16289 390
16289 412 390
412 3699 390
3699 9782 390
9782 3042 390
3042 2575 390
2575 18705 390
18705 22954 390
22954 36424 390
36424 12054 390
12054 31537 390
31537 33364 390
33364 16933 390
16933 15314 390
14115 24999 391
24999 12673 391
12673 18204 391
18204 33347 391
33347 5265 391
5265 34466 391
34466 29984 391
29984 3181 391
3181 22781 391
22781 18529 391
18529 10482 391
10482 4695 391
4695 40297 391
40297 7411 391
7411 16047 391
16047 15889 391
15889 18647 391
18647 21317 391
21317 13234 391
13234 13939 391
13939 18423 391
18423 10976 391
10976 31550 391
31550 25399 391
25399 35308 391
35308 38619 391
38619 9765 391
9765 10778 391
10778 12181 391
12181 14558 391
14558 15776 391
15776 7210 391
7210 11600 391
11600 8767 391
8767 13433 391
13433 6535 391
6535 13181 391
13181 9347 391
9347 20751 391
20751 20724 391
19851 7189 392
7189 26428 392
26428 33872 392
33872 27632 392
27632 25298 392
25298 9293 392
9293 34598 392
34598 3430 392
3430 4675 392
4675 10391 392
10391 4822 392
4822 39602 392
39602 38924 392
38924 34005 392
34005 40714 392
40714 16154 392
16154 34251 392
34251 30122 392
30122 33870 392
33870 30195 392
30195 39397 392
39397 38533 392
38533 35597 392
35597 9221 392
9221 18722 392
18722 525 392
525 20130 392
20130 18365 392
18365 22009 392
22009 29475 392
29475 20478 392
20478 34882 392
34882 25851 392
25851 26077 392
26077 6245 392
6245 39494 392
39494 39156 392
39156 16346 392
16346 38235 392
38235 20185 392
40144 3014 393
3014 4243 393
4243 39397 393
39397 33481 393
33481 29214 393
29214 25012 393
25012 5211 393
5211 30984 393
30984 10719 393
10719 3386 393
3386 38072 393
38072 15581 393
15581 32824 393
32824 14971 393
14971 35747 393
35747 26075 393
26075 32826 393
32826 34974 393
34974 12189 393
12189 26580 393
26580 38548 393
38548 27247 393
27247 1707 393
1707 40848 393
40848 30538 393
30538 5156 393
5156 38340 393
38340 36966 393
36966 31895 393
31895 8008 393
8008 8966 393
8966 14581 393
14581 20252 393
20252 15624 393
15624 28976 393
28976 8926 393
8926 7784 393
7784 40872 393
40872 5397 393
5397 28272 393
23714 2308 394
2308 40353 394
40353 17831 394
17831 36021 394
36021 17098 394
17098 8328 394
8328 28271 394
28271 34053 394
34053 28834 394
28834 30008 394
30008 3397 394
3397 3940 394
3940 8992 394
8992 40004 394
40004 40257 394
40257 27192 394
27192 10923 394
10923 40356 394
40356 27461 394
27461 25486 394
25486 32486 394
32486 22508 394
22508 33828 394
33828 11416 394
11416 9814 394
9814 30989 394
30989 27669 394
27669 32614 394
32614 22641 394
22641 11748 394
11748 31472 394
31472 26882 394
26882 18925 394
18925 1104 394
1104 5211 394
5211 1177 394
1177 26693 394
26693 19097 394
19097 27206 394
27206 12524 394
28478 36443 395
36443 30177 395
30177 16821 395
16821 40637 395
40637 27766 395
27766 10673 395
10673 34811 395
34811 35128 395
35128 8935 395
8935 32661 395
32661 36497 395
36497 39695 395
39695 4877 395
4877 11126 395
11126 2782 395
2782 35918 395
35918 20465 395
20465 23194 395
23194 20534 395
20534 19114 395
19114 34769 395
34769 4675 395
4675 1533 395
1533 12121 395
12121 34843 395
34843 34091 395
34091 19817 395
19817 35498 395
35498 27094 395
27094 39446 395
39446 18790 395
18790 13573 395
13573 18049 395
18049 40160 395
40160 39682 395
39682 35114 395
35114 14414 395
14414 15632 395
15632 4717 395
4717 28980 395
16651 16974 396
16974 1719 396
1719 10545 396
10545 16560 396
16560 20616 396
20616 18721 396
18721 4546 396
4546 12873 396
12873 29785 396
29785 34956 396
34956 2332 396
2332 39783 396
39783 4796 396
4796 30998 396
30998 9391 396
9391 10826 396
10826 57 396
57 9873 396
9873 26405 396
26405 40498 396
40498 9624 396
9624 13838 396
13838 10594 396
10594 2007 396
2007 24984 396
24984 185 396
185 15962 396
15962 11002 396
11002 18825 396
18825 13381 396
13381 8033 396
8033 20452 396
20452 34778 396
34778 34142 396
34142 3352 396
3352 16756 396
16756 33244 396
33244 9979 396
9979 38088 396
38088 20981 396
27375 34307 397
34307 11495 397
11495 9155 397
9155 1750 397
1750 17081 397
17081 29171 397
29171 32834 397
32834 14497 397
14497 21673 397
21673 20529 397
20529 37059 397
37059 39254 397
39254 29361 397
29361 17849 397
17849 29882 397
29882 36737 397
36737 29781 397
29781 18379 397
18379 32136 397
32136 34633 397
34633 36500 397
36500 30653 397
30653 3247 397
3247 10090 397
10090 34665 397
34665 23375 397
23375 10116 397
10116 12690 397
12690 13565 397
13565 1815 397
1815 25390 397
25390 10774 397
10774 40092 397
40092 14877 397
14877 6380 397
6380 15413 397
15413 37271 397
37271 32320 397
32320 20993 397
20993 38969 397
19214 37724 398
37724 2340 398
2340 11194 398
11194 29203 398
29203 40601 398
40601 5484 398
5484 32446 398
32446 28014 398
28014 11354 398
11354 16004 398
16004 15618 398
15618 10611 398
10611 21875 398
21875 15090 398
15090 3425 398
3425 2964 398
2964 15847 398
15847 35039 398
35039 27803 398
27803 15659 398
15659 39599 398
39599 39501 398
39501 10299 398
10299 6187 398
6187 5690 398
5690 4720 398
4720 16008 398
16008 1454 398
1454 6739 398
6739 6804 398
6804 10969 398
10969 7749 398
7749 39171 398
39171 7852 398
7852 15712 398
15712 15044 398
15044 14722 398
14722 31843 398
31843 15288 398
15288 19369 398
20264 12411 399
12411 8062 399
8062 11028 399
11028 21820 399
21820 27062 399
27062 16972 399
16972 37380 399
37380 3461 399
3461 28653 399
28653 18031 399
18031 3801 399
3801 31539 399
31539 33470 399
33470 14544 399
14544 6109 399
6109 38776 399
38776 2863 399
2863 36404 399
36404 6418 399
6418 11048 399
11048 3922 399
3922 4893 399
4893 37798 399
37798 6833 399
6833 15139 399
15139 3866 399
3866 35156 399
35156 941 399
941 35842 399
35842 35898 399
35898 30823 399
30823 15584 399
15584 22818 399
22818 2979 399
2979 897 399
897 30052 399
30052 15013 399
15013 951 399
951 35470 399
35470 3699 399
8041 29786 400
29786 7465 400
7465 36948 400
36948 29238 400
29238 34443 400
34443 5682 400
5682 39467 400
39467 25478 400
25478 37673 400
37673 30978 400
30978 379 400
379 13968 400
13968 37720 400
37720 17329 400
17329 5909 400
5909 20807 400
20807 34779 400
34779 38683 400
38683 3271 400
3271 12495 400
12495 25974 400
25974 40722 400
40722 28221 400
28221 705 400
705 7421 400
7421 1415 400
1415 2978 400
2978 5697 400
5697 16843 400
16843 39290 400
39290 33773 400
33773 7717 400
7717 10845 400
10845 3945 400
3945 13823 400
13823 38949 400
38949 12854 400
12854 40864 400
40864 7142 400
7142 28610 400
22538 29085 401
29085 34820 401
34820 34345 401
34345 23131 401
23131 16533 401
16533 4298 401
4298 26826 401
26826 30542 401
30542 37283 401
37283 32857 401
32857 31328 401
31328 26002 401
26002 16821 401
16821 30523 401
30523 11886 401
11886 15253 401
15253 34178 401
34178 9442 401
9442 20372 401
20372 21888 401
21888 1768 401
1768 4026 401
4026 14507 401
14507 21392 401
21392 23327 401
23327 7876 401
7876 10968 401
10968 11081 401
11081 26324 401
26324 32435 401
32435 6846 401
6846 28140 401
28140 40684 401
40684 16341 401
16341 9396 401
9396 13862 401
13862 20614 401
20614 37565 401
37565 9528 401
9528 8094 401
35966 40818 402
40818 27671 402
27671 11331 402
11331 7963 402
7963 38698 402
38698 13057 402
13057 40939 402
40939 37777 402
37777 6010 402
6010 23413 402
23413 860 402
860 9037 402
9037 3215 402
3215 32744 402
32744 24032 402
24032 29524 402
29524 13140 402
13140 2620 402
2620 28114 402
28114 11420 402
11420 19960 402
19960 15763 402
15763 25232 402
25232 35271 402
35271 33217 402
33217 13659 402
13659 30747 402
30747 17489 402
17489 6064 402
6064 38858 402
38858 25556 402
25556 13743 402
13743 10657 402
10657 10436 402
10436 40103 402
40103 27669 402
27669 5797 402
5797 28257 402
28257 24642 402
24642 8374 402
13200 23823 403
23823 6638 403
6638 8708 403
8708 2330 403
2330 31178 403
31178 21527 403
21527 9513 403
9513 22225 403
22225 14050 403
14050 40494 403
40494 34904 403
34904 14849 403
14849 4769 403
4769 19831 403
19831 26007 403
26007 15111 403
15111 10633 403
10633 30174 403
30174 18757 403
18757 27387 403
27387 5025 403
5025 35602 403
35602 23689 403
23689 6591 403
6591 18337 403
18337 17950 403
17950 9805 403
9805 33393 403
33393 38241 403
38241 27047 403
27047 13985 403
13985 17131 403
17131 24362 403
24362 35990 403
35990 32281 403
32281 22481 403
22481 28897 403
28897 13815 403
13815 14268 403
14268 19658 403
25465 8129 404
8129 11953 404
11953 31675 404
31675 31268 404
31268 10445 404
10445 32028 404
32028 34517 404
34517 13924 404
13924 11260 404
11260 21384 404
21384 5955 404
5955 32284 404
32284 5694 404
5694 31544 404
31544 39240 404
39240 37459 404
37459 13732 404
13732 7470 404
7470 28883 404
28883 31572 404
31572 19409 404
19409 26504 404
26504 13307 404
13307 2413 404
2413 36681 404
36681 27160 404
27160 33760 404
33760 14563 404
14563 28482 404
28482 7267 404
7267 15935 404
15935 26407 404
26407 30691 404
30691 14159 404
14159 3057 404
3057 38499 404
38499 15863 404
15863 7817 404
7817 13811 404
13811 2519 404
9627 4120 405
4120 12550 405
12550 20416 405
20416 8059 405
8059 27643 405
27643 8977 405
8977 38696 405
38696 30043 405
30043 2252 405
2252 7872 405
7872 26861 405
26861 36017 405
36017 34689 405
34689 36382 405
36382 27706 405
27706 20254 405
20254 16342 405
16342 5750 405
5750 13482 405
13482 39838 405
39838 18240 405
18240 35926 405
35926 325 405
325 25275 405
25275 29550 405
29550 19351 405
19351 15704 405
15704 40249 405
40249 33295 405
33295 4839 405
4839 23803 405
23803 7624 405
7624 24398 405
24398 26391 405
26391 22475 405
22475 33530 405
33530 16766 405
16766 35436 405
35436 2016 405
2016 9427 405
26618 12358 406
12358 28154 406
28154 5551 406
5551 20068 406
20068 26127 406
26127 35740 406
35740 13714 406
13714 21859 406
21859 35447 406
35447 37503 406
37503 7915 406
7915 21474 406
21474 12615 406
12615 18286 406
18286 29339 406
29339 9738 406
9738 31828 406
31828 16501 406
16501 28751 406
28751 18333 406
18333 35364 406
35364 37627 406
37627 35373 406
35373 36010 406
36010 23837 406
23837 34138 406
34138 4418 406
4418 33832 406
33832 17437 406
17437 35517 406
35517 1451 406
1451 2684 406
2684 8924 406
8924 19103 406
19103 22028 406
22028 34297 406
34297 21354 406
21354 22196 406
22196 36419 406
36419 35445 406
40982 4727 407
4727 6042 407
6042 32549 407
32549 5170 407
5170 1603 407
1603 16262 407
16262 9775 407
9775 10004 407
10004 1326 407
1326 21046 407
21046 36899 407
36899 3421 407
3421 18091 407
18091 33587 407
33587 25591 407
25591 7316 407
7316 7946 407
7946 38223 407
38223 10404 407
10404 3668 407
3668 30944 407
30944 2204 407
2204 11787 407
11787 12654 407
12654 5008 407
5008 30 407
30 17802 407
17802 31630 407
31630 19067 407
19067 27604 407
27604 28156 407
28156 35628 407
35628 36336 407
36336 2672 407
2672 12272 407
12272 40020 407
40020 17396 407
17396 20425 407
20425 172 407
172 18693 407
1249 29137 408
29137 28849 408
28849 29596 408
29596 17586 408
17586 13120 408
13120 28909 408
28909 10269 408
10269 38295 408
38295 7729 408
7729 30822 408
30822 39781 408
39781 3391 408
3391 32447 408
32447 10973 408
10973 33211 408
33211 6812 408
6812 7221 408
7221 26593 408
26593 23930 408
23930 34948 408
34948 1727 408
1727 25733 408
25733 11210 408
11210 23076 408
23076 26254 408
26254 16313 408
16313 14536 408
14536 27332 408
27332 6739 408
6739 25349 408
25349 5924 408
5924 37839 408
37839 33776 408
33776 22700 408
22700 7121 408
7121 15767 408
15767 16581 408
16581 409 408
409 20224 408
20224 30823 408
25230 39100 409
39100 24500 409
24500 31101 409
31101 8142 409
8142 7368 409
7368 6261 409
6261 34567 409
34567 21820 409
21820 9938 409
9938 29939 409
29939 120 409
120 4672 409
4672 18202 409
18202 3568 409
3568 3005 409
3005 17135 409
17135 13454 409
13454 7353 409
7353 18702 409
18702 27803 409
27803 917 409
917 22006 409
22006 27029 409
27029 26718 409
26718 866 409
866 26190 409
26190 10309 409
10309 24586 409
24586 703 409
703 11277 409
11277 22626 409
22626 32441 409
32441 1014 409
1014 6518 409
6518 11127 409
11127 11496 409
11496 15749 409
15749 39458 409
39458 28653 409
28653 32307 409
33096 40649 410
40649 14015 410
14015 36015 410
36015 10415 410
10415 23094 410
23094 9439 410
9439 15580 410
15580 35986 410
35986 10918 410
10918 1473 410
1473 8519 410
8519 1469 410
1469 18585 410
18585 35211 410
35211 24048 410
24048 13211 410
13211 10797 410
10797 26361 410
26361 1250 410
1250 28956 410
28956 24721 410
24721 25688 410
25688 25329 410
25329 18926 410
18926 33345 410
33345 33452 410
33452 33657 410
33657 35983 410
35983 1703 410
1703 35698 410
35698 2544 410
2544 8614 410
8614 13095 410
13095 7085 410
7085 22200 410
22200 13589 410
13589 14071 410
14071 14717 410
14717 15028 410
15028 32828 410
6545 35093 411
35093 32735 411
32735 3812 411
3812 16696 411
16696 38472 411
38472 2532 411
2532 16387 411
16387 40073 411
40073 24692 411
24692 33770 411
33770 5242 411
5242 9386 411
9386 37740 411
37740 29735 411
29735 19406 411
19406 11010 411
11010 6169 411
6169 33528 411
33528 28371 411
28371 9205 411
9205 6528 411
6528 10910 411
10910 18746 411
18746 13656 411
13656 29794 411
29794 27961 411
27961 23134 411
23134 4898 411
4898 11667 411
11667 2892 411
2892 19676 411
19676 22293 411
22293 14424 411
14424 28246 411
28246 38235 411
38235 10442 411
10442 16109 411
16109 13116 411
13116 22491 411
22491 12966 411
15128 14088 412
14088 11468 412
11468 11410 412
11410 14888 412
14888 33560 412
33560 8606 412
8606 35125 412
35125 30075 412
30075 12479 412
12479 15692 412
15692 13677 412
13677 39305 412
39305 12540 412
12540 21441 412
21441 869 412
869 37390 412
37390 3874 412
3874 9900 412
9900 16865 412
16865 6660 412
6660 28527 412
28527 2361 412
2361 40100 412
40100 30858 412
30858 17625 412
17625 40361 412
40361 33199 412
33199 25372 412
25372 6607 412
6607 36928 412
36928 15636 412
15636 33911 412
33911 31226 412
31226 40951 412
40951 8001 412
8001 34029 412
34029 38809 412
38809 759 412
759 35517 412
35517 7562 412
12164 28054 413
28054 38765 413
38765 35187 413
35187 3402 413
3402 17497 413
17497 31436 413
31436 5398 413
5398 33523 413
33523 14076 413
14076 2307 413
2307 29733 413
29733 8656 413
8656 26916 413
26916 24736 413
24736 975 413
975 34355 413
34355 24294 413
24294 15122 413
15122 23680 413
23680 16914 413
16914 26315 413
26315 33970 413
33970 34527 413
34527 34455 413
34455 36408 413
36408 6373 413
6373 27701 413
27701 26303 413
26303 21589 413
21589 21881 413
21881 15981 413
15981 21379 413
21379 323 413
323 38280 413
38280 18638 413
18638 613 413
613 38733 413
38733 27989 413
27989 38868 413
38868 15299 413
4678 7977 414
7977 17509 414
17509 25769 414
25769 40204 414
40204 34524 414
34524 18269 414
18269 38746 414
38746 15975 414
15975 30004 414
30004 13629 414
13629 37050 414
37050 26540 414
26540 36789 414
36789 11958 414
11958 32473 414
32473 12535 414
12535 39785 414
39785 4907 414
4907 15404 414
15404 6540 414
6540 16764 414
16764 32015 414
32015 19528 414
19528 6673 414
6673 34987 414
34987 20657 414
20657 21208 414
21208 3841 414
3841 27686 414
27686 24271 414
24271 12467 414
12467 22113 414
22113 35528 414
35528 30781 414
30781 23388 414
23388 7867 414
7867 31846 414
31846 36478 414
36478 22187 414
22187 10645 414
27916 14591 415
14591 25076 415
25076 29018 415
29018 14916 415
14916 27861 415
27861 18524 415
18524 14134 415
14134 11262 415
11262 499 415
499 5462 415
5462 10093 415
10093 4186 415
4186 7673 415
7673 36128 415
36128 32276 415
32276 414 415
414 16376 415
16376 11112 415
11112 10363 415
10363 713 415
713 4370 415
4370 17813 415
17813 20160 415
20160 25105 415
25105 37616 415
37616 26026 415
26026 12914 415
12914 34605 415
34605 3212 415
3212 8961 415
8961 27713 415
27713 39756 415
39756 40534 415
40534 10461 415
10461 28571 415
28571 30551 415
30551 40825 415
40825 2193 415
2193 12878 415
12878 21206 415
39755 13258 416
13258 14841 416
14841 39304 416
39304 35223 416
35223 34653 416
34653 12974 416
12974 16117 416
16117 798 416
798 6015 416
6015 2718 416
2718 40032 416
40032 31627 416
31627 40485 416
40485 38837 416
38837 19279 416
19279 20605 416
20605 13286 416
13286 37125 416
37125 20471 416
20471 3968 416
3968 14616 416
14616 32934 416
32934 22923 416
22923 30090 416
30090 6966 416
6966 33498 416
33498 7334 416
7334 7083 416
7083 29508 416
29508 602 416
602 35321 416
35321 2972 416
2972 22367 416
22367 34333 416
34333 36792 416
36792 22248 416
22248 24079 416
24079 10410 416
10410 32637 416
32637 28846 416
28876 20251 417
20251 32720 417
32720 1587 417
1587 26839 417
26839 26043 417
26043 13328 417
13328 28288 417
28288 5702 417
5702 5923 417
5923 3821 417
3821 23594 417
23594 27504 417
27504 19336 417
19336 34296 417
34296 16381 417
16381 10837 417
10837 6794 417
6794 2747 417
2747 36390 417
36390 35484 417
35484 1269 417
1269 24268 417
24268 30056 417
30056 18131 417
18131 12375 417
12375 16069 417
16069 34703 417
34703 19853 417
19853 10281 417
10281 18674 417
18674 24420 417
24420 24106 417
24106 27144 417
27144 19628 417
19628 21191 417
21191 36059 417
36059 33408 417
33408 29534 417
29534 8810 417
8810 7200 417
7886 34892 418
34892 16378 418
16378 33243 418
33243 2610 418
2610 36873 418
36873 23070 418
23070 35724 418
35724 19642 418
19642 3082 418
3082 10431 418
10431 23256 418
23256 15926 418
15926 16515 418
16515 4569 418
4569 8867 418
8867 22683 418
22683 11389 418
11389 24671 418
24671 20522 418
20522 22273 418
22273 3719 418
3719 34633 418
34633 5405 418
5405 22660 418
22660 10148 418
10148 15215 418
15215 19203 418
19203 14219 418
14219 7779 418
7779 10629 418
10629 18587 418
18587 40428 418
40428 26695 418
26695 1898 418
1898 38729 418
38729 2190 418
2190 17623 418
17623 13710 418
13710 21463 418
21463 31413 418
30136 13192 419
13192 4075 419
4075 15432 419
15432 34066 419
34066 1998 419
1998 6607 419
6607 30363 419
30363 13630 419
13630 13128 419
13128 39613 419
39613 16527 419
16527 2369 419
2369 28980 419
28980 39739 419
39739 22589 419
22589 36388 419
36388 38837 419
38837 23730 419
23730 8999 419
8999 4742 419
4742 11439 419
11439 21000 419
21000 20079 419
20079 35160 419
35160 17379 419
17379 5514 419
5514 22395 419
22395 30553 419
30553 33814 419
33814 33009 419
33009 11725 419
11725 13702 419
13702 4028 419
4028 39371 419
39371 4252 419
4252 9099 419
9099 11124 419
11124 13241 419
13241 1232 419
1232 36097 419
34382 21393 420
21393 32809 420
32809 30859 420
30859 21835 420
21835 24844 420
24844 33312 420
33312 5213 420
5213 5672 420
5672 34707 420
34707 26829 420
26829 22009 420
22009 10036 420
10036 35921 420
35921 19828 420
19828 26007 420
26007 27801 420
27801 13822 420
13822 7755 420
7755 19418 420
19418 35885 420
35885 33157 420
33157 38999 420
38999 11433 420
11433 32830 420
32830 7930 420
7930 27284 420
27284 18916 420
18916 16260 420
16260 755 420
755 25045 420
25045 16476 420
16476 6336 420
6336 18087 420
18087 3625 420
3625 24544 420
24544 19139 420
19139 6487 420
6487 34624 420
34624 40322 420
40322 6477 420
14985 35488 421
35488 2231 421
2231 8243 421
8243 39275 421
39275 31955 421
31955 19762 421
19762 32845 421
32845 736 421
736 1510 421
1510 30758 421
30758 34290 421
34290 23223 421
23223 6923 421
6923 18372 421
18372 19113 421
19113 37836 421
37836 35526 421
35526 415 421
415 5214 421
5214 31660 421
31660 25689 421
25689 39221 421
39221 3609 421
3609 39947 421
39947 33457 421
33457 1801 421
1801 36862 421
36862 39543 421
39543 15811 421
15811 20342 421
20342 40451 421
40451 15142 421
15142 30283 421
30283 17909 421
17909 27626 421
27626 7769 421
7769 5573 421
5573 1548 421
1548 13271 421
13271 35172 421
7606 6152 422
6152 4525 422
4525 30415 422
30415 31840 422
31840 35288 422
35288 18250 422
18250 29732 422
29732 34262 422
34262 27838 422
27838 23659 422
23659 8291 422
8291 19229 422
19229 34990 422
34990 18192 422
18192 26961 422
26961 12962 422
12962 19308 422
19308 10162 422
10162 26335 422
26335 37400 422
37400 2457 422
2457 2195 422
2195 5325 422
5325 3819 422
3819 10381 422
10381 29976 422
29976 28798 422
28798 27555 422
27555 20393 422
20393 14202 422
14202 27015 422
27015 8567 422
8567 27002 422
27002 9010 422
9010 9651 422
9651 18848 422
18848 17876 422
17876 33371 422
33371 31431 422
31431 8348 422
11698 37687 423
37687 34166 423
34166 5969 423
5969 13853 423
13853 6685 423
6685 6694 423
6694 4618 423
4618 2058 423
2058 19846 423
19846 36628 423
36628 2049 423
2049 14036 423
14036 23561 423
23561 10894 423
10894 5963 423
5963 40263 423
40263 20044 423
20044 15098 423
15098 19750 423
19750 12048 423
12048 15775 423
15775 35809 423
35809 31739 423
31739 40326 423
40326 10859 423
10859 13316 423
13316 16305 423
16305 9705 423
9705 2959 423
2959 37660 423
37660 14549 423
14549 39364 423
39364 4223 423
4223 35527 423
35527 6069 423
6069 31651 423
31651 19636 423
19636 34125 423
34125 22060 423
22060 33920 423
26524 10430 424
10430 21388 424
21388 1677 424
1677 37801 424
37801 22752 424
22752 32977 424
32977 25218 424
25218 27437 424
27437 31486 424
31486 9195 424
9195 39001 424
39001 30591 424
30591 5937 424
5937 39008 424
39008 11379 424
11379 35060 424
35060 31732 424
31732 14876 424
14876 22974 424
22974 15518 424
15518 12919 424
12919 30094 424
30094 19670 424
19670 24653 424
24653 30758 424
30758 20735 424
20735 15545 424
15545 20906 424
20906 7249 424
7249 13975 424
13975 27049 424
27049 27879 424
27879 2648 424
2648 24667 424
24667 2272 424
2272 26902 424
26902 11222 424
11222 7174 424
7174 30411 424
30411 8375 424
36202 393 425
393 67 425
67 16277 425
16277 34980 425
34980 6992 425
6992 31786 425
31786 3864 425
3864 1310 425
1310 19686 425
19686 35264 425
35264 22058 425
22058 7084 425
7084 2101 425
2101 35133 425
35133 27935 425
27935 38390 425
38390 21030 425
21030 17759 425
17759 4577 425
4577 9737 425
9737 26835 425
26835 37111 425
37111 5096 425
5096 10435 425
10435 5177 425
5177 4148 425
4148 16462 425
16462 38830 425
38830 28181 425
28181 663 425
663 1248 425
1248 13967 425
13967 33381 425
33381 36515 425
36515 15157 425
15157 19710 425
19710 37599 425
37599 30806 425
30806 340 425
340 13473 425
37048 22069 426
22069 17028 426
17028 38816 426
38816 14471 426
14471 5475 426
5475 25496 426
25496 1740 426
1740 17237 426
17237 38049 426
38049 32503 426
32503 8882 426
8882 9737 426
9737 18391 426
18391 445 426
445 19005 426
19005 18262 426
18262 484 426
484 33496 426
33496 20118 426
20118 8231 426
8231 272 426
272 27900 426
27900 19096 426
19096 27382 426
27382 22421 426
22421 9141 426
9141 20644 426
20644 10929 426
10929 26689 426
26689 6360 426
6360 38804 426
38804 33363 426
33363 18811 426
18811 21646 426
21646 18550 426
18550 29207 426
29207 22269 426
22269 25173 426
25173 16233 426
16233 2555 426
37398 1466 427
1466 11597 427
11597 21810 427
21810 5448 427
5448 32936 427
32936 8110 427
8110 24079 427
24079 5997 427
5997 31469 427
31469 19061 427
19061 19224 427
19224 8211 427
8211 26881 427
26881 459 427
459 25121 427
25121 2627 427
2627 4906 427
4906 33754 427
33754 9775 427
9775 23063 427
23063 22103 427
22103 8438 427
8438 39918 427
39918 31947 427
31947 11117 427
11117 27204 427
27204 7438 427
7438 31612 427
31612 16084 427
16084 27546 427
27546 11757 427
11757 37002 427
37002 36005 427
36005 23673 427
23673 24008 427
24008 24634 427
24634 24121 427
24121 8847 427
8847 23014 427
23014 14777 427
8707 16359 428
16359 34765 428
34765 24697 428
24697 1717 428
1717 36945 428
36945 17145 428
17145 39606 428
39606 31510 428
31510 17382 428
17382 40169 428
40169 10334 428
10334 6651 428
6651 14831 428
14831 7053 428
7053 23080 428
23080 40632 428
40632 28726 428
28726 5442 428
5442 9925 428
9925 37112 428
37112 31652 428
31652 31814 428
31814 10197 428
10197 23645 428
23645 39410 428
39410 18343 428
18343 267 428
267 30558 428
30558 36124 428
36124 19336 428
19336 24647 428
24647 40973 428
40973 23358 428
23358 33003 428
33003 13347 428
13347 40295 428
40295 30902 428
30902 22276 428
22276 33925 428
33925 34782 428
15848 19624 429
19624 23560 429
23560 2502 429
2502 26895 429
26895 35620 429
35620 16901 429
16901 14373 429
14373 2470 429
2470 39711 429
39711 21845 429
21845 23835 429
23835 16147 429
16147 22357 429
22357 15206 429
15206 28153 429
28153 26721 429
26721 17569 429
17569 28786 429
28786 13691 429
13691 1093 429
1093 8874 429
8874 22098 429
22098 39235 429
39235 13879 429
13879 9801 429
9801 37497 429
37497 5760 429
5760 9762 429
9762 7437 429
7437 3747 429
3747 9312 429
9312 29422 429
29422 23619 429
23619 17518 429
17518 11812 429
11812 25315 429
25315 10344 429
10344 4589 429
4589 20637 429
20637 36255 429
30475 16223 430
16223 11857 430
11857 5957 430
5957 14379 430
14379 23794 430
23794 23012 430
23012 28752 430
28752 16915 430
16915 37567 430
37567 38470 430
38470 39235 430
39235 10645 430
10645 29481 430
29481 32875 430
32875 8352 430
8352 33981 430
33981 13624 430
13624 26929 430
26929 9722 430
9722 30940 430
30940 31787 430
31787 373 430
373 39533 430
39533 1884 430
1884 32401 430
32401 23934 430
23934 14688 430
14688 37162 430
37162 16503 430
16503 36815 430
36815 2720 430
2720 23383 430
23383 14892 430
14892 25580 430
25580 7913 430
7913 22445 430
22445 29441 430
29441 34161 430
34161 4122 430
4122 19052 430
30615 39661 431
39661 29344 431
29344 19701 431
19701 12754 431
12754 22501 431
22501 33272 431
33272 18326 431
18326 37727 431
37727 26468 431
26468 257 431
257 12087 431
12087 17181 431
17181 24032 431
24032 5153 431
5153 34127 431
34127 36486 431
36486 6286 431
6286 37860 431
37860 30649 431
30649 6272 431
6272 16773 431
16773 40714 431
40714 34730 431
34730 40918 431
40918 3931 431
3931 23867 431
23867 16359 431
16359 20247 431
20247 6207 431
6207 17666 431
17666 14108 431
14108 28654 431
28654 26358 431
26358 19859 431
19859 22509 431
22509 22535 431
22535 12056 431
12056 39645 431
39645 21254 431
21254 23587 431
9570 13070 432
13070 25632 432
25632 5009 432
5009 5937 432
5937 10782 432
10782 12836 432
12836 2066 432
2066 21967 432
21967 7975 432
7975 8971 432
8971 22129 432
22129 10211 432
10211 24387 432
24387 1130 432
1130 33421 432
33421 17642 432
17642 17031 432
17031 22976 432
22976 34205 432
34205 39710 432
39710 27331 432
27331 13263 432
13263 13402 432
13402 15760 432
15760 32747 432
32747 39807 432
39807 14625 432
14625 7744 432
7744 2991 432
2991 39160 432
39160 11040 432
11040 25643 432
25643 22760 432
22760 6595 432
6595 16404 432
16404 35214 432
35214 3168 432
3168 29587 432
29587 13938 432
13938 16141 432
19094 32412 433
32412 169 433
169 29784 433
29784 20921 433
20921 23646 433
23646 17302 433
17302 19261 433
19261 5957 433
5957 32323 433
32323 13337 433
13337 21618 433
21618 8878 433
8878 17697 433
17697 24318 433
24318 38276 433
38276 7313 433
7313 1780 433
1780 33014 433
33014 40068 433
40068 30990 433
30990 28374 433
28374 11559 433
11559 38564 433
38564 34351 433
34351 3667 433
3667 40656 433
40656 18053 433
18053 7841 433
7841 34345 433
34345 28547 433
28547 32555 433
32555 10022 433
10022 38826 433
38826 268 433
268 31105 433
31105 39201 433
39201 8633 433
8633 1101 433
1101 40951 433
40951 6484 433
34953 20359 434
20359 23663 434
23663 25587 434
25587 11708 434
11708 17956 434
17956 38731 434
38731 39104 434
39104 7728 434
7728 12310 434
12310 30207 434
30207 22589 434
22589 24294 434
24294 25652 434
25652 35177 434
35177 22489 434
22489 28018 434
28018 2154 434
2154 38098 434
38098 32929 434
32929 18971 434
18971 26265 434
26265 6508 434
6508 7818 434
7818 4178 434
4178 31903 434
31903 28 434
28 1010 434
1010 10884 434
10884 23925 434
23925 18198 434
18198 3532 434
3532 20287 434
20287 32941 434
32941 3847 434
3847 32039 434
32039 27922 434
27922 136 434
136 55 434
55 14547 434
14547 491 434
25825 34934 435
34934 28220 435
28220 9910 435
9910 31891 435
31891 27653 435
27653 8556 435
8556 29155 435
29155 2026 435
2026 28666 435
28666 1259 435
1259 5815 435
5815 1604 435
1604 28806 435
28806 19991 435
19991 7942 435
7942 23164 435
23164 19486 435
19486 25650 435
25650 22529 435
22529 35630 435
35630 23906 435
23906 30921 435
30921 39474 435
39474 27809 435
27809 34780 435
34780 35166 435
35166 15788 435
15788 16248 435
16248 23341 435
23341 15542 435
15542 39074 435
39074 35420 435
35420 11598 435
11598 34776 435
34776 32706 435
32706 30821 435
30821 18744 435
18744 38219 435
38219 14102 435
14102 22367 435
5974 17768 436
17768 2454 436
2454 38569 436
38569 15439 436
15439 26296 436
26296 31870 436
31870 10350 436
10350 36357 436
36357 36644 436
36644 34446 436
34446 16921 436
16921 4499 436
4499 25002 436
25002 1384 436
1384 15052 436
15052 5192 436
5192 20918 436
20918 12987 436
12987 19617 436
19617 5259 436
5259 26184 436
26184 37585 436
37585 16987 436
16987 27003 436
27003 28986 436
28986 15376 436
15376 26262 436
26262 3197 436
3197 21593 436
21593 25170 436
25170 12097 436
12097 10049 436
10049 7793 436
7793 25210 436
25210 40318 436
40318 28693 436
28693 25095 436
25095 7359 436
7359 16937 436
16937 16582 436
35005 7157 437
7157 29034 437
29034 27440 437
27440 8700 437
8700 9476 437
9476 24505 437
24505 10481 437
10481 11785 437
11785 3730 437
3730 7917 437
7917 7382 437
7382 36474 437
36474 10700 437
10700 39700 437
39700 37636 437
37636 3211 437
3211 13879 437
13879 25661 437
25661 39448 437
39448 6744 437
6744 35630 437
35630 19691 437
19691 34736 437
34736 7009 437
7009 19717 437
19717 25231 437
25231 13018 437
13018 19985 437
19985 23880 437
23880 18620 437
18620 29683 437
29683 21459 437
21459 13361 437
13361 9916 437
9916 4653 437
4653 18421 437
18421 30957 437
30957 32780 437
32780 310 437
310 27884 437
22938 19711 438
19711 13942 438
13942 22808 438
22808 21914 438
21914 8518 438
8518 12108 438
12108 19542 438
19542 33008 438
33008 35509 438
35509 38349 438
38349 19382 438
19382 23007 438
23007 32552 438
32552 12146 438
12146 9349 438
9349 38762 438
38762 28030 438
28030 18597 438
18597 37292 438
37292 1246 438
1246 32553 438
32553 21727 438
21727 34806 438
34806 15940 438
15940 1001 438
1001 23289 438
23289 17446 438
17446 14161 438
14161 27543 438
27543 24409 438
24409 15946 438
15946 16438 438
16438 6399 438
6399 39389 438
39389 10378 438
10378 11008 438
11008 2177 438
2177 13911 438
13911 8887 438
8887 19505 438
2900 38633 439
38633 35232 439
35232 5131 439
5131 20725 439
20725 5707 439
5707 29241 439
29241 7441 439
7441 17718 439
17718 39365 439
39365 40555 439
40555 23963 439
23963 9197 439
9197 1787 439
1787 29380 439
29380 19927 439
19927 7500 439
7500 9648 439
9648 30645 439
30645 25646 439
25646 26054 439
26054 24899 439
24899 2146 439
2146 38443 439
38443 13900 439
13900 37792 439
37792 12806 439
12806 28321 439
28321 7764 439
7764 32751 439
32751 11677 439
11677 35837 439
35837 26809 439
26809 7629 439
7629 15959 439
15959 35847 439
35847 39069 439
39069 8598 439
8598 31128 439
31128 1666 439
1666 14812 439
16948 31217 440
31217 21477 440
21477 24139 440
24139 18525 440
18525 14122 440
14122 3185 440
3185 28032 440
28032 40370 440
40370 5627 440
5627 29281 440
29281 24763 440
24763 21823 440
21823 3203 440
3203 40997 440
40997 32714 440
32714 13094 440
13094 32811 440
32811 10948 440
10948 3414 440
3414 27850 440
27850 2254 440
2254 40036 440
40036 34284 440
34284 35976 440
35976 26618 440
26618 14984 440
14984 5782 440
5782 33768 440
33768 17558 440
17558 40019 440
40019 29688 440
29688 36938 440
36938 24675 440
24675 14882 440
14882 20419 440
20419 9431 440
9431 35044 440
35044 14560 440
14560 1269 440
1269 693 440
36214 24127 441
24127 31150 441
31150 13914 441
13914 13411 441
13411 5727 441
5727 38725 441
38725 6558 441
6558 35912 441
35912 19239 441
19239 1056 441
1056 3299 441
3299 12074 441
12074 25622 441
25622 29781 441
29781 617 441
617 40783 441
40783 12193 441
12193 4215 441
4215 34774 441
34774 2299 441
2299 4335 441
4335 17239 441
17239 22391 441
22391 33292 441
33292 37361 441
37361 18463 441
18463 4603 441
4603 14631 441
14631 38020 441
38020 16108 441
16108 33712 441
33712 19504 441
19504 17154 441
17154 391 441
391 29353 441
29353 15145 441
15145 2432 441
2432 34116 441
34116 25556 441
25556 6260 441
8385 32653 442
32653 28243 442
28243 28972 442
28972 37983 442
37983 4998 442
4998 23515 442
23515 31724 442
31724 16336 442
16336 22941 442
22941 13119 442
13119 22898 442
22898 39987 442
39987 2393 442
2393 23701 442
23701 2781 442
2781 19102 442
19102 295 442
295 18816 442
18816 25555 442
25555 36559 442
36559 24607 442
24607 32467 442
32467 10269 442
10269 27666 442
27666 31481 442
31481 34016 442
34016 36922 442
36922 6863 442
6863 19383 442
19383 23654 442
23654 26638 442
26638 26013 442
26013 39824 442
39824 28350 442
28350 25305 442
25305 4642 442
4642 7714 442
7714 30244 442
30244 40954 442
40954 4512 442
36431 19254 443
19254 32296 443
32296 12591 443
12591 31456 443
31456 38763 443
38763 148 443
148 36721 443
36721 33844 443
33844 25358 443
25358 33109 443
33109 6223 443
6223 38145 443
38145 4061 443
4061 19370 443
19370 5815 443
5815 5910 443
5910 1025 443
1025 3292 443
3292 27010 443
27010 22045 443
22045 37813 443
37813 8091 443
8091 9652 443
9652 6140 443
6140 7092 443
7092 39138 443
39138 26811 443
26811 19690 443
19690 37006 443
37006 15548 443
15548 26762 443
26762 37903 443
37903 17386 443
17386 16023 443
16023 28834 443
28834 3270 443
3270 1269 443
1269 36712 443
36712 18080 443
18080 40237 443
10496 22213 444
22213 27119 444
27119 23110 444
23110 16162 444
16162 16953 444
16953 27736 444
27736 38727 444
38727 2109 444
2109 2193 444
2193 7176 444
7176 20257 444
20257 27794 444
27794 26698 444
26698 8442 444
8442 24503 444
24503 2256 444
2256 12288 444
12288 4118 444
4118 7004 444
7004 26647 444
26647 34704 444
34704 37385 444
37385 40984 444
40984 18666 444
18666 40608 444
40608 26729 444
26729 5944 444
5944 27422 444
27422 11636 444
11636 33248 444
33248 25073 444
25073 30529 444
30529 1879 444
1879 17147 444
17147 38506 444
38506 24305 444
24305 39741 444
39741 40684 444
40684 40745 444
40745 23112 444
1911 34639 445
34639 26053 445
26053 35374 445
35374 39186 445
39186 21317 445
21317 11804 445
11804 25454 445
25454 36961 445
36961 29906 445
29906 35502 445
35502 8719 445
8719 19429 445
19429 32296 445
32296 4958 445
4958 21158 445
21158 13455 445
13455 6313 445
6313 35766 445
35766 29146 445
29146 23005 445
23005 31709 445
31709 20983 445
20983 18185 445
18185 16659 445
16659 6197 445
6197 10408 445
10408 13739 445
13739 31483 445
31483 12996 445
12996 13962 445
13962 12639 445
12639 38918 445
38918 31996 445
31996 17022 445
17022 15019 445
15019 2578 445
2578 15479 445
15479 11908 445
11908 11347 445
11347 30970 445
3510 31421 446
31421 3069 446
3069 12310 446
12310 11324 446
11324 40776 446
40776 29810 446
29810 19445 446
19445 18608 446
18608 20733 446
20733 35284 446
35284 14258 446
14258 18770 446
18770 24405 446
24405 37373 446
37373 22783 446
22783 9119 446
9119 27207 446
27207 11645 446
11645 13517 446
13517 33868 446
33868 4360 446
4360 15057 446
15057 15830 446
15830 22494 446
22494 27528 446
27528 9533 446
9533 11984 446
11984 10790 446
10790 22577 446
22577 2020 446
2020 9427 446
9427 27988 446
27988 28212 446
28212 10576 446
10576 20255 446
20255 14628 446
14628 14763 446
14763 30795 446
30795 22685 446
22685 5393 446
33307 27849 447
27849 36655 447
36655 39826 447
39826 22835 447
22835 30168 447
30168 7947 447
7947 9434 447
9434 5429 447
5429 8096 447
8096 25259 447
25259 1619 447
1619 2502 447
2502 7104 447
7104 18293 447
18293 35109 447
35109 564 447
564 28993 447
28993 1273 447
1273 10120 447
10120 24963 447
24963 7632 447
7632 13040 447
13040 26660 447
26660 15333 447
15333 17398 447
17398 2420 447
2420 37596 447
37596 33266 447
33266 39084 447
39084 35055 447
35055 29775 447
29775 513 447
513 21260 447
21260 25692 447
25692 36169 447
36169 2204 447
2204 31223 447
31223 3250 447
3250 29779 447
29779 26330 447
4824 33768 448
33768 24922 448
24922 7799 448
7799 18015 448
18015 24102 448
24102 37849 448
37849 35101 448
35101 19573 448
19573 30365 448
30365 20440 448
20440 14772 448
14772 26566 448
26566 7825 448
7825 20490 448
20490 23395 448
23395 6226 448
6226 123 448
123 13116 448
13116 26152 448
26152 34691 448
34691 4864 448
4864 40758 448
40758 32062 448
32062 16894 448
16894 37179 448
37179 32525 448
32525 31184 448
31184 11239 448
11239 27621 448
27621 1708 448
1708 12939 448
12939 219 448
219 27239 448
27239 9642 448
9642 13695 448
13695 28910 448
28910 35364 448
35364 19437 448
19437 35040 448
35040 1026 448
6929 2656 449
2656 35398 449
35398 12141 449
12141 1206 449
1206 13739 449
13739 863 449
863 6013 449
6013 3613 449
3613 22562 449
22562 34675 449
34675 28279 449
28279 1719 449
1719 26808 449
26808 25057 449
25057 4067 449
4067 21885 449
21885 12826 449
12826 23015 449
23015 12747 449
12747 12773 449
12773 26048 449
26048 8819 449
8819 1800 449
1800 26339 449
26339 14226 449
14226 31996 449
31996 15078 449
15078 13274 449
13274 11188 449
11188 21197 449
21197 3943 449
3943 2233 449
2233 25104 449
25104 15656 449
15656 13081 449
13081 33681 449
33681 18142 449
18142 36240 449
36240 16867 449
16867 17943 449
18490 35186 450
35186 36723 450
36723 8703 450
8703 27952 450
27952 10008 450
10008 38292 450
38292 16694 450
16694 38162 450
38162 40973 450
40973 25665 450
25665 29585 450
29585 37560 450
37560 13574 450
13574 19869 450
19869 15564 450
15564 5095 450
5095 29966 450
29966 33993 450
33993 1894 450
1894 17884 450
17884 21299 450
21299 18081 450
18081 7941 450
7941 19474 450
19474 6769 450
6769 14449 450
14449 31488 450
31488 40092 450
40092 9682 450
9682 31608 450
31608 965 450
965 30552 450
30552 15289 450
15289 30072 450
30072 39030 450
39030 25817 450
25817 34929 450
34929 9752 450
9752 26243 450
26243 24388 450
98 872 451
872 21041 451
21041 38227 451
38227 31389 451
31389 37755 451
37755 32644 451
32644 38886 451
38886 8636 451
8636 40546 451
40546 27985 451
27985 10855 451
10855 8499 451
8499 8526 451
8526 31186 451
31186 40621 451
40621 34409 451
34409 23639 451
23639 23458 451
23458 32519 451
32519 8969 451
8969 22858 451
22858 16921 451
16921 3390 451
3390 14644 451
14644 4322 451
4322 5396 451
5396 1824 451
1824 32019 451
32019 8780 451
8780 7315 451
7315 171 451
171 28227 451
28227 18818 451
18818 15747 451
15747 31484 451
31484 25389 451
25389 25014 451
25014 23683 451
23683 33131 451
33131 17417 451
15818 29525 452
29525 3681 452
3681 2269 452
2269 3556 452
3556 14110 452
14110 28955 452
28955 39318 452
39318 32928 452
32928 5028 452
5028 20013 452
20013 40828 452
40828 39433 452
39433 6766 452
6766 30017 452
30017 22451 452
22451 18055 452
18055 39378 452
39378 35426 452
35426 28356 452
28356 12772 452
12772 7256 452
7256 12337 452
12337 23601 452
23601 20676 452
20676 6378 452
6378 7860 452
7860 36076 452
36076 138 452
138 8304 452
8304 39122 452
39122 33344 452
33344 3845 452
3845 31461 452
31461 5968 452
5968 24615 452
24615 16521 452
16521 21452 452
21452 1446 452
1446 28436 452
28436 10653 452
37845 38965 453
38965 377 453
377 17191 453
17191 3209 453
3209 40777 453
40777 37496 453
37496 4736 453
4736 17267 453
17267 31722 453
31722 39760 453
39760 39980 453
39980 27516 453
27516 2699 453
2699 1556 453
1556 32765 453
32765 7754 453
7754 10520 453
10520 9617 453
9617 17938 453
17938 16386 453
16386 4654 453
4654 601 453
601 34005 453
34005 24129 453
24129 7937 453
7937 16686 453
16686 17517 453
17517 12393 453
12393 7794 453
7794 19539 453
19539 21242 453
21242 2145 453
2145 30790 453
30790 29684 453
29684 14737 453
14737 17771 453
17771 35267 453
35267 25831 453
25831 1341 453
1341 37398 453
39110 32308 454
32308 2121 454
2121 12557 454
12557 30275 454
30275 34147 454
34147 10954 454
10954 947 454
947 29077 454
29077 11351 454
11351 25833 454
25833 17350 454
17350 15175 454
15175 40011 454
40011 23325 454
23325 2759 454
2759 6553 454
6553 37258 454
37258 16198 454
16198 7947 454
7947 6084 454
6084 20101 454
20101 36577 454
36577 40097 454
40097 19397 454
19397 12621 454
12621 19954 454
19954 23102 454
23102 34910 454
34910 35198 454
35198 35069 454
35069 32004 454
32004 33978 454
33978 19543 454
19543 22326 454
22326 9622 454
9622 10003 454
10003 21597 454
21597 870 454
870 19157 454
19157 29517 454
4969 20335 455
20335 40357 455
40357 23617 455
23617 21964 455
21964 12415 455
12415 9297 455
9297 18483 455
18483 9434 455
9434 9246 455
9246 40182 455
40182 33822 455
33822 18135 455
18135 29980 455
29980 24293 455
24293 28323 455
28323 23315 455
23315 29363 455
29363 37443 455
37443 27253 455
27253 8213 455
8213 37284 455
37284 16636 455
16636 18842 455
18842 30408 455
30408 6885 455
6885 11224 455
11224 9466 455
9466 23992 455
23992 28448 455
28448 9483 455
9483 40404 455
40404 4575 455
4575 4457 455
4457 28219 455
28219 20536 455
20536 686 455
686 1051 455
1051 3601 455
3601 17464 455
17464 12650 455
4214 5955 456
5955 19243 456
19243 18136 456
18136 34347 456
34347 19197 456
19197 17457 456
17457 8633 456
8633 3387 456
3387 10504 456
10504 40127 456
40127 36318 456
36318 3139 456
3139 33555 456
33555 22621 456
22621 14650 456
14650 2932 456
2932 36683 456
36683 36329 456
36329 4319 456
4319 24461 456
24461 5976 456
5976 38487 456
38487 15940 456
15940 34511 456
34511 14807 456
14807 12588 456
12588 27832 456
27832 1043 456
1043 30653 456
30653 39828 456
39828 34228 456
34228 18105 456
18105 26424 456
26424 31538 456
31538 36302 456
36302 24982 456
24982 30632 456
30632 36600 456
36600 36428 456
36428 14007 456
13342 24491 457
24491 22248 457
22248 26110 457
26110 24176 457
24176 24596 457
24596 16536 457
16536 5746 457
5746 13585 457
13585 11765 457
11765 27386 457
27386 700 457
700 28331 457
28331 12194 457
12194 15456 457
15456 16610 457
16610 12316 457
12316 13792 457
13792 26868 457
26868 14362 457
14362 29413 457
29413 35723 457
35723 12287 457
12287 4715 457
4715 1127 457
1127 7653 457
7653 3923 457
3923 39652 457
39652 8932 457
8932 32702 457
32702 17256 457
17256 7360 457
7360 14123 457
14123 33438 457
33438 7941 457
7941 36049 457
36049 14703 457
14703 20941 457
20941 35815 457
35815 34128 457
34128 3088 457
12676 22631 458
22631 27300 458
27300 20590 458
20590 7108 458
7108 18613 458
18613 16760 458
16760 35849 458
35849 29675 458
29675 2386 458
2386 9619 458
9619 26311 458
26311 33423 458
33423 363 458
363 10225 458
10225 4714 458
4714 33676 458
33676 15795 458
15795 7791 458
7791 1590 458
1590 17688 458
17688 29656 458
29656 16288 458
16288 34453 458
34453 39223 458
39223 22960 458
22960 30004 458
30004 11740 458
11740 39490 458
39490 39091 458
39091 32194 458
32194 5810 458
5810 31450 458
31450 37571 458
37571 39230 458
39230 30250 458
30250 12783 458
12783 21616 458
21616 19692 458
19692 2934 458
2934 22001 458
36075 10068 459
10068 33633 459
33633 37643 459
37643 30120 459
30120 26223 459
26223 33922 459
33922 9932 459
9932 26686 459
26686 39889 459
39889 5744 459
5744 19649 459
19649 28544 459
28544 36976 459
36976 23457 459
23457 11084 459
11084 13189 459
13189 7915 459
7915 26700 459
26700 1259 459
1259 15595 459
15595 39516 459
39516 27029 459
27029 2716 459
2716 10876 459
10876 17097 459
17097 39133 459
39133 31744 459
31744 18720 459
18720 202 459
202 38832 459
38832 37019 459
37019 8002 459
8002 13907 459
13907 17767 459
17767 37454 459
37454 24654 459
24654 35099 459
35099 31264 459
31264 27828 459
27828 1154 459
28025 11905 460
11905 20042 460
20042 36383 460
36383 22291 460
22291 35565 460
35565 12298 460
12298 12124 460
12124 28474 460
28474 40501 460
40501 1722 460
1722 16079 460
16079 19063 460
19063 40103 460
40103 13543 460
13543 34869 460
34869 3066 460
3066 6084 460
6084 35224 460
35224 27814 460
27814 39213 460
39213 34532 460
34532 31421 460
31421 35458 460
35458 38980 460
38980 40306 460
40306 36475 460
36475 36479 460
36479 35434 460
35434 4363 460
4363 24576 460
24576 18578 460
18578 28136 460
28136 24779 460
24779 19389 460
19389 10622 460
10622 7532 460
7532 4725 460
4725 12511 460
12511 40589 460
40589 21976 460
14137 21327 461
21327 26306 461
26306 2218 461
2218 12087 461
12087 20883 461
20883 37523 461
37523 8870 461
8870 27492 461
27492 37692 461
37692 7933 461
7933 13422 461
13422 29855 461
29855 3607 461
3607 6337 461
6337 16939 461
16939 11218 461
11218 29512 461
29512 4652 461
4652 27319 461
27319 33617 461
33617 32686 461
32686 5570 461
5570 25358 461
25358 32141 461
32141 10124 461
10124 20313 461
20313 23103 461
23103 27543 461
27543 8518 461
8518 36294 461
36294 22360 461
22360 28657 461
28657 20828 461
20828 19065 461
19065 18818 461
18818 4579 461
4579 34897 461
34897 19087 461
19087 40040 461
40040 5511 461
34500 727 462
727 33949 462
33949 1647 462
1647 26887 462
26887 3877 462
3877 34049 462
34049 6350 462
6350 28788 462
28788 5828 462
5828 7732 462
7732 22472 462
22472 7493 462
7493 20143 462
20143 6748 462
6748 33176 462
33176 30284 462
30284 40767 462
40767 23579 462
23579 12062 462
12062 10295 462
10295 548 462
548 28089 462
28089 35012 462
35012 4155 462
4155 11584 462
11584 8094 462
8094 40809 462
40809 763 462
763 24390 462
24390 31622 462
31622 34777 462
34777 4527 462
4527 14647 462
14647 11629 462
11629 34679 462
34679 2220 462
2220 23401 462
23401 8905 462
8905 19611 462
19611 16169 462
9645 9071 463
9071 14330 463
14330 9941 463
9941 17267 463
17267 38866 463
38866 7167 463
7167 32874 463
32874 25123 463
25123 25443 463
25443 36467 463
36467 15167 463
15167 30700 463
30700 32867 463
32867 18466 463
18466 10682 463
10682 16255 463
16255 14516 463
14516 24191 463
24191 20103 463
20103 31683 463
31683 3369 463
3369 9338 463
9338 31797 463
31797 22405 463
22405 37527 463
37527 31789 463
31789 13364 463
13364 29784 463
29784 11261 463
11261 24948 463
24948 20762 463
20762 22241 463
22241 28537 463
28537 28471 463
28471 15518 463
15518 19651 463
19651 20333 463
20333 13810 463
13810 35642 463
35642 25876 463
6788 1576 464
1576 16151 464
16151 1323 464
1323 33685 464
33685 2254 464
2254 463 464
463 5404 464
5404 13119 464
13119 3158 464
3158 2601 464
2601 23553 464
23553 18638 464
18638 34802 464
34802 365 464
365 22778 464
22778 3434 464
3434 19100 464
19100 20789 464
20789 22760 464
22760 5352 464
5352 1267 464
1267 2554 464
2554 20378 464
20378 12845 464
12845 27129 464
27129 197 464
197 1390 464
1390 25994 464
25994 20874 464
20874 33042 464
33042 3405 464
3405 3 464
3 13132 464
13132 24006 464
24006 4137 464
4137 7735 464
7735 38637 464
38637 15745 464
15745 18309 464
18309 34663 464
33673 6591 465
6591 37828 465
37828 2796 465
2796 35822 465
35822 39865 465
39865 4638 465
4638 10096 465
10096 34759 465
34759 13058 465
13058 22212 465
22212 697 465
697 1812 465
1812 24959 465
24959 13440 465
13440 18089 465
18089 20687 465
20687 21712 465
21712 19142 465
19142 21010 465
21010 38820 465
38820 2237 465
2237 7996 465
7996 36960 465
36960 9228 465
9228 16699 465
16699 32592 465
32592 34793 465
34793 3606 465
3606 27280 465
27280 14179 465
14179 19392 465
19392 12817 465
12817 1799 465
1799 18074 465
18074 22829 465
22829 27594 465
27594 25853 465
25853 25649 465
25649 7000 465
7000 24619 465
31243 25155 466
25155 834 466
834 16713 466
16713 34349 466
34349 34089 466
34089 25741 466
25741 13999 466
13999 38685 466
38685 13193 466
13193 29710 466
29710 3863 466
3863 38454 466
38454 38876 466
38876 1375 466
1375 142 466
142 9866 466
9866 37635 466
37635 29641 466
29641 14585 466
14585 1692 466
1692 2747 466
2747 6508 466
6508 28931 466
28931 21982 466
21982 22627 466
22627 9662 466
9662 31069 466
31069 19388 466
19388 8091 466
8091 27783 466
27783 12544 466
12544 39802 466
39802 4238 466
4238 23855 466
23855 28085 466
28085 21609 466
21609 36964 466
36964 37528 466
37528 18200 466
18200 16097 466
36661 28729 467
28729 13184 467
13184 3136 467
3136 27651 467
27651 5400 467
5400 10634 467
10634 750 467
750 37208 467
37208 23747 467
23747 27724 467
27724 35603 467
35603 20423 467
20423 3896 467
3896 29475 467
29475 32494 467
32494 35726 467
35726 19177 467
19177 1444 467
1444 20128 467
20128 6501 467
6501 33878 467
33878 24816 467
24816 1557 467
1557 11990 467
11990 39179 467
39179 21121 467
21121 17920 467
17920 38697 467
38697 9506 467
9506 29874 467
29874 15949 467
15949 32891 467
32891 6534 467
6534 18515 467
18515 28642 467
28642 33284 467
33284 39379 467
39379 12577 467
12577 2254 467
2254 20610 467
29763 19702 468
19702 12944 468
12944 32821 468
32821 39635 468
39635 16709 468
16709 2323 468
2323 12483 468
12483 15286 468
15286 26748 468
26748 28115 468
28115 28192 468
28192 32266 468
32266 6383 468
6383 35722 468
35722 5161 468
5161 31087 468
31087 6697 468
6697 5171 468
5171 8466 468
8466 22777 468
22777 4889 468
4889 5332 468
5332 13481 468
13481 3941 468
3941 20005 468
20005 9596 468
9596 379 468
379 28086 468
28086 1523 468
1523 36284 468
36284 24755 468
24755 4839 468
4839 40609 468
40609 17927 468
17927 31824 468
31824 12129 468
12129 14431 468
14431 20877 468
20877 12743 468
12743 717 468
38403 6925 469
6925 30842 469
30842 30074 469
30074 36904 469
36904 15499 469
15499 13459 469
13459 10864 469
10864 33948 469
33948 4350 469
4350 30254 469
30254 22545 469
22545 37506 469
37506 25092 469
25092 11035 469
11035 22251 469
22251 17403 469
17403 21005 469
21005 22106 469
22106 28440 469
28440 29872 469
29872 25262 469
25262 37598 469
37598 28203 469
28203 29123 469
29123 30169 469
30169 30151 469
30151 33147 469
33147 30237 469
30237 13783 469
13783 22741 469
22741 37056 469
37056 26451 469
26451 7703 469
7703 21233 469
21233 29657 469
29657 7550 469
7550 3570 469
3570 4752 469
4752 9992 469
9992 3810 469
15202 34596 470
34596 18735 470
18735 16143 470
16143 20299 470
20299 13686 470
13686 25710 470
25710 21462 470
21462 15313 470
15313 13425 470
13425 33690 470
33690 14980 470
14980 7596 470
7596 24714 470
24714 11490 470
11490 10172 470
10172 30324 470
30324 39356 470
39356 20185 470
20185 181 470
181 16511 470
16511 17464 470
17464 3853 470
3853 1376 470
1376 4593 470
4593 19611 470
19611 15295 470
15295 36421 470
36421 37757 470
37757 933 470
933 5536 470
5536 34839 470
34839 28188 470
28188 25320 470
25320 4436 470
4436 12119 470
12119 39131 470
39131 33214 470
33214 13056 470
13056 19396 470
19396 11190 470
10664 23896 471
23896 33669 471
33669 10768 471
10768 12255 471
12255 17051 471
17051 11107 471
11107 3626 471
3626 17749 471
17749 38172 471
38172 17625 471
17625 7176 471
7176 9820 471
9820 23858 471
23858 5928 471
5928 23583 471
23583 35334 471
35334 38913 471
38913 22730 471
22730 19156 471
19156 13733 471
13733 38322 471
38322 17525 471
17525 8417 471
8417 15482 471
15482 970 471
970 16825 471
16825 32216 471
32216 35842 471
35842 16861 471
16861 17055 471
17055 19661 471
19661 28748 471
28748 27518 471
27518 39769 471
39769 15239 471
15239 11871 471
11871 2771 471
2771 35679 471
35679 3701 471
3701 6050 471
28634 12536 472
12536 35671 472
35671 26276 472
26276 24295 472
24295 24385 472
24385 2020 472
2020 4118 472
4118 10107 472
10107 31407 472
31407 29841 472
29841 2025 472
2025 1728 472
1728 10281 472
10281 9499 472
9499 37498 472
37498 5222 472
5222 8223 472
8223 37144 472
37144 26499 472
26499 27199 472
27199 38761 472
38761 39220 472
39220 16678 472
16678 23048 472
23048 32151 472
32151 28346 472
28346 23825 472
23825 7109 472
7109 15641 472
15641 38385 472
38385 17068 472
17068 11970 472
11970 18282 472
18282 26838 472
26838 23227 472
23227 21064 472
21064 2680 472
2680 31698 472
31698 37322 472
37322 11641 472
529 23141 473
23141 1531 473
1531 40614 473
40614 27472 473
27472 12461 473
12461 8829 473
8829 13060 473
13060 25186 473
25186 24676 473
24676 29612 473
29612 7501 473
7501 39198 473
39198 26782 473
26782 29874 473
29874 5945 473
5945 34153 473
34153 33869 473
33869 28699 473
28699 34959 473
34959 39779 473
39779 25659 473
25659 33436 473
33436 25420 473
25420 2527 473
2527 34759 473
34759 37823 473
37823 39408 473
39408 23454 473
23454 29078 473
29078 11546 473
11546 20759 473
20759 5440 473
5440 31352 473
31352 20461 473
20461 22687 473
22687 36540 473
36540 29482 473
29482 3206 473
3206 1685 473
1685 34384 473
14739 15971 474
15971 10979 474
10979 15183 474
15183 19732 474
19732 23961 474
23961 34170 474
34170 37395 474
37395 39033 474
39033 26185 474
26185 39058 474
39058 40272 474
40272 3355 474
3355 26768 474
26768 14455 474
14455 39329 474
39329 33652 474
33652 18284 474
18284 32618 474
32618 14354 474
14354 7581 474
7581 18880 474
18880 36200 474
36200 24994 474
24994 11812 474
11812 32243 474
32243 18422 474
18422 32857 474
32857 39009 474
39009 17785 474
17785 1981 474
1981 22355 474
22355 38910 474
38910 37992 474
37992 715 474
715 37180 474
37180 1146 474
1146 36185 474
36185 33971 474
33971 10034 474
10034 33363 474
25718 34297 475
34297 19678 475
19678 29366 475
29366 5600 475
5600 4397 475
4397 36396 475
36396 37763 475
37763 30759 475
30759 15949 475
15949 3932 475
3932 27592 475
27592 40993 475
40993 23082 475
23082 31027 475
31027 19655 475
19655 7437 475
7437 34811 475
34811 35418 475
35418 9848 475
9848 542 475
542 40206 475
40206 28191 475
28191 20368 475
20368 6309 475
6309 13624 475
13624 16183 475
16183 23360 475
23360 30760 475
30760 39943 475
39943 38761 475
38761 37959 475
37959 13294 475
13294 26070 475
26070 34389 475
34389 12918 475
12918 10959 475
10959 30436 475
30436 15405 475
15405 10619 475
10619 2685 475
23064 18167 476
18167 23570 476
23570 22350 476
22350 35794 476
35794 39307 476
39307 23828 476
23828 40801 476
40801 23877 476
23877 14844 476
14844 13480 476
13480 25485 476
25485 21181 476
21181 11360 476
11360 35421 476
35421 30172 476
30172 38755 476
38755 10084 476
10084 6685 476
6685 29406 476
29406 29022 476
29022 4910 476
4910 27819 476
27819 23319 476
23319 28386 476
28386 11128 476
11128 36660 476
36660 17733 476
17733 38848 476
38848 19052 476
19052 7408 476
7408 10432 476
10432 23103 476
23103 8775 476
8775 40675 476
40675 25534 476
25534 38490 476
38490 13298 476
13298 15998 476
15998 37443 476
37443 18419 476
18708 33469 477
33469 14904 477
14904 36694 477
36694 8417 477
8417 7230 477
7230 5925 477
5925 2783 477
2783 19207 477
19207 22263 477
22263 33275 477
33275 2626 477
2626 34646 477
34646 7837 477
7837 7102 477
7102 39713 477
39713 32875 477
32875 6161 477
6161 12542 477
12542 39927 477
39927 14826 477
14826 25075 477
25075 39546 477
39546 1342 477
1342 3281 477
3281 7610 477
7610 2290 477
2290 19944 477
19944 32043 477
32043 14340 477
14340 19041 477
19041 3765 477
3765 30830 477
30830 7004 477
7004 25099 477
25099 39203 477
39203 37500 477
37500 32214 477
32214 13664 477
13664 7049 477
7049 569 477
22314 33467 478
33467 2906 478
2906 9931 478
9931 30222 478
30222 5530 478
5530 19150 478
19150 19875 478
19875 12509 478
12509 34959 478
34959 16338 478
16338 231 478
231 10102 478
10102 23089 478
23089 27251 478
27251 19206 478
19206 38968 478
38968 40619 478
40619 21599 478
21599 3985 478
3985 31547 478
31547 34061 478
34061 20016 478
20016 31225 478
31225 20100 478
20100 34009 478
34009 21922 478
21922 8217 478
8217 16108 478
16108 21629 478
21629 40465 478
40465 31100 478
31100 27852 478
27852 37075 478
37075 16670 478
16670 26906 478
26906 21244 478
21244 7253 478
7253 19790 478
19790 33027 478
33027 34732 478
23846 29231 479
29231 22390 479
22390 12148 479
12148 1251 479
1251 38571 479
38571 135 479
135 30382 479
30382 29150 479
29150 1593 479
1593 34513 479
34513 27873 479
27873 37091 479
37091 17017 479
17017 8173 479
8173 6813 479
6813 39370 479
39370 36434 479
36434 9678 479
9678 40790 479
40790 27654 479
27654 31218 479
31218 20671 479
20671 7213 479
7213 131 479
131 30975 479
30975 1243 479
1243 10459 479
10459 19752 479
19752 27619 479
27619 13391 479
13391 37519 479
37519 23768 479
23768 5191 479
5191 28418 479
28418 26997 479
26997 15317 479
15317 28093 479
28093 20692 479
20692 828 479
828 4167 479
21219 19378 480
19378 30304 480
30304 31035 480
31035 5563 480
5563 1898 480
1898 10787 480
10787 29427 480
29427 34735 480
34735 9943 480
9943 26383 480
26383 7537 480
7537 5043 480
5043 17319 480
17319 37302 480
37302 23006 480
23006 23132 480
23132 8371 480
8371 25077 480
25077 30985 480
30985 27482 480
27482 26892 480
26892 38192 480
38192 9586 480
9586 7710 480
7710 17691 480
17691 29683 480
29683 26955 480
26955 28380 480
28380 861 480
861 10622 480
10622 30592 480
30592 38612 480
38612 15640 480
15640 16182 480
16182 12324 480
12324 15993 480
15993 6674 480
6674 921 480
921 36327 480
36327 27966 480
9663 530 481
530 32280 481
32280 19295 481
19295 7116 481
7116 34561 481
34561 26985 481
26985 40146 481
40146 25162 481
25162 9372 481
9372 32942 481
32942 14290 481
14290 11707 481
11707 647 481
647 16016 481
16016 21133 481
21133 12519 481
12519 16445 481
16445 30958 481
30958 2101 481
2101 19313 481
19313 13705 481
13705 14293 481
14293 32390 481
32390 18603 481
18603 118 481
118 11319 481
11319 9753 481
9753 12895 481
12895 38577 481
38577 19005 481
19005 37354 481
37354 3877 481
3877 26697 481
26697 17644 481
17644 21086 481
21086 13069 481
13069 7551 481
7551 13024 481
13024 8794 481
8794 25459 481
17087 11838 482
11838 18215 482
18215 40987 482
40987 26664 482
26664 4846 482
4846 24576 482
24576 23810 482
23810 23137 482
23137 16468 482
16468 18089 482
18089 36322 482
36322 1449 482
1449 30291 482
30291 27179 482
27179 14270 482
14270 10655 482
10655 31739 482
31739 31208 482
31208 5518 482
5518 15430 482
15430 31118 482
31118 12989 482
12989 7620 482
7620 24409 482
24409 8676 482
8676 36827 482
36827 36856 482
36856 16213 482
16213 32689 482
32689 15138 482
15138 19682 482
19682 18045 482
18045 5331 482
5331 34142 482
34142 3516 482
3516 22842 482
22842 4306 482
4306 19618 482
19618 15690 482
15690 33662 482
9127 5017 483
5017 6473 483
6473 24384 483
24384 1562 483
1562 18951 483
18951 242 483
242 7834 483
7834 2099 483
2099 30678 483
30678 17396 483
17396 1790 483
1790 19465 483
19465 28276 483
28276 40870 483
40870 24587 483
24587 10090 483
10090 22643 483
22643 27845 483
27845 33238 483
33238 31039 483
31039 17510 483
17510 27453 483
27453 6737 483
6737 27627 483
27627 39169 483
39169 16859 483
16859 36358 483
36358 4864 483
4864 3734 483
3734 12295 483
12295 2969 483
2969 2674 483
2674 5374 483
5374 12373 483
12373 20087 483
20087 1132 483
1132 28016 483
28016 11099 483
11099 16465 483
16465 4264 483
20667 8443 484
8443 21350 484
21350 34990 484
34990 7227 484
7227 36382 484
36382 32876 484
32876 38930 484
38930 15707 484
15707 17263 484
17263 38140 484
38140 33426 484
33426 22812 484
22812 7024 484
7024 16816 484
16816 19222 484
19222 24223 484
24223 27419 484
27419 847 484
847 39976 484
39976 24076 484
24076 4070 484
4070 13978 484
13978 12281 484
12281 6461 484
6461 15271 484
15271 9699 484
9699 24266 484
24266 38806 484
38806 10254 484
10254 40741 484
40741 16679 484
16679 37406 484
37406 18867 484
18867 4707 484
4707 22182 484
22182 37937 484
37937 653 484
653 19482 484
19482 21434 484
21434 16648 484
40516 30534 485
30534 16707 485
16707 11749 485
11749 28538 485
28538 24295 485
24295 28582 485
28582 14791 485
14791 19272 485
19272 23482 485
23482 7265 485
7265 1413 485
1413 11821 485
11821 21097 485
21097 30295 485
30295 32860 485
32860 22603 485
22603 23362 485
23362 19565 485
19565 32441 485
32441 29130 485
29130 10111 485
10111 64 485
64 37258 485
37258 40588 485
40588 31523 485
31523 2700 485
2700 36692 485
36692 27964 485
27964 29842 485
29842 9115 485
9115 40928 485
40928 29974 485
29974 36420 485
36420 1807 485
1807 29285 485
29285 27182 485
27182 8934 485
8934 2056 485
2056 27985 485
27985 27446 485
24865 26721 486
26721 16123 486
16123 18676 486
18676 39076 486
39076 16337 486
16337 13844 486
13844 38049 486
38049 36402 486
36402 40427 486
40427 11611 486
11611 6360 486
6360 32278 486
32278 2851 486
2851 16121 486
16121 709 486
709 20921 486
20921 35834 486
35834 21652 486
21652 1636 486
1636 37589 486
37589 30720 486
30720 24662 486
24662 16662 486
16662 14934 486
14934 35988 486
35988 1787 486
1787 18379 486
18379 19536 486
19536 12966 486
12966 25429 486
25429 9085 486
9085 39891 486
39891 18692 486
18692 23858 486
23858 16151 486
16151 13950 486
13950 9329 486
9329 11929 486
11929 3967 486
3967 36214 486
23512 32001 487
32001 40789 487
40789 32041 487
32041 23313 487
23313 33302 487
33302 28792 487
28792 40532 487
40532 11403 487
11403 23791 487
23791 24189 487
24189 21358 487
21358 40265 487
40265 23439 487
23439 7106 487
7106 25788 487
25788 17674 487
17674 4488 487
4488 9408 487
9408 26516 487
26516 3977 487
3977 462 487
462 8761 487
8761 15931 487
15931 24372 487
24372 9903 487
9903 35439 487
35439 39979 487
39979 31663 487
31663 14628 487
14628 35602 487
35602 34873 487
34873 3688 487
3688 12072 487
12072 38156 487
38156 9465 487
9465 14418 487
14418 8912 487
8912 14522 487
14522 26109 487
26109 30303 487
4608 8915 488
8915 21177 488
21177 7122 488
7122 31587 488
31587 28272 488
28272 4364 488
4364 26424 488
26424 33021 488
33021 23603 488
23603 11214 488
11214 25729 488
25729 17364 488
17364 28734 488
28734 32682 488
32682 17746 488
17746 36210 488
36210 39646 488
39646 5455 488
5455 19980 488
19980 40931 488
40931 26331 488
26331 15400 488
15400 5934 488
5934 576 488
576 40670 488
40670 38680 488
38680 21518 488
21518 17815 488
17815 2726 488
2726 6105 488
6105 20751 488
20751 13858 488
13858 36801 488
36801 20689 488
20689 9706 488
9706 32394 488
32394 6282 488
6282 21844 488
21844 10598 488
10598 10077 488
39910 17865 489
17865 8095 489
8095 5740 489
5740 40266 489
40266 18050 489
18050 18166 489
18166 4446 489
4446 20440 489
20440 20738 489
20738 5930 489
5930 23228 489
23228 8303 489
8303 11670 489
11670 20039 489
20039 10978 489
10978 2797 489
2797 23265 489
23265 2379 489
2379 35711 489
35711 32476 489
32476 38262 489
38262 21809 489
21809 36158 489
36158 25460 489
25460 38626 489
38626 12573 489
12573 5421 489
5421 23998 489
23998 40861 489
40861 20452 489
20452 8166 489
8166 6777 489
6777 31295 489
31295 26166 489
26166 12744 489
12744 31649 489
31649 5362 489
5362 38111 489
38111 2929 489
2929 3294 489
38853 8156 490
8156 376 490
376 4662 490
4662 21396 490
21396 21142 490
21142 4933 490
4933 29253 490
29253 26728 490
26728 33588 490
33588 29170 490
29170 37687 490
37687 9306 490
9306 12120 490
12120 11633 490
11633 32020 490
32020 26614 490
26614 33265 490
33265 26926 490
26926 26009 490
26009 30948 490
30948 21353 490
21353 31243 490
31243 37948 490
37948 18955 490
18955 27517 490
27517 2101 490
2101 11060 490
11060 24752 490
24752 40053 490
40053 28056 490
28056 40327 490
40327 29324 490
29324 4307 490
4307 23531 490
23531 20405 490
20405 20513 490
20513 19558 490
19558 32876 490
32876 2066 490
2066 16457 490
13451 22755 491
22755 38707 491
38707 572 491
572 26846 491
26846 597 491
597 1746 491
1746 15835 491
15835 37991 491
37991 35855 491
35855 22939 491
22939 9730 491
9730 5673 491
5673 7132 491
7132 32232 491
32232 18815 491
18815 17094 491
17094 37626 491
37626 39151 491
39151 39258 491
39258 25242 491
25242 18275 491
18275 12996 491
12996 17553 491
17553 34049 491
34049 18072 491
18072 36797 491
36797 19339 491
19339 305 491
305 7378 491
7378 3658 491
3658 30885 491
30885 6482 491
6482 39206 491
39206 31019 491
31019 10924 491
10924 33843 491
33843 22947 491
22947 21566 491
21566 24352 491
24352 6647 491
14536 30340 492
30340 6950 492
6950 14858 492
14858 24783 492
24783 21892 492
21892 29750 492
29750 39969 492
39969 15368 492
15368 10470 492
10470 34533 492
34533 27497 492
27497 26665 492
26665 249 492
249 25272 492
25272 5228 492
5228 16217 492
16217 8175 492
8175 34280 492
34280 7353 492
7353 8945 492
8945 20046 492
20046 11780 492
11780 30195 492
30195 14147 492
14147 23452 492
23452 3207 492
3207 26 492
26 6487 492
6487 24541 492
24541 22903 492
22903 27640 492
27640 21347 492
21347 36295 492
36295 32874 492
32874 22169 492
22169 33924 492
33924 37697 492
37697 37951 492
37951 18437 492
18437 11056 492
19873 1206 493
1206 11973 493
11973 35542 493
35542 14168 493
14168 15063 493
15063 12348 493
12348 16134 493
16134 30110 493
30110 20592 493
20592 39825 493
39825 24117 493
24117 25614 493
25614 4987 493
4987 1614 493
1614 29959 493
29959 21051 493
21051 37364 493
37364 28038 493
28038 23389 493
23389 28247 493
28247 4379 493
4379 23751 493
23751 36405 493
36405 38433 493
38433 4499 493
4499 15958 493
15958 2386 493
2386 18605 493
18605 13409 493
13409 38417 493
38417 7436 493
7436 29486 493
29486 7919 493
7919 36505 493
36505 27701 493
27701 19698 493
19698 19822 493
19822 1591 493
1591 38946 493
38946 24226 493
23442 22567 494
22567 3329 494
3329 4311 494
4311 27396 494
27396 35284 494
35284 40238 494
40238 30689 494
30689 8264 494
8264 21692 494
21692 34681 494
34681 13498 494
13498 8469 494
8469 40140 494
40140 10652 494
10652 4547 494
4547 15355 494
15355 17195 494
17195 125 494
125 4462 494
4462 18325 494
18325 27273 494
27273 13117 494
13117 23630 494
23630 5954 494
5954 4652 494
4652 11294 494
11294 37601 494
37601 17515 494
17515 37475 494
37475 22278 494
22278 31178 494
31178 18330 494
18330 15525 494
15525 34718 494
34718 8170 494
8170 16746 494
16746 27321 494
27321 8677 494
8677 35115 494
35115 764 494
40579 38331 495
38331 21294 495
21294 4589 495
4589 17813 495
17813 2785 495
2785 40395 495
40395 15886 495
15886 25827 495
25827 26598 495
26598 9444 495
9444 11528 495
11528 22414 495
22414 11983 495
11983 19117 495
19117 31184 495
31184 24452 495
24452 22335 495
22335 15954 495
15954 26252 495
26252 17962 495
17962 25924 495
25924 26147 495
26147 17230 495
17230 10368 495
10368 12056 495
12056 36135 495
36135 30017 495
30017 26286 495
26286 17444 495
17444 38183 495
38183 18666 495
18666 31762 495
31762 4412 495
4412 32106 495
32106 20600 495
20600 34561 495
34561 14810 495
14810 18213 495
18213 15620 495
15620 5182 495
20872 27522 496
27522 16822 496
16822 35748 496
35748 22746 496
22746 17131 496
17131 25843 496
25843 20720 496
20720 28460 496
28460 33738 496
33738 37968 496
37968 22142 496
22142 3054 496
3054 39298 496
39298 22812 496
22812 29426 496
29426 559 496
559 3514 496
3514 8854 496
8854 28019 496
28019 17189 496
17189 3600 496
3600 38062 496
38062 40411 496
40411 2984 496
2984 33621 496
33621 28446 496
28446 3828 496
3828 16715 496
16715 39027 496
39027 12492 496
12492 6068 496
6068 31472 496
31472 35296 496
35296 39378 496
39378 27817 496
27817 22287 496
22287 34482 496
34482 989 496
989 27140 496
27140 2478 496
37119 3753 497
3753 15288 497
15288 21991 497
21991 36891 497
36891 14206 497
14206 30356 497
30356 7130 497
7130 14563 497
14563 26645 497
26645 4905 497
4905 35052 497
35052 39058 497
39058 17452 497
17452 32950 497
32950 1872 497
1872 13596 497
13596 35571 497
35571 35792 497
35792 35677 497
35677 13367 497
13367 22904 497
22904 1779 497
1779 36151 497
36151 9289 497
9289 22060 497
22060 25738 497
25738 40930 497
40930 23286 497
23286 39680 497
39680 17405 497
17405 17401 497
17401 30494 497
30494 30011 497
30011 40409 497
40409 30952 497
30952 7957 497
7957 37209 497
37209 9372 497
9372 24727 497
24727 4751 497
38134 23379 498
23379 16527 498
16527 28353 498
28353 26841 498
26841 18095 498
18095 13374 498
13374 20289 498
20289 8950 498
8950 18619 498
18619 9229 498
9229 25931 498
25931 16515 498
16515 26160 498
26160 18457 498
18457 20769 498
20769 30078 498
30078 6086 498
6086 1240 498
1240 40090 498
40090 40237 498
40237 13046 498
13046 6348 498
6348 23968 498
23968 27924 498
27924 665 498
665 14294 498
14294 20186 498
20186 36921 498
36921 28749 498
28749 28444 498
28444 24202 498
24202 25252 498
25252 39997 498
39997 1332 498
1332 33687 498
33687 20849 498
20849 33775 498
33775 7686 498
7686 9518 498
9518 39633 498
22824 18588 499
18588 40853 499
40853 19014 499
19014 34288 499
34288 12504 499
12504 19684 499
19684 24857 499
24857 27191 499
27191 22475 499
22475 1420 499
1420 23720 499
23720 14028 499
14028 21673 499
21673 9613 499
9613 28219 499
28219 1545 499
1545 2365 499
2365 19904 499
19904 37589 499
37589 6077 499
6077 14434 499
14434 39368 499
39368 239 499
239 7395 499
7395 30179 499
30179 40852 499
40852 36696 499
36696 123 499
123 9682 499
9682 23092 499
23092 36363 499
36363 14832 499
14832 19409 499
19409 36410 499
36410 1287 499
1287 30032 499
30032 3665 499
3665 21902 499
21902 22562 499
22562 16923 499
22624 31804 500
31804 7728 500
7728 20977 500
20977 38401 500
38401 28299 500
28299 34220 500
34220 32091 500
32091 15213 500
15213 12511 500
12511 16788 500
16788 10908 500
10908 12191 500
12191 25443 500
25443 6020 500
6020 31530 500
31530 28288 500
28288 20643 500
20643 27155 500
27155 5661 500
5661 28896 500
28896 21744 500
21744 3432 500
3432 24216 500
24216 33803 500
33803 40505 500
40505 19481 500
19481 31491 500
31491 34069 500
34069 17099 500
17099 24883 500
24883 9632 500
9632 13356 500
13356 15750 500
15750 11066 500
11066 10844 500
10844 38651 500
38651 30755 500
30755 35648 500
35648 115 500
115 26474 500
3375 10222 501
10222 6826 501
6826 5983 501
5983 2137 501
2137 29850 501
29850 11588 501
11588 2733 501
2733 13094 501
13094 7052 501
7052 715 501
715 14066 501
14066 31720 501
31720 39321 501
39321 6713 501
6713 2866 501
2866 34955 501
34955 11464 501
11464 32134 501
32134 19999 501
19999 40661 501
40661 28618 501
28618 23789 501
23789 39123 501
39123 19500 501
19500 34554 501
34554 17589 501
17589 2977 501
2977 10228 501
10228 34858 501
34858 17545 501
17545 10618 501
10618 17659 501
17659 30587 501
30587 22432 501
22432 12075 501
12075 29577 501
29577 29464 501
29464 12375 501
12375 23786 501
23786 40941 501
26594 5066 502
5066 26429 502
26429 14783 502
14783 17263 502
17263 18074 502
18074 28399 502
28399 12516 502
12516 29307 502
29307 12127 502
12127 36203 502
36203 19732 502
19732 29046 502
29046 4704 502
4704 10911 502
10911 18790 502
18790 22829 502
22829 15776 502
15776 27165 502
27165 35277 502
35277 38769 502
38769 19618 502
19618 26790 502
26790 32464 502
32464 24137 502
24137 19875 502
19875 3545 502
3545 3366 502
3366 30354 502
30354 29700 502
29700 24018 502
24018 1741 502
1741 1759 502
1759 18420 502
18420 39639 502
39639 34446 502
34446 36353 502
36353 4576 502
4576 35257 502
35257 24848 502
24848 2534 502
10368 33070 503
33070 19257 503
19257 12112 503
12112 22451 503
22451 14139 503
14139 12880 503
12880 23974 503
23974 18302 503
18302 40221 503
40221 35511 503
35511 38922 503
38922 37558 503
37558 18296 503
18296 5569 503
5569 27360 503
27360 2772 503
2772 10692 503
10692 9302 503
9302 13063 503
13063 3760 503
3760 1552 503
1552 26814 503
26814 9040 503
9040 4237 503
4237 22070 503
22070 35429 503
35429 4320 503
4320 1193 503
1193 21581 503
21581 30874 503
30874 7082 503
7082 7928 503
7928 7020 503
7020 8681 503
8681 20857 503
20857 2825 503
2825 16791 503
16791 16393 503
16393 24424 503
24424 15961 503
14937 12135 504
12135 20403 504
20403 29363 504
29363 36868 504
36868 3345 504
3345 33590 504
33590 21765 504
21765 19229 504
19229 2054 504
2054 28821 504
28821 39923 504
39923 31458 504
31458 5831 504
5831 20296 504
20296 22293 504
22293 4960 504
4960 9180 504
9180 24803 504
24803 38803 504
38803 32907 504
32907 34677 504
34677 24173 504
24173 29475 504
29475 20486 504
20486 6505 504
6505 37772 504
37772 35506 504
35506 19089 504
19089 7169 504
7169 32176 504
32176 5726 504
5726 36917 504
36917 14610 504
14610 17893 504
17893 18906 504
18906 10105 504
10105 30759 504
30759 35806 504
35806 28164 504
28164 36960 504
8313 28109 505
28109 30852 505
30852 16066 505
16066 10844 505
10844 39267 505
39267 40715 505
40715 25207 505
25207 12901 505
12901 13021 505
13021 35105 505
35105 24818 505
24818 20874 505
20874 26540 505
26540 13338 505
13338 33303 505
33303 767 505
767 27451 505
27451 3301 505
3301 28754 505
28754 38821 505
38821 7097 505
7097 37675 505
37675 13465 505
13465 32696 505
32696 6683 505
6683 19435 505
19435 13728 505
13728 12110 505
12110 17299 505
17299 1713 505
1713 24291 505
24291 10508 505
10508 30036 505
30036 37347 505
37347 26936 505
26936 2413 505
2413 26568 505
26568 4946 505
4946 8320 505
8320 5776 505
29142 40371 506
40371 38518 506
38518 12678 506
12678 21526 506
21526 12312 506
12312 40798 506
40798 18627 506
18627 35401 506
35401 26084 506
26084 29790 506
29790 36502 506
36502 8030 506
8030 11201 506
11201 19750 506
19750 40033 506
40033 11761 506
11761 30728 506
30728 15719 506
15719 35160 506
35160 30571 506
30571 17896 506
17896 33622 506
33622 17303 506
17303 2263 506
2263 24065 506
24065 8122 506
8122 2683 506
2683 12216 506
12216 39981 506
39981 26842 506
26842 4684 506
4684 37382 506
37382 39319 506
39319 21052 506
21052 6503 506
6503 27521 506
27521 20974 506
20974 2991 506
2991 30873 506
30873 13123 506
16339 32715 507
32715 6585 507
6585 7405 507
7405 39756 507
39756 149 507
149 29156 507
29156 23335 507
23335 12963 507
12963 27182 507
27182 29942 507
29942 1843 507
1843 39378 507
39378 25110 507
25110 38083 507
38083 31396 507
31396 16219 507
16219 3824 507
3824 12325 507
12325 7976 507
7976 14393 507
14393 2216 507
2216 21476 507
21476 27567 507
27567 24306 507
24306 209 507
209 26051 507
26051 5696 507
5696 19191 507
19191 36331 507
36331 32046 507
32046 18957 507
18957 24066 507
24066 792 507
792 38869 507
38869 24612 507
24612 15738 507
15738 38406 507
38406 6016 507
6016 13471 507
13471 24712 507
38548 12977 508
12977 3206 508
3206 11502 508
11502 32203 508
32203 34422 508
34422 32878 508
32878 28090 508
28090 14140 508
14140 15865 508
15865 40912 508
40912 38556 508
38556 10629 508
10629 22996 508
22996 8133 508
8133 10765 508
10765 20216 508
20216 33322 508
33322 39682 508
39682 6222 508
6222 21976 508
21976 29723 508
29723 25257 508
25257 34359 508
34359 32876 508
32876 37350 508
37350 3118 508
3118 19077 508
19077 12959 508
12959 15211 508
15211 23101 508
23101 29022 508
29022 28288 508
28288 6653 508
6653 10079 508
10079 8094 508
8094 5697 508
5697 1235 508
1235 26444 508
26444 30027 508
30027 18095 508
14975 3484 509
3484 33577 509
33577 10830 509
10830 20573 509
20573 6440 509
6440 39860 509
39860 38532 509
38532 5406 509
5406 37524 509
37524 36512 509
36512 17902 509
17902 14677 509
14677 30586 509
30586 18417 509
18417 9861 509
9861 6314 509
6314 8500 509
8500 11349 509
11349 6338 509
6338 20100 509
20100 39887 509
39887 39177 509
39177 35399 509
35399 14016 509
14016 3077 509
3077 31504 509
31504 19325 509
19325 18662 509
18662 24988 509
24988 9381 509
9381 34792 509
34792 4527 509
4527 12972 509
12972 29293 509
29293 11580 509
11580 922 509
922 39608 509
39608 23166 509
23166 39871 509
39871 8507 509
33332 34665 510
34665 2046 510
2046 23432 510
23432 18025 510
18025 28989 510
28989 25348 510
25348 37936 510
37936 26089 510
26089 28668 510
28668 727 510
727 10590 510
10590 17495 510
17495 11122 510
11122 1187 510
1187 9042 510
9042 4812 510
4812 38976 510
38976 17122 510
17122 2941 510
2941 1552 510
1552 15859 510
15859 39097 510
39097 34072 510
34072 3152 510
3152 37745 510
37745 36750 510
36750 35827 510
35827 27058 510
27058 35864 510
35864 8726 510
8726 23073 510
23073 4258 510
4258 12756 510
12756 39235 510
39235 26564 510
26564 31999 510
31999 26626 510
26626 22331 510
22331 33047 510
33047 19062 510
17797 37226 511
37226 12489 511
12489 22675 511
22675 39177 511
39177 15907 511
15907 35135 511
35135 16199 511
16199 11156 511
11156 29226 511
29226 26990 511
26990 11854 511
11854 12882 511
12882 36361 511
36361 6297 511
6297 5148 511
5148 14209 511
14209 11681 511
11681 23451 511
23451 30324 511
30324 16855 511
16855 3966 511
3966 22999 511
22999 39822 511
39822 26995 511
26995 10632 511
10632 8179 511
8179 34260 511
34260 9553 511
9553 1234 511
1234 16291 511
16291 33733 511
33733 36945 511
36945 34589 511
34589 34530 511
34530 179 511
179 36813 511
36813 38387 511
38387 37871 511
37871 30939 511
30939 24580 511
22015 11418 512
11418 26938 512
26938 25044 512
25044 1868 512
1868 27843 512
27843 38280 512
38280 20354 512
20354 12542 512
12542 598 512
598 18307 512
18307 4594 512
4594 27008 512
27008 2367 512
2367 3197 512
3197 15172 512
15172 24704 512
24704 30942 512
30942 32420 512
32420 32988 512
32988 23054 512
23054 22082 512
22082 7202 512
7202 17991 512
17991 15726 512
15726 28526 512
28526 9735 512
9735 19154 512
19154 35302 512
35302 20690 512
20690 39246 512
39246 6960 512
6960 64 512
64 1161 512
1161 2699 512
2699 1845 512
1845 35121 512
35121 6071 512
6071 37291 512
37291 27227 512
27227 5635 512
35924 40931 513
40931 30231 513
30231 34460 513
34460 27349 513
27349 30594 513
30594 1205 513
1205 9989 513
9989 9302 513
9302 13320 513
13320 4960 513
4960 38492 513
38492 8819 513
8819 37506 513
37506 12360 513
12360 30523 513
30523 10026 513
10026 20460 513
20460 40074 513
40074 35296 513
35296 20712 513
20712 23956 513
23956 32152 513
32152 17424 513
17424 37956 513
37956 6107 513
6107 24420 513
24420 29188 513
29188 803 513
803 24745 513
24745 26003 513
26003 30532 513
30532 16547 513
16547 23263 513
23263 33796 513
33796 25609 513
25609 10122 513
10122 17230 513
17230 32663 513
32663 6870 513
6870 7755 513
23549 28598 514
28598 21887 514
21887 29740 514
29740 10460 514
10460 32740 514
32740 27593 514
27593 18699 514
18699 18391 514
18391 24153 514
24153 11271 514
11271 24512 514
24512 10505 514
10505 34454 514
34454 2282 514
2282 3914 514
3914 32229 514
32229 37521 514
37521 23389 514
23389 29861 514
29861 17583 514
17583 32504 514
32504 40942 514
40942 34352 514
34352 37448 514
37448 25904 514
25904 11962 514
11962 3726 514
3726 27966 514
27966 4316 514
4316 35889 514
35889 11047 514
11047 25917 514
25917 11904 514
11904 2301 514
2301 9836 514
9836 3956 514
3956 4673 514
4673 10501 514
10501 3301 514
3301 37939 514
14654 27865 515
27865 34591 515
34591 21069 515
21069 15828 515
15828 263 515
263 4674 515
4674 40185 515
40185 35406 515
35406 32274 515
32274 12921 515
12921 11576 515
11576 36136 515
36136 13849 515
13849 5743 515
5743 12473 515
12473 32121 515
32121 8998 515
8998 16749 515
16749 17282 515
17282 31192 515
31192 30338 515
30338 27280 515
27280 18056 515
18056 28604 515
28604 21584 515
21584 40483 515
40483 6875 515
6875 30195 515
30195 20885 515
20885 31573 515
31573 8632 515
8632 9277 515
9277 37527 515
37527 9861 515
9861 36726 515
36726 26228 515
26228 17634 515
17634 29332 515
29332 40938 515
40938 12409 515
2378 12782 516
12782 15801 516
15801 12283 516
12283 31763 516
31763 4462 516
4462 39394 516
39394 31487 516
31487 15588 516
15588 25277 516
25277 26803 516
26803 24236 516
24236 35882 516
35882 40208 516
40208 28875 516
28875 18324 516
18324 32233 516
32233 30148 516
30148 33536 516
33536 29037 516
29037 10701 516
10701 12612 516
12612 32445 516
32445 8000 516
8000 39925 516
39925 8977 516
8977 28530 516
28530 24678 516
24678 5748 516
5748 36466 516
36466 12350 516
12350 16717 516
16717 32881 516
32881 528 516
528 21988 516
21988 6146 516
6146 35626 516
35626 19537 516
19537 40658 516
40658 30073 516
30073 12568 516
22035 8904 517
8904 16110 517
16110 3670 517
3670 6394 517
6394 25104 517
25104 38390 517
38390 40960 517
40960 40867 517
40867 36254 517
36254 40330 517
40330 8478 517
8478 4803 517
4803 32817 517
32817 36701 517
36701 21596 517
21596 4372 517
4372 25692 517
25692 17044 517
17044 24263 517
24263 22058 517
22058 18155 517
18155 12719 517
12719 1810 517
1810 30087 517
30087 39415 517
39415 9467 517
9467 31556 517
31556 10137 517
10137 17692 517
17692 11573 517
11573 25970 517
25970 4176 517
4176 39037 517
39037 19999 517
19999 29773 517
29773 8311 517
8311 21135 517
21135 23501 517
23501 16357 517
16357 7579 517
7561 23192 518
23192 27958 518
27958 8422 518
8422 18933 518
18933 40708 518
40708 2544 518
2544 36611 518
36611 36620 518
36620 25919 518
25919 21429 518
21429 33832 518
33832 36531 518
36531 7031 518
7031 3728 518
3728 39486 518
39486 22860 518
22860 21965 518
21965 10954 518
10954 21946 518
21946 16005 518
16005 13846 518
13846 561 518
561 6444 518
6444 26190 518
26190 1992 518
1992 34288 518
34288 5881 518
5881 39898 518
39898 15294 518
15294 13742 518
13742 10091 518
10091 7518 518
7518 23713 518
23713 10286 518
10286 34637 518
34637 33540 518
33540 38445 518
38445 4835 518
4835 4734 518
4734 40432 518
9042 11628 519
11628 32952 519
32952 39 519
39 3372 519
3372 28434 519
28434 20603 519
20603 9690 519
9690 24129 519
24129 5235 519
5235 40856 519
40856 37043 519
37043 1165 519
1165 17647 519
17647 18360 519
18360 6509 519
6509 1659 519
1659 18534 519
18534 27609 519
27609 38612 519
38612 22458 519
22458 19159 519
19159 6292 519
6292 25375 519
25375 35881 519
35881 1014 519
1014 11267 519
11267 18078 519
18078 5407 519
5407 10915 519
10915 15295 519
15295 12506 519
12506 16003 519
16003 33255 519
33255 5942 519
5942 7606 519
7606 12779 519
12779 13988 519
13988 29172 519
29172 26441 519
26441 24946 519
8992 3853 520
3853 259 520
259 34253 520
34253 26454 520
26454 39896 520
39896 8074 520
8074 34492 520
34492 27140 520
27140 33006 520
33006 40558 520
40558 27977 520
27977 12350 520
12350 17324 520
17324 33645 520
33645 14020 520
14020 23833 520
23833 31680 520
31680 26838 520
26838 35190 520
35190 26131 520
26131 39724 520
39724 12231 520
12231 3556 520
3556 19372 520
19372 3352 520
3352 31935 520
31935 37173 520
37173 31741 520
31741 31976 520
31976 31661 520
31661 12375 520
12375 21775 520
21775 19593 520
19593 5532 520
5532 10378 520
10378 29405 520
29405 14292 520
14292 20377 520
20377 5224 520
5224 25858 520
26193 39949 521
39949 22292 521
22292 7889 521
7889 29704 521
29704 24116 521
24116 9198 521
9198 29055 521
29055 18570 521
18570 40636 521
40636 10115 521
10115 17358 521
17358 6552 521
6552 4185 521
4185 15886 521
15886 2630 521
2630 4412 521
4412 10293 521
10293 25448 521
25448 5332 521
5332 23033 521
23033 34407 521
34407 21516 521
21516 40608 521
40608 19308 521
19308 7931 521
7931 37619 521
37619 39045 521
39045 17836 521
17836 33670 521
33670 27622 521
27622 9511 521
9511 3422 521
3422 7744 521
7744 20273 521
20273 32999 521
32999 28530 521
28530 39526 521
39526 7366 521
7366 40786 521
40786 38885 521
24067 34476 522
34476 24738 522
24738 24483 522
24483 40582 522
40582 7582 522
7582 6460 522
6460 32357 522
32357 1611 522
1611 27117 522
27117 28337 522
28337 20674 522
20674 32104 522
32104 15820 522
15820 18598 522
18598 5392 522
5392 12807 522
12807 18250 522
18250 11718 522
11718 30150 522
30150 21849 522
21849 3779 522
3779 10916 522
10916 40443 522
40443 20135 522
20135 1940 522
1940 15749 522
15749 6044 522
6044 107 522
107 22963 522
22963 16634 522
16634 28222 522
28222 17335 522
17335 29201 522
29201 24457 522
24457 16820 522
16820 35443 522
35443 11725 522
11725 13121 522
13121 26431 522
26431 634 522
34927 9466 523
9466 35053 523
35053 4331 523
4331 26962 523
26962 15158 523
15158 6497 523
6497 14282 523
14282 8673 523
8673 27440 523
27440 25628 523
25628 30469 523
30469 24455 523
24455 4432 523
4432 20579 523
20579 6288 523
6288 21637 523
21637 23431 523
23431 33273 523
33273 13982 523
13982 15209 523
15209 31686 523
31686 12453 523
12453 12551 523
12551 31600 523
31600 15662 523
15662 6828 523
6828 11971 523
11971 13717 523
13717 31486 523
31486 378 523
378 22138 523
22138 32625 523
32625 14364 523
14364 592 523
592 20372 523
20372 26593 523
26593 36202 523
36202 17905 523
17905 39113 523
39113 4447 523
19888 1893 524
1893 14586 524
14586 5757 524
5757 6521 524
6521 17140 524
17140 28593 524
28593 39475 524
39475 40910 524
40910 1459 524
1459 6668 524
6668 38738 524
38738 6497 524
6497 32983 524
32983 12732 524
12732 15572 524
15572 2352 524
2352 18572 524
18572 21724 524
21724 15487 524
15487 26674 524
26674 40402 524
40402 5547 524
5547 30110 524
30110 11049 524
11049 2670 524
2670 32614 524
32614 37904 524
37904 22106 524
22106 19879 524
19879 3211 524
3211 25387 524
25387 29513 524
29513 15529 524
15529 25641 524
25641 16119 524
16119 10076 524
10076 33881 524
33881 40177 524
40177 4874 524
4874 29900 524
3917 14489 525
14489 16313 525
16313 2980 525
2980 8880 525
8880 17061 525
17061 17732 525
17732 38554 525
38554 38667 525
38667 3763 525
3763 27354 525
27354 15464 525
15464 20427 525
20427 3906 525
3906 27857 525
27857 27554 525
27554 25947 525
25947 6583 525
6583 17733 525
17733 9448 525
9448 30981 525
30981 9637 525
9637 22481 525
22481 7582 525
7582 32418 525
32418 25864 525
25864 809 525
809 4554 525
4554 35012 525
35012 6988 525
6988 9323 525
9323 23141 525
23141 14271 525
14271 37217 525
37217 16165 525
16165 17693 525
17693 11650 525
11650 22999 525
22999 20413 525
20413 22086 525
22086 8077 525
22826 31164 526
31164 12286 526
12286 3848 526
3848 24616 526
24616 33253 526
33253 21383 526
21383 957 526
957 5871 526
5871 35157 526
35157 22350 526
22350 31014 526
31014 31305 526
31305 33629 526
33629 2866 526
2866 7265 526
7265 30082 526
30082 23193 526
23193 37401 526
37401 7940 526
7940 1060 526
1060 12585 526
12585 35193 526
35193 12605 526
12605 31108 526
31108 35372 526
35372 23583 526
23583 23654 526
23654 14948 526
14948 8699 526
8699 7761 526
7761 12089 526
12089 5893 526
5893 20411 526
20411 3870 526
3870 22966 526
22966 27495 526
27495 39199 526
39199 35688 526
35688 37925 526
37925 22204 526
37838 37153 527
37153 37755 527
37755 8815 527
8815 32554 527
32554 2722 527
2722 3020 527
3020 9453 527
9453 18583 527
18583 11625 527
11625 12691 527
12691 7281 527
7281 6221 527
6221 17386 527
17386 1856 527
1856 25692 527
25692 1383 527
1383 30457 527
30457 21330 527
21330 33248 527
33248 36707 527
36707 37457 527
37457 20077 527
20077 23573 527
23573 22443 527
22443 40895 527
40895 9588 527
9588 12603 527
12603 14314 527
14314 35412 527
35412 23958 527
23958 10371 527
10371 13633 527
13633 17627 527
17627 22668 527
22668 740 527
740 3597 527
3597 5274 527
5274 22681 527
22681 29651 527
29651 766 527
28442 10857 528
10857 2061 528
2061 28121 528
28121 5209 528
5209 37342 528
37342 5949 528
5949 754 528
754 14998 528
14998 17153 528
17153 10510 528
10510 1066 528
1066 10146 528
10146 15537 528
15537 18341 528
18341 10577 528
10577 36233 528
36233 18320 528
18320 7604 528
7604 13671 528
13671 9799 528
9799 37493 528
37493 32410 528
32410 26734 528
26734 18189 528
18189 34098 528
34098 16907 528
16907 22940 528
22940 3073 528
3073 28003 528
28003 18161 528
18161 11620 528
11620 4568 528
4568 12269 528
12269 39038 528
39038 40537 528
40537 37261 528
37261 36519 528
36519 14020 528
14020 19753 528
19753 35504 528
22036 15289 529
15289 1682 529
1682 21002 529
21002 16404 529
16404 30326 529
30326 14007 529
14007 8437 529
8437 24255 529
24255 6196 529
6196 12907 529
12907 6317 529
6317 37773 529
37773 33542 529
33542 25482 529
25482 17326 529
17326 11574 529
11574 21894 529
21894 2379 529
2379 11826 529
11826 19734 529
19734 31159 529
31159 10625 529
10625 27196 529
27196 29688 529
29688 9584 529
9584 31822 529
31822 36292 529
36292 37486 529
37486 25959 529
25959 29447 529
29447 27078 529
27078 5414 529
5414 6449 529
6449 2969 529
2969 16685 529
16685 13474 529
13474 18706 529
18706 39901 529
39901 13064 529
13064 26897 529
29566 5739 530
5739 6006 530
6006 36821 530
36821 30692 530
30692 6222 530
6222 22442 530
22442 8232 530
8232 23012 530
23012 24076 530
24076 5556 530
5556 3315 530
3315 10188 530
10188 35227 530
35227 37730 530
37730 22092 530
22092 38961 530
38961 8710 530
8710 10265 530
10265 21536 530
21536 22153 530
22153 25529 530
25529 4605 530
4605 22721 530
22721 10733 530
10733 7250 530
7250 34065 530
34065 23154 530
23154 6204 530
6204 19456 530
19456 1109 530
1109 17622 530
17622 38098 530
38098 38808 530
38808 35353 530
35353 19685 530
19685 17869 530
17869 31506 530
31506 39786 530
39786 40166 530
40166 6592 530
10552 2886 531
2886 1659 531
1659 4098 531
4098 11011 531
11011 14203 531
14203 37360 531
37360 11547 531
11547 31760 531
31760 13850 531
13850 9621 531
9621 35502 531
35502 35379 531
35379 32847 531
32847 26866 531
26866 39791 531
39791 22181 531
22181 30544 531
30544 29679 531
29679 17500 531
17500 17600 531
17600 1154 531
1154 10959 531
10959 34401 531
34401 13286 531
13286 15399 531
15399 7994 531
7994 762 531
762 6354 531
6354 17132 531
17132 14675 531
14675 23130 531
23130 14563 531
14563 29363 531
29363 12563 531
12563 34158 531
34158 35394 531
35394 11194 531
11194 23637 531
23637 39287 531
39287 13856 531
5633 29821 532
29821 25864 532
25864 7215 532
7215 40914 532
40914 39391 532
39391 3869 532
3869 22643 532
22643 3126 532
3126 14561 532
14561 34355 532
34355 33025 532
33025 2335 532
2335 39610 532
39610 15087 532
15087 32533 532
32533 17123 532
17123 30738 532
30738 1365 532
1365 33235 532
33235 22578 532
22578 23765 532
23765 10160 532
10160 25477 532
25477 15590 532
15590 38682 532
38682 10161 532
10161 4611 532
4611 10747 532
10747 38501 532
38501 36477 532
36477 625 532
625 35008 532
35008 22022 532
22022 26383 532
26383 30028 532
30028 8284 532
8284 25507 532
25507 23741 532
23741 22765 532
22765 34727 532
4252 26092 533
26092 21678 533
21678 4199 533
4199 29563 533
29563 31480 533
31480 37055 533
37055 39911 533
39911 17819 533
17819 18637 533
18637 18805 533
18805 13592 533
13592 18096 533
18096 11562 533
11562 12507 533
12507 22164 533
22164 17877 533
17877 29857 533
29857 1648 533
1648 25912 533
25912 21774 533
21774 3116 533
3116 14575 533
14575 39647 533
39647 18209 533
18209 33847 533
33847 28331 533
28331 23449 533
23449 40326 533
40326 27664 533
27664 40918 533
40918 30233 533
30233 23091 533
23091 16389 533
16389 12622 533
12622 9272 533
9272 6213 533
6213 401 533
401 16017 533
16017 39267 533
39267 37259 533
11509 30764 534
30764 1217 534
1217 7212 534
7212 12394 534
12394 26158 534
26158 4929 534
4929 34737 534
34737 9440 534
9440 22936 534
22936 7589 534
7589 40011 534
40011 6267 534
6267 5061 534
5061 5245 534
5245 12710 534
12710 30045 534
30045 2039 534
2039 2471 534
2471 32101 534
32101 22918 534
22918 18721 534
18721 25001 534
25001 38640 534
38640 13548 534
13548 34466 534
34466 4238 534
4238 13117 534
13117 36185 534
36185 10687 534
10687 38989 534
38989 19127 534
19127 1895 534
1895 18656 534
18656 21946 534
21946 24456 534
24456 23278 534
23278 24880 534
24880 4625 534
4625 2809 534
2809 26164 534
8551 30271 535
30271 22242 535
22242 29029 535
29029 32715 535
32715 24279 535
24279 4959 535
4959 11874 535
11874 19175 535
19175 24574 535
24574 29886 535
29886 39465 535
39465 23924 535
23924 26332 535
26332 10820 535
10820 26448 535
26448 121 535
121 29693 535
29693 14150 535
14150 23566 535
23566 29485 535
29485 9927 535
9927 32056 535
32056 32610 535
32610 6369 535
6369 1616 535
1616 16642 535
16642 22271 535
22271 40096 535
40096 18917 535
18917 22121 535
22121 18184 535
18184 22784 535
22784 14263 535
14263 1716 535
1716 9102 535
9102 30864 535
30864 30532 535
30532 17600 535
17600 1593 535
1593 12427 535
13628 20640 536
20640 11059 536
11059 12008 536
12008 23794 536
23794 18915 536
18915 11432 536
11432 29970 536
29970 39541 536
39541 6683 536
6683 9244 536
9244 12397 536
12397 12236 536
12236 39752 536
39752 6388 536
6388 7536 536
7536 37527 536
37527 22107 536
22107 36627 536
36627 8176 536
8176 24506 536
24506 2865 536
2865 12159 536
12159 203 536
203 26640 536
26640 40081 536
40081 28734 536
28734 22947 536
22947 34966 536
34966 10912 536
10912 13092 536
13092 33772 536
33772 38575 536
38575 10306 536
10306 25223 536
25223 27539 536
27539 20622 536
20622 19669 536
19669 29147 536
29147 26483 536
26483 39254 536
14934 18748 537
18748 13751 537
13751 3577 537
3577 26676 537
26676 22857 537
22857 24073 537
24073 39012 537
39012 36948 537
36948 31475 537
31475 18523 537
18523 3229 537
3229 25990 537
25990 211 537
211 16569 537
16569 21924 537
21924 39957 537
39957 24239 537
24239 11377 537
11377 39694 537
39694 9388 537
9388 14534 537
14534 37864 537
37864 2761 537
2761 29541 537
29541 20663 537
20663 9963 537
9963 2399 537
2399 14637 537
14637 34402 537
34402 4159 537
4159 23842 537
23842 14223 537
14223 33070 537
33070 10346 537
10346 29051 537
29051 39865 537
39865 11142 537
11142 37612 537
37612 14083 537
14083 8693 537
9346 33377 538
33377 23802 538
23802 32804 538
32804 29831 538
29831 15469 538
15469 12106 538
12106 8883 538
8883 22960 538
22960 5492 538
5492 11463 538
11463 23034 538
23034 3595 538
3595 9228 538
9228 24398 538
24398 15728 538
15728 29773 538
29773 40849 538
40849 20064 538
20064 38303 538
38303 24606 538
24606 23787 538
23787 24226 538
24226 12904 538
12904 26040 538
26040 26320 538
26320 6050 538
6050 13123 538
13123 30402 538
30402 36929 538
36929 12827 538
12827 26355 538
26355 39898 538
39898 17924 538
17924 3964 538
3964 34632 538
34632 20158 538
20158 39022 538
39022 34971 538
34971 15258 538
15258 28441 538
25870 5887 539
5887 40723 539
40723 6642 539
6642 34198 539
34198 30644 539
30644 15238 539
15238 16592 539
16592 482 539
482 40172 539
40172 11942 539
11942 35881 539
35881 35170 539
35170 11955 539
11955 40218 539
40218 34508 539
34508 12466 539
12466 34760 539
34760 17754 539
17754 1757 539
1757 36805 539
36805 21373 539
21373 6980 539
6980 6736 539
6736 1494 539
1494 30905 539
30905 14567 539
14567 30018 539
30018 7606 539
7606 40433 539
40433 8511 539
8511 32099 539
32099 23630 539
23630 22415 539
22415 3883 539
3883 34399 539
34399 28519 539
28519 3911 539
3911 28037 539
28037 20495 539
20495 27520 539
4730 13955 540
13955 25818 540
25818 30053 540
30053 29841 540
29841 17876 540
17876 495 540
495 748 540
748 240 540
240 29497 540
29497 13608 540
13608 39660 540
39660 39440 540
39440 11944 540
11944 14450 540
14450 31959 540
31959 34462 540
34462 552 540
552 36840 540
36840 29979 540
29979 19270 540
19270 17690 540
17690 4735 540
4735 231 540
231 40179 540
40179 36358 540
36358 13589 540
13589 12288 540
12288 21259 540
21259 7699 540
7699 22424 540
22424 15801 540
15801 33705 540
33705 36357 540
36357 22522 540
22522 34802 540
34802 8879 540
8879 4527 540
4527 14871 540
14871 2850 540
2850 21835 540
7608 28164 541
28164 31381 541
31381 3215 541
3215 11431 541
11431 23140 541
23140 3956 541
3956 31820 541
31820 38836 541
38836 25663 541
25663 7235 541
7235 37049 541
37049 30224 541
30224 17045 541
17045 26616 541
26616 27541 541
27541 27177 541
27177 18713 541
18713 34222 541
34222 29672 541
29672 12745 541
12745 9676 541
9676 37324 541
37324 25657 541
25657 6659 541
6659 16261 541
16261 5445 541
5445 19058 541
19058 24161 541
24161 27435 541
27435 5448 541
5448 28063 541
28063 34991 541
34991 11043 541
11043 30923 541
30923 34387 541
34387 26538 541
26538 12282 541
12282 9805 541
9805 4295 541
4295 19187 541
28489 3138 542
3138 29116 542
29116 30393 542
30393 32516 542
32516 8446 542
8446 10704 542
10704 29711 542
29711 19603 542
19603 30392 542
30392 37247 542
37247 30132 542
30132 32640 542
32640 20738 542
20738 38683 542
38683 31123 542
31123 2341 542
2341 7928 542
7928 6557 542
6557 19421 542
19421 32353 542
32353 7449 542
7449 34445 542
34445 14673 542
14673 27661 542
27661 10897 542
10897 40948 542
40948 14274 542
14274 4221 542
4221 25316 542
25316 13276 542
13276 17559 542
17559 31462 542
31462 8032 542
8032 22764 542
22764 34731 542
34731 12651 542
12651 13457 542
13457 6834 542
6834 11688 542
11688 22317 542
6726 31635 543
31635 7828 543
7828 12082 543
12082 1425 543
1425 22870 543
22870 4429 543
4429 26887 543
26887 11689 543
11689 6799 543
6799 4304 543
4304 4157 543
4157 5077 543
5077 37286 543
37286 20165 543
20165 40484 543
40484 11075 543
11075 17487 543
17487 5701 543
5701 37260 543
37260 29371 543
29371 12902 543
12902 5419 543
5419 15287 543
15287 19395 543
19395 26271 543
26271 3400 543
3400 25201 543
25201 22979 543
22979 18229 543
18229 36404 543
36404 31318 543
31318 11696 543
11696 38850 543
38850 27313 543
27313 30649 543
30649 8576 543
8576 33053 543
33053 12965 543
12965 40541 543
40541 23577 543
19017 39939 544
39939 26140 544
26140 12578 544
12578 17902 544
17902 34935 544
34935 17418 544
17418 6432 544
6432 20303 544
20303 4129 544
4129 8148 544
8148 21829 544
21829 4992 544
4992 20429 544
20429 38807 544
38807 27540 544
27540 22414 544
22414 8122 544
8122 1680 544
1680 34760 544
34760 12220 544
12220 28616 544
28616 29770 544
29770 1301 544
1301 14801 544
14801 13467 544
13467 9850 544
9850 35987 544
35987 22767 544
22767 2502 544
2502 34664 544
34664 28883 544
28883 30689 544
30689 3171 544
3171 17543 544
17543 38268 544
38268 12325 544
12325 39237 544
39237 3842 544
3842 30468 544
30468 19272 544
13237 8083 545
8083 29167 545
29167 2096 545
2096 33653 545
33653 29281 545
29281 19367 545
19367 10744 545
10744 34779 545
34779 2330 545
2330 23041 545
23041 8063 545
8063 158 545
158 38259 545
38259 3853 545
3853 6421 545
6421 21344 545
21344 15962 545
15962 17008 545
17008 24303 545
24303 15768 545
15768 15558 545
15558 34812 545
34812 29996 545
29996 26251 545
26251 15856 545
15856 30150 545
30150 33401 545
33401 3380 545
3380 34955 545
34955 15612 545
15612 28388 545
28388 37505 545
37505 20892 545
20892 11471 545
11471 15053 545
15053 29696 545
29696 13281 545
13281 30506 545
30506 4881 545
4881 19257 545
12960 3393 546
3393 22184 546
22184 12484 546
12484 7930 546
7930 7409 546
7409 12981 546
12981 7455 546
7455 25250 546
25250 4392 546
4392 3985 546
3985 38386 546
38386 20426 546
20426 7038 546
7038 11289 546
11289 36126 546
36126 24118 546
24118 9185 546
9185 37327 546
37327 12516 546
12516 23683 546
23683 14936 546
14936 27251 546
27251 7998 546
7998 28369 546
28369 39660 546
39660 20301 546
20301 330 546
330 29562 546
29562 37715 546
37715 8907 546
8907 16379 546
16379 1519 546
1519 1034 546
1034 10416 546
10416 2628 546
2628 40382 546
40382 22772 546
22772 21670 546
21670 13559 546
13559 1038 546
8562 7800 547
7800 8737 547
8737 26949 547
26949 26683 547
26683 28317 547
28317 31767 547
31767 6879 547
6879 30995 547
30995 30487 547
30487 23969 547
23969 17634 547
17634 25651 547
25651 9496 547
9496 21113 547
21113 16767 547
16767 19998 547
19998 18730 547
18730 27379 547
27379 29626 547
29626 10541 547
10541 30372 547
30372 24091 547
24091 19872 547
19872 13244 547
13244 27928 547
27928 38635 547
38635 15345 547
15345 39673 547
39673 27268 547
27268 13918 547
13918 28871 547
28871 30329 547
30329 20901 547
20901 8460 547
8460 7906 547
7906 31381 547
31381 29955 547
29955 16497 547
16497 28296 547
28296 35359 547
22502 3929 548
3929 17223 548
17223 5686 548
5686 9926 548
9926 33287 548
33287 27411 548
27411 33610 548
33610 37178 548
37178 21452 548
21452 7537 548
7537 40561 548
40561 1795 548
1795 2747 548
2747 36483 548
36483 1868 548
1868 20292 548
20292 37049 548
37049 21708 548
21708 8372 548
8372 20212 548
20212 27029 548
27029 11184 548
11184 6389 548
6389 10920 548
10920 18917 548
18917 17460 548
17460 19172 548
19172 5465 548
5465 17945 548
17945 28487 548
28487 25513 548
25513 14064 548
14064 34143 548
34143 39347 548
39347 30041 548
30041 35245 548
35245 27738 548
27738 38584 548
38584 32921 548
32921 28150 548
39375 24459 549
24459 16672 549
16672 4543 549
4543 25686 549
25686 5022 549
5022 20665 549
20665 10063 549
10063 26050 549
26050 21728 549
21728 23629 549
23629 8967 549
8967 16182 549
16182 37500 549
37500 8538 549
8538 10178 549
10178 7815 549
7815 31956 549
31956 23308 549
23308 13589 549
13589 34929 549
34929 5474 549
5474 1419 549
1419 32285 549
32285 26954 549
26954 21314 549
21314 11691 549
11691 25132 549
25132 28417 549
28417 12805 549
12805 25731 549
25731 32598 549
32598 10192 549
10192 3185 549
3185 10135 549
10135 8990 549
8990 31888 549
31888 30155 549
30155 21972 549
21972 2511 549
2511 35092 549
16544 14782 550
14782 37448 550
37448 10881 550
10881 16336 550
16336 15140 550
15140 28257 550
28257 1478 550
1478 28581 550
28581 23120 550
23120 30659 550
30659 4833 550
4833 40244 550
40244 31700 550
31700 673 550
673 25478 550
25478 26229 550
26229 25949 550
25949 2818 550
2818 29146 550
29146 17391 550
17391 37398 550
37398 28925 550
28925 40242 550
40242 11671 550
11671 35303 550
35303 28529 550
28529 33039 550
33039 17958 550
17958 18629 550
18629 33553 550
33553 10930 550
10930 36044 550
36044 29308 550
29308 7777 550
7777 6157 550
6157 6238 550
6238 13493 550
13493 39223 550
39223 16856 550
16856 13679 550
24577 24497 551
24497 24734 551
24734 503 551
503 22458 551
22458 40599 551
40599 26824 551
26824 32916 551
32916 2753 551
2753 1990 551
1990 14963 551
14963 24319 551
24319 18871 551
18871 13201 551
13201 15318 551
15318 17420 551
17420 4263 551
4263 16659 551
16659 29724 551
29724 5410 551
5410 13239 551
13239 30095 551
30095 26053 551
26053 3288 551
3288 17977 551
17977 25753 551
25753 22826 551
22826 16039 551
16039 40675 551
40675 17175 551
17175 24935 551
24935 39596 551
39596 34416 551
34416 9959 551
9959 25196 551
25196 2326 551
2326 36330 551
36330 21123 551
21123 13945 551
13945 1708 551
1708 17697 551
34585 26480 552
26480 9643 552
9643 21513 552
21513 29319 552
29319 12810 552
12810 37814 552
37814 22784 552
22784 36246 552
36246 18318 552
18318 18905 552
18905 34979 552
34979 6409 552
6409 16261 552
16261 27402 552
27402 26192 552
26192 11065 552
11065 4407 552
4407 6555 552
6555 22863 552
22863 26576 552
26576 27368 552
27368 19607 552
19607 39884 552
39884 22267 552
22267 19308 552
19308 10490 552
10490 7141 552
7141 4892 552
4892 32481 552
32481 12278 552
12278 31768 552
31768 25229 552
25229 6547 552
6547 37304 552
37304 1763 552
1763 23584 552
23584 37494 552
37494 31539 552
31539 7619 552
7619 29511 552
15921 21306 553
21306 10648 553
10648 3672 553
3672 13648 553
13648 11251 553
11251 33261 553
33261 27526 553
27526 23358 553
23358 39201 553
39201 12710 553
12710 21888 553
21888 11419 553
11419 11785 553
11785 9886 553
9886 7195 553
7195 21912 553
21912 34477 553
34477 38635 553
38635 27275 553
27275 5878 553
5878 19584 553
19584 27772 553
27772 21145 553
21145 35410 553
35410 39014 553
39014 32095 553
32095 8350 553
8350 34199 553
34199 24449 553
24449 22018 553
22018 38690 553
38690 20189 553
20189 35242 553
35242 39750 553
39750 1181 553
1181 8105 553
8105 26850 553
26850 36495 553
36495 35253 553
35253 27941 553
4661 24504 554
24504 27723 554
27723 8815 554
8815 23019 554
23019 23423 554
23423 16067 554
16067 22573 554
22573 24779 554
24779 17609 554
17609 785 554
785 31573 554
31573 40633 554
40633 10132 554
10132 12767 554
12767 22543 554
22543 14155 554
14155 11592 554
11592 26835 554
26835 719 554
719 15059 554
15059 10808 554
10808 27162 554
27162 11768 554
11768 33438 554
33438 39061 554
39061 40039 554
40039 12448 554
12448 11183 554
11183 2733 554
2733 39339 554
39339 8157 554
8157 11894 554
11894 11116 554
11116 35832 554
35832 19219 554
19219 23520 554
23520 31619 554
31619 173 554
173 14323 554
14323 9815 554
26708 10191 555
10191 18098 555
18098 12595 555
12595 4208 555
4208 30009 555
30009 9245 555
9245 26499 555
26499 29361 555
29361 17740 555
17740 24347 555
24347 9567 555
9567 35427 555
35427 13624 555
13624 3151 555
3151 14652 555
14652 37360 555
37360 39034 555
39034 639 555
639 460 555
460 36274 555
36274 11730 555
11730 12034 555
12034 35493 555
35493 39429 555
39429 6606 555
6606 36729 555
36729 3704 555
3704 11083 555
11083 4666 555
4666 21597 555
21597 40005 555
40005 16704 555
16704 1969 555
1969 1681 555
1681 2446 555
2446 18918 555
18918 21493 555
21493 14848 555
14848 13442 555
13442 13730 555
19481 11494 556
11494 14134 556
14134 5498 556
5498 24241 556
24241 16794 556
16794 37571 556
37571 10755 556
10755 20545 556
20545 1223 556
1223 18308 556
18308 7827 556
7827 30931 556
30931 38258 556
38258 26057 556
26057 16828 556
16828 33109 556
33109 7461 556
7461 15984 556
15984 5370 556
5370 19740 556
19740 7858 556
7858 3066 556
3066 35199 556
35199 30696 556
30696 22361 556
22361 26338 556
26338 390 556
390 21285 556
21285 26131 556
26131 3446 556
3446 37037 556
37037 33896 556
33896 14867 556
14867 35621 556
35621 17218 556
17218 1804 556
1804 19901 556
19901 21991 556
21991 34925 556
34925 38633 556
11910 28224 557
28224 27193 557
27193 434 557
434 19191 557
19191 33514 557
33514 20360 557
20360 4994 557
4994 13731 557
13731 24137 557
24137 37057 557
37057 25365 557
25365 17976 557
17976 38445 557
38445 16420 557
16420 32867 557
32867 28895 557
28895 83 557
83 35351 557
35351 24992 557
24992 11416 557
11416 40443 557
40443 34413 557
34413 1499 557
1499 4861 557
4861 39849 557
39849 15814 557
15814 30915 557
30915 9068 557
9068 22517 557
22517 22539 557
22539 7766 557
7766 17175 557
17175 12178 557
12178 31839 557
31839 22641 557
22641 13151 557
13151 32057 557
32057 1124 557
1124 18285 557
18285 17443 557
17864 27643 558
27643 33842 558
33842 17841 558
17841 4867 558
4867 37450 558
37450 35672 558
35672 5793 558
5793 4717 558
4717 27064 558
27064 26754 558
26754 37228 558
37228 11215 558
11215 35942 558
35942 4144 558
4144 36449 558
36449 29723 558
29723 26729 558
26729 9301 558
9301 3786 558
3786 19713 558
19713 17377 558
17377 39710 558
39710 33182 558
33182 9794 558
9794 40885 558
40885 14175 558
14175 28619 558
28619 27874 558
27874 17784 558
17784 23016 558
23016 5884 558
5884 13515 558
13515 33439 558
33439 20424 558
20424 38465 558
38465 4686 558
4686 7058 558
7058 16832 558
16832 16001 558
16001 39731 558
8919 7999 559
7999 13189 559
13189 11400 559
11400 17846 559
17846 30331 559
30331 28961 559
28961 32438 559
32438 719 559
719 37739 559
37739 17442 559
17442 39130 559
39130 18740 559
18740 11968 559
11968 4978 559
4978 32354 559
32354 11035 559
11035 14967 559
14967 3429 559
3429 6903 559
6903 19907 559
19907 29587 559
29587 35493 559
35493 5025 559
5025 30606 559
30606 33737 559
33737 16517 559
16517 18813 559
18813 9138 559
9138 35041 559
35041 9899 559
9899 411 559
411 180 559
180 828 559
828 9970 559
9970 4184 559
4184 8780 559
8780 30950 559
30950 31115 559
31115 4856 559
4856 8261 559
873 4074 560
4074 14136 560
14136 39628 560
39628 25093 560
25093 16474 560
16474 35263 560
35263 14680 560
14680 30432 560
30432 7173 560
7173 40473 560
40473 31394 560
31394 25513 560
25513 27063 560
27063 5576 560
5576 40242 560
40242 37482 560
37482 16484 560
16484 4694 560
4694 34505 560
34505 7857 560
7857 25845 560
25845 3668 560
3668 29095 560
29095 31209 560
31209 18995 560
18995 13508 560
13508 15662 560
15662 12959 560
12959 13026 560
13026 11610 560
11610 21720 560
21720 18588 560
18588 12370 560
12370 2208 560
2208 20458 560
20458 21413 560
21413 32374 560
32374 34010 560
34010 34437 560
34437 6620 560
15481 17662 561
17662 28669 561
28669 5216 561
5216 840 561
840 10548 561
10548 2004 561
2004 18175 561
18175 1 561
1 26968 561
26968 14141 561
14141 32848 561
32848 36971 561
36971 36165 561
36165 27390 561
27390 34490 561
34490 5232 561
5232 4421 561
4421 34556 561
34556 28681 561
28681 33152 561
33152 28005 561
28005 28908 561
28908 31005 561
31005 249 561
249 24249 561
24249 18208 561
18208 28776 561
28776 5516 561
5516 28428 561
28428 6966 561
6966 39528 561
39528 11846 561
11846 22647 561
22647 1785 561
1785 35877 561
35877 3865 561
3865 17704 561
17704 11004 561
11004 2202 561
2202 2375 561
4957 23389 562
23389 37646 562
37646 11654 562
11654 6189 562
6189 37381 562
37381 128 562
128 14785 562
14785 37992 562
37992 17087 562
17087 21207 562
21207 31699 562
31699 17489 562
17489 26680 562
26680 28520 562
28520 7689 562
7689 18737 562
18737 22844 562
22844 442 562
442 14960 562
14960 445 562
445 15427 562
15427 12246 562
12246 21861 562
21861 8 562
8 18320 562
18320 7612 562
7612 25135 562
25135 30669 562
30669 28285 562
28285 22237 562
22237 25108 562
25108 37214 562
37214 10178 562
10178 25332 562
25332 16590 562
16590 11264 562
11264 4397 562
4397 30145 562
30145 34885 562
34885 20896 562
40562 2619 563
2619 16803 563
16803 34640 563
34640 31714 563
31714 28958 563
28958 27536 563
27536 37176 563
37176 22524 563
22524 16419 563
16419 32909 563
32909 35927 563
35927 29023 563
29023 9595 563
9595 32125 563
32125 22533 563
22533 18433 563
18433 20717 563
20717 23481 563
23481 25064 563
25064 16918 563
16918 7509 563
7509 10418 563
10418 23611 563
23611 7547 563
7547 33668 563
33668 12046 563
12046 24495 563
24495 14537 563
14537 18027 563
18027 27333 563
27333 5455 563
5455 15391 563
15391 28470 563
28470 6338 563
6338 22739 563
22739 1291 563
1291 2776 563
2776 27147 563
27147 16874 563
16874 31599 563
18636 5996 564
5996 39344 564
39344 25057 564
25057 19301 564
19301 15815 564
15815 33589 564
33589 33810 564
33810 25267 564
25267 23381 564
23381 19211 564
19211 23107 564
23107 20800 564
20800 18883 564
18883 954 564
954 4410 564
4410 26079 564
26079 30423 564
30423 28303 564
28303 39878 564
39878 12092 564
12092 9207 564
9207 32623 564
32623 38000 564
38000 27841 564
27841 20480 564
20480 8265 564
8265 35634 564
35634 16231 564
16231 24046 564
24046 19718 564
19718 8578 564
8578 14422 564
14422 11371 564
11371 26902 564
26902 25312 564
25312 30078 564
30078 22647 564
22647 17611 564
17611 24360 564
24360 30220 564
31462 18211 565
18211 8527 565
8527 13535 565
13535 11000 565
11000 30424 565
30424 6969 565
6969 26094 565
26094 1337 565
1337 11247 565
11247 40287 565
40287 5414 565
5414 33968 565
33968 10028 565
10028 19075 565
19075 28281 565
28281 11942 565
11942 40050 565
40050 27290 565
27290 5362 565
5362 36437 565
36437 6999 565
6999 24154 565
24154 30521 565
30521 36937 565
36937 11991 565
11991 13486 565
13486 32623 565
32623 2568 565
2568 36786 565
36786 28975 565
28975 29354 565
29354 39838 565
39838 13882 565
13882 29426 565
29426 18848 565
18848 37478 565
37478 36964 565
36964 19753 565
19753 24310 565
24310 12699 565
34866 37182 566
37182 18142 566
18142 28624 566
28624 3354 566
3354 33917 566
33917 36904 566
36904 13976 566
13976 10534 566
10534 25350 566
25350 34669 566
34669 11893 566
11893 17570 566
17570 16214 566
16214 32382 566
32382 1536 566
1536 12417 566
12417 34502 566
34502 18341 566
18341 35802 566
35802 15047 566
15047 30965 566
30965 18962 566
18962 22789 566
22789 20054 566
20054 4092 566
4092 10521 566
10521 12644 566
12644 36605 566
36605 22169 566
22169 3470 566
3470 28334 566
28334 20701 566
20701 21655 566
21655 8756 566
8756 32446 566
32446 24921 566
24921 31687 566
31687 26469 566
26469 32610 566
32610 4720 566
2263 18902 567
18902 7864 567
7864 30988 567
30988 4990 567
4990 34874 567
34874 26833 567
26833 37337 567
37337 33622 567
33622 28074 567
28074 21866 567
21866 2670 567
2670 30182 567
30182 34206 567
34206 29993 567
29993 4968 567
4968 22006 567
22006 25910 567
25910 20444 567
20444 9918 567
9918 18876 567
18876 149 567
149 26591 567
26591 20506 567
20506 22723 567
22723 39920 567
39920 30816 567
30816 26453 567
26453 3563 567
3563 9080 567
9080 9880 567
9880 8005 567
8005 9102 567
9102 19115 567
19115 39220 567
39220 32494 567
32494 32167 567
32167 30047 567
30047 15226 567
15226 22410 567
22410 27309 567
3035 27641 568
27641 21888 568
21888 31491 568
31491 32211 568
32211 32219 568
32219 24581 568
24581 2513 568
2513 7494 568
7494 25636 568
25636 18226 568
18226 8881 568
8881 28964 568
28964 24504 568
24504 36759 568
36759 15881 568
15881 36649 568
36649 9365 568
9365 966 568
966 20057 568
20057 22447 568
22447 17427 568
17427 35445 568
35445 25283 568
25283 11780 568
11780 39301 568
39301 28664 568
28664 7616 568
7616 10692 568
10692 8495 568
8495 23175 568
23175 14032 568
14032 38757 568
38757 28616 568
28616 17524 568
17524 22400 568
22400 1239 568
1239 7000 568
7000 8251 568
8251 28207 568
28207 16675 568
15395 220 569
220 9240 569
9240 17716 569
17716 31472 569
31472 471 569
471 20316 569
20316 35722 569
35722 11639 569
11639 2675 569
2675 13056 569
13056 1596 569
1596 3310 569
3310 8626 569
8626 24137 569
24137 21017 569
21017 5192 569
5192 26304 569
26304 34714 569
34714 19776 569
19776 36638 569
36638 19370 569
19370 11200 569
11200 20237 569
20237 15585 569
15585 35790 569
35790 28083 569
28083 15913 569
15913 31804 569
31804 27339 569
27339 2728 569
2728 38295 569
38295 31947 569
31947 32497 569
32497 31516 569
31516 1809 569
1809 8880 569
8880 14614 569
14614 31049 569
31049 20231 569
20231 37494 569
11447 26075 570
26075 35284 570
35284 5819 570
5819 8936 570
8936 27382 570
27382 24631 570
24631 32815 570
32815 31290 570
31290 9541 570
9541 16458 570
16458 12519 570
12519 3678 570
3678 36876 570
36876 18936 570
18936 2068 570
2068 25513 570
25513 29898 570
29898 37465 570
37465 11316 570
11316 34423 570
34423 29721 570
29721 33050 570
33050 29238 570
29238 38765 570
38765 8677 570
8677 25974 570
25974 2434 570
2434 5006 570
5006 29368 570
29368 33652 570
33652 29837 570
29837 21654 570
21654 17774 570
17774 2222 570
2222 32248 570
32248 25679 570
25679 37877 570
37877 10685 570
10685 5417 570
5417 23452 570
29415 30331 571
30331 17125 571
17125 3258 571
3258 10391 571
10391 9451 571
9451 10499 571
10499 12672 571
12672 24827 571
24827 32609 571
32609 29393 571
29393 25183 571
25183 20413 571
20413 3990 571
3990 33159 571
33159 2436 571
2436 32535 571
32535 15020 571
15020 24008 571
24008 30528 571
30528 26230 571
26230 34108 571
34108 38596 571
38596 22881 571
22881 23299 571
23299 24247 571
24247 4132 571
4132 36023 571
36023 29719 571
29719 10376 571
10376 3670 571
3670 20538 571
20538 15935 571
15935 24391 571
24391 19695 571
19695 11096 571
11096 728 571
728 7418 571
7418 22203 571
22203 9086 571
9086 31789 571
8481 31858 572
31858 10233 572
10233 17098 572
17098 33260 572
33260 22339 572
22339 20351 572
20351 21013 572
21013 1414 572
1414 14595 572
14595 28737 572
28737 18500 572
18500 34192 572
34192 34980 572
34980 27861 572
27861 23243 572
23243 33757 572
33757 39418 572
39418 27762 572
27762 23771 572
23771 39900 572
39900 17948 572
17948 7913 572
7913 29618 572
29618 10673 572
10673 40803 572
40803 5932 572
5932 10169 572
10169 11738 572
11738 40603 572
40603 24646 572
24646 24297 572
24297 5572 572
5572 28266 572
28266 28247 572
28247 166 572
166 3085 572
3085 39148 572
39148 20824 572
20824 36324 572
36324 8100 572
5449 29505 573
29505 27162 573
27162 13534 573
13534 14521 573
14521 37993 573
37993 10789 573
10789 10081 573
10081 37894 573
37894 15687 573
15687 35724 573
35724 40342 573
40342 28690 573
28690 1507 573
1507 3603 573
3603 9306 573
9306 16205 573
16205 31689 573
31689 369 573
369 7739 573
7739 4576 573
4576 27820 573
27820 159 573
159 19236 573
19236 20555 573
20555 35387 573
35387 10460 573
10460 10532 573
10532 40988 573
40988 6158 573
6158 15228 573
15228 15718 573
15718 30390 573
30390 39286 573
39286 13519 573
13519 25038 573
25038 27934 573
27934 221 573
221 30428 573
30428 27681 573
27681 11422 573
40881 13545 574
13545 18243 574
18243 27664 574
27664 1350 574
1350 40115 574
40115 902 574
902 27050 574
27050 32149 574
32149 36356 574
36356 11107 574
11107 3097 574
3097 28103 574
28103 25724 574
25724 17921 574
17921 516 574
516 4101 574
4101 32524 574
32524 37966 574
37966 26909 574
26909 30688 574
30688 28082 574
28082 28492 574
28492 27280 574
27280 19282 574
19282 7289 574
7289 21255 574
21255 6818 574
6818 10388 574
10388 27198 574
27198 11570 574
11570 13747 574
13747 13460 574
13460 28495 574
28495 24558 574
24558 8999 574
8999 29339 574
29339 15774 574
15774 2023 574
2023 5420 574
5420 19957 574
13162 15746 575
15746 285 575
285 15189 575
15189 31617 575
31617 22314 575
22314 20940 575
20940 1988 575
1988 2306 575
2306 28941 575
28941 25423 575
25423 328 575
328 40223 575
40223 35529 575
35529 28872 575
28872 751 575
751 3527 575
3527 35675 575
35675 18204 575
18204 6244 575
6244 35454 575
35454 24423 575
24423 21863 575
21863 27228 575
27228 6889 575
6889 18312 575
18312 40993 575
40993 5868 575
5868 15326 575
15326 188 575
188 14411 575
14411 307 575
307 39568 575
39568 12049 575
12049 16713 575
16713 32668 575
32668 25849 575
25849 27601 575
27601 27557 575
27557 30314 575
30314 32302 575
16880 32698 576
32698 21193 576
21193 32525 576
32525 34142 576
34142 2281 576
2281 13772 576
13772 4990 576
4990 37386 576
37386 35134 576
35134 24990 576
24990 27420 576
27420 32369 576
32369 36827 576
36827 22198 576
22198 23618 576
23618 1208 576
1208 19788 576
19788 28407 576
28407 20790 576
20790 2242 576
2242 2608 576
2608 26236 576
26236 30183 576
30183 26705 576
26705 31343 576
31343 17413 576
17413 22457 576
22457 15728 576
15728 5725 576
5725 2910 576
2910 28936 576
28936 5850 576
5850 30450 576
30450 19569 576
19569 36761 576
36761 28727 576
28727 11123 576
11123 30048 576
30048 39820 576
39820 40358 576
19579 37 577
37 28338 577
28338 30052 577
30052 29665 577
29665 7267 577
7267 28667 577
28667 18852 577
18852 40198 577
40198 21077 577
21077 28328 577
28328 16657 577
16657 782 577
782 18653 577
18653 28778 577
28778 7569 577
7569 13156 577
13156 13545 577
13545 7944 577
7944 37935 577
37935 4475 577
4475 17809 577
17809 7805 577
7805 34885 577
34885 22893 577
22893 12741 577
12741 35456 577
35456 27722 577
27722 25281 577
25281 12479 577
12479 9545 577
9545 27510 577
27510 29430 577
29430 16712 577
16712 33563 577
33563 16230 577
16230 22584 577
22584 27108 577
27108 19751 577
19751 35286 577
35286 20437 577
18021 36854 578
36854 24769 578
24769 37452 578
37452 5070 578
5070 12931 578
12931 13204 578
13204 16762 578
16762 20031 578
20031 40285 578
40285 15831 578
15831 2581 578
2581 25983 578
25983 3602 578
3602 38864 578
38864 21511 578
21511 39603 578
39603 11054 578
11054 26158 578
26158 16814 578
16814 2191 578
2191 13593 578
13593 29916 578
29916 25501 578
25501 29897 578
29897 32397 578
32397 3394 578
3394 30187 578
30187 10780 578
10780 15618 578
15618 10128 578
10128 6533 578
6533 40670 578
40670 22750 578
22750 34588 578
34588 26523 578
26523 11632 578
11632 23218 578
23218 33161 578
33161 23838 578
23838 29017 578
18857 25893 579
25893 12912 579
12912 34340 579
34340 20241 579
20241 38500 579
38500 12121 579
12121 27132 579
27132 33304 579
33304 15218 579
15218 34503 579
34503 37073 579
37073 397 579
397 5950 579
5950 12572 579
12572 37970 579
37970 33183 579
33183 9675 579
9675 10586 579
10586 3362 579
3362 4843 579
4843 40283 579
40283 21187 579
21187 19871 579
19871 38079 579
38079 40839 579
40839 31317 579
31317 5511 579
5511 30688 579
30688 5910 579
5910 755 579
755 9176 579
9176 5126 579
5126 40441 579
40441 33646 579
33646 24202 579
24202 24150 579
24150 37872 579
37872 5066 579
5066 19973 579
19973 10235 579
23195 17411 580
17411 16907 580
16907 36765 580
36765 15035 580
15035 14409 580
14409 29416 580
29416 3272 580
3272 36041 580
36041 26596 580
26596 10592 580
10592 35801 580
35801 7070 580
7070 34448 580
34448 35590 580
35590 3515 580
3515 31664 580
31664 21838 580
21838 6454 580
6454 9552 580
9552 13139 580
13139 20472 580
20472 9017 580
9017 32800 580
32800 13688 580
13688 7462 580
7462 33775 580
33775 361 580
361 36460 580
36460 26982 580
26982 3927 580
3927 5155 580
5155 19195 580
19195 28597 580
28597 15654 580
15654 27437 580
27437 27819 580
27819 16123 580
16123 12645 580
12645 32369 580
32369 11607 580
40944 12863 581
12863 16444 581
16444 9420 581
9420 28336 581
28336 34175 581
34175 15416 581
15416 31091 581
31091 1466 581
1466 38256 581
38256 21576 581
21576 6288 581
6288 13816 581
13816 15773 581
15773 12435 581
12435 389 581
389 23291 581
23291 20600 581
20600 27397 581
27397 3400 581
3400 19306 581
19306 36684 581
36684 22863 581
22863 32956 581
32956 12877 581
12877 28159 581
28159 16521 581
16521 5526 581
5526 25419 581
25419 8349 581
8349 40485 581
40485 8825 581
8825 23006 581
23006 35829 581
35829 17290 581
17290 37535 581
37535 8269 581
8269 24332 581
24332 2497 581
2497 2770 581
2770 250 581
32880 12258 582
12258 1604 582
1604 20024 582
20024 19368 582
19368 3315 582
3315 26821 582
26821 26049 582
26049 25715 582
25715 2679 582
2679 3882 582
3882 31969 582
31969 4060 582
4060 3905 582
3905 23834 582
23834 1293 582
1293 12690 582
12690 12310 582
12310 25275 582
25275 4648 582
4648 21360 582
21360 11703 582
11703 21690 582
21690 3570 582
3570 12525 582
12525 23138 582
23138 6338 582
6338 19180 582
19180 16707 582
16707 22970 582
22970 2519 582
2519 21263 582
21263 14808 582
14808 12495 582
12495 35510 582
35510 8539 582
8539 39742 582
39742 23819 582
23819 27756 582
27756 18154 582
18154 29974 582
22959 23345 583
23345 26345 583
26345 25113 583
25113 23891 583
23891 11843 583
11843 6579 583
6579 12574 583
12574 17190 583
17190 7301 583
7301 736 583
736 3945 583
3945 15535 583
15535 38436 583
38436 10700 583
10700 9063 583
9063 33765 583
33765 38210 583
38210 19150 583
19150 11762 583
11762 39907 583
39907 29 583
29 35327 583
35327 2125 583
2125 13476 583
13476 11275 583
11275 27263 583
27263 11967 583
11967 30307 583
30307 1866 583
1866 11655 583
11655 15287 583
15287 27189 583
27189 13723 583
13723 14508 583
14508 12714 583
12714 27806 583
27806 2094 583
2094 31555 583
31555 31150 583
31150 20812 583
34824 119 584
119 28445 584
28445 9567 584
9567 11056 584
11056 33820 584
33820 18612 584
18612 10326 584
10326 29886 584
29886 75 584
75 14324 584
14324 24431 584
24431 28299 584
28299 18572 584
18572 40245 584
40245 32 584
32 8333 584
8333 20156 584
20156 37125 584
37125 3695 584
3695 16384 584
16384 10775 584
10775 40887 584
40887 23576 584
23576 39321 584
39321 35435 584
35435 24487 584
24487 34256 584
34256 31906 584
31906 26681 584
26681 13584 584
13584 7339 584
7339 25584 584
25584 3036 584
3036 23670 584
23670 7392 584
7392 4133 584
4133 28613 584
28613 8095 584
8095 1672 584
1672 16899 584
8230 909 585
909 16826 585
16826 15577 585
15577 12833 585
12833 22232 585
22232 6273 585
6273 15469 585
15469 13214 585
13214 2779 585
2779 38101 585
38101 18755 585
18755 8643 585
8643 38343 585
38343 30021 585
30021 17139 585
17139 1616 585
1616 6031 585
6031 24655 585
24655 30201 585
30201 31785 585
31785 10424 585
10424 5659 585
5659 115 585
115 33391 585
33391 16434 585
16434 24330 585
24330 38923 585
38923 34759 585
34759 39908 585
39908 5976 585
5976 38603 585
38603 16609 585
16609 24560 585
24560 10092 585
10092 15191 585
15191 6995 585
6995 35322 585
35322 15572 585
15572 16875 585
16875 39327 585
36632 16948 586
16948 1562 586
1562 40861 586
40861 23444 586
23444 34955 586
34955 13764 586
13764 24941 586
24941 38895 586
38895 13819 586
13819 31470 586
31470 26972 586
26972 35972 586
35972 38034 586
38034 24781 586
24781 7420 586
7420 23868 586
23868 18184 586
18184 39170 586
39170 23709 586
23709 39083 586
39083 33647 586
33647 32800 586
32800 38317 586
38317 32101 586
32101 34550 586
34550 2791 586
2791 9138 586
9138 13755 586
13755 29620 586
29620 27058 586
27058 14158 586
14158 14725 586
14725 5720 586
5720 40262 586
40262 19724 586
19724 20844 586
20844 19596 586
19596 24976 586
24976 5505 586
5505 29492 586
11482 26313 587
26313 14467 587
14467 30600 587
30600 4539 587
4539 11878 587
11878 4089 587
4089 36152 587
36152 1550 587
1550 33156 587
33156 30424 587
30424 30012 587
30012 39103 587
39103 16269 587
16269 6479 587
6479 27559 587
27559 27215 587
27215 28603 587
28603 25774 587
25774 32771 587
32771 32235 587
32235 36367 587
36367 23465 587
23465 4208 587
4208 21508 587
21508 25880 587
25880 33391 587
33391 18154 587
18154 38497 587
38497 29350 587
29350 21676 587
21676 39930 587
39930 14246 587
14246 5198 587
5198 32418 587
32418 5033 587
5033 14850 587
14850 18936 587
18936 21678 587
21678 24367 587
24367 2367 587
17421 22394 588
22394 31103 588
31103 39160 588
39160 24007 588
24007 10369 588
10369 25280 588
25280 145 588
145 39617 588
39617 467 588
467 19035 588
19035 38863 588
38863 10298 588
10298 3000 588
3000 31484 588
31484 9844 588
9844 14727 588
14727 11183 588
11183 30724 588
30724 26136 588
26136 11624 588
11624 12301 588
12301 32525 588
32525 2997 588
2997 2049 588
2049 1203 588
1203 2246 588
2246 9048 588
9048 13416 588
13416 989 588
989 25732 588
25732 36045 588
36045 22542 588
22542 15875 588
15875 17289 588
17289 27123 588
27123 37750 588
37750 8140 588
8140 17208 588
17208 15731 588
15731 5064 588
20909 33265 589
33265 33230 589
33230 29547 589
29547 15813 589
15813 19622 589
19622 802 589
802 22490 589
22490 23309 589
23309 6733 589
6733 30042 589
30042 39317 589
39317 39766 589
39766 1225 589
1225 38200 589
38200 16640 589
16640 28123 589
28123 1778 589
1778 13435 589
13435 21247 589
21247 29792 589
29792 36879 589
36879 19558 589
19558 10413 589
10413 621 589
621 9680 589
9680 13042 589
13042 9735 589
9735 32490 589
32490 31844 589
31844 15582 589
15582 4074 589
4074 30670 589
30670 3960 589
3960 5738 589
5738 36652 589
36652 19275 589
19275 33958 589
33958 38982 589
38982 39472 589
39472 8611 589
10936 8029 590
8029 4169 590
4169 14750 590
14750 34421 590
34421 718 590
718 20718 590
20718 12010 590
12010 17198 590
17198 13678 590
13678 18306 590
18306 21937 590
21937 28572 590
28572 29397 590
29397 2238 590
2238 849 590
849 626 590
626 35447 590
35447 30913 590
30913 36677 590
36677 27072 590
27072 30153 590
30153 28951 590
28951 31324 590
31324 34900 590
34900 26347 590
26347 13179 590
13179 28686 590
28686 33068 590
33068 25056 590
25056 27767 590
27767 4666 590
4666 26321 590
26321 27416 590
27416 10160 590
10160 7224 590
7224 10295 590
10295 12716 590
12716 17637 590
17637 34814 590
34814 12574 590
3307 40532 591
40532 18554 591
18554 6804 591
6804 9981 591
9981 36598 591
36598 5146 591
5146 2584 591
2584 39383 591
39383 3485 591
3485 27115 591
27115 31490 591
31490 15770 591
15770 29166 591
29166 17587 591
17587 28904 591
28904 7285 591
7285 39456 591
39456 35274 591
35274 38761 591
38761 20790 591
20790 35563 591
35563 28675 591
28675 4670 591
4670 39792 591
39792 26980 591
26980 14836 591
14836 12078 591
12078 31553 591
31553 9084 591
9084 27474 591
27474 31229 591
31229 33075 591
33075 38903 591
38903 39313 591
39313 1412 591
1412 9894 591
9894 17149 591
17149 13708 591
13708 21932 591
21932 3496 591
2408 2799 592
2799 33549 592
33549 6095 592
6095 29507 592
29507 33743 592
33743 764 592
764 6361 592
6361 8646 592
8646 14146 592
14146 23535 592
23535 7762 592
7762 32800 592
32800 24311 592
24311 28655 592
28655 12870 592
12870 15782 592
15782 24821 592
24821 1133 592
1133 20279 592
20279 35114 592
35114 15614 592
15614 30417 592
30417 28585 592
28585 36145 592
36145 3858 592
3858 35174 592
35174 19051 592
19051 5971 592
5971 18922 592
18922 3566 592
3566 27770 592
27770 23507 592
23507 20642 592
20642 2977 592
2977 18045 592
18045 17612 592
17612 7066 592
7066 29392 592
29392 625 592
625 26784 592
19355 18399 593
18399 37759 593
37759 29745 593
29745 17441 593
17441 39706 593
39706 36369 593
36369 14113 593
14113 6521 593
6521 18746 593
18746 15604 593
15604 28485 593
28485 36101 593
36101 23095 593
23095 24064 593
24064 5847 593
5847 8333 593
8333 30435 593
30435 36773 593
36773 38920 593
38920 10013 593
10013 7738 593
7738 21468 593
21468 33063 593
33063 22098 593
22098 12417 593
12417 35970 593
35970 5098 593
5098 30991 593
30991 35240 593
35240 23908 593
23908 40083 593
40083 18572 593
18572 16516 593
16516 3923 593
3923 39109 593
39109 30413 593
30413 36250 593
36250 22097 593
22097 24391 593
24391 38385 593
11437 31491 594
31491 9971 594
9971 39599 594
39599 30647 594
30647 38094 594
38094 27098 594
27098 1494 594
1494 3731 594
3731 24333 594
24333 38335 594
38335 25175 594
25175 8879 594
8879 61 594
61 9693 594
9693 34939 594
34939 16779 594
16779 16295 594
16295 11731 594
11731 16953 594
16953 30082 594
30082 21552 594
21552 17851 594
17851 40201 594
40201 12577 594
12577 33029 594
33029 39173 594
39173 6320 594
6320 2169 594
2169 7882 594
7882 27308 594
27308 19137 594
19137 26891 594
26891 35131 594
35131 23815 594
23815 27820 594
27820 7906 594
7906 15314 594
15314 5639 594
5639 32310 594
32310 9406 594
7907 25317 595
25317 15102 595
15102 23890 595
23890 8875 595
8875 15774 595
15774 22304 595
22304 2304 595
2304 28211 595
28211 20481 595
20481 20602 595
20602 12295 595
12295 6256 595
6256 17498 595
17498 24657 595
24657 6149 595
6149 10258 595
10258 11121 595
11121 27709 595
27709 14893 595
14893 30701 595
30701 2543 595
2543 14309 595
14309 14974 595
14974 4884 595
4884 30588 595
30588 6735 595
6735 10797 595
10797 17888 595
17888 17531 595
17531 30702 595
30702 38973 595
38973 12126 595
12126 21100 595
21100 13711 595
13711 8145 595
8145 21412 595
21412 38323 595
38323 39188 595
39188 22586 595
22586 30628 595
27394 967 596
967 22828 596
22828 5779 596
5779 17232 596
17232 37301 596
37301 11863 596
11863 16741 596
16741 30282 596
30282 7219 596
7219 17661 596
17661 14952 596
14952 40887 596
40887 6658 596
6658 30849 596
30849 23776 596
23776 27956 596
27956 27996 596
27996 33108 596
33108 5810 596
5810 255 596
255 34978 596
34978 8990 596
8990 11388 596
11388 9404 596
9404 22043 596
22043 3323 596
3323 4718 596
4718 14156 596
14156 35102 596
35102 11131 596
11131 8122 596
8122 28668 596
28668 18159 596
18159 30581 596
30581 35860 596
35860 15312 596
15312 28304 596
28304 32901 596
32901 23681 596
23681 33311 596
757 11070 597
11070 9681 597
9681 12975 597
12975 20065 597
20065 32069 597
32069 22758 597
22758 20507 597
20507 20235 597
20235 9111 597
9111 40470 597
40470 11513 597
11513 38608 597
38608 34957 597
34957 33885 597
33885 39360 597
39360 6885 597
6885 26177 597
26177 16413 597
16413 13330 597
13330 9549 597
9549 25519 597
25519 18141 597
18141 29360 597
29360 29816 597
29816 27815 597
27815 5833 597
5833 40488 597
40488 7779 597
7779 20205 597
20205 20042 597
20042 36788 597
36788 27312 597
27312 39105 597
39105 27756 597
27756 12040 597
12040 30317 597
30317 8955 597
8955 5128 597
5128 35043 597
35043 15943 597
22518 13339 598
13339 36602 598
36602 24192 598
24192 6336 598
6336 39733 598
39733 29627 598
29627 4077 598
4077 22671 598
22671 32541 598
32541 37338 598
37338 33992 598
33992 6702 598
6702 9642 598
9642 7443 598
7443 33028 598
33028 31594 598
31594 25532 598
25532 5265 598
5265 39044 598
39044 29943 598
29943 36038 598
36038 7214 598
7214 21439 598
21439 2077 598
2077 25383 598
25383 13668 598
13668 18281 598
18281 38597 598
38597 39861 598
39861 21135 598
21135 21008 598
21008 5896 598
5896 3769 598
3769 18639 598
18639 15064 598
15064 17631 598
17631 30294 598
30294 25547 598
25547 4387 598
4387 10019 598
25430 20259 599
20259 33132 599
33132 18296 599
18296 14828 599
14828 10914 599
10914 31419 599
31419 10983 599
10983 27289 599
27289 15935 599
15935 9198 599
9198 27045 599
27045 3540 599
3540 30876 599
30876 34947 599
34947 2558 599
2558 17273 599
17273 37689 599
37689 40668 599
40668 16808 599
16808 35600 599
35600 4157 599
4157 37692 599
37692 32058 599
32058 26658 599
26658 5265 599
5265 35578 599
35578 29734 599
29734 11718 599
11718 7878 599
7878 26104 599
26104 8019 599
8019 23171 599
23171 4871 599
4871 19221 599
19221 14943 599
14943 6014 599
6014 24053 599
24053 31498 599
31498 30335 599
30335 28245 599
26099 3375 600
3375 22369 600
22369 3596 600
3596 36235 600
36235 38197 600
38197 13219 600
13219 30318 600
30318 3981 600
3981 14742 600
14742 3282 600
3282 914 600
914 26456 600
26456 27033 600
27033 12898 600
12898 33244 600
33244 30854 600
30854 32819 600
32819 24158 600
24158 29616 600
29616 27141 600
27141 10985 600
10985 26161 600
26161 13910 600
13910 7976 600
7976 14528 600
14528 14937 600
14937 32671 600
32671 33897 600
33897 30424 600
30424 11069 600
11069 21524 600
21524 12424 600
12424 2466 600
2466 27181 600
27181 7605 600
7605 24062 600
24062 11425 600
11425 22188 600
22188 40866 600
40866 27406 600
25453 3766 601
3766 30954 601
30954 28848 601
28848 5767 601
5767 1137 601
1137 26644 601
26644 10250 601
10250 14077 601
14077 28658 601
28658 803 601
803 12524 601
12524 27870 601
27870 37612 601
37612 16400 601
16400 18712 601
18712 29300 601
29300 4594 601
4594 26056 601
26056 36295 601
36295 32866 601
32866 6889 601
6889 13904 601
13904 6214 601
6214 38986 601
38986 23321 601
23321 23627 601
23627 5215 601
5215 331 601
331 29876 601
29876 34716 601
34716 21979 601
21979 3626 601
3626 26311 601
26311 20277 601
20277 17956 601
17956 8132 601
8132 24903 601
24903 12972 601
12972 40022 601
40022 28925 601
20298 10469 602
10469 6066 602
6066 2374 602
2374 26985 602
26985 6208 602
6208 36967 602
36967 35974 602
35974 31890 602
31890 28187 602
28187 25581 602
25581 28002 602
28002 30536 602
30536 12647 602
12647 33238 602
33238 20345 602
20345 18763 602
18763 16546 602
16546 34614 602
34614 34219 602
34219 34711 602
34711 6368 602
6368 21730 602
21730 12295 602
12295 24573 602
24573 5557 602
5557 4531 602
4531 30014 602
30014 37781 602
37781 4664 602
4664 7660 602
7660 39376 602
39376 39064 602
39064 36074 602
36074 14088 602
14088 9886 602
9886 35418 602
35418 30748 602
30748 1190 602
1190 33697 602
33697 27153 602
26089 3101 603
3101 2997 603
2997 10990 603
10990 7902 603
7902 2681 603
2681 1755 603
1755 27971 603
27971 30180 603
30180 10755 603
10755 36000 603
36000 15252 603
15252 34913 603
34913 16625 603
16625 6277 603
6277 5722 603
5722 4992 603
4992 28829 603
28829 38170 603
38170 20581 603
20581 8661 603
8661 15321 603
15321 9003 603
9003 19281 603
19281 38056 603
38056 30088 603
30088 19242 603
19242 6702 603
6702 12286 603
12286 16637 603
16637 24802 603
24802 27409 603
27409 7354 603
7354 19138 603
19138 12400 603
12400 35347 603
35347 14153 603
14153 24435 603
24435 35890 603
35890 12420 603
12420 40358 603
20890 24298 604
24298 27612 604
27612 940 604
940 25689 604
25689 34361 604
34361 26373 604
26373 8429 604
8429 16621 604
16621 31371 604
31371 10751 604
10751 37897 604
37897 17568 604
17568 12333 604
12333 22464 604
22464 32518 604
32518 3773 604
3773 34487 604
34487 2441 604
2441 6996 604
6996 25468 604
25468 20321 604
20321 16532 604
16532 1099 604
1099 23784 604
23784 7043 604
7043 14158 604
14158 27776 604
27776 29360 604
29360 20151 604
20151 24959 604
24959 8705 604
8705 38527 604
38527 11704 604
11704 25438 604
25438 7741 604
7741 4373 604
4373 12653 604
12653 29146 604
29146 31791 604
31791 35251 604
32965 29000 605
29000 19960 605
19960 32288 605
32288 21726 605
21726 17830 605
17830 8848 605
8848 32739 605
32739 15021 605
15021 3521 605
3521 27919 605
27919 29466 605
29466 11304 605
11304 28745 605
28745 25611 605
25611 12363 605
12363 18669 605
18669 31765 605
31765 15920 605
15920 14015 605
14015 4407 605
4407 7077 605
7077 3180 605
3180 8477 605
8477 27227 605
27227 40948 605
40948 21522 605
21522 22487 605
22487 39407 605
39407 22729 605
22729 14075 605
14075 35253 605
35253 36949 605
36949 27546 605
27546 24736 605
24736 36843 605
36843 29717 605
29717 36148 605
36148 18215 605
18215 15284 605
15284 14404 605
35522 25073 606
25073 702 606
702 22190 606
22190 39882 606
39882 10076 606
10076 34067 606
34067 19239 606
19239 28301 606
28301 12316 606
12316 30703 606
30703 2839 606
2839 29844 606
29844 8723 606
8723 20199 606
20199 679 606
679 670 606
670 27071 606
27071 2657 606
2657 22479 606
22479 29122 606
29122 22040 606
22040 20407 606
20407 4775 606
4775 16541 606
16541 33881 606
33881 25145 606
25145 9723 606
9723 11946 606
11946 405 606
405 8224 606
8224 16321 606
16321 20207 606
20207 17386 606
17386 13200 606
13200 13175 606
13175 25385 606
25385 7910 606
7910 32989 606
32989 16387 606
16387 36199 606
17255 8196 607
8196 21142 607
21142 26316 607
26316 31348 607
31348 19138 607
19138 34706 607
34706 3929 607
3929 4262 607
4262 20515 607
20515 3757 607
3757 35843 607
35843 5812 607
5812 33883 607
33883 22675 607
22675 2442 607
2442 32273 607
32273 13128 607
13128 22963 607
22963 15646 607
15646 14280 607
14280 3253 607
3253 37642 607
37642 14417 607
14417 5666 607
5666 3367 607
3367 3968 607
3968 12151 607
12151 25164 607
25164 915 607
915 21359 607
21359 32982 607
32982 38043 607
38043 28212 607
28212 7803 607
7803 22917 607
22917 5924 607
5924 39820 607
39820 33484 607
33484 36766 607
36766 6180 607
8768 27122 608
27122 31377 608
31377 21546 608
21546 26278 608
26278 3906 608
3906 27482 608
27482 29691 608
29691 36070 608
36070 36134 608
36134 20655 608
20655 7775 608
7775 26455 608
26455 16314 608
16314 22268 608
22268 40383 608
40383 5920 608
5920 27320 608
27320 26045 608
26045 20434 608
20434 4250 608
4250 29397 608
29397 35434 608
35434 30686 608
30686 15250 608
15250 23859 608
23859 37646 608
37646 18296 608
18296 22336 608
22336 24357 608
24357 9766 608
9766 40729 608
40729 5943 608
5943 11029 608
11029 17760 608
17760 808 608
808 33863 608
33863 37579 608
37579 39256 608
39256 23755 608
23755 518 608
8787 27109 609
27109 7396 609
7396 36999 609
36999 5379 609
5379 13308 609
13308 40057 609
40057 24061 609
24061 34011 609
34011 3537 609
3537 32116 609
32116 10367 609
10367 38546 609
38546 36532 609
36532 3048 609
3048 30160 609
30160 6153 609
6153 39952 609
39952 11451 609
11451 37528 609
37528 269 609
269 18320 609
18320 30900 609
30900 32548 609
32548 31656 609
31656 22545 609
22545 12307 609
12307 3645 609
3645 21353 609
21353 36522 609
36522 5067 609
5067 36488 609
36488 37690 609
37690 30543 609
30543 4505 609
4505 1397 609
1397 34133 609
34133 8929 609
8929 15042 609
15042 34649 609
34649 17256 609
5528 29952 610
29952 15014 610
15014 18369 610
18369 5221 610
5221 23343 610
23343 28316 610
28316 32874 610
32874 35373 610
35373 32954 610
32954 2487 610
2487 39263 610
39263 20853 610
20853 36283 610
36283 29866 610
29866 26513 610
26513 33378 610
33378 33140 610
33140 14438 610
14438 16920 610
16920 37097 610
37097 10856 610
10856 11861 610
11861 38812 610
38812 14155 610
14155 15355 610
15355 18930 610
18930 36696 610
36696 16164 610
16164 28956 610
28956 4372 610
4372 29421 610
29421 18916 610
18916 3981 610
3981 21022 610
21022 26098 610
26098 20503 610
20503 16727 610
16727 37191 610
37191 5629 610
5629 37033 610
13944 40065 611
40065 13762 611
13762 39327 611
39327 19345 611
19345 11695 611
11695 39599 611
39599 2768 611
2768 35048 611
35048 27429 611
27429 37673 611
37673 11955 611
11955 18584 611
18584 6732 611
6732 6979 611
6979 18483 611
18483 34625 611
34625 28865 611
28865 23540 611
23540 17397 611
17397 17765 611
17765 33094 611
33094 11252 611
11252 23877 611
23877 33870 611
33870 6839 611
6839 20213 611
20213 4159 611
4159 4272 611
4272 4636 611
4636 6783 611
6783 15015 611
15015 18312 611
18312 9410 611
9410 35515 611
35515 32881 611
32881 7014 611
7014 3718 611
3718 20850 611
20850 14791 611
14791 35669 611
4284 22259 612
22259 38343 612
38343 26587 612
26587 8827 612
8827 31146 612
31146 31501 612
31501 3763 612
3763 7248 612
7248 2634 612
2634 40365 612
40365 39942 612
39942 10642 612
10642 9207 612
9207 15949 612
15949 31170 612
31170 18908 612
18908 27397 612
27397 12454 612
12454 25531 612
25531 33845 612
33845 13744 612
13744 3935 612
3935 8574 612
8574 9551 612
9551 16671 612
16671 18859 612
18859 10623 612
10623 16879 612
16879 13963 612
13963 25489 612
25489 19986 612
19986 30927 612
30927 30225 612
30225 7329 612
7329 1695 612
1695 17214 612
17214 20089 612
20089 3056 612
3056 24164 612
24164 24363 612
33496 5681 613
5681 36046 613
36046 17768 613
17768 37533 613
37533 13708 613
13708 8534 613
8534 12661 613
12661 2728 613
2728 8277 613
8277 36214 613
36214 7079 613
7079 11367 613
11367 32421 613
32421 38204 613
38204 25286 613
25286 26576 613
26576 11442 613
11442 13955 613
13955 4770 613
4770 3658 613
3658 19731 613
19731 11859 613
11859 24604 613
24604 40414 613
40414 2427 613
2427 25264 613
25264 36545 613
36545 7020 613
7020 11483 613
11483 23209 613
23209 12335 613
12335 6855 613
6855 2007 613
2007 22276 613
22276 29373 613
29373 32273 613
32273 12677 613
12677 21364 613
21364 11782 613
11782 34642 613
1750 23304 614
23304 26862 614
26862 19034 614
19034 14401 614
14401 3330 614
3330 24515 614
24515 11327 614
11327 15403 614
15403 39158 614
39158 18711 614
18711 9156 614
9156 39920 614
39920 23246 614
23246 1821 614
1821 14082 614
14082 5099 614
5099 9613 614
9613 28506 614
28506 7300 614
7300 25151 614
25151 30480 614
30480 20049 614
20049 749 614
749 28694 614
28694 13961 614
13961 38463 614
38463 26535 614
26535 22073 614
22073 6497 614
6497 37902 614
37902 13966 614
13966 20040 614
20040 25674 614
25674 17266 614
17266 4154 614
4154 26923 614
26923 22805 614
22805 39739 614
39739 22797 614
22797 10445 614
16064 24593 615
24593 22181 615
22181 26087 615
26087 17714 615
17714 6910 615
6910 13913 615
13913 3954 615
3954 32748 615
32748 10517 615
10517 17637 615
17637 17996 615
17996 5329 615
5329 14717 615
14717 23911 615
23911 36032 615
36032 401 615
401 13467 615
13467 33214 615
33214 16564 615
16564 34592 615
34592 37689 615
37689 31209 615
31209 35341 615
35341 38029 615
38029 14881 615
14881 4511 615
4511 21335 615
21335 33387 615
33387 3699 615
3699 30757 615
30757 23166 615
23166 20752 615
20752 16131 615
16131 30679 615
30679 36524 615
36524 8783 615
8783 9497 615
9497 2840 615
2840 15345 615
15345 14640 615
20282 12946 616
12946 7554 616
7554 26011 616
26011 18873 616
18873 19579 616
19579 27427 616
27427 4161 616
4161 22326 616
22326 22785 616
22785 22652 616
22652 35183 616
35183 8604 616
8604 10455 616
10455 32720 616
32720 17745 616
17745 35968 616
35968 11395 616
11395 1041 616
1041 19840 616
19840 35156 616
35156 6104 616
6104 32186 616
32186 16306 616
16306 26787 616
26787 19859 616
19859 31805 616
31805 4815 616
4815 40085 616
40085 31357 616
31357 668 616
668 5440 616
5440 21016 616
21016 11835 616
11835 24691 616
24691 13574 616
13574 37331 616
37331 15609 616
15609 2361 616
2361 1738 616
1738 688 616
24914 11855 617
11855 2584 617
2584 26164 617
26164 29855 617
29855 28547 617
28547 20924 617
20924 1991 617
1991 12163 617
12163 13988 617
13988 40632 617
40632 1501 617
1501 4484 617
4484 30545 617
30545 31484 617
31484 16685 617
16685 14465 617
14465 36384 617
36384 30153 617
30153 2377 617
2377 6112 617
6112 37260 617
37260 11872 617
11872 6422 617
6422 5604 617
5604 35408 617
35408 1019 617
1019 28590 617
28590 37648 617
37648 5886 617
5886 31594 617
31594 38528 617
38528 6864 617
6864 34591 617
34591 31890 617
31890 27298 617
27298 22391 617
22391 9896 617
9896 3828 617
3828 20641 617
20641 17254 617
29261 14802 618
14802 35960 618
35960 32658 618
32658 16461 618
16461 7604 618
7604 14736 618
14736 23271 618
23271 34422 618
34422 37744 618
37744 10849 618
10849 21433 618
21433 17792 618
17792 24998 618
24998 18637 618
18637 23986 618
23986 9687 618
9687 38562 618
38562 10426 618
10426 7465 618
7465 39746 618
39746 17400 618
17400 27617 618
27617 16792 618
16792 40303 618
40303 13756 618
13756 6461 618
6461 13877 618
13877 33020 618
33020 25445 618
25445 25194 618
25194 34263 618
34263 17079 618
17079 13282 618
13282 23339 618
23339 24522 618
24522 21728 618
21728 28613 618
28613 34387 618
34387 26013 618
26013 29923 618
4884 93 619
93 40870 619
40870 3727 619
3727 15573 619
15573 21330 619
21330 28912 619
28912 36772 619
36772 23695 619
23695 10698 619
10698 1899 619
1899 27747 619
27747 4492 619
4492 40538 619
40538 14911 619
14911 34479 619
34479 6845 619
6845 26944 619
26944 4139 619
4139 6775 619
6775 18171 619
18171 34319 619
34319 637 619
637 14410 619
14410 35108 619
35108 32493 619
32493 38941 619
38941 26592 619
26592 7728 619
7728 31305 619
31305 22389 619
22389 23907 619
23907 1768 619
1768 10184 619
10184 10364 619
10364 268 619
268 24546 619
24546 8293 619
8293 30337 619
30337 5614 619
5614 31740 619
39938 26445 620
26445 14579 620
14579 26703 620
26703 24036 620
24036 24967 620
24967 27478 620
27478 21295 620
21295 30233 620
30233 4280 620
4280 35619 620
35619 28627 620
28627 348 620
348 13164 620
13164 13228 620
13228 40443 620
40443 25687 620
25687 1675 620
1675 27123 620
27123 5368 620
5368 21415 620
21415 15454 620
15454 11428 620
11428 12053 620
12053 36796 620
36796 32790 620
32790 38245 620
38245 23520 620
23520 7056 620
7056 28871 620
28871 30498 620
30498 35221 620
35221 2025 620
2025 11130 620
11130 7414 620
7414 39336 620
39336 2549 620
2549 28786 620
28786 33170 620
33170 3343 620
3343 11393 620
12818 39166 621
39166 35826 621
35826 36426 621
36426 315 621
315 9892 621
9892 32192 621
32192 29466 621
29466 31434 621
31434 11077 621
11077 6070 621
6070 2025 621
2025 23500 621
23500 24454 621
24454 3075 621
3075 33296 621
33296 4646 621
4646 18376 621
18376 1783 621
1783 10055 621
10055 348 621
348 17120 621
17120 38468 621
38468 897 621
897 8372 621
8372 19699 621
19699 22218 621
22218 21939 621
21939 5473 621
5473 7284 621
7284 15807 621
15807 26019 621
26019 18116 621
18116 28110 621
28110 31533 621
31533 18610 621
18610 10619 621
10619 3235 621
3235 28373 621
28373 4205 621
4205 1616 621
33851 38394 622
38394 1503 622
1503 38165 622
38165 11719 622
11719 5481 622
5481 5453 622
5453 6570 622
6570 4376 622
4376 27983 622
27983 14228 622
14228 24793 622
24793 23537 622
23537 35964 622
35964 13523 622
13523 22965 622
22965 17425 622
17425 30285 622
30285 22485 622
22485 4127 622
4127 16937 622
16937 25860 622
25860 19620 622
19620 10443 622
10443 19093 622
19093 4479 622
4479 8597 622
8597 36206 622
36206 17010 622
17010 38683 622
38683 27319 622
27319 4107 622
4107 31753 622
31753 26936 622
26936 28679 622
28679 12657 622
12657 29763 622
29763 39982 622
39982 29136 622
29136 20140 622
20140 9489 622
35969 15492 623
15492 20867 623
20867 32809 623
32809 32762 623
32762 37570 623
37570 14412 623
14412 40975 623
40975 18773 623
18773 1331 623
1331 25350 623
25350 24926 623
24926 31202 623
31202 36941 623
36941 27232 623
27232 1412 623
1412 3059 623
3059 27238 623
27238 33781 623
33781 29609 623
29609 19427 623
19427 1439 623
1439 4491 623
4491 30860 623
30860 2573 623
2573 11375 623
11375 12151 623
12151 5081 623
5081 8626 623
8626 26642 623
26642 4415 623
4415 14805 623
14805 21415 623
21415 28389 623
28389 25825 623
25825 18624 623
18624 10173 623
10173 408 623
408 32815 623
32815 31448 623
31448 24168 623
16894 3994 624
3994 35020 624
35020 25322 624
25322 4040 624
4040 33860 624
33860 25424 624
25424 16806 624
16806 27182 624
27182 14202 624
14202 8100 624
8100 11649 624
11649 6881 624
6881 15836 624
15836 22421 624
22421 30023 624
30023 25911 624
25911 23852 624
23852 29659 624
29659 9405 624
9405 17687 624
17687 23440 624
23440 34948 624
34948 7035 624
7035 23154 624
23154 3079 624
3079 5958 624
5958 2598 624
2598 33749 624
33749 10592 624
10592 28735 624
28735 16738 624
16738 38840 624
38840 16981 624
16981 19594 624
19594 23698 624
23698 8883 624
8883 30707 624
30707 28848 624
28848 28250 624
28250 35728 624
29698 34729 625
34729 38136 625
38136 27634 625
27634 39048 625
39048 12732 625
12732 10167 625
10167 36957 625
36957 8354 625
8354 20424 625
20424 8977 625
8977 6584 625
6584 36620 625
36620 7551 625
7551 28861 625
28861 29530 625
29530 34123 625
34123 36412 625
36412 37873 625
37873 19213 625
19213 28167 625
28167 10375 625
10375 10576 625
10576 29094 625
29094 2408 625
2408 38843 625
38843 6578 625
6578 38982 625
38982 36373 625
36373 14286 625
14286 28615 625
28615 12779 625
12779 18287 625
18287 29242 625
29242 13868 625
13868 28429 625
28429 6318 625
6318 25106 625
25106 23131 625
23131 11801 625
11801 31448 625
7709 32977 626
32977 14075 626
14075 5628 626
5628 33198 626
33198 31376 626
31376 23933 626
23933 17807 626
17807 39259 626
39259 24149 626
24149 13193 626
13193 17720 626
17720 28211 626
28211 9703 626
9703 5821 626
5821 2958 626
2958 2702 626
2702 18309 626
18309 16069 626
16069 21680 626
21680 6539 626
6539 17865 626
17865 28840 626
28840 23378 626
23378 21021 626
21021 24923 626
24923 40334 626
40334 24980 626
24980 9266 626
9266 37324 626
37324 40441 626
40441 9053 626
9053 2597 626
2597 11621 626
11621 21056 626
21056 9179 626
9179 15475 626
15475 5273 626
5273 2550 626
2550 10372 626
10372 4878 626
35985 28421 627
28421 3864 627
3864 34829 627
34829 34099 627
34099 22396 627
22396 21672 627
21672 15460 627
15460 22907 627
22907 30393 627
30393 6117 627
6117 1933 627
1933 36527 627
36527 30798 627
30798 15089 627
15089 2489 627
2489 27617 627
27617 13302 627
13302 16178 627
16178 4024 627
4024 32723 627
32723 31070 627
31070 39595 627
39595 23400 627
23400 38091 627
38091 11789 627
11789 7033 627
7033 30243 627
30243 3059 627
3059 20189 627
20189 34025 627
34025 15347 627
15347 26425 627
26425 10680 627
10680 13638 627
13638 13846 627
13846 3174 627
3174 30977 627
30977 37152 627
37152 20830 627
20830 21014 627
25502 19892 628
19892 9141 628
9141 30699 628
30699 23670 628
23670 24450 628
24450 3874 628
3874 21515 628
21515 15724 628
15724 4085 628
4085 5787 628
5787 11365 628
11365 37226 628
37226 9945 628
9945 37316 628
37316 920 628
920 13946 628
13946 21956 628
21956 36285 628
36285 30056 628
30056 7318 628
7318 7921 628
7921 26930 628
26930 14119 628
14119 3083 628
3083 21744 628
21744 34569 628
34569 37634 628
37634 22125 628
22125 19177 628
19177 31718 628
31718 12539 628
12539 6037 628
6037 34788 628
34788 5207 628
5207 12987 628
12987 20331 628
20331 2022 628
2022 12080 628
12080 32723 628
32723 25238 628
18033 15787 629
15787 1177 629
1177 12539 629
12539 205 629
205 37220 629
37220 5424 629
5424 22761 629
22761 16842 629
16842 9672 629
9672 13045 629
13045 10670 629
10670 16234 629
16234 1564 629
1564 6578 629
6578 33183 629
33183 36721 629
36721 6607 629
6607 6523 629
6523 39267 629
39267 4884 629
4884 36955 629
36955 8936 629
8936 2008 629
2008 6008 629
6008 18772 629
18772 15709 629
15709 20576 629
20576 38327 629
38327 39933 629
39933 13395 629
13395 14112 629
14112 18265 629
18265 27139 629
27139 9372 629
9372 23749 629
23749 24953 629
24953 3405 629
3405 37233 629
37233 4772 629
4772 2141 629
31106 1747 630
1747 36202 630
36202 5552 630
5552 35893 630
35893 17595 630
17595 12465 630
12465 2231 630
2231 8095 630
8095 27654 630
27654 10811 630
10811 14246 630
14246 11824 630
11824 11864 630
11864 39777 630
39777 35989 630
35989 21759 630
21759 28864 630
28864 19292 630
19292 21919 630
21919 20439 630
20439 11346 630
11346 15112 630
15112 4071 630
4071 22516 630
22516 1765 630
1765 5600 630
5600 4390 630
4390 37634 630
37634 34276 630
34276 26133 630
26133 38974 630
38974 19052 630
19052 11856 630
11856 33858 630
33858 27479 630
27479 7947 630
7947 7019 630
7019 8977 630
8977 11476 630
11476 6966 630
31919 25815 631
25815 30519 631
30519 25027 631
25027 16628 631
16628 21164 631
21164 35795 631
35795 33472 631
33472 7609 631
7609 35986 631
35986 30514 631
30514 25530 631
25530 5396 631
5396 13754 631
13754 1502 631
1502 29607 631
29607 2925 631
2925 32120 631
32120 9360 631
9360 36892 631
36892 11701 631
11701 4079 631
4079 27560 631
27560 30201 631
30201 30277 631
30277 37925 631
37925 4047 631
4047 32628 631
32628 13418 631
13418 20665 631
20665 31710 631
31710 30968 631
30968 33134 631
33134 8907 631
8907 20540 631
20540 4762 631
4762 20139 631
20139 28733 631
28733 14644 631
14644 30937 631
30937 34348 631
4959 10579 632
10579 13748 632
13748 37835 632
37835 37650 632
37650 19653 632
19653 39985 632
39985 25506 632
25506 12463 632
12463 2978 632
2978 14302 632
14302 30641 632
30641 28219 632
28219 37896 632
37896 15174 632
15174 31646 632
31646 17458 632
17458 30699 632
30699 17337 632
17337 18029 632
18029 12187 632
12187 33473 632
33473 24408 632
24408 30231 632
30231 7458 632
7458 34444 632
34444 10099 632
10099 10854 632
10854 17652 632
17652 22767 632
22767 23507 632
23507 17920 632
17920 20876 632
20876 25226 632
25226 24625 632
24625 26944 632
26944 10118 632
10118 28854 632
28854 16647 632
16647 27436 632
27436 16178 632
24557 7376 633
7376 33879 633
33879 26148 633
26148 40921 633
40921 18256 633
18256 26767 633
26767 17936 633
17936 30993 633
30993 375 633
375 28851 633
28851 20173 633
20173 27727 633
27727 16887 633
16887 35119 633
35119 23106 633
23106 9888 633
9888 12756 633
12756 10903 633
10903 8465 633
8465 25125 633
25125 14132 633
14132 5783 633
5783 17375 633
17375 3758 633
3758 18216 633
18216 35503 633
35503 30889 633
30889 40998 633
40998 19465 633
19465 7633 633
7633 34951 633
34951 37199 633
37199 2144 633
2144 14035 633
14035 15932 633
15932 37508 633
37508 33733 633
33733 38610 633
38610 828 633
828 30722 633
9126 32245 634
32245 24560 634
24560 22212 634
22212 8788 634
8788 36710 634
36710 12643 634
12643 21368 634
21368 3251 634
3251 38937 634
38937 21853 634
21853 26886 634
26886 35761 634
35761 15338 634
15338 12968 634
12968 25759 634
25759 40056 634
40056 29533 634
29533 5260 634
5260 9768 634
9768 13964 634
13964 32164 634
32164 6993 634
6993 32712 634
32712 18608 634
18608 221 634
221 20237 634
20237 35164 634
35164 18464 634
18464 24594 634
24594 10321 634
10321 20583 634
20583 28147 634
28147 17667 634
17667 8017 634
8017 6315 634
6315 28394 634
28394 14857 634
14857 30875 634
30875 31139 634
31139 16822 634
12174 5256 635
5256 11368 635
11368 16291 635
16291 9325 635
9325 29529 635
29529 5861 635
5861 21190 635
21190 27172 635
27172 30284 635
30284 6884 635
6884 30321 635
30321 28065 635
28065 10760 635
10760 10144 635
10144 1392 635
1392 38957 635
38957 37677 635
37677 15491 635
15491 31794 635
31794 26317 635
26317 1543 635
1543 24161 635
24161 35876 635
35876 13801 635
13801 38604 635
38604 37701 635
37701 13390 635
13390 4908 635
4908 9651 635
9651 7371 635
7371 11049 635
11049 36891 635
36891 30110 635
30110 40212 635
40212 39309 635
39309 31888 635
31888 29742 635
29742 39291 635
39291 20448 635
20448 3156 635
18988 24525 636
24525 36398 636
36398 15181 636
15181 14441 636
14441 25958 636
25958 34244 636
34244 9081 636
9081 29333 636
29333 1650 636
1650 8329 636
8329 569 636
569 11006 636
11006 12627 636
12627 36726 636
36726 39608 636
39608 18854 636
18854 5567 636
5567 5923 636
5923 3808 636
3808 32919 636
32919 5181 636
5181 16724 636
16724 38803 636
38803 35065 636
35065 28573 636
28573 33760 636
33760 30368 636
30368 18847 636
18847 5509 636
5509 18175 636
18175 6710 636
6710 21908 636
21908 26884 636
26884 13058 636
13058 1460 636
1460 31507 636
31507 36636 636
36636 23323 636
23323 18699 636
18699 34417 636
3721 29712 637
29712 23750 637
23750 1364 637
1364 23202 637
23202 25147 637
25147 39819 637
39819 17596 637
17596 7367 637
7367 32507 637
32507 8877 637
8877 3170 637
3170 35674 637
35674 5516 637
5516 29280 637
29280 20343 637
20343 25003 637
25003 19674 637
19674 33868 637
33868 39660 637
39660 9790 637
9790 37560 637
37560 18716 637
18716 33778 637
33778 24684 637
24684 1446 637
1446 39717 637
39717 5156 637
5156 18542 637
18542 1658 637
1658 28574 637
28574 40331 637
40331 7814 637
7814 28859 637
28859 19704 637
19704 17338 637
17338 28904 637
28904 34861 637
34861 39859 637
39859 40932 637
40932 16764 637
28197 3326 638
3326 30173 638
30173 22979 638
22979 3425 638
3425 14477 638
14477 24745 638
24745 16840 638
16840 33851 638
33851 14064 638
14064 11733 638
11733 12215 638
12215 5481 638
5481 2619 638
2619 14117 638
14117 27626 638
27626 11150 638
11150 931 638
931 22640 638
22640 29170 638
29170 33825 638
33825 20949 638
20949 6522 638
6522 24632 638
24632 34975 638
34975 35084 638
35084 39849 638
39849 23142 638
23142 30808 638
30808 21525 638
21525 30273 638
30273 37301 638
37301 20312 638
20312 18586 638
18586 19898 638
19898 5972 638
5972 4425 638
4425 4789 638
4789 22826 638
22826 30679 638
30679 2085 638
11514 38322 639
38322 40637 639
40637 35944 639
35944 40258 639
40258 12698 639
12698 35070 639
35070 3609 639
3609 12972 639
12972 11719 639
11719 33482 639
33482 39124 639
39124 26727 639
26727 10573 639
10573 40002 639
40002 18194 639
18194 40444 639
40444 7154 639
7154 35544 639
35544 7113 639
7113 33389 639
33389 5767 639
5767 40871 639
40871 31072 639
31072 34786 639
34786 15253 639
15253 25993 639
25993 6583 639
6583 28384 639
28384 13810 639
13810 33149 639
33149 23 639
23 15978 639
15978 11138 639
11138 15250 639
15250 37684 639
37684 16129 639
16129 24776 639
24776 9664 639
9664 6937 639
6937 36442 639
16320 812 640
812 20548 640
20548 23094 640
23094 12072 640
12072 37055 640
37055 23237 640
23237 23635 640
23635 8822 640
8822 1093 640
1093 20325 640
20325 2881 640
2881 5606 640
5606 39022 640
39022 39222 640
39222 9635 640
9635 37719 640
37719 30572 640
30572 27127 640
27127 15135 640
15135 8158 640
8158 4769 640
4769 3085 640
3085 18015 640
18015 25603 640
25603 22294 640
22294 9752 640
9752 19800 640
19800 36018 640
36018 40591 640
40591 40936 640
40936 25848 640
25848 19262 640
19262 31313 640
31313 10098 640
10098 8077 640
8077 9412 640
9412 26905 640
26905 14346 640
14346 8924 640
8924 14531 640
31754 25726 641
25726 34386 641
34386 27772 641
27772 27475 641
27475 8147 641
8147 15604 641
15604 9680 641
9680 1186 641
1186 37921 641
37921 24835 641
24835 7308 641
7308 24615 641
24615 27992 641
27992 11907 641
11907 25619 641
25619 14142 641
14142 23384 641
23384 29627 641
29627 10836 641
10836 9684 641
9684 28515 641
28515 27879 641
27879 2763 641
2763 967 641
967 1653 641
1653 8338 641
8338 19314 641
19314 14803 641
14803 23269 641
23269 4009 641
4009 36280 641
36280 20623 641
20623 35212 641
35212 5531 641
5531 33221 641
33221 27873 641
27873 209 641
209 22220 641
22220 15343 641
15343 19736 641
10227 29490 642
29490 8378 642
8378 16193 642
16193 40992 642
40992 31981 642
31981 1250 642
1250 5955 642
5955 9924 642
9924 19393 642
19393 5895 642
5895 23867 642
23867 20344 642
20344 31989 642
31989 38143 642
38143 27107 642
27107 17851 642
17851 37923 642
37923 16873 642
16873 7836 642
7836 39415 642
39415 1233 642
1233 29131 642
29131 28965 642
28965 31226 642
31226 15954 642
15954 14259 642
14259 18314 642
18314 21087 642
21087 17622 642
17622 18988 642
18988 10968 642
10968 39 642
39 22278 642
22278 708 642
708 20981 642
20981 9179 642
9179 25090 642
25090 37718 642
37718 8073 642
8073 22297 642
18280 7874 643
7874 11495 643
11495 13074 643
13074 22372 643
22372 19999 643
19999 30276 643
30276 38622 643
38622 2377 643
2377 23922 643
23922 11597 643
11597 17081 643
17081 15818 643
15818 1651 643
1651 35594 643
35594 10175 643
10175 29623 643
29623 5375 643
5375 27939 643
27939 17906 643
17906 4045 643
4045 1094 643
1094 40567 643
40567 7471 643
7471 35372 643
35372 9174 643
9174 34768 643
34768 24587 643
24587 18354 643
18354 29837 643
29837 15141 643
15141 36115 643
36115 1339 643
1339 981 643
981 9392 643
9392 24710 643
24710 16419 643
16419 20477 643
20477 37464 643
37464 27437 643
27437 12472 643
7147 12387 644
12387 26995 644
26995 18607 644
18607 24661 644
24661 4916 644
4916 22475 644
22475 36835 644
36835 10559 644
10559 38410 644
38410 22058 644
22058 26376 644
26376 809 644
809 30887 644
30887 31516 644
31516 3401 644
3401 36107 644
36107 4233 644
4233 33292 644
33292 10645 644
10645 24993 644
24993 26712 644
26712 39376 644
39376 29236 644
29236 7901 644
7901 33108 644
33108 8217 644
8217 39482 644
39482 19559 644
19559 37226 644
37226 16037 644
16037 23187 644
23187 25776 644
25776 755 644
755 36814 644
36814 36123 644
36123 25737 644
25737 17232 644
17232 31761 644
31761 19504 644
19504 24053 644
40712 9607 645
9607 40499 645
40499 357 645
357 21574 645
21574 13132 645
13132 3370 645
3370 40879 645
40879 3673 645
3673 30057 645
30057 31073 645
31073 7573 645
7573 7547 645
7547 34813 645
34813 18758 645
18758 27763 645
27763 14011 645
14011 17539 645
17539 19743 645
19743 26345 645
26345 4018 645
4018 546 645
546 30411 645
30411 34498 645
34498 28882 645
28882 35968 645
35968 27711 645
27711 2140 645
2140 2760 645
2760 18921 645
18921 37444 645
37444 25310 645
25310 15166 645
15166 36420 645
36420 26418 645
26418 9015 645
9015 37108 645
37108 24363 645
24363 23385 645
23385 17628 645
17628 33819 645
29837 17174 646
17174 27645 646
27645 11321 646
11321 40224 646
40224 24678 646
24678 21517 646
21517 32365 646
32365 40959 646
40959 27980 646
27980 28020 646
28020 8805 646
8805 2584 646
2584 33411 646
33411 9444 646
9444 21292 646
21292 17399 646
17399 36052 646
36052 25 646
25 2243 646
2243 22504 646
22504 31502 646
31502 37077 646
37077 16554 646
16554 34980 646
34980 17187 646
17187 4652 646
4652 868 646
868 23563 646
23563 19238 646
19238 9816 646
9816 26471 646
26471 38423 646
38423 813 646
813 6202 646
6202 286 646
286 18075 646
18075 33777 646
33777 39188 646
39188 29637 646
29637 7336 646
16472 18544 647
18544 39929 647
39929 10214 647
10214 16719 647
16719 25591 647
25591 16742 647
16742 754 647
754 27254 647
27254 21244 647
21244 32120 647
32120 7239 647
7239 10310 647
10310 19396 647
19396 2718 647
2718 27940 647
27940 33064 647
33064 3724 647
3724 31388 647
31388 33396 647
33396 5205 647
5205 31203 647
31203 13136 647
13136 4968 647
4968 16365 647
16365 19408 647
19408 10169 647
10169 35990 647
35990 23196 647
23196 11957 647
11957 7629 647
7629 8413 647
8413 15805 647
15805 38578 647
38578 33462 647
33462 30987 647
30987 10865 647
10865 2738 647
2738 8287 647
8287 39656 647
39656 14935 647
38826 28088 648
28088 2807 648
2807 26968 648
26968 24022 648
24022 13223 648
13223 34632 648
34632 39568 648
39568 30630 648
30630 9277 648
9277 23114 648
23114 438 648
438 8316 648
8316 36355 648
36355 31944 648
31944 26514 648
26514 17343 648
17343 11073 648
11073 23924 648
23924 16739 648
16739 4357 648
4357 29674 648
29674 15868 648
15868 6035 648
6035 16738 648
16738 23445 648
23445 5999 648
5999 29338 648
29338 28261 648
28261 3446 648
3446 39164 648
39164 24347 648
24347 25337 648
25337 22533 648
22533 236 648
236 33822 648
33822 35247 648
35247 26779 648
26779 38297 648
38297 6156 648
6156 16937 648
11947 15056 649
15056 17220 649
17220 2894 649
2894 38326 649
38326 10161 649
10161 27628 649
27628 12754 649
12754 15089 649
15089 22052 649
22052 32969 649
32969 22999 649
22999 4889 649
4889 16141 649
16141 482 649
482 21123 649
21123 21476 649
21476 12540 649
12540 10090 649
10090 14299 649
14299 10666 649
10666 17507 649
17507 22426 649
22426 31906 649
31906 6174 649
6174 40605 649
40605 12576 649
12576 28012 649
28012 535 649
535 29381 649
29381 35336 649
35336 1388 649
1388 16571 649
16571 31214 649
31214 15863 649
15863 16950 649
16950 22423 649
22423 39168 649
39168 19891 649
19891 8866 649
8866 8621 649
36975 36614 650
36614 1183 650
1183 28224 650
28224 198 650
198 29926 650
29926 27779 650
27779 13097 650
13097 8807 650
8807 8143 650
8143 26130 650
26130 38870 650
38870 27402 650
27402 17302 650
17302 19462 650
19462 12991 650
12991 17440 650
17440 31465 650
31465 4826 650
4826 34847 650
34847 31490 650
31490 21015 650
21015 12852 650
12852 27688 650
27688 1810 650
1810 18463 650
18463 9517 650
9517 11049 650
11049 4879 650
4879 30382 650
30382 37430 650
37430 36330 650
36330 2752 650
2752 6290 650
6290 9495 650
9495 11603 650
11603 18106 650
18106 8562 650
8562 35374 650
35374 10560 650
10560 27092 650
9353 38937 651
38937 8718 651
8718 29527 651
29527 28081 651
28081 40380 651
40380 17270 651
17270 31310 651
31310 39230 651
39230 3713 651
3713 34128 651
34128 36919 651
36919 12204 651
12204 13901 651
13901 9734 651
9734 17580 651
17580 34465 651
34465 10211 651
10211 32617 651
32617 12772 651
12772 32843 651
32843 30428 651
30428 527 651
527 24456 651
24456 22137 651
22137 32784 651
32784 14164 651
14164 4962 651
4962 2937 651
2937 38483 651
38483 29534 651
29534 25297 651
25297 19104 651
19104 39925 651
39925 29405 651
29405 5342 651
5342 38549 651
38549 36731 651
36731 38007 651
38007 36286 651
36286 34277 651
12051 21938 652
21938 31625 652
31625 33266 652
33266 39136 652
39136 5609 652
5609 134 652
134 26722 652
26722 4854 652
4854 27384 652
27384 10092 652
10092 12556 652
12556 39538 652
39538 23243 652
23243 9501 652
9501 2646 652
2646 6776 652
6776 33586 652
33586 12449 652
12449 2324 652
2324 13392 652
13392 35422 652
35422 22091 652
22091 7735 652
7735 27122 652
27122 11417 652
11417 26804 652
26804 30160 652
30160 36829 652
36829 40937 652
40937 33703 652
33703 37146 652
37146 21795 652
21795 27501 652
27501 8863 652
8863 26449 652
26449 8132 652
8132 6974 652
6974 11638 652
11638 4422 652
4422 33944 652
1249 24948 653
24948 8441 653
8441 23439 653
23439 4944 653
4944 40291 653
40291 40753 653
40753 37324 653
37324 34857 653
34857 29181 653
29181 29540 653
29540 25829 653
25829 11993 653
11993 18062 653
18062 2626 653
2626 35655 653
35655 38220 653
38220 19932 653
19932 11210 653
11210 4120 653
4120 37928 653
37928 39008 653
39008 6966 653
6966 15087 653
15087 40989 653
40989 2472 653
2472 7810 653
7810 24411 653
24411 15577 653
15577 25082 653
25082 33930 653
33930 32452 653
32452 33569 653
33569 4698 653
4698 15638 653
15638 23559 653
23559 14154 653
14154 21445 653
21445 27625 653
27625 30685 653
30685 39356 653
40527 21386 654
21386 6206 654
6206 16699 654
16699 1622 654
1622 21996 654
21996 16897 654
16897 12081 654
12081 11635 654
11635 36487 654
36487 40089 654
40089 9759 654
9759 16649 654
16649 1269 654
1269 15355 654
15355 15841 654
15841 23991 654
23991 22078 654
22078 14667 654
14667 4137 654
4137 21757 654
21757 38519 654
38519 10556 654
10556 13633 654
13633 40693 654
40693 1581 654
1581 21360 654
21360 16657 654
16657 32283 654
32283 15462 654
15462 1968 654
1968 39040 654
39040 23670 654
23670 2784 654
2784 13702 654
13702 7865 654
7865 16858 654
16858 7184 654
7184 8785 654
8785 18247 654
18247 12451 654
6033 1752 655
1752 40314 655
40314 33877 655
33877 13044 655
13044 12576 655
12576 25950 655
25950 17435 655
17435 22540 655
22540 13090 655
13090 23579 655
23579 20596 655
20596 29899 655
29899 23615 655
23615 18440 655
18440 10605 655
10605 33733 655
33733 5130 655
5130 40880 655
40880 32309 655
32309 35928 655
35928 23439 655
23439 10935 655
10935 2894 655
2894 21448 655
21448 6870 655
6870 38950 655
38950 26331 655
26331 27236 655
27236 40689 655
40689 26545 655
26545 14626 655
14626 3012 655
3012 39108 655
39108 14735 655
14735 37031 655
37031 16880 655
16880 19253 655
19253 18117 655
18117 1773 655
1773 28140 655
25258 9032 656
9032 13429 656
13429 32226 656
32226 5754 656
5754 36401 656
36401 1697 656
1697 29240 656
29240 6725 656
6725 39727 656
39727 16638 656
16638 39847 656
39847 16200 656
16200 13169 656
13169 24890 656
24890 2994 656
2994 11114 656
11114 23719 656
23719 5263 656
5263 5011 656
5011 9220 656
9220 8709 656
8709 16687 656
16687 27496 656
27496 4887 656
4887 19912 656
19912 35337 656
35337 13292 656
13292 31418 656
31418 233 656
233 15208 656
15208 33112 656
33112 38678 656
38678 30378 656
30378 39129 656
39129 7922 656
7922 38947 656
38947 35063 656
35063 20863 656
20863 38392 656
38392 22439 656
22439 17271 656
17271 34583 656
34583 9953 656
9953 9882 656
9882 8536 656
8536 25582 656
25582 23625 656
23625 22180 656
22180 29254 656
29254 10382 656
10382 12560 656
12560 31845 656
31845 27789 656
27789 21366 656
21366 26196 656
26196 22498 656
22498 13884 656
13884 35448 656
35448 36181 656
36181 12913 656
12913 11352 656
11352 11512 656
11512 18180 656
18180 29316 656
29316 22437 656
22437 16954 656
16954 20266 656
20266 40446 656
40446 29809 656
29809 8952 656
8952 33658 656
33658 17573 656
17573 2580 656
2580 14517 656
14517 7242 656
7242 17101 656
17101 27811 656
27811 23249 656
23249 22921 656
22921 12582 656
12582 1164 656
1164 15117 656
15117 17200 656
17200 9150 656
9150 14318 656
14318 34850 656
34850 23368 656
23368 36291 656
36291 25558 656
25558 32543 656
32543 10052 656
10052 356 656
356 27675 656
27675 32241 656
32241 22901 656
22901 8242 656
8242 761 656
761 26144 656
26144 23466 656
23466 5708 656
5708 21485 656
21485 33137 656
33137 3127 656
3127 11237 656
11237 18297 656
18297 14590 656
14590 29555 656
29555 34247 656
34247 38590 656
38590 37573 656
37573 11182 656
11182 37379 656
37379 35668 656
35668 19806 656
19806 6730 656
6730 32100 656
32100 5024 656
5024 13539 656
13539 24569 656
24569 24000 656
24000 38184 656
38184 36014 656
36014 6090 656
6090 3604 656
3604 8114 656
8114 15829 656
15829 32587 656
32587 6803 656
6803 22796 656
22796 25228 656
25228 22399 656
22399 37645 656
37645 19511 656
19511 10957 656
10957 22998 656
22998 24957 656
24957 3832 656
3832 17748 656
17748 22969 656
22969 37487 656
37487 4604 656
4604 6765 656
6765 35804 656
35804 26789 656
26789 29284 656
29284 28793 656
28793 27514 656
27514 21610 656
21610 18549 656
18549 33961 656
33961 32569 656
32569 12655 656
12655 32087 656
32087 26086 656
26086 22425 656
22425 9944 656
9944 16969 656
16969 27804 656
27804 39126 656
39126 22305 656
22305 1639 656
1639 30811 656
30811 3884 656
3884 3751 656
3751 19804 656
19804 5127 656
5127 33317 656
33317 17057 656
17057 37875 656
37875 30238 656
30238 29934 656
29934 32537 656
32537 1874 656
1874 36265 656
36265 7980 656
7980 29059 656
29059 20841 656
20841 6639 656
6639 7869 656
7869 15999 656
15999 337 656
337 4844 656
4844 33348 656
33348 2585 656
2585 33341 656
33341 18508 656
18508 5621 656
5621 37665 656
37665 40136 656
40136 32050 656
32050 21709 656
21709 1405 656
1405 35385 656
35385 1167 656
1167 25669 656
25669 26928 656
26928 19572 656
19572 15596 656
15596 14178 656
14178 3717 656
3717 26577 656
26577 6676 656
6676 32305 656
32305 23493 656
23493 22819 656
22819 23529 656
23529 38131 656
38131 16903 656
16903 4001 656
4001 22301 656
22301 13487 656
13487 6073 656
6073 36838 656
36838 28264 656
28264 23655 656
23655 14469 656
14469 37557 656
37557 17363 656
17363 22528 656
22528 31918 656
31918 29746 656
29746 28449 656
28449 30549 656
30549 38990 656
38990 39992 656
39992 25750 656
25750 12763 656
12763 15967 656
15967 18741 656
18741 31727 656
31727 36226 656
36226 33704 656
33704 27445 656
27445 19913 656
19913 3698 656
3698 11051 656
11051 34001 656
34001 21157 656
21157 35270 656
35270 6817 656
6817 18494 656
18494 31255 656
31255 9295 656
9295 8653 656
8653 865 656
865 12738 656
12738 17075 656
17075 1554 656
1554 32405 656
32405 36034 656
36034 594 656
594 26359 656
26359 13194 656
13194 21869 656
21869 28249 656
28249 3371 656
3371 6671 656
6671 36596 656
36596 15055 656
15055 39815 656
39815 30690 656
30690 30208 656
30208 6973 656
6973 13520 656
13520 29041 656
29041 25500 656
25500 32329 656
32329 32343 656
32343 26203 656
26203 18644 656
18644 14473 656
14473 6498 656
6498 24300 656
24300 17160 656
17160 22077 656
22077 21968 656
21968 21585 656
21585 36071 656
36071 25004 656
25004 6952 656
6952 21542 656
21542 9257 656
9257 25878 656
25878 6662 656
6662 11253 656
11253 768 656
768 12518 656
12518 1385 656
1385 7474 656
7474 37154 656
37154 37800 656
37800 30778 656
30778 40680 656
40680 1120 656
1120 8065 656
8065 690 656
690 8899 656
8899 37249 656
37249 11076 656
11076 24570 656
24570 24089 656
24089 27717 656
27717 9777 656
9777 20110 656
20110 22231 656
22231 15794 656
15794 17469 656
17469 19842 656
19842 17376 656
17376 37504 656
37504 14212 656
14212 10262 656
10262 16789 656
16789 3309 656
3309 5343 656
5343 38419 656
38419 18470 656
18470 30449 656
30449 40671 656
40671 27891 656
27891 1377 656
1377 18082 656
18082 35702 656
35702 15554 656
15554 6848 656
6848 34789 656
34789 26682 656
26682 29783 656
29783 5580 656
5580 27946 656
27946 18667 656
18667 261 656
261 5297 656
5297 11723 656
11723 8064 656
8064 37568 656
37568 18795 656
18795 36056 656
36056 17678 656
17678 8190 656
8190 9911 656
9911 36103 656
36103 31426 656
31426 15994 656
15994 15895 656
15895 19070 656
19070 6324 656
6324 13129 656
13129 28817 656
28817 40205 656
40205 18244 656
18244 26183 656
26183 3205 656
3205 9096 656
9096 25451 656
25451 20794 656
20794 13662 656
13662 33745 656
33745 7955 656
7955 12675 656
12675 13759 656
13759 37600 656
37600 13619 656
13619 27687 656
27687 12887 656
12887 18819 656
18819 7822 656
7822 3346 656
3346 35195 656
35195 17843 656
17843 11257 656
11257 15054 656
15054 18892 656
18892 19377 656
19377 32044 656
32044 10493 656
10493 8528 656
8528 27880 656
27880 8411 656
8411 24730 656
24730 30753 656
30753 31566 656
31566 7209 656
7209 40831 656
40831 12470 656
12470 30675 656
30675 36930 656
36930 23105 656
23105 22846 656
22846 3379 656
3379 9230 656
9230 40846 656
40846 20910 656
20910 6200 656
6200 32030 656
32030 35026 656
35026 4072 656
4072 21461 656
21461 39640 656
39640 6916 656
6916 24492 656
24492 20589 656
20589 19506 656
19506 1200 656
1200 32487 656
32487 20734 656
20734 25727 656
25727 25246 656
25246 40164 656
40164 19745 656
19745 25497 656
25497 37042 656
37042 6581 656
6581 29267 656
29267 38819 656
38819 6381 656
6381 27481 656
27481 22604 656
22604 30614 656
30614 32326 656
32326 9313 656
9313 33067 656
33067 37711 656
37711 7752 656
7752 32251 656
32251 15563 656
15563 38643 656
38643 9833 656
9833 6287 656
6287 7356 656
7356 6894 656
6894 19013 656
19013 31535 656
31535 26083 656
26083 33080 656
33080 17953 656
17953 25786 656
25786 1535 656
1535 2780 656
2780 20927 656
20927 37371 656
37371 16196 656
16196 40021 656
40021 29097 656
29097 40495 656
40495 35256 656
35256 35999 656
35999 25766 656
25766 13144 656
13144 23009 656
23009 13270 656
13270 37969 656
37969 18444 656
18444 5688 656
5688 15559 656
15559 1134 656
1134 7448 656
7448 10512 656
10512 6700 656
6700 38321 656
38321 21384 656
21384 10409 656
10409 12058 656
12058 5664 656
5664 32311 656
32311 4999 656
4999 7668 656
7668 24751 656
24751 32417 656
32417 40902 656
40902 21565 656
21565 30376 656
30376 3399 656
3399 27371 656
27371 5290 656
5290 1629 656
1629 34841 656
34841 472 656
472 3108 656
3108 14012 656
14012 36060 656
36060 5166 656
5166 4716 656
4716 19158 656
19158 31464 656
31464 19439 656
19439 26533 656
26533 230 656
230 26817 656
26817 274 656
274 2234 656
2234 1443 656
1443 7240 656
7240 30341 656
30341 22309 656
22309 139 656
139 35709 656
35709 14381 656
14381 36192 656
36192 21404 656
21404 16508 656
16508 22354 656
22354 11481 656
11481 34306 656
34306 9573 656
9573 14804 656
14804 7298 656
7298 21870 656
21870 33751 656
33751 40317 656
40317 13300 656
13300 3427 656
3427 2616 656
2616 32207 656
32207 8537 656
8537 23414 656
23414 16776 656
16776 38066 656
38066 24217 656
24217 3477 656
3477 13354 656
13354 36554 656
36554 29367 656
29367 11307 656
11307 9862 656
9862 13357 656
13357 8529 656
8529 32701 656
32701 32026 656
32026 14605 656
14605 2239 656
2239 10 656
10 12861 656
12861 11683 656
11683 24181 656
24181 1276 656
1276 17419 656
17419 38439 656
38439 28210 656
28210 34334 656
34334 1371 656
1371 871 656
871 35234 656
35234 14144 656
14144 6248 656
6248 36343 656
36343 21455 656
21455 24220 656
24220 4259 656
4259 23032 656
23032 37785 656
37785 1172 656
1172 31641 656
31641 39479 656
39479 23665 656
23665 25771 656
25771 29458 656
29458 15600 656
15600 10425 656
10425 22262 656
22262 367 656
367 16188 656
16188 23967 656
23967 1149 656
1149 9432 656
9432 14081 656
14081 10069 656
10069 24972 656
24972 16102 656
16102 18224 656
18224 12214 656
12214 7032 656
7032 14938 656
14938 22053 656
22053 2552 656
2552 33686 656
33686 21950 656
21950 14377 656
14377 20428 656
20428 1826 656
1826 4740 656
4740 28424 656
28424 31835 656
31835 1938 656
1938 23514 656
23514 24624 656
24624 4065 656
4065 40487 656
40487 15733 656
15733 3290 656
3290 33566 656
33566 2275 656
2275 19829 656
19829 29439 656
29439 19541 656
19541 3815 656
3815 22838 656
22838 33544 656
33544 37205 656
37205 5186 656
5186 38758 656
38758 37725 656
37725 37957 656
37957 12910 656
12910 21453 656
21453 40437 656
40437 4635 656
4635 31052 656
31052 9847 656
9847 15161 656
15161 12450 656
12450 345 656
345 22238 656
22238 30398 656
30398 2300 656
2300 17257 656
17257 10300 656
10300 26073 656
26073 9609 656
9609 24432 656
24432 36244 656
36244 6891 656
6891 33449 656
33449 2795 656
2795 37628 656
37628 12381 656
12381 8028 656
8028 38481 656
38481 34895 656
34895 16481 656
16481 28546 656
28546 23499 656
23499 32349 656
32349 1495 656
1495 39835 656
39835 5069 656
5069 21694 656
21694 358 656
358 38926 656
38926 25422 656
25422 9343 656
9343 35487 656
35487 26556 656
26556 11017 656
11017 11402 656
11402 10316 656
10316 35215 656
35215 19956 656
19956 28629 656
28629 23156 656
23156 36091 656
36091 21657 656
21657 18396 656
18396 21828 656
21828 28887 656
28887 8047 656
8047 16415 656
16415 6754 656
6754 18991 656
18991 26922 656
26922 16304 656
16304 8052 656
8052 6172 656
6172 27798 656
27798 5929 656
5929 14792 656
14792 16467 656
16467 8806 656
8806 32127 656
32127 37569 656
37569 31420 656
31420 17197 656
17197 3453 656
3453 11356 656
11356 5115 656
5115 36739 656
36739 39205 656
39205 34313 656
34313 28532 656
28532 8838 656
8838 27240 656
27240 8975 656
8975 12581 656
12581 26792 656
26792 10486 656
10486 27407 656
27407 8976 656
8976 25976 656
25976 20202 656
20202 27185 656
27185 5802 656
5802 9242 656
9242 31735 656
31735 37362 656
37362 20003 656
20003 10804 656
10804 6266 656
6266 29964 656
29964 11178 656
11178 23578 656
23578 13616 656
13616 17964 656
17964 26899 656
26899 35229 656
35229 16663 656
16663 4150 656
4150 28023 656
28023 37803 656
37803 12366 656
12366 27365 656
27365 33435 656
33435 3093 656
3093 8859 656
8859 12543 656
12543 33250 656
33250 33827 656
33827 30598 656
30598 15740 656
15740 9915 656
9915 30945 656
30945 39788 656
39788 26374 656
26374 22531 656
22531 24645 656
24645 22614 656
22614 40460 656
40460 34258 656
34258 7278 656
7278 10582 656
10582 30502 656
30502 12029 656
12029 37846 656
37846 36393 656
36393 32319 656
32319 34117 656
34117 7658 656
7658 40479 656
40479 40141 656
40141 23226 656
23226 23463 656
23463 25682 656
25682 16195 656
16195 25803 656
25803 29455 656
29455 21055 656
21055 20619 656
20619 12111 656
12111 35451 656
35451 20826 656
20826 32386 656
32386 33174 656
33174 11572 656
11572 27942 656
27942 14245 656
14245 38492 656
38492 18808 656
18808 36304 656
36304 19044 656
19044 4187 656
4187 29722 656
29722 4338 656
4338 3296 656
3296 36194 656
36194 6587 656
6587 5426 656
5426 7270 656
7270 5123 656
5123 25960 656
25960 34362 656
34362 10558 656
10558 2006 656
2006 13082 656
13082 38531 656
38531 35126 656
35126 32542 656
32542 22561 656
22561 9162 656
9162 36266 656
36266 34634 656
34634 3529 656
3529 23079 656
23079 15387 656
15387 34565 656
34565 31816 656
31816 4620 656
4620 22725 656
22725 35179 656
35179 14622 656
14622 36111 656
36111 35546 656
35546 21811 656
21811 2545 656
2545 24868 656
24868 4247 656
4247 6543 656
6543 31257 656
31257 16940 656
16940 13875 656
13875 25278 656
25278 36672 656
36672 38177 656
38177 25936 656
25936 12238 656
12238 33454 656
33454 26558 656
26558 22176 656
22176 10555 656
10555 4293 656
4293 21538 656
21538 15146 656
15146 13358 656
13358 34435 656
34435 20498 656
20498 32959 656
32959 36717 656
36717 4609 656
4609 26551 656
26551 17009 656
17009 33135 656
33135 1608 656
1608 9292 656
9292 932 656
932 36689 656
36689 12908 656
12908 24371 656
24371 26970 656
26970 21602 656
21602 1711 656
1711 28274 656
28274 23684 656
23684 7587 656
7587 38240 656
38240 27973 656
27973 2563 656
2563 37376 656
37376 29020 656
29020 20938 656
20938 32495 656
32495 19209 656
19209 22156 656
22156 30339 656
30339 24453 656
24453 35100 656
35100 32183 656
32183 31291 656
31291 26389 656
26389 6546 656
6546 24365 656
24365 20997 656
20997 20900 656
20900 5979 656
5979 13522 656
13522 18424 656
18424 14612 656
14612 9012 656
9012 8890 656
8890 14901 656
14901 24002 656
24002 38138 656
38138 8968 656
8968 20201 656
20201 21418 656
21418 21322 656
21322 36841 656
36841 24808 656
24808 4 656
4 17368 656
17368 35598 656
35598 10631 656
10631 5769 656
5769 19457 656
19457 1194 656
1194 33935 656
33935 13577 656
13577 9698 656
9698 19476 656
19476 14811 656
14811 36415 656
36415 129 656
129 29028 656
29028 5408 656
5408 36187 656
36187 20810 656
20810 13726 656
13726 29929 656
29929 22908 656
22908 34136 656
34136 2392 656
2392 997 656
997 31054 656
31054 5665 656
5665 28757 656
28757 19583 656
19583 38978 656
38978 40273 656
40273 22049 656
22049 12482 656
12482 3383 656
3383 13388 656
13388 15599 656
15599 30193 656
30193 19823 656
19823 9620 656
9620 26786 656
26786 15223 656
15223 1210 656
1210 3680 656
3680 36663 656
36663 12361 656
12361 18602 656
18602 2334 656
2334 27046 656
27046 2762 656
2762 19679 656
19679 13599 656
13599 21104 656
21104 19501 656
19501 9208 656
9208 17633 656
17633 22099 656
22099 27659 656
27659 24201 656
24201 2874 656
2874 19833 656
19833 32237 656
32237 731 656
731 20925 656
20925 26519 656
26519 34819 656
34819 21723 656
21723 8496 656
8496 18961 656
18961 17169 656
17169 11219 656
11219 36549 656
36549 3614 656
3614 22171 656
22171 32074 656
32074 6007 656
6007 33656 656
33656 13920 656
13920 40551 656
40551 32822 656
32822 30640 656
30640 36543 656
36543 4886 656
4886 39614 656
39614 19319 656
19319 31557 656
31557 2155 656
2155 4883 656
4883 22839 656
22839 4476 656
4476 32075 656
32075 34059 656
34059 21125 656
21125 6795 656
6795 37812 656
37812 2617 656
2617 28047 656
28047 4622 656
4622 23359 656
23359 6265 656
6265 4836 656
4836 40426 656
40426 11538 656
11538 39276 656
39276 25583 656
25583 33212 656
33212 20792 656
20792 33085 656
33085 21876 656
21876 40109 656
40109 12626 656
12626 381 656
381 3650 656
3650 30482 656
30482 19205 656
19205 39611 656
39611 1699 656
1699 2666 656
2666 16086 656
16086 21786 656
21786 1952 656
1952 22598 656
22598 35887 656
35887 40482 656
40482 30890 656
30890 5816 656
5816 25940 656
25940 39098 656
39098 27589 656
27589 32588 656
32588 21362 656
21362 33884 656
33884 23982 656
23982 33320 656
33320 29180 656
29180 24075 656
24075 31894 656
31894 22465 656
22465 31692 656
31692 23505 656
23505 39077 656
39077 18864 656
18864 26157 656
26157 39282 656
39282 846 656
846 37726 656
37726 1811 656
1811 24693 656
24693 16228 656
16228 258 656
258 10267 656
10267 2316 656
2316 8670 656
8670 13022 656
13022 20032 656
20032 39242 656
39242 27503 656
27503 24235 656
24235 39672 656
39672 40645 656
40645 600 656
600 8584 656
8584 1462 656
1462 24545 656
24545 26269 656
26269 26000 656
26000 17584 656
17584 26037 656
26037 20889 656
20889 39233 656
39233 30407 656
30407 12491 656
12491 4845 656
4845 13547 656
13547 8219 656
8219 15235 656
15235 39431 656
39431 6544 656
6544 16518 656
16518 26652 656
26652 21858 656
21858 8068 656
8068 8399 656
8399 36942 656
36942 32737 656
32737 6724 656
6724 25241 656
25241 14405 656
14405 14872 656
14872 19963 656
19963 5519 656
5519 29239 656
29239 33032 656
33032 6404 656
6404 2060 656
2060 27790 656
27790 26806 656
26806 20379 656
20379 39704 656
39704 12388 656
12388 29245 656
29245 38427 656
38427 15789 656
15789 19683 656
19683 16299 656
16299 16171 656
16171 887 656
887 33593 656
33593 37859 656
37859 6801 656
6801 22448 656
22448 998 656
998 26337 656
26337 31921 656
31921 39577 656
39577 23407 656
23407 30400 656
30400 19640 656
19640 1568 656
1568 14053 656
14053 28360 656
28360 7296 656
7296 27353 656
27353 29054 656
29054 2028 656
2028 32317 656
32317 31093 656
31093 7795 656
7795 17074 656
17074 32568 656
32568 27315 656
27315 17501 656
17501 32903 656
32903 7379 656
7379 2826 656
2826 30969 656
30969 13125 656
13125 11792 656
11792 6021 656
6021 30922 656
30922 85 656
85 10106 656
10106 15784 656
15784 7171 656
7171 1890 656
1890 22279 656
22279 31511 656
31511 11385 656
11385 23460 656
23460 34690 656
34690 7373 656
7373 37348 656
37348 11672 656
11672 2528 656
2528 33919 656
33919 37442 656
37442 14559 656
14559 34087 656
34087 17438 656
17438 20383 656
20383 7156 656
7156 38449 656
38449 9018 656
9018 40280 656
40280 9485 656
9485 11350 656
11350 4507 656
4507 20324 656
20324 1097 656
1097 7905 656
7905 28770 656
28770 39852 656
39852 8341 656
8341 18430 656
18430 1151 656
1151 36106 656
36106 5253 656
5253 38815 656
38815 28049 656
28049 6269 656
6269 15511 656
15511 40740 656
40740 33125 656
33125 585 656
585 25662 656
25662 34056 656
34056 40634 656
40634 13013 656
13013 32802 656
32802 7621 656
7621 9531 656
9531 9275 656
9275 11136 656
11136 37365 656
37365 22891 656
22891 19858 656
19858 777 656
777 12997 656
12997 29549 656
29549 2625 656
2625 22895 656
22895 36703 656
36703 11005 656
11005 7241 656
7241 28426 656
28426 14428 656
14428 38701 656
38701 35139 656
35139 25773 656
25773 21355 656
21355 32716 656
32716 37167 656
37167 988 656
988 35525 656
35525 1202 656
1202 4852 656
4852 9074 656
9074 12291 656
12291 3038 656
3038 9739 656
9739 39862 656
39862 20855 656
20855 1540 656
1540 13892 656
13892 2805 656
2805 33048 656
33048 6403 656
6403 34486 656
34486 2017 656
2017 21895 656
21895 11997 656
11997 6706 656
6706 33286 656
33286 38154 656
38154 19346 656
19346 37288 656
37288 15783 656
15783 13088 656
13088 22094 656
22094 80 656
80 11443 656
11443 10661 656
10661 37355 656
37355 11690 656
11690 17434 656
17434 907 656
907 17852 656
17852 26937 656
26937 15973 656
15973 35955 656
35955 34905 656
34905 16356 656
16356 14322 656
14322 15619 656
15619 35246 656
35246 15846 656
15846 40023 656
40023 1585 656
1585 19535 656
19535 30100 656
30100 13905 656
13905 606 656
606 37863 656
37863 14057 656
14057 3111 656
3111 37532 656
37532 40387 656
40387 32024 656
32024 684 656
684 31745 656
31745 7812 656
7812 8240 656
8240 14702 656
14702 34552 656
34552 35637 656
35637 1073 656
1073 7948 656
7948 19880 656
19880 27458 656
27458 21160 656
21160 9686 656
9686 34441 656
34441 2108 656
2108 22718 656
22718 31293 656
31293 317 656
317 34715 656
34715 18909 656
18909 18831 656
18831 5607 656
5607 38347 656
38347 14288 656
14288 29355 656
29355 29716 656
29716 2083 656
2083 16235 656
16235 8868 656
8868 26403 656
26403 11265 656
11265 29010 656
29010 22638 656
22638 33177 656
33177 28455 656
28455 6305 656
6305 29924 656
29924 27361 656
27361 8084 656
8084 4689 656
4689 8193 656
8193 9321 656
9321 3493 656
3493 26752 656
26752 11221 656
11221 35720 656
35720 3771 656
3771 16562 656
16562 21408 656
21408 23965 656
23965 20305 656
20305 8732 656
8732 16189 656
16189 11340 656
11340 17 656
17 33488 656
33488 17878 656
17878 6343 656
6343 13005 656
13005 24415 656
24415 22435 656
22435 38228 656
38228 31518 656
31518 1395 656
1395 15219 656
15219 12133 656
12133 23923 656
23923 32431 656
32431 19816 656
19816 36817 656
36817 6693 656
6693 36863 656
36863 23180 656
23180 23135 656
23135 5931 656
5931 6808 656
6808 35941 656
35941 10113 656
10113 403 656
403 29509 656
29509 34609 656
34609 26126 656
26126 5330 656
5330 7973 656
7973 35501 656
35501 4147 656
4147 7342 656
7342 17506 656
17506 39182 656
39182 25355 656
25355 33492 656
33492 6111 656
6111 12401 656
12401 36079 656
36079 8553 656
8553 10772 656
10772 8457 656
8457 36670 656
36670 15799 656
15799 6438 656
6438 9253 656
9253 14476 656
14476 13915 656
13915 23240 656
23240 37808 656
37808 16396 656
16396 27356 656
27356 24385 656
24385 17660 656
17660 38710 656
38710 28457 656
28457 15107 656
15107 35483 656
35483 2918 656
2918 1107 656
1107 35031 656
35031 15556 656
15556 28377 656
28377 3220 656
3220 17811 656
17811 11353 656
11353 6001 656
6001 16308 656
16308 34030 656
34030 14357 656
14357 10044 656
10044 37967 656
37967 9214 656
9214 1253 656
1253 36603 656
36603 35756 656
35756 37266 656
37266 35152 656
35152 39708 656
39708 13687 656
13687 28443 656
28443 25899 656
25899 441 656
441 34702 656
34702 23298 656
23298 12988 656
12988 15751 656
15751 8688 656
8688 39146 656
39146 2815 656
2815 17003 656
17003 28763 656
28763 14751 656
14751 7216 656
7216 27221 656
27221 3755 656
3755 1092 656
1092 37102 656
37102 16358 656
16358 7425 656
7425 31246 656
31246 23817 656
23817 9809 656
9809 11550 656
11550 23474 656
23474 22635 656
22635 38198 656
38198 10057 656
10057 974 656
974 7588 656
7588 20470 656
20470 12237 656
12237 12718 656
12718 28926 656
28926 21929 656
21929 28283 656
28283 7866 656
7866 27550 656
27550 370 656
370 12433 656
12433 11147 656
11147 33975 656
33975 32722 656
32722 4790 656
4790 12254 656
12254 32257 656
32257 32263 656
32263 5854 656
5854 11301 656
11301 13620 656
13620 2224 656
2224 21395 656
21395 17890 656
17890 371 656
371 7691 656
7691 32040 656
32040 5466 656
5466 3398 656
3398 28347 656
28347 17673 656
17673 1908 656
1908 17124 656
17124 32306 656
32306 38391 656
38391 6097 656
6097 34766 656
34766 17468 656
17468 8254 656
8254 12840 656
12840 24034 656
24034 6289 656
6289 20742 656
20742 738 656
738 12486 656
12486 25979 656
25979 12598 656
12598 2570 656
2570 30800 656
30800 27202 656
27202 14709 656
14709 1440 656
1440 26123 656
26123 22985 656
22985 10394 656
10394 7357 656
7357 3971 656
3971 16929 656
16929 11577 656
11577 31339 656
31339 10476 656
10476 27699 656
27699 14645 656
14645 17931 656
17931 12750 656
12750 22510 656
22510 12685 656
12685 12270 656
12270 1873 656
1873 674 656
674 7238 656
7238 32995 656
32995 32752 656
32752 1325 656
1325 7706 656
7706 14540 656
14540 8485 656
8485 33477 656
33477 30904 656
30904 1062 656
1062 5110 656
5110 36407 656
36407 36623 656
36623 8581 656
8581 32092 656
32092 32991 656
32991 37156 656
37156 34043 656
34043 4655 656
4655 40784 656
40784 9508 656
9508 39958 656
39958 39687 656
39687 19485 656
19485 9527 656
9527 15995 656
15995 9856 656
9856 20586 656
20586 13960 656
13960 7829 656
7829 10392 656
10392 11622 656
11622 38644 656
38644 21389 656
21389 19759 656
19759 25139 656
25139 7746 656
7746 36645 656
36645 33257 656
33257 34432 656
34432 12017 656
12017 20956 656
20956 16303 656
16303 30248 656
30248 11936 656
11936 35839 656
35839 34507 656
34507 24814 656
24814 37574 656
37574 36639 656
36639 522 656
522 10696 656
10696 17717 656
17717 16366 656
16366 31615 656
31615 27036 656
27036 31934 656
31934 16807 656
16807 11018 656
11018 10906 656
10906 37058 656
37058 17479 656
17479 8294 656
8294 12800 656
12800 726 656
726 1912 656
1912 404 656
404 34626 656
34626 4514 656
4514 20454 656
20454 38723 656
38723 15298 656
15298 12538 656
12538 28638 656
28638 28507 656
28507 27145 656
27145 35500 656
35500 20843 656
20843 9173 656
9173 16348 656
16348 15307 656
15307 26466 656
26466 2557 656
2557 2730 656
2730 26701 656
26701 26630 656
26630 21478 656
21478 2965 656
2965 31593 656
31593 1691 656
1691 28825 656
28825 20126 656
20126 25953 656
25953 23470 656
23470 40447 656
40447 7684 656
7684 37471 656
37471 20374 656
20374 5118 656
5118 13578 656
13578 11728 656
11728 38589 656
38589 5446 656
5446 24260 656
24260 14448 656
14448 11931 656
11931 2637 656
2637 29401 656
29401 33510 656
33510 25134 656
25134 9860 656
9860 29434 656
29434 6236 656
6236 15914 656
15914 33893 656
33893 1349 656
1349 18914 656
18914 27910 656
27910 15520 656
15520 39174 656
39174 4841 656
4841 13549 656
13549 2128 656
2128 25503 656
25503 15260 656
15260 35107 656
35107 15210 656
15210 10243 656
10243 13170 656
13170 26351 656
26351 8177 656
8177 3217 656
3217 27070 656
27070 10675 656
10675 21747 656
21747 5912 656
5912 34006 656
34006 19784 656
19784 19311 656
19311 14222 656
14222 26484 656
26484 15110 656
15110 17753 656
17753 5351 656
5351 14325 656
14325 20791 656
20791 7111 656
7111 39354 656
39354 31134 656
31134 14004 656
14004 39877 656
39877 38087 656
38087 27073 656
27073 39296 656
39296 31404 656
31404 27752 656
27752 7490 656
7490 14597 656
14597 31165 656
31165 13716 656
13716 32098 656
32098 20442 656
20442 35390 656
35390 12259 656
12259 33199 656
33199 24196 656
24196 39757 656
39757 16421 656
16421 15144 656
15144 14989 656
14989 1721 656
1721 24973 656
24973 32126 656
32126 19812 656
19812 14312 656
14312 40811 656
40811 19381 656
19381 4534 656
4534 32107 656
32107 17107 656
17107 34321 656
34321 25341 656
25341 20285 656
20285 19981 656
19981 27151 656
27151 3447 656
3447 39522 656
39522 19644 656
19644 25668 656
25668 21089 656
21089 3901 656
3901 11612 656
11612 37656 656
37656 22885 656
22885 11019 656
11019 27093 656
27093 11840 656
11840 7560 656
7560 38582 656
38582 27812 656
27812 36024 656
36024 6255 656
6255 22388 656
22388 26299 656
26299 27657 656
27657 5488 656
5488 39809 656
39809 22170 656
22170 18313 656
18313 31716 656
31716 36341 656
36341 29944 656
29944 32220 656
32220 12145 656
12145 35003 656
35003 13108 656
13108 26932 656
26932 33603 656
33603 17041 656
17041 26687 656
26687 19819 656
19819 8124 656
8124 27670 656
27670 34891 656
34891 30185 656
30185 30305 656
30305 17552 656
17552 18382 656
18382 30638 656
30638 19101 656
19101 6323 656
6323 6456 656
6456 406 656
406 24996 656
24996 34726 656
34726 36715 656
36715 11216 656
11216 14814 656
14814 36851 656
36851 11898 656
11898 25868 656
25868 11751 656
11751 38119 656
38119 31995 656
31995 18412 656
18412 17868 656
17868 38068 656
38068 34051 656
34051 11709 656
11709 2992 656
2992 24119 656
24119 7330 656
7330 10054 656
10054 15225 656
15225 21857 656
21857 28308 656
28308 40990 656
40990 20248 656
20248 22476 656
22476 35900 656
35900 14541 656
14541 24 656
24 497 656
497 8169 656
8169 33727 656
33727 25359 656
25359 40858 656
40858 10819 656
10819 23622 656
23622 13533 656
13533 34977 656
34977 17422 656
17422 1351 656
1351 30878 656
30878 10714 656
10714 25995 656
25995 4827 656
4827 12590 656
12590 12787 656
12787 21571 656
21571 3443 656
3443 1712 656
1712 38263 656
38263 13971 656
13971 34908 656
34908 34629 656
34629 30955 656
30955 40 656
40 20935 656
20935 12634 656
12634 34899 656
34899 17007 656
17007 27224 656
27224 19340 656
19340 36100 656
36100 3958 656
3958 39666 656
39666 22007 656
22007 34430 656
34430 430 656
430 35534 656
35534 38027 656
38027 4369 656
4369 40448 656
40448 36171 656
36171 33330 656
33330 16115 656
16115 31442 656
31442 37695 656
37695 11438 656
11438 34060 656
34060 22235 656
22235 505 656
505 25809 656
25809 14138 656
14138 20636 656
20636 22256 656
22256 37285 656
37285 37115 656
37115 36936 656
36936 4393 656
4393 34771 656
34771 32814 656
32814 34504 656
34504 2009 656
2009 13626 656
13626 22013 656
22013 23790 656
23790 29192 656
29192 21794 656
21794 27274 656
27274 11700 656
11700 36157 656
36157 22150 656
22150 4847 656
4847 1736 656
1736 2693 656
2693 16619 656
16619 39372 656
39372 8053 656
8053 27152 656
27152 19970 656
19970 16187 656
16187 26342 656
26342 13462 656
13462 30809 656
30809 32006 656
32006 17883 656
17883 27084 656
27084 3456 656
3456 10761 656
10761 23010 656
23010 18311 656
18311 13269 656
13269 36825 656
36825 10370 656
10370 29836 656
29836 2694 656
2694 39549 656
39549 25295 656
25295 25528 656
25528 19241 656
19241 23475 656
23475 27326 656
27326 37391 656
37391 32031 656
32031 21179 656
21179 39782 656
39782 25762 656
25762 9990 656
9990 31261 656
31261 2709 656
2709 10491 656
10491 36231 656
36231 32615 656
32615 20803 656
20803 26963 656
26963 31946 656
31946 16470 656
16470 39630 656
39630 14338 656
14338 27677 656
27677 6649 656
6649 9724 656
9724 4519 656
4519 12774 656
12774 13689 656
13689 17071 656
17071 18381 656
18381 37318 656
37318 19248 656
19248 22877 656
22877 25483 656
25483 6873 656
6873 22352 656
22352 7527 656
7527 6665 656
6665 11374 656
11374 23516 656
23516 27171 656
27171 4570 656
4570 2890 656
2890 16382 656
16382 15334 656
15334 39053 656
39053 6062 656
6062 6860 656
6860 24425 656
24425 37953 656
37953 2277 656
2277 17966 656
17966 15761 656
15761 17832 656
17832 29460 656
29460 10899 656
10899 18582 656
18582 15759 656
15759 8111 656
8111 19792 656
19792 8675 656
8675 15938 656
15938 25203 656
25203 35683 656
35683 13937 656
13937 8037 656
8037 10766 656
10766 26883 656
26883 32077 656
32077 34998 656
34998 18267 656
18267 16601 656
16601 9771 656
9771 33558 656
33558 29356 656
29356 9415 656
9415 30774 656
30774 17311 656
17311 2244 656
2244 23762 656
23762 5652 656
5652 35173 656
35173 31297 656
31297 1410 656
1410 8236 656
8236 25084 656
25084 18163 656
18163 22867 656
22867 24043 656
24043 25635 656
25635 666 656
666 28691 656
28691 22347 656
22347 6681 656
6681 10612 656
10612 21663 656
21663 38793 656
38793 7981 656
7981 21611 656
21611 8461 656
8461 29126 656
29126 3857 656
3857 27121 656
27121 16567 656
16567 3103 656
3103 29905 656
29905 10230 656
10230 12742 656
12742 37148 656
37148 25601 656
25601 17699 656
17699 22135 656
22135 4628 656
4628 34135 656
34135 15748 656
15748 29894 656
29894 787 656
787 3029 656
3029 26730 656
26730 6061 656
6061 17604 656
17604 25371 656
25371 34922 656
34922 17646 656
17646 478 656
478 27059 656
27059 25192 656
25192 35663 656
35663 16094 656
16094 9954 656
9954 25381 656
25381 10758 656
10758 19161 656
19161 19364 656
19364 37237 656
37237 1578 656
1578 29958 656
29958 35034 656
35034 37998 656
37998 40935 656
40935 958 656
958 40979 656
40979 5433 656
5433 13256 656
13256 3944 656
3944 16604 656
16604 30347 656
30347 28345 656
28345 23657 656
23657 39489 656
39489 29935 656
29935 31043 656
31043 9744 656
9744 2119 656
2119 20137 656
20137 38364 656
38364 39598 656
39598 13622 656
13622 8321 656
8321 1948 656
1948 25211 656
25211 38741 656
38741 24766 656
24766 36035 656
36035 32416 656
32416 39167 656
39167 7151 656
7151 35816 656
35816 39006 656
39006 26915 656
26915 8487 656
8487 24098 656
24098 39967 656
39967 26760 656
26760 14919 656
14919 25140 656
25140 21440 656
21440 23097 656
23097 6500 656
6500 33249 656
33249 35017 656
35017 17588 656
17588 35342 656
35342 13538 656
13538 732 656
732 24254 656
24254 23071 656
23071 31861 656
31861 31554 656
31554 1368 656
1368 7119 656
7119 10735 656
10735 11834 656
11834 18965 656
18965 23711 656
23711 32085 656
32085 23600 656
23600 11459 656
11459 40814 656
40814 17000 656
17000 37021 656
37021 8808 656
8808 23598 656
23598 9543 656
9543 4637 656
4637 3925 656
3925 39068 656
39068 8235 656
8235 4242 656
4242 13794 656
13794 23679 656
23679 36588 656
36588 3837 656
3837 13510 656
13510 27362 656
27362 20236 656
20236 8516 656
8516 28907 656
28907 8739 656
8739 28742 656
28742 26365 656
26365 33710 656
33710 38689 656
38689 3411 656
3411 526 656
526 10207 656
10207 31336 656
31336 13680 656
13680 20124 656
20124 11445 656
11445 7261 656
7261 18085 656
18085 40995 656
40995 24720 656
24720 16725 656
16725 18270 656
18270 8763 656
8763 28290 656
28290 20193 656
20193 3605 656
3605 26004 656
26004 11595 656
11595 6468 656
6468 36909 656
36909 28302 656
28302 35902 656
35902 36819 656
36819 38545 656
38545 21337 656
21337 39422 656
39422 26988 656
26988 3458 656
3458 29628 656
29628 28535 656
28535 26493 656
26493 22931 656
22931 38182 656
38182 10568 656
10568 9507 656
9507 32560 656
32560 21607 656
21607 38602 656
38602 30379 656
30379 20564 656
20564 39335 656
39335 29918 656
29918 32888 656
32888 9339 656
9339 1479 656
1479 25545 656
25545 23497 656
23497 982 656
982 30211 656
30211 25775 656
25775 34938 656
34938 23731 656
23731 5550 656
5550 4351 656
4351 10025 656
10025 11766 656
11766 20107 656
20107 25058 656
25058 39593 656
39593 33278 656
33278 27216 656
27216 7335 656
7335 31489 656
31489 17534 656
17534 16344 656
16344 28494 656
28494 13699 656
13699 27831 656
27831 13107 656
13107 33539 656
33539 28950 656
28950 33416 656
33416 11082 656
11082 35225 656
35225 27213 656
27213 22929 656
22929 24339 656
24339 9688 656
9688 1599 656
1599 34739 656
34739 36753 656
36753 15739 656
15739 10340 656
10340 31693 656
31693 22467 656
22467 16015 656
16015 25755 656
25755 1336 656
1336 4529 656
4529 8307 656
8307 30541 656
30541 21170 656
21170 32700 656
32700 26239 656
26239 37679 656
37679 2845 656
2845 11578 656
11578 102 656
102 37593 656
37593 40261 656
40261 39050 656
39050 7472 656
7472 16485 656
16485 11485 656
11485 28660 656
28660 19625 656
19625 40378 656
40378 15371 656
15371 21537 656
21537 28893 656
28893 15319 656
15319 32998 656
32998 35703 656
35703 6451 656
6451 14026 656
14026 12990 656
12990 7535 656
7535 35046 656
35046 6968 656
6968 455 656
455 39973 656
39973 24404 656
24404 24682 656
24682 5566 656
5566 40364 656
40364 36290 656
36290 3412 656
3412 10610 656
10610 206 656
206 29937 656
29937 443 656
443 10341 656
10341 9280 656
9280 40718 656
40718 11534 656
11534 23928 656
23928 6678 656
6678 1213 656
1213 21753 656
21753 25319 656
25319 20609 656
20609 12093 656
12093 21534 656
21534 4535 656
4535 19386 656
19386 12936 656
12936 24402 656
24402 31021 656
31021 9788 656
9788 20505 656
20505 21608 656
21608 973 656
973 37622 656
37622 24733 656
24733 19845 656
19845 9671 656
9671 3378 656
3378 34463 656
34463 9895 656
9895 8630 656
8630 6800 656
6800 33708 656
33708 19959 656
19959 6478 656
6478 11072 656
11072 25102 656
25102 29295 656
29295 7018 656
7018 4521 656
4521 11491 656
11491 12764 656
12764 40733 656
40733 13350 656
13350 26871 656
26871 4437 656
4437 28648 656
28648 431 656
431 1694 656
1694 19599 656
19599 17645 656
17645 19885 656
19885 15743 656
15743 911 656
911 26134 656
26134 38251 656
38251 12125 656
12125 32124 656
32124 40547 656
40547 1143 656
1143 1580 656
1580 38703 656
38703 5038 656
5038 27491 656
27491 7208 656
7208 37433 656
37433 11401 656
11401 33955 656
33955 6504 656
6504 22607 656
22607 39876 656
39876 14636 656
14636 40407 656
40407 4084 656
4084 17395 656
17395 13564 656
13564 19656 656
19656 31163 656
31163 38798 656
38798 9233 656
9233 37963 656
37963 34576 656
34576 11462 656
11462 12063 656
12063 15894 656
15894 27524 656
27524 13434 656
13434 5773 656
5773 17916 656
17916 20052 656
20052 9331 656
9331 6129 656
6129 839 656
839 12903 656
12903 7570 656
7570 17186 656
17186 19911 656
19911 5541 656
5541 15331 656
15331 19133 656
19133 5083 656
5083 30465 656
30465 20085 656
20085 38447 656
38447 13632 656
13632 39310 656
39310 6452 656
6452 26855 656
26855 35086 656
35086 31457 656
31457 37192 656
37192 4211 656
4211 30034 656
30034 29465 656
29465 14051 656
14051 9623 656
9623 19235 656
19235 9760 656
9760 33323 656
33323 17814 656
17814 12207 656
12207 7180 656
7180 24550 656
24550 7861 656
7861 10454 656
10454 21980 656
21980 4837 656
4837 22159 656
22159 19568 656
19568 9062 656
9062 31 656
31 11287 656
11287 30610 656
30610 19884 656
19884 35461 656
35461 929 656
929 14103 656
14103 24701 656
24701 16137 656
16137 7519 656
7519 32161 656
32161 18251 656
18251 36758 656
36758 29847 656
29847 3793 656
3793 18981 656
18981 21482 656
21482 10130 656
10130 24609 656
24609 19832 656
19832 13076 656
13076 29812 656
29812 21214 656
21214 8906 656
8906 24340 656
24340 29840 656
29840 9033 656
9033 36394 656
36394 26931 656
26931 9852 656
9852 14685 656
14685 20037 656
20037 38126 656
38126 3814 656
3814 33451 656
33451 39285 656
39285 28048 656
28048 13627 656
13627 31301 656
31301 133 656
133 1204 656
1204 26998 656
26998 15357 656
15357 881 656
881 4054 656
4054 10917 656
10917 15185 656
15185 35745 656
35745 36610 656
36610 22688 656
22688 32102 656
32102 20464 656
20464 25432 656
25432 6630 656
6630 33524 656
33524 3522 656
3522 6115 656
6115 34993 656
34993 248 656
248 17987 656
17987 25875 656
25875 11148 656
11148 876 656
876 36580 656
36580 8724 656
8724 17371 656
17371 9770 656
9770 6201 656
6201 910 656
910 11814 656
11814 36664 656
36664 36646 656
36646 18345 656
18345 10794 656
10794 26088 656
26088 32873 656
32873 34958 656
34958 30349 656
30349 790 656
790 40299 656
40299 30357 656
30357 30246 656
30246 27138 656
27138 11935 656
11935 21503 656
21503 18856 656
18856 32733 656
32733 35068 656
35068 15644 656
15644 35010 656
35010 40041 656
40041 1927 656
1927 33184 656
33184 36082 656
36082 37345 656
37345 6474 656
6474 16606 656
16606 24641 656
24641 14741 656
14741 34834 656
34834 15195 656
15195 2465 656
2465 21483 656
21483 24481 656
24481 20988 656
20988 28706 656
28706 20653 656
20653 6717 656
6717 22239 656
22239 6185 656
6185 8856 656
8856 3124 656
3124 3974 656
3974 39426 656
39426 5898 656
5898 11283 656
11283 1247 656
1247 3975 656
3975 32890 656
32890 26964 656
26964 25023 656
25023 31545 656
31545 40117 656
40117 21796 656
21796 29185 656
29185 18851 656
18851 37723 656
37723 6079 656
6079 2030 656
2030 25181 656
25181 15386 656
15386 11091 656
11091 14573 656
14573 4192 656
4192 14663 656
14663 22083 656
22083 30389 656
30389 38122 656
38122 26234 656
26234 28721 656
28721 26106 656
26106 16593 656
16593 31077 656
31077 16460 656
16460 1424 656
1424 3631 656
3631 8014 656
8014 20147 656
20147 30765 656
30765 39589 656
39589 36557 656
36557 13313 656
13313 38239 656
38239 845 656
845 7748 656
7748 218 656
218 6232 656
6232 30912 656
30912 16495 656
16495 783 656
783 22851 656
22851 14163 656
14163 24584 656
24584 3743 656
3743 25069 656
25069 8424 656
8424 11119 656
11119 5660 656
5660 38414 656
38414 6830 656
6830 32638 656
32638 3188 656
3188 10937 656
10937 14128 656
14128 13009 656
13009 40307 656
40307 2811 656
2811 38341 656
38341 38658 656
38658 2180 656
2180 7328 656
7328 91 656
91 25212 656
25212 19018 656
19018 11634 656
11634 8579 656
8579 23976 656
23976 15840 656
15840 6696 656
6696 18234 656
18234 20774 656
20774 12365 656
12365 24638 656
24638 37869 656
37869 10956 656
10956 1123 656
1123 23245 656
23245 17632 656
17632 31579 656
31579 9002 656
9002 16722 656
16722 6861 656
6861 23216 656
23216 2210 656
2210 6364 656
6364 9679 656
9679 27997 656
27997 18590 656
18590 33892 656
33892 451 656
451 2667 656
2667 15443 656
15443 20772 656
20772 76 656
76 22834 656
22834 40952 656
40952 29224 656
29224 38212 656
38212 12631 656
12631 40610 656
40610 33026 656
33026 25874 656
25874 7545 656
7545 12848 656
12848 30212 656
30212 14922 656
14922 13112 656
13112 15440 656
15440 6186 656
6186 25062 656
25062 5667 656
5667 23997 656
23997 21065 656
21065 38270 656
38270 34833 656
34833 40423 656
40423 24039 656
24039 14040 656
14040 32166 656
32166 32465 656
32465 22993 656
22993 13178 656
13178 9917 656
9917 7093 656
7093 38842 656
38842 19268 656
19268 40453 656
40453 3620 656
3620 19354 656
19354 823 656
823 24644 656
24644 16654 656
16654 27869 656
27869 38021 656
38021 39000 656
39000 36556 656
36556 31198 656
31198 17046 656
17046 39612 656
39612 36808 656
36808 23229 656
23229 33625 656
33625 33552 656
33552 29269 656
29269 15543 656
15543 31972 656
31972 23774 656
23774 11828 656
11828 27538 656
27538 25456 656
25456 22223 656
22223 20708 656
20708 14870 656
14870 3486 656
3486 37633 656
37633 1797 656
1797 25344 656
25344 18919 656
18919 39946 656
39946 23869 656
23869 26150 656
26150 160 656
160 24826 656
24826 35011 656
35011 11827 656
11827 40778 656
40778 22957 656
22957 11430 656
11430 28682 656
28682 15130 656
15130 21557 656
21557 28868 656
28868 37016 656
37016 21407 656
21407 14830 656
14830 35029 656
35029 19969 656
19969 10528 656
10528 23805 656
23805 16748 656
16748 24126 656
24126 18987 656
18987 13153 656
13153 13500 656
13500 29920 656
29920 16616 656
16616 29429 656
29429 10053 656
10053 24336 656
24336 16893 656
16893 13943 656
13943 2181 656
2181 3384 656
3384 938 656
938 6510 656
6510 3892 656
3892 32902 656
32902 25909 656
25909 27220 656
27220 34940 656
34940 40323 656
40323 20711 656
20711 33642 656
33642 28990 656
28990 6871 656
6871 7504 656
7504 29314 656
29314 40749 656
40749 36551 656
36551 16680 656
16680 25872 656
25872 1977 656
1977 17268 656
17268 3686 656
3686 21628 656
21628 32200 656
32200 26901 656
26901 40389 656
40389 29346 656
29346 4860 656
4860 28309 656
28309 3862 656
3862 33797 656
33797 6719 656
6719 5515 656
5515 23207 656
23207 26702 656
26702 18448 656
18448 22896 656
22896 12592 656
12592 12701 656
12701 36986 656
36986 6792 656
6792 11998 656
11998 7098 656
7098 21958 656
21958 9685 656
9685 33406 656
33406 10663 656
10663 35120 656
35120 15411 656
15411 11722 656
11722 3146 656
3146 13983 656
13983 16889 656
16889 10677 656
10677 22332 656
22332 26669 656
26669 3508 656
3508 36903 656
36903 165 656
165 32807 656
32807 7338 656
7338 2856 656
2856 399 656
399 34941 656
34941 17001 656
17001 10471 656
10471 18439 656
18439 23250 656
23250 33418 656
33418 27000 656
27000 1471 656
1471 40701 656
40701 15583 656
15583 4097 656
4097 25523 656
25523 6971 656
6971 9142 656
9142 1135 656
1135 36173 656
36173 28724 656
28724 37061 656
37061 4277 656
4277 34107 656
34107 22157 656
22157 39427 656
39427 6779 656
6779 19453 656
19453 16252 656
16252 19984 656
19984 16884 656
16884 2858 656
2858 27262 656
27262 10853 656
10853 18802 656
18802 29297 656
29297 4780 656
4780 40264 656
40264 16545 656
16545 16745 656
16745 4810 656
4810 22438 656
22438 2353 656
2353 40823 656
40823 24754 656
24754 30617 656
30617 12723 656
12723 26671 656
26671 16783 656
16783 18689 656
18689 36985 656
36985 13987 656
13987 3511 656
3511 21475 656
21475 25410 656
25410 17231 656
17231 2609 656
2609 24788 656
24788 2810 656
2810 14244 656
14244 30358 656
30358 12777 656
12777 31120 656
31120 3500 656
3500 6580 656
6580 3157 656
3157 11101 656
11101 32371 656
32371 22544 656
22544 20421 656
20421 16220 656
16220 24896 656
24896 12134 656
12134 16770 656
16770 26864 656
26864 39003 656
39003 34427 656
34427 25981 656
25981 36747 656
36747 27311 656
27311 44 656
44 3513 656
3513 5306 656
5306 17757 656
17757 23983 656
23983 31779 656
31779 11721 656
11721 15574 656
15574 19057 656
19057 16896 656
16896 15204 656
15204 22827 656
22827 10506 656
10506 23305 656
23305 12508 656
12508 36332 656
36332 33434 656
33434 21702 656
21702 40076 656
40076 21587 656
21587 9849 656
9849 37201 656
37201 12648 656
12648 3619 656
3619 40436 656
40436 25866 656
25866 22982 656
22982 39194 656
39194 31080 656
31080 34113 656
34113 30206 656
30206 7830 656
7830 13525 656
13525 21738 656
21738 11954 656
11954 21495 656
21495 39634 656
39634 36997 656
36997 17056 656
17056 19886 656
19886 21624 656
21624 17325 656
17325 23364 656
23364 35360 656
35360 23879 656
23879 23677 656
23677 8046 656
8046 26785 656
26785 11024 656
11024 30657 656
30657 39125 656
39125 18505 656
18505 26632 656
26632 27974 656
27974 13934 656
13934 7968 656
7968 29088 656
29088 22308 656
22308 37229 656
37229 28142 656
28142 5901 656
5901 36461 656
36461 40568 656
40568 13753 656
13753 13639 656
13639 22446 656
22446 13369 656
13369 5109 656
5109 17963 656
17963 6983 656
6983 6816 656
6816 26584 656
26584 35508 656
35508 35676 656
35676 11074 656
11074 16138 656
16138 8151 656
8151 15012 656
15012 35268 656
35268 13974 656
13974 15076 656
15076 17226 656
17226 12834 656
12834 29545 656
29545 6022 656
6022 23676 656
23676 17670 656
17670 3671 656
3671 31334 656
31334 31927 656
31927 18675 656
18675 22731 656
22731 24772 656
24772 2182 656
2182 29400 656
29400 22546 656
22546 23459 656
23459 18238 656
18238 8588 656
8588 34876 656
34876 11948 656
11948 23049 656
23049 2970 656
2970 29417 656
29417 17879 656
17879 15245 656
15245 11180 656
11180 8687 656
8687 23348 656
23348 31333 656
31333 20572 656
20572 16081 656
16081 19116 656
19116 2189 656
2189 23533 656
23533 5345 656
5345 15628 656
15628 39353 656
39353 27655 656
27655 19905 656
19905 394 656
394 23783 656
23783 5877 656
5877 32455 656
32455 40472 656
40472 35734 656
35734 12571 656
12571 7713 656
7713 7199 656
7199 39279 656
39279 28091 656
28091 27787 656
27787 14303 656
14303 21816 656
21816 23197 656
23197 1965 656
1965 29107 656
29107 30264 656
30264 20148 656
20148 11384 656
11384 4627 656
4627 30161 656
30161 4894 656
4894 18895 656
18895 34772 656
34772 1827 656
1827 14771 656
14771 20939 656
20939 10654 656
10654 11921 656
11921 14218 656
14218 39513 656
39513 6563 656
6563 14905 656
14905 20682 656
20682 27143 656
27143 3019 656
3019 29806 656
29806 14188 656
14188 40381 656
40381 10679 656
10679 33480 656
33480 8201 656
8201 30899 656
30899 37300 656
37300 13670 656
13670 28637 656
28637 29462 656
29462 27080 656
27080 5340 656
5340 25471 656
25471 30266 656
30266 40434 656
40434 10763 656
10763 39388 656
39388 20951 656
20951 4308 656
4308 34794 656
34794 35307 656
35307 25693 656
25693 36565 656
36565 26348 656
26348 40974 656
40974 9072 656
9072 34673 656
34673 8486 656
8486 7349 656
7349 39063 656
39063 5626 656
5626 23215 656
23215 16627 656
16627 37062 656
37062 40543 656
40543 28375 656
28375 14109 656
14109 32690 656
32690 22977 656
22977 27639 656
27639 24304 656
24304 14746 656
14746 4016 656
4016 6747 656
6747 7770 656
7770 15126 656
15126 16579 656
16579 20702 656
20702 32065 656
32065 10157 656
10157 12032 656
12032 34013 656
34013 33574 656
33574 32199 656
32199 21163 656
21163 6596 656
6596 10718 656
10718 23277 656
23277 37063 656
37063 35732 656
35732 5416 656
5416 33707 656
33707 24476 656
24476 30108 656
30108 1142 656
1142 32778 656
32778 23127 656
23127 36560 656
36560 9729 656
9729 38632 656
38632 28625 656
28625 661 656
661 36770 656
36770 21893 656
21893 32298 656
32298 17922 656
17922 12060 656
12060 24180 656
24180 3623 656
3623 34104 656
34104 16282 656
16282 28209 656
28209 35632 656
35632 38647 656
38647 17903 656
17903 31230 656
31230 23035 656
23035 27703 656
27703 19082 656
19082 10231 656
10231 581 656
581 38700 656
38700 15449 656
15449 40706 656
40706 11753 656
11753 8920 656
8920 12924 656
12924 25122 656
25122 25362 656
25362 26637 656
26637 24287 656
24287 13380 656
13380 29594 656
29594 22866 656
22866 16892 656
16892 13552 656
13552 17219 656
17219 18834 656
18834 23338 656
23338 37296 656
37296 5493 656
5493 5324 656
5324 31099 656
31099 8569 656
8569 31009 656
31009 31821 656
31821 30504 656
30504 9830 656
9830 18478 656
18478 32350 656
32350 14457 656
14457 25100 656
25100 38740 656
38740 13725 656
13725 13299 656
13299 24636 656
24636 36728 656
36728 28354 656
28354 23739 656
23739 22745 656
22745 457 656
457 6017 656
6017 6946 656
6946 24813 656
24813 30381 656
30381 24925 656
24925 32090 656
32090 39659 656
39659 8764 656
8764 12693 656
12693 16977 656
16977 9299 656
9299 31598 656
31598 19285 656
19285 33711 656
33711 32581 656
32581 29862 656
29862 4610 656
4610 14186 656
14186 8044 656
8044 40216 656
40216 35325 656
35325 26874 656
26874 2360 656
2360 6565 656
6565 9383 656
9383 32709 656
32709 11454 656
11454 1670 656
1670 38692 656
38692 37990 656
37990 19634 656
19634 25747 656
25747 22375 656
22375 20177 656
20177 14310 656
14310 12426 656
12426 283 656
283 18568 656
18568 40897 656
40897 27719 656
27719 17378 656
17378 26215 656
26215 4515 656
4515 9585 656
9585 25572 656
25572 28126 656
28126 26557 656
26557 30721 656
30721 14229 656
14229 1441 656
1441 14304 656
14304 37122 656
37122 7672 656
7672 11288 656
11288 39625 656
39625 40098 656
40098 40923 656
40923 32230 656
32230 9615 656
9615 16130 656
16130 36593 656
36593 7404 656
7404 32073 656
32073 25903 656
25903 14627 656
14627 35191 656
35191 6199 656
6199 40502 656
40502 32162 656
32162 27606 656
27606 11098 656
11098 16705 656
16705 13393 656
13393 34697 656
34697 8570 656
8570 29988 656
29988 22484 656
22484 15765 656
15765 28636 656
28636 39141 656
39141 2438 656
2438 6139 656
6139 18006 656
18006 31356 656
31356 1430 656
1430 35608 656
35608 36749 656
36749 17981 656
17981 16424 656
16424 23902 656
23902 15153 656
15153 35329 656
35329 28234 656
28234 6433 656
6433 27150 656
27150 31271 656
31271 34181 656
34181 38092 656
38092 10567 656
10567 5703 656
5703 8262 656
8262 35085 656
35085 9692 656
9692 12999 656
12999 5308 656
5308 6058 656
6058 14060 656
14060 27854 656
27854 7310 656
7310 8246 656
8246 5434 656
5434 9445 656
9445 17096 656
17096 13007 656
13007 31931 656
31931 21003 656
21003 7282 656
7282 26823 656
26823 31323 656
31323 25610 656
25610 22089 656
22089 15320 656
15320 33767 656
33767 21218 656
21218 40015 656
40015 28502 656
28502 9064 656
9064 28477 656
28477 31017 656
31017 1509 656
1509 19244 656
19244 18041 656
18041 33643 656
33643 10304 656
10304 18592 656
18592 28567 656
28567 1357 656
1357 27005 656
27005 18824 656
18824 25573 656
25573 3517 656
3517 33906 656
33906 31756 656
31756 8702 656
8702 19994 656
19994 38084 656
38084 36511 656
36511 35362 656
35362 5189 656
5189 13311 656
13311 13804 656
13804 36301 656
36301 12916 656
12916 18230 656
18230 33667 656
33667 28419 656
28419 20088 656
20088 16078 656
16078 187 656
187 1652 656
1652 21933 656
21933 30684 656
30684 20697 656
20697 32910 656
32910 12973 656
12973 7072 656
7072 2613 656
2613 12099 656
12099 36216 656
36216 30716 656
30716 10963 656
10963 33373 656
33373 14884 656
14884 8112 656
8112 30447 656
30447 24245 656
24245 12179 656
12179 22560 656
22560 24088 656
24088 19965 656
19965 19630 656
19630 675 656
675 30616 656
30616 1997 656
1997 18393 656
18393 1244 656
1244 33279 656
33279 17168 656
17168 4711 656
4711 7131 656
7131 18336 656
18336 34278 656
34278 30836 656
30836 30897 656
30897 28465 656
28465 32577 656
32577 3277 656
3277 6396 656
6396 4289 656
4289 29908 656
29908 18461 656
18461 27635 656
27635 40863 656
40863 33328 656
33328 10031 656
10031 33269 656
33269 4757 656
4757 33821 656
33821 10345 656
10345 17824 656
17824 22286 656
22286 40627 656
40627 18193 656
18193 19899 656
19899 10539 656
10539 557 656
557 13903 656
13903 28540 656
28540 5545 656
5545 13187 656
13187 23845 656
23845 19420 656
19420 30974 656
30974 22088 656
22088 4217 656
4217 7848 656
7848 18872 656
18872 33065 656
33065 3228 656
3228 25395 656
25395 34751 656
34751 34055 656
34055 39142 656
39142 2356 656
2356 22876 656
22876 35369 656
35369 26165 656
26165 21943 656
21943 38408 656
38408 29789 656
29789 31390 656
31390 10885 656
10885 3300 656
3300 25898 656
25898 40159 656
40159 4403 656
4403 35737 656
35737 1642 656
1642 17105 656
17105 36510 656
36510 30491 656
30491 13236 656
13236 14670 656
14670 16226 656
16226 16437 656
16437 37603 656
37603 20463 656
20463 26628 656
26628 40600 656
40600 5613 656
5613 33203 656
33203 1423 656
1423 29615 656
29615 25304 656
25304 3245 656
3245 17019 656
17019 18258 656
18258 22030 656
22030 7640 656
7640 34877 656
34877 14233 656
14233 5036 656
5036 29079 656
29079 6342 656
6342 25922 656
25922 18882 656
18882 14018 656
14018 38290 656
38290 32264 656
32264 5188 656
5188 29558 656
29558 9194 656
9194 12855 656
12855 16507 656
16507 21153 656
21153 4741 656
4741 40530 656
40530 31949 656
31949 19524 656
19524 9715 656
9715 29766 656
29766 23696 656
23696 2604 656
2604 21151 656
21151 25915 656
25915 34339 656
34339 27249 656
27249 29633 656
29633 19054 656
19054 2773 656
2773 40158 656
40158 24035 656
24035 4260 656
4260 12311 656
12311 19048 656
19048 11244 656
11244 13825 656
13825 40964 656
40964 8766 656
8766 31520 656
31520 33059 656
33059 7801 656
7801 34604 656
34604 22258 656
22258 36372 656
36372 37126 656
37126 9133 656
9133 18920 656
18920 12503 656
12503 10812 656
10812 9772 656
9772 39106 656
39106 3705 656
3705 21036 656
21036 7512 656
7512 18543 656
18543 5646 656
5646 12428 656
12428 21837 656
21837 27102 656
27102 29591 656
29591 16612 656
16612 10139 656
10139 35625 656
35625 37357 656
37357 35649 656
35649 20549 656
20549 33651 656
33651 25790 656
25790 32045 656
32045 21636 656
21636 15667 656
15667 5016 656
5016 18924 656
18924 9469 656
9469 39215 656
39215 756 656
756 5385 656
5385 31161 656
31161 37746 656
37746 37409 656
37409 10992 656
10992 3212 656
3212 18253 656
18253 17778 656
17778 28015 656
28015 15184 656
15184 8759 656
8759 18894 656
18894 6998 656
6998 5865 656
5865 12494 656
12494 850 656
850 17702 656
17702 34264 656
34264 26893 656
26893 21729 656
21729 20098 656
20098 8931 656
8931 33852 656
33852 2371 656
2371 9234 656
9234 6972 656
6972 9854 656
9854 37461 656
37461 14524 656
14524 29223 656
29223 27186 656
27186 30141 656
30141 96 656
96 34822 656
34822 18446 656
18446 9745 656
9745 21741 656
21741 26623 656
26623 29004 656
29004 38666 656
38666 7785 656
7785 37234 656
37234 23295 656
23295 37384 656
37384 19914 656
19914 2038 656
2038 40355 656
40355 31403 656
31403 22433 656
22433 20954 656
20954 1513 656
1513 32630 656
32630 18626 656
18626 27460 656
27460 21126 656
21126 5951 656
5951 36360 656
36360 22702 656
22702 19881 656
19881 18518 656
18518 25946 656
25946 13704 656
13704 1850 656
1850 3388 656
3388 200 656
200 35521 656
35521 24280 656
24280 3441 656
3441 34330 656
34330 26412 656
26412 5921 656
5921 37336 656
37336 38388 656
38388 9571 656
9571 32184 656
32184 33808 656
33808 16090 656
16090 32113 656
32113 35083 656
35083 22280 656
22280 21560 656
21560 27040 656
27040 11278 656
11278 40542 656
40542 19993 656
19993 5994 656
5994 14927 656
14927 13370 656
13370 15610 656
15610 30877 656
30877 29125 656
29125 5321 656
5321 24490 656
24490 21447 656
21447 27345 656
27345 18459 656
18459 23468 656
23468 17616 656
17616 5645 656
5645 26172 656
26172 2882 656
2882 11450 656
11450 16433 656
16433 4997 656
4997 11800 656
11800 25756 656
25756 19231 656
19231 1817 656
1817 16266 656
16266 35727 656
35727 29990 656
29990 23511 656
23511 3876 656
3876 24422 656
24422 16676 656
16676 2767 656
2767 32398 656
32398 30446 656
30446 24895 656
24895 35045 656
35045 6773 656
6773 252 656
252 33950 656
33950 31653 656
31653 37052 656
37052 35042 656
35042 28254 656
28254 1166 656
1166 6684 656
6684 19635 656
19635 24407 656
24407 36224 656
36224 35403 656
35403 12629 656
12629 13078 656
13078 37960 656
37960 28011 656
28011 40896 656
40896 14568 656
14568 225 656
225 36469 656
36469 15248 656
15248 27575 656
27575 16963 656
16963 10953 656
10953 28853 656
28853 18843 656
18843 15282 656
15282 26573 656
26573 32777 656
32777 20664 656
20664 33478 656
33478 26101 656
26101 16068 656
16068 12609 656
12609 22820 656
22820 24335 656
24335 27391 656
27391 15304 656
15304 21559 656
21559 1298 656
1298 37586 656
37586 117 656
117 40781 656
40781 14484 656
14484 27839 656
27839 30170 656
30170 20633 656
20633 24160 656
24160 30777 656
30777 12635 656
12635 35952 656
35952 79 656
79 34227 656
34227 12251 656
12251 14721 656
14721 16643 656
16643 13431 656
13431 33310 656
33310 15996 656
15996 11317 656
11317 30050 656
30050 38665 656
38665 12041 656
12041 38046 656
38046 21489 656
21489 26235 656
26235 3552 656
3552 18456 656
18456 20858 656
20858 22379 656
22379 22000 656
22000 5675 656
5675 22727 656
22727 7279 656
7279 25017 656
25017 33315 656
33315 40157 656
40157 27826 656
27826 2898 656
2898 6964 656
6964 32140 656
32140 17723 656
17723 2373 656
2373 40475 656
40475 28902 656
28902 18947 656
18947 11674 656
11674 26187 656
26187 21799 656
21799 11050 656
11050 1219 656
1219 31561 656
31561 16126 656
16126 14463 656
14463 12490 656
12490 27358 656
27358 1059 656
1059 24392 656
24392 14092 656
14092 21361 656
21361 25625 656
25625 4909 656
4909 13012 656
13012 34457 656
34457 37682 656
37682 4690 656
4690 32055 656
32055 6652 656
6652 38471 656
38471 28307 656
28307 37427 656
37427 3263 656
3263 38669 656
38669 14715 656
14715 24670 656
24670 23822 656
23822 25971 656
25971 18149 656
18149 23729 656
23729 5618 656
5618 10011 656
10011 38054 656
38054 6339 656
6339 35757 656
35757 37538 656
37538 39195 656
39195 2424 656
2424 8871 656
8871 13062 656
13062 22701 656
22701 35666 656
35666 10056 656
10056 11735 656
11735 29644 656
29644 37584 656
37584 29798 656
29798 35538 656
35538 8214 656
8214 21992 656
21992 12480 656
12480 2364 656
2364 53 656
53 5478 656
5478 14925 656
14925 5014 656
5014 16077 656
16077 17887 656
17887 20362 656
20362 32258 656
32258 32453 656
32453 34442 656
34442 21105 656
21105 23328 656
23328 36143 656
36143 2556 656
2556 12527 656
12527 4125 656
4125 27169 656
27169 6888 656
6888 27707 656
27707 22191 656
22191 20729 656
20729 6536 656
6536 37432 656
37432 22928 656
22928 21717 656
21717 31904 656
31904 21268 656
21268 28416 656
28416 19390 656
19390 22654 656
22654 9285 656
9285 986 656
986 9778 656
9778 38600 656
38600 3471 656
3471 16815 656
16815 1260 656
1260 21957 656
21957 30297 656
30297 27749 656
27749 37517 656
37517 33721 656
33721 14248 656
14248 8831 656
8831 22697 656
22697 31799 656
31799 16264 656
16264 30328 656
30328 27620 656
27620 23590 656
23590 4489 656
4489 6393 656
6393 23685 656
23685 1710 656
1710 31273 656
31273 25037 656
25037 40648 656
40648 19852 656
19852 29378 656
29378 30618 656
30618 5941 656
5941 8314 656
8314 18221 656
18221 23212 656
23212 17085 656
17085 31174 656
31174 40030 656
40030 26740 656
26740 30843 656
30843 1925 656
1925 4975 656
4975 5914 656
5914 26135 656
26135 10292 656
10292 24314 656
24314 2410 656
2410 6814 656
6814 13724 656
13724 35658 656
35658 35471 656
35471 35911 656
35911 3033 656
3033 39821 656
39821 12789 656
12789 33186 656
33186 18126 656
18126 6076 656
6076 18278 656
18278 36818 656
36818 16930 656
16930 9948 656
9948 27768 656
27768 39554 656
39554 21941 656
21941 38972 656
38972 4254 656
4254 17032 656
17032 39795 656
39795 36983 656
36983 13582 656
13582 13617 656
13617 37549 656
37549 31415 656
31415 23643 656
23643 40462 656
40462 36880 656
36880 17433 656
17433 38585 656
38585 18844 656
18844 25824 656
25824 14835 656
14835 18451 656
18451 4773 656
4773 40372 656
40372 32589 656
32589 26012 656
26012 27116 656
27116 19105 656
19105 105 656
105 20183 656
20183 16908 656
16908 35772 656
35772 1264 656
1264 11666 656
11666 25141 656
25141 10706 656
10706 34571 656
34571 2082 656
2082 5305 656
5305 24087 656
24087 40133 656
40133 13207 656
13207 11227 656
11227 38002 656
38002 5266 656
5266 40284 656
40284 36583 656
36583 5159 656
5159 34357 656
34357 15088 656
15088 18109 656
18109 36893 656
36893 15115 656
15115 15354 656
15354 14041 656
14041 29025 656
29025 18355 656
18355 20295 656
20295 22132 656
22132 11961 656
11961 31688 656
31688 37674 656
37674 26889 656
26889 7568 656
7568 16810 656
16810 22694 656
22694 25421 656
25421 17708 656
17708 7091 656
7091 29153 656
29153 11685 656
11685 20353 656
20353 32980 656
32980 24051 656
24051 20090 656
20090 38629 656
38629 19673 656
19673 12938 656
12938 25307 656
25307 2127 656
2127 10514 656
10514 33037 656
33037 24809 656
24809 18134 656
18134 5737 656
5737 35058 656
35058 13014 656
13014 2569 656
2569 22257 656
22257 22020 656
22020 38273 656
38273 14983 656
14983 40113 656
40113 31719 656
31719 12343 656
12343 7388 656
7388 15725 656
15725 19961 656
19961 16834 656
16834 17946 656
17946 36313 656
36313 493 656
493 22264 656
22264 25571 656
25571 20132 656
20132 11895 656
11895 27367 656
27367 3504 656
3504 25938 656
25938 18812 656
18812 7533 656
7533 17485 656
17485 34832 656
34832 15808 656
15808 5904 656
5904 18210 656
18210 22865 656
22865 26491 656
26491 21520 656
21520 40106 656
40106 4566 656
4566 1645 656
1645 27425 656
27425 7544 656
7544 37410 656
37410 28105 656
28105 18407 656
18407 6677 656
6677 14860 656
14860 19118 656
19118 24983 656
24983 20391 656
20391 24859 656
24859 30963 656
30963 27844 656
27844 32688 656
32688 29521 656
29521 13527 656
13527 14285 656
14285 33755 656
33755 21769 656
21769 5074 656
5074 32534 656
32534 21427 656
21427 37815 656
37815 13182 656
13182 34617 656
34617 36916 656
36916 28915 656
28915 26232 656
26232 29647 656
29647 1231 656
1231 12476 656
12476 22096 656
22096 40129 656
40129 22946 656
22946 16781 656
16781 39657 656
39657 20541 656
20541 36067 656
36067 25821 656
25821 18771 656
18771 28549 656
28549 12101 656
12101 10380 656
10380 30253 656
30253 33521 656
33521 37103 656
37103 23551 656
23551 12468 656
12468 17928 656
17928 30405 656
30405 282 656
282 40143 656
40143 1489 656
1489 20002 656
20002 959 656
959 2257 656
2257 20059 656
20059 9436 656
9436 17157 656
17157 35038 656
35038 39743 656
39743 33499 656
33499 13760 656
13760 27805 656
27805 27034 656
27034 11115 656
11115 27927 656
27927 3183 656
3183 14527 656
14527 14207 656
14207 7630 656
7630 35717 656
35717 25562 656
25562 17020 656
17020 39502 656
39502 36679 656
36679 12652 656
12652 25291 656
25291 309 656
309 712 656
712 12841 656
12841 40647 656
40647 29042 656
29042 38657 656
38657 22461 656
22461 30697 656
30697 4063 656
4063 17599 656
17599 15939 656
15939 22174 656
22174 4677 656
4677 26532 656
26532 30817 656
30817 17345 656
17345 1417 656
1417 28722 656
28722 22944 656
22944 5293 656
5293 37821 656
37821 34019 656
34019 1625 656
1625 39667 656
39667 5040 656
5040 19212 656
19212 25624 656
25624 33616 656
33616 29318 656
29318 11881 656
11881 24479 656
24479 1621 656
1621 38817 656
38817 9471 656
9471 3898 656
3898 15029 656
15029 2158 656
2158 8043 656
8043 33321 656
33321 26307 656
26307 21045 656
21045 33724 656
33724 32633 656
32633 7145 656
7145 27210 656
27210 36987 656
36987 24366 656
24366 18088 656
18088 28392 656
28392 11344 656
11344 33213 656
33213 34155 656
34155 33370 656
33370 40048 656
40048 2713 656
2713 33240 656
33240 12432 656
12432 19770 656
19770 32755 656
32755 8531 656
8531 36282 656
36282 34079 656
34079 25973 656
25973 15442 656
15442 27412 656
27412 11836 656
11836 17213 656
17213 26477 656
26477 23973 656
23973 18471 656
18471 35589 656
35589 1030 656
1030 37356 656
37356 9123 656
9123 3752 656
3752 17565 656
17565 16174 656
16174 29610 656
29610 32547 656
32547 12217 656
12217 40520 656
40520 5843 656
5843 40219 656
40219 12444 656
12444 3106 656
3106 23915 656
23915 39723 656
39723 30391 656
30391 12011 656
12011 2363 656
2363 32951 656
32951 22836 656
22836 17038 656
17038 40006 656
40006 25475 656
25475 31278 656
31278 22722 656
22722 7687 656
7687 16414 656
16414 38351 656
38351 21061 656
21061 27324 656
27324 25630 656
25630 28628 656
28628 11665 656
11665 26302 656
26302 14183 656
14183 33306 656
33306 4643 656
4643 20604 656
20604 39447 656
39447 26257 656
26257 36793 656
36793 10140 656
10140 10291 656
10291 6144 656
6144 36741 656
36741 20315 656
20315 10530 656
10530 35874 656
35874 5836 656
5836 35957 656
35957 2855 656
2855 32978 656
32978 17127 656
17127 2971 656
2971 19040 656
19040 36956 656
36956 14025 656
14025 1003 656
1003 21668 656
21668 31466 656
31466 5888 656
5888 4103 656
4103 39261 656
39261 29287 656
29287 29448 656
29448 39340 656
39340 35618 656
35618 39236 656
39236 38187 656
38187 659 656
659 37366 656
37366 32393 656
32393 9160 656
9160 8463 656
8463 37819 656
37819 22984 656
22984 8826 656
8826 26607 656
26607 12303 656
12303 30648 656
30648 10647 656
10647 19563 656
19563 24005 656
24005 24368 656
24368 14415 656
14415 32787 656
32787 6989 656
6989 18983 656
18983 32727 656
32727 6293 656
6293 8450 656
8450 22925 656
22925 25417 656
25417 19109 656
19109 34062 656
34062 15221 656
15221 37964 656
37964 7898 656
7898 35203 656
35203 2951 656
2951 6216 656
6216 31766 656
31766 4687 656
4687 29863 656
29863 23179 656
23179 4600 656
4600 38193 656
38193 24458 656
24458 39157 656
39157 8492 656
8492 19165 656
19165 10127 656
10127 26983 656
26983 20007 656
20007 19260 656
19260 25930 656
25930 1865 656
1865 27337 656
27337 39688 656
39688 7611 656
7611 27995 656
27995 18188 656
18188 12469 656
12469 35381 656
35381 17116 656
17116 5625 656
5625 31966 656
31966 10943 656
10943 7391 656
7391 31477 656
31477 21486 656
21486 40594 656
40594 23239 656
23239 9165 656
9165 36867 656
36867 22536 656
22536 893 656
893 36105 656
36105 34327 656
34327 2087 656
2087 20389 656
20389 39255 656
39255 2456 656
2456 23436 656
23436 6211 656
6211 34920 656
34920 38416 656
38416 32687 656
32687 1309 656
1309 25613 656
25613 24585 656
24585 38057 656
38057 12161 656
12161 28060 656
28060 38661 656
38661 33346 656
33346 29625 656
29625 21423 656
21423 31883 656
31883 20999 656
20999 38967 656
38967 32498 656
32498 28812 656
28812 10823 656
10823 24837 656
24837 8339 656
8339 36170 656
36170 35047 656
35047 18338 656
18338 30105 656
30105 6257 656
6257 760 656
760 2265 656
2265 7854 656
7854 40153 656
40153 30359 656
30359 17483 656
17483 5902 656
5902 3993 656
3993 38801 656
38801 15607 656
15607 35852 656
35852 34783 656
34783 12889 656
12889 21101 656
21101 9149 656
9149 21756 656
21756 26794 656
26794 3564 656
3564 16363 656
16363 8974 656
8974 29301 656
29301 32196 656
32196 32886 656
32886 36714 656
36714 13379 656
13379 35904 656
35904 12256 656
12256 36223 656
36223 476 656
476 31595 656
31595 26715 656
26715 6088 656
6088 28661 656
28661 20556 656
20556 24429 656
24429 24760 656
24760 38338 656
38338 40855 656
40855 19284 656
19284 17072 656
17072 34851 656
34851 7005 656
7005 26396 656
26396 28799 656
28799 33661 656
33661 14660 656
14660 16869 656
16869 1209 656
1209 20433 656
20433 10750 656
10750 24219 656
24219 17562 656
17562 15484 656
15484 9093 656
9093 31912 656
31912 25434 656
25434 2950 656
2950 1701 656
1701 36534 656
36534 26008 656
26008 22076 656
22076 17965 656
17965 22719 656
22719 8674 656
8674 4523 656
4523 40687 656
40687 2893 656
2893 21915 656
21915 5506 656
5506 1566 656
1566 21245 656
21245 21647 656
21647 35751 656
35751 32471 656
32471 37078 656
37078 24829 656
24829 21656 656
21656 4312 656
4312 9210 656
9210 31759 656
31759 10002 656
10002 8418 656
8418 28217 656
28217 26590 656
26590 18657 656
18657 16827 656
16827 24740 656
24740 18769 656
18769 14445 656
14445 19033 656
19033 11149 656
11149 7538 656
7538 33807 656
33807 32096 656
32096 19111 656
19111 15575 656
15575 14689 656
14689 20801 656
20801 426 656
426 649 656
649 35417 656
35417 37843 656
37843 30440 656
30440 26913 656
26913 18174 656
18174 15324 656
15324 26572 656
26572 21466 656
21466 40842 656
40842 11322 656
11322 24258 656
24258 19412 656
19412 15459 656
15459 29622 656
29622 6820 656
6820 13363 656
13363 40510 656
40510 396 656
396 15688 656
15688 22981 656
22981 32984 656
32984 991 656
991 10674 656
10674 16285 656
16285 36709 656
36709 26663 656
26663 9800 656
9800 33871 656
33871 31738 656
31738 18482 656
18482 30723 656
30723 22139 656
22139 39411 656
39411 13492 656
13492 28932 656
28932 32728 656
32728 25637 656
25637 15858 656
15858 22027 656
22027 34159 656
34159 1356 656
1356 2786 656
2786 36745 656
36745 648 656
648 35719 656
35719 2036 656
2036 1271 656
1271 18034 656
18034 35116 656
35116 22717 656
22717 7832 656
7832 22840 656
22840 17684 656
17684 14374 656
14374 2678 656
2678 18650 656
18650 40587 656
40587 3760 656
3760 1054 656
1054 39845 656
39845 38383 656
38383 5634 656
5634 13053 656
13053 31933 656
31933 34784 656
34784 34945 656
34945 31836 656
31836 21357 656
21357 33030 656
33030 27951 656
27951 21960 656
21960 4645 656
4645 3267 656
3267 11976 656
11976 4190 656
4190 10962 656
10962 7651 656
7651 5495 656
5495 3651 656
3651 40805 656
40805 11326 656
11326 23588 656
23588 12173 656
12173 14022 656
14022 23638 656
23638 6882 656
6882 11684 656
11684 22175 656
22175 22316 656
22316 24513 656
24513 10274 656
10274 20043 656
20043 31452 656
31452 28764 656
28764 14747 656
14747 23788 656
23788 10447 656
10447 8383 656
8383 7061 656
7061 7390 656
7390 31855 656
31855 31086 656
31086 2073 656
2073 29593 656
29593 25722 656
25722 30333 656
30333 16058 656
16058 23667 656
23667 27372 656
27372 20557 656
20557 19866 656
19866 15417 656
15417 4764 656
4764 23597 656
23597 35687 656
35687 34293 656
34293 33546 656
33546 37542 656
37542 7920 656
7920 11539 656
11539 24029 656
24029 38958 656
38958 12526 656
12526 36004 656
36004 30928 656
30928 624 656
624 23402 656
23402 31220 656
31220 28096 656
28096 1743 656
1743 21740 656
21740 22118 656
22118 7661 656
7661 27342 656
27342 32879 656
32879 6048 656
6048 35858 656
35858 33490 656
33490 22133 656
22133 38309 656
38309 66 656
66 9650 656
9650 39320 656
39320 18368 656
18368 18069 656
18069 21920 656
21920 22989 656
22989 24204 656
24204 15880 656
15880 10360 656
10360 14499 656
14499 18761 656
18761 17796 656
17796 11599 656
11599 33812 656
33812 30361 656
30361 34101 656
34101 10600 656
10600 33736 656
33736 25178 656
25178 17365 656
17365 29473 656
29473 36001 656
36001 31398 656
31398 2366 656
2366 20422 656
20422 9731 656
9731 34721 656
34721 28305 656
28305 5680 656
5680 38671 656
38671 1438 656
1438 1429 656
1429 38909 656
38909 38041 656
38041 22167 656
22167 18009 656
18009 26368 656
26368 13138 656
13138 11001 656
11001 21807 656
21807 2536 656
2536 8134 656
8134 24532 656
24532 20516 656
20516 7916 656
7916 36970 656
36970 29323 656
29323 23236 656
23236 8263 656
8263 29601 656
29601 27168 656
27168 31717 656
31717 36647 656
36647 4865 656
4865 1327 656
1327 31665 656
31665 39132 656
39132 5584 656
5584 40454 656
40454 3855 656
3855 27945 656
27945 5423 656
5423 24358 656
24358 13581 656
13581 24166 656
24166 2583 656
2583 1498 656
1498 1563 656
1563 25595 656
25595 26714 656
26714 6842 656
6842 11902 656
11902 9746 656
9746 18516 656
18516 9936 656
9936 33873 656
33873 38778 656
38778 40920 656
40920 13588 656
13588 5655 656
5655 19208 656
19208 1946 656
1946 27782 656
27782 20102 656
20102 7114 656
7114 31582 656
31582 1180 656
1180 21007 656
21007 19557 656
19557 32190 656
32190 40889 656
40889 15562 656
15562 40721 656
40721 18652 656
18652 16443 656
16443 17734 656
17734 32373 656
32373 10020 656
10020 2876 656
2876 17933 656
17933 28454 656
28454 36458 656
36458 23613 656
23613 24059 656
24059 19086 656
19086 38747 656
38747 7407 656
7407 24681 656
24681 9231 656
9231 40919 656
40919 32035 656
32035 33534 656
33534 39326 656
39326 32170 656
32170 6531 656
6531 8616 656
8616 27266 656
27266 35375 656
35375 20184 656
20184 10783 656
10783 28405 656
28405 26509 656
26509 3694 656
3694 30203 656
30203 35088 656
35088 19415 656
19415 13954 656
13954 32721 656
32721 14267 656
14267 17995 656
17995 4830 656
4830 22650 656
22650 21603 656
21603 40088 656
40088 29335 656
29335 40977 656
40977 26713 656
26713 12398 656
12398 12579 656
12579 11759 656
11759 39829 656
39829 987 656
987 25406 656
25406 5307 656
5307 11896 656
11896 433 656
433 38844 656
38844 21767 656
21767 7136 656
7136 24924 656
24924 7428 656
7428 37683 656
37683 18102 656
18102 29331 656
29331 4038 656
4038 37090 656
37090 2857 656
2857 2172 656
2172 395 656
395 37559 656
37559 23700 656
23700 23628 656
23628 3543 656
3543 18885 656
18885 12117 656
12117 30595 656
30595 9098 656
9098 5823 656
5823 24743 656
24743 9273 656
9273 15263 656
15263 23242 656
23242 30580 656
30580 29357 656
29357 21577 656
21577 22793 656
22793 40983 656
40983 7139 656
7139 20284 656
20284 11556 656
11556 25299 656
25299 24774 656
24774 7023 656
7023 4310 656
4310 16692 656
16692 17322 656
17322 31269 656
31269 24290 656
24290 2110 656
2110 31023 656
31023 26825 656
26825 16203 656
16203 14718 656
14718 22994 656
22994 24929 656
24929 15869 656
15869 28155 656
28155 25987 656
25987 34821 656
34821 3041 656
3041 7499 656
7499 23816 656
23816 22253 656
22253 29608 656
29608 29134 656
29134 30568 656
30568 32271 656
32271 5985 656
5985 2260 656
2260 8476 656
8476 24514 656
24514 21302 656
21302 28579 656
28579 27895 656
27895 21985 656
21985 13925 656
13925 14754 656
14754 7929 656
7929 28797 656
28797 31011 656
31011 31591 656
31591 38112 656
38112 10224 656
10224 30620 656
30620 12632 656
12632 5101 656
5101 35831 656
35831 15251 656
15251 23133 656
23133 5981 656
5981 2184 656
2184 9333 656
9333 33682 656
33682 26284 656
26284 1530 656
1530 35148 656
35148 9449 656
9449 29026 656
29026 6231 656
6231 17871 656
17871 8542 656
8542 571 656
571 9402 656
9402 3632 656
3632 6844 656
6844 29912 656
29912 184 656
184 30058 656
30058 37852 656
37852 18252 656
18252 16669 656
16669 27430 656
27430 7262 656
7262 3242 656
3242 35699 656
35699 21703 656
21703 8360 656
8360 6173 656
6173 26015 656
26015 6480 656
6480 360 656
360 32169 656
32169 10421 656
10421 4896 656
4896 23675 656
23675 5749 656
5749 11015 656
11015 38628 656
38628 35075 656
35075 30736 656
30736 38332 656
38332 7197 656
7197 11930 656
11930 32256 656
32256 29849 656
29849 19597 656
19597 15766 656
15766 37862 656
37862 23821 656
23821 35361 656
35361 23495 656
23495 1640 656
1640 10361 656
10361 9907 656
9907 7107 656
7107 33122 656
33122 156 656
156 4356 656
4356 17474 656
17474 20899 656
20899 27081 656
27081 18715 656
18715 38952 656
38952 34048 656
34048 33823 656
33823 8245 656
8245 1380 656
1380 11165 656
11165 5864 656
5864 26489 656
26489 37844 656
37844 30839 656
30839 3770 656
3770 1686 656
1686 6053 656
6053 2831 656
2831 17018 656
17018 30910 656
30910 14787 656
14787 27531 656
27531 1941 656
1941 13948 656
13948 28237 656
28237 10736 656
10736 3351 656
3351 24797 656
24797 6159 656
6159 1632 656
1632 19739 656
19739 29091 656
29091 1160 656
1160 6602 656
6602 23811 656
23811 21540 656
21540 14257 656
14257 3524 656
3524 3980 656
3980 8180 656
8180 5298 656
5298 3585 656
3585 34923 656
34923 19475 656
19475 39823 656
39823 15424 656
15424 22359 656
22359 29086 656
29086 33942 656
33942 34660 656
34660 11203 656
11203 31769 656
31769 38529 656
38529 4458 656
4458 35775 656
35775 16835 656
16835 15720 656
15720 3238 656
3238 30674 656
30674 38418 656
38418 15346 656
15346 30745 656
30745 4078 656
4078 40642 656
40642 3256 656
3256 8752 656
8752 6341 656
6341 17894 656
17894 16986 656
16986 2841 656
2841 16194 656
16194 24840 656
24840 27477 656
27477 25561 656
25561 37026 656
37026 34398 656
34398 26927 656
26927 12952 656
12952 24081 656
24081 35901 656
35901 28820 656
28820 25382 656
25382 35298 656
35298 6740 656
6740 10212 656
10212 4346 656
4346 14520 656
14520 11560 656
11560 12077 656
12077 30629 656
30629 23688 656
23688 4234 656
4234 36359 656
36359 33062 656
33062 38336 656
38336 9097 656
9097 6520 656
6520 23051 656
23051 3711 656
3711 2447 656
2447 34004 656
34004 33313 656
33313 39542 656
39542 25144 656
25144 19982 656
19982 4391 656
4391 40581 656
40581 33106 656
33106 11839 656
11839 37463 656
37463 18295 656
18295 23302 656
23302 23824 656
23824 39114 656
39114 7306 656
7306 27009 656
27009 17178 656
17178 26599 656
26599 3230 656
3230 37477 656
37477 35575 656
35575 3897 656
3897 3574 656
3574 35853 656
35853 18051 656
18051 31329 656
31329 35644 656
35644 800 656
800 20842 656
20842 34115 656
34115 27648 656
27648 32159 656
32159 6943 656
6943 5344 656
5344 5903 656
5903 19968 656
19968 30973 656
30973 20860 656
20860 33734 656
33734 6331 656
6331 40699 656
40699 25009 656
25009 25906 656
25906 3121 656
3121 7823 656
7823 38150 656
38150 36195 656
36195 35236 656
35236 4197 656
4197 35035 656
35035 26204 656
26204 35909 656
35909 26293 656
26293 6443 656
6443 38378 656
38378 1808 656
1808 20027 656
20027 10834 656
10834 20394 656
20394 15217 656
15217 31564 656
31564 16092 656
16092 30826 656
30826 15919 656
15919 16317 656
16317 37096 656
37096 35377 656
35377 34195 656
34195 5967 656
5967 13567 656
13567 22195 656
22195 38827 656
38827 29947 656
29947 6038 656
6038 3899 656
3899 15426 656
15426 9482 656
9482 22507 656
22507 4518 656
4518 811 656
811 9000 656
9000 1739 656
1739 2417 656
2417 1546 656
1546 36523 656
36523 36209 656
36209 20271 656
20271 26875 656
26875 9710 656
9710 16401 656
16401 3617 656
3617 28916 656
28916 23324 656
23324 25021 656
25021 28122 656
28122 5239 656
5239 19910 656
19910 35978 656
35978 20080 656
20080 13195 656
13195 34709 656
34709 15888 656
15888 39623 656
39623 28534 656
28534 16374 656
16374 33271 656
33271 9361 656
9361 2814 656
2814 5371 656
5371 13813 656
13813 31948 656
31948 15516 656
15516 24463 656
24463 9407 656
9407 15898 656
15898 31175 656
31175 30903 656
30903 19747 656
19747 37392 656
37392 36625 656
36625 17686 656
17686 4806 656
4806 37551 656
37551 15598 656
15598 13511 656
13511 12369 656
12369 480 656
480 35231 656
35231 23099 656
23099 10965 656
10965 35868 656
35868 4683 656
4683 16614 656
16614 29639 656
29639 8642 656
8642 4522 656
4522 31913 656
31913 36810 656
36810 29424 656
29424 524 656
524 14957 656
14957 23053 656
23053 24341 656
24341 40859 656
40859 24508 656
24508 3022 656
3022 33098 656
33098 31058 656
31058 3741 656
3741 32948 656
32948 23399 656
23399 33281 656
33281 36193 656
36193 21471 656
21471 30488 656
30488 30851 656
30851 40869 656
40869 20334 656
20334 2641 656
2641 21640 656
21640 655 656
655 28218 656
28218 23404 656
23404 13536 656
13536 17128 656
17128 9694 656
9694 11760 656
11760 30537 656
30537 25479 656
25479 461 656
461 27631 656
27631 11240 656
11240 29060 656
29060 8840 656
8840 11315 656
11315 7680 656
7680 38428 656
38428 30401 656
30401 36508 656
36508 34687 656
34687 2152 656
2152 6763 656
6763 22990 656
22990 6118 656
6118 17930 656
17930 37136 656
37136 23736 656
23736 31079 656
31079 8222 656
8222 24995 656
24995 40746 656
40746 39385 656
39385 19503 656
19503 3542 656
3542 9175 656
9175 33173 656
33173 11916 656
11916 20798 656
20798 35397 656
35397 4918 656
4918 20355 656
20355 23504 656
23504 37053 656
37053 29120 656
29120 13587 656
13587 4702 656
4702 39764 656
39764 16565 656
16565 3096 656
3096 20748 656
20748 19064 656
19064 5731 656
5731 20546 656
20546 11435 656
11435 40384 656
40384 35569 656
35569 34164 656
34164 7055 656
7055 37926 656
37926 24474 656
24474 609 656
609 16534 656
16534 11793 656
11793 5226 656
5226 29179 656
29179 17005 656
17005 5212 656
5212 5693 656
5693 33187 656
33187 17281 656
17281 7506 656
7506 1902 656
1902 20982 656
20982 33570 656
33570 27328 656
27328 26249 656
26249 19303 656
19303 898 656
898 40702 656
40702 21725 656
21725 4321 656
4321 1688 656
1688 25101 656
25101 22140 656
22140 7347 656
7347 29730 656
29730 17891 656
17891 39904 656
39904 38550 656
38550 9922 656
9922 9311 656
9311 11673 656
11673 7593 656
7593 9904 656
9904 19659 656
19659 29838 656
29838 25024 656
25024 24325 656
24325 12331 656
12331 39260 656
39260 19626 656
19626 30039 656
30039 32680 656
32680 12260 656
12260 6311 656
6311 35512 656
35512 19748 656
19748 7647 656
7647 3498 656
3498 6680 656
6680 12160 656
12160 18473 656
18473 5490 656
5490 2800 656
2800 24169 656
24169 26156 656
26156 32816 656
32816 18346 656
18346 26600 656
26600 37927 656
37927 5089 656
5089 14043 656
14043 36030 656
36030 17269 656
17269 29443 656
29443 38756 656
38756 1074 656
1074 12949 656
12949 32889 656
32889 40945 656
40945 11819 656
11819 9076 656
9076 39730 656
39730 17872 656
17872 33201 656
33201 31528 656
31528 1905 656
1905 13735 656
13735 6743 656
6743 7115 656
7115 9509 656
9509 30269 656
30269 2842 656
2842 6165 656
6165 30951 656
30951 33576 656
33576 22534 656
22534 12293 656
12293 14862 656
14862 8139 656
8139 30731 656
30731 3952 656
3952 19302 656
19302 20551 656
20551 21201 656
21201 7422 656
7422 38430 656
38430 26197 656
26197 26238 656
26238 14642 656
14642 15261 656
15261 34007 656
34007 2650 656
2650 31609 656
31609 20599 656
20599 34187 656
34187 34070 656
34070 39324 656
39324 31250 656
31250 32782 656
32782 8079 656
8079 36119 656
36119 30574 656
30574 2792 656
2792 19403 656
19403 37370 656
37370 29962 656
29962 8948 656
8948 12297 656
12297 17238 656
17238 15665 656
15665 18279 656
18279 36733 656
36733 29249 656
29249 1551 656
1551 23350 656
23350 35335 656
35335 33489 656
33489 14864 656
14864 18684 656
18684 31725 656
31725 6040 656
6040 30029 656
30029 27190 656
27190 7381 656
7381 36186 656
36186 33761 656
33761 4497 656
4497 6147 656
6147 23373 656
23373 30727 656
30727 6682 656
6682 27285 656
27285 2067 656
2067 3480 656
3480 10543 656
10543 8898 656
8898 2848 656
2848 2633 656
2633 13645 656
13645 35446 656
35446 25826 656
25826 5000 656
5000 6011 656
6011 38254 656
38254 14839 656
14839 32849 656
32849 636 656
636 38104 656
38104 22749 656
22749 10352 656
10352 31168 656
31168 20208 656
20208 21195 656
21195 17393 656
17393 15436 656
15436 12958 656
12958 17348 656
17348 27835 656
27835 36183 656
36183 38617 656
38617 34600 656
34600 318 656
318 14350 656
14350 13909 656
13909 19677 656
19677 8996 656
8996 26615 656
26615 20888 656
20888 24228 656
24228 37899 656
37899 33532 656
33532 39747 656
39747 33849 656
33849 12339 656
12339 38560 656
38560 24019 656
24019 29769 656
29769 17203 656
17203 31292 656
31292 31584 656
31584 5558 656
5558 9135 656
9135 36098 656
36098 4490 656
4490 34603 656
34603 2187 656
2187 31642 656
31642 36581 656
36581 36342 656
36342 10158 656
10158 23674 656
23674 13343 656
13343 7013 656
7013 17170 656
17170 20813 656
20813 36482 656
36482 19807 656
19807 58 656
58 5883 656
5883 17594 656
17594 33841 656
33841 2255 656
2255 6715 656
6715 20415 656
20415 28133 656
28133 33301 656
33301 6530 656
6530 20932 656
20932 16144 656
16144 30583 656
30583 35556 656
35556 14439 656
14439 28563 656
28563 31847 656
31847 11061 656
11061 6954 656
6954 11566 656
11566 9853 656
9853 27796 656
27796 9868 656
9868 35482 656
35482 24222 656
24222 28640 656
28640 9170 656
9170 4417 656
4417 33126 656
33126 5296 656
5296 23167 656
23167 682 656
682 21498 656
21498 13177 656
13177 28127 656
28127 10656 656
10656 30667 656
30667 39384 656
39384 14693 656
14693 38023 656
38023 34279 656
34279 36576 656
36576 38921 656
38921 26034 656
26034 17183 656
17183 25543 656
25543 25805 656
25805 7859 656
7859 13906 656
13906 35244 656
35244 30742 656
30742 15991 656
15991 32267 656
32267 5698 656
5698 35344 656
35344 39566 656
39566 40197 656
40197 1767 656
1767 33329 656
33329 23614 656
23614 12306 656
12306 37980 656
37980 23881 656
23881 2525 656
2525 1289 656
1289 5304 656
5304 12734 656
12734 10727 656
10727 35818 656
35818 614 656
614 38149 656
38149 21291 656
21291 28141 656
28141 2074 656
2074 8117 656
8117 39271 656
39271 31657 656
31657 20947 656
20947 17821 656
17821 11118 656
11118 35149 656
35149 1128 656
1128 13077 656
13077 37070 656
37070 32316 656
32316 29605 656
29605 36833 656
36833 13861 656
13861 18111 656
18111 31521 656
31521 15755 656
15755 5601 656
5601 28198 656
28198 31901 656
31901 16777 656
16777 31048 656
31048 25357 656
25357 26041 656
26041 35828 656
35828 9923 656
9923 33601 656
33601 6761 656
6761 33585 656
33585 28027 656
28027 4352 656
4352 36653 656
36653 40618 656
40618 3011 656
3011 16405 656
16405 36345 656
36345 14006 656
14006 37884 656
37884 19003 656
19003 23827 656
23827 19471 656
19471 26113 656
26113 36848 656
36848 38382 656
38382 28410 656
28410 38016 656
38016 30665 656
30665 22712 656
22712 35071 656
35071 36494 656
36494 20009 656
20009 19920 656
19920 4729 656
4729 6829 656
6829 10832 656
10832 3098 656
3098 6729 656
6729 35817 656
35817 2368 656
2368 22066 656
22066 9261 656
9261 31038 656
31038 8505 656
8505 18377 656
18377 8540 656
8540 19836 656
19836 35097 656
35097 22679 656
22679 37468 656
37468 20220 656
20220 18139 656
18139 25802 656
25802 17118 656
17118 19979 656
19979 26656 656
26656 20990 656
20990 10967 656
10967 21026 656
21026 21458 656
21458 14470 656
14470 28884 656
28884 3782 656
3782 3448 656
3448 26940 656
26940 9524 656
9524 22869 656
22869 30288 656
30288 9437 656
9437 8038 656
8038 39880 656
39880 13 656
13 2687 656
2687 4706 656
4706 20014 656
20014 38437 656
38437 30813 656
30813 20364 656
20364 29931 656
29931 27837 656
27837 11554 656
11554 15296 656
15296 9039 656
9039 32406 656
32406 4873 656
4873 25013 656
25013 23557 656
23557 29072 656
29072 28609 656
28609 15509 656
15509 19480 656
19480 38749 656
38749 1922 656
1922 27908 656
27908 3794 656
3794 28921 656
28921 35462 656
35462 1324 656
1324 17278 656
17278 24741 656
24741 11866 656
11866 6904 656
6904 4249 656
4249 16041 656
16041 37563 656
37563 22183 656
22183 15067 656
15067 27642 656
27642 29456 656
29456 2537 656
2537 26879 656
26879 27525 656
27525 20975 656
20975 22303 656
22303 14444 656
14444 30855 656
30855 17454 656
17454 14743 656
14743 11173 656
11173 16964 656
16964 25466 656
25466 3284 656
3284 36658 656
36658 9389 656
9389 26800 656
26800 32632 656
32632 30364 656
30364 34578 656
34578 20215 656
20215 2194 656
2194 35645 656
35645 27363 656
27363 4828 656
4828 13039 656
13039 20115 656
20115 25599 656
25599 29064 656
29064 18359 656
18359 20326 656
20326 39848 656
39848 3474 656
3474 35205 656
35205 7548 656
7548 40735 656
40735 24444 656
24444 12757 656
12757 31578 656
31578 2914 656
2914 5668 656
5668 18162 656
18162 12320 656
12320 35654 656
35654 12724 656
12724 3488 656
3488 23782 656
23782 2538 656
2538 2888 656
2888 32594 656
32594 24975 656
24975 29461 656
29461 15000 656
15000 10977 656
10977 17992 656
17992 35977 656
35977 21225 656
21225 22143 656
22143 12549 656
12549 36542 656
36542 40557 656
40557 39401 656
39401 9891 656
9891 23510 656
23510 38892 656
38892 7722 656
7722 17095 656
17095 4710 656
4710 1751 656
1751 16862 656
16862 29650 656
29650 19600 656
19600 28644 656
28644 16061 656
16061 33384 656
33384 5639 656
5639 8544 656
8544 14045 656
14045 25785 656
25785 10218 656
10218 15977 656
15977 30289 656
30289 28036 656
28036 39574 656
39574 8384 656
8384 38783 656
38783 11306 656
11306 4676 656
4676 38058 656
38058 18225 656
18225 26174 656
26174 30589 656
30589 29631 656
29631 37688 656
37688 37397 656
37397 36768 656
36768 36621 656
36621 26518 656
26518 13767 656
13767 4095 656
4095 30016 656
30016 7303 656
7303 23916 656
23916 24715 656
24715 12986 656
12986 23556 656
23556 23807 656
23807 6852 656
6852 5771 656
5771 4500 656
4500 36247 656
36247 33415 656
33415 34662 656
34662 6495 656
6495 13896 656
13896 17585 656
17585 12305 656
12305 29304 656
29304 12874 656
12874 19495 656
19495 18751 656
18751 6550 656
6550 9423 656
9423 14604 656
14604 27293 656
27293 9344 656
9344 31016 656
31016 20728 656
20728 25945 656
25945 38679 656
38679 15756 656
15756 33741 656
33741 1841 656
1841 25260 656
25260 39732 656
39732 2450 656
2450 15571 656
15571 21067 656
21067 35516 656
35516 26336 656
26336 26547 656
26547 17136 656
17136 20756 656
20756 17980 656
17980 21778 656
21778 38253 656
38253 38060 656
38060 11120 656
11120 37931 656
37931 22580 656
22580 14669 656
14669 14225 656
14225 29514 656
29514 40422 656
40422 9029 656
9029 22299 656
22299 5030 656
5030 18124 656
18124 32171 656
32171 33839 656
33839 16247 656
16247 33169 656
33169 24356 656
24356 23158 656
23158 25198 656
25198 30666 656
30666 40847 656
40847 15180 656
15180 32710 656
32710 9359 656
9359 36946 656
36946 5991 656
5991 11616 656
11616 20650 656
20650 25142 656
25142 15038 656
15038 26143 656
26143 8506 656
8506 15721 656
15721 35297 656
35297 33256 656
33256 9709 656
9709 11155 656
11155 26138 656
26138 35998 656
35998 24782 656
24782 38933 656
38933 11906 656
11906 34539 656
34539 23804 656
23804 539 656
539 8332 656
8332 8455 656
8455 38887 656
38887 32703 656
32703 4869 656
4869 15864 656
15864 24599 656
24599 28226 656
28226 17780 656
17780 19513 656
19513 19555 656
19555 21556 656
21556 34023 656
34023 23162 656
23162 29124 656
29124 21578 656
21578 25191 656
25191 4868 656
4868 3616 656
3616 15348 656
15348 18984 656
18984 7792 656
7792 9475 656
9475 3501 656
3501 16850 656
16850 39399 656
39399 10997 656
10997 16519 656
16519 8548 656
8548 23708 656
23708 40796 656
40796 22318 656
22318 13385 656
13385 40390 656
40390 11179 656
11179 11108 656
11108 39314 656
39314 8433 656
8433 16334 656
16334 5948 656
5948 5730 656
5730 10174 656
10174 14866 656
14866 2343 656
2343 12318 656
12318 27388 656
27388 9628 656
9628 40665 656
40665 24020 656
24020 31979 656
31979 25505 656
25505 21470 656
21470 6796 656
6796 36227 656
36227 21594 656
21594 2590 656
2590 5428 656
5428 13860 656
13860 37590 656
37590 17235 656
17235 22250 656
22250 10119 656
10119 15495 656
15495 4341 656
4341 37137 656
37137 28420 656
28420 2266 656
2266 37995 656
37995 20929 656
20929 14653 656
14653 8620 656
8620 20120 656
20120 13720 656
13720 9655 656
9655 27685 656
27685 40059 656
40059 22111 656
22111 11601 656
11601 33497 656
33497 17722 656
17722 11644 656
11644 22644 656
22644 8855 656
8855 9304 656
9304 20214 656
20214 16951 656
16951 26025 656
26025 27877 656
27877 3696 656
3696 13215 656
13215 20015 656
20015 16550 656
16550 25243 656
25243 28348 656
28348 3915 656
3915 7464 656
7464 23648 656
23648 8821 656
8821 40940 656
40940 11444 656
11444 319 656
319 13917 656
13917 27582 656
27582 2284 656
2284 30807 656
30807 4219 656
4219 25846 656
25846 9578 656
9578 8489 656
8489 9463 656
9463 23652 656
23652 11507 656
11507 4033 656
4033 500 656
500 40309 656
40309 12502 656
12502 21505 656
21505 34976 656
34976 40653 656
40653 33874 656
33874 14242 656
14242 12168 656
12168 30116 656
30116 19633 656
19633 28969 656
28969 14917 656
14917 9919 656
9919 25989 656
25989 2089 656
2089 12625 656
12625 1463 656
1463 4561 656
4561 37994 656
37994 31280 656
31280 34924 656
34924 20827 656
20827 11027 656
11027 23000 656
23000 16602 656
16602 25081 656
25081 36417 656
36417 40101 656
40101 34523 656
34523 27583 656
27583 13020 656
13020 19785 656
19785 5612 656
5612 36988 656
36988 14961 656
14961 18943 656
18943 23198 656
23198 5010 656
5010 6507 656
6507 24244 656
24244 18501 656
18501 2606 656
2606 34259 656
34259 11567 656
11567 38047 656
38047 23186 656
23186 22093 656
22093 1833 656
1833 9401 656
9401 38456 656
38456 9647 656
9647 4880 656
4880 35259 656
35259 29272 656
29272 28232 656
28232 12344 656
12344 17978 656
17978 29655 656
29655 22689 656
22689 11563 656
11563 34218 656
34218 18249 656
18249 31571 656
31571 29479 656
29479 13149 656
13149 22658 656
22658 20946 656
20946 29496 656
29496 38310 656
38310 498 656
498 15887 656
15887 34902 656
34902 26279 656
26279 8483 656
8483 32545 656
32545 14383 656
14383 17333 656
17333 2062 656
2062 34200 656
34200 16048 656
16048 14214 656
14214 20584 656
20584 16148 656
16148 12933 656
12933 9178 656
9178 6102 656
6102 26222 656
26222 33945 656
33945 25112 656
25112 22699 656
22699 30344 656
30344 9403 656
9403 2164 656
2164 25290 656
25290 27667 656
27667 26186 656
26186 17630 656
17630 32692 656
32692 8610 656
8610 19780 656
19780 20168 656
20168 37820 656
37820 15408 656
15408 39774 656
39774 40797 656
40797 30474 656
30474 26379 656
26379 21834 656
21834 10762 656
10762 11266 656
11266 16210 656
16210 6924 656
6924 27264 656
27264 39913 656
39913 9695 656
9695 31914 656
31914 17870 656
17870 324 656
324 4115 656
4115 23746 656
23746 36693 656
36693 20723 656
20723 21237 656
21237 607 656
607 11637 656
11637 31493 656
31493 34754 656
34754 22713 656
22713 2321 656
2321 16720 656
16720 40388 656
40388 25279 656
25279 14398 656
14398 5709 656
5709 5381 656
5381 4012 656
4012 2660 656
2660 11475 656
11475 25807 656
25807 4599 656
4599 28756 656
28756 36228 656
36228 37306 656
37306 30754 656
30754 474 656
474 5190 656
5190 604 656
604 38547 656
38547 7191 656
7191 19356 656
19356 28696 656
28696 9855 656
9855 3509 656
3509 38237 656
38237 13415 656
13415 12593 656
12593 23183 656
23183 14046 656
14046 32500 656
32500 9417 656
9417 19520 656
19520 15279 656
15279 11104 656
11104 21762 656
21762 36008 656
36008 7969 656
7969 20799 656
20799 16111 656
16111 40233 656
40233 32480 656
32480 18273 656
18273 38736 656
38736 11786 656
11786 27096 656
27096 30181 656
30181 35959 656
35959 33388 656
33388 94 656
94 716 656
716 27603 656
27603 32013 656
32013 21289 656
21289 30380 656
30380 34620 656
34620 35705 656
35705 26402 656
26402 35667 656
35667 589 656
589 17285 656
17285 3938 656
3938 31800 656
31800 3219 656
3219 10095 656
10095 2124 656
2124 10324 656
10324 28906 656
28906 32389 656
32389 3358 656
3358 18178 656
18178 39471 656
39471 26010 656
26010 33236 656
33236 12546 656
12546 3115 656
3115 7003 656
7003 18775 656
18775 22024 656
22024 36492 656
36492 25377 656
25377 34670 656
34670 27114 656
27114 30290 656
30290 37492 656
37492 29228 656
29228 27907 656
27907 21819 656
21819 13190 656
13190 33034 656
33034 22751 656
22751 38009 656
38009 13075 656
13075 15002 656
15002 10646 656
10646 11440 656
11440 27007 656
27007 31121 656
31121 38583 656
38583 39856 656
39856 18366 656
18366 3807 656
3807 34894 656
34894 10745 656
10745 3482 656
3482 35036 656
35036 24037 656
24037 31928 656
31928 4743 656
4743 18591 656
18591 12277 656
12277 31422 656
31422 33905 656
33905 20732 656
20732 27091 656
27091 20499 656
20499 14231 656
14231 27432 656
27432 38361 656
38361 10565 656
10565 8590 656
8590 266 656
266 15884 656
15884 29709 656
29709 31781 656
31781 36884 656
36884 26460 656
26460 36996 656
36996 35848 656
35848 29878 656
29878 14191 656
14191 21770 656
21770 1191 656
1191 27775 656
27775 17030 656
17030 36631 656
36631 6810 656
6810 20083 656
20083 38777 656
38777 31885 656
31885 15297 656
15297 5808 656
5808 18641 656
18641 24780 656
24780 5537 656
5537 1960 656
1960 16448 656
16448 39392 656
39392 12727 656
12727 1044 656
1044 19079 656
19079 27508 656
27508 8885 656
8885 35910 656
35910 21343 656
21343 35123 656
35123 24633 656
24633 18522 656
18522 22572 656
22572 35030 656
35030 14005 656
14005 32636 656
32636 32339 656
32339 1308 656
1308 28075 656
28075 18327 656
18327 33165 656
33165 28946 656
28946 9605 656
9605 13591 656
13591 21365 656
21365 32974 656
32974 22366 656
22366 23888 656
23888 40037 656
40037 38862 656
38862 19349 656
19349 7345 656
7345 2261 656
2261 38121 656
38121 14165 656
14165 27511 656
27511 3640 656
3640 30550 656
30550 30134 656
30134 21779 656
21779 4278 656
4278 2834 656
2834 23485 656
23485 28830 656
28830 22177 656
22177 19567 656
19567 5376 656
5376 21688 656
21688 1887 656
1887 17808 656
17808 32114 656
32114 30038 656
30038 19467 656
19467 11581 656
11581 7690 656
7690 37764 656
37764 29066 656
29066 32351 656
32351 35136 656
35136 28472 656
28472 40513 656
40513 29001 656
29001 33816 656
33816 34543 656
34543 39337 656
39337 12684 656
12684 39983 656
39983 4153 656
4153 4758 656
4758 4721 656
4721 15428 656
15428 39560 656
39560 38231 656
38231 27137 656
27137 3714 656
3714 10779 656
10779 14843 656
14843 13478 656
13478 33715 656
33715 27348 656
27348 14332 656
14332 1588 656
1588 16464 656
16464 37958 656
37958 36161 656
36161 5483 656
5483 40860 656
40860 37065 656
37065 26309 656
26309 13323 656
13323 2262 656
2262 22775 656
22775 39578 656
39578 19531 656
19531 31810 656
31810 9411 656
9411 13990 656
13990 3125 656
3125 5303 656
5303 13750 656
13750 12694 656
12694 23626 656
23626 25450 656
25450 18340 656
18340 37809 656
37809 4177 656
4177 34911 656
34911 39202 656
39202 3502 656
3502 4533 656
4533 37661 656
37661 3523 656
3523 26411 656
26411 19256 656
19256 30930 656
30930 24958 656
24958 21032 656
21032 5451 656
5451 24178 656
24178 33485 656
33485 4231 656
4231 36451 656
36451 32252 656
32252 36499 656
36499 35692 656
35692 9218 656
9218 37436 656
37436 26735 656
26735 31119 656
31119 34752 656
34752 14578 656
14578 31109 656
31109 17577 656
17577 28800 656
28800 14991 656
14991 6299 656
6299 13787 656
13787 15969 656
15969 24329 656
24329 6446 656
6446 32172 656
32172 35586 656
35586 949 656
949 10950 656
10950 23740 656
23740 20968 656
20968 20638 656
20638 21326 656
21326 34021 656
34021 24262 656
24262 19529 656
19529 8555 656
8555 10839 656
10839 14380 656
14380 69 656
69 17011 656
17011 25269 656
25269 31676 656
31676 17719 656
17719 30838 656
30838 15127 656
15127 758 656
758 35623 656
35623 19662 656
19662 2673 656
2673 20822 656
20822 37264 656
37264 3781 656
3781 10686 656
10686 18731 656
18731 13073 656
13073 26853 656
26853 38452 656
38452 39266 656
39266 39382 656
39382 16576 656
16576 38563 656
38563 3729 656
3729 25202 656
25202 18113 656
18113 30099 656
30099 27352 656
27352 40260 656
40260 24969 656
24969 21323 656
21323 6063 656
6063 14388 656
14388 2952 656
2952 40084 656
40084 38561 656
38561 6880 656
6880 8103 656
8103 33154 656
33154 38543 656
38543 37251 656
37251 8836 656
8836 38324 656
38324 29661 656
29661 29701 656
29701 38856 656
38856 19687 656
19687 8987 656
8987 18315 656
18315 8377 656
8377 31867 656
31867 12819 656
12819 29518 656
29518 38904 656
38904 27399 656
27399 37889 656
37889 11383 656
11383 38271 656
38271 35653 656
35653 223 656
223 14227 656
14227 24030 656
24030 38110 656
38110 38775 656
38775 26195 656
26195 32992 656
32992 20387 656
20387 38591 656
38591 23170 656
23170 2860 656
2860 3248 656
3248 13296 656
13296 4408 656
4408 24790 656
24790 13332 656
13332 12529 656
12529 3403 656
3403 13387 656
13387 24605 656
24605 38721 656
38721 14160 656
14160 34174 656
34174 17833 656
17833 34713 656
34713 28982 656
28982 35130 656
35130 31746 656
31746 12597 656
12597 21715 656
21715 32165 656
32165 28456 656
28456 19461 656
19461 19729 656
19729 3460 656
3460 14425 656
14425 40824 656
40824 18304 656
18304 623 656
623 38373 656
38373 14319 656
14319 19002 656
19002 21575 656
21575 31772 656
31772 14213 656
14213 15657 656
15657 7331 656
7331 8435 656
8435 12891 656
12891 24854 656
24854 38770 656
38770 38734 656
38734 1079 656
1079 29337 656
29337 9079 656
9079 31823 656
31823 12735 656
12735 4181 656
4181 39968 656
39968 2069 656
2069 33824 656
33824 17949 656
17949 26401 656
26401 23340 656
23340 36454 656
36454 34893 656
34893 16367 656
16367 38461 656
38461 11847 656
11847 9822 656
9822 16227 656
16227 29213 656
29213 33188 656
33188 13183 656
13183 17150 656
17150 30749 656
30749 32639 656
32639 15043 656
15043 31512 656
31512 10438 656
10438 3037 656
3037 36757 656
36757 26863 656
26863 24614 656
24614 2163 656
2163 19947 656
19947 32833 656
32833 14321 656
14321 39575 656
39575 35799 656
35799 20750 656
20750 38928 656
38928 8444 656
8444 25199 656
25199 27069 656
27069 29265 656
29265 11590 656
11590 12083 656
12083 31289 656
31289 16155 656
16155 2345 656
2345 29047 656
29047 382 656
382 4361 656
4361 34961 656
34961 18460 656
18460 22803 656
22803 15227 656
15227 6240 656
6240 20281 656
20281 19706 656
19706 26372 656
26372 29590 656
29590 33223 656
33223 9397 656
9397 23989 656
23989 9265 656
9265 8256 656
8256 23528 656
23528 7750 656
7750 1199 656
1199 14149 656
14149 22416 656
22416 21213 656
21213 30518 656
30518 7099 656
7099 631 656
631 6258 656
6258 13260 656
13260 21272 656
21272 37530 656
37530 8104 656
8104 4083 656
4083 20078 656
20078 4624 656
4624 28113 656
28113 42 656
42 1534 656
1534 1814 656
1814 2710 656
2710 18728 656
18728 8013 656
8013 21884 656
21884 24131 656
24131 18010 656
18010 20500 656
20500 34654 656
34654 34969 656
34969 14251 656
14251 9875 656
9875 38395 656
38395 31803 656
31803 7302 656
7302 22620 656
22620 16769 656
16769 28631 656
28631 22172 656
22172 2475 656
2475 4082 656
4082 40762 656
40762 39042 656
39042 33433 656
33433 39558 656
39558 37834 656
37834 2562 656
2562 15873 656
15873 24847 656
24847 26751 656
26751 12436 656
12436 31062 656
31062 5620 656
5620 8865 656
8865 35551 656
35551 12523 656
12523 8609 656
8609 24115 656
24115 22266 656
22266 37165 656
37165 8889 656
8889 17199 656
17199 22523 656
22523 4995 656
4995 36257 656
36257 14114 656
14114 14776 656
14776 27800 656
27800 3748 656
3748 26771 656
26771 40563 656
40563 9858 656
9858 5337 656
5337 8464 656
8464 7412 656
7412 35124 656
35124 19049 656
19049 4239 656
4239 21053 656
21053 16324 656
16324 19274 656
19274 35886 656
35886 5133 656
5133 3706 656
3706 2676 656
2676 10284 656
10284 18101 656
18101 32673 656
32673 6355 656
6355 15092 656
15092 9601 656
9601 16211 656
16211 21966 656
21966 37163 656
37163 17549 656
17549 34130 656
34130 25749 656
25749 6018 656
6018 39362 656
39362 14959 656
14959 34563 656
34563 31306 656
31306 8908 656
8908 19189 656
19189 21442 656
21442 8791 656
8791 36337 656
36337 22862 656
22862 22810 656
22810 35995 656
35995 18809 656
18809 32521 656
32521 19498 656
19498 22581 656
22581 9303 656
9303 10401 656
10401 20409 656
20409 39588 656
39588 2451 656
2451 3637 656
3637 34723 656
34723 37257 656
37257 19908 656
19908 35192 656
35192 30868 656
30868 40152 656
40152 36162 656
36162 2975 656
2975 12185 656
12185 24063 656
24063 16661 656
16661 12623 656
12623 9773 656
9773 23705 656
23705 3775 656
3775 26494 656
26494 39655 656
39655 35413 656
35413 8445 656
8445 3871 656
3871 5663 656
5663 29052 656
29052 38642 656
38642 14623 656
14623 20775 656
20775 40711 656
40711 21631 656
21631 5248 656
5248 22207 656
22207 21625 656
21625 17947 656
17947 21301 656
21301 11362 656
11362 16499 656
16499 3377 656
3377 38286 656
38286 9934 656
9934 12196 656
12196 28873 656
28873 8845 656
8845 9429 656
9429 5391 656
5391 11488 656
11488 21626 656
21626 7036 656
7036 29391 656
29391 22610 656
22610 20972 656
20972 32146 656
32146 26757 656
26757 24893 656
24893 11390 656
11390 39523 656
39523 32585 656
32585 10221 656
10221 19277 656
19277 9666 656
9666 32460 656
32460 28409 656
28409 39241 656
39241 13693 656
13693 12175 656
12175 28393 656
28393 31589 656
31589 29315 656
29315 30019 656
30019 34083 656
34083 3363 656
3363 11470 656
11470 3996 656
3996 599 656
599 40804 656
40804 39487 656
39487 13309 656
13309 33817 656
33817 4399 656
4399 24666 656
24666 28432 656
28432 25174 656
25174 26719 656
26719 4342 656
4342 33263 656
33263 4106 656
4106 32403 656
32403 6414 656
6414 31811 656
31811 22823 656
22823 35460 656
35460 14818 656
14818 24003 656
24003 24798 656
24798 32402 656
32402 32697 656
32697 5063 656
5063 29572 656
29572 13315 656
13315 38841 656
38841 29065 656
29065 32187 656
32187 20330 656
20330 23093 656
23093 36260 656
36260 24174 656
24174 29925 656
29925 11207 656
11207 1962 656
1962 9202 656
9202 39057 656
39057 9660 656
9660 27544 656
27544 13233 656
13233 10239 656
10239 26554 656
26554 26398 656
26398 28484 656
28484 2755 656
2755 19220 656
19220 7597 656
7597 28196 656
28196 38475 656
38475 25224 656
25224 2385 656
2385 40808 656
40808 29320 656
29320 26163 656
26163 33864 656
33864 29543 656
29543 24588 656
24588 18635 656
18635 32160 656
32160 2879 656
2879 31266 656
31266 31479 656
31479 10795 656
10795 38283 656
38283 21567 656
21567 38224 656
38224 21138 656
21138 21444 656
21444 29600 656
29600 35505 656
35505 18793 656
18793 11524 656
11524 23477 656
23477 35638 656
35638 12832 656
12832 25133 656
25133 2280 656
2280 11086 656
11086 862 656
862 11217 656
11217 27456 656
27456 13886 656
13886 2048 656
2048 34853 656
34853 14827 656
14827 16522 656
16522 2885 656
2885 37522 656
37522 32385 656
32385 22105 656
22105 6640 656
6640 24563 656
24563 32602 656
32602 19333 656
19333 13230 656
13230 9898 656
9898 368 656
368 20793 656
20793 14456 656
14456 34167 656
34167 26414 656
26414 1936 656
1936 22592 656
22592 8317 656
8317 16416 656
16416 25160 656
25160 32966 656
32966 40328 656
40328 25540 656
25540 2956 656
2956 2449 656
2449 8342 656
8342 40980 656
40980 6723 656
6723 34120 656
34120 13926 656
13926 30103 656
30103 10637 656
10637 24309 656
24309 2507 656
2507 14977 656
14977 36702 656
36702 35210 656
35210 10895 656
10895 25083 656
25083 15963 656
15963 33665 656
33665 24805 656
24805 25219 656
25219 38161 656
38161 4980 656
4980 1457 656
1457 22692 656
22692 27785 656
27785 25248 656
25248 36007 656
36007 583 656
583 38 656
38 26798 656
26798 38981 656
38981 30217 656
30217 25441 656
25441 31263 656
31263 24511 656
24511 8559 656
8559 15364 656
15364 6045 656
6045 18832 656
18832 25586 656
25586 27487 656
27487 7498 656
7498 946 656
946 18589 656
18589 26872 656
26872 26776 656
26776 37534 656
37534 32670 656
32670 14196 656
14196 30218 656
30218 40294 656
40294 4453 656
4453 24966 656
24966 34831 656
34831 34607 656
34607 7016 656
7016 23732 656
23732 38291 656
38291 4923 656
4923 16836 656
16836 18953 656
18953 20737 656
20737 14021 656
14021 11399 656
11399 16106 656
16106 12431 656
12431 38939 656
38939 40464 656
40464 6987 656
6987 24395 656
24395 10934 656
10934 473 656
473 20181 656
20181 2359 656
2359 3590 656
3590 303 656
303 39051 656
39051 30869 656
30869 6164 656
6164 28767 656
28767 3062 656
3062 23980 656
23980 25222 656
25222 12619 656
12619 7602 656
7602 37421 656
37421 28066 656
28066 15451 656
15451 1046 656
1046 12091 656
12091 4516 656
4516 25031 656
25031 37900 656
37900 40316 656
40316 35222 656
35222 4542 656
4542 36643 656
36643 13579 656
13579 8951 656
8951 1862 656
1862 28112 656
28112 21564 656
21564 23582 656
23582 36685 656
36685 34194 656
34194 4595 656
4595 1654 656
1654 18380 656
18380 37997 656
37997 22116 656
22116 11978 656
11978 6876 656
6876 6298 656
6298 4651 656
4651 14564 656
14564 19327 656
19327 3080 656
3080 611 656
611 16979 656
16979 7960 656
7960 18397 656
18397 4986 656
4986 30548 656
30548 9184 656
9184 4274 656
4274 17926 656
17926 3720 656
3720 21487 656
21487 31228 656
31228 28673 656
28673 14181 656
14181 1328 656
1328 4617 656
4617 22038 656
22038 14588 656
14588 20754 656
20754 18011 656
18011 21432 656
21432 38405 656
38405 12899 656
12899 33639 656
33639 31532 656
31532 31958 656
31958 32375 656
32375 34671 656
34671 18714 656
18714 33902 656
33902 13851 656
13851 16442 656
16442 6249 656
6249 9673 656
9673 8938 656
8938 2114 656
2114 39010 656
39010 12820 656
12820 16253 656
16253 29233 656
29233 37295 656
37295 1322 656
1322 23098 656
23098 16294 656
16294 35285 656
35285 25458 656
25458 18349 656
18349 21174 656
21174 26620 656
26620 6526 656
6526 5900 656
5900 6476 656
6476 13556 656
13556 106 656
106 34644 656
34644 27751 656
27751 20660 656
20660 6345 656
6345 36303 656
36303 38932 656
38932 3279 656
3279 25255 656
25255 2214 656
2214 30972 656
30972 37709 656
37709 17881 656
17881 11555 656
11555 3599 656
3599 38744 656
38744 34750 656
34750 17803 656
17803 29266 656
29266 918 656
918 37658 656
37658 37403 656
37403 23593 656
23593 3544 656
3544 33259 656
33259 20913 656
20913 34762 656
34762 15890 656
15890 17172 656
17172 13037 656
13037 3249 656
3249 36697 656
36697 903 656
903 24148 656
24148 4949 656
4949 35713 656
35713 5197 656
5197 35779 656
35779 38660 656
38660 192 656
192 14048 656
14048 36177 656
36177 5885 656
5885 18764 656
18764 8215 656
8215 18454 656
18454 16375 656
16375 13150 656
13150 16044 656
16044 36029 656
36029 1945 656
1945 15843 656
15843 6945 656
6945 26977 656
26977 22478 656
22478 12697 656
12697 24683 656
24683 25770 656
25770 7576 656
7576 17516 656
17516 9665 656
9665 21605 656
21605 29437 656
29437 32462 656
32462 30124 656
30124 34196 656
34196 33409 656
33409 21110 656
21110 7635 656
7635 8368 656
8368 30133 656
30133 29520 656
29520 11309 656
11309 8704 656
8704 39869 656
39869 20518 656
20518 37000 656
37000 15255 656
15255 23424 656
23424 31142 656
31142 6415 656
6415 10926 656
10926 5840 656
5840 7927 656
7927 27918 656
27918 20558 656
20558 25566 656
25566 22815 656
22815 39161 656
39161 30911 656
30911 23795 656
23795 32409 656
32409 2897 656
2897 29184 656
29184 17548 656
17548 13701 656
13701 26226 656
26226 6242 656
6242 9181 656
9181 34984 656
34984 19926 656
19926 15645 656
15645 3359 656
3359 25302 656
25302 16853 656
16853 11884 656
11884 35122 656
35122 22288 656
22288 9982 656
9982 9492 656
9492 31776 656
31776 26896 656
26896 31447 656
31447 23990 656
23990 38599 656
38599 17024 656
17024 8220 656
8220 37197 656
37197 19660 656
19660 22587 656
22587 26694 656
26694 35896 656
35896 14635 656
14635 8634 656
8634 37986 656
37986 6611 656
6611 13807 656
13807 4224 656
4224 8221 656
8221 3058 656
3058 3531 656
3531 7733 656
7733 35576 656
35576 14793 656
14793 40635 656
40635 39492 656
39492 26750 656
26750 15934 656
15934 27296 656
27296 37735 656
37735 5695 656
5695 15097 656
15097 30352 656
30352 29469 656
29469 35217 656
35217 654 656
654 11167 656
11167 32182 656
32182 37854 656
37854 5494 656
5494 40911 656
40911 23023 656
23023 18599 656
18599 5800 656
5800 38050 656
38050 40271 656
40271 29488 656
29488 304 656
304 9159 656
9159 13874 656
13874 8508 656
8508 7888 656
7888 20501 656
20501 3172 656
3172 23595 656
23595 34849 656
34849 29793 656
29793 15316 656
15316 29143 656
29143 5962 656
5962 22653 656
22653 10793 656
10793 4783 656
4783 39002 656
39002 39189 656
39189 11132 656
11132 25510 656
25510 630 656
630 23042 656
23042 24058 656
24058 30245 656
30245 11469 656
11469 36039 656
36039 29501 656
29501 12513 656
12513 7502 656
7502 36243 656
36243 13908 656
13908 1764 656
1764 14328 656
14328 24583 656
24583 13197 656
13197 23975 656
23975 364 656
364 24964 656
24964 34491 656
34491 32163 656
32163 26725 656
26725 39945 656
39945 20290 656
20290 27413 656
27413 28652 656
28652 33276 656
33276 35414 656
35414 11807 656
11807 2895 656
2895 17340 656
17340 3584 656
3584 12769 656
12769 4059 656
4059 24346 656
24346 29560 656
29560 5908 656
5908 21916 656
21916 39851 656
39851 28050 656
28050 36273 656
36273 19741 656
19741 28242 656
28242 26461 656
26461 21801 656
21801 32212 656
32212 20504 656
20504 33833 656
33833 13348 656
13348 25107 656
25107 29321 656
29321 25072 656
25072 13894 656
13894 26132 656
26132 29796 656
29796 30825 656
30825 13019 656
13019 14329 656
14329 38486 656
38486 13485 656
13485 17050 656
17050 24611 656
24611 17352 656
17352 5441 656
5441 11868 656
11868 34418 656
34418 14173 656
14173 19169 656
19169 12374 656
12374 27678 656
27678 6666 656
6666 29082 656
29082 24047 656
24047 29666 656
29666 40877 656
40877 2985 656
2985 13373 656
13373 11746 656
11746 33057 656
33057 21410 656
21410 39960 656
39960 6481 656
6481 40626 656
40626 23159 656
23159 30763 656
30763 17016 656
17016 22747 656
22747 9459 656
9459 19591 656
19591 2084 656
2084 19547 656
19547 23861 656
23861 306 656
306 12858 656
12858 9196 656
9196 39224 656
39224 29036 656
29036 4974 656
4974 11932 656
11932 12942 656
12942 4777 656
4777 37886 656
37886 362 656
362 2696 656
2696 8773 656
8773 4073 656
4073 19937 656
19937 32654 656
32654 39352 656
39352 21847 656
21847 28785 656
28785 8903 656
8903 15027 656
15027 25638 656
25638 23380 656
23380 24021 656
24021 15001 656
15001 37857 656
37857 21238 656
21238 38334 656
38334 40707 656
40707 40189 656
40189 37003 656
37003 22943 656
22943 34982 656
34982 3051 656
3051 14189 656
14189 16639 656
16639 32122 656
32122 969 656
969 9438 656
9438 25221 656
25221 38768 656
38768 27124 656
27124 3930 656
3930 7751 656
7751 38137 656
38137 16617 656
16617 37786 656
37786 15160 656
15160 5037 656
5037 35558 656
35558 30093 656
30093 24637 656
24637 37541 656
37541 28486 656
28486 34515 656
34515 39262 656
39262 26490 656
26490 20646 656
20646 20902 656
20902 26443 656
26443 1136 656
1136 38681 656
38681 32562 656
32562 35925 656
35925 14468 656
14468 17113 656
17113 7745 656
7745 25018 656
25018 4162 656
4162 17983 656
17983 7100 656
7100 21496 656
21496 36781 656
36781 32557 656
32557 14440 656
14440 17392 656
17392 27513 656
27513 39619 656
39619 40214 656
40214 7245 656
7245 8302 656
8302 9505 656
9505 36826 656
36826 36609 656
36609 37389 656
37389 34478 656
34478 213 656
213 21062 656
21062 36427 656
36427 24698 656
24698 31515 656
31515 2033 656
2033 15661 656
15661 38557 656
38557 31505 656
31505 7362 656
7362 9638 656
9638 30883 656
30883 1572 656
1572 2749 656
2749 39846 656
39846 34332 656
34332 28464 656
28464 39751 656
39751 4459 656
4459 14360 656
14360 26042 656
26042 30345 656
30345 32240 656
32240 40713 656
40713 34095 656
34095 17482 656
17482 37791 656
37791 28052 656
28052 16886 656
16886 34132 656
34132 7290 656
7290 32345 656
32345 32538 656
32538 34410 656
34410 7639 656
7639 2349 656
2349 20226 656
20226 34518 656
34518 11927 656
11927 15912 656
15912 37449 656
37449 15470 656
15470 10955 656
10955 12153 656
12153 30426 656
30426 35466 656
35466 22247 656
22247 36901 656
36901 33437 656
33437 40787 656
40787 24756 656
24756 12501 656
12501 25673 656
25673 879 656
879 21803 656
21803 1644 656
1644 36767 656
36767 18539 656
18539 127 656
127 13837 656
13837 15486 656
15486 29409 656
29409 17196 656
17196 32341 656
32341 10922 656
10922 20272 656
20272 29237 656
29237 10223 656
10223 25869 656
25869 22283 656
22283 39636 656
39636 888 656
888 26943 656
26943 4785 656
4785 10210 656
10210 23905 656
23905 17023 656
17023 25901 656
25901 6872 656
6872 28241 656
28241 5251 656
5251 5542 656
5542 35903 656
35903 26154 656
26154 28278 656
28278 25373 656
25373 13927 656
13927 35197 656
35197 8125 656
8125 21428 656
21428 3492 656
3492 37001 656
37001 5032 656
5032 8081 656
8081 23539 656
23539 11039 656
11039 7978 656
7978 3091 656
3091 28163 656
28163 13655 656
13655 692 656
692 8049 656
8049 28260 656
28260 22065 656
22065 19952 656
19952 27041 656
27041 16301 656
16301 36968 656
36968 23854 656
23854 30627 656
30627 14349 656
14349 30733 656
30733 20595 656
20595 15925 656
15925 29867 656
29867 33913 656
33913 32138 656
32138 25607 656
25607 20771 656
20771 30539 656
30539 2091 656
2091 27584 656
27584 1283 656
1283 25176 656
25176 29263 656
29263 11609 656
11609 1903 656
1903 31707 656
31707 24501 656
24501 16553 656
16553 20373 656
20373 20550 656
20550 9510 656
9510 11424 656
11424 31345 656
31345 26479 656
26479 28248 656
28248 25694 656
25694 7304 656
7304 37511 656
37511 16157 656
16157 11816 656
11816 24200 656
24200 38130 656
38130 4779 656
4779 28239 656
28239 10742 656
10742 1389 656
1389 15878 656
15878 31380 656
31380 25965 656
25965 3381 656
3381 25200 656
25200 23211 656
23211 20363 656
20363 8921 656
8921 23234 656
23234 16934 656
16934 12995 656
12995 5464 656
5464 19946 656
19946 22849 656
22849 3953 656
3953 9199 656
9199 37552 656
37552 35967 656
35967 29483 656
29483 24918 656
24918 31083 656
31083 15658 656
15658 32906 656
32906 23403 656
23403 22374 656
22374 5366 656
5366 1942 656
1942 21271 656
21271 29035 656
29035 9355 656
9355 22973 656
22973 38090 656
38090 37811 656
37811 8398 656
8398 37307 656
37307 26082 656
26082 21787 656
21787 15752 656
15752 4848 656
4848 5826 656
5826 3754 656
3754 36579 656
36579 6310 656
6310 31183 656
31183 11037 656
11037 20366 656
20366 387 656
387 5678 656
5678 36564 656
36564 19916 656
19916 26169 656
26169 12222 656
12222 30718 656
30718 33809 656
33809 6982 656
6982 12362 656
12362 40105 656
40105 34289 656
34289 20565 656
20565 25820 656
25820 22480 656
22480 22556 656
22556 13017 656
13017 14954 656
14954 16035 656
16035 38460 656
38460 329 656
329 4180 656
4180 8582 656
8582 37394 656
37394 40725 656
40725 34656 656
34656 28558 656
28558 1055 656
1055 2297 656
2297 25892 656
25892 25488 656
25488 40876 656
40876 36062 656
36062 6493 656
6493 16812 656
16812 27691 656
27691 22733 656
22733 23411 656
23411 1005 656
1005 5457 656
5457 21400 656
21400 35979 656
35979 35051 656
35051 30125 656
30125 2600 656
2600 33226 656
33226 28483 656
28483 24224 656
24224 13651 656
13651 23301 656
23301 12349 656
12349 18157 656
18157 35216 656
35216 5973 656
5973 23310 656
23310 28476 656
28476 39663 656
39663 19730 656
19730 17080 656
17080 14930 656
14930 21117 656
21117 36780 656
36780 34094 656
34094 22370 656
22370 7753 656
7753 13561 656
13561 19499 656
19499 15099 656
15099 33141 656
33141 2481 656
2481 25574 656
25574 28291 656
28291 2719 656
2719 35440 656
35440 31047 656
31047 9657 656
9657 13570 656
13570 9380 656
9380 13540 656
13540 37748 656
37748 9503 656
9503 7040 656
7040 18928 656
18928 26529 656
26529 23312 656
23312 19917 656
19917 26849 656
26849 3643 656
3643 20225 656
20225 7096 656
7096 9065 656
9065 13349 656
13349 34719 656
34719 18394 656
18394 24709 656
24709 996 656
996 6458 656
6458 26763 656
26763 22618 656
22618 25822 656
25822 20384 656
20384 11174 656
11174 4398 656
4398 15906 656
15906 39075 656
39075 31974 656
31974 12512 656
12512 8802 656
8802 3986 656
3986 13836 656
13836 14171 656
14171 24342 656
24342 32334 656
32334 35330 656
35330 7964 656
7964 25490 656
25490 33398 656
33398 31364 656
31364 29197 656
29197 23472 656
23472 34652 656
34652 17388 656
17388 24696 656
24696 33941 656
33941 29376 656
29376 22856 656
22856 18092 656
18092 28459 656
28459 23521 656
23521 28823 656
28823 33887 656
33887 9558 656
9558 28104 656
28104 36385 656
36385 39512 656
39512 24874 656
24874 12459 656
12459 1772 656
1772 17910 656
17910 30139 656
30139 26314 656
26314 3894 656
3894 39609 656
39609 24535 656
24535 6663 656
6663 11589 656
11589 2482 656
2482 14840 656
14840 29699 656
29699 26462 656
26462 38202 656
38202 18443 656
18443 6906 656
6906 19890 656
19890 1089 656
1089 31795 656
31795 20634 656
20634 26409 656
26409 19769 656
19769 12002 656
12002 14199 656
14199 20197 656
20197 34287 656
34287 12866 656
12866 34817 656
34817 9046 656
9046 17465 656
17465 10562 656
10562 25913 656
25913 9474 656
9474 7849 656
7849 25916 656
25916 3802 656
3802 32444 656
32444 7274 656
7274 36025 656
36025 21648 656
21648 29741 656
29741 6692 656
6692 8136 656
8136 16540 656
16540 22619 656
22619 9546 656
9546 16786 656
16786 18165 656
18165 37640 656
37640 25068 656
25068 4404 656
4404 9163 656
9163 16394 656
16394 31802 656
31802 17608 656
17608 10163 656
10163 31685 656
31685 1224 656
1224 8910 656
8910 16775 656
16775 2071 656
2071 4954 656
4954 21394 656
21394 31601 656
31601 10446 656
10446 40526 656
40526 31611 656
31611 19814 656
19814 10972 656
10972 2093 656
2093 18206 656
18206 16690 656
16690 28743 656
28743 19766 656
19766 6171 656
6171 31004 656
31004 19110 656
19110 15716 656
15716 23129 656
23129 2981 656
2981 20071 656
20071 17486 656
17486 23392 656
23392 23984 656
23984 38712 656
38712 39618 656
39618 37150 656
37150 5353 656
5353 40310 656
40310 5139 656
5139 6738 656
6738 40442 656
40442 6217 656
6217 20848 656
20848 27012 656
27012 38601 656
38601 1623 656
1623 15568 656
15568 27164 656
27164 25321 656
25321 32450 656
32450 18663 656
18663 24122 656
24122 35315 656
35315 30743 656
30743 413 656
413 6041 656
6041 25975 656
25975 39020 656
39020 27184 656
27184 32070 656
32070 4932 656
4932 29067 656
29067 5522 656
5522 18559 656
18559 11467 656
11467 19787 656
19787 40069 656
40069 37776 656
37776 21981 656
21981 13280 656
13280 36375 656
36375 19629 656
19629 14666 656
14666 28718 656
28718 28614 656
28614 30612 656
30612 12200 656
12200 21416 656
21416 10276 656
10276 36700 656
36700 18260 656
18260 29027 656
29027 16841 656
16841 20559 656
20559 3550 656
3550 29053 656
29053 18298 656
18298 29484 656
29484 39349 656
39349 30198 656
30198 7855 656
7855 9300 656
9300 6857 656
6857 27744 656
27744 8165 656
8165 9260 656
9260 27035 656
27035 32333 656
32333 14420 656
14420 34684 656
34684 13571 656
13571 10773 656
10773 34336 656
34336 34088 656
34088 18940 656
18940 36190 656
36190 36118 656
36118 39211 656
39211 26978 656
26978 2212 656
2212 2692 656
2692 1416 656
1416 27848 656
27848 25487 656
25487 21805 656
21805 3047 656
3047 37092 656
37092 34450 656
34450 27203 656
27203 38389 656
38389 18104 656
18104 25760 656
25760 24179 656
24179 39679 656
39679 13793 656
13793 2278 656
2278 18288 656
18288 3684 656
3684 32002 656
32002 39962 656
39962 23349 656
23349 38945 656
38945 19095 656
19095 19399 656
19399 2642 656
2642 32985 656
32985 20453 656
20453 29384 656
29384 32131 656
32131 18783 656
18783 10638 656
10638 14403 656
14403 33254 656
33254 10614 656
10614 27157 656
27157 2624 656
2624 39308 656
39308 38936 656
38936 40904 656
40904 27241 656
27241 13220 656
13220 19797 656
19797 23977 656
23977 3900 656
3900 2198 656
2198 22513 656
22513 12248 656
12248 4449 656
4449 4022 656
4022 1176 656
1176 39277 656
39277 1144 656
1144 21686 656
21686 11630 656
11630 22728 656
22728 24221 656
24221 15274 656
15274 6625 656
6625 5500 656
5500 37422 656
37422 13610 656
13610 22277 656
22277 30313 656
30313 3589 656
3589 36397 656
36397 14661 656
14661 40737 656
40737 38236 656
38236 19997 656
19997 21906 656
21906 35438 656
35438 25969 656
25969 31997 656
31997 9319 656
9319 7797 656
7797 11505 656
11505 31097 656
31097 8795 656
8795 8909 656
8909 23699 656
23699 12567 656
12567 10074 656
10074 5233 656
5233 21131 656
21131 17800 656
17800 9041 656
9041 33372 656
33372 23546 656
23546 5026 656
5026 17914 656
17914 37352 656
37352 19546 656
19546 39572 656
39572 16418 656
16418 19715 656
19715 11007 656
11007 36734 656
36734 25029 656
25029 27276 656
27276 27316 656
27316 29736 656
29736 34489 656
34489 37702 656
37702 26567 656
26567 32193 656
32193 9870 656
9870 27646 656
27646 4829 656
4829 34586 656
34586 37509 656
37509 34683 656
34683 18283 656
18283 40884 656
40884 36852 656
36852 33802 656
33802 20823 656
20823 14216 656
14216 31247 656
31247 23386 656
23386 31576 656
31576 28381 656
28381 1140 656
1140 20955 656
20955 36595 656
36595 40934 656
40934 4732 656
4732 560 656
560 4044 656
4044 37004 656
37004 6548 656
6548 18683 656
18683 13265 656
13265 30881 656
30881 1082 656
1082 38377 656
38377 34447 656
34447 10525 656
10525 2102 656
2102 12070 656
12070 9999 656
9999 40565 656
40565 4768 656
4768 5804 656
5804 26151 656
26151 17129 656
17129 39778 656
39778 28779 656
28779 19166 656
19166 19955 656
19955 17110 656
17110 25791 656
25791 17503 656
17503 10323 656
10323 40916 656
40916 19841 656
19841 18403 656
18403 4325 656
4325 40180 656
40180 2766 656
2766 21743 656
21743 27810 656
27810 26364 656
26364 2586 656
2586 23606 656
23606 34636 656
34636 11234 656
11234 28966 656
28966 10544 656
10544 2852 656
2852 33400 656
33400 32145 656
32145 24100 656
24100 35159 656
35159 39678 656
39678 8738 656
8738 20740 656
20740 27565 656
27565 17048 656
17048 32275 656
32275 37128 656
37128 26741 656
26741 26595 656
26595 38469 656
38469 14908 656
14908 6727 656
6727 2287 656
2287 9544 656
9544 18130 656
18130 31468 656
31468 30709 656
30709 10480 656
10480 12186 656
12186 35627 656
35627 5062 656
5062 17461 656
17461 28324 656
28324 38662 656
38662 30818 656
30818 18032 656
18032 37887 656
37887 453 656
453 6854 656
6854 39817 656
39817 35392 656
35392 30310 656
30310 23999 656
23999 18743 656
18743 39517 656
39517 40613 656
40613 11591 656
11591 7314 656
7314 16113 656
16113 28922 656
28922 12403 656
12403 9863 656
9863 35742 656
35742 2823 656
2823 3659 656
3659 23329 656
23329 21897 656
21897 36378 656
36378 7469 656
7469 11299 656
11299 502 656
502 2150 656
2150 12758 656
12758 33505 656
33505 13251 656
13251 6437 656
6437 23279 656
23279 14276 656
14276 30735 656
30735 28233 656
28233 25301 656
25301 17756 656
17756 17829 656
17829 36651 656
36651 31435 656
31435 7205 656
7205 40013 656
40013 15431 656
15431 12024 656
12024 7842 656
7842 32575 656
32575 28952 656
28952 4502 656
4502 18553 656
18553 38216 656
38216 37693 656
37693 18786 656
18786 30971 656
30971 32551 656
32551 7838 656
7838 36225 656
36225 15616 656
15616 9134 656
9134 21143 656
21143 21927 656
21927 37072 656
37072 2635 656
2635 35953 656
35953 37193 656
37193 38070 656
38070 4950 656
4950 15792 656
15792 12279 656
12279 25521 656
25521 18810 656
18810 17601 656
17601 6030 656
6030 28869 656
28869 19425 656
19425 37323 656
37323 24561 656
24561 35577 656
35577 3018 656
3018 20808 656
20808 13947 656
13947 5114 656
5114 17941 656
17941 1112 656
1112 20547 656
20547 22004 656
22004 12799 656
12799 21617 656
21617 34377 656
34377 10353 656
10353 17384 656
17384 23886 656
23886 8914 656
8914 38348 656
38348 25855 656
25855 8798 656
8798 558 656
558 38064 656
38064 30479 656
30479 37706 656
37706 21202 656
21202 40274 656
40274 12028 656
12028 18595 656
18595 20685 656
20685 10317 656
10317 1138 656
1138 17013 656
17013 36142 656
36142 19556 656
19556 21043 656
21043 32601 656
32601 34758 656
34758 10330 656
10330 31826 656
31826 10722 656
10722 25330 656
25330 19245 656
19245 23760 656
23760 10887 656
10887 14408 656
14408 31274 656
31274 9813 656
9813 37848 656
37848 19668 656
19668 17287 656
17287 2117 656
2117 36518 656
36518 40583 656
40583 5267 656
5267 31833 656
31833 14515 656
14515 19915 656
19915 19468 656
19468 15039 656
15039 40782 656
40782 36166 656
36166 26112 656
26112 33637 656
33637 32844 656
32844 12242 656
12242 2853 656
2853 346 656
346 33429 656
33429 31459 656
31459 33699 656
33699 22817 656
22817 3137 656
3137 14716 656
14716 35345 656
35345 15547 656
15547 21681 656
21681 28623 656
28623 33946 656
33946 14655 656
14655 4558 656
4558 9890 656
9890 29109 656
29109 33123 656
33123 6627 656
6627 6467 656
6467 27933 656
27933 30525 656
30525 33190 656
33190 37729 656
37729 33522 656
33522 31392 656
31392 6366 656
6366 13529 656
13529 19307 656
19307 33239 656
33239 11246 656
11246 37918 656
37918 30793 656
30793 24533 656
24533 31151 656
31151 25156 656
25156 17086 656
17086 10427 656
10427 9514 656
9514 26555 656
26555 4225 656
4225 14903 656
14903 7372 656
7372 29255 656
29255 12611 656
12611 27959 656
27959 33592 656
33592 32583 656
32583 16105 656
16105 19107 656
19107 32177 656
32177 23266 656
23266 29177 656
29177 19375 656
19375 3669 656
3669 33595 656
33595 5712 656
5712 36597 656
36597 39280 656
39280 27896 656
27896 19962 656
19962 16955 656
16955 23743 656
23743 26765 656
26765 2116 656
2116 3192 656
3192 9235 656
9235 3618 656
3618 27674 656
27674 28649 656
28649 5316 656
5316 24074 656
24074 5278 656
5278 7317 656
7317 40329 656
40329 956 656
956 18800 656
18800 25736 656
25736 30147 656
30147 40134 656
40134 24871 656
24871 40116 656
40116 26272 656
26272 29329 656
29329 11185 656
11185 18067 656
18067 20628 656
20628 20380 656
20380 11421 656
11421 33475 656
33475 23361 656
23361 21282 656
21282 38750 656
38750 40450 656
40450 39252 656
39252 19533 656
19533 1792 656
1792 21830 656
21830 26848 656
26848 23633 656
23633 39573 656
39573 12354 656
12354 6699 656
6699 16125 656
16125 15075 656
15075 26074 656
26074 21057 656
21057 8018 656
8018 5142 656
5142 38107 656
38107 6997 656
6997 31088 656
31088 28061 656
28061 25265 656
25265 12149 656
12149 19431 656
19431 24322 656
24322 14865 656
14865 39922 656
39922 38313 656
38313 30385 656
30385 12264 656
12264 3010 656
3010 26016 656
26016 24143 656
24143 32336 656
32336 39914 656
39914 32600 656
32600 16074 656
16074 21854 656
21854 10465 656
10465 29787 656
29787 29915 656
29915 7352 656
7352 9950 656
9950 683 656
683 5818 656
5818 18567 656
18567 36951 656
36951 40643 656
40643 38384 656
38384 36140 656
36140 12594 656
12594 37775 656
37775 32433 656
32433 18861 656
18861 29100 656
29100 27126 656
27126 19045 656
19045 32003 656
32003 24338 656
24338 29804 656
29804 32293 656
32293 13173 656
13173 39965 656
39965 9933 656
9933 28543 656
28543 4536 656
4536 7698 656
7698 19069 656
19069 14063 656
14063 19451 656
19451 15441 656
15441 37704 656
37704 5674 656
5674 15742 656
15742 20582 656
20582 9069 656
9069 26935 656
26935 11771 656
11771 10940 656
10940 37669 656
37669 8841 656
8841 14315 656
14315 37110 656
37110 7692 656
7692 40929 656
40929 21220 656
21220 17204 656
17204 28205 656
28205 16509 656
16509 3311 656
3311 26634 656
26634 5935 656
5935 7275 656
7275 2887 656
2887 15703 656
15703 37164 656
37164 15069 656
15069 21737 656
21737 29044 656
29044 18438 656
18438 2778 656
2778 11457 656
11457 13067 656
13067 26688 656
26688 25400 656
25400 20348 656
20348 8734 656
8734 31283 656
31283 4964 656
4964 30994 656
30994 38071 656
38071 16409 656
16409 9962 656
9962 824 656
824 12804 656
12804 13928 656
13928 24317 656
24317 24353 656
24353 15899 656
15899 37866 656
37866 38462 656
38462 38304 656
38304 26227 656
26227 35273 656
35273 18068 656
18068 3078 656
3078 22014 656
22014 39616 656
39616 36326 656
36326 31256 656
31256 18004 656
18004 1544 656
1544 14334 656
14334 39219 656
39219 32839 656
32839 24927 656
24927 10141 656
10141 31704 656
31704 19472 656
19472 27967 656
27967 16782 656
16782 20612 656
20612 2305 656
2305 15508 656
15508 25006 656
25006 19060 656
19060 3562 656
3562 10838 656
10838 29758 656
29758 27176 656
27176 21241 656
21241 11448 656
11448 37934 656
37934 21644 656
21644 7505 656
7505 7476 656
7476 23471 656
23471 13694 656
13694 34176 656
34176 38855 656
38855 34836 656
34836 19071 656
19071 21831 656
21831 21082 656
21082 4431 656
4431 6707 656
6707 1505 656
1505 21734 656
21734 17063 656
17063 8099 656
8099 10332 656
10332 5679 656
5679 35862 656
35862 7523 656
7523 12118 656
12118 14630 656
14630 38907 656
38907 9169 656
9169 28960 656
28960 15465 656
15465 20696 656
20696 30463 656
30463 19966 656
19966 4559 656
4559 3867 656
3867 8376 656
8376 15154 656
15154 17477 656
17477 31169 656
31169 3186 656
3186 30184 656
30184 4058 656
4058 19380 656
19380 25512 656
25512 34371 656
34371 7742 656
7742 39641 656
39641 6429 656
6429 534 656
534 35923 656
35923 3013 656
3013 18643 656
18643 4113 656
4113 40302 656
40302 24243 656
24243 36188 656
36188 3232 656
3232 5264 656
5264 27732 656
27732 22221 656
22221 13991 656
13991 34408 656
34408 27761 656
27761 12328 656
12328 7716 656
7716 26071 656
26071 25895 656
25895 347 656
347 20525 656
20525 20023 656
20023 10500 656
10500 33153 656
33153 12717 656
12717 20523 656
20523 39461 656
39461 25517 656
25517 29487 656
29487 3100 656
3100 13188 656
13188 24396 656
24396 10890 656
10890 31402 656
31402 8735 656
8735 19889 656
19889 608 656
608 36293 656
36293 16626 656
16626 3289 656
3289 40830 656
40830 12485 656
12485 12152 656
12152 930 656
930 21826 656
21826 28831 656
28831 21675 656
21675 6447 656
6447 39497 656
39497 34275 656
34275 32946 656
32946 32641 656
32641 6275 656
6275 23061 656
23061 37850 656
37850 25629 656
25629 13715 656
13715 25705 656
25705 8071 656
8071 8228 656
8228 23605 656
23605 23883 656
23883 29457 656
29457 241 656
241 19930 656
19930 5291 656
5291 3788 656
3788 16221 656
16221 39412 656
39412 35103 656
35103 26843 656
26843 38587 656
38587 30752 656
30752 18970 656
18970 16735 656
16735 35328 656
35328 10280 656
10280 12791 656
12791 28766 656
28766 5108 656
5108 6541 656
6541 7789 656
7789 28803 656
28803 31876 656
31876 22651 656
22651 20395 656
20395 13336 656
13336 11298 656
11298 12004 656
12004 18449 656
18449 16833 656
16833 40677 656
40677 32931 656
32931 6281 656
6281 32968 656
32968 4802 656
4802 9212 656
9212 11860 656
11860 24498 656
24498 24499 656
24499 22952 656
22952 38833 656
38833 8639 656
8639 1084 656
1084 8502 656
8502 32133 656
32133 32097 656
32097 27330 656
27330 4709 656
4709 1338 656
1338 8619 656
8619 37074 656
37074 17578 656
17578 7140 656
7140 6395 656
6395 10971 656
10971 37629 656
37629 29991 656
29991 5164 656
5164 20278 656
20278 5489 656
5489 26560 656
26560 22900 656
22900 38157 656
38157 26506 656
26506 26685 656
26685 18054 656
18054 6188 656
6188 12073 656
12073 11657 656
11657 15951 656
15951 10688 656
10688 32086 656
32086 3536 656
3536 30025 656
30025 23581 656
23581 9996 656
9996 23119 656
23119 38330 656
38330 40343 656
40343 14361 656
14361 35894 656
35894 3114 656
3114 6532 656
6532 24472 656
24472 29476 656
29476 34963 656
34963 23726 656
23726 32666 656
32666 11865 656
11865 235 656
235 33774 656
33774 39984 656
39984 16881 656
16881 31569 656
31569 15500 656
15500 33023 656
33023 18274 656
18274 10246 656
10246 16095 656
16095 6489 656
6489 20659 656
20659 39803 656
39803 34867 656
34867 11382 656
11382 37024 656
37024 2499 656
2499 1798 656
1798 24252 656
24252 11480 656
11480 31351 656
31351 36270 656
36270 32559 656
32559 37230 656
37230 23067 656
23067 17762 656
17762 21107 656
21107 10237 656
10237 38366 656
38366 36245 656
36245 1105 656
1105 33007 656
33007 12897 656
12897 3287 656
3287 39808 656
39808 12947 656
12947 13049 656
13049 27060 656
27060 6209 656
6209 28270 656
28270 25360 656
25360 25085 656
25085 36264 656
36264 36713 656
36713 6483 656
6483 15266 656
15266 38802 656
38802 17967 656
17967 26531 656
26531 27760 656
27760 29526 656
29526 26052 656
26052 6742 656
6742 38948 656
38948 6271 656
6271 7365 656
7365 11694 656
11694 14116 656
14116 21512 656
21512 21144 656
21144 21230 656
21230 16046 656
16046 3677 656
3677 14452 656
14452 26744 656
26744 11876 656
11876 9342 656
9342 16983 656
16983 8680 656
8680 5470 656
5470 39728 656
39728 3128 656
3128 5611 656
5611 16024 656
16024 31482 656
31482 26415 656
26415 30635 656
30635 4927 656
4927 20976 656
20976 3246 656
3246 15023 656
15023 16831 656
16831 14898 656
14898 17777 656
17777 15265 656
15265 16372 656
16372 2736 656
2736 15452 656
15452 6853 656
6853 6898 656
6898 10154 656
10154 5294 656
5294 40425 656
40425 40155 656
40155 18738 656
18738 3948 656
3948 33719 656
33719 1541 656
1541 19025 656
19025 19216 656
19216 39740 656
39740 40288 656
40288 34331 656
34331 34575 656
34575 30920 656
30920 10662 656
10662 32827 656
32827 10756 656
10756 36952 656
36952 12353 656
12353 26621 656
26621 22615 656
22615 24172 656
24172 7446 656
7446 22705 656
22705 37767 656
37767 10393 656
10393 14335 656
14335 39229 656
39229 22801 656
22801 4241 656
4241 4606 656
4606 14013 656
14013 15367 656
15367 34393 656
34393 17249 656
17249 32522 656
32522 26670 656
26670 18997 656
18997 18935 656
18935 35262 656
35262 5781 656
5781 11543 656
11543 5824 656
5824 33151 656
33151 21096 656
21096 15917 656
15917 14992 656
14992 5770 656
5770 31406 656
31406 3095 656
3095 35776 656
35776 12131 656
12131 26627 656
26627 23972 656
23972 15838 656
15838 27649 656
27649 14837 656
14837 32105 656
32105 35457 656
35457 22075 656
22075 5856 656
5856 27692 656
27692 32313 656
32313 21687 656
21687 17592 656
17592 19848 656
19848 19074 656
19074 3469 656
3469 18416 656
18416 14389 656
14389 37910 656
37910 17014 656
17014 30787 656
30787 34728 656
34728 28557 656
28557 23778 656
23778 24590 656
24590 18066 656
18066 38051 656
38051 27231 656
27231 2295 656
2295 27167 656
27167 35656 656
35656 2743 656
2743 6529 656
6529 17664 656
17664 29768 656
29768 12336 656
12336 13658 656
13658 5121 656
5121 6234 656
6234 4701 656
4701 31574 656
31574 15373 656
15373 38896 656
38896 15696 656
15696 6981 656
6981 2872 656
2872 36159 656
36159 23889 656
23889 8336 656
8336 11879 656
11879 31476 656
31476 21275 656
21275 8786 656
8786 4302 656
4302 619 656
619 18496 656
18496 11669 656
11669 15989 656
15989 586 656
586 29076 656
29076 25873 656
25873 3222 656
3222 11522 656
11522 4401 656
4401 22401 656
22401 11030 656
11030 14336 656
14336 20530 656
20530 3764 656
3764 8386 656
8386 6462 656
6462 12559 656
12559 124 656
124 30509 656
30509 19647 656
19647 27302 656
27302 39916 656
39916 16425 656
16425 3644 656
3644 7674 656
7674 21286 656
21286 11985 656
11985 22608 656
22608 32707 656
32707 39450 656
39450 39664 656
39664 21420 656
21420 34872 656
34872 32451 656
32451 33959 656
33959 15273 656
15273 26447 656
26447 40748 656
40748 4405 656
4405 25059 656
25059 25288 656
25288 15398 656
15398 20770 656
20770 6274 656
6274 4123 656
4123 30671 656
30671 4581 656
4581 17301 656
17301 7400 656
7400 229 656
229 38426 656
38426 40376 656
40376 20204 656
20204 17490 656
17490 36607 656
36607 8696 656
8696 7559 656
7559 3322 656
3322 14133 656
14133 40785 656
40785 31395 656
31395 20597 656
20597 27697 656
27697 4799 656
4799 15412 656
15412 12815 656
12815 32217 656
32217 35884 656
35884 26275 656
26275 5138 656
5138 37802 656
37802 25433 656
25433 29463 656
29463 2415 656
2415 10842 656
10842 23247 656
23247 15942 656
15942 35729 656
35729 33762 656
33762 38010 656
38010 6029 656
6029 641 656
641 11849 656
11849 14620 656
14620 3630 656
3630 27452 656
27452 25011 656
25011 19489 656
19489 9560 656
9560 38979 656
38979 30827 656
30827 30007 656
30007 16236 656
16236 5193 656
5193 25116 656
25116 7162 656
7162 18939 656
18939 9559 656
9559 8012 656
8012 22843 656
22843 30609 656
30609 126 656
126 26213 656
26213 5447 656
5447 40492 656
40492 33117 656
33117 35393 656
35393 21150 656
21150 12095 656
12095 37405 656
37405 18121 656
18121 25830 656
25830 16054 656
16054 10658 656
10658 27054 656
27054 36790 656
36790 26207 656
26207 30607 656
30607 14530 656
14530 31478 656
31478 40455 656
40455 22227 656
22227 12865 656
12865 24839 656
24839 39915 656
39915 25306 656
25306 28095 656
28095 5163 656
5163 280 656
280 19426 656
19426 35033 656
35033 37840 656
37840 8252 656
8252 5510 656
5510 36953 656
36953 35612 656
35612 18294 656
18294 4156 656
4156 29225 656
29225 14574 656
14574 15505 656
15505 24652 656
24652 29217 656
29217 11656 656
11656 3984 656
3984 2225 656
2225 5650 656
5650 15152 656
15152 1358 656
1358 17439 656
17439 19631 656
19631 35499 656
35499 18277 656
18277 40837 656
40837 39163 656
39163 27600 656
27600 40544 656
40544 19316 656
19316 17039 656
17039 27428 656
27428 8568 656
8568 186 656
186 1656 656
1656 18736 656
18736 31085 656
31085 40522 656
40522 25313 656
25313 18319 656
18319 19551 656
19551 32053 656
32053 19083 656
19083 17059 656
17059 5276 656
5276 28626 656
28626 18560 656
18560 24171 656
24171 34295 656
34295 18766 656
18766 1600 656
1600 2398 656
2398 40393 656
40393 21890 656
21890 29707 656
29707 9379 656
9379 24438 656
24438 6428 656
6428 9385 656
9385 5367 656
5367 17296 656
17296 24109 656
24109 24834 656
24834 21231 656
21231 22677 656
22677 30756 656
30756 8876 656
8876 26329 656
26329 40759 656
40759 23716 656
23716 9187 656
9187 14279 656
14279 4141 656
4141 4416 656
4416 19385 656
19385 8586 656
8586 3286 656
3286 15415 656
15415 9783 656
9783 39481 656
39481 15551 656
15551 21784 656
21784 14902 656
14902 21962 656
21962 10226 656
10226 28039 656
28039 9188 656
9188 39140 656
39140 36978 656
36978 3451 656
3451 20905 656
20905 28591 656
28591 7403 656
7403 16315 656
16315 36287 656
36287 20263 656
20263 10536 656
10536 36252 656
36252 2211 656
2211 6475 656
6475 14505 656
14505 27459 656
27459 2764 656
2764 10581 656
10581 18453 656
18453 17875 656
17875 4283 656
4283 5154 656
5154 10589 656
10589 591 656
591 2331 656
2331 18310 656
18310 20980 656
20980 7452 656
7452 32846 656
32846 578 656
578 31588 656
31588 40222 656
40222 26492 656
26492 28166 656
28166 22311 656
22311 5388 656
5388 60 656
60 10907 656
10907 9949 656
9949 33826 656
33826 1152 656
1152 1609 656
1609 18555 656
18555 40724 656
40724 39191 656
39191 14863 656
14863 2640 656
2640 1904 656
1904 10974 656
10974 36668 656
36668 21900 656
21900 31224 656
31224 20275 656
20275 24350 656
24350 12059 656
12059 5356 656
5356 37550 656
37550 26582 656
26582 147 656
147 33158 656
33158 35138 656
35138 6470 656
6470 16249 656
16249 34701 656
34701 8174 656
8174 20096 656
20096 2605 656
2605 26991 656
26991 11312 656
11312 21313 656
21313 12792 656
12792 20217 656
20217 19987 656
19987 5803 656
5803 34825 656
34825 27862 656
27862 24307 656
24307 22550 656
22550 35906 656
35906 15383 656
15383 12813 656
12813 8107 656
8107 37332 656
37332 10757 656
10757 17207 656
17207 1842 656
1842 5732 656
5732 1340 656
1340 6914 656
6914 4057 656
4057 4849 656
4849 37502 656
37502 38075 656
38075 25890 656
25890 19294 656
19294 11199 656
11199 5768 656
5768 21907 656
21907 11175 656
11175 28504 656
28504 36635 656
36635 24206 656
24206 436 656
436 35453 656
35453 33626 656
33626 16471 656
16471 12475 656
12475 2665 656
2665 11078 656
11078 39004 656
39004 31098 656
31098 1069 656
1069 24669 656
24669 5539 656
5539 34207 656
34207 37211 656
37211 18367 656
18367 7196 656
7196 24621 656
24621 14085 656
14085 400 656
400 12624 656
12624 25080 656
25080 5953 656
5953 20245 656
20245 17047 656
17047 14087 656
14087 1381 656
1381 33215 656
33215 35814 656
35814 13133 656
13133 38176 656
38176 36028 656
36028 38875 656
38875 536 656
536 37982 656
37982 13344 656
13344 25208 656
25208 39632 656
39632 10005 656
10005 40135 656
40135 15885 656
15885 4146 656
4146 35553 656
35553 15689 656
15689 30107 656
30107 146 656
146 27585 656
27585 3112 656
3112 32259 656
32259 27588 656
27588 15699 656
15699 23892 656
23892 40669 656
40669 27652 656
27652 37890 656
37890 12192 656
12192 16042 656
16042 13778 656
13778 29325 656
29325 21942 656
21942 3648 656
3648 40045 656
40045 14678 656
14678 26305 656
26305 23273 656
23273 35543 656
35543 20418 656
20418 3053 656
3053 30695 656
30695 8299 656
8299 37895 656
37895 7951 656
7951 30131 656
30131 34343 656
34343 27689 656
27689 23176 656
23176 31909 656
31909 24264 656
24264 40554 656
40554 288 656
288 20438 656
20438 6067 656
6067 18128 656
18128 4914 656
4914 36409 656
36409 25384 656
25384 36673 656
36673 5129 656
5129 514 656
514 20563 656
20563 33282 656
33282 15579 656
15579 17173 656
17173 36121 656
36121 29089 656
29089 28711 656
28711 33055 656
33055 34041 656
34041 5151 656
5151 14825 656
14825 25941 656
25941 20531 656
20531 38261 656
38261 2097 656
2097 40173 656
40173 17907 656
17907 30104 656
30104 224 656
224 8271 656
8271 25447 656
25447 20815 656
20815 35001 656
35001 29522 656
29522 14704 656
14704 20011 656
20011 3084 656
3084 40971 656
40971 39850 656
39850 8497 656
8497 19587 656
19587 22602 656
22602 29875 656
29875 18747 656
18747 26651 656
26651 4584 656
4584 36234 656
36234 25169 656
25169 11334 656
11334 6241 656
6241 35786 656
35786 26433 656
26433 30453 656
30453 19990 656
19990 68 656
68 19001 656
19001 12130 656
12130 3652 656
3652 26085 656
26085 4013 656
4013 4477 656
4477 37703 656
37703 21287 656
21287 4971 656
4971 22541 656
22541 28732 656
28732 6562 656
6562 36706 656
36706 23056 656
23056 18272 656
18272 28010 656
28010 12736 656
12736 34916 656
34916 21116 656
21116 35550 656
35550 7161 656
7161 38315 656
38315 2703 656
2703 31932 656
31932 27135 656
27135 27480 656
27480 2875 656
2875 36743 656
36743 13414 656
13414 14249 656
14249 8130 656
8130 5272 656
5272 32380 656
32380 11663 656
11663 33744 656
33744 9667 656
9667 34431 656
34431 29568 656
29568 10958 656
10958 25535 656
25535 25449 656
25449 28736 656
28736 2160 656
2160 8421 656
8421 26111 656
26111 31000 656
31000 6887 656
6887 12704 656
12704 15970 656
15970 36529 656
36529 13407 656
13407 39989 656
39989 25617 656
25617 3913 656
3913 36950 656
36950 26530 656
26530 25968 656
25968 2883 656
2883 23219 656
23219 1072 656
1072 336 656
336 18878 656
18878 35895 656
35895 12871 656
12871 40290 656
40290 4145 656
4145 1461 656
1461 9200 656
9200 39814 656
39814 4348 656
4348 8276 656
8276 30235 656
30235 32705 656
32705 13277 656
13277 11549 656
11549 33791 656
33791 23417 656
23417 21182 656
21182 11901 656
11901 16811 656
16811 5091 656
5091 21012 656
21012 25026 656
25026 10422 656
10422 23078 656
23078 28860 656
28860 9689 656
9689 22026 656
22026 4362 656
4362 21592 656
21592 21256 656
21256 6824 656
6824 2822 656
2822 3049 656
3049 15473 656
15473 24886 656
24886 30576 656
30576 22831 656
22831 33572 656
33572 25684 656
25684 2836 656
2836 16307 656
16307 29135 656
29135 37888 656
37888 40525 656
40525 1016 656
1016 15677 656
15677 13542 656
13542 40695 656
40695 16466 656
16466 3836 656
3836 30164 656
30164 40474 656
40474 21321 656
21321 40194 656
40194 21763 656
21763 34529 656
34529 39445 656
39445 1110 656
1110 4506 656
4506 20886 656
20886 30483 656
30483 19360 656
19360 13406 656
13406 2477 656
2477 25814 656
25814 15857 656
15857 21983 656
21983 9725 656
9725 22325 656
22325 28835 656
28835 27574 656
27574 24049 656
24049 18821 656
18821 8353 656
8353 7237 656
7237 30636 656
30636 34032 656
34032 32861 656
32861 183 656
183 39591 656
39591 818 656
818 36624 656
36624 27219 656
27219 19269 656
19269 29893 656
29893 40760 656
40760 22345 656
22345 18870 656
18870 18528 656
18528 20243 656
20243 14283 656
14283 302 656
302 2484 656
2484 6486 656
6486 1706 656
1706 1474 656
1474 14236 656
14236 19361 656
19361 23536 656
23536 24917 656
24917 24232 656
24232 23526 656
23526 20620 656
20620 28771 656
28771 40139 656
40139 18729 656
18729 19578 656
19578 15377 656
15377 36305 656
36305 3189 656
3189 35913 656
35913 37742 656
37742 13965 656
13965 35879 656
35879 22144 656
22144 54 656
54 10601 656
10601 40639 656
40639 23406 656
23406 7460 656
7460 29412 656
29412 26678 656
26678 1567 656
1567 24471 656
24471 23632 656
23632 17193 656
17193 34451 656
34451 37979 656
37979 12079 656
12079 36414 656
36414 7666 656
7666 40452 656
40452 18303 656
18303 30163 656
30163 39587 656
39587 23372 656
23372 37881 656
37881 23489 656
23489 36979 656
36979 15241 656
15241 19844 656
19844 5365 656
5365 24762 656
24762 34828 656
34828 37098 656
37098 27125 656
27125 13598 656
13598 35811 656
35811 37516 656
37516 13646 656
13646 18378 656
18378 21910 656
21910 6332 656
6332 4634 656
4634 32571 656
32571 36276 656
36276 23756 656
23756 19939 656
19939 29113 656
29113 40752 656
40752 11675 656
11675 31236 656
31236 31211 656
31211 33722 656
33722 40631 656
40631 18616 656
18616 24703 656
24703 1374 656
1374 28231 656
28231 35791 656
35791 24904 656
24904 4765 656
4765 23994 656
23994 14613 656
14613 34303 656
34303 29039 656
29039 37681 656
37681 22477 656
22477 15702 656
15702 6593 656
6593 19043 656
19043 18698 656
18698 34342 656
34342 36129 656
36129 3201 656
3201 31284 656
31284 13657 656
13657 37227 656
37227 39948 656
39948 29544 656
29544 24316 656
24316 7705 656
7705 9400 656
9400 37832 656
37832 37913 656
37913 40679 656
40679 13881 656
13881 13109 656
13109 8663 656
8663 30791 656
30791 5243 656
5243 39333 656
39333 13576 656
13576 38988 656
38988 30848 656
30848 17167 656
17167 20915 656
20915 32664 656
32664 15852 656
15852 39297 656
39297 35318 656
35318 27915 656
27915 40539 656
40539 21199 656
21199 30546 656
30546 29227 656
29227 25325 656
25325 18823 656
18823 11713 656
11713 11754 656
11754 28447 656
28447 34628 656
34628 25835 656
25835 22284 656
22284 37388 656
37388 14726 656
14726 24155 656
24155 17082 656
17082 36897 656
36897 19293 656
19293 16938 656
16938 27759 656
27759 39417 656
39417 10523 656
10523 4644 656
4644 25702 656
25702 8395 656
8395 25437 656
25437 9714 656
9714 8789 656
8789 10181 656
10181 40826 656
40826 7487 656
7487 19798 656
19798 339 656
339 23104 656
23104 9327 656
9327 32459 656
32459 34787 656
34787 573 656
573 35513 656
35513 39944 656
39944 8149 656
8149 28051 656
28051 33609 656
33609 35241 656
35241 5562 656
5562 24970 656
24970 32454 656
32454 26344 656
26344 21048 656
21048 10998 656
10998 26629 656
26629 12244 656
12244 10477 656
10477 15262 656
15262 1769 656
1769 1090 656
1090 38247 656
38247 35531 656
35531 24469 656
24469 29014 656
29014 4699 656
4699 36763 656
36763 7954 656
7954 25392 656
25392 8589 656
8589 27859 656
27859 13641 656
13641 37898 656
37898 23885 656
23885 15016 656
15016 36708 656
36708 30949 656
30949 40246 656
40246 1345 656
1345 11960 656
11960 29729 656
29729 16322 656
16322 22525 656
22525 27128 656
27128 12733 656
12733 22799 656
22799 16316 656
16316 21664 656
21664 36800 656
36800 2847 656
2847 33102 656
33102 36204 656
36204 18934 656
18934 30265 656
30265 1475 656
1475 17496 656
17496 34388 656
34388 27558 656
27558 32742 656
32742 16449 656
16449 17292 656
17292 14184 656
14184 24068 656
24068 31796 656
31796 37141 656
37141 30026 656
30026 15463 656
15463 33100 656
33100 4982 656
4982 7268 656
7268 23707 656
23707 35319 656
35319 32650 656
32650 1806 656
1806 7953 656
7953 33356 656
33356 28741 656
28741 10183 656
10183 1756 656
1756 11053 656
11053 7727 656
7727 32038 656
32038 26277 656
26277 18488 656
18488 577 656
577 37313 656
37313 22716 656
22716 7961 656
7961 21882 656
21882 4976 656
4976 23866 656
23866 30270 656
30270 12816 656
12816 27994 656
27994 9872 656
9872 19606 656
19606 32918 656
32918 34208 656
34208 16347 656
16347 36053 656
36053 22364 656
22364 1156 656
1156 14194 656
14194 19012 656
19012 10960 656
10960 37423 656
37423 19452 656
19452 32268 656
32268 29433 656
29433 2040 656
2040 7190 656
7190 24665 656
24665 28352 656
28352 23235 656
23235 33403 656
33403 13973 656
13973 37540 656
37540 22493 656
22493 18017 656
18017 15833 656
15833 30637 656
30637 17889 656
17889 16721 656
16721 32608 656
32608 18992 656
18992 22740 656
22740 11314 656
11314 19032 656
19032 2389 656
2389 644 656
644 15691 656
15691 10405 656
10405 22341 656
22341 7454 656
7454 29808 656
29808 33640 656
33640 22346 656
22346 30893 656
30893 7485 656
7485 15825 656
15825 11774 656
11774 37578 656
37578 18064 656
18064 18913 656
18913 14554 656
14554 31155 656
31155 17520 656
17520 19818 656
19818 39187 656
39187 39745 656
39745 2967 656
2967 31562 656
31562 7071 656
7071 3321 656
3321 1731 656
1731 34519 656
34519 16180 656
16180 4951 656
4951 7177 656
7177 23678 656
23678 3385 656
3385 15602 656
15602 21004 656
21004 14430 656
14430 21601 656
21601 32758 656
32758 32854 656
32854 21878 656
21878 10660 656
10660 22048 656
22048 13970 656
13970 4517 656
4517 28423 656
28423 8423 656
8423 32947 656
32947 26091 656
26091 35931 656
35931 32808 656
32808 28183 656
28183 16644 656
16644 38927 656
38927 34257 656
34257 25598 656
25598 35682 656
35682 12027 656
12027 29118 656
29118 8358 656
8358 18179 656
18179 7971 656
7971 7778 656
7778 38397 656
38397 30005 656
30005 5092 656
5092 21130 656
21130 33326 656
33326 11734 656
11734 33720 656
33720 27962 656
27962 1569 656
1569 36541 656
36541 14344 656
14344 37095 656
37095 38962 656
38962 6412 656
6412 40757 656
40757 8981 656
8981 20367 656
20367 29408 656
29408 953 656
953 14853 656
14853 37047 656
37047 24889 656
24889 22714 656
22714 20171 656
20171 20261 656
20261 12177 656
12177 34226 656
34226 25244 656
25244 35750 656
35750 23692 656
23692 30274 656
30274 652 656
652 262 656
262 34553 656
34553 17880 656
17880 21093 656
21093 39720 656
39720 12809 656
12809 22673 656
22673 33133 656
33133 38450 656
38450 14177 656
14177 27250 656
27250 38553 656
38553 32407 656
32407 37976 656
37976 19854 656
19854 12342 656
12342 7 656
7 12531 656
12531 23077 656
23077 40070 656
40070 10848 656
10848 33659 656
33659 3777 656
3777 39684 656
39684 32986 656
32986 4749 656
4749 32792 656
32792 19484 656
19484 2139 656
2139 12458 656
12458 13997 656
13997 26832 656
26832 21555 656
21555 36253 656
36253 34230 656
34230 19011 656
19011 8080 656
8080 19849 656
19849 2337 656
2337 27725 656
27725 19204 656
19204 34747 656
34747 22482 656
22482 18305 656
18305 39234 656
39234 25016 656
25016 593 656
593 6781 656
6781 4066 656
4066 39209 656
39209 14720 656
14720 9955 656
9955 7623 656
7623 25086 656
25086 18979 656
18979 2913 656
2913 33121 656
33121 11842 656
11842 31893 656
31893 33360 656
33360 5842 656
5842 14749 656
14749 1926 656
1926 2179 656
2179 24900 656
24900 4619 656
4619 7802 656
7802 24123 656
24123 23320 656
23320 10337 656
10337 890 656
890 21457 656
21457 28361 656
28361 39784 656
39784 33402 656
33402 35870 656
35870 16268 656
16268 20577 656
20577 17310 656
17310 4708 656
4708 398 656
398 18458 656
18458 4134 656
4134 26851 656
26851 16118 656
16118 17613 656
17613 34785 656
34785 29853 656
29853 19055 656
19055 33780 656
33780 35869 656
35869 26828 656
26828 4382 656
4382 20967 656
20967 7530 656
7530 3081 656
3081 13984 656
13984 27795 656
27795 16578 656
16578 26370 656
26370 36278 656
36278 32051 656
32051 13148 656
13148 7039 656
7039 9470 656
9470 21586 656
21586 17779 656
17779 2835 656
2835 27797 656
27797 18241 656
18241 21492 656
21492 11498 656
11498 34667 656
34667 9538 656
9538 34516 656
34516 26711 656
26711 24209 656
24209 5642 656
5642 12035 656
12035 153 656
153 14596 656
14596 797 656
797 16373 656
16373 31382 656
31382 11732 656
11732 16019 656
16019 1951 656
1951 2043 656
2043 2867 656
2867 33537 656
33537 15024 656
15024 11823 656
11823 8233 656
8233 3373 656
3373 20755 656
20755 643 656
643 8895 656
8895 7649 656
7649 5312 656
5312 18889 656
18889 36316 656
36316 38719 656
38719 39990 656
39990 15272 656
15272 4557 656
4557 31331 656
31331 13586 656
13586 11296 656
11296 1886 656
1886 31898 656
31898 29582 656
29582 7654 656
7654 35188 656
35188 8300 656
8300 11877 656
11877 6608 656
6608 30080 656
30080 30729 656
30729 29111 656
29111 40239 656
40239 29940 656
29940 12171 656
12171 36456 656
36456 6268 656
6268 31697 656
31697 25647 656
25647 5827 656
5827 35650 656
35650 10927 656
10927 5444 656
5444 13250 656
13250 17564 656
17564 40862 656
40862 38013 656
38013 15647 656
15647 11259 656
11259 12824 656
12824 35754 656
35754 6703 656
6703 28130 656
28130 28496 656
28496 31905 656
31905 28137 656
28137 5524 656
5524 9473 656
9473 38362 656
38362 23620 656
23620 13099 656
13099 34761 656
34761 19332 656
19332 20816 656
20816 30240 656
30240 11378 656
11378 37068 656
37068 353 656
353 32892 656
32892 28204 656
28204 36886 656
36886 9716 656
9716 40438 656
40438 18828 656
18828 22987 656
22987 37893 656
37893 18701 656
18701 29168 656
29168 1559 656
1559 34903 656
34903 36934 656
36934 37765 656
37765 16293 656
16293 34250 656
34250 13413 656
13413 24742 656
24742 29444 656
29444 5223 656
5223 21944 656
21944 8195 656
8195 32900 656
32900 14511 656
14511 16488 656
16488 6012 656
6012 31881 656
31881 28311 656
28311 23914 656
23914 34268 656
34268 905 656
905 11727 656
11727 37810 656
37810 11361 656
11361 32209 656
32209 13773 656
13773 4048 656
4048 11982 656
11982 34325 656
34325 29343 656
29343 36548 656
36548 5575 656
5575 25401 656
25401 39559 656
39559 40819 656
40819 39607 656
39607 33168 656
33168 27979 656
27979 2258 656
2258 1742 656
1742 20198 656
20198 25882 656
25882 11105 656
11105 2011 656
2011 37445 656
37445 17508 656
17508 29664 656
29664 21188 656
21188 605 656
605 11489 656
11489 22440 656
22440 2057 656
2057 18985 656
18985 6065 656
6065 961 656
961 17084 656
17084 26189 656
26189 25314 656
25314 36444 656
36444 13737 656
13737 2698 656
2698 11755 656
11755 15642 656
15642 36963 656
36963 15359 656
15359 7599 656
7599 34392 656
34392 3722 656
3722 24386 656
24386 25153 656
25153 27242 656
27242 10566 656
10566 24564 656
24564 28704 656
28704 39894 656
39894 19773 656
19773 35963 656
35963 8309 656
8309 30477 656
30477 28703 656
28703 22570 656
22570 11561 656
11561 19371 656
19371 2942 656
2942 7743 656
7743 20081 656
20081 36296 656
36296 3024 656
3024 17259 656
17259 4660 656
4660 13412 656
13412 29889 656
29889 13003 656
13003 28687 656
28687 28298 656
28298 29559 656
29559 18753 656
18753 15909 656
15909 32791 656
32791 38132 656
38132 40362 656
40362 17078 656
17078 8839 656
8839 26869 656
26869 3635 656
3635 5718 656
5718 34827 656
34827 23206 656
23206 38333 656
38333 13284 656
13284 18507 656
18507 31249 656
31249 18994 656
18994 13848 656
13848 21376 656
21376 15812 656
15812 22047 656
22047 31399 656
31399 23369 656
23369 30001 656
30001 22568 656
22568 3907 656
3907 13085 656
13085 34698 656
34698 16660 656
16660 38368 656
38368 12906 656
12906 19742 656
19742 21072 656
21072 10327 656
10327 27695 656
27695 22402 656
22402 6319 656
6319 15447 656
15447 39701 656
39701 21685 656
21685 16431 656
16431 35143 656
35143 16559 656
16559 33655 656
33655 35883 656
35883 39840 656
39840 32517 656
32517 1442 656
1442 6397 656
6397 40575 656
40575 36438 656
36438 11453 656
11453 16286 656
16286 23518 656
23518 10771 656
10771 5196 656
5196 24553 656
24553 19173 656
19173 5959 656
5959 31695 656
31695 22623 656
22623 40296 656
40296 8755 656
8755 29204 656
29204 26261 656
26261 15350 656
15350 40375 656
40375 17712 656
17712 33605 656
33605 8490 656
8490 14478 656
14478 20256 656
20256 13445 656
13445 24327 656
24327 32770 656
32770 20965 656
20965 19725 656
19725 19286 656
19286 12464 656
12464 38100 656
38100 31235 656
31235 15476 656
15476 40126 656
40126 20820 656
20820 32994 656
32994 30999 656
30999 7134 656
7134 25956 656
25956 29264 656
29264 16149 656
16149 892 656
892 33994 656
33994 10878 656
10878 38699 656
38699 37120 656
37120 21382 656
21382 16995 656
16995 26918 656
26918 33748 656
33748 20598 656
20598 37943 656
37943 11241 656
11241 28383 656
28383 9787 656
9787 28715 656
28715 3646 656
3646 29073 656
29073 16423 656
16423 17453 656
17453 18625 656
18625 19936 656
19936 40800 656
40800 13992 656
13992 8400 656
8400 13226 656
13226 27577 656
27577 3161 656
3161 24105 656
24105 22630 656
22630 18447 656
18447 13829 656
13829 12013 656
12013 8172 656
8172 27598 656
27598 11058 656
11058 3638 656
3638 25608 656
25608 16752 656
16752 8533 656
8533 5533 656
5533 25907 656
25907 26385 656
26385 10007 656
10007 5825 656
5825 38654 656
38654 30070 656
30070 34616 656
34616 20746 656
20746 24389 656
24389 13351 656
13351 14241 656
14241 31585 656
31585 20781 656
20781 28583 656
28583 38466 656
38466 8583 656
8583 22911 656
22911 11911 656
11911 38718 656
38718 27887 656
27887 5350 656
5350 7260 656
7260 27847 656
27847 21356 656
21356 35079 656
35079 36875 656
36875 174 656
174 25623 656
25623 12628 656
12628 15539 656
15539 34484 656
34484 30458 656
30458 24436 656
24436 23604 656
23604 19164 656
19164 30896 656
30896 32904 656
32904 32034 656
32034 8185 656
8185 8571 656
8571 16083 656
16083 40010 656
40010 9457 656
9457 28031 656
28031 17064 656
17064 30938 656
30938 27447 656
27447 26242 656
26242 23534 656
23534 29440 656
29440 34203 656
34203 37455 656
37455 35914 656
35914 17058 656
17058 13663 656
13663 23813 656
23813 6768 656
6768 31112 656
31112 39827 656
39827 18158 656
18158 35579 656
35579 7389 656
7389 40578 656
40578 15341 656
15341 30444 656
30444 38095 656
38095 3825 656
3825 40572 656
40572 23205 656
23205 26604 656
26604 36496 656
36496 7644 656
7644 6784 656
6784 27194 656
27194 28194 656
28194 13623 656
13623 18039 656
18039 15727 656
15727 40188 656
40188 36351 656
36351 18668 656
18668 16529 656
16529 9986 656
9986 38998 656
38998 21084 656
21084 27750 656
27750 26793 656
26793 26162 656
26162 3449 656
3449 3768 656
3768 25714 656
25714 26209 656
26209 35854 656
35854 6235 656
6235 23664 656
23664 14347 656
14347 29896 656
29896 38705 656
38705 1477 656
1477 4104 656
4104 38867 656
38867 37368 656
37368 36078 656
36078 24595 656
24595 21620 656
21620 17882 656
17882 23233 656
23233 13447 656
13447 19059 656
19059 6566 656
6566 20818 656
20818 19518 656
19518 3236 656
3236 40225 656
40225 11852 656
11852 26248 656
26248 19813 656
19813 33074 656
33074 4656 656
4656 22321 656
22321 40622 656
40622 17790 656
17790 4754 656
4754 25473 656
25473 28185 656
28185 33252 656
33252 13887 656
13887 11526 656
11526 36774 656
36774 16624 656
16624 16000 656
16000 8227 656
8227 15194 656
15194 11737 656
11737 6328 656
6328 3856 656
3856 40815 656
40815 14757 656
14757 26363 656
26363 28240 656
28240 9421 656
9421 16629 656
16629 35087 656
35087 32674 656
32674 35309 656
35309 2999 656
2999 22872 656
22872 24843 656
24843 32515 656
32515 40625 656
40625 25677 656
25677 39464 656
39464 36883 656
36883 39832 656
39832 35250 656
35250 38022 656
38022 22873 656
22873 5144 656
5144 31140 656
31140 19073 656
19073 24910 656
24910 17180 656
17180 32300 656
32300 2138 656
2138 24659 656
24659 36584 656
36584 29986 656
29986 24759 656
24759 15955 656
15955 16345 656
16345 19387 656
19387 24354 656
24354 26605 656
26605 18435 656
18435 25188 656
25188 21372 656
21372 28874 656
28874 21798 656
21798 6978 656
6978 5292 656
5292 4143 656
4143 32067 656
32067 22233 656
22233 4671 656
4671 37476 656
37476 21235 656
21235 32514 656
32514 6101 656
6101 31682 656
31682 27816 656
27816 8127 656
8127 31089 656
31089 28541 656
28541 34406 656
34406 38663 656
38663 36853 656
36853 23506 656
23506 18245 656
18245 7440 656
7440 20123 656
20123 16925 656
16925 3182 656
3182 38542 656
38542 420 656
420 24403 656
24403 30406 656
30406 37770 656
37770 6862 656
6862 19147 656
19147 10067 656
10067 24991 656
24991 3799 656
3799 29178 656
29178 12514 656
12514 27065 656
27065 23793 656
23793 27163 656
27163 12243 656
12243 38221 656
38221 22709 656
22709 37920 656
37920 5922 656
5922 8701 656
8701 38371 656
38371 7571 656
7571 36263 656
36263 1558 656
1558 32032 656
32032 16459 656
16459 12926 656
12926 31910 656
31910 7534 656
7534 26541 656
26541 39830 656
39830 14570 656
14570 38169 656
38169 3820 656
3820 25801 656
25801 8280 656
8280 21092 656
21092 30664 656
30664 5961 656
5961 15006 656
15006 12730 656
12730 1864 656
1864 21484 656
21484 15040 656
15040 35710 656
35710 31643 656
31643 19298 656
19298 20945 656
20945 37375 656
37375 35376 656
35376 2859 656
2859 35975 656
35975 31360 656
31360 19454 656
19454 39571 656
39571 19136 656
19136 18079 656
18079 36944 656
36944 26241 656
26241 13293 656
13293 40130 656
40130 17184 656
17184 18492 656
18492 26458 656
26458 9539 656
9539 30593 656
30593 2566 656
2566 10213 656
10213 5581 656
5581 38893 656
38893 31747 656
31747 20991 656
20991 23025 656
23025 19126 656
19126 13763 656
13763 19575 656
19575 33335 656
33335 19046 656
19046 14842 656
14842 18199 656
18199 4766 656
4766 3598 656
3598 28512 656
28512 17856 656
17856 354 656
354 32362 656
32362 12477 656
12477 19967 656
19967 33146 656
33146 6502 656
6502 595 656
595 17304 656
17304 574 656
574 2412 656
2412 13463 656
13463 8512 656
8512 32536 656
32536 32896 656
32896 14232 656
14232 3109 656
3109 33219 656
33219 488 656
488 26737 656
26737 12044 656
12044 22800 656
22800 13796 656
13796 12038 656
12038 31378 656
31378 35266 656
35266 9834 656
9834 39293 656
39293 9283 656
9283 22934 656
22934 28521 656
28521 3433 656
3433 37439 656
37439 23530 656
23530 33900 656
33900 13758 656
13758 6340 656
6340 33865 656
33865 14047 656
14047 31864 656
31864 38912 656
38912 35357 656
35357 28647 656
28647 11959 656
11959 32128 656
32128 12969 656
12969 28705 656
28705 19995 656
19995 34964 656
34964 37107 656
37107 32957 656
32957 32627 656
32627 28594 656
28594 3576 656
3576 2358 656
2358 7128 656
7128 19312 656
19312 15201 656
15201 10117 656
10117 24873 656
24873 10359 656
10359 26478 656
26478 799 656
799 19123 656
19123 5174 656
5174 25789 656
25789 14765 656
14765 28945 656
28945 38467 656
38467 13959 656
13959 28620 656
28620 685 656
685 32672 656
32672 27968 656
27968 35395 656
35395 19414 656
19414 20095 656
20095 35905 656
35905 13032 656
13032 10159 656
10159 15114 656
15114 33507 656
33507 30320 656
30320 28273 656
28273 21176 656
21176 5422 656
5422 32741 656
32741 5281 656
5281 30292 656
30292 33079 656
33079 15086 656
15086 874 656
874 28584 656
28584 2571 656
2571 29345 656
29345 25405 656
25405 28968 656
28968 17538 656
17538 2884 656
2884 35312 656
35312 40882 656
40882 13068 656
13068 37298 656
37298 10551 656
10551 12280 656
12280 31148 656
31148 28671 656
28671 36504 656
36504 1987 656
1987 31104 656
31104 37017 656
37017 32426 656
32426 15410 656
15410 11925 656
11925 9654 656
9654 14027 656
14027 154 656
154 19882 656
19882 8288 656
8288 22759 656
22759 21281 656
21281 24465 656
24465 16310 656
16310 1437 656
1437 40900 656
40900 23686 656
23686 38225 656
38225 21023 656
21023 38522 656
38522 35384 656
35384 421 656
421 16658 656
16658 33424 656
33424 37543 656
37543 8953 656
8953 671 656
671 30560 656
30560 2591 656
2591 24801 656
24801 26159 656
26159 2644 656
2644 29198 656
29198 9044 656
9044 32424 656
32424 33866 656
33866 19519 656
19519 37837 656
37837 21898 656
21898 15874 656
15874 37576 656
37576 22837 656
22837 40857 656
40857 22520 656
22520 9083 656
9083 23213 656
23213 11517 656
11517 29003 656
29003 4955 656
4955 1678 656
1678 18749 656
18749 34954 656
34954 25130 656
25130 12964 656
12964 2310 656
2310 1491 656
1491 1313 656
1313 29218 656
29218 34126 656
34126 29632 656
29632 33565 656
33565 3572 656
3572 11831 656
11831 5938 656
5938 34497 656
34497 32895 656
32895 5080 656
5080 28158 656
28158 15744 656
15744 36520 656
36520 16153 656
16153 5527 656
5527 9371 656
9371 10016 656
10016 23160 656
23160 33695 656
33695 14215 656
14215 5286 656
5286 34749 656
34749 21562 656
21562 7936 656
7936 10690 656
10690 24052 656
24052 28505 656
28505 17408 656
17408 34119 656
34119 26413 656
26413 84 656
84 3591 656
3591 16197 656
16197 29967 656
29967 32132 656
32132 18350 656
18350 23109 656
23109 27821 656
27821 2651 656
2651 31173 656
31173 30024 656
30024 29999 656
29999 25578 656
25578 10904 656
10904 10366 656
10366 15149 656
15149 26957 656
26957 2032 656
2032 40170 656
40170 34472 656
34472 7110 656
7110 40596 656
40596 13154 656
13154 37248 656
37248 5598 656
5598 39563 656
39563 32330 656
32330 24898 656
24898 10759 656
10759 25206 656
25206 21514 656
21514 7627 656
7627 13746 656
13746 19867 656
19867 9781 656
9781 29096 656
29096 27295 656
27295 7774 656
7774 40728 656
40728 17448 656
17448 17994 656
17994 21324 656
21324 18600 656
18600 5637 656
5637 26487 656
26487 5977 656
5977 164 656
164 33798 656
33798 39917 656
39917 35980 656
35980 8389 656
8389 30835 656
30835 14634 656
14634 5399 656
5399 15007 656
15007 28107 656
28107 38328 656
38328 29312 656
29312 19919 656
19919 34795 656
34795 27623 656
27623 8159 656
8159 2176 656
2176 31179 656
31179 32352 656
32352 8804 656
8804 17828 656
17828 19689 656
19689 27233 656
27233 24688 656
24688 3628 656
3628 22732 656
22732 17904 656
17904 8666 656
8666 31276 656
31276 34599 656
34599 26435 656
26435 12292 656
12292 28836 656
28836 40700 656
40700 30097 656
30097 21749 656
21749 34643 656
34643 38267 656
38267 6669 656
6669 36722 656
36722 23901 656
23901 23453 656
23453 9171 656
9171 3840 656
3840 21684 656
21684 8305 656
8305 8255 656
8255 11404 656
11404 29341 656
29341 27658 656
27658 7925 656
7925 10720 656
10720 27433 656
27433 33786 656
33786 12583 656
12583 30814 656
30814 10242 656
10242 11012 656
11012 1958 656
1958 40420 656
40420 24764 656
24764 16943 656
16943 40042 656
40042 38488 656
38488 38287 656
38287 32567 656
32567 21993 656
21993 38524 656
38524 10150 656
10150 11521 656
11521 35601 656
35601 22753 656
22753 18959 656
18959 2664 656
2664 7894 656
7894 19772 656
19772 1994 656
1994 32360 656
32360 38207 656
38207 35836 656
35836 15168 656
15168 11369 656
11369 2113 656
2113 30092 656
30092 33545 656
33545 25043 656
25043 19526 656
19526 6205 656
6205 9019 656
9019 38011 656
38011 1486 656
1486 33818 656
33818 1122 656
1122 33921 656
33921 20952 656
20952 10219 656
10219 5662 656
5662 4465 656
4465 35495 656
35495 37351 656
37351 35844 656
35844 4693 656
4693 32332 656
32332 7542 656
7542 19757 656
19757 20705 656
20705 8715 656
8715 27314 656
27314 17369 656
17369 36201 656
36201 32111 656
32111 12998 656
12998 8007 656
8007 25854 656
25854 24379 656
24379 11525 656
11525 20180 656
20180 16224 656
16224 24855 656
24855 26482 656
26482 32023 656
32023 28043 656
28043 27611 656
27611 10149 656
10149 31541 656
31541 39175 656
39175 30824 656
30824 32139 656
32139 25236 656
25236 35949 656
35949 20936 656
20936 31030 656
31030 5561 656
5561 36667 656
36667 35118 656
35118 21071 656
21071 30846 656
30846 11923 656
11923 16300 656
16300 22127 656
22127 28881 656
28881 4189 656
4189 5044 656
5044 23050 656
23050 37662 656
37662 26636 656
26636 3691 656
3691 11415 656
11415 32622 656
32622 924 656
924 38356 656
38356 22166 656
22166 40511 656
40511 36633 656
36633 3337 656
3337 7286 656
7286 18521 656
18521 32894 656
32894 11770 656
11770 22407 656
22407 10014 656
10014 21541 656
21541 35686 656
35686 29099 656
29099 7549 656
7549 17362 656
17362 24858 656
24858 29933 656
29933 25266 656
25266 19534 656
19534 8525 656
8525 22488 656
22488 7112 656
7112 6933 656
6933 17669 656
17669 22059 656
22059 21102 656
21102 23545 656
23545 1007 656
1007 30730 656
30730 38627 656
38627 30403 656
30403 33280 656
33280 20560 656
20560 17658 656
17658 8596 656
8596 31730 656
31730 1378 656
1378 21580 656
21580 29062 656
29062 35252 656
35252 36090 656
36090 21028 656
21028 26032 656
26032 20677 656
20677 16622 656
16622 29330 656
29330 22798 656
22798 16096 656
16096 28297 656
28297 40147 656
40147 4647 656
4647 2745 656
2745 37784 656
37784 28899 656
28899 40186 656
40186 11427 656
11427 19726 656
19726 30006 656
30006 10253 656
10253 31137 656
31137 11479 656
11479 27591 656
27591 3657 656
3657 10913 656
10913 2430 656
2430 23318 656
23318 23666 656
23666 16793 656
16793 15936 656
15936 16577 656
16577 12389 656
12389 9447 656
9447 2421 656
2421 29279 656
29279 31929 656
31929 25103 656
25103 37892 656
37892 5728 656
5728 6657 656
6657 27195 656
27195 8401 656
8401 23970 656
23970 10781 656
10781 34323 656
34323 36288 656
36288 1704 656
1704 9987 656
9987 22639 656
22639 17862 656
17862 3166 656
3166 34317 656
34317 24419 656
24419 40229 656
40229 37974 656
37974 27786 656
27786 5964 656
5964 4460 656
4460 9897 656
9897 36379 656
36379 23072 656
23072 10450 656
10450 40493 656
40493 2515 656
2515 4755 656
4755 10089 656
10089 11752 656
11752 9704 656
9704 9384 656
9384 2200 656
2200 25793 656
25793 39115 656
39115 523 656
523 3834 656
3834 38649 656
38649 2098 656
2098 33675 656
33675 16071 656
16071 31911 656
31911 34619 656
34619 3963 656
3963 18046 656
18046 23224 656
23224 8993 656
8993 9122 656
9122 38005 656
38005 13257 656
13257 14124 656
14124 24867 656
24867 40922 656
40922 5965 656
5965 47 656
47 8648 656
8648 294 656
294 33285 656
33285 37547 656
37547 37861 656
37861 21671 656
21671 5463 656
5463 2488 656
2488 22880 656
22880 8983 656
8983 24965 656
24965 21111 656
21111 33358 656
33358 10527 656
10527 40719 656
40719 3804 656
3804 10684 656
10684 38441 656
38441 37489 656
37489 33446 656
33446 40967 656
40967 35278 656
35278 19874 656
19874 10043 656
10043 37908 656
37908 27986 656
27986 5700 656
5700 9859 656
9859 9314 656
9314 17466 656
17466 7780 656
7780 36861 656
36861 25351 656
25351 13033 656
13033 1080 656
1080 30493 656
30493 5685 656
5685 5476 656
5476 18785 656
18785 18759 656
18759 40890 656
40890 25929 656
25929 12569 656
12569 22109 656
22109 20488 656
20488 20903 656
20903 4922 656
4922 16455 656
16455 26911 656
26911 31298 656
31298 20996 656
20996 15311 656
15311 13935 656
13935 1145 656
1145 12864 656
12864 4562 656
4562 22163 656
22163 25474 656
25474 12030 656
12030 8689 656
8689 992 656
992 17445 656
17445 29383 656
29383 31640 656
31640 12357 656
12357 37652 656
37652 19490 656
19490 4294 656
4294 23569 656
23569 11013 656
11013 21633 656
21633 4571 656
4571 37349 656
37349 8721 656
8721 35233 656
35233 21733 656
21733 32924 656
32924 36182 656
36182 32395 656
32395 37240 656
37240 18682 656
18682 769 656
769 8410 656
8410 3844 656
3844 14817 656
14817 22466 656
22466 8282 656
8282 21147 656
21147 3285 656
3285 22186 656
22186 16682 656
16682 39839 656
39839 29002 656
29002 19036 656
19036 2777 656
2777 14816 656
14816 26753 656
26753 30421 656
30421 36872 656
36872 34970 656
34970 12515 656
12515 21332 656
21332 17952 656
17952 29348 656
29348 2526 656
2526 27146 656
27146 13212 656
13212 40991 656
40991 466 656
466 37367 656
37367 23222 656
23222 10815 656
10815 8479 656
8479 15096 656
15096 6089 656
6089 19128 656
19128 9446 656
9446 38422 656
38422 30334 656
30334 30750 656
30750 5175 656
5175 1789 656
1789 26063 656
26063 2271 656
2271 31145 656
31145 6809 656
6809 18414 656
18414 6091 656
6091 13509 656
13509 4786 656
4786 19964 656
19964 38114 656
38114 627 656
627 8824 656
8824 10613 656
10613 638 656
638 27136 656
27136 7046 656
7046 40060 656
40060 33550 656
33550 9876 656
9876 30936 656
30936 29902 656
29902 7628 656
7628 17567 656
17567 36440 656
36440 37203 656
37203 29229 656
29229 8069 656
8069 2721 656
2721 34738 656
34738 9132 656
9132 9977 656
9977 31655 656
31655 20851 656
20851 6386 656
6386 25891 656
25891 16784 656
16784 37526 656
37526 8765 656
8765 10621 656
10621 34149 656
34149 6600 656
6600 4326 656
4326 12957 656
12957 3530 656
3530 12683 656
12683 14624 656
14624 32157 656
32157 9458 656
9458 20887 656
20887 858 656
858 3647 656
3647 20445 656
20445 833 656
833 5919 656
5919 17134 656
17134 36163 656
36163 40154 656
40154 8995 656
8995 7995 656
7995 25579 656
25579 29581 656
29581 23217 656
23217 23650 656
23650 33162 656
33162 31424 656
31424 35633 656
35633 33753 656
33753 37686 656
37686 7258 656
7258 38396 656
38396 24635 656
24635 39539 656
39539 38248 656
38248 4359 656
4359 12646 656
12646 31350 656
31350 11705 656
11705 14976 656
14976 20821 656
20821 5052 656
5052 39510 656
39510 5862 656
5862 33859 656
33859 39437 656
39437 30943 656
30943 32346 656
32346 24101 656
24101 17272 656
17272 35155 656
35155 12811 656
12811 30603 656
30603 3419 656
3419 32677 656
32677 6133 656
6133 26799 656
26799 34338 656
34338 31144 656
31144 12085 656
12085 20749 656
20749 38835 656
38835 12566 656
12566 33268 656
33268 27990 656
27990 2315 656
2315 38588 656
38588 39284 656
39284 22949 656
22949 31939 656
31939 4080 656
4080 2130 656
2130 5003 656
5003 9826 656
9826 30907 656
30907 17709 656
17709 37952 656
37952 8541 656
8541 16163 656
16163 39374 656
39374 34160 656
34160 1555 656
1555 40193 656
40193 22888 656
22888 35793 656
35793 21435 656
21435 22735 656
22735 2751 656
2751 27987 656
27987 38745 656
38745 3233 656
3233 25284 656
25284 17985 656
17985 24467 656
24467 27925 656
27925 29954 656
29954 13161 656
13161 7824 656
7824 16327 656
16327 7432 656
7432 15637 656
15637 2623 656
2623 14701 656
14701 12009 656
12009 35691 656
35691 8419 656
8419 12541 656
12541 23028 656
23028 36167 656
36167 38244 656
38244 13979 656
13979 37028 656
37028 11797 656
11797 20338 656
20338 287 656
287 13025 656
13025 40529 656
40529 27494 656
27494 215 656
215 34184 656
34184 1063 656
1063 31496 656
31496 976 656
976 35184 656
35184 36775 656
36775 23712 656
23712 23929 656
23929 24182 656
24182 3160 656
3160 2469 656
2469 30371 656
30371 35382 656
35382 31129 656
31129 8814 656
8814 7483 656
7483 25754 656
25754 36138 656
36138 23527 656
23527 17387 656
17387 884 656
884 34994 656
34994 16959 656
16959 24689 656
24689 13242 656
13242 11716 656
11716 25717 656
25717 39303 656
39303 18723 656
18723 36094 656
36094 33139 656
33139 31628 656
31628 24870 656
24870 3227 656
3227 35444 656
35444 16574 656
16574 27327 656
27327 15708 656
15708 26517 656
26517 36459 656
36459 37333 656
37333 15450 656
15450 17412 656
17412 32404 656
32404 38024 656
38024 35760 656
35760 30547 656
30547 25841 656
25841 34842 656
34842 21257 656
21257 532 656
532 2075 656
2075 10879 656
10879 6944 656
6944 14800 656
14800 37602 656
37602 11168 656
11168 18789 656
18789 35932 656
35932 28963 656
28963 4015 656
4015 16706 656
16706 22110 656
22110 32340 656
32340 29103 656
29103 28720 656
28720 3823 656
3823 960 656
960 33369 656
33369 14941 656
14941 26212 656
26212 22122 656
22122 13483 656
13483 39854 656
39854 25079 656
25079 14879 656
14879 8897 656
8897 18556 656
18556 27218 656
27218 3043 656
3043 12780 656
12780 5384 656
5384 12637 656
12637 3193 656
3193 32526 656
32526 5058 656
5058 25920 656
25920 29080 656
29080 40341 656
40341 35350 656
35350 24979 656
24979 21951 656
21951 3835 656
3835 6835 656
6835 39380 656
39380 19091 656
19091 4109 656
4109 40324 656
40324 5817 656
5817 37145 656
37145 25847 656
25847 15091 656
15091 35449 656
35449 28744 656
28744 19548 656
19548 40231 656
40231 18806 656
18806 15734 656
15734 34270 656
34270 22648 656
22648 20651 656
20651 15468 656
15468 28524 656
28524 2248 656
2248 21333 656
21333 39477 656
39477 14779 656
14779 18057 656
18057 36205 656
36205 4632 656
4632 1297 656
1297 32344 656
32344 25071 656
25071 35996 656
35996 20937 656
20937 18838 656
18838 22657 656
22657 32975 656
32975 14756 656
14756 25742 656
25742 31514 656
31514 9164 656
9164 33245 656
33245 21634 656
21634 9088 656
9088 4863 656
4863 13272 656
13272 27742 656
27742 19638 656
19638 36439 656
36439 12878 656
12878 33951 656
33951 3356 656
3356 14834 656
14834 11137 656
11137 1729 656
1729 6760 656
6760 1840 656
1840 29917 656
29917 28606 656
28606 8893 656
8893 12455 656
12455 4218 656
4218 35339 656
35339 11330 656
11330 27467 656
27467 6370 656
6370 16837 656
16837 16538 656
16538 10918 656
10918 14745 656
14745 36836 656
36836 24663 656
24663 15232 656
15232 24725 656
24725 14369 656
14369 5841 656
5841 12319 656
12319 3261 656
3261 19974 656
19974 36608 656
36608 4739 656
4739 11605 656
11605 1527 656
1527 37269 656
37269 38814 656
38814 18840 656
18840 35744 656
35744 11619 656
11619 11613 656
11613 35324 656
35324 36447 656
36447 35292 656
35292 17804 656
17804 5357 656
5357 29030 656
29030 11848 656
11848 23365 656
23365 20985 656
20985 26343 656
26343 32008 656
32008 27209 656
27209 14856 656
14856 33270 656
33270 11055 656
11055 14713 656
14713 9579 656
9579 2939 656
2939 22664 656
22664 22766 656
22766 6210 656
6210 3636 656
3636 12247 656
12247 14402 656
14402 13114 656
13114 23909 656
23909 19056 656
19056 4286 656
4286 4296 656
4296 38534 656
38534 31288 656
31288 237 656
237 19648 656
19648 34229 656
34229 4943 656
4943 36995 656
36995 36544 656
36544 36308 656
36308 13692 656
13692 39867 656
39867 9914 656
9914 15928 656
15928 25033 656
25033 36784 656
36784 25303 656
25303 9983 656
9983 23995 656
23995 20238 656
20238 2241 656
2241 20881 656
20881 5085 656
5085 3396 656
3396 23763 656
23763 39941 656
39941 12894 656
12894 10070 656
10070 36275 656
36275 16362 656
16362 5050 656
5050 34536 656
34536 36069 656
36069 17857 656
17857 34623 656
34623 2560 656
2560 33584 656
33584 25254 656
25254 20606 656
20606 13537 656
13537 20399 656
20399 9604 656
9604 10385 656
10385 38413 656
38413 1409 656
1409 24400 656
24400 17505 656
17505 20543 656
20543 39503 656
39503 3587 656
3587 36562 656
36562 33116 656
33116 35265 656
35265 38479 656
38479 29173 656
29173 3274 656
3274 26611 656
26611 40518 656
40518 17794 656
17794 162 656
162 5578 656
5578 38822 656
38822 3555 656
3555 26117 656
26117 38594 656
38594 23917 656
23917 20006 656
20006 29008 656
29008 14895 656
14895 39463 656
39463 12299 656
12299 7546 656
7546 31703 656
31703 6353 656
6353 20776 656
20776 5431 656
5431 36980 656
36980 40771 656
40771 34797 656
34797 33383 656
33383 16927 656
16927 23508 656
23508 34180 656
34180 32236 656
32236 18257 656
18257 31471 656
31471 21308 656
21308 28461 656
28461 27836 656
27836 18888 656
18888 27048 656
27048 22576 656
22576 27001 656
27001 11236 656
11236 30420 656
30420 629 656
629 30336 656
30336 33973 656
33973 16451 656
16451 14687 656
14687 18577 656
18577 5811 656
5811 27441 656
27441 36920 656
36920 6695 656
6695 23331 656
23331 37647 656
37647 244 656
244 4663 656
4663 26699 656
26699 34114 656
34114 39585 656
39585 11764 656
11764 10588 656
10588 22884 656
22884 6679 656
6679 31964 656
31964 24717 656
24717 12208 656
12208 31509 656
31509 30706 656
30706 4166 656
4166 12221 656
12221 34223 656
34223 16352 656
16352 4273 656
4273 17892 656
17892 4020 656
4020 36026 656
36026 25245 656
25245 16225 656
16225 24845 656
24845 40947 656
40947 8730 656
8730 27032 656
27032 14633 656
14633 9961 656
9961 40014 656
40014 19438 656
19438 27892 656
27892 32355 656
32355 24749 656
24749 22937 656
22937 3827 656
3827 19935 656
19935 21679 656
21679 17436 656
17436 28731 656
28731 31294 656
31294 9193 656
9193 7526 656
7526 39032 656
39032 4793 656
4793 13079 656
13079 14052 656
14052 40461 656
40461 3957 656
3957 15851 656
15851 5564 656
5564 34803 656
34803 2955 656
2955 20512 656
20512 26357 656
26357 18932 656
18932 7788 656
7788 33967 656
33967 33769 656
33769 20491 656
20491 22234 656
22234 19066 656
19066 31275 656
31275 17029 656
17029 38510 656
38510 6488 656
6488 33111 656
33111 38232 656
38232 3120 656
3120 14317 656
14317 5891 656
5891 14694 656
14694 36176 656
36176 37905 656
37905 36550 656
36550 40171 656
40171 18510 656
18510 18966 656
18966 13765 656
13765 27056 656
27056 20747 656
20747 5471 656
5471 212 656
212 11658 656
11658 14945 656
14945 10196 656
10196 10047 656
10047 7094 656
7094 31234 656
31234 29365 656
29365 18688 656
18688 20847 656
20847 34202 656
34202 19522 656
19522 5775 656
5775 28058 656
28058 3707 656
3707 1116 656
1116 8335 656
8335 30966 656
30966 25167 656
25167 3283 656
3283 37868 656
37868 20349 656
20349 36055 656
36055 24828 656
24828 6387 656
6387 8391 656
8391 13503 656
13503 40838 656
40838 7952 656
7952 13531 656
13531 25326 656
25326 22910 656
22910 38502 656
38502 14932 656
14932 7002 656
7002 35850 656
35850 30879 656
30879 32449 656
32449 18246 656
18246 177 656
177 11226 656
11226 12839 656
12839 22845 656
22845 12012 656
12012 22124 656
22124 3025 656
3025 37010 656
37010 17901 656
17901 29881 656
29881 27278 656
27278 12154 656
12154 5504 656
5504 31596 656
31596 9616 656
9616 40841 656
40841 928 656
928 17535 656
17535 28376 656
28376 36081 656
36081 39843 656
39843 40883 656
40883 14784 656
14784 20484 656
20484 16498 656
16498 32510 656
32510 11458 656
11458 34514 656
34514 9255 656
9255 34379 656
34379 21839 656
21839 1453 656
1453 29230 656
29230 14873 656
14873 20716 656
20716 39416 656
39416 22924 656
22924 36902 656
36902 31713 656
31713 18351 656
18351 37822 656
37822 3662 656
3662 22955 656
22955 2948 656
2948 30585 656
30585 23607 656
23607 36754 656
36754 40094 656
40094 19019 656
19019 6963 656
6963 21454 656
21454 2147 656
2147 40604 656
40604 7826 656
7826 32483 656
32483 11146 656
11146 15269 656
15269 10628 656
10628 10636 656
10636 4409 656
4409 31215 656
31215 13933 656
13933 1496 656
1496 3970 656
3970 39718 656
39718 26142 656
26142 2995 656
2995 39890 656
39890 15302 656
15302 6970 656
6970 5623 656
5623 40799 656
40799 1075 656
1075 35897 656
35897 9274 656
9274 18671 656
18671 3468 656
3468 8425 656
8425 29449 656
29449 20474 656
20474 8198 656
8198 4396 656
4396 8135 656
8135 28034 656
28034 32223 656
32223 23744 656
23744 35281 656
35281 4831 656
4831 29390 656
29390 37851 656
37851 33036 656
33036 16968 656
16968 6110 656
6110 39804 656
39804 39834 656
39834 18469 656
18469 33943 656
33943 23624 656
23624 7615 656
7615 28947 656
28947 7631 656
7631 11565 656
11565 23484 656
23484 34668 656
34668 5595 656
5595 30330 656
30330 17067 656
17067 35391 656
35391 13505 656
13505 2104 656
2104 39590 656
39590 33365 656
33365 29580 656
29580 7103 656
7103 30567 656
30567 10087 656
10087 6321 656
6321 19488 656
19488 23037 656
23037 30427 656
30427 1245 656
1245 6762 656
6762 5599 656
5599 18145 656
18145 3089 656
3089 10829 656
10829 29210 656
29210 27921 656
27921 10194 656
10194 32089 656
32089 7126 656
7126 14162 656
14162 35973 656
35973 35022 656
35022 10411 656
10411 16025 656
16025 3252 656
3252 17934 656
17934 2974 656
2974 38093 656
38093 40087 656
40087 22613 656
22613 28768 656
28768 3132 656
3132 21840 656
21840 35743 656
35743 11449 656
11449 22112 656
22112 14799 656
14799 26476 656
26476 23903 656
23903 7434 656
7434 15877 656
15877 31878 656
31878 7945 656
7945 29983 656
29983 34645 656
34645 24517 656
24517 4614 656
4614 23422 656
23422 19322 656
19322 23912 656
23912 28556 656
28556 20654 656
20654 22193 656
22193 2320 656
2320 37712 656
37712 18700 656
18700 29084 656
29084 35954 656
35954 17354 656
17354 23161 656
23161 13268 656
13268 25481 656
25481 33197 656
33197 2250 656
2250 38073 656
38073 18023 656
18023 9980 656
9980 34699 656
34699 25391 656
25391 8613 656
8613 16135 656
16135 4194 656
4194 23662 656
23662 31031 656
31031 22329 656
22329 17801 656
17801 20091 656
20091 20209 656
20209 33912 656
33912 35 656
35 36376 656
36376 1070 656
1070 18673 656
18673 11256 656
11256 40174 656
40174 25440 656
25440 32234 656
32234 38714 656
38714 33395 656
33395 28794 656
28794 7185 656
7185 35929 656
35929 3040 656
3040 37912 656
37912 40598 656
40598 16598 656
16598 22260 656
22260 27791 656
27791 36735 656
36735 30226 656
30226 56 656
56 8515 656
8515 27730 656
27730 3406 656
3406 19604 656
19604 3117 656
3117 2668 656
2668 36242 656
36242 23486 656
23486 27286 656
27286 6718 656
6718 1458 656
1458 18687 656
18687 18952 656
18952 15832 656
15832 6512 656
6512 1923 656
1923 25654 656
25654 419 656
419 114 656
114 27364 656
27364 4206 656
4206 5184 656
5184 31427 656
31427 35518 656
35518 12893 656
12893 4639 656
4639 24213 656
24213 16697 656
16697 29953 656
29953 29922 656
29922 14731 656
14731 2731 656
2731 35662 656
35662 8020 656
8020 38195 656
38195 36016 656
36016 34859 656
34859 22274 656
22274 27074 656
27074 24985 656
24985 14696 656
14696 21449 656
21449 26072 656
26072 17668 656
17668 34968 656
34968 30399 656
30399 15339 656
15339 22585 656
22585 32908 656
32908 20802 656
20802 5468 656
5468 15421 656
15421 34271 656
34271 17773 656
17773 11290 656
11290 11799 656
11799 30202 656
30202 2381 656
2381 8963 656
8963 30642 656
30642 18593 656
18593 29797 656
29797 24846 656
24846 29108 656
29108 28125 656
28125 35660 656
35660 12172 656
12172 10537 656
10537 1300 656
1300 29606 656
29606 14504 656
14504 773 656
773 34912 656
34912 4420 656
4420 8260 656
8260 27350 656
27350 24518 656
24518 16961 656
16961 40435 656
40435 20487 656
20487 7025 656
7025 23649 656
23649 8779 656
8779 5719 656
5719 31792 656
31792 3895 656
3895 38448 656
38448 10452 656
10452 34139 656
34139 2288 656
2288 18611 656
18611 27963 656
27963 896 656
896 9222 656
9222 5124 656
5124 4712 656
4712 20127 656
20127 35982 656
35982 23346 656
23346 35539 656
35539 39470 656
39470 23292 656
23292 14472 656
14472 9067 656
9067 31774 656
31774 4121 656
4121 10245 656
10245 37749 656
37749 8902 656
8902 2303 656
2303 327 656
327 10851 656
10851 35622 656
35622 10495 656
10495 7813 656
7813 3909 656
3909 37793 656
37793 21507 656
21507 11202 656
11202 12725 656
12725 4532 656
4532 5507 656
5507 40410 656
40410 31743 656
31743 40338 656
40338 19576 656
19576 10198 656
10198 9276 656
9276 8513 656
8513 37346 656
37346 19789 656
19789 12068 656
12068 34815 656
34815 39551 656
39551 7641 656
7641 15675 656
15675 32576 656
32576 38781 656
38781 39748 656
39748 7879 656
7879 24907 656
24907 39521 656
39521 24888 656
24888 30096 656
30096 1254 656
1254 14755 656
14755 4354 656
4354 31060 656
31060 18989 656
18989 21953 656
21953 11357 656
11357 10667 656
10667 38919 656
38919 33011 656
33011 6398 656
6398 31221 656
31221 26934 656
26934 2880 656
2880 16411 656
16411 17812 656
17812 40480 656
40480 34172 656
34172 37335 656
37335 11170 656
11170 13495 656
13495 33049 656
33049 1734 656
1734 39993 656
39993 26325 656
26325 8141 656
8141 20035 656
20035 13404 656
13404 28697 656
28697 34452 656
34452 2891 656
2891 30512 656
30512 6003 656
6003 7344 656
7344 11614 656
11614 1679 656
1679 1406 656
1406 24406 656
24406 27418 656
27418 21768 656
21768 12263 656
12263 3942 656
3942 37797 656
37797 40064 656
40064 17845 656
17845 6400 656
6400 28208 656
28208 36989 656
36989 16702 656
16702 10584 656
10584 25606 656
25606 35919 656
35919 36650 656
36650 1851 656
1851 12922 656
12922 32675 656
32675 12876 656
12876 32477 656
32477 40131 656
40131 40332 656
40332 11820 656
11820 10947 656
10947 35405 656
35405 9597 656
9597 11643 656
11643 24761 656
24761 7144 656
7144 28268 656
28268 15826 656
15826 2436 656
2436 25675 656
25675 699 656
699 15930 656
15930 13145 656
13145 17305 656
17305 25695 656
25695 32872 656
32872 19119 656
19119 38453 656
38453 11980 656
11980 40051 656
40051 22202 656
22202 27131 656
27131 38308 656
38308 36674 656
36674 8343 656
8343 8818 656
8818 39798 656
39798 11564 656
11564 35201 656
35201 12829 656
12829 17463 656
17463 6225 656
6225 28894 656
28894 20476 656
20476 4333 656
4333 28119 656
28119 37315 656
37315 28295 656
28295 20726 656
20726 22307 656
22307 25746 656
25746 39540 656
39540 38581 656
38581 21310 656
21310 25163 656
25163 28856 656
28856 30687 656
30687 9232 656
9232 14126 656
14126 11920 656
11920 29174 656
29174 7972 656
7972 34047 656
34047 7949 656
7949 12948 656
12948 27982 656
27982 24292 656
24292 34461 656
34461 19167 656
19167 25088 656
25088 11830 656
11830 36395 656
36395 18352 656
18352 5670 656
5670 3998 656
3998 7325 656
7325 33614 656
33614 34439 656
34439 40736 656
40736 28275 656
28275 28858 656
28858 6985 656
6985 859 656
859 13808 656
13808 10336 656
10336 28948 656
28948 14308 656
14308 34438 656
34438 21788 656
21788 35880 656
35880 6841 656
6841 18532 656
18532 29748 656
29748 23742 656
23742 12967 656
12967 27637 656
27637 5361 656
5361 33216 656
33216 3558 656
3558 13795 656
13795 17206 656
17206 9424 656
9424 9007 656
9007 33666 656
33666 27505 656
27505 28053 656
28053 38455 656
38455 29676 656
29676 19847 656
19847 14372 656
14372 37641 656
37641 15375 656
15375 39567 656
39567 21855 656
21855 39715 656
39715 6990 656
6990 37084 656
37084 30353 656
30353 27255 656
27255 13885 656
13885 29024 656
29024 34594 656
34594 14868 656
14868 27142 656
27142 36114 656
36114 13198 656
13198 4838 656
4838 15074 656
15074 30505 656
30505 22450 656
22450 32979 656
32979 3737 656
3737 13818 656
13818 18426 656
18426 20188 656
20188 82 656
82 34967 656
34967 12739 656
12739 31029 656
31029 38442 656
38442 4265 656
4265 30892 656
30892 12267 656
12267 22958 656
22958 37499 656
37499 2542 656
2542 21989 656
21989 14090 656
14090 26778 656
26778 7926 656
7926 34217 656
34217 4454 656
4454 5756 656
5756 28981 656
28981 12570 656
12570 20838 656
20838 27410 656
27410 32218 656
32218 38375 656
38375 5029 656
5029 16065 656
16065 12132 656
12132 23757 656
23757 7269 656
7269 14107 656
14107 29636 656
29636 35937 656
35937 17835 656
17835 21771 656
21771 16558 656
16558 27272 656
27272 28988 656
28988 40851 656
40851 39294 656
39294 26247 656
26247 21568 656
21568 39065 656
39065 16905 656
16905 38305 656
38305 16917 656
16917 26747 656
26747 8412 656
8412 35213 656
35213 6866 656
6866 5346 656
5346 20926 656
20926 20116 656
20116 36850 656
36850 23177 656
23177 1017 656
1017 23066 656
23066 20370 656
20370 40821 656
40821 36517 656
36517 36771 656
36771 19009 656
19009 21846 656
21846 24060 656
24060 16027 656
16027 31985 656
31985 8605 656
8605 22215 656
22215 8994 656
8994 25542 656
25542 6166 656
6166 23039 656
23039 3723 656
3723 33119 656
33119 3947 656
3947 22471 656
22471 11022 656
11022 34242 656
34242 39102 656
39102 24836 656
24836 32657 656
32657 27676 656
27676 24951 656
24951 820 656
820 5271 656
5271 1693 656
1693 33513 656
33513 12088 656
12088 28712 656
28712 28349 656
28349 14987 656
14987 12737 656
12737 34076 656
34076 21098 656
21098 31848 656
31848 9070 656
9070 11825 656
11825 32502 656
32502 17513 656
17513 12026 656
12026 15693 656
15693 1188 656
1188 16489 656
16489 4064 656
4064 38438 656
38438 35346 656
35346 32539 656
32539 3732 656
3732 35958 656
35958 21303 656
21303 21146 656
21146 14582 656
14582 10498 656
10498 5041 656
5041 27957 656
27957 24482 656
24482 39637 656
39637 27421 656
27421 30704 656
30704 10373 656
10373 23018 656
23018 23283 656
23283 11198 656
11198 27404 656
27404 21430 656
21430 34046 656
34046 22418 656
22418 30416 656
30416 40165 656
40165 14054 656
14054 13741 656
13741 24768 656
24768 12862 656
12862 7433 656
7433 1628 656
1628 24651 656
24651 29211 656
29211 24822 656
24822 37515 656
37515 32544 656
32544 19929 656
19929 16318 656
16318 26898 656
26898 16319 656
16319 3822 656
3822 14571 656
14571 5358 656
5358 21650 656
21650 15275 656
15275 34695 656
34695 22151 656
22151 35481 656
35481 8986 656
8986 29762 656
29762 13152 656
13152 34501 656
34501 6335 656
6335 21226 656
21226 24789 656
24789 24566 656
24566 28536 656
28536 23693 656
23693 38673 656
38673 40252 656
40252 21249 656
21249 720 656
720 9631 656
9631 16031 656
16031 33875 656
33875 37733 656
37733 21297 656
21297 18220 656
18220 14460 656
14460 8566 656
8566 20707 656
20707 34622 656
34622 4928 656
4928 6689 656
6689 9994 656
9994 23244 656
23244 21001 656
21001 31604 656
31604 37245 656
37245 22071 656
22071 13637 656
13637 3872 656
3872 35805 656
35805 16057 656
16057 12275 656
12275 14556 656
14556 12233 656
12233 33405 656
33405 12828 656
12828 31750 656
31750 14073 656
14073 36809 656
36809 10073 656
10073 30569 656
30569 6586 656
6586 5933 656
5933 17297 656
17297 15625 656
15625 19779 656
19779 1777 656
1777 1592 656
1592 2922 656
2922 40652 656
40652 6283 656
6283 15444 656
15444 926 656
926 21136 656
21136 28262 656
28262 30799 656
30799 8155 656
8155 13346 656
13346 32033 656
32033 33533 656
33533 33357 656
33357 1426 656
1426 28914 656
28914 4724 656
4724 10862 656
10862 2333 656
2333 3551 656
3551 23748 656
23748 10166 656
10166 9587 656
9587 36570 656
36570 28021 656
28021 5076 656
5076 3365 656
3365 14619 656
14619 14968 656
14968 40802 656
40802 16751 656
16751 27748 656
27748 21952 656
21952 6636 656
6636 7870 656
7870 36300 656
36300 11359 656
11359 36230 656
36230 12385 656
12385 40772 656
40772 36297 656
36297 27200 656
27200 33308 656
33308 38708 656
38708 22919 656
22919 17624 656
17624 25128 656
25128 10138 656
10138 11527 656
11527 12197 656
12197 37700 656
37700 5992 656
5992 3184 656
3184 35861 656
35861 29629 656
29629 31132 656
31132 36131 656
36131 33619 656
33619 7170 656
7170 3525 656
3525 8057 656
8057 27470 656
27470 37308 656
37308 1004 656
1004 14926 656
14926 30863 656
30863 20431 656
20431 20239 656
20239 40301 656
40301 13859 656
13859 29668 656
29668 26055 656
26055 16674 656
16674 9286 656
9286 10809 656
10809 33794 656
33794 7029 656
7029 34369 656
34369 18344 656
18344 3130 656
3130 33591 656
33591 15008 656
15008 20038 656
20038 11276 656
11276 40742 656
40742 34826 656
34826 19198 656
19198 7439 656
7439 13830 656
13830 3879 656
3879 19861 656
19861 16267 656
16267 35564 656
35564 17620 656
17620 28826 656
28826 28006 656
28006 10318 656
10318 24070 656
24070 6155 656
6155 34140 656
34140 37609 656
37609 16049 656
16049 22436 656
22436 33612 656
33612 13504 656
13504 8607 656
8607 7042 656
7042 10478 656
10478 18907 656
18907 17027 656
17027 32484 656
32484 7006 656
7006 7767 656
7767 5649 656
5649 30396 656
30396 20699 656
20699 32204 656
32204 30708 656
30708 40038 656
40038 10473 656
10473 2396 656
2396 21500 656
21500 30113 656
30113 39759 656
39759 2274 656
2274 35137 656
35137 26005 656
26005 26657 656
26657 6911 656
6911 30395 656
30395 11899 656
11899 20862 656
20862 35180 656
35180 40585 656
40585 33196 656
33196 4173 656
4173 40836 656
40836 30430 656
30430 25296 656
25296 28782 656
28782 5939 656
5939 30772 656
30772 15050 656
15050 8957 656
8957 29510 656
29510 10503 656
10503 31623 656
31623 38194 656
38194 16952 656
16952 7508 656
7508 20167 656
20167 10873 656
10873 5246 656
5246 36047 656
36047 15711 656
15711 12137 656
12137 7393 656
7393 35535 656
35535 35437 656
35437 37353 656
37353 13951 656
13951 17355 656
17355 18137 656
18137 31701 656
31701 30135 656
30135 8631 656
8631 29880 656
29880 32726 656
32726 5034 656
5034 35693 656
35693 23479 656
23479 35145 656
35145 19918 656
19918 1649 656
1649 4130 656
4130 34341 656
34341 26488 656
26488 1565 656
1565 37826 656
37826 1878 656
1878 31770 656
31770 35933 656
35933 38288 656
38288 33984 656
33984 9114 656
9114 39428 656
39428 5989 656
5989 16426 656
16426 23525 656
23525 35202 656
35202 39078 656
39078 23602 656
23602 3176 656
3176 27936 656
27936 30734 656
30734 25215 656
25215 10406 656
10406 32428 656
32428 14204 656
14204 20268 656
20268 23382 656
23382 7482 656
7482 26446 656
26446 37190 656
37190 24170 656
24170 21549 656
21549 29718 656
29718 14024 656
14024 26870 656
26870 15651 656
15651 33277 656
33277 6771 656
6771 40577 656
40577 39897 656
39897 6032 656
6032 9131 656
9131 8340 656
8340 16926 656
16926 33717 656
33717 21930 656
21930 8274 656
8274 38147 656
38147 16967 656
16967 25589 656
25589 14535 656
14535 31936 656
31936 13072 656
13072 19240 656
19240 28431 656
28431 1027 656
1027 21558 656
21558 13098 656
13098 34179 656
34179 2686 656
2686 13399 656
13399 34601 656
34601 17142 656
17142 39400 656
39400 10018 656
10018 16212 656
16212 9804 656
9804 39773 656
39773 26967 656
26967 20744 656
20744 38069 656
38069 10440 656
10440 34886 656
34886 4551 656
4551 36990 656
36990 13821 656
13821 27960 656
27960 18651 656
18651 17083 656
17083 15190 656
15190 13210 656
13210 19897 656
19897 39924 656
39924 35574 656
35574 30230 656
30230 1108 656
1108 28999 656
28999 36823 656
36823 18177 656
18177 17776 656
17776 4759 656
4759 36413 656
36413 24700 656
24700 265 656
265 27702 656
27702 3218 656
3218 26137 656
26137 30152 656
30152 38609 656
38609 38732 656
38732 1575 656
1575 15246 656
15246 33054 656
33054 11274 656
11274 8577 656
8577 37707 656
37707 34810 656
34810 21528 656
21528 24892 656
24892 10695 656
10695 21659 656
21659 17143 656
17143 21267 656
21267 6108 656
6108 35059 656
35059 20489 656
20489 26696 656
26696 11772 656
11772 11111 656
11111 15986 656
15986 3257 656
3257 12554 656
12554 3144 656
3144 27573 656
27573 13940 656
13940 31141 656
31141 9767 656
9767 9413 656
9413 37123 656
37123 20524 656
20524 2993 656
2993 38891 656
38891 9399 656
9399 3738 656
3738 772 656
772 36146 656
36146 23352 656
23352 21899 656
21899 33608 656
33608 24853 656
24853 22344 656
22344 13932 656
13932 9701 656
9701 15870 656
15870 8237 656
8237 19876 656
19876 29575 656
29575 25182 656
25182 29911 656
29911 37962 656
37962 37358 656
37358 31216 656
31216 20625 656
20625 17827 656
17827 28057 656
28057 35368 656
35368 5713 656
5713 35261 656
35261 38086 656
38086 12414 656
12414 10519 656
10519 31603 656
31603 37204 656
37204 17915 656
17915 6913 656
6913 26639 656
26639 35657 656
35657 6909 656
6909 17639 656
17639 39028 656
39028 33564 656
33564 8225 656
8225 11066 656
11066 9831 656
9831 6895 656
6895 36116 656
36116 10708 656
10708 39753 656
39753 3159 656
3159 1953 656
1953 12553 656
12553 6411 656
6411 32665 656
32665 24938 656
24938 15290 656
15290 20075 656
20075 14339 656
14339 23865 656
23865 15159 656
15159 28378 656
28378 251 656
251 37185 656
37185 1485 656
1485 15634 656
15634 17236 656
17236 29196 656
29196 32699 656
32699 18868 656
18868 8651 656
8651 4705 656
4705 39244 656
39244 32897 656
32897 25962 656
25962 3959 656
3959 14924 656
14924 8665 656
8665 7445 656
7445 29045 656
29045 26430 656
26430 11272 656
11272 5839 656
5839 37842 656
37842 5042 656
5042 16104 656
16104 22672 656
22672 34378 656
34378 15214 656
15214 29919 656
29919 4279 656
4279 30740 656
30740 15196 656
15196 36365 656
36365 12849 656
12849 12188 656
12188 22636 656
22636 6453 656
6453 11775 656
11775 8712 656
8712 789 656
789 13318 656
13318 5517 656
5517 2765 656
2765 10085 656
10085 23599 656
23599 17293 656
17293 20567 656
20567 26720 656
26720 25660 656
25660 15544 656
15544 11398 656
11398 20894 656
20894 1382 656
1382 10731 656
10731 27374 656
27374 4485 656
4485 25452 656
25452 18132 656
18132 30623 656
30623 25491 656
25491 7090 656
7090 30258 656
30258 8549 656
8549 12105 656
12105 18035 656
18035 37631 656
37631 22165 656
22165 30394 656
30394 7074 656
7074 28578 656
28578 33242 656
33242 32877 656
32877 4030 656
4030 40082 656
40082 28689 656
28689 12439 656
12439 23280 656
23280 29598 656
29598 18005 656
18005 12679 656
12679 18978 656
18978 2688 656
2688 1302 656
1302 7207 656
7207 9026 656
9026 12970 656
12970 20093 656
20093 4592 656
4592 16523 656
16523 34641 656
34641 33113 656
33113 24753 656
24753 8119 656
8119 38252 656
38252 12067 656
12067 8946 656
8946 4149 656
4149 30209 656
30209 2548 656
2548 21246 656
21246 29121 656
29121 34864 656
34864 30983 656
30983 38053 656
38053 38345 656
38345 19530 656
19530 30526 656
30526 13334 656
13334 2659 656
2659 27535 656
27535 13690 656
13690 2426 656
2426 3664 656
3664 18370 656
18370 22656 656
22656 30857 656
30857 38155 656
38155 3110 656
3110 18028 656
18028 25504 656
25504 30762 656
30762 20346 656
20346 20317 656
20317 4842 656
4842 27586 656
27586 656 656
656 9536 656
9536 1427 656
1427 14461 656
14461 30847 656
30847 35452 656
35452 31508 656
31508 3409 656
3409 19989 656
19989 30934 656
30934 17228 656
17228 26820 656
26820 22569 656
22569 1698 656
1698 13609 656
13609 1403 656
1403 33554 656
33554 20995 656
20995 6371 656
6371 37553 656
37553 33218 656
33218 16695 656
16695 22596 656
22596 19900 656
19900 28252 656
28252 35409 656
35409 21266 656
21266 16239 656
16239 36630 656
36630 30662 656
30662 22229 656
22229 1700 656
1700 39780 656
39780 22067 656
22067 7707 656
7707 1607 656
1607 8916 656
8916 12700 656
12700 28320 656
28320 3241 656
3241 9993 656
9993 6469 656
6469 33901 656
33901 9930 656
9930 36736 656
36736 2911 656
2911 34757 656
34757 18164 656
18164 33382 656
33382 17913 656
17913 7541 656
7541 13544 656
13544 28287 656
28287 35778 656
35778 18963 656
18963 32993 656
32993 36586 656
36586 17555 656
17555 11064 656
11064 14193 656
14193 3761 656
3761 28533 656
28533 16618 656
16618 2870 656
2870 22319 656
22319 9785 656
9785 1816 656
1816 12954 656
12954 9877 656
9877 29864 656
29864 39971 656
39971 15150 656
15150 30111 656
30111 13105 656
13105 28430 656
28430 17701 656
17701 4474 656
4474 21940 656
21940 18615 656
18615 32468 656
32468 34986 656
34986 39361 656
39361 27976 656
27976 30374 656
30374 28134 656
28134 30455 656
30455 26322 656
26322 2279 656
2279 19508 656
19508 18108 656
18108 563 656
563 16555 656
16555 23046 656
23046 3072 656
3072 1173 656
1173 38498 656
38498 8862 656
8862 18409 656
18409 1574 656
1574 36585 656
36585 13205 656
13205 5684 656
5684 27704 656
27704 37139 656
37139 18784 656
18784 18070 656
18070 23761 656
23761 27871 656
27871 26996 656
26996 8473 656
8473 35940 656
35940 31648 656
31648 1733 656
1733 12688 656
12688 12896 656
12896 22312 656
22312 7348 656
7348 34648 656
34648 26390 656
26390 6416 656
6416 15592 656
15592 23045 656
23045 28168 656
28168 4386 656
4386 13470 656
13470 16800 656
16800 8503 656
8503 10396 656
10396 29396 656
29396 15240 656
15240 39274 656
39274 10777 656
10777 15957 656
15957 30077 656
30077 27954 656
27954 22754 656
22754 11455 656
11455 9598 656
9598 7183 656
7183 38311 656
38311 8892 656
8892 12803 656
12803 11582 656
11582 10737 656
10737 32813 656
32813 22565 656
22565 11779 656
11779 31977 656
31977 9356 656
9356 17033 656
17033 7257 656
7257 132 656
132 35819 656
35819 23255 656
23255 520 656
520 635 656
635 17491 656
17491 9702 656
9702 10241 656
10241 19509 656
19509 11544 656
11544 1684 656
1684 18845 656
18845 20788 656
20788 31632 656
31632 27464 656
27464 24414 656
24414 1976 656
1976 24026 656
24026 19922 656
19922 6572 656
6572 29273 656
29273 10596 656
10596 25832 656
25832 14356 656
14356 28542 656
28542 17755 656
17755 7771 656
7771 5615 656
5615 7697 656
7697 30062 656
30062 20960 656
20960 32812 656
32812 15867 656
15867 32289 656
32289 15205 656
15205 3428 656
3428 32222 656
32222 36102 656
36102 5755 656
5755 38482 656
38482 33888 656
33888 3588 656
3588 29322 656
29322 1665 656
1665 22932 656
22932 33056 656
33056 25908 656
25908 17775 656
17775 12109 656
12109 37691 656
37691 18133 656
18133 40570 656
40570 5691 656
5691 27864 656
27864 16496 656
16496 16052 656
16052 17499 656
17499 37537 656
37537 25923 656
25923 27248 656
27248 30856 656
30856 36306 656
36306 4513 656
4513 17863 656
17863 35140 656
35140 28913 656
28913 25541 656
25541 30084 656
30084 11508 656
11508 1506 656
1506 28552 656
28552 11575 656
11575 4744 656
4744 5046 656
5046 27876 656
27876 2572 656
2572 22499 656
22499 24940 656
24940 28672 656
28672 19247 656
19247 35127 656
35127 11268 656
11268 13372 656
13372 1754 656
1754 28568 656
28568 15771 656
15771 3795 656
3795 12951 656
12951 37425 656
37425 16475 656
16475 12545 656
12545 5496 656
5496 18877 656
18877 25537 656
25537 24955 656
24955 31176 656
31176 22663 656
22663 32937 656
32937 35078 656
35078 28550 656
28550 21638 656
21638 299 656
299 38293 656
38293 3796 656
3796 27468 656
27468 6785 656
6785 19141 656
19141 34020 656
34020 31818 656
31818 6057 656
6057 18866 656
18866 29162 656
29162 33194 656
33194 36566 656
36566 3177 656
3177 26221 656
26221 7790 656
7790 838 656
838 14096 656
14096 20884 656
20884 3280 656
3280 5206 656
5206 7312 656
7312 11452 656
11452 4703 656
4703 14111 656
14111 22574 656
22574 21521 656
21521 38424 656
38424 7075 656
7075 29056 656
29056 3903 656
3903 1129 656
1129 29234 656
29234 40017 656
40017 39496 656
39496 19215 656
19215 28930 656
28930 2754 656
2754 38495 656
38495 27808 656
27808 10602 656
10602 22738 656
22738 20467 656
20467 32788 656
32788 11500 656
11500 29021 656
29021 38911 656
38911 38935 656
38935 3332 656
3332 3065 656
3065 29428 656
29428 23040 656
23040 28565 656
28565 18093 656
18093 17493 656
17493 7211 656
7211 4903 656
4903 36572 656
36572 38724 656
38724 19022 656
19022 554 656
554 4240 656
4240 26371 656
26371 13279 656
13279 29394 656
29394 13835 656
13835 39331 656
39331 19246 656
19246 24250 656
24250 31773 656
31773 38141 656
38141 14170 656
14170 40191 656
40191 28322 656
28322 38860 656
38860 28911 656
28911 37783 656
37783 27834 656
27834 15879 656
15879 37858 656
37858 37213 656
37213 25364 656
25364 20953 656
20953 17121 656
17121 508 656
508 5280 656
5280 17675 656
17675 18060 656
18060 5990 656
5990 36432 656
36432 37202 656
37202 2400 656
2400 34411 656
34411 7531 656
7531 10386 656
10386 17447 656
17447 11285 656
11285 31287 656
31287 21073 656
21073 21824 656
21824 22265 656
22265 9374 656
9374 24913 656
24913 30962 656
30962 4895 656
4895 23631 656
23631 20309 656
20309 16184 656
16184 7163 656
7163 11392 656
11392 19023 656
19023 3424 656
3424 34744 656
34744 2126 656
2126 5588 656
5588 14698 656
14698 7702 656
7702 7386 656
7386 20629 656
20629 2689 656
2689 16998 656
16998 19909 656
19909 39796 656
39796 25078 656
25078 23433 656
23433 30144 656
30144 28469 656
28469 7477 656
7477 37577 656
37577 13667 656
13667 18144 656
18144 17695 656
17695 24960 656
24960 1282 656
1282 10444 656
10444 20703 656
20703 27906 656
27906 15104 656
15104 6316 656
6316 14875 656
14875 5577 656
5577 32532 656
32532 10861 656
10861 1986 656
1986 20227 656
20227 38178 656
38178 21917 656
21917 829 656
829 35835 656
35835 18677 656
18677 10029 656
10029 21748 656
21748 32646 656
32646 8388 656
8388 512 656
512 18024 656
18024 5313 656
5313 6770 656
6770 13958 656
13958 13612 656
13612 10824 656
10824 16325 656
16325 32793 656
32793 10643 656
10643 13949 656
13949 29256 656
29256 6491 656
6491 20385 656
20385 26858 656
26858 15231 656
15231 23151 656
23151 24188 656
24188 9334 656
9334 18745 656
18745 31013 656
31013 36160 656
36160 39210 656
39210 26208 656
26208 13185 656
13185 36108 656
36108 19820 656
19820 1431 656
1431 21270 656
21270 32088 656
32088 28833 656
28833 29973 656
29973 2837 656
2837 21252 656
21252 289 656
289 12066 656
12066 22497 656
22497 27937 656
27937 15649 656
15649 39864 656
39864 21099 656
21099 31924 656
31924 22771 656
22771 6957 656
6957 33427 656
33427 34026 656
34026 27793 656
27793 17547 656
17547 5287 656
5287 2199 656
2199 2729 656
2729 19639 656
19639 29317 656
29317 40416 656
40416 4170 656
4170 29749 656
29749 21081 656
21081 9167 656
9167 24090 656
24090 36386 656
36386 34510 656
34510 34865 656
34865 18794 656
18794 34269 656
34269 19194 656
19194 8004 656
8004 32029 656
32029 31963 656
31963 9991 656
9991 6072 656
6072 29570 656
29570 14056 656
14056 17635 656
17635 22590 656
22590 20805 656
20805 15113 656
15113 30079 656
30079 27545 656
27545 31400 656
31400 14370 656
14370 20194 656
20194 40834 656
40834 17367 656
17367 26971 656
26971 30343 656
30343 33289 656
33289 4378 656
4378 35946 656
35946 21304 656
21304 11193 656
11193 39702 656
39702 943 656
943 10860 656
10860 3629 656
3629 12497 656
12497 20891 656
20891 35305 656
35305 18052 656
18052 4126 656
4126 28575 656
28575 24099 656
24099 19921 656
19921 28997 656
28997 5892 656
5892 26465 656
26465 15392 656
15392 32972 656
32972 22878 656
22878 4220 656
4220 7127 656
7127 2492 656
2492 18803 656
18803 16407 656
16407 32932 656
32932 37639 656
37639 19902 656
19902 20152 656
20152 21341 656
21341 5360 656
5360 35467 656
35467 7406 656
7406 15004 656
15004 13921 656
13921 10456 656
10456 18195 656
18195 23214 656
23214 25118 656
25118 18411 656
18411 28343 656
28343 8660 656
8660 20018 656
20018 40913 656
40913 40235 656
40235 23957 656
23957 16904 656
16904 16043 656
16043 4580 656
4580 21947 656
21947 17450 656
17450 2989 656
2989 15664 656
15664 22130 656
22130 6134 656
6134 20839 656
20839 31252 656
31252 27506 656
27506 20673 656
20673 6670 656
6670 38625 656
38625 29597 656
29597 38897 656
38897 31987 656
31987 19464 656
19464 9317 656
9317 39071 656
39071 2949 656
2949 12668 656
12668 17940 656
17940 35254 656
35254 33599 656
33599 29110 656
29110 37252 656
37252 13532 656
13532 20519 656
20519 26732 656
26732 14296 656
14296 25856 656
25856 35871 656
35871 7229 656
7229 6284 656
6284 33334 656
33334 8510 656
8510 15519 656
15519 30719 656
30719 40031 656
40031 1036 656
1036 18264 656
18264 29515 656
29515 32865 656
32865 16272 656
16272 4940 656
4940 11778 656
11778 9998 656
9998 28888 656
28888 36869 656
36869 35333 656
35333 34952 656
34952 5721 656
5721 33732 656
33732 21169 656
21169 8832 656
8832 13127 656
13127 39023 656
39023 19112 656
19112 31954 656
31954 4257 656
4257 40333 656
40333 16970 656
16970 39956 656
39956 776 656
776 34999 656
34999 40779 656
40779 12086 656
12086 16397 656
16397 28387 656
28387 5518 656
5518 36958 656
36958 21856 656
21856 7987 656
7987 3817 656
3817 30888 656
30888 22768 656
22768 15438 656
15438 11516 656
11516 31239 656
31239 26263 656
26263 33425 656
33425 18212 656
18212 20911 656
20911 14491 656
14491 15283 656
15283 31474 656
31474 3313 656
3313 6554 656
6554 26578 656
26578 15244 656
15244 32052 656
32052 24928 656
24928 24589 656
24589 36662 656
36662 3539 656
3539 8939 656
8939 10264 656
10264 7192 656
7192 3978 656
3978 21369 656
21369 36083 656
36083 31723 656
31723 18014 656
18014 14641 656
14641 35280 656
35280 4659 656
4659 27708 656
27708 33297 656
33297 17989 656
17989 23946 656
23946 24141 656
24141 39810 656
39810 33325 656
33325 36057 656
36057 5411 656
5411 1281 656
1281 22298 656
22298 35476 656
35476 35371 656
35371 36207 656
36207 1709 656
1709 2603 656
2603 15066 656
15066 26381 656
26381 5918 656
5918 15372 656
15372 4935 656
4935 16731 656
16731 15494 656
15494 16723 656
16723 37919 656
37919 18780 656
18780 5413 656
5413 19330 656
19330 22680 656
22680 22019 656
22019 27807 656
27807 8751 656
8751 24135 656
24135 20336 656
20336 15695 656
15695 24572 656
24572 38621 656
38621 11213 656
11213 15305 656
15305 1749 656
1749 9812 656
9812 29138 656
29138 5855 656
5855 15532 656
15532 39283 656
39283 37071 656
37071 21913 656
21913 34294 656
34294 26617 656
26617 29565 656
29565 34909 656
34909 7768 656
7768 11370 656
11370 32704 656
32704 24194 656
24194 2459 656
2459 15565 656
15565 32570 656
32570 5736 656
5736 27607 656
27607 19945 656
19945 18026 656
18026 2523 656
2523 33503 656
33503 14003 656
14003 12994 656
12994 2551 656
2551 19250 656
19250 24185 656
24185 3223 656
3223 30486 656
30486 29152 656
29152 11776 656
11776 38213 656
38213 38164 656
38164 36998 656
36998 38942 656
38942 17541 656
17541 7594 656
7594 39325 656
39325 4394 656
4394 6859 656
6859 20319 656
20319 11208 656
11208 10272 656
10272 18904 656
18904 10734 656
10734 3304 656
3304 40176 656
40176 4795 656
4795 9929 656
9929 10428 656
10428 37907 656
37907 38516 656
38516 20138 656
20138 39689 656
39689 31998 656
31998 20517 656
20517 37277 656
37277 31992 656
31992 1647 656
1647 40226 656
40226 14806 656
14806 15735 656
15735 25554 656
25554 3660 656
3660 27130 656
27130 9677 656
9677 25050 656
25050 39288 656
39288 8753 656
8753 25409 656
25409 39893 656
39893 17158 656
17158 17873 656
17873 22087 656
22087 34612 656
34612 12309 656
12309 17092 656
17092 24735 656
24735 10027 656
10027 20731 656
20731 22606 656
22606 33915 656
33915 21106 656
21106 22763 656
22763 32713 656
32713 21348 656
21348 25546 656
25546 8326 656
8326 14275 656
14275 11499 656
11499 21167 656
21167 35098 656
35098 2868 656
2868 25672 656
25672 3685 656
3685 2732 656
2732 6278 656
6278 24543 656
24543 30083 656
30083 29093 656
29093 33746 656
33746 33790 656
33790 28342 656
28342 10668 656
10668 25131 656
25131 5436 656
5436 12985 656
12985 1863 656
1863 19778 656
19778 10147 656
10147 23490 656
23490 341 656
341 32244 656
32244 27533 656
27533 23785 656
23785 19577 656
19577 31443 656
31443 12158 656
12158 13789 656
13789 40001 656
40001 38032 656
38032 20871 656
20871 10348 656
10348 9912 656
9912 2706 656
2706 8045 656
8045 37915 656
37915 22637 656
22637 34346 656
34346 34559 656
34559 40336 656
40336 7086 656
7086 4014 656
4014 5528 656
5528 7731 656
7731 7063 656
7063 38737 656
38737 38849 656
38849 23147 656
23147 7125 656
7125 29087 656
29087 3129 656
3129 27307 656
27307 8430 656
8430 37484 656
37484 28713 656
28713 37938 656
37938 37481 656
37481 29791 656
29791 25323 656
25323 9189 656
9189 11097 656
11097 4574 656
4574 2832 656
2832 17429 656
17429 27856 656
27856 27027 656
27027 21713 656
21713 34238 656
34238 31032 656
31032 39330 656
39330 24643 656
24643 17467 656
17467 24699 656
24699 16480 656
16480 21223 656
21223 14298 656
14298 12905 656
12905 15212 656
15212 33095 656
33095 14668 656
14668 36374 656
36374 21243 656
21243 31580 656
31580 14273 656
14273 32144 656
32144 1660 656
1660 25166 656
25166 23937 656
23937 15626 656
15626 33359 656
33359 23336 656
23336 21499 656
21499 31540 656
31540 24510 656
24510 24705 656
24705 2516 656
2516 15514 656
15514 13213 656
13213 8956 656
8956 14487 656
14487 6757 656
6757 37728 656
37728 25119 656
25119 28665 656
28665 29276 656
29276 38196 656
38196 38984 656
38984 30362 656
30362 24013 656
24013 19099 656
19099 33024 656
33024 5593 656
5593 25565 656
25565 39342 656
39342 35984 656
35984 34570 656
34570 9997 656
9997 28984 656
28984 5377 656
5377 20001 656
20001 27089 656
27089 30605 656
30605 14131 656
14131 3969 656
3969 923 656
923 2737 656
2737 22427 656
22427 18967 656
18967 31320 656
31320 35411 656
35411 33764 656
33764 20291 656
20291 9568 656
9568 8913 656
8913 9636 656
9636 15026 656
15026 2592 656
2592 14928 656
14928 35845 656
35845 1330 656
1330 17480 656
17480 30713 656
30713 2701 656
2701 17593 656
17593 19223 656
19223 31359 656
31359 32729 656
32729 21119 656
21119 29971 656
29971 28497 656
28497 25967 656
25967 12421 656
12421 20300 656
20300 13583 656
13583 5194 656
5194 33740 656
33740 38464 656
38464 4471 656
4471 11106 656
11106 14679 656
14679 24674 656
24674 20365 656
20365 24212 656
24212 19510 656
19510 23238 656
23238 16127 656
16127 14419 656
14419 15207 656
15207 4548 656
4548 3198 656
3198 32437 656
32437 9523 656
9523 27338 656
27338 37924 656
37924 10678 656
10678 32803 656
32803 35141 656
35141 12123 656
12123 31849 656
31849 4723 656
4723 31082 656
31082 15322 656
15322 23153 656
23153 30861 656
30861 21209 656
21209 5372 656
5372 31965 656
31965 35810 656
35810 24393 656
24393 30578 656
30578 22743 656
22743 20369 656
20369 35082 656
35082 34582 656
34582 23165 656
23165 16666 656
16666 17406 656
17406 18654 656
18654 17177 656
17177 22031 656
22031 5786 656
5786 25557 656
25557 23316 656
23316 34082 656
34082 21312 656
21312 12239 656
12239 40123 656
40123 5162 656
5162 13232 656
13232 24486 656
24486 32996 656
32996 14480 656
14480 2404 656
2404 40281 656
40281 27448 656
27448 18767 656
18767 28255 656
28255 31194 656
31194 10681 656
10681 26653 656
26653 31728 656
31728 38167 656
38167 12404 656
12404 14055 656
14055 16388 656
16388 37917 656
37917 8973 656
8973 37374 656
37374 38037 656
38037 23849 656
23849 4938 656
4938 36122 656
36122 6516 656
6516 25863 656
25863 24242 656
24242 9145 656
9145 16556 656
16556 35514 656
35514 5244 656
5244 28151 656
28151 6720 656
6720 7496 656
7496 34375 656
34375 3592 656
3592 39484 656
39484 22349 656
22349 29981 656
29981 1456 656
1456 901 656
901 10051 656
10051 31862 656
31862 10841 656
10841 38355 656
38355 23387 656
23387 20709 656
20709 12429 656
12429 28004 656
28004 21691 656
21691 5427 656
5427 2041 656
2041 2509 656
2509 31341 656
31341 20060 656
20060 29928 656
29928 10740 656
10740 24345 656
24345 4691 656
4691 11806 656
11806 14490 656
14490 16847 656
16847 739 656
739 6953 656
6953 28195 656
28195 20675 656
20675 5651 656
5651 2746 656
2746 17459 656
17459 7160 656
7160 29827 656
29827 19404 656
19404 28818 656
28818 29670 656
29670 19943 656
19943 37753 656
37753 24862 656
24862 17347 656
17347 30327 656
30327 11205 656
11205 1317 656
1317 36894 656
36894 18719 656
18719 34231 656
34231 5608 656
5608 28892 656
28892 11594 656
11594 29832 656
29832 40548 656
40548 5001 656
5001 1528 656
1528 38677 656
38677 15533 656
15533 22995 656
22995 32294 656
32294 3308 656
3308 37856 656
37856 17229 656
17229 19906 656
19906 32022 656
32022 6935 656
6935 23030 656
23030 8790 656
8790 34880 656
34880 27824 656
27824 1583 656
1583 10515 656
10515 37945 656
37945 36516 656
36516 1002 656
1002 20683 656
20683 8650 656
8650 39986 656
39986 21054 656
21054 13439 656
13439 1131 656
1131 34390 656
34390 16290 656
16290 5801 656
5801 21127 656
21127 11692 656
11692 28928 656
28928 9512 656
9512 3210 656
3210 40024 656
40024 955 656
955 11642 656
11642 12950 656
12950 24861 656
24861 21397 656
21397 22495 656
22495 11545 656
11545 9298 656
9298 16011 656
16011 24229 656
24229 23616 656
23616 32168 656
32168 34868 656
34868 17179 656
17179 24724 656
24724 20161 656
20161 36506 656
36506 36748 656
36748 34921 656
34921 30257 656
30257 29007 656
29007 6613 656
6613 33631 656
33631 16172 656
16172 5249 656
5249 26323 656
26323 6701 656
6701 25828 656
25828 10988 656
10988 20578 656
20578 29038 656
29038 14766 656
14766 6527 656
6527 14002 656
14002 29854 656
29854 5940 656
5940 972 656
972 15717 656
15717 40346 656
40346 17115 656
17115 322 656
322 4667 656
4667 34381 656
34381 33083 656
33083 33907 656
33907 39396 656
39396 25627 656
25627 40213 656
40213 24493 656
24493 334 656
334 22328 656
22328 15605 656
15605 22899 656
22899 28857 656
28857 3466 656
3466 10464 656
10464 15854 656
15854 678 656
678 34602 656
34602 34655 656
34655 30227 656
30227 25158 656
25158 22224 656
22224 12636 656
12636 587 656
587 13713 656
13713 11756 656
11756 11145 656
11145 1669 656
1669 22356 656
22356 6688 656
6688 8186 656
8186 16928 656
16928 32443 656
32443 25509 656
25509 31196 656
31196 17629 656
17629 21519 656
21519 2296 656
2296 26852 656
26852 29728 656
29728 24757 656
24757 23690 656
23690 3507 656
3507 34468 656
34468 28162 656
28162 32781 656
32781 33081 656
33081 3716 656
3716 39079 656
39079 38786 656
38786 23437 656
23437 7030 656
7030 1964 656
1964 425 656
425 18990 656
18990 4138 656
4138 9819 656
9819 9846 656
9846 9139 656
9139 9750 656
9750 10485 656
10485 36212 656
36212 37736 656
37736 30470 656
30470 22387 656
22387 13631 656
13631 837 656
837 31393 656
31393 34509 656
34509 4615 656
4615 34992 656
34992 15448 656
15448 38616 656
38616 4979 656
4979 25168 656
25168 13528 656
13528 23935 656
23935 19623 656
19623 2714 656
2714 3445 656
3445 13461 656
13461 14462 656
14462 27788 656
27788 17262 656
17262 15236 656
15236 24878 656
24878 1643 656
1643 3237 656
3237 40063 656
40063 29342 656
29342 1185 656
1185 22786 656
22786 8671 656
8671 40429 656
40429 37029 656
37029 7201 656
7201 34300 656
34300 22290 656
22290 32010 656
32010 20029 656
20029 15546 656
15546 32660 656
32660 19517 656
19517 14712 656
14712 31096 656
31096 13124 656
13124 3034 656
3034 3611 656
3611 23268 656
23268 17605 656
17605 450 656
450 29576 656
29576 31242 656
31242 25885 656
25885 660 656
660 3450 656
3450 29669 656
29669 32110 656
32110 36887 656
36887 33739 656
33739 31620 656
31620 12872 656
12872 4317 656
4317 20286 656
20286 22642 656
22642 34611 656
34611 5150 656
5150 31438 656
31438 17163 656
17163 4945 656
4945 21896 656
21896 4947 656
4947 14281 656
14281 37089 656
37089 38425 656
38425 35348 656
35348 580 656
580 37829 656
37829 1570 656
1570 2871 656
2871 39024 656
39024 17309 656
17309 17566 656
17566 29705 656
29705 3368 656
3368 13740 656
13740 21277 656
21277 1839 656
1839 24276 656
24276 12395 656
12395 6471 656
6471 29419 656
29419 1303 656
1303 27229 656
27229 28069 656
28069 15780 656
15780 27823 656
27823 29690 656
29690 16399 656
16399 6301 656
6301 8459 656
8459 12617 656
12617 27178 656
27178 39029 656
39029 12452 656
12452 3497 656
3497 28501 656
28501 38374 656
38374 9022 656
9022 1956 656
1956 7283 656
7283 33728 656
33728 33246 656
33246 25764 656
25764 35545 656
35545 11129 656
11129 27993 656
27993 18634 656
18634 31645 656
31645 30037 656
30037 21569 656
21569 26810 656
26810 17240 656
17240 971 656
971 34093 656
34093 3495 656
3495 18558 656
18558 10835 656
10835 31616 656
31616 90 656
90 12155 656
12155 15082 656
15082 40477 656
40477 1690 656
1690 5497 656
5497 12600 656
12600 12983 656
12983 23058 656
23058 26770 656
26770 23029 656
23029 29843 656
29843 2230 656
2230 32068 656
32068 22161 656
22161 27183 656
27183 18047 656
18047 5157 656
5157 22353 656
22353 24042 656
24042 40986 656
40986 27784 656
27784 34887 656
34887 18428 656
18428 19610 656
19610 38670 656
38670 4365 656
4365 7062 656
7062 36309 656
36309 11660 656
11660 21573 656
21573 19106 656
19106 19004 656
19004 12102 656
12102 31733 656
31733 15379 656
15379 18835 656
18835 13196 656
13196 16281 656
16281 31110 656
31110 13782 656
13782 14506 656
14506 31671 656
31671 24547 656
24547 4972 656
4972 40956 656
40956 31241 656
31241 28292 656
28292 21978 656
21978 25797 656
25797 501 656
501 1000 656
1000 1832 656
1832 10752 656
10752 26124 656
26124 12052 656
12052 21374 656
21374 40566 656
40566 31857 656
31857 16839 656
16839 4004 656
4004 1155 656
1155 1077 656
1077 20784 656
20784 13784 656
13784 9335 656
9335 40128 656
40128 16708 656
16708 35293 656
35293 4384 656
4384 32299 656
32299 26141 656
26141 4204 656
4204 13499 656
13499 3854 656
3854 10136 656
10136 7322 656
7322 35415 656
35415 130 656
130 9416 656
9416 14261 656
14261 18094 656
18094 23562 656
23562 24962 656
24962 34537 656
34537 3861 656
3861 22322 656
22322 24933 656
24933 8051 656
8051 4381 656
4381 31875 656
31875 32082 656
32082 7001 656
7001 10892 656
10892 980 656
980 20352 656
20352 21401 656
21401 21645 656
21645 13684 656
13684 22214 656
22214 8241 656
8241 1854 656
1854 17961 656
17961 26341 656
26341 14363 656
14363 23124 656
23124 26080 656
26080 29795 656
29795 19210 656
19210 5857 656
5857 23425 656
23425 34520 656
34520 1957 656
1957 35207 656
35207 18182 656
18182 40664 656
40664 27914 656
27914 31233 656
31233 13786 656
13786 36350 656
36350 10121 656
10121 8733 656
8733 622 656
622 3099 656
3099 25799 656
25799 17194 656
17194 40368 656
40368 29852 656
29852 18900 656
18900 36803 656
36803 10946 656
10946 27665 656
27665 27780 656
27780 39208 656
39208 39143 656
39143 6603 656
6603 38659 656
38659 26505 656
26505 29351 656
29351 37751 656
37751 8060 656
8060 24111 656
24111 38861 656
38861 35400 656
35400 20779 656
20779 28805 656
28805 25928 656
25928 3700 656
3700 36924 656
36924 12982 656
12982 35050 656
35050 25765 656
25765 10103 656
10103 22997 656
22997 8048 656
8048 7585 656
7585 31543 656
31543 13113 656
13113 24120 656
24120 10466 656
10466 4270 656
4270 7721 656
7721 21134 656
21134 20099 656
20099 16757 656
16757 33138 656
33138 39629 656
39629 31503 656
31503 5117 656
5117 28942 656
28942 168 656
168 12664 656
12664 34915 656
34915 12853 656
12853 17320 656
17320 7272 656
7272 26641 656
26641 31850 656
31850 39406 656
39406 39435 656
39435 16370 656
16370 27393 656
27393 22506 656
22506 11551 656
11551 36687 656
36687 21331 656
21331 29754 656
29754 33175 656
33175 19895 656
19895 21109 656
21109 35615 656
35615 12326 656
12326 6176 656
6176 7323 656
7323 16750 656
16750 4544 656
4544 19940 656
19940 36705 656
36705 25138 656
25138 2322 656
2322 38579 656
38579 20053 656
20053 1369 656
1369 17619 656
17619 1881 656
1881 14217 656
14217 18527 656
18527 29494 656
29494 12379 656
12379 3933 656
3933 18008 656
18008 14662 656
14662 20964 656
20964 8357 656
8357 38369 656
38369 21124 656
21124 31807 656
31807 7663 656
7663 15797 656
15797 29199 656
29199 22875 656
22875 38115 656
38115 19030 656
19030 32118 656
32118 8194 656
8194 26270 656
26270 36462 656
36462 23806 656
23806 22126 656
22126 9147 656
9147 2283 656
2283 77 656
77 18408 656
18408 17810 656
17810 15705 656
15705 3682 656
3682 2904 656
2904 23862 656
23862 3830 656
3830 14320 656
14320 15670 656
15670 16913 656
16913 34337 656
34337 27999 656
27999 14526 656
14526 32580 656
32580 36666 656
36666 7459 656
7459 14542 656
14542 33422 656
33422 8026 656
8026 3347 656
3347 16620 656
16620 24603 656
24603 23374 656
23374 509 656
509 17575 656
17575 35355 656
35355 15922 656
15922 5913 656
5913 33327 656
33327 33142 656
33142 8777 656
8777 8369 656
8369 8572 656
8572 29738 656
29738 24183 656
24183 968 656
968 19478 656
19478 38127 656
38127 40421 656
40421 2342 656
2342 28235 656
28235 31238 656
31238 31565 656
31565 27154 656
27154 6367 656
6367 23796 656
23796 9717 656
9717 25859 656
25859 37613 656
37613 12115 656
12115 19862 656
19862 28791 656
28791 15601 656
15601 10205 656
10205 3780 656
3780 11139 656
11139 3852 656
3852 17855 656
17855 18829 656
18829 27377 656
27377 17004 656
17004 13468 656
13468 18680 656
18680 5268 656
5268 17366 656
17366 3582 656
3582 21812 656
21812 29613 656
29613 30726 656
30726 28433 656
28433 13093 656
13093 15101 656
15101 32129 656
32129 40439 656
40439 6645 656
6645 39842 656
39842 24600 656
24600 24434 656
24434 4809 656
4809 13595 656
13595 19744 656
19744 8622 656
8622 32864 656
32864 37985 656
37985 9806 656
9806 39772 656
39772 25499 656
25499 18601 656
18601 23003 656
23003 37289 656
37289 16204 656
16204 2935 656
2935 28171 656
28171 9599 656
9599 18980 656
18980 32148 656
32148 15393 656
15393 39137 656
39137 19379 656
19379 18498 656
18498 18820 656
18820 14068 656
14068 19588 656
19588 18903 656
18903 18125 656
18125 25784 656
25784 8101 656
8101 17258 656
17258 28175 656
28175 7966 656
7966 4402 656
4402 27698 656
27698 20571 656
20571 40251 656
40251 4135 656
4135 5882 656
5882 722 656
722 9073 656
9073 5179 656
5179 32917 656
32917 3002 656
3002 15882 656
15882 25539 656
25539 22505 656
22505 11869 656
11869 40972 656
40972 24040 656
24040 21935 656
21935 28795 656
28795 17471 656
17471 30737 656
30737 23682 656
23682 21627 656
21627 13734 656
13734 5894 656
5894 28179 656
28179 25576 656
25576 13514 656
13514 9227 656
9227 19494 656
19494 216 656
216 14859 656
14859 30278 656
30278 35841 656
35841 5717 656
5717 14767 656
14767 9708 656
9708 28500 656
28500 23550 656
23550 807 656
807 13166 656
13166 38951 656
38951 8056 656
8056 831 656
831 17772 656
17772 27530 656
27530 34682 656
34682 19233 656
19233 37752 656
37752 14089 656
14089 37607 656
37607 32681 656
32681 30114 656
30114 31206 656
31206 29274 656
29274 9793 656
9793 15676 656
15676 3092 656
3092 5846 656
5846 29043 656
29043 1035 656
1035 40496 656
40496 37696 656
37696 10347 656
10347 22057 656
22057 37299 656
37299 8171 656
8171 20678 656
20678 6780 656
6780 4023 656
4023 34233 656
34233 11995 656
11995 27205 656
27205 7069 656
7069 21227 656
21227 12352 656
12352 4481 656
4481 40149 656
40149 38607 656
38607 1455 656
1455 5185 656
5185 201 656
201 37485 656
37485 26259 656
26259 37415 656
37415 23724 656
23724 11046 656
11046 31460 656
31460 14392 656
14392 427 656
427 33691 656
33691 38233 656
38233 17472 656
17472 19928 656
19928 19436 656
19436 11784 656
11784 12868 656
12868 11981 656
11981 4377 656
4377 19525 656
19525 40500 656
40500 27778 656
27778 38493 656
38493 10883 656
10883 2024 656
2024 26974 656
26974 14019 656
14019 24299 656
24299 8922 656
8922 35738 656
35738 32797 656
32797 12016 656
12016 23464 656
23464 314 656
314 12696 656
12696 22825 656
22825 3633 656
3633 37605 656
37605 6131 656
6131 33506 656
33506 8647 656
8647 35731 656
35731 34209 656
34209 37124 656
37124 17798 656
17798 35016 656
35016 14880 656
14880 12368 656
12368 16971 656
16971 21883 656
21883 38044 656
38044 24713 656
24713 16864 656
16864 33829 656
33829 7983 656
7983 5402 656
5402 27735 656
27735 7198 656
7198 13802 656
13802 15041 656
15041 15402 656
15402 29630 656
29630 25837 656
25837 21621 656
21621 27721 656
27721 22975 656
22975 11808 656
11808 10182 656
10182 17707 656
17707 29106 656
29106 32137 656
32137 7384 656
7384 1914 656
1914 2769 656
2769 9094 656
9094 16744 656
16744 13550 656
13550 19343 656
19343 25285 656
25285 28438 656
28438 20608 656
20608 29389 656
29389 37507 656
37507 9013 656
9013 6934 656
6934 18999 656
18999 37451 656
37451 14953 656
14953 16 656
16 34367 656
34367 2828 656
2828 12308 656
12308 448 656
448 37799 656
37799 143 656
143 12271 656
12271 8318 656
8318 28329 656
28329 20593 656
20593 21090 656
21090 18356 656
18356 35803 656
35803 26521 656
26521 1664 656
1664 29117 656
29117 18425 656
18425 1888 656
1888 39935 656
39935 22770 656
22770 437 656
437 25220 656
25220 14931 656
14931 21049 656
21049 33432 656
33432 11071 656
11071 25520 656
25520 27075 656
27075 2983 656
2983 25808 656
25808 30106 656
30106 24094 656
24094 10776 656
10776 38203 656
38203 12412 656
12412 7217 656
7217 15425 656
15425 29614 656
29614 36637 656
36637 29503 656
29503 35560 656
35560 15842 656
15842 26783 656
26783 6024 656
6024 10699 656
10699 24664 656
24664 28508 656
28508 747 656
747 22468 656
22468 37023 656
37023 7529 656
7529 24830 656
24830 17598 656
17598 25403 656
25403 496 656
496 5134 656
5134 26919 656
26919 28611 656
28611 17312 656
17312 38118 656
38118 16563 656
16563 18798 656
18798 32717 656
32717 7291 656
7291 8253 656
8253 17202 656
17202 13186 656
13186 2112 656
2112 23752 656
23752 27380 656
27380 10488 656
10488 9324 656
9324 14532 656
14532 36368 656
36368 36463 656
36463 35094 656
35094 5622 656
5622 238 656
238 40200 656
40200 5459 656
5459 32794 656
32794 38716 656
38716 2044 656
2044 9264 656
9264 36606 656
36606 34283 656
34283 40903 656
40903 35930 656
35930 25551 656
25551 8458 656
8458 3912 656
3912 24470 656
24470 7704 656
7704 8092 656
8092 14838 656
14838 40220 656
40220 23420 656
23420 37620 656
37620 29868 656
29868 21320 656
21320 15335 656
15335 51 656
51 26362 656
26362 17251 656
17251 21904 656
21904 10301 656
10301 7435 656
7435 9741 656
9741 16763 656
16763 33181 656
33181 35599 656
35599 8036 656
8036 11853 656
11853 19391 656
19391 5482 656
5482 15819 656
15819 23596 656
23596 16664 656
16664 30065 656
30065 24620 656
24620 27647 656
27647 5832 656
5832 15929 656
15929 14034 656
14034 6664 656
6664 26840 656
26840 11062 656
11062 15419 656
15419 2663 656
2663 28607 656
28607 40638 656
40638 28531 656
28531 35311 656
35311 16412 656
16412 15897 656
15897 6832 656
6832 11640 656
11640 1278 656
1278 30069 656
30069 21613 656
21613 18485 656
18485 36063 656
36063 27716 656
27716 3489 656
3489 31915 656
31915 34528 656
34528 3122 656
3122 29298 656
29298 19432 656
19432 21248 656
21248 22583 656
22583 11095 656
11095 26777 656
26777 29726 656
29726 1292 656
1292 20318 656
20318 43 656
43 10961 656
10961 1517 656
1517 18402 656
18402 17111 656
17111 37081 656
37081 22532 656
22532 19400 656
19400 18850 656
18850 6125 656
6125 29375 656
29375 29914 656
29914 16087 656
16087 39626 656
39626 23721 656
23721 17410 656
17410 17886 656
17886 26354 656
26354 6806 656
6806 19758 656
19758 18944 656
18944 23260 656
23260 5523 656
5523 18000 656
18000 7700 656
7700 17925 656
17925 19515 656
19515 13382 656
13382 37787 656
37787 12860 656
12860 13366 656
13366 12599 656
12599 22629 656
22629 21173 656
21173 38409 656
38409 836 656
836 8695 656
8695 33624 656
33624 36400 656
36400 21852 656
21852 35661 656
35661 29825 656
29825 3774 656
3774 24208 656
24208 40490 656
40490 21446 656
21446 36339 656
36339 10831 656
10831 35396 656
35396 567 656
567 7637 656
7637 4866 656
4866 18923 656
18923 24177 656
24177 8652 656
8652 22665 656
22665 39092 656
39092 14105 656
14105 38076 656
38076 5619 656
5619 35089 656
35089 20308 656
20308 3006 656
3006 8772 656
8772 14553 656
14553 4816 656
4816 16980 656
16980 11933 656
11933 38144 656
38144 11777 656
11777 14266 656
14266 37514 656
37514 10270 656
10270 3413 656
3413 13466 656
13466 15030 656
15030 11231 656
11231 35581 656
35581 15349 656
15349 25411 656
25411 40062 656
40062 38882 656
38882 16486 656
16486 5644 656
5644 12923 656
12923 38420 656
38420 30862 656
30862 6751 656
6751 15381 656
15381 15900 656
15900 39583 656
39583 10792 656
10792 24748 656
24748 40827 656
40827 29235 656
29235 34090 656
34090 36720 656
36720 27595 656
27595 23847 656
23847 5309 656
5309 29528 656
29528 32429 656
32429 13752 656
13752 11478 656
11478 10846 656
10846 31439 656
31439 16492 656
16492 12423 656
12423 37046 656
37046 21695 656
21695 23668 656
23668 1189 656
1189 24796 656
24796 37275 656
37275 9700 656
9700 21431 656
21431 39232 656
39232 11888 656
11888 24974 656
24974 5347 656
5347 30924 656
30924 33340 656
33340 11743 656
11743 11975 656
11975 11548 656
11548 40907 656
40907 29799 656
29799 9618 656
9618 39150 656
39150 33376 656
33376 20155 656
20155 30375 656
30375 20176 656
20176 18694 656
18694 10260 656
10260 20819 656
20819 9757 656
9757 12781 656
12781 28528 656
28528 3868 656
3868 33309 656
33309 39007 656
39007 12007 656
12007 13707 656
13707 8097 656
8097 33207 656
33207 36099 656
36099 18958 656
18958 17955 656
17955 17117 656
17117 20157 656
20157 4336 656
4336 29557 656
29557 35965 656
30167 22871 657
22871 33366 657
33366 32167 657
32167 4406 657
4406 20477 657
20477 8137 657
8137 10062 657
10062 16681 657
16681 30010 657
30010 16634 657
16634 20610 657
20610 40985 657
40985 29694 657
29694 22178 657
22178 32596 657
32596 12257 657
12257 22420 657
22420 27215 657
27215 16585 657
16585 10754 657
10754 6605 657
6605 32413 657
32413 2622 657
2622 35002 657
35002 40912 657
40912 29058 657
29058 32595 657
32595 33491 657
33491 1464 657
1464 3557 657
3557 2936 657
2936 1383 657
1383 37170 657
37170 20834 657
20834 26710 657
26710 20970 657
20970 24767 657
24767 23959 657
23959 29994 657
29994 13225 657
15680 14037 658
14037 1262 658
1262 39931 658
39931 28094 658
28094 28076 658
28076 35431 658
35431 1169 658
1169 17896 658
17896 32819 658
32819 16376 658
16376 16595 658
16595 30075 658
30075 33543 658
33543 2455 658
2455 26349 658
26349 7932 658
7932 39653 658
39653 2744 658
2744 34888 658
34888 32843 658
32843 34122 658
34122 25526 658
25526 23121 658
23121 8348 658
8348 7426 658
7426 18395 658
18395 22384 658
22384 12888 658
12888 32786 658
32786 17230 658
17230 1137 658
1137 38410 658
38410 34310 658
34310 38638 658
38638 12147 658
12147 17654 658
17654 39565 658
39565 20022 658
20022 22422 658
22422 29820 658
36403 16232 659
16232 36711 659
36711 19042 659
19042 28156 659
28156 2801 659
2801 16261 659
16261 28662 659
28662 24872 659
24872 14659 659
14659 12377 659
12377 11291 659
11291 23553 659
23553 23642 659
23642 36890 659
36890 14867 659
14867 6161 659
6161 40734 659
40734 21990 659
21990 33680 659
33680 2597 659
2597 27226 659
27226 26838 659
26838 35962 659
35962 11600 659
11600 35939 659
35939 24268 659
24268 24881 659
24881 20210 659
20210 35290 659
35290 23444 659
23444 9322 659
9322 12537 659
12537 16851 659
16851 17065 659
17065 21242 659
21242 33828 659
33828 10542 659
10542 39654 659
39654 1273 659
1273 11224 659
19504 15325 660
15325 1611 660
1611 14009 660
14009 5339 660
5339 27444 660
27444 8231 660
8231 28080 660
28080 19047 660
19047 40304 660
40304 13521 660
13521 33189 660
33189 13038 660
13038 21674 660
21674 11510 660
11510 29271 660
29271 7686 660
7686 17495 660
17495 19753 660
19753 6492 660
6492 25886 660
25886 8860 660
8860 23114 660
23114 22148 660
22148 30680 660
30680 10501 660
10501 12413 660
12413 34919 660
34919 33208 660
33208 17921 660
17921 22008 660
22008 21697 660
21697 5055 660
5055 21704 660
21704 16479 660
16479 6644 660
6644 28879 660
28879 26028 660
26028 40684 660
40684 23567 660
23567 14042 660
21318 7517 661
7517 29702 661
29702 15061 661
15061 39964 661
39964 6292 661
6292 9672 661
9672 23126 661
23126 18725 661
18725 12716 661
12716 6878 661
6878 25322 661
25322 39434 661
39434 38159 661
38159 16866 661
16866 16505 661
16505 21973 661
21973 1779 661
1779 24161 661
24161 25495 661
25495 33237 661
33237 23636 661
23636 11021 661
11021 1228 661
1228 22470 661
22470 15186 661
15186 9087 661
9087 40690 661
40690 39652 661
39652 5729 661
5729 65 661
65 39939 661
39939 15937 661
15937 34042 661
34042 32485 661
32485 1984 661
1984 22198 661
22198 33044 661
33044 34482 661
34482 6228 661
6228 2317 661
39545 5265 662
5265 26097 662
26097 6325 662
6325 37242 662
37242 26273 662
26273 22285 662
22285 38818 662
38818 24382 662
24382 1971 662
1971 12682 662
12682 2531 662
2531 9883 662
9883 31491 662
31491 36310 662
36310 30551 662
30551 31010 662
31010 32955 662
32955 20400 662
20400 18090 662
18090 20760 662
20760 3229 662
3229 4681 662
4681 30506 662
30506 35492 662
35492 1480 662
1480 21887 662
21887 835 662
835 22315 662
22315 7153 662
7153 10494 662
10494 33749 662
33749 13776 662
13776 14886 662
14886 17171 662
17171 6892 662
6892 8762 662
8762 30741 662
30741 16655 662
16655 25681 662
25681 28395 662
1091 40337 663
40337 14980 663
14980 1318 663
1318 30564 663
30564 21198 663
21198 12847 663
12847 19978 663
19978 35950 663
35950 24460 663
24460 2336 663
2336 27002 663
27002 31838 663
31838 27820 663
27820 13142 663
13142 36267 663
36267 1805 663
1805 27424 663
27424 13864 663
13864 1184 663
1184 29194 663
29194 38959 663
38959 31436 663
31436 16570 663
16570 17754 663
17754 34304 663
34304 29803 663
29803 4417 663
4417 15624 663
15624 4006 663
4006 8163 663
8163 4052 663
4052 23291 663
23291 268 663
268 5610 663
5610 22189 663
22189 25019 663
25019 12261 663
12261 14942 663
14942 4700 663
4700 22272 663
16311 34748 664
34748 14921 664
14921 39231 664
39231 11750 664
11750 14672 664
14672 13683 664
13683 1425 664
1425 4099 664
4099 27253 664
27253 9967 664
9967 14656 664
14656 36528 664
36528 39404 664
39404 36262 664
36262 33343 664
33343 19718 664
19718 37630 664
37630 3653 664
3653 27310 664
27310 5799 664
5799 11133 664
11133 8692 664
8692 18379 664
18379 1627 664
1627 2839 664
2839 4966 664
4966 6561 664
6561 602 664
602 39100 664
39100 24269 664
24269 39145 664
39145 11466 664
11466 23195 664
23195 12449 664
12449 14587 664
14587 15992 664
15992 40077 664
40077 40586 664
40586 19098 664
19098 10368 664
28373 9627 665
9627 39787 665
39787 18750 665
18750 37007 665
37007 25794 665
25794 5870 665
5870 23267 665
23267 18316 665
18316 12167 665
12167 2802 665
2802 33947 665
33947 32607 665
32607 14447 665
14447 3253 665
3253 16526 665
16526 32912 665
32912 16878 665
16878 1450 665
1450 18594 665
18594 20247 665
20247 26350 665
26350 30431 665
30431 28655 665
28655 31348 665
31348 3908 665
3908 29498 665
29498 38717 665
38717 9803 665
9803 17381 665
17381 4414 665
4414 13743 665
13743 2153 665
2153 1518 665
1518 28877 665
28877 26907 665
26907 3689 665
3689 254 665
254 17404 665
17404 36788 665
36788 23163 665
12782 36229 666
36229 37038 666
37038 22850 666
22850 13135 666
13135 597 666
597 199 666
199 34409 666
34409 34580 666
34580 10616 666
10616 17689 666
17689 20073 666
20073 32039 666
32039 11583 666
11583 15017 666
15017 40845 666
40845 40710 666
40710 8520 666
8520 6336 666
6336 5165 666
5165 32764 666
32764 13845 666
13845 17125 666
17125 38944 666
38944 22114 666
22114 4901 666
4901 23144 666
23144 25397 666
25397 20439 666
20439 16686 666
16686 1100 666
1100 10129 666
10129 27085 666
27085 30699 666
30699 23531 666
23531 13146 666
13146 14353 666
14353 3004 666
3004 3968 666
3968 15639 666
15639 8434 666
26340 36453 667
36453 3519 667
3519 32882 667
32882 12873 667
12873 17286 667
17286 12748 667
12748 12006 667
12006 9439 667
9439 40732 667
40732 31272 667
31272 23081 667
23081 11633 667
11633 23291 667
23291 19031 667
19031 1972 667
1972 28340 667
28340 23873 667
23873 28013 667
28013 18450 667
18450 2587 667
2587 3747 667
3747 10547 667
10547 2889 667
2889 25902 667
25902 8168 667
8168 35936 667
35936 4422 667
4422 15621 667
15621 21776 667
21776 5643 667
5643 15329 667
15329 18711 667
18711 34691 667
34691 8333 667
8333 6492 667
6492 27392 667
27392 25453 667
25453 28530 667
28530 12122 667
12122 20944 667
37589 9748 668
9748 366 668
366 16802 668
16802 29771 668
29771 21040 668
21040 19746 668
19746 22281 668
22281 23241 668
23241 13490 668
13490 13721 668
13721 22758 668
22758 21529 668
21529 24610 668
24610 1860 668
1860 15974 668
15974 38417 668
38417 12746 668
12746 11016 668
11016 19444 668
19444 6006 668
6006 7652 668
7652 4425 668
4425 27424 668
27424 39506 668
39506 17591 668
17591 12767 668
12767 12797 668
12797 3954 668
3954 37430 668
37430 711 668
711 13603 668
13603 37768 668
37768 37788 668
37788 29112 668
29112 6846 668
6846 15365 668
15365 13090 668
13090 11984 668
11984 1547 668
1547 34778 668
24675 35032 669
35032 9115 669
9115 38586 669
38586 4316 669
4316 834 669
834 12184 669
12184 23926 669
23926 10598 669
10598 1605 669
1605 14300 669
14300 20251 669
20251 21665 669
21665 26321 669
26321 7839 669
7839 8654 669
8654 29562 669
29562 10305 669
10305 29413 669
29413 6612 669
6612 1195 669
1195 33441 669
33441 5534 669
5534 28807 669
28807 11211 669
11211 39009 669
39009 13405 669
13405 20694 669
20694 3209 669
3209 17051 669
17051 38199 669
38199 26255 669
26255 10285 669
10285 33678 669
33678 36939 669
36939 13319 669
13319 19837 669
19837 27949 669
27949 25214 669
25214 38387 669
38387 494 669
24736 38400 670
38400 13174 670
13174 13345 670
13345 36198 670
36198 1248 670
1248 36964 670
36964 9789 670
9789 23898 670
23898 40597 670
40597 2923 670
2923 36408 670
36408 7937 670
7937 25214 670
25214 6080 670
6080 1433 670
1433 6473 670
6473 25008 670
25008 28390 670
28390 28739 670
28739 36881 670
36881 24926 670
24926 13557 670
13557 10148 670
10148 10725 670
10725 5887 670
5887 21340 670
21340 11963 670
11963 28951 670
28951 25090 670
25090 7481 670
7481 17813 670
17813 20077 670
20077 23017 670
23017 243 670
243 39943 670
39943 236 670
236 33002 670
33002 34658 670
34658 6388 670
6388 11627 670
22061 32712 671
32712 29936 671
29936 9351 671
9351 15405 671
15405 15662 671
15662 13054 671
13054 23172 671
23172 418 671
418 22406 671
22406 33623 671
33623 29775 671
29775 31866 671
31866 10302 671
10302 16501 671
16501 33145 671
33145 40369 671
40369 16552 671
16552 1192 671
1192 21411 671
21411 22362 671
22362 23428 671
23428 35432 671
35432 22758 671
22758 31481 671
31481 30066 671
30066 24971 671
24971 33547 671
33547 5980 671
5980 27526 671
27526 35704 671
35704 39660 671
39660 11939 671
11939 25748 671
25748 32410 671
32410 12720 671
12720 30268 671
30268 17834 671
17834 30429 671
30429 25560 671
25560 21783 671
25465 27671 672
27671 32015 672
32015 15108 672
15108 10993 672
10993 4261 672
4261 32942 672
32942 13381 672
13381 30710 672
30710 32556 672
32556 5993 672
5993 19410 672
19410 18630 672
18630 11528 672
11528 1950 672
1950 7794 672
7794 20106 672
20106 9124 672
9124 16818 672
16818 1807 672
1807 11270 672
11270 20264 672
20264 21040 672
21040 15506 672
15506 31975 672
31975 26672 672
26672 25179 672
25179 35445 672
35445 35730 672
35730 2827 672
2827 31025 672
31025 36661 672
36661 40899 672
40899 7776 672
7776 27312 672
27312 38357 672
38357 26404 672
26404 33264 672
33264 34639 672
34639 19938 672
19938 25921 672
17523 35834 673
35834 27568 673
27568 17942 673
17942 8827 673
8827 16608 673
16608 29133 673
29133 10516 673
10516 15409 673
15409 26100 673
26100 35559 673
35559 27602 673
27602 2376 673
2376 40340 673
40340 27866 673
27866 3586 673
3586 25376 673
25376 39868 673
39868 13649 673
13649 7931 673
7931 119 673
119 38983 673
38983 24397 673
24397 14406 673
14406 13176 673
13176 39059 673
39059 9521 673
9521 33463 673
33463 33516 673
33516 9428 673
9428 17908 673
17908 31041 673
31041 25852 673
25852 7996 673
7996 214 673
214 40093 673
40093 38484 673
38484 13871 673
13871 34246 673
34246 26888 673
26888 22818 673
452 30191 674
30191 31884 674
31884 37401 674
37401 34391 674
34391 22398 674
22398 8633 674
8633 22487 674
22487 22892 674
22892 16876 674
16876 20258 674
20258 24084 674
24084 34415 674
34415 24537 674
24537 36552 674
36552 4698 674
4698 28257 674
28257 30178 674
30178 33200 674
33200 10627 674
10627 33379 674
33379 20627 674
20627 352 674
352 18205 674
18205 11724 674
11724 19883 674
19883 10228 674
10228 27370 674
27370 16132 674
16132 23642 674
23642 1651 674
1651 24443 674
24443 40769 674
40769 17299 674
17299 12236 674
12236 7513 674
7513 32221 674
32221 12050 674
12050 188 674
188 15351 674
15351 10199 674
31942 16387 675
16387 14719 675
14719 38320 675
38320 32950 675
32950 26176 675
26176 13572 675
13572 24618 675
24618 13283 675
13283 4415 675
4415 35678 675
35678 38381 675
38381 19350 675
19350 22475 675
22475 14939 675
14939 31389 675
31389 9238 675
9238 40684 675
40684 19234 675
19234 23548 675
23548 38795 675
38795 28391 675
28391 13290 675
13290 29186 675
29186 35611 675
35611 35557 675
35557 13557 675
13557 1612 675
1612 30692 675
30692 20169 675
20169 9937 675
9937 15203 675
15203 3656 675
3656 23021 675
23021 11181 675
11181 20004 675
20004 38780 675
38780 31394 675
31394 17999 675
17999 4590 675
4590 31322 675
12087 17350 676
17350 26643 676
26643 32239 676
32239 6962 676
6962 38536 676
38536 16594 676
16594 10105 676
10105 15968 676
15968 23389 676
23389 28267 676
28267 12313 676
12313 13762 676
13762 22756 676
22756 1614 676
1614 29909 676
29909 10349 676
10349 40183 676
40183 13004 676
13004 22068 676
22068 11966 676
11966 35688 676
35688 7989 676
7989 9144 676
9144 16871 676
16871 29361 676
29361 2933 676
2933 1393 676
1393 19840 676
19840 24711 676
24711 14548 676
14548 483 676
483 26286 676
26286 35370 676
35370 26884 676
26884 29193 676
29193 12100 676
12100 19402 676
19402 16992 676
16992 39844 676
39844 13016 676
28688 28083 677
28083 33752 677
33752 32292 677
32292 15253 677
15253 39556 677
39556 33654 677
33654 29468 677
29468 19372 677
19372 23992 677
23992 31237 677
31237 3490 677
3490 32963 677
32963 3977 677
3977 28564 677
28564 5636 677
5636 38457 677
38457 3904 677
3904 27434 677
27434 32593 677
32593 37637 677
37637 38780 677
38780 10607 677
10607 1718 677
1718 30428 677
30428 10402 677
10402 5100 677
5100 38520 677
38520 16332 677
16332 21035 677
21035 24158 677
24158 12980 677
12980 31678 677
31678 19455 677
19455 30210 677
30210 1064 677
1064 12098 677
12098 6846 677
6846 26684 677
26684 17487 677
17487 25019 677
24880 5064 678
5064 6659 678
6659 35363 678
35363 14815 678
14815 35224 678
35224 36719 678
36719 5335 678
5335 39319 678
39319 6127 678
6127 33542 678
33542 35190 678
35190 8249 678
8249 13891 678
13891 7815 678
7815 37467 678
37467 30017 678
30017 1268 678
1268 18302 678
18302 7397 678
7397 10954 678
10954 16088 678
16088 11856 678
11856 38265 678
38265 7375 678
7375 13386 678
13386 11726 678
11726 26303 678
26303 34781 678
34781 4440 678
4440 40025 678
40025 1333 678
1333 24540 678
24540 24468 678
24468 18631 678
18631 21822 678
21822 11473 678
11473 32628 678
32628 25980 678
25980 31953 678
31953 21075 678
17521 746 679
746 38349 679
38349 11956 679
11956 28677 679
28677 16736 679
16736 3173 679
3173 7911 679
7911 21342 679
21342 33960 679
33960 9203 679
9203 555 679
555 4452 679
4452 35567 679
35567 20861 679
20861 39905 679
39905 35621 679
35621 26859 679
26859 7776 679
7776 20160 679
20160 17752 679
17752 14071 679
14071 14014 679
14014 30789 679
30789 25425 679
25425 31191 679
31191 5876 679
5876 23317 679
23317 36422 679
36422 14284 679
14284 31451 679
31451 28839 679
28839 14011 679
14011 27988 679
27988 36954 679
36954 5332 679
5332 36908 679
36908 7740 679
7740 39121 679
39121 36184 679
36184 8005 679
4959 10827 680
10827 24165 680
24165 35544 680
35544 2684 680
2684 29285 680
29285 4613 680
4613 29752 680
29752 9811 680
9811 23871 680
23871 28044 680
28044 33932 680
33932 16911 680
16911 35992 680
35992 34705 680
34705 39841 680
39841 35994 680
35994 32064 680
32064 16289 680
16289 29144 680
29144 26837 680
26837 1676 680
1676 15790 680
15790 13111 680
13111 24884 680
24884 30437 680
30437 17805 680
17805 1846 680
1846 11570 680
11570 27633 680
27633 38496 680
38496 2953 680
2953 11008 680
11008 15188 680
15188 4818 680
4818 31361 680
31361 4056 680
4056 9111 680
9111 39627 680
39627 8524 680
8524 3607 680
31994 23723 681
23723 23381 681
23381 1428 681
1428 31892 681
31892 28750 681
28750 26194 681
26194 2824 681
2824 10891 681
10891 40606 681
40606 34861 681
34861 39389 681
39389 32189 681
32189 14923 681
14923 38327 681
38327 31822 681
31822 36949 681
36949 38129 681
38129 24627 681
24627 34412 681
34412 27922 681
27922 10978 681
10978 31581 681
31581 3634 681
3634 1272 681
1272 37393 681
37393 3580 681
3580 33850 681
33850 11699 681
11699 19944 681
19944 36822 681
36822 12213 681
12213 40249 681
40249 2715 681
2715 36764 681
36764 5125 681
5125 7669 681
7669 25146 681
25146 26979 681
26979 17713 681
17713 19561 681
21821 6948 682
6948 6314 682
6314 14773 682
14773 39014 682
39014 19191 682
19191 15306 682
15306 38229 682
38229 26666 682
26666 18135 682
18135 22537 682
22537 6702 682
6702 33410 682
33410 13870 682
13870 7608 682
7608 20768 682
20768 21014 682
21014 30798 682
30798 18733 682
18733 24515 682
24515 12817 682
12817 28488 682
28488 3345 682
3345 35326 682
35326 25867 682
25867 6420 682
6420 37105 682
37105 14769 682
14769 9043 682
9043 10468 682
10468 17893 682
17893 5180 682
5180 29129 682
29129 31342 682
31342 3916 682
3916 9484 682
9484 36779 682
36779 26397 682
26397 35473 682
35473 669 682
669 22376 682
12770 8756 683
8756 35655 683
35655 33997 683
33997 13158 683
13158 22158 683
22158 33172 683
33172 19410 683
19410 35322 683
35322 4099 683
4099 1674 683
1674 35620 683
35620 6837 683
6837 35976 683
35976 4100 683
4100 26807 683
26807 3951 683
3951 1966 683
1966 2929 683
2929 20552 683
20552 22804 683
22804 21682 683
21682 30182 683
30182 20252 683
20252 13980 683
13980 26115 683
26115 29897 683
29897 19037 683
19037 11337 683
11337 3946 683
3946 40623 683
40623 40065 683
40065 25261 683
25261 22936 683
22936 36068 683
36068 9786 683
9786 37112 683
37112 22097 683
22097 28658 683
28658 10204 683
10204 25177 683
39524 39786 684
39786 27502 684
27502 5845 684
5845 13472 684
13472 7179 684
7179 10098 684
10098 1515 684
1515 32492 684
32492 1723 684
1723 3231 684
3231 11856 684
11856 9641 684
9641 16067 684
16067 5852 684
5852 35469 684
35469 11414 684
11414 12847 684
12847 30369 684
30369 4746 684
4746 13202 684
13202 8266 684
8266 2123 684
2123 34545 684
34545 40552 684
40552 17948 684
17948 29939 684
29939 29626 684
29626 37973 684
37973 29577 684
29577 8331 684
8331 10483 684
10483 5149 684
5149 7059 684
7059 30207 684
30207 30841 684
30841 12183 684
12183 14796 684
14796 15116 684
15116 18656 684
18656 24324 684
40961 21635 685
21635 32561 685
32561 9291 685
9291 36450 685
36450 34881 685
34881 100 685
100 26756 685
26756 7609 685
7609 13695 685
13695 2066 685
2066 5165 685
5165 27512 685
27512 25728 685
25728 10867 685
10867 11410 685
11410 18083 685
18083 26774 685
26774 934 685
934 30500 685
30500 26878 685
26878 20698 685
20698 33862 685
33862 22892 685
22892 30566 685
30566 9177 685
9177 18436 685
18436 37817 685
37817 6270 685
6270 9346 685
9346 28650 685
28650 9479 685
9479 10339 685
10339 15631 685
15631 34737 685
34737 32505 685
32505 9395 685
9395 19782 685
19782 3105 685
3105 37290 685
37290 29807 685
32848 35053 686
35053 28480 686
28480 10499 686
10499 3701 686
3701 7596 686
7596 6661 686
6661 13865 686
13865 29546 686
29546 1548 686
1548 19893 686
19893 37760 686
37760 29968 686
29968 5396 686
5396 13824 686
13824 30959 686
30959 1866 686
1866 5576 686
5576 18489 686
18489 20459 686
20459 29336 686
29336 9943 686
9943 33296 686
33296 35359 686
35359 29175 686
29175 9649 686
9649 13640 686
13640 37618 686
37618 20857 686
20857 10156 686
10156 16788 686
16788 31330 686
31330 5789 686
5789 40403 686
40403 17484 686
17484 15654 686
15654 1125 686
1125 33596 686
33596 22378 686
22378 9043 686
9043 6407 686
25349 23264 687
23264 19135 687
19135 13650 687
13650 13436 687
13436 32961 687
32961 13326 687
13326 20542 687
20542 30834 687
30834 13243 687
13243 25217 687
25217 2733 687
2733 913 687
913 40892 687
40892 13781 687
13781 35257 687
35257 19185 687
19185 32036 687
32036 23910 687
23910 5946 687
5946 21377 687
21377 30241 687
30241 13321 687
13321 686 687
686 9172 687
9172 38085 687
38085 23660 687
23660 12962 687
12962 21353 687
21353 24289 687
24289 6553 687
6553 18042 687
18042 33914 687
33914 32270 687
32270 22230 687
22230 21506 687
21506 14789 687
14789 24095 687
24095 4890 687
4890 24308 687
24308 29251 687
29098 9084 688
9084 4195 688
4195 24887 688
24887 33598 688
33598 4062 688
4062 30475 688
30475 11874 688
11874 19523 688
19523 37076 688
37076 40730 688
40730 29292 688
29292 33205 688
33205 1010 688
1010 24225 688
24225 11850 688
11850 13167 688
13167 10545 688
10545 27981 688
27981 1593 688
1593 18115 688
18115 2397 688
2397 34249 688
34249 30608 688
30608 16524 688
16524 29328 688
29328 19641 688
19641 26300 688
26300 10145 688
10145 29387 688
29387 12510 688
12510 20570 688
20570 34199 688
34199 2878 688
2878 39599 688
39599 11080 688
11080 37157 688
37157 3190 688
3190 14442 688
14442 24431 688
24431 12808 688
39783 2413 689
2413 6410 689
6410 12516 689
12516 18540 689
18540 36330 689
36330 2167 689
2167 30023 689
30023 6753 689
6753 21672 689
21672 16830 689
16830 16209 689
16209 27288 689
27288 31040 689
31040 18146 689
18146 17784 689
17784 31381 689
31381 2443 689
2443 582 689
582 8846 689
8846 35150 689
35150 9669 689
9669 27076 689
27076 3929 689
3929 31919 689
31919 7501 689
7501 1329 689
1329 31767 689
31767 30286 689
30286 25779 689
25779 17122 689
17122 27613 689
27613 40588 689
40588 30272 689
30272 6607 689
6607 20917 689
20917 40793 689
40793 14166 689
14166 18906 689
18906 20534 689
20534 31607 689
2474 28159 690
28159 8880 690
8880 6609 690
6609 25792 690
25792 39390 690
39390 15303 690
15303 25340 690
25340 8627 690
8627 15822 690
15822 5153 690
5153 20156 690
20156 13216 690
13216 23319 690
23319 12580 690
12580 1885 690
1885 198 690
198 36267 690
36267 27537 690
27537 36315 690
36315 12097 690
12097 10603 690
10603 15983 690
15983 4284 690
4284 32400 690
32400 4407 690
4407 38997 690
38997 33668 690
33668 30031 690
30031 35181 690
35181 32021 690
32021 25652 690
25652 21868 690
21868 31371 690
31371 36310 690
36310 18110 690
18110 18702 690
18702 19843 690
19843 36406 690
36406 38163 690
38163 553 690
10017 8440 691
8440 12881 691
12881 15944 691
15944 31064 691
31064 32150 691
32150 30464 691
30464 40776 691
40776 4808 691
4808 25680 691
25680 30015 691
30015 3902 691
3902 20727 691
20727 7351 691
7351 31377 691
31377 25087 691
25087 15176 691
15176 24343 691
24343 20765 691
20765 23469 691
23469 26026 691
26026 34530 691
34530 25270 691
25270 28716 691
28716 8780 691
8780 24731 691
24731 25536 691
25536 3226 691
3226 26497 691
26497 14219 691
14219 38857 691
38857 23062 691
23062 21813 691
21813 24464 691
24464 37801 691
37801 29513 691
29513 25616 691
25616 9522 691
9522 1436 691
1436 26635 691
26635 7295 691
11698 23157 692
23157 15073 692
15073 34262 692
34262 39495 692
39495 29289 692
29289 22501 692
22501 26552 692
26552 24695 692
24695 30660 692
30660 24313 692
24313 24944 692
24944 17973 692
17973 9821 692
9821 847 692
847 33353 692
33353 37166 692
37166 8346 692
8346 9630 692
9630 5980 692
5980 36399 692
36399 35488 692
35488 39905 692
39905 25692 692
25692 4850 692
4850 8776 692
8776 19230 692
19230 19146 692
19146 33464 692
33464 7021 692
7021 40994 692
40994 21437 692
21437 6075 692
6075 15121 692
15121 30702 692
30702 20139 692
20139 18807 692
18807 28407 692
28407 11587 692
11587 28679 692
28679 32302 692
8415 6977 693
6977 5339 693
5339 9106 693
9106 37168 693
37168 10673 693
10673 795 693
795 22194 693
22194 8403 693
8403 13071 693
13071 19224 693
19224 5283 693
5283 7603 693
7603 21191 693
21191 25876 693
25876 33462 693
33462 17351 693
17351 17647 693
17647 1006 693
1006 34980 693
34980 770 693
770 27346 693
27346 29672 693
29672 20714 693
20714 8361 693
8361 37183 693
37183 2514 693
2514 29987 693
29987 26658 693
26658 4900 693
4900 900 693
900 26510 693
26510 14358 693
14358 10329 693
10329 33567 693
33567 17137 693
17137 9827 693
9827 27747 693
27747 16734 693
16734 40531 693
40531 23057 693
15125 171 694
171 13647 694
13647 31797 694
31797 27777 694
27777 3712 694
3712 32592 694
32592 4415 694
4415 20097 694
20097 20617 694
20617 12390 694
12390 32878 694
32878 23554 694
23554 7203 694
7203 2347 694
2347 9005 694
9005 36412 694
36412 34540 694
34540 17739 694
17739 39579 694
39579 14896 694
14896 38532 694
38532 20575 694
20575 10200 694
10200 17326 694
17326 15019 694
15019 16652 694
16652 20109 694
20109 17360 694
17360 32718 694
32718 15798 694
15798 21711 694
21711 35604 694
35604 36298 694
36298 34854 694
34854 31454 694
31454 15404 694
15404 26559 694
26559 33114 694
33114 24835 694
24835 28097 694
24054 28087 695
28087 40708 695
40708 35426 695
35426 31694 695
31694 36948 695
36948 7930 695
7930 35117 695
35117 32017 695
32017 2649 695
2649 38722 695
38722 31185 695
31185 10526 695
10526 24612 695
24612 16017 695
16017 20763 695
20763 25706 695
25706 20722 695
20722 6926 695
6926 6279 695
6279 37178 695
37178 28202 695
28202 701 695
701 9552 695
9552 4385 695
4385 10583 695
10583 19020 695
19020 35187 695
35187 28167 695
28167 27016 695
27016 7573 695
7573 6767 695
6767 32228 695
32228 4092 695
4092 8623 695
8623 16331 695
16331 36642 695
36642 23065 695
23065 14206 695
14206 343 695
343 18578 695
22240 32057 696
32057 23026 696
23026 19581 696
19581 10982 696
10982 29191 696
29191 14577 696
14577 14820 696
14820 11038 696
11038 38376 696
38376 26648 696
26648 28714 696
28714 11870 696
11870 34882 696
34882 18018 696
18018 34458 696
34458 4602 696
4602 36830 696
36830 16214 696
16214 15802 696
15802 5944 696
5944 5094 696
5094 5078 696
5078 8940 696
8940 8896 696
8896 9009 696
9009 8901 696
8901 33575 696
33575 4797 696
4797 32637 696
32637 12520 696
12520 15087 696
15087 19219 696
19219 5897 696
5897 6014 696
6014 4597 696
4597 16710 696
16710 8330 696
8330 29005 696
29005 19593 696
19593 8447 696
18308 8181 697
8181 8632 697
8632 15798 697
15798 32546 697
32546 40894 697
40894 30088 697
30088 814 697
814 23132 697
23132 26924 697
26924 39176 697
39176 17622 697
17622 18018 697
18018 8257 697
8257 27860 697
27860 1117 697
1117 2228 697
2228 14586 697
14586 9491 697
9491 31644 697
31644 37412 697
37412 22380 697
22380 32318 697
32318 5349 697
5349 16878 697
16878 35156 697
35156 264 697
264 26561 697
26561 22114 697
22114 13496 697
13496 30764 697
30764 23326 697
23326 18160 697
18160 18385 697
18385 4495 697
4495 25117 697
25117 38537 697
38537 18002 697
18002 9216 697
9216 6126 697
6126 17939 697
23509 11263 698
11263 9728 698
9728 14955 698
14955 34651 698
34651 8933 698
8933 9036 698
9036 6286 698
6286 4771 698
4771 24257 698
24257 39290 698
39290 28441 698
28441 27351 698
27351 11639 698
11639 2925 698
2925 26500 698
26500 8747 698
8747 28062 698
28062 23543 698
23543 5763 698
5763 35755 698
35755 9157 698
9157 40607 698
40607 4968 698
4968 39318 698
39318 9161 698
9161 15587 698
15587 7646 698
7646 30652 698
30652 22788 698
22788 27283 698
27283 7065 698
7065 11748 698
11748 7419 698
7419 9213 698
9213 19305 698
19305 23059 698
23059 32795 698
32795 11957 698
11957 30068 698
30068 36933 698
15467 30711 699
30711 32805 699
32805 5669 699
5669 10309 699
10309 2448 699
2448 31330 699
31330 6247 699
6247 1242 699
1242 18441 699
18441 9412 699
9412 28956 699
28956 9328 699
9328 22097 699
22097 23354 699
23354 25197 699
25197 5168 699
5168 3924 699
3924 13043 699
13043 3329 699
3329 22667 699
22667 16650 699
16650 21969 699
21969 7528 699
7528 20745 699
20745 31449 699
31449 21809 699
21809 25871 699
25871 13223 699
13223 34471 699
34471 13976 699
13976 3547 699
3547 28772 699
28772 19795 699
19795 24658 699
24658 8886 699
8886 482 699
482 5889 699
5889 23476 699
23476 21707 699
21707 32150 699
2245 30725 700
30725 27679 700
27679 10479 700
10479 21094 700
21094 15872 700
15872 27304 700
27304 3142 700
3142 3783 700
3783 14525 700
14525 19296 700
19296 34240 700
34240 24214 700
24214 29423 700
29423 26542 700
26542 40958 700
40958 1974 700
1974 5714 700
5714 40223 700
40223 4540 700
4540 985 700
985 6655 700
6655 6253 700
6253 33977 700
33977 22704 700
22704 35054 700
35054 14759 700
14759 19794 700
19794 30685 700
30685 17759 700
17759 8113 700
8113 13139 700
13139 765 700
765 11747 700
11747 19875 700
19875 28613 700
28613 16333 700
16333 2045 700
2045 25910 700
25910 16761 700
16761 15865 700
33758 11343 701
11343 33399 701
33399 22324 701
22324 22502 701
22502 26539 701
26539 35332 701
35332 14665 701
14665 34365 701
34365 4475 701
4475 39478 701
39478 37459 701
37459 19466 701
19466 4669 701
4669 38895 701
38895 13988 701
13988 25933 701
25933 31290 701
31290 18732 701
18732 22792 701
22792 32610 701
32610 21020 701
21020 22444 701
22444 23145 701
23145 33420 701
33420 8202 701
8202 4400 701
4400 8075 701
8075 21087 701
21087 24374 701
24374 26472 701
26472 36294 701
36294 39398 701
39398 16987 701
16987 31570 701
31570 8565 701
8565 32922 701
32922 14341 701
14341 19641 701
19641 5333 701
5333 36258 701
23640 32410 702
32410 9092 702
9092 26369 702
26369 531 702
531 28281 702
28281 423 702
423 38619 702
38619 31938 702
31938 7034 702
7034 29643 702
29643 34015 702
34015 8106 702
8106 39805 702
39805 36727 702
36727 17969 702
17969 12166 702
12166 21352 702
21352 22822 702
22822 28912 702
28912 35091 702
35091 17176 702
17176 31440 702
31440 11331 702
11331 40829 702
40829 36847 702
36847 7900 702
7900 35771 702
35771 17239 702
17239 17481 702
17481 21599 702
21599 33756 702
33756 401 702
401 31829 702
31829 9460 702
9460 29571 702
29571 40227 702
40227 2905 702
2905 27490 702
27490 5589 702
5589 33466 702
37036 27118 703
27118 32058 703
32058 13661 703
13661 28335 703
28335 26597 703
26597 33127 703
33127 37312 703
37312 35459 703
35459 21047 703
21047 1624 703
1624 19140 703
19140 8746 703
8746 33527 703
33527 34482 703
34482 25345 703
25345 4616 703
4616 38836 703
38836 39323 703
39323 25350 703
25350 29128 703
29128 31583 703
31583 9541 703
9541 26745 703
26745 19983 703
19983 30845 703
30845 5013 703
5013 39162 703
39162 32711 703
32711 25077 703
25077 34216 703
34216 34756 703
34756 9480 703
9480 19159 703
19159 19719 703
19719 35431 703
35431 7509 703
7509 33097 703
33097 24722 703
24722 26285 703
26285 16543 703
8375 16899 704
16899 27992 704
27992 10042 704
10042 5591 704
5591 39872 704
39872 10806 704
10806 32011 704
32011 6263 704
6263 22412 704
22412 16379 704
16379 30200 704
30200 27829 704
27829 34121 704
34121 7944 704
7944 21926 704
21926 15775 704
15775 34219 704
34219 7064 704
7064 21804 704
21804 3846 704
3846 32173 704
32173 39200 704
39200 10669 704
10669 20603 704
20603 37794 704
37794 30650 704
30650 21736 704
21736 36587 704
36587 28282 704
28282 39699 704
39699 13781 704
13781 33542 704
33542 15896 704
15896 22859 704
22859 29550 704
29550 36798 704
36798 32269 704
32269 24920 704
24920 11988 704
11988 10902 704
39570 14920 705
14920 16768 705
16768 4870 705
4870 9357 705
9357 29311 705
29311 9236 705
9236 12731 705
12731 11338 705
11338 23547 705
23547 10869 705
10869 12943 705
12943 32367 705
32367 20424 705
20424 40293 705
40293 20942 705
20942 20294 705
20294 9101 705
9101 31045 705
31045 9106 705
9106 9038 705
9038 40644 705
40644 18531 705
18531 12453 705
12453 17291 705
17291 8982 705
8982 15724 705
15724 12620 705
12620 8083 705
8083 5071 705
5071 20260 705
20260 24215 705
24215 22706 705
22706 32507 705
32507 1781 705
1781 23802 705
23802 38033 705
38033 26158 705
26158 39874 705
39874 15827 705
15827 1802 705
39404 27483 706
27483 18042 706
18042 15606 706
15606 28288 706
28288 12544 706
12544 23199 706
23199 16759 706
16759 24423 706
24423 38880 706
38880 19514 706
19514 40012 706
40012 23178 706
23178 14352 706
14352 35489 706
35489 38764 706
38764 12534 706
12534 11079 706
11079 8208 706
8208 17053 706
17053 24282 706
24282 20034 706
20034 38630 706
38630 2148 706
2148 23106 706
23106 7760 706
7760 20580 706
20580 18579 706
18579 36618 706
36618 3068 706
3068 35354 706
35354 39307 706
39307 25292 706
25292 10123 706
10123 17099 706
17099 27909 706
27909 9659 706
9659 22852 706
22852 7814 706
7814 13757 706
13757 10989 706
30566 27257 707
27257 29414 707
29414 17198 707
17198 32277 707
32277 19016 707
19016 2972 707
2972 24298 707
24298 33161 707
33161 28772 707
28772 12722 707
12722 14512 707
14512 13868 707
13868 20149 707
20149 31740 707
31740 40750 707
40750 2408 707
2408 40283 707
40283 40761 707
40761 12615 707
12615 32960 707
32960 7041 707
7041 23728 707
23728 19692 707
19692 17795 707
17795 2267 707
2267 1484 707
1484 12396 707
12396 17476 707
17476 26583 707
26583 6162 707
6162 4464 707
4464 8164 707
8164 17375 707
17375 6928 707
6928 34206 707
34206 13541 707
13541 17062 707
17062 37030 707
37030 24154 707
24154 4248 707
16704 8217 708
8217 28974 708
28974 23715 708
23715 34385 708
34385 34584 708
34584 4466 708
4466 18960 708
18960 4238 708
4238 31014 708
31014 7520 708
7520 23311 708
23311 31355 708
31355 407 708
407 5966 708
5966 35028 708
35028 30442 708
30442 11273 708
11273 24986 708
24986 11045 708
11045 6777 708
6777 1838 708
1838 6035 708
6035 17141 708
17141 22752 708
22752 35587 708
35587 13403 708
13403 19255 708
19255 11897 708
11897 23262 708
23262 1504 708
1504 23960 708
23960 14920 708
14920 3259 708
3259 10076 708
10076 5875 708
5875 665 708
665 1999 708
1999 9658 708
9658 30522 708
30522 15962 708
23494 36144 709
36144 6246 709
6246 6100 709
6100 18726 709
18726 15673 709
15673 16218 709
16218 4983 709
4983 1519 709
1519 21340 709
21340 5975 709
5975 26155 709
26155 35007 709
35007 24856 709
24856 19942 709
19942 7078 709
7078 12031 709
12031 9828 709
9828 28900 709
28900 246 709
246 40415 709
40415 38260 709
38260 18968 709
18968 29075 709
29075 18348 709
18348 36882 709
36882 20482 709
20482 16435 709
16435 13618 709
13618 16936 709
16936 7819 709
7819 22577 709
22577 4069 709
4069 12686 709
12686 13613 709
13613 22393 709
22393 10295 709
10295 7165 709
7165 14994 709
14994 55 709
55 20218 709
32540 24301 710
24301 26180 710
26180 3094 710
3094 19763 710
19763 1114 710
1114 20351 710
20351 11971 710
11971 30460 710
30460 38568 710
38568 14914 710
14914 15786 710
15786 12854 710
12854 12614 710
12614 7327 710
7327 34350 710
34350 25706 710
25706 7489 710
7489 38792 710
38792 39318 710
39318 5380 710
5380 1716 710
1716 3472 710
3472 28850 710
28850 28923 710
28923 7686 710
7686 27368 710
27368 32056 710
32056 6900 710
6900 5474 710
5474 26366 710
26366 39660 710
39660 28670 710
28670 1715 710
1715 3624 710
3624 28596 710
28596 26959 710
26959 1753 710
1753 22119 710
22119 16505 710
16505 34593 710
40691 10076 711
10076 30599 711
30599 4478 711
4478 25985 711
25985 30748 711
30748 13568 711
13568 21278 711
21278 21165 711
21165 19027 711
19027 22711 711
22711 23293 711
23293 28880 711
28880 33960 711
33960 36128 711
36128 23669 711
23669 33965 711
33965 21346 711
21346 15414 711
15414 11482 711
11482 5455 711
5455 11043 711
11043 37180 711
37180 1511 711
1511 13523 711
13523 2292 711
2292 40629 711
40629 3521 711
3521 24116 711
24116 35299 711
35299 4120 711
4120 22690 711
22690 14761 711
14761 17334 711
17334 14101 711
14101 16468 711
16468 21646 711
21646 18228 711
18228 10618 711
10618 344 711
344 20694 711
30992 10058 712
10058 21421 712
21421 22755 712
22755 34558 712
34558 32830 712
32830 764 712
764 39865 712
39865 12595 712
12595 32527 712
32527 30172 712
30172 34002 712
34002 27634 712
27634 20265 712
20265 32178 712
32178 3693 712
3693 30000 712
30000 38604 712
38604 33231 712
33231 34249 712
34249 28754 712
28754 18621 712
18621 11736 712
11736 24930 712
24930 23184 712
23184 34110 712
34110 7254 712
7254 13421 712
13421 36795 712
36795 15585 712
15585 34974 712
34974 23063 712
23063 36981 712
36981 11223 712
11223 13305 712
13305 21977 712
21977 23612 712
23612 9798 712
9798 30118 712
30118 28762 712
28762 5119 712
12116 6654 713
6654 36289 713
36289 36412 713
36412 35820 713
35820 20626 713
20626 35473 713
35473 37419 713
37419 31973 713
31973 16872 713
16872 34185 713
34185 26278 713
26278 23798 713
23798 12698 713
12698 28523 713
28523 15413 713
15413 24409 713
24409 11919 713
11919 35573 713
35573 36 713
36 7247 713
7247 3104 713
3104 11177 713
11177 14135 713
14135 28970 713
28970 10691 713
10691 26759 713
26759 29006 713
29006 36688 713
36688 38996 713
38996 40016 713
40016 21836 713
21836 33163 713
33163 15472 713
15472 8267 713
8267 36965 713
36965 715 713
715 1727 713
1727 1504 713
1504 38823 713
38823 19321 713
32648 27966 714
27966 7263 714
7263 13653 714
13653 11196 714
11196 15326 714
15326 31167 714
31167 8462 714
8462 24559 714
24559 2574 714
2574 13982 714
13982 26155 714
26155 25838 714
25838 36172 714
36172 16920 714
16920 32369 714
32369 38205 714
38205 3740 714
3740 12174 714
12174 4879 714
4879 28919 714
28919 10160 714
10160 20423 714
20423 34 714
34 34214 714
34214 14796 714
14796 34350 714
34350 13221 714
13221 18825 714
18825 31078 714
31078 24284 714
24284 20022 714
20022 6081 714
6081 39705 714
39705 9646 714
9646 27733 714
27733 2081 714
2081 1651 714
1651 17860 714
17860 16219 714
16219 30659 714
33641 34947 715
34947 36760 715
36760 38329 715
38329 37902 715
37902 8344 715
8344 39257 715
39257 24203 715
24203 38611 715
38611 29427 715
29427 34210 715
34210 18240 715
18240 17308 715
17308 24375 715
24375 4855 715
4855 14366 715
14366 30085 715
30085 21728 715
21728 37453 715
37453 12930 715
12930 14477 715
14477 18427 715
18427 32618 715
32618 22194 715
22194 28368 715
28368 30073 715
30073 20721 715
20721 30703 715
30703 33597 715
33597 9547 715
9547 11781 715
11781 8351 715
8351 30906 715
30906 38148 715
38148 14351 715
14351 21025 715
21025 4343 715
4343 10175 715
10175 5354 715
5354 25591 715
25591 29123 715
30472 7614 716
7614 6039 716
6039 6130 716
6130 17361 716
17361 15136 716
15136 10293 716
10293 14820 716
14820 22847 716
22847 8668 716
8668 39857 716
39857 26884 716
26884 12719 716
12719 22555 716
22555 26543 716
26543 18765 716
18765 31753 716
31753 3621 716
3621 39323 716
39323 25097 716
25097 39950 716
39950 17758 716
17758 2201 716
2201 39359 716
39359 26581 716
26581 38645 716
38645 41 716
41 35428 716
35428 17553 716
17553 40843 716
40843 11465 716
11465 25758 716
25758 25094 716
25094 40035 716
40035 33922 716
33922 7876 716
7876 12506 716
12506 15728 716
15728 31689 716
31689 1353 716
1353 39742 716
40254 7844 717
7844 31385 717
31385 1687 717
1687 7755 717
7755 1179 717
1179 18080 717
18080 32136 717
32136 35443 717
35443 93 717
93 14084 717
14084 18452 717
18452 31019 717
31019 3581 717
3581 21773 717
21773 19195 717
19195 2522 717
2522 1943 717
1943 2037 717
2037 7155 717
7155 11844 717
11844 19714 717
19714 32831 717
32831 4652 717
4652 11596 717
11596 20021 717
20021 39096 717
39096 18826 717
18826 27722 717
27722 4904 717
4904 11987 717
11987 3910 717
3910 1174 717
1174 22494 717
22494 34036 717
34036 32668 717
32668 14387 717
14387 5763 717
5763 2962 717
2962 33996 717
33996 8293 717
21274 28154 718
28154 5704 718
5704 30626 718
30626 8919 718
8919 31863 718
31863 20573 718
20573 14967 718
14967 30011 718
30011 37827 718
37827 30497 718
30497 20669 718
20669 16870 718
16870 30776 718
30776 19571 718
19571 3340 718
3340 33314 718
33314 6834 718
6834 6496 718
6496 37200 718
37200 26761 718
26761 11585 718
11585 3512 718
3512 32958 718
32958 23856 718
23856 34930 718
34930 12241 718
12241 15382 718
15382 13756 718
13756 14558 718
14558 584 718
584 7659 718
7659 39507 718
39507 31866 718
31866 23627 718
23627 28885 718
28885 18727 718
18727 1337 718
1337 17951 718
17951 16004 718
16004 20743 718
20402 35219 719
35219 39458 719
39458 35907 719
35907 11161 719
11161 20117 719
20117 17807 719
17807 32325 719
32325 28022 719
28022 35463 719
35463 10813 719
10813 14557 719
14557 22848 719
22848 16922 719
16922 449 719
449 2517 719
2517 36045 719
36045 11300 719
11300 36470 719
36470 885 719
885 36120 719
36120 1081 719
1081 26467 719
26467 22687 719
22687 32229 719
32229 33596 719
33596 18604 719
18604 8716 719
8716 24744 719
24744 3438 719
3438 10434 719
10434 15782 719
15782 10976 719
10976 25498 719
25498 10595 719
10595 23671 719
23671 36460 719
36460 1255 719
1255 39888 719
39888 33858 719
33858 37968 719
13304 35194 720
35194 30577 720
30577 28159 720
28159 12556 720
12556 5643 720
5643 29761 720
29761 14990 720
14990 5746 720
5746 36497 720
36497 4345 720
4345 3250 720
3250 12287 720
12287 7038 720
7038 2567 720
2567 18964 720
18964 38410 720
38410 27736 720
27736 39031 720
39031 31522 720
31522 281 720
281 7536 720
7536 16133 720
16133 39343 720
39343 12658 720
12658 15965 720
15965 34057 720
34057 456 720
456 2908 720
2908 22956 720
22956 33729 720
33729 6901 720
6901 35798 720
35798 7427 720
7427 34037 720
34037 73 720
73 1048 720
1048 34573 720
34573 1849 720
1849 8998 720
8998 16653 720
40794 37510 721
37510 16826 721
16826 6856 721
6856 18735 721
18735 32956 721
32956 8212 721
8212 20959 721
20959 14464 721
14464 23259 721
23259 35741 721
35741 31156 721
31156 21936 721
21936 21203 721
21203 35541 721
35541 27971 721
27971 12294 721
12294 22807 721
22807 37978 721
37978 7892 721
7892 40313 721
40313 16990 721
16990 29450 721
29450 37831 721
37831 36879 721
36879 12397 721
12397 14671 721
14671 23230 721
23230 39762 721
39762 8066 721
8066 5624 721
5624 34890 721
34890 36746 721
36746 12510 721
12510 13391 721
13391 33149 721
33149 39493 721
39493 40348 721
40348 8192 721
8192 9127 721
9127 11962 721
7863 38435 722
38435 32939 722
32939 12585 722
12585 36762 722
36762 33232 722
33232 6092 722
6092 39047 722
39047 28200 722
28200 16069 722
16069 39016 722
39016 24452 722
24452 36292 722
36292 5247 722
5247 26844 722
26844 39056 722
39056 35684 722
35684 20916 722
20916 788 722
788 10171 722
10171 36250 722
36250 752 722
752 31937 722
31937 15776 722
15776 10469 722
10469 34125 722
34125 5653 722
5653 39908 722
39908 30788 722
30788 16179 722
16179 25256 722
25256 4578 722
4578 37146 722
37146 32017 722
32017 7718 722
7718 30760 722
30760 10351 722
10351 20106 722
20106 33204 722
33204 30331 722
30331 388 722
2473 36384 723
36384 33952 723
33952 16173 723
16173 9284 723
9284 28811 723
28811 32725 723
32725 4733 723
4733 35090 723
35090 4912 723
4912 50 723
50 13383 723
13383 8348 723
8348 18695 723
18695 5295 723
5295 5574 723
5574 30689 723
30689 34712 723
34712 13889 723
13889 9006 723
9006 21290 723
21290 11484 723
11484 26504 723
26504 30739 723
30739 37582 723
37582 39606 723
39606 23467 723
23467 37407 723
37407 40354 723
40354 29464 723
29464 23174 723
23174 34000 723
34000 22948 723
22948 18387 723
18387 12483 723
12483 48 723
48 40791 723
40791 9431 723
9431 8769 723
8769 24381 723
24381 4800 723
40953 30828 724
30828 30561 724
30561 24672 724
24672 1402 724
1402 7617 724
7617 11540 724
11540 21987 724
21987 7885 724
7885 28725 724
28725 7333 724
7333 40960 724
40960 21217 724
21217 20076 724
20076 7150 724
7150 19178 724
19178 3914 724
3914 31113 724
31113 26076 724
26076 16422 724
16422 36634 724
36634 27672 724
27672 6496 724
6496 12199 724
12199 3052 724
3052 6002 724
6002 14858 724
14858 14079 724
14079 25531 724
25531 3923 724
3923 30059 724
30059 34389 724
34389 9404 724
9404 6691 724
6691 40016 724
40016 4965 724
4965 36617 724
36617 19416 724
19416 31527 724
31527 37984 724
37984 10094 724
36555 23367 725
23367 24363 725
24363 40150 725
40150 28245 725
28245 23128 725
23128 15414 725
15414 1326 725
1326 11571 725
11571 24906 725
24906 13180 725
13180 35084 725
35084 4434 725
4434 6789 725
6789 40350 725
40350 19180 725
19180 6690 725
6690 27179 725
27179 13245 725
13245 21261 725
21261 36398 725
36398 32958 725
32958 36229 725
36229 24881 725
24881 35314 725
35314 18499 725
18499 24714 725
24714 8768 725
8768 28917 725
28917 8854 725
8854 22012 725
22012 22241 725
22241 18098 725
18098 37623 725
37623 26400 725
26400 8067 725
8067 21971 725
21971 26146 725
26146 9443 725
9443 5325 725
5325 24323 725
25165 37816 726
37816 5440 726
5440 9888 726
9888 16607 726
16607 19035 726
19035 27043 726
27043 32933 726
32933 31285 726
31285 11698 726
11698 3595 726
3595 17328 726
17328 22917 726
22917 34933 726
34933 14167 726
14167 10570 726
10570 27616 726
27616 9112 726
9112 35785 726
35785 26650 726
26650 18475 726
18475 17404 726
17404 25978 726
25978 36011 726
36011 10778 726
10778 35971 726
35971 27133 726
27133 26514 726
26514 10659 726
10659 15158 726
15158 22762 726
22762 15187 726
15187 22643 726
22643 21742 726
21742 27002 726
27002 28407 726
28407 7249 726
7249 27401 726
27401 33920 726
33920 11994 726
11994 16587 726
12481 35111 727
35111 29252 727
29252 25394 727
25394 32983 727
32983 16805 727
16805 15042 727
15042 27922 727
27922 25207 727
25207 6646 727
6646 32446 727
32446 17847 727
17847 19077 727
19077 21244 727
21244 6624 727
6624 40953 727
40953 7673 727
7673 39999 727
39999 19352 727
19352 40167 727
40167 5868 727
5868 39462 727
39462 36587 727
36587 2896 727
2896 17283 727
17283 11341 727
11341 24722 727
24722 8580 727
8580 40377 727
40377 18511 727
18511 34163 727
34163 29731 727
29731 25783 727
25783 40279 727
40279 38845 727
38845 26224 727
26224 18661 727
18661 32418 727
32418 4891 727
4891 9583 727
9583 25937 727
14969 28238 728
28238 5221 728
5221 29677 728
29677 35825 728
35825 7984 728
7984 38160 728
38160 16320 728
16320 29300 728
29300 12383 728
12383 34681 728
34681 15120 728
15120 38567 728
38567 12488 728
12488 35174 728
35174 23394 728
23394 30746 728
30746 34100 728
34100 36037 728
36037 31656 728
31656 3988 728
3988 39122 728
39122 20435 728
20435 39668 728
39668 4238 728
4238 27400 728
27400 6348 728
6348 39425 728
39425 11320 728
11320 21761 728
21761 37317 728
37317 28717 728
28717 16458 728
16458 28490 728
28490 1776 728
1776 3061 728
3061 38816 728
38816 5141 728
5141 7466 728
7466 40545 728
40545 26596 728
30317 10775 729
10775 2133 729
2133 19344 729
19344 13895 729
13895 5671 729
5671 8352 729
8352 4433 729
4433 4650 729
4650 30311 729
30311 4508 729
4508 8354 729
8354 16778 729
16778 9653 729
9653 15318 729
15318 22441 729
22441 14918 729
14918 18301 729
18301 6648 729
6648 36033 729
36033 25753 729
25753 16473 729
16473 37196 729
37196 40917 729
40917 28545 729
28545 4808 729
4808 23792 729
23792 15188 729
15188 33284 729
33284 2717 729
2717 33702 729
33702 12660 729
12660 25115 729
25115 3661 729
3661 25642 729
25642 28901 729
28901 38540 729
38540 7694 729
7694 18863 729
18863 35472 729
35472 37732 729
1821 28554 730
28554 3264 730
3264 2053 730
2053 3171 730
3171 8645 730
8645 19225 730
19225 36013 730
36013 31018 730
31018 16631 730
16631 37400 730
37400 14385 730
14385 38513 730
38513 37382 730
37382 38834 730
38834 21551 730
21551 37242 730
37242 3295 730
3295 40873 730
40873 16073 730
16073 9104 730
9104 34680 730
34680 25150 730
25150 24015 730
24015 34614 730
34614 39049 730
39049 32260 730
32260 20933 730
20933 39311 730
39311 29286 730
29286 33272 730
33272 26570 730
26570 20676 730
20676 25232 730
25232 27123 730
27123 7584 730
7584 35765 730
35765 125 730
125 30682 730
30682 21867 730
21867 24380 730
13416 7218 731
7218 11188 731
11188 4856 731
4856 18636 731
18636 12784 731
12784 7837 731
7837 12847 731
12847 59 731
59 36669 731
36669 5061 731
5061 24487 731
24487 27540 731
27540 15682 731
15682 3336 731
3336 9851 731
9851 8565 731
8565 37762 731
37762 778 731
778 34298 731
34298 25917 731
25917 1361 731
1361 26766 731
26766 6632 731
6632 40002 731
40002 19690 731
19690 12778 731
12778 16589 731
16589 36179 731
36179 8073 731
8073 4432 731
4432 13697 731
13697 29451 731
29451 12230 731
12230 36535 731
36535 30287 731
30287 35238 731
35238 18713 731
18713 27028 731
27028 18612 731
18612 31952 731
33562 621 732
621 30091 732
30091 37536 732
37536 4977 732
4977 2468 732
2468 21155 732
21155 33969 732
33969 10233 732
10233 21197 732
21197 36012 732
36012 18373 732
18373 35746 732
35746 18289 732
18289 16100 732
16100 2907 732
2907 25273 732
25273 25812 732
25812 37320 732
37320 24538 732
24538 4573 732
4573 13526 732
13526 29502 732
29502 34134 732
34134 15480 732
15480 25318 732
25318 37055 732
37055 30694 732
30694 9835 732
9835 39824 732
39824 9682 732
9682 31024 732
31024 15948 732
15948 3046 732
3046 24104 732
24104 15472 732
15472 27801 732
27801 21363 732
21363 29885 732
29885 24281 732
24281 31373 732
27379 26803 733
26803 14108 733
14108 28435 733
28435 27436 733
27436 3360 733
3360 40379 733
40379 20244 733
20244 34555 733
34555 37372 733
37372 945 733
945 9842 733
9842 19310 733
19310 39547 733
39547 8333 733
8333 35279 733
35279 40308 733
40308 4148 733
4148 14732 733
14732 5897 733
5897 26553 733
26553 4107 733
4107 30003 733
30003 8478 733
8478 35331 733
35331 17837 733
17837 10508 733
10508 9258 733
9258 9095 733
9095 38631 733
38631 1095 733
1095 16914 733
16914 38794 733
38794 10833 733
10833 7118 733
7118 23939 733
23939 24227 733
24227 4035 733
4035 24430 733
24430 12992 733
12992 34328 733
38676 6245 734
6245 24337 734
24337 35888 734
35888 8959 734
8959 2869 734
2869 4002 734
4002 31513 734
31513 28359 734
28359 23775 734
23775 31529 734
31529 1859 734
1859 32206 734
32206 37564 734
37564 23522 734
23522 32287 734
32287 14256 734
14256 24773 734
24773 26795 734
26795 33709 734
33709 33450 734
33450 40802 734
40802 40245 734
40245 27701 734
27701 12022 734
12022 39662 734
39662 23671 734
23671 25734 734
25734 18854 734
18854 21871 734
21871 9037 734
9037 25870 734
25870 28959 734
28959 26684 734
26684 5211 734
5211 228 734
228 32785 734
32785 35821 734
35821 19320 734
19320 17741 734
17741 5543 734
1828 31832 735
31832 40257 735
40257 3609 735
3609 1212 735
1212 10518 735
10518 27099 735
27099 14742 735
14742 36829 735
36829 11918 735
11918 23672 735
23672 32973 735
32973 1869 735
1869 22511 735
22511 3164 735
3164 4511 735
4511 4067 735
4067 6825 735
6825 5027 735
5027 14514 735
14514 10864 735
10864 28755 735
28755 28658 735
28658 17764 735
17764 17679 735
17679 25185 735
25185 16103 735
16103 11192 735
11192 13839 735
13839 32761 735
32761 8925 735
8925 20575 735
20575 34315 735
34315 22368 735
22368 31153 735
31153 1634 735
1634 25126 735
25126 14692 735
14692 21772 735
21772 19335 735
19335 32301 735
38250 10550 736
10550 32967 736
32967 38760 736
38760 31801 736
31801 36505 736
36505 16816 736
16816 11009 736
11009 20397 736
20397 5099 736
5099 16029 736
16029 18287 736
18287 12113 736
12113 8756 736
8756 28772 736
28772 13365 736
13365 13275 736
13275 10178 736
10178 34190 736
34190 9625 736
9625 8466 736
8466 4171 736
4171 7841 736
7841 13234 736
13234 24012 736
24012 32354 736
32354 26668 736
26668 417 736
417 15048 736
15048 11736 736
11736 20273 736
20273 7667 736
7667 37961 736
37961 8767 736
8767 24954 736
24954 36110 736
36110 5501 736
5501 25781 736
25781 29209 736
29209 2503 736
2503 21398 736
25888 30565 737
30565 18773 737
18773 10131 737
10131 14120 737
14120 23253 737
23253 25810 737
25810 39601 737
39601 34839 737
34839 37827 737
37827 34455 737
34455 36488 737
36488 29802 737
29802 30996 737
30996 19822 737
19822 22323 737
22323 25442 737
25442 39646 737
39646 965 737
965 35554 737
35554 21391 737
21391 4554 737
4554 24922 737
24922 2435 737
2435 18760 737
18760 11381 737
11381 21229 737
21229 14426 737
14426 33845 737
33845 543 737
543 24163 737
24163 35255 737
35255 10448 737
10448 10693 737
10693 27021 737
27021 27934 737
27934 29665 737
29665 19270 737
19270 4413 737
4413 20829 737
20829 1539 737
8265 12935 738
12935 22601 738
22601 12001 738
12001 29790 738
29790 15683 738
15683 24073 738
24073 39473 738
39473 3278 738
3278 23851 738
23851 9827 738
9827 37680 738
37680 22848 738
22848 30311 738
30311 18190 738
18190 14867 738
14867 30935 738
30935 6615 738
6615 25446 738
25446 29689 738
29689 9887 738
9887 5998 738
5998 9541 738
9541 36158 738
36158 32856 738
32856 20020 738
20020 35436 738
35436 33754 738
33754 21623 738
21623 27008 738
27008 1784 738
1784 10707 738
10707 3849 738
3849 28840 738
28840 25501 738
25501 16164 738
16164 33008 738
33008 14311 738
14311 10015 738
10015 9989 738
9989 31684 738
4552 28801 739
28801 40673 739
40673 26675 739
26675 40236 739
40236 23202 739
23202 9354 739
9354 4649 739
4649 1560 739
1560 19728 739
19728 17317 739
17317 3328 739
3328 1099 739
1099 5007 739
5007 30441 739
30441 15779 739
15779 14985 739
14985 37441 739
37441 39550 739
39550 27466 739
27466 4737 739
4737 7223 739
7223 5643 739
5643 34542 739
34542 40132 739
40132 9928 739
9928 26417 739
26417 31812 739
31812 5764 739
5764 2411 739
2411 38282 739
38282 15278 739
15278 2206 739
2206 18481 739
18481 23228 739
23228 14601 739
14601 14915 739
14915 14065 739
14065 8690 739
8690 24278 739
24278 6103 739
33167 21861 740
21861 23264 740
23264 29533 740
29533 35718 740
35718 7881 740
7881 16146 740
16146 31299 740
31299 32328 740
32328 5723 740
5723 27640 740
27640 16867 740
16867 4090 740
4090 32399 740
32399 3327 740
3327 30071 740
30071 34142 740
34142 29447 740
29447 31227 740
31227 34506 740
34506 14451 740
14451 20234 740
20234 4267 740
4267 11181 740
11181 18711 740
18711 27092 740
27092 26981 740
26981 1685 740
1685 40396 740
40396 12236 740
12236 10807 740
10807 16688 740
16688 38655 740
38655 13768 740
13768 11645 740
11645 40756 740
40756 9721 740
9721 26118 740
26118 13857 740
13857 171 740
171 12250 740
12852 11073 741
11073 23630 741
23630 9014 741
9014 12487 741
12487 7965 741
7965 37401 741
37401 35690 741
35690 29303 741
29303 30514 741
30514 15933 741
15933 10255 741
10255 28357 741
28357 37435 741
37435 16114 741
16114 23842 741
23842 17909 741
17909 39532 741
39532 39955 741
39955 24376 741
24376 1449 741
1449 29976 741
29976 3404 741
3404 30461 741
30461 16684 741
16684 27282 741
27282 20140 741
20140 38146 741
38146 18921 741
18921 27042 741
27042 21336 741
21336 24505 741
24505 16472 741
16472 27490 741
27490 12900 741
12900 15435 741
15435 27654 741
27654 10310 741
10310 30900 741
30900 24838 741
24838 10001 741
6831 29328 742
29328 13424 742
13424 18533 742
18533 39813 742
39813 29772 742
29772 23904 742
23904 3880 742
3880 10632 742
10632 13410 742
13410 7827 742
7827 8556 742
8556 7022 742
7022 1549 742
1549 37223 742
37223 39724 742
39724 10671 742
10671 15525 742
15525 37779 742
37779 32478 742
32478 11487 742
11487 4252 742
4252 30661 742
30661 27396 742
27396 26920 742
26920 27389 742
27389 20456 742
20456 3800 742
3800 20635 742
20635 29731 742
29731 2383 742
2383 994 742
994 18519 742
18519 34935 742
34935 20949 742
20949 38684 742
38684 35024 742
35024 20249 742
20249 17769 742
17769 21280 742
21280 21790 742
7458 22978 743
22978 22612 743
22612 2575 743
2575 39712 743
39712 26102 743
26102 27604 743
27604 16237 743
16237 8720 743
8720 13870 743
13870 23687 743
23687 7695 743
7695 31597 743
31597 29294 743
29294 12400 743
12400 1598 743
1598 4089 743
4089 31177 743
31177 35765 743
35765 15222 743
15222 415 743
415 32612 743
32612 24934 743
24934 12363 743
12363 6927 743
6927 26023 743
26023 23074 743
23074 19614 743
19614 19754 743
19754 34848 743
34848 30760 743
30760 14942 743
14942 29160 743
29160 35774 743
35774 14044 743
14044 39134 743
39134 24784 743
24784 2209 743
2209 36601 743
36601 19401 743
19401 35739 743
2405 4970 744
4970 2707 744
2707 23263 744
23263 39920 744
39920 28749 744
28749 20912 744
20912 16747 744
16747 5567 744
5567 36255 744
36255 24225 744
24225 9738 744
9738 31414 744
31414 2966 744
2966 38363 744
38363 7919 744
7919 36248 744
36248 37100 744
37100 9743 744
9743 36089 744
36089 9737 744
9737 26649 744
26649 13222 744
13222 13566 744
13566 13817 744
13817 29167 744
29167 5364 744
5364 30086 744
30086 31071 744
31071 26569 744
26569 4068 744
4068 2932 744
2932 32466 744
32466 16528 744
16528 32474 744
32474 19229 744
19229 23155 744
23155 35520 744
35520 19661 744
19661 40822 744
40822 23829 744
7883 18977 745
18977 40925 745
40925 20240 745
20240 5805 745
5805 25019 745
25019 28059 745
28059 4682 745
4682 5969 745
5969 35981 745
35981 16989 745
16989 36259 745
36259 17896 745
17896 2618 745
2618 4383 745
4383 16599 745
16599 12746 745
12746 16675 745
16675 37280 745
37280 14821 745
14821 38686 745
38686 25585 745
25585 39039 745
39039 28033 745
28033 24149 745
24149 33161 745
33161 15488 745
15488 29851 745
29851 30298 745
30298 18797 745
18797 10097 745
10097 34236 745
34236 35752 745
35752 734 745
734 36486 745
36486 28362 745
28362 12667 745
12667 13748 745
13748 38103 745
38103 30316 745
30316 7497 745
32206 23954 746
23954 5631 746
5631 28325 746
28325 24369 746
24369 25478 746
25478 18718 746
18718 37774 746
37774 34496 746
34496 4376 746
4376 40874 746
40874 8187 746
8187 87 746
87 24348 746
24348 37172 746
37172 12602 746
12602 32708 746
32708 286 746
286 30331 746
30331 32940 746
32940 8137 746
8137 16865 746
16865 29811 746
29811 39615 746
39615 23878 746
23878 36575 746
36575 6224 746
6224 16202 746
16202 16876 746
16876 23988 746
23988 23776 746
23776 10133 746
10133 5521 746
5521 273 746
273 37790 746
37790 15709 746
15709 4700 746
4700 10685 746
10685 37589 746
37589 21925 746
21925 1390 746
21115 6598 747
6598 30916 747
30916 12104 747
12104 4889 747
4889 32338 747
32338 24152 747
24152 22068 747
22068 2661 747
2661 26419 747
26419 34158 747
34158 11917 747
11917 15793 747
15793 32715 747
32715 6078 747
6078 5201 747
5201 40743 747
40743 33390 747
33390 24103 747
24103 39504 747
39504 10313 747
10313 2990 747
2990 40312 747
40312 38836 747
38836 2554 747
2554 15173 747
15173 38367 747
38367 22887 747
22887 20637 747
20637 33038 747
33038 26418 747
26418 3877 747
3877 4538 747
4538 9557 747
9557 7899 747
7899 9452 747
9452 7769 747
7769 31152 747
31152 26081 747
26081 15652 747
15652 4719 747
2629 15009 748
15009 29057 748
29057 14074 748
14074 18140 748
18140 26267 748
26267 14395 748
14395 14102 748
14102 28081 748
28081 12835 748
12835 8475 748
8475 3147 748
3147 35475 748
35475 2120 748
2120 35684 748
35684 25335 748
25335 3819 748
3819 2512 748
2512 20113 748
20113 8564 748
8564 23691 748
23691 28038 748
28038 16462 748
16462 26847 748
26847 9341 748
9341 33793 748
33793 18214 748
18214 12956 748
12956 27465 748
27465 33458 748
33458 38444 748
38444 2513 748
2513 31834 748
31834 26764 748
26764 18361 748
18361 11653 748
11653 22512 748
22512 15166 748
15166 34146 748
34146 6167 748
6167 36321 748
37281 2096 749
2096 4686 749
4686 38200 749
38200 20895 749
20895 31517 749
31517 15911 749
15911 33193 749
33193 33613 749
33613 11386 749
11386 14994 749
14994 2976 749
2976 36797 749
36797 32108 749
32108 1768 749
1768 33170 749
33170 30947 749
30947 9617 749
9617 8494 749
8494 6908 749
6908 24567 749
24567 25991 749
25991 11210 749
11210 5551 749
5551 19701 749
19701 23210 749
23210 36113 749
36113 39393 749
39393 10592 749
10592 27738 749
27738 35971 749
35971 19168 749
19168 65 749
65 39683 749
39683 1735 749
1735 38445 749
38445 20566 749
20566 39227 749
39227 13777 749
13777 9545 749
9545 28351 749
4714 12397 750
12397 23408 750
23408 12711 750
12711 5128 750
5128 33104 750
33104 37222 750
37222 18161 750
18161 13409 750
13409 4353 750
4353 24108 750
24108 24385 750
24385 17397 750
17397 13748 750
13748 10248 750
10248 27057 750
27057 10255 750
10255 28783 750
28783 978 750
978 21948 750
21948 8774 750
8774 19710 750
19710 4250 750
4250 25367 750
25367 20585 750
20585 6928 750
6928 40256 750
40256 37768 750
37768 18323 750
18323 7732 750
7732 19473 750
19473 40962 750
40962 9493 750
9493 38062 750
38062 23413 750
23413 13957 750
13957 35585 750
35585 17043 750
17043 24383 750
24383 3264 750
3264 4942 750
37929 35480 751
35480 39761 751
39761 12478 751
12478 31056 751
31056 7937 751
7937 15315 751
15315 27498 751
27498 26214 751
26214 7614 751
7614 13312 751
13312 33471 751
33471 34653 751
34653 14833 751
14833 6845 751
6845 15472 751
15472 12350 751
12350 25249 751
25249 12620 751
12620 22050 751
22050 20084 751
20084 17414 751
17414 12808 751
12808 32914 751
32914 15078 751
15078 31254 751
31254 9869 751
9869 26245 751
26245 3683 751
3683 38319 751
38319 34814 751
34814 2480 751
2480 1354 751
1354 20594 751
20594 15356 751
15356 18574 751
18574 29720 751
29720 12424 751
12424 10580 751
10580 21204 751
21204 8706 751
1434 24897 752
24897 4392 752
4392 32705 752
32705 11250 752
11250 3784 752
3784 3510 752
3510 22449 752
22449 22594 752
22594 20761 752
20761 22792 752
22792 36931 752
36931 5420 752
5420 28792 752
28792 23789 752
23789 13727 752
13727 1263 752
1263 17738 752
17738 14848 752
14848 21735 752
21735 23637 752
23637 32578 752
32578 14255 752
14255 13235 752
13235 32850 752
32850 37882 752
37882 16142 752
16142 13768 752
13768 26350 752
26350 29692 752
29692 21493 752
21493 12618 752
12618 37698 752
37698 2931 752
2931 10474 752
10474 22102 752
22102 286 752
286 17644 752
17644 31237 752
31237 3476 752
3476 39207 752
32866 34414 753
34414 1500 753
1500 12446 753
12446 23780 753
23780 32612 753
32612 4229 753
4229 28462 753
28462 6752 753
6752 29083 753
29083 86 753
86 19182 753
19182 40788 753
40788 2153 753
2153 31081 753
31081 28669 753
28669 35044 753
35044 16340 753
16340 5260 753
5260 14029 753
14029 13054 753
13054 14584 753
14584 12544 753
12544 39998 753
39998 27008 753
27008 36732 753
36732 10746 753
10746 31610 753
31610 35027 753
35027 26181 753
26181 14998 753
14998 18526 753
18526 24968 753
24968 28752 753
28752 34767 753
34767 30975 753
30975 1064 753
1064 12914 753
12914 12151 753
12151 525 753
525 26328 753
13996 2886 754
2886 35983 754
35983 38360 754
38360 12350 754
12350 11493 754
11493 37500 754
37500 18537 754
18537 38554 754
38554 35509 754
35509 28789 754
28789 24437 754
24437 7846 754
7846 26326 754
26326 11279 754
11279 2561 754
2561 23439 754
23439 11482 754
11482 28176 754
28176 38859 754
38859 927 754
927 4304 754
4304 30020 754
30020 8830 754
8830 8448 754
8448 18709 754
18709 1434 754
1434 31245 754
31245 10743 754
10743 33690 754
33690 13036 754
13036 349 754
349 8162 754
8162 34474 754
34474 31677 754
31677 7773 754
7773 5648 754
5648 8852 754
8852 20992 754
20992 35316 754
35316 37897 754
13091 37581 755
37581 27100 755
27100 22549 755
22549 17126 755
17126 35170 755
35170 1676 755
1676 28951 755
28951 30013 755
30013 24571 755
24571 31138 755
31138 9060 755
9060 21005 755
21005 14295 755
14295 40619 755
40619 36860 755
36860 33835 755
33835 39802 755
39802 7604 755
7604 28228 755
28228 39955 755
39955 40656 755
40656 6994 755
6994 23766 755
23766 13545 755
13545 3966 755
3966 544 755
544 37404 755
37404 29489 755
29489 32434 755
32434 25992 755
25992 14614 755
14614 39299 755
39299 5277 755
5277 5942 755
5942 33152 755
33152 23637 755
23637 8697 755
8697 26976 755
26976 10064 755
10064 32387 755
9461 17671 756
17671 32574 756
32574 8310 756
8310 20240 756
20240 34818 756
34818 24124 756
24124 20494 756
20494 24439 756
24439 38702 756
38702 13469 756
13469 19368 756
19368 26081 756
26081 19707 756
19707 21451 756
21451 34201 756
34201 21080 756
21080 1288 756
1288 33899 756
33899 25939 756
25939 5616 756
5616 6805 756
6805 20456 756
20456 13738 756
13738 20527 756
20527 10680 756
10680 11143 756
11143 30460 756
30460 36366 756
36366 4281 756
4281 39196 756
39196 11817 756
11817 38508 756
38508 38675 756
38675 670 756
670 422 756
422 17636 756
17636 18062 756
18062 40344 756
40344 17703 756
17703 33512 756
36644 13850 757
13850 9115 757
9115 40691 757
40691 1515 757
1515 848 757
848 21481 757
21481 11297 757
11297 12262 757
12262 20562 757
20562 25697 757
25697 34419 757
34419 33783 757
33783 36281 757
36281 32524 757
32524 36299 757
36299 13615 757
13615 5158 757
5158 33486 757
33486 21554 757
21554 24236 757
24236 6672 757
6672 15268 757
15268 26216 757
26216 13204 757
13204 1091 757
1091 25701 757
25701 29361 757
29361 537 757
537 13847 757
13847 14829 757
14829 21094 757
21094 24412 757
24412 37244 757
37244 25851 757
25851 111 757
111 4042 757
4042 2019 757
2019 18065 757
18065 39155 757
39155 38029 757
40181 30022 758
30022 9328 758
9328 39366 758
39366 29755 758
29755 25604 758
25604 13897 758
13897 39988 758
39988 3136 758
3136 6893 758
6893 1969 758
1969 13484 758
13484 26801 758
26801 13023 758
13023 33685 758
33685 18186 758
18186 34216 758
34216 28937 758
28937 31020 758
31020 32925 758
32925 9340 758
9340 23952 758
23952 18613 758
18613 26564 758
26564 19067 758
19067 4774 758
4774 7468 758
7468 24451 758
24451 11850 758
11850 10882 758
10882 23601 758
23601 24473 758
24473 379 758
379 24982 758
24982 8692 758
8692 4840 758
4840 29735 758
29735 15632 758
15632 32225 758
32225 31111 758
31111 19800 758
6798 36807 759
36807 22696 759
22696 6942 759
6942 6607 759
6607 24164 759
24164 1192 759
1192 5467 759
5467 16091 759
16091 18799 759
18799 28078 759
28078 9143 759
9143 34384 759
34384 14690 759
14690 1650 759
1650 22724 759
22724 3758 759
3758 8713 759
8713 32967 759
32967 5132 759
5132 25416 759
25416 26527 759
26527 40806 759
40806 40802 759
40802 38415 759
38415 7759 759
7759 15682 759
15682 40603 759
40603 25460 759
25460 15893 759
15893 32158 759
32158 25099 759
25099 40632 759
40632 36390 759
36390 37287 759
37287 17540 759
17540 4669 759
4669 31205 759
31205 30858 759
30858 32322 759
32322 13833 759
6405 12481 760
12481 3548 760
3548 14910 760
14910 21780 760
21780 26873 760
26873 17603 760
17603 20919 760
20919 10877 760
10877 29624 760
29624 8110 760
8110 10723 760
10723 25788 760
25788 18300 760
18300 17838 760
17838 9500 760
9500 12928 760
12928 25408 760
25408 37854 760
37854 2632 760
2632 17600 760
17600 11336 760
11336 1215 760
1215 23877 760
23877 21789 760
21789 28746 760
28746 31763 760
31763 10288 760
10288 10645 760
10645 9626 760
9626 17192 760
17192 32775 760
32775 4641 760
4641 23143 760
23143 19934 760
19934 34075 760
34075 14424 760
14424 26366 760
26366 16326 760
16326 6545 760
6545 37321 760
39942 31813 761
31813 26603 761
26603 24673 761
24673 11347 761
11347 19566 761
19566 26589 761
26589 8229 761
8229 17386 761
17386 20514 761
20514 5594 761
5594 2588 761
2588 4862 761
4862 39515 761
39515 15573 761
15573 27733 761
27733 32419 761
32419 6672 761
6672 31461 761
31461 40352 761
40352 12672 761
12672 10520 761
10520 37278 761
37278 34033 761
34033 23430 761
23430 292 761
292 6917 761
6917 9477 761
9477 9119 761
9119 11434 761
11434 24448 761
24448 30801 761
30801 10351 761
10351 24998 761
24998 33171 761
33171 38128 761
38128 30239 761
30239 22979 761
22979 2374 761
2374 35587 761
35587 15788 761
24383 4328 762
4328 39509 762
39509 10372 762
10372 39328 762
39328 8397 762
8397 23841 762
23841 8760 762
8760 613 762
613 40357 762
40357 31817 762
31817 8677 762
8677 49 762
49 2259 762
2259 8439 762
8439 19324 762
19324 11281 762
11281 16872 762
16872 36429 762
36429 1824 762
1824 34937 762
34937 30473 762
30473 12089 762
12089 36240 762
36240 15100 762
15100 25496 762
25496 28996 762
28996 29149 762
29149 39251 762
39251 24041 762
24041 8216 762
8216 4275 762
4275 906 762
906 25590 762
25590 17159 762
17159 11206 762
11206 25740 762
25740 26618 762
26618 1436 762
1436 1478 762
1478 20434 762
4343 6303 763
6303 32464 763
32464 34168 763
34168 11411 763
11411 28688 763
28688 1861 763
1861 30876 763
30876 11693 763
11693 26995 763
26995 6624 763
6624 584 763
584 25513 763
25513 6974 763
6974 29584 763
29584 36742 763
36742 20979 763
20979 38120 763
38120 3613 763
3613 36967 763
36967 17398 763
17398 17188 763
17188 27668 763
27668 14077 763
14077 27273 763
27273 18385 763
18385 23755 763
23755 30885 763
30885 25136 763
25136 23108 763
23108 16209 763
16209 28159 763
28159 1049 763
1049 39975 763
39975 1571 763
1571 35450 763
35450 33222 763
33222 1183 763
1183 22972 763
22972 30443 763
30443 5590 763
25324 4496 764
4496 32763 764
32763 33312 764
33312 16406 764
16406 13192 764
13192 34883 764
34883 39543 764
39543 6455 764
6455 22282 764
22282 36907 764
36907 16251 764
16251 37705 764
37705 1162 764
1162 37177 764
37177 19299 764
19299 3964 764
3964 39190 764
39190 9754 764
9754 26925 764
26925 12521 764
12521 1504 764
1504 40209 764
40209 10268 764
10268 28277 764
28277 38381 764
38381 33500 764
33500 5068 764
5068 21590 764
21590 18080 764
18080 6643 764
6643 24384 764
24384 32874 764
32874 25493 764
25493 33557 764
33557 37174 764
37174 7028 764
7028 1186 764
1186 3887 764
3887 20195 764
20195 19497 764
33105 31706 765
31706 23432 765
23432 28957 765
28957 13644 765
13644 25252 765
25252 28382 765
28382 28510 765
28510 10216 765
10216 10184 765
10184 18286 765
18286 5924 765
5924 31621 765
31621 17747 765
17747 25757 765
25757 35443 765
35443 39801 765
39801 5145 765
5145 27694 765
27694 2308 765
2308 15758 765
15758 23717 765
23717 23927 765
23927 37520 765
37520 12875 765
12875 16355 765
16355 467 765
467 17294 765
17294 7082 765
7082 2619 765
2619 40868 765
40868 18739 765
18739 2671 765
2671 28859 765
28859 32825 765
32825 35214 765
35214 25935 765
25935 12345 765
12345 3155 765
3155 28358 765
28358 31680 765
15580 18542 766
18542 28402 766
28402 32155 766
32155 4442 766
4442 1190 766
1190 33096 766
33096 26515 766
26515 13426 766
13426 12064 766
12064 32550 766
32550 28761 766
28761 5382 766
5382 15944 766
15944 18726 766
18726 23378 766
23378 32191 766
32191 20970 766
20970 24539 766
24539 38950 766
38950 9696 766
9696 8373 766
8373 19894 766
19894 14502 766
14502 31417 766
31417 36490 766
36490 32686 766
32686 14035 766
14035 24945 766
24945 16737 766
16737 36430 766
36430 33501 766
33501 25242 766
25242 8602 766
8602 23580 766
23580 31605 766
31605 14172 766
14172 10652 766
10652 38099 766
38099 30790 766
30790 25402 766
14744 23860 767
23860 9799 767
9799 9529 767
9529 17866 767
17866 5079 767
5079 26050 767
26050 11668 767
11668 10511 767
10511 18509 767
18509 13006 767
13006 33230 767
33230 23857 767
23857 37064 767
37064 15164 767
15164 20783 767
20783 15409 767
15409 22162 767
22162 19664 767
19664 40891 767
40891 28148 767
28148 35429 767
35429 4417 767
4417 37570 767
37570 34361 767
34361 39530 767
39530 5204 767
5204 3920 767
3920 20521 767
20521 12830 767
12830 9985 767
9985 17770 767
17770 10249 767
10249 9802 767
9802 9763 767
9763 1573 767
1573 28341 767
28341 37738 767
37738 25564 767
25564 33835 767
33835 14316 767
22963 25632 768
25632 39203 768
39203 20031 768
20031 37469 768
37469 31164 768
31164 30806 768
30806 30656 768
30656 5697 768
5697 16856 768
16856 21472 768
21472 8575 768
8575 2750 768
2750 26069 768
26069 8475 768
8475 40817 768
40817 13516 768
13516 16242 768
16242 30681 768
30681 20588 768
20588 38512 768
38512 39017 768
39017 21175 768
21175 40624 768
40624 28256 768
28256 28748 768
28748 40505 768
40505 34809 768
34809 883 768
883 10716 768
10716 10559 768
10559 23836 768
23836 36831 768
36831 22052 768
22052 37309 768
37309 35948 768
35948 7676 768
7676 11025 768
11025 21862 768
21862 24311 768
24311 39508 768
2391 5430 769
5430 16566 769
16566 9318 769
9318 1396 769
1396 32953 769
32953 13106 769
13106 39240 769
39240 17230 769
17230 36425 769
36425 12400 769
12400 22670 769
22670 33396 769
33396 6819 769
6819 10048 769
10048 29960 769
29960 31827 769
31827 158 769
158 27335 769
27335 24296 769
24296 22883 769
22883 23041 769
23041 19151 769
19151 15434 769
15434 31430 769
31430 15259 769
15259 40467 769
40467 8628 769
8628 31071 769
31071 386 769
386 17528 769
17528 35174 769
35174 12051 769
12051 17145 769
17145 470 769
470 16852 769
16852 38019 769
38019 37228 769
37228 13224 769
13224 11419 769
11419 14192 769
17746 27572 770
27572 40408 770
40408 23181 770
23181 25963 770
25963 28351 770
28351 33493 770
33493 20190 770
20190 14999 770
14999 23947 770
23947 14852 770
14852 37267 770
37267 24629 770
24629 31536 770
31536 38987 770
38987 24711 770
24711 28730 770
28730 20016 770
20016 16402 770
16402 40066 770
40066 33337 770
33337 33861 770
33861 20845 770
20845 24061 770
24061 7841 770
7841 31133 770
31133 9797 770
9797 38574 770
38574 19127 770
19127 530 770
530 16270 770
16270 20041 770
20041 7564 770
7564 40999 770
40999 11992 770
11992 18463 770
18463 17525 770
17525 26857 770
26857 15837 770
15837 24312 770
24312 29703 770
6314 25730 771
25730 16965 771
16965 8519 771
8519 11152 771
11152 7891 771
7891 17612 771
17612 22120 771
22120 27454 771
27454 18676 771
18676 17260 771
17260 32938 771
32938 2298 771
2298 15077 771
15077 31644 771
31644 11913 771
11913 22337 771
22337 27773 771
27773 12859 771
12859 16060 771
16060 11436 771
11436 21479 771
21479 19469 771
19469 18598 771
18598 36448 771
36448 29537 771
29537 10978 771
10978 2223 771
2223 17991 771
17991 21204 771
21204 13036 771
13036 37330 771
37330 24825 771
24825 19868 771
19868 23900 771
23900 29122 771
29122 12608 771
12608 6991 771
6991 40169 771
40169 26292 771
26292 27409 771
15845 20323 772
20323 23123 772
23123 9425 772
9425 2501 772
2501 11144 772
11144 32825 772
32825 20509 772
20509 2452 772
2452 15638 772
15638 9316 772
9316 26366 772
26366 33779 772
33779 25234 772
25234 40367 772
40367 1483 772
1483 14187 772
14187 7895 772
7895 7307 772
7307 16718 772
16718 25984 772
25984 16004 772
16004 34860 772
34860 40394 772
40394 9398 772
9398 20206 772
20206 6787 772
6787 13867 772
13867 21553 772
21553 2881 772
2881 25342 772
25342 2328 772
2328 20280 772
20280 33813 772
33813 38238 772
38238 13273 772
13273 30981 772
30981 12234 772
12234 40845 772
40845 9920 772
9920 23800 772
26873 29407 773
29407 445 773
445 429 773
429 40478 773
40478 36164 773
36164 1448 773
1448 20430 773
20430 28539 773
28539 7064 773
7064 23184 773
23184 11631 773
11631 7737 773
7737 15964 773
15964 17626 773
17626 35891 773
35891 27230 773
27230 27991 773
27991 20187 773
20187 40716 773
40716 4266 773
4266 10709 773
10709 9099 773
9099 38800 773
38800 31407 773
31407 5326 773
5326 40270 773
40270 18290 773
18290 39044 773
39044 3926 773
3926 31908 773
31908 18150 773
18150 13640 773
13640 31798 773
31798 3801 773
3801 386 773
386 24968 773
24968 8547 773
8547 11513 773
11513 34215 773
34215 11320 773
31960 22392 774
22392 14078 774
14078 2901 774
2901 17280 774
17280 29891 774
29891 15360 774
15360 26815 774
26815 40073 774
40073 10901 774
10901 111 774
111 6940 774
6940 29588 774
29588 28608 774
28608 632 774
632 36878 774
36878 7044 774
7044 19618 774
19618 40685 774
40685 3090 774
3090 27271 774
27271 21727 774
21727 30015 774
30015 7280 774
7280 5560 774
5560 33980 774
33980 10081 774
10081 16703 774
16703 26427 774
26427 27281 774
27281 33355 774
33355 12210 774
12210 33349 774
33349 30159 774
30159 31081 774
31081 35310 774
35310 27618 774
27618 9515 774
9515 11862 774
11862 26601 774
26601 24947 774
1646 20028 775
20028 9774 775
9774 22348 775
22348 12210 775
12210 4118 775
4118 19756 775
19756 4888 775
4888 20640 775
20640 20277 775
20277 23231 775
23231 5054 775
5054 30301 775
30301 24716 775
24716 13615 775
13615 34638 775
34638 13101 775
13101 12479 775
12479 14291 775
14291 27336 775
27336 12128 775
12128 22011 775
22011 10987 775
10987 18434 775
18434 35697 775
35697 18760 775
18760 352 775
352 40574 775
40574 40710 775
40710 38704 775
38704 3687 775
3687 39767 775
39767 33019 775
33019 33978 775
33978 10520 775
10520 35367 775
35367 30887 775
30887 8456 775
8456 27408 775
27408 15005 775
15005 25767 775
4205 20211 776
20211 8247 776
8247 32156 776
32156 8144 776
8144 11883 776
11883 13031 776
13031 30540 776
30540 8480 776
8480 22906 776
22906 35037 776
35037 10015 776
10015 7507 776
7507 31467 776
31467 32642 776
32642 29879 776
29879 32203 776
32203 38530 776
38530 40177 776
40177 6897 776
6897 24440 776
24440 24449 776
24449 26400 776
26400 5751 776
5751 21506 776
21506 182 776
182 31978 776
31978 19693 776
19693 38035 776
38035 39525 776
39525 34170 776
34170 24939 776
24939 9590 776
9590 13490 776
13490 21396 776
21396 33980 776
33980 39734 776
39734 26759 776
26759 38848 776
38848 37675 776
37675 17298 776
22431 32705 777
32705 16116 777
16116 26122 777
26122 4269 777
4269 10277 777
10277 14313 777
14313 6256 777
6256 18580 777
18580 23089 777
23089 11154 777
11154 8754 777
8754 7608 777
7608 1744 777
1744 1783 777
1783 39995 777
39995 547 777
547 40873 777
40873 17793 777
17793 23819 777
23819 30866 777
30866 24004 777
24004 13775 777
13775 36629 777
36629 28587 777
28587 31162 777
31162 18061 777
18061 24505 777
24505 9206 777
9206 3559 777
3559 10910 777
10910 23775 777
23775 22201 777
22201 14657 777
14657 23637 777
23637 10894 777
10894 22518 777
22518 25833 777
25833 15337 777
15337 24915 777
24915 33683 777
9751 28186 778
28186 37687 778
37687 8359 778
8359 33045 778
33045 34353 778
34353 4406 778
4406 36787 778
36787 18033 778
18033 39152 778
39152 30565 778
30565 19326 778
19326 28170 778
28170 19636 778
19636 8599 778
8599 1955 778
1955 23036 778
23036 8407 778
8407 38476 778
38476 36383 778
36383 40731 778
40731 1175 778
1175 13840 778
13840 28303 778
28303 3196 778
3196 18119 778
18119 33580 778
33580 40050 778
40050 26 778
26 20358 778
20358 12253 778
12253 9718 778
9718 13034 778
13034 27052 778
27052 32621 778
32621 1314 778
1314 25418 778
25418 31879 778
31879 7906 778
7906 6691 778
6691 3516 778
13630 40731 779
40731 25525 779
25525 5631 779
5631 23799 779
23799 29675 779
29675 7772 779
7772 10711 779
10711 4157 779
4157 8277 779
8277 33043 779
33043 4504 779
4504 30425 779
30425 39564 779
39564 38031 779
38031 3402 779
3402 7024 779
7024 12760 779
12760 36033 779
36033 24601 779
24601 31668 779
31668 33671 779
33671 39248 779
39248 3262 779
3262 19376 779
19376 21078 779
21078 10618 779
10618 18519 779
18519 30894 779
30894 24351 779
24351 35728 779
35728 6184 779
6184 13512 779
13512 4036 779
4036 26966 779
26966 32943 779
32943 10083 779
10083 10178 779
10178 9866 779
9866 6055 779
6055 4227 779
38853 20765 780
20765 28415 780
28415 24302 780
24302 15022 780
15022 29019 780
29019 19053 780
19053 2705 780
2705 24478 780
24478 34544 780
34544 39442 780
39442 8747 780
8747 34040 780
34040 21822 780
21822 18709 780
18709 8441 780
8441 15678 780
15678 38782 780
38782 34294 780
34294 17542 780
17542 25195 780
25195 19347 780
19347 40723 780
40723 29104 780
29104 5586 780
5586 3921 780
3921 29379 780
29379 384 780
384 38080 780
38080 10672 780
10672 31838 780
31838 29833 780
29833 29161 780
29161 6385 780
6385 16256 780
16256 39139 780
39139 38525 780
38525 30915 780
30915 36896 780
36896 31037 780
31037 22385 780
23770 35788 781
35788 13191 781
13191 15280 781
15280 21205 781
21205 20679 781
20679 9129 781
9129 33936 781
33936 6752 781
6752 15314 781
15314 259 781
259 13259 781
13259 11482 781
11482 37601 781
37601 12008 781
12008 18854 781
18854 27037 781
27037 32686 781
32686 25030 781
25030 6459 781
6459 8638 781
8638 21863 781
21863 12680 781
12680 14733 781
14733 24739 781
24739 9103 781
9103 26360 781
26360 38513 781
38513 10936 781
10936 10798 781
10798 11496 781
11496 10123 781
10123 3426 781
3426 26346 781
26346 3779 781
3779 14250 781
14250 2145 781
2145 28941 781
28941 31423 781
31423 27385 781
27385 11157 781
13555 34294 782
34294 19287 782
19287 14797 782
14797 19676 782
19676 24128 782
24128 10747 782
10747 8959 782
8959 26631 782
26631 36334 782
36334 24817 782
24817 11109 782
11109 9581 782
9581 16493 782
16493 38061 782
38061 5814 782
5814 22634 782
22634 380 782
380 31302 782
31302 39692 782
39692 14589 782
14589 9572 782
9572 26975 782
26975 4267 782
4267 14368 782
14368 35365 782
35365 28327 782
28327 6445 782
6445 13199 782
13199 11531 782
11531 6005 782
6005 27802 782
27802 6864 782
6864 17526 782
17526 35790 782
35790 13541 782
13541 13962 782
13962 22452 782
22452 34745 782
34745 30834 782
30834 11372 782
39738 4368 783
4368 17144 783
17144 29436 783
29436 20274 783
20274 12533 783
12533 9483 783
9483 15051 783
15051 16860 783
16860 28776 783
28776 16254 783
16254 391 783
391 29169 783
29169 16754 783
16754 2107 783
2107 30952 783
30952 20493 783
20493 3615 783
3615 10356 783
10356 3679 783
3679 13140 783
13140 29353 783
29353 19761 783
19761 17854 783
17854 21508 783
21508 35920 783
35920 24420 783
24420 23419 783
23419 24274 783
24274 26078 783
26078 17813 783
17813 21490 783
21490 5183 783
5183 18420 783
18420 34413 783
34413 38423 783
38423 17137 783
17137 32469 783
32469 31900 783
31900 12740 783
12740 27426 783
12019 39180 784
39180 31891 784
31891 12979 784
12979 2596 784
2596 16152 784
16152 34942 784
34942 27305 784
27305 33217 784
33217 37045 784
37045 18655 784
18655 21543 784
21543 6034 784
6034 3275 784
3275 21185 784
21185 30530 784
30530 16009 784
16009 17198 784
17198 31670 784
31670 36896 784
36896 24359 784
24359 30837 784
30837 9376 784
9376 31095 784
31095 28978 784
28978 19851 784
19851 32800 784
32800 14192 784
14192 16699 784
16699 19374 784
19374 28143 784
28143 21673 784
21673 17341 784
17341 5380 784
5380 23531 784
23531 40187 784
40187 29426 784
29426 927 784
927 5082 784
5082 11810 784
11810 36832 784
6224 26320 785
26320 20817 785
20817 24096 785
24096 6313 785
6313 27335 785
27335 38038 785
38038 39622 785
39622 25634 785
25634 21311 785
21311 35664 785
35664 38365 785
38365 17643 785
17643 27710 785
27710 6890 785
6890 21279 785
21279 33743 785
33743 3826 785
3826 32603 785
32603 15422 785
15422 13998 785
13998 14417 785
14417 16432 785
16432 16033 785
16033 3334 785
3334 20691 785
20691 11909 785
11909 22248 785
22248 22230 785
22230 33918 785
33918 26334 785
26334 6333 785
6333 18776 785
18776 36352 785
36352 18135 785
18135 14359 785
14359 28621 785
28621 26826 785
26826 6533 785
6533 12276 785
12276 34779 785
3642 21240 786
21240 16794 786
16794 18974 786
18974 24567 786
24567 32926 786
32926 21345 786
21345 35596 786
35596 32491 786
32491 31721 786
31721 9393 786
9393 616 786
616 6160 786
6160 78 786
78 34741 786
34741 1346 786
1346 4201 786
4201 39082 786
39082 20930 786
20930 14995 786
14995 24151 786
24151 34591 786
34591 4835 786
4835 7754 786
7754 3812 786
3812 5568 786
5568 3506 786
3506 37763 786
37763 15548 786
15548 5946 786
5946 35018 786
35018 6851 786
6851 6932 786
6932 4105 786
4105 34428 786
34428 31926 786
31926 26830 786
26830 2594 786
2594 36120 786
36120 36794 786
36794 40339 786
16684 12653 787
12653 31074 787
31074 22868 787
22868 1522 787
1522 13337 787
13337 782 787
782 24943 787
24943 13027 787
13027 26587 787
26587 33392 787
33392 31721 787
31721 40399 787
40399 19202 787
19202 7051 787
7051 13219 787
13219 28632 787
28632 21148 787
21148 38140 787
38140 31295 787
31295 24800 787
24800 11162 787
11162 25997 787
25997 34212 787
34212 7979 787
7979 39107 787
39107 18618 787
18618 11615 787
11615 17972 787
17972 8955 787
8955 27571 787
27571 17475 787
17475 12754 787
12754 21850 787
21850 30794 787
30794 3206 787
3206 2577 787
2577 13541 787
13541 37623 787
37623 35301 787
35301 14537 787
13929 24154 788
24154 11034 788
11034 19774 788
19774 16428 788
16428 16958 788
16958 16257 788
16257 8691 788
8691 19174 788
19174 9137 788
9137 21843 788
21843 3581 788
3581 28473 788
28473 20680 788
20680 13172 788
13172 667 788
667 4587 788
4587 11371 788
11371 39421 788
39421 36964 788
36964 22814 788
22814 11196 788
11196 32072 788
32072 31470 788
31470 894 788
894 12472 788
12472 15947 788
15947 11197 788
11197 10932 788
10932 1011 788
1011 12627 788
12627 4417 788
4417 2215 788
2215 40619 788
40619 31259 788
31259 20807 788
20807 32283 788
32283 2485 788
2485 5937 788
5937 7669 788
7669 33033 788
16158 26256 789
26256 12288 789
12288 9532 789
9532 8888 789
8888 13096 789
13096 32549 789
32549 10933 789
10933 36239 789
36239 2131 789
2131 97 789
97 24875 789
24875 22595 789
22595 4292 789
4292 2734 789
2734 37290 789
37290 32682 789
32682 3155 789
3155 3126 789
3126 31321 789
31321 17822 789
17822 5982 789
5982 31073 789
31073 6170 789
6170 33448 789
33448 37387 789
37387 18098 789
18098 10858 789
10858 28967 789
28967 38639 789
38639 23832 789
23832 17261 789
17261 37947 789
37947 38381 789
38381 26030 789
26030 8532 789
8532 38746 789
38746 16512 789
16512 11750 789
11750 13824 789
13824 12759 789
31487 13668 790
13668 35827 790
35827 11531 790
11531 3389 790
3389 9899 790
9899 9008 790
9008 1216 790
1216 1242 790
1242 26355 790
26355 19469 790
19469 24850 790
24850 20195 790
20195 17283 790
17283 28128 790
28128 29719 790
29719 32899 790
32899 21250 790
21250 9829 790
9829 2338 790
2338 17416 790
17416 17435 790
17435 24684 790
24684 19864 790
19864 19771 790
19771 21328 790
21328 34530 790
34530 28079 790
28079 7104 790
7104 24268 790
24268 37236 790
37236 20724 790
20724 27867 790
27867 32592 790
32592 30508 790
30508 34694 790
34694 8100 790
8100 35856 790
35856 36976 790
36976 21469 790
21469 15437 790
36568 19846 791
19846 29725 791
29725 2612 791
2612 32206 791
32206 16978 791
16978 25590 791
25590 15122 791
15122 88 791
88 39531 791
39531 18098 791
18098 14000 791
14000 25346 791
25346 5241 791
5241 6705 791
6705 39871 791
39871 6333 791
6333 18718 791
18718 4748 791
4748 7781 791
7781 8778 791
8778 8933 791
8933 31091 791
31091 11094 791
11094 12773 791
12773 1106 791
1106 32363 791
32363 28042 791
28042 20958 791
20958 3567 791
3567 28467 791
28467 29013 791
29013 39831 791
39831 8943 791
8943 38208 791
38208 22633 791
22633 38682 791
38682 25998 791
25998 27955 791
27955 31872 791
31872 8636 791
24478 15881 792
15881 40125 792
40125 11345 792
11345 1373 792
1373 11873 792
11873 29299 792
29299 33042 792
33042 18664 792
18664 32325 792
32325 5394 792
5394 28070 792
28070 14913 792
14913 8090 792
8090 28685 792
28685 11803 792
11803 7695 792
7695 310 792
310 28064 792
28064 16898 792
16898 4832 792
4832 7213 792
7213 17212 792
17212 39013 792
39013 17899 792
17899 22220 792
22220 33143 792
33143 9382 792
9382 10575 792
10575 36096 792
36096 26546 792
26546 29899 792
29899 14651 792
14651 6632 792
6632 733 792
733 37870 792
37870 4318 792
4318 13770 792
13770 31015 792
31015 22085 792
22085 3344 792
10439 6399 793
6399 1973 793
1973 20242 793
20242 20425 793
20425 11380 793
11380 40468 793
40468 34814 793
34814 1532 793
1532 33251 793
33251 16992 793
16992 2821 793
2821 33983 793
33983 33000 793
33000 31385 793
31385 25897 793
25897 29542 793
29542 15839 793
15839 13668 793
13668 20134 793
20134 33163 793
33163 7683 793
7683 34981 793
34981 25777 793
25777 15049 793
15049 16368 793
16368 3663 793
3663 26152 793
26152 38191 793
38191 29398 793
29398 10462 793
10462 29057 793
29057 3015 793
3015 25358 793
25358 6250 793
6250 32714 793
32714 27949 793
27949 31887 793
31887 25556 793
25556 15401 793
15401 14942 793
31806 34241 794
34241 25025 794
25025 8797 794
8797 7206 794
7206 37591 794
37591 2457 794
2457 11305 794
11305 26759 794
26759 32143 794
32143 18271 794
18271 11626 794
11626 14729 794
14729 6285 794
6285 33013 794
33013 30683 794
30683 36756 794
36756 38539 794
38539 5546 794
5546 18608 794
18608 23727 794
23727 14929 794
14929 29285 794
29285 13458 794
13458 26512 794
26512 7924 794
7924 36785 794
36785 17972 794
17972 13779 794
13779 12195 794
12195 11031 794
11031 32467 794
32467 706 794
706 31200 794
31200 7620 794
7620 2105 794
2105 23254 794
23254 13261 794
13261 34103 794
34103 35406 794
35406 1277 794
9418 14426 795
14426 13488 795
13488 7458 795
7458 40591 795
40591 23564 795
23564 15908 795
15908 11955 795
11955 19760 795
19760 23332 795
23332 30693 795
30693 5757 795
5757 26179 795
26179 22584 795
22584 34508 795
34508 3341 795
3341 20337 795
20337 21161 795
21161 21015 795
21015 20507 795
20507 18867 795
18867 37666 795
37666 17151 795
17151 25581 795
25581 9591 795
9591 37687 795
37687 2204 795
2204 5084 795
5084 28529 795
28529 14157 795
14157 19825 795
19825 30417 795
30417 40053 795
40053 16791 795
16791 18996 795
18996 163 795
163 16656 795
16656 27753 795
27753 20920 795
20920 37369 795
37369 31886 795
4602 6082 796
6082 6551 796
6551 28153 796
28153 33050 796
33050 590 796
590 5653 796
5653 29865 796
29865 22273 796
22273 3526 796
3526 755 796
755 28479 796
28479 11511 796
11511 18203 796
18203 38358 796
38358 3494 796
3494 7856 796
7856 9577 796
9577 6313 796
6313 33069 796
33069 14796 796
14796 20371 796
20371 15940 796
15940 2715 796
2715 31361 796
31361 8471 796
8471 18112 796
18112 18642 796
18642 21222 796
21222 3407 796
3407 17939 796
17939 7027 796
7027 33677 796
33677 35423 796
35423 21025 796
21025 28041 796
28041 12198 796
12198 15723 796
15723 22492 796
22492 7516 796
7516 19227 796
28359 1236 797
1236 5341 797
5341 11617 797
11617 10006 797
10006 6114 797
6114 31325 797
31325 37617 797
37617 29844 797
29844 30507 797
30507 33810 797
33810 11934 797
11934 37158 797
37158 16901 797
16901 19763 797
19763 29381 797
29381 30326 797
30326 33581 797
33581 10161 797
10161 15966 797
15966 32195 797
32195 39198 797
39198 11254 797
11254 22137 797
22137 11262 797
11262 23114 797
23114 40538 797
40538 13834 797
13834 14958 797
14958 9736 797
9736 32883 797
32883 12064 797
12064 15844 797
15844 1770 797
1770 5023 797
5023 17943 797
17943 5733 797
5733 11056 797
11056 9484 797
9484 17195 797
17195 36061 797
21388 8624 798
8624 3845 798
3845 40549 798
40549 21156 798
21156 40003 798
40003 36778 798
36778 5514 798
5514 30937 798
30937 27828 798
27828 17277 798
17277 12078 798
12078 36992 798
36992 24908 798
24908 28577 798
28577 10840 798
10840 34720 798
34720 14724 798
14724 34252 798
34252 13543 798
13543 2738 798
2738 37513 798
37513 7558 798
7558 18605 798
18605 2487 798
2487 31370 798
31370 35571 798
35571 40761 798
40761 40678 798
40678 1228 798
1228 2376 798
2376 36000 798
36000 39164 798
39164 15569 798
15569 5540 798
5540 35976 798
35976 27191 798
27191 34934 798
34934 13929 798
13929 26178 798
26178 27617 798
19933 22036 799
22036 20540 799
20540 14416 799
14416 11123 799
11123 33071 799
33071 14626 799
14626 9305 799
9305 31383 799
31383 26066 799
26066 13208 799
13208 1515 799
1515 7992 799
7992 11056 799
11056 34577 799
34577 16458 799
16458 36390 799
36390 12702 799
12702 37667 799
37667 15622 799
15622 26410 799
26410 33464 799
33464 23789 799
23789 11081 799
11081 36312 799
36312 36045 799
36045 29956 799
29956 6511 799
6511 28781 799
28781 158 799
158 36191 799
36191 8451 799
8451 35320 799
35320 39139 799
39139 16251 799
16251 26815 799
26815 1829 799
1829 31304 799
31304 32158 799
32158 21068 799
21068 20229 799
18898 18718 800
18718 23415 800
23415 26834 800
26834 12304 800
12304 25628 800
25628 1085 800
1085 7080 800
7080 20241 800
20241 24906 800
24906 37005 800
37005 22821 800
22821 12144 800
12144 30803 800
30803 33294 800
33294 11052 800
11052 21300 800
21300 11974 800
11974 39059 800
39059 35272 800
35272 21095 800
21095 39454 800
39454 20790 800
20790 29818 800
29818 21314 800
21314 8364 800
8364 35023 800
35023 38633 800
38633 7773 800
7773 11249 800
11249 39895 800
39895 28108 800
28108 3260 800
3260 23385 800
23385 21164 800
21164 28073 800
28073 18710 800
18710 3675 800
3675 37922 800
37922 33995 800
33995 29989 800
11629 1270 801
1270 22081 801
22081 10351 801
10351 9864 801
9864 7419 801
7419 5415 801
5415 20341 801
20341 36241 801
36241 26724 801
26724 24627 801
24627 19896 801
19896 1853 801
1853 24832 801
24832 13104 801
13104 9244 801
9244 4549 801
4549 12400 801
12400 35301 801
35301 11914 801
11914 34560 801
34560 13993 801
13993 33726 801
33726 20922 801
20922 34678 801
34678 22605 801
22605 15057 801
15057 14459 801
14459 29800 801
29800 35156 801
35156 24920 801
24920 5926 801
5926 23450 801
23450 16673 801
16673 22923 801
22923 8301 801
8301 36962 801
36962 16428 801
16428 30383 801
30383 38697 801
38697 35491 801
29747 35386 802
35386 30422 802
30422 37585 802
37585 37387 802
37387 40576 802
40576 36993 802
36993 22271 802
22271 37644 802
37644 12317 802
12317 7763 802
7763 38496 802
38496 4633 802
4633 1255 802
1255 25329 802
25329 16493 802
16493 33390 802
33390 26252 802
26252 17786 802
17786 9727 802
9727 29714 802
29714 11079 802
11079 33229 802
33229 24256 802
24256 30324 802
30324 21732 802
21732 31923 802
31923 3475 802
3475 39067 802
39067 31127 802
31127 17328 802
17328 4926 802
4926 16516 802
16516 1270 802
1270 12440 802
12440 7835 802
7835 24010 802
24010 19738 802
19738 24956 802
24956 9582 802
9582 10232 802
40624 7369 803
7369 26330 803
26330 35015 803
35015 29181 803
29181 1393 803
1393 36346 803
36346 4991 803
4991 20611 803
20611 798 803
798 20017 803
20017 19395 803
19395 6182 803
6182 9906 803
9906 15802 803
15802 9428 803
9428 6958 803
6958 29683 803
29683 2512 803
2512 2052 803
2052 36399 803
36399 36726 803
36726 26527 803
26527 24452 803
24452 34267 803
34267 40698 803
40698 17984 803
17984 10100 803
10100 7463 803
7463 1889 803
1889 32061 803
32061 25376 803
25376 13310 803
13310 23564 803
23564 11904 803
11904 22119 803
22119 3744 803
3744 12392 803
12392 12021 803
12021 39696 803
39696 5173 803
14435 7558 804
7558 10541 804
10541 26941 804
26941 39576 804
39576 26170 804
26170 36620 804
36620 576 804
576 16417 804
16417 37678 804
37678 8900 804
8900 34420 804
34420 23932 804
23932 2506 804
2506 27950 804
27950 22473 804
22473 33156 804
33156 36151 804
36151 17162 804
17162 33498 804
33498 16007 804
16007 33396 804
33396 28811 804
28811 14543 804
14543 13766 804
13766 34597 804
34597 10574 804
10574 18227 804
18227 5880 804
5880 26384 804
26384 6556 804
6556 19737 804
19737 21959 804
21959 9254 804
9254 35365 804
35365 19470 804
19470 25658 804
25658 1333 804
1333 3312 804
3312 29873 804
29873 25549 804
36615 36698 805
36698 6869 805
6869 39316 805
39316 30021 805
30021 39518 805
39518 14683 805
14683 14567 805
14567 1087 805
1087 27634 805
27634 13832 805
13832 8106 805
8106 22736 805
22736 39680 805
39680 31970 805
31970 30596 805
30596 26606 805
26606 26455 805
26455 23405 805
23405 23773 805
23773 33180 805
33180 30981 805
30981 31113 805
31113 7734 805
7734 4791 805
4791 15701 805
15701 13969 805
13969 4046 805
4046 33801 805
33801 32061 805
32061 38026 805
38026 23441 805
23441 10467 805
10467 5538 805
5538 6712 805
6712 17971 805
17971 2382 805
2382 16999 805
16999 27765 805
27765 25393 805
25393 33397 805
14264 32422 806
32422 22961 806
22961 15462 806
15462 30387 806
30387 3015 806
3015 1275 806
1275 39119 806
39119 21063 806
21063 37460 806
37460 29280 806
29280 633 806
633 28847 806
28847 29061 806
29061 11762 806
11762 7669 806
7669 26019 806
26019 23998 806
23998 13479 806
13479 31367 806
31367 26570 806
26570 18022 806
18022 25774 806
25774 31897 806
31897 21530 806
21530 10145 806
10145 18183 806
18183 25798 806
25798 4642 806
4642 6631 806
6631 13769 806
13769 1177 806
1177 28452 806
28452 19007 806
19007 4202 806
4202 21923 806
21923 1221 806
1221 14899 806
14899 25933 806
25933 13016 806
13016 1057 806
28545 23076 807
23076 40775 807
40775 23185 807
23185 17217 807
17217 28996 807
28996 23715 807
23715 38282 807
38282 23311 807
23311 844 807
844 12425 807
12425 122 807
122 8431 807
8431 13287 807
13287 39122 807
39122 16882 807
16882 2629 807
2629 24116 807
24116 14711 807
14711 33511 807
33511 4373 807
4373 17218 807
17218 28017 807
28017 198 807
198 34235 807
34235 23333 807
23333 15366 807
15366 40335 807
40335 3878 807
3878 6337 807
6337 20562 807
20562 22419 807
22419 31319 807
31319 28991 807
28991 12530 807
12530 9377 807
9377 23608 807
23608 27006 807
27006 30338 807
30338 21641 807
21641 12965 807
1647 27403 808
27403 9502 808
9502 14744 808
14744 13568 808
13568 17554 808
17554 8481 808
8481 37874 808
37874 39104 808
39104 18744 808
18744 17615 808
17615 34884 808
34884 13812 808
13812 2406 808
2406 21531 808
21531 26387 808
26387 21918 808
21918 28065 808
28065 5630 808
5630 24450 808
24450 34494 808
34494 22068 808
22068 11319 808
11319 32432 808
32432 11924 808
11924 4735 808
4735 9942 808
9942 22530 808
22530 18530 808
18530 3353 808
3353 19010 808
19010 31892 808
31892 16032 808
16032 14699 808
14699 22676 808
22676 11530 808
11530 21583 808
21583 5088 808
5088 34464 808
34464 26255 808
26255 8452 808
36283 23834 809
23834 40441 809
40441 33795 809
33795 36906 809
36906 12643 809
12643 15202 809
15202 24226 809
24226 34404 809
34404 2045 809
2045 17069 809
17069 25800 809
25800 27451 809
27451 18515 809
18515 1419 809
1419 5390 809
5390 16298 809
16298 37987 809
37987 30129 809
30129 24261 809
24261 17430 809
17430 27058 809
27058 16733 809
16733 35969 809
35969 19190 809
19190 20852 809
20852 29502 809
29502 35194 809
35194 22951 809
22951 27197 809
27197 40832 809
40832 33295 809
33295 38436 809
38436 35455 809
35455 28645 809
28645 3391 809
3391 36812 809
36812 2504 809
2504 31214 809
31214 4301 809
4301 16275 809
22358 27889 810
27889 854 810
854 27002 810
27002 20449 810
20449 11230 810
11230 28032 810
28032 4560 810
4560 34798 810
34798 32776 810
32776 33431 810
33431 27398 810
27398 13712 810
13712 11297 810
11297 30437 810
30437 14038 810
14038 8792 810
8792 34314 810
34314 38303 810
38303 13953 810
13953 7840 810
7840 35704 810
35704 37474 810
37474 3105 810
3105 15336 810
15336 31092 810
31092 33923 810
33923 20833 810
20833 30895 810
30895 28330 810
28330 28182 810
28182 23427 810
23427 30725 810
30725 6974 810
6974 15286 810
15286 38344 810
38344 20444 810
20444 18742 810
18742 16436 810
16436 29530 810
29530 4372 810
30308 29422 811
29422 34069 811
34069 16711 811
16711 22806 811
22806 34524 811
34524 15374 811
15374 40792 811
40792 10334 811
10334 30901 811
30901 6939 811
6939 13263 811
13263 18467 811
18467 37627 811
37627 33556 811
33556 561 811
561 17652 811
17652 4107 811
4107 3760 811
3760 37766 811
37766 33579 811
33579 17582 811
17582 30311 811
30311 36031 811
36031 1148 811
1148 16050 811
16050 37596 811
37596 24452 811
24452 31547 811
31547 20146 811
20146 28487 811
28487 4306 811
4306 3922 811
3922 1582 811
1582 7129 811
7129 38720 811
38720 25298 811
25298 15785 811
15785 29634 811
29634 11689 811
11689 35151 811
31494 39790 812
39790 13854 812
13854 10817 812
10817 32228 812
32228 10335 812
10335 22986 812
22986 21877 812
21877 28315 812
28315 4853 812
4853 34960 812
34960 38136 812
38136 37839 812
37839 38986 812
38986 18013 812
18013 37241 812
37241 12902 812
12902 13936 812
13936 7963 812
7963 34220 812
34220 21821 812
21821 2498 812
2498 7411 812
7411 20533 812
20533 27651 812
27651 18371 812
18371 32025 812
32025 30373 812
30373 29435 812
29435 12474 812
12474 32743 812
32743 35193 812
35193 26036 812
26036 35090 812
35090 658 812
658 647 812
647 12443 812
12443 2304 812
2304 32976 812
32976 9259 812
9259 2070 812
28669 28333 813
28333 32593 813
32593 1867 813
1867 17540 813
17540 19337 813
19337 499 813
499 15167 813
15167 10859 813
10859 8363 813
8363 8239 813
8239 5473 813
5473 21148 813
21148 39886 813
39886 39491 813
39491 24263 813
24263 31592 813
31592 12341 813
12341 40096 813
40096 5548 813
5548 9042 813
9042 11986 813
11986 2186 813
2186 9395 813
9395 24426 813
24426 14638 813
14638 28551 813
28551 17696 813
17696 1056 813
1056 34729 813
34729 14939 813
14939 25424 813
25424 10649 813
10649 21215 813
21215 1730 813
1730 2596 813
2596 6026 813
6026 30604 813
30604 3187 813
3187 12888 813
12888 36178 813
31419 24044 814
24044 9154 814
9154 11102 814
11102 1258 814
1258 11648 814
11648 23142 814
23142 38214 814
38214 6956 814
6956 8218 814
8218 8308 814
8308 22773 814
22773 21658 814
21658 25733 814
25733 24311 814
24311 8833 814
8833 14362 814
14362 13094 814
13094 24650 814
24650 12606 814
12606 9881 814
9881 17264 814
17264 21606 814
21606 28452 814
28452 26981 814
26981 9960 814
9960 21494 814
21494 28181 814
28181 37621 814
37621 31186 814
31186 30732 814
30732 11209 814
11209 35877 814
35877 29642 814
29642 8769 814
8769 5934 814
5934 29282 814
29282 31262 814
31262 12578 814
12578 10435 814
10435 37876 814
26240 36363 815
36363 7912 815
7912 14803 815
14803 32270 815
32270 13669 815
13669 5866 815
5866 26298 815
26298 40630 815
40630 10398 815
10398 21851 815
21851 8156 815
8156 3278 815
3278 37088 815
37088 36383 815
36383 6912 815
6912 7246 815
7246 8621 815
8621 40597 815
40597 27438 815
27438 7950 815
7950 37490 815
37490 33971 815
33971 34919 815
34919 35131 815
35131 40533 815
40533 1601 815
1601 15489 815
15489 21790 815
21790 31612 815
31612 5 815
5 23290 815
23290 17551 815
17551 4261 815
4261 38881 815
38881 3950 815
3950 12772 815
12772 10215 815
10215 2945 815
2945 27727 815
27727 25046 815
23002 7221 816
7221 3190 816
3190 29554 816
29554 24608 816
24608 13534 816
13534 29537 816
29537 26859 816
26859 6654 816
6654 16099 816
16099 5022 816
5022 32943 816
32943 31877 816
31877 36512 816
36512 11090 816
11090 12707 816
12707 32619 816
32619 26290 816
26290 6116 816
6116 20206 816
20206 28370 816
28370 38179 816
38179 22343 816
22343 9795 816
9795 40196 816
40196 34469 816
34469 21841 816
21841 62 816
62 2434 816
2434 30256 816
30256 18232 816
18232 8591 816
8591 26386 816
26386 4840 816
4840 18564 816
18564 31868 816
31868 39771 816
39771 18151 816
18151 32938 816
32938 17553 816
17553 7239 816
35725 21802 817
21802 18153 817
18153 37611 817
37611 36085 817
36085 12776 817
12776 9085 817
9085 34272 817
34272 25247 817
25247 34675 817
34675 21349 817
21349 22540 817
22540 39709 817
39709 27663 817
27663 10234 817
10234 40999 817
40999 27488 817
27488 1467 817
1467 24159 817
24159 19549 817
19549 8076 817
8076 7556 817
7556 19029 817
19029 8659 817
8659 4857 817
4857 35764 817
35764 895 817
895 7431 817
7431 27985 817
27985 24048 817
24048 39650 817
39650 17416 817
17416 9791 817
9791 565 817
565 33101 817
33101 32192 817
32192 34138 817
34138 32141 817
32141 17407 817
17407 16120 817
16120 11060 817
22645 36913 818
36913 4112 818
4112 38805 818
38805 12206 818
12206 30182 818
30182 10522 818
10522 307 818
307 10533 818
10533 10728 818
10728 23064 818
23064 35733 818
35733 16984 818
16984 27044 818
27044 29497 818
29497 39448 818
39448 11859 818
11859 29813 818
29813 12390 818
12390 25468 818
25468 1894 818
1894 22554 818
22554 33990 818
33990 40684 818
40684 34153 818
34153 26219 818
26219 3803 818
3803 31942 818
31942 17069 818
17069 11364 818
11364 27004 818
27004 19976 818
19976 35323 818
35323 5236 818
5236 30091 818
30091 8200 818
8200 1695 818
1695 481 818
481 36615 818
36615 22403 818
22403 16945 818
38789 22485 819
22485 10712 819
10712 19764 819
19764 5738 819
5738 15202 819
15202 24084 819
24084 5724 819
5724 26 819
26 23258 819
23258 13247 819
13247 37195 819
37195 6195 819
6195 4807 819
4807 19144 819
19144 29499 819
29499 694 819
694 16572 819
16572 37535 819
37535 11621 819
11621 10502 819
10502 30213 819
30213 28728 819
28728 20536 819
20536 39033 819
39033 26936 819
26936 2015 819
2015 28055 819
28055 22729 819
22729 21829 819
21829 15921 819
15921 23754 819
23754 9373 819
9373 4375 819
4375 11880 819
11880 19601 819
19601 24661 819
24661 17344 819
17344 27061 819
27061 11434 819
11434 32175 819
9082 7451 820
7451 7329 820
7329 37175 820
37175 39117 820
39117 40163 820
40163 36500 820
36500 21757 820
21757 17346 820
17346 20048 820
20048 41 820
41 29063 820
29063 34116 820
34116 12955 820
12955 7193 820
7193 34145 820
34145 27174 820
27174 37741 820
37741 4688 820
4688 12033 820
12033 39505 820
39505 32591 820
32591 27083 820
27083 26674 820
26674 39758 820
39758 40081 820
40081 21531 820
21531 26739 820
26739 15853 820
15853 3097 820
3097 18442 820
18442 23020 820
23020 30850 820
30850 9279 820
9279 28516 820
28516 14443 820
14443 372 820
372 32441 820
32441 7636 820
7636 2290 820
2290 16045 820
22804 8226 821
8226 446 821
446 18713 821
18713 26589 821
26589 20423 821
20423 5871 821
5871 13200 821
13200 28090 821
28090 10711 821
10711 24627 821
24627 30492 821
30492 20700 821
20700 26020 821
26020 31729 821
31729 36356 821
36356 32678 821
32678 22547 821
22547 5867 821
5867 21509 821
21509 21038 821
21038 38620 821
38620 21152 821
21152 14744 821
14744 34022 821
34022 5055 821
5055 39080 821
39080 7864 821
7864 4961 821
4961 20340 821
20340 22429 821
22429 38506 821
38506 1991 821
1991 6984 821
6984 19389 821
19389 35154 821
35154 15527 821
15527 25774 821
25774 12287 821
12287 19827 821
19827 24617 821
6574 1372 822
1372 33991 822
33991 7540 822
7540 19103 822
19103 16292 822
16292 1383 822
1383 1243 822
1243 8538 822
8538 28024 822
28024 26679 822
26679 12817 822
12817 9452 822
9452 7947 822
7947 22371 822
22371 35859 822
35859 18141 822
18141 16351 822
16351 33498 822
33498 19728 822
19728 10331 822
10331 11109 822
11109 18308 822
18308 38571 822
38571 19825 822
19825 29538 822
29538 26947 822
26947 822 822
822 27039 822
27039 9027 822
9027 852 822
852 24184 822
24184 21751 822
21751 10801 822
10801 15057 822
15057 2963 822
2963 30880 822
30880 32482 822
32482 32009 822
32009 281 822
281 28498 822
264 15953 823
15953 20030 823
20030 37027 823
37027 7053 823
7053 5858 823
5858 35642 823
35642 35150 823
35150 707 823
707 39535 823
39535 31302 823
31302 36590 823
36590 20070 823
20070 39404 823
39404 28965 823
28965 32652 823
32652 27492 823
27492 8842 823
8842 19581 823
19581 29334 823
29334 39459 823
39459 21334 823
21334 36084 823
36084 14485 823
14485 73 823
73 33291 823
33291 13585 823
13585 22376 823
22376 198 823
198 150 823
150 24850 823
24850 18150 823
18150 26253 823
26253 30323 823
30323 24649 823
24649 7685 823
7685 19236 823
19236 14978 823
14978 38555 823
38555 4487 823
4487 27978 823
40463 36048 824
36048 19671 824
19671 10651 824
10651 32934 824
32934 72 824
72 30472 824
30472 4210 824
4210 32955 824
32955 7719 824
7719 37429 824
37429 9761 824
9761 22795 824
22795 24639 824
24639 9988 824
9988 39367 824
39367 17253 824
17253 2789 824
2789 22715 824
22715 9119 824
9119 18867 824
18867 5319 824
5319 6238 824
6238 2064 824
2064 8021 824
8021 5617 824
5617 25461 824
25461 19179 824
19179 12258 824
12258 22559 824
22559 21700 824
21700 23574 824
23574 38091 824
38091 40597 824
40597 28012 824
28012 25354 824
25354 30157 824
30157 36232 824
36232 3829 824
3829 32563 824
32563 28406 824
16390 24982 825
24982 3715 825
3715 12517 825
12517 16259 825
16259 21027 825
21027 13027 825
13027 9204 825
9204 22552 825
22552 9118 825
9118 20496 825
20496 29009 825
29009 18499 825
18499 20164 825
20164 36899 825
36899 8265 825
8265 21450 825
21450 11606 825
11606 3213 825
3213 32000 825
32000 30250 825
30250 9016 825
9016 29467 825
29467 29574 825
29574 6822 825
6822 2612 825
2612 12255 825
12255 30322 825
30322 32347 825
32347 5486 825
5486 22863 825
22863 2222 825
2222 35640 825
35640 2476 825
2476 35544 825
35544 17726 825
17726 8105 825
8105 10217 825
10217 18706 825
18706 39405 825
39405 16181 825
17982 21697 826
21697 18189 826
18189 13191 826
13191 31839 826
31839 10632 826
10632 15518 826
15518 19422 826
19422 39152 826
39152 35698 826
35698 36391 826
36391 3364 826
3364 39669 826
39669 2034 826
2034 3987 826
3987 37601 826
37601 14488 826
14488 14313 826
14313 25448 826
25448 17654 826
17654 8001 826
8001 17606 826
17606 18222 826
18222 17091 826
17091 13248 826
13248 331 826
331 30222 826
30222 10597 826
10597 15049 826
15049 18044 826
18044 34473 826
34473 37416 826
37416 25964 826
25964 18520 826
18520 36888 826
36888 16520 826
16520 12069 826
12069 28735 826
28735 25982 826
25982 813 826
813 8303 826
7087 9282 827
9282 38691 827
38691 30555 827
30555 40107 827
40107 6667 827
6667 321 827
321 34496 827
34496 3612 827
3612 33788 827
33788 14631 827
14631 7256 827
7256 4068 827
4068 10944 827
10944 4208 827
4208 26019 827
26019 34613 827
34613 29303 827
29303 37215 827
37215 8989 827
8989 8312 827
8312 28152 827
28152 15488 827
15488 17302 827
17302 9884 827
9884 15841 827
15841 11186 827
11186 1482 827
1482 12089 827
12089 6867 827
6867 14102 827
14102 28996 827
28996 30992 827
30992 36246 827
36246 22710 827
22710 18040 827
18040 24093 827
24093 1920 827
1920 20297 827
20297 3982 827
3982 35830 827
5590 29640 828
29640 31982 828
31982 4817 828
4817 31853 828
31853 14125 828
14125 36600 828
36600 38711 828
38711 29359 828
29359 2568 828
2568 27715 828
27715 4152 828
4152 38953 828
38953 23792 828
23792 37265 828
37265 20614 828
20614 171 828
171 33561 828
33561 30342 828
30342 40705 828
40705 38045 828
38045 20478 828
20478 21298 828
21298 23257 828
23257 30693 828
30693 18982 828
18982 37648 828
37648 5474 828
5474 5647 828
5647 18763 828
18763 191 828
191 38870 828
38870 11586 828
11586 11286 828
11286 21959 828
21959 38491 828
38491 27396 828
27396 8250 828
8250 18607 828
18607 3462 828
3462 15497 828
33385 6198 829
6198 9563 829
9563 40969 829
40969 4169 829
4169 38924 829
38924 9743 829
9743 1939 829
1939 17192 829
17192 6918 829
6918 9566 829
9566 4577 829
4577 12610 829
12610 39415 829
39415 8290 829
8290 21205 829
21205 37250 829
37250 21129 829
21129 32558 829
32558 6352 829
6352 15013 829
15013 1159 829
1159 4774 829
4774 32950 829
32950 7586 829
7586 4108 829
4108 16500 829
16500 23253 829
23253 16271 829
16271 14970 829
14970 2058 829
2058 1215 829
1215 25274 829
25274 2372 829
2372 34417 829
34417 35352 829
35352 10505 829
10505 19081 829
19081 32724 829
32724 5258 829
5258 29777 829
23343 29965 830
29965 18988 830
18988 17288 830
17288 24640 830
24640 7754 830
7754 39620 830
39620 35898 830
35898 18514 830
18514 21177 830
21177 10641 830
10641 7089 830
7089 24106 830
24106 30536 830
30536 26692 830
26692 17754 830
17754 13160 830
13160 14062 830
14062 20521 830
20521 40994 830
40994 28886 830
28886 22327 830
22327 20005 830
20005 19264 830
19264 36776 830
36776 30954 830
30954 4174 830
4174 17627 830
17627 4823 830
4823 14072 830
14072 1251 830
1251 11492 830
11492 10896 830
10896 31527 830
31527 14594 830
14594 32309 830
32309 36537 830
36537 15774 830
15774 1286 830
1286 7871 830
7871 24249 830
33681 31529 831
31529 34106 831
34106 8286 831
8286 29069 831
29069 23075 831
23075 5911 831
5911 19735 831
19735 31606 831
31606 12812 831
12812 35832 831
35832 5435 831
5435 2908 831
2908 8027 831
8027 1613 831
1613 24879 831
24879 30228 831
30228 28176 831
28176 35186 831
35186 35115 831
35115 19705 831
19705 26301 831
26301 12382 831
12382 19121 831
19121 26201 831
26201 24697 831
24697 31450 831
31450 1001 831
1001 30559 831
30559 13405 831
13405 25685 831
25685 2504 831
2504 32596 831
32596 34328 831
34328 19315 831
19315 15310 831
15310 33749 831
33749 36333 831
36333 19637 831
19637 7294 831
7294 15594 831
15044 23659 832
23659 8923 832
8923 3833 832
3833 39932 832
39932 34661 832
34661 11252 832
11252 9106 832
9106 37261 832
37261 38753 832
38753 19384 832
19384 29733 832
29733 15730 832
15730 28927 832
28927 2909 832
2909 12261 832
12261 1376 832
1376 6418 832
6418 3151 832
3151 36570 832
36570 15488 832
15488 10256 832
10256 29678 832
29678 37321 832
37321 6936 832
6936 6389 832
6389 25768 832
25768 31638 832
31638 40331 832
40331 5320 832
5320 8349 832
8349 1158 832
1158 34852 832
34852 10041 832
10041 14700 832
14700 11343 832
11343 17372 832
17372 21669 832
21669 2035 832
2035 17462 832
17462 35942 832
14247 21872 833
21872 12049 833
12049 6965 833
6965 9713 833
9713 40569 833
40569 38992 833
38992 39387 833
39387 13774 833
13774 19538 833
19538 18266 833
18266 2169 833
2169 38109 833
38109 29685 833
29685 17494 833
17494 730 833
730 20457 833
20457 9823 833
9823 35464 833
35464 35762 833
35762 28941 833
28941 24919 833
24919 33479 833
33479 6306 833
6306 6485 833
6485 1052 833
1052 5099 833
5099 19872 833
19872 24286 833
24286 34084 833
34084 14220 833
14220 8857 833
8857 20432 833
20432 32604 833
32604 25108 833
25108 38759 833
38759 39736 833
39736 40399 833
40399 35208 833
35208 6517 833
6517 25723 833
35066 6864 834
6864 30625 834
30625 19864 834
19864 12090 834
12090 16321 834
16321 36782 834
36782 16584 834
16584 21156 834
21156 12036 834
12036 3818 834
3818 5169 834
5169 40521 834
40521 29430 834
29430 31749 834
31749 33709 834
33709 37500 834
37500 22025 834
22025 39483 834
39483 26180 834
26180 16919 834
16919 16685 834
16685 31815 834
31815 26525 834
26525 2998 834
2998 939 834
939 9130 834
9130 38823 834
38823 6634 834
6634 19078 834
19078 20907 834
20907 11870 834
11870 15923 834
15923 30415 834
30415 17077 834
17077 4737 834
4737 411 834
411 34243 834
34243 35808 834
35808 18631 834
18631 16877 834
34579 4245 835
4245 4967 835
4967 29997 835
29997 22744 835
22744 9569 835
9569 31152 835
31152 7979 835
7979 17300 835
17300 16641 835
16641 30387 835
30387 2987 835
2987 10717 835
10717 12229 835
12229 18849 835
18849 28460 835
28460 30521 835
30521 9920 835
9920 11474 835
11474 31303 835
31303 31150 835
31150 30451 835
30451 10863 835
10863 4612 835
4612 25751 835
25751 34512 835
34512 30055 835
30055 17066 835
17066 34063 835
34063 38201 835
38201 10325 835
10325 37329 835
37329 39460 835
39460 19960 835
19960 4328 835
4328 18248 835
18248 16493 835
16493 243 835
243 13199 835
13199 25041 835
25041 4756 835
21829 4788 836
4788 38812 836
38812 21425 836
21425 5279 836
5279 530 836
530 38977 836
38977 27693 836
27693 9867 836
9867 34650 836
34650 18670 836
18670 6218 836
6218 15276 836
15276 11041 836
11041 2192 836
2192 2401 836
2401 12000 836
12000 18148 836
18148 34526 836
34526 20321 836
20321 15954 836
15954 37447 836
37447 6941 836
6941 10024 836
10024 10479 836
10479 24018 836
24018 22721 836
22721 8530 836
8530 6619 836
6619 14260 836
14260 8692 836
8692 10419 836
10419 24271 836
24271 26471 836
26471 10227 836
10227 6222 836
6222 7782 836
7782 15530 836
15530 27972 836
27972 14781 836
14781 15724 836
11949 19586 837
19586 25012 837
25012 26199 837
26199 38956 837
38956 9499 837
9499 20337 837
20337 37161 837
37161 827 837
827 20229 837
20229 30207 837
30207 25701 837
25701 13643 837
13643 29498 837
29498 1820 837
1820 21705 837
21705 35226 837
35226 13227 837
13227 25666 837
25666 26382 837
26382 13879 837
13879 11171 837
11171 36155 837
36155 3828 837
3828 21797 837
21797 17135 837
17135 19124 837
19124 24608 837
24608 24944 837
24944 9581 837
9581 37361 837
37361 3044 837
3044 38489 837
38489 15950 837
15950 34192 837
34192 33804 837
33804 40868 837
40868 26613 837
26613 25513 837
25513 32506 837
32506 19251 837
9733 16804 838
16804 31366 838
31366 28173 838
28173 38325 838
38325 31705 838
31705 4426 838
4426 3439 838
3439 40685 838
40685 32964 838
32964 32180 838
32180 17154 838
17154 29801 838
29801 20416 838
20416 19031 838
19031 19801 838
19801 9462 838
9462 5152 838
5152 17255 838
17255 12036 838
12036 15824 838
15824 31902 838
31902 30363 838
30363 33909 838
33909 37971 838
37971 37274 838
37274 5592 838
5592 10199 838
10199 25386 838
25386 37404 838
37404 14918 838
14918 19613 838
19613 11798 838
11798 12474 838
12474 30433 838
30433 11429 838
11429 20028 838
20028 1692 838
1692 8167 838
8167 35943 838
35943 19654 838
15992 40112 839
40112 17049 839
17049 3467 839
3467 5905 839
5905 39292 839
39292 36479 839
36479 34843 839
34843 10898 839
10898 5017 839
5017 32769 839
32769 1230 839
1230 38554 839
38554 10162 839
10162 29903 839
29903 20482 839
20482 16942 839
16942 23876 839
23876 13600 839
13600 4039 839
4039 14791 839
14791 24197 839
24197 15198 839
15198 1470 839
1470 35741 839
35741 29822 839
29822 27755 839
27755 19645 839
19645 3250 839
3250 33964 839
33964 31063 839
31063 11242 839
11242 13590 839
13590 37413 839
37413 34485 839
34485 2085 839
2085 27429 839
27429 32 839
32 21406 839
21406 23704 839
23704 9840 839
35736 31383 840
31383 29713 840
29713 26399 840
26399 5238 840
5238 33209 840
33209 6390 840
6390 1040 840
1040 17884 840
17884 36446 840
36446 24526 840
24526 5047 840
5047 3324 840
3324 20314 840
20314 27739 840
27739 2920 840
2920 39227 840
39227 25626 840
25626 35855 840
35855 10902 840
10902 16535 840
16535 33159 840
33159 4052 840
4052 31940 840
31940 5363 840
5363 17519 840
17519 16956 840
16956 23068 840
23068 34618 840
34618 5256 840
5256 3442 840
3442 31748 840
31748 947 840
947 9561 840
9561 24521 840
24521 5107 840
5107 12980 840
12980 38751 840
38751 35758 840
35758 27419 840
27419 24001 840
6238 5086 841
5086 40708 841
40708 6646 841
6646 40717 841
40717 3404 841
3404 37713 841
37713 33879 841
33879 37562 841
37562 12759 841
12759 13515 841
13515 21903 841
21903 31355 841
31355 28054 841
28054 24806 841
24806 39451 841
39451 18075 841
18075 34705 841
34705 23954 841
23954 33481 841
33481 20196 841
20196 20381 841
20381 7297 841
7297 16233 841
16233 6556 841
6556 6874 841
6874 19195 841
19195 38312 841
38312 13266 841
13266 3499 841
3499 21937 841
21937 24551 841
24551 5986 841
5986 16645 841
16645 30148 841
30148 2968 841
2968 32789 841
32789 7967 841
7967 30046 841
30046 23376 841
23376 2776 841
33782 30705 842
30705 35769 842
35769 18384 842
18384 23004 842
23004 5005 842
5005 10153 842
10153 23833 842
23833 16902 842
16902 5569 842
5569 23830 842
23830 19723 842
19723 12703 842
12703 7841 842
7841 28616 842
28616 33087 842
33087 34733 842
34733 10945 842
10945 26522 842
26522 20864 842
20864 39934 842
39934 34534 842
34534 37722 842
37722 20086 842
20086 35680 842
35680 37494 842
37494 12498 842
12498 1835 842
1835 22373 842
22373 29243 842
29243 5866 842
5866 17525 842
17525 1394 842
1394 14410 842
14410 24770 842
24770 18398 842
18398 2012 842
2012 33447 842
33447 37610 842
37610 9063 842
9063 19932 842
4429 39537 843
39537 38168 843
38168 16329 843
16329 22988 843
22988 10167 843
10167 25149 843
25149 33673 843
33673 957 843
957 24673 843
24673 2237 843
2237 4315 843
4315 9115 843
9115 2498 843
2498 15108 843
15108 5028 843
5028 9161 843
9161 32686 843
32686 36521 843
36521 16199 843
16199 2712 843
2712 35125 843
35125 14545 843
14545 12613 843
12613 10297 843
10297 12640 843
12640 8962 843
8962 39722 843
39722 29176 843
29176 19824 843
19824 8243 843
8243 36323 843
36323 37113 843
37113 8355 843
8355 19716 843
19716 6154 843
6154 31577 843
31577 5048 843
5048 13834 843
13834 37975 843
37975 8877 843
26856 20797 844
20797 33792 844
33792 17816 844
17816 2146 844
2146 867 844
867 5319 844
5319 35383 844
35383 36277 844
36277 13157 844
13157 24502 844
24502 10626 844
10626 14010 844
14010 32205 844
32205 8041 844
8041 27874 844
27874 36399 844
36399 15286 844
15286 36101 844
36101 26718 844
26718 28832 844
28832 5454 844
5454 25124 844
25124 32438 844
32438 30180 844
30180 34042 844
34042 19811 844
19811 35549 844
35549 19398 844
19398 13253 844
13253 29535 844
29535 12492 844
12492 24851 844
24851 36000 844
36000 1205 844
1205 35284 844
35284 31253 844
31253 20219 844
20219 4956 844
4956 10889 844
10889 18580 844
25309 31953 845
31953 33408 845
33408 16193 845
16193 39995 845
39995 11794 845
11794 5352 845
5352 36783 845
36783 15116 845
15116 32414 845
32414 15034 845
15034 32763 845
32763 27014 845
27014 2818 845
2818 34845 845
34845 22320 845
22320 15461 845
15461 25966 845
25966 16530 845
16530 8208 845
8208 30197 845
30197 26246 845
26246 28998 845
28998 19100 845
19100 17182 845
17182 10410 845
10410 4718 845
4718 6148 845
6148 9294 845
9294 6524 845
6524 1033 845
1033 10273 845
10273 24758 845
24758 30619 845
30619 33683 845
33683 31825 845
31825 34777 845
34777 24116 845
24116 18773 845
18773 5326 845
5326 36353 845
23950 17221 846
17221 17280 846
17280 39082 846
39082 2370 846
2370 4549 846
4549 10238 846
10238 40382 846
40382 28230 846
28230 4605 846
4605 37369 846
37369 32990 846
32990 11702 846
11702 2291 846
2291 35636 846
35636 37013 846
37013 12522 846
12522 18043 846
18043 3981 846
3981 19188 846
19188 21027 846
21027 32783 846
32783 1099 846
1099 39681 846
39681 22628 846
22628 12532 846
12532 22703 846
22703 18357 846
18357 3088 846
3088 1493 846
1493 27840 846
27840 14599 846
14599 34448 846
34448 17736 846
17736 13772 846
13772 7154 846
7154 5300 846
5300 27629 846
27629 22517 846
22517 27313 846
27313 17337 846
39468 31432 847
31432 6823 847
6823 2207 847
2207 37273 847
37273 7591 847
7591 25593 847
25593 36626 847
36626 28439 847
28439 11232 847
11232 18796 847
18796 36329 847
36329 8834 847
8834 40667 847
40667 4320 847
4320 25850 847
25850 17176 847
17176 31094 847
31094 1104 847
1104 17682 847
17682 26096 847
26096 12139 847
12139 23496 847
23496 27237 847
27237 26378 847
26378 26945 847
26945 39214 847
39214 27148 847
27148 11922 847
11922 29778 847
29778 38576 847
38576 13660 847
13660 32667 847
32667 11134 847
11134 34305 847
34305 10700 847
10700 35934 847
35934 30121 847
30121 33560 847
33560 22661 847
22661 10828 847
17849 33778 848
33778 29452 848
29452 26383 848
26383 20267 848
20267 34823 848
34823 29982 848
29982 6152 848
6152 34929 848
34929 7164 848
7164 34274 848
34274 24454 848
24454 23955 848
23955 14648 848
14648 13526 848
13526 27928 848
27928 33632 848
33632 39937 848
39937 33366 848
33366 9441 848
9441 34380 848
34380 36479 848
36479 28009 848
28009 37754 848
37754 34243 848
34243 861 848
861 3082 848
3082 29074 848
29074 24931 848
24931 18140 848
18140 18520 848
18520 30261 848
30261 38761 848
38761 7057 848
7057 30419 848
30419 9796 848
9796 18974 848
18974 3674 848
3674 1066 848
1066 31902 848
31902 31055 848
31193 7475 849
7475 18226 849
18226 34526 849
34526 13961 849
13961 11929 849
11929 26167 849
26167 7467 849
7467 6661 849
6661 16739 849
16739 20780 849
20780 28178 849
28178 35753 849
35753 26392 849
26392 33953 849
33953 15072 849
15072 17091 849
17091 30173 849
30173 8182 849
8182 15976 849
15976 10689 849
10689 10105 849
10105 33316 849
33316 17456 849
17456 29604 849
29604 40468 849
40468 4246 849
4246 12992 849
12992 38899 849
38899 38360 849
38360 31538 849
31538 29541 849
29541 7264 849
7264 29286 849
29286 16410 849
16410 8070 849
8070 16326 849
16326 23243 849
23243 1287 849
1287 28903 849
28903 29353 849
18942 12391 850
12391 30948 850
30948 2793 850
2793 32811 850
32811 2229 850
2229 37056 850
37056 7678 850
7678 14569 850
14569 4136 850
4136 10791 850
10791 5364 850
5364 8387 850
8387 4511 850
4511 338 850
338 39500 850
39500 8745 850
8745 16244 850
16244 35249 850
35249 35287 850
35287 32732 850
32732 33444 850
33444 13102 850
13102 30204 850
30204 10107 850
10107 74 850
74 27943 850
27943 25615 850
25615 30722 850
30722 23641 850
23641 25600 850
25600 5167 850
5167 25631 850
25631 32434 850
32434 9054 850
9054 32054 850
32054 35961 850
35961 34672 850
34672 5936 850
5936 30908 850
30908 25838 850
13652 4067 851
4067 10235 851
10235 23033 851
23033 5971 851
5971 33844 851
33844 10278 851
10278 34483 851
34483 38410 851
38410 31600 851
31600 19076 851
19076 40820 851
40820 7806 851
7806 1296 851
1296 20492 851
20492 18339 851
18339 714 851
714 9728 851
9728 38838 851
38838 15603 851
15603 38179 851
38179 808 851
808 27532 851
27532 8098 851
8098 39954 851
39954 26295 851
26295 13600 851
13600 8118 851
8118 32361 851
32361 7726 851
7726 37734 851
37734 40033 851
40033 7182 851
7182 38028 851
38028 13303 851
13303 23091 851
23091 21417 851
21417 24576 851
24576 1299 851
1299 19948 851
19948 19907 851
35762 22667 852
22667 19200 852
19200 34480 852
34480 18678 852
18678 39976 852
39976 19552 852
19552 32414 852
32414 13523 852
13523 32999 852
32999 24729 852
24729 18862 852
18862 39597 852
39597 16915 852
16915 11744 852
11744 34125 852
34125 15458 852
15458 28219 852
28219 12071 852
12071 36318 852
36318 17036 852
17036 31061 852
31061 17672 852
17672 6659 852
6659 39466 852
39466 23175 852
23175 27662 852
27662 32590 852
32590 10186 852
10186 1929 852
1929 9315 852
9315 16034 852
16034 3983 852
3983 24203 852
24203 30882 852
30882 20066 852
20066 20040 852
20040 10061 852
10061 31531 852
31531 40798 852
40798 25577 852
9315 6750 853
6750 14061 853
14061 33908 853
33908 38992 853
38992 16110 853
16110 40486 853
40486 18912 853
18912 40753 853
40753 16717 853
16717 18691 853
18691 34767 853
34767 37109 853
37109 1222 853
1222 33468 853
33468 34801 853
34801 3790 853
3790 36943 853
36943 12919 853
12919 24251 853
24251 10797 853
10797 5874 853
5874 7754 853
7754 36449 853
36449 19815 853
19815 5053 853
5053 8244 853
8244 29663 853
29663 21318 853
21318 35274 853
35274 24110 853
24110 26027 853
26027 10050 853
10050 27614 853
27614 2384 853
2384 12140 853
12140 27449 853
27449 4297 853
4297 7500 853
7500 40419 853
40419 11110 853
27265 31681 854
31681 10019 854
10019 1668 854
1668 29277 854
29277 33120 854
33120 7626 854
7626 4383 854
4383 28878 854
28878 10941 854
10941 27416 854
27416 23876 854
23876 16792 854
16792 15186 854
15186 2801 854
2801 16993 854
16993 32447 854
32447 12955 854
12955 16287 854
16287 18268 854
18268 3158 854
3158 34355 854
34355 37140 854
37140 28725 854
28725 22707 854
22707 31448 854
31448 38123 854
38123 18239 854
18239 13057 854
13057 30960 854
30960 38298 854
38298 35747 854
35747 16801 854
16801 27523 854
27523 15220 854
15220 27424 854
27424 22726 854
22726 22971 854
22971 17137 854
17137 17161 854
17161 38866 854
31492 8030 855
8030 4334 855
4334 22199 855
22199 21963 855
21963 35935 855
35935 33674 855
33674 37027 855
37027 14239 855
14239 26228 855
26228 7943 855
7943 36065 855
36065 31154 855
31154 40067 855
40067 14268 855
14268 15650 855
15650 37805 855
37805 7456 855
7456 38140 855
38140 2051 855
2051 29550 855
29550 9050 855
9050 33109 855
33109 18617 855
18617 8154 855
8154 21892 855
21892 37831 855
37831 2493 855
2493 15523 855
15523 21100 855
21100 17423 855
17423 9575 855
9575 17456 855
17456 39474 855
39474 25040 855
25040 15422 855
15422 39865 855
39865 38552 855
38552 21425 855
21425 39651 855
39651 11110 855
35780 36881 856
36881 30970 856
30970 39926 856
39926 8109 856
8109 20777 856
20777 15340 856
15340 16335 856
16335 9209 856
9209 21186 856
21186 12930 856
12930 25443 856
25443 15474 856
15474 20733 856
20733 40071 856
40071 33430 856
33430 11156 856
11156 32955 856
32955 40075 856
40075 23911 856
23911 8408 856
8408 35223 856
35223 30685 856
30685 15830 856
15830 36765 856
36765 4128 856
4128 22948 856
22948 31197 856
31197 40768 856
40768 7059 856
7059 21994 856
21994 20574 856
20574 18664 856
18664 11163 856
11163 40132 856
40132 27493 856
27493 1207 856
1207 13118 856
13118 31370 856
31370 33760 856
33760 8563 856
12642 13384 857
13384 2461 857
2461 15332 857
15332 18941 857
18941 25105 857
25105 31777 857
31777 26822 857
26822 20062 857
20062 8937 857
8937 1153 857
1153 15167 857
15167 34944 857
34944 17730 857
17730 35563 857
35563 4959 857
4959 2727 857
2727 37144 857
37144 17758 857
17758 8601 857
8601 19181 857
19181 10702 857
10702 5393 857
5393 9414 857
9414 20897 857
20897 22045 857
22045 30613 857
30613 34658 857
34658 30471 857
30471 33650 857
33650 15010 857
15010 11366 857
11366 12708 857
12708 19338 857
19338 26058 857
26058 19458 857
19458 18332 857
18332 14493 857
14493 34061 857
34061 8229 857
8229 30071 857
14714 4821 858
4821 208 858
208 39094 858
39094 7693 858
7693 16838 858
16838 24819 858
24819 13143 858
13143 14632 858
14632 9450 858
9450 30346 858
30346 2338 858
2338 4195 858
4195 34778 858
34778 11890 858
11890 19443 858
19443 21745 858
21745 14228 858
14228 12930 858
12930 28695 858
28695 38551 858
38551 31763 858
31763 25331 858
25331 16085 858
16085 9634 858
9634 27567 858
27567 9535 858
9535 24377 858
24377 33191 858
33191 13691 858
13691 8820 858
8820 37263 858
37263 23913 858
23913 35380 858
35380 20160 858
20160 2634 858
2634 22864 858
22864 809 858
809 12885 858
12885 37872 858
37872 2290 858
2054 5086 859
5086 33231 859
33231 30602 859
30602 7137 859
7137 30702 859
30702 11528 859
11528 18860 859
18860 17276 859
17276 22034 859
22034 7522 859
7522 26692 859
26692 11809 859
11809 25135 859
25135 36135 859
36135 37694 859
37694 8381 859
8381 4087 859
4087 21436 859
21436 6120 859
6120 33157 859
33157 29567 859
29567 17627 859
17627 15956 859
15956 1913 859
1913 22011 859
22011 29904 859
29904 18476 859
18476 6523 859
6523 11918 859
11918 36165 859
36165 31265 859
31265 7650 859
7650 14072 859
14072 35506 859
35506 26280 859
26280 25361 859
25361 22527 859
22527 25035 859
25035 11113 859
11113 5795 859
23125 38279 860
38279 11434 860
11434 10764 860
10764 806 860
806 23145 860
23145 1367 860
1367 15666 860
15666 7803 860
7803 28702 860
28702 37555 860
37555 12310 860
12310 12351 860
12351 27645 860
27645 12981 860
12981 8954 860
8954 222 860
222 21782 860
21782 34793 860
34793 37147 860
37147 40406 860
40406 16797 860
16797 18015 860
18015 22503 860
22503 20159 860
20159 25667 860
25667 4825 860
4825 25926 860
25926 40607 860
40607 31938 860
31938 18161 860
18161 19975 860
19975 25834 860
25834 900 860
900 4603 860
4603 8209 860
8209 23282 860
23282 39488 860
39488 38598 860
38598 3269 860
3269 27340 860
14201 9306 861
9306 20934 861
20934 12078 861
12078 22417 861
22417 8432 861
8432 23532 861
23532 34162 861
34162 30613 861
30613 20131 861
20131 36328 861
36328 28905 861
28905 19465 861
19465 34008 861
34008 37914 861
37914 36547 861
36547 8150 861
8150 31210 861
31210 8740 861
8740 25584 861
25584 12473 861
12473 2945 861
2945 39580 861
39580 9952 861
9952 13530 861
13530 23601 861
23601 34906 861
34906 25897 861
25897 32507 861
32507 31624 861
31624 510 861
510 12416 861
12416 33795 861
33795 23725 861
23725 9302 861
9302 12732 861
12732 27120 861
27120 8230 861
8230 22909 861
22909 4282 861
4282 28258 861
27826 12564 862
12564 5097 862
5097 25374 862
25374 10429 862
10429 8837 862
8837 21264 862
21264 21928 862
21928 14544 862
14544 26550 862
26550 27270 862
27270 1774 862
1774 25948 862
25948 22369 862
22369 14598 862
14598 8347 862
8347 21689 862
21689 18669 862
18669 12422 862
12422 22372 862
22372 18499 862
18499 37086 862
37086 6448 862
6448 37363 862
37363 4193 862
4193 7648 862
7648 32916 862
32916 40228 862
40228 21154 862
21154 6889 862
6889 39429 862
39429 1687 862
1687 12220 862
12220 3225 862
3225 35331 862
35331 18911 862
18911 8749 862
8749 26375 862
26375 15077 862
15077 15045 862
15045 5364 862
5310 32358 863
32358 7652 863
7652 4212 863
4212 2136 863
2136 28427 863
28427 24794 863
24794 28651 863
28651 29739 863
29739 13417 863
13417 14197 863
14197 9326 863
9326 24945 863
24945 11513 863
11513 30747 863
30747 5570 863
5570 23876 863
23876 18169 863
18169 10875 863
10875 34244 863
34244 10738 863
10738 10101 863
10101 18118 863
18118 32720 863
32720 32662 863
32662 13423 863
13423 15303 863
15303 27917 863
27917 17103 863
17103 26442 863
26442 23864 863
23864 40392 863
40392 34102 863
34102 38950 863
38950 26030 863
26030 10650 863
10650 2602 863
2602 22218 863
22218 18463 863
18463 16542 863
16542 14208 863
6308 2827 864
2827 8367 864
8367 33805 864
33805 23818 864
23818 25691 864
25691 36064 864
36064 3655 864
3655 4591 864
4591 25514 864
25514 26709 864
26709 13562 864
13562 10833 864
10833 17060 864
17060 7798 864
7798 34703 864
34703 33077 864
33077 31960 864
31960 9740 864
9740 25270 864
25270 1553 864
1553 27830 864
27830 2619 864
2619 21995 864
21995 15997 864
15997 13605 864
13605 34191 864
34191 14086 864
14086 10547 864
10547 849 864
849 14742 864
14742 31002 864
31002 19559 864
19559 29480 864
29480 22154 864
22154 22411 864
22411 11940 864
11940 18541 864
18541 14730 864
14730 3976 864
3976 10754 864
39677 11342 865
11342 12488 865
12488 34930 865
34930 25884 865
25884 36912 865
36912 26167 865
26167 38125 865
38125 4889 865
4889 38565 865
38565 7118 865
7118 922 865
922 40276 865
40276 10335 865
10335 1758 865
1758 13159 865
13159 36012 865
36012 40441 865
40441 12348 865
12348 20381 865
20381 26668 865
26668 9318 865
9318 36178 865
36178 31559 865
31559 28544 865
28544 1974 865
1974 39312 865
39312 9887 865
9887 37256 865
37256 37302 865
37302 6276 865
6276 9784 865
9784 11391 865
11391 34400 865
34400 12245 865
12245 18569 865
18569 7675 865
7675 13248 865
13248 9600 865
9600 40298 865
40298 11164 865
38764 7442 866
7442 32970 866
32970 912 866
912 20753 866
20753 14127 866
14127 1601 866
1601 13052 866
13052 11652 866
11652 32624 866
32624 29291 866
29291 36879 866
36879 19407 866
19407 7311 866
7311 36058 866
36058 24291 866
24291 3608 866
3608 1236 866
1236 19657 866
19657 38322 866
38322 27043 866
27043 17655 866
17655 18678 866
18678 38082 866
38082 39972 866
39972 10146 866
10146 5780 866
5780 14752 866
14752 18087 866
18087 22460 866
22460 31961 866
31961 28351 866
28351 13324 866
13324 32605 866
32605 39716 866
39716 18853 866
18853 2285 866
2285 10870 866
10870 18030 866
18030 14958 866
14958 27681 866
28199 32376 867
32376 20100 867
20100 16419 867
16419 20846 867
20846 4140 867
4140 5583 867
5583 14921 867
14921 26244 867
26244 23483 867
23483 22455 867
22455 40382 867
40382 9377 867
9377 27024 867
27024 10383 867
10383 31260 867
31260 1355 867
1355 16254 867
16254 19765 867
19765 30937 867
30937 16141 867
16141 7187 867
7187 6737 867
6737 28643 867
28643 20764 867
20764 29932 867
29932 30127 867
30127 10753 867
10753 24038 867
24038 26522 867
26522 1047 867
1047 22120 867
22120 19288 867
19288 37500 867
37500 24522 867
24522 29974 867
29974 12025 867
12025 8554 867
8554 16962 867
16962 2 867
2 37496 867
12406 35433 868
35433 22879 868
22879 29542 868
29542 71 868
71 28451 868
28451 26916 868
26916 24452 868
24452 9674 868
9674 19620 868
19620 6277 868
6277 34355 868
34355 7988 868
7988 5628 868
5628 10151 868
10151 25881 868
25881 37756 868
37756 17929 868
17929 11333 868
11333 37218 868
37218 12037 868
12037 3462 868
3462 5475 868
5475 39448 868
39448 24746 868
24746 10463 868
10463 34674 868
34674 18232 868
18232 2376 868
2376 21468 868
21468 20497 868
20497 38528 868
38528 9736 868
9736 22991 868
22991 13866 868
13866 21693 868
21693 36871 868
36871 32505 868
32505 8138 868
8138 25329 868
25329 3989 868
8131 2318 869
2318 7343 869
7343 10039 869
10039 15457 869
15457 4508 869
4508 26612 869
26612 15891 869
15891 17224 869
17224 32611 869
32611 16880 869
16880 18342 869
18342 6060 869
6060 40611 869
40611 40946 869
40946 22691 869
22691 17123 869
17123 15510 869
15510 8594 869
8594 21791 869
21791 27498 869
27498 32242 869
32242 23555 869
23555 19826 869
19826 11993 869
11993 35712 869
35712 6360 869
6360 2270 869
2270 6821 869
6821 1099 869
1099 27590 869
27590 34125 869
34125 34045 869
34045 29232 869
29232 39273 869
39273 35497 869
35497 9394 869
9394 16343 869
16343 8748 869
8748 6252 869
6252 7123 869
23871 24095 870
24095 33803 870
33803 28796 870
28796 29139 870
29139 21414 870
21414 11042 870
11042 19549 870
19549 3408 870
3408 34299 870
34299 17201 870
17201 10209 870
10209 40400 870
40400 31078 870
31078 28562 870
28562 1168 870
1168 10049 870
10049 21353 870
21353 11408 870
11408 39806 870
39806 21777 870
21777 40667 870
40667 28525 870
28525 10351 870
10351 16284 870
16284 31024 870
31024 25070 870
25070 16575 870
16575 13706 870
13706 24430 870
24430 486 870
486 6260 870
6260 33265 870
33265 1148 870
1148 4819 870
4819 34775 870
34775 29105 870
29105 207 870
207 35168 870
35168 7664 870
7664 29817 870
38916 19176 871
19176 31042 871
31042 2217 871
2217 9663 871
9663 35566 871
35566 59 871
59 13206 871
13206 18196 871
18196 37188 871
37188 34008 871
34008 3731 871
3731 8560 871
8560 23920 871
23920 18606 871
18606 36574 871
36574 18973 871
18973 18879 871
18879 39966 871
39966 16014 871
16014 31647 871
31647 6359 871
6359 35701 871
35701 34467 871
34467 35132 871
35132 12162 871
12162 3979 871
3979 27196 871
27196 2169 871
2169 1918 871
1918 17291 871
17291 19608 871
19608 15560 871
15560 23750 871
23750 16284 871
16284 31319 871
31319 34157 871
34157 919 871
919 25184 871
25184 4337 871
4337 9589 871
15285 38458 872
38458 6863 872
6863 10494 872
10494 4669 872
4669 36657 872
36657 36220 872
36220 10884 872
10884 20694 872
20694 38215 872
38215 28561 872
28561 17035 872
17035 13916 872
13916 6212 872
6212 33620 872
33620 37134 872
37134 30651 872
30651 1995 872
1995 16177 872
16177 34387 872
34387 38038 872
38038 27741 872
27741 16395 872
16395 26024 872
26024 23371 872
23371 33990 872
33990 15292 872
15292 36485 872
36485 14 872
14 14038 872
14038 3982 872
3982 26225 872
26225 17171 872
17171 3169 872
3169 32760 872
32760 24676 872
24676 494 872
494 18933 872
18933 34587 872
34587 11056 872
11056 2007 872
14421 40476 873
40476 28468 873
28468 37782 873
37782 31677 873
31677 6509 873
6509 17284 873
17284 2929 873
2929 26367 873
26367 3463 873
3463 24630 873
24630 2947 873
2947 7833 873
7833 7076 873
7076 15646 873
15646 40588 873
40588 38641 873
38641 30656 873
30656 30189 873
30189 39060 873
39060 39038 873
39038 1240 873
1240 796 873
796 16258 873
16258 23681 873
23681 17788 873
17788 20082 873
20082 28599 873
28599 32382 873
32382 4371 873
4371 26099 873
26099 10914 873
10914 4077 873
4077 23013 873
23013 9350 873
9350 29207 873
29207 33622 873
33622 20446 873
20446 40867 873
40867 25553 873
25553 31472 873
16038 22282 874
22282 26407 874
26407 1661 874
1661 15714 874
15714 33954 874
33954 29015 874
29015 38485 874
38485 17488 874
17488 22434 874
22434 38035 874
38035 16605 874
16605 34845 874
34845 12047 874
12047 26936 874
26936 37505 874
37505 15567 874
15567 34085 874
34085 6926 874
6926 18576 874
18576 6758 874
6758 39216 874
39216 37763 874
37763 39596 874
39596 11568 874
11568 16817 874
16817 21891 874
21891 40503 874
40503 9758 874
9758 30388 874
30388 36127 874
36127 7862 874
7862 30205 874
30205 27237 874
27237 15905 874
15905 2825 874
2825 13191 874
13191 28206 874
28206 1197 874
1197 521 874
521 35416 874
27650 34544 875
34544 14878 875
14878 17677 875
17677 8208 875
8208 35160 875
35160 21622 875
21622 35153 875
35153 10420 875
10420 29747 875
29747 4452 875
4452 17512 875
17512 23246 875
23246 27323 875
27323 11547 875
11547 20257 875
20257 15597 875
15597 38014 875
38014 34344 875
34344 8809 875
8809 21885 875
21885 8891 875
8891 24556 875
24556 37694 875
37694 33877 875
33877 39494 875
39494 5930 875
5930 31976 875
31976 40674 875
40674 28936 875
28936 10966 875
10966 17341 875
17341 36795 875
36795 13301 875
13301 24773 875
24773 1487 875
1487 40320 875
40320 13611 875
13611 9112 875
9112 10615 875
10615 28871 875
16909 23981 876
23981 35477 876
35477 36716 876
36716 990 876
990 31865 876
31865 470 876
470 12917 876
12917 2658 876
2658 29819 876
29819 9580 876
9580 28396 876
28396 37668 876
37668 7642 876
7642 29574 876
29574 21274 876
21274 23733 876
23733 34248 876
34248 9516 876
9516 36213 876
36213 14209 876
14209 13316 876
13316 13681 876
13681 10942 876
10942 27359 876
27359 40248 876
40248 3859 876
3859 21058 876
21058 32597 876
32597 26502 876
26502 24718 876
24718 30146 876
30146 23201 876
23201 32855 876
32855 8118 876
8118 32766 876
32766 6100 876
6100 37977 876
37977 16939 876
16939 37722 876
37722 26994 876
14031 27085 877
27085 10857 877
10857 33535 877
33535 10741 877
10741 31662 877
31662 17316 877
17316 40999 877
40999 10573 877
10573 26282 877
26282 38067 877
38067 11832 877
11832 19336 877
19336 39022 877
39022 24137 877
24137 29275 877
29275 25522 877
25522 17144 877
17144 19923 877
19923 2661 877
2661 20026 877
20026 26416 877
26416 29624 877
29624 30156 877
30156 2332 877
2332 19875 877
19875 37255 877
37255 3593 877
3593 40686 877
40686 30388 877
30388 32461 877
32461 33799 877
33799 1492 877
1492 1364 877
1364 22540 877
22540 13061 877
13061 26992 877
26992 4688 877
4688 15749 877
15749 38230 877
38230 9489 877
4344 34340 878
34340 30886 878
30886 13644 878
13644 34294 878
34294 27297 878
27297 14788 878
14788 37279 878
37279 22169 878
22169 20056 878
20056 9713 878
9713 22516 878
22516 38358 878
38358 7515 878
7515 28353 878
28353 19678 878
19678 21583 878
21583 646 878
646 34319 878
34319 13199 878
13199 27523 878
27523 29848 878
29848 40325 878
40325 16458 878
16458 38987 878
38987 15631 878
15631 435 878
435 2599 878
2599 39011 878
39011 33483 878
33483 34975 878
34975 36830 878
36830 38864 878
38864 36896 878
36896 3750 878
3750 18629 878
18629 16038 878
16038 34558 878
34558 5548 878
5548 7590 878
7590 32695 878
8758 2647 879
2647 18875 879
18875 38372 879
38372 20561 879
20561 34917 879
34917 3008 879
3008 791 879
791 23125 879
23125 23285 879
23285 21979 879
21979 22726 879
22726 23907 879
23907 7486 879
7486 8086 879
8086 8133 879
8133 5746 879
5746 38722 879
38722 489 879
489 16026 879
16026 8793 879
8793 16694 879
16694 12201 879
12201 9318 879
9318 13883 879
13883 9047 879
9047 12249 879
12249 22655 879
22655 30557 879
30557 15065 879
15065 2010 879
2010 29815 879
29815 38668 879
38668 33644 879
33644 38025 879
38025 1762 879
1762 32644 879
32644 40720 879
40720 31314 879
31314 36059 879
36059 32186 879
7817 9567 880
9567 9935 880
9935 25516 880
25516 31358 880
31358 10844 880
10844 27902 880
27902 18301 880
18301 26681 880
26681 5261 880
5261 8414 880
8414 21785 880
21785 25731 880
25731 32508 880
32508 36940 880
36940 36539 880
36539 32408 880
32408 28676 880
28676 26358 880
26358 23797 880
23797 21553 880
21553 4029 880
4029 7041 880
7041 21044 880
21044 7364 880
7364 10156 880
10156 2318 880
2318 40641 880
40641 16432 880
16432 37180 880
37180 32749 880
32749 19017 880
19017 11400 880
11400 6463 880
6463 26038 880
26038 1179 880
1179 18588 880
18588 9020 880
9020 27297 880
27297 3168 880
3168 14368 880
35182 40305 881
40305 14250 881
14250 11228 881
11228 13255 881
13255 22930 881
22930 28819 881
28819 29441 881
29441 27624 881
27624 2966 881
2966 15968 881
15968 32647 881
32647 25935 881
25935 6774 881
6774 33920 881
33920 39123 881
39123 13776 881
13776 295 881
295 24848 881
24848 23919 881
23919 28828 881
28828 5177 881
5177 5765 881
5765 26310 881
26310 9315 881
9315 14631 881
14631 24031 881
24031 26133 881
26133 24394 881
24394 9100 881
9100 19676 881
19676 18161 881
18161 10098 881
10098 34148 881
34148 9626 881
9626 12451 881
12451 4441 881
4441 18722 881
18722 33879 881
33879 5210 881
5210 15540 881
20412 31190 882
31190 32740 882
32740 15108 882
15108 39419 882
39419 37094 882
37094 12676 882
12676 39318 882
39318 39452 882
39452 27728 882
27728 8210 882
8210 16022 882
16022 8082 882
8082 12511 882
12511 30530 882
30530 18341 882
18341 2575 882
2575 7168 882
7168 23398 882
23398 21783 882
21783 32016 882
32016 8469 882
8469 22666 882
22666 33778 882
33778 5936 882
5936 7370 882
7370 26095 882
26095 1280 882
1280 37424 882
37424 16665 882
16665 31605 882
31605 38277 882
38277 6513 882
6513 24926 882
24926 34464 882
34464 37959 882
37959 14549 882
14549 4686 882
4686 763 882
763 35356 882
35356 33465 882
38784 28933 883
28933 30155 883
30155 34165 883
34165 6138 883
6138 23544 883
23544 10639 883
10639 19736 883
19736 25498 883
25498 35761 883
35761 20031 883
20031 28560 883
28560 14937 883
14937 4605 883
4605 18804 883
18804 28076 883
28076 21172 883
21172 37341 883
37341 34097 883
34097 13335 883
13335 12580 883
12580 9537 883
9537 1102 883
1102 32962 883
32962 27534 883
27534 35340 883
35340 30051 883
30051 34481 883
34481 14819 883
14819 9644 883
9644 7740 883
7740 14684 883
14684 10167 883
10167 15105 883
15105 36211 883
36211 33618 883
33618 27290 883
27290 10916 883
10916 24738 883
24738 29221 883
29221 21399 883
39736 29216 884
29216 13126 884
13126 14219 884
14219 30670 884
30670 18716 884
18716 29829 884
29829 24592 884
24592 9683 884
9683 25879 884
25879 37191 884
37191 7584 884
7584 22261 884
22261 10333 884
10333 38342 884
38342 39533 884
39533 20341 884
20341 33234 884
33234 18931 884
18931 20645 884
20645 9372 884
9372 11141 884
11141 25305 884
25305 31111 884
31111 2829 884
2829 37659 884
37659 2553 884
2553 10571 884
10571 19239 884
19239 21349 884
21349 15370 884
15370 25932 884
25932 34844 884
34844 40681 884
40681 2742 884
2742 21441 884
21441 16505 884
16505 8466 884
8466 15242 884
15242 40963 884
40963 4692 884
17245 13246 885
13246 6490 885
6490 30867 885
30867 18255 885
18255 31687 885
31687 29550 885
29550 6389 885
6389 27851 885
27851 36020 885
36020 12650 885
12650 10384 885
10384 34050 885
34050 31385 885
31385 40124 885
40124 33305 885
33305 8991 885
8991 19278 885
19278 34820 885
34820 6439 885
6439 21086 885
21086 19155 885
19155 15267 885
15267 33641 885
33641 5201 885
5201 10179 885
10179 30457 885
30457 28560 885
28560 20817 885
20817 28788 885
28788 6009 885
6009 26024 885
26024 32667 885
32667 32634 885
32634 1290 885
1290 11957 885
11957 13043 885
13043 8179 885
8179 40121 885
40121 29250 885
29250 10845 885
39478 11615 886
11615 14148 886
14148 28258 886
28258 26416 886
26416 7970 886
7970 17314 886
17314 34374 886
34374 4299 886
4299 456 886
456 297 886
297 15861 886
15861 39073 886
39073 35934 886
35934 13575 886
13575 20804 886
20804 1394 886
1394 33438 886
33438 16939 886
16939 23 886
23 2372 886
2372 8 886
8 32130 886
32130 33090 886
33090 27473 886
27473 14785 886
14785 5716 886
5716 34066 886
34066 16819 886
16819 30805 886
30805 21903 886
21903 32949 886
32949 4167 886
4167 27656 886
27656 7488 886
7488 31282 886
31282 11794 886
11794 25636 886
25636 37567 886
37567 15697 886
15697 31874 886
18852 15965 887
15965 34875 887
34875 24462 887
24462 16039 887
16039 39644 887
39644 485 887
485 3767 887
3767 34796 887
34796 28958 887
28958 34725 887
34725 7480 887
7480 35372 887
35372 36382 887
36382 30573 887
30573 27523 887
27523 36471 887
36471 1861 887
1861 14522 887
14522 15686 887
15686 28570 887
28570 21655 887
21655 23856 887
23856 3306 887
3306 29278 887
29278 11113 887
11113 39970 887
39970 10930 887
10930 39841 887
39841 11405 887
11405 35707 887
35707 11187 887
11187 38622 887
38622 12755 887
12755 34852 887
34852 17389 887
17389 1637 887
1637 9939 887
9939 23941 887
23941 21945 887
21945 29607 887
5395 28729 888
28729 40211 888
40211 1524 888
1524 25844 888
25844 9640 888
9640 5727 888
5727 21678 888
21678 27308 888
27308 38063 888
38063 16183 888
16183 4728 888
4728 688 888
688 38307 888
38307 37519 888
37519 36959 888
36959 19114 888
19114 28042 888
28042 39369 888
39369 17838 888
17838 39299 888
39299 25759 888
25759 25227 888
25227 32377 888
32377 2072 888
2072 8535 888
8535 19834 888
19834 32151 888
32151 15109 888
15109 7494 888
7494 25612 888
25612 3202 888
3202 6401 888
6401 20139 888
20139 5658 888
5658 31873 888
31873 28368 888
28368 8129 888
8129 214 888
214 5336 888
5336 10575 888
19338 13238 889
13238 37758 889
37758 25324 889
25324 34028 889
34028 9 889
9 14735 889
14735 14566 889
14566 1061 889
1061 11260 889
11260 40505 889
40505 39245 889
39245 19168 889
19168 15466 889
15466 31318 889
31318 20412 889
20412 26405 889
26405 8941 889
8941 28300 889
28300 8901 889
8901 14717 889
14717 40255 889
40255 11468 889
11468 38914 889
38914 7739 889
7739 38595 889
38595 18822 889
18822 20219 889
20219 17791 889
17791 18893 889
18893 40061 889
40061 13855 889
13855 35770 889
35770 36319 889
36319 33989 889
33989 25333 889
25333 39670 889
39670 11645 889
11645 11859 889
11859 4131 889
4131 20322 889
6585 36612 890
36612 26545 890
26545 25553 890
25553 13847 890
13847 3889 890
3889 16254 890
16254 8109 890
8109 402 890
402 15340 890
15340 31858 890
31858 18584 890
18584 37319 890
37319 16513 890
16513 6338 890
6338 39562 890
39562 28728 890
28728 27343 890
27343 25469 890
25469 3483 890
3483 32197 890
32197 30967 890
30967 20022 890
20022 10801 890
10801 29167 890
29167 16796 890
16796 29553 890
29553 5559 890
5559 26910 890
26910 39453 890
39453 1319 890
1319 12231 890
12231 392 890
392 8322 890
8322 13339 890
13339 14815 890
14815 35343 890
35343 7277 890
7277 31785 890
31785 35387 890
35387 20311 890
6589 6845 891
6845 31391 891
31391 23138 891
23138 40469 891
40469 204 891
204 1379 891
1379 25548 891
25548 3418 891
3418 5531 891
5531 26454 891
26454 20135 891
20135 35783 891
35783 1857 891
1857 13930 891
13930 16160 891
16160 25604 891
25604 33105 891
33105 32260 891
32260 13516 891
13516 3927 891
3927 20596 891
20596 40357 891
40357 12138 891
12138 10644 891
10644 31563 891
31563 22016 891
22016 12533 891
12533 15956 891
15956 3580 891
3580 29102 891
29102 31900 891
31900 33368 891
33368 19378 891
19378 14221 891
14221 34918 891
34918 20040 891
20040 35765 891
35765 15679 891
15679 2675 891
2675 12589 891
37297 9243 892
9243 8980 892
8980 20340 892
20340 19859 892
19859 5018 892
5018 39200 892
39200 30162 892
30162 29081 892
29081 37221 892
37221 6377 892
6377 7851 892
7851 32059 892
32059 26501 892
26501 29978 892
29978 3191 892
3191 14649 892
14649 30060 892
30060 3955 892
3955 32634 892
32634 8281 892
8281 30741 892
30741 35865 892
35865 9613 892
9613 9940 892
9940 20048 892
20048 33058 892
33058 39263 892
39263 34951 892
34951 21273 892
21273 28832 892
28832 38329 892
38329 4102 892
4102 11423 892
11423 33474 892
33474 39586 892
39586 3148 892
3148 34017 892
34017 14155 892
14155 39887 892
39887 24418 892
5328 20182 893
20182 10315 893
10315 4717 893
4717 34144 893
34144 24723 893
24723 4654 893
4654 28018 893
28018 29403 893
29403 37101 893
37101 24803 893
24803 20354 893
20354 9978 893
9978 1796 893
1796 26640 893
26640 16794 893
16794 23111 893
23111 34835 893
34835 33448 893
33448 35607 893
35607 29253 893
29253 15151 893
15151 8315 893
8315 34547 893
34547 23706 893
23706 22003 893
22003 34854 893
34854 31760 893
31760 24275 893
24275 19783 893
19783 34838 893
34838 6845 893
6845 39556 893
39556 23006 893
23006 3881 893
3881 10062 893
10062 16051 893
16051 26511 893
26511 12314 893
12314 14944 893
14944 33806 893
18191 10825 894
10825 27683 894
27683 8770 894
8770 33701 894
33701 17614 894
17614 39531 894
39531 566 894
566 6385 894
6385 29611 894
29611 13084 894
13084 6877 894
6877 11376 894
11376 33918 894
33918 8618 894
8618 19980 894
19980 31178 894
31178 16354 894
16354 22595 894
22595 16966 894
16966 16846 894
16846 8207 894
8207 36949 894
36949 18720 894
18720 37651 894
37651 18390 894
18390 16176 894
16176 13986 894
13986 18509 894
18509 6799 894
6799 4891 894
4891 6122 894
6122 9267 894
9267 7868 894
7868 20154 894
20154 38440 894
38440 35613 894
35613 29369 894
29369 9656 894
9656 19352 894
19352 2142 894
34183 33733 895
33733 24731 895
24731 12195 895
12195 10033 895
10033 32765 895
32765 21463 895
21463 22052 895
22052 17568 895
17568 27970 895
27970 4238 895
4238 34549 895
34549 34907 895
34907 35878 895
35878 20998 895
20998 29491 895
29491 3194 895
3194 1819 895
1819 93 895
93 34863 895
34863 33015 895
33015 29910 895
29910 23784 895
23784 16291 895
16291 8447 895
8447 10358 895
10358 33407 895
33407 17435 895
17435 2682 895
2682 17006 895
17006 14982 895
14982 35289 895
35289 27696 895
27696 36132 895
36132 15974 895
15974 38399 895
38399 29388 895
29388 35899 895
35899 26148 895
26148 6931 895
6931 21148 895
37059 10399 896
10399 2264 896
2264 27904 896
27904 28306 896
28306 35956 896
35956 16320 896
16320 38289 896
38289 37057 896
37057 9885 896
9885 16844 896
16844 21817 896
21817 17988 896
17988 6905 896
6905 28572 896
28572 35431 896
35431 27170 896
27170 33836 896
33836 12573 896
12573 2268 896
2268 21792 896
21792 27636 896
27636 6818 896
6818 14676 896
14676 87 896
87 11928 896
11928 34971 896
34971 2314 896
2314 23287 896
23287 11333 896
11333 26035 896
26035 35363 896
35363 26900 896
26900 32197 896
32197 17002 896
17002 6764 896
6764 19809 896
19809 19068 896
19068 31656 896
31656 40810 896
40810 40662 896
11597 15566 897
15566 30591 897
30591 36806 897
36806 30967 897
30967 38065 897
38065 39269 897
39269 6369 897
6369 21949 897
21949 37280 897
37280 9742 897
9742 21149 897
21149 12946 897
12946 13831 897
13831 13823 897
13823 17818 897
17818 13043 897
13043 25429 897
25429 7696 897
7696 40256 897
40256 17383 897
17383 18929 897
18929 20173 897
20173 15506 897
15506 17936 897
17936 20246 897
20246 16244 897
16244 15400 897
15400 2407 897
2407 40850 897
40850 25352 897
25352 15089 897
15089 1992 897
1992 31817 897
31817 24240 897
24240 10889 897
10889 5594 897
5594 27580 897
27580 16790 897
16790 9844 897
9844 9004 897
9957 21346 898
21346 1766 898
1766 25570 898
25570 16147 898
16147 40716 898
40716 2517 898
2517 27833 898
27833 6379 898
6379 14429 898
14429 18236 898
18236 32871 898
32871 22652 898
22652 15242 898
15242 21436 898
21436 26408 898
26408 30304 898
30304 35000 898
35000 9426 898
9426 20698 898
20698 4726 898
4726 4468 898
4468 17523 898
17523 7430 898
7430 34366 898
34366 6573 898
6573 28300 898
28300 1158 898
1158 26019 898
26019 36215 898
36215 10170 898
10170 10574 898
10574 28694 898
28694 37138 898
37138 9391 898
9391 40540 898
40540 24949 898
24949 22343 898
22343 28280 898
28280 21465 898
21465 6709 898
26941 40620 899
40620 27634 899
27634 17970 899
17970 6746 899
6746 39888 899
39888 39415 899
39415 33349 899
33349 17413 899
17413 30615 899
30615 16944 899
16944 5480 899
5480 7682 899
7682 6734 899
6734 5535 899
5535 38292 899
38292 11172 899
11172 39882 899
39882 148 899
148 9756 899
9756 40676 899
40676 32225 899
32225 30174 899
30174 32367 899
32367 22241 899
22241 35602 899
35602 19879 899
19879 21034 899
21034 34022 899
34022 20134 899
20134 25363 899
25363 23342 899
23342 33110 899
33110 27451 899
27451 24523 899
24523 31607 899
31607 35291 899
35291 3627 899
3627 29823 899
29823 29774 899
29774 10459 899
29704 32613 900
32613 28167 900
28167 34521 900
34521 17860 900
17860 9315 900
9315 7175 900
7175 37615 900
37615 13621 900
13621 1464 900
1464 35517 900
35517 24310 900
24310 38571 900
38571 39343 900
39343 10492 900
10492 18495 900
18495 40970 900
40970 9504 900
9504 8564 900
8564 4965 900
4965 33185 900
33185 11497 900
11497 14768 900
14768 18183 900
18183 15850 900
15850 31654 900
31654 14211 900
14211 20333 900
20333 18138 900
18138 11686 900
11686 16615 900
16615 19366 900
19366 38915 900
38915 25594 900
25594 7816 900
7816 2079 900
2079 7543 900
7543 24773 900
24773 2196 900
2196 25655 900
25655 39402 900
37587 16743 901
16743 23570 901
23570 35289 901
35289 28564 901
28564 2409 901
2409 25152 901
25152 33857 901
33857 19131 901
19131 39286 901
39286 19433 901
19433 6056 901
6056 34931 901
34931 32694 901
32694 12176 901
12176 39124 901
39124 6585 901
6585 6203 901
6203 30659 901
30659 30049 901
30049 26417 901
26417 13288 901
13288 19701 901
19701 8962 901
8962 821 901
821 18770 901
18770 15860 901
15860 30412 901
30412 8947 901
8947 9270 901
9270 24841 901
24841 8828 901
8828 33668 901
33668 17330 901
17330 20778 901
20778 27868 901
27868 2293 901
2293 13134 901
13134 20218 901
20218 17806 901
17806 33729 901
11308 15309 902
15309 38618 902
38618 12114 902
12114 28776 902
28776 18474 902
18474 31771 902
31771 13882 902
13882 23996 902
23996 22945 902
22945 23001 902
23001 541 902
541 16790 902
16790 27529 902
27529 21516 902
21516 14933 902
14933 39690 902
39690 31664 902
31664 18881 902
18881 38443 902
38443 28160 902
28160 21619 902
21619 19162 902
19162 11460 902
11460 35428 902
35428 22460 902
22460 7614 902
7614 29102 902
29102 31536 902
31536 31815 902
31815 27017 902
27017 30767 902
30767 31391 902
31391 37743 902
37743 25502 902
25502 28970 902
28970 34255 902
34255 13029 902
13029 30165 902
30165 10364 902
10364 11863 902
26616 23781 903
23781 16439 903
16439 29012 903
29012 25778 903
25778 29347 903
29347 32478 903
32478 24548 903
24548 38538 903
38538 37880 903
37880 21502 903
21502 23362 903
23362 9517 903
9517 40872 903
40872 34320 903
34320 31008 903
31008 19193 903
19193 31270 903
31270 26534 903
26534 36569 903
36569 25731 903
25731 463 903
463 11845 903
11845 25812 903
25812 40463 903
40463 26619 903
26619 27214 903
27214 3673 903
3673 34548 903
34548 35232 903
35232 8493 903
8493 27523 903
27523 559 903
559 10768 903
10768 12189 903
12189 37037 903
37037 22730 903
22730 2004 903
2004 39624 903
39624 8604 903
8604 10180 903
31675 5137 904
5137 18339 904
18339 1103 904
1103 40965 904
40965 36421 904
36421 33008 904
33008 27254 904
27254 5453 904
5453 20441 904
20441 21548 904
21548 904 904
904 19868 904
19868 18275 904
18275 14611 904
14611 3811 904
3811 18375 904
18375 23855 904
23855 1892 904
1892 39816 904
39816 39090 904
39090 37009 904
37009 23863 904
23863 21339 904
21339 15407 904
15407 36180 904
36180 19712 904
19712 9206 904
9206 6202 904
6202 26609 904
26609 15300 904
15300 33763 904
33763 30779 904
30779 32254 904
32254 5863 904
5863 29640 904
29640 23836 904
23836 17336 904
17336 15336 904
15336 155 904
155 13493 904
2042 36906 905
36906 37310 905
37310 23839 905
23839 37806 905
37806 13477 905
13477 37469 905
37469 19270 905
19270 2086 905
2086 33017 905
33017 13771 905
13771 35580 905
35580 11032 905
11032 26772 905
26772 22678 905
22678 4778 905
4778 24671 905
24671 24656 905
24656 35389 905
35389 6051 905
6051 3066 905
3066 16175 905
16175 26217 905
26217 21390 905
21390 38917 905
38917 28370 905
28370 3465 905
3465 16755 905
16755 30262 905
30262 8404 905
8404 25022 905
25022 25905 905
25905 11124 905
11124 27175 905
27175 8655 905
8655 20824 905
20824 2106 905
2106 24530 905
24530 8454 905
8454 25399 905
25399 24153 905
38514 12522 906
12522 36153 906
36153 34716 906
34716 30117 906
30117 25396 906
25396 8867 906
8867 27580 906
27580 29968 906
29968 25927 906
25927 374 906
374 16590 906
16590 32773 906
32773 5135 906
5135 8275 906
8275 25527 906
25527 26762 906
26762 36877 906
36877 20254 906
20254 37302 906
37302 5247 906
5247 12182 906
12182 1794 906
1794 9608 906
9608 33502 906
33502 7601 906
7601 18176 906
18176 38572 906
38572 31524 906
31524 10760 906
10760 10765 906
10765 37085 906
37085 35867 906
35867 3436 906
3436 14498 906
14498 4208 906
4208 36484 906
36484 3841 906
3841 19229 906
19229 37878 906
37878 12878 906
15036 13218 907
13218 40241 907
40241 32175 907
32175 26288 907
26288 16849 907
16849 18799 907
18799 35634 907
35634 35302 907
35302 34820 907
34820 25559 907
25559 107 907
107 30898 907
30898 28773 907
28773 19925 907
19925 33070 907
33070 15904 907
15904 11320 907
11320 36935 907
36935 34557 907
34557 38331 907
38331 35257 907
35257 29874 907
29874 8205 907
8205 28040 907
28040 15370 907
15370 39706 907
39706 19154 907
19154 24417 907
24417 15327 907
15327 458 907
458 1024 907
1024 28313 907
28313 8248 907
8248 10374 907
10374 6821 907
6821 2573 907
2573 37949 907
37949 6013 907
6013 17715 907
17715 16181 907
19560 2095 908
2095 33073 908
33073 4159 908
4159 22240 908
22240 32838 908
32838 34732 908
34732 6148 908
6148 7101 908
7101 13995 908
13995 2521 908
2521 11161 908
11161 30277 908
30277 12605 908
12605 6788 908
6788 31984 908
31984 30032 908
30032 22959 908
22959 40705 908
40705 2654 908
2654 9946 908
9946 5093 908
5093 16341 908
16341 5848 908
5848 18752 908
18752 8785 908
8785 23182 908
23182 2325 908
2325 23658 908
23658 38218 908
38218 28335 908
28335 857 908
857 16630 908
16630 27758 908
27758 6237 908
6237 40278 908
40278 27818 908
27818 27305 908
27305 8470 908
8470 10257 908
10257 1207 908
26233 28569 909
28569 999 909
999 35190 909
35190 8115 909
8115 3088 909
3088 4448 909
4448 10595 909
10595 9144 909
9144 11833 909
11833 36481 909
36481 10143 909
10143 2629 909
2629 12022 909
12022 40201 909
40201 29941 909
29941 37738 909
37738 7149 909
7149 4424 909
4424 14290 909
14290 1758 909
1758 6561 909
6561 35475 909
35475 17759 909
17759 28775 909
28775 33940 909
33940 16798 909
16798 36755 909
36755 40091 909
40091 11889 909
11889 19120 909
19120 35167 909
35167 10721 909
10721 4607 909
4607 1561 909
1561 14577 909
14577 5002 909
5002 20485 909
20485 37056 909
37056 6819 909
6819 7921 909
11190 6399 910
6399 25342 910
25342 8635 910
8635 15985 910
15985 24072 910
24072 5314 910
5314 4560 910
4560 25087 910
25087 20773 910
20773 12136 910
12136 16242 910
16242 35490 910
35490 4288 910
4288 38235 910
38235 19665 910
19665 40984 910
40984 15818 910
15818 33247 910
33247 33972 910
33972 7243 910
7243 1847 910
1847 36436 910
36436 20251 910
20251 7685 910
7685 1029 910
1029 14247 910
14247 32020 910
32020 7889 910
7889 22408 910
22408 1818 910
1818 19793 910
19793 40620 910
40620 10529 910
10529 9707 910
9707 22519 910
22519 33771 910
33771 15164 910
15164 19159 910
19159 15330 910
15330 698 910
14343 37699 911
37699 1753 911
1753 26405 911
26405 12228 911
12228 36022 911
36022 13665 911
13665 33738 911
33738 24485 911
24485 28518 911
28518 15362 911
15362 11327 911
11327 729 911
729 39866 911
39866 31195 911
31195 22081 911
22081 37290 911
37290 20618 911
20618 385 911
385 34436 911
34436 20344 911
20344 19810 911
19810 32750 911
32750 33206 911
33206 26951 911
26951 1655 911
1655 995 911
995 14539 911
14539 40156 911
40156 28318 911
28318 10046 911
10046 15620 911
15620 29420 911
29420 9195 911
9195 5087 911
5087 19320 911
19320 25189 911
25189 15806 911
15806 38470 911
38470 22072 911
22072 34598 911
6137 29164 912
29164 16859 912
16859 1967 912
1967 31075 912
31075 25477 912
25477 17426 912
17426 18107 912
18107 39094 912
39094 14631 912
14631 14453 912
14453 31527 912
31527 18948 912
18948 9889 912
9889 16510 912
16510 9191 912
9191 35926 912
35926 19097 912
19097 40467 912
40467 40738 912
40738 20042 912
20042 17720 912
17720 11890 912
11890 21103 912
21103 1342 912
1342 14230 912
14230 7219 912
7219 7236 912
7236 40930 912
40930 7701 912
7701 10572 912
10572 4526 912
4526 21922 912
21922 20084 912
20084 21298 912
21298 19931 912
19931 25748 912
25748 37597 912
37597 810 912
810 8248 912
8248 38485 912
38811 24014 913
24014 17711 913
17711 32851 913
32851 21879 913
21879 32920 913
32920 847 913
847 30153 913
30153 2226 913
2226 35990 913
35990 11341 913
11341 18633 913
18633 26914 913
26914 3946 913
3946 4463 913
4463 16935 913
16935 40765 913
40765 11988 913
11988 348 913
348 30870 913
30870 18331 913
18331 5976 913
5976 10587 913
10587 34171 913
34171 21305 913
21305 889 913
889 13596 913
13596 20511 913
20511 8144 913
8144 37608 913
37608 35353 913
35353 16568 913
16568 4018 913
4018 32279 913
32279 6900 913
6900 14395 913
14395 26857 913
26857 34598 913
34598 37472 913
37472 20658 913
20658 13816 913
17641 6879 914
6879 7600 914
7600 27409 914
27409 40020 914
40020 278 914
278 16600 914
16600 6086 914
6086 4114 914
4114 38242 914
38242 34316 914
34316 2873 914
2873 7923 914
7923 22612 914
22612 38715 914
38715 3785 914
3785 17161 914
17161 34786 914
34786 39267 914
39267 38174 914
38174 40833 914
40833 29283 914
29283 12202 914
12202 38970 914
38970 32572 914
32572 37326 914
37326 2218 914
2218 40689 914
40689 2107 914
2107 15685 914
15685 18752 914
18752 32976 914
32976 1803 914
1803 541 914
541 17842 914
17842 31825 914
31825 1024 914
1024 39240 914
39240 32415 914
32415 13391 914
13391 39154 914
7194 3981 915
3981 35928 915
35928 8782 915
8782 22779 915
22779 7783 915
7783 27244 915
27244 23971 915
23971 33725 915
33725 12218 915
12218 38995 915
38995 2050 915
2050 32949 915
32949 13869 915
13869 15586 915
15586 21000 915
21000 34606 915
34606 28026 915
28026 6867 915
6867 3152 915
3152 6790 915
6790 8718 915
8718 5747 915
5747 2589 915
2589 17389 915
17389 29481 915
29481 18648 915
18648 4503 915
4503 16238 915
16238 2183 915
2183 5210 915
5210 20335 915
20335 30267 915
30267 20759 915
20759 22960 915
22960 17971 915
17971 29278 915
29278 39166 915
39166 16957 915
16957 17897 915
17897 30388 915
34118 18153 916
18153 575 916
575 6704 916
6704 22628 916
22628 25415 916
25415 29427 916
29427 27485 916
27485 12746 916
12746 13229 916
13229 11189 916
11189 36428 916
36428 4750 916
4750 5915 916
5915 35748 916
35748 37157 916
37157 26746 916
26746 4469 916
4469 38402 916
38402 21019 916
21019 18306 916
18306 31051 916
31051 38209 916
38209 15429 916
15429 37287 916
37287 14074 916
14074 23874 916
23874 11233 916
11233 9048 916
9048 13563 916
13563 19793 916
19793 11835 916
11835 734 916
734 4650 916
4650 20055 916
20055 16688 916
16688 30661 916
30661 31547 916
31547 6304 916
6304 39995 916
39995 14681 916
20495 40506 917
40506 12150 917
12150 4814 917
4814 31917 917
31917 27442 917
27442 3247 917
3247 34038 917
34038 39414 917
39414 4661 917
4661 17662 917
17662 16008 917
16008 6702 917
6702 316 917
316 20423 917
20423 20933 917
20933 31469 917
31469 39170 917
39170 19308 917
19308 12766 917
12766 17932 917
17932 35146 917
35146 13160 917
13160 4139 917
4139 39441 917
39441 15578 917
15578 30307 917
30307 3281 917
3281 17579 917
17579 4049 917
4049 16549 917
16549 1560 917
1560 35592 917
35592 9268 917
9268 40798 917
40798 12104 917
12104 15570 917
15570 11313 917
11313 3622 917
3622 21047 917
21047 12122 917
16117 6181 918
6181 5199 918
5199 4823 918
4823 33938 918
33938 38636 918
38636 18259 918
18259 38255 918
38255 20034 918
20034 2573 918
2573 31960 918
31960 7794 918
7794 37302 918
37302 27757 918
27757 3420 918
3420 1627 918
1627 22061 918
22061 23572 918
23572 27462 918
27462 29074 918
29074 8684 918
8684 39498 918
39498 16452 918
16452 15741 918
15741 17861 918
17861 46 918
46 15589 918
15589 27644 918
27644 30741 918
30741 35275 918
35275 14190 918
14190 13162 918
13162 39066 918
39066 31003 918
31003 24864 918
24864 2925 918
2925 4207 918
4207 22621 918
22621 19177 918
19177 1343 918
1343 15764 918
27378 36649 919
36649 39943 919
39943 26574 919
26574 23656 919
23656 9113 919
9113 27469 919
27469 14437 919
14437 31672 919
31672 447 919
447 15044 919
15044 9100 919
9100 21642 919
21642 6410 919
6410 3147 919
3147 17209 919
17209 4753 919
4753 19516 919
19516 30815 919
30815 25990 919
25990 1139 919
1139 17819 919
17819 11967 919
11967 18658 919
18658 8436 919
8436 28898 919
28898 19155 919
19155 14944 919
14944 10228 919
10228 23962 919
23962 21827 919
21827 31126 919
31126 19031 919
19031 36197 919
36197 31290 919
31290 31639 919
31639 15057 919
15057 38871 919
38871 6441 919
6441 13249 919
13249 26382 919
20417 2023 920
2023 40959 920
40959 28490 920
28490 33735 920
33735 2715 920
2715 913 920
913 17114 920
17114 13214 920
13214 17446 920
17446 37495 920
37495 16688 920
16688 26920 920
26920 23571 920
23571 14118 920
14118 6256 920
6256 40079 920
40079 20175 920
20175 30801 920
30801 16246 920
16246 40673 920
40673 28944 920
28944 28000 920
28000 2607 920
2607 20141 920
20141 22883 920
22883 37830 920
37830 8283 920
8283 23355 920
23355 20832 920
20832 28099 920
28099 14692 920
14692 5283 920
5283 39130 920
39130 21746 920
21746 15145 920
15145 26121 920
26121 40319 920
40319 30834 920
30834 29200 920
29200 16790 920
23758 22226 921
22226 26495 921
26495 14220 921
14220 17842 921
17842 14017 921
14017 35257 921
35257 9824 921
9824 1148 921
1148 6261 921
6261 35441 921
35441 31527 921
31527 6494 921
6494 30188 921
30188 278 921
278 8474 921
8474 31491 921
31491 34054 921
34054 19122 921
19122 13507 921
13507 19435 921
19435 39469 921
39469 40026 921
40026 12334 921
12334 22897 921
22897 35609 921
35609 14148 921
14148 15622 921
15622 36589 921
36589 2735 921
2735 36982 921
36982 33676 921
33676 6014 921
6014 22625 921
22625 38592 921
38592 31281 921
31281 16075 921
16075 5325 921
5325 11558 921
11558 29932 921
29932 19145 921
28896 5088 922
5088 39959 922
39959 15788 922
15788 25226 922
25226 26513 922
26513 25 922
25 30302 922
30302 36791 922
36791 29780 922
29780 13972 922
13972 24496 922
24496 17761 922
17761 5656 922
5656 2612 922
2612 19512 922
19512 7984 922
7984 14855 922
14855 11907 922
11907 24555 922
24555 8796 922
8796 6604 922
6604 26860 922
26860 4469 922
4469 14988 922
14988 22778 922
22778 34653 922
34653 15033 922
15033 14176 922
14176 737 922
737 4298 922
4298 37885 922
37885 21274 922
21274 24036 922
24036 23152 922
23152 32262 922
32262 752 922
752 25811 922
25811 163 922
163 29327 922
29327 13240 922
37523 27443 923
27443 33963 923
33963 7614 923
7614 37328 923
37328 1876 923
1876 28883 923
28883 40247 923
40247 3491 923
3491 23014 923
23014 21064 923
21064 157 923
157 26947 923
26947 29760 923
29760 16289 923
16289 28029 923
28029 22021 923
22021 39901 923
39901 27872 923
27872 33361 923
33361 15175 923
15175 38696 923
38696 23500 923
23500 16185 923
16185 26989 923
26989 30646 923
30646 17716 923
17716 11456 923
11456 35157 923
35157 31622 923
31622 40924 923
40924 8985 923
8985 38146 923
38146 7053 923
7053 39019 923
39019 8758 923
8758 22963 923
22963 27037 923
27037 13386 923
13386 22703 923
22703 13486 923
13427 34805 924
34805 33124 924
33124 210 924
210 14282 924
14282 33031 924
33031 32952 924
32952 17715 924
17715 39295 924
39295 7000 924
7000 3167 924
3167 1464 924
1464 5952 924
5952 12500 924
12500 19973 924
19973 14486 924
14486 2023 924
2023 29897 924
29897 15378 924
15378 27705 924
27705 29829 924
29829 33759 924
33759 17415 924
17415 26328 924
26328 37236 924
37236 14599 924
14599 23088 924
23088 6128 924
6128 23168 924
23168 21789 924
21789 2846 924
2846 31990 924
31990 6430 924
6430 37501 924
37501 4545 924
4545 35013 924
35013 28379 924
28379 3156 924
3156 13982 924
13982 10124 924
10124 4833 924
10591 31691 925
31691 39722 925
39722 2923 925
2923 16381 925
16381 30067 925
30067 38200 925
38200 40989 925
40989 9749 925
9749 16298 925
16298 7276 925
7276 804 925
804 49 925
49 31984 925
31984 20859 925
20859 31118 925
31118 27247 925
27247 5579 925
5579 19492 925
19492 34220 925
34220 20320 925
20320 37873 925
37873 185 925
185 28481 925
28481 29332 925
29332 6734 925
6734 39690 925
39690 34213 925
34213 13555 925
13555 23204 925
23204 36820 925
36820 12327 925
12327 30074 925
30074 16885 925
16885 19152 925
19152 15301 925
15301 17906 925
17906 35665 925
35665 19768 925
19768 31838 925
31838 25414 925
6867 17921 926
17921 17718 926
17718 29556 926
29556 20859 926
20859 28824 926
28824 32261 926
32261 29206 926
29206 37592 926
37592 7511 926
7511 31182 926
31182 18938 926
18938 32297 926
32297 26250 926
26250 14224 926
14224 35993 926
35993 30783 926
30783 16906 926
16906 35474 926
35474 15299 926
15299 21115 926
21115 14106 926
14106 4186 926
4186 9928 926
9928 25054 926
25054 33324 926
33324 17959 926
17959 20535 926
20535 16444 926
16444 19582 926
19582 15896 926
15896 1118 926
1118 7271 926
7271 2462 926
2462 14307 926
14307 18996 926
18996 39289 926
39289 33129 926
33129 30040 926
30040 5258 926
5258 12902 926
10010 38652 927
38652 5943 927
5943 1872 927
1872 795 927
795 33834 927
33834 26294 927
26294 25569 927
25569 28605 927
28605 28401 927
28401 848 927
848 20796 927
20796 34151 927
34151 31059 927
31059 3843 927
3843 4801 927
4801 3893 927
3893 23141 927
23141 5155 927
5155 18445 927
18445 32621 927
32621 37755 927
37755 10077 927
10077 20312 927
20312 27 927
27 32 927
32 3797 927
3797 20179 927
20179 26878 927
26878 2309 927
2309 8298 927
8298 5437 927
5437 20475 927
20475 16240 927
16240 19521 927
19521 18049 927
18049 15083 927
15083 24158 927
24158 40418 927
40418 31988 927
31988 18927 927
9600 234 928
234 3224 928
3224 14764 928
14764 24500 928
24500 40456 928
40456 3565 928
3565 12666 928
12666 662 928
662 9008 928
9008 32856 928
32856 6595 928
6595 20978 928
20978 24555 928
24555 19554 928
19554 29189 928
29189 21990 928
21990 16124 928
16124 33063 928
33063 18097 928
18097 313 928
313 11166 928
11166 28177 928
28177 36807 928
36807 15844 928
15844 5806 928
5806 23252 928
23252 24551 928
24551 12180 928
12180 20223 928
20223 16123 928
16123 14951 928
14951 14584 928
14584 36128 928
36128 17137 928
17137 15659 928
15659 12096 928
12096 29226 928
29226 20829 928
20829 40908 928
40908 25398 928
39359 6616 929
6616 23541 929
23541 37804 929
37804 26697 929
26697 11160 929
11160 21094 929
21094 40754 929
40754 22617 929
22617 15903 929
15903 6460 929
6460 4821 929
4821 29877 929
29877 9364 929
9364 5090 929
5090 38029 929
38029 34144 929
34144 7503 929
7503 9205 929
9205 20993 929
20993 29015 929
29015 10889 929
10889 3787 929
3787 5012 929
5012 6094 929
6094 37317 929
37317 26894 929
26894 3639 929
3639 40694 929
40694 10893 929
10893 4554 929
4554 34224 929
34224 7800 929
7800 28422 929
28422 37762 929
37762 10788 929
10788 5872 929
5872 30964 929
30964 9152 929
9152 3503 929
3503 17162 929
4695 33448 930
33448 26423 930
26423 8203 930
8203 9177 930
9177 1279 930
1279 40731 930
40731 1552 930
1552 29507 930
29507 20313 930
20313 40982 930
40982 2101 930
2101 25937 930
25937 33515 930
33515 26266 930
26266 22348 930
22348 7188 930
7188 30397 930
30397 20046 930
20046 29165 930
29165 38606 930
38606 17787 930
17787 4380 930
4380 27024 930
27024 32248 930
32248 4444 930
4444 1335 930
1335 29404 930
29404 24869 930
24869 27634 930
27634 31232 930
31232 15609 930
15609 24776 930
24776 977 930
977 9140 930
9140 15281 930
15281 25143 930
25143 29541 930
29541 36320 930
36320 35899 930
35899 24785 930
1390 10071 931
10071 31279 931
31279 32835 931
32835 17537 931
17537 29883 931
29883 18604 931
18604 11032 931
11032 23344 931
23344 15926 931
15926 18799 931
18799 2535 931
2535 16006 931
16006 23843 931
23843 10195 931
10195 22251 931
22251 7441 931
7441 12605 931
12605 35008 931
35008 38153 931
38153 25865 931
25865 25007 931
25007 21761 931
21761 12863 931
12863 18755 931
18755 1689 931
1689 39183 931
39183 26149 931
26149 39912 931
39912 6793 931
6793 22920 931
22920 24604 931
24604 10828 931
10828 36184 931
36184 16371 931
16371 30968 931
30968 17089 931
17089 21189 931
21189 9442 931
9442 7808 931
7808 37594 931
15669 15760 932
15760 6605 932
6605 31068 932
31068 11714 932
11714 8230 932
8230 15611 932
15611 26958 932
26958 5924 932
5924 1860 932
1860 36555 932
36555 830 932
830 1726 932
1726 12516 932
12516 34068 932
34068 8319 932
8319 5075 932
5075 5232 932
5232 311 932
311 26018 932
26018 6654 932
6654 34846 932
34846 39568 932
39568 38105 932
38105 34460 932
34460 15883 932
15883 13876 932
13876 35301 932
35301 32164 932
32164 1163 932
1163 30676 932
30676 19197 932
19197 15841 932
15841 26827 932
26827 3325 932
3325 38354 932
38354 14611 932
14611 23172 932
23172 32858 932
32858 5605 932
5605 10973 932
26603 9125 933
9125 27193 933
27193 20916 933
20916 23559 933
23559 5439 933
5439 29950 933
29950 25652 933
25652 320 933
320 7815 933
7815 15256 933
15256 9290 933
9290 31315 933
31315 12323 933
12323 1844 933
1844 40659 933
40659 15809 933
15809 33757 933
33757 2029 933
2029 40893 933
40893 2174 933
2174 24649 933
24649 36145 933
36145 32958 933
32958 36468 933
36468 18830 933
18830 13347 933
13347 33292 933
33292 6193 933
6193 28312 933
28312 37189 933
37189 37008 933
37008 20961 933
20961 39220 933
39220 936 933
936 5733 933
5733 29493 933
29493 24971 933
24971 10010 933
10010 7583 933
7583 23850 933
32724 29617 934
29617 15818 934
15818 38511 934
38511 7912 934
7912 11714 934
11714 5378 934
5378 16340 934
16340 26168 934
26168 21758 934
21758 40726 934
40726 2727 934
2727 20869 934
20869 197 934
197 35961 934
35961 12638 934
12638 2802 934
2802 26427 934
26427 3906 934
3906 32898 934
32898 6221 934
6221 38653 934
38653 11023 934
11023 14223 934
14223 3455 934
3455 26542 934
26542 9903 934
9903 40276 934
40276 24562 934
24562 23769 934
23769 17316 934
17316 36164 934
36164 3361 934
3361 39306 934
39306 14762 934
14762 1852 934
1852 27019 934
27019 5844 934
5844 27853 934
27853 7811 934
7811 30439 934
38580 40178 935
40178 944 935
944 6074 935
6074 35704 935
35704 4731 935
4731 38400 935
38400 36766 935
36766 3670 935
3670 38190 935
38190 5104 935
5104 14990 935
14990 6052 935
6052 36487 935
36487 7865 935
7865 11125 935
11125 8102 935
8102 25883 935
25883 3444 935
3444 40865 935
40865 2919 935
2919 11010 935
11010 36419 935
36419 22760 935
22760 359 935
359 37479 935
37479 39713 935
39713 35787 935
35787 34746 935
34746 33840 935
33840 17765 935
17765 37806 935
37806 19309 935
19309 5554 935
5554 2045 935
2045 28458 935
28458 35918 935
35918 22809 935
22809 40211 935
40211 4330 935
4330 8234 935
3645 26568 936
26568 9490 936
9490 3168 936
3168 27552 936
27552 19953 936
19953 17923 936
17923 12425 936
12425 2504 936
2504 34717 936
34717 9873 936
9873 7806 936
7806 2034 936
2034 36563 936
36563 39181 936
39181 25311 936
25311 32391 936
32391 9768 936
9768 10553 936
10553 6564 936
6564 32178 936
32178 30299 936
30299 15108 936
15108 36384 936
36384 37561 936
37561 26099 936
26099 5323 936
5323 40468 936
40468 32109 936
32109 8869 936
8869 20000 936
20000 5499 936
5499 23138 936
23138 5746 936
5746 34878 936
34878 32225 936
32225 17332 936
17332 30712 936
30712 10968 936
10968 11103 936
11103 26231 936
29860 9153 937
9153 26736 937
26736 29156 937
29156 18256 937
18256 3676 937
3676 12047 937
12047 11320 937
11320 37238 937
37238 15310 937
15310 26198 937
26198 14728 937
14728 2902 937
2902 21328 937
21328 25649 937
25649 6238 937
6238 2031 937
2031 7564 937
7564 36616 937
36616 32635 937
32635 19278 937
19278 32401 937
32401 11021 937
11021 24466 937
24466 21122 937
21122 36723 937
36723 39041 937
39041 28882 937
28882 9225 937
9225 32499 937
32499 6177 937
6177 29753 937
29753 20125 937
20125 15593 937
15593 25816 937
25816 14603 937
14603 35675 937
35675 17568 937
17568 40874 937
40874 32047 937
32047 20158 937
33237 2691 938
2691 22540 938
22540 36553 938
36553 31108 938
31108 6221 938
6221 8523 938
8523 17252 938
17252 19762 938
19762 28941 938
28941 7933 938
7933 26119 938
26119 40315 938
40315 40780 938
40780 4804 938
4804 10086 938
10086 35782 938
35782 11413 938
11413 26009 938
26009 9844 938
9844 27291 938
27291 35807 938
35807 23076 938
23076 12835 938
12835 19650 938
19650 29816 938
29816 20553 938
20553 12169 938
12169 4941 938
4941 14996 938
14996 30558 938
30558 9103 938
9103 38824 938
38824 25283 938
25283 15567 938
15567 39424 938
39424 5748 938
5748 33299 938
33299 14121 938
14121 20129 938
20129 5676 938
2103 31437 939
31437 16378 939
16378 26300 939
26300 33386 939
33386 22693 939
22693 4486 939
4486 27559 939
27559 596 939
596 17531 939
17531 23024 939
23024 21352 939
21352 15337 939
15337 37790 939
37790 15940 939
15940 30831 939
30831 19592 939
19592 5503 939
5503 12372 939
12372 8557 939
8557 32736 939
32736 30937 939
30937 13355 939
13355 4547 939
4547 26470 939
26470 6482 939
6482 19808 939
19808 33072 939
33072 24121 939
24121 37176 939
37176 11796 939
11796 24912 939
24912 39883 939
39883 24157 939
24157 38404 939
38404 12378 939
12378 14481 939
14481 34793 939
34793 759 939
759 11408 939
11408 31560 939
15213 36364 940
36364 28364 940
28364 4165 940
4165 35922 940
35922 12418 940
12418 36683 940
36683 37116 940
37116 30236 940
30236 17126 940
17126 37624 940
37624 21370 940
21370 5073 940
5073 20322 940
20322 26563 940
26563 19571 940
19571 35178 940
35178 9268 940
9268 38319 940
38319 771 940
771 33702 940
33702 19348 940
19348 9529 940
9529 29579 940
29579 11016 940
11016 40507 940
40507 36384 940
36384 9661 940
9661 16684 940
16684 32250 940
32250 17342 940
17342 256 940
256 9554 940
9554 16829 940
16829 37883 940
37883 2930 940
2930 24331 940
24331 37104 940
37104 6746 940
6746 14464 940
14464 14198 940
38901 34080 941
34080 21651 941
21651 18007 941
18007 19694 941
19694 7495 941
7495 26846 941
26846 6538 941
6538 21329 941
21329 30780 941
30780 23680 941
23680 7584 941
7584 13798 941
13798 27690 941
27690 34531 941
34531 12562 941
12562 22080 941
22080 12500 941
12500 12226 941
12226 35154 941
35154 34948 941
34948 8295 941
8295 27853 941
27853 1695 941
1695 10083 941
10083 33160 941
33160 20111 941
20111 34363 941
34363 3658 941
3658 22018 941
22018 17122 941
17122 18833 941
18833 6633 941
6633 28165 941
28165 23755 941
23755 29645 941
29645 16468 941
16468 1329 941
1329 27033 941
27033 88 941
88 10034 941
19803 36419 942
36419 8625 942
8625 36294 942
36294 36362 942
36362 18565 942
18565 1273 942
1273 32732 942
32732 38319 942
38319 22069 942
22069 3382 942
3382 39777 942
39777 8312 942
8312 28684 942
28684 21760 942
21760 11363 942
11363 19538 942
19538 2388 942
2388 19263 942
19263 556 942
556 29094 942
29094 27366 942
27366 4882 942
4882 40255 942
40255 2157 942
2157 9078 942
9078 36097 942
36097 19114 942
19114 40685 942
40685 27301 942
27301 4419 942
4419 20451 942
20451 18237 942
18237 1161 942
1161 32507 942
32507 11135 942
11135 13855 942
13855 25233 942
25233 15668 942
15668 28938 942
28938 15081 942
14664 33568 943
33568 6626 943
6626 5596 943
5596 21752 943
21752 33180 943
33180 28093 943
28093 7720 943
7720 15993 943
15993 21262 943
21262 9258 943
9258 1508 943
1508 20287 943
20287 27287 943
27287 12603 943
12603 9229 943
9229 38743 943
38743 27222 943
27222 7143 943
7143 37339 943
37339 3175 943
3175 23501 943
23501 32702 943
32702 16458 943
16458 9278 943
9278 3234 943
3234 40444 943
40444 25492 943
25492 21551 943
21551 27147 943
27147 18373 943
18373 227 943
227 28814 943
28814 23232 943
23232 13059 943
13059 31943 943
31943 9606 943
9606 37657 943
37657 31950 943
31950 20047 943
20047 19384 943
17222 18233 944
18233 36251 944
36251 34932 944
34932 36686 944
36686 34889 944
34889 33241 944
33241 15397 944
15397 7711 944
7711 9776 944
9776 29835 944
29835 10206 944
10206 24349 944
24349 36389 944
36389 940 944
940 14986 944
14986 25861 944
25861 32370 944
32370 18975 944
18975 3016 944
3016 14387 944
14387 7595 944
7595 11962 944
11962 39604 944
39604 39901 944
39901 16691 944
16691 36312 944
36312 16900 944
16900 18557 944
18557 36876 944
36876 36718 944
36718 8226 944
8226 11325 944
11325 36918 944
36918 18084 944
18084 29200 944
29200 33004 944
33004 3179 944
3179 19878 944
19878 12371 944
12371 15538 944
33602 20203 945
20203 10916 945
10916 32884 945
32884 32439 945
32439 28589 945
28589 22045 945
22045 14412 945
14412 38767 945
38767 5130 945
5130 30456 945
30456 2680 945
2680 26312 945
26312 151 945
151 38813 945
38813 6092 945
6092 6646 945
6646 30002 945
30002 23412 945
23412 6170 945
6170 30232 945
30232 4108 945
4108 964 945
964 4355 945
4355 21563 945
21563 17339 945
17339 23317 945
23317 30064 945
30064 39951 945
39951 27492 945
27492 10129 945
10129 16982 945
16982 2846 945
2846 27522 945
27522 12506 945
12506 7643 945
7643 28733 945
28733 18077 945
18077 32698 945
32698 36320 945
36320 19085 945
36855 9839 946
9839 26965 946
26965 6622 946
6622 8301 946
8301 21672 946
21672 3235 946
3235 27113 946
27113 26160 946
26160 28819 946
28819 9841 946
9841 27571 946
27571 31874 946
31874 33929 946
33929 24850 946
24850 26803 946
26803 29532 946
29532 34755 946
34755 21261 946
21261 33092 946
33092 8655 946
8655 16214 946
16214 21842 946
21842 2021 946
2021 40497 946
40497 6506 946
6506 31534 946
31534 13420 946
13420 28580 946
28580 20312 946
20312 25467 946
25467 24507 946
24507 38077 946
38077 3621 946
3621 1053 946
1053 31201 946
31201 34169 946
34169 18734 946
18734 4411 946
4411 28774 946
28774 22682 946
7239 28700 947
28700 8436 947
8436 12884 947
12884 12883 947
12883 25049 947
25049 22893 947
22893 14647 947
14647 18640 947
18640 38521 947
38521 13080 947
13080 21595 947
21595 33410 947
33410 28592 947
28592 7396 947
7396 4897 947
4897 20440 947
20440 24804 947
24804 15804 947
15804 10049 947
10049 31971 947
31971 22226 947
22226 31775 947
31775 35708 947
35708 15257 947
15257 17088 947
17088 36582 947
36582 20406 947
20406 25840 947
25840 12037 947
12037 1646 947
1646 2991 947
2991 39418 947
39418 10302 947
10302 3031 947
3031 33352 947
33352 4272 947
4272 21380 947
21380 11063 947
11063 12400 947
12400 28032 947
14375 27861 948
27861 9480 948
9480 30812 948
30812 6354 948
6354 30918 948
30918 23594 948
23594 21488 948
21488 13820 948
13820 4088 948
4088 26164 948
26164 24792 948
24792 37212 948
37212 25172 948
25172 2335 948
2335 8679 948
8679 11648 948
11648 27088 948
27088 28182 948
28182 26297 948
26297 23416 948
23416 21351 948
21351 104 948
104 31916 948
31916 30621 948
30621 15584 948
15584 13636 948
13636 16885 948
16885 1750 948
1750 23397 948
23397 3278 948
3278 28312 948
28312 20870 948
20870 16809 948
16809 38890 948
38890 4142 948
4142 6813 948
6813 35790 948
35790 4835 948
4835 22922 948
22922 8575 948
11328 40767 949
40767 12762 949
12762 875 949
875 39820 949
39820 23659 949
23659 18937 949
18937 25889 949
25889 18956 949
18956 8181 949
8181 8714 949
8714 29525 949
29525 22469 949
22469 30312 949
30312 21019 949
21019 26508 949
26508 17694 949
17694 4981 949
4981 35412 949
35412 13638 949
13638 26538 949
26538 21465 949
21465 15502 949
15502 29978 949
29978 39306 949
39306 38148 949
38148 38266 949
38266 32228 949
32228 15070 949
15070 22417 949
22417 25999 949
25999 31463 949
31463 3520 949
3520 20024 949
20024 39117 949
39117 8835 949
8835 1615 949
1615 12138 949
12138 2437 949
2437 2614 949
2614 14071 949
108 25498 950
25498 20831 950
20831 4585 950
4585 31425 950
31425 24598 950
24598 29654 950
29654 21766 950
21766 16159 950
16159 31586 950
31586 4418 950
4418 37051 950
37051 4062 950
4062 17090 950
17090 31342 950
31342 29116 950
29116 37825 950
37825 25676 950
25676 16975 950
16975 37292 950
37292 27792 950
27792 15418 950
15418 27755 950
27755 33927 950
33927 39278 950
39278 17957 950
17957 17936 950
17936 12405 950
12405 40807 950
40807 19224 950
19224 32091 950
32091 1538 950
1538 21793 950
21793 3554 950
3554 22833 950
22833 18839 950
18839 15356 950
15356 3134 950
3134 18531 950
18531 10770 950
10770 8122 950
9434 25734 951
25734 27411 951
27411 14458 951
14458 8546 951
8546 9228 951
9228 13766 951
13766 23948 951
23948 1306 951
1306 7012 951
7012 1668 951
1668 33555 951
33555 19562 951
19562 35218 951
35218 31387 951
31387 3860 951
3860 33091 951
33091 7417 951
7417 1724 951
1724 25275 951
25275 5116 951
5116 19860 951
19860 14947 951
14947 33742 951
33742 28013 951
28013 37279 951
37279 22033 951
22033 26252 951
26252 10546 951
10546 24334 951
24334 13676 951
13676 2936 951
2936 28359 951
28359 1852 951
1852 11532 951
11532 37212 951
37212 6049 951
6049 30940 951
30940 11093 951
11093 27082 951
27082 14172 951
21171 32049 952
32049 14441 952
14441 14269 952
14269 35728 952
35728 4550 952
4550 10665 952
10665 22967 952
22967 29760 952
29760 2574 952
2574 18462 952
18462 10995 952
10995 6192 952
6192 37314 952
37314 32203 952
32203 32048 952
32048 31188 952
31188 5705 952
5705 516 952
516 15777 952
15777 9866 952
9866 39193 952
39193 179 952
179 13192 952
13192 24978 952
24978 20928 952
20928 5348 952
5348 35220 952
35220 24906 952
24906 38246 952
38246 14143 952
14143 34856 952
34856 20114 952
20114 24130 952
24130 28919 952
28919 38976 952
38976 24891 952
24891 35947 952
35947 1326 952
1326 25883 952
25883 35419 952
1466 31841 953
31841 11858 953
11858 32708 953
32708 11950 953
11950 7284 953
7284 19287 953
19287 424 953
424 16350 953
16350 13253 953
13253 8979 953
8979 12989 953
12989 35698 953
35698 6965 953
6965 29115 953
29115 37595 953
37595 37879 953
37879 37946 953
37946 11687 953
11687 29459 953
29459 984 953
984 28980 953
28980 16191 953
16191 40515 953
40515 19328 953
19328 781 953
781 31389 953
31389 30140 953
30140 10148 953
10148 37225 953
37225 13008 953
13008 4596 953
4596 1947 953
1947 35077 953
35077 29092 953
29092 24946 953
24946 26768 953
26768 32123 953
32123 33209 953
33209 21836 953
21836 8558 953
38771 3941 954
3941 33088 954
33088 22204 954
22204 18152 954
18152 2002 954
2002 23358 954
23358 28087 954
28087 27369 954
27369 30829 954
30829 38173 954
38173 12984 954
12984 23195 954
23195 10990 954
10990 23725 954
23725 39358 954
39358 38091 954
38091 40756 954
40756 36233 954
36233 31866 954
31866 36965 954
36965 16613 954
16613 32261 954
32261 35533 954
35533 24885 954
24885 301 954
301 3792 954
3792 20688 954
20688 18479 954
18479 17885 954
17885 6327 954
6327 19465 954
19465 3086 954
3086 5218 954
5218 27148 954
27148 5574 954
5574 20012 954
20012 17656 954
17656 39356 954
39356 17323 954
17323 25942 954
40938 15480 955
15480 34211 955
34211 6039 955
6039 9166 955
9166 13356 955
13356 12653 955
12653 7259 955
7259 9740 955
9740 21477 955
21477 9204 955
9204 8158 955
8158 32078 955
32078 22659 955
22659 36683 955
36683 11811 955
11811 6856 955
6856 6457 955
6457 29737 955
29737 1042 955
1042 22005 955
22005 1896 955
1896 38257 955
38257 23820 955
23820 20304 955
20304 3275 955
3275 6843 955
6843 33342 955
33342 31262 955
31262 18048 955
18048 843 955
843 19693 955
19693 39295 955
39295 7255 955
7255 37612 955
37612 1387 955
1387 6635 955
6635 19980 955
19980 14600 955
14600 8408 955
8408 31304 955
10604 28225 956
28225 37387 956
37387 7233 956
7233 12036 956
12036 29978 956
29978 36137 956
36137 20613 956
20613 27965 956
27965 11181 956
11181 7234 956
7234 29253 956
29253 35282 956
35282 28698 956
28698 3534 956
3534 25065 956
25065 11745 956
11745 16070 956
16070 30032 956
30032 1178 956
1178 6756 956
6756 21596 956
21596 7321 956
7321 35857 956
35857 33035 956
33035 27165 956
27165 25045 956
25045 12225 956
12225 26028 956
26028 34740 956
34740 4118 956
4118 17339 956
17339 4885 956
4885 40844 956
40844 19590 956
19590 21728 956
21728 18143 956
18143 10143 956
10143 40678 956
40678 30720 956
30720 14014 956
29785 36675 957
36675 25955 957
25955 6590 957
6590 21232 957
21232 8728 957
8728 20461 957
20461 33929 957
33929 31180 957
31180 12114 957
12114 7438 957
7438 3875 957
3875 30852 957
30852 19810 957
19810 18971 957
18971 13322 957
13322 16714 957
16714 25763 957
25763 27579 957
27579 10365 957
10365 36654 957
36654 9902 957
9902 15453 957
15453 25795 957
25795 33815 957
33815 4919 957
4919 5368 957
5368 21159 957
21159 22662 957
22662 28675 957
28675 26470 957
26470 22101 957
22101 39726 957
39726 13843 957
13843 22787 957
22787 5404 957
5404 23446 957
23446 21931 957
21931 30192 957
30192 2464 957
2464 14265 957
4543 37121 958
37121 30860 958
30860 19424 958
19424 24263 958
24263 26428 958
26428 17425 958
17425 9146 958
9146 6423 958
6423 30340 958
30340 11715 958
11715 5004 958
5004 17306 958
17306 5219 958
5219 4579 958
4579 1404 958
1404 15816 958
15816 20345 958
20345 17858 958
17858 16771 958
16771 13297 958
13297 31757 958
31757 5202 958
5202 28495 958
28495 21253 958
21253 17921 958
17921 24616 958
24616 7808 958
7808 29048 958
29048 2912 958
2912 28680 958
28680 9061 958
9061 17837 958
17837 3919 958
3919 14278 958
14278 27883 958
27883 40519 958
40519 4931 958
4931 26125 958
26125 7142 958
7142 20092 958
28851 11738 959
11738 31101 959
31101 26856 959
26856 167 959
167 25894 959
25894 34464 959
34464 31076 959
31076 24140 959
24140 3845 959
3845 29466 959
29466 3338 959
3338 13384 959
13384 15633 959
15633 18117 959
18117 20639 959
20639 7084 959
7084 454 959
454 33362 959
33362 27395 959
27395 7726 959
7726 23767 959
23767 33920 959
33920 37673 959
37673 6514 959
6514 24747 959
24747 4358 959
4358 35544 959
35544 1020 959
1020 13376 959
13376 1049 959
1049 39907 959
39907 19463 959
19463 38372 959
38372 37225 959
37225 28595 959
28595 31124 959
31124 12705 959
12705 26220 959
26220 8850 959
8850 28421 959
13685 10546 960
10546 18429 960
18429 9365 960
9365 33536 960
33536 32504 960
32504 4607 960
4607 16677 960
16677 34365 960
34365 29617 960
29617 4942 960
4942 31368 960
31368 12346 960
12346 15070 960
15070 25044 960
25044 34804 960
34804 36954 960
36954 25616 960
25616 33179 960
33179 4093 960
4093 3423 960
3423 32095 960
32095 4746 960
4746 3549 960
3549 6490 960
6490 39959 960
39959 22330 960
22330 22002 960
22002 6167 960
6167 39488 960
39488 35537 960
35537 4713 960
4713 601 960
601 5021 960
5021 38074 960
38074 38728 960
38728 13880 960
13880 12728 960
12728 24294 960
24294 5143 960
5143 22566 960
26876 25918 961
25918 14384 961
14384 23334 961
23334 29539 961
29539 30222 961
30222 4745 961
4745 40103 961
40103 27863 961
27863 14129 961
14129 30529 961
30529 16918 961
16918 15669 961
15669 14099 961
14099 34037 961
34037 7081 961
7081 2165 961
2165 20832 961
20832 6567 961
6567 3185 961
3185 38394 961
38394 4752 961
4752 14513 961
14513 20221 961
20221 13996 961
13996 25428 961
25428 24981 961
24981 6845 961
6845 4154 961
4154 28479 961
28479 36283 961
36283 10803 961
10803 40794 961
40794 10068 961
10068 25035 961
25035 15586 961
15586 37518 961
37518 24489 961
24489 4353 961
4353 37722 961
37722 33147 961
9857 32828 962
32828 33652 962
33652 16076 962
16076 12945 962
12945 29432 962
29432 22492 962
22492 30744 962
30744 27941 962
27941 10564 962
10564 15966 962
15966 2053 962
2053 30798 962
30798 2423 962
2423 20630 962
20630 4937 962
4937 3759 962
3759 30435 962
30435 176 962
176 19 962
19 4962 962
4962 21009 962
21009 23873 962
23873 10801 962
10801 25197 962
25197 13267 962
13267 7974 962
7974 25725 962
25725 38477 962
38477 26188 962
26188 27108 962
27108 40996 962
40996 38975 962
38975 35158 962
35158 22853 962
22853 2387 962
2387 26602 962
26602 34816 962
34816 16167 962
16167 31679 962
31679 32501 962
2615 40253 963
40253 11490 963
11490 13111 963
13111 19542 963
19542 10023 963
10023 13703 963
13703 37314 963
37314 15710 963
15710 7423 963
7423 21088 963
21088 21285 963
21285 33966 963
33966 30982 963
30982 5453 963
5453 20372 963
20372 39754 963
39754 36333 963
36333 6124 963
6124 9427 963
9427 25782 963
25782 21701 963
21701 34141 963
34141 10397 963
10397 22669 963
22669 34957 963
34957 19796 963
19796 3009 963
3009 18653 963
18653 23193 963
23193 17275 963
17275 3251 963
3251 37948 963
37948 20327 963
20327 20712 963
20712 17152 963
17152 27518 963
27518 7492 963
7492 5260 963
5260 16380 963
16380 253 963
26897 19104 964
19104 11388 964
11388 36856 964
36856 8654 964
8654 26965 964
26965 28146 964
28146 21058 964
21058 18472 964
18472 21838 964
21838 7358 964
7358 2378 964
2378 1979 964
1979 21732 964
21732 5791 964
5791 22779 964
22779 12528 964
12528 29739 964
29739 25752 964
25752 29899 964
29899 13872 964
13872 24176 964
24176 7079 964
7079 9530 964
9530 30052 964
30052 33178 964
33178 19616 964
19616 19299 964
19299 11783 964
11783 23627 964
23627 33392 964
33392 11851 964
11851 11138 964
11138 32322 964
32322 26355 964
26355 28213 964
28213 32971 964
32971 28748 964
28748 28612 964
28612 39586 964
39586 5792 964
1837 6620 965
6620 11009 965
11009 27486 965
27486 14790 965
14790 24361 965
24361 15830 965
15830 948 965
948 6138 965
6138 39212 965
39212 10964 965
10964 29151 965
29151 28161 965
28161 31354 965
31354 38902 965
38902 40160 965
40160 18379 965
18379 33132 965
33132 26274 965
26274 17442 965
17442 7056 965
7056 3165 965
3165 26624 965
26624 3608 965
3608 15124 965
15124 25311 965
25311 21516 965
21516 6579 965
6579 10369 965
10369 152 965
152 24147 965
24147 40535 965
40535 36130 965
36130 33089 965
33089 38294 965
38294 32610 965
32610 32060 965
32060 15433 965
15433 19627 965
19627 18404 965
18404 7578 965
36222 15729 966
15729 10009 966
10009 33362 966
33362 36575 966
36575 13691 966
13691 33227 966
33227 8550 966
8550 35706 966
35706 7723 966
7723 13359 966
13359 29834 966
29834 7189 966
7189 36049 966
36049 5057 966
5057 22582 966
22582 15578 966
15578 5043 966
5043 13633 966
13633 33391 966
33391 34979 966
34979 32372 966
32372 19857 966
19857 6902 966
6902 40943 966
40943 38111 966
38111 24318 966
24318 8351 966
8351 8345 966
8345 8737 966
8737 3331 966
3331 17401 966
17401 34470 966
34470 32936 966
32936 39225 966
39225 15762 966
15762 36110 966
36110 32685 966
32685 7326 966
7326 39861 966
39861 18703 966
34292 14583 967
14583 30513 967
30513 35843 967
35843 962 967
962 24015 967
24015 135 967
135 9792 967
9792 6376 967
6376 21477 967
21477 36704 967
36704 12649 967
12649 5338 967
5338 34587 967
34587 35800 967
35800 32042 967
32042 18986 967
18986 11258 967
11258 14682 967
14682 33803 967
33803 711 967
711 4822 967
4822 11977 967
11977 19143 967
19143 17489 967
17489 20 967
20 11926 967
11926 13297 967
13297 29154 967
29154 33508 967
33508 10980 967
10980 34301 967
34301 7387 967
7387 30221 967
30221 20310 967
20310 33998 967
33998 9612 967
9612 15485 967
15485 37466 967
37466 39569 967
39569 3342 967
19300 15397 968
15397 9120 968
9120 21928 968
21928 33964 968
33964 21777 968
21777 3594 968
3594 33706 968
33706 1294 968
1294 21419 968
21419 32198 968
32198 9537 968
9537 21829 968
21829 3416 968
3416 29750 968
29750 14900 968
14900 18869 968
18869 10726 968
10726 38711 968
38711 12419 968
12419 29706 968
29706 39982 968
39982 5491 968
5491 15962 968
15962 9769 968
9769 1657 968
1657 15903 968
15903 31049 968
31049 27527 968
27527 5851 968
5851 34185 968
34185 30434 968
30434 12932 968
12932 29446 968
29446 36215 968
36215 29260 968
29260 7773 968
7773 37932 968
37932 30522 968
30522 962 968
962 245 968
24894 26380 969
26380 11537 969
11537 16441 969
16441 30611 969
30611 2554 969
2554 40005 969
40005 35872 969
35872 29686 969
29686 1617 969
1617 12255 969
12255 34326 969
34326 8439 969
8439 1484 969
1484 15524 969
15524 8021 969
8021 34443 969
34443 1999 969
1999 4036 969
4036 40266 969
40266 11358 969
11358 12953 969
12953 39769 969
39769 32977 969
32977 13810 969
13810 21019 969
21019 12232 969
12232 17514 969
17514 37894 969
37894 10970 969
10970 15907 969
15907 9711 969
9711 39581 969
39581 6162 969
6162 33155 969
33155 12323 969
12323 31552 969
31552 33606 969
33606 6060 969
6060 12364 969
12364 10072 969
10592 28267 970
28267 40965 970
40965 2533 970
2533 37385 970
37385 12456 970
12456 18099 970
18099 34424 970
34424 27398 970
27398 11190 970
11190 5147 970
5147 34239 970
34239 1192 970
1192 36811 970
36811 3208 970
3208 14615 970
14615 10472 970
10472 15910 970
15910 31363 970
31363 3565 970
3565 40386 970
40386 4792 970
4792 9989 970
9989 19448 970
19448 38748 970
38748 24626 970
24626 25311 970
25311 37025 970
37025 7899 970
7899 24207 970
24207 32348 970
32348 32408 970
32408 19217 970
19217 14367 970
14367 9622 970
9622 32356 970
32356 24575 970
24575 7796 970
7796 17647 970
17647 8875 970
8875 9116 970
20730 22968 971
22968 19295 971
19295 16802 971
16802 4087 971
4087 27903 971
27903 24821 971
24821 29823 971
29823 5945 971
5945 20753 971
20753 16473 971
16473 36066 971
36066 2877 971
2877 25155 971
25155 26452 971
26452 983 971
983 29681 971
29681 16331 971
16331 17725 971
17725 28929 971
28929 30355 971
30355 6379 971
6379 7011 971
7011 4213 971
4213 11426 971
11426 22463 971
22463 2926 971
2926 36196 971
36196 22160 971
22160 274 971
274 10298 971
10298 166 971
166 33723 971
33723 30803 971
30803 13327 971
13327 4339 971
4339 38206 971
38206 17250 971
17250 14435 971
14435 31968 971
31968 25713 971
27532 17295 972
17295 18312 972
18312 25686 972
25686 35610 972
35610 4629 972
4629 33099 972
33099 3730 972
3730 39754 972
39754 4047 972
4047 38327 972
38327 36804 972
36804 11662 972
11662 15011 972
15011 39035 972
39035 21338 972
21338 22409 972
22409 24866 972
24866 15791 972
15791 22515 972
22515 4811 972
4811 17449 972
17449 17683 972
17683 21091 972
21091 5890 972
5890 22992 972
22992 14039 972
14039 2775 972
2775 10732 972
10732 39239 972
39239 38096 972
38096 2643 972
2643 15726 972
15726 15635 972
15635 30798 972
30798 8022 972
8022 39094 972
39094 27449 972
27449 19601 972
19601 6196 972
6196 5167 972
16762 5526 973
5526 16147 973
16147 40497 973
40497 7547 973
7547 1774 973
1774 3050 973
3050 220 973
220 18318 973
18318 30056 973
30056 9593 973
9593 23041 973
23041 24968 973
24968 20833 973
20833 21736 973
21736 38189 973
38189 13325 973
13325 31953 973
31953 10796 973
10796 27931 973
27931 17688 973
17688 24597 973
24597 10749 973
10749 22696 973
22696 8278 973
8278 1722 973
1722 1039 973
1039 34944 973
34944 23001 973
23001 16456 973
16456 14059 973
14059 310 973
310 13491 973
13491 38274 973
38274 2522 973
2522 3532 973
3532 30796 973
30796 37171 973
37171 16740 973
16740 6559 973
6559 7874 973
28918 30190 974
30190 10442 974
10442 18223 974
18223 13046 974
13046 12321 974
12321 95 974
95 13842 974
13842 7633 974
7633 15569 974
15569 12689 974
12689 30586 974
30586 38045 974
38045 17689 974
17689 35882 974
35882 12616 974
12616 19733 974
19733 12020 974
12020 12869 974
12869 15522 974
15522 2781 974
2781 9366 974
9366 12630 974
12630 3583 974
3583 23532 974
23532 10199 974
10199 40644 974
40644 5450 974
5450 33484 974
33484 3231 974
3231 23311 974
23311 12087 974
12087 38900 974
38900 12857 974
12857 780 974
780 1334 974
1334 7488 974
7488 30677 974
30677 610 974
610 1671 974
1671 19176 974
21415 19289 975
19289 2681 975
2681 40210 975
40210 28841 975
28841 39134 975
39134 7313 975
7313 9263 975
9263 25159 975
25159 25730 975
25730 37867 975
37867 40951 975
40951 24134 975
24134 18309 975
18309 37456 975
37456 13101 975
13101 15182 975
15182 2924 975
2924 1531 975
1531 25431 975
25431 2252 975
2252 28399 975
28399 33526 975
33526 14847 975
14847 2476 975
2476 27259 975
27259 19977 975
19977 32153 975
32153 3418 975
3418 12584 975
12584 5120 975
5120 26513 975
26513 8296 975
8296 22296 975
22296 38039 975
38039 40028 975
40028 9409 975
9409 32061 975
32061 16796 975
16796 172 975
172 13317 975
942 29214 976
29214 38830 976
38830 3733 976
3733 16814 976
16814 25983 976
25983 12253 976
12253 26185 976
26185 2539 976
2539 234 976
234 18969 976
18969 1725 976
1725 7152 976
7152 35643 976
35643 35175 976
35175 5559 976
5559 19179 976
19179 29744 976
29744 568 976
568 28845 976
28845 9075 976
9075 7584 976
7584 38966 976
38966 8387 976
8387 26308 976
26308 26885 976
26885 7355 976
7355 28862 976
28862 15706 976
15706 40018 976
40018 30979 976
30979 9228 976
9228 26139 976
26139 7993 976
7993 25605 976
25605 36133 976
36133 40150 976
40150 10036 976
10036 30570 976
30570 17270 976
17270 25063 976
2327 17153 977
17153 17374 977
17374 32009 977
32009 35655 977
35655 30792 977
30792 26128 977
26128 32436 977
32436 15521 977
15521 4762 977
4762 16050 977
16050 25047 977
25047 25925 977
25925 12955 977
12955 10065 977
10065 21318 977
21318 36859 977
36859 6900 977
6900 26884 977
26884 6534 977
6534 15849 977
15849 6523 977
6523 35519 977
35519 3140 977
3140 29550 977
29550 35081 977
35081 26283 977
26283 142 977
142 26717 977
26717 12084 977
12084 23413 977
23413 26188 977
26188 14351 977
14351 14203 977
14203 32829 977
32829 11912 977
11912 40394 977
40394 28977 977
28977 7775 977
7775 12547 977
12547 15538 977
28815 24746 978
24746 32616 978
32616 37663 978
37663 11410 978
11410 14607 978
14607 15779 978
15779 13535 978
13535 3211 978
3211 32799 978
32799 17379 978
17379 27743 978
27743 35162 978
35162 26147 978
26147 9017 978
9017 23820 978
23820 37567 978
37567 3490 978
3490 39482 978
39482 22822 978
22822 26622 978
26622 23945 978
23945 4494 978
4494 10176 978
10176 13428 978
13428 7553 978
7553 35200 978
35200 23353 978
23353 30408 978
30408 15613 978
15613 35135 978
35135 11302 978
11302 8323 978
8323 34665 978
34665 24702 978
24702 15332 978
15332 1269 978
1269 39789 978
39789 10640 978
10640 357 978
357 4685 978
19342 37460 979
37460 7346 979
7346 40514 979
40514 14294 979
14294 2219 979
2219 1538 979
1538 12315 979
12315 7050 979
7050 23142 979
23142 24374 979
24374 35890 979
35890 31510 979
31510 35695 979
35695 19887 979
19887 40943 979
40943 6709 979
6709 27396 979
27396 2027 979
2027 7565 979
7565 1148 979
1148 23770 979
23770 21306 979
21306 6307 979
6307 32195 979
32195 29163 979
29163 19487 979
19487 15293 979
15293 19239 979
19239 39643 979
39643 13486 979
13486 37472 979
37472 37013 979
37013 27972 979
27972 33867 979
33867 15803 979
15803 22408 979
22408 17823 979
17823 40571 979
40571 40366 979
40366 5017 979
35146 4804 980
4804 8662 980
8662 20652 980
20652 28784 980
28784 231 980
231 15121 980
15121 1157 980
1157 40888 980
40888 22275 980
22275 37386 980
37386 17557 980
17557 29280 980
29280 39373 980
39373 1257 980
1257 26680 980
26680 12928 980
12928 13473 980
13473 10415 980
10415 30596 980
30596 29771 980
29771 25794 980
25794 4007 980
4007 30369 980
30369 22054 980
22054 23118 980
23118 7723 980
7723 12065 980
12065 9284 980
9284 26827 980
26827 11951 980
11951 27208 980
27208 3142 980
3142 20250 980
20250 6145 980
6145 31277 980
31277 37546 980
37546 16561 980
16561 8813 980
8813 36189 980
36189 19564 980
11573 10017 981
10017 30769 981
30769 4657 981
4657 28417 981
28417 26733 981
26733 26979 981
26979 22197 981
22197 37100 981
37100 13120 981
13120 18883 981
18883 8059 981
8059 37649 981
37649 20890 981
20890 13969 981
13969 21533 981
21533 38403 981
38403 19646 981
19646 6465 981
6465 23653 981
23653 25089 981
25089 8617 981
8617 25699 981
25699 27269 981
27269 22179 981
22179 170 981
170 10326 981
10326 22776 981
22776 30002 981
30002 22137 981
22137 35673 981
35673 34879 981
34879 2958 981
2958 25352 981
25352 9843 981
9843 12783 981
12783 10193 981
10193 1037 981
1037 26534 981
26534 34666 981
34666 34965 981
14001 37833 982
37833 34672 982
34672 23725 982
23725 10019 982
10019 4679 982
4679 83 982
83 34311 982
34311 18855 982
18855 3131 982
3131 17342 982
17342 26237 982
26237 37860 982
37860 31180 982
31180 7337 982
7337 23356 982
23356 17576 982
17576 3709 982
3709 6280 982
6280 26420 982
26420 12410 982
12410 31782 982
31782 38098 982
38098 26107 982
26107 8204 982
8204 30643 982
30643 31951 982
31951 5640 982
5640 22462 982
22462 11635 982
11635 35064 982
35064 10999 982
10999 4347 982
4347 26684 982
26684 35789 982
35789 38188 982
38188 33311 982
33311 1909 982
1909 9565 982
9565 33411 982
33411 23720 982
6759 14706 983
14706 2065 983
2065 16729 983
16729 305 983
305 17674 983
17674 8086 983
8086 10379 983
10379 1620 983
1620 23171 983
23171 15446 983
15446 8585 983
8585 26710 983
26710 7540 983
7540 12877 983
12877 35158 983
35158 1579 983
1579 29697 983
29697 29495 983
29495 1985 983
1985 35430 983
35430 20485 983
20485 25283 983
25283 32645 983
32645 22649 983
22649 14899 983
14899 7693 983
7693 39592 983
39592 22962 983
22962 14572 983
14572 29764 983
29764 9247 983
9247 8703 983
8703 37827 983
37827 9525 983
9525 14050 983
14050 9593 983
9593 10120 983
10120 26440 983
26440 10079 983
10079 11067 983
713 6521 984
6521 18354 984
18354 26543 984
26543 9563 984
9563 40286 984
40286 40259 984
40259 14836 984
14836 10419 984
10419 8106 984
8106 38028 984
38028 13028 984
13028 29271 984
29271 39991 984
39991 10910 984
10910 31316 984
31316 20398 984
20398 15726 984
15726 3816 984
3816 13788 984
13788 2205 984
2205 2468 984
2468 31888 984
31888 12411 984
12411 7495 984
7495 4008 984
4008 28325 984
28325 25984 984
25984 8160 984
8160 26537 984
26537 9367 984
9367 743 984
743 11036 984
11036 4482 984
4482 21051 984
21051 31063 984
31063 14067 984
14067 14997 984
14997 13828 984
13828 39870 984
39870 40209 984
23370 31860 985
31860 34192 985
34192 14794 985
14794 23246 985
23246 16026 985
16026 20963 985
20963 11243 985
11243 18896 985
18896 32768 985
32768 30929 985
30929 7773 985
7773 19271 985
19271 2930 985
2930 23337 985
23337 15552 985
15552 28499 985
28499 12681 985
12681 35700 985
35700 9034 985
9034 25187 985
25187 6568 985
6568 21194 985
21194 1093 985
1093 10978 985
10978 39156 985
39156 28143 985
28143 29253 985
29253 40595 985
40595 12929 985
12929 37795 985
37795 21185 985
21185 978 985
978 63 985
63 30902 985
30902 32210 985
32210 14341 985
14341 28131 985
28131 14629 985
14629 39605 985
39605 33333 985
27214 27613 986
27613 19309 986
19309 1211 986
1211 22609 986
22609 26287 986
26287 4438 986
4438 9576 986
9576 5536 986
5536 40696 986
40696 1696 986
1696 13086 986
13086 32227 986
32227 1933 986
1933 32337 986
32337 6905 986
6905 3961 986
3961 39669 986
39669 39162 986
39162 31222 986
31222 30323 986
30323 30503 986
30503 22746 986
22746 20906 986
20906 17529 986
17529 9358 986
9358 6083 986
6083 1961 986
1961 36325 986
36325 2395 986
2395 8269 986
8269 4203 986
4203 19652 986
19652 9422 986
9422 34274 986
34274 28517 986
28517 35076 986
35076 23524 986
23524 847 986
847 6312 986
6312 9287 986
34285 8163 987
8163 19821 987
19821 5406 987
5406 23251 987
23251 16321 987
16321 22683 987
22683 32642 987
32642 2733 987
2733 6499 987
6499 25957 987
25957 8006 987
8006 34556 987
34556 16931 987
16931 37816 987
37816 6132 987
6132 19406 987
19406 11002 987
11002 26474 987
26474 21544 987
21544 14434 987
14434 2391 987
2391 21236 987
21236 1638 987
1638 38151 987
38151 11437 987
11437 39118 987
39118 39681 987
39681 23083 987
23083 21066 987
21066 5641 987
5641 25902 987
25902 11802 987
11802 11883 987
11883 1472 987
1472 16551 987
16551 35519 987
35519 40443 987
40443 32745 987
32745 23271 987
23271 651 987
30252 31748 988
31748 7656 988
7656 31906 988
31906 5502 988
5502 2508 988
2508 39811 988
39811 25708 988
25708 14210 988
14210 816 988
816 35624 988
35624 10433 988
10433 16034 988
16034 5751 988
5751 6137 988
6137 39837 988
39837 7239 988
7239 5604 988
5604 2733 988
2733 28972 988
28972 8775 988
8775 16328 988
16328 33627 988
33627 7809 988
7809 7521 988
7521 17954 988
17954 27323 988
27323 31633 988
31633 30481 988
30481 37961 988
37961 38507 988
38507 32939 988
32939 22509 988
22509 20222 988
20222 18596 988
18596 8928 988
8928 14252 988
14252 35759 988
35759 13054 988
13054 9174 988
9174 38788 988
31407 10233 989
10233 10177 989
10177 15820 989
15820 23873 989
23873 26014 989
26014 9748 989
9748 25527 989
25527 17458 989
17458 6288 989
6288 10342 989
10342 40207 989
40207 17618 989
17618 2027 989
2027 20693 989
20693 2355 989
2355 9811 989
9811 39243 989
39243 17455 989
17455 6552 989
6552 32488 989
32488 13423 989
13423 28189 989
28189 31327 989
31327 18016 989
18016 17900 989
17900 26764 989
26764 26818 989
26818 34653 989
34653 18058 989
18058 37996 989
37996 20507 989
20507 9554 989
9554 40424 989
40424 37109 989
37109 16473 989
16473 1076 989
1076 9049 989
9049 27277 989
27277 11837 989
11837 36480 989
16446 31698 990
31698 20230 990
20230 31959 990
31959 32913 990
32913 19850 990
19850 26496 990
26496 25470 990
25470 16312 990
16312 1181 990
1181 36795 990
36795 5687 990
5687 18931 990
18931 15313 990
15313 31012 990
31012 36553 990
36553 12524 990
12524 11331 990
11331 38925 990
38925 32411 990
32411 18566 990
18566 616 990
616 4480 990
4480 33663 990
33663 36331 990
36331 18406 990
18406 36109 990
36109 27235 990
27235 39455 990
39455 20129 990
20129 4823 990
4823 36533 990
36533 12419 990
12419 28201 990
28201 30204 990
30204 15118 990
15118 28842 990
28842 16646 990
16646 40527 990
40527 28157 990
28157 27099 990
13569 3578 991
3578 2122 991
2122 22365 991
22365 83 991
83 27858 991
27858 26191 991
26191 27212 991
27212 21932 991
21932 2518 991
2518 1256 991
1256 15247 991
15247 6802 991
6802 1452 991
1452 26788 991
26788 37621 991
37621 7034 991
7034 13603 991
13603 27549 991
27549 32809 991
32809 19089 991
19089 29859 991
29859 26104 991
26104 16595 991
16595 4375 991
4375 12006 991
12006 5227 991
5227 26022 991
26022 23575 991
23575 38664 991
38664 17399 991
17399 11796 991
11796 12902 991
12902 33712 991
33712 36999 991
36999 4939 991
4939 16514 991
16514 7288 991
7288 34248 991
34248 16973 991
16973 31193 991
38354 24860 992
24860 33917 992
33917 17943 992
17943 34244 992
34244 36328 992
36328 21037 992
21037 28097 992
28097 20753 992
20753 39408 992
39408 38292 992
38292 17473 992
17473 23169 992
23169 6220 992
6220 31166 992
31166 8678 992
8678 2154 992
2154 1552 992
1552 8664 992
8664 36573 992
36573 815 992
815 40501 992
40501 28755 992
28755 35406 992
35406 15403 992
15403 32730 992
32730 5195 992
5195 28281 992
28281 12163 992
12163 32250 992
32250 24628 992
24628 23772 992
23772 18846 992
18846 26406 992
26406 34286 992
34286 23502 992
23502 20867 992
20867 13448 992
13448 18468 992
18468 19609 992
19609 25205 992
33766 39121 993
39121 12332 993
12332 35260 993
35260 5774 993
5774 30976 993
30976 11389 993
11389 5772 993
5772 25935 993
25935 16699 993
16699 19378 993
19378 10413 993
10413 17452 993
17452 3329 993
3329 32779 993
32779 17315 993
17315 39433 993
39433 25263 993
25263 40049 993
40049 2495 993
2495 24199 993
24199 17323 993
17323 12387 993
12387 34445 993
34445 1775 993
1775 6698 993
6698 27300 993
27300 14095 993
14095 24711 993
24711 26324 993
26324 8550 993
8550 25581 993
25581 22711 993
22711 11433 993
11433 30711 993
30711 32440 993
32440 3200 993
3200 1831 993
1831 37200 993
37200 28013 993
28013 19988 993
5079 40086 994
40086 26549 994
26549 20867 994
20867 3496 994
3496 15166 994
15166 19574 994
19574 21751 994
21751 30496 994
30496 14327 994
14327 6537 994
6537 9995 994
9995 21848 994
21848 3905 994
3905 40650 994
40650 11251 994
11251 38831 994
38831 22882 994
22882 24195 994
24195 35520 994
35520 35313 994
35313 4175 994
4175 14647 994
14647 34462 994
34462 30271 994
30271 32613 994
32613 7985 994
7985 19301 994
19301 36416 994
36416 17391 994
17391 8988 994
8988 18083 994
18083 29592 994
29592 3344 994
3344 39321 994
39321 8428 994
8428 26352 994
26352 30573 994
30573 1989 994
1989 40792 994
40792 30932 994
29704 12080 995
12080 7982 995
7982 11225 995
11225 20339 995
20339 26122 995
26122 21186 995
21186 24537 995
24537 8884 995
8884 34080 995
34080 30030 995
30030 2926 995
2926 15796 995
15796 12556 995
12556 24315 995
24315 35523 995
35523 10827 995
10827 7293 995
7293 28548 995
28548 28097 995
28097 31164 995
31164 32763 995
32763 15131 995
15131 13698 995
13698 8310 995
8310 18422 995
18422 4728 995
4728 19304 995
19304 23480 995
23480 2907 995
2907 15800 995
15800 15868 995
15868 37648 995
37648 38429 995
38429 5230 995
5230 40843 995
40843 23435 995
23435 36723 995
36723 25337 995
25337 36311 995
36311 8547 995
17241 5273 996
5273 3170 996
3170 4509 996
4509 4969 996
4969 6556 996
6556 13895 996
13895 19681 996
19681 24947 996
24947 1988 996
1988 9885 996
9885 8153 996
8153 10871 996
10871 12386 996
12386 30276 996
30276 28545 996
28545 18076 996
18076 31658 996
31658 24534 996
24534 9393 996
9393 27023 996
27023 18081 996
18081 18583 996
18583 31804 996
31804 28586 996
28586 9479 996
9479 4226 996
4226 33688 996
33688 31365 996
31365 8324 996
8324 36676 996
36676 13955 996
13955 23924 996
23924 33622 996
33622 27889 996
27889 27256 996
27256 6890 996
6890 15062 996
15062 33634 996
33634 16911 996
16911 28186 996
25921 3035 997
3035 23953 997
23953 34567 997
34567 1255 997
1255 2708 997
2708 17332 997
17332 29472 997
29472 416 997
416 21905 997
21905 33685 997
33685 17147 997
17147 2380 997
2380 3514 997
3514 13985 997
13985 950 997
950 33883 997
33883 719 997
719 23680 997
23680 20277 997
20277 5168 997
5168 28471 997
28471 37801 997
37801 29310 997
29310 4042 997
4042 16785 997
16785 15342 997
15342 14185 997
14185 116 997
116 12751 997
12751 22225 997
22225 18317 997
18317 6947 997
6947 32331 997
32331 23722 997
23722 19373 997
19373 14569 997
14569 20302 997
20302 19850 997
19850 28870 997
28870 18235 997
18622 30913 998
30913 4332 998
4332 31324 998
31324 19280 998
19280 1875 998
1875 27187 998
27187 5687 998
5687 17413 998
17413 34621 998
34621 20404 998
20404 32422 998
32422 15793 998
15793 34042 998
34042 4688 998
4688 12669 998
12669 2517 998
2517 7019 998
7019 35689 998
35689 26781 998
26781 32806 998
32806 24473 998
24473 26552 998
26552 15216 998
15216 21439 998
21439 35635 998
35635 37972 998
37972 17424 998
17424 17323 998
17323 3973 998
3973 33716 998
33716 5474 998
5474 637 998
637 8918 998
8918 4890 998
4890 23052 998
23052 1783 998
1783 25645 998
25645 1845 998
1845 32250 998
32250 6059 998
6525 27325 999
27325 39937 999
39937 29861 999
29861 23112 999
23112 676 999
676 6966 999
6966 24520 999
24520 37894 999
37894 26218 999
26218 12726 999
12726 24247 999
24247 9943 999
9943 10443 999
10443 28012 999
28012 8448 999
8448 28701 999
28701 28397 999
28397 18685 999
18685 28759 999
28759 39019 999
39019 24607 999
24607 15489 999
15489 32643 999
32643 18897 999
18897 6908 999
6908 25218 999
25218 29951 999
29951 6986 999
6986 1339 999
1339 38281 999
38281 36959 999
36959 20715 999
20715 33528 999
33528 37955 999
37955 28101 999
28101 3949 999
3949 30711 999
30711 31340 999
31340 24337 999
24337 16053 999
2734 37273 1000
37273 16944 1000
16944 14058 1000
14058 35242 1000
35242 40243 1000
40243 15080 1000
15080 29574 1000
29574 21434 1000
21434 38818 1000
38818 5060 1000
5060 28035 1000
28035 1747 1000
1747 10177 1000
10177 16701 1000
16701 28228 1000
28228 13625 1000
13625 38846 1000
38846 21344 1000
21344 10351 1000
10351 8382 1000
8382 36371 1000
36371 2183 1000
2183 1993 1000
1993 34527 1000
34527 26716 1000
26716 29858 1000
29858 15013 1000
15013 31567 1000
31567 2016 1000
2016 18172 1000
18172 14205 1000
14205 36424 1000
36424 33375 1000
33375 326 1000
326 10010 1000
10010 13569 1000
13569 2235 1000
2235 4086 1000
4086 27897 1000
27897 39250 1000
