26000 34649 1000
10912 20278 1
20278 1428 1
1428 19416 1
19416 19073 1
19073 731 1
731 20267 1
20267 18374 1
18374 17414 1
17414 16599 1
16599 14741 1
14741 302 1
302 18693 1
18693 22524 1
22524 21112 1
21112 17224 1
17224 3281 1
3281 20249 1
20249 955 1
955 19380 1
19380 3819 1
3819 21803 1
21803 23541 1
23541 8152 1
8152 23962 1
23962 18624 1
20280 23609 2
23609 9510 2
9510 11623 2
11623 20144 2
20144 10716 2
10716 18933 2
18933 13951 2
13951 3181 2
3181 10820 2
10820 6541 2
6541 7938 2
7938 16963 2
16963 19038 2
19038 11348 2
11348 8489 2
8489 11521 2
11521 24201 2
24201 11260 2
11260 6901 2
6901 361 2
361 16932 2
16932 22748 2
22748 21991 2
21991 12375 2
12375 16708 2
3365 22541 3
22541 14306 3
14306 24671 3
24671 22819 3
22819 9592 3
9592 22722 3
22722 5672 3
5672 19069 3
19069 125 3
125 8828 3
8828 22753 3
22753 12882 3
12882 13682 3
13682 15277 3
15277 21178 3
21178 11640 3
11640 11627 3
11627 16865 3
16865 23522 3
23522 12389 3
12389 3865 3
3865 12031 3
12031 22387 3
22387 3066 3
3066 11310 3
3128 21458 4
21458 21372 4
21372 7479 4
7479 20048 4
20048 11221 4
11221 24973 4
24973 3528 4
3528 3524 4
3524 2044 4
2044 19872 4
19872 18774 4
18774 17095 4
17095 22481 4
22481 10293 4
10293 16061 4
16061 23802 4
23802 10390 4
10390 21738 4
21738 13640 4
13640 5460 4
5460 1725 4
1725 14724 4
14724 10434 4
10434 22650 4
22650 24042 4
19555 14573 5
14573 14120 5
14120 18363 5
18363 20896 5
20896 23228 5
23228 9249 5
9249 12431 5
12431 20518 5
20518 18524 5
18524 24070 5
24070 15574 5
15574 4753 5
4753 3167 5
3167 21803 5
21803 10548 5
10548 13599 5
13599 11048 5
11048 22910 5
22910 19396 5
19396 10964 5
10964 17458 5
17458 466 5
466 17500 5
17500 6514 5
6514 11262 5
12931 20802 6
20802 8116 6
8116 22551 6
22551 9014 6
9014 8508 6
8508 779 6
779 3180 6
3180 2994 6
2994 16878 6
16878 13000 6
13000 24689 6
24689 10191 6
10191 23044 6
23044 24097 6
24097 22960 6
22960 68 6
68 4182 6
4182 19446 6
19446 11294 6
11294 24606 6
24606 25556 6
25556 10652 6
10652 25747 6
25747 8104 6
8104 14731 6
16506 23821 7
23821 16081 7
16081 11123 7
11123 20311 7
20311 13548 7
13548 3449 7
3449 5856 7
5856 12024 7
12024 4444 7
4444 9022 7
9022 7278 7
7278 12493 7
12493 22943 7
22943 16056 7
16056 7593 7
7593 15489 7
15489 5519 7
5519 16919 7
16919 8990 7
8990 3110 7
3110 5739 7
5739 9678 7
9678 2881 7
2881 17201 7
17201 6693 7
11812 4794 8
4794 25550 8
25550 19180 8
19180 9026 8
9026 7737 8
7737 16456 8
16456 8610 8
8610 104 8
104 1496 8
1496 4333 8
4333 8680 8
8680 8708 8
8708 11269 8
11269 3577 8
3577 17600 8
17600 2551 8
2551 21608 8
21608 1313 8
1313 22058 8
22058 23516 8
23516 8632 8
8632 24563 8
24563 22795 8
22795 16048 8
16048 10286 8
22881 10258 9
10258 17632 9
17632 10875 9
10875 10110 9
10110 10860 9
10860 3076 9
3076 21571 9
21571 14895 9
14895 665 9
665 13725 9
13725 6358 9
6358 25926 9
25926 25906 9
25906 9637 9
9637 2959 9
2959 23555 9
23555 16557 9
16557 7958 9
7958 9811 9
9811 16791 9
16791 17205 9
17205 9530 9
9530 12437 9
12437 17790 9
17790 24370 9
8164 6785 10
6785 21084 10
21084 965 10
965 12659 10
12659 17104 10
17104 7353 10
7353 19828 10
19828 9493 10
9493 11131 10
11131 22073 10
22073 1120 10
1120 15266 10
15266 9454 10
9454 1370 10
1370 25272 10
25272 1831 10
1831 22423 10
22423 23543 10
23543 3610 10
3610 21019 10
21019 17193 10
17193 4878 10
4878 11863 10
11863 19734 10
19734 13860 10
21235 14291 11
14291 15654 11
15654 2722 11
2722 5646 11
5646 13413 11
13413 20563 11
20563 4307 11
4307 23967 11
23967 14519 11
14519 13104 11
13104 10179 11
10179 6702 11
6702 21351 11
21351 4696 11
4696 4608 11
4608 14951 11
14951 2263 11
2263 12991 11
12991 6322 11
6322 7732 11
7732 18385 11
18385 8725 11
8725 12155 11
12155 17133 11
17133 13757 11
2802 6900 12
6900 11162 12
11162 23160 12
23160 10028 12
10028 10992 12
10992 6836 12
6836 25164 12
25164 23114 12
23114 2945 12
2945 13878 12
13878 947 12
947 27 12
27 912 12
912 25705 12
25705 10933 12
10933 11670 12
11670 16609 12
16609 4726 12
4726 23454 12
23454 21978 12
21978 25502 12
25502 19602 12
19602 23288 12
23288 18917 12
18917 12212 12
23651 12297 13
12297 12714 13
12714 21713 13
21713 7941 13
7941 898 13
898 11838 13
11838 18618 13
18618 15394 13
15394 15809 13
15809 14146 13
14146 20559 13
20559 20249 13
20249 20034 13
20034 13127 13
13127 16042 13
16042 13651 13
13651 16912 13
16912 15418 13
15418 7237 13
7237 8797 13
8797 25041 13
25041 16473 13
16473 25853 13
25853 1043 13
1043 24544 13
1536 11846 14
11846 9368 14
9368 23029 14
23029 1842 14
1842 20485 14
20485 20882 14
20882 17165 14
17165 6223 14
6223 22061 14
22061 2339 14
2339 17562 14
17562 6984 14
6984 15767 14
15767 12891 14
12891 11995 14
11995 6912 14
6912 8152 14
8152 19863 14
19863 15949 14
15949 10588 14
10588 23116 14
23116 17965 14
17965 6373 14
6373 24936 14
24936 4950 14
1885 718 15
718 8082 15
8082 22634 15
22634 13889 15
13889 25007 15
25007 20824 15
20824 9999 15
9999 22372 15
22372 2592 15
2592 21059 15
21059 19849 15
19849 3014 15
3014 9167 15
9167 9954 15
9954 7956 15
7956 22613 15
22613 21033 15
21033 15925 15
15925 17655 15
17655 376 15
376 17315 15
17315 23368 15
23368 8205 15
8205 14788 15
14788 5914 15
25930 22838 16
22838 21612 16
21612 17691 16
17691 10129 16
10129 15000 16
15000 2308 16
2308 14268 16
14268 13416 16
13416 20325 16
20325 800 16
800 3824 16
3824 6454 16
6454 10965 16
10965 20278 16
20278 5565 16
5565 20348 16
20348 25162 16
25162 6132 16
6132 25066 16
25066 22831 16
22831 25017 16
25017 15448 16
15448 25278 16
25278 25670 16
25670 16689 16
22767 7775 17
7775 11858 17
11858 24554 17
24554 13841 17
13841 6053 17
6053 6133 17
6133 10387 17
10387 9682 17
9682 14390 17
14390 80 17
80 16824 17
16824 9392 17
9392 12290 17
12290 22489 17
22489 13969 17
13969 21323 17
21323 13827 17
13827 24243 17
24243 21219 17
21219 9363 17
9363 4596 17
4596 12422 17
12422 21239 17
21239 8819 17
8819 1148 17
9833 19539 18
19539 10147 18
10147 6487 18
6487 910 18
910 7168 18
7168 18683 18
18683 1376 18
1376 25485 18
25485 14400 18
14400 9901 18
9901 3353 18
3353 9656 18
9656 22405 18
22405 14043 18
14043 20855 18
20855 16615 18
16615 15764 18
15764 11273 18
11273 38 18
38 12518 18
12518 19850 18
19850 7478 18
7478 15620 18
15620 23868 18
23868 17714 18
15412 21347 19
21347 22406 19
22406 6184 19
6184 2286 19
2286 8093 19
8093 12993 19
12993 24200 19
24200 16295 19
16295 13134 19
13134 14604 19
14604 8789 19
8789 4801 19
4801 11668 19
11668 218 19
218 18083 19
18083 20995 19
20995 6860 19
6860 17804 19
17804 3172 19
3172 24635 19
24635 21412 19
21412 3493 19
3493 12355 19
12355 3195 19
3195 2004 19
18345 14123 20
14123 5931 20
5931 9706 20
9706 22291 20
22291 7882 20
7882 17782 20
17782 3111 20
3111 16544 20
16544 14255 20
14255 16247 20
16247 8206 20
8206 25280 20
25280 2644 20
2644 17594 20
17594 23375 20
23375 15246 20
15246 7483 20
7483 15236 20
15236 19667 20
19667 605 20
605 17161 20
17161 25128 20
25128 9838 20
9838 24570 20
24570 11425 20
2248 11893 21
11893 10349 21
10349 1564 21
1564 1124 21
1124 3530 21
3530 22133 21
22133 18138 21
18138 6146 21
6146 23578 21
23578 8679 21
8679 5082 21
5082 18528 21
18528 23980 21
23980 5093 21
5093 6071 21
6071 14637 21
14637 22617 21
22617 10529 21
10529 14842 21
14842 19905 21
19905 18574 21
18574 2185 21
2185 4620 21
4620 10219 21
10219 13382 21
22306 10821 22
10821 23698 22
23698 17060 22
17060 11412 22
11412 19550 22
19550 13057 22
13057 17157 22
17157 10712 22
10712 14503 22
14503 9541 22
9541 5001 22
5001 21754 22
21754 17241 22
17241 25053 22
25053 9093 22
9093 9589 22
9589 9562 22
9562 12852 22
12852 15638 22
15638 17575 22
17575 15610 22
15610 1996 22
1996 20484 22
20484 3865 22
3865 22393 22
245 1880 23
1880 8095 23
8095 21877 23
21877 14784 23
14784 22056 23
22056 17435 23
17435 12929 23
12929 20419 23
20419 13733 23
13733 19014 23
19014 17164 23
17164 25852 23
25852 4874 23
4874 18532 23
18532 20675 23
20675 12761 23
12761 18206 23
18206 3510 23
3510 19304 23
19304 24754 23
24754 17502 23
17502 22000 23
22000 25629 23
25629 22913 23
22913 11152 23
15128 19845 24
19845 24917 24
24917 24186 24
24186 25023 24
25023 7736 24
7736 25898 24
25898 20998 24
20998 11534 24
11534 494 24
494 2218 24
2218 7702 24
7702 17329 24
17329 1344 24
1344 13791 24
13791 8436 24
8436 19344 24
19344 12346 24
12346 4050 24
4050 19896 24
19896 23712 24
23712 12402 24
12402 17415 24
17415 21049 24
21049 7308 24
7308 12167 24
18125 15747 25
15747 5435 25
5435 24692 25
24692 3804 25
3804 20147 25
20147 8481 25
8481 22109 25
22109 21643 25
21643 18771 25
18771 24833 25
24833 13333 25
13333 25987 25
25987 6895 25
6895 11765 25
11765 2938 25
2938 19429 25
19429 23656 25
23656 16411 25
16411 11630 25
11630 17417 25
17417 1829 25
1829 2602 25
2602 8685 25
8685 19374 25
19374 12984 25
17899 17223 26
17223 11316 26
11316 8927 26
8927 3476 26
3476 15653 26
15653 16724 26
16724 25621 26
25621 22946 26
22946 2680 26
2680 16706 26
16706 12190 26
12190 16378 26
16378 11000 26
11000 6929 26
6929 2060 26
2060 101 26
101 25019 26
25019 23047 26
23047 20602 26
20602 15478 26
15478 2519 26
2519 4176 26
4176 7002 26
7002 1617 26
1617 20799 26
13814 13921 27
13921 9974 27
9974 22563 27
22563 3709 27
3709 19870 27
19870 14858 27
14858 19912 27
19912 5741 27
5741 15511 27
15511 16358 27
16358 7288 27
7288 15938 27
15938 14355 27
14355 8272 27
8272 5133 27
5133 18059 27
18059 17637 27
17637 18313 27
18313 8862 27
8862 14488 27
14488 6014 27
6014 20966 27
20966 1770 27
1770 25924 27
25924 24778 27
17445 23793 28
23793 700 28
700 7573 28
7573 21864 28
21864 20074 28
20074 6324 28
6324 1027 28
1027 17558 28
17558 22384 28
22384 5333 28
5333 2140 28
2140 19283 28
19283 3088 28
3088 10871 28
10871 17832 28
17832 22376 28
22376 19685 28
19685 15825 28
15825 23689 28
23689 22312 28
22312 12973 28
12973 16990 28
16990 14765 28
14765 14981 28
14981 5593 28
20716 15307 29
15307 6867 29
6867 10927 29
10927 19768 29
19768 9706 29
9706 19926 29
19926 1140 29
1140 4128 29
4128 4295 29
4295 25462 29
25462 18605 29
18605 4235 29
4235 19338 29
19338 8311 29
8311 14655 29
14655 17566 29
17566 22448 29
22448 25539 29
25539 14776 29
14776 14313 29
14313 14083 29
14083 11871 29
11871 21204 29
21204 16280 29
16280 24600 29
11922 8915 30
8915 18327 30
18327 11838 30
11838 24315 30
24315 6094 30
6094 20220 30
20220 5548 30
5548 14172 30
14172 13283 30
13283 6811 30
6811 8130 30
8130 2862 30
2862 15384 30
15384 15204 30
15204 349 30
349 23979 30
23979 16005 30
16005 9061 30
9061 3691 30
3691 21738 30
21738 15598 30
15598 25523 30
25523 16540 30
16540 19137 30
19137 25626 30
6735 22321 31
22321 4529 31
4529 11208 31
11208 12686 31
12686 10452 31
10452 3923 31
3923 11507 31
11507 7233 31
7233 15640 31
15640 20589 31
20589 16328 31
16328 18157 31
18157 22492 31
22492 22460 31
22460 15134 31
15134 367 31
367 11266 31
11266 13311 31
13311 19817 31
19817 10939 31
10939 1053 31
1053 14153 31
14153 2256 31
2256 22327 31
22327 25728 31
10766 6570 32
6570 13446 32
13446 18821 32
18821 19294 32
19294 1793 32
1793 22764 32
22764 24703 32
24703 8346 32
8346 16178 32
16178 19688 32
19688 7351 32
7351 17127 32
17127 14487 32
14487 10419 32
10419 15012 32
15012 10552 32
10552 25419 32
25419 8721 32
8721 11643 32
11643 11926 32
11926 18534 32
18534 15218 32
15218 23121 32
23121 7912 32
7912 10778 32
3911 8083 33
8083 6290 33
6290 23063 33
23063 21909 33
21909 17748 33
17748 2053 33
2053 5242 33
5242 3704 33
3704 5705 33
5705 8627 33
8627 4232 33
4232 15800 33
15800 22404 33
22404 19686 33
19686 10600 33
10600 24319 33
24319 21894 33
21894 9298 33
9298 18099 33
18099 22066 33
22066 363 33
363 17075 33
17075 14889 33
14889 1108 33
1108 7223 33
11287 13053 34
13053 20099 34
20099 19602 34
19602 4855 34
4855 5447 34
5447 10762 34
10762 25657 34
25657 13490 34
13490 6932 34
6932 6871 34
6871 7101 34
7101 12963 34
12963 18670 34
18670 7614 34
7614 19693 34
19693 15376 34
15376 23402 34
23402 21619 34
21619 5011 34
5011 14428 34
14428 18089 34
18089 13012 34
13012 5904 34
5904 2499 34
2499 2646 34
20540 2899 35
2899 5135 35
5135 7505 35
7505 24075 35
24075 5136 35
5136 4897 35
4897 16823 35
16823 920 35
920 8458 35
8458 16239 35
16239 1951 35
1951 6078 35
6078 18180 35
18180 18554 35
18554 18587 35
18587 21013 35
21013 25216 35
25216 10426 35
10426 13083 35
13083 4082 35
4082 5943 35
5943 1188 35
1188 18485 35
18485 559 35
559 17068 35
25210 2329 36
2329 23357 36
23357 4753 36
4753 4658 36
4658 9849 36
9849 22750 36
22750 13046 36
13046 23821 36
23821 14061 36
14061 2472 36
2472 15334 36
15334 24981 36
24981 13040 36
13040 20099 36
20099 18268 36
18268 10183 36
10183 2901 36
2901 22301 36
22301 1428 36
1428 8003 36
8003 3374 36
3374 6900 36
6900 7739 36
7739 596 36
596 4221 36
25308 7131 37
7131 6564 37
6564 3958 37
3958 15407 37
15407 12192 37
12192 3493 37
3493 22226 37
22226 3063 37
3063 1945 37
1945 1163 37
1163 18533 37
18533 4915 37
4915 8728 37
8728 2228 37
2228 5344 37
5344 8743 37
8743 13624 37
13624 9 37
9 23709 37
23709 4401 37
4401 15886 37
15886 22669 37
22669 22703 37
22703 15958 37
15958 16337 37
15982 5793 38
5793 24735 38
24735 19818 38
19818 22857 38
22857 20582 38
20582 20401 38
20401 7234 38
7234 12469 38
12469 16090 38
16090 21330 38
21330 21537 38
21537 16086 38
16086 20526 38
20526 20730 38
20730 17371 38
17371 17558 38
17558 16871 38
16871 15253 38
15253 5647 38
5647 21285 38
21285 991 38
991 23639 38
23639 10446 38
10446 1447 38
1447 20871 38
9990 21668 39
21668 22551 39
22551 17678 39
17678 3098 39
3098 5784 39
5784 21165 39
21165 19202 39
19202 18138 39
18138 21931 39
21931 23741 39
23741 25492 39
25492 25378 39
25378 16628 39
16628 7577 39
7577 1267 39
1267 13229 39
13229 23604 39
23604 3341 39
3341 20221 39
20221 157 39
157 3241 39
3241 9349 39
9349 24719 39
24719 23903 39
23903 20265 39
11492 5198 40
5198 21040 40
21040 11488 40
11488 359 40
359 15775 40
15775 10611 40
10611 13641 40
13641 4413 40
4413 13499 40
13499 8173 40
8173 2282 40
2282 2272 40
2272 749 40
749 10423 40
10423 12902 40
12902 6650 40
6650 21657 40
21657 2288 40
2288 12663 40
12663 4513 40
4513 5660 40
5660 2293 40
2293 24500 40
24500 10954 40
10954 8961 40
2053 14519 41
14519 21107 41
21107 8124 41
8124 10494 41
10494 2949 41
2949 2425 41
2425 10999 41
10999 8333 41
8333 25263 41
25263 20567 41
20567 11500 41
11500 15175 41
15175 5448 41
5448 14911 41
14911 17965 41
17965 10107 41
10107 827 41
827 10938 41
10938 25490 41
25490 13106 41
13106 24181 41
24181 24183 41
24183 21337 41
21337 8678 41
8678 3411 41
6903 8249 42
8249 5247 42
5247 1867 42
1867 13333 42
13333 12078 42
12078 15785 42
15785 22319 42
22319 17371 42
17371 2277 42
2277 929 42
929 18198 42
18198 10463 42
10463 9271 42
9271 11319 42
11319 3838 42
3838 1625 42
1625 1535 42
1535 3445 42
3445 19070 42
19070 2890 42
2890 13143 42
13143 5151 42
5151 24339 42
24339 11299 42
11299 1617 42
9705 10492 43
10492 25763 43
25763 3923 43
3923 7793 43
7793 19110 43
19110 20422 43
20422 3395 43
3395 15240 43
15240 25537 43
25537 14211 43
14211 4314 43
4314 7241 43
7241 13678 43
13678 8843 43
8843 14586 43
14586 13824 43
13824 18704 43
18704 22944 43
22944 6424 43
6424 20712 43
20712 15046 43
15046 11578 43
11578 11321 43
11321 3047 43
3047 9526 43
12416 11322 44
11322 15919 44
15919 25113 44
25113 24693 44
24693 23937 44
23937 20644 44
20644 9218 44
9218 20697 44
20697 1796 44
1796 14409 44
14409 24793 44
24793 18807 44
18807 25921 44
25921 12149 44
12149 18048 44
18048 13690 44
13690 8491 44
8491 23615 44
23615 10189 44
10189 5802 44
5802 2878 44
2878 17514 44
17514 12288 44
12288 19709 44
19709 15020 44
12680 7856 45
7856 19660 45
19660 17619 45
17619 19631 45
19631 21131 45
21131 11550 45
11550 10253 45
10253 15868 45
15868 24285 45
24285 5735 45
5735 10379 45
10379 25001 45
25001 3674 45
3674 14404 45
14404 4731 45
4731 16000 45
16000 2561 45
2561 11060 45
11060 17161 45
17161 16732 45
16732 23793 45
23793 24494 45
24494 25507 45
25507 3484 45
3484 18198 45
12346 3093 46
3093 11955 46
11955 17442 46
17442 21891 46
21891 7862 46
7862 8842 46
8842 21140 46
21140 7756 46
7756 15659 46
15659 19110 46
19110 21061 46
21061 3117 46
3117 10945 46
10945 15380 46
15380 24687 46
24687 22300 46
22300 23512 46
23512 4552 46
4552 8674 46
8674 15440 46
15440 12051 46
12051 21153 46
21153 3137 46
3137 10066 46
10066 7171 46
1799 11489 47
11489 17872 47
17872 11702 47
11702 18853 47
18853 7713 47
7713 10608 47
10608 11661 47
11661 1130 47
1130 25298 47
25298 2472 47
2472 15229 47
15229 5082 47
5082 14392 47
14392 8813 47
8813 2915 47
2915 17144 47
17144 18541 47
18541 10870 47
10870 21196 47
21196 3527 47
3527 18991 47
18991 9650 47
9650 2882 47
2882 7408 47
7408 8236 47
14960 12529 48
12529 3952 48
3952 25324 48
25324 22652 48
22652 9549 48
9549 10909 48
10909 14824 48
14824 9568 48
9568 379 48
379 7455 48
7455 17933 48
17933 1643 48
1643 3732 48
3732 3386 48
3386 16397 48
16397 9552 48
9552 6422 48
6422 25941 48
25941 1325 48
1325 4014 48
4014 21441 48
21441 25663 48
25663 9028 48
9028 16904 48
16904 4075 48
12875 10482 49
10482 19535 49
19535 916 49
916 9596 49
9596 24860 49
24860 12617 49
12617 22621 49
22621 19006 49
19006 25977 49
25977 8573 49
8573 14528 49
14528 13002 49
13002 16644 49
16644 14527 49
14527 18862 49
18862 1015 49
1015 861 49
861 16465 49
16465 25785 49
25785 2362 49
2362 5996 49
5996 12044 49
12044 8970 49
8970 24781 49
24781 11132 49
1302 3482 50
3482 5260 50
5260 7782 50
7782 16699 50
16699 9069 50
9069 691 50
691 19836 50
19836 10457 50
10457 20158 50
20158 19239 50
19239 23029 50
23029 8318 50
8318 16250 50
16250 4752 50
4752 4673 50
4673 15661 50
15661 3506 50
3506 20900 50
20900 25444 50
25444 1894 50
1894 1759 50
1759 13708 50
13708 2951 50
2951 15315 50
15315 20959 50
18652 21504 51
21504 5664 51
5664 20472 51
20472 18645 51
18645 7790 51
7790 6558 51
6558 20506 51
20506 12988 51
12988 2278 51
2278 5163 51
5163 9523 51
9523 22522 51
22522 2410 51
2410 8190 51
8190 9810 51
9810 6684 51
6684 21823 51
21823 7136 51
7136 15989 51
15989 11674 51
11674 22226 51
22226 12400 51
12400 11755 51
11755 3465 51
3465 6460 51
4267 12638 52
12638 23134 52
23134 19822 52
19822 6475 52
6475 22274 52
22274 10558 52
10558 3766 52
3766 25019 52
25019 21240 52
21240 20571 52
20571 10684 52
10684 23669 52
23669 18931 52
18931 13 52
13 22692 52
22692 21160 52
21160 8957 52
8957 24256 52
24256 3505 52
3505 25899 52
25899 24457 52
24457 7070 52
7070 6991 52
6991 2515 52
2515 3734 52
14676 727 53
727 8988 53
8988 15045 53
15045 10417 53
10417 11662 53
11662 2249 53
2249 4481 53
4481 22971 53
22971 14007 53
14007 16598 53
16598 3543 53
3543 4640 53
4640 13900 53
13900 7262 53
7262 6042 53
6042 13284 53
13284 11239 53
11239 18921 53
18921 1833 53
1833 25349 53
25349 21533 53
21533 13028 53
13028 15092 53
15092 8065 53
8065 15940 53
23850 23344 54
23344 5033 54
5033 12382 54
12382 25754 54
25754 1157 54
1157 12475 54
12475 21581 54
21581 20070 54
20070 7570 54
7570 2430 54
2430 6771 54
6771 21426 54
21426 19489 54
19489 22907 54
22907 3016 54
3016 398 54
398 11234 54
11234 11842 54
11842 17493 54
17493 24504 54
24504 16620 54
16620 25868 54
25868 12918 54
12918 9372 54
9372 5353 54
12653 2599 55
2599 15654 55
15654 237 55
237 11344 55
11344 3155 55
3155 15207 55
15207 24532 55
24532 16471 55
16471 16514 55
16514 6201 55
6201 13084 55
13084 10636 55
10636 19494 55
19494 17704 55
17704 22633 55
22633 5325 55
5325 19711 55
19711 3719 55
3719 25901 55
25901 25155 55
25155 22866 55
22866 17163 55
17163 25517 55
25517 24001 55
24001 18283 55
18713 4626 56
4626 23233 56
23233 6972 56
6972 14723 56
14723 902 56
902 6698 56
6698 4601 56
4601 15164 56
15164 5013 56
5013 13060 56
13060 4963 56
4963 12397 56
12397 24351 56
24351 21699 56
21699 2022 56
2022 7994 56
7994 12126 56
12126 1583 56
1583 3191 56
3191 19855 56
19855 11886 56
11886 10974 56
10974 9324 56
9324 18678 56
18678 12016 56
16685 10185 57
10185 8878 57
8878 14608 57
14608 11988 57
11988 19024 57
19024 10846 57
10846 16304 57
16304 5426 57
5426 4473 57
4473 6555 57
6555 5504 57
5504 15469 57
15469 10332 57
10332 9123 57
9123 19811 57
19811 10609 57
10609 1245 57
1245 8958 57
8958 5505 57
5505 17463 57
17463 5519 57
5519 924 57
924 1795 57
1795 12669 57
12669 16326 57
1735 7959 58
7959 25432 58
25432 22468 58
22468 24733 58
24733 21926 58
21926 20540 58
20540 16876 58
16876 17681 58
17681 4288 58
4288 13576 58
13576 17260 58
17260 1711 58
1711 9014 58
9014 2716 58
2716 7665 58
7665 12297 58
12297 15613 58
15613 3398 58
3398 16358 58
16358 4020 58
4020 22498 58
22498 24599 58
24599 18365 58
18365 11904 58
11904 12127 58
7863 11532 59
11532 19799 59
19799 7974 59
7974 3484 59
3484 22022 59
22022 4252 59
4252 14818 59
14818 23450 59
23450 1916 59
1916 9741 59
9741 5189 59
5189 10319 59
10319 3432 59
3432 4258 59
4258 17052 59
17052 3966 59
3966 14445 59
14445 3329 59
3329 19331 59
19331 4137 59
4137 25752 59
25752 10035 59
10035 6241 59
6241 24620 59
24620 7070 59
21602 25014 60
25014 4546 60
4546 1919 60
1919 11562 60
11562 24391 60
24391 18855 60
18855 3133 60
3133 2180 60
2180 1894 60
1894 5579 60
5579 6258 60
6258 966 60
966 1142 60
1142 18154 60
18154 15087 60
15087 6857 60
6857 2106 60
2106 25886 60
25886 14168 60
14168 15161 60
15161 19350 60
19350 16970 60
16970 21092 60
21092 22792 60
22792 25983 60
7613 17489 61
17489 16704 61
16704 9629 61
9629 25380 61
25380 21504 61
21504 22368 61
22368 10210 61
10210 18446 61
18446 21371 61
21371 6331 61
6331 10194 61
10194 686 61
686 5142 61
5142 8472 61
8472 25889 61
25889 24 61
24 15220 61
15220 25822 61
25822 25145 61
25145 23234 61
23234 7625 61
7625 1658 61
1658 19806 61
19806 10451 61
10451 23400 61
17976 24793 62
24793 5219 62
5219 25715 62
25715 19794 62
19794 10813 62
10813 2056 62
2056 17750 62
17750 5515 62
5515 11782 62
11782 12110 62
12110 1235 62
1235 3202 62
3202 12698 62
12698 24130 62
24130 24515 62
24515 21607 62
21607 20852 62
20852 18124 62
18124 6816 62
6816 983 62
983 8993 62
8993 9601 62
9601 12068 62
12068 6666 62
6666 21238 62
14128 5850 63
5850 3543 63
3543 6895 63
6895 21480 63
21480 17844 63
17844 20913 63
20913 12708 63
12708 19084 63
19084 24443 63
24443 12529 63
12529 5653 63
5653 21373 63
21373 1747 63
1747 18566 63
18566 13138 63
13138 19255 63
19255 21502 63
21502 748 63
748 5881 63
5881 25218 63
25218 18340 63
18340 6789 63
6789 23607 63
23607 2831 63
2831 18006 63
23122 20720 64
20720 8152 64
8152 12138 64
12138 4273 64
4273 2423 64
2423 24983 64
24983 4160 64
4160 6422 64
6422 5534 64
5534 24975 64
24975 11557 64
11557 3627 64
3627 17896 64
17896 21953 64
21953 5625 64
5625 21996 64
21996 8514 64
8514 10570 64
10570 10094 64
10094 24895 64
24895 21352 64
21352 3983 64
3983 6669 64
6669 15983 64
15983 23173 64
20105 10285 65
10285 22759 65
22759 10418 65
10418 20392 65
20392 12748 65
12748 813 65
813 8293 65
8293 18621 65
18621 22076 65
22076 13807 65
13807 9137 65
9137 4223 65
4223 1965 65
1965 2688 65
2688 19362 65
19362 10448 65
10448 5238 65
5238 10469 65
10469 11001 65
11001 24693 65
24693 18088 65
18088 446 65
446 7220 65
7220 15426 65
15426 16535 65
17668 17832 66
17832 3303 66
3303 10984 66
10984 6457 66
6457 13178 66
13178 9549 66
9549 5168 66
5168 14349 66
14349 11522 66
11522 25049 66
25049 24477 66
24477 13436 66
13436 13256 66
13256 17169 66
17169 19758 66
19758 24680 66
24680 25865 66
25865 14658 66
14658 12237 66
12237 13082 66
13082 12916 66
12916 5903 66
5903 25397 66
25397 25575 66
25575 13429 66
2230 22663 67
22663 13949 67
13949 13931 67
13931 9734 67
9734 17445 67
17445 25268 67
25268 22846 67
22846 17530 67
17530 16421 67
16421 11222 67
11222 14114 67
14114 3003 67
3003 6116 67
6116 8264 67
8264 11658 67
11658 18342 67
18342 20689 67
20689 5689 67
5689 20304 67
20304 1317 67
1317 5512 67
5512 8237 67
8237 10304 67
10304 14367 67
14367 10255 67
14102 9392 68
9392 9937 68
9937 10493 68
10493 3258 68
3258 8782 68
8782 22116 68
22116 14294 68
14294 7086 68
7086 12090 68
12090 16079 68
16079 2975 68
2975 253 68
253 11928 68
11928 701 68
701 5964 68
5964 21523 68
21523 23180 68
23180 23992 68
23992 4823 68
4823 4547 68
4547 25679 68
25679 10284 68
10284 23835 68
23835 16937 68
16937 4147 68
9207 10137 69
10137 23027 69
23027 20116 69
20116 18725 69
18725 17514 69
17514 16210 69
16210 3494 69
3494 19933 69
19933 1077 69
1077 3771 69
3771 14121 69
14121 24305 69
24305 3073 69
3073 21536 69
21536 8045 69
8045 18034 69
18034 25109 69
25109 15107 69
15107 3023 69
3023 15701 69
15701 24675 69
24675 16605 69
16605 11104 69
11104 9563 69
9563 17815 69
14630 19509 70
19509 13545 70
13545 10676 70
10676 10081 70
10081 23088 70
23088 9488 70
9488 5079 70
5079 5597 70
5597 16583 70
16583 16246 70
16246 8693 70
8693 8225 70
8225 1667 70
1667 18208 70
18208 24897 70
24897 16953 70
16953 6437 70
6437 7609 70
7609 16925 70
16925 23606 70
23606 17741 70
17741 20288 70
20288 136 70
136 12473 70
12473 8176 70
20843 907 71
907 18064 71
18064 17419 71
17419 1102 71
1102 13946 71
13946 5577 71
5577 18469 71
18469 4669 71
4669 11219 71
11219 18427 71
18427 1840 71
1840 21581 71
21581 17161 71
17161 5946 71
5946 14065 71
14065 1740 71
1740 25635 71
25635 2490 71
2490 16805 71
16805 2480 71
2480 391 71
391 17531 71
17531 19112 71
19112 13287 71
13287 24569 71
6137 4910 72
4910 14577 72
14577 1307 72
1307 25067 72
25067 25219 72
25219 18468 72
18468 18617 72
18617 4249 72
4249 3100 72
3100 15128 72
15128 12144 72
12144 6058 72
6058 13988 72
13988 1145 72
1145 2429 72
2429 17267 72
17267 23914 72
23914 24927 72
24927 3704 72
3704 24005 72
24005 8452 72
8452 6574 72
6574 17181 72
17181 16862 72
16862 20080 72
103 11247 73
11247 8240 73
8240 15385 73
15385 25266 73
25266 24724 73
24724 16488 73
16488 808 73
808 25260 73
25260 12780 73
12780 12602 73
12602 13733 73
13733 4747 73
4747 21650 73
21650 15626 73
15626 15398 73
15398 6875 73
6875 16931 73
16931 23917 73
23917 24824 73
24824 16429 73
16429 4945 73
4945 18610 73
18610 15196 73
15196 23281 73
23281 14763 73
7625 13026 74
13026 22549 74
22549 3993 74
3993 497 74
497 13387 74
13387 11886 74
11886 1149 74
1149 15157 74
15157 10332 74
10332 24240 74
24240 20559 74
20559 12436 74
12436 21006 74
21006 18154 74
18154 7514 74
7514 22848 74
22848 7251 74
7251 20078 74
20078 20827 74
20827 10082 74
10082 12634 74
12634 20835 74
20835 176 74
176 19216 74
19216 715 74
1759 11475 75
11475 22718 75
22718 7917 75
7917 13518 75
13518 11499 75
11499 20407 75
20407 17656 75
17656 25341 75
25341 9621 75
9621 4967 75
4967 187 75
187 21525 75
21525 9648 75
9648 9414 75
9414 20666 75
20666 1472 75
1472 11589 75
11589 6922 75
6922 12529 75
12529 25354 75
25354 21595 75
21595 5437 75
5437 7944 75
7944 25487 75
25487 23178 75
18902 12006 76
12006 22930 76
22930 4875 76
4875 22161 76
22161 13469 76
13469 14609 76
14609 25376 76
25376 5535 76
5535 5561 76
5561 20612 76
20612 23908 76
23908 21468 76
21468 17801 76
17801 20743 76
20743 21480 76
21480 15589 76
15589 6717 76
6717 16940 76
16940 6102 76
6102 7648 76
7648 7968 76
7968 7761 76
7761 5707 76
5707 18521 76
18521 25952 76
7586 7461 77
7461 9028 77
9028 6343 77
6343 20561 77
20561 289 77
289 8990 77
8990 10159 77
10159 8460 77
8460 2642 77
2642 6998 77
6998 3662 77
3662 24657 77
24657 7169 77
7169 22482 77
22482 1446 77
1446 14920 77
14920 1073 77
1073 14688 77
14688 14281 77
14281 12736 77
12736 10885 77
10885 16150 77
16150 14312 77
14312 14533 77
14533 13056 77
5265 11427 78
11427 20597 78
20597 20922 78
20922 20071 78
20071 7361 78
7361 10871 78
10871 7011 78
7011 9736 78
9736 8063 78
8063 18664 78
18664 23368 78
23368 19525 78
19525 1694 78
1694 2695 78
2695 8621 78
8621 13473 78
13473 17903 78
17903 5167 78
5167 18311 78
18311 16472 78
16472 11931 78
11931 12345 78
12345 25286 78
25286 21037 78
21037 7458 78
791 12495 79
12495 21989 79
21989 15672 79
15672 7645 79
7645 15003 79
15003 18341 79
18341 15377 79
15377 18631 79
18631 8106 79
8106 25232 79
25232 9398 79
9398 6804 79
6804 16391 79
16391 6450 79
6450 999 79
999 21453 79
21453 20823 79
20823 21689 79
21689 23298 79
23298 17537 79
17537 14450 79
14450 10648 79
10648 11341 79
11341 12368 79
12368 6446 79
3232 19012 80
19012 14742 80
14742 7711 80
7711 24979 80
24979 18044 80
18044 19825 80
19825 9992 80
9992 2803 80
2803 17540 80
17540 23378 80
23378 25694 80
25694 18086 80
18086 5941 80
5941 2456 80
2456 15923 80
15923 23096 80
23096 5475 80
5475 14846 80
14846 17322 80
17322 15954 80
15954 22430 80
22430 8965 80
8965 2066 80
2066 3569 80
3569 12524 80
20523 24398 81
24398 12933 81
12933 16802 81
16802 12247 81
12247 6080 81
6080 7367 81
7367 2136 81
2136 25866 81
25866 20317 81
20317 13095 81
13095 8447 81
8447 15346 81
15346 6731 81
6731 15964 81
15964 328 81
328 3073 81
3073 944 81
944 11632 81
11632 68 81
68 4246 81
4246 24745 81
24745 2489 81
2489 23498 81
23498 12730 81
12730 3126 81
6749 11677 82
11677 15442 82
15442 15662 82
15662 17827 82
17827 4196 82
4196 19952 82
19952 24688 82
24688 6101 82
6101 11330 82
11330 10663 82
10663 23678 82
23678 14256 82
14256 3828 82
3828 1423 82
1423 9872 82
9872 20889 82
20889 22645 82
22645 14137 82
14137 14284 82
14284 1870 82
1870 17870 82
17870 18434 82
18434 20074 82
20074 20508 82
20508 22708 82
9612 19922 83
19922 5292 83
5292 1045 83
1045 8145 83
8145 20230 83
20230 10223 83
10223 13927 83
13927 18363 83
18363 3871 83
3871 14147 83
14147 8404 83
8404 15415 83
15415 10436 83
10436 8840 83
8840 6357 83
6357 16675 83
16675 2473 83
2473 5273 83
5273 14057 83
14057 11195 83
11195 25758 83
25758 11342 83
11342 15220 83
15220 19259 83
19259 15903 83
5674 11272 84
11272 3581 84
3581 7152 84
7152 12451 84
12451 8935 84
8935 2851 84
2851 6665 84
6665 21475 84
21475 6032 84
6032 18791 84
18791 16750 84
16750 24331 84
24331 24320 84
24320 7238 84
7238 4946 84
4946 18232 84
18232 9981 84
9981 1792 84
1792 22645 84
22645 5951 84
5951 25764 84
25764 19549 84
19549 8790 84
8790 4912 84
4912 17247 84
13266 14103 85
14103 24688 85
24688 10624 85
10624 4529 85
4529 22796 85
22796 7354 85
7354 16990 85
16990 14671 85
14671 4395 85
4395 24015 85
24015 4355 85
4355 7885 85
7885 25861 85
25861 17951 85
17951 23661 85
23661 143 85
143 19382 85
19382 1092 85
1092 11530 85
11530 11763 85
11763 15074 85
15074 9431 85
9431 1587 85
1587 13048 85
13048 7371 85
10287 12785 86
12785 8686 86
8686 1403 86
1403 13012 86
13012 15013 86
15013 20365 86
20365 14636 86
14636 3232 86
3232 15211 86
15211 11324 86
11324 12571 86
12571 2242 86
2242 15638 86
15638 17569 86
17569 5714 86
5714 17656 86
17656 24525 86
24525 539 86
539 12496 86
12496 6251 86
6251 20287 86
20287 16068 86
16068 18064 86
18064 7526 86
7526 14966 86
424 22614 87
22614 13215 87
13215 13420 87
13420 4818 87
4818 2797 87
2797 11545 87
11545 22701 87
22701 24471 87
24471 1277 87
1277 9609 87
9609 15255 87
15255 14944 87
14944 8363 87
8363 6385 87
6385 16706 87
16706 24190 87
24190 19744 87
19744 6116 87
6116 7646 87
7646 22501 87
22501 14708 87
14708 5253 87
5253 875 87
875 444 87
444 22161 87
9303 443 88
443 6460 88
6460 13022 88
13022 12137 88
12137 20888 88
20888 7161 88
7161 15294 88
15294 3171 88
3171 21713 88
21713 17154 88
17154 6168 88
6168 19280 88
19280 16983 88
16983 20625 88
20625 7016 88
7016 995 88
995 16468 88
16468 1793 88
1793 22418 88
22418 25809 88
25809 768 88
768 19917 88
19917 11747 88
11747 7958 88
7958 3967 88
20334 19323 89
19323 11030 89
11030 15834 89
15834 21659 89
21659 5594 89
5594 7712 89
7712 6827 89
6827 2285 89
2285 15696 89
15696 1395 89
1395 5167 89
5167 4040 89
4040 4786 89
4786 6927 89
6927 25852 89
25852 25658 89
25658 12823 89
12823 1186 89
1186 15678 89
15678 3918 89
3918 4313 89
4313 3954 89
3954 20853 89
20853 19432 89
19432 10235 89
2374 23451 90
23451 1686 90
1686 3571 90
3571 20172 90
20172 623 90
623 1704 90
1704 5815 90
5815 7428 90
7428 16501 90
16501 14681 90
14681 6537 90
6537 6239 90
6239 6005 90
6005 12018 90
12018 7080 90
7080 435 90
435 3319 90
3319 7664 90
7664 20927 90
20927 15582 90
15582 11926 90
11926 22530 90
22530 9178 90
9178 1491 90
1491 15856 90
4489 1786 91
1786 25639 91
25639 21895 91
21895 14885 91
14885 12101 91
12101 15329 91
15329 4834 91
4834 19441 91
19441 17367 91
17367 14042 91
14042 1457 91
1457 12122 91
12122 1036 91
1036 2321 91
2321 10407 91
10407 18507 91
18507 338 91
338 1770 91
1770 22804 91
22804 5089 91
5089 18666 91
18666 22113 91
22113 18836 91
18836 5111 91
5111 3557 91
11841 338 92
338 24240 92
24240 11658 92
11658 25784 92
25784 9701 92
9701 20995 92
20995 7300 92
7300 19915 92
19915 2423 92
2423 8588 92
8588 23256 92
23256 14575 92
14575 18917 92
18917 22660 92
22660 11450 92
11450 9873 92
9873 25770 92
25770 12348 92
12348 8512 92
8512 23126 92
23126 5824 92
5824 2456 92
2456 13027 92
13027 3386 92
3386 1938 92
14313 13353 93
13353 11602 93
11602 9389 93
9389 20562 93
20562 4038 93
4038 4591 93
4591 3391 93
3391 9838 93
9838 15361 93
15361 18536 93
18536 25238 93
25238 15647 93
15647 25752 93
25752 16819 93
16819 17009 93
17009 21089 93
21089 25727 93
25727 25483 93
25483 9261 93
9261 10035 93
10035 1798 93
1798 14175 93
14175 18664 93
18664 5407 93
5407 4757 93
15793 8621 94
8621 6569 94
6569 2486 94
2486 6421 94
6421 20982 94
20982 5224 94
5224 18785 94
18785 5419 94
5419 4438 94
4438 23539 94
23539 6619 94
6619 25710 94
25710 8426 94
8426 18303 94
18303 4058 94
4058 6098 94
6098 12955 94
12955 15292 94
15292 18049 94
18049 7991 94
7991 17595 94
17595 25868 94
25868 24348 94
24348 6920 94
6920 4750 94
22777 17745 95
17745 3089 95
3089 20400 95
20400 7142 95
7142 12141 95
12141 22032 95
22032 25351 95
25351 18482 95
18482 5018 95
5018 12507 95
12507 11503 95
11503 21155 95
21155 23011 95
23011 23124 95
23124 23498 95
23498 24164 95
24164 15320 95
15320 9695 95
9695 10587 95
10587 16133 95
16133 8442 95
8442 12776 95
12776 25988 95
25988 22450 95
22450 5521 95
8565 11458 96
11458 11750 96
11750 13794 96
13794 4601 96
4601 5538 96
5538 15612 96
15612 4276 96
4276 17804 96
17804 15161 96
15161 16716 96
16716 9940 96
9940 18714 96
18714 20665 96
20665 25991 96
25991 1361 96
1361 2126 96
2126 25372 96
25372 11963 96
11963 23671 96
23671 10603 96
10603 12175 96
12175 11964 96
11964 23335 96
23335 24401 96
24401 21361 96
1885 24887 97
24887 12436 97
12436 4753 97
4753 1808 97
1808 20233 97
20233 23408 97
23408 9349 97
9349 5536 97
5536 18402 97
18402 23381 97
23381 20140 97
20140 12087 97
12087 17393 97
17393 1360 97
1360 9988 97
9988 17793 97
17793 8507 97
8507 191 97
191 8172 97
8172 23189 97
23189 16883 97
16883 23668 97
23668 21157 97
21157 827 97
827 13457 97
15772 8446 98
8446 10150 98
10150 14623 98
14623 7745 98
7745 16893 98
16893 16508 98
16508 19019 98
19019 5717 98
5717 6912 98
6912 15669 98
15669 14695 98
14695 11061 98
11061 9871 98
9871 14985 98
14985 17412 98
17412 14391 98
14391 21885 98
21885 5538 98
5538 17393 98
17393 22127 98
22127 10428 98
10428 10641 98
10641 17374 98
17374 6365 98
6365 15115 98
11954 17126 99
17126 8361 99
8361 9684 99
9684 25537 99
25537 24375 99
24375 20674 99
20674 14700 99
14700 497 99
497 17817 99
17817 6632 99
6632 17060 99
17060 4160 99
4160 10043 99
10043 14998 99
14998 2759 99
2759 16902 99
16902 22653 99
22653 611 99
611 11127 99
11127 16125 99
16125 22458 99
22458 13584 99
13584 1712 99
1712 19957 99
19957 13592 99
4531 11580 100
11580 15106 100
15106 16382 100
16382 18550 100
18550 13781 100
13781 21824 100
21824 9386 100
9386 11570 100
11570 24764 100
24764 7359 100
7359 13132 100
13132 10858 100
10858 25018 100
25018 11794 100
11794 10358 100
10358 16740 100
16740 13774 100
13774 15109 100
15109 13369 100
13369 2867 100
2867 20372 100
20372 23851 100
23851 23075 100
23075 6198 100
6198 8792 100
24548 19588 101
19588 17438 101
17438 5669 101
5669 21471 101
21471 749 101
749 22139 101
22139 11333 101
11333 17524 101
17524 12201 101
12201 14840 101
14840 21673 101
21673 1224 101
1224 25626 101
25626 25739 101
25739 23447 101
23447 3264 101
3264 24220 101
24220 13824 101
13824 25345 101
25345 922 101
922 2484 101
2484 25372 101
25372 19765 101
19765 21412 101
21412 19221 101
546 4925 102
4925 25178 102
25178 20000 102
20000 6948 102
6948 23501 102
23501 2697 102
2697 22038 102
22038 2496 102
2496 10125 102
10125 7429 102
7429 19225 102
19225 19265 102
19265 25142 102
25142 2805 102
2805 22238 102
22238 10531 102
10531 7052 102
7052 19160 102
19160 16698 102
16698 16803 102
16803 3496 102
3496 21776 102
21776 5425 102
5425 1165 102
1165 828 102
202 3957 103
3957 3139 103
3139 12710 103
12710 14253 103
14253 4447 103
4447 10926 103
10926 9554 103
9554 10915 103
10915 14328 103
14328 16611 103
16611 5636 103
5636 17296 103
17296 24154 103
24154 1674 103
1674 13664 103
13664 8447 103
8447 14746 103
14746 1306 103
1306 24028 103
24028 10179 103
10179 5486 103
5486 10161 103
10161 13414 103
13414 13695 103
13695 9157 103
6537 10617 104
10617 1727 104
1727 23292 104
23292 3071 104
3071 7092 104
7092 18917 104
18917 958 104
958 25640 104
25640 4995 104
4995 6346 104
6346 19929 104
19929 23979 104
23979 24761 104
24761 14958 104
14958 1756 104
1756 3576 104
3576 7016 104
7016 23183 104
23183 8077 104
8077 5497 104
5497 7335 104
7335 11110 104
11110 76 104
76 23806 104
23806 6951 104
6378 16974 105
16974 6247 105
6247 22338 105
22338 3126 105
3126 25787 105
25787 17194 105
17194 22499 105
22499 3592 105
3592 6146 105
6146 12564 105
12564 18204 105
18204 7495 105
7495 1543 105
1543 9082 105
9082 9431 105
9431 23490 105
23490 5767 105
5767 3699 105
3699 16668 105
16668 1213 105
1213 3728 105
3728 13863 105
13863 2561 105
2561 2613 105
2613 8072 105
24448 16641 106
16641 8434 106
8434 25389 106
25389 11760 106
11760 10055 106
10055 18740 106
18740 18713 106
18713 2412 106
2412 24861 106
24861 9071 106
9071 10277 106
10277 15040 106
15040 13977 106
13977 5166 106
5166 3280 106
3280 5647 106
5647 8592 106
8592 15982 106
15982 13113 106
13113 491 106
491 7853 106
7853 22878 106
22878 20369 106
20369 3448 106
3448 4970 106
7896 1499 107
1499 23891 107
23891 23034 107
23034 15929 107
15929 15970 107
15970 21527 107
21527 6203 107
6203 5983 107
5983 6827 107
6827 20260 107
20260 21298 107
21298 14709 107
14709 6547 107
6547 15256 107
15256 9681 107
9681 23794 107
23794 16096 107
16096 10759 107
10759 9836 107
9836 24253 107
24253 5336 107
5336 18553 107
18553 15285 107
15285 6160 107
6160 5430 107
9931 23578 108
23578 19165 108
19165 24646 108
24646 21176 108
21176 17441 108
17441 1985 108
1985 17158 108
17158 15359 108
15359 15404 108
15404 3278 108
3278 8454 108
8454 10511 108
10511 10616 108
10616 2513 108
2513 12011 108
12011 23707 108
23707 2535 108
2535 14119 108
14119 9364 108
9364 21561 108
21561 25591 108
25591 8505 108
8505 8430 108
8430 8640 108
8640 24353 108
14339 23670 109
23670 17713 109
17713 23516 109
23516 7024 109
7024 2008 109
2008 4914 109
4914 17959 109
17959 15926 109
15926 7162 109
7162 1716 109
1716 3420 109
3420 11792 109
11792 12299 109
12299 11679 109
11679 22726 109
22726 1236 109
1236 12029 109
12029 7702 109
7702 8715 109
8715 9552 109
9552 13045 109
13045 8718 109
8718 5656 109
5656 20997 109
20997 20114 109
2204 12115 110
12115 8431 110
8431 5830 110
5830 3750 110
3750 12964 110
12964 8520 110
8520 17629 110
17629 14925 110
14925 15395 110
15395 7191 110
7191 22468 110
22468 11157 110
11157 1263 110
1263 12725 110
12725 16027 110
16027 8658 110
8658 21870 110
21870 8624 110
8624 24845 110
24845 6952 110
6952 2548 110
2548 11048 110
11048 22662 110
22662 6287 110
6287 1412 110
22312 8959 111
8959 12110 111
12110 16461 111
16461 21791 111
21791 15104 111
15104 18115 111
18115 24889 111
24889 17342 111
17342 16023 111
16023 9983 111
9983 5226 111
5226 14174 111
14174 19297 111
19297 15658 111
15658 2256 111
2256 4226 111
4226 16173 111
16173 10250 111
10250 21100 111
21100 4324 111
4324 10199 111
10199 7404 111
7404 24086 111
24086 6279 111
6279 12656 111
15829 14392 112
14392 2956 112
2956 21405 112
21405 15861 112
15861 22107 112
22107 12859 112
12859 415 112
415 19137 112
19137 15846 112
15846 11061 112
11061 21749 112
21749 21776 112
21776 22 112
22 11210 112
11210 25269 112
25269 15404 112
15404 23118 112
23118 16339 112
16339 25985 112
25985 13083 112
13083 13432 112
13432 2615 112
2615 16294 112
16294 23236 112
23236 9639 112
7355 11155 113
11155 21045 113
21045 22926 113
22926 2209 113
2209 6963 113
6963 22046 113
22046 23269 113
23269 17009 113
17009 24421 113
24421 4415 113
4415 7544 113
7544 20535 113
20535 19669 113
19669 1655 113
1655 12391 113
12391 9729 113
9729 6531 113
6531 8219 113
8219 1374 113
1374 6756 113
6756 25036 113
25036 3187 113
3187 5626 113
5626 6483 113
6483 13905 113
15605 25303 114
25303 8458 114
8458 5980 114
5980 4356 114
4356 11424 114
11424 22734 114
22734 17112 114
17112 2428 114
2428 3019 114
3019 8799 114
8799 18105 114
18105 15160 114
15160 11860 114
11860 24434 114
24434 12303 114
12303 7221 114
7221 17124 114
17124 3668 114
3668 13885 114
13885 11781 114
11781 19903 114
19903 6242 114
6242 21986 114
21986 21057 114
21057 20851 114
15975 4389 115
4389 20962 115
20962 9522 115
9522 10392 115
10392 3405 115
3405 23905 115
23905 18166 115
18166 1297 115
1297 11957 115
11957 12354 115
12354 24780 115
24780 7225 115
7225 8312 115
8312 20050 115
20050 8586 115
8586 22565 115
22565 12216 115
12216 24882 115
24882 13567 115
13567 21934 115
21934 10856 115
10856 15213 115
15213 206 115
206 24005 115
24005 24003 115
9591 10384 116
10384 947 116
947 15521 116
15521 24153 116
24153 3865 116
3865 11683 116
11683 10744 116
10744 18538 116
18538 18493 116
18493 6795 116
6795 19450 116
19450 2184 116
2184 22341 116
22341 25599 116
25599 18524 116
18524 24992 116
24992 9087 116
9087 24469 116
24469 19226 116
19226 9597 116
9597 17659 116
17659 16091 116
16091 315 116
315 16553 116
16553 25447 116
23584 20115 117
20115 5714 117
5714 8202 117
8202 1280 117
1280 16478 117
16478 24217 117
24217 5970 117
5970 23472 117
23472 16125 117
16125 7835 117
7835 9313 117
9313 6123 117
6123 17824 117
17824 6238 117
6238 2757 117
2757 3040 117
3040 25045 117
25045 12888 117
12888 24867 117
24867 16820 117
16820 24592 117
24592 18130 117
18130 5280 117
5280 6554 117
6554 19075 117
23345 23074 118
23074 22418 118
22418 2026 118
2026 23255 118
23255 3095 118
3095 9005 118
9005 23522 118
23522 1772 118
1772 289 118
289 17576 118
17576 22491 118
22491 1023 118
1023 391 118
391 5992 118
5992 24881 118
24881 25138 118
25138 5125 118
5125 8027 118
8027 7819 118
7819 2021 118
2021 10271 118
10271 10541 118
10541 17238 118
17238 5177 118
5177 4841 118
16423 25460 119
25460 830 119
830 5091 119
5091 18800 119
18800 6493 119
6493 20214 119
20214 14830 119
14830 24544 119
24544 12021 119
12021 5801 119
5801 6720 119
6720 9888 119
9888 16313 119
16313 23972 119
23972 19723 119
19723 7971 119
7971 20468 119
20468 18167 119
18167 16110 119
16110 21724 119
21724 21283 119
21283 18284 119
18284 14603 119
14603 8013 119
8013 11706 119
14426 1367 120
1367 10081 120
10081 22331 120
22331 1344 120
1344 24402 120
24402 11371 120
11371 21623 120
21623 24034 120
24034 13539 120
13539 21595 120
21595 10872 120
10872 18332 120
18332 6561 120
6561 20409 120
20409 10590 120
10590 4830 120
4830 9203 120
9203 22708 120
22708 17725 120
17725 19722 120
19722 16511 120
16511 2251 120
2251 22411 120
22411 7415 120
7415 4375 120
20709 9983 121
9983 4044 121
4044 8643 121
8643 7666 121
7666 21489 121
21489 18554 121
18554 14719 121
14719 3932 121
3932 19304 121
19304 6474 121
6474 14781 121
14781 24473 121
24473 15164 121
15164 22975 121
22975 10285 121
10285 821 121
821 8823 121
8823 10006 121
10006 12277 121
12277 8751 121
8751 4785 121
4785 24308 121
24308 704 121
704 14508 121
14508 16112 121
4325 2922 122
2922 6890 122
6890 23883 122
23883 1250 122
1250 20752 122
20752 23906 122
23906 11561 122
11561 5321 122
5321 25006 122
25006 4410 122
4410 16218 122
16218 13083 122
13083 4743 122
4743 25480 122
25480 11916 122
11916 10956 122
10956 7164 122
7164 8289 122
8289 22229 122
22229 16306 122
16306 10065 122
10065 8150 122
8150 9368 122
9368 25830 122
25830 24760 122
13102 12169 123
12169 11388 123
11388 11074 123
11074 8316 123
8316 10617 123
10617 22887 123
22887 17715 123
17715 4829 123
4829 925 123
925 14711 123
14711 10786 123
10786 14551 123
14551 4272 123
4272 2508 123
2508 6658 123
6658 19750 123
19750 16903 123
16903 20612 123
20612 7696 123
7696 24505 123
24505 5229 123
5229 19705 123
19705 12002 123
12002 3562 123
3562 19811 123
13422 15680 124
15680 8566 124
8566 12062 124
12062 15628 124
15628 4968 124
4968 828 124
828 10204 124
10204 18747 124
18747 8310 124
8310 7851 124
7851 11174 124
11174 244 124
244 23864 124
23864 5393 124
5393 24085 124
24085 11136 124
11136 6564 124
6564 6839 124
6839 4292 124
4292 21087 124
21087 12151 124
12151 25320 124
25320 22850 124
22850 23177 124
23177 7050 124
12834 23087 125
23087 2099 125
2099 728 125
728 4470 125
4470 8832 125
8832 5929 125
5929 18273 125
18273 21209 125
21209 7111 125
7111 13510 125
13510 4189 125
4189 24719 125
24719 21326 125
21326 24726 125
24726 22099 125
22099 2348 125
2348 454 125
454 11417 125
11417 2584 125
2584 23299 125
23299 9114 125
9114 8354 125
8354 8710 125
8710 19583 125
19583 19182 125
18732 8132 126
8132 19973 126
19973 19263 126
19263 4953 126
4953 3896 126
3896 2910 126
2910 3708 126
3708 9567 126
9567 13398 126
13398 2772 126
2772 24001 126
24001 261 126
261 5533 126
5533 11110 126
11110 23296 126
23296 1322 126
1322 11650 126
11650 23071 126
23071 22415 126
22415 1819 126
1819 23196 126
23196 13611 126
13611 24590 126
24590 12191 126
12191 12601 126
12680 958 127
958 16141 127
16141 7478 127
7478 6915 127
6915 16145 127
16145 4744 127
4744 24098 127
24098 691 127
691 11328 127
11328 2935 127
2935 22149 127
22149 18163 127
18163 13562 127
13562 7565 127
7565 15186 127
15186 8703 127
8703 19245 127
19245 7594 127
7594 3545 127
3545 10099 127
10099 11237 127
11237 11160 127
11160 8166 127
8166 24233 127
24233 15971 127
16850 19899 128
19899 14629 128
14629 9155 128
9155 3238 128
3238 21594 128
21594 15969 128
15969 25597 128
25597 2666 128
2666 19289 128
19289 19383 128
19383 9642 128
9642 1399 128
1399 22572 128
22572 1312 128
1312 11730 128
11730 5127 128
5127 21910 128
21910 17571 128
17571 9896 128
9896 19121 128
19121 6032 128
6032 24076 128
24076 24279 128
24279 7473 128
7473 22229 128
22759 2738 129
2738 24432 129
24432 12823 129
12823 11416 129
11416 6814 129
6814 17894 129
17894 5030 129
5030 17140 129
17140 16414 129
16414 8969 129
8969 21302 129
21302 9718 129
9718 19620 129
19620 21797 129
21797 6195 129
6195 12914 129
12914 6347 129
6347 25246 129
25246 7589 129
7589 9788 129
9788 13472 129
13472 18086 129
18086 10041 129
10041 18778 129
18778 11627 129
9031 21376 130
21376 11140 130
11140 12817 130
12817 2051 130
2051 16414 130
16414 1877 130
1877 2564 130
2564 1360 130
1360 19825 130
19825 7138 130
7138 24751 130
24751 21313 130
21313 21710 130
21710 11302 130
11302 15868 130
15868 20008 130
20008 12617 130
12617 11423 130
11423 4166 130
4166 22875 130
22875 6073 130
6073 20151 130
20151 19646 130
19646 2780 130
2780 1329 130
18208 24445 131
24445 3202 131
3202 10651 131
10651 23491 131
23491 3542 131
3542 9859 131
9859 25601 131
25601 1243 131
1243 24979 131
24979 10915 131
10915 4781 131
4781 8619 131
8619 7567 131
7567 16323 131
16323 19900 131
19900 10655 131
10655 7895 131
7895 23690 131
23690 7798 131
7798 912 131
912 16908 131
16908 20108 131
20108 3520 131
3520 6582 131
6582 4886 131
2657 18487 132
18487 13213 132
13213 21109 132
21109 5326 132
5326 6148 132
6148 1282 132
1282 18490 132
18490 3228 132
3228 22188 132
22188 15047 132
15047 8791 132
8791 8013 132
8013 8036 132
8036 2267 132
2267 1119 132
1119 16193 132
16193 3968 132
3968 20486 132
20486 15427 132
15427 13237 132
13237 14631 132
14631 17029 132
17029 2645 132
2645 19223 132
19223 22414 132
12807 25350 133
25350 3454 133
3454 22443 133
22443 6966 133
6966 15805 133
15805 7164 133
7164 6818 133
6818 9570 133
9570 6104 133
6104 21104 133
21104 20963 133
20963 23268 133
23268 9651 133
9651 24872 133
24872 24581 133
24581 18108 133
18108 13293 133
13293 22439 133
22439 4601 133
4601 13156 133
13156 11081 133
11081 15114 133
15114 11713 133
11713 7799 133
7799 24074 133
1977 10393 134
10393 14571 134
14571 8946 134
8946 16906 134
16906 10956 134
10956 18081 134
18081 10379 134
10379 733 134
733 23985 134
23985 8339 134
8339 3160 134
3160 3299 134
3299 9699 134
9699 3548 134
3548 7365 134
7365 8588 134
8588 7866 134
7866 12691 134
12691 16240 134
16240 17350 134
17350 23857 134
23857 23014 134
23014 22020 134
22020 1793 134
1793 22393 134
22931 6090 135
6090 18429 135
18429 3593 135
3593 14686 135
14686 2057 135
2057 8224 135
8224 448 135
448 18142 135
18142 25061 135
25061 16980 135
16980 20158 135
20158 2128 135
2128 23440 135
23440 8291 135
8291 23652 135
23652 4165 135
4165 5675 135
5675 22765 135
22765 2989 135
2989 777 135
777 4422 135
4422 12265 135
12265 7925 135
7925 20841 135
20841 17962 135
14916 1107 136
1107 14586 136
14586 24450 136
24450 15801 136
15801 20746 136
20746 15369 136
15369 19117 136
19117 10293 136
10293 2027 136
2027 3356 136
3356 16446 136
16446 25373 136
25373 665 136
665 13230 136
13230 3046 136
3046 20994 136
20994 18028 136
18028 22100 136
22100 22748 136
22748 24514 136
24514 10745 136
10745 13272 136
13272 23454 136
23454 24600 136
24600 13415 136
18531 9134 137
9134 12554 137
12554 8960 137
8960 17210 137
17210 2812 137
2812 4127 137
4127 15203 137
15203 24940 137
24940 8972 137
8972 3427 137
3427 17464 137
17464 24337 137
24337 5803 137
5803 9786 137
9786 7524 137
7524 24297 137
24297 25459 137
25459 1687 137
1687 23142 137
23142 2955 137
2955 15977 137
15977 9671 137
9671 9357 137
9357 24293 137
24293 8892 137
22878 13467 138
13467 2406 138
2406 21887 138
21887 24422 138
24422 17673 138
17673 23874 138
23874 4086 138
4086 15326 138
15326 17197 138
17197 10028 138
10028 12378 138
12378 9474 138
9474 25203 138
25203 21208 138
21208 17822 138
17822 19684 138
19684 7231 138
7231 15932 138
15932 10813 138
10813 10188 138
10188 4523 138
4523 14726 138
14726 25570 138
25570 17549 138
17549 5162 138
13466 11935 139
11935 24149 139
24149 16085 139
16085 811 139
811 7140 139
7140 6300 139
6300 16589 139
16589 14577 139
14577 8724 139
8724 4893 139
4893 24855 139
24855 3994 139
3994 10594 139
10594 7555 139
7555 13467 139
13467 19803 139
19803 23674 139
23674 22752 139
22752 3427 139
3427 9488 139
9488 9794 139
9794 16792 139
16792 14026 139
14026 12843 139
12843 12790 139
18089 6760 140
6760 7119 140
7119 13793 140
13793 7509 140
7509 12695 140
12695 22962 140
22962 6170 140
6170 21042 140
21042 19552 140
19552 15534 140
15534 12556 140
12556 3746 140
3746 14701 140
14701 7908 140
7908 16808 140
16808 21193 140
21193 6168 140
6168 4225 140
4225 6944 140
6944 15791 140
15791 20767 140
20767 23727 140
23727 97 140
97 17092 140
17092 8708 140
18316 18911 141
18911 10190 141
10190 11537 141
11537 13943 141
13943 13914 141
13914 5927 141
5927 19842 141
19842 14845 141
14845 6225 141
6225 23062 141
23062 12577 141
12577 6909 141
6909 17789 141
17789 19816 141
19816 17222 141
17222 18662 141
18662 15680 141
15680 3165 141
3165 1263 141
1263 7593 141
7593 13099 141
13099 7823 141
7823 13317 141
13317 20773 141
20773 13225 141
9390 22804 142
22804 7587 142
7587 14782 142
14782 15215 142
15215 21801 142
21801 2453 142
2453 21204 142
21204 15510 142
15510 17992 142
17992 24563 142
24563 6263 142
6263 10511 142
10511 7418 142
7418 14813 142
14813 724 142
724 10895 142
10895 22338 142
22338 21902 142
21902 210 142
210 12225 142
12225 23869 142
23869 8533 142
8533 4810 142
4810 16362 142
16362 16689 142
20058 4888 143
4888 25963 143
25963 20748 143
20748 11854 143
11854 1934 143
1934 6847 143
6847 6006 143
6006 23894 143
23894 15298 143
15298 6148 143
6148 15154 143
15154 21695 143
21695 24088 143
24088 20541 143
20541 1230 143
1230 9297 143
9297 12466 143
12466 8129 143
8129 11487 143
11487 9573 143
9573 6085 143
6085 13695 143
13695 14646 143
14646 18166 143
18166 15062 143
22824 13885 144
13885 7843 144
7843 12031 144
12031 5794 144
5794 19683 144
19683 5421 144
5421 6357 144
6357 22843 144
22843 25943 144
25943 741 144
741 19963 144
19963 21389 144
21389 1336 144
1336 10450 144
10450 5888 144
5888 18498 144
18498 13215 144
13215 23341 144
23341 3869 144
3869 869 144
869 3823 144
3823 8778 144
8778 9113 144
9113 9608 144
9608 13103 144
11127 24853 145
24853 781 145
781 15245 145
15245 14461 145
14461 16139 145
16139 4594 145
4594 24015 145
24015 1205 145
1205 10422 145
10422 18789 145
18789 19566 145
19566 25585 145
25585 8961 145
8961 9384 145
9384 17332 145
17332 19223 145
19223 5643 145
5643 8539 145
8539 9422 145
9422 5010 145
5010 20435 145
20435 13091 145
13091 6097 145
6097 4371 145
4371 3429 145
11624 19348 146
19348 19146 146
19146 15273 146
15273 11225 146
11225 17756 146
17756 24099 146
24099 12032 146
12032 96 146
96 3729 146
3729 14355 146
14355 4971 146
4971 8031 146
8031 10261 146
10261 15357 146
15357 6594 146
6594 24289 146
24289 3797 146
3797 2885 146
2885 9448 146
9448 18575 146
18575 23840 146
23840 19967 146
19967 11841 146
11841 21349 146
21349 6310 146
7348 8730 147
8730 21829 147
21829 6264 147
6264 11144 147
11144 22782 147
22782 3122 147
3122 16452 147
16452 18740 147
18740 6998 147
6998 18893 147
18893 11466 147
11466 18150 147
18150 15558 147
15558 6416 147
6416 25517 147
25517 16186 147
16186 671 147
671 5553 147
5553 21977 147
21977 14578 147
14578 9208 147
9208 15927 147
15927 14562 147
14562 9120 147
9120 15483 147
4613 18823 148
18823 3630 148
3630 10663 148
10663 846 148
846 8522 148
8522 5940 148
5940 6946 148
6946 11507 148
11507 24353 148
24353 12234 148
12234 11742 148
11742 9239 148
9239 9542 148
9542 20439 148
20439 23403 148
23403 1008 148
1008 16419 148
16419 3503 148
3503 3183 148
3183 20755 148
20755 10815 148
10815 2033 148
2033 21642 148
21642 18983 148
18983 2035 148
22268 15805 149
15805 2850 149
2850 25734 149
25734 3273 149
3273 9609 149
9609 19143 149
19143 25867 149
25867 7177 149
7177 7813 149
7813 25630 149
25630 24397 149
24397 8030 149
8030 14177 149
14177 7745 149
7745 11079 149
11079 16765 149
16765 18503 149
18503 9165 149
9165 23718 149
23718 2937 149
2937 22427 149
22427 14900 149
14900 25904 149
25904 396 149
396 7081 149
1378 14244 150
14244 18673 150
18673 4032 150
4032 6215 150
6215 22594 150
22594 10325 150
10325 23491 150
23491 20333 150
20333 18441 150
18441 23965 150
23965 4315 150
4315 4117 150
4117 21927 150
21927 361 150
361 10564 150
10564 18989 150
18989 8144 150
8144 122 150
122 5506 150
5506 11777 150
11777 23184 150
23184 25294 150
25294 11657 150
11657 4929 150
4929 6171 150
20406 8440 151
8440 14271 151
14271 19633 151
19633 9260 151
9260 6491 151
6491 19149 151
19149 19675 151
19675 4991 151
4991 12746 151
12746 21520 151
21520 13949 151
13949 17365 151
17365 20577 151
20577 21712 151
21712 9459 151
9459 24614 151
24614 7250 151
7250 15947 151
15947 16885 151
16885 5249 151
5249 12892 151
12892 18957 151
18957 1450 151
1450 17167 151
17167 21956 151
3935 10827 152
10827 22910 152
22910 9016 152
9016 4592 152
4592 19988 152
19988 17177 152
17177 9250 152
9250 24065 152
24065 13053 152
13053 8222 152
8222 17662 152
17662 2465 152
2465 8102 152
8102 21441 152
21441 23865 152
23865 5898 152
5898 2564 152
2564 15726 152
15726 23822 152
23822 2245 152
2245 22814 152
22814 5177 152
5177 16529 152
16529 24837 152
24837 25097 152
25319 24049 153
24049 18324 153
18324 22300 153
22300 8601 153
8601 1491 153
1491 14615 153
14615 2737 153
2737 10926 153
10926 4608 153
4608 6690 153
6690 24296 153
24296 6360 153
6360 10981 153
10981 23992 153
23992 4025 153
4025 15577 153
15577 21454 153
21454 23077 153
23077 18197 153
18197 12936 153
12936 18422 153
18422 3807 153
3807 14863 153
14863 14677 153
14677 6778 153
42 19730 154
19730 2155 154
2155 147 154
147 3005 154
3005 2239 154
2239 8521 154
8521 14045 154
14045 23770 154
23770 15274 154
15274 15640 154
15640 7211 154
7211 10207 154
10207 13903 154
13903 13673 154
13673 23192 154
23192 3412 154
3412 18496 154
18496 8737 154
8737 10723 154
10723 16725 154
16725 20967 154
20967 4420 154
4420 15731 154
15731 17241 154
17241 4041 154
7134 5894 155
5894 12556 155
12556 9240 155
9240 16439 155
16439 10338 155
10338 12578 155
12578 23521 155
23521 10838 155
10838 8471 155
8471 12545 155
12545 4787 155
4787 18638 155
18638 9332 155
9332 3633 155
3633 24441 155
24441 17299 155
17299 24269 155
24269 4323 155
4323 11092 155
11092 6756 155
6756 25587 155
25587 19450 155
19450 16921 155
16921 9783 155
9783 401 155
16990 12923 156
12923 14595 156
14595 10481 156
10481 9691 156
9691 21944 156
21944 20926 156
20926 7315 156
7315 17344 156
17344 24234 156
24234 16371 156
16371 11689 156
11689 6256 156
6256 16387 156
16387 7848 156
7848 15595 156
15595 3478 156
3478 23105 156
23105 14385 156
14385 13028 156
13028 754 156
754 11480 156
11480 1341 156
1341 18565 156
18565 14798 156
14798 17248 156
664 12307 157
12307 9120 157
9120 2088 157
2088 24816 157
24816 4853 157
4853 56 157
56 10481 157
10481 24624 157
24624 19303 157
19303 7707 157
7707 19330 157
19330 23056 157
23056 6514 157
6514 24453 157
24453 24548 157
24548 215 157
215 954 157
954 3294 157
3294 4275 157
4275 22114 157
22114 1438 157
1438 13153 157
13153 21303 157
21303 21663 157
21663 15244 157
5054 17586 158
17586 20367 158
20367 16443 158
16443 8162 158
8162 16549 158
16549 18848 158
18848 11046 158
11046 9981 158
9981 21040 158
21040 2692 158
2692 5718 158
5718 13727 158
13727 10612 158
10612 11149 158
11149 14381 158
14381 22208 158
22208 1523 158
1523 16955 158
16955 22590 158
22590 21011 158
21011 9670 158
9670 24450 158
24450 3439 158
3439 8652 158
8652 1028 158
10716 11900 159
11900 1634 159
1634 13108 159
13108 21845 159
21845 9966 159
9966 20838 159
20838 734 159
734 7636 159
7636 18567 159
18567 24596 159
24596 15311 159
15311 9601 159
9601 19886 159
19886 6892 159
6892 18581 159
18581 16511 159
16511 2260 159
2260 4341 159
4341 17676 159
17676 10978 159
10978 22092 159
22092 1046 159
1046 21594 159
21594 3236 159
3236 19845 159
25212 15087 160
15087 16040 160
16040 14301 160
14301 10740 160
10740 1762 160
1762 9311 160
9311 22435 160
22435 14644 160
14644 9137 160
9137 13459 160
13459 24193 160
24193 16918 160
16918 12503 160
12503 16105 160
16105 25909 160
25909 9796 160
9796 6259 160
6259 2583 160
2583 23916 160
23916 14937 160
14937 11950 160
11950 16306 160
16306 23432 160
23432 2925 160
2925 17360 160
21501 13817 161
13817 21229 161
21229 8355 161
8355 10170 161
10170 15601 161
15601 12942 161
12942 3243 161
3243 7120 161
7120 2877 161
2877 5241 161
5241 17053 161
17053 11035 161
11035 19963 161
19963 22793 161
22793 19830 161
19830 1598 161
1598 13205 161
13205 2215 161
2215 21761 161
21761 21035 161
21035 3387 161
3387 10118 161
10118 17733 161
17733 3197 161
3197 7005 161
12745 17559 162
17559 13292 162
13292 15734 162
15734 17498 162
17498 16213 162
16213 10346 162
10346 14519 162
14519 25216 162
25216 12350 162
12350 1204 162
1204 19857 162
19857 23219 162
23219 22484 162
22484 20713 162
20713 17892 162
17892 13656 162
13656 25323 162
25323 10713 162
10713 9405 162
9405 19858 162
19858 24184 162
24184 21727 162
21727 22066 162
22066 6475 162
6475 25170 162
14782 22197 163
22197 5087 163
5087 516 163
516 6355 163
6355 15545 163
15545 7588 163
7588 9852 163
9852 1710 163
1710 12891 163
12891 18704 163
18704 5050 163
5050 3517 163
3517 14367 163
14367 6741 163
6741 14797 163
14797 13856 163
13856 4399 163
4399 9787 163
9787 19906 163
19906 3774 163
3774 17620 163
17620 18523 163
18523 311 163
311 3586 163
3586 21543 163
12799 17462 164
17462 13986 164
13986 18008 164
18008 952 164
952 11577 164
11577 13337 164
13337 17297 164
17297 16360 164
16360 14284 164
14284 13626 164
13626 8861 164
8861 23872 164
23872 346 164
346 12731 164
12731 16110 164
16110 25611 164
25611 12825 164
12825 633 164
633 1034 164
1034 21401 164
21401 2411 164
2411 18065 164
18065 22469 164
22469 8874 164
8874 12708 164
7555 11184 165
11184 18620 165
18620 12977 165
12977 13925 165
13925 2523 165
2523 6872 165
6872 1923 165
1923 9621 165
9621 19419 165
19419 24245 165
24245 19372 165
19372 9856 165
9856 12986 165
12986 8184 165
8184 1864 165
1864 21000 165
21000 12466 165
12466 14451 165
14451 279 165
279 19285 165
19285 10031 165
10031 16813 165
16813 7734 165
7734 5804 165
5804 13551 165
12340 20764 166
20764 12445 166
12445 5254 166
5254 19117 166
19117 22658 166
22658 9001 166
9001 11994 166
11994 6796 166
6796 2857 166
2857 22243 166
22243 18681 166
18681 15017 166
15017 20666 166
20666 2874 166
2874 15233 166
15233 21785 166
21785 21392 166
21392 12232 166
12232 13483 166
13483 13228 166
13228 3556 166
3556 22343 166
22343 502 166
502 796 166
796 14112 166
6136 13452 167
13452 19813 167
19813 12220 167
12220 11990 167
11990 2112 167
2112 3214 167
3214 14433 167
14433 2149 167
2149 10704 167
10704 10686 167
10686 14642 167
14642 22989 167
22989 6437 167
6437 8166 167
8166 17015 167
17015 12099 167
12099 17294 167
17294 22337 167
22337 13250 167
13250 23003 167
23003 2864 167
2864 24477 167
24477 12322 167
12322 16716 167
16716 16058 167
23917 15817 168
15817 8330 168
8330 231 168
231 5936 168
5936 13336 168
13336 4972 168
4972 13430 168
13430 17378 168
17378 20173 168
20173 5924 168
5924 6977 168
6977 19924 168
19924 484 168
484 2854 168
2854 18284 168
18284 20899 168
20899 22783 168
22783 2426 168
2426 13993 168
13993 8774 168
8774 5439 168
5439 185 168
185 16834 168
16834 861 168
861 6842 168
9738 21919 169
21919 3861 169
3861 16654 169
16654 21902 169
21902 14890 169
14890 15908 169
15908 17685 169
17685 21478 169
21478 6417 169
6417 3376 169
3376 7375 169
7375 25367 169
25367 3114 169
3114 1172 169
1172 16609 169
16609 22932 169
22932 4310 169
4310 4094 169
4094 12189 169
12189 18190 169
18190 24628 169
24628 9190 169
9190 7016 169
7016 14175 169
14175 22048 169
13161 16347 170
16347 25670 170
25670 22892 170
22892 9442 170
9442 23204 170
23204 17264 170
17264 735 170
735 9489 170
9489 20871 170
20871 20514 170
20514 16038 170
16038 3042 170
3042 23993 170
23993 868 170
868 13095 170
13095 6850 170
6850 2267 170
2267 18369 170
18369 8569 170
8569 1348 170
1348 21389 170
21389 4341 170
4341 7217 170
7217 15048 170
15048 5471 170
18929 10246 171
10246 19335 171
19335 1801 171
1801 14298 171
14298 1390 171
1390 14672 171
14672 12363 171
12363 7474 171
7474 9940 171
9940 6972 171
6972 12606 171
12606 5834 171
5834 11079 171
11079 25901 171
25901 22613 171
22613 10479 171
10479 25697 171
25697 23714 171
23714 3917 171
3917 53 171
53 3576 171
3576 18408 171
18408 7350 171
7350 8512 171
8512 13736 171
15586 4510 172
4510 4515 172
4515 18744 172
18744 14603 172
14603 1205 172
1205 24067 172
24067 14623 172
14623 9058 172
9058 18165 172
18165 25069 172
25069 22767 172
22767 18214 172
18214 25382 172
25382 24581 172
24581 21853 172
21853 6572 172
6572 2778 172
2778 14762 172
14762 9648 172
9648 6815 172
6815 24626 172
24626 8488 172
8488 19715 172
19715 17905 172
17905 20867 172
25088 3624 173
3624 22384 173
22384 5157 173
5157 15064 173
15064 2335 173
2335 1879 173
1879 9451 173
9451 19334 173
19334 21381 173
21381 1179 173
1179 22699 173
22699 11281 173
11281 24269 173
24269 3516 173
3516 12296 173
12296 7554 173
7554 25197 173
25197 6676 173
6676 10783 173
10783 25769 173
25769 8432 173
8432 21772 173
21772 21444 173
21444 7647 173
7647 21040 173
2838 23769 174
23769 23624 174
23624 25471 174
25471 13550 174
13550 12201 174
12201 3432 174
3432 3894 174
3894 12110 174
12110 3972 174
3972 7949 174
7949 23885 174
23885 4754 174
4754 1667 174
1667 11045 174
11045 13676 174
13676 14779 174
14779 25904 174
25904 7827 174
7827 3543 174
3543 9728 174
9728 14823 174
14823 25229 174
25229 8086 174
8086 24757 174
24757 23680 174
15462 17509 175
17509 25891 175
25891 4392 175
4392 3897 175
3897 17768 175
17768 22019 175
22019 25546 175
25546 3045 175
3045 15971 175
15971 19991 175
19991 19218 175
19218 15234 175
15234 23458 175
23458 725 175
725 20274 175
20274 13305 175
13305 17652 175
17652 4279 175
4279 16033 175
16033 18203 175
18203 10813 175
10813 22934 175
22934 6974 175
6974 17658 175
17658 18730 175
2987 1100 176
1100 7694 176
7694 25705 176
25705 22453 176
22453 17384 176
17384 16634 176
16634 5764 176
5764 12777 176
12777 8579 176
8579 24978 176
24978 10579 176
10579 18071 176
18071 22782 176
22782 12934 176
12934 21630 176
21630 15349 176
15349 22545 176
22545 21792 176
21792 8153 176
8153 19239 176
19239 6410 176
6410 24171 176
24171 16700 176
16700 16345 176
16345 5478 176
5025 14528 177
14528 23309 177
23309 23483 177
23483 10476 177
10476 7857 177
7857 11207 177
11207 7063 177
7063 6674 177
6674 12337 177
12337 14847 177
14847 22646 177
22646 13054 177
13054 1979 177
1979 1765 177
1765 3687 177
3687 4067 177
4067 8612 177
8612 13533 177
13533 9261 177
9261 16789 177
16789 14037 177
14037 12409 177
12409 2908 177
2908 19077 177
19077 9166 177
18369 1608 178
1608 19762 178
19762 19077 178
19077 18298 178
18298 272 178
272 20358 178
20358 2604 178
2604 9421 178
9421 17299 178
17299 4154 178
4154 14782 178
14782 8397 178
8397 21780 178
21780 22288 178
22288 25753 178
25753 10475 178
10475 833 178
833 12134 178
12134 11369 178
11369 5670 178
5670 13596 178
13596 4272 178
4272 6422 178
6422 6786 178
6786 12508 178
11235 12805 179
12805 11050 179
11050 3845 179
3845 19151 179
19151 22661 179
22661 6996 179
6996 13832 179
13832 18810 179
18810 7528 179
7528 1736 179
1736 501 179
501 10123 179
10123 11529 179
11529 23286 179
23286 12611 179
12611 20786 179
20786 7200 179
7200 5593 179
5593 5426 179
5426 23397 179
23397 3147 179
3147 11693 179
11693 15191 179
15191 16862 179
16862 16248 179
23338 19690 180
19690 8692 180
8692 1283 180
1283 14415 180
14415 10343 180
10343 21199 180
21199 14594 180
14594 8245 180
8245 22201 180
22201 25659 180
25659 1794 180
1794 15124 180
15124 15108 180
15108 22686 180
22686 20046 180
20046 23386 180
23386 8419 180
8419 20431 180
20431 15448 180
15448 22134 180
22134 7702 180
7702 19595 180
19595 21306 180
21306 18135 180
18135 17196 180
18979 12592 181
12592 22635 181
22635 25539 181
25539 15216 181
15216 8544 181
8544 13288 181
13288 2572 181
2572 7442 181
7442 1416 181
1416 19628 181
19628 10496 181
10496 6584 181
6584 23891 181
23891 6016 181
6016 24070 181
24070 479 181
479 8634 181
8634 11068 181
11068 16800 181
16800 13230 181
13230 15614 181
15614 16881 181
16881 18311 181
18311 21630 181
21630 17405 181
20428 20495 182
20495 8731 182
8731 4943 182
4943 16259 182
16259 5391 182
5391 10502 182
10502 11238 182
11238 17986 182
17986 12506 182
12506 9474 182
9474 8906 182
8906 20643 182
20643 1002 182
1002 12018 182
12018 10771 182
10771 18532 182
18532 20237 182
20237 23092 182
23092 24459 182
24459 4047 182
4047 8461 182
8461 3342 182
3342 25267 182
25267 218 182
218 22511 182
25793 14114 183
14114 11940 183
11940 19613 183
19613 22571 183
22571 1222 183
1222 4681 183
4681 21983 183
21983 25673 183
25673 10617 183
10617 24379 183
24379 24224 183
24224 1760 183
1760 17020 183
17020 22622 183
22622 25409 183
25409 20693 183
20693 10055 183
10055 19121 183
19121 17151 183
17151 16646 183
16646 5164 183
5164 19565 183
19565 9534 183
9534 8789 183
8789 1574 183
21487 5230 184
5230 17464 184
17464 20712 184
20712 23789 184
23789 8962 184
8962 14262 184
14262 4336 184
4336 9104 184
9104 974 184
974 15684 184
15684 11598 184
11598 21108 184
21108 627 184
627 22090 184
22090 6672 184
6672 20703 184
20703 19532 184
19532 7369 184
7369 10357 184
10357 6019 184
6019 11141 184
11141 3919 184
3919 22627 184
22627 6139 184
6139 18130 184
2629 5183 185
5183 1012 185
1012 14554 185
14554 1946 185
1946 6529 185
6529 13202 185
13202 272 185
272 22298 185
22298 13254 185
13254 13099 185
13099 14919 185
14919 4475 185
4475 21683 185
21683 12968 185
12968 381 185
381 4114 185
4114 10242 185
10242 21773 185
21773 25062 185
25062 21092 185
21092 15795 185
15795 8856 185
8856 19373 185
19373 1364 185
1364 5451 185
6201 17862 186
17862 11130 186
11130 23369 186
23369 21655 186
21655 21809 186
21809 3161 186
3161 5640 186
5640 8703 186
8703 21527 186
21527 23932 186
23932 7196 186
7196 862 186
862 10003 186
10003 9418 186
9418 21167 186
21167 20812 186
20812 5810 186
5810 16736 186
16736 25655 186
25655 7353 186
7353 17794 186
17794 5965 186
5965 20683 186
20683 12846 186
12846 7641 186
21568 10457 187
10457 14620 187
14620 6504 187
6504 2030 187
2030 9222 187
9222 2489 187
2489 21270 187
21270 7149 187
7149 4599 187
4599 18177 187
18177 19084 187
19084 5044 187
5044 19740 187
19740 2508 187
2508 13104 187
13104 6951 187
6951 6502 187
6502 14359 187
14359 2971 187
2971 3245 187
3245 734 187
734 21820 187
21820 22439 187
22439 10486 187
10486 6197 187
13893 9366 188
9366 3595 188
3595 393 188
393 23547 188
23547 19099 188
19099 12372 188
12372 16818 188
16818 6817 188
6817 9187 188
9187 19188 188
19188 3919 188
3919 16012 188
16012 2475 188
2475 972 188
972 19491 188
19491 18089 188
18089 2715 188
2715 5595 188
5595 11057 188
11057 19918 188
19918 16462 188
16462 2200 188
2200 2690 188
2690 6287 188
6287 21190 188
15687 24279 189
24279 14709 189
14709 22021 189
22021 6012 189
6012 23755 189
23755 5798 189
5798 12598 189
12598 2665 189
2665 7647 189
7647 24880 189
24880 17150 189
17150 16202 189
16202 24663 189
24663 12575 189
12575 23325 189
23325 21725 189
21725 4420 189
4420 19849 189
19849 9330 189
9330 17762 189
17762 3109 189
3109 1344 189
1344 24567 189
24567 2686 189
2686 20845 189
892 19140 190
19140 25448 190
25448 13962 190
13962 14563 190
14563 1248 190
1248 2614 190
2614 9709 190
9709 23745 190
23745 1260 190
1260 3502 190
3502 18439 190
18439 19463 190
19463 12498 190
12498 18156 190
18156 19926 190
19926 9572 190
9572 19048 190
19048 8580 190
8580 18898 190
18898 5714 190
5714 7369 190
7369 4620 190
4620 17568 190
17568 15826 190
15826 25649 190
3770 13549 191
13549 7325 191
7325 5356 191
5356 13448 191
13448 22516 191
22516 23900 191
23900 9481 191
9481 20480 191
20480 12020 191
12020 17196 191
17196 13517 191
13517 25719 191
25719 16190 191
16190 8107 191
8107 11380 191
11380 13956 191
13956 2941 191
2941 12307 191
12307 1160 191
1160 19535 191
19535 296 191
296 15024 191
15024 13541 191
13541 25661 191
25661 3624 191
4708 9500 192
9500 25825 192
25825 13876 192
13876 11508 192
11508 15409 192
15409 8657 192
8657 18070 192
18070 846 192
846 23078 192
23078 25291 192
25291 21205 192
21205 24542 192
24542 472 192
472 8590 192
8590 11327 192
11327 17599 192
17599 18434 192
18434 21057 192
21057 5441 192
5441 18435 192
18435 13296 192
13296 19205 192
19205 9665 192
9665 4296 192
4296 13466 192
8895 11219 193
11219 11614 193
11614 22623 193
22623 10528 193
10528 1781 193
1781 5549 193
5549 11566 193
11566 14664 193
14664 11011 193
11011 4129 193
4129 8805 193
8805 19361 193
19361 9530 193
9530 19558 193
19558 11436 193
11436 7452 193
7452 3330 193
3330 2251 193
2251 4898 193
4898 9973 193
9973 18729 193
18729 649 193
649 7289 193
7289 1120 193
1120 852 193
11059 11079 194
11079 1749 194
1749 6502 194
6502 18387 194
18387 10032 194
10032 16653 194
16653 24993 194
24993 14645 194
14645 20313 194
20313 18589 194
18589 10630 194
10630 2262 194
2262 4789 194
4789 185 194
185 13422 194
13422 3712 194
3712 17974 194
17974 14662 194
14662 15489 194
15489 8994 194
8994 4077 194
4077 1738 194
1738 17394 194
17394 7640 194
7640 8237 194
12852 25104 195
25104 19364 195
19364 7568 195
7568 7722 195
7722 5566 195
5566 8381 195
8381 16916 195
16916 12199 195
12199 14983 195
14983 6851 195
6851 8554 195
8554 74 195
74 10501 195
10501 16805 195
16805 15782 195
15782 22613 195
22613 17939 195
17939 13605 195
13605 20250 195
20250 1319 195
1319 20706 195
20706 24748 195
24748 20971 195
20971 16942 195
16942 16999 195
7315 8297 196
8297 7781 196
7781 12502 196
12502 8063 196
8063 6399 196
6399 22366 196
22366 15492 196
15492 4794 196
4794 11101 196
11101 23746 196
23746 8002 196
8002 1967 196
1967 15621 196
15621 22134 196
22134 8933 196
8933 9679 196
9679 15189 196
15189 20467 196
20467 25273 196
25273 18638 196
18638 1789 196
1789 9592 196
9592 18006 196
18006 24494 196
24494 20252 196
2185 691 197
691 18521 197
18521 21678 197
21678 14888 197
14888 13436 197
13436 14356 197
14356 16364 197
16364 15 197
15 8949 197
8949 1439 197
1439 6315 197
6315 3634 197
3634 13772 197
13772 20073 197
20073 16801 197
16801 16804 197
16804 23763 197
23763 25899 197
25899 24740 197
24740 6959 197
6959 8055 197
8055 15961 197
15961 22316 197
22316 5757 197
5757 2683 197
19412 9348 198
9348 22988 198
22988 20316 198
20316 1315 198
1315 17220 198
17220 22148 198
22148 11040 198
11040 4797 198
4797 21421 198
21421 6564 198
6564 2813 198
2813 2432 198
2432 15790 198
15790 10151 198
10151 9913 198
9913 4447 198
4447 3447 198
3447 11614 198
11614 3154 198
3154 4880 198
4880 15272 198
15272 11221 198
11221 5375 198
5375 6061 198
6061 24867 198
16964 16132 199
16132 6979 199
6979 12480 199
12480 4382 199
4382 16 199
16 17814 199
17814 14294 199
14294 25373 199
25373 19148 199
19148 4694 199
4694 1961 199
1961 5648 199
5648 17141 199
17141 12382 199
12382 981 199
981 10431 199
10431 3968 199
3968 23588 199
23588 7844 199
7844 21369 199
21369 14801 199
14801 16171 199
16171 11129 199
11129 16274 199
16274 7518 199
5499 18378 200
18378 456 200
456 14547 200
14547 4303 200
4303 21063 200
21063 5726 200
5726 16244 200
16244 11257 200
11257 12519 200
12519 2583 200
2583 23637 200
23637 23126 200
23126 14167 200
14167 7096 200
7096 14156 200
14156 1451 200
1451 23343 200
23343 8039 200
8039 25546 200
25546 22374 200
22374 1945 200
1945 9117 200
9117 24788 200
24788 5467 200
5467 20282 200
319 17717 201
17717 4579 201
4579 21252 201
21252 9870 201
9870 17594 201
17594 5002 201
5002 13226 201
13226 4108 201
4108 15153 201
15153 11391 201
11391 23536 201
23536 22674 201
22674 9626 201
9626 12142 201
12142 2698 201
2698 17157 201
17157 6878 201
6878 9031 201
9031 18268 201
18268 5259 201
5259 11874 201
11874 1189 201
1189 12990 201
12990 12890 201
12890 13881 201
7276 20579 202
20579 14923 202
14923 20301 202
20301 2524 202
2524 22143 202
22143 15311 202
15311 1791 202
1791 17161 202
17161 21143 202
21143 20205 202
20205 21071 202
21071 7270 202
7270 10194 202
10194 3803 202
3803 18036 202
18036 14687 202
14687 12611 202
12611 6999 202
6999 16343 202
16343 4621 202
4621 13414 202
13414 14911 202
14911 4446 202
4446 23264 202
23264 24111 202
25979 21876 203
21876 7153 203
7153 3966 203
3966 15213 203
15213 5592 203
5592 24016 203
24016 25451 203
25451 12652 203
12652 11936 203
11936 12082 203
12082 9056 203
9056 17557 203
17557 1792 203
1792 2564 203
2564 21288 203
21288 19859 203
19859 2548 203
2548 729 203
729 10057 203
10057 8887 203
8887 8651 203
8651 8780 203
8780 11847 203
11847 11133 203
11133 24581 203
13796 19152 204
19152 17734 204
17734 8688 204
8688 10818 204
10818 15882 204
15882 6783 204
6783 4012 204
4012 7703 204
7703 22235 204
22235 22255 204
22255 22014 204
22014 5887 204
5887 15186 204
15186 17401 204
17401 15875 204
15875 10298 204
10298 5048 204
5048 8062 204
8062 14946 204
14946 12523 204
12523 982 204
982 17573 204
17573 14355 204
14355 14427 204
14427 17219 204
18000 17440 205
17440 14753 205
14753 22098 205
22098 12908 205
12908 12682 205
12682 15673 205
15673 9376 205
9376 1887 205
1887 19289 205
19289 13135 205
13135 4735 205
4735 2892 205
2892 5498 205
5498 11655 205
11655 7852 205
7852 7135 205
7135 12944 205
12944 20275 205
20275 16702 205
16702 24044 205
24044 2464 205
2464 10314 205
10314 24834 205
24834 9570 205
9570 4557 205
10113 21363 206
21363 18672 206
18672 16564 206
16564 17700 206
17700 20885 206
20885 23320 206
23320 3970 206
3970 10656 206
10656 18484 206
18484 20859 206
20859 19598 206
19598 4275 206
4275 7463 206
7463 21513 206
21513 22663 206
22663 8698 206
8698 25300 206
25300 7417 206
7417 2799 206
2799 1448 206
1448 18563 206
18563 5978 206
5978 1131 206
1131 10752 206
10752 8576 206
18164 22102 207
22102 25455 207
25455 25690 207
25690 15296 207
15296 16925 207
16925 19262 207
19262 15085 207
15085 20040 207
20040 20687 207
20687 16309 207
16309 23606 207
23606 2826 207
2826 4753 207
4753 15207 207
15207 23527 207
23527 8602 207
8602 3746 207
3746 7023 207
7023 15613 207
15613 20247 207
20247 5197 207
5197 19189 207
19189 25032 207
25032 17523 207
17523 7981 207
11584 25730 208
25730 22168 208
22168 1032 208
1032 9349 208
9349 16841 208
16841 25321 208
25321 6929 208
6929 5633 208
5633 3043 208
3043 22100 208
22100 7121 208
7121 15421 208
15421 7859 208
7859 25300 208
25300 24563 208
24563 2612 208
2612 1646 208
1646 14654 208
14654 21337 208
21337 1072 208
1072 25742 208
25742 6951 208
6951 15663 208
15663 13335 208
13335 24897 208
15751 17260 209
17260 18328 209
18328 9384 209
9384 9076 209
9076 5842 209
5842 12997 209
12997 13524 209
13524 3429 209
3429 18948 209
18948 6300 209
6300 21759 209
21759 1905 209
1905 25463 209
25463 18619 209
18619 12857 209
12857 25571 209
25571 24747 209
24747 7295 209
7295 18092 209
18092 20181 209
20181 2893 209
2893 10929 209
10929 24356 209
24356 494 209
494 48 209
22410 24540 210
24540 6380 210
6380 2433 210
2433 189 210
189 8428 210
8428 30 210
30 14088 210
14088 9963 210
9963 21314 210
21314 7047 210
7047 366 210
366 1532 210
1532 21244 210
21244 25419 210
25419 370 210
370 19859 210
19859 18947 210
18947 14074 210
14074 13857 210
13857 17459 210
17459 24195 210
24195 6052 210
6052 16025 210
16025 16518 210
16518 25605 210
25989 12823 211
12823 8417 211
8417 12066 211
12066 24961 211
24961 14357 211
14357 7774 211
7774 24977 211
24977 4389 211
4389 17721 211
17721 10716 211
10716 16310 211
16310 47 211
47 7673 211
7673 999 211
999 12988 211
12988 7607 211
7607 6220 211
6220 12674 211
12674 3047 211
3047 21311 211
21311 6022 211
6022 21672 211
21672 12364 211
12364 11911 211
11911 25092 211
7713 20294 212
20294 23425 212
23425 8027 212
8027 16691 212
16691 15249 212
15249 7031 212
7031 18524 212
18524 22920 212
22920 11251 212
11251 6690 212
6690 7227 212
7227 4788 212
4788 3999 212
3999 13508 212
13508 10474 212
10474 10446 212
10446 15113 212
15113 9586 212
9586 8982 212
8982 5180 212
5180 23154 212
23154 18137 212
18137 5163 212
5163 24441 212
24441 21016 212
6805 5642 213
5642 2011 213
2011 14344 213
14344 10335 213
10335 9130 213
9130 11800 213
11800 25176 213
25176 17061 213
17061 6811 213
6811 21596 213
21596 18923 213
18923 953 213
953 4319 213
4319 23983 213
23983 8087 213
8087 5594 213
5594 18379 213
18379 18908 213
18908 3544 213
3544 4345 213
4345 689 213
689 16722 213
16722 642 213
642 13305 213
13305 2154 213
11369 14891 214
14891 7203 214
7203 7733 214
7733 3186 214
3186 79 214
79 1669 214
1669 16002 214
16002 22651 214
22651 20891 214
20891 12194 214
12194 14 214
14 22457 214
22457 6147 214
6147 24781 214
24781 14583 214
14583 11159 214
11159 23083 214
23083 20347 214
20347 9412 214
9412 17294 214
17294 25435 214
25435 20932 214
20932 17018 214
17018 11417 214
11417 4291 214
22291 10515 215
10515 4068 215
4068 17713 215
17713 21986 215
21986 22329 215
22329 13634 215
13634 1226 215
1226 7707 215
7707 8690 215
8690 16869 215
16869 1013 215
1013 8269 215
8269 22024 215
22024 1808 215
1808 25591 215
25591 19872 215
19872 16523 215
16523 8807 215
8807 5109 215
5109 12446 215
12446 7541 215
7541 23435 215
23435 3485 215
3485 161 215
161 59 215
8726 22995 216
22995 14145 216
14145 8229 216
8229 23942 216
23942 9301 216
9301 24302 216
24302 2194 216
2194 9077 216
9077 6964 216
6964 9398 216
9398 14507 216
14507 21441 216
21441 21175 216
21175 20589 216
20589 8466 216
8466 8874 216
8874 719 216
719 23246 216
23246 10309 216
10309 19644 216
19644 12682 216
12682 2508 216
2508 958 216
958 17616 216
17616 15534 216
13303 11468 217
11468 22906 217
22906 2418 217
2418 25079 217
25079 16825 217
16825 17300 217
17300 25272 217
25272 4448 217
4448 25263 217
25263 14400 217
14400 18734 217
18734 22554 217
22554 5751 217
5751 7843 217
7843 9168 217
9168 18828 217
18828 17950 217
17950 6682 217
6682 11103 217
11103 25784 217
25784 4536 217
4536 19950 217
19950 18609 217
18609 3686 217
3686 22046 217
21863 9847 218
9847 9809 218
9809 15699 218
15699 2014 218
2014 6004 218
6004 18035 218
18035 14180 218
14180 25823 218
25823 24992 218
24992 11751 218
11751 25137 218
25137 25508 218
25508 19543 218
19543 25749 218
25749 24658 218
24658 23097 218
23097 15528 218
15528 25752 218
25752 5779 218
5779 18285 218
18285 14892 218
14892 22893 218
22893 19630 218
19630 3405 218
3405 24570 218
3998 20696 219
20696 23036 219
23036 9528 219
9528 4326 219
4326 7789 219
7789 16373 219
16373 8362 219
8362 13510 219
13510 20983 219
20983 15175 219
15175 21451 219
21451 18367 219
18367 22509 219
22509 8929 219
8929 25535 219
25535 25056 219
25056 24684 219
24684 25131 219
25131 9977 219
9977 12147 219
12147 10734 219
10734 16856 219
16856 21708 219
21708 13952 219
13952 10826 219
400 22899 220
22899 14022 220
14022 23623 220
23623 11974 220
11974 10257 220
10257 14694 220
14694 23768 220
23768 11312 220
11312 3372 220
3372 25802 220
25802 25337 220
25337 20034 220
20034 3393 220
3393 22978 220
22978 20795 220
20795 20222 220
20222 22766 220
22766 21773 220
21773 12207 220
12207 1883 220
1883 13553 220
13553 7839 220
7839 11220 220
11220 4031 220
4031 14117 220
18743 2041 221
2041 4770 221
4770 4466 221
4466 13281 221
13281 17157 221
17157 13065 221
13065 13473 221
13473 15929 221
15929 12021 221
12021 1029 221
1029 13635 221
13635 18420 221
18420 20533 221
20533 12556 221
12556 19851 221
19851 5707 221
5707 19486 221
19486 10125 221
10125 2021 221
2021 25591 221
25591 1002 221
1002 11094 221
11094 25426 221
25426 20994 221
20994 10904 221
25170 6644 222
6644 4046 222
4046 22053 222
22053 18874 222
18874 1464 222
1464 5369 222
5369 17509 222
17509 23369 222
23369 18057 222
18057 18581 222
18581 1462 222
1462 19098 222
19098 14956 222
14956 15907 222
15907 1084 222
1084 13140 222
13140 4047 222
4047 5711 222
5711 18810 222
18810 5861 222
5861 8621 222
8621 25151 222
25151 16053 222
16053 14624 222
14624 8145 222
15009 25619 223
25619 1291 223
1291 12537 223
12537 11724 223
11724 15282 223
15282 8551 223
8551 21335 223
21335 14953 223
14953 16567 223
16567 14700 223
14700 13014 223
13014 15572 223
15572 14489 223
14489 19381 223
19381 4512 223
4512 23154 223
23154 7612 223
7612 8898 223
8898 25848 223
25848 3273 223
3273 25712 223
25712 17640 223
17640 4857 223
4857 570 223
570 19534 223
12317 17616 224
17616 4559 224
4559 66 224
66 17964 224
17964 10370 224
10370 20736 224
20736 10819 224
10819 12160 224
12160 12459 224
12459 14543 224
14543 11186 224
11186 8951 224
8951 23118 224
23118 14609 224
14609 6732 224
6732 22361 224
22361 18263 224
18263 13875 224
13875 21882 224
21882 4920 224
4920 22823 224
22823 12251 224
12251 7512 224
7512 16226 224
16226 16368 224
10155 3234 225
3234 18739 225
18739 1158 225
1158 9949 225
9949 3933 225
3933 9590 225
9590 8188 225
8188 5427 225
5427 11578 225
11578 12186 225
12186 17450 225
17450 11433 225
11433 23614 225
23614 19401 225
19401 24737 225
24737 21158 225
21158 375 225
375 8604 225
8604 20317 225
20317 21351 225
21351 14373 225
14373 21770 225
21770 1926 225
1926 11860 225
11860 22507 225
9029 14343 226
14343 21479 226
21479 17690 226
17690 9008 226
9008 3898 226
3898 13622 226
13622 10458 226
10458 9102 226
9102 17595 226
17595 20626 226
20626 11042 226
11042 2113 226
2113 17580 226
17580 20897 226
20897 22336 226
22336 22929 226
22929 24678 226
24678 4708 226
4708 24100 226
24100 13910 226
13910 12368 226
12368 11132 226
11132 12707 226
12707 22936 226
22936 16341 226
22619 14582 227
14582 5527 227
5527 3902 227
3902 20927 227
20927 18724 227
18724 10418 227
10418 11077 227
11077 7062 227
7062 2941 227
2941 25791 227
25791 12673 227
12673 9396 227
9396 14104 227
14104 14491 227
14491 20053 227
20053 754 227
754 22115 227
22115 2643 227
2643 22874 227
22874 20355 227
20355 9851 227
9851 2942 227
2942 3702 227
3702 16109 227
16109 23851 227
17890 11531 228
11531 25832 228
25832 5962 228
5962 11093 228
11093 23002 228
23002 2057 228
2057 7416 228
7416 11294 228
11294 2873 228
2873 3029 228
3029 5115 228
5115 16670 228
16670 13978 228
13978 24049 228
24049 23752 228
23752 918 228
918 1431 228
1431 1097 228
1097 5925 228
5925 8561 228
8561 8258 228
8258 22417 228
22417 18928 228
18928 9445 228
9445 17915 228
2179 15450 229
15450 1272 229
1272 17591 229
17591 4814 229
4814 6169 229
6169 16563 229
16563 1409 229
1409 1204 229
1204 16959 229
16959 7098 229
7098 24230 229
24230 5432 229
5432 3306 229
3306 17654 229
17654 22361 229
22361 16368 229
16368 1301 229
1301 18162 229
18162 18332 229
18332 819 229
819 3461 229
3461 7772 229
7772 23975 229
23975 16828 229
16828 10174 229
2858 13196 230
13196 24894 230
24894 17674 230
17674 9251 230
9251 9242 230
9242 19723 230
19723 17361 230
17361 22717 230
22717 9893 230
9893 2024 230
2024 18844 230
18844 17767 230
17767 7987 230
7987 9363 230
9363 12950 230
12950 14816 230
14816 22674 230
22674 19388 230
19388 3649 230
3649 3423 230
3423 17802 230
17802 20821 230
20821 23959 230
23959 13683 230
13683 1100 230
21449 540 231
540 7027 231
7027 19401 231
19401 21882 231
21882 3299 231
3299 1562 231
1562 8133 231
8133 2876 231
2876 17022 231
17022 14658 231
14658 5709 231
5709 7489 231
7489 8711 231
8711 8320 231
8320 15539 231
15539 16775 231
16775 5280 231
5280 7660 231
7660 24834 231
24834 8977 231
8977 2165 231
2165 23078 231
23078 8112 231
8112 14889 231
14889 19344 231
11268 23788 232
23788 4267 232
4267 22215 232
22215 3516 232
3516 13487 232
13487 23123 232
23123 22540 232
22540 49 232
49 17418 232
17418 21826 232
21826 1312 232
1312 13195 232
13195 15250 232
15250 18149 232
18149 13187 232
13187 6370 232
6370 20201 232
20201 15210 232
15210 8749 232
8749 8680 232
8680 15908 232
15908 2073 232
2073 24708 232
24708 4483 232
4483 8892 232
18083 3675 233
3675 21273 233
21273 12740 233
12740 13097 233
13097 14457 233
14457 5135 233
5135 13969 233
13969 1876 233
1876 16294 233
16294 25126 233
25126 82 233
82 13534 233
13534 14968 233
14968 20673 233
20673 2769 233
2769 577 233
577 8755 233
8755 23639 233
23639 1099 233
1099 20279 233
20279 7377 233
7377 17840 233
17840 3865 233
3865 8146 233
8146 14362 233
888 11623 234
11623 17428 234
17428 4586 234
4586 1785 234
1785 22895 234
22895 24674 234
24674 12071 234
12071 8867 234
8867 16355 234
16355 24320 234
24320 3958 234
3958 19985 234
19985 1528 234
1528 14077 234
14077 3850 234
3850 7268 234
7268 9927 234
9927 5201 234
5201 17026 234
17026 7753 234
7753 5260 234
5260 24265 234
24265 21471 234
21471 25647 234
25647 18830 234
17801 9228 235
9228 10445 235
10445 21386 235
21386 23551 235
23551 25600 235
25600 13891 235
13891 11588 235
11588 22919 235
22919 855 235
855 10710 235
10710 13364 235
13364 19111 235
19111 12253 235
12253 5486 235
5486 12922 235
12922 14831 235
14831 1783 235
1783 21027 235
21027 16354 235
16354 6510 235
6510 12204 235
12204 25444 235
25444 7619 235
7619 1065 235
1065 16937 235
17964 9405 236
9405 2936 236
2936 18534 236
18534 20425 236
20425 15673 236
15673 16286 236
16286 21153 236
21153 7436 236
7436 25591 236
25591 22870 236
22870 9228 236
9228 13296 236
13296 24082 236
24082 4375 236
4375 22219 236
22219 16792 236
16792 1114 236
1114 15104 236
15104 17342 236
17342 10161 236
10161 8515 236
8515 4594 236
4594 21778 236
21778 21436 236
21436 21213 236
18851 1372 237
1372 19983 237
19983 2953 237
2953 15317 237
15317 16292 237
16292 5481 237
5481 8727 237
8727 1780 237
1780 5906 237
5906 7422 237
7422 9865 237
9865 12735 237
12735 7137 237
7137 24647 237
24647 3943 237
3943 7836 237
7836 12931 237
12931 7234 237
7234 11595 237
11595 3670 237
3670 6535 237
6535 17906 237
17906 4593 237
4593 2673 237
2673 14427 237
11188 21263 238
21263 5374 238
5374 19042 238
19042 13093 238
13093 12765 238
12765 12375 238
12375 8372 238
8372 14361 238
14361 9693 238
9693 12882 238
12882 530 238
530 19963 238
19963 16277 238
16277 20723 238
20723 25043 238
25043 13107 238
13107 23688 238
23688 23429 238
23429 6366 238
6366 6798 238
6798 15416 238
15416 1245 238
1245 19565 238
19565 4407 238
4407 17990 238
10510 20805 239
20805 1527 239
1527 12925 239
12925 22841 239
22841 6854 239
6854 7200 239
7200 17940 239
17940 6719 239
6719 24813 239
24813 14914 239
14914 22261 239
22261 12889 239
12889 24688 239
24688 19609 239
19609 21454 239
21454 10372 239
10372 1051 239
1051 21124 239
21124 20759 239
20759 17678 239
17678 25684 239
25684 695 239
695 33 239
33 24755 239
24755 19103 239
13894 5951 240
5951 17018 240
17018 3224 240
3224 13840 240
13840 10791 240
10791 15829 240
15829 15474 240
15474 21099 240
21099 22985 240
22985 14665 240
14665 12698 240
12698 3220 240
3220 17703 240
17703 4790 240
4790 12571 240
12571 11667 240
11667 15661 240
15661 1285 240
1285 1059 240
1059 9418 240
9418 6904 240
6904 11113 240
11113 7829 240
7829 17828 240
17828 24129 240
12997 16251 241
16251 8455 241
8455 1116 241
1116 242 241
242 25711 241
25711 2557 241
2557 7460 241
7460 18559 241
18559 23548 241
23548 22521 241
22521 20767 241
20767 24946 241
24946 16105 241
16105 13513 241
13513 6031 241
6031 13054 241
13054 20025 241
20025 20721 241
20721 22563 241
22563 19231 241
19231 1540 241
1540 17776 241
17776 504 241
504 10253 241
10253 21210 241
5243 2310 242
2310 5495 242
5495 19052 242
19052 14579 242
14579 19950 242
19950 17181 242
17181 13331 242
13331 9821 242
9821 7643 242
7643 24917 242
24917 18938 242
18938 4424 242
4424 8851 242
8851 2236 242
2236 15463 242
15463 11536 242
11536 7550 242
7550 22179 242
22179 9525 242
9525 13092 242
13092 13510 242
13510 1946 242
1946 13786 242
13786 21474 242
21474 13073 242
4928 5808 243
5808 17226 243
17226 880 243
880 6888 243
6888 20159 243
20159 726 243
726 4961 243
4961 2952 243
2952 18449 243
18449 8828 243
8828 5708 243
5708 3841 243
3841 8782 243
8782 9575 243
9575 4354 243
4354 3037 243
3037 6140 243
6140 16203 243
16203 8247 243
8247 6054 243
6054 1906 243
1906 10608 243
10608 14523 243
14523 24915 243
24915 22649 243
3881 22148 244
22148 15938 244
15938 18099 244
18099 2888 244
2888 23921 244
23921 6950 244
6950 21010 244
21010 18527 244
18527 14389 244
14389 11483 244
11483 13588 244
13588 20160 244
20160 15709 244
15709 4917 244
4917 22138 244
22138 24992 244
24992 20395 244
20395 5600 244
5600 23715 244
23715 5094 244
5094 25145 244
25145 21736 244
21736 4354 244
4354 9369 244
9369 16682 244
16614 12901 245
12901 1271 245
1271 18701 245
18701 16951 245
16951 12685 245
12685 9574 245
9574 17931 245
17931 10983 245
10983 3520 245
3520 7236 245
7236 8009 245
8009 19048 245
19048 21919 245
21919 2937 245
2937 569 245
569 2522 245
2522 19448 245
19448 19032 245
19032 10774 245
10774 515 245
515 13815 245
13815 19692 245
19692 19087 245
19087 12710 245
12710 777 245
10179 9318 246
9318 896 246
896 17659 246
17659 16064 246
16064 14578 246
14578 17686 246
17686 16663 246
16663 679 246
679 21595 246
21595 19620 246
19620 13909 246
13909 16961 246
16961 3218 246
3218 508 246
508 19131 246
19131 18136 246
18136 11282 246
11282 11005 246
11005 8951 246
8951 10509 246
10509 11329 246
11329 13988 246
13988 21126 246
21126 24467 246
24467 25817 246
10181 9342 247
9342 6095 247
6095 7876 247
7876 8312 247
8312 22351 247
22351 14201 247
14201 747 247
747 8841 247
8841 21928 247
21928 16170 247
16170 22164 247
22164 3115 247
3115 9596 247
9596 4353 247
4353 5062 247
5062 23414 247
23414 3680 247
3680 13887 247
13887 14521 247
14521 2414 247
2414 15925 247
15925 24003 247
24003 1086 247
1086 20494 247
20494 19651 247
22066 6388 248
6388 12105 248
12105 2634 248
2634 21442 248
21442 4971 248
4971 8350 248
8350 25191 248
25191 18701 248
18701 11323 248
11323 6454 248
6454 17252 248
17252 15027 248
15027 21641 248
21641 21071 248
21071 4754 248
4754 8623 248
8623 15603 248
15603 3263 248
3263 6601 248
6601 6134 248
6134 7941 248
7941 18343 248
18343 25644 248
25644 21081 248
21081 5591 248
6015 15938 249
15938 8666 249
8666 20978 249
20978 1754 249
1754 22944 249
22944 1088 249
1088 21368 249
21368 14650 249
14650 16878 249
16878 11631 249
11631 22088 249
22088 5298 249
5298 8437 249
8437 9629 249
9629 20867 249
20867 21506 249
21506 17221 249
17221 17618 249
17618 22665 249
22665 24133 249
24133 8334 249
8334 1827 249
1827 1795 249
1795 4785 249
4785 9612 249
17214 21482 250
21482 2901 250
2901 18078 250
18078 5145 250
5145 18294 250
18294 18635 250
18635 2912 250
2912 24745 250
24745 9778 250
9778 130 250
130 7177 250
7177 9639 250
9639 1868 250
1868 17452 250
17452 5612 250
5612 14578 250
14578 4553 250
4553 17148 250
17148 7352 250
7352 20995 250
20995 8135 250
8135 223 250
223 24181 250
24181 20534 250
20534 3180 250
13896 19059 251
19059 13904 251
13904 13084 251
13084 25982 251
25982 3337 251
3337 4538 251
4538 23987 251
23987 21000 251
21000 16074 251
16074 15214 251
15214 14744 251
14744 13334 251
13334 2311 251
2311 3258 251
3258 10542 251
10542 21199 251
21199 1018 251
1018 3877 251
3877 22965 251
22965 6864 251
6864 22878 251
22878 25552 251
25552 20566 251
20566 11332 251
11332 23684 251
19793 20771 252
20771 7577 252
7577 16628 252
16628 22243 252
22243 23586 252
23586 12200 252
12200 1534 252
1534 17742 252
17742 22536 252
22536 13392 252
13392 21987 252
21987 4059 252
4059 23046 252
23046 19336 252
19336 17937 252
17937 12109 252
12109 15306 252
15306 25109 252
25109 3204 252
3204 15834 252
15834 4343 252
4343 21181 252
21181 5276 252
5276 2631 252
2631 8787 252
18683 18844 253
18844 22184 253
22184 15010 253
15010 11590 253
11590 2434 253
2434 6817 253
6817 13484 253
13484 6927 253
6927 15270 253
15270 23550 253
23550 20102 253
20102 2729 253
2729 25243 253
25243 2263 253
2263 5152 253
5152 6077 253
6077 24684 253
24684 22903 253
22903 12478 253
12478 12562 253
12562 22069 253
22069 25671 253
25671 16890 253
16890 19073 253
19073 25240 253
25318 25149 254
25149 17710 254
17710 4214 254
4214 4601 254
4601 2257 254
2257 7794 254
7794 220 254
220 8542 254
8542 2362 254
2362 25329 254
25329 2266 254
2266 24025 254
24025 13789 254
13789 7858 254
7858 18228 254
18228 8196 254
8196 1834 254
1834 17430 254
17430 12307 254
12307 19352 254
19352 22522 254
22522 13646 254
13646 21089 254
21089 11493 254
11493 3306 254
17557 15275 255
15275 21883 255
21883 24450 255
24450 15138 255
15138 2383 255
2383 17726 255
17726 13957 255
13957 15787 255
15787 17868 255
17868 21617 255
21617 21536 255
21536 11262 255
11262 6808 255
6808 1083 255
1083 21402 255
21402 14903 255
14903 22015 255
22015 23770 255
23770 4337 255
4337 2403 255
2403 15514 255
15514 2915 255
2915 14143 255
14143 23130 255
23130 15766 255
7052 9673 256
9673 10875 256
10875 12299 256
12299 11916 256
11916 16868 256
16868 19162 256
19162 4386 256
4386 23114 256
23114 11565 256
11565 20285 256
20285 13497 256
13497 4735 256
4735 6257 256
6257 19887 256
19887 6634 256
6634 5769 256
5769 15874 256
15874 14511 256
14511 19283 256
19283 12096 256
12096 21828 256
21828 20141 256
20141 18117 256
18117 2338 256
2338 13510 256
11716 20793 257
20793 24207 257
24207 400 257
400 21958 257
21958 516 257
516 25308 257
25308 6766 257
6766 9552 257
9552 20490 257
20490 2382 257
2382 7170 257
7170 22494 257
22494 16164 257
16164 21379 257
21379 23514 257
23514 19272 257
19272 22090 257
22090 22401 257
22401 15104 257
15104 17147 257
17147 9153 257
9153 3759 257
3759 15402 257
15402 18580 257
18580 10095 257
17095 21705 258
21705 25429 258
25429 18734 258
18734 10876 258
10876 23134 258
23134 5270 258
5270 25398 258
25398 24737 258
24737 25951 258
25951 19403 258
19403 13527 258
13527 3957 258
3957 20893 258
20893 2548 258
2548 1913 258
1913 8581 258
8581 4894 258
4894 1411 258
1411 169 258
169 23969 258
23969 23198 258
23198 4770 258
4770 13866 258
13866 24328 258
24328 16369 258
6509 4731 259
4731 17455 259
17455 17425 259
17425 19557 259
19557 18617 259
18617 11917 259
11917 17064 259
17064 8266 259
8266 17236 259
17236 499 259
499 12493 259
12493 18487 259
18487 20083 259
20083 3483 259
3483 4108 259
4108 20183 259
20183 4082 259
4082 13231 259
13231 19659 259
19659 22048 259
22048 6824 259
6824 1358 259
1358 4838 259
4838 10105 259
10105 9958 259
19795 20698 260
20698 2778 260
2778 8201 260
8201 22520 260
22520 3171 260
3171 1840 260
1840 4034 260
4034 24894 260
24894 21907 260
21907 14366 260
14366 20569 260
20569 25985 260
25985 17843 260
17843 4166 260
4166 14862 260
14862 18585 260
18585 22838 260
22838 20775 260
20775 19156 260
19156 24940 260
24940 9849 260
9849 3234 260
3234 10570 260
10570 24511 260
24511 11673 260
23547 11756 261
11756 3343 261
3343 8290 261
8290 3276 261
3276 19313 261
19313 1591 261
1591 9717 261
9717 164 261
164 22847 261
22847 6128 261
6128 16333 261
16333 10972 261
10972 4269 261
4269 24676 261
24676 6383 261
6383 8260 261
8260 23359 261
23359 25061 261
25061 8418 261
8418 22333 261
22333 18204 261
18204 24728 261
24728 258 261
258 14128 261
14128 13632 261
18300 2146 262
2146 10264 262
10264 7009 262
7009 24231 262
24231 384 262
384 21205 262
21205 24146 262
24146 5193 262
5193 5866 262
5866 9154 262
9154 7543 262
7543 10601 262
10601 21895 262
21895 9381 262
9381 5220 262
5220 20193 262
20193 20262 262
20262 4760 262
4760 9661 262
9661 13409 262
13409 5142 262
5142 4631 262
4631 7870 262
7870 16691 262
16691 19936 262
12212 19865 263
19865 9072 263
9072 8285 263
8285 22470 263
22470 6342 263
6342 11121 263
11121 16731 263
16731 22698 263
22698 16737 263
16737 13636 263
13636 2707 263
2707 10117 263
10117 22322 263
22322 17267 263
17267 6510 263
6510 8912 263
8912 7233 263
7233 1487 263
1487 5411 263
5411 563 263
563 14917 263
14917 3794 263
3794 25272 263
25272 19452 263
19452 8075 263
17486 14166 264
14166 21947 264
21947 25232 264
25232 11130 264
11130 3057 264
3057 3660 264
3660 8356 264
8356 25712 264
25712 986 264
986 25939 264
25939 24775 264
24775 22428 264
22428 12993 264
12993 6272 264
6272 19118 264
19118 21714 264
21714 18015 264
18015 5874 264
5874 17435 264
17435 14702 264
14702 5916 264
5916 4102 264
4102 14523 264
14523 16134 264
16134 24233 264
9230 3604 265
3604 22195 265
22195 8716 265
8716 3906 265
3906 9135 265
9135 3710 265
3710 24957 265
24957 20514 265
20514 19205 265
19205 25603 265
25603 17102 265
17102 20182 265
20182 16383 265
16383 21446 265
21446 4709 265
4709 17544 265
17544 12351 265
12351 9798 265
9798 17101 265
17101 15112 265
15112 2103 265
2103 20037 265
20037 8545 265
8545 11817 265
11817 5495 265
7541 12517 266
12517 4127 266
4127 10680 266
10680 12589 266
12589 11316 266
11316 14206 266
14206 1616 266
1616 13035 266
13035 15858 266
15858 17256 266
17256 17190 266
17190 3259 266
3259 5351 266
5351 8520 266
8520 5124 266
5124 11773 266
11773 14568 266
14568 18287 266
18287 12273 266
12273 11573 266
11573 8098 266
8098 10185 266
10185 9075 266
9075 18522 266
18522 7025 266
21547 17919 267
17919 5376 267
5376 17771 267
17771 15279 267
15279 25177 267
25177 19681 267
19681 18044 267
18044 12259 267
12259 12550 267
12550 12277 267
12277 21909 267
21909 3232 267
3232 1261 267
1261 25282 267
25282 17449 267
17449 11759 267
11759 117 267
117 18384 267
18384 7406 267
7406 13976 267
13976 18314 267
18314 25045 267
25045 2237 267
2237 24341 267
24341 9419 267
8218 14134 268
14134 2000 268
2000 16646 268
16646 4832 268
4832 7214 268
7214 14680 268
14680 6660 268
6660 24123 268
24123 4177 268
4177 7299 268
7299 8981 268
8981 11678 268
11678 21410 268
21410 3371 268
3371 5075 268
5075 17706 268
17706 5969 268
5969 21548 268
21548 10294 268
10294 17471 268
17471 2101 268
2101 8090 268
8090 13532 268
13532 17721 268
17721 2625 268
3768 25848 269
25848 8556 269
8556 22552 269
22552 4373 269
4373 15648 269
15648 22167 269
22167 13540 269
13540 8810 269
8810 25941 269
25941 4025 269
4025 9059 269
9059 2819 269
2819 4553 269
4553 17013 269
17013 7681 269
7681 414 269
414 25634 269
25634 24290 269
24290 17233 269
17233 3019 269
3019 4854 269
4854 6961 269
6961 11634 269
11634 13545 269
13545 3792 269
25584 24717 270
24717 19310 270
19310 18209 270
18209 24137 270
24137 1888 270
1888 851 270
851 5423 270
5423 5471 270
5471 14179 270
14179 4893 270
4893 15941 270
15941 24419 270
24419 15846 270
15846 11763 270
11763 16898 270
16898 9650 270
9650 23590 270
23590 15590 270
15590 1073 270
1073 9996 270
9996 5004 270
5004 323 270
323 24723 270
24723 7537 270
7537 12006 270
637 8564 271
8564 14971 271
14971 7835 271
7835 577 271
577 23209 271
23209 15021 271
15021 6084 271
6084 24950 271
24950 4267 271
4267 21579 271
21579 22464 271
22464 4553 271
4553 17971 271
17971 12645 271
12645 19118 271
19118 11866 271
11866 22690 271
22690 25156 271
25156 13220 271
13220 25194 271
25194 13310 271
13310 9370 271
9370 3948 271
3948 9267 271
9267 1341 271
13063 8483 272
8483 11188 272
11188 11439 272
11439 5977 272
5977 25219 272
25219 16636 272
16636 20824 272
20824 13416 272
13416 1222 272
1222 13433 272
13433 6523 272
6523 3116 272
3116 25194 272
25194 25366 272
25366 16853 272
16853 9217 272
9217 22414 272
22414 2162 272
2162 23127 272
23127 11248 272
11248 1155 272
1155 9623 272
9623 19229 272
19229 6168 272
6168 13080 272
19159 909 273
909 12302 273
12302 22084 273
22084 8353 273
8353 23557 273
23557 10926 273
10926 10248 273
10248 13205 273
13205 24596 273
24596 911 273
911 2491 273
2491 14028 273
14028 14876 273
14876 19715 273
19715 17084 273
17084 10533 273
10533 23315 273
23315 23392 273
23392 6022 273
6022 12045 273
12045 22574 273
22574 11374 273
11374 1854 273
1854 19607 273
19607 1286 273
9476 23789 274
23789 19661 274
19661 17105 274
17105 15720 274
15720 12227 274
12227 1209 274
1209 25410 274
25410 25758 274
25758 24102 274
24102 22498 274
22498 1273 274
1273 7145 274
7145 18006 274
18006 16916 274
16916 23278 274
23278 13368 274
13368 15953 274
15953 5803 274
5803 7523 274
7523 5242 274
5242 16869 274
16869 11053 274
11053 19181 274
19181 5678 274
5678 16219 274
5319 19970 275
19970 11104 275
11104 16916 275
16916 21491 275
21491 20865 275
20865 7938 275
7938 1098 275
1098 2117 275
2117 14549 275
14549 11284 275
11284 9993 275
9993 15852 275
15852 5724 275
5724 4841 275
4841 4213 275
4213 16429 275
16429 25018 275
25018 1270 275
1270 7073 275
7073 10753 275
10753 3709 275
3709 15551 275
15551 15612 275
15612 13962 275
13962 25495 275
18390 23874 276
23874 6392 276
6392 5087 276
5087 14581 276
14581 17907 276
17907 25715 276
25715 21838 276
21838 18024 276
18024 7274 276
7274 17215 276
17215 16311 276
16311 11225 276
11225 1897 276
1897 5482 276
5482 21292 276
21292 20244 276
20244 17279 276
17279 4945 276
4945 25767 276
25767 20121 276
20121 21169 276
21169 1223 276
1223 4916 276
4916 15305 276
15305 18983 276
23250 15744 277
15744 17589 277
17589 17694 277
17694 6267 277
6267 918 277
918 21985 277
21985 11028 277
11028 16104 277
16104 19160 277
19160 19360 277
19360 11831 277
11831 15396 277
15396 23286 277
23286 24975 277
24975 5229 277
5229 20609 277
20609 18390 277
18390 15949 277
15949 10444 277
10444 21874 277
21874 22405 277
22405 20087 277
20087 12541 277
12541 13857 277
13857 20538 277
13887 20784 278
20784 16432 278
16432 13293 278
13293 14665 278
14665 25833 278
25833 18555 278
18555 25797 278
25797 11297 278
11297 5231 278
5231 24194 278
24194 1848 278
1848 10512 278
10512 20130 278
20130 7064 278
7064 5083 278
5083 14072 278
14072 8493 278
8493 3208 278
3208 4552 278
4552 979 278
979 20724 278
20724 22690 278
22690 19012 278
19012 17781 278
17781 11305 278
17096 22253 279
22253 2055 279
2055 15131 279
15131 10271 279
10271 4144 279
4144 4834 279
4834 4123 279
4123 15641 279
15641 19549 279
19549 1595 279
1595 19198 279
19198 3276 279
3276 3091 279
3091 841 279
841 17493 279
17493 12386 279
12386 10073 279
10073 10430 279
10430 4636 279
4636 13983 279
13983 4245 279
4245 9425 279
9425 24455 279
24455 11273 279
11273 4277 279
20334 11113 280
11113 10455 280
10455 25897 280
25897 1095 280
1095 600 280
600 16390 280
16390 21071 280
21071 25216 280
25216 17618 280
17618 12902 280
12902 3192 280
3192 8620 280
8620 22729 280
22729 23353 280
23353 7888 280
7888 21255 280
21255 11620 280
11620 1670 280
1670 6911 280
6911 3886 280
3886 3341 280
3341 25655 280
25655 16142 280
16142 7612 280
7612 14367 280
12720 10825 281
10825 5207 281
5207 15306 281
15306 7487 281
7487 16458 281
16458 13488 281
13488 15514 281
15514 9051 281
9051 23314 281
23314 1409 281
1409 983 281
983 6574 281
6574 23631 281
23631 15554 281
15554 25180 281
25180 23400 281
23400 7998 281
7998 20186 281
20186 25432 281
25432 1362 281
1362 3669 281
3669 1637 281
1637 7557 281
7557 15615 281
15615 1847 281
8124 11136 282
11136 24687 282
24687 15705 282
15705 5786 282
5786 22879 282
22879 19770 282
19770 15277 282
15277 5640 282
5640 19863 282
19863 1977 282
1977 20218 282
20218 14347 282
14347 17839 282
17839 19406 282
19406 15218 282
15218 1576 282
1576 5867 282
5867 1491 282
1491 24506 282
24506 5676 282
5676 23420 282
23420 12376 282
12376 21399 282
21399 17321 282
17321 430 282
18522 21292 283
21292 422 283
422 6025 283
6025 16427 283
16427 20222 283
20222 22207 283
22207 24378 283
24378 12134 283
12134 23944 283
23944 7763 283
7763 8903 283
8903 3438 283
3438 507 283
507 25565 283
25565 9529 283
9529 9286 283
9286 24094 283
24094 9892 283
9892 18581 283
18581 25741 283
25741 8986 283
8986 25325 283
25325 10977 283
10977 24769 283
24769 11755 283
16048 14069 284
14069 6048 284
6048 13357 284
13357 7784 284
7784 20669 284
20669 1403 284
1403 9175 284
9175 3517 284
3517 7367 284
7367 477 284
477 16871 284
16871 14281 284
14281 17271 284
17271 13754 284
13754 21172 284
21172 20703 284
20703 9096 284
9096 1113 284
1113 16684 284
16684 329 284
329 15574 284
15574 2141 284
2141 13885 284
13885 8221 284
8221 7337 284
3100 16913 285
16913 13524 285
13524 8680 285
8680 8326 285
8326 22492 285
22492 4252 285
4252 10594 285
10594 13908 285
13908 23639 285
23639 6042 285
6042 11130 285
11130 1897 285
1897 21936 285
21936 3698 285
3698 15483 285
15483 17402 285
17402 13871 285
13871 6680 285
6680 3533 285
3533 9000 285
9000 1923 285
1923 22719 285
22719 3940 285
3940 24790 285
24790 489 285
14382 8745 286
8745 1570 286
1570 14626 286
14626 14111 286
14111 18254 286
18254 4486 286
4486 12388 286
12388 8202 286
8202 5555 286
5555 19602 286
19602 12232 286
12232 8521 286
8521 21253 286
21253 6291 286
6291 25555 286
25555 5083 286
5083 3003 286
3003 777 286
777 8771 286
8771 19348 286
19348 17366 286
17366 3698 286
3698 13078 286
13078 19673 286
19673 22672 286
19901 6077 287
6077 18814 287
18814 7458 287
7458 6818 287
6818 3105 287
3105 10375 287
10375 5146 287
5146 3980 287
3980 21590 287
21590 23273 287
23273 23907 287
23907 20909 287
20909 6450 287
6450 8678 287
8678 24136 287
24136 19303 287
19303 23955 287
23955 3258 287
3258 18749 287
18749 1092 287
1092 25048 287
25048 5274 287
5274 571 287
571 16211 287
16211 9020 287
12815 15506 288
15506 24735 288
24735 2829 288
2829 18038 288
18038 18522 288
18522 19095 288
19095 5862 288
5862 2338 288
2338 22512 288
22512 10566 288
10566 10935 288
10935 15324 288
15324 19756 288
19756 11749 288
11749 20514 288
20514 14926 288
14926 19027 288
19027 4936 288
4936 15720 288
15720 20904 288
20904 7505 288
7505 24169 288
24169 2973 288
2973 8003 288
8003 16523 288
10545 12737 289
12737 9365 289
9365 17744 289
17744 16437 289
16437 22858 289
22858 12380 289
12380 21130 289
21130 5797 289
5797 17046 289
17046 11643 289
11643 4675 289
4675 18741 289
18741 2158 289
2158 2295 289
2295 22025 289
22025 17577 289
17577 19313 289
19313 16118 289
16118 19598 289
19598 2716 289
2716 21958 289
21958 5127 289
5127 15114 289
15114 11864 289
11864 412 289
21624 8345 290
8345 19661 290
19661 1686 290
1686 9620 290
9620 6569 290
6569 14847 290
14847 21775 290
21775 24019 290
24019 8856 290
8856 10556 290
10556 8573 290
8573 25747 290
25747 19616 290
19616 23454 290
23454 23514 290
23514 25696 290
25696 9407 290
9407 23804 290
23804 953 290
953 11067 290
11067 5451 290
5451 21272 290
21272 22698 290
22698 877 290
877 3199 290
19393 3170 291
3170 2308 291
2308 11866 291
11866 24734 291
24734 10820 291
10820 3158 291
3158 1367 291
1367 17604 291
17604 7104 291
7104 18709 291
18709 20594 291
20594 15925 291
15925 4827 291
4827 8282 291
8282 8423 291
8423 3033 291
3033 9135 291
9135 4607 291
4607 1148 291
1148 7368 291
7368 1013 291
1013 11923 291
11923 8387 291
8387 13026 291
13026 1947 291
8747 19881 292
19881 1222 292
1222 21747 292
21747 21625 292
21625 4979 292
4979 15620 292
15620 12034 292
12034 11620 292
11620 1311 292
1311 541 292
541 25751 292
25751 17175 292
17175 14781 292
14781 9361 292
9361 4071 292
4071 19971 292
19971 15763 292
15763 4433 292
4433 23368 292
23368 11345 292
11345 17576 292
17576 25856 292
25856 4783 292
4783 529 292
529 9520 292
1813 1836 293
1836 15937 293
15937 3163 293
3163 7775 293
7775 7176 293
7176 4408 293
4408 15292 293
15292 21232 293
21232 3220 293
3220 5432 293
5432 4838 293
4838 7969 293
7969 18970 293
18970 10631 293
10631 4419 293
4419 20489 293
20489 13144 293
13144 25000 293
25000 19610 293
19610 2891 293
2891 10462 293
10462 5722 293
5722 7197 293
7197 22924 293
22924 11872 293
15086 9661 294
9661 7744 294
7744 6300 294
6300 1142 294
1142 13955 294
13955 3722 294
3722 14 294
14 7522 294
7522 1134 294
1134 18411 294
18411 11447 294
11447 1605 294
1605 8964 294
8964 11370 294
11370 15187 294
15187 11953 294
11953 15296 294
15296 14278 294
14278 21923 294
21923 12659 294
12659 16825 294
16825 5154 294
5154 17478 294
17478 19954 294
19954 4717 294
6294 2312 295
2312 14683 295
14683 18216 295
18216 6619 295
6619 17554 295
17554 17278 295
17278 18616 295
18616 9632 295
9632 4721 295
4721 10783 295
10783 5764 295
5764 6465 295
6465 11770 295
11770 529 295
529 18632 295
18632 10625 295
10625 4382 295
4382 12784 295
12784 12539 295
12539 9529 295
9529 15585 295
15585 22920 295
22920 20612 295
20612 11121 295
11121 20259 295
9885 18196 296
18196 21159 296
21159 22699 296
22699 9394 296
9394 9450 296
9450 14607 296
14607 5221 296
5221 20172 296
20172 13305 296
13305 7546 296
7546 9726 296
9726 5729 296
5729 13999 296
13999 13768 296
13768 16869 296
16869 21323 296
21323 3036 296
3036 4533 296
4533 21960 296
21960 3031 296
3031 11108 296
11108 6193 296
6193 19656 296
19656 15325 296
15325 2469 296
5742 8197 297
8197 13593 297
13593 12130 297
12130 1407 297
1407 9962 297
9962 6050 297
6050 13778 297
13778 2827 297
2827 16139 297
16139 1857 297
1857 22222 297
22222 7103 297
7103 23498 297
23498 1511 297
1511 11341 297
11341 10131 297
10131 8969 297
8969 2694 297
2694 12617 297
12617 15567 297
15567 13023 297
13023 1084 297
1084 15020 297
15020 18651 297
18651 188 297
19572 15369 298
15369 17569 298
17569 20397 298
20397 23483 298
23483 12644 298
12644 18195 298
18195 15729 298
15729 13345 298
13345 80 298
80 13613 298
13613 14792 298
14792 18461 298
18461 17280 298
17280 8883 298
8883 15627 298
15627 49 298
49 25379 298
25379 12028 298
12028 25192 298
25192 7804 298
7804 3060 298
3060 8635 298
8635 5664 298
5664 17283 298
17283 9772 298
4127 21483 299
21483 22040 299
22040 1798 299
1798 9735 299
9735 3312 299
3312 12151 299
12151 7771 299
7771 21121 299
21121 14388 299
14388 289 299
289 18397 299
18397 450 299
450 11497 299
11497 12944 299
12944 21533 299
21533 18627 299
18627 21419 299
21419 10077 299
10077 20816 299
20816 6897 299
6897 22956 299
22956 20433 299
20433 15209 299
15209 19008 299
19008 13093 299
24907 8256 300
8256 24423 300
24423 5193 300
5193 25359 300
25359 16475 300
16475 19677 300
19677 18986 300
18986 15594 300
15594 9974 300
9974 25100 300
25100 21932 300
21932 24228 300
24228 17739 300
17739 3431 300
3431 17177 300
17177 17538 300
17538 6537 300
6537 8778 300
8778 2424 300
2424 17582 300
17582 12427 300
12427 16422 300
16422 15096 300
15096 10488 300
10488 12997 300
3584 3270 301
3270 18913 301
18913 14817 301
14817 10370 301
10370 4224 301
4224 18366 301
18366 18482 301
18482 19591 301
19591 13962 301
13962 6921 301
6921 17197 301
17197 1512 301
1512 21192 301
21192 16187 301
16187 15608 301
15608 13262 301
13262 2618 301
2618 12515 301
12515 5839 301
5839 15610 301
15610 8789 301
8789 5673 301
5673 6347 301
6347 11545 301
11545 23399 301
13095 7997 302
7997 440 302
440 5705 302
5705 4110 302
4110 13759 302
13759 23219 302
23219 2897 302
2897 20586 302
20586 13821 302
13821 9596 302
9596 6751 302
6751 19458 302
19458 4615 302
4615 15028 302
15028 16408 302
16408 14236 302
14236 21865 302
21865 11825 302
11825 7784 302
7784 18941 302
18941 11497 302
11497 2379 302
2379 21096 302
21096 10471 302
10471 8192 302
16713 8115 303
8115 223 303
223 5793 303
5793 14513 303
14513 23651 303
23651 7235 303
7235 4478 303
4478 22982 303
22982 20433 303
20433 5044 303
5044 23602 303
23602 24017 303
24017 21421 303
21421 11985 303
11985 11117 303
11117 24183 303
24183 11547 303
11547 9547 303
9547 17714 303
17714 6914 303
6914 14421 303
14421 11630 303
11630 22200 303
22200 13182 303
13182 18141 303
22482 16543 304
16543 3453 304
3453 12064 304
12064 11378 304
11378 23556 304
23556 12332 304
12332 14557 304
14557 7648 304
7648 17900 304
17900 11400 304
11400 18578 304
18578 20897 304
20897 16053 304
16053 19732 304
19732 17692 304
17692 12100 304
12100 25292 304
25292 4020 304
4020 14354 304
14354 19429 304
19429 10122 304
10122 15496 304
15496 8033 304
8033 24672 304
24672 18885 304
11126 10202 305
10202 5983 305
5983 13413 305
13413 8541 305
8541 4983 305
4983 14595 305
14595 11630 305
11630 4236 305
4236 6406 305
6406 4416 305
4416 15959 305
15959 5097 305
5097 900 305
900 24618 305
24618 5556 305
5556 22873 305
22873 4465 305
4465 25640 305
25640 8457 305
8457 3678 305
3678 19642 305
19642 10766 305
10766 22992 305
22992 4193 305
4193 5911 305
14325 21730 306
21730 159 306
159 65 306
65 18183 306
18183 19747 306
19747 3948 306
3948 17455 306
17455 17971 306
17971 9809 306
9809 1553 306
1553 25168 306
25168 25272 306
25272 14685 306
14685 19289 306
19289 18487 306
18487 10462 306
10462 3026 306
3026 18246 306
18246 24809 306
24809 16839 306
16839 8834 306
8834 15455 306
15455 19028 306
19028 23836 306
23836 601 306
1677 9144 307
9144 8415 307
8415 22379 307
22379 16337 307
16337 17731 307
17731 10387 307
10387 9670 307
9670 22077 307
22077 1956 307
1956 4354 307
4354 25692 307
25692 9503 307
9503 22025 307
22025 19223 307
19223 15331 307
15331 23596 307
23596 9427 307
9427 1334 307
1334 23992 307
23992 12283 307
12283 20038 307
20038 24379 307
24379 5488 307
5488 10269 307
10269 21403 307
10460 3679 308
3679 9742 308
9742 4207 308
4207 24931 308
24931 1684 308
1684 10530 308
10530 2223 308
2223 16388 308
16388 19776 308
19776 989 308
989 22030 308
22030 14260 308
14260 606 308
606 2869 308
2869 7820 308
7820 22929 308
22929 6541 308
6541 11970 308
11970 10271 308
10271 16682 308
16682 16032 308
16032 12954 308
12954 22435 308
22435 4623 308
4623 18634 308
16341 3802 309
3802 8807 309
8807 6167 309
6167 1081 309
1081 10509 309
10509 12226 309
12226 24681 309
24681 7878 309
7878 1697 309
1697 1706 309
1706 14777 309
14777 24504 309
24504 11873 309
11873 8111 309
8111 25138 309
25138 472 309
472 14086 309
14086 3160 309
3160 21906 309
21906 13775 309
13775 2854 309
2854 22626 309
22626 4752 309
4752 23088 309
23088 18356 309
14017 17157 310
17157 22024 310
22024 4073 310
4073 6829 310
6829 14243 310
14243 1754 310
1754 3301 310
3301 14272 310
14272 20975 310
20975 24920 310
24920 9559 310
9559 22934 310
22934 15576 310
15576 22484 310
22484 25096 310
25096 21206 310
21206 14976 310
14976 24321 310
24321 22266 310
22266 4735 310
4735 3541 310
3541 18088 310
18088 17050 310
17050 20888 310
20888 20906 310
2790 9721 311
9721 22925 311
22925 22375 311
22375 19039 311
19039 9660 311
9660 15122 311
15122 16803 311
16803 1360 311
1360 23319 311
23319 10422 311
10422 24406 311
24406 19145 311
19145 8600 311
8600 7417 311
7417 24464 311
24464 3872 311
3872 18173 311
18173 4280 311
4280 1551 311
1551 3679 311
3679 251 311
251 677 311
677 17311 311
17311 23280 311
23280 13049 311
18532 21281 312
21281 10582 312
10582 955 312
955 18966 312
18966 25803 312
25803 6629 312
6629 6216 312
6216 4 312
4 6345 312
6345 15944 312
15944 15860 312
15860 10118 312
10118 14475 312
14475 3501 312
3501 18271 312
18271 3209 312
3209 11170 312
11170 13673 312
13673 16384 312
16384 11250 312
11250 20371 312
20371 4691 312
4691 7612 312
7612 11209 312
11209 1715 312
25042 4168 313
4168 4379 313
4379 3060 313
3060 12335 313
12335 23818 313
23818 3163 313
3163 13365 313
13365 9155 313
9155 4279 313
4279 23959 313
23959 24670 313
24670 25065 313
25065 15419 313
15419 2225 313
2225 7238 313
7238 20149 313
20149 16290 313
16290 15056 313
15056 18727 313
18727 4873 313
4873 7149 313
7149 17227 313
17227 3967 313
3967 1926 313
1926 24454 313
9499 15164 314
15164 25152 314
25152 25460 314
25460 3179 314
3179 21951 314
21951 3938 314
3938 12803 314
12803 2972 314
2972 165 314
165 11262 314
11262 9415 314
9415 20986 314
20986 3075 314
3075 23623 314
23623 24309 314
24309 2914 314
2914 2513 314
2513 14988 314
14988 11421 314
11421 8769 314
8769 13539 314
13539 3081 314
3081 144 314
144 5443 314
5443 18930 314
188 7475 315
7475 15877 315
15877 25298 315
25298 15206 315
15206 14552 315
14552 17872 315
17872 13566 315
13566 22616 315
22616 5309 315
5309 2345 315
2345 25816 315
25816 14537 315
14537 12457 315
12457 6943 315
6943 2996 315
2996 2021 315
2021 15316 315
15316 24105 315
24105 22573 315
22573 15122 315
15122 4275 315
4275 325 315
325 17056 315
17056 11148 315
11148 913 315
25935 17501 316
17501 21801 316
21801 18943 316
18943 21169 316
21169 10437 316
10437 3262 316
3262 713 316
713 13106 316
13106 10838 316
10838 18842 316
18842 16549 316
16549 18016 316
18016 23952 316
23952 21667 316
21667 16637 316
16637 2064 316
2064 20098 316
20098 6007 316
6007 6095 316
6095 12560 316
12560 19294 316
19294 8074 316
8074 9505 316
9505 16985 316
16985 4456 316
18288 6684 317
6684 495 317
495 25372 317
25372 17261 317
17261 8938 317
8938 17253 317
17253 12712 317
12712 3253 317
3253 13032 317
13032 4265 317
4265 7377 317
7377 5713 317
5713 7631 317
7631 23142 317
23142 20503 317
20503 3183 317
3183 9715 317
9715 23761 317
23761 269 317
269 12159 317
12159 23224 317
23224 25398 317
25398 25101 317
25101 14288 317
14288 1480 317
18677 17797 318
17797 16599 318
16599 13723 318
13723 21892 318
21892 13196 318
13196 3434 318
3434 3336 318
3336 13939 318
13939 4148 318
4148 5793 318
5793 3360 318
3360 32 318
32 22253 318
22253 15121 318
15121 5933 318
5933 8846 318
8846 24765 318
24765 15982 318
15982 12359 318
12359 16094 318
16094 8691 318
8691 24255 318
24255 5828 318
5828 1678 318
1678 8339 318
10589 12863 319
12863 6493 319
6493 4423 319
4423 18345 319
18345 9547 319
9547 5476 319
5476 24010 319
24010 21740 319
21740 22994 319
22994 3289 319
3289 10590 319
10590 1272 319
1272 6288 319
6288 1902 319
1902 18439 319
18439 21191 319
21191 23273 319
23273 23439 319
23439 4441 319
4441 1769 319
1769 3096 319
3096 23818 319
23818 4798 319
4798 1278 319
1278 12414 319
19714 334 320
334 24270 320
24270 16243 320
16243 22086 320
22086 22530 320
22530 6939 320
6939 14801 320
14801 339 320
339 23830 320
23830 21110 320
21110 9856 320
9856 20817 320
20817 11311 320
11311 24259 320
24259 11322 320
11322 13515 320
13515 16958 320
16958 18887 320
18887 17650 320
17650 25235 320
25235 15017 320
15017 9102 320
9102 19395 320
19395 1145 320
1145 3031 320
11421 15308 321
15308 10015 321
10015 7872 321
7872 10726 321
10726 14382 321
14382 17408 321
17408 7033 321
7033 12423 321
12423 2888 321
2888 20353 321
20353 3696 321
3696 12679 321
12679 24227 321
24227 22814 321
22814 17060 321
17060 22249 321
22249 6750 321
6750 4072 321
4072 16415 321
16415 25234 321
25234 18183 321
18183 14425 321
14425 1677 321
1677 7012 321
7012 1427 321
9426 18072 322
18072 19310 322
19310 12071 322
12071 8439 322
8439 8884 322
8884 13519 322
13519 4643 322
4643 17720 322
17720 316 322
316 24511 322
24511 12527 322
12527 3731 322
3731 4437 322
4437 17435 322
17435 18666 322
18666 6981 322
6981 22515 322
22515 13916 322
13916 22177 322
22177 7173 322
7173 25836 322
25836 6562 322
6562 10909 322
10909 15492 322
15492 19656 322
16656 19558 323
19558 14883 323
14883 12439 323
12439 14408 323
14408 1483 323
1483 2712 323
2712 4861 323
4861 19837 323
19837 14631 323
14631 20494 323
20494 2159 323
2159 15966 323
15966 5259 323
5259 25851 323
25851 22210 323
22210 16164 323
16164 25775 323
25775 3919 323
3919 17262 323
17262 11544 323
11544 447 323
447 23910 323
23910 4482 323
4482 10885 323
10885 18592 323
6037 3582 324
3582 2830 324
2830 5950 324
5950 19498 324
19498 25566 324
25566 5502 324
5502 22281 324
22281 11914 324
11914 838 324
838 4745 324
4745 5811 324
5811 3626 324
3626 3384 324
3384 7872 324
7872 5322 324
5322 16256 324
16256 17882 324
17882 4506 324
4506 21710 324
21710 6656 324
6656 3289 324
3289 19663 324
19663 17846 324
17846 20164 324
20164 18052 324
6936 14835 325
14835 4670 325
4670 5648 325
5648 25707 325
25707 20177 325
20177 305 325
305 3563 325
3563 23880 325
23880 19594 325
19594 14300 325
14300 7752 325
7752 4757 325
4757 25818 325
25818 25023 325
25023 24507 325
24507 14491 325
14491 9139 325
9139 5767 325
5767 5179 325
5179 10187 325
10187 10818 325
10818 13974 325
13974 8778 325
8778 20481 325
20481 14003 325
6842 10331 326
10331 130 326
130 6709 326
6709 23220 326
23220 8893 326
8893 21488 326
21488 19222 326
19222 2363 326
2363 2805 326
2805 3945 326
3945 2437 326
2437 6652 326
6652 18806 326
18806 18615 326
18615 774 326
774 22414 326
22414 22262 326
22262 15255 326
15255 23271 326
23271 21165 326
21165 11325 326
11325 7157 326
7157 10460 326
10460 5670 326
5670 23298 326
20516 5302 327
5302 18674 327
18674 9842 327
9842 5466 327
5466 2320 327
2320 23971 327
23971 11785 327
11785 19755 327
19755 14783 327
14783 2805 327
2805 11103 327
11103 6769 327
6769 21549 327
21549 1016 327
1016 3551 327
3551 5543 327
5543 20739 327
20739 17529 327
17529 7485 327
7485 23827 327
23827 17927 327
17927 2754 327
2754 23127 327
23127 24265 327
24265 25333 327
1740 22699 328
22699 7808 328
7808 12310 328
12310 18931 328
18931 10458 328
10458 176 328
176 362 328
362 2459 328
2459 6300 328
6300 25207 328
25207 23960 328
23960 10032 328
10032 12751 328
12751 4973 328
4973 1040 328
1040 12096 328
12096 25200 328
25200 1657 328
1657 25820 328
25820 9960 328
9960 14973 328
14973 3909 328
3909 9130 328
9130 19281 328
19281 19015 328
14432 8137 329
8137 12160 329
12160 11975 329
11975 20710 329
20710 19112 329
19112 21622 329
21622 22956 329
22956 1500 329
1500 17894 329
17894 15199 329
15199 782 329
782 19157 329
19157 1469 329
1469 1505 329
1505 15819 329
15819 19742 329
19742 5736 329
5736 22117 329
22117 9285 329
9285 24303 329
24303 23079 329
23079 9451 329
9451 1770 329
1770 8315 329
8315 18207 329
2094 12088 330
12088 16330 330
16330 21166 330
21166 22434 330
22434 2380 330
2380 25596 330
25596 13015 330
13015 12486 330
12486 12639 330
12639 16400 330
16400 7251 330
7251 5488 330
5488 24850 330
24850 8971 330
8971 16172 330
16172 11140 330
11140 9602 330
9602 4603 330
4603 6489 330
6489 20622 330
20622 17001 330
17001 10111 330
10111 9382 330
9382 19036 330
19036 18408 330
4443 8752 331
8752 23155 331
23155 5148 331
5148 8204 331
8204 18638 331
18638 5307 331
5307 14693 331
14693 9396 331
9396 2761 331
2761 5907 331
5907 13837 331
13837 6670 331
6670 23359 331
23359 17942 331
17942 1547 331
1547 3132 331
3132 2077 331
2077 9752 331
9752 8347 331
8347 4581 331
4581 21968 331
21968 1779 331
1779 19438 331
19438 8574 331
8574 10924 331
14306 16578 332
16578 23334 332
23334 21531 332
21531 21414 332
21414 4708 332
4708 2350 332
2350 24237 332
24237 20353 332
20353 13673 332
13673 16354 332
16354 21313 332
21313 23906 332
23906 20540 332
20540 2536 332
2536 21545 332
21545 11399 332
11399 13117 332
13117 19939 332
19939 8397 332
8397 19174 332
19174 22460 332
22460 21672 332
21672 5728 332
5728 2953 332
2953 16588 332
7567 19677 333
19677 1388 333
1388 8246 333
8246 13707 333
13707 16667 333
16667 23498 333
23498 687 333
687 12461 333
12461 10472 333
10472 24474 333
24474 8371 333
8371 20829 333
20829 16868 333
16868 3323 333
3323 15484 333
15484 2456 333
2456 20215 333
20215 15718 333
15718 24955 333
24955 8749 333
8749 12259 333
12259 10987 333
10987 22812 333
22812 12562 333
12562 22014 333
20755 13276 334
13276 13769 334
13769 21439 334
21439 13142 334
13142 11174 334
11174 18208 334
18208 23687 334
23687 21488 334
21488 7199 334
7199 24065 334
24065 14300 334
14300 1305 334
1305 1879 334
1879 17073 334
17073 861 334
861 10371 334
10371 23426 334
23426 16319 334
16319 1927 334
1927 10603 334
10603 6194 334
6194 18774 334
18774 20716 334
20716 925 334
925 3263 334
8672 15958 335
15958 18601 335
18601 14013 335
14013 9092 335
9092 5401 335
5401 5088 335
5088 3488 335
3488 7265 335
7265 19753 335
19753 23681 335
23681 1143 335
1143 15732 335
15732 16967 335
16967 19264 335
19264 25298 335
25298 17583 335
17583 14144 335
14144 12220 335
12220 19951 335
19951 11699 335
11699 10945 335
10945 24343 335
24343 3931 335
3931 15598 335
15598 7203 335
15603 18245 336
18245 23227 336
23227 6275 336
6275 23795 336
23795 4870 336
4870 12039 336
12039 3699 336
3699 8716 336
8716 3289 336
3289 6061 336
6061 22042 336
22042 4172 336
4172 17108 336
17108 17409 336
17409 17203 336
17203 2480 336
2480 24515 336
24515 864 336
864 2573 336
2573 630 336
630 9610 336
9610 6384 336
6384 11475 336
11475 14339 336
14339 5898 336
8093 2466 337
2466 19208 337
19208 14003 337
14003 11007 337
11007 24100 337
24100 14945 337
14945 18090 337
18090 19822 337
19822 588 337
588 5821 337
5821 7245 337
7245 12259 337
12259 25947 337
25947 8033 337
8033 13792 337
13792 6410 337
6410 23416 337
23416 16871 337
16871 8012 337
8012 11604 337
11604 25003 337
25003 24915 337
24915 10115 337
10115 24642 337
24642 368 337
21047 1618 338
1618 6128 338
6128 15214 338
15214 25913 338
25913 5552 338
5552 10634 338
10634 15376 338
15376 13042 338
13042 934 338
934 14811 338
14811 6649 338
6649 16093 338
16093 3815 338
3815 8926 338
8926 19897 338
19897 8990 338
8990 9820 338
9820 17321 338
17321 18167 338
18167 8653 338
8653 1357 338
1357 15698 338
15698 23800 338
23800 13614 338
13614 2649 338
4587 20074 339
20074 17718 339
17718 19096 339
19096 2707 339
2707 24238 339
24238 11492 339
11492 6291 339
6291 1844 339
1844 19224 339
19224 25483 339
25483 6506 339
6506 22282 339
22282 24666 339
24666 6168 339
6168 20535 339
20535 4227 339
4227 25108 339
25108 2481 339
2481 21709 339
21709 747 339
747 12659 339
12659 5553 339
5553 7068 339
7068 3720 339
3720 14231 339
12427 16072 340
16072 8189 340
8189 7959 340
7959 7083 340
7083 14477 340
14477 14197 340
14197 7371 340
7371 6118 340
6118 4528 340
4528 5820 340
5820 15452 340
15452 10026 340
10026 15991 340
15991 9306 340
9306 16429 340
16429 20291 340
20291 17384 340
17384 3615 340
3615 14716 340
14716 25415 340
25415 10882 340
10882 20807 340
20807 20893 340
20893 15265 340
15265 25947 340
22507 4563 341
4563 12312 341
12312 8954 341
8954 15008 341
15008 19894 341
19894 23342 341
23342 24358 341
24358 3769 341
3769 3468 341
3468 14434 341
14434 2419 341
2419 9419 341
9419 14603 341
14603 1913 341
1913 8502 341
8502 9487 341
9487 15091 341
15091 24264 341
24264 233 341
233 15274 341
15274 10361 341
10361 13409 341
13409 5941 341
5941 14244 341
14244 13344 341
13345 10076 342
10076 18821 342
18821 4676 342
4676 905 342
905 19571 342
19571 11534 342
11534 21504 342
21504 11336 342
11336 19264 342
19264 3846 342
3846 12264 342
12264 17454 342
17454 20987 342
20987 10483 342
10483 4766 342
4766 1396 342
1396 23571 342
23571 8674 342
8674 18130 342
18130 18584 342
18584 9918 342
9918 8538 342
8538 21034 342
21034 22590 342
22590 7584 342
19642 14236 343
14236 669 343
669 8101 343
8101 12003 343
12003 8211 343
8211 17586 343
17586 13920 343
13920 6810 343
6810 779 343
779 20021 343
20021 16577 343
16577 6294 343
6294 24830 343
24830 6397 343
6397 25495 343
25495 13091 343
13091 19959 343
19959 20621 343
20621 21020 343
21020 8678 343
8678 14096 343
14096 2061 343
2061 13425 343
13425 1305 343
1305 1388 343
2669 16424 344
16424 17011 344
17011 11279 344
11279 7105 344
7105 3292 344
3292 22551 344
22551 23744 344
23744 5696 344
5696 8631 344
8631 7504 344
7504 25792 344
25792 427 344
427 10998 344
10998 3478 344
3478 18626 344
18626 6922 344
6922 4812 344
4812 7422 344
7422 4198 344
4198 5156 344
5156 16766 344
16766 14654 344
14654 11570 344
11570 15612 344
15612 8266 344
23749 23122 345
23122 25294 345
25294 1689 345
1689 15795 345
15795 17063 345
17063 17989 345
17989 4519 345
4519 7422 345
7422 11324 345
11324 18926 345
18926 8701 345
8701 3859 345
3859 9167 345
9167 9700 345
9700 10453 345
10453 233 345
233 24986 345
24986 14772 345
14772 19279 345
19279 16162 345
16162 7881 345
7881 18977 345
18977 7316 345
7316 10402 345
10402 24378 345
14685 21123 346
21123 14482 346
14482 904 346
904 5418 346
5418 21804 346
21804 22941 346
22941 20757 346
20757 18670 346
18670 13422 346
13422 16116 346
16116 11283 346
11283 14080 346
14080 15788 346
15788 24214 346
24214 21546 346
21546 13662 346
13662 8021 346
8021 11608 346
11608 24832 346
24832 14069 346
14069 14440 346
14440 6408 346
6408 8444 346
8444 21605 346
21605 8674 346
10629 6788 347
6788 10616 347
10616 24463 347
24463 17333 347
17333 13909 347
13909 4376 347
4376 22379 347
22379 451 347
451 15226 347
15226 17201 347
17201 20863 347
20863 20686 347
20686 18635 347
18635 14683 347
14683 22134 347
22134 22045 347
22045 18065 347
18065 21438 347
21438 14063 347
14063 10346 347
10346 17456 347
17456 24965 347
24965 22339 347
22339 22733 347
22733 6851 347
25375 22810 348
22810 2680 348
2680 7438 348
7438 12492 348
12492 4488 348
4488 15874 348
15874 6601 348
6601 12035 348
12035 10426 348
10426 5475 348
5475 7351 348
7351 8822 348
8822 16907 348
16907 23643 348
23643 18263 348
18263 23773 348
23773 21810 348
21810 15506 348
15506 4303 348
4303 23751 348
23751 21729 348
21729 21249 348
21249 571 348
571 2937 348
2937 3259 348
2350 2905 349
2905 9037 349
9037 11186 349
11186 14334 349
14334 3339 349
3339 2288 349
2288 11287 349
11287 22634 349
22634 8198 349
8198 1655 349
1655 20106 349
20106 9330 349
9330 21215 349
21215 12180 349
12180 24460 349
24460 17056 349
17056 24374 349
24374 4673 349
4673 15145 349
15145 14238 349
14238 5360 349
5360 16938 349
16938 10540 349
10540 5717 349
5717 18716 349
4658 6573 350
6573 16654 350
16654 12385 350
12385 24804 350
24804 112 350
112 25027 350
25027 20633 350
20633 19111 350
19111 16222 350
16222 13201 350
13201 18909 350
18909 22091 350
22091 22721 350
22721 14925 350
14925 8228 350
8228 22134 350
22134 3935 350
3935 25124 350
25124 6238 350
6238 12082 350
12082 11364 350
11364 18614 350
18614 7415 350
7415 18900 350
18900 16030 350
10100 16991 351
16991 3385 351
3385 2417 351
2417 20134 351
20134 17068 351
17068 7748 351
7748 6746 351
6746 23224 351
23224 12479 351
12479 25729 351
25729 21431 351
21431 4704 351
4704 25338 351
25338 7945 351
7945 21907 351
21907 17904 351
17904 22528 351
22528 20208 351
20208 8268 351
8268 8776 351
8776 1698 351
1698 20680 351
20680 6498 351
6498 6139 351
6139 9046 351
13309 14366 352
14366 7275 352
7275 21717 352
21717 17053 352
17053 22271 352
22271 11613 352
11613 22530 352
22530 5376 352
5376 17913 352
17913 20844 352
20844 8600 352
8600 13716 352
13716 9191 352
9191 3841 352
3841 11045 352
11045 19035 352
19035 1572 352
1572 13107 352
13107 1600 352
1600 4003 352
4003 2614 352
2614 15373 352
15373 11513 352
11513 25823 352
25823 25995 352
19632 21569 353
21569 25547 353
25547 13697 353
13697 20538 353
20538 12799 353
12799 1881 353
1881 10998 353
10998 15871 353
15871 11893 353
11893 16617 353
16617 1684 353
1684 16014 353
16014 2728 353
2728 15846 353
15846 11411 353
11411 25607 353
25607 21903 353
21903 22217 353
22217 7657 353
7657 22586 353
22586 19399 353
19399 21610 353
21610 9180 353
9180 19296 353
19296 17193 353
3300 16525 354
16525 16576 354
16576 3815 354
3815 215 354
215 15657 354
15657 14801 354
14801 13466 354
13466 21367 354
21367 19298 354
19298 16581 354
16581 8690 354
8690 23307 354
23307 24170 354
24170 5839 354
5839 6774 354
6774 5217 354
5217 9187 354
9187 6098 354
6098 12604 354
12604 20357 354
20357 21608 354
21608 8288 354
8288 16490 354
16490 3682 354
3682 2622 354
16519 18032 355
18032 5049 355
5049 3973 355
3973 387 355
387 17651 355
17651 23748 355
23748 16023 355
16023 23657 355
23657 8936 355
8936 14526 355
14526 11925 355
11925 586 355
586 22898 355
22898 15552 355
15552 4723 355
4723 14636 355
14636 14159 355
14159 11816 355
11816 24396 355
24396 17181 355
17181 1655 355
1655 6884 355
6884 11968 355
11968 17045 355
17045 8322 355
1443 24641 356
24641 8354 356
8354 11622 356
11622 12387 356
12387 23505 356
23505 18368 356
18368 1877 356
1877 16716 356
16716 14059 356
14059 18691 356
18691 24864 356
24864 25077 356
25077 8675 356
8675 4679 356
4679 10957 356
10957 8747 356
8747 14714 356
14714 7568 356
7568 234 356
234 19522 356
19522 2240 356
2240 16868 356
16868 11582 356
11582 4197 356
4197 3132 356
17101 13005 357
13005 21885 357
21885 18682 357
18682 14136 357
14136 21817 357
21817 20225 357
20225 23401 357
23401 13065 357
13065 20741 357
20741 10417 357
10417 19598 357
19598 7388 357
7388 6778 357
6778 1812 357
1812 2066 357
2066 11329 357
11329 14426 357
14426 12817 357
12817 19887 357
19887 7271 357
7271 4455 357
4455 4201 357
4201 800 357
800 10016 357
10016 12087 357
17784 17134 358
17134 9492 358
9492 1060 358
1060 14227 358
14227 4341 358
4341 19169 358
19169 14251 358
14251 11513 358
11513 12199 358
12199 19065 358
19065 18448 358
18448 15603 358
15603 24482 358
24482 16026 358
16026 9659 358
9659 22689 358
22689 24324 358
24324 4811 358
4811 17469 358
17469 462 358
462 24708 358
24708 25484 358
25484 5074 358
5074 23640 358
23640 7663 358
3933 23425 359
23425 16319 359
16319 18711 359
18711 18949 359
18949 13913 359
13913 6993 359
6993 556 359
556 23439 359
23439 24107 359
24107 10404 359
10404 12947 359
12947 5631 359
5631 6239 359
6239 12698 359
12698 18195 359
18195 326 359
326 22785 359
22785 6623 359
6623 14618 359
14618 13490 359
13490 15906 359
15906 14752 359
14752 2170 359
2170 13993 359
13993 12849 359
17585 16501 360
16501 6627 360
6627 8301 360
8301 665 360
665 17592 360
17592 1080 360
1080 15818 360
15818 7941 360
7941 22098 360
22098 22847 360
22847 25865 360
25865 8062 360
8062 24096 360
24096 14400 360
14400 6394 360
6394 21353 360
21353 25403 360
25403 8459 360
8459 20054 360
20054 5321 360
5321 11691 360
11691 18915 360
18915 16195 360
16195 22319 360
22319 12519 360
7039 9241 361
9241 14088 361
14088 9409 361
9409 2214 361
2214 8981 361
8981 25511 361
25511 2830 361
2830 19682 361
19682 13774 361
13774 13188 361
13188 13076 361
13076 2745 361
2745 24498 361
24498 12764 361
12764 25875 361
25875 12145 361
12145 25902 361
25902 13791 361
13791 21406 361
21406 21963 361
21963 17520 361
17520 23690 361
23690 5289 361
5289 8865 361
8865 21666 361
8214 8566 362
8566 14897 362
14897 11750 362
11750 18903 362
18903 6123 362
6123 23635 362
23635 17130 362
17130 9719 362
9719 11611 362
11611 5594 362
5594 2356 362
2356 17865 362
17865 17798 362
17798 14139 362
14139 22226 362
22226 21207 362
21207 20360 362
20360 22032 362
22032 7856 362
7856 7388 362
7388 21698 362
21698 8714 362
8714 6218 362
6218 12069 362
12069 10003 362
10819 14075 363
14075 12222 363
12222 21658 363
21658 1253 363
1253 15249 363
15249 5357 363
5357 12379 363
12379 13006 363
13006 13357 363
13357 6626 363
6626 17145 363
17145 17697 363
17697 5792 363
5792 5555 363
5555 25218 363
25218 1063 363
1063 22627 363
22627 25139 363
25139 16919 363
16919 4287 363
4287 6738 363
6738 24210 363
24210 19161 363
19161 963 363
963 18846 363
24734 21741 364
21741 8219 364
8219 1065 364
1065 7518 364
7518 14578 364
14578 20245 364
20245 22696 364
22696 9039 364
9039 13375 364
13375 25310 364
25310 3022 364
3022 2526 364
2526 15119 364
15119 15872 364
15872 505 364
505 12881 364
12881 7440 364
7440 20824 364
20824 22013 364
22013 11231 364
11231 10097 364
10097 21 364
21 22774 364
22774 10237 364
10237 20666 364
15342 24250 365
24250 14741 365
14741 24548 365
24548 15882 365
15882 1394 365
1394 8768 365
8768 22685 365
22685 22028 365
22028 9405 365
9405 24188 365
24188 7763 365
7763 2910 365
2910 1870 365
1870 25247 365
25247 24755 365
24755 14215 365
14215 7595 365
7595 22542 365
22542 7904 365
7904 18345 365
18345 7833 365
7833 14123 365
14123 15883 365
15883 3201 365
3201 2706 365
17562 22914 366
22914 16677 366
16677 2786 366
2786 8290 366
8290 7263 366
7263 2159 366
2159 25210 366
25210 12137 366
12137 9763 366
9763 22980 366
22980 2348 366
2348 8571 366
8571 24676 366
24676 21535 366
21535 17165 366
17165 14768 366
14768 21353 366
21353 14352 366
14352 11863 366
11863 4750 366
4750 22364 366
22364 13981 366
13981 217 366
217 12087 366
12087 1881 366
10609 2776 367
2776 18642 367
18642 14823 367
14823 7847 367
7847 4827 367
4827 17260 367
17260 12132 367
12132 21451 367
21451 24084 367
24084 11414 367
11414 8414 367
8414 13083 367
13083 5433 367
5433 1788 367
1788 16884 367
16884 21018 367
21018 21283 367
21283 21228 367
21228 2349 367
2349 18521 367
18521 1033 367
1033 13520 367
13520 24067 367
24067 18097 367
18097 13564 367
13262 20095 368
20095 7518 368
7518 12825 368
12825 14485 368
14485 6577 368
6577 23715 368
23715 8784 368
8784 18554 368
18554 5402 368
5402 20823 368
20823 1533 368
1533 11905 368
11905 9498 368
9498 16189 368
16189 8431 368
8431 4078 368
4078 17655 368
17655 6903 368
6903 1090 368
1090 20393 368
20393 25827 368
25827 10701 368
10701 13438 368
13438 421 368
421 7819 368
298 10505 369
10505 6239 369
6239 9467 369
9467 18097 369
18097 3608 369
3608 21050 369
21050 17811 369
17811 25152 369
25152 15889 369
15889 9782 369
9782 15784 369
15784 24506 369
24506 15650 369
15650 1041 369
1041 12938 369
12938 16857 369
16857 18561 369
18561 7275 369
7275 4037 369
4037 22449 369
22449 13811 369
13811 1348 369
1348 17532 369
17532 25628 369
25628 18067 369
1625 22734 370
22734 18545 370
18545 17075 370
17075 2565 370
2565 4591 370
4591 8882 370
8882 24745 370
24745 4807 370
4807 24300 370
24300 233 370
233 15679 370
15679 13169 370
13169 25920 370
25920 2570 370
2570 13339 370
13339 12268 370
12268 20983 370
20983 8424 370
8424 13059 370
13059 24280 370
24280 16227 370
16227 6949 370
6949 1167 370
1167 4695 370
4695 22185 370
13634 6552 371
6552 19607 371
19607 6514 371
6514 19287 371
19287 6693 371
6693 19854 371
19854 22006 371
22006 15419 371
15419 9362 371
9362 5344 371
5344 2653 371
2653 15733 371
15733 11415 371
11415 21856 371
21856 12642 371
12642 14780 371
14780 18884 371
18884 20462 371
20462 18932 371
18932 20140 371
20140 9806 371
9806 8902 371
8902 21838 371
21838 17638 371
17638 4634 371
15492 5645 372
5645 15228 372
15228 7597 372
7597 11972 372
11972 23090 372
23090 23966 372
23966 14132 372
14132 23223 372
23223 13400 372
13400 6839 372
6839 1391 372
1391 20710 372
20710 22634 372
22634 4067 372
4067 1187 372
1187 15472 372
15472 1965 372
1965 10045 372
10045 5133 372
5133 22515 372
22515 826 372
826 19542 372
19542 19081 372
19081 16989 372
16989 5431 372
24703 25701 373
25701 20901 373
20901 4690 373
4690 23824 373
23824 3585 373
3585 6887 373
6887 3875 373
3875 3933 373
3933 3307 373
3307 6595 373
6595 18336 373
18336 21702 373
21702 7155 373
7155 25420 373
25420 19881 373
19881 18229 373
18229 18954 373
18954 23998 373
23998 18427 373
18427 15994 373
15994 7179 373
7179 12364 373
12364 9783 373
9783 3934 373
3934 14465 373
15168 23343 374
23343 23290 374
23290 9601 374
9601 24002 374
24002 3870 374
3870 14972 374
14972 5896 374
5896 12086 374
12086 18383 374
18383 24221 374
24221 8876 374
8876 16900 374
16900 16947 374
16947 17577 374
17577 21588 374
21588 21203 374
21203 2158 374
2158 10515 374
10515 17065 374
17065 19575 374
19575 15242 374
15242 16243 374
16243 13734 374
13734 10953 374
10953 21623 374
2132 18009 375
18009 12170 375
12170 5885 375
5885 15277 375
15277 8329 375
8329 1367 375
1367 14488 375
14488 13553 375
13553 18609 375
18609 3091 375
3091 1159 375
1159 8595 375
8595 25193 375
25193 14022 375
14022 8833 375
8833 9282 375
9282 2491 375
2491 23890 375
23890 22637 375
22637 17915 375
17915 11254 375
11254 16433 375
16433 4868 375
4868 8043 375
8043 4037 375
23113 265 376
265 10750 376
10750 14821 376
14821 65 376
65 1704 376
1704 16255 376
16255 23440 376
23440 17988 376
17988 21503 376
21503 1758 376
1758 4198 376
4198 20636 376
20636 5583 376
5583 22641 376
22641 2721 376
2721 4806 376
4806 25588 376
25588 23789 376
23789 21599 376
21599 17214 376
17214 5935 376
5935 3042 376
3042 12801 376
12801 19796 376
19796 10371 376
7821 14015 377
14015 23738 377
23738 6143 377
6143 12246 377
12246 18790 377
18790 3675 377
3675 17376 377
17376 15787 377
15787 20770 377
20770 9434 377
9434 5439 377
5439 4281 377
4281 9619 377
9619 6003 377
6003 20935 377
20935 16849 377
16849 1289 377
1289 25760 377
25760 23347 377
23347 19621 377
19621 17532 377
17532 1187 377
1187 5134 377
5134 17919 377
17919 8244 377
1082 16691 378
16691 12086 378
12086 19407 378
19407 4049 378
4049 21877 378
21877 10689 378
10689 1357 378
1357 5970 378
5970 13300 378
13300 9005 378
9005 21761 378
21761 10947 378
10947 6155 378
6155 2682 378
2682 2953 378
2953 10640 378
10640 11102 378
11102 3096 378
3096 8201 378
8201 22047 378
22047 8106 378
8106 19943 378
19943 2555 378
2555 8337 378
8337 13415 378
1705 25434 379
25434 2881 379
2881 7767 379
7767 18779 379
18779 3336 379
3336 6197 379
6197 774 379
774 13201 379
13201 14013 379
14013 3165 379
3165 21733 379
21733 13065 379
13065 6183 379
6183 17860 379
17860 8271 379
8271 4368 379
4368 8346 379
8346 13942 379
13942 12690 379
12690 853 379
853 20895 379
20895 19999 379
19999 2191 379
2191 5457 379
5457 23158 379
3985 12560 380
12560 23403 380
23403 12842 380
12842 14802 380
14802 7678 380
7678 1120 380
1120 14095 380
14095 7474 380
7474 19359 380
19359 1514 380
1514 19170 380
19170 8614 380
8614 11256 380
11256 14375 380
14375 3683 380
3683 25044 380
25044 19019 380
19019 5644 380
5644 10947 380
10947 25983 380
25983 23193 380
23193 6652 380
6652 25484 380
25484 13763 380
13763 25417 380
22999 19785 381
19785 15494 381
15494 1612 381
1612 13843 381
13843 17268 381
17268 1477 381
1477 4932 381
4932 11113 381
11113 22683 381
22683 14220 381
14220 22287 381
22287 378 381
378 13684 381
13684 21323 381
21323 7377 381
7377 5218 381
5218 24128 381
24128 25100 381
25100 18807 381
18807 22498 381
22498 24939 381
24939 25276 381
25276 10586 381
10586 197 381
197 15293 381
12905 12198 382
12198 4385 382
4385 9910 382
9910 9485 382
9485 9465 382
9465 2181 382
2181 19798 382
19798 12957 382
12957 19746 382
19746 14567 382
14567 7485 382
7485 8132 382
8132 13256 382
13256 4576 382
4576 20005 382
20005 13112 382
13112 10330 382
10330 6737 382
6737 9228 382
9228 5864 382
5864 15332 382
15332 25785 382
25785 2023 382
2023 163 382
163 1285 382
23153 11929 383
11929 3871 383
3871 21985 383
21985 3450 383
3450 9647 383
9647 14631 383
14631 2893 383
2893 12181 383
12181 4876 383
4876 21847 383
21847 1499 383
1499 14407 383
14407 14405 383
14405 6608 383
6608 20483 383
20483 12770 383
12770 23402 383
23402 9774 383
9774 9055 383
9055 10968 383
10968 6133 383
6133 1300 383
1300 14711 383
14711 23380 383
23380 1523 383
133 11129 384
11129 16170 384
16170 7734 384
7734 18025 384
18025 18954 384
18954 24394 384
24394 17370 384
17370 15605 384
15605 16705 384
16705 11425 384
11425 241 384
241 1264 384
1264 25165 384
25165 3373 384
3373 6409 384
6409 880 384
880 20641 384
20641 24445 384
24445 19897 384
19897 11009 384
11009 11290 384
11290 25306 384
25306 24550 384
24550 320 384
320 11973 384
25303 4807 385
4807 22647 385
22647 8950 385
8950 24346 385
24346 16573 385
16573 5426 385
5426 16264 385
16264 5945 385
5945 648 385
648 22264 385
22264 13396 385
13396 17826 385
17826 11737 385
11737 1985 385
1985 8507 385
8507 16041 385
16041 1852 385
1852 5585 385
5585 13712 385
13712 20993 385
20993 3926 385
3926 2798 385
2798 1656 385
1656 1278 385
1278 6895 385
14263 5883 386
5883 7852 386
7852 7810 386
7810 14576 386
14576 22405 386
22405 21207 386
21207 20058 386
20058 2177 386
2177 8403 386
8403 16106 386
16106 11644 386
11644 20710 386
20710 21619 386
21619 23666 386
23666 1763 386
1763 11497 386
11497 7036 386
7036 17509 386
17509 25653 386
25653 18941 386
18941 9240 386
9240 15114 386
15114 13836 386
13836 6156 386
6156 14327 386
8781 24339 387
24339 16562 387
16562 8747 387
8747 18827 387
18827 20156 387
20156 19318 387
19318 9050 387
9050 8342 387
8342 6915 387
6915 287 387
287 5358 387
5358 18503 387
18503 926 387
926 3878 387
3878 5005 387
5005 13984 387
13984 25192 387
25192 11337 387
11337 1931 387
1931 12138 387
12138 12661 387
12661 4259 387
4259 6934 387
6934 23057 387
23057 21165 387
19838 22124 388
22124 23996 388
23996 15344 388
15344 1851 388
1851 1545 388
1545 24893 388
24893 23481 388
23481 22277 388
22277 5297 388
5297 9861 388
9861 2582 388
2582 636 388
636 25796 388
25796 22288 388
22288 12733 388
12733 21293 388
21293 15446 388
15446 20606 388
20606 19385 388
19385 241 388
241 10976 388
10976 362 388
362 7460 388
7460 16560 388
16560 6833 388
9309 13765 389
13765 5590 389
5590 9555 389
9555 7646 389
7646 1117 389
1117 1145 389
1145 20049 389
20049 19320 389
19320 5512 389
5512 16583 389
16583 16623 389
16623 16547 389
16547 168 389
168 24941 389
24941 14778 389
14778 3606 389
3606 5614 389
5614 220 389
220 12044 389
12044 14800 389
14800 10316 389
10316 2369 389
2369 20053 389
20053 17802 389
17802 3023 389
3549 5104 390
5104 15128 390
15128 7384 390
7384 20824 390
20824 14092 390
14092 9042 390
9042 2325 390
2325 12519 390
12519 25781 390
25781 25369 390
25369 22517 390
22517 4163 390
4163 21183 390
21183 24680 390
24680 20055 390
20055 5728 390
5728 23563 390
23563 10863 390
10863 17972 390
17972 15725 390
15725 23278 390
23278 16428 390
16428 3120 390
3120 24867 390
24867 6270 390
20749 12642 391
12642 22568 391
22568 11089 391
11089 10020 391
10020 12993 391
12993 21122 391
21122 14782 391
14782 14929 391
14929 18971 391
18971 8096 391
8096 15598 391
15598 20945 391
20945 13076 391
13076 8190 391
8190 23523 391
23523 6488 391
6488 22025 391
22025 2050 391
2050 9994 391
9994 6777 391
6777 17784 391
17784 11066 391
11066 20608 391
20608 9964 391
9964 20977 391
23938 15042 392
15042 23765 392
23765 23903 392
23903 5214 392
5214 13560 392
13560 19381 392
19381 19303 392
19303 14493 392
14493 17363 392
17363 5753 392
5753 164 392
164 12840 392
12840 25533 392
25533 5756 392
5756 20786 392
20786 4993 392
4993 16617 392
16617 16035 392
16035 18669 392
18669 1255 392
1255 18523 392
18523 9077 392
9077 10574 392
10574 13616 392
13616 19827 392
11381 3304 393
3304 22277 393
22277 20072 393
20072 13480 393
13480 23170 393
23170 23272 393
23272 22872 393
22872 14753 393
14753 13672 393
13672 14075 393
14075 16731 393
16731 8621 393
8621 5336 393
5336 22446 393
22446 25326 393
25326 18646 393
18646 11156 393
11156 18116 393
18116 15356 393
15356 19642 393
19642 6210 393
6210 17385 393
17385 7784 393
7784 25966 393
25966 12819 393
1996 19157 394
19157 13434 394
13434 7332 394
7332 14695 394
14695 18080 394
18080 23744 394
23744 20828 394
20828 25933 394
25933 16442 394
16442 25016 394
25016 6724 394
6724 25680 394
25680 14750 394
14750 13940 394
13940 11943 394
11943 12784 394
12784 20165 394
20165 2194 394
2194 25224 394
25224 22570 394
22570 24482 394
24482 18450 394
18450 4736 394
4736 3597 394
3597 4155 394
6261 13063 395
13063 2734 395
2734 10805 395
10805 13397 395
13397 16498 395
16498 2127 395
2127 16725 395
16725 22158 395
22158 12534 395
12534 22927 395
22927 7213 395
7213 2887 395
2887 1175 395
1175 10181 395
10181 14460 395
14460 20922 395
20922 19385 395
19385 2589 395
2589 20294 395
20294 24890 395
24890 21417 395
21417 19284 395
19284 21415 395
21415 5039 395
5039 539 395
22125 3109 396
3109 10606 396
10606 7248 396
7248 14390 396
14390 16359 396
16359 7643 396
7643 24169 396
24169 18942 396
18942 19950 396
19950 12901 396
12901 12915 396
12915 15067 396
15067 3755 396
3755 18270 396
18270 10188 396
10188 15249 396
15249 24704 396
24704 3228 396
3228 3991 396
3991 15852 396
15852 3938 396
3938 18425 396
18425 12630 396
12630 4218 396
4218 16962 396
5070 17607 397
17607 12455 397
12455 18697 397
18697 8790 397
8790 7013 397
7013 18107 397
18107 24361 397
24361 18319 397
18319 11429 397
11429 405 397
405 7012 397
7012 25304 397
25304 16981 397
16981 24173 397
24173 18111 397
18111 25090 397
25090 23380 397
23380 23722 397
23722 4106 397
4106 22047 397
22047 20132 397
20132 24786 397
24786 4317 397
4317 23944 397
23944 4513 397
11631 2649 398
2649 5607 398
5607 12858 398
12858 3679 398
3679 18184 398
18184 488 398
488 8890 398
8890 2902 398
2902 10197 398
10197 17716 398
17716 25 398
25 7495 398
7495 4462 398
4462 5083 398
5083 25912 398
25912 24666 398
24666 22656 398
22656 19311 398
19311 11166 398
11166 20932 398
20932 19068 398
19068 18294 398
18294 11566 398
11566 11991 398
11991 8211 398
925 2326 399
2326 21124 399
21124 11551 399
11551 21498 399
21498 15448 399
15448 438 399
438 19532 399
19532 6417 399
6417 6698 399
6698 13013 399
13013 2691 399
2691 23670 399
23670 10649 399
10649 9641 399
9641 9409 399
9409 21993 399
21993 3101 399
3101 7294 399
7294 10980 399
10980 7866 399
7866 6471 399
6471 14821 399
14821 20400 399
20400 6407 399
6407 10697 399
20074 22081 400
22081 16752 400
16752 20527 400
20527 12197 400
12197 2394 400
2394 9793 400
9793 25324 400
25324 25843 400
25843 13586 400
13586 13361 400
13361 21330 400
21330 10672 400
10672 14260 400
14260 2935 400
2935 5163 400
5163 23953 400
23953 20705 400
20705 1191 400
1191 18805 400
18805 2086 400
2086 11137 400
11137 12578 400
12578 22050 400
22050 18623 400
18623 24080 400
22988 12225 401
12225 14122 401
14122 22495 401
22495 16170 401
16170 12739 401
12739 13231 401
13231 10629 401
10629 2384 401
2384 11565 401
11565 18692 401
18692 18169 401
18169 2250 401
2250 4904 401
4904 22201 401
22201 15017 401
15017 16044 401
16044 3254 401
3254 489 401
489 2358 401
2358 2810 401
2810 19251 401
19251 5864 401
5864 9598 401
9598 6035 401
6035 4800 401
5084 16003 402
16003 14281 402
14281 838 402
838 10542 402
10542 9373 402
9373 5558 402
5558 9008 402
9008 10194 402
10194 23124 402
23124 22746 402
22746 15909 402
15909 10280 402
10280 17515 402
17515 12123 402
12123 21266 402
21266 3702 402
3702 19559 402
19559 19468 402
19468 3880 402
3880 3811 402
3811 9066 402
9066 9786 402
9786 3151 402
3151 24605 402
24605 13736 402
6354 24901 403
24901 20312 403
20312 9848 403
9848 7110 403
7110 11696 403
11696 6249 403
6249 17504 403
17504 14527 403
14527 6646 403
6646 732 403
732 17539 403
17539 14759 403
14759 16616 403
16616 22649 403
22649 1776 403
1776 1087 403
1087 5057 403
5057 14308 403
14308 14159 403
14159 3799 403
3799 20736 403
20736 18026 403
18026 13826 403
13826 10529 403
10529 7146 403
2116 8424 404
8424 3099 404
3099 4760 404
4760 24804 404
24804 24479 404
24479 8544 404
8544 4305 404
4305 6907 404
6907 10070 404
10070 13952 404
13952 20326 404
20326 19377 404
19377 25207 404
25207 25949 404
25949 22882 404
22882 14426 404
14426 2910 404
2910 24007 404
24007 5229 404
5229 3145 404
3145 21636 404
21636 23689 404
23689 16406 404
16406 3476 404
3476 9069 404
19731 20156 405
20156 15850 405
15850 6252 405
6252 3437 405
3437 9850 405
9850 22752 405
22752 17738 405
17738 22785 405
22785 21260 405
21260 17883 405
17883 3243 405
3243 21629 405
21629 17586 405
17586 10496 405
10496 17235 405
17235 13191 405
13191 2260 405
2260 4395 405
4395 8211 405
8211 1303 405
1303 25974 405
25974 14409 405
14409 10845 405
10845 23402 405
23402 1973 405
1932 13940 406
13940 6879 406
6879 18237 406
18237 20282 406
20282 5269 406
5269 10076 406
10076 20850 406
20850 23064 406
23064 16226 406
16226 2146 406
2146 1956 406
1956 24097 406
24097 23656 406
23656 20650 406
20650 5479 406
5479 2314 406
2314 7570 406
7570 17296 406
17296 23362 406
23362 19114 406
19114 15150 406
15150 1628 406
1628 8127 406
8127 3655 406
3655 13196 406
12495 15060 407
15060 14190 407
14190 20833 407
20833 12970 407
12970 8903 407
8903 15747 407
15747 1869 407
1869 16668 407
16668 22031 407
22031 6061 407
6061 13169 407
13169 640 407
640 2322 407
2322 177 407
177 20024 407
20024 1104 407
1104 24788 407
24788 20362 407
20362 24360 407
24360 21954 407
21954 25465 407
25465 25226 407
25226 6911 407
6911 824 407
824 19965 407
19334 5480 408
5480 2141 408
2141 20050 408
20050 25255 408
25255 18434 408
18434 4470 408
4470 19668 408
19668 9264 408
9264 17638 408
17638 24629 408
24629 17949 408
17949 4882 408
4882 18845 408
18845 9167 408
9167 10663 408
10663 1485 408
1485 466 408
466 24703 408
24703 22259 408
22259 5521 408
5521 4159 408
4159 4365 408
4365 16849 408
16849 784 408
784 20441 408
18684 11697 409
11697 22008 409
22008 13159 409
13159 18787 409
18787 11477 409
11477 9667 409
9667 17520 409
17520 11151 409
11151 15185 409
15185 9428 409
9428 7221 409
7221 19870 409
19870 13970 409
13970 550 409
550 5761 409
5761 3746 409
3746 10822 409
10822 19877 409
19877 9275 409
9275 6114 409
6114 14162 409
14162 14186 409
14186 12204 409
12204 17967 409
17967 10665 409
23104 15636 410
15636 3258 410
3258 14510 410
14510 25844 410
25844 7308 410
7308 10843 410
10843 17508 410
17508 13816 410
13816 25797 410
25797 17264 410
17264 20525 410
20525 17228 410
17228 7212 410
7212 8791 410
8791 21898 410
21898 16294 410
16294 22386 410
22386 4565 410
4565 18726 410
18726 7271 410
7271 21011 410
21011 20595 410
20595 9698 410
9698 18764 410
18764 14313 410
20065 23286 411
23286 23027 411
23027 25331 411
25331 15523 411
15523 2948 411
2948 22006 411
22006 1545 411
1545 5660 411
5660 6872 411
6872 14336 411
14336 3423 411
3423 14235 411
14235 11559 411
11559 23363 411
23363 5119 411
5119 3755 411
3755 14536 411
14536 21320 411
21320 21291 411
21291 4415 411
4415 3856 411
3856 19720 411
19720 16622 411
16622 394 411
394 18165 411
17538 25673 412
25673 17909 412
17909 15894 412
15894 16265 412
16265 4846 412
4846 12655 412
12655 23866 412
23866 21148 412
21148 10346 412
10346 9751 412
9751 15540 412
15540 11061 412
11061 14902 412
14902 18845 412
18845 17635 412
17635 12594 412
12594 3678 412
3678 6806 412
6806 10399 412
10399 13261 412
13261 4645 412
4645 20567 412
20567 10962 412
10962 5065 412
5065 10192 412
901 4428 413
4428 20267 413
20267 1383 413
1383 21753 413
21753 16588 413
16588 3243 413
3243 20985 413
20985 21710 413
21710 24072 413
24072 988 413
988 25576 413
25576 10939 413
10939 17870 413
17870 12490 413
12490 10757 413
10757 22297 413
22297 22553 413
22553 9495 413
9495 6603 413
6603 9217 413
9217 21852 413
21852 24417 413
24417 9203 413
9203 1558 413
1558 2330 413
23485 14153 414
14153 2879 414
2879 11277 414
11277 21894 414
21894 287 414
287 2776 414
2776 15722 414
15722 648 414
648 19637 414
19637 16902 414
16902 2962 414
2962 20322 414
20322 894 414
894 1631 414
1631 13738 414
13738 6718 414
6718 14007 414
14007 16734 414
16734 13732 414
13732 5410 414
5410 13692 414
13692 14517 414
14517 20744 414
20744 12301 414
12301 2547 414
11162 14656 415
14656 5219 415
5219 3683 415
3683 18994 415
18994 6866 415
6866 13659 415
13659 5601 415
5601 2141 415
2141 298 415
298 22849 415
22849 16534 415
16534 11109 415
11109 15092 415
15092 657 415
657 17068 415
17068 1542 415
1542 2940 415
2940 21129 415
21129 13956 415
13956 12655 415
12655 14710 415
14710 2988 415
2988 24711 415
24711 21042 415
21042 15710 415
11660 17708 416
17708 18017 416
18017 20246 416
20246 7157 416
7157 21109 416
21109 21485 416
21485 12066 416
12066 16374 416
16374 15617 416
15617 3634 416
3634 17919 416
17919 21311 416
21311 12832 416
12832 23581 416
23581 5051 416
5051 14972 416
14972 20625 416
20625 20264 416
20264 19697 416
19697 15680 416
15680 18259 416
18259 15832 416
15832 8456 416
8456 19789 416
19789 15139 416
5822 22678 417
22678 11025 417
11025 1230 417
1230 9892 417
9892 10647 417
10647 7764 417
7764 8360 417
8360 18825 417
18825 7503 417
7503 12118 417
12118 19279 417
19279 8841 417
8841 17657 417
17657 5392 417
5392 2130 417
2130 5668 417
5668 14382 417
14382 12789 417
12789 4955 417
4955 16473 417
16473 18224 417
18224 5581 417
5581 16039 417
16039 18673 417
18673 16221 417
16981 3542 418
3542 16607 418
16607 24504 418
24504 11181 418
11181 15534 418
15534 5417 418
5417 19887 418
19887 15661 418
15661 1203 418
1203 1159 418
1159 15716 418
15716 25379 418
25379 25368 418
25368 22701 418
22701 11571 418
11571 9276 418
9276 21072 418
21072 5146 418
5146 20114 418
20114 24667 418
24667 15325 418
15325 20592 418
20592 109 418
109 14607 418
14607 22736 418
21504 23772 419
23772 15899 419
15899 23648 419
23648 17049 419
17049 3674 419
3674 17744 419
17744 24332 419
24332 10092 419
10092 12374 419
12374 19101 419
19101 19216 419
19216 14831 419
14831 20826 419
20826 17522 419
17522 14969 419
14969 18537 419
18537 24520 419
24520 24924 419
24924 8189 419
8189 21681 419
21681 11087 419
11087 5789 419
5789 25866 419
25866 14094 419
14094 1543 419
240 4924 420
4924 4735 420
4735 23290 420
23290 18616 420
18616 10597 420
10597 763 420
763 20019 420
20019 25088 420
25088 22282 420
22282 22492 420
22492 8694 420
8694 21220 420
21220 20575 420
20575 20177 420
20177 20228 420
20228 121 420
121 23362 420
23362 4439 420
4439 2499 420
2499 19384 420
19384 18623 420
18623 19803 420
19803 7884 420
7884 17533 420
17533 17699 420
8435 15987 421
15987 24775 421
24775 7023 421
7023 25234 421
25234 22314 421
22314 23927 421
23927 4685 421
4685 17581 421
17581 12338 421
12338 7392 421
7392 4902 421
4902 1029 421
1029 6833 421
6833 18676 421
18676 19459 421
19459 7991 421
7991 12076 421
12076 2413 421
2413 6434 421
6434 20776 421
20776 20057 421
20057 6167 421
6167 19633 421
19633 3494 421
3494 11314 421
21483 1645 422
1645 12730 422
12730 19641 422
19641 14577 422
14577 9237 422
9237 11837 422
11837 12799 422
12799 326 422
326 16183 422
16183 8294 422
8294 6537 422
6537 6928 422
6928 8720 422
8720 3438 422
3438 22436 422
22436 17913 422
17913 13180 422
13180 10737 422
10737 23851 422
23851 21481 422
21481 24726 422
24726 10192 422
10192 22362 422
22362 8605 422
8605 5393 422
19453 22637 423
22637 10421 423
10421 25803 423
25803 13934 423
13934 24733 423
24733 22994 423
22994 3355 423
3355 21010 423
21010 24235 423
24235 11675 423
11675 21312 423
21312 7626 423
7626 21557 423
21557 23391 423
23391 12553 423
12553 10652 423
10652 3010 423
3010 16224 423
16224 1320 423
1320 9657 423
9657 21228 423
21228 21039 423
21039 3159 423
3159 6821 423
6821 15226 423
3485 7373 424
7373 13212 424
13212 13589 424
13589 1197 424
1197 2740 424
2740 8583 424
8583 9107 424
9107 19455 424
19455 7348 424
7348 15201 424
15201 22361 424
22361 18844 424
18844 10426 424
10426 7305 424
7305 828 424
828 18540 424
18540 18107 424
18107 22240 424
22240 19376 424
19376 15456 424
15456 21268 424
21268 3835 424
3835 24372 424
24372 4651 424
4651 20138 424
20564 11020 425
11020 4188 425
4188 24787 425
24787 10331 425
10331 7991 425
7991 8451 425
8451 17079 425
17079 3441 425
3441 7417 425
7417 5015 425
5015 9367 425
9367 6987 425
6987 19976 425
19976 18165 425
18165 23040 425
23040 1298 425
1298 20718 425
20718 5989 425
5989 18956 425
18956 349 425
349 14465 425
14465 13670 425
13670 14371 425
14371 23720 425
23720 3223 425
21763 4806 426
4806 21053 426
21053 11335 426
11335 12918 426
12918 18540 426
18540 22913 426
22913 743 426
743 3824 426
3824 2275 426
2275 17511 426
17511 16276 426
16276 18222 426
18222 243 426
243 4945 426
4945 11217 426
11217 19697 426
19697 24730 426
24730 4732 426
4732 19625 426
19625 12523 426
12523 22540 426
22540 20491 426
20491 9258 426
9258 12255 426
12255 458 426
6718 21385 427
21385 12806 427
12806 22077 427
22077 21839 427
21839 13586 427
13586 15219 427
15219 6599 427
6599 13647 427
13647 14048 427
14048 14631 427
14631 14990 427
14990 9763 427
9763 25146 427
25146 20200 427
20200 8772 427
8772 3171 427
3171 23752 427
23752 20710 427
20710 15677 427
15677 2233 427
2233 2710 427
2710 1182 427
1182 12592 427
12592 20223 427
20223 6463 427
20689 5547 428
5547 20208 428
20208 20847 428
20847 3256 428
3256 13084 428
13084 1505 428
1505 12284 428
12284 13326 428
13326 14146 428
14146 23975 428
23975 23652 428
23652 15243 428
15243 2874 428
2874 9841 428
9841 15157 428
15157 19832 428
19832 13766 428
13766 3006 428
3006 9348 428
9348 17540 428
17540 11489 428
11489 5628 428
5628 1751 428
1751 1920 428
1920 25997 428
19426 11334 429
11334 203 429
203 13314 429
13314 6945 429
6945 25243 429
25243 13185 429
13185 20333 429
20333 25678 429
25678 3019 429
3019 21950 429
21950 6787 429
6787 19856 429
19856 6990 429
6990 11678 429
11678 10739 429
10739 19235 429
19235 25082 429
25082 1916 429
1916 8547 429
8547 17308 429
17308 7151 429
7151 20315 429
20315 7786 429
7786 5399 429
5399 10189 429
21528 16290 430
16290 5264 430
5264 17426 430
17426 3601 430
3601 18685 430
18685 8905 430
8905 25698 430
25698 200 430
200 8076 430
8076 939 430
939 7385 430
7385 9794 430
9794 10948 430
10948 2825 430
2825 24182 430
24182 21988 430
21988 15718 430
15718 13917 430
13917 22492 430
22492 17211 430
17211 3574 430
3574 20699 430
20699 13059 430
13059 23769 430
23769 12845 430
686 3076 431
3076 2258 431
2258 14395 431
14395 5199 431
5199 10279 431
10279 14404 431
14404 5684 431
5684 18450 431
18450 841 431
841 21736 431
21736 24340 431
24340 8322 431
8322 12295 431
12295 24595 431
24595 1385 431
1385 5694 431
5694 4065 431
4065 1685 431
1685 22075 431
22075 47 431
47 8710 431
8710 21585 431
21585 24771 431
24771 19759 431
19759 2077 431
3193 11432 432
11432 8428 432
8428 17272 432
17272 7858 432
7858 4713 432
4713 17551 432
17551 9964 432
9964 2603 432
2603 6792 432
6792 15130 432
15130 2994 432
2994 8622 432
8622 20271 432
20271 7320 432
7320 23650 432
23650 4752 432
4752 25726 432
25726 8575 432
8575 656 432
656 1098 432
1098 887 432
887 21215 432
21215 24376 432
24376 16946 432
16946 17105 432
12022 15135 433
15135 16295 433
16295 20205 433
20205 4959 433
4959 11466 433
11466 8553 433
8553 8781 433
8781 25432 433
25432 13204 433
13204 24945 433
24945 793 433
793 16554 433
16554 7957 433
7957 13932 433
13932 2034 433
2034 25604 433
25604 15788 433
15788 20711 433
20711 24588 433
24588 24991 433
24991 10338 433
10338 15002 433
15002 1783 433
1783 8586 433
8586 13463 433
21505 11889 434
11889 20156 434
20156 20082 434
20082 18653 434
18653 15425 434
15425 21797 434
21797 24981 434
24981 11417 434
11417 2956 434
2956 18967 434
18967 5587 434
5587 21437 434
21437 8958 434
8958 19147 434
19147 5534 434
5534 5980 434
5980 21584 434
21584 7155 434
7155 5000 434
5000 20679 434
20679 12823 434
12823 24571 434
24571 2809 434
2809 451 434
451 6632 434
6354 20740 435
20740 21211 435
21211 5360 435
5360 16731 435
16731 8893 435
8893 680 435
680 13483 435
13483 25346 435
25346 20835 435
20835 25942 435
25942 16268 435
16268 165 435
165 215 435
215 4223 435
4223 12434 435
12434 2789 435
2789 21073 435
21073 18534 435
18534 19079 435
19079 19169 435
19169 25821 435
25821 20095 435
20095 14855 435
14855 9946 435
9946 20900 435
15208 24512 436
24512 3804 436
3804 15077 436
15077 2787 436
2787 7546 436
7546 9451 436
9451 12600 436
12600 7059 436
7059 4172 436
4172 18943 436
18943 14267 436
14267 21299 436
21299 18225 436
18225 8858 436
8858 24916 436
24916 20422 436
20422 1096 436
1096 4543 436
4543 632 436
632 11562 436
11562 23880 436
23880 11275 436
11275 18002 436
18002 8794 436
8794 10421 436
13554 3659 437
3659 669 437
669 20628 437
20628 908 437
908 12325 437
12325 9344 437
9344 804 437
804 22213 437
22213 16691 437
16691 2899 437
2899 2506 437
2506 22249 437
22249 4586 437
4586 9585 437
9585 17399 437
17399 10935 437
10935 6538 437
6538 22976 437
22976 24172 437
24172 11287 437
11287 24652 437
24652 23030 437
23030 25177 437
25177 23950 437
23950 1722 437
24783 8350 438
8350 7064 438
7064 13152 438
13152 20962 438
20962 17072 438
17072 14350 438
14350 10104 438
10104 9458 438
9458 5066 438
5066 5154 438
5154 6434 438
6434 21256 438
21256 4512 438
4512 17776 438
17776 8996 438
8996 3919 438
3919 3857 438
3857 17170 438
17170 4289 438
4289 3808 438
3808 3029 438
3029 12500 438
12500 7908 438
7908 5592 438
5592 16643 438
24771 14612 439
14612 8090 439
8090 24761 439
24761 13214 439
13214 20203 439
20203 18545 439
18545 21056 439
21056 6660 439
6660 5055 439
5055 12568 439
12568 15157 439
15157 19730 439
19730 21589 439
21589 20552 439
20552 8885 439
8885 23202 439
23202 11701 439
11701 17768 439
17768 14675 439
14675 14911 439
14911 13564 439
13564 12979 439
12979 8948 439
8948 23994 439
23994 16675 439
20550 4591 440
4591 21008 440
21008 14769 440
14769 21913 440
21913 23802 440
23802 10314 440
10314 16314 440
16314 8313 440
8313 14076 440
14076 12108 440
12108 15587 440
15587 3473 440
3473 4915 440
4915 24363 440
24363 2444 440
2444 23497 440
23497 15441 440
15441 10286 440
10286 2252 440
2252 8355 440
8355 12708 440
12708 10648 440
10648 16963 440
16963 10509 440
10509 22421 440
4914 4410 441
4410 10158 441
10158 3065 441
3065 18047 441
18047 20337 441
20337 12989 441
12989 3656 441
3656 12827 441
12827 14108 441
14108 13285 441
13285 12842 441
12842 12785 441
12785 17286 441
17286 12500 441
12500 5953 441
5953 3850 441
3850 1739 441
1739 17389 441
17389 11163 441
11163 4320 441
4320 7284 441
7284 15405 441
15405 7044 441
7044 155 441
155 3332 441
10461 6131 442
6131 5807 442
5807 14884 442
14884 21447 442
21447 1688 442
1688 14019 442
14019 19814 442
19814 22012 442
22012 18968 442
18968 1863 442
1863 20774 442
20774 19441 442
19441 24636 442
24636 11152 442
11152 448 442
448 4848 442
4848 8914 442
8914 23506 442
23506 14040 442
14040 1737 442
1737 1717 442
1717 14056 442
14056 22406 442
22406 1704 442
1704 2637 442
20108 22413 443
22413 11679 443
11679 19422 443
19422 3533 443
3533 10741 443
10741 24493 443
24493 15816 443
15816 15194 443
15194 10490 443
10490 4997 443
4997 23366 443
23366 18918 443
18918 13970 443
13970 23621 443
23621 14876 443
14876 13139 443
13139 10704 443
10704 22900 443
22900 2461 443
2461 2462 443
2462 4174 443
4174 9119 443
9119 19801 443
19801 14486 443
14486 3147 443
259 17456 444
17456 22871 444
22871 20410 444
20410 24977 444
24977 24808 444
24808 9932 444
9932 18429 444
18429 6449 444
6449 15382 444
15382 20253 444
20253 16153 444
16153 12232 444
12232 17608 444
17608 19444 444
19444 16634 444
16634 18170 444
18170 10388 444
10388 21309 444
21309 6592 444
6592 5983 444
5983 16742 444
16742 8655 444
8655 23636 444
23636 3151 444
3151 12655 444
19028 6668 445
6668 10564 445
10564 3326 445
3326 18226 445
18226 8574 445
8574 14623 445
14623 12427 445
12427 9734 445
9734 16393 445
16393 60 445
60 7670 445
7670 1372 445
1372 23577 445
23577 14968 445
14968 24739 445
24739 16073 445
16073 6388 445
6388 11327 445
11327 1164 445
1164 18317 445
18317 3541 445
3541 11889 445
11889 7131 445
7131 13754 445
13754 24518 445
23839 13758 446
13758 22259 446
22259 15442 446
15442 23569 446
23569 6636 446
6636 241 446
241 19990 446
19990 8786 446
8786 12797 446
12797 22901 446
22901 15783 446
15783 12008 446
12008 24968 446
24968 5276 446
5276 15855 446
15855 23122 446
23122 1345 446
1345 14566 446
14566 23852 446
23852 479 446
479 4802 446
4802 6245 446
6245 20671 446
20671 5261 446
5261 17913 446
5852 9258 447
9258 12405 447
12405 7661 447
7661 12736 447
12736 6727 447
6727 7137 447
7137 17386 447
17386 25889 447
25889 20101 447
20101 6361 447
6361 4527 447
4527 16006 447
16006 12324 447
12324 10791 447
10791 13562 447
13562 18527 447
18527 2105 447
2105 18368 447
18368 23624 447
23624 18605 447
18605 7014 447
7014 7671 447
7671 3276 447
3276 4816 447
4816 24097 447
7730 18347 448
18347 25377 448
25377 20108 448
20108 2008 448
2008 24123 448
24123 22573 448
22573 12087 448
12087 24537 448
24537 10303 448
10303 15563 448
15563 19669 448
19669 18509 448
18509 12251 448
12251 6260 448
6260 23932 448
23932 15590 448
15590 6906 448
6906 17711 448
17711 10345 448
10345 5632 448
5632 7219 448
7219 1887 448
1887 24189 448
24189 776 448
776 22759 448
12895 11741 449
11741 12020 449
12020 20229 449
20229 16871 449
16871 2591 449
2591 13073 449
13073 25401 449
25401 8352 449
8352 14672 449
14672 25010 449
25010 20186 449
20186 17158 449
17158 21520 449
21520 7817 449
7817 24059 449
24059 22269 449
22269 21767 449
21767 3466 449
3466 17696 449
17696 17167 449
17167 3976 449
3976 11752 449
11752 19731 449
19731 1357 449
1357 23536 449
17214 23936 450
23936 19890 450
19890 10031 450
10031 19892 450
19892 15103 450
15103 7296 450
7296 16261 450
16261 12081 450
12081 24765 450
24765 16521 450
16521 19865 450
19865 14775 450
14775 6051 450
6051 23147 450
23147 4351 450
4351 19625 450
19625 23947 450
23947 11509 450
11509 20704 450
20704 10201 450
10201 22795 450
22795 11346 450
11346 13663 450
13663 25503 450
25503 12275 450
12401 7230 451
7230 6618 451
6618 15165 451
15165 10666 451
10666 21916 451
21916 7847 451
7847 6926 451
6926 7454 451
7454 17218 451
17218 21790 451
21790 11330 451
11330 14861 451
14861 8326 451
8326 18701 451
18701 12486 451
12486 13610 451
13610 10001 451
10001 14408 451
14408 8970 451
8970 599 451
599 16914 451
16914 9886 451
9886 15567 451
15567 862 451
862 17000 451
16675 949 452
949 12379 452
12379 19625 452
19625 12170 452
12170 12004 452
12004 12318 452
12318 24123 452
24123 14898 452
14898 23956 452
23956 23218 452
23218 5733 452
5733 8035 452
8035 17750 452
17750 9814 452
9814 3240 452
3240 16881 452
16881 20221 452
20221 22048 452
22048 512 452
512 14545 452
14545 21108 452
21108 2780 452
2780 20505 452
20505 2077 452
2077 14279 452
18143 19994 453
19994 16260 453
16260 21349 453
21349 10386 453
10386 16443 453
16443 16765 453
16765 13759 453
13759 24408 453
24408 1693 453
1693 21146 453
21146 12402 453
12402 8643 453
8643 10489 453
10489 2819 453
2819 6156 453
6156 2801 453
2801 13775 453
13775 10252 453
10252 21225 453
21225 21870 453
21870 8386 453
8386 6108 453
6108 23822 453
23822 14770 453
14770 10974 453
11820 24233 454
24233 10649 454
10649 14012 454
14012 4596 454
4596 2176 454
2176 5889 454
5889 18294 454
18294 9677 454
9677 25049 454
25049 18256 454
18256 9238 454
9238 17530 454
17530 25604 454
25604 25022 454
25022 4285 454
4285 20251 454
20251 14494 454
14494 120 454
120 19452 454
19452 11091 454
11091 14755 454
14755 21000 454
21000 18985 454
18985 7415 454
7415 18493 454
18023 8156 455
8156 8290 455
8290 15212 455
15212 6206 455
6206 19264 455
19264 5345 455
5345 6340 455
6340 14510 455
14510 23720 455
23720 18210 455
18210 21085 455
21085 22261 455
22261 9485 455
9485 7356 455
7356 13474 455
13474 14361 455
14361 23645 455
23645 13012 455
13012 9161 455
9161 18995 455
18995 23639 455
23639 25625 455
25625 10477 455
10477 8404 455
8404 3790 455
16452 2046 456
2046 20757 456
20757 5227 456
5227 17286 456
17286 8869 456
8869 10804 456
10804 18353 456
18353 23705 456
23705 24668 456
24668 2567 456
2567 14854 456
14854 7819 456
7819 14144 456
14144 314 456
314 22016 456
22016 21091 456
21091 7920 456
7920 25796 456
25796 13104 456
13104 11479 456
11479 15311 456
15311 7083 456
7083 6501 456
6501 10836 456
10836 10204 456
24796 13883 457
13883 11963 457
11963 17075 457
17075 8269 457
8269 15613 457
15613 12521 457
12521 17562 457
17562 2432 457
2432 1665 457
1665 18572 457
18572 21844 457
21844 1088 457
1088 8926 457
8926 22171 457
22171 17154 457
17154 17477 457
17477 2322 457
2322 20426 457
20426 23579 457
23579 5244 457
5244 19207 457
19207 1786 457
1786 2217 457
2217 1830 457
1830 2893 457
22742 9268 458
9268 20062 458
20062 14875 458
14875 1458 458
1458 19926 458
19926 17683 458
17683 1280 458
1280 12807 458
12807 13675 458
13675 18118 458
18118 21186 458
21186 25697 458
25697 14665 458
14665 16110 458
16110 14456 458
14456 19900 458
19900 3680 458
3680 15568 458
15568 19519 458
19519 7569 458
7569 21519 458
21519 4091 458
4091 14507 458
14507 24948 458
24948 21718 458
8412 17602 459
17602 4900 459
4900 14081 459
14081 17857 459
17857 6710 459
6710 9565 459
9565 17299 459
17299 16683 459
16683 15659 459
15659 21824 459
21824 23086 459
23086 20808 459
20808 20822 459
20822 10381 459
10381 19135 459
19135 5634 459
5634 6035 459
6035 9919 459
9919 22842 459
22842 24035 459
24035 5193 459
5193 24907 459
24907 846 459
846 5204 459
5204 9604 459
10197 20750 460
20750 1891 460
1891 10728 460
10728 15413 460
15413 16345 460
16345 22141 460
22141 14116 460
14116 18668 460
18668 24855 460
24855 1944 460
1944 16880 460
16880 15288 460
15288 20284 460
20284 15703 460
15703 21885 460
21885 16497 460
16497 2628 460
2628 25054 460
25054 10830 460
10830 3735 460
3735 25097 460
25097 25272 460
25272 7264 460
7264 3063 460
3063 5169 460
12928 2615 461
2615 13649 461
13649 549 461
549 6384 461
6384 6562 461
6562 16695 461
16695 8167 461
8167 2471 461
2471 9262 461
9262 6412 461
6412 824 461
824 13119 461
13119 8498 461
8498 10449 461
10449 25617 461
25617 14257 461
14257 25430 461
25430 6923 461
6923 4910 461
4910 17912 461
17912 8963 461
8963 5157 461
5157 12679 461
12679 20561 461
20561 10558 461
5634 11266 462
11266 7385 462
7385 9612 462
9612 9947 462
9947 24609 462
24609 5024 462
5024 15682 462
15682 11878 462
11878 10017 462
10017 15025 462
15025 4845 462
4845 25811 462
25811 8538 462
8538 1998 462
1998 21631 462
21631 19331 462
19331 22849 462
22849 24227 462
24227 25546 462
25546 18444 462
18444 10687 462
10687 12461 462
12461 18537 462
18537 23811 462
23811 11827 462
2647 12552 463
12552 16698 463
16698 7633 463
7633 9437 463
9437 4509 463
4509 19480 463
19480 17567 463
17567 13549 463
13549 23602 463
23602 21936 463
21936 24098 463
24098 8279 463
8279 19980 463
19980 24132 463
24132 1254 463
1254 25161 463
25161 22046 463
22046 9967 463
9967 22339 463
22339 874 463
874 2299 463
2299 962 463
962 20876 463
20876 21291 463
21291 5640 463
11606 18024 464
18024 12868 464
12868 1056 464
1056 12515 464
12515 22854 464
22854 13535 464
13535 17753 464
17753 2931 464
2931 9430 464
9430 3290 464
3290 13857 464
13857 889 464
889 9330 464
9330 10965 464
10965 23608 464
23608 8156 464
8156 15849 464
15849 21770 464
21770 19118 464
19118 15640 464
15640 15785 464
15785 18892 464
18892 13703 464
13703 25121 464
25121 17168 464
6542 22249 465
22249 5116 465
5116 10026 465
10026 22118 465
22118 16866 465
16866 14713 465
14713 14969 465
14969 5771 465
5771 4594 465
4594 9637 465
9637 18243 465
18243 20909 465
20909 25016 465
25016 9152 465
9152 19760 465
19760 17710 465
17710 16695 465
16695 6173 465
6173 13247 465
13247 21603 465
21603 10690 465
10690 23664 465
23664 16685 465
16685 1307 465
1307 3093 465
21856 24836 466
24836 22391 466
22391 16235 466
16235 15954 466
15954 17255 466
17255 14152 466
14152 1733 466
1733 10312 466
10312 6274 466
6274 10119 466
10119 18752 466
18752 25102 466
25102 25412 466
25412 4491 466
4491 13575 466
13575 22227 466
22227 6984 466
6984 18567 466
18567 9080 466
9080 2129 466
2129 22717 466
22717 11883 466
11883 4588 466
4588 10663 466
10663 20083 466
24797 11792 467
11792 20475 467
20475 7142 467
7142 15425 467
15425 21314 467
21314 20686 467
20686 7689 467
7689 16730 467
16730 18224 467
18224 6831 467
6831 17766 467
17766 12068 467
12068 17073 467
17073 3333 467
3333 20946 467
20946 11110 467
11110 22514 467
22514 1992 467
1992 610 467
610 18468 467
18468 16897 467
16897 11444 467
11444 16535 467
16535 19645 467
19645 5405 467
1301 12021 468
12021 20111 468
20111 24609 468
24609 24859 468
24859 1318 468
1318 18044 468
18044 10725 468
10725 14976 468
14976 1334 468
1334 15467 468
15467 22625 468
22625 23563 468
23563 24056 468
24056 20228 468
20228 22325 468
22325 3982 468
3982 9266 468
9266 11197 468
11197 15259 468
15259 310 468
310 15083 468
15083 6586 468
6586 20921 468
20921 18667 468
18667 11840 468
13439 24176 469
24176 22952 469
22952 19753 469
19753 23788 469
23788 18184 469
18184 18321 469
18321 5486 469
5486 14869 469
14869 827 469
827 20016 469
20016 22303 469
22303 9849 469
9849 1546 469
1546 22680 469
22680 21715 469
21715 4513 469
4513 3140 469
3140 7575 469
7575 18142 469
18142 19051 469
19051 8431 469
8431 25377 469
25377 19420 469
19420 16758 469
16758 24652 469
20341 5625 470
5625 16906 470
16906 6391 470
6391 18627 470
18627 21561 470
21561 5925 470
5925 11683 470
11683 6271 470
6271 15027 470
15027 186 470
186 20988 470
20988 20274 470
20274 21187 470
21187 2940 470
2940 4758 470
4758 15552 470
15552 15474 470
15474 12721 470
12721 14791 470
14791 12900 470
12900 14153 470
14153 25525 470
25525 18439 470
18439 7263 470
7263 17293 470
11695 15466 471
15466 873 471
873 11460 471
11460 5909 471
5909 7890 471
7890 16746 471
16746 5797 471
5797 11145 471
11145 8512 471
8512 7762 471
7762 4124 471
4124 3496 471
3496 22354 471
22354 5696 471
5696 7011 471
7011 16692 471
16692 24067 471
24067 2814 471
2814 5604 471
5604 17578 471
17578 10728 471
10728 11039 471
11039 18271 471
18271 12088 471
12088 16691 471
2513 16137 472
16137 19790 472
19790 2439 472
2439 10625 472
10625 10105 472
10105 13663 472
13663 8603 472
8603 11073 472
11073 2358 472
2358 6458 472
6458 10463 472
10463 24389 472
24389 4498 472
4498 17496 472
17496 24902 472
24902 15896 472
15896 24246 472
24246 5948 472
5948 3276 472
3276 23913 472
23913 6506 472
6506 9693 472
9693 23120 472
23120 21201 472
21201 537 472
12915 10403 473
10403 23846 473
23846 11639 473
11639 11812 473
11812 24816 473
24816 4027 473
4027 10065 473
10065 23581 473
23581 16988 473
16988 18784 473
18784 24625 473
24625 9363 473
9363 24273 473
24273 6974 473
6974 3143 473
3143 17150 473
17150 7693 473
7693 19700 473
19700 4639 473
4639 11358 473
11358 21435 473
21435 8383 473
8383 19618 473
19618 16271 473
16271 11074 473
9005 1965 474
1965 8362 474
8362 4849 474
4849 17594 474
17594 22186 474
22186 23909 474
23909 4984 474
4984 7693 474
7693 7870 474
7870 7313 474
7313 3709 474
3709 3634 474
3634 22049 474
22049 8468 474
8468 15985 474
15985 7524 474
7524 11119 474
11119 14263 474
14263 23404 474
23404 11988 474
11988 21611 474
21611 17375 474
17375 23087 474
23087 25332 474
25332 3819 474
18544 13904 475
13904 5490 475
5490 2084 475
2084 14852 475
14852 19357 475
19357 7662 475
7662 18512 475
18512 17644 475
17644 12525 475
12525 3246 475
3246 2996 475
2996 2234 475
2234 3840 475
3840 800 475
800 25953 475
25953 1210 475
1210 23654 475
23654 6509 475
6509 6176 475
6176 21380 475
21380 9408 475
9408 8845 475
8845 13992 475
13992 2804 475
2804 19881 475
24642 1721 476
1721 20433 476
20433 24217 476
24217 22855 476
22855 14023 476
14023 24991 476
24991 20102 476
20102 7396 476
7396 7763 476
7763 9040 476
9040 12757 476
12757 6928 476
6928 5803 476
5803 11496 476
11496 17526 476
17526 3165 476
3165 15458 476
15458 14479 476
14479 18434 476
18434 8637 476
8637 24212 476
24212 22384 476
22384 2 476
2 20074 476
20074 5942 476
10451 9257 477
9257 6678 477
6678 21927 477
21927 13850 477
13850 12119 477
12119 7358 477
7358 25616 477
25616 21429 477
21429 13132 477
13132 20766 477
20766 10090 477
10090 15157 477
15157 11855 477
11855 10018 477
10018 19374 477
19374 17268 477
17268 25283 477
25283 3289 477
3289 24443 477
24443 7554 477
7554 11783 477
11783 5030 477
5030 2775 477
2775 13020 477
13020 25648 477
5921 3636 478
3636 1000 478
1000 24321 478
24321 2597 478
2597 4463 478
4463 14551 478
14551 5536 478
5536 21030 478
21030 22724 478
22724 14436 478
14436 4989 478
4989 20943 478
20943 24531 478
24531 24345 478
24345 18435 478
18435 3895 478
3895 24441 478
24441 18514 478
18514 13238 478
13238 3649 478
3649 11578 478
11578 14521 478
14521 17029 478
17029 132 478
132 24501 478
25783 1301 479
1301 15237 479
15237 21532 479
21532 11464 479
11464 24794 479
24794 18190 479
18190 18292 479
18292 21621 479
21621 19536 479
19536 22408 479
22408 20297 479
20297 8941 479
8941 24159 479
24159 20977 479
20977 2681 479
2681 25653 479
25653 13549 479
13549 861 479
861 18970 479
18970 14835 479
14835 19642 479
19642 7636 479
7636 7034 479
7034 21493 479
21493 2737 479
3860 18438 480
18438 17034 480
17034 24659 480
24659 16823 480
16823 6559 480
6559 25782 480
25782 6659 480
6659 1802 480
1802 2858 480
2858 6108 480
6108 6931 480
6931 4181 480
4181 5531 480
5531 19327 480
19327 3045 480
3045 13023 480
13023 23487 480
23487 5801 480
5801 13041 480
13041 25593 480
25593 4498 480
4498 6863 480
6863 330 480
330 8713 480
8713 4653 480
11816 22621 481
22621 12568 481
12568 25829 481
25829 19632 481
19632 13623 481
13623 14692 481
14692 15750 481
15750 1128 481
1128 12087 481
12087 16676 481
16676 24476 481
24476 18283 481
18283 10843 481
10843 141 481
141 5955 481
5955 22303 481
22303 19089 481
19089 13931 481
13931 21919 481
21919 4420 481
4420 4075 481
4075 7536 481
7536 13851 481
13851 20652 481
20652 12544 481
20504 2140 482
2140 9159 482
9159 22701 482
22701 1737 482
1737 10247 482
10247 4152 482
4152 21534 482
21534 7626 482
7626 20027 482
20027 4177 482
4177 2556 482
2556 17380 482
17380 7753 482
7753 10209 482
10209 25559 482
25559 14618 482
14618 18486 482
18486 1073 482
1073 5485 482
5485 4941 482
4941 5365 482
5365 9746 482
9746 16571 482
16571 4037 482
4037 15003 482
1379 18860 483
18860 10339 483
10339 17570 483
17570 1927 483
1927 23068 483
23068 21225 483
21225 16378 483
16378 2938 483
2938 3878 483
3878 12029 483
12029 18126 483
18126 19411 483
19411 6360 483
6360 10570 483
10570 14095 483
14095 7612 483
7612 14500 483
14500 15636 483
15636 8418 483
8418 8246 483
8246 22633 483
22633 17438 483
17438 25160 483
25160 1144 483
1144 218 483
5538 23428 484
23428 8292 484
8292 7580 484
7580 274 484
274 7727 484
7727 13617 484
13617 24275 484
24275 3488 484
3488 7185 484
7185 16561 484
16561 5871 484
5871 24957 484
24957 3607 484
3607 19633 484
19633 21010 484
21010 14282 484
14282 24163 484
24163 7043 484
7043 2161 484
2161 22801 484
22801 4870 484
4870 8100 484
8100 9562 484
9562 2290 484
2290 17073 484
7465 23993 485
23993 3384 485
3384 9284 485
9284 22068 485
22068 15559 485
15559 20678 485
20678 210 485
210 13686 485
13686 10512 485
10512 1411 485
1411 6482 485
6482 6447 485
6447 6226 485
6226 24564 485
24564 2531 485
2531 2389 485
2389 2753 485
2753 12685 485
12685 3729 485
3729 3070 485
3070 6658 485
6658 25543 485
25543 11956 485
11956 19639 485
19639 15275 485
11004 18642 486
18642 11536 486
11536 13928 486
13928 11957 486
11957 6004 486
6004 24883 486
24883 12893 486
12893 19358 486
19358 18572 486
18572 11168 486
11168 7566 486
7566 5547 486
5547 16931 486
16931 13582 486
13582 18811 486
18811 4411 486
4411 23835 486
23835 20286 486
20286 22876 486
22876 22586 486
22586 8827 486
8827 22702 486
22702 7630 486
7630 19579 486
19579 18232 486
19198 20744 487
20744 1981 487
1981 22113 487
22113 18135 487
18135 16924 487
16924 22440 487
22440 4616 487
4616 18908 487
18908 7486 487
7486 4831 487
4831 13094 487
13094 20602 487
20602 747 487
747 3258 487
3258 9192 487
9192 9022 487
9022 14227 487
14227 3048 487
3048 9956 487
9956 4303 487
4303 7803 487
7803 24836 487
24836 19803 487
19803 14018 487
14018 10896 487
20195 12407 488
12407 6210 488
6210 20574 488
20574 18544 488
18544 1846 488
1846 11956 488
11956 17022 488
17022 23319 488
23319 21799 488
21799 11231 488
11231 22685 488
22685 16254 488
16254 4791 488
4791 19107 488
19107 17511 488
17511 14241 488
14241 14969 488
14969 9060 488
9060 1217 488
1217 24589 488
24589 2174 488
2174 9498 488
9498 6963 488
6963 25520 488
25520 10105 488
19469 23658 489
23658 20240 489
20240 18866 489
18866 3187 489
3187 7986 489
7986 8424 489
8424 19951 489
19951 11534 489
11534 850 489
850 24051 489
24051 21423 489
21423 7548 489
7548 429 489
429 3797 489
3797 21469 489
21469 7730 489
7730 4013 489
4013 4088 489
4088 14241 489
14241 832 489
832 17946 489
17946 13877 489
13877 19821 489
19821 17311 489
17311 8685 489
12702 8561 490
8561 21539 490
21539 4134 490
4134 3632 490
3632 7550 490
7550 3888 490
3888 22851 490
22851 6875 490
6875 11057 490
11057 12511 490
12511 8276 490
8276 4086 490
4086 13217 490
13217 18151 490
18151 4007 490
4007 18744 490
18744 2116 490
2116 21255 490
21255 11827 490
11827 615 490
615 19437 490
19437 14335 490
14335 22211 490
22211 9088 490
9088 12631 490
23113 10875 491
10875 21772 491
21772 24535 491
24535 2173 491
2173 19013 491
19013 23880 491
23880 18474 491
18474 17631 491
17631 12161 491
12161 12280 491
12280 9904 491
9904 25273 491
25273 22481 491
22481 23808 491
23808 3271 491
3271 14279 491
14279 738 491
738 22893 491
22893 18029 491
18029 6217 491
6217 25728 491
25728 6070 491
6070 17909 491
17909 13480 491
13480 14061 491
5623 8261 492
8261 21525 492
21525 11807 492
11807 176 492
176 16140 492
16140 4539 492
4539 22691 492
22691 9840 492
9840 13118 492
13118 3415 492
3415 24569 492
24569 18285 492
18285 23146 492
23146 8981 492
8981 9397 492
9397 6714 492
6714 3619 492
3619 1222 492
1222 8033 492
8033 2324 492
2324 17197 492
17197 9237 492
9237 700 492
700 6489 492
6489 6558 492
20231 5080 493
5080 2192 493
2192 6478 493
6478 7398 493
7398 9607 493
9607 17418 493
17418 10870 493
10870 21570 493
21570 22479 493
22479 14260 493
14260 11771 493
11771 326 493
326 4674 493
4674 9202 493
9202 12419 493
12419 17062 493
17062 24563 493
24563 18706 493
18706 10959 493
10959 12078 493
12078 23292 493
23292 14701 493
14701 4085 493
4085 8979 493
8979 19293 493
10532 9939 494
9939 19386 494
19386 15541 494
15541 7259 494
7259 11866 494
11866 13195 494
13195 11768 494
11768 8600 494
8600 5735 494
5735 21632 494
21632 12900 494
12900 12969 494
12969 3730 494
3730 25682 494
25682 5373 494
5373 24227 494
24227 4523 494
4523 25864 494
25864 15378 494
15378 11213 494
11213 9811 494
9811 15172 494
15172 14234 494
14234 16827 494
16827 18176 494
24998 2769 495
2769 22025 495
22025 7835 495
7835 25434 495
25434 12320 495
12320 23886 495
23886 21992 495
21992 25039 495
25039 2273 495
2273 262 495
262 15979 495
15979 4974 495
4974 18319 495
18319 24311 495
24311 25416 495
25416 5619 495
5619 16666 495
16666 1698 495
1698 25201 495
25201 24485 495
24485 11020 495
11020 5828 495
5828 24169 495
24169 6833 495
6833 16685 495
2947 2096 496
2096 12436 496
12436 2319 496
2319 20021 496
20021 20524 496
20524 13369 496
13369 6220 496
6220 8707 496
8707 9666 496
9666 6306 496
6306 13485 496
13485 14792 496
14792 1568 496
1568 14778 496
14778 447 496
447 24933 496
24933 22724 496
22724 20954 496
20954 2023 496
2023 11825 496
11825 11970 496
11970 297 496
297 9165 496
9165 12896 496
12896 7696 496
13899 2978 497
2978 10704 497
10704 14542 497
14542 9532 497
9532 17585 497
17585 11358 497
11358 3458 497
3458 9482 497
9482 5565 497
5565 21439 497
21439 4653 497
4653 6365 497
6365 5738 497
5738 1711 497
1711 8950 497
8950 4545 497
4545 1334 497
1334 25972 497
25972 19175 497
19175 16744 497
16744 23217 497
23217 11470 497
11470 6375 497
6375 3529 497
3529 22898 497
25630 22847 498
22847 18577 498
18577 9740 498
9740 8250 498
8250 1382 498
1382 9754 498
9754 5054 498
5054 25888 498
25888 6395 498
6395 2227 498
2227 2849 498
2849 15686 498
15686 12824 498
12824 22879 498
22879 11822 498
11822 2439 498
2439 7310 498
7310 20897 498
20897 14193 498
14193 23808 498
23808 1469 498
1469 12810 498
12810 15514 498
15514 6202 498
6202 8920 498
11101 10587 499
10587 11829 499
11829 18405 499
18405 17768 499
17768 17971 499
17971 23193 499
23193 19239 499
19239 23304 499
23304 7280 499
7280 16113 499
16113 10607 499
10607 6371 499
6371 6220 499
6220 20402 499
20402 20490 499
20490 8566 499
8566 24124 499
24124 10664 499
10664 18830 499
18830 14223 499
14223 7761 499
7761 313 499
313 14795 499
14795 22547 499
22547 25234 499
10537 25365 500
25365 4542 500
4542 4701 500
4701 25131 500
25131 20686 500
20686 20399 500
20399 8278 500
8278 11960 500
11960 13321 500
13321 24835 500
24835 8282 500
8282 5002 500
5002 9100 500
9100 12447 500
12447 23652 500
23652 2979 500
2979 5932 500
5932 10812 500
10812 1495 500
1495 25304 500
25304 19392 500
19392 1798 500
1798 4755 500
4755 18974 500
18974 3464 500
10670 2265 501
2265 18211 501
18211 22584 501
22584 9102 501
9102 7106 501
7106 19164 501
19164 3677 501
3677 7486 501
7486 20579 501
20579 3389 501
3389 15240 501
15240 12962 501
12962 18853 501
18853 16648 501
16648 22879 501
22879 9636 501
9636 12676 501
12676 2336 501
2336 23989 501
23989 2054 501
2054 13387 501
13387 25453 501
25453 10446 501
10446 12681 501
12681 15771 501
25175 13507 502
13507 7064 502
7064 22094 502
22094 15821 502
15821 17133 502
17133 22404 502
22404 4355 502
4355 20109 502
20109 21884 502
21884 15898 502
15898 2554 502
2554 21619 502
21619 8664 502
8664 5157 502
5157 8001 502
8001 8355 502
8355 8208 502
8208 14813 502
14813 20389 502
20389 1506 502
1506 13346 502
13346 20189 502
20189 15325 502
15325 20708 502
20708 20190 502
15799 623 503
623 4281 503
4281 12483 503
12483 22872 503
22872 25380 503
25380 14113 503
14113 7178 503
7178 24463 503
24463 16550 503
16550 3926 503
3926 6340 503
6340 14161 503
14161 1656 503
1656 4970 503
4970 25274 503
25274 16345 503
16345 2367 503
2367 16614 503
16614 18126 503
18126 14117 503
14117 12382 503
12382 11065 503
11065 17977 503
17977 14997 503
14997 16073 503
10083 17318 504
17318 19461 504
19461 7128 504
7128 5640 504
5640 20726 504
20726 8651 504
8651 9245 504
9245 13827 504
13827 9839 504
9839 14954 504
14954 19550 504
19550 8055 504
8055 4698 504
4698 15726 504
15726 15061 504
15061 23731 504
23731 6376 504
6376 2828 504
2828 2623 504
2623 4203 504
4203 1592 504
1592 10242 504
10242 9300 504
9300 8016 504
8016 17256 504
25732 12913 505
12913 24523 505
24523 25210 505
25210 14813 505
14813 4748 505
4748 114 505
114 18291 505
18291 24467 505
24467 11076 505
11076 11797 505
11797 15280 505
15280 10657 505
10657 3401 505
3401 13614 505
13614 15503 505
15503 13661 505
13661 17219 505
17219 8132 505
8132 19421 505
19421 3918 505
3918 17594 505
17594 25758 505
25758 2444 505
2444 8366 505
8366 17765 505
16566 13134 506
13134 4037 506
4037 17052 506
17052 19941 506
19941 7128 506
7128 3059 506
3059 25763 506
25763 18968 506
18968 4204 506
4204 19548 506
19548 6433 506
6433 23987 506
23987 5836 506
5836 22613 506
22613 18165 506
18165 17156 506
17156 17436 506
17436 13550 506
13550 25259 506
25259 3633 506
3633 4184 506
4184 3150 506
3150 17895 506
17895 9609 506
9609 892 506
18648 4030 507
4030 11913 507
11913 17949 507
17949 18653 507
18653 21425 507
21425 22925 507
22925 4443 507
4443 4190 507
4190 18997 507
18997 24451 507
24451 2591 507
2591 16646 507
16646 23306 507
23306 16197 507
16197 5622 507
5622 13267 507
13267 7202 507
7202 292 507
292 10526 507
10526 13489 507
13489 19799 507
19799 1973 507
1973 22964 507
22964 18444 507
18444 11843 507
20615 18093 508
18093 18015 508
18015 8326 508
8326 14905 508
14905 16235 508
16235 10323 508
10323 1605 508
1605 17998 508
17998 4485 508
4485 11292 508
11292 23047 508
23047 17988 508
17988 25111 508
25111 11982 508
11982 19343 508
19343 19265 508
19265 24469 508
24469 15976 508
15976 12077 508
12077 21151 508
21151 20417 508
20417 2539 508
2539 19607 508
19607 5677 508
5677 18272 508
9730 14632 509
14632 13892 509
13892 8390 509
8390 10596 509
10596 22430 509
22430 5304 509
5304 6946 509
6946 15411 509
15411 23583 509
23583 5403 509
5403 2652 509
2652 20269 509
20269 23417 509
23417 22934 509
22934 16815 509
16815 11012 509
11012 938 509
938 17256 509
17256 24227 509
24227 25100 509
25100 14584 509
14584 20598 509
20598 20337 509
20337 3288 509
3288 7094 509
1634 15117 510
15117 22794 510
22794 19087 510
19087 8739 510
8739 16423 510
16423 10672 510
10672 22241 510
22241 17243 510
17243 9760 510
9760 9698 510
9698 2047 510
2047 5974 510
5974 22075 510
22075 24851 510
24851 6736 510
6736 12415 510
12415 23802 510
23802 13597 510
13597 16451 510
16451 25171 510
25171 18025 510
18025 23075 510
23075 21238 510
21238 3128 510
3128 9336 510
1042 22125 511
22125 18399 511
18399 17249 511
17249 23807 511
23807 25215 511
25215 5297 511
5297 9291 511
9291 262 511
262 3459 511
3459 1899 511
1899 25786 511
25786 15285 511
15285 11571 511
11571 12953 511
12953 2471 511
2471 3439 511
3439 20056 511
20056 9932 511
9932 2498 511
2498 19419 511
19419 6340 511
6340 11175 511
11175 17989 511
17989 5584 511
5584 12070 511
9957 6527 512
6527 25691 512
25691 5115 512
5115 18586 512
18586 1545 512
1545 20255 512
20255 19259 512
19259 18435 512
18435 4205 512
4205 14898 512
14898 21819 512
21819 20518 512
20518 22930 512
22930 19203 512
19203 9865 512
9865 21486 512
21486 9197 512
9197 1432 512
1432 20107 512
20107 17191 512
17191 520 512
520 16658 512
16658 1850 512
1850 11347 512
11347 25496 512
5292 24967 513
24967 469 513
469 10099 513
10099 14350 513
14350 14754 513
14754 6119 513
6119 16304 513
16304 4088 513
4088 21578 513
21578 4854 513
4854 6788 513
6788 16208 513
16208 22356 513
22356 11851 513
11851 682 513
682 6053 513
6053 3020 513
3020 24557 513
24557 23708 513
23708 15074 513
15074 3984 513
3984 7444 513
7444 19763 513
19763 478 513
478 21925 513
2230 5832 514
5832 11754 514
11754 7690 514
7690 18914 514
18914 10572 514
10572 15039 514
15039 24353 514
24353 8120 514
8120 17024 514
17024 19267 514
19267 7154 514
7154 5591 514
5591 8564 514
8564 19929 514
19929 6372 514
6372 5507 514
5507 6207 514
6207 193 514
193 14639 514
14639 18434 514
18434 22351 514
22351 16030 514
16030 11429 514
11429 15255 514
15255 15957 514
19438 3169 515
3169 12002 515
12002 13352 515
13352 5167 515
5167 432 515
432 1041 515
1041 15990 515
15990 8246 515
8246 20156 515
20156 608 515
608 14065 515
14065 16640 515
16640 24283 515
24283 4314 515
4314 5122 515
5122 9832 515
9832 23421 515
23421 15890 515
15890 19257 515
19257 22665 515
22665 8514 515
8514 17440 515
17440 24376 515
24376 4664 515
4664 23524 515
11082 25509 516
25509 18353 516
18353 19632 516
19632 5860 516
5860 19488 516
19488 13933 516
13933 8091 516
8091 19111 516
19111 2341 516
2341 2842 516
2842 18749 516
18749 10554 516
10554 3182 516
3182 19440 516
19440 14197 516
14197 17991 516
17991 867 516
867 7274 516
7274 18589 516
18589 18583 516
18583 11452 516
11452 11652 516
11652 3756 516
3756 8158 516
8158 22469 516
17795 4655 517
4655 18913 517
18913 12421 517
12421 14605 517
14605 9189 517
9189 15442 517
15442 4992 517
4992 18193 517
18193 7339 517
7339 1797 517
1797 16690 517
16690 22344 517
22344 24303 517
24303 5373 517
5373 1858 517
1858 3792 517
3792 10581 517
10581 16882 517
16882 12680 517
12680 16301 517
16301 8282 517
8282 4189 517
4189 14063 517
14063 1292 517
1292 10549 517
5536 7400 518
7400 21929 518
21929 1110 518
1110 20096 518
20096 15531 518
15531 22311 518
22311 20344 518
20344 7324 518
7324 8809 518
8809 17975 518
17975 4186 518
4186 3127 518
3127 7898 518
7898 11843 518
11843 15360 518
15360 8826 518
8826 9017 518
9017 23920 518
23920 25844 518
25844 25620 518
25620 7316 518
7316 18825 518
18825 12197 518
12197 12446 518
12446 9310 518
5870 8607 519
8607 25589 519
25589 23988 519
23988 2845 519
2845 18059 519
18059 16725 519
16725 11191 519
11191 8964 519
8964 12520 519
12520 13394 519
13394 10528 519
10528 8423 519
8423 936 519
936 9122 519
9122 24239 519
24239 2401 519
2401 3896 519
3896 931 519
931 11217 519
11217 20721 519
20721 17591 519
17591 5097 519
5097 12343 519
12343 1759 519
1759 25148 519
25016 13445 520
13445 6092 520
6092 24870 520
24870 1579 520
1579 12603 520
12603 1809 520
1809 8892 520
8892 6663 520
6663 23897 520
23897 17675 520
17675 17569 520
17569 4435 520
4435 9097 520
9097 214 520
214 5144 520
5144 1871 520
1871 7500 520
7500 4977 520
4977 437 520
437 17703 520
17703 7768 520
7768 4912 520
4912 10831 520
10831 20865 520
20865 25750 520
19198 2367 521
2367 2693 521
2693 14319 521
14319 11925 521
11925 22876 521
22876 10399 521
10399 5601 521
5601 16224 521
16224 24221 521
24221 22276 521
22276 11989 521
11989 19324 521
19324 1544 521
1544 6730 521
6730 9968 521
9968 21937 521
21937 6865 521
6865 35 521
35 24694 521
24694 10867 521
10867 1617 521
1617 12376 521
12376 20240 521
20240 17327 521
17327 9279 521
22522 22947 522
22947 10857 522
10857 10581 522
10581 16612 522
16612 25779 522
25779 20332 522
20332 1792 522
1792 15280 522
15280 17213 522
17213 10816 522
10816 12617 522
12617 10171 522
10171 18230 522
18230 1961 522
1961 15421 522
15421 11085 522
11085 6308 522
6308 25321 522
25321 3694 522
3694 14380 522
14380 8804 522
8804 2092 522
2092 8489 522
8489 23493 522
23493 9260 522
20156 20023 523
20023 585 523
585 24804 523
24804 618 523
618 10538 523
10538 25351 523
25351 18627 523
18627 21106 523
21106 9326 523
9326 14967 523
14967 7802 523
7802 805 523
805 7562 523
7562 8233 523
8233 11037 523
11037 19687 523
19687 9551 523
9551 5410 523
5410 16945 523
16945 6357 523
6357 16764 523
16764 23137 523
23137 7882 523
7882 19815 523
19815 18531 523
6862 23667 524
23667 425 524
425 17217 524
17217 5479 524
5479 19031 524
19031 8131 524
8131 25241 524
25241 5928 524
5928 12625 524
12625 13334 524
13334 12145 524
12145 25766 524
25766 13569 524
13569 6400 524
6400 20165 524
20165 4532 524
4532 18983 524
18983 14369 524
14369 15868 524
15868 12933 524
12933 2186 524
2186 1217 524
1217 1301 524
1301 11213 524
11213 6972 524
7429 4391 525
4391 20208 525
20208 17023 525
17023 3684 525
3684 21690 525
21690 21494 525
21494 26000 525
26000 19015 525
19015 8687 525
8687 6673 525
6673 17201 525
17201 19544 525
19544 10603 525
10603 7515 525
7515 13302 525
13302 17372 525
17372 2206 525
2206 12009 525
12009 24501 525
24501 10032 525
10032 9757 525
9757 3583 525
3583 6900 525
6900 22594 525
22594 14681 525
2638 14494 526
14494 16018 526
16018 25593 526
25593 15050 526
15050 5633 526
5633 3119 526
3119 21141 526
21141 24116 526
24116 21888 526
21888 22533 526
22533 762 526
762 3011 526
3011 6865 526
6865 15084 526
15084 3795 526
3795 7600 526
7600 11369 526
11369 22128 526
22128 25655 526
25655 24256 526
24256 20144 526
20144 18182 526
18182 14328 526
14328 4609 526
4609 10996 526
24206 14578 527
14578 22111 527
22111 7625 527
7625 14237 527
14237 8224 527
8224 6297 527
6297 16351 527
16351 7275 527
7275 6099 527
6099 21416 527
21416 15413 527
15413 13722 527
13722 7731 527
7731 6460 527
6460 15817 527
15817 6697 527
6697 13460 527
13460 11626 527
11626 8974 527
8974 240 527
240 3283 527
3283 1145 527
1145 16873 527
16873 13469 527
13469 15944 527
6458 17023 528
17023 17969 528
17969 263 528
263 25155 528
25155 21192 528
21192 10402 528
10402 9726 528
9726 17257 528
17257 4407 528
4407 12561 528
12561 3772 528
3772 22806 528
22806 19689 528
19689 2227 528
2227 19513 528
19513 3956 528
3956 19775 528
19775 15171 528
15171 16694 528
16694 14324 528
14324 18932 528
18932 21362 528
21362 11399 528
11399 574 528
574 3138 528
22540 10327 529
10327 16912 529
16912 25369 529
25369 6199 529
6199 457 529
457 18908 529
18908 25514 529
25514 11255 529
11255 19933 529
19933 18349 529
18349 10517 529
10517 12348 529
12348 25662 529
25662 19325 529
19325 24812 529
24812 22913 529
22913 9943 529
9943 25578 529
25578 9078 529
9078 6053 529
6053 6471 529
6471 21582 529
21582 13756 529
13756 14245 529
14245 20620 529
9157 4918 530
4918 21520 530
21520 17395 530
17395 5640 530
5640 21588 530
21588 4325 530
4325 1091 530
1091 16090 530
16090 13742 530
13742 21157 530
21157 267 530
267 13112 530
13112 1397 530
1397 7248 530
7248 13267 530
13267 15125 530
15125 22462 530
22462 3293 530
3293 21793 530
21793 6157 530
6157 10281 530
10281 15671 530
15671 13142 530
13142 4135 530
4135 4755 530
2579 2179 531
2179 25701 531
25701 3409 531
3409 25834 531
25834 19485 531
19485 21495 531
21495 9346 531
9346 11587 531
11587 2901 531
2901 15404 531
15404 18183 531
18183 20660 531
20660 20546 531
20546 22081 531
22081 6072 531
6072 23710 531
23710 2968 531
2968 25354 531
25354 23146 531
23146 22047 531
22047 21469 531
21469 22714 531
22714 24407 531
24407 4173 531
4173 7979 531
22532 508 532
508 7740 532
7740 16095 532
16095 22157 532
22157 13200 532
13200 18308 532
18308 1806 532
1806 11968 532
11968 25028 532
25028 5937 532
5937 20150 532
20150 17118 532
17118 681 532
681 15386 532
15386 13711 532
13711 12487 532
12487 745 532
745 6993 532
6993 19543 532
19543 8763 532
8763 19117 532
19117 6958 532
6958 1332 532
1332 3496 532
3496 24907 532
23074 15109 533
15109 1689 533
1689 6402 533
6402 17921 533
17921 20864 533
20864 9713 533
9713 15900 533
15900 16111 533
16111 669 533
669 21018 533
21018 5561 533
5561 18457 533
18457 15667 533
15667 486 533
486 15761 533
15761 24282 533
24282 15974 533
15974 23260 533
23260 716 533
716 4153 533
4153 14073 533
14073 10535 533
10535 21882 533
21882 6702 533
6702 9063 533
16735 4400 534
4400 10056 534
10056 7542 534
7542 21087 534
21087 10116 534
10116 18284 534
18284 13582 534
13582 6064 534
6064 21453 534
21453 7766 534
7766 23850 534
23850 11990 534
11990 24442 534
24442 23801 534
23801 18317 534
18317 4118 534
4118 23885 534
23885 6468 534
6468 13102 534
13102 4467 534
4467 12121 534
12121 8002 534
8002 19154 534
19154 24303 534
24303 2734 534
8823 12688 535
12688 225 535
225 2228 535
2228 6736 535
6736 22968 535
22968 11301 535
11301 17018 535
17018 8972 535
8972 9292 535
9292 17462 535
17462 21708 535
21708 20052 535
20052 9621 535
9621 8453 535
8453 7673 535
7673 38 535
38 11019 535
11019 2667 535
2667 5528 535
5528 7478 535
7478 21938 535
21938 4946 535
4946 9123 535
9123 5326 535
5326 22407 535
10957 13063 536
13063 13420 536
13420 25874 536
25874 6049 536
6049 24298 536
24298 6241 536
6241 20688 536
20688 15725 536
15725 17717 536
17717 15926 536
15926 7125 536
7125 646 536
646 10071 536
10071 2382 536
2382 9568 536
9568 22133 536
22133 18638 536
18638 23722 536
23722 9787 536
9787 101 536
101 3171 536
3171 25685 536
25685 24600 536
24600 15771 536
15771 2541 536
12995 11829 537
11829 23259 537
23259 23661 537
23661 24133 537
24133 23607 537
23607 18680 537
18680 8663 537
8663 7965 537
7965 9644 537
9644 21958 537
21958 23200 537
23200 22759 537
22759 25569 537
25569 19066 537
19066 9462 537
9462 1069 537
1069 9970 537
9970 23539 537
23539 24084 537
24084 17510 537
17510 7474 537
7474 17192 537
17192 22047 537
22047 851 537
851 2485 537
15094 19361 538
19361 10943 538
10943 20885 538
20885 24659 538
24659 296 538
296 6253 538
6253 1890 538
1890 22759 538
22759 7955 538
7955 603 538
603 12081 538
12081 13927 538
13927 23985 538
23985 19599 538
19599 658 538
658 6446 538
6446 10193 538
10193 504 538
504 22539 538
22539 18528 538
18528 2979 538
2979 9355 538
9355 11724 538
11724 8711 538
8711 16192 538
13238 22224 539
22224 17250 539
17250 20643 539
20643 6582 539
6582 14043 539
14043 3593 539
3593 15179 539
15179 19289 539
19289 23406 539
23406 5934 539
5934 5164 539
5164 12238 539
12238 2001 539
2001 13727 539
13727 17595 539
17595 8287 539
8287 8827 539
8827 6243 539
6243 25318 539
25318 1788 539
1788 12543 539
12543 17029 539
17029 6345 539
6345 13729 539
13729 23265 539
7137 2363 540
2363 6548 540
6548 24661 540
24661 16833 540
16833 11892 540
11892 7749 540
7749 24297 540
24297 981 540
981 18334 540
18334 15061 540
15061 14261 540
14261 3054 540
3054 21494 540
21494 3033 540
3033 5372 540
5372 21647 540
21647 9455 540
9455 21335 540
21335 22197 540
22197 4421 540
4421 10507 540
10507 15487 540
15487 25616 540
25616 5004 540
5004 14148 540
9204 13410 541
13410 15898 541
15898 13171 541
13171 3711 541
3711 25566 541
25566 13338 541
13338 9504 541
9504 11296 541
11296 17313 541
17313 16011 541
16011 23719 541
23719 3071 541
3071 16588 541
16588 3644 541
3644 12435 541
12435 23585 541
23585 454 541
454 24528 541
24528 23581 541
23581 24231 541
24231 25716 541
25716 13640 541
13640 22812 541
22812 12468 541
12468 18946 541
19292 25572 542
25572 20345 542
20345 23704 542
23704 11033 542
11033 572 542
572 79 542
79 19418 542
19418 19534 542
19534 18125 542
18125 18657 542
18657 5320 542
5320 17748 542
17748 13066 542
13066 14129 542
14129 9189 542
9189 20903 542
20903 14104 542
14104 21739 542
21739 15610 542
15610 21377 542
21377 11471 542
11471 12439 542
12439 7548 542
7548 22612 542
22612 25731 542
9376 12510 543
12510 16126 543
16126 2264 543
2264 16829 543
16829 249 543
249 229 543
229 19474 543
19474 13048 543
13048 7238 543
7238 12110 543
12110 3128 543
3128 22749 543
22749 13355 543
13355 14610 543
14610 17264 543
17264 18751 543
18751 22218 543
22218 6790 543
6790 6611 543
6611 22255 543
22255 3382 543
3382 17281 543
17281 9016 543
9016 24259 543
24259 25879 543
17215 21372 544
21372 25345 544
25345 12119 544
12119 12942 544
12942 20361 544
20361 21626 544
21626 3360 544
3360 22580 544
22580 17817 544
17817 14402 544
14402 10748 544
10748 19552 544
19552 19521 544
19521 8219 544
8219 24963 544
24963 17471 544
17471 4759 544
4759 23658 544
23658 12803 544
12803 18239 544
18239 23446 544
23446 4097 544
4097 25781 544
25781 9279 544
9279 13138 544
12938 20793 545
20793 2873 545
2873 15172 545
15172 21781 545
21781 833 545
833 22901 545
22901 510 545
510 10908 545
10908 12994 545
12994 3288 545
3288 15199 545
15199 686 545
686 16596 545
16596 762 545
762 5595 545
5595 4001 545
4001 22155 545
22155 8535 545
8535 23004 545
23004 14215 545
14215 1359 545
1359 15905 545
15905 25813 545
25813 23204 545
23204 2785 545
13160 22482 546
22482 22315 546
22315 4248 546
4248 9290 546
9290 15054 546
15054 11673 546
11673 3193 546
3193 15641 546
15641 12685 546
12685 5254 546
5254 8545 546
8545 21857 546
21857 3424 546
3424 11687 546
11687 1643 546
1643 7246 546
7246 18234 546
18234 8060 546
8060 25157 546
25157 15590 546
15590 25105 546
25105 19999 546
19999 18946 546
18946 13299 546
13299 25002 546
11288 11669 547
11669 15330 547
15330 7877 547
7877 5317 547
5317 709 547
709 4319 547
4319 10279 547
10279 4113 547
4113 9876 547
9876 15153 547
15153 5568 547
5568 752 547
752 12837 547
12837 25661 547
25661 6349 547
6349 24192 547
24192 21296 547
21296 4465 547
4465 10771 547
10771 25900 547
25900 17852 547
17852 12990 547
12990 6312 547
6312 9521 547
9521 8925 547
10829 1075 548
1075 19454 548
19454 21618 548
21618 14159 548
14159 5691 548
5691 4149 548
4149 6896 548
6896 13750 548
13750 1210 548
1210 9462 548
9462 22954 548
22954 24823 548
24823 21777 548
21777 3624 548
3624 7209 548
7209 9729 548
9729 22254 548
22254 1894 548
1894 22516 548
22516 4188 548
4188 7895 548
7895 7324 548
7324 2291 548
2291 19656 548
19656 1018 548
15435 3567 549
3567 15357 549
15357 23302 549
23302 17162 549
17162 493 549
493 4749 549
4749 12873 549
12873 18400 549
18400 11720 549
11720 12631 549
12631 9967 549
9967 5549 549
5549 15792 549
15792 7930 549
7930 25308 549
25308 1167 549
1167 10349 549
10349 20281 549
20281 2316 549
2316 21478 549
21478 3281 549
3281 12494 549
12494 8272 549
8272 5370 549
5370 13835 549
7242 11787 550
11787 25839 550
25839 12525 550
12525 24690 550
24690 22971 550
22971 23439 550
23439 20532 550
20532 9897 550
9897 412 550
412 16031 550
16031 23042 550
23042 21654 550
21654 4093 550
4093 6961 550
6961 3525 550
3525 24400 550
24400 9946 550
9946 16458 550
16458 21826 550
21826 23139 550
23139 25126 550
25126 20346 550
20346 11792 550
11792 7155 550
7155 10471 550
18433 1516 551
1516 4942 551
4942 18095 551
18095 9407 551
9407 19656 551
19656 17422 551
17422 19838 551
19838 13900 551
13900 12877 551
12877 18817 551
18817 21118 551
21118 12475 551
12475 15235 551
15235 25489 551
25489 13976 551
13976 17130 551
17130 20265 551
20265 24856 551
24856 11636 551
11636 3183 551
3183 2090 551
2090 15963 551
15963 14705 551
14705 3748 551
3748 6101 551
18678 4316 552
4316 23524 552
23524 15328 552
15328 6307 552
6307 5064 552
5064 4214 552
4214 20900 552
20900 5647 552
5647 17088 552
17088 16895 552
16895 24898 552
24898 23561 552
23561 10008 552
10008 5725 552
5725 23876 552
23876 12134 552
12134 16066 552
16066 19383 552
19383 15613 552
15613 8654 552
8654 16853 552
16853 1194 552
1194 18194 552
18194 15619 552
15619 1060 552
18383 1730 553
1730 5449 553
5449 16386 553
16386 19242 553
19242 4626 553
4626 21774 553
21774 12774 553
12774 14588 553
14588 9456 553
9456 7661 553
7661 15594 553
15594 7028 553
7028 8325 553
8325 6997 553
6997 14320 553
14320 15730 553
15730 21662 553
21662 23455 553
23455 986 553
986 16345 553
16345 14794 553
14794 17431 553
17431 11579 553
11579 19931 553
19931 20821 553
15409 9686 554
9686 20375 554
20375 17442 554
17442 23943 554
23943 22112 554
22112 6232 554
6232 958 554
958 21061 554
21061 3617 554
3617 3864 554
3864 3257 554
3257 22392 554
22392 23039 554
23039 4768 554
4768 19033 554
19033 462 554
462 6496 554
6496 17800 554
17800 2720 554
2720 7842 554
7842 16978 554
16978 12601 554
12601 7594 554
7594 7899 554
7899 8361 554
2239 2485 555
2485 3394 555
3394 3405 555
3405 11216 555
11216 510 555
510 6428 555
6428 20130 555
20130 3177 555
3177 4330 555
4330 3455 555
3455 22654 555
22654 9682 555
9682 23613 555
23613 4195 555
4195 15858 555
15858 7980 555
7980 8188 555
8188 22604 555
22604 13171 555
13171 21009 555
21009 18821 555
18821 6868 555
6868 9248 555
9248 6180 555
6180 9423 555
12997 462 556
462 11447 556
11447 1045 556
1045 14018 556
14018 25838 556
25838 138 556
138 13079 556
13079 12201 556
12201 22535 556
22535 15454 556
15454 2134 556
2134 23340 556
23340 8112 556
8112 23160 556
23160 5947 556
5947 6632 556
6632 20649 556
20649 5409 556
5409 23360 556
23360 23378 556
23378 10976 556
10976 15833 556
15833 11622 556
11622 18701 556
18701 3401 556
3267 4427 557
4427 4958 557
4958 12612 557
12612 18342 557
18342 25279 557
25279 6891 557
6891 4250 557
4250 5122 557
5122 5407 557
5407 2201 557
2201 19310 557
19310 290 557
290 1710 557
1710 16970 557
16970 18599 557
18599 13160 557
13160 17608 557
17608 11241 557
11241 11078 557
11078 20881 557
20881 19011 557
19011 15486 557
15486 11720 557
11720 6656 557
6656 6634 557
10898 9781 558
9781 8402 558
8402 20586 558
20586 15790 558
15790 21285 558
21285 19204 558
19204 13035 558
13035 25155 558
25155 2072 558
2072 7411 558
7411 5198 558
5198 25024 558
25024 5718 558
5718 1325 558
1325 2328 558
2328 3690 558
3690 23398 558
23398 16782 558
16782 5941 558
5941 18357 558
18357 11280 558
11280 7496 558
7496 14547 558
14547 23012 558
23012 2362 558
11643 10101 559
10101 21566 559
21566 11075 559
11075 3383 559
3383 866 559
866 8838 559
8838 15208 559
15208 3609 559
3609 21864 559
21864 7056 559
7056 22748 559
22748 5831 559
5831 16097 559
16097 22759 559
22759 24948 559
24948 18694 559
18694 8438 559
8438 20241 559
20241 19302 559
19302 11689 559
11689 21003 559
21003 10074 559
10074 8377 559
8377 16533 559
16533 20211 559
18000 2243 560
2243 13453 560
13453 11929 560
11929 12653 560
12653 2200 560
2200 5777 560
5777 16604 560
16604 15743 560
15743 14204 560
14204 10300 560
10300 24213 560
24213 8970 560
8970 22543 560
22543 6286 560
6286 11119 560
11119 2850 560
2850 23105 560
23105 10156 560
10156 22942 560
22942 23985 560
23985 21773 560
21773 16601 560
16601 10610 560
10610 15316 560
15316 13024 560
19101 19509 561
19509 24659 561
24659 6956 561
6956 14373 561
14373 25754 561
25754 9967 561
9967 21862 561
21862 10074 561
10074 423 561
423 1143 561
1143 1250 561
1250 3339 561
3339 10617 561
10617 9403 561
9403 21031 561
21031 2649 561
2649 20593 561
20593 629 561
629 22692 561
22692 17008 561
17008 3884 561
3884 499 561
499 5470 561
5470 23500 561
23500 22018 561
13417 11810 562
11810 7333 562
7333 22514 562
22514 19072 562
19072 11757 562
11757 9154 562
9154 7757 562
7757 25015 562
25015 13798 562
13798 4543 562
4543 8634 562
8634 6493 562
6493 25732 562
25732 17006 562
17006 4786 562
4786 14886 562
14886 22191 562
22191 4098 562
4098 629 562
629 8862 562
8862 10721 562
10721 1139 562
1139 7709 562
7709 13878 562
13878 18718 562
5539 17971 563
17971 6072 563
6072 23253 563
23253 14215 563
14215 14224 563
14224 18710 563
18710 4301 563
4301 16438 563
16438 20270 563
20270 13040 563
13040 15867 563
15867 14492 563
14492 4726 563
4726 25716 563
25716 13034 563
13034 9097 563
9097 18251 563
18251 13953 563
13953 17173 563
17173 25070 563
25070 4229 563
4229 8113 563
8113 11397 563
11397 16166 563
16166 9476 563
24515 16500 564
16500 7439 564
7439 434 564
434 21288 564
21288 16706 564
16706 12988 564
12988 2773 564
2773 19903 564
19903 8089 564
8089 12980 564
12980 8010 564
8010 14237 564
14237 24413 564
24413 24279 564
24279 7301 564
7301 1751 564
1751 2115 564
2115 19339 564
19339 19867 564
19867 22885 564
22885 19757 564
19757 25059 564
25059 8489 564
8489 2225 564
2225 12021 564
5025 18287 565
18287 9963 565
9963 22989 565
22989 8833 565
8833 12909 565
12909 11558 565
11558 19664 565
19664 6217 565
6217 10273 565
10273 9061 565
9061 6694 565
6694 20581 565
20581 13086 565
13086 17096 565
17096 6848 565
6848 14152 565
14152 18363 565
18363 21640 565
21640 11530 565
11530 13030 565
13030 10564 565
10564 22921 565
22921 25508 565
25508 14430 565
14430 9223 565
10892 18045 566
18045 4652 566
4652 15637 566
15637 17626 566
17626 21795 566
21795 25317 566
25317 10631 566
10631 9341 566
9341 24280 566
24280 15724 566
15724 17893 566
17893 2877 566
2877 3648 566
3648 3220 566
3220 15674 566
15674 8392 566
8392 4906 566
4906 15319 566
15319 21273 566
21273 5173 566
5173 25380 566
25380 867 566
867 12594 566
12594 25619 566
25619 17768 566
18311 4508 567
4508 13453 567
13453 548 567
548 23038 567
23038 20703 567
20703 12123 567
12123 304 567
304 17458 567
17458 12024 567
12024 1399 567
1399 22611 567
22611 715 567
715 4271 567
4271 1183 567
1183 21538 567
21538 20429 567
20429 1517 567
1517 17884 567
17884 9165 567
9165 20787 567
20787 24681 567
24681 7804 567
7804 8205 567
8205 24119 567
24119 25075 567
1374 7298 568
7298 24589 568
24589 15056 568
15056 965 568
965 21637 568
21637 9308 568
9308 10144 568
10144 16730 568
16730 4123 568
4123 22735 568
22735 3398 568
3398 20594 568
20594 11510 568
11510 23410 568
23410 2618 568
2618 6430 568
6430 24396 568
24396 14445 568
14445 14383 568
14383 13382 568
13382 22679 568
22679 14397 568
14397 17984 568
17984 11018 568
11018 12659 568
16110 14641 569
14641 10099 569
10099 4146 569
4146 6281 569
6281 22825 569
22825 20617 569
20617 12438 569
12438 20890 569
20890 9743 569
9743 14475 569
14475 5565 569
5565 21775 569
21775 23223 569
23223 932 569
932 20395 569
20395 773 569
773 24039 569
24039 19856 569
19856 18347 569
18347 24103 569
24103 11259 569
11259 18858 569
18858 23600 569
23600 20600 569
20600 18036 569
15022 16752 570
16752 1730 570
1730 16564 570
16564 19513 570
19513 20123 570
20123 21489 570
21489 7473 570
7473 15720 570
15720 12879 570
12879 22436 570
22436 15596 570
15596 13718 570
13718 10151 570
10151 6585 570
6585 20978 570
20978 606 570
606 16503 570
16503 8902 570
8902 21789 570
21789 13184 570
13184 2888 570
2888 25108 570
25108 10144 570
10144 16056 570
16056 17834 570
19065 21244 571
21244 19332 571
19332 17637 571
17637 15129 571
15129 7751 571
7751 14157 571
14157 9059 571
9059 13652 571
13652 6147 571
6147 947 571
947 21938 571
21938 17772 571
17772 6033 571
6033 25163 571
25163 13484 571
13484 1215 571
1215 15321 571
15321 8071 571
8071 12967 571
12967 7174 571
7174 475 571
475 23225 571
23225 24403 571
24403 5808 571
5808 11322 571
2371 3316 572
3316 1420 572
1420 15260 572
15260 11407 572
11407 1686 572
1686 15906 572
15906 22138 572
22138 11094 572
11094 23110 572
23110 5236 572
5236 12888 572
12888 20629 572
20629 15261 572
15261 6805 572
6805 10876 572
10876 5220 572
5220 22083 572
22083 9647 572
9647 4938 572
4938 6755 572
6755 21514 572
21514 17776 572
17776 19571 572
19571 25208 572
25208 19508 572
12845 18316 573
18316 20733 573
20733 1374 573
1374 22328 573
22328 19400 573
19400 1260 573
1260 24073 573
24073 21773 573
21773 24038 573
24038 8627 573
8627 926 573
926 9075 573
9075 22589 573
22589 7903 573
7903 23815 573
23815 22373 573
22373 12754 573
12754 20706 573
20706 23535 573
23535 21582 573
21582 15454 573
15454 13379 573
13379 11072 573
11072 21369 573
21369 20237 573
19344 22737 574
22737 21540 574
21540 20334 574
20334 277 574
277 4360 574
4360 7692 574
7692 5135 574
5135 9285 574
9285 8049 574
8049 1276 574
1276 18758 574
18758 11032 574
11032 20641 574
20641 15831 574
15831 1889 574
1889 20634 574
20634 21103 574
21103 2475 574
2475 24970 574
24970 25876 574
25876 7640 574
7640 10062 574
10062 24548 574
24548 1632 574
1632 18642 574
4786 6177 575
6177 23790 575
23790 8240 575
8240 2810 575
2810 21108 575
21108 15240 575
15240 12928 575
12928 13084 575
13084 23534 575
23534 22539 575
22539 5378 575
5378 3309 575
3309 744 575
744 17893 575
17893 16275 575
16275 8566 575
8566 18802 575
18802 13697 575
13697 8616 575
8616 16651 575
16651 1713 575
1713 21800 575
21800 5488 575
5488 14958 575
14958 613 575
6189 22002 576
22002 17463 576
17463 24933 576
24933 25869 576
25869 22699 576
22699 18720 576
18720 1441 576
1441 2674 576
2674 22261 576
22261 5263 576
5263 12566 576
12566 11987 576
11987 19434 576
19434 813 576
813 21266 576
21266 6822 576
6822 6569 576
6569 4544 576
4544 23982 576
23982 9139 576
9139 24728 576
24728 4651 576
4651 13490 576
13490 8507 576
8507 8907 576
8815 10676 577
10676 17165 577
17165 24957 577
24957 21854 577
21854 19164 577
19164 22593 577
22593 19058 577
19058 6110 577
6110 5182 577
5182 16414 577
16414 25738 577
25738 15454 577
15454 8756 577
8756 2452 577
2452 11553 577
11553 16926 577
16926 4343 577
4343 25933 577
25933 21507 577
21507 16816 577
16816 20426 577
20426 9497 577
9497 8469 577
8469 20639 577
20639 4336 577
7056 13038 578
13038 5096 578
5096 18245 578
18245 23748 578
23748 6077 578
6077 4729 578
4729 5943 578
5943 10596 578
10596 5912 578
5912 3971 578
3971 24731 578
24731 7624 578
7624 6398 578
6398 10732 578
10732 24694 578
24694 13314 578
13314 24079 578
24079 22540 578
22540 9880 578
9880 18311 578
18311 19572 578
19572 9656 578
9656 16266 578
16266 10374 578
10374 13942 578
6996 1908 579
1908 2090 579
2090 20310 579
20310 7543 579
7543 18304 579
18304 20635 579
20635 23888 579
23888 25183 579
25183 8320 579
8320 16628 579
16628 12462 579
12462 7896 579
7896 16172 579
16172 3627 579
3627 24026 579
24026 19581 579
19581 807 579
807 23064 579
23064 11792 579
11792 15266 579
15266 15042 579
15042 19530 579
19530 7043 579
7043 7197 579
7197 25421 579
8724 14354 580
14354 7809 580
7809 20802 580
20802 12024 580
12024 19855 580
19855 20453 580
20453 20659 580
20659 7230 580
7230 25609 580
25609 24844 580
24844 29 580
29 15992 580
15992 14952 580
14952 2054 580
2054 17232 580
17232 10371 580
10371 18166 580
18166 2083 580
2083 12337 580
12337 14491 580
14491 13707 580
13707 1728 580
1728 16502 580
16502 18439 580
18439 1731 580
21310 18840 581
18840 24543 581
24543 5654 581
5654 14929 581
14929 2442 581
2442 9479 581
9479 18193 581
18193 17637 581
17637 8356 581
8356 5271 581
5271 20323 581
20323 5744 581
5744 10770 581
10770 14116 581
14116 3618 581
3618 1791 581
1791 23806 581
23806 1900 581
1900 12166 581
12166 9187 581
9187 21938 581
21938 23593 581
23593 14562 581
14562 6476 581
6476 21377 581
12799 12571 582
12571 1992 582
1992 8194 582
8194 13826 582
13826 5176 582
5176 1978 582
1978 15349 582
15349 12706 582
12706 25740 582
25740 6902 582
6902 18595 582
18595 24195 582
24195 10537 582
10537 18709 582
18709 10948 582
10948 5855 582
5855 11766 582
11766 18355 582
18355 22207 582
22207 9525 582
9525 18120 582
18120 15409 582
15409 19289 582
19289 6956 582
6956 21581 582
3984 20028 583
20028 9250 583
9250 19853 583
19853 7194 583
7194 1413 583
1413 4982 583
4982 10654 583
10654 20994 583
20994 21880 583
21880 5638 583
5638 15916 583
15916 15979 583
15979 23829 583
23829 13269 583
13269 321 583
321 15566 583
15566 20801 583
20801 1379 583
1379 9698 583
9698 5165 583
5165 16007 583
16007 19647 583
19647 12024 583
12024 18687 583
18687 6262 583
23023 5565 584
5565 16171 584
16171 18569 584
18569 12369 584
12369 11726 584
11726 875 584
875 24116 584
24116 14991 584
14991 7140 584
7140 3200 584
3200 21582 584
21582 2679 584
2679 14334 584
14334 13230 584
13230 19492 584
19492 14280 584
14280 20688 584
20688 5204 584
5204 3321 584
3321 24998 584
24998 17375 584
17375 6857 584
6857 5988 584
5988 12934 584
12934 9631 584
4981 12335 585
12335 22659 585
22659 5495 585
5495 14344 585
14344 17116 585
17116 20588 585
20588 20222 585
20222 22302 585
22302 8032 585
8032 4161 585
4161 24187 585
24187 24070 585
24070 8276 585
8276 25303 585
25303 25581 585
25581 20254 585
20254 10115 585
10115 3510 585
3510 9934 585
9934 5289 585
5289 776 585
776 1676 585
1676 11664 585
11664 7538 585
7538 16025 585
12895 17091 586
17091 6841 586
6841 12090 586
12090 3138 586
3138 25193 586
25193 19116 586
19116 8345 586
8345 9603 586
9603 14624 586
14624 22200 586
22200 22816 586
22816 17129 586
17129 3704 586
3704 12391 586
12391 3076 586
3076 24556 586
24556 6309 586
6309 14009 586
14009 10800 586
10800 21091 586
21091 385 586
385 19805 586
19805 15185 586
15185 6746 586
6746 25795 586
19849 24129 587
24129 21060 587
21060 13039 587
13039 17088 587
17088 5288 587
5288 5599 587
5599 8100 587
8100 11500 587
11500 24602 587
24602 10553 587
10553 11264 587
11264 4308 587
4308 4881 587
4881 21034 587
21034 786 587
786 23612 587
23612 20123 587
20123 6907 587
6907 13222 587
13222 13960 587
13960 4626 587
4626 1470 587
1470 6050 587
6050 9526 587
9526 25212 587
21194 17076 588
17076 5609 588
5609 3995 588
3995 2333 588
2333 13016 588
13016 11680 588
11680 24720 588
24720 21526 588
21526 19983 588
19983 3682 588
3682 16769 588
16769 10934 588
10934 6466 588
6466 12135 588
12135 8687 588
8687 20421 588
20421 13056 588
13056 23590 588
23590 21203 588
21203 1512 588
1512 16909 588
16909 7416 588
7416 1826 588
1826 25362 588
25362 10879 588
23230 4463 589
4463 725 589
725 6892 589
6892 5559 589
5559 12985 589
12985 11825 589
11825 10520 589
10520 5299 589
5299 18305 589
18305 25279 589
25279 703 589
703 24366 589
24366 1034 589
1034 1889 589
1889 15082 589
15082 19130 589
19130 25120 589
25120 8797 589
8797 22951 589
22951 20244 589
20244 4995 589
4995 6270 589
6270 22964 589
22964 19175 589
19175 18811 589
4794 1192 590
1192 25816 590
25816 8709 590
8709 22660 590
22660 3380 590
3380 22361 590
22361 8527 590
8527 21163 590
21163 15419 590
15419 11603 590
11603 21766 590
21766 13996 590
13996 17540 590
17540 20526 590
20526 1002 590
1002 11947 590
11947 24922 590
24922 21348 590
21348 25336 590
25336 19486 590
19486 3664 590
3664 2526 590
2526 6241 590
6241 13530 590
13530 9371 590
23166 19483 591
19483 5529 591
5529 8155 591
8155 939 591
939 16806 591
16806 1396 591
1396 5127 591
5127 14310 591
14310 7412 591
7412 10058 591
10058 8966 591
8966 17566 591
17566 3908 591
3908 12155 591
12155 7378 591
7378 12820 591
12820 5209 591
5209 4734 591
4734 17311 591
17311 13651 591
13651 22569 591
22569 8157 591
8157 11139 591
11139 7751 591
7751 24529 591
21973 20148 592
20148 6653 592
6653 16742 592
16742 6064 592
6064 14088 592
14088 11983 592
11983 10740 592
10740 12661 592
12661 24055 592
24055 13359 592
13359 2580 592
2580 12219 592
12219 3354 592
3354 25535 592
25535 7593 592
7593 8296 592
8296 25636 592
25636 23874 592
23874 4005 592
4005 3634 592
3634 21673 592
21673 25888 592
25888 23579 592
23579 15926 592
15926 17999 592
9191 11186 593
11186 4002 593
4002 12582 593
12582 5666 593
5666 7747 593
7747 24064 593
24064 19667 593
19667 21831 593
21831 13026 593
13026 10888 593
10888 15203 593
15203 25489 593
25489 13202 593
13202 8034 593
8034 17635 593
17635 1191 593
1191 13506 593
13506 740 593
740 7768 593
7768 10039 593
10039 17989 593
17989 11029 593
11029 9506 593
9506 6309 593
6309 16291 593
765 18086 594
18086 2789 594
2789 23655 594
23655 13435 594
13435 14751 594
14751 17026 594
17026 9703 594
9703 8816 594
8816 402 594
402 17183 594
17183 2060 594
2060 18687 594
18687 22050 594
22050 8480 594
8480 4822 594
4822 24852 594
24852 6574 594
6574 18880 594
18880 11531 594
11531 5603 594
5603 4521 594
4521 14516 594
14516 19245 594
19245 9095 594
9095 18422 594
17551 845 595
845 8858 595
8858 16026 595
16026 12088 595
12088 11183 595
11183 10395 595
10395 5618 595
5618 3575 595
3575 14193 595
14193 14861 595
14861 2804 595
2804 4127 595
4127 8734 595
8734 23175 595
23175 18138 595
18138 6294 595
6294 6893 595
6893 12281 595
12281 23139 595
23139 23929 595
23929 1787 595
1787 3678 595
3678 11875 595
11875 11841 595
11841 20885 595
5181 25048 596
25048 8339 596
8339 10175 596
10175 19548 596
19548 22829 596
22829 21644 596
21644 11180 596
11180 14428 596
14428 21701 596
21701 15938 596
15938 10671 596
10671 2678 596
2678 8816 596
8816 14072 596
14072 13260 596
13260 23878 596
23878 19176 596
19176 11975 596
11975 19130 596
19130 22540 596
22540 9766 596
9766 23187 596
23187 18207 596
18207 10623 596
10623 2039 596
1301 2058 597
2058 11477 597
11477 8166 597
8166 14543 597
14543 25034 597
25034 19330 597
19330 25246 597
25246 14105 597
14105 25022 597
25022 12660 597
12660 18187 597
18187 11490 597
11490 10535 597
10535 22589 597
22589 12664 597
12664 14891 597
14891 14682 597
14682 18894 597
18894 2203 597
2203 4417 597
4417 9021 597
9021 19681 597
19681 524 597
524 9997 597
9997 7720 597
7856 1590 598
1590 3336 598
3336 6838 598
6838 18462 598
18462 9207 598
9207 18164 598
18164 21473 598
21473 12035 598
12035 5472 598
5472 23601 598
23601 15594 598
15594 19876 598
19876 17185 598
17185 23007 598
23007 2907 598
2907 11832 598
11832 25962 598
25962 3822 598
3822 9082 598
9082 25266 598
25266 11820 598
11820 3893 598
3893 5902 598
5902 25914 598
25914 11092 598
9470 11637 599
11637 8656 599
8656 8435 599
8435 4557 599
4557 19138 599
19138 20680 599
20680 19574 599
19574 24711 599
24711 1669 599
1669 12908 599
12908 2062 599
2062 17320 599
17320 5652 599
5652 9040 599
9040 9118 599
9118 6822 599
6822 16579 599
16579 2042 599
2042 17354 599
17354 4177 599
4177 25979 599
25979 19764 599
19764 922 599
922 19911 599
19911 15719 599
11282 12935 600
12935 23354 600
23354 7811 600
7811 9951 600
9951 16437 600
16437 21565 600
21565 11166 600
11166 23276 600
23276 10920 600
10920 20545 600
20545 19610 600
19610 12741 600
12741 20432 600
20432 22569 600
22569 127 600
127 13481 600
13481 2950 600
2950 22735 600
22735 16585 600
16585 20282 600
20282 13732 600
13732 16907 600
16907 18018 600
18018 21102 600
21102 22085 600
3791 23737 601
23737 2957 601
2957 24798 601
24798 3387 601
3387 8217 601
8217 8039 601
8039 23172 601
23172 8347 601
8347 3746 601
3746 8545 601
8545 18812 601
18812 13932 601
13932 980 601
980 12723 601
12723 16739 601
16739 17996 601
17996 14990 601
14990 4886 601
4886 2374 601
2374 23832 601
23832 15987 601
15987 24202 601
24202 10549 601
10549 15565 601
15565 298 601
12276 17604 602
17604 24223 602
24223 22894 602
22894 1297 602
1297 15726 602
15726 17676 602
17676 1983 602
1983 16857 602
16857 6513 602
6513 22637 602
22637 1651 602
1651 14632 602
14632 2582 602
2582 5638 602
5638 6691 602
6691 4993 602
4993 1909 602
1909 3440 602
3440 10891 602
10891 19379 602
19379 13828 602
13828 10600 602
10600 3520 602
3520 24526 602
24526 16029 602
1403 12800 603
12800 954 603
954 21879 603
21879 6462 603
6462 8790 603
8790 20482 603
20482 14608 603
14608 21200 603
21200 676 603
676 21261 603
21261 13345 603
13345 5397 603
5397 10481 603
10481 7950 603
7950 14495 603
14495 1066 603
1066 22381 603
22381 7064 603
7064 25892 603
25892 15121 603
15121 2041 603
2041 15069 603
15069 14255 603
14255 2020 603
2020 4686 603
2607 25626 604
25626 616 604
616 24326 604
24326 14694 604
14694 1634 604
1634 21638 604
21638 5173 604
5173 2194 604
2194 2761 604
2761 17091 604
17091 20271 604
20271 20124 604
20124 25472 604
25472 22002 604
22002 14062 604
14062 19721 604
19721 12765 604
12765 14614 604
14614 16261 604
16261 14939 604
14939 2273 604
2273 15397 604
15397 10876 604
10876 11801 604
11801 11688 604
650 18085 605
18085 14666 605
14666 22430 605
22430 12787 605
12787 8230 605
8230 13844 605
13844 7456 605
7456 4953 605
4953 15949 605
15949 6323 605
6323 19544 605
19544 23536 605
23536 20493 605
20493 5259 605
5259 17994 605
17994 12009 605
12009 24511 605
24511 7573 605
7573 8150 605
8150 16475 605
16475 6499 605
6499 1512 605
1512 21923 605
21923 16806 605
16806 23247 605
9049 24998 606
24998 12434 606
12434 5519 606
5519 4945 606
4945 22688 606
22688 14174 606
14174 17225 606
17225 20657 606
20657 2500 606
2500 4356 606
4356 4308 606
4308 202 606
202 19954 606
19954 1411 606
1411 3478 606
3478 20997 606
20997 10346 606
10346 10453 606
10453 16063 606
16063 5489 606
5489 2259 606
2259 20194 606
20194 691 606
691 16263 606
16263 23239 606
4547 10737 607
10737 2530 607
2530 25955 607
25955 1221 607
1221 3027 607
3027 17691 607
17691 18284 607
18284 24526 607
24526 1156 607
1156 25436 607
25436 18795 607
18795 4800 607
4800 4487 607
4487 19916 607
19916 18950 607
18950 23937 607
23937 9035 607
9035 14749 607
14749 7547 607
7547 19564 607
19564 931 607
931 22488 607
22488 6271 607
6271 16818 607
16818 8370 607
25226 18246 608
18246 15767 608
15767 22379 608
22379 12921 608
12921 13367 608
13367 23076 608
23076 5055 608
5055 19825 608
19825 178 608
178 17579 608
17579 3535 608
3535 6169 608
6169 17825 608
17825 1544 608
1544 15001 608
15001 5564 608
5564 558 608
558 7984 608
7984 10892 608
10892 21583 608
21583 7568 608
7568 10817 608
10817 14934 608
14934 15989 608
15989 24184 608
505 2410 609
2410 18530 609
18530 12511 609
12511 15784 609
15784 13663 609
13663 4750 609
4750 25754 609
25754 25180 609
25180 23104 609
23104 6496 609
6496 10445 609
10445 4276 609
4276 13516 609
13516 10574 609
10574 4350 609
4350 830 609
830 20526 609
20526 7832 609
7832 17215 609
17215 25071 609
25071 9238 609
9238 6006 609
6006 16936 609
16936 14886 609
14886 19459 609
14325 6210 610
6210 5150 610
5150 15877 610
15877 22513 610
22513 15059 610
15059 1631 610
1631 600 610
600 24533 610
24533 1466 610
1466 15960 610
15960 82 610
82 21789 610
21789 23932 610
23932 3543 610
3543 24743 610
24743 15654 610
15654 15589 610
15589 5455 610
5455 14757 610
14757 1729 610
1729 22645 610
22645 7147 610
7147 24746 610
24746 1749 610
1749 15876 610
10147 1297 611
1297 12135 611
12135 3407 611
3407 7148 611
7148 5427 611
5427 9792 611
9792 17409 611
17409 12051 611
12051 3231 611
3231 11028 611
11028 1801 611
1801 8641 611
8641 10456 611
10456 23095 611
23095 19542 611
19542 11257 611
11257 8710 611
8710 10862 611
10862 9233 611
9233 22048 611
22048 253 611
253 5498 611
5498 25058 611
25058 6156 611
6156 25192 611
7592 5843 612
5843 6768 612
6768 16659 612
16659 12539 612
12539 8864 612
8864 6987 612
6987 22539 612
22539 2170 612
2170 20879 612
20879 12698 612
12698 11162 612
11162 14808 612
14808 22866 612
22866 23222 612
23222 277 612
277 18349 612
18349 16150 612
16150 15510 612
15510 23388 612
23388 6253 612
6253 19168 612
19168 22306 612
22306 19031 612
19031 11568 612
11568 1326 612
15933 18729 613
18729 5877 613
5877 18581 613
18581 7397 613
7397 13334 613
13334 19120 613
19120 2570 613
2570 16891 613
16891 8109 613
8109 13743 613
13743 18711 613
18711 21714 613
21714 2735 613
2735 2652 613
2652 8799 613
8799 3187 613
3187 20597 613
20597 390 613
390 2988 613
2988 20779 613
20779 21045 613
21045 23194 613
23194 11782 613
11782 6330 613
6330 8138 613
24023 18548 614
18548 13218 614
13218 16589 614
16589 15700 614
15700 13751 614
13751 14683 614
14683 1683 614
1683 2136 614
2136 19524 614
19524 5825 614
5825 4444 614
4444 19923 614
19923 8082 614
8082 23559 614
23559 10625 614
10625 23352 614
23352 24763 614
24763 7820 614
7820 14756 614
14756 11043 614
11043 5120 614
5120 12713 614
12713 25351 614
25351 6370 614
6370 20870 614
12337 11031 615
11031 1776 615
1776 10231 615
10231 12274 615
12274 10180 615
10180 22708 615
22708 6569 615
6569 10685 615
10685 1257 615
1257 12596 615
12596 17241 615
17241 18330 615
18330 8877 615
8877 3302 615
3302 483 615
483 18022 615
18022 21905 615
21905 8107 615
8107 2209 615
2209 3335 615
3335 23919 615
23919 806 615
806 5132 615
5132 4311 615
4311 9371 615
11829 23304 616
23304 8354 616
8354 183 616
183 1883 616
1883 8426 616
8426 6422 616
6422 10301 616
10301 9819 616
9819 9092 616
9092 18818 616
18818 16238 616
16238 21500 616
21500 6459 616
6459 23170 616
23170 21598 616
21598 3518 616
3518 748 616
748 17901 616
17901 22140 616
22140 13894 616
13894 13531 616
13531 18492 616
18492 14339 616
14339 5590 616
5590 13654 616
19761 10335 617
10335 2222 617
2222 1220 617
1220 11064 617
11064 22239 617
22239 19824 617
19824 2463 617
2463 16377 617
16377 2663 617
2663 19931 617
19931 20998 617
20998 7963 617
7963 20279 617
20279 16521 617
16521 1837 617
1837 20674 617
20674 12743 617
12743 11765 617
11765 24877 617
24877 13809 617
13809 5846 617
5846 10412 617
10412 3291 617
3291 16514 617
16514 2025 617
11712 14726 618
14726 7934 618
7934 19976 618
19976 4097 618
4097 7942 618
7942 5001 618
5001 12608 618
12608 11156 618
11156 22178 618
22178 21943 618
21943 2428 618
2428 8709 618
8709 23645 618
23645 1266 618
1266 12553 618
12553 5323 618
5323 17336 618
17336 6492 618
6492 1346 618
1346 4936 618
4936 8656 618
8656 21268 618
21268 11725 618
11725 16313 618
16313 6867 618
14253 13305 619
13305 22812 619
22812 15585 619
15585 5858 619
5858 12399 619
12399 25623 619
25623 21198 619
21198 5061 619
5061 2707 619
2707 25977 619
25977 4 619
4 25987 619
25987 2924 619
2924 23635 619
23635 22734 619
22734 21420 619
21420 3309 619
3309 3301 619
3301 25641 619
25641 21882 619
21882 7272 619
7272 3718 619
3718 9651 619
9651 8469 619
8469 3810 619
4735 14161 620
14161 13710 620
13710 1338 620
1338 2809 620
2809 20614 620
20614 5463 620
5463 12579 620
12579 8219 620
8219 12000 620
12000 15867 620
15867 8491 620
8491 11478 620
11478 17820 620
17820 22146 620
22146 15855 620
15855 1749 620
1749 22269 620
22269 13304 620
13304 11336 620
11336 13900 620
13900 25422 620
25422 13999 620
13999 5796 620
5796 3232 620
3232 25778 620
25681 14533 621
14533 9874 621
9874 24261 621
24261 204 621
204 14740 621
14740 5136 621
5136 19367 621
19367 12086 621
12086 21927 621
21927 8013 621
8013 25744 621
25744 13648 621
13648 20540 621
20540 25779 621
25779 22271 621
22271 3542 621
3542 6446 621
6446 19359 621
19359 2499 621
2499 15389 621
15389 3830 621
3830 22119 621
22119 10361 621
10361 89 621
89 23904 621
2841 7055 622
7055 15883 622
15883 14562 622
14562 3717 622
3717 8273 622
8273 18801 622
18801 15871 622
15871 6824 622
6824 18643 622
18643 7073 622
7073 5601 622
5601 11883 622
11883 14946 622
14946 16477 622
16477 3096 622
3096 1830 622
1830 5508 622
5508 17284 622
17284 24900 622
24900 6003 622
6003 19668 622
19668 13904 622
13904 14530 622
14530 22098 622
22098 19073 622
18157 8772 623
8772 19958 623
19958 14564 623
14564 24708 623
24708 19753 623
19753 13971 623
13971 3114 623
3114 10205 623
10205 11415 623
11415 17492 623
17492 4566 623
4566 9899 623
9899 15725 623
15725 23169 623
23169 9762 623
9762 6437 623
6437 18165 623
18165 22274 623
22274 7251 623
7251 19367 623
19367 14035 623
14035 10223 623
10223 17066 623
17066 25838 623
25838 8608 623
22709 6091 624
6091 4694 624
4694 15728 624
15728 1481 624
1481 13988 624
13988 18769 624
18769 8615 624
8615 6390 624
6390 12449 624
12449 9039 624
9039 14440 624
14440 22656 624
22656 24931 624
24931 24873 624
24873 21152 624
21152 12557 624
12557 13234 624
13234 18684 624
18684 21040 624
21040 17297 624
17297 4119 624
4119 2849 624
2849 16706 624
16706 7122 624
7122 2641 624
24885 22866 625
22866 11203 625
11203 10760 625
10760 24029 625
24029 6302 625
6302 4028 625
4028 19941 625
19941 2567 625
2567 10885 625
10885 18341 625
18341 14233 625
14233 25096 625
25096 3218 625
3218 9118 625
9118 9453 625
9453 18785 625
18785 4644 625
4644 19862 625
19862 4900 625
4900 14013 625
14013 5072 625
5072 6320 625
6320 4484 625
4484 11569 625
11569 24494 625
5635 24848 626
24848 12845 626
12845 1626 626
1626 13173 626
13173 22371 626
22371 7877 626
7877 18814 626
18814 21210 626
21210 8899 626
8899 10647 626
10647 25721 626
25721 15895 626
15895 5184 626
5184 19199 626
19199 20098 626
20098 20622 626
20622 17290 626
17290 6343 626
6343 18532 626
18532 22835 626
22835 9466 626
9466 22738 626
22738 7488 626
7488 4325 626
4325 5361 626
11522 16343 627
16343 2269 627
2269 13935 627
13935 21729 627
21729 23324 627
23324 17262 627
17262 4315 627
4315 22989 627
22989 9625 627
9625 25544 627
25544 12925 627
12925 20394 627
20394 17692 627
17692 21540 627
21540 14161 627
14161 12794 627
12794 5963 627
5963 25483 627
25483 25986 627
25986 6652 627
6652 2798 627
2798 5323 627
5323 2083 627
2083 25732 627
25732 25193 627
22059 10677 628
10677 10751 628
10751 15069 628
15069 3848 628
3848 6796 628
6796 12717 628
12717 14977 628
14977 22996 628
22996 19778 628
19778 11211 628
11211 1602 628
1602 24323 628
24323 20319 628
20319 5851 628
5851 7115 628
7115 15837 628
15837 22992 628
22992 23210 628
23210 16260 628
16260 2468 628
2468 21788 628
21788 21206 628
21206 17938 628
17938 18097 628
18097 12897 628
8172 7249 629
7249 3234 629
3234 6485 629
6485 1711 629
1711 6238 629
6238 1379 629
1379 24913 629
24913 17101 629
17101 13263 629
13263 11497 629
11497 23137 629
23137 9085 629
9085 20972 629
20972 12855 629
12855 4371 629
4371 25845 629
25845 4509 629
4509 22851 629
22851 4908 629
4908 23589 629
23589 18999 629
18999 4612 629
4612 8736 629
8736 713 629
713 25868 629
23711 22486 630
22486 7243 630
7243 17991 630
17991 2167 630
2167 22733 630
22733 19625 630
19625 20227 630
20227 20882 630
20882 17645 630
17645 4587 630
4587 10528 630
10528 15736 630
15736 1204 630
1204 18651 630
18651 14754 630
14754 24587 630
24587 1885 630
1885 18013 630
18013 3254 630
3254 16366 630
16366 16214 630
16214 18425 630
18425 1965 630
1965 19807 630
19807 18114 630
18765 10565 631
10565 14320 631
14320 15339 631
15339 21621 631
21621 19374 631
19374 21559 631
21559 8364 631
8364 5023 631
5023 21314 631
21314 15617 631
15617 1113 631
1113 1018 631
1018 9176 631
9176 21633 631
21633 22085 631
22085 20708 631
20708 11491 631
11491 25972 631
25972 13610 631
13610 25431 631
25431 25656 631
25656 17432 631
17432 2967 631
2967 3739 631
3739 19474 631
19736 18362 632
18362 12943 632
12943 21007 632
21007 1384 632
1384 23074 632
23074 2959 632
2959 9816 632
9816 23601 632
23601 1029 632
1029 8795 632
8795 18171 632
18171 15280 632
15280 20660 632
20660 21080 632
21080 24476 632
24476 15674 632
15674 11546 632
11546 11930 632
11930 19602 632
19602 23262 632
23262 18262 632
18262 7360 632
7360 20819 632
20819 7087 632
7087 10459 632
11002 13943 633
13943 5345 633
5345 9259 633
9259 8323 633
8323 12470 633
12470 3828 633
3828 20122 633
20122 6634 633
6634 17058 633
17058 7979 633
7979 16838 633
16838 4246 633
4246 5973 633
5973 2895 633
2895 11613 633
11613 8616 633
8616 23460 633
23460 4109 633
4109 14653 633
14653 7761 633
7761 4850 633
4850 4024 633
4024 1066 633
1066 216 633
216 7012 633
3690 16553 634
16553 5848 634
5848 3300 634
3300 12098 634
12098 16640 634
16640 11609 634
11609 3150 634
3150 9326 634
9326 11985 634
11985 15132 634
15132 16450 634
16450 8354 634
8354 18617 634
18617 13374 634
13374 4581 634
4581 276 634
276 17069 634
17069 4983 634
4983 3758 634
3758 1896 634
1896 12246 634
12246 8723 634
8723 25706 634
25706 18721 634
18721 11605 634
8150 9648 635
9648 7600 635
7600 6417 635
6417 6669 635
6669 5649 635
5649 5791 635
5791 5973 635
5973 23084 635
23084 9339 635
9339 13489 635
13489 3149 635
3149 3168 635
3168 24629 635
24629 16397 635
16397 19352 635
19352 25474 635
25474 7929 635
7929 24371 635
24371 18584 635
18584 22715 635
22715 19326 635
19326 21891 635
21891 19634 635
19634 22400 635
22400 11409 635
9034 2076 636
2076 20126 636
20126 10559 636
10559 18472 636
18472 4539 636
4539 9991 636
9991 24019 636
24019 1559 636
1559 2323 636
2323 9009 636
9009 23760 636
23760 8479 636
8479 19976 636
19976 15718 636
15718 12819 636
12819 22123 636
22123 760 636
760 19757 636
19757 5118 636
5118 11989 636
11989 24292 636
24292 14329 636
14329 4767 636
4767 25315 636
25315 2331 636
2916 2699 637
2699 7344 637
7344 1090 637
1090 9715 637
9715 15621 637
15621 17096 637
17096 22680 637
22680 1944 637
1944 5971 637
5971 14953 637
14953 7823 637
7823 16336 637
16336 22058 637
22058 2779 637
2779 12928 637
12928 7800 637
7800 17194 637
17194 11059 637
11059 21794 637
21794 5204 637
5204 5259 637
5259 25046 637
25046 14458 637
14458 10170 637
10170 3582 637
25467 15065 638
15065 10399 638
10399 14060 638
14060 15688 638
15688 8278 638
8278 15068 638
15068 3354 638
3354 2709 638
2709 21998 638
21998 15408 638
15408 13414 638
13414 5379 638
5379 22949 638
22949 13657 638
13657 17025 638
17025 2887 638
2887 11697 638
11697 24199 638
24199 3355 638
3355 15564 638
15564 4696 638
4696 10074 638
10074 20260 638
20260 9320 638
9320 4623 638
23145 15664 639
15664 12487 639
12487 12540 639
12540 25551 639
25551 6733 639
6733 13416 639
13416 4701 639
4701 17531 639
17531 20397 639
20397 14311 639
14311 9961 639
9961 8106 639
8106 20450 639
20450 11502 639
11502 23819 639
23819 11804 639
11804 23264 639
23264 17414 639
17414 18425 639
18425 876 639
876 21914 639
21914 781 639
781 427 639
427 7100 639
7100 21710 639
14835 15266 640
15266 22493 640
22493 19728 640
19728 17637 640
17637 12943 640
12943 3410 640
3410 20635 640
20635 25839 640
25839 17630 640
17630 15497 640
15497 9871 640
9871 7673 640
7673 3997 640
3997 8699 640
8699 18962 640
18962 22454 640
22454 23965 640
23965 15760 640
15760 20753 640
20753 15045 640
15045 3027 640
3027 25580 640
25580 20974 640
20974 1630 640
1630 21872 640
25531 23046 641
23046 8239 641
8239 23149 641
23149 14528 641
14528 15160 641
15160 9704 641
9704 25513 641
25513 3800 641
3800 20353 641
20353 7493 641
7493 16136 641
16136 5213 641
5213 11043 641
11043 8258 641
8258 23602 641
23602 2813 641
2813 2053 641
2053 23940 641
23940 21494 641
21494 5210 641
5210 7349 641
7349 16506 641
16506 16369 641
16369 11439 641
11439 251 641
10462 16460 642
16460 15863 642
15863 25475 642
25475 14438 642
14438 456 642
456 12462 642
12462 2112 642
2112 21941 642
21941 4156 642
4156 23180 642
23180 17941 642
17941 8096 642
8096 11339 642
11339 5437 642
5437 13978 642
13978 16427 642
16427 673 642
673 9600 642
9600 2452 642
2452 18 642
18 15209 642
15209 11 642
11 12495 642
12495 16532 642
16532 7003 642
16433 23796 643
23796 15309 643
15309 4795 643
4795 17444 643
17444 23348 643
23348 25472 643
25472 19159 643
19159 8713 643
8713 7502 643
7502 15675 643
15675 9343 643
9343 2623 643
2623 19228 643
19228 17011 643
17011 23470 643
23470 6216 643
6216 25262 643
25262 13449 643
13449 13581 643
13581 6214 643
6214 12904 643
12904 1662 643
1662 11909 643
11909 5661 643
5661 8919 643
22141 21996 644
21996 13407 644
13407 5185 644
5185 17202 644
17202 6293 644
6293 8561 644
8561 12436 644
12436 9526 644
9526 2713 644
2713 5244 644
5244 3625 644
3625 12686 644
12686 16861 644
16861 4056 644
4056 14392 644
14392 12271 644
12271 1660 644
1660 24829 644
24829 5718 644
5718 74 644
74 21616 644
21616 14596 644
14596 1903 644
1903 23849 644
23849 11714 644
23426 2599 645
2599 7127 645
7127 7916 645
7916 11695 645
11695 4140 645
4140 11443 645
11443 7633 645
7633 9437 645
9437 23131 645
23131 784 645
784 36 645
36 11591 645
11591 1277 645
1277 2467 645
2467 17158 645
17158 20274 645
20274 25345 645
25345 15219 645
15219 12558 645
12558 19060 645
19060 3898 645
3898 23460 645
23460 4239 645
4239 6673 645
6673 24961 645
16336 9661 646
9661 7404 646
7404 822 646
822 20955 646
20955 22335 646
22335 17832 646
17832 9030 646
9030 7646 646
7646 123 646
123 17866 646
17866 10099 646
10099 15494 646
15494 21230 646
21230 23616 646
23616 16765 646
16765 5816 646
5816 1434 646
1434 2769 646
2769 5550 646
5550 14110 646
14110 23250 646
23250 10346 646
10346 441 646
441 16568 646
16568 22271 646
21662 18814 647
18814 8424 647
8424 5638 647
5638 9834 647
9834 11419 647
11419 9072 647
9072 3181 647
3181 24142 647
24142 25864 647
25864 7499 647
7499 14719 647
14719 23679 647
23679 24830 647
24830 5609 647
5609 18221 647
18221 22318 647
22318 6675 647
6675 18774 647
18774 24891 647
24891 23435 647
23435 16424 647
16424 17814 647
17814 14613 647
14613 14331 647
14331 17697 647
1294 9991 648
9991 19879 648
19879 4235 648
4235 25111 648
25111 5480 648
5480 2253 648
2253 6783 648
6783 25706 648
25706 2351 648
2351 24402 648
24402 24912 648
24912 1259 648
1259 18601 648
18601 18917 648
18917 22978 648
22978 5203 648
5203 16864 648
16864 25929 648
25929 11047 648
11047 16375 648
16375 17520 648
17520 5409 648
5409 7704 648
7704 6220 648
6220 12388 648
3325 16881 649
16881 7461 649
7461 178 649
178 1438 649
1438 3271 649
3271 13044 649
13044 3175 649
3175 5785 649
5785 12414 649
12414 9052 649
9052 11159 649
11159 16634 649
16634 19283 649
19283 13338 649
13338 5000 649
5000 25212 649
25212 23044 649
23044 5592 649
5592 8376 649
8376 23971 649
23971 19728 649
19728 15167 649
15167 3914 649
3914 1938 649
1938 6184 649
13244 11437 650
11437 6458 650
6458 17472 650
17472 16377 650
16377 20018 650
20018 15632 650
15632 21450 650
21450 16354 650
16354 6379 650
6379 13722 650
13722 7011 650
7011 12901 650
12901 6686 650
6686 18037 650
18037 720 650
720 3832 650
3832 1858 650
1858 6556 650
6556 16750 650
16750 1896 650
1896 16584 650
16584 5768 650
5768 22042 650
22042 9051 650
9051 20407 650
23917 20763 651
20763 13586 651
13586 7732 651
7732 10063 651
10063 3686 651
3686 3810 651
3810 6106 651
6106 8331 651
8331 13341 651
13341 25985 651
25985 21365 651
21365 20681 651
20681 18239 651
18239 23661 651
23661 24544 651
24544 3240 651
3240 22077 651
22077 21708 651
21708 8368 651
8368 12611 651
12611 21614 651
21614 804 651
804 17063 651
17063 15936 651
15936 21852 651
13527 8919 652
8919 19161 652
19161 24887 652
24887 23803 652
23803 1810 652
1810 22628 652
22628 9535 652
9535 21510 652
21510 8305 652
8305 653 652
653 816 652
816 5568 652
5568 11973 652
11973 7371 652
7371 17171 652
17171 25614 652
25614 6182 652
6182 16130 652
16130 24254 652
24254 11499 652
11499 17385 652
17385 6846 652
6846 23810 652
23810 14173 652
14173 2856 652
20008 6475 653
6475 3958 653
3958 3929 653
3929 15422 653
15422 17368 653
17368 14462 653
14462 24341 653
24341 5558 653
5558 23873 653
23873 11676 653
11676 22674 653
22674 14812 653
14812 23561 653
23561 7811 653
7811 7867 653
7867 12488 653
12488 22150 653
22150 24689 653
24689 7907 653
7907 22202 653
22202 24304 653
24304 20590 653
20590 14495 653
14495 8780 653
8780 589 653
6729 24155 654
24155 16072 654
16072 3317 654
3317 25122 654
25122 9329 654
9329 10762 654
10762 21219 654
21219 5950 654
5950 9797 654
9797 14973 654
14973 14322 654
14322 16401 654
16401 15281 654
15281 14310 654
14310 6105 654
6105 13269 654
13269 4717 654
4717 23516 654
23516 15191 654
15191 4491 654
4491 13389 654
13389 25661 654
25661 8446 654
8446 20557 654
20557 24585 654
7890 25255 655
25255 10963 655
10963 9358 655
9358 21812 655
21812 13790 655
13790 16585 655
16585 21156 655
21156 8734 655
8734 24578 655
24578 13673 655
13673 18706 655
18706 12205 655
12205 21646 655
21646 11983 655
11983 13475 655
13475 7345 655
7345 10859 655
10859 1132 655
1132 17795 655
17795 3591 655
3591 16049 655
16049 5924 655
5924 11650 655
11650 9672 655
9672 9249 655
11108 22691 656
22691 19921 656
19921 17927 656
17927 12881 656
12881 10661 656
10661 16752 656
16752 16620 656
16620 14256 656
14256 24629 656
24629 10945 656
10945 24235 656
24235 350 656
350 22536 656
22536 15270 656
15270 8293 656
8293 15019 656
15019 25132 656
25132 24644 656
24644 8862 656
8862 6786 656
6786 25373 656
25373 21704 656
21704 8823 656
8823 4484 656
4484 10834 656
15121 20 657
20 12024 657
12024 25802 657
25802 18523 657
18523 13416 657
13416 9325 657
9325 20218 657
20218 172 657
172 25481 657
25481 23030 657
23030 15921 657
15921 14399 657
14399 16276 657
16276 17934 657
17934 17769 657
17769 18323 657
18323 13094 657
13094 16465 657
16465 25391 657
25391 4696 657
4696 5082 657
5082 25545 657
25545 10788 657
10788 23246 657
23246 23732 657
15385 16836 658
16836 4383 658
4383 5976 658
5976 12674 658
12674 24035 658
24035 8186 658
8186 11550 658
11550 17274 658
17274 20645 658
20645 18984 658
18984 21415 658
21415 4884 658
4884 17513 658
17513 2108 658
2108 14587 658
14587 18332 658
18332 3625 658
3625 23154 658
23154 14467 658
14467 21615 658
21615 24516 658
24516 20143 658
20143 775 658
775 1822 658
1822 14253 658
14001 10447 659
10447 1466 659
1466 9169 659
9169 9350 659
9350 25004 659
25004 13377 659
13377 10260 659
10260 5396 659
5396 3756 659
3756 18997 659
18997 2729 659
2729 5087 659
5087 11718 659
11718 11094 659
11094 10805 659
10805 25466 659
25466 3919 659
3919 20712 659
20712 13140 659
13140 12471 659
12471 3568 659
3568 25715 659
25715 3750 659
3750 22936 659
22936 16287 659
7978 2476 660
2476 781 660
781 15942 660
15942 21129 660
21129 20887 660
20887 4360 660
4360 9776 660
9776 16817 660
16817 23059 660
23059 4352 660
4352 3447 660
3447 2051 660
2051 13423 660
13423 6147 660
6147 10687 660
10687 21339 660
21339 23449 660
23449 25479 660
25479 19204 660
19204 7830 660
7830 5641 660
5641 10736 660
10736 23606 660
23606 2242 660
2242 8078 660
16711 944 661
944 19583 661
19583 14850 661
14850 7387 661
7387 14962 661
14962 4160 661
4160 5801 661
5801 12507 661
12507 13869 661
13869 15683 661
15683 11801 661
11801 15899 661
15899 12112 661
12112 23750 661
23750 22079 661
22079 901 661
901 4320 661
4320 1618 661
1618 6733 661
6733 23457 661
23457 14886 661
14886 6616 661
6616 18602 661
18602 24957 661
24957 22085 661
11906 13187 662
13187 10746 662
10746 9822 662
9822 14070 662
14070 25842 662
25842 13851 662
13851 6904 662
6904 19774 662
19774 7000 662
7000 3956 662
3956 4962 662
4962 13894 662
13894 19983 662
19983 21291 662
21291 6001 662
6001 8650 662
8650 23465 662
23465 2941 662
2941 13965 662
13965 15521 662
15521 24692 662
24692 3349 662
3349 6099 662
6099 6255 662
6255 14746 662
11355 19245 663
19245 8520 663
8520 21427 663
21427 24768 663
24768 20038 663
20038 6967 663
6967 23260 663
23260 14012 663
14012 14862 663
14862 1273 663
1273 7894 663
7894 22377 663
22377 3033 663
3033 3258 663
3258 8042 663
8042 5158 663
5158 19006 663
19006 2938 663
2938 18027 663
18027 15133 663
15133 12429 663
12429 1297 663
1297 6072 663
6072 6870 663
6870 3241 663
6299 22582 664
22582 17454 664
17454 2344 664
2344 9397 664
9397 9236 664
9236 4245 664
4245 5702 664
5702 1927 664
1927 4104 664
4104 1952 664
1952 11163 664
11163 5134 664
5134 6860 664
6860 3225 664
3225 25634 664
25634 24330 664
24330 9260 664
9260 25214 664
25214 18485 664
18485 10162 664
10162 22356 664
22356 4394 664
4394 8621 664
8621 18099 664
18099 4968 664
18888 18772 665
18772 14740 665
14740 4115 665
4115 10732 665
10732 20331 665
20331 3511 665
3511 3685 665
3685 1838 665
1838 20104 665
20104 20730 665
20730 14397 665
14397 23818 665
23818 5737 665
5737 4515 665
4515 11037 665
11037 18253 665
18253 7672 665
7672 6089 665
6089 22395 665
22395 17447 665
17447 17044 665
17044 22985 665
22985 521 665
521 18339 665
18339 24705 665
21263 25478 666
25478 4501 666
4501 14251 666
14251 18870 666
18870 6673 666
6673 13975 666
13975 2313 666
2313 1562 666
1562 6209 666
6209 23787 666
23787 11113 666
11113 22666 666
22666 17569 666
17569 24801 666
24801 22309 666
22309 8249 666
8249 2561 666
2561 23579 666
23579 9808 666
9808 8147 666
8147 2953 666
2953 5927 666
5927 5459 666
5459 2415 666
2415 12968 666
25099 6254 667
6254 7454 667
7454 5038 667
5038 15680 667
15680 13534 667
13534 3701 667
3701 8727 667
8727 24181 667
24181 16924 667
16924 9067 667
9067 8150 667
8150 13295 667
13295 1026 667
1026 22898 667
22898 9993 667
9993 17008 667
17008 422 667
422 16807 667
16807 3467 667
3467 10888 667
10888 11408 667
11408 5240 667
5240 24929 667
24929 21134 667
21134 23029 667
12299 16899 668
16899 6809 668
6809 20926 668
20926 4256 668
4256 23306 668
23306 12444 668
12444 19209 668
19209 22241 668
22241 17598 668
17598 14642 668
14642 2532 668
2532 8141 668
8141 5042 668
5042 23458 668
23458 19215 668
19215 19144 668
19144 7756 668
7756 19161 668
19161 24963 668
24963 22406 668
22406 25079 668
25079 2227 668
2227 6170 668
6170 11755 668
11755 17084 668
24969 3604 669
3604 25181 669
25181 11407 669
11407 14110 669
14110 12128 669
12128 9332 669
9332 13510 669
13510 21253 669
21253 7440 669
7440 6328 669
6328 16761 669
16761 20915 669
20915 2513 669
2513 2672 669
2672 17229 669
17229 6778 669
6778 23067 669
23067 20622 669
20622 21988 669
21988 20737 669
20737 13046 669
13046 2040 669
2040 5018 669
5018 8308 669
8308 24714 669
17656 24510 670
24510 3768 670
3768 9724 670
9724 15412 670
15412 11320 670
11320 3785 670
3785 25754 670
25754 18930 670
18930 1298 670
1298 1998 670
1998 13406 670
13406 14961 670
14961 7995 670
7995 12844 670
12844 9909 670
9909 24348 670
24348 24723 670
24723 7006 670
7006 488 670
488 15041 670
15041 13061 670
13061 16513 670
16513 10442 670
10442 21924 670
21924 20134 670
6382 11634 671
11634 17695 671
17695 11905 671
11905 12287 671
12287 17535 671
17535 1203 671
1203 10105 671
10105 901 671
901 21822 671
21822 6763 671
6763 14632 671
14632 8316 671
8316 15161 671
15161 7696 671
7696 11362 671
11362 1473 671
1473 23636 671
23636 13491 671
13491 7895 671
7895 3397 671
3397 7244 671
7244 18901 671
18901 10321 671
10321 14100 671
14100 8163 671
16484 13632 672
13632 11974 672
11974 22360 672
22360 24431 672
24431 11231 672
11231 10101 672
10101 1805 672
1805 23137 672
23137 16324 672
16324 15518 672
15518 817 672
817 10607 672
10607 12047 672
12047 19592 672
19592 4830 672
4830 3241 672
3241 11149 672
11149 25720 672
25720 16770 672
16770 631 672
631 3617 672
3617 6694 672
6694 1357 672
1357 3005 672
3005 10045 672
20998 7272 673
7272 22542 673
22542 5715 673
5715 7700 673
7700 14646 673
14646 19856 673
19856 4153 673
4153 20895 673
20895 11708 673
11708 13951 673
13951 18616 673
18616 19236 673
19236 3136 673
3136 13496 673
13496 6134 673
6134 3424 673
3424 19926 673
19926 19386 673
19386 24272 673
24272 17106 673
17106 5547 673
5547 25589 673
25589 1558 673
1558 8373 673
8373 10802 673
20903 9679 674
9679 15244 674
15244 21541 674
21541 23651 674
23651 15967 674
15967 9812 674
9812 18832 674
18832 18196 674
18196 12588 674
12588 11826 674
11826 12705 674
12705 11330 674
11330 18243 674
18243 25001 674
25001 2322 674
2322 3908 674
3908 19000 674
19000 24096 674
24096 4072 674
4072 8268 674
8268 8229 674
8229 19327 674
19327 17957 674
17957 1117 674
1117 21052 674
24516 11963 675
11963 1497 675
1497 12995 675
12995 6361 675
6361 17592 675
17592 7817 675
7817 5031 675
5031 793 675
793 22233 675
22233 25755 675
25755 14059 675
14059 20145 675
20145 11268 675
11268 25801 675
25801 24989 675
24989 22461 675
22461 9704 675
9704 12048 675
12048 7163 675
7163 15060 675
15060 1461 675
1461 7561 675
7561 11701 675
11701 6241 675
6241 18245 675
18738 22396 676
22396 2138 676
2138 25944 676
25944 23157 676
23157 17934 676
17934 12689 676
12689 21695 676
21695 25833 676
25833 16948 676
16948 19550 676
19550 20884 676
20884 9874 676
9874 20755 676
20755 11410 676
11410 7103 676
7103 17510 676
17510 24228 676
24228 8159 676
8159 24705 676
24705 22400 676
22400 8874 676
8874 10073 676
10073 20885 676
20885 7870 676
7870 19474 676
7889 17550 677
17550 10350 677
10350 13236 677
13236 13745 677
13745 6144 677
6144 20504 677
20504 23233 677
23233 13771 677
13771 935 677
935 16660 677
16660 19933 677
19933 22933 677
22933 22091 677
22091 17268 677
17268 18813 677
18813 13261 677
13261 13203 677
13203 24765 677
24765 9193 677
9193 9153 677
9153 15915 677
15915 17530 677
17530 11077 677
11077 22021 677
22021 19788 677
17584 1373 678
1373 2020 678
2020 10138 678
10138 13573 678
13573 17770 678
17770 14011 678
14011 19640 678
19640 8175 678
8175 4255 678
4255 24923 678
24923 22020 678
22020 12043 678
12043 4126 678
4126 11769 678
11769 10647 678
10647 15285 678
15285 23962 678
23962 11244 678
11244 13980 678
13980 310 678
310 8278 678
8278 4208 678
4208 17504 678
17504 1713 678
1713 10220 678
10193 21836 679
21836 12943 679
12943 15405 679
15405 7336 679
7336 5032 679
5032 18771 679
18771 12850 679
12850 5678 679
5678 7732 679
7732 7558 679
7558 25513 679
25513 17152 679
17152 13952 679
13952 1395 679
1395 13103 679
13103 20851 679
20851 8393 679
8393 21023 679
21023 5196 679
5196 19101 679
19101 25477 679
25477 20873 679
20873 8913 679
8913 25996 679
25996 7207 679
17854 24814 680
24814 23804 680
23804 11497 680
11497 20744 680
20744 6668 680
6668 5244 680
5244 2003 680
2003 19425 680
19425 1334 680
1334 18263 680
18263 407 680
407 10462 680
10462 14299 680
14299 17876 680
17876 18298 680
18298 7706 680
7706 10237 680
10237 15393 680
15393 786 680
786 248 680
248 24100 680
24100 6123 680
6123 13171 680
13171 15626 680
15626 15022 680
22657 11588 681
11588 4512 681
4512 9537 681
9537 1389 681
1389 21851 681
21851 163 681
163 21336 681
21336 11093 681
11093 9027 681
9027 20682 681
20682 5999 681
5999 3064 681
3064 2614 681
2614 19574 681
19574 19382 681
19382 25953 681
25953 22847 681
22847 1972 681
1972 14680 681
14680 11481 681
11481 9732 681
9732 3729 681
3729 22864 681
22864 15301 681
15301 22815 681
6439 11 682
11 15840 682
15840 14000 682
14000 9348 682
9348 6822 682
6822 20254 682
20254 19792 682
19792 216 682
216 3399 682
3399 25591 682
25591 22934 682
22934 4874 682
4874 16067 682
16067 9042 682
9042 25386 682
25386 19770 682
19770 2810 682
2810 1467 682
1467 22619 682
22619 5289 682
5289 13438 682
13438 23649 682
23649 21291 682
21291 24201 682
24201 14375 682
17860 12318 683
12318 21746 683
21746 6422 683
6422 5429 683
5429 7795 683
7795 23118 683
23118 3919 683
3919 22629 683
22629 8609 683
8609 10150 683
10150 9056 683
9056 1474 683
1474 12635 683
12635 25023 683
25023 11834 683
11834 18500 683
18500 12688 683
12688 7528 683
7528 25458 683
25458 21436 683
21436 2634 683
2634 7987 683
7987 2607 683
2607 4819 683
4819 13429 683
21613 23531 684
23531 24051 684
24051 13584 684
13584 22118 684
22118 23461 684
23461 4065 684
4065 6139 684
6139 20799 684
20799 15648 684
15648 10426 684
10426 22132 684
22132 9638 684
9638 16321 684
16321 23153 684
23153 18315 684
18315 19862 684
19862 5126 684
5126 25459 684
25459 19863 684
19863 8886 684
8886 25993 684
25993 19277 684
19277 9666 684
9666 14838 684
14838 20251 684
9626 15796 685
15796 3356 685
3356 22811 685
22811 3894 685
3894 22106 685
22106 11651 685
11651 11649 685
11649 24648 685
24648 13494 685
13494 9385 685
9385 15948 685
15948 15800 685
15800 4336 685
4336 13864 685
13864 11302 685
11302 8846 685
8846 25441 685
25441 20508 685
20508 22864 685
22864 17480 685
17480 820 685
820 24371 685
24371 13850 685
13850 2221 685
2221 6324 685
17169 6524 686
6524 12778 686
12778 21334 686
21334 2132 686
2132 9991 686
9991 24213 686
24213 15639 686
15639 20454 686
20454 5765 686
5765 6989 686
6989 6263 686
6263 2337 686
2337 11667 686
11667 5491 686
5491 8811 686
8811 11176 686
11176 19043 686
19043 20558 686
20558 13680 686
13680 15959 686
15959 7007 686
7007 23773 686
23773 21044 686
21044 20630 686
20630 19348 686
10991 12841 687
12841 12942 687
12942 14668 687
14668 7113 687
7113 18370 687
18370 13655 687
13655 11986 687
11986 15991 687
15991 20304 687
20304 4444 687
4444 25770 687
25770 20850 687
20850 22038 687
22038 17614 687
17614 13145 687
13145 18128 687
18128 8069 687
8069 11413 687
11413 10815 687
10815 12467 687
12467 5750 687
5750 573 687
573 13984 687
13984 22220 687
22220 5276 687
7485 18110 688
18110 16495 688
16495 19644 688
19644 21015 688
21015 6537 688
6537 25542 688
25542 10487 688
10487 3464 688
3464 16766 688
16766 18696 688
18696 18315 688
18315 23202 688
23202 12031 688
12031 20804 688
20804 1539 688
1539 10568 688
10568 20203 688
20203 10366 688
10366 12563 688
12563 21114 688
21114 20882 688
20882 23980 688
23980 23717 688
23717 17849 688
17849 407 688
19183 2926 689
2926 21946 689
21946 7690 689
7690 11827 689
11827 14490 689
14490 2487 689
2487 3531 689
3531 3534 689
3534 19464 689
19464 18692 689
18692 10031 689
10031 11283 689
11283 20067 689
20067 862 689
862 15691 689
15691 20281 689
20281 13875 689
13875 6049 689
6049 22494 689
22494 3376 689
3376 23576 689
23576 10843 689
10843 13077 689
13077 7760 689
7760 22522 689
11549 5695 690
5695 25247 690
25247 20431 690
20431 6554 690
6554 20936 690
20936 215 690
215 23630 690
23630 8890 690
8890 4300 690
4300 15233 690
15233 9866 690
9866 18791 690
18791 19102 690
19102 25291 690
25291 4313 690
4313 17404 690
17404 18059 690
18059 7179 690
7179 5481 690
5481 5474 690
5474 23250 690
23250 4585 690
4585 20854 690
20854 7074 690
7074 14295 690
10039 21450 691
21450 8147 691
8147 7665 691
7665 9746 691
9746 12192 691
12192 1626 691
1626 8833 691
8833 25214 691
25214 9293 691
9293 20943 691
20943 1271 691
1271 18719 691
18719 10304 691
10304 9668 691
9668 16567 691
16567 22969 691
22969 12072 691
12072 8292 691
8292 22722 691
22722 20210 691
20210 2703 691
2703 19255 691
19255 24751 691
24751 9331 691
9331 25056 691
16733 20837 692
20837 15967 692
15967 19471 692
19471 7375 692
7375 8111 692
8111 15880 692
15880 25533 692
25533 9356 692
9356 14304 692
14304 464 692
464 4221 692
4221 173 692
173 24795 692
24795 19199 692
19199 14920 692
14920 2788 692
2788 443 692
443 18600 692
18600 8236 692
8236 23364 692
23364 2875 692
2875 6195 692
6195 10276 692
10276 240 692
240 21496 692
18520 261 693
261 3411 693
3411 13412 693
13412 17337 693
17337 20478 693
20478 5681 693
5681 7599 693
7599 18390 693
18390 25843 693
25843 15059 693
15059 9983 693
9983 626 693
626 12560 693
12560 11763 693
11763 23204 693
23204 6351 693
6351 2560 693
2560 12052 693
12052 4241 693
4241 15896 693
15896 23465 693
23465 11648 693
11648 18379 693
18379 272 693
272 5622 693
5721 13201 694
13201 131 694
131 16151 694
16151 25996 694
25996 10809 694
10809 3579 694
3579 23176 694
23176 10663 694
10663 1493 694
1493 20768 694
20768 9585 694
9585 6759 694
6759 18625 694
18625 8583 694
8583 19525 694
19525 22649 694
22649 13585 694
13585 9150 694
9150 18649 694
18649 25781 694
25781 13157 694
13157 25447 694
25447 13665 694
13665 5128 694
5128 25658 694
7073 16992 695
16992 19599 695
19599 7765 695
7765 9465 695
9465 21556 695
21556 15529 695
15529 19445 695
19445 14357 695
14357 18390 695
18390 19946 695
19946 16524 695
16524 17059 695
17059 5598 695
5598 3566 695
3566 10674 695
10674 22348 695
22348 11761 695
11761 942 695
942 25663 695
25663 6610 695
6610 25995 695
25995 7257 695
7257 19772 695
19772 7601 695
7601 9514 695
7602 16338 696
16338 11733 696
11733 7939 696
7939 7104 696
7104 673 696
673 20467 696
20467 8860 696
8860 23473 696
23473 6798 696
6798 10890 696
10890 7804 696
7804 23162 696
23162 6680 696
6680 392 696
392 20410 696
20410 1554 696
1554 18564 696
18564 8657 696
8657 18520 696
18520 9508 696
9508 2846 696
2846 23101 696
23101 25390 696
25390 387 696
387 19722 696
24332 3287 697
3287 3372 697
3372 11299 697
11299 4356 697
4356 7785 697
7785 17006 697
17006 13540 697
13540 22815 697
22815 19295 697
19295 11734 697
11734 4172 697
4172 13589 697
13589 16674 697
16674 8611 697
8611 17615 697
17615 1525 697
1525 6623 697
6623 21291 697
21291 15571 697
15571 1778 697
1778 1492 697
1492 18956 697
18956 4744 697
4744 20460 697
20460 9200 697
15160 7072 698
7072 20490 698
20490 6636 698
6636 19901 698
19901 1754 698
1754 6216 698
6216 18889 698
18889 11420 698
11420 12973 698
12973 9385 698
9385 2102 698
2102 2995 698
2995 25759 698
25759 11684 698
11684 14475 698
14475 17150 698
17150 15911 698
15911 3406 698
3406 17775 698
17775 25119 698
25119 13120 698
13120 8177 698
8177 6700 698
6700 21184 698
21184 18366 698
10068 14934 699
14934 23633 699
23633 24392 699
24392 3567 699
3567 23199 699
23199 4948 699
4948 2852 699
2852 9704 699
9704 10850 699
10850 13704 699
13704 15417 699
15417 24695 699
24695 5352 699
5352 4288 699
4288 11780 699
11780 1861 699
1861 3418 699
3418 9134 699
9134 9309 699
9309 18780 699
18780 18458 699
18458 3956 699
3956 5255 699
5255 18135 699
18135 3167 699
18724 6901 700
6901 15804 700
15804 7255 700
7255 12907 700
12907 7718 700
7718 17304 700
17304 13686 700
13686 15062 700
15062 6638 700
6638 13972 700
13972 4745 700
4745 14467 700
14467 7524 700
7524 8417 700
8417 14827 700
14827 22991 700
22991 799 700
799 2453 700
2453 15998 700
15998 9231 700
9231 25198 700
25198 16443 700
16443 20494 700
20494 13512 700
13512 7603 700
16843 15047 701
15047 7168 701
7168 2663 701
2663 17678 701
17678 24706 701
24706 1754 701
1754 19395 701
19395 24874 701
24874 191 701
191 15779 701
15779 9984 701
9984 10774 701
10774 10410 701
10410 12447 701
12447 3782 701
3782 2075 701
2075 19829 701
19829 1016 701
1016 9361 701
9361 10628 701
10628 19987 701
19987 4794 701
4794 17122 701
17122 15386 701
15386 2944 701
4551 18823 702
18823 10360 702
10360 14474 702
14474 10904 702
10904 18401 702
18401 24401 702
24401 24207 702
24207 11404 702
11404 4736 702
4736 15356 702
15356 18481 702
18481 18490 702
18490 11670 702
11670 14347 702
14347 7572 702
7572 3491 702
3491 20855 702
20855 24899 702
24899 17768 702
17768 12106 702
12106 15434 702
15434 16172 702
16172 6745 702
6745 6401 702
6401 20862 702
5128 11707 703
11707 7265 703
7265 19344 703
19344 13311 703
13311 17396 703
17396 2456 703
2456 19466 703
19466 6642 703
6642 21413 703
21413 12969 703
12969 15663 703
15663 19567 703
19567 10161 703
10161 12401 703
12401 25969 703
25969 18088 703
18088 22832 703
22832 9319 703
9319 9021 703
9021 22948 703
22948 8939 703
8939 20066 703
20066 24877 703
24877 6740 703
6740 1624 703
23747 15602 704
15602 13290 704
13290 2777 704
2777 25432 704
25432 18608 704
18608 16620 704
16620 21162 704
21162 6837 704
6837 6845 704
6845 2060 704
2060 12798 704
12798 23936 704
23936 24311 704
24311 2019 704
2019 19675 704
19675 23359 704
23359 8353 704
8353 11899 704
11899 4059 704
4059 2769 704
2769 6908 704
6908 3100 704
3100 22583 704
22583 14510 704
14510 23657 704
11583 24325 705
24325 23218 705
23218 25233 705
25233 10878 705
10878 3601 705
3601 12532 705
12532 12863 705
12863 11646 705
11646 21072 705
21072 13335 705
13335 19999 705
19999 16618 705
16618 20249 705
20249 25946 705
25946 1188 705
1188 23617 705
23617 10151 705
10151 12751 705
12751 23321 705
23321 19918 705
19918 9096 705
9096 6205 705
6205 14469 705
14469 11088 705
11088 6111 705
18575 17246 706
17246 25400 706
25400 6789 706
6789 8539 706
8539 23878 706
23878 3187 706
3187 14251 706
14251 20859 706
20859 10261 706
10261 3575 706
3575 11923 706
11923 18909 706
18909 1686 706
1686 468 706
468 3620 706
3620 9560 706
9560 20557 706
20557 154 706
154 16868 706
16868 18713 706
18713 16321 706
16321 4273 706
4273 7341 706
7341 24058 706
24058 23556 706
18993 16570 707
16570 6766 707
6766 18540 707
18540 1964 707
1964 7458 707
7458 21894 707
21894 7094 707
7094 25355 707
25355 13477 707
13477 19674 707
19674 19710 707
19710 13840 707
13840 13216 707
13216 14040 707
14040 19782 707
19782 14866 707
14866 15150 707
15150 3387 707
3387 1315 707
1315 8149 707
8149 14220 707
14220 25361 707
25361 11207 707
11207 2637 707
2637 14296 707
3251 10055 708
10055 17003 708
17003 23626 708
23626 25804 708
25804 1799 708
1799 2114 708
2114 9729 708
9729 7674 708
7674 12342 708
12342 15985 708
15985 21635 708
21635 1006 708
1006 17705 708
17705 13014 708
13014 2703 708
2703 106 708
106 23432 708
23432 10091 708
10091 19743 708
19743 19106 708
19106 16085 708
16085 16711 708
16711 5790 708
5790 24198 708
24198 25782 708
22702 23594 709
23594 16589 709
16589 25487 709
25487 18218 709
18218 2645 709
2645 17279 709
17279 16573 709
16573 11692 709
11692 10641 709
10641 23942 709
23942 19002 709
19002 13692 709
13692 1867 709
1867 21577 709
21577 17597 709
17597 11268 709
11268 3792 709
3792 1762 709
1762 1071 709
1071 460 709
460 3305 709
3305 16489 709
16489 3496 709
3496 4128 709
4128 24250 709
16598 20085 710
20085 13926 710
13926 16988 710
16988 7058 710
7058 23032 710
23032 11990 710
11990 785 710
785 1727 710
1727 16433 710
16433 21064 710
21064 7501 710
7501 11319 710
11319 348 710
348 721 710
721 13760 710
13760 3742 710
3742 4330 710
4330 4835 710
4835 13447 710
13447 2974 710
2974 10466 710
10466 401 710
401 22120 710
22120 23375 710
23375 23525 710
18127 16915 711
16915 9265 711
9265 14647 711
14647 182 711
182 1202 711
1202 25174 711
25174 12640 711
12640 1611 711
1611 13502 711
13502 7338 711
7338 16269 711
16269 10143 711
10143 23893 711
23893 10233 711
10233 21098 711
21098 23784 711
23784 5279 711
5279 22473 711
22473 4572 711
4572 8765 711
8765 9283 711
9283 17362 711
17362 18063 711
18063 4951 711
4951 24727 711
24727 9345 711
9345 8168 711
8168 1486 711
1486 10120 711
10120 4162 711
4162 1475 711
1475 10971 711
10971 9387 711
9387 5817 711
5817 5900 711
5900 8509 711
8509 18622 711
18622 21970 711
21970 5283 711
5283 11465 711
11465 4274 711
4274 581 711
581 21443 711
21443 5040 711
5040 25141 711
25141 946 711
946 25618 711
25618 5799 711
5799 23777 711
23777 25548 711
25548 3666 711
3666 22588 711
22588 19353 711
19353 25850 711
25850 24539 711
24539 10755 711
10755 12172 711
12172 6536 711
6536 5046 711
5046 19436 711
19436 8987 711
8987 22270 711
22270 16738 711
16738 1814 711
1814 4647 711
4647 9646 711
9646 7395 711
7395 1252 711
1252 25370 711
25370 23100 711
23100 5473 711
5473 12370 711
12370 156 711
156 12687 711
12687 684 711
684 19578 711
19578 14377 711
14377 22193 711
22193 18978 711
18978 2576 711
2576 3203 711
3203 2755 711
2755 22244 711
22244 24643 711
24643 843 711
843 10571 711
10571 7435 711
7435 25638 711
25638 20555 711
20555 18838 711
18838 4219 711
4219 19725 711
19725 2928 711
2928 4388 711
4388 2784 711
2784 9186 711
9186 15665 711
15665 17682 711
17682 3833 711
3833 2004 711
2004 1764 711
1764 5412 711
5412 2148 711
2148 1479 711
1479 11938 711
11938 18731 711
18731 12911 711
12911 18337 711
18337 12060 711
12060 18959 711
18959 16491 711
16491 3754 711
3754 24994 711
24994 16650 711
16650 4606 711
4606 12848 711
12848 25950 711
25950 750 711
750 24732 711
24732 21697 711
21697 22675 711
22675 1147 711
1147 3509 711
3509 24021 711
24021 24843 711
24843 12037 711
12037 19004 711
19004 5284 711
5284 13715 711
13715 7699 711
7699 4705 711
4705 24307 711
24307 5306 711
5306 6567 711
6567 17812 711
17812 14386 711
14386 4185 711
4185 15584 711
15584 6039 711
6039 22162 711
22162 8524 711
8524 23328 711
23328 19389 711
19389 19078 711
19078 17423 711
17423 18882 711
18882 24101 711
24101 15633 711
15633 18200 711
18200 3559 711
3559 25650 711
25650 1521 711
1521 1386 711
1386 8764 711
8764 1151 711
1151 11563 711
11563 973 711
973 5781 711
5781 16242 711
16242 12206 711
12206 18798 711
18798 3578 711
3578 6525 711
6525 13991 711
13991 17398 711
17398 13031 711
13031 7783 711
7783 16956 711
16956 22250 711
22250 25253 711
25253 13501 711
13501 25780 711
25780 11865 711
11865 2771 711
2771 7610 711
7610 4233 711
4233 2292 711
2292 23587 711
23587 8908 711
8908 15049 711
15049 8519 711
8519 22889 711
22889 2609 711
2609 25863 711
25863 25654 711
25654 9675 711
9675 23389 711
23389 25708 711
25708 16886 711
16886 12945 711
12945 4817 711
4817 9244 711
9244 25236 711
25236 25893 711
25893 4507 711
4507 18473 711
18473 8280 711
8280 6082 711
6082 25586 711
25586 211 711
211 3194 711
3194 12249 711
12249 4646 711
4646 20880 711
20880 9128 711
9128 1940 711
1940 24414 711
24414 13388 711
13388 1316 711
1316 5347 711
5347 20380 711
20380 5223 711
5223 6742 711
6742 24205 711
24205 1331 711
1331 20157 711
20157 6739 711
6739 15812 711
15812 4335 711
4335 705 711
705 3178 711
3178 8295 711
8295 13249 711
13249 20470 711
20470 20570 711
20570 16332 711
16332 13862 711
13862 13628 711
13628 10148 711
10148 246 711
246 4054 711
4054 17664 711
17664 11224 711
11224 3826 711
3826 4986 711
4986 4728 711
4728 21917 711
21917 19177 711
19177 12314 711
12314 23215 711
23215 9898 711
9898 2110 711
2110 3863 711
3863 5107 711
5107 12826 711
12826 17672 711
17672 12017 711
12017 15945 711
15945 5975 711
5975 2964 711
2964 1614 711
1614 5747 711
5747 9900 711
9900 116 711
116 5510 711
5510 17853 711
17853 8985 711
8985 17605 711
17605 16318 711
16318 13404 711
13404 19351 711
19351 14652 711
14652 15652 711
15652 22799 711
22799 3836 711
3836 16245 711
16245 4684 711
4684 14913 711
14913 14183 711
14183 25254 711
25254 17858 711
17858 7905 711
7905 12269 711
12269 5876 711
5876 23948 711
23948 10034 711
10034 15142 711
15142 8879 711
8879 23610 711
23610 19529 711
19529 14273 711
14273 996 711
996 16128 711
16128 20661 711
20661 12014 711
12014 7954 711
7954 23245 711
23245 4520 711
4520 19666 711
19666 17468 711
17468 14496 711
14496 14332 711
14332 24229 711
24229 24990 711
24990 2764 711
2764 5035 711
5035 1085 711
1085 10278 711
10278 5835 711
5835 5814 711
5814 8375 711
8375 18055 711
18055 13165 711
13165 11555 711
11555 3472 711
3472 23964 711
23964 25230 711
25230 11890 711
11890 21661 711
21661 21274 711
21274 25285 711
25285 25686 711
25686 14115 711
14115 5248 711
5248 16664 711
16664 12165 711
12165 13525 711
13525 11298 711
11298 3793 711
3793 10013 711
10013 1184 711
1184 23279 711
23279 5027 711
5027 395 711
395 21062 711
21062 18878 711
18878 13495 711
13495 6521 711
6521 11859 711
11859 17149 711
17149 17869 711
17869 4122 711
4122 10506 711
10506 13454 711
13454 24750 711
24750 7617 711
7617 18346 711
18346 8976 711
8976 3310 711
3310 22263 711
22263 11125 711
11125 23538 711
23538 1671 711
1671 13602 711
13602 7691 711
7691 11823 711
11823 16167 711
16167 22788 711
22788 6651 711
6651 20653 711
20653 2655 711
2655 25087 711
25087 895 711
895 13880 711
13880 20295 711
20295 18596 711
18596 21974 711
21974 22037 711
22037 12951 711
12951 751 711
751 1565 711
1565 6495 711
6495 12040 711
12040 8793 711
8793 21869 711
21869 21054 711
21054 14169 711
14169 8128 711
8128 24593 711
24593 18686 711
18686 355 711
355 23156 711
23156 1904 711
1904 17476 711
17476 6231 711
6231 16223 711
16223 7471 711
7471 21005 711
21005 5390 711
5390 8696 711
8696 15439 711
15439 2768 711
2768 1914 711
1914 3777 711
3777 4994 711
4994 4560 711
4560 25299 711
25299 15460 711
15460 11721 711
11721 7914 711
7914 6100 711
6100 6794 711
6794 7090 711
7090 1892 711
1892 1258 711
1258 15400 711
15400 13111 711
13111 21340 711
21340 10362 711
10362 12814 711
12814 13279 711
13279 353 711
353 21552 711
21552 5938 711
5938 7060 711
7060 19184 711
19184 19487 711
19487 20292 711
20292 22966 711
22966 736 711
736 5130 711
5130 9446 711
9446 7382 711
7382 22390 711
22390 7424 711
7424 11880 711
11880 11850 711
11850 3285 711
3285 17787 711
17787 9294 711
9294 5045 711
5045 16363 711
16363 12240 711
12240 20919 711
20919 22979 711
22979 25633 711
25633 2808 711
2808 17234 711
17234 20342 711
20342 25258 711
25258 994 711
994 17898 711
17898 7931 711
7931 3328 711
3328 25536 711
25536 4299 711
4299 20424 711
20424 13688 711
13688 13162 711
13162 17966 711
17966 25590 711
25590 783 711
783 24810 711
24810 2071 711
2071 21592 711
21592 14016 711
14016 8559 711
8559 20964 711
20964 11694 711
11694 10433 711
10433 15887 711
15887 20248 711
20248 9829 711
9829 459 711
459 9213 711
9213 411 711
411 20075 711
20075 22334 711
22334 16986 711
16986 19930 711
19930 1330 711
1330 22194 711
22194 7796 711
7796 3725 711
3725 4661 711
4661 14176 711
14176 7918 711
7918 12289 711
12289 10249 711
10249 22673 711
22673 1256 711
1256 7719 711
7719 8496 711
8496 7513 711
7513 20648 711
20648 14773 711
14773 14071 711
14071 12835 711
12835 20378 711
20378 3955 711
3955 18241 711
18241 19365 711
19365 5338 711
5338 20113 711
20113 8671 711
8671 8343 711
8343 7850 711
7850 20302 711
20302 10169 711
10169 12056 711
12056 3922 711
3922 16517 711
16517 15348 711
15348 4682 711
4682 480 711
480 12177 711
12177 1178 711
1178 19809 711
19809 11758 711
11758 17277 711
17277 22044 711
22044 5290 711
5290 20685 711
20685 22296 711
22296 1613 711
1613 2590 711
2590 94 711
94 2781 711
2781 21841 711
21841 14318 711
14318 9098 711
9098 513 711
513 7467 711
7467 18375 711
18375 10212 711
10212 17553 711
17553 15063 711
15063 17621 711
17621 14993 711
14993 19456 711
19456 2796 711
2796 15888 711
15888 16380 711
16380 20133 711
20133 3522 711
3522 19953 711
19953 14459 711
14459 7051 711
7051 16135 711
16135 8904 711
8904 3092 711
3092 7632 711
7632 9869 711
9869 10365 711
10365 4033 711
4033 1138 711
1138 2960 711
2960 11010 711
11010 20020 711
20020 14126 711
14126 10742 711
10742 25798 711
25798 2235 711
2235 11204 711
11204 8199 711
8199 6164 711
6164 11868 711
11868 4700 711
4700 14378 711
14378 2038 711
2038 2098 711
2098 2833 711
2833 23542 711
23542 15490 711
15490 10814 711
10814 20872 711
20872 8 711
8 13788 711
13788 6712 711
6712 4719 711
4719 7576 711
7576 18464 711
18464 17730 711
17730 2606 711
2606 9527 711
9527 18700 711
18700 18235 711
18235 67 711
67 18030 711
18030 13384 711
13384 20219 711
20219 5394 711
5394 24619 711
24619 19470 711
19470 22424 711
22424 23642 711
23642 20717 711
20717 19944 711
19944 6581 711
6581 8775 711
8775 19090 711
19090 23323 711
23323 6029 711
6029 3843 711
3843 14715 711
14715 2822 711
2822 21144 711
21144 21576 711
21576 22531 711
22531 13923 711
13923 698 711
698 7900 711
7900 5034 711
5034 15352 711
15352 3346 711
3346 21660 711
21660 15508 711
15508 23242 711
23242 20916 711
20916 2226 711
2226 481 711
481 21105 711
21105 23853 711
23853 25364 711
25364 5979 711
5979 19105 711
19105 15758 711
15758 22317 711
22317 22340 711
22340 9079 711
9079 2617 711
2617 24741 711
24741 15922 711
15922 5222 711
5222 23701 711
23701 9635 711
9635 1803 711
1803 20077 711
20077 6438 711
6438 6266 711
6266 20463 711
20463 13963 711
13963 24806 711
24806 8513 711
8513 22505 711
22505 14559 711
14559 18816 711
18816 20603 711
20603 22730 711
22730 16631 711
16631 13912 711
13912 13294 711
13294 8788 711
8788 9975 711
9975 4018 711
4018 10328 711
10328 23442 711
23442 25563 711
25563 25501 711
25501 23430 711
23430 18451 711
18451 5368 711
5368 23753 711
23753 21265 711
21265 22095 711
22095 12293 711
12293 22896 711
22896 13746 711
13746 22695 711
22695 3462 711
3462 9823 711
9823 683 711
683 4121 711
4121 11830 711
11830 6701 711
6701 1154 711
1154 10555 711
10555 21366 711
21366 9875 711
9875 12433 711
12433 12184 711
12184 14734 711
14734 10793 711
10793 16285 711
16285 17153 711
17153 17560 711
17560 542 711
542 13386 711
13386 25040 711
25040 5102 711
5102 23132 711
23132 17254 711
17254 24553 711
24553 23939 711
23939 21234 711
21234 6612 711
6612 12987 711
12987 4293 711
4293 24862 711
24862 10315 711
10315 20944 711
20944 13620 711
13620 23591 711
23591 24744 711
24744 24395 711
24395 13701 711
13701 19071 711
19071 766 711
766 7309 711
7309 11946 711
11946 24934 711
24934 18872 711
18872 22497 711
22497 1682 711
1682 18937 711
18937 14358 711
14358 18689 711
18689 4617 711
4617 3546 711
3546 23683 711
23683 20499 711
20499 14938 711
14938 175 711
175 6486 711
6486 23713 711
23713 10772 711
10772 2118 711
2118 13096 711
13096 23816 711
23816 10792 711
10792 17125 711
17125 17563 711
17563 10694 711
10694 3244 711
3244 16010 711
16010 21383 711
21383 13898 711
13898 23419 711
23419 14512 711
14512 15820 711
15820 10359 711
10359 24208 711
24208 14191 711
14191 19800 711
19800 3017 711
3017 13918 711
13918 17979 711
17979 23963 711
23963 17546 711
17546 25574 711
25574 23053 711
23053 22304 711
22304 3629 711
3629 21656 711
21656 14185 711
14185 11645 711
11645 25592 711
25592 24949 711
24949 19132 711
19132 15286 711
15286 18255 711
18255 1430 711
1430 20097 711
20097 23767 711
23767 15824 711
15824 6062 711
6062 1928 711
1928 23716 711
23716 24140 711
24140 21771 711
21771 15618 711
15618 9853 711
9853 1820 711
1820 22011 711
22011 6236 711
6236 1911 711
1911 3495 711
3495 24249 711
24249 23462 711
23462 22772 711
22772 854 711
854 16688 711
16688 15097 711
15097 25882 711
25882 15516 711
15516 24306 711
24306 19185 711
19185 3912 711
3912 13029 711
13029 7779 711
7779 21563 711
21563 19968 711
19968 9333 711
9333 3435 711
3435 21920 711
21920 2085 711
2085 24433 711
24433 17746 711
17746 19125 711
19125 1460 711
1460 19435 711
19435 9862 711
9862 10014 711
10014 24685 711
24685 22027 711
22027 23346 711
23346 15611 711
15611 3052 711
3052 21174 711
21174 17483 711
17483 6784 711
6784 3658 711
3658 11659 711
11659 1287 711
1287 6762 711
6762 4084 711
4084 8384 711
8384 24449 711
24449 7927 711
7927 24497 711
24497 14931 711
14931 10632 711
10632 6933 711
6933 21242 711
21242 5766 711
5766 2913 711
2913 24536 711
24536 3753 711
3753 18007 711
18007 21814 711
21814 4751 711
4751 9177 711
9177 21676 711
21676 15118 711
15118 21976 711
21976 18106 711
18106 20655 711
20655 8821 711
8821 24020 711
24020 19604 711
19604 11112 711
11112 9212 711
9212 6472 711
6472 10798 711
10798 16966 711
16966 419 711
419 23466 711
23466 20340 711
20340 18466 711
18466 9628 711
9628 22664 711
22664 8399 711
8399 5331 711
5331 3314 711
3314 22273 711
22273 25860 711
25860 15935 711
15935 9435 711
9435 5930 711
5930 18139 711
18139 22166 711
22166 8722 711
8722 11901 711
11901 22710 711
22710 11353 711
11353 23060 711
23060 17028 711
17028 8598 711
8598 19996 711
19996 19786 711
19786 5194 711
5194 15823 711
15823 6234 711
6234 4042 711
4042 24483 711
24483 8183 711
8183 14727 711
14727 4231 711
4231 10060 711
10060 1168 711
1168 18843 711
18843 11976 711
11976 10776 711
10776 19733 711
19733 15928 711
15928 21428 711
21428 11154 711
11154 787 711
787 22472 711
22472 9210 711
9210 11998 711
11998 17208 711
17208 1939 711
1939 16062 711
16062 12809 711
12809 1569 711
1569 24828 711
24828 11592 711
11592 6715 711
6715 293 711
293 10049 711
10049 18146 711
18146 7807 711
7807 4813 711
4813 14246 711
14246 23620 711
23620 19745 711
19745 17379 711
17379 12113 711
12113 16329 711
16329 14230 711
14230 1239 711
1239 17434 711
17434 23070 711
23070 8689 711
8689 14550 711
14550 8304 711
8304 10698 711
10698 21457 711
21457 13018 711
13018 2863 711
2863 25464 711
25464 25190 711
25190 21665 711
21665 4667 711
4667 7480 711
7480 23055 711
23055 4425 711
4425 15597 711
15597 9804 711
9804 9436 711
9436 12300 711
12300 9928 711
9928 3927 711
3927 23792 711
23792 5513 711
5513 7972 711
7972 15993 711
15993 18281 711
18281 18837 711
18837 7992 711
7992 23779 711
23779 11857 711
11857 5121 711
5121 6803 711
6803 8802 711
8802 21332 711
21332 23106 711
23106 8501 711
8501 10593 711
10593 13822 711
13822 13888 711
13888 16749 711
16749 21079 711
21079 1005 711
1005 15745 711
15745 3882 711
3882 2685 711
2685 1661 711
1661 11143 711
11143 24385 711
24385 4746 711
4746 19276 711
19276 14541 711
14541 19984 711
19984 10942 711
10942 13177 711
13177 12641 711
12641 25342 711
25342 18424 711
18424 18069 711
18069 3185 711
3185 17383 711
17383 20832 711
20832 24831 711
24831 24822 711
24822 15803 711
15803 15768 711
15768 12308 711
12308 4357 711
4357 23337 711
23337 11245 711
11245 1567 711
1567 7165 711
7165 22990 711
22990 16686 711
16686 14622 711
14622 12061 711
12061 1986 711
1986 12053 711
12053 21918 711
21918 20618 711
20618 4865 711
4865 19727 711
19727 4954 711
4954 9108 711
9108 24000 711
24000 8492 711
8492 62 711
62 16078 711
16078 5720 711
5720 8365 711
8365 1078 711
1078 7738 711
7738 11628 711
11628 14803 711
14803 24615 711
24615 21859 711
21859 15569 711
15569 14413 711
14413 19781 711
19781 12576 711
12576 6526 711
6526 13151 711
13151 2261 711
2261 6227 711
6227 13529 711
13529 6764 711
6764 12448 711
12448 10730 711
10730 10627 711
10627 3363 711
3363 15379 711
15379 2289 711
2289 17646 711
17646 4405 711
4405 5875 711
5875 11898 711
11898 12792 711
12792 17917 711
17917 6606 711
6606 12157 711
12157 1811 711
1811 21393 711
21393 7606 711
7606 2016 711
2016 10543 711
10543 7634 711
7634 9770 711
9770 6664 711
6664 6937 711
6937 12256 711
12256 5819 711
5819 6057 711
6057 5388 711
5388 9099 711
9099 8099 711
8099 5805 711
5805 11535 711
11535 14796 711
14796 10577 711
10577 8881 711
8881 11167 711
11167 3055 711
3055 25724 711
25724 14774 711
14774 15197 711
15197 5571 711
5571 13149 711
13149 10308 711
10308 15026 711
15026 20572 711
20572 10274 711
10274 12965 711
12965 5991 711
5991 12675 711
12675 10823 711
10823 13354 711
13354 22577 711
22577 25037 711
25037 327 711
327 7448 711
7448 22475 711
22475 21301 711
21301 13867 711
13867 7314 711
7314 23151 711
23151 15479 711
15479 13637 711
13637 3599 711
3599 12116 711
12116 19009 711
19009 8695 711
8695 21821 711
21821 14004 711
14004 5190 711
5190 13968 711
13968 285 711
285 14276 711
14276 12678 711
12678 20747 711
20747 3357 711
3357 24165 711
24165 25221 711
25221 4502 711
4502 17922 711
17922 3106 711
3106 18406 711
18406 12758 711
12758 21798 711
21798 7970 711
7970 5071 711
5071 17660 711
17660 20751 711
20751 2147 711
2147 11617 711
11617 14879 711
14879 7329 711
7329 15058 711
15058 22485 711
22485 16625 711
16625 4602 711
4602 5311 711
5311 2633 711
2633 696 711
696 24052 711
24052 19635 711
19635 5624 711
5624 20174 711
20174 7964 711
7964 5872 711
5872 12292 711
12292 8212 711
8212 20184 711
20184 23333 711
23333 14738 711
14738 7990 711
7990 19600 711
19600 286 711
286 15752 711
15752 25411 711
25411 4377 711
4377 8909 711
8909 10154 711
10154 6898 711
6898 2005 711
2005 16837 711
16837 13966 711
13966 14810 711
14810 18754 711
18754 835 711
835 25330 711
25330 10695 711
10695 18168 711
18168 23911 711
23911 3362 711
3362 11147 711
11147 16348 711
16348 9211 711
9211 25130 711
25130 1949 711
1949 18100 711
18100 1105 711
1105 4903 711
4903 18068 711
18068 1039 711
1039 1424 711
1424 20336 711
20336 13870 711
13870 6918 711
6918 13081 711
13081 18031 711
18031 16922 711
16922 4062 711
4062 1573 711
1573 23540 711
23540 10439 711
10439 19947 711
19947 3162 711
3162 1700 711
1700 4793 711
4793 12619 711
12619 4907 711
4907 19405 711
19405 20377 711
20377 11401 711
11401 22234 711
22234 3805 711
3805 2036 711
2036 19925 711
19925 19913 711
19913 20335 711
20335 13625 711
13625 4862 711
4862 20125 711
20125 2600 711
2600 7269 711
7269 7953 711
7953 5103 711
5103 21460 711
21460 6835 711
6835 7777 711
7777 24197 711
24197 6276 711
6276 14870 711
14870 814 711
814 5562 711
5562 6141 711
6141 2137 711
2137 25743 711
25743 15841 711
15841 12353 711
12353 836 711
836 9377 711
9377 3213 711
3213 14915 711
14915 13685 711
13685 13421 711
13421 18905 711
18905 22620 711
22620 22033 711
22033 18296 711
18296 1106 711
1106 6877 711
6877 16392 711
16392 17879 711
17879 4575 711
4575 5990 711
5990 23069 711
23069 7860 711
7860 24503 711
24503 14822 711
14822 19942 711
19942 2305 711
2305 21308 711
21308 21849 711
21849 21058 711
21058 8917 711
8917 19126 711
19126 5461 711
5461 3784 711
3784 5908 711
5908 6230 711
6230 10391 711
10391 21076 711
21076 24508 711
24508 15997 711
15997 20178 711
20178 3806 711
3806 24295 711
24295 23899 711
23899 11641 711
11641 3647 711
3647 593 711
593 7946 711
7946 5278 711
5278 5853 711
5853 21077 711
21077 2087 711
2087 4996 711
4996 5961 711
5961 22523 711
22523 2806 711
2806 18753 711
18753 4842 711
4842 21818 711
21818 20029 711
20029 20912 711
20912 11350 711
11350 19678 711
19678 17032 711
17032 2342 711
2342 20261 711
20261 13504 711
13504 18082 711
18082 19895 711
19895 17275 711
17275 12377 711
12377 2986 711
2986 3757 711
3757 6010 711
6010 17648 711
17648 16767 711
16767 21858 711
21858 13633 711
13633 25089 711
25089 7172 711
7172 11894 711
11894 10635 711
10635 23221 711
23221 8729 711
8729 19232 711
19232 24909 711
24909 1137 711
1137 15591 711
15591 9410 711
9410 25642 711
25642 12613 711
12613 15623 711
15623 24091 711
24091 2070 711
2070 4170 711
4170 10644 711
10644 6695 711
6695 23582 711
23582 13629 711
13629 11373 711
11373 1623 711
1623 14064 711
14064 20473 711
20473 18757 711
18757 6711 711
6711 22071 711
22071 4380 711
4380 8413 711
8413 16976 711
16976 4505 711
4505 4009 711
4009 20656 711
20656 7048 711
7048 14446 711
14446 25295 711
25295 8825 711
8825 11723 711
11723 6520 711
6520 23530 711
23530 14819 711
14819 18829 711
18829 21350 711
21350 3038 711
3038 18768 711
18768 12065 711
12065 3417 711
3417 8125 711
8125 9618 711
9618 3013 711
3013 25371 711
25371 13431 711
13431 4618 711
4618 15981 711
15981 10852 711
10852 11722 711
11722 7266 711
7266 21390 711
21390 12023 711
12023 1675 711
1675 14732 711
14732 13308 711
13308 24314 711
24314 5364 711
5364 25702 711
25702 24875 711
24875 16146 711
16146 16457 711
16457 4887 711
4887 24436 711
24436 22778 711
22778 1328 711
1328 10642 711
10642 16052 711
16052 7574 711
7574 3134 711
3134 25166 711
25166 18372 711
18372 20929 711
20929 1790 711
1790 16015 711
16015 9727 711
9727 2032 711
2032 4112 711
4112 13780 711
13780 10557 711
10557 3351 711
3351 6464 711
6464 18043 711
18043 10989 711
10989 15223 711
15223 19016 711
19016 3812 711
3812 23499 711
23499 18074 711
18074 22003 711
22003 17758 711
17758 1654 711
1654 1526 711
1526 8497 711
8497 10873 711
10873 14441 711
14441 15740 711
15740 21604 711
21604 5586 711
5586 5067 711
5067 3813 711
3813 18525 711
18525 9702 711
9702 19417 711
19417 16751 711
16751 20006 711
20006 7578 711
7578 16591 711
16591 22478 711
22478 16179 711
16179 14342 711
14342 11232 711
11232 2387 711
2387 3419 711
3419 11937 711
11937 1199 711
1199 24144 711
24144 2067 711
2067 13829 711
13829 23031 711
23031 24180 711
24180 12898 711
12898 24584 711
24584 4145 711
4145 10784 711
10784 21703 711
21703 18919 711
18919 8170 711
8170 23510 711
23510 17373 711
17373 16537 711
16537 4458 711
4458 20624 711
20624 14341 711
14341 7608 711
7608 18613 711
18613 8067 711
8067 23109 711
23109 14249 711
14249 17109 711
17109 8210 711
8210 23085 711
23085 16594 711
16594 12497 711
12497 3311 711
3311 2724 711
2724 1208 711
1208 7079 711
7079 14416 711
14416 21512 711
21512 18393 711
18393 18295 711
18295 436 711
436 5041 711
5041 14239 711
14239 3260 711
3260 23634 711
23634 9219 711
9219 14690 711
14690 403 711
403 18535 711
18535 19556 711
19556 15685 711
15685 7841 711
7841 9374 711
9374 2999 711
2999 14054 711
14054 3642 711
3642 17494 711
17494 7054 711
7054 4234 711
4234 13330 711
13330 12218 711
12218 13800 711
13800 24191 711
24191 16492 711
16492 11454 711
11454 25808 711
25808 14398 711
14398 13047 711
13047 9070 711
9070 12788 711
12788 11654 711
11654 22103 711
22103 2037 711
2037 16057 711
16057 3598 711
3598 21553 711
21553 2187 711
2187 23677 711
23677 11735 711
11735 17200 711
17200 11828 711
11828 17298 711
17298 12410 711
12410 21101 711
21101 18217 711
18217 14484 711
14484 8265 711
8265 4251 711
4251 19537 711
19537 23407 711
23407 22034 711
22034 15773 711
15773 794 711
794 14894 711
14894 20619 711
20619 4730 711
4730 23413 711
23413 10513 711
10513 6667 711
6667 5406 711
5406 10499 711
10499 3775 711
3775 14093 711
14093 5416 711
5416 3762 711
3762 6420 711
6420 1502 711
1502 17474 711
17474 11996 711
11996 10443 711
10443 6775 711
6775 964 711
964 24388 711
24388 21752 711
21752 3892 711
3892 18231 711
18231 4406 711
4406 25009 711
25009 31 711
31 11862 711
11862 12188 711
12188 2820 711
2820 12341 711
12341 10602 711
10602 24368 711
24368 8779 711
8779 24033 711
24033 8477 711
8477 12330 711
12330 13693 711
13693 21282 711
21282 5332 711
5332 3252 711
3252 8180 711
8180 5770 711
5770 22279 711
22279 9945 711
9945 10717 711
10717 6341 711
6341 12103 711
12103 9654 711
9654 8026 711
8026 25613 711
25613 17037 711
17037 18542 711
18542 9903 711
9903 20937 711
20937 15579 711
15579 12981 711
12981 4935 711
4935 18783 711
18783 13163 711
13163 21682 711
21682 7390 711
7390 23834 711
23834 4048 711
4048 9894 711
9894 11586 711
11586 3446 711
3446 3015 711
3015 25903 711
25903 15583 711
15583 100 711
100 967 711
967 18389 711
18389 6191 711
6191 9831 711
9831 19115 711
19115 11201 711
11201 15786 711
15786 24156 711
24156 9860 711
9860 15351 711
15351 25683 711
25683 20769 711
20769 1924 711
1924 21295 711
21295 9655 711
9655 10203 711
10203 2958 711
2958 4567 711
4567 15033 711
15033 14443 711
14443 13689 711
13689 23009 711
23009 16917 711
16917 61 711
61 6546 711
6546 10424 711
10424 207 711
207 5187 711
5187 4495 711
4495 5895 711
5895 288 711
288 15573 711
15573 518 711
518 8868 711
8868 16370 711
16370 24147 711
24147 21452 711
21452 16216 711
16216 4869 711
4869 18628 711
18628 24582 711
24582 11214 711
11214 18415 711
18415 10198 711
10198 22890 711
22890 9944 711
9944 4070 711
4070 19460 711
19460 21868 711
21868 23902 711
23902 16217 711
16217 1901 711
1901 6115 711
6115 11576 711
11576 11882 711
11882 18191 711
18191 16754 711
16754 4402 711
4402 4863 711
4863 1541 711
1541 23374 711
23374 8119 711
8119 13700 711
13700 2574 711
2574 3062 711
3062 25167 711
25167 18159 711
18159 6122 711
6122 19826 711
19826 25302 711
25302 4066 711
4066 19030 711
19030 12816 711
12816 16253 711
16253 18404 711
18404 13705 711
13705 11161 711
11161 13221 711
13221 21315 711
21315 10208 711
10208 7204 711
7204 4099 711
4099 8463 711
8463 7393 711
7393 4856 711
4856 6494 711
6494 11705 711
11705 7638 711
7638 9101 711
9101 16201 711
16201 21316 711
21316 18266 711
18266 14758 711
14758 1937 711
1937 22940 711
22940 18958 711
18958 2360 711
2360 13133 711
13133 13464 711
13464 14627 711
14627 4931 711
4931 18794 711
18794 8187 711
8187 12864 711
12864 2509 711
2509 3068 711
3068 19835 711
19835 10913 711
10913 23896 711
23896 2932 711
2932 13919 711
13919 22278 711
22278 587 711
587 20637 711
20637 18350 711
18350 4158 711
4158 13235 711
13235 13211 711
13211 420 711
420 10098 711
10098 20992 711
20992 22355 711
22355 655 711
655 14027 711
14027 18376 711
18376 17475 711
17475 20754 711
20754 21086 711
21086 3460 711
3460 22232 711
22232 22293 711
22293 24048 711
24048 2124 711
2124 6578 711
6578 340 711
340 23284 711
23284 15881 711
15881 11049 711
11049 2296 711
2296 8924 711
8924 19266 711
19266 25275 711
25275 17258 711
17258 12174 711
12174 14431 711
14431 5530 711
5530 22131 711
22131 3851 711
3851 16672 711
16672 5014 711
5014 7940 711
7940 11026 711
11026 7180 711
7180 2743 711
2743 2650 711
2650 16425 711
16425 18398 711
18398 22026 711
22026 12304 711
12304 6722 711
6722 11813 711
11813 24820 711
24820 23103 711
23103 10523 711
10523 10659 711
10659 14906 711
14906 4622 711
4622 1180 711
1180 23974 711
23974 4262 711
4262 8748 711
8748 8596 711
8596 13728 711
13728 21041 711
21041 5456 711
5456 2355 711
2355 7302 711
7302 9835 711
9835 23502 711
23502 16954 711
16954 702 711
702 22385 711
22385 19860 711
19860 11638 711
11638 10326 711
10326 17881 711
17881 13658 711
13658 15527 711
15527 3827 711
3827 10626 711
10626 11888 711
11888 24937 711
24937 829 711
829 20738 711
20738 710 711
710 14212 711
14212 8081 711
8081 22826 711
22826 4468 711
4468 12621 711
12621 195 711
195 15681 711
15681 3646 711
3646 7374 711
7374 2521 711
2521 14706 711
14706 7143 711
7143 12593 711
12593 271 711
271 9799 711
9799 22757 711
22757 15828 711
15828 12572 711
12572 18833 711
18833 4348 711
4348 18140 711
18140 12453 711
12453 24982 711
24982 18953 711
18953 2983 711
2983 17324 711
17324 2416 711
2416 23912 711
23912 20263 711
20263 20411 711
20411 2552 711
2552 5727 711
5727 10336 711
10336 4450 711
4450 16334 711
16334 971 711
971 8910 711
8910 14181 711
14181 7961 711
7961 3421 711
3421 3359 711
3359 6744 711
6744 4672 711
4672 10021 711
10021 21900 711
21900 7297 711
7297 9935 711
9935 18010 711
18010 10707 711
10707 25858 711
25858 24466 711
24466 16960 711
16960 16493 711
16493 11686 711
11686 22797 711
22797 25677 711
25677 6515 711
6515 12869 711
12869 21329 711
21329 21728 711
21728 15690 711
15690 145 711
145 3747 711
3747 24944 711
24944 8836 711
8836 1352 711
1352 1673 711
1673 7421 711
7421 6023 711
6023 25353 711
25353 18192 711
18192 11485 711
11485 25936 711
25936 13547 711
13547 23188 711
23188 22216 711
22216 8398 711
8398 4998 711
4998 1513 711
1513 3221 711
3221 674 711
674 25237 711
25237 12616 711
12616 1340 711
1340 5386 711
5386 24774 711
24774 20413 711
20413 12536 711
12536 21221 711
21221 19252 711
19252 22137 711
22137 13795 711
13795 1463 711
1463 14480 711
14480 7195 711
7195 23730 711
23730 15546 711
15546 23889 711
23889 16050 711
16050 17914 711
17914 24322 711
24322 19691 711
19691 24651 711
24651 1166 711
1166 24359 711
24359 10 711
10 17043 711
17043 21014 711
21014 25256 711
25256 24087 711
24087 9920 711
9920 16160 711
16160 7328 711
7328 6045 711
6045 13802 711
13802 7391 711
7391 22173 711
22173 21136 711
21136 14217 711
14217 22369 711
22369 8207 711
8207 22998 711
22998 20492 711
20492 6544 711
6544 20611 711
20611 18160 711
18160 24538 711
24538 6919 711
6919 8274 711
8274 7534 711
7534 12530 711
12530 14560 711
14560 25328 711
25328 9043 711
9043 12059 711
12059 5655 711
5655 14865 711
14865 1990 711
1990 16530 711
16530 6013 711
6013 8238 711
8238 23503 711
23503 11727 711
11727 332 711
332 19502 711
19502 14829 711
14829 23627 711
23627 4060 711
4060 13393 711
13393 11242 711
11242 10072 711
10072 6348 711
6348 21711 711
21711 16117 711
16117 25493 711
25493 17433 711
17433 2518 711
2518 2736 711
2736 5775 711
5775 6894 711
6894 5509 711
5509 9987 711
9987 15318 711
15318 208 711
208 15032 711
15032 11748 711
11748 4089 711
4089 19153 711
19153 21055 711
21055 9011 711
9011 20298 711
20298 14155 711
14155 17574 711
17574 7637 711
7637 1953 711
1953 17487 711
17487 10799 711
10799 15737 711
15737 16657 711
16657 22670 711
22670 10994 711
10994 20059 711
20059 24381 711
24381 13232 711
13232 15023 711
15023 18079 711
18079 20283 711
20283 8421 711
8421 1843 711
1843 16597 711
16597 14087 711
14087 2244 711
2244 1959 711
1959 22587 711
22587 14079 711
14079 12793 711
12793 19201 711
19201 5012 711
5012 11303 711
11303 12643 711
12643 22828 711
22828 9753 711
9753 14616 711
14616 15498 711
15498 23733 711
23733 23699 711
23699 4537 711
4537 21935 711
21935 3277 711
3277 9018 711
9018 12229 711
12229 8830 711
8830 15505 711
15505 306 711
306 2520 711
2520 9023 711
9023 14540 711
14540 21706 711
21706 19847 711
19847 23638 711
23638 4264 711
4264 4777 711
4777 20777 711
20777 22060 711
22060 16635 711
16635 11848 711
11848 8203 711
8203 6196 711
6196 18495 711
18495 13360 711
13360 18746 711
18746 417 711
417 22681 711
22681 9073 711
9073 23781 711
23781 23924 711
23924 20060 711
20060 19874 711
19874 3469 711
3469 13990 711
13990 2921 711
2921 10211 711
10211 11984 711
11984 8516 711
8516 3144 711
3144 2868 711
2868 9444 711
9444 11122 711
11122 24437 711
24437 15461 711
15461 7563 711
7563 20647 711
20647 4988 711
4988 16071 711
16071 8896 711
8896 18276 711
18276 22655 711
22655 16394 711
16394 9830 711
9830 19878 711
19878 20139 711
20139 8931 711
8931 9630 711
9630 5952 711
5952 23445 711
23445 17981 711
17981 21048 711
21048 11554 711
11554 23855 711
23855 25713 711
25713 11876 711
11876 11615 711
11615 19869 711
19869 20806 711
20806 10847 711
10847 9912 711
9912 23977 711
23977 10916 711
10916 2392 711
2392 22751 711
22751 842 711
842 22121 711
22121 4459 711
4459 652 711
652 7182 711
7182 9708 711
9708 18381 711
18381 17358 711
17358 5006 711
5006 659 711
659 7911 711
7911 16759 711
16759 18359 711
18359 13323 711
13323 6338 711
6338 19935 711
19935 9579 711
9579 16464 711
16464 511 711
511 9868 711
9868 23238 711
23238 15666 711
15666 18282 711
18282 10569 711
10569 12747 711
12747 23310 711
23310 2792 711
2792 17345 711
17345 21497 711
21497 948 711
948 23695 711
23695 10514 711
10514 15314 711
15314 15581 711
15581 4867 711
4867 7708 711
7708 8829 711
8829 16975 711
16975 9464 711
9464 25211 711
25211 20212 711
20212 15365 711
15365 2708 711
2708 12769 711
12769 10230 711
10230 919 711
919 6419 711
6419 2837 711
2837 1076 711
1076 12512 711
12512 12005 711
12005 4243 711
4243 10009 711
10009 2153 711
2153 17002 711
17002 1742 711
1742 20646 711
20646 12657 711
12657 11999 711
11999 4369 711
4369 1308 711
1308 7364 711
7364 22275 711
22275 20131 711
20131 8134 711
8134 22349 711
22349 14346 711
14346 21069 711
21069 3900 711
3900 21424 711
21424 20604 711
20604 11187 711
11187 15391 711
15391 3623 711
3623 19408 711
19408 5723 711
5723 20892 711
20892 21600 711
21600 19512 711
19512 23197 711
23197 22299 711
22299 18597 711
18597 461 711
461 12458 711
12458 9653 711
9653 20318 711
20318 9334 711
9334 22260 711
22260 1111 711
1111 23496 711
23496 23294 711
23294 16447 711
16447 377 711
377 4975 711
4975 7189 711
7189 6461 711
6461 20084 711
20084 8253 711
8253 23275 711
23275 1748 711
1748 1484 711
1484 16496 711
16496 638 711
638 1753 711
1753 23390 711
23390 1274 711
1274 19213 711
19213 15578 711
15578 4074 711
4074 17356 711
17356 20142 711
20142 18996 711
18996 9277 711
9277 3414 711
3414 5890 711
5890 14857 711
14857 23150 711
23150 20638 711
20638 6621 711
6621 3564 711
3564 22257 711
22257 9716 711
9716 15754 711
15754 12972 711
12972 4648 711
4648 8425 711
8425 24665 711
24665 2512 711
2512 1818 711
1818 12709 711
12709 2111 711
2111 16185 711
16185 13090 711
13090 17918 711
17918 24257 711
24257 7129 711
7129 1141 711
1141 8080 711
8080 24908 711
24908 5685 711
5685 15815 711
15815 10769 711
10769 7065 711
7065 14293 711
14293 15918 711
15918 20112 711
20112 10620 711
10620 5294 711
5294 16200 711
16200 25932 711
25932 21024 711
21024 11918 711
11918 15248 711
15248 17908 711
17908 12250 711
12250 2630 711
2630 23611 711
23611 25363 711
25363 21832 711
21832 13349 711
13349 1425 711
1425 4964 711
4964 993 711
993 20745 711
20745 24168 711
24168 1444 711
1444 13100 711
13100 19018 711
19018 18407 711
18407 23605 711
23605 2635 711
2635 12812 711
12812 16930 711
16930 18455 711
18455 23379 711
23379 9149 711
9149 566 711
566 22466 711
22466 21258 711
21258 8094 711
8094 17287 711
17287 20565 711
20565 24004 711
24004 19735 711
19735 8487 711
8487 8195 711
8195 19122 711
19122 24284 711
24284 16993 711
16993 5939 711
5939 18042 711
18042 9640 711
9640 4688 711
4688 5920 711
5920 16169 711
16169 20017 711
20017 10887 711
10887 15570 711
15570 24118 711
24118 20537 711
20537 15090 711
15090 19577 711
19577 3740 711
3740 12373 711
12373 16552 711
16552 17603 711
17603 16520 711
16520 14127 711
14127 6248 711
6248 2400 711
2400 14849 711
14849 21684 711
21684 7715 711
7715 7864 711
7864 23287 711
23287 12133 711
12133 372 711
372 1440 711
1440 25881 711
25881 16001 711
16001 18019 711
18019 8523 711
8523 10484 711
10484 15136 711
15136 21861 711
21861 17041 711
17041 24095 711
24095 3381 711
3381 18883 711
18883 21434 711
21434 2150 711
2150 4733 711
4733 23313 711
23313 8837 711
8837 7935 711
7935 3631 711
3631 23468 711
23468 23519 711
23519 11027 711
11027 12195 711
12195 13799 711
13799 25125 711
25125 21940 711
21940 5732 711
5732 8478 711
8478 6800 711
6800 7755 711
7755 14767 711
14767 5380 711
5380 9041 711
9041 13714 711
13714 19473 711
19473 17461 711
17461 22585 711
22585 4139 711
4139 16385 711
16385 5700 711
5700 17174 711
17174 11494 711
11494 7743 711
7743 22170 711
22170 10244 711
10244 25945 711
25945 6855 711
6855 22367 711
22367 25239 711
25239 10126 711
10126 6511 711
6511 10265 711
10265 7343 711
7343 2702 711
2702 12998 711
12998 18488 711
18488 21185 711
21185 18213 711
18213 19783 711
19783 21866 711
21866 8746 711
8746 12107 711
12107 12356 711
12356 6359 711
6359 20110 711
20110 12565 711
12565 6707 711
6707 19611 711
19611 22732 711
22732 18759 711
18759 11732 711
11732 15368 711
15368 4346 711
4346 15102 711
15102 10518 711
10518 20714 711
20714 72 711
72 3297 711
3297 4278 711
4278 12516 711
12516 12728 711
12728 22961 711
22961 23884 711
23884 24078 711
24078 21017 711
21017 22165 711
22165 9690 711
9690 24699 711
24699 24932 711
24932 6874 711
6874 11815 711
11815 19701 711
19701 24215 711
24215 25334 711
25334 15388 711
15388 16901 711
16901 23575 711
23575 21575 711
21575 20175 711
20175 18762 711
18762 2007 711
2007 4885 711
4885 9878 711
9878 3205 711
3205 445 711
445 3638 711
3638 3497 711
3497 9688 711
9688 4896 711
4896 12822 711
12822 5494 711
5494 7447 711
7447 13546 711
13546 1520 711
1520 15629 711
15629 20030 711
20030 8531 711
8531 20236 711
20236 1437 711
1437 16331 711
16331 13482 711
13482 7675 711
7675 16796 711
16796 6455 711
6455 4555 711
4555 903 711
903 9024 711
9024 11379 711
11379 14807 711
14807 2834 711
2834 17542 711
17542 1488 711
1488 8947 711
8947 10789 711
10789 6500 711
6500 22067 711
22067 13720 711
13720 19680 711
19680 16852 711
16852 7470 711
7470 2533 711
2533 4635 711
4635 14659 711
14659 9174 711
9174 25288 711
25288 8968 711
8968 21490 711
21490 22225 711
22225 23632 711
23632 25199 711
25199 10969 711
10969 22958 711
22958 25316 711
25316 14203 711
14203 24762 711
24762 5343 711
5343 21197 711
21197 6692 711
6692 7705 711
7705 23776 711
23776 9995 711
9995 3275 711
3275 3490 711
3490 24892 711
24892 16302 711
16302 24011 711
24011 21433 711
21433 2982 711
2982 15057 711
15057 16098 711
16098 9756 711
9756 10495 711
10495 5878 711
5878 16009 711
16009 7721 711
7721 17920 711
17920 11959 711
11959 25020 711
25020 17055 711
17055 8275 711
8275 3916 711
3916 15267 711
15267 9687 711
9687 14142 711
14142 9512 711
9512 22382 711
22382 23128 711
23128 8267 711
8267 5233 711
5233 20547 711
20547 18593 711
18593 17796 711
17796 25418 711
25418 6237 711
6237 8406 711
8406 20947 711
20947 23282 711
23282 8029 711
8029 4944 711
4944 23349 711
23349 8921 711
8921 21139 711
21139 5873 711
5873 15271 711
15271 13773 711
13773 10121 711
10121 20103 711
20103 5296 711
5296 8307 711
8307 20092 711
20092 9540 711
9540 9538 711
9538 3282 711
3282 12839 711
12839 12992 711
12992 14555 711
14555 2894 711
2894 16707 711
16707 8618 711
8618 17897 711
17897 8563 711
8563 22527 711
22527 9269 711
9269 6986 711
6986 2104 711
2104 12241 711
12241 9038 711
9038 4100 711
4100 22429 711
22429 12430 711
12430 58 711
58 19447 711
19447 1454 711
1454 22592 711
22592 13455 711
13455 2246 711
2246 17338 711
17338 11979 711
11979 18338 711
18338 5414 711
5414 1058 711
1058 25110 711
25110 18707 711
18707 1174 711
1174 1262 711
1262 21908 711
21908 23371 711
23371 16781 711
16781 13148 711
13148 14154 711
14154 23511 711
23511 19321 711
19321 14066 711
14066 16669 711
16669 12365 711
12365 19003 711
19003 9533 711
9533 23129 711
23129 5734 711
5734 16780 711
16780 16353 711
16353 18050 711
18050 20191 711
20191 3692 711
3692 84 711
84 3007 711
3007 12046 711
12046 10738 711
10738 23469 711
23469 9224 711
9224 18212 711
18212 688 711
688 12742 711
12742 1279 711
1279 25959 711
25959 1339 711
1339 12038 711
12038 22154 711
22154 18274 711
18274 14538 711
14538 11058 711
11058 10067 711
10067 14353 711
14353 5841 711
5841 12813 711
12813 22402 711
22402 12381 711
12381 14501 711
14501 22346 711
22346 18640 711
18640 24420 711
24420 11164 711
11164 24121 711
24121 666 711
666 15668 711
15668 16950 711
16950 9941 711
9941 2793 711
2793 22182 711
22182 24365 711
24365 10047 711
10047 5371 711
5371 2294 711
2294 10668 711
10668 12958 711
12958 25468 711
25468 3338 711
3338 12781 711
12781 8673 711
8673 14661 711
14661 22394 711
22394 8511 711
8511 23520 711
23520 7698 711
7698 4138 711
4138 8613 711
8613 12982 711
12982 8894 711
8894 11307 711
11307 11980 711
11980 20517 711
20517 5016 711
5016 20886 711
20886 16952 711
16952 25689 711
25689 24622 711
24622 3988 711
3988 9083 711
9083 1724 711
1724 23112 711
23112 10894 711
10894 14843 711
14843 5282 711
5282 2368 711
2368 15781 711
15781 19751 711
19751 3229 711
3229 8143 711
8143 14649 711
14649 3798 711
3798 24299 711
24299 4939 711
4939 7093 711
7093 14135 711
14135 4836 711
4836 17627 711
17627 17987 711
17987 17506 711
17506 12315 711
12315 761 711
761 20831 711
20831 25204 711
25204 11833 711
11833 25264 711
25264 10086 711
10086 13198 711
13198 5967 711
5967 7449 711
7449 6844 711
6844 16826 711
16826 24218 711
24218 12555 711
12555 15044 711
15044 4957 711
4957 20968 711
20968 14745 711
14745 2219 711
2219 19704 711
19704 2990 711
2990 14548 711
14548 10266 711
10266 6968 711
6968 6560 711
6560 20627 711
20627 7117 711
7117 21687 711
21687 22144 711
22144 17642 711
17642 9857 711
9857 19924 711
19924 9895 711
9895 15808 711
15808 24773 711
24773 6615 711
6615 6533 711
6533 5879 711
5879 9452 711
9452 7855 711
7855 10718 711
10718 11962 711
11962 19127 711
19127 21324 711
21324 20848 711
20848 2089 711
2089 23396 711
23396 13088 711
13088 10165 711
10165 14345 711
14345 15473 711
15473 20487 711
20487 11948 711
11948 3058 711
3058 16327 711
16327 12671 711
12671 1196 711
1196 9828 711
9828 19520 711
19520 12163 711
12163 22725 711
22725 14851 711
14851 14368 711
14368 10307 711
10307 2198 711
2198 5293 711
5293 19787 711
19787 15599 711
15599 22643 711
22643 9162 711
9162 24610 711
24610 9769 711
9769 10103 711
10103 1228 711
1228 10029 711
10029 12853 711
12853 18442 711
18442 16114 711
16114 13240 711
13240 4064 711
4064 5884 711
5884 5200 711
5200 25937 711
25937 7041 711
7041 21300 711
21300 6801 711
6801 25281 711
25281 6519 711
6519 6812 711
6812 1970 711
1970 25561 711
25561 969 711
969 22506 711
22506 3000 711
3000 23418 711
23418 19479 711
19479 10467 711
10467 20363 711
20363 3361 711
3361 20507 711
20507 20239 711
20239 16154 711
16154 5277 711
5277 987 711
987 10928 711
10928 22608 711
22608 7996 711
7996 20585 711
20585 19010 711
19010 12055 711
12055 10868 711
10868 1918 711
1918 18158 711
18158 25745 711
25745 21517 711
21517 19233 711
19233 2689 711
2689 9558 711
9558 6470 711
6470 1800 711
1800 2727 711
2727 15910 711
15910 11527 711
11527 18326 711
18326 15052 711
15052 24638 711
24638 5730 711
5730 1774 711
1774 3268 711
3268 9707 711
9707 11939 711
11939 7107 711
7107 13608 711
13608 4238 711
4238 10406 711
10406 19467 711
19467 12152 711
12152 3215 711
3215 24281 711
24281 11941 711
11941 17845 711
17845 6185 711
6185 8557 711
8557 1815 711
1815 5101 711
5101 17764 711
17764 15137 711
15137 16356 711
16356 4398 711
4398 16783 711
16783 18988 711
18988 23486 711
23486 10002 711
10002 5246 711
5246 14033 711
14033 11051 711
11051 18236 711
18236 6268 711
6268 8944 711
8944 10024 711
10024 9116 711
9116 16710 711
16710 19546 711
19546 6326 711
6326 14585 711
14585 21409 711
21409 13437 711
13437 5621 711
5621 3635 711
3635 3413 711
3413 22555 711
22555 3600 711
3600 12828 711
12828 14444 711
14444 18443 711
18443 3475 711
3475 7605 711
7605 15410 711
15410 7089 711
7089 16108 711
16108 16181 711
16181 19237 711
19237 6381 711
6381 3763 711
3763 17188 711
17188 7585 711
7585 22918 711
22918 5823 711
5823 531 711
531 10883 711
10883 17543 711
17543 25033 711
25033 23195 711
23195 22537 711
22537 19580 711
19580 7966 711
7966 10835 711
10835 5346 711
5346 2917 711
2917 3818 711
3818 24492 711
24492 13886 711
13886 17381 711
17381 5095 711
5095 13838 711
13838 23317 711
23317 4641 711
4641 24430 711
24430 1435 711
1435 10004 711
10004 11739 711
11739 4029 711
4029 13801 711
13801 3148 711
3148 503 711
503 24958 711
24958 23350 711
23350 23862 711
23862 15904 711
15904 17851 711
17851 24972 711
24972 6590 711
6590 23171 711
23171 17107 711
17107 24878 711
24878 11543 711
11543 7559 711
7559 3645 711
3645 25961 711
25961 20798 711
20798 22770 711
22770 25118 711
25118 21840 711
21840 25348 711
25348 3589 711
3589 22342 711
22342 3901 711
3901 20825 711
20825 5692 711
5692 6614 711
6614 1744 711
1744 3428 711
3428 25895 711
25895 1663 711
1663 8281 711
8281 1355 711
1355 15515 711
15515 16512 711
16512 17777 711
17777 20153 711
20153 17031 711
17031 21846 711
21846 23495 711
23495 20800 711
20800 2919 711
2919 8391 711
8391 17935 711
17935 21294 711
21294 5517 711
5517 20568 711
20568 23205 711
23205 2454 711
2454 10614 711
10614 15606 711
15606 20146 711
20146 22248 711
22248 22640 711
22640 970 711
970 19041 711
19041 12319 711
12319 23870 711
23870 9594 711
9594 6081 711
6081 18863 711
18863 3408 711
3408 10592 711
10592 6517 711
6517 960 711
960 6163 711
6163 879 711
879 13154 711
13154 8475 711
8475 2538 711
2538 14338 711
14338 17622 711
17622 12974 711
12974 4969 711
4969 19882 711
19882 3369 711
3369 25885 711
25885 8989 711
8989 3587 711
3587 16207 711
16207 5206 711
5206 12587 711
12587 23986 711
23986 3400 711
3400 23091 711
23091 14082 711
14082 12326 711
12326 15965 711
15965 18011 711
18011 3764 711
3764 4397 711
4397 18033 711
18033 717 711
717 9090 711
9090 8662 711
8662 9216 711
9216 7402 711
7402 19717 711
19717 10534 711
10534 23990 711
23990 20217 711
20217 15465 711
15465 17411 711
17411 5003 711
5003 19724 711
19724 18877 711
18877 23933 711
23933 13538 711
13538 20088 711
20088 1327 711
1327 25824 711
25824 6353 711
6353 13571 711
13571 235 711
235 14374 711
14374 12187 711
12187 21550 711
21550 1659 711
1659 19657 711
19657 23384 711
23384 4063 711
4063 23545 711
23545 24125 711
24125 16531 711
16531 14918 711
14918 9908 711
9908 9025 711
9025 22803 711
22803 885 711
885 13954 711
13954 16860 711
16860 20631 711
20631 14317 711
14317 10500 711
10500 7598 711
7598 11885 711
11885 5800 711
5800 6436 711
6436 10536 711
10536 3714 711
3714 21284 711
21284 11869 711
11869 12874 711
12874 4663 711
4663 24367 711
24367 12258 711
12258 24236 711
24236 22682 711
22682 4442 711
4442 10485 711
10485 1268 711
1268 13823 711
13823 2376 711
2376 10289 711
10289 594 711
594 685 711
685 23968 711
23968 15986 711
15986 12906 711
12906 18153 711
18153 24083 711
24083 2407 711
2407 22412 711
22412 23203 711
23203 25469 711
25469 6321 711
6321 21815 711
21815 6869 711
6869 10638 711
10638 25154 711
25154 5880 711
5880 9062 711
9062 2366 711
2366 10078 711
10078 11560 711
11560 1171 711
1171 2436 711
2436 23740 711
23740 17877 711
17877 9140 711
9140 15302 711
15302 16398 711
16398 9825 711
9825 25512 711
25512 19397 711
19397 4396 711
4396 15864 711
15864 2661 711
2661 11172 711
11172 2420 711
2420 1050 711
1050 20632 711
20632 13804 711
13804 9739 711
9739 17334 711
17334 7787 711
7787 16252 711
16252 6580 711
6580 22305 711
22305 17925 711
17925 15123 711
15123 8998 711
8998 20041 711
20041 19749 711
19749 24112 711
24112 13224 711
13224 11456 711
11456 8327 711
8327 5743 711
5743 21243 711
21243 19349 711
19349 20584 711
20584 22833 711
22833 535 711
535 15238 711
15238 8783 711
8783 6317 711
6317 11814 711
11814 14340 711
14340 2507 711
2507 1181 711
1181 9779 711
9779 15695 711
15695 1241 711
1241 1062 711
1062 7166 711
7166 21731 711
21731 12403 711
12403 7583 711
7583 7948 711
7948 11903 711
11903 5272 711
5272 14514 711
14514 19269 711
19269 2301 711
2301 18046 711
18046 7482 711
7482 18322 711
18322 2676 711
2676 13498 711
13498 9627 711
9627 11318 711
11318 15631 711
15631 7307 711
7307 13208 711
13208 16760 711
16760 2752 711
2752 25643 711
25643 12626 711
12626 19442 711
19442 1003 711
1003 16272 711
16272 18360 711
18360 8015 711
8015 6588 711
6588 2581 711
2581 24115 711
24115 25709 711
25709 4298 711
4298 7525 711
7525 9196 711
9196 10637 711
10637 5617 711
5617 10773 711
10773 16051 711
16051 23945 711
23945 20735 711
20735 10177 711
10177 3715 711
3715 13248 711
13248 12336 711
12336 17071 711
17071 22518 711
22518 4627 711
4627 25776 711
25776 24673 711
24673 6757 711
6757 4125 711
4125 18502 711
18502 19977 711
19977 10693 711
10693 22180 711
22180 21304 711
21304 24594 711
24594 7226 711
7226 23833 711
23833 1577 711
1577 3594 711
3594 11665 711
11665 20911 711
20911 5424 711
5424 22176 711
22176 15403 711
15403 7812 711
7812 14187 711
14187 16352 711
16352 20226 711
20226 13735 711
13735 8242 711
8242 16236 711
16236 15014 711
15014 21670 711
21670 4625 711
4625 18014 711
18014 12876 711
12876 8374 711
8374 3436 711
3436 3426 711
3426 12573 711
12573 9110 711
9110 11080 711
11080 11967 711
11967 9234 711
9234 16431 711
16431 181 711
181 8642 711
8642 1401 711
1401 7582 711
7582 22245 711
22245 19345 711
19345 19155 711
19155 19482 711
19482 16455 711
16455 11434 711
11434 5377 711
5377 16505 711
16505 11981 711
11981 1647 711
1647 22756 711
22756 11263 711
11263 4821 711
4821 23729 711
23729 21921 711
21921 14364 711
14364 22072 711
22072 7082 711
7082 18386 711
18386 5915 711
5915 3261 711
3261 15283 711
15283 21675 711
21675 20204 711
20204 18733 711
18733 24866 711
24866 11581 711
11581 18396 711
18396 7710 711
7710 12213 711
12213 1350 711
1350 15390 711
15390 14959 711
14959 25714 711
25714 1732 711
1732 21241 711
21241 18358 711
18358 3721 711
3721 12636 711
12636 24427 711
24427 20956 711
20956 8555 711
8555 6448 711
6448 10173 711
10173 9517 711
9517 18278 711
18278 11146 711
11146 20725 711
20725 1982 711
1982 8503 711
8503 14660 711
14660 9891 711
9891 16755 711
16755 1347 711
1347 24061 711
24061 23244 711
23244 4923 711
4923 5077 711
5077 4706 711
4706 3965 711
3965 6747 711
6747 11044 711
11044 3761 711
3761 23477 711
23477 1515 711
1515 834 711
834 10653 711
10653 15476 711
15476 8646 711
8646 557 711
557 24364 711
24364 21276 711
21276 17014 711
17014 9471 711
9471 6213 711
6213 20436 711
20436 7077 711
7077 15530 711
15530 3141 711
3141 21322 711
21322 20161 711
20161 17611 711
17611 6469 711
6469 3573 711
3573 4714 711
4714 6758 711
6758 11063 711
11063 13101 711
13101 3112 711
3112 12535 711
12535 7112 711
7112 16234 711
16234 9065 711
9065 25746 711
25746 25395 711
25395 18916 711
18916 21212 711
21212 930 711
930 24611 711
24611 15037 711
15037 5422 711
5422 13579 711
13579 19914 711
19914 8405 711
8405 18702 711
18702 23603 711
23603 1695 711
1695 641 711
641 11182 711
11182 16469 711
16469 4517 711
4517 3331 711
3331 25407 711
25407 22203 711
22203 1723 711
1723 583 711
583 13937 711
13937 6681 711
6681 4574 711
4574 16551 711
16551 2742 711
2742 3665 711
3665 3855 711
3855 12156 711
12156 5740 711
5740 15692 711
15692 6443 711
6443 16790 711
16790 20510 711
20510 1449 711
1449 23663 711
23663 7892 711
7892 23303 711
23303 22055 711
22055 10560 711
10560 19347 711
19347 7902 711
7902 16228 711
16228 5237 711
5237 12860 711
12860 18201 711
18201 17956 711
17956 708 711
708 1766 711
1766 25777 711
25777 10699 711
10699 10267 711
10267 10142 711
10142 23459 711
23459 22869 711
22869 3538 711
3538 8038 711
8038 2309 711
2309 24334 711
24334 4332 711
4332 21025 711
21025 23115 711
23115 15712 711
15712 13461 711
13461 22036 711
22036 25428 711
25428 21051 711
21051 6545 711
6545 21674 711
21674 6823 711
6823 10221 711
10221 13366 711
13366 16087 711
16087 22320 711
22320 20129 711
20129 17926 711
17926 17936 711
17936 17319 711
17319 870 711
870 23673 711
23673 21984 711
21984 14893 711
14893 10975 711
10975 14229 711
14229 10415 711
10415 11920 711
11920 10961 711
10961 18895 711
18895 18841 711
18841 22700 711
22700 17328 711
17328 9164 711
9164 10497 711
10497 1757 711
1757 10832 711
10832 14640 711
14640 10341 711
10341 12270 711
12270 19962 711
19962 15341 711
15341 20811 711
20811 13503 711
13503 23871 711
23871 25136 711
25136 6840 711
6840 5389 711
5389 915 711
915 11069 711
11069 16810 711
16810 25060 711
25060 15777 711
15777 24384 711
24384 11717 711
11717 5665 711
5665 18491 711
18491 4985 711
4985 12569 711
12569 9256 711
9256 14874 711
14874 20701 711
20701 24715 711
24715 5813 711
5813 2121 711
2121 9158 711
9158 418 711
418 14789 711
14789 17564 711
17564 22258 711
22258 11286 711
11286 7433 711
7433 15464 711
15464 22187 711
22187 1550 711
1550 23686 711
23686 25449 711
25449 15952 711
15952 13528 711
13528 7688 711
7688 19271 711
19271 14452 711
14452 7788 711
7788 20434 711
20434 18745 711
18745 18990 711
18990 1126 711
1126 6192 711
6192 5382 711
5382 13744 711
13744 15946 711
15946 5698 711
5698 17534 711
17534 16092 711
16092 2247 711
2247 57 711
57 12546 711
12546 7453 711
7453 2593 711
2593 6728 711
6728 20289 711
20289 7685 711
7685 23828 711
23828 11731 711
11731 6188 711
6188 13561 711
13561 11912 711
11912 16381 711
16381 3953 711
3953 24964 711
24964 10079 711
10079 11052 711
11052 23394 711
23394 19741 711
19741 2460 711
2460 14447 711
14447 15299 711
15299 16639 711
16639 3565 711
3565 12124 711
12124 17842 711
17842 22136 711
22136 1035 711
1035 8178 711
8178 14044 711
14044 18320 711
18320 13246 711
13246 23568 711
23568 13500 711
13500 1884 711
1884 14412 711
14412 13627 711
13627 7228 711
7228 13207 711
13207 10296 711
10296 23322 711
23322 1538 711
1538 612 711
612 9074 711
9074 14207 711
14207 4436 711
4436 8991 711
8991 7292 711
7292 13694 711
13694 6947 711
6947 7304 711
7304 20553 711
20553 9125 711
9125 7224 711
7224 2501 711
2501 7267 711
7267 8537 711
8537 19064 711
19064 6671 711
6671 16892 711
16892 6327 711
6327 22631 711
22631 13815 711
13815 8526 711
8526 10605 711
10605 16649 711
16649 24092 711
24092 19553 711
19553 1195 711
1195 14309 711
14309 10767 711
10767 8911 711
8911 25515 711
25515 24985 711
24985 449 711
449 24041 711
24041 23517 711
23517 2012 711
2012 4629 711
4629 11455 711
11455 21591 711
21591 13907 711
13907 13650 711
13650 23619 711
23619 19699 711
19699 23756 711
23756 3868 711
3868 17757 711
17757 14529 711
14529 10761 711
10761 5058 711
5058 17712 711
17712 15593 711
15593 4987 711
4987 10409 711
10409 7040 711
7040 14638 711
14638 358 711
358 12482 711
12482 20846 711
20846 11772 711
11772 8139 711
8139 14625 711
14625 1049 711
1049 5342 711
5342 14232 711
14232 10844 711
10844 9843 711
9843 3700 711
3700 18907 711
18907 9084 711
9084 16168 711
16168 14606 711
14606 9064 711
9064 13194 711
13194 17269 711
17269 15838 711
15838 25998 711
25998 21078 711
21078 4883 711
4883 13726 711
13726 6335 711
6335 12585 711
12585 9634 711
9634 16681 711
16681 21945 711
21945 23423 711
23423 3652 711
3652 737 711
737 16595 711
16595 8191 711
8191 5318 711
5318 17983 711
17983 9002 711
9002 5760 711
5760 3377 711
3377 15081 711
15081 15869 711
15869 8761 711
8761 2816 711
2816 23082 711
23082 17186 711
17186 2241 711
2241 14509 711
14509 9477 711
9477 11887 711
11887 110 711
110 9105 711
9105 10140 711
10140 16797 711
16797 19054 711
19054 18417 711
18417 18796 711
18796 9926 711
9926 20925 711
20925 21135 711
21135 5788 711
5788 15914 711
15914 10575 711
10575 16212 711
16212 6620 711
6620 1369 711
1369 18665 711
18665 21484 711
21484 24008 711
24008 23229 711
23229 23782 711
23782 23532 711
23532 12804 711
12804 55 711
55 18940 711
18940 23991 711
23991 13787 711
13787 23365 711
23365 23316 711
23316 8945 711
8945 23931 711
23931 7913 711
7913 8321 711
8321 678 711
678 19025 711
19025 13372 711
13372 22677 711
22677 10917 711
10917 9400 711
9400 8661 711
8661 4650 711
4650 12254 711
12254 15972 711
15972 12452 711
12452 8932 711
8932 23443 711
23443 8332 711
8332 1593 711
1593 25756 711
25756 20197 711
20197 8084 711
8084 17665 711
17665 20243 711
20243 2648 711
2648 13052 711
13052 16076 711
16076 22904 711
22904 7652 711
7652 14572 711
14572 15892 711
15892 17737 711
17737 16939 711
16939 12057 711
12057 21271 711
21271 24996 711
24996 23020 711
23020 14935 711
14935 1089 711
1089 13124 711
13124 644 711
644 893 711
893 5995 711
5995 6825 711
6825 13721 711
13721 2450 711
2450 1354 711
1354 15327 711
15327 697 711
697 7826 711
7826 16482 711
16482 8056 711
8056 21356 711
21356 12949 711
12949 4061 711
4061 23305 711
23305 10811 711
10811 534 711
534 17647 711
17647 24686 711
24686 15592 711
15592 8955 711
8955 15364 711
15364 12762 711
12762 2880 711
2880 17392 711
17392 23783 711
23783 18924 711
18924 8462 711
8462 4021 711
4021 4909 711
4909 21873 711
21873 11196 711
11196 18299 711
18299 13563 711
13563 16678 711
16678 22844 711
22844 25313 711
25313 5147 711
5147 209 711
209 13542 711
13542 10692 711
10692 6597 711
6597 23771 711
23771 10196 711
10196 9845 711
9845 13872 711
13872 22041 711
22041 5849 711
5849 13493 711
13493 11745 711
11745 11992 711
11992 6988 711
6988 16054 711
16054 6246 711
6246 7511 711
7511 17120 711
17120 4926 711
4926 16299 711
16299 4257 711
4257 99 711
99 22671 711
22671 13819 711
13819 14871 711
14871 24024 711
24024 8644 711
8644 21979 711
21979 14730 711
14730 16480 711
16480 25567 711
25567 7432 711
7432 1841 711
1841 18497 711
18497 16784 711
16784 10678 711
10678 15290 711
15290 19569 711
19569 23762 711
23762 3090 711
3090 1597 711
1597 9475 711
9475 5483 711
5483 2388 711
2388 1530 711
1530 6563 711
6563 256 711
256 7729 711
7729 663 711
663 15955 711
15955 21816 711
21816 634 711
634 13642 711
13642 10550 711
10550 6516 711
6516 6881 711
6881 16771 711
16771 3801 711
3801 13861 711
13861 23867 711
23867 844 711
844 16548 711
16548 9785 711
9785 9015 711
9015 4338 711
4338 7004 711
7004 439 711
439 2109 711
2109 5029 711
5029 13902 711
13902 6978 711
6978 6075 711
6075 18715 711
18715 22883 711
22883 3780 711
3780 10669 711
10669 24278 711
24278 7061 711
7061 17978 711
17978 9881 711
9881 2052 711
2052 12878 711
12878 10853 711
10853 6311 711
6311 14414 711
14414 238 711
238 10893 711
10893 6295 711
6295 20128 711
20128 22231 711
22231 19211 711
19211 15893 711
15893 158 711
158 18803 711
18803 1988 711
1988 23831 711
23831 17077 711
17077 10780 711
10780 8808 711
8808 812 711
812 12856 711
12856 3298 711
3298 1323 711
1323 10275 711
10275 11308 711
11308 13239 711
13239 20368 711
20368 6067 711
6067 20235 711
20235 5105 711
5105 19328 711
19328 12215 711
12215 23277 711
23277 14437 711
14437 8577 711
8577 7967 711
7967 8053 711
8053 18258 711
18258 4217 711
4217 18499 711
18499 23970 711
23970 12703 711
12703 24962 711
24962 10291 711
10291 13606 711
13606 2889 711
2889 9588 711
9588 13572 711
13572 8474 711
8474 5267 711
5267 6549 711
6549 25025 711
25025 21620 711
21620 2139 711
2139 7936 711
7936 3443 711
3443 19804 711
19804 23211 711
23211 4771 711
4771 386 711
386 14024 711
14024 3899 711
3899 5639 711
5639 4782 711
4782 24846 711
24846 11740 711
11740 17382 711
17382 14149 711
14149 17761 711
17761 16147 711
16147 20386 711
20386 17488 711
17488 17624 711
17624 20576 711
20576 24919 711
24919 24930 711
24930 4930 711
4930 18637 711
18637 6797 711
6797 6799 711
6799 12753 711
12753 16593 711
16593 6640 711
6640 20036 711
20036 1873 711
1873 7849 711
7849 17833 711
17833 7198 711
7198 23854 711
23854 23297 711
23297 22426 711
22426 19655 711
19655 6633 711
6633 17929 711
17929 11372 711
11372 13258 711
13258 881 711
881 6971 711
6971 15007 711
15007 317 711
317 25433 711
25433 25473 711
25473 13696 711
13696 23641 711
23641 7410 711
7410 24942 711
24942 11306 711
11306 22190 711
22190 1619 711
1619 17054 711
17054 342 711
342 15854 711
15854 23289 711
23289 3751 711
3751 839 711
839 25840 711
25840 20616 711
20616 19457 711
19457 19589 711
19589 39 711
39 15030 711
15030 21116 711
21116 20923 711
20923 6976 711
6976 21521 711
21521 5679 711
5679 22727 711
22727 22442 711
22442 5910 711
5910 21289 711
21289 4133 711
4133 24047 711
24047 10470 711
10470 12339 711
12339 13181 711
13181 6540 711
6540 4472 711
4472 14498 711
14498 14242 711
14242 18223 711
18223 19428 711
19428 22602 711
22602 18205 711
18205 4911 711
4911 1640 711
1640 19439 711
19439 10240 711
10240 17081 711
17081 25072 711
25072 7030 711
7030 12771 711
12771 2183 711
2183 3787 711
3787 9539 711
9539 17855 711
17855 10225 711
10225 15227 711
15227 20459 711
20459 21305 711
21305 22500 711
22500 19398 711
19398 16080 711
16080 1588 711
1588 15295 711
15295 15485 711
15485 19366 711
19366 8341 711
8341 5211 711
5211 847 711
847 21990 711
21990 1552 711
1552 19511 711
19511 8263 711
8263 9942 711
9942 14986 711
14986 4010 711
4010 25012 711
25012 7285 711
7285 21259 711
21259 4101 711
4101 11252 711
11252 890 711
890 23135 711
23135 16785 711
16785 2078 711
2078 22467 711
22467 2497 711
2497 6600 711
6600 409 711
409 4847 711
4847 21189 711
21189 23691 711
23691 15392 711
15392 4584 711
4584 3433 711
3433 10681 711
10681 6452 711
6452 11392 711
11392 6283 711
6283 9780 711
9780 21994 711
21994 6637 711
6637 3814 711
3814 6910 711
6910 19240 711
19240 25915 711
25915 12349 711
12349 25870 711
25870 12917 711
12917 17547 711
17547 10310 711
10310 18539 711
18539 1393 711
1393 25504 711
25504 24425 711
24425 24386 711
24386 2164 711
2164 16935 711
16935 15089 711
15089 8302 711
8302 16747 711
16747 884 711
884 2494 711
2494 22023 711
22023 514 711
514 8014 711
8014 25440 711
25440 12089 711
12089 19658 711
19658 4922 711
4922 6174 711
6174 21021 711
21021 7188 711
7188 8900 711
8900 15642 711
15642 24603 711
24603 4999 711
4999 4605 711
4605 25245 711
25245 21397 711
21397 24267 711
24267 7419 711
7419 4774 711
4774 15507 711
15507 10051 711
10051 21411 711
21411 21237 711
21237 4016 711
4016 13251 711
13251 17325 711
17325 20613 711
20613 6657 711
6657 7133 711
7133 19026 711
19026 13619 711
13619 15811 711
15811 21462 711
21462 22603 711
22603 5554 711
5554 14963 711
14963 18641 711
18641 20842 711
20842 19299 711
19299 24654 711
24654 13618 711
13618 24347 711
24347 20642 711
20642 14820 711
14820 6411 711
6411 4051 711
4051 22104 711
22104 12063 711
12063 6002 711
6002 9818 711
9818 19049 711
19049 8054 711
8054 21764 711
21764 6332 711
6332 2898 711
2898 18513 711
18513 13036 711
13036 1522 711
1522 1966 711
1966 18973 711
18973 25470 711
25470 25606 711
25606 5923 711
5923 15291 711
15291 15717 711
15717 13511 711
13511 15646 711
15646 22865 711
22865 13155 711
13155 12203 711
12203 8277 711
8277 4222 711
4222 12903 711
12903 21671 711
21671 13580 711
13580 10658 711
10658 284 711
284 23165 711
23165 17709 711
17709 24037 711
24037 17677 711
17677 2422 711
2422 6924 711
6924 10941 711
10941 23618 711
23618 3640 711
3640 10268 711
10268 7383 711
7383 45 711
45 6917 711
6917 16626 711
16626 13653 711
13653 2470 711
2470 11572 711
11572 13419 711
13419 25878 711
25878 24713 711
24713 1246 711
1246 16701 711
16701 16407 711
16407 25029 711
25029 8525 711
8525 10109 711
10109 11394 711
11394 7797 711
7797 23161 711
23161 23778 711
23778 5205 711
5205 17958 711
17958 221 711
221 20045 711
20045 2791 711
2791 20479 711
20479 20339 711
20339 18517 711
18517 19501 711
19501 11516 711
11516 23073 711
23073 15549 711
15549 16119 711
16119 1895 711
1895 19193 711
19193 23312 711
23312 14053 711
14053 15814 711
15814 3107 711
3107 18178 711
18178 6059 711
6059 18508 711
18508 16188 711
16188 3602 711
3602 21342 711
21342 5052 711
5052 5363 711
5363 2886 711
2886 3663 711
3663 16515 711
16515 13381 711
13381 1690 711
1690 266 711
266 4697 711
4697 10662 711
10662 21529 711
21529 6598 711
6598 3489 711
3489 19780 711
19780 24062 711
24062 575 711
575 12526 711
12526 22445 711
22445 20869 711
20869 18412 711
18412 23859 711
23859 9314 711
9314 6942 711
6942 24447 711
24447 12622 711
12622 20950 711
20950 9884 711
9884 7481 711
7481 11729 711
11729 1907 711
1907 24947 711
24947 17878 711
17878 13922 711
13922 11870 711
11870 17810 711
17810 20100 711
20100 22228 711
22228 25402 711
25402 18868 711
18868 2095 711
2095 22323 711
22323 14936 711
14936 3219 711
3219 2443 711
2443 22005 711
22005 19703 711
19703 12750 711
12750 654 711
654 13376 711
13376 22126 711
22126 11616 711
11616 10352 711
10352 4414 711
4414 20086 711
20086 16466 711
16466 9010 711
9010 9887 711
9887 15553 711
15553 24440 711
24440 8857 711
8857 16844 711
16844 7401 711
7401 9380 711
9380 7868 711
7868 21677 711
21677 4076 711
4076 13289 711
13289 8382 711
8382 7167 711
7167 10292 711
10292 8558 711
8558 5994 711
5994 14814 711
14814 19920 711
19920 3889 711
3889 18172 711
18172 1636 711
1636 1957 711
1957 6480 711
6480 22711 711
22711 15604 711
15604 14593 711
14593 6980 711
6980 11895 711
11895 5286 711
5286 8154 711
8154 10923 711
10923 2675 711
2675 20324 711
20324 17390 711
17390 8510 711
8510 9215 711
9215 18560 711
18560 6539 711
6539 9902 711
9902 1001 711
1001 757 711
757 6020 711
6020 22598 711
22598 9195 711
9195 1784 711
1784 137 711
137 7933 711
7933 11978 711
11978 13370 711
13370 8017 711
8017 25450 711
25450 12012 711
12012 19884 711
19884 14947 711
14947 24811 711
24811 7321 711
7321 14286 711
14286 24435 711
24435 15278 711
15278 10114 711
10114 14302 711
14302 19960 711
19960 2970 711
2970 23013 711
23013 5981 711
5981 5341 711
5341 7717 711
7717 10936 711
10936 18344 711
18344 25849 711
25849 14365 711
14365 14420 711
14420 1101 711
1101 7845 711
7845 4796 711
4796 11625 711
11625 20437 711
20437 8873 711
8873 2900 711
2900 6026 711
6026 17779 711
17779 23274 711
23274 4132 711
4132 24486 711
24486 10288 711
10288 21358 711
21358 2238 711
2238 13067 711
13067 18690 711
18690 12396 711
12396 16968 711
16968 13176 711
13176 9214 711
9214 12830 711
12830 6150 711
6150 21287 711
21287 8193 711
8193 22508 711
22508 23295 711
23295 2404 711
2404 20610 711
20610 22380 711
22380 25718 711
25718 4284 711
4284 3936 711
3936 19044 711
19044 8584 711
8584 6876 711
6876 8410 711
8410 18179 711
18179 699 711
699 14600 711
14600 1910 711
1910 956 711
956 14039 711
14039 15697 711
15697 723 711
723 21651 711
21651 24399 711
24399 13210 711
13210 13358 711
13358 8110 711
8110 17923 711
17923 17473 711
17473 24489 711
24489 14483 711
14483 10241 711
10241 3247 711
3247 797 711
797 21374 711
21374 25129 711
25129 22221 711
22221 1681 711
1681 23467 711
23467 24742 711
24742 7975 711
7975 18186 711
18186 1218 711
1218 4710 711
4710 13462 711
13462 19258 711
19258 3207 711
3207 11520 711
11520 17995 711
17995 22761 711
22761 8550 711
8550 15029 711
15029 10149 711
10149 16879 711
16879 10880 711
10880 9524 711
9524 1030 711
1030 10256 711
10256 12650 711
12650 12696 711
12696 21346 711
21346 9556 711
9556 1824 711
1824 10251 711
10251 6960 711
6960 8319 711
8319 23861 711
23861 16055 711
16055 10837 711
10837 11134 711
11134 18489 711
18489 5110 711
5110 9181 711
9181 24903 711
24903 19694 711
19694 11942 711
11942 6899 711
6899 10344 711
10344 17083 711
17083 17111 711
17111 13136 711
13136 11610 711
11610 25931 711
25931 1054 711
1054 9447 711
9447 5117 711
5117 5524 711
5524 18005 711
18005 25008 711
25008 7183 711
7183 607 711
607 8465 711
8465 9053 711
9053 10299 711
10299 9253 711
9253 7769 711
7769 7581 711
7581 3451 711
3451 4361 711
4361 3239 711
3239 10797 711
10797 16220 711
16220 8568 711
8568 17403 711
17403 13451 711
13451 1581 711
1581 88 711
88 7414 711
7414 8422 711
8422 6706 711
6706 13574 711
13574 11070 711
11070 19679 711
19679 25213 711
25213 24054 711
24054 19268 711
19268 8011 711
8011 20551 711
20551 25960 711
25960 2733 711
2733 16176 711
16176 13411 711
13411 11958 711
11958 17610 711
17610 9907 711
9907 6222 711
6222 17729 711
17729 23383 711
23383 11969 711
11969 19244 711
19244 18987 711
18987 15174 711
15174 16753 711
16753 8490 711
8490 6211 711
6211 12684 711
12684 25080 711
25080 10355 711
10355 7977 711
7977 24415 711
24415 22581 711
22581 12920 711
12920 12811 711
12811 1127 711
1127 11690 711
11690 19341 711
19341 16872 711
16872 7778 711
7778 19037 711
19037 25311 711
25311 15999 711
15999 23405 711
23405 19506 711
19506 23813 711
23813 9761 711
9761 19861 711
19861 20691 711
20691 9048 711
9048 3196 711
3196 6604 711
6604 307 711
307 14002 711
14002 2543 711
2543 8467 711
8467 5400 711
5400 19200 711
19200 4432 711
4432 3641 711
3641 9494 711
9494 24863 711
24863 15193 711
15193 4889 711
4889 20466 711
20466 859 711
859 4130 711
4130 19055 711
19055 6126 711
6126 11467 711
11467 1510 711
1510 9483 711
9483 13609 711
13609 15205 711
15205 14932 711
14932 12185 711
12185 23257 711
23257 18280 711
18280 11921 711
11921 11402 711
11402 14506 711
14506 9111 711
9111 15120 711
15120 9044 711
9044 10061 711
10061 21515 711
21515 5446 711
5446 24475 711
24475 3990 711
3990 12360 711
12360 18737 711
18737 22105 711
22105 9844 711
9844 24634 711
24634 18453 711
18453 22694 711
22694 11607 711
11607 6532 711
6532 9133 711
9133 23254 711
23254 9955 711
9955 18658 711
18658 23533 711
23533 8103 711
8103 17099 711
17099 14225 711
14225 6301 711
6301 19507 711
19507 23820 711
23820 19234 711
19234 13884 711
13884 8006 711
8006 21952 711
21952 15822 711
15822 6451 711
6451 15241 711
15241 17689 711
17689 15693 711
15693 3513 711
3513 24081 711
24081 5458 711
5458 9791 711
9791 9124 711
9124 6770 711
6770 13313 711
13313 12102 711
12102 22433 711
22433 14520 711
14520 1529 711
1529 1893 711
1893 21805 711
21805 3796 711
3796 17856 711
17856 10958 711
10958 10901 711
10901 4374 711
4374 23433 711
23433 4079 711
4079 13994 711
13994 15156 711
15156 21246 711
21246 25287 711
25287 18001 711
18001 25884 711
25884 801 711
801 12919 711
12919 4081 711
4081 23252 711
23252 3654 711
3654 3352 711
3352 25748 711
25748 8058 711
8058 22712 711
22712 16017 711
16017 7066 711
7066 24575 711
24575 8344 711
8344 25406 711
25406 24509 711
24509 22706 711
22706 13001 711
13001 16679 711
16679 9663 711
9663 2018 711
2018 12937 711
12937 18058 711
18058 19992 711
19992 14178 711
14178 102 711
102 6120 711
6120 2144 711
2144 9148 711
9148 5225 711
5225 23186 711
23186 9611 711
9611 13325 711
13325 21679 711
21679 20329 711
20329 18659 711
18659 17341 711
17341 18091 711
18091 2546 711
2546 10218 711
10218 12590 711
12590 2843 711
2843 5716 711
5716 23010 711
23010 20658 711
20658 17110 711
17110 13282 711
13282 1177 711
1177 7327 711
7327 2015 711
2015 16987 711
16987 8303 711
8303 5854 711
5854 20199 711
20199 10660 711
10660 21967 711
21967 16586 711
16586 14941 711
14941 10394 711
10394 10622 711
10622 14275 711
14275 23148 711
23148 840 711
840 25381 711
25381 69 711
69 10806 711
10806 3767 711
3767 24120 711
24120 9461 711
9461 1452 711
1452 15173 711
15173 5857 711
5857 25973 711
25973 11944 711
11944 4220 711
4220 11835 711
11835 7825 711
7825 4367 711
4367 11753 711
11753 6069 711
6069 5086 711
5086 6121 711
6121 568 711
568 997 711
997 7139 711
7139 18054 711
18054 8705 711
8705 2844 711
2844 5544 711
5544 23061 711
23061 9440 711
9440 17115 711
17115 17875 711
17875 14635 711
14635 24580 711
24580 17859 711
17859 2190 711
2190 17416 711
17416 24426 711
24426 14927 711
14927 22836 711
22836 770 711
770 10884 711
10884 13465 711
13465 17541 711
17541 4933 711
4933 6905 711
6905 18760 711
18760 8241 711
8241 14387 711
14387 9731 711
9731 3829 711
3829 18963 711
18963 23995 711
23995 15780 711
15780 10922 711
10922 4412 711
4412 24241 711
24241 961 711
961 3053 711
3053 4522 711
4522 15254 711
15254 12559 711
12559 11158 711
11158 998 711
998 7389 711
7389 21886 711
21886 18529 711
18529 21757 711
21757 5516 711
5516 4244 711
4244 14305 711
14305 11189 711
11189 25083 711
25083 17212 711
17212 24232 711
24232 3537 711
3537 18373 711
18373 23544 711
23544 7381 711
7381 11405 711
11405 13403 711
13403 7947 711
7947 23887 711
23887 5602 711
5602 21964 711
21964 11403 711
11403 4654 711
4654 17413 711
17413 14316 711
14316 20033 711
20033 4268 711
4268 10944 711
10944 20715 711
20715 10673 711
10673 11802 711
11802 17330 711
17330 4202 711
4202 3992 711
3992 23035 711
23035 15192 711
15192 13071 711
13071 4720 711
4720 758 711
758 17636 711
17636 22562 711
22562 25757 711
25757 9226 711
9226 7697 711
7697 10758 711
10758 2966 711
2966 3049 711
3049 9395 711
9395 24632 711
24632 9807 711
9807 19172 711
19172 24766 711
24766 6596 711
6596 4864 711
4864 6127 711
6127 14005 711
14005 24952 711
24952 19282 711
19282 3703 711
3703 23562 711
23562 25427 711
25427 25134 711
25134 5330 711
5330 11539 711
11539 22477 711
22477 16143 711
16143 25918 711
25918 13833 711
13833 17259 711
17259 16180 711
16180 21355 711
21355 23518 711
23518 20924 711
20924 16809 711
16809 6021 711
6021 2984 711
2984 22353 711
22353 21696 711
21696 15005 711
15005 7186 711
7186 25855 711
25855 17303 711
17303 134 711
134 3061 711
3061 12267 711
12267 19834 711
19834 8889 711
8889 9321 711
9321 22444 711
22444 17273 711
17273 9151 711
9151 6229 711
6229 1017 711
1017 14290 711
14290 22744 711
22744 24953 711
24953 105 711
105 3135 711
3135 2306 711
2306 2668 711
2668 20810 711
20810 14987 711
14987 9007 711
9007 13245 711
13245 24046 711
24046 19306 711
19306 18465 711
18465 5068 711
5068 8443 711
8443 9160 711
9160 19665 711
19665 10524 711
10524 14974 711
14974 16350 711
16350 16159 711
16159 7571 711
7571 2961 711
2961 3523 711
3523 6861 711
6861 21384 711
21384 24662 711
24662 9790 711
9790 12867 711
12867 10682 711
10682 831 711
831 1560 711
1560 23300 711
23300 14210 711
14210 3570 711
3570 16558 711
16558 10785 711
10785 668 711
668 5572 711
5572 16281 711
16281 22579 711
22579 9287 711
9287 694 711
694 5159 711
5159 10988 711
10988 22358 711
22358 10178 711
10178 12912 711
12912 9722 711
9722 25442 711
25442 16627 711
16627 12413 711
12413 15143 711
15143 15488 711
15488 14051 711
14051 15706 711
15706 4824 711
4824 5774 711
5774 12236 711
12236 9564 711
9564 11540 711
11540 13755 711
13755 11552 711
11552 6314 711
6314 14321 711
14321 2577 711
2577 12605 711
12605 25404 711
25404 4692 711
4692 6880 711
6880 19584 711
19584 6404 711
6404 19975 711
19975 3788 711
3788 6076 711
6076 4803 711
4803 24679 711
24679 1290 711
1290 16610 711
16610 23339 711
23339 1620 711
1620 17353 711
17353 24127 711
24127 17747 711
17747 16059 711
16059 16297 711
16297 21233 711
21233 10567 711
10567 15755 711
15755 5754 711
5754 5408 711
5408 18505 711
18505 5308 711
5308 14766 711
14766 23373 711
23373 5575 711
5575 3085 711
3085 10363 711
10363 14141 711
14141 712 711
712 4583 711
4583 17160 711
17160 12182 711
12182 1968 711
1968 14667 711
14667 14995 711
14995 19871 711
19871 16994 711
16994 4171 711
4171 13017 711
13017 12352 711
12352 6550 711
6550 20519 711
20519 25980 711
25980 23415 711
23415 20224 711
20224 14678 711
14678 6985 711
6985 18242 711
18242 16727 711
16727 19964 711
19964 12230 711
12230 12658 711
12658 24152 711
24152 7650 711
7650 21226 711
21226 1627 711
1627 25112 711
25112 19046 711
19046 15625 711
15625 23978 711
23978 10561 711
10561 13116 711
13116 25438 711
25438 6453 711
6453 10157 711
10157 7985 711
7985 857 711
857 18809 711
18809 19932 711
19932 7399 711
7399 19919 711
19919 12417 711
12417 10585 711
10585 22601 711
22601 22798 711
22798 7464 711
7464 15428 711
15428 6367 711
6367 16718 711
16718 8179 711
8179 14424 711
14424 24857 711
24857 7742 711
7742 18306 711
18306 3910 711
3910 11824 711
11824 8888 711
8888 9225 711
9225 2760 711
2760 12941 711
12941 10108 711
10108 11821 711
11821 25098 711
25098 4580 711
4580 15262 711
15262 4569 711
4569 25261 711
25261 2610 711
2610 4891 711
4891 8578 711
8578 2939 711
2939 12763 711
12763 10369 711
10369 8684 711
8684 17172 711
17172 23546 711
23546 15099 711
15099 21645 711
21645 7728 711
7728 24018 711
24018 14539 711
14539 25030 711
25030 2495 711
2495 17316 711
17316 23422 711
23422 19650 711
19650 4183 711
4183 3915 711
3915 4141 711
4141 20327 711
20327 2216 711
2216 24621 711
24621 17590 711
17590 3018 711
3018 19171 711
19171 4683 711
4683 10135 711
10135 21732 711
21732 24943 711
24943 20242 711
20242 5560 711
5560 9316 711
9316 24248 711
24248 18820 711
18820 5541 711
5541 23723 711
23723 12711 711
12711 2232 711
2232 17349 711
17349 9281 711
9281 19516 711
19516 7042 711
7042 4283 711
4283 12718 711
12718 21758 711
21758 20910 711
20910 7261 711
7261 3928 711
3928 3157 711
3157 21012 711
21012 16060 711
16060 22977 711
22977 18850 711
18850 14868 711
14868 22754 711
22754 20970 711
20970 12042 711
12042 9606 711
9606 14832 711
14832 19220 711
19220 25938 711
25938 24519 711
24519 24404 711
24404 17743 711
17743 6413 711
6413 13233 711
13233 442 711
442 16972 711
16972 3425 711
3425 4312 711
4312 25052 711
25052 1125 711
1125 10990 711
10990 7552 711
7552 22576 711
22576 24027 711
24027 860 711
860 22183 711
22183 16965 711
16965 798 711
798 23528 711
23528 8494 711
8494 19274 711
19274 11518 711
11518 22465 711
22465 9544 711
9544 21784 711
21784 24362 711
24362 14213 711
14213 19515 711
19515 14799 711
14799 25068 711
25068 3614 711
3614 9764 711
9764 25461 711
25461 4668 711
4668 8476 711
8476 22877 711
22877 5366 711
5366 15051 711
15051 17437 711
17437 21833 711
21833 2397 711
2397 7549 711
7549 15742 711
15742 12248 711
12248 24956 711
24956 7527 711
7527 8299 711
8299 19993 711
19993 10465 711
10465 25206 711
25206 20093 711
20093 18671 711
18671 7551 711
7551 17123 711
17123 6685 711
6685 10997 711
10997 23185 711
23185 21980 711
21980 5239 711
5239 9143 711
9143 4558 711
4558 10902 711
10902 2744 711
2744 18144 711
18144 10708 711
10708 19278 711
19278 6278 711
6278 5589 711
5589 17021 711
17021 8530 711
8530 20457 711
20457 16205 711
16205 2770 711
2770 11387 711
11387 16289 711
16289 11389 711
11389 4017 711
4017 15163 711
15163 18835 711
18835 21586 711
21586 3969 711
3969 18549 711
18549 23431 711
23431 12614 711
12614 5949 711
5949 11226 711
11226 22357 711
22357 4844 711
4844 22723 711
22723 20839 711
20839 14597 711
14597 2562 711
2562 9863 711
9863 1365 711
1365 21933 711
21933 2528 711
2528 6776 711
6776 18077 711
18077 9952 711
9952 20455 711
20455 8385 711
8385 17291 711
17291 11024 711
11024 14124 711
14124 4937 711
4937 6369 711
6369 16928 711
16928 86 711
86 15093 711
15093 10272 711
10272 20449 711
20449 9513 711
9513 6955 711
6955 24552 711
24552 1839 711
1839 3950 711
3950 6781 711
6781 16697 711
16697 1421 711
1421 20820 711
20820 6350 711
6350 6396 711
6396 20692 711
20692 3320 711
3320 17735 711
17735 19192 711
19192 12140 711
12140 20670 711
20670 5395 711
5395 20878 711
20878 17698 711
17698 12176 711
12176 23108 711
23108 12637 711
12637 2093 711
2093 7484 711
7484 2903 711
2903 9486 711
9486 15444 711
15444 12093 711
12093 8719 711
8719 21649 711
21649 19643 711
19643 15072 711
15072 2346 711
2346 23553 711
23553 10195 711
10195 5610 711
5610 789 711
789 12609 711
12609 18329 711
18329 25594 711
25594 25660 711
25660 22295 711
22295 21370 711
21370 759 711
759 9439 711
9439 5574 711
5574 914 711
914 6441 711
6441 21286 711
21286 8980 711
8980 4511 711
4511 16715 711
16715 14717 711
14717 17722 711
17722 19097 711
19097 16645 711
16645 856 711
856 14097 711
14097 2160 711
2160 6641 711
6641 24288 711
24288 2739 711
2739 7922 711
7922 11098 711
11098 5913 711
5913 6352 711
6352 24637 711
24637 498 711
498 107 711
107 11711 711
11711 17216 711
17216 3174 711
3174 6333 711
6333 12591 711
12591 20948 711
20948 6124 711
6124 2398 711
2398 2318 711
2318 10033 711
10033 20051 711
20051 21224 711
21224 6423 711
6423 6528 711
6528 19179 711
19179 1244 711
1244 10504 711
10504 10869 711
10869 2255 711
2255 7206 711
7206 3974 711
3974 4657 711
4657 10324 711
10324 2477 711
2477 20306 711
20306 8995 711
8995 12694 711
12694 17340 711
17340 13025 711
13025 16559 711
16559 1582 711
1582 5305 711
5305 9404 711
9404 19808 711
19808 14410 711
14410 16156 711
16156 3370 711
3370 11271 711
11271 18286 711
18286 21716 711
21716 4240 711
4240 1136 711
1136 22605 711
22605 11267 711
11267 3226 711
3226 2043 711
2043 2505 711
2505 10781 711
10781 933 711
933 6983 711
6983 5108 711
5108 11635 711
11635 5630 711
5630 22345 711
22345 20364 711
20364 5195 711
5195 21262 711
21262 15088 711
15088 12570 711
12570 7254 711
7254 135 711
135 10851 711
10851 25968 711
25968 2933 711
2933 19391 711
19391 5310 711
5310 11106 711
11106 4260 711
4260 16602 711
16602 10023 711
10023 5616 711
5616 21779 711
21779 10910 711
10910 1206 711
1206 9531 711
9531 21901 711
21901 10993 711
10993 14248 711
14248 7069 711
7069 3074 711
3074 13747 711
13747 8051 711
8051 15765 711
15765 12978 711
12978 2168 711
2168 24607 711
24607 6129 711
6129 21889 711
21889 6041 711
6041 16516 711
16516 21693 711
21693 12266 711
12266 10317 711
10317 13858 711
13858 25772 711
25772 10881 711
10881 9094 711
9094 21164 711
21164 578 711
578 17439 711
17439 18277 711
18277 7837 711
7837 19409 711
19409 16793 711
16793 16215 711
16215 14747 711
14747 3941 711
3941 21422 711
21422 690 711
690 24683 711
24683 2542 711
2542 3079 711
3079 25666 711
25666 8416 711
8416 11844 711
11844 4349 711
4349 11169 711
11169 25499 711
25499 19712 711
19712 9232 711
9232 7532 711
7532 9430 711
9430 12821 711
12821 16538 711
16538 18096 711
18096 4490 711
4490 19219 711
19219 10425 711
10425 22397 711
22397 11710 711
11710 15374 711
15374 2870 711
2870 17136 711
17136 22578 711
22578 9855 711
9855 14940 711
14940 10398 711
10398 10508 711
10508 20004 711
20004 19617 711
19617 2449 711
2449 9460 711
9460 13698 711
13698 14130 711
14130 2969 711
2969 8484 711
8484 19784 711
19784 3379 711
3379 25227 711
25227 2514 711
2514 9206 711
9206 7019 711
7019 3837 711
3837 19948 711
19948 9965 711
9965 11055 711
11055 15362 711
15362 24725 711
24725 7971 711
7971 25676 711
25676 5840 711
5840 12509 711
12509 8122 711
8122 17484 711
17484 6130 711
6130 5413 711
5413 13441 711
13441 22561 711
22561 18471 711
18471 192 711
192 11179 711
11179 24287 711
24287 18479 711
18479 10563 711
10563 8351 711
8351 8639 711
8639 18463 711
18463 7937 711
7937 1494 711
1494 6456 711
6456 2767 711
2767 2821 711
2821 624 711
624 13967 711
13967 25188 711
25188 2100 711
2100 7319 711
7319 12313 711
12313 2824 711
2824 4872 711
4872 4359 711
4359 6957 711
6957 18148 711
18148 12095 711
12095 19020 711
19020 9765 711
9765 8047 711
8047 11116 711
11116 2853 711
2853 10030 711
10030 20002 711
20002 10438 711
10438 24601 711
24601 24759 711
24759 10580 711
10580 21723 711
21723 21463 711
21463 8659 711
8659 6648 711
6648 12183 711
12183 5893 711
5893 20011 711
20011 24122 711
24122 22928 711
22928 13190 711
13190 10136 711
10136 25846 711
25846 12464 711
12464 1295 711
1295 19841 711
19841 19062 711
19062 7208 711
7208 8732 711
8732 10906 711
10906 2725 711
2725 19670 711
19670 3672 711
3672 9359 711
9359 20991 711
20991 6265 711
6265 374 711
374 24114 711
24114 23424 711
23424 5682 711
5682 14669 711
14669 3821 711
3821 19119 711
19119 16923 711
16923 9411 711
9411 12406 711
12406 17831 711
17831 15844 711
15844 11506 711
11506 22687 711
22687 12383 711
12383 13873 711
13873 6557 711
6557 8068 711
8068 12211 711
12211 11194 711
11194 20307 711
20307 17265 711
17265 7873 711
7873 21115 711
21115 1342 711
1342 12398 711
12398 8309 711
8309 14697 711
14697 10779 711
10779 17199 711
17199 15634 711
15634 1578 711
1578 9136 711
9136 25051 711
25051 20958 711
20958 18380 711
18380 5028 711
5028 2315 711
2315 2059 711
2059 12862 711
12862 20469 711
20469 3130 711
3130 13033 711
13033 4765 711
4765 25143 711
25143 1061 711
1061 20076 711
20076 25425 711
25425 15835 711
15835 5966 711
5966 3596 711
3596 8108 711
8108 13402 711
13402 13478 711
13478 11385 711
11385 11205 711
11205 20920 711
20920 7258 711
7258 24014 711
24014 22713 711
22713 22845 711
22845 4630 711
4630 19007 711
19007 24561 711
24561 10921 711
10921 23875 711
23875 16642 711
16642 20091 711
20091 15762 711
15762 3210 711
3210 3367 711
3367 4454 711
4454 21848 711
21848 25093 711
25093 15073 711
15073 14877 711
14877 150 711
150 25579 711
25579 373 711
373 2811 711
2811 9550 711
9550 18335 711
18335 21223 711
21223 9989 711
9989 22438 711
22438 10236 711
10236 14505 711
14505 4096 711
4096 660 711
660 17724 711
17724 19627 711
19627 7780 711
7780 5349 711
5349 2492 711
2492 14591 711
14591 21088 711
21088 13961 711
13961 10795 711
10795 12930 711
12930 9767 711
9767 20788 711
20788 11015 711
11015 9733 711
9733 20167 711
20167 2488 711
2488 13109 711
13109 20187 711
20187 19716 711
19716 1299 711
1299 8357 711
8357 23235 711
23235 6725 711
6725 22378 711
22378 24660 711
24660 4966 711
4966 146 711
146 14864 711
14864 661 711
661 1930 711
1930 1410 711
1410 5245 711
5245 13458 711
13458 21875 711
21875 13882 711
13882 18755 711
18755 22189 711
22189 15739 711
15739 5686 711
5686 25958 711
25958 22853 711
22853 15480 711
15480 23724 711
23724 3344 711
3344 14933 711
14933 14315 711
14315 16191 711
16191 2205 711
2205 6534 711
6534 14036 711
14036 10228 711
10228 24484 711
24484 16103 711
16103 3605 711
3605 9889 711
9889 5833 711
5833 2370 711
2370 8593 711
8593 14337 711
14337 25424 711
25424 18087 711
18087 13130 711
13130 21430 711
21430 22667 711
22667 15879 711
15879 22135 711
22135 3286 711
3286 13612 711
13612 2365 711
2365 14228 711
14228 6481 711
6481 25807 711
25807 25500 711
25500 23515 711
23515 10675 711
10675 8844 711
8844 19210 711
19210 6643 711
6643 16102 711
16102 16204 711
16204 2578 711
2578 18815 711
18815 15635 711
15635 12282 711
12282 14544 711
14544 22082 711
22082 7776 711
7776 14735 711
14735 16016 711
16016 12357 711
12357 25091 711
25091 2178 711
2178 7078 711
7078 15147 711
15147 14323 711
14323 24914 711
24914 4711 711
4711 12279 711
12279 24698 711
24698 14518 711
14518 12026 711
12026 17880 711
17880 23957 711
23957 6296 711
6296 19472 711
19472 41 711
41 24446 711
24446 4192 711
4192 739 711
739 16774 711
16774 22856 711
22856 22915 711
22915 24409 711
24409 7623 711
7623 7701 711
7701 15184 711
15184 20471 711
20471 18761 711
18761 10019 711
10019 8317 711
8317 13559 711
13559 5957 711
5957 90 711
90 15980 711
15980 3233 711
3233 3327 711
3327 17100 711
17100 17885 711
17885 8570 711
8570 20601 711
20601 10373 711
10373 23385 711
23385 10796 711
10796 12727 711
12727 16863 711
16863 1912 711
1912 24839 711
24839 25013 711
25013 1020 711
1020 12692 711
12692 19254 711
19254 7205 711
7205 21338 711
21338 1531 711
1531 5262 711
5262 2347 711
2347 18409 711
18409 3964 711
3964 2569 711
2569 7370 711
7370 6834 711
6834 9683 711
9683 10413 711
10413 8445 711
8445 19652 711
19652 5008 711
5008 20404 711
20404 5019 711
5019 12956 711
12956 21464 711
21464 16122 711
16122 21461 711
21461 17012 711
17012 3743 711
3743 714 711
714 10048 711
10048 8983 711
8983 7806 711
7806 9938 711
9938 25805 711
25805 17823 711
17823 19706 711
19706 25859 711
25859 7346 711
7346 5355 711
5355 9420 711
9420 19057 711
19057 13442 711
13442 4164 711
4164 2503 711
2503 5704 711
5704 977 711
977 16717 711
16717 11356 711
11356 7159 711
7159 17838 711
17838 9147 711
9147 10088 711
10088 14240 711
14240 4666 711
4666 6363 711
6363 16157 711
16157 10305 711
10305 11945 711
11945 1007 711
1007 8753 711
8753 1436 711
1436 11728 711
11728 6940 711
6940 17763 711
17763 25103 711
25103 23954 711
23954 16149 711
16149 4858 711
4858 16870 711
16870 21082 711
21082 525 711
525 5615 711
5615 3479 711
3479 16748 711
16748 16587 711
16587 3996 711
3996 13730 711
13730 3034 711
3034 23775 711
23775 2836 711
2836 22452 711
22452 13167 711
13167 15323 711
15323 1115 711
1115 10763 711
10763 11618 711
11618 24871 711
24871 13122 711
13122 18103 711
18103 13911 711
13911 2929 711
2929 14975 711
14975 25358 711
25358 2119 711
2119 6429 711
6429 17916 711
17916 7754 711
7754 1415 711
1415 20732 711
20732 17451 711
17451 8676 711
8676 23597 711
23597 19238 711
19238 1219 711
1219 15297 711
15297 20384 711
20384 17239 711
17239 24012 711
24012 18879 711
18879 3097 711
3097 23984 711
23984 19810 711
19810 790 711
790 16209 711
16209 25554 711
25554 4825 711
4825 15284 711
15284 22236 711
22236 9615 711
9615 1997 711
1997 5688 711
5688 10905 711
10905 14833 711
14833 14195 711
14195 20758 711
20758 9179 711
9179 17048 711
17048 10849 711
10849 24150 711
24150 15495 711
15495 25534 711
25534 20772 711
20772 14125 711
14125 25387 711
25387 18656 711
18656 14880 711
14880 7556 711
7556 2169 711
2169 19615 711
19615 25637 711
25637 19109 711
19109 10378 711
10378 7816 711
7816 18325 711
18325 6699 711
6699 25608 711
25608 12795 711
12795 772 711
772 19166 711
19166 12347 711
12347 21269 711
21269 22556 711
22556 12802 711
12802 7420 711
7420 20169 711
20169 22938 711
22938 22093 711
22093 24472 711
24472 1211 711
1211 10618 711
10618 22214 711
22214 463 711
463 18403 711
18403 4290 711
4290 13271 711
13271 2717 711
2717 25541 711
25541 25439 711
25439 9235 711
9235 22769 711
22769 13601 711
13601 14912 711
14912 20999 711
20999 9198 711
9198 20521 711
20521 4689 711
4689 8151 711
8151 1641 711
1641 19893 711
19893 268 711
268 10897 711
10897 24928 711
24928 9424 711
9424 20277 711
20277 11228 711
11228 4103 711
4103 11469 711
11469 18647 711
18647 12001 711
12001 4322 711
4322 25672 711
25672 3308 711
3308 21398 711
21398 4598 711
4598 13362 711
13362 11459 711
11459 14348 711
14348 17707 711
17707 8500 711
8500 8079 711
8079 18573 711
18573 23249 711
23249 15924 711
15924 21068 711
21068 4430 711
4430 1556 711
1556 7735 711
7735 25011 711
25011 9676 711
9676 11386 711
11386 8433 711
8433 9183 711
9183 15310 711
15310 18101 711
18101 24491 711
24491 25506 711
25506 8251 711
8251 18824 711
18824 257 711
257 22142 711
22142 4452 711
4452 6832 711
6832 17206 711
17206 3572 711
3572 3981 711
3981 15127 711
15127 3590 711
3590 3553 711
3553 24405 711
24405 25344 711
25344 957 711
957 12286 711
12286 906 711
906 15607 711
15607 1679 711
1679 22199 711
22199 2627 711
2627 13845 711
13845 7184 711
7184 14393 711
14393 4660 711
4660 14982 711
14982 14014 711
14014 16582 711
16582 7287 711
7287 3695 711
3695 8700 711
8700 18864 711
18864 11738 711
11738 14158 711
14158 5281 711
5281 170 711
170 3072 711
3072 2747 711
2747 20039 711
20039 13115 711
13115 1999 711
1999 11594 711
11594 20206 711
20206 17266 711
17266 7901 711
7901 3651 711
3651 14743 711
14743 15289 711
15289 18777 711
18777 17359 711
17359 5812 711
5812 278 711
278 4157 711
4157 22808 711
22808 15198 711
15198 4659 711
4659 24702 711
24702 6088 711
6088 20374 711
20374 2511 711
2511 4131 711
4131 13371 711
13371 12058 711
12058 20477 711
20477 1648 711
1648 11879 711
11879 19956 711
19956 22638 711
22638 4611 711
4611 25476 711
25476 7846 711
7846 6337 711
6337 9243 711
9243 3176 711
3176 14258 711
14258 19034 711
19034 17819 711
17819 13312 711
13312 23008 711
23008 12390 711
12390 24854 711
24854 15689 711
15689 14689 711
14689 16395 711
16395 2353 711
2353 2651 711
2651 15789 711
15789 2766 711
2766 8252 711
8252 10841 711
10841 4960 711
4960 13037 711
13037 1207 711
1207 20415 711
20415 25209 711
25209 17671 711
17671 3039 711
3039 14790 711
14790 4334 711
4334 6046 711
6046 13740 711
13740 73 711
73 6830 711
6830 23033 711
23033 14909 711
14909 4479 711
4479 4772 711
4772 9692 711
9692 18075 711
18075 3035 711
3035 21138 711
21138 18432 711
18432 18301 711
18301 16929 711
16929 16600 711
16600 22606 711
22606 19301 711
19301 19538 711
19538 3125 711
3125 19496 711
19496 10866 711
10866 10427 711
10427 614 711
614 6060 711
6060 20690 711
20690 11672 711
11672 23181 711
23181 1419 711
1419 16905 711
16905 3216 711
3216 26 711
26 20734 711
20734 18773 711
18773 5334 711
5334 15891 711
15891 9057 711
9057 10848 711
10848 25277 711
25277 22070 711
22070 13737 711
13737 2923 711
2923 12662 711
12662 4514 711
4514 12263 711
12263 22389 711
22389 24354 711
24354 13739 711
13739 3705 711
3705 9747 711
9747 6703 711
6703 20796 711
20796 11977 711
11977 23676 711
23676 2334 711
2334 24175 711
24175 6982 711
6982 5170 711
5170 23841 711
23841 5153 711
5153 22065 711
22065 6467 711
6467 10163 711
10163 16811 711
16811 13995 711
13995 9188 711
9188 19094 711
19094 19261 711
19261 10283 711
10283 5868 711
5868 2297 711
2297 15644 711
15644 17314 711
17314 16580 711
16580 15126 711
15126 21004 711
21004 6403 711
6403 24043 711
24043 25651 711
25651 6440 711
6440 21043 711
21043 5818 711
5818 23694 711
23694 5383 711
5383 4057 711
4057 7695 711
7695 11495 711
11495 17873 711
17873 20272 711
20272 4092 711
4092 1288 711
1288 1856 711
1856 22383 711
22383 3852 711
3852 471 711
471 10551 711
10551 15830 711
15830 5680 711
5680 21307 711
21307 20857 711
20857 16476 711
16476 6 711
6 19086 711
19086 24534 711
24534 12629 711
12629 13644 711
13644 4151 711
4151 9546 711
9546 9515 711
9515 3937 711
3937 9802 711
9802 11438 711
11438 10347 711
10347 1377 711
1377 21834 711
21834 3519 711
3519 16163 711
16163 15542 711
15542 10052 711
10052 12362 711
12362 6518 711
6518 22773 711
22773 20513 711
20513 14699 711
14699 1380 711
1380 20179 711
20179 7144 711
7144 9054 711
9054 9696 711
9696 12 711
12 24630 711
24630 24995 711
24995 7363 711
7363 5155 711
5155 22310 711
22310 14728 711
14728 5436 711
5436 16174 711
16174 16229 711
16229 6479 711
6479 1606 711
1606 6938 711
6938 7627 711
7627 16267 711
16267 19540 711
19540 4069 711
4069 20403 711
20403 12966 711
12966 19505 711
19505 11202 711
11202 15502 711
15502 2621 711
2621 11022 711
11022 12779 711
12779 23702 711
23702 431 711
431 14131 711
14131 20081 711
20081 13615 711
13615 16077 711
16077 13291 711
13291 23488 711
23488 9748 711
9748 17588 711
17588 16004 711
16004 24576 711
24576 22399 711
22399 24167 711
24167 19623 711
19623 15525 711
15525 16470 711
16470 5926 711
5926 15862 711
15862 7441 711
7441 21860 711
21860 22820 711
22820 17641 711
17641 20960 711
20960 3536 711
3536 1629 711
1629 11461 711
11461 15806 711
15806 16522 711
16522 4090 711
4090 14202 711
14202 20162 711
20162 6083 711
6083 13987 711
13987 2065 711
2065 485 711
485 14198 711
14198 23552 711
23552 25510 711
25510 7 711
7 19497 711
19497 20860 711
20860 20043 711
20043 8262 711
8262 4564 711
4564 2998 711
2998 2909 711
2909 21022 711
21022 7831 711
7831 5129 711
5129 18612 711
18612 2954 711
2954 25999 711
25999 2270 711
2270 22704 711
22704 8891 711
8891 15188 711
15188 8105 711
8105 24106 711
24106 12079 711
12079 23629 711
23629 19023 711
19023 20760 711
20760 19880 711
19880 23693 711
23693 3560 711
3560 6772 711
6772 16396 711
16396 6298 711
6298 3242 711
3242 23054 711
23054 9184 711
9184 6780 711
6780 4026 711
4026 11285 711
11285 23475 711
23475 10401 711
10401 2276 711
2276 5340 711
5340 11600 711
11600 5098 711
5098 9429 711
9429 16344 711
16344 1691 711
1691 22813 711
22813 4540 711
4540 4499 711
4499 17612 711
17612 9304 711
9304 14266 711
14266 2229 711
2229 16413 711
16413 3350 711
3350 18131 711
18131 17347 711
17347 17292 711
17292 24338 711
24338 20232 711
20232 17495 711
17495 20258 711
20258 15105 711
15105 24031 711
24031 1994 711
1994 14164 711
14164 6882 711
6882 3707 711
3707 24650 711
24650 75 711
75 25307 711
25307 24842 711
24842 24274 711
24274 12329 711
12329 5202 711
5202 17427 711
17427 8814 711
8814 15702 711
15702 11142 711
11142 3164 711
3164 16013 711
16013 10022 711
10022 18020 711
18020 23592 711
23592 5922 711
5922 24089 711
24089 4206 711
4206 9614 711
9614 23814 711
23814 17317 711
17317 14078 711
14078 4393 711
4393 17410 711
17410 5557 711
5557 517 711
517 22151 711
22151 25564 711
25564 3025 711
3025 16335 711
16335 4820 711
4820 3890 711
3890 13158 711
13158 24151 711
24151 473 711
473 78 711
78 23043 711
23043 8259 711
8259 10282 711
10282 6726 711
6726 1726 711
1726 23436 711
23436 21142 711
21142 15158 711
15158 13424 711
13424 25615 711
25615 19997 711
19997 24910 711
24910 6187 711
6187 16064 711
16064 12344 711
12344 20756 711
20756 142 711
142 11845 711
11845 16741 711
16741 3402 711
3402 5826 711
5826 6925 711
6925 5362 711
5362 9725 711
9725 18348 711
18348 11453 711
11453 12847 711
12847 18395 711
18395 8254 711
8254 25270 711
25270 20531 711
20531 22560 711
22560 25583 711
25583 9571 711
9571 13131 711
13131 7342 711
7342 9340 711
9340 6289 711
6289 3839 711
3839 18571 711
18571 15984 711
15984 9643 711
9643 19443 711
19443 12627 711
12627 3866 711
3866 21587 711
21587 23152 711
23152 10222 711
10222 12013 711
12013 14532 711
14532 25810 711
25810 22172 711
22172 17666 711
17666 22510 711
22510 8670 711
8670 11451 711
11451 23351 711
23351 6208 711
6208 19316 711
19316 12285 711
12285 23427 711
23427 22630 711
22630 8160 711
8160 18293 711
18293 2896 711
2896 20234 711
20234 85 711
85 12311 711
12311 22776 711
22776 1478 711
1478 1767 711
1767 20458 711
20458 10940 711
10940 24577 711
24577 21972 711
21972 6953 711
6953 20216 711
20216 6589 711
6589 2726 711
2726 16606 711
16606 15749 711
15749 940 711
940 9768 711
9768 11966 711
11966 17176 711
17176 15071 711
15071 1405 711
1405 18934 711
18934 15491 711
15491 8506 711
8506 23529 711
23529 22775 711
22775 3963 711
3963 10960 711
10960 20207 711
20207 10700 711
10700 17572 711
17572 15897 711
15897 19619 711
19619 6995 711
6995 5081 711
5081 3118 711
3118 858 711
858 4840 711
4840 17663 711
17663 10416 711
10416 25312 711
25312 6166 711
6166 2906 711
2906 16712 711
16712 3486 711
3486 13075 711
13075 6364 711
6364 13853 711
13853 16662 711
16662 13186 711
13186 5588 711
5588 24758 711
24758 5671 711
5671 22862 711
22862 21957 711
21957 4554 711
4554 21751 711
21751 17519 711
17519 17036 711
17036 4476 711
4476 5440 711
5440 5582 711
5582 2182 711
2182 25956 711
25956 22463 711
22463 2458 711
2458 15433 711
15433 14218 711
14218 21966 711
21966 3080 711
3080 24572 711
24572 17693 711
17693 14878 711
14878 23958 711
23958 11099 711
11099 25217 711
25217 6186 711
6186 1653 711
1653 18976 711
18976 4665 711
4665 18604 711
18604 7187 711
7187 11811 711
11811 8306 711
8306 8866 711
8866 10519 711
10519 25423 711
25423 19476 711
19476 356 711
356 16028 711
16028 2763 711
2763 16709 711
16709 3961 711
3961 5076 711
5076 18238 711
18238 13587 711
13587 7037 711
7037 20664 711
20664 11541 711
11541 21074 711
21074 8048 711
8048 12136 711
12136 17166 711
17166 24145 711
24145 17189 711
17189 9982 711
9982 18426 711
18426 23726 711
23726 25085 711
25085 18588 711
18588 18826 711
18826 20672 711
20672 6593 711
6593 24040 711
24040 12443 711
12443 23144 711
23144 8760 711
8760 11514 711
11514 11071 711
11071 4879 711
4879 21524 711
21524 20451 711
20451 12214 711
12214 23231 711
23231 3392 711
3392 1037 711
1037 1445 711
1445 8314 711
8314 20783 711
20783 16184 711
16184 24104 711
24104 18040 711
18040 23809 711
23809 7045 711
7045 2421 711
2421 16367 711
16367 18603 711
18603 20266 711
20266 2595 711
2595 3887 711
3887 23117 711
23117 19531 711
19531 14992 711
14992 22403 711
22403 23331 711
23331 17335 711
17335 15043 711
15043 24574 711
24574 16322 711
16322 2719 711
2719 43 711
43 20202 711
20202 24616 711
24616 6425 711
6425 3345 711
3345 20423 711
20423 24579 711
24579 22035 711
22035 6522 711
6522 20907 711
20907 17420 711
17420 2281 711
2281 19875 711
19875 14504 711
14504 16230 711
16230 1190 711
1190 6473 711
6473 21188 711
21188 6313 711
6313 21825 711
21825 21606 711
21606 18920 711
18920 4055 711
4055 17482 711
17482 25645 711
25645 20120 711
20120 2145 711
2145 21222 711
21222 14058 711
14058 23507 711
23507 15170 711
15170 252 711
252 10243 711
10243 15753 711
15753 22567 711
22567 19653 711
19653 1503 711
1503 5387 711
5387 21094 711
21094 9581 711
9581 25222 711
25222 4142 711
4142 351 711
351 23780 711
23780 9509 711
9509 5763 711
5763 25612 711
25612 2340 711
2340 16303 711
16303 4919 711
4919 17861 711
17861 14970 711
14970 15098 711
15098 1718 711
1718 12476 711
12476 14499 711
14499 14522 711
14522 11542 711
11542 11435 711
11435 565 711
565 22636 711
22636 14841 711
14841 3265 711
3265 12272 711
12272 4474 711
4474 22350 711
22350 17184 711
17184 20465 711
20465 17033 711
17033 21904 711
21904 2553 711
2553 14453 711
14453 18233 711
18233 8754 711
8754 24424 711
24424 2451 711
2451 433 711
433 283 711
283 20940 711
20940 24785 711
24785 9040 711
9040 1293 711
1293 19250 711
19250 11853 711
11853 23015 711
23015 1251 711
1251 9413 711
9413 13805 711
13805 8741 711
8741 6782 711
6782 15151 711
15151 1771 711
1771 3347 711
3347 17457 711
17457 21038 711
21038 22352 711
22352 5546 711
5546 7879 711
7879 11173 711
11173 6154 711
6154 21975 711
21975 24559 711
24559 18703 711
18703 25549 711
25549 23476 711
23476 23858 711
23858 8070 711
8070 5415 711
5415 17968 711
17968 3667 711
3667 4318 711
4318 6086 711
6086 25491 711
25491 18998 711
18998 3121 711
3121 4342 711
4342 14942 711
14942 22289 711
22289 15556 711
15556 18766 711
18766 18781 711
18781 16768 711
16768 23182 711
23182 9146 711
9146 9712 711
9712 15263 711
15263 16402 711
16402 23823 711
23823 8766 711
8766 3082 711
3082 24623 711
24623 18364 711
18364 22174 711
22174 5381 711
5381 5844 711
5844 5613 711
5613 16474 711
16474 3041 711
3041 17565 711
17565 14721 711
14721 25284 711
25284 7668 711
7668 4329 711
4329 12649 711
12649 15366 711
15366 18982 711
18982 19449 711
19449 4738 711
4738 22740 711
22740 19846 711
19846 16655 711
16655 7616 711
7616 1853 711
1853 10124 711
10124 13068 711
13068 22398 711
22398 8420 711
8420 6212 711
6212 9553 711
9553 6079 711
6079 10420 711
10420 6432 711
6432 24613 711
24613 24068 711
24068 19047 711
19047 24517 711
24517 13724 711
13724 24682 711
24682 12210 711
12210 5863 711
5863 23863 711
23863 6444 711
6444 8540 711
8540 17679 711
17679 25516 711
25516 15996 711
15996 111 711
111 9081 711
9081 25392 711
25392 2626 711
2626 10595 711
10595 4562 711
4562 17867 711
17867 13568 711
13568 16237 711
16237 7591 711
7591 22490 711
22490 13010 711
13010 2307 711
2307 2031 711
2031 3452 711
3452 10141 711
10141 24066 711
24066 13600 711
13600 10168 711
10168 11663 711
11663 3103 711
3103 3222 711
3222 5749 711
5749 17552 711
17552 15813 711
15813 17780 711
17780 1941 711
1941 20445 711
20445 1950 711
1950 20939 711
20939 9599 711
9599 9156 711
9156 1594 711
1594 4449 711
4449 19908 711
19908 1216 711
1216 1398 711
1398 20035 711
20035 18331 711
18331 11008 711
11008 11185 711
11185 4516 711
4516 3087 711
3087 11457 711
11457 3334 711
3334 24242 711
24242 9274 711
9274 11849 711
11849 20390 711
20390 7190 711
7190 13555 711
13555 16317 711
16317 44 711
44 22886 711
22886 18104 711
18104 10064 711
10064 5959 711
5959 7277 711
7277 16436 711
16436 13456 711
13456 16307 711
16307 20063 711
20063 21748 711
21748 13868 711
13868 21154 711
21154 4253 711
4253 16772 711
16772 16719 711
16719 6161 711
6161 21235 711
21235 11448 711
11448 9247 711
9247 6591 711
6591 25026 711
25026 5540 711
5540 17805 711
17805 13702 711
13702 24117 711
24117 16231 711
16231 22839 711
22839 18570 711
18570 16680 711
16680 11274 711
11274 455 711
455 25084 711
25084 24701 711
24701 11021 711
11021 19676 711
19676 9826 711
9826 19368 711
19368 15445 711
15445 16934 711
16934 8706 711
8706 23785 711
23785 5606 711
5606 10106 711
10106 20529 711
20529 4662 711
4662 2566 711
2566 11897 711
11897 8400 711
8400 17633 711
17633 13808 711
13808 124 711
124 10036 711
10036 12567 711
12567 8839 711
8839 3470 711
3470 6683 711
6683 19612 711
19612 22644 711
22644 24527 711
24527 9518 711
9518 23595 711
23595 9457 711
9457 19288 711
19288 3873 711
3873 21343 711
21343 22807 711
22807 14417 711
14417 14722 711
14722 23283 711
23283 14084 711
14084 6965 711
6965 14252 711
14252 14034 711
14034 10985 711
10985 11233 711
11233 467 711
467 16720 711
16720 54 711
54 23662 711
23662 10351 711
10351 20257 711
20257 4434 711
4434 1366 711
1366 13839 711
13839 3745 711
3745 9911 711
9911 3688 711
3688 10874 711
10874 23201 711
23201 5986 711
5986 11743 711
11743 5710 711
5710 1652 711
1652 5428 711
5428 9299 711
9299 23081 711
23081 2122 711
2122 13319 711
13319 14254 711
14254 15738 711
15738 17090 711
17090 1898 711
1898 23411 711
23411 10899 711
10899 4578 711
4578 23206 711
23206 23798 711
23798 8335 711
8335 22860 711
22860 5985 711
5985 14950 711
14950 6708 711
6708 2550 711
2550 24344 711
24344 21216 711
21216 8812 711
8812 14163 711
14163 5454 711
5454 25374 711
25374 17625 711
17625 14837 711
14837 20640 711
20640 1498 711
1498 12260 711
12260 1162 711
1162 22868 711
22868 25086 711
25086 11084 711
11084 25494 711
25494 14269 711
14269 22159 711
22159 5009 711
5009 19883 711
19883 19309 711
19309 9220 711
9220 14330 711
14330 2872 711
2872 14922 711
14922 1368 711
1368 14590 711
14590 227 711
227 3315 711
3315 13595 711
13595 20379 711
20379 4570 711
4570 22557 711
22557 10224 711
10224 7379 711
7379 4339 711
4339 15095 711
15095 14052 711
14052 3021 711
3021 21128 711
21128 10368 711
10368 20941 711
20941 21835 711
21835 399 711
399 16743 711
16743 8984 711
8984 3907 711
3907 6505 711
6505 651 711
651 1304 711
1304 19523 711
19523 16487 711
16487 19888 711
19888 15561 711
15561 11212 711
11212 15146 711
15146 23565 711
23565 19190 711
19190 10429 711
10429 4327 711
4327 16673 711
16673 621 711
621 22284 711
22284 25050 711
25050 11100 711
11100 3142 711
3142 3778 711
3778 15322 711
15322 14050 711
14050 18109 711
18109 21686 711
21686 18112 711
18112 2587 711
2587 16855 711
16855 19713 711
19713 11790 711
11790 10128 711
10128 5329 711
5329 13752 711
13752 15372 711
15372 12027 711
12027 5112 711
5112 3237 711
3237 8486 711
8486 22818 711
22818 2596 711
2596 24566 711
24566 19356 711
19356 2396 711
2396 6040 711
6040 21965 711
21965 21125 711
21125 21808 711
21808 4261 711
4261 25703 711
25703 5316 711
5316 3639 711
3639 6490 711
6490 23019 711
23019 12041 711
12041 6292 711
6292 25841 711
25841 24318 711
24318 15457 711
15457 15694 711
15694 12025 711
12025 10227 711
10227 25675 711
25675 9103 711
9103 24722 711
24722 25917 711
25917 17606 711
17606 25383 711
25383 1429 711
1429 13639 711
13639 19949 711
19949 4702 711
4702 13443 711
13443 3650 711
3650 17078 711
17078 2188 711
2188 8942 711
8942 2585 711
2585 1200 711
1200 16757 711
16757 12866 711
12866 25560 711
25560 16652 711
16652 14657 711
14657 5469 711
5469 19503 711
19503 2847 711
2847 9172 711
9172 22840 711
22840 357 711
357 13854 711
13854 12420 711
12420 5837 711
5837 17980 711
17980 8234 711
8234 6791 711
6791 15239 711
15239 7516 711
7516 2151 711
2151 25228 711
25228 18123 711
18123 9543 711
9543 15337 711
15337 15853 711
15853 11038 711
11038 1821 711
1821 12607 711
12607 22198 711
22198 300 711
300 22784 711
22784 12948 711
12948 3514 711
3514 18297 711
18297 4211 711
4211 19504 711
19504 21567 711
21567 3960 711
3960 21202 711
21202 10722 711
10722 13264 711
13264 11357 711
11357 20928 711
20928 6477 711
6477 1453 711
1453 5845 711
5845 15438 711
15438 9127 711
9127 13749 711
13749 8677 711
8677 28 711
28 20276 711
20276 5114 711
5114 3442 711
3442 19998 711
19998 482 711
482 16262 711
16262 20509 711
20509 20293 711
20293 2028 711
2028 1459 711
1459 24721 711
24721 5464 711
5464 23453 711
23453 19605 711
19605 16483 711
16483 12442 711
12442 22169 711
22169 13199 711
13199 3069 711
3069 8628 711
8628 8018 711
8018 2405 711
2405 18051 711
18051 7095 711
7095 6386 711
6386 15778 711
15778 6125 711
6125 260 711
260 3653 711
3653 12719 711
12719 4378 711
4378 1584 711
1584 15354 711
15354 18202 711
18202 2274 711
2274 15264 711
15264 6602 711
6602 22280 711
22280 14901 711
14901 12366 711
12366 16459 711
16459 22905 711
22905 6723 711
6723 15913 711
15913 12233 711
12233 17874 711
17874 21251 711
21251 19163 711
19163 19092 711
19092 12477 711
12477 15520 711
15520 23089 711
23089 22051 711
22051 23489 711
23489 15453 711
15453 2254 711
2254 22983 711
22983 23764 711
23764 23646 711
23646 11352 711
11352 13890 711
13890 10215 711
10215 19363 711
19363 21388 711
21388 12894 711
12894 17306 711
17306 24342 711
24342 6414 711
6414 4722 711
4722 21254 711
21254 25035 711
25035 17835 711
17835 21554 711
21554 3539 711
3539 13973 711
13973 12975 711
12975 7491 711
7491 6883 711
6883 24350 711
24350 9484 711
9484 17596 711
17596 13253 711
13253 25094 711
25094 15300 711
15300 19989 711
19989 22057 711
22057 12221 711
12221 19451 711
19451 18598 711
18598 7659 711
7659 20192 711
20192 10290 711
10290 14394 711
14394 17791 711
17791 3817 711
3817 21837 711
21837 16417 711
16417 4035 711
4035 3550 711
3550 15934 711
15934 6142 711
6142 14439 711
14439 8668 711
8668 15447 711
15447 4737 711
4737 21948 711
21948 22987 711
22987 13679 711
13679 13347 711
13347 16726 711
16726 160 711
160 6819 711
6819 14419 711
14419 25916 711
25916 10146 711
10146 10356 711
10356 15429 711
15429 12932 711
12932 18516 711
18516 9854 711
9854 22957 711
22957 11704 711
11704 12393 711
12393 17289 711
17289 16867 711
16867 22175 711
22175 14592 711
14592 23660 711
23660 19586 711
19586 21028 711
21028 13322 711
13322 14032 711
14032 1 711
1 15276 711
15276 7684 711
7684 2911 711
2911 5442 711
5442 3078 711
3078 5315 711
5315 13989 711
13989 18261 711
18261 3858 711
3858 7156 711
7156 20849 711
20849 3540 711
3540 14021 711
14021 9985 711
9985 20762 711
20762 6635 711
6635 1828 711
1828 25687 711
25687 11229 711
11229 7639 711
7639 16979 711
16979 18906 711
18906 2399 711
2399 639 711
639 25693 711
25693 3123 711
3123 18510 711
18510 7372 711
7372 1068 711
1068 13189 711
13189 2605 711
2605 937 711
937 14825 711
14825 12294 711
12294 18804 711
18804 11852 711
11852 9795 711
9795 18220 711
18220 13278 711
13278 17785 711
17785 8092 711
8092 1507 711
1507 19812 711
19812 25815 711
25815 14980 711
14980 3867 711
3867 17348 711
17348 24377 711
24377 20607 711
20607 3152 711
3152 23001 711
23001 19128 711
19128 14303 711
14303 13859 711
13859 8232 711
8232 18975 711
18975 4247 711
4247 15759 711
15759 580 711
580 4952 711
4952 11227 711
11227 4792 711
4792 10709 711
10709 2152 711
2152 16043 711
16043 3643 711
3643 10918 711
10918 14047 711
14047 14473 711
14473 5139 711
5139 23706 711
23706 13691 711
13691 17518 711
17518 12583 711
12583 9582 711
9582 20136 711
20136 4363 711
4363 14994 711
14994 1518 711
1518 7443 711
7443 11685 711
11685 21499 711
21499 14422 711
14422 4043 711
4043 20061 711
20061 13098 711
13098 20528 711
20528 11526 711
11526 15375 711
15375 23138 711
23138 8123 711
8123 13470 711
13470 13004 711
13004 4779 711
4779 22416 711
22416 4453 711
4453 25828 711
25828 24268 711
24268 11171 711
11171 13123 711
13123 14030 711
14030 14360 711
14360 11498 711
11498 14481 711
14481 9126 711
9126 2427 711
2427 1935 711
1935 2963 711
2963 5477 711
5477 14839 711
14839 7792 711
7792 3378 711
3378 21737 711
21737 810 711
810 17310 711
17310 16569 711
16569 9441 711
9441 5982 711
5982 19866 711
19866 18423 711
18423 24558 711
24558 14209 711
14209 23133 711
23133 16787 711
16787 14617 711
14617 8380 711
8380 2327 711
2327 198 711
198 3526 711
3526 15517 711
15517 16426 711
16426 18152 711
18152 2723 711
2723 5493 711
5493 19191 711
19191 11393 711
11393 428 711
428 18822 711
18822 22805 711
22805 20385 711
20385 22007 711
22007 19606 711
19606 14853 711
14853 18371 711
18371 11564 711
11564 2068 711
2068 2211 711
2211 14565 711
14565 11326 711
11326 11927 711
11927 6028 711
6028 8427 711
8427 21735 711
21735 23554 711
23554 16349 711
16349 13450 711
13450 3456 711
3456 1094 711
1094 13227 711
13227 10037 711
10037 22292 711
22292 11083 711
11083 3588 711
3588 4321 711
4321 23703 711
23703 20022 711
20022 17643 711
17643 12961 711
12961 6034 711
6034 5100 711
5100 20951 711
20951 16494 711
16494 19779 711
19779 990 711
990 14574 711
14574 4503 711
4503 10952 711
10952 20814 711
20814 15544 711
15544 6277 711
6277 25005 711
25005 24779 711
24779 11703 711
11703 22519 711
22519 976 711
976 1832 711
1832 11621 711
11621 17732 711
17732 18053 711
18053 17587 711
17587 18607 711
18607 21344 711
21344 11249 711
11249 397 711
397 13105 711
13105 12672 711
12672 12595 711
12595 22101 711
22101 13948 711
13948 22004 711
22004 18695 711
18695 6654 711
6654 2172 711
2172 10354 711
10354 10084 711
10084 1561 711
1561 2208 711
2208 10782 711
10782 2435 711
2435 13536 711
13536 2375 711
2375 19752 711
19752 212 711
212 12666 711
12666 4573 711
4573 10432 711
10432 576 711
576 6913 711
6913 20427 711
20427 14118 711
14118 23901 711
23901 12959 711
12959 282 711
282 19937 711
19937 19528 711
19528 11803 711
11803 1804 711
1804 10765 711
10765 5053 711
5053 1508 711
1508 21408 711
21408 7229 711
7229 13243 711
13243 1761 711
1761 129 711
129 3727 711
3727 17963 711
17963 11744 711
11744 19868 711
19868 25925 711
25925 21083 711
21083 23838 711
23838 12768 711
12768 2832 711
2832 13812 711
13812 20539 711
20539 1010 711
1010 22503 711
22503 1752 711
1752 14020 711
14020 19005 711
19005 10340 711
10340 6856 711
6856 13784 711
13784 3736 711
3736 3322 711
3322 20918 711
20918 20350 711
20350 25880 711
25880 14010 711
14010 1055 711
1055 20026 711
20026 18636 711
18636 19354 711
19354 13350 711
13350 18437 711
18437 5192 711
5192 13174 711
13174 18132 711
18132 17466 711
17466 21827 711
21827 8757 711
8757 15532 711
15532 12092 711
12092 24639 711
24639 12125 711
12125 2839 711
2839 13395 711
13395 10951 711
10951 15746 711
15746 1455 711
1455 18122 711
18122 17688 711
17688 4716 711
4716 1296 711
1296 3131 711
3131 17911 711
17911 17516 711
17516 24157 711
24157 13074 711
13074 24317 711
24317 23856 711
23856 21969 711
21969 5518 711
5518 17723 711
17723 5573 711
5573 22911 711
22911 239 711
239 18478 711
18478 19402 711
19402 19275 711
19275 24258 711
24258 8284 711
8284 21811 711
21811 2563 711
2563 23243 711
23243 2639 711
2639 1575 711
1575 17887 711
17887 7680 711
7680 21217 711
21217 25831 711
25831 22922 711
22922 24488 711
24488 20934 711
20934 21783 711
21783 561 711
561 19337 711
19337 4469 711
4469 21149 711
21149 9905 711
9905 8863 711
8863 16687 711
16687 2571 711
2571 1011 711
1011 4604 711
4604 15333 711
15333 3622 711
3622 25872 711
25872 17387 711
17387 18174 711
18174 8379 711
8379 8824 711
8824 21961 711
21961 9959 711
9959 7891 711
7891 3508 711
3508 20677 711
20677 275 711
275 22935 711
22935 25296 711
25296 10729 711
10729 24160 711
24160 17407 711
17407 25335 711
25335 19481 711
19481 18249 711
18249 4764 711
4764 21267 711
21267 12262 711
12262 21782 711
21782 23697 711
23697 12829 711
12829 8395 711
8395 18084 711
18084 22525 711
22525 6530 711
6530 9827 711
9827 12542 711
12542 11313 711
11313 408 711
408 3230 711
3230 10160 711
10160 10134 711
10134 18215 711
18215 25116 711
25116 21768 711
21768 24336 711
24336 5525 711
5525 16233 711
16233 14989 711
14989 18964 711
18964 14106 711
14106 21802 711
21802 8226 711
8226 20780 711
20780 6009 711
6009 8328 711
8328 11340 711
11340 10715 711
10715 8358 711
8358 16182 711
16182 20440 711
20440 18161 711
18161 22909 711
22909 17945 711
17945 16944 711
16944 10754 711
10754 13373 711
13373 8937 711
8937 2977 711
2977 6221 711
6221 3854 711
3854 6190 711
6190 25990 711
25990 18897 711
18897 8918 711
8918 3481 711
3481 8880 711
8880 10547 711
10547 7909 711
7909 13399 711
13399 8121 711
8121 7999 711
7999 18890 711
18890 8061 711
8061 19214 711
19214 2540 711
2540 22451 711
22451 22163 711
22163 742 711
742 6435 711
6435 18257 711
18257 19576 711
19576 522 711
522 15600 711
15600 18955 711
18955 21318 711
21318 3671 711
3671 24412 711
24412 18590 711
18590 7887 711
7887 4712 711
4712 17809 711
17809 9622 711
9622 12514 711
12514 2671 711
2671 15451 711
15451 25076 711
25076 6962 711
6962 2231 711
2231 19702 711
19702 6721 711
6721 25762 711
25762 21855 711
21855 12620 711
12620 21407 711
21407 25522 711
25522 3368 711
3368 6179 711
6179 7193 711
7193 25486 711
25486 7838 711
7838 7683 711
7683 24382 711
24382 25184 711
25184 16279 711
16279 10364 711
10364 8859 711
8859 22986 711
22986 18504 711
18504 12131 711
12131 9305 711
9305 6362 711
6362 10743 711
10743 24244 711
24244 7334 711
7334 1456 711
1456 9252 711
9252 11681 711
11681 13526 711
13526 4480 711
4480 9338 711
9338 18899 711
18899 3849 711
3849 19433 711
19433 13125 711
13125 16821 711
16821 8223 711
8223 22884 711
22884 6826 711
6826 13209 711
13209 16089 711
16089 21070 711
21070 22967 711
22967 2611 711
2611 2207 711
2207 5997 711
5997 184 711
184 18518 711
18518 93 711
93 14611 711
14611 22963 711
22963 15920 711
15920 3657 711
3657 3781 711
3781 3786 711
3786 16467 711
16467 254 711
254 360 711
360 388 711
388 21177 711
21177 815 711
815 11819 711
11819 6329 711
6329 25761 711
25761 15588 711
15588 21382 711
21382 1755 711
1755 9263 711
9263 25384 711
25384 17653 711
17653 5683 711
5683 25905 711
25905 5043 711
5043 15224 711
15224 19889 711
19889 4739 711
4739 5892 711
5892 1603 711
1603 1501 711
1501 6233 711
6233 22326 711
22326 19243 711
19243 24756 711
24756 11682 711
11682 15735 711
15735 19777 711
19777 13329 711
13329 10688 711
10688 7686 711
7686 7084 711
7084 2701 711
2701 24329 711
24329 16896 711
16896 22471 711
22471 23066 711
23066 17346 711
17346 24700 711
24700 18382 711
18382 24013 711
24013 22052 711
22052 23860 711
23860 5780 711
5780 15630 711
15630 22763 711
22763 24777 711
24777 24805 711
24805 9680 711
9680 20420 711
20420 9817 711
9817 23190 711
23190 21560 711
21560 19767 711
19767 14570 711
14570 647 711
647 17555 711
17555 8817 711
8817 6639 711
6639 3348 711
3348 5526 711
5526 5998 711
5998 20980 711
20980 24997 711
24997 3942 711
3942 14948 711
14948 23266 711
23266 15100 711
15100 16232 711
16232 24791 711
24791 3340 711
3340 20781 711
20781 6954 711
6954 18310 711
18310 3153 711
3153 11118 711
11118 20213 711
20213 6112 711
6112 5687 711
5687 13069 711
13069 8800 711
8800 24546 711
24546 12767 711
12767 20013 711
20013 24905 711
24905 18965 711
18965 21959 711
21959 8473 711
8473 19885 711
19885 5563 711
5563 383 711
383 13699 711
13699 13114 711
13114 15144 711
15144 6044 711
6044 14546 711
14546 15704 711
15704 4890 711
4890 12333 711
12333 4215 711
4215 4775 711
4775 2284 711
2284 21981 711
21981 9004 711
9004 2195 711
2195 17755 711
17755 11289 711
11289 10342 711
10342 18012 711
18012 6063 711
6063 13175 711
13175 3693 711
3693 20969 711
20969 15866 711
15866 20989 711
20989 15524 711
15524 9633 711
9633 8283 711
8283 11111 711
11111 1214 711
1214 3166 711
3166 18155 711
18155 1025 711
1025 17244 711
17244 2664 711
2664 14160 711
14160 2431 711
2431 19088 711
19088 4460 711
4460 23492 711
23492 5022 711
5022 452 711
452 9036 711
9036 12412 711
12412 4230 711
4230 118 711
118 2795 711
2795 15383 711
15383 7477 711
7477 23437 711
23437 8231 711
8231 24807 711
24807 19108 711
19108 10172 711
10172 22981 711
22981 4083 711
4083 16848 711
16848 14165 711
14165 21750 711
21750 13985 711
13985 318 711
318 17357 711
17357 17027 711
17027 9502 711
9502 21558 711
21558 14943 711
14943 9112 711
9112 1743 711
1743 20185 711
20185 17323 711
17323 13348 711
13348 17786 711
17786 21842 711
21842 190 711
190 746 711
746 11774 711
11774 19934 711
19934 14696 711
14696 3853 711
3853 9924 711
9924 10491 711
10491 17094 711
17094 6503 711
6503 11376 711
11376 23812 711
23812 14535 711
14535 8255 711
8255 707 711
707 17082 711
17082 20830 711
20830 19404 711
19404 17195 711
17195 8549 711
8549 22502 711
22502 7840 711
7840 7426 711
7426 13380 711
13380 19966 711
19966 23567 711
23567 2586 711
2586 8733 711
8733 21721 711
21721 8118 711
8118 19 711
19 15973 711
15973 6181 711
6181 5324 711
5324 16536 711
16536 13785 711
13785 22600 711
22600 17497 711
17497 16858 711
16858 25646 711
25646 12528 711
12528 25524 711
25524 11253 711
11253 6713 711
6713 10970 711
10970 12148 711
12148 602 711
602 12074 711
12074 21067 711
21067 9916 711
9916 4358 711
4358 2884 711
2884 6609 711
6609 20376 711
20376 18869 711
18869 6334 711
6334 17818 711
17818 23925 711
23925 21669 711
21669 5138 711
5138 780 711
780 1335 711
1335 21971 711
21971 16638 711
16638 13009 711
13009 7758 711
7758 2517 711
2517 19067 711
19067 1954 711
1954 7459 711
7459 15848 711
15848 24383 711
24383 11293 711
11293 23941 711
23941 18352 711
18352 4331 711
4331 3733 711
3733 22720 711
22720 1281 711
1281 22538 711
22538 23159 711
23159 24597 711
24597 2010 711
2010 21597 711
21597 3879 711
3879 9360 711
9360 7306 711
7306 2163 711
2163 18793 711
18793 12818 711
12818 23918 711
23918 17005 711
17005 19527 711
19527 406 711
406 12465 711
12465 23817 711
23817 13315 711
13315 18891 711
18891 12732 711
12732 13717 711
13717 526 711
526 12759 711
12759 9272 711
9272 13671 711
13671 14848 711
14848 8560 711
8560 8702 711
8702 23409 711
23409 7871 711
7871 2993 711
2993 12885 711
12885 13901 711
13901 3979 711
3979 14873 711
14873 7564 711
7564 11331 711
11331 18440 711
18440 16022 711
16022 5580 711
5580 7108 711
7108 12531 711
12531 7824 711
7824 7071 711
7071 5659 711
5659 18113 711
18113 23728 711
23728 13578 711
13578 12358 711
12358 4980 711
4980 25812 711
25812 16696 711
16696 17453 711
17453 22597 711
22597 128 711
128 16376 711
16376 25074 711
25074 7590 711
7590 19955 711
19955 18244 711
18244 8181 711
8181 11795 711
11795 3474 711
3474 24772 711
24772 12252 711
12252 18419 711
18419 18712 711
18712 9351 711
9351 8683 711
8683 625 711
625 14787 711
14787 16971 711
16971 20868 711
20868 25456 711
25456 2718 711
2718 1249 711
1249 8336 711
8336 13320 711
13320 16528 711
16528 2575 711
2575 7910 711
7910 7293 711
7293 4741 711
4741 8738 711
8738 20695 711
20695 11709 711
11709 22419 711
22419 3913 711
3913 15655 711
15655 11377 711
11377 22615 711
22615 6138 711
6138 10130 711
10130 18269 711
18269 8248 711
8248 13874 711
13874 5608 711
5608 6969 711
6969 25454 711
25454 12425 711
12425 5787 711
5787 20961 711
20961 10263 711
10263 2438 711
2438 848 711
848 1121 711
1121 23025 711
23025 14101 711
14101 13577 711
13577 7801 711
7801 7545 711
7545 20578 711
20578 1176 711
1176 13645 711
13645 18519 711
18519 7805 711
7805 6625 711
6625 474 711
474 19719 711
19719 24789 711
24789 24767 711
24767 4525 711
4525 11806 711
11806 8589 711
8589 14712 711
14712 1649 711
1649 10621 711
10621 22558 711
22558 3211 711
3211 6679 711
6679 8338 711
8338 9580 711
9580 25699 711
25699 10930 711
10930 22272 711
22272 9006 711
9006 21871 711
21871 22529 711
22529 20351 711
20351 9131 711
9131 20171 711
20171 4762 711
4762 19499 711
19499 753 711
753 5350 711
5350 21231 711
21231 17182 711
17182 18309 711
18309 582 711
582 5651 711
5651 22247 711
22247 345 711
345 18056 711
18056 3885 711
3885 16624 711
16624 25530 711
25530 21522 711
21522 22867 711
22867 17850 711
17850 10184 711
10184 6571 711
6571 19186 711
19186 24036 711
24036 1589 711
1589 15714 711
15714 5596 711
5596 15034 711
15034 9106 711
9106 21939 711
21939 17397 711
17397 8855 711
8855 15079 711
15079 18960 711
18960 2537 711
2537 13797 711
13797 2502 711
2502 12472 711
12472 19100 711
19100 21634 711
21634 1024 711
1024 16034 711
16034 1963 711
1963 25106 711
25106 23844 711
23844 3430 711
3430 232 711
232 15865 711
15865 18935 711
18935 1284 711
1284 5762 711
5762 7628 711
7628 40 711
40 4763 711
4763 24090 711
24090 14038 711
14038 25928 711
25928 6431 711
6431 22821 711
22821 24458 711
24458 17545 711
17545 23682 711
23682 14285 711
14285 16196 711
16196 5865 711
5865 16984 711
16984 2997 711
2997 8348 711
8348 9185 711
9185 4949 711
4949 692 711
692 17512 711
17512 2080 711
2080 22609 711
22609 16779 711
16779 18252 711
18252 9929 711
9929 12117 711
12117 19562 711
19562 17446 711
17446 16763 711
16763 7318 711
7318 17719 711
17719 24712 711
24712 4976 711
4976 12983 711
12983 24429 711
24429 8028 711
8028 21769 711
21769 18786 711
18786 12775 711
12775 16124 711
16124 6030 711
6030 3779 711
3779 22456 711
22456 23285 711
23285 20761 711
20761 9209 711
9209 9948 711
9948 4053 711
4053 15901 711
15901 11215 711
11215 4387 711
4387 1708 711
1708 923 711
923 7222 711
7222 13924 711
13924 7791 711
7791 15004 711
15004 11523 711
11523 12217 711
12217 24631 711
24631 23735 711
23735 4304 711
4304 10333 711
10333 24926 711
24926 11775 711
11775 3217 711
3217 8750 711
8750 7621 711
7621 7983 711
7983 6036 711
6036 722 711
722 891 711
891 18526 711
18526 22504 711
22504 536 711
536 18756 711
18756 11524 711
11524 23923 711
23923 19904 711
19904 18723 711
18723 15110 711
15110 19840 711
19840 8629 711
8629 16300 711
16300 10089 711
10089 15436 711
15436 12960 711
12960 1310 711
1310 1886 711
1886 16574 711
16574 7897 711
7897 14703 711
14703 4940 711
4940 18199 711
18199 13405 711
13405 24444 711
24444 20464 711
20464 7423 711
7423 4600 711
4600 22064 711
22064 6743 711
6743 17593 711
17593 2807 711
2807 4860 711
4860 25610 711
25610 5891 711
5891 13428 711
13428 16379 711
16379 22409 711
22409 20815 711
20815 8582 711
8582 21982 711
21982 18265 711
18265 9773 711
9773 15232 711
15232 7919 711
7919 23930 711
23930 15169 711
15169 2980 711
2980 4004 711
4004 12050 711
12050 7405 711
7405 4892 711
4892 25919 711
25919 21245 711
21245 12831 711
12831 222 711
222 15845 711
15845 18416 711
18416 17527 711
17527 20127 711
20127 22834 711
22834 8449 711
8449 5578 711
5578 20520 711
20520 11178 711
11178 21720 711
21720 15347 711
15347 21325 711
21325 17521 711
17521 25665 711
25665 818 711
818 16257 711
16257 23051 711
23051 18606 711
18606 4756 711
4756 11884 711
11884 5059 711
5059 19570 711
19570 20447 711
20447 24204 711
24204 18952 711
18952 21555 711
21555 16545 711
16545 19819 711
19819 9906 711
9906 18901 711
18901 11881 711
11881 250 711
250 6055 711
6055 16777 711
16777 12394 711
12394 1991 711
1991 16037 711
16037 16251 711
16251 20446 711
20446 2946 711
2946 7506 711
7506 16693 711
16693 6318 711
6318 23981 711
23981 15756 711
15756 788 711
788 2918 711
2918 9302 711
9302 280 711
280 14468 711
14468 1666 711
1666 16506 711
16506 10691 711
10691 11601 711
11601 12114 711
12114 7450 711
7450 24502 711
24502 11190 711
11190 23336 711
23336 4477 711
4477 19246 711
19246 706 711
706 19022 711
19022 5106 711
5106 22902 711
22902 17331 711
17331 496 711
496 21551 711
21551 4815 711
4815 1509 711
1509 9922 711
9922 14247 711
14247 12481 711
12481 9145 711
9145 14996 711
14996 16854 711
16854 18839 711
18839 9867 711
9867 11653 711
11653 9019 711
9019 13982 711
13982 19142 711
19142 24495 711
24495 16877 711
16877 4403 711
4403 2352 711
2352 14221 711
14221 6027 711
6027 2619 711
2619 1333 711
1333 25414 711
25414 1129 711
1129 4624 711
4624 15827 711
15827 20667 711
20667 9312 711
9312 2125 711
2125 5917 711
5917 19833 711
19833 14470 711
14470 1004 711
1004 3521 711
3521 17288 711
17288 20498 711
20498 14999 711
14999 15711 711
15711 14844 711
14844 12939 711
12939 19001 711
19001 11384 711
11384 24960 711
24960 92 711
92 21375 711
21375 14200 711
14200 1773 711
1773 23598 711
23598 5017 711
5017 20064 711
20064 7076 711
7076 24617 711
24617 13064 711
13064 25927 711
25927 12870 711
12870 16633 711
16633 11647 711
11647 17774 711
17774 5570 711
5570 10719 711
10719 19056 711
19056 7085 711
7085 21786 711
21786 1353 711
1353 347 711
347 23367 711
23367 5882 711
5882 20042 711
20042 17649 711
17649 2302 711
2302 22745 711
22745 10473 711
10473 1960 711
1960 20412 711
20412 6356 711
6356 11192 711
11192 21694 711
21694 943 711
943 13328 711
13328 17305 711
17305 12999 711
12999 230 711
230 1644 711
1644 6779 711
6779 21756 711
21756 2616 711
2616 18102 711
18102 7175 711
7175 1714 711
1714 24971 711
24971 3789 711
3789 4718 711
4718 22129 711
22129 3883 711
3883 13021 711
13021 10747 711
10747 24826 711
24826 11511 711
11511 5719 711
5719 12168 711
12168 9697 711
9697 22130 711
22130 18904 711
18904 22575 711
22575 9089 711
9089 11856 711
11856 25248 711
25248 1153 711
1153 20448 711
20448 23018 711
23018 5123 711
5123 13521 711
13521 13523 711
13523 273 711
273 1817 711
1817 25835 711
25835 19518 711
19518 17086 711
17086 22546 711
22546 24333 711
24333 12306 711
12306 24148 711
24148 1709 711
1709 8818 711
8818 3086 711
3086 12647 711
12647 15609 711
15609 25558 711
25558 1021 711
1021 3616 711
3616 19478 711
19478 597 711
597 4837 711
4837 18279 711
18279 13741 711
13741 4927 711
4927 25595 711
25595 7982 711
7982 9327 711
9327 10573 711
10573 11431 711
11431 10522 711
10522 7989 711
7989 5099 711
5099 13255 711
13255 18867 711
18867 23026 711
23026 7880 711
7880 23291 711
23291 23848 711
23848 8940 711
8940 1504 711
1504 15340 711
15340 20418 711
20418 22728 711
22728 17505 711
17505 18188 711
18188 19995 711
19995 13810 711
13810 470 711
470 17864 711
17864 21359 711
21359 50 711
50 5291 711
5291 6543 711
6543 635 711
635 18735 711
18735 14454 711
14454 1426 711
1426 3235 711
3235 16308 711
16308 17159 711
17159 14634 711
14634 21448 711
21448 303 711
303 13110 711
13110 20388 711
20388 16194 711
16194 25187 711
25187 14984 711
14984 24032 711
24032 13166 711
13166 12700 711
12700 9846 711
9846 24876 711
24876 19141 711
19141 18264 711
18264 12139 711
12139 14109 711
14109 3403 711
3403 12316 711
12316 23327 711
23327 11907 711
11907 9480 711
9480 15222 711
15222 2934 711
2934 2815 711
2815 4504 711
4504 14188 711
14188 3313 711
3313 14351 711
14351 10946 711
10946 18776 711
18776 312 711
312 792 711
792 7124 711
7124 18728 711
18728 10132 711
10132 7507 711
7507 18260 711
18260 14435 711
14435 4632 711
4632 5216 711
5216 24568 711
24568 1936 711
1936 2212 711
2212 21341 711
21341 10297 711
10297 13638 711
13638 5339 711
5339 3612 711
3612 17137 711
17137 10950 711
10950 25305 711
25305 255 711
255 14748 711
14748 8220 711
8220 5208 711
5208 17039 711
17039 9976 711
9976 17955 711
17955 14525 711
14525 2632 711
2632 16546 711
16546 1599 711
1599 8599 711
8599 23513 711
23513 9923 711
9923 19061 711
19061 24050 711
24050 15202 711
15202 22984 711
22984 13051 711
13051 24987 711
24987 22290 711
22290 18679 711
18679 14867 711
14867 4364 711
4364 20591 711
20591 12871 711
12871 17803 711
17803 2441 711
2441 2545 711
2545 3842 711
3842 10562 711
10562 12239 711
12239 14736 711
14736 6172 711
6172 16361 711
16361 2677 711
2677 10226 711
10226 11574 711
11574 9674 711
9674 25978 711
25978 10801 711
10801 3124 711
3124 13306 711
13306 13183 711
13183 17806 711
17806 15076 711
15076 15078 711
15078 1701 711
1701 21264 711
21264 4120 711
4120 22771 711
22771 16340 711
16340 12701 711
12701 15651 711
15651 18629 711
18629 15363 711
15363 5063 711
5063 23976 711
23976 22080 711
22080 15535 711
15535 17388 711
17388 2636 711
2636 10102 711
10102 19124 711
19124 10245 711
10245 10498 711
10498 7403 711
7403 4871 711
4871 4965 711
4965 7291 711
7291 20908 711
20908 13762 711
13762 14887 711
14887 20933 711
20933 13731 711
13731 1402 711
1402 52 711
52 12704 711
12704 14085 711
14085 2482 711
2482 755 711
755 10643 711
10643 3173 711
3173 23022 711
23022 10598 711
10598 13363 711
13363 17736 711
17736 25984 711
25984 22242 711
22242 24158 711
24158 14964 711
14964 4649 711
4649 10093 711
10093 16499 711
16499 18247 711
18247 17740 711
17740 8850 711
8850 1860 711
1860 1615 711
1615 15533 711
15533 20836 711
20836 14720 711
14720 25357 711
25357 9624 711
9624 1047 711
1047 16120 711
16120 25857 711
25857 16045 711
16045 426 711
426 270 711
270 7750 711
7750 18248 711
18248 18073 711
18073 22684 711
22684 16894 711
16894 17119 711
17119 11138 711
11138 3603 711
3603 2372 711
2372 2017 711
2017 12257 711
12257 13537 711
13537 23480 711
23480 897 711
897 3904 711
3904 21179 711
21179 9295 711
9295 21652 711
21652 5809 711
5809 24716 711
24716 8953 711
8953 15190 711
15190 22308 711
22308 22618 711
22618 18582 711
18582 2455 711
2455 24653 711
24653 1392 711
1392 4052 711
4052 23098 711
23098 25169 711
25169 9013 711
9013 15547 711
15547 11034 711
11034 3834 711
3834 24586 711
24586 15258 711
15258 1227 711
1227 18076 711
18076 23653 711
23653 10383 711
10383 25352 711
25352 21942 711
21942 6696 711
6696 5576 711
5576 7394 711
7394 14804 711
14804 12424 711
12424 16075 711
16075 25265 711
25265 10367 711
10367 3102 711
3102 12836 711
12836 22039 711
22039 299 711
299 8934 711
8934 5301 711
5301 21787 711
21787 6859 711
6859 22307 711
22307 10468 711
10468 24976 711
24976 10854 711
10854 15420 711
15420 25994 711
25994 23167 711
23167 21046 711
21046 20474 711
20474 24211 711
24211 16723 711
16723 20442 711
20442 11952 711
11952 10302 711
10302 24456 711
24456 19206 711
19206 12623 711
12623 764 711
764 20117 711
20117 12884 711
12884 6565 711
6565 8504 711
8504 7476 711
7476 20778 711
20778 12851 711
12851 1915 711
1915 3783 711
3783 9879 711
9879 10005 711
10005 171 711
171 11472 711
11472 19270 711
19270 10232 711
10232 1442 711
1442 19197 711
19197 24251 711
24251 19430 711
19430 21095 711
21095 15313 711
15313 25826 711
25826 9685 711
9685 20015 711
20015 13764 711
13764 7535 711
7535 2478 711
2478 14826 711
14826 3874 711
3874 20651 711
20651 18875 711
18875 11805 711
11805 17752 711
17752 25669 711
25669 11997 711
11997 16099 711
16099 23580 711
23580 21719 711
21719 21065 711
21065 6813 711
6813 9347 711
9347 18705 711
18705 15770 711
15770 18876 711
18876 23842 711
23842 823 711
823 10639 711
10639 2866 711
2866 9163 711
9163 17047 711
17047 20605 711
20605 162 711
162 22043 711
22043 9583 711
9583 25047 711
25047 14406 711
14406 9438 711
9438 11599 711
11599 1275 711
1275 16556 711
16556 7886 711
7886 3457 711
3457 25532 711
25532 4105 711
4105 13089 711
13089 17788 711
17788 1019 711
1019 6018 711
6018 10521 711
10521 14979 711
14979 16996 711
16996 15902 711
15902 20789 711
20789 14025 711
14025 6093 711
6093 25794 711
25794 11236 711
11236 20308 711
20308 21180 711
21180 13709 711
13709 25158 711
25158 25847 711
25847 19194 711
19194 2189 711
2189 23251 711
23251 16225 711
16225 21564 711
21564 23825 711
23825 3498 711
3498 20917 711
20917 3920 711
3920 711 711
711 17085 711
17085 14860 711
14860 16420 711
16420 25314 711
25314 1825 711
1825 8952 711
8952 4286 711
4286 1984 711
1984 6645 711
6645 22455 711
22455 12773 711
12773 1414 711
1414 19738 711
19738 5314 711
5314 7311 711
7311 18175 711
18175 14455 711
14455 11736 711
11736 12162 711
12162 18556 711
18556 15477 711
15477 5987 711
5987 12670 711
12670 18819 711
18819 15459 711
15459 11441 711
11441 3480 711
3480 3009 711
3009 8020 711
8020 5551 711
5551 1555 711
1555 18644 711
18644 9536 711
9536 15843 711
15843 25577 711
25577 24598 711
24598 20079 711
20079 10200 711
10200 5020 711
5020 12485 711
12485 3471 711
3471 10270 711
10270 2002 711
2002 20792 711
20792 4263 711
4263 8044 711
8044 1664 711
1664 1433 711
1433 16539 711
16539 11016 711
11016 19568 711
19568 8286 711
8286 295 711
295 5667 711
5667 24565 711
24565 20398 711
20398 24139 711
24139 19695 711
19695 17178 711
17178 22705 711
22705 23248 711
23248 6647 711
6647 24487 711
24487 25674 711
25674 25538 711
25538 9986 711
9986 24925 711
24925 236 711
236 10038 711
10038 3113 711
3113 13556 711
13556 2304 711
2304 14041 711
14041 108 711
108 10756 711
10756 12456 711
12456 24677 711
24677 5503 711
5503 10400 711
10400 24591 711
24591 24583 711
24583 51 711
51 2823 711
2823 10794 711
10794 620 711
620 17004 711
17004 24355 711
24355 3676 711
3676 7216 711
7216 139 711
139 25343 711
25343 14283 711
14283 1948 711
1948 11198 711
11198 341 711
341 12331 711
12331 1074 711
1074 10313 711
10313 6773 711
6773 5453 711
5453 11476 711
11476 4680 711
4680 12927 711
12927 24252 711
24252 23017 711
23017 20979 711
20979 23504 711
23504 7553 711
7553 19500 711
19500 20676 711
20676 6975 711
6975 12861 711
12861 21470 711
21470 19945 711
19945 8298 711
8298 25252 711
25252 4366 711
4366 22001 711
22001 19961 711
19961 19771 711
19771 6605 711
6605 1745 711
1745 2883 711
2883 14289 711
14289 5776 711
5776 24109 711
24109 2783 711
2783 23361 711
23361 1680 711
1680 14524 711
14524 12548 711
12548 16799 711
16799 13820 711
13820 22596 711
22596 4107 711
4107 4006 711
4006 15180 711
15180 6228 711
6228 24896 711
24896 8546 711
8546 3724 711
3724 8495 711
8495 1976 711
1976 18302 711
18302 17702 711
17702 18511 711
18511 8161 711
8161 12683 711
12683 13779 711
13779 15449 711
15449 12551 711
12551 1549 711
1549 8897 711
8897 23216 711
23216 17355 711
17355 7021 711
7021 12080 711
12080 5398 711
5398 18430 711
18430 25356 711
25356 19300 711
19300 22973 711
22973 19431 711
19431 13301 711
13301 1309 711
1309 18945 711
18945 8777 711
8777 14924 711
14924 21509 711
21509 10803 711
10803 11096 711
11096 8117 711
8117 19217 711
19217 8767 711
8767 15660 711
15660 7924 711
7924 14471 711
14471 6765 711
6765 15951 711
15951 25244 711
25244 331 711
331 22209 711
22209 10435 711
10435 98 711
98 18333 711
18333 20047 711
20047 10727 711
10727 322 711
322 15769 711
15769 1750 711
1750 18847 711
18847 21691 711
21691 9837 711
9837 19514 711
19514 19093 711
19093 23479 711
23479 4036 711
4036 20580 711
20580 19346 711
19346 6405 711
6405 25055 711
25055 9402 711
9402 14205 711
14205 19909 711
19909 3390 711
3390 17465 711
17465 14182 711
14182 14199 711
14199 22822 711
22822 18361 711
18361 16312 711
16312 23028 711
23028 18318 711
18318 9501 711
9501 7032 711
7032 10262 711
10262 13351 711
13351 20542 711
20542 16555 711
16555 6374 711
6374 22550 711
22550 10087 711
10087 6873 711
6873 13168 711
13168 20373 711
20373 23143 711
23143 21145 711
21145 20349 711
20349 389 711
389 17098 711
17098 13557 711
13557 7132 711
7132 13390 711
13390 17808 711
17808 3765 711
3765 992 711
992 14292 711
14292 5773 711
5773 20328 711
20328 19526 711
19526 16889 711
16889 11965 711
11965 81 711
81 2525 711
2525 2143 711
2143 1585 711
1585 8585 711
8585 25907 711
25907 16416 711
16416 11382 711
11382 13630 711
13630 16278 711
16278 14598 711
14598 14049 711
14049 9890 711
9890 11360 711
11360 13667 711
13667 12615 711
12615 6224 711
6224 22476 711
22476 9416 711
9416 16665 711
16665 8712 711
8712 10025 711
10025 24496 711
24496 10053 711
10053 921 711
921 7921 711
7921 11793 711
11793 4715 711
4715 9173 711
9173 24988 711
24988 8740 711
8740 20268 711
20268 18119 711
18119 21026 711
21026 7141 711
7141 18972 711
18972 4457 711
4457 14648 711
14648 21400 711
21400 8389 711
8389 1070 711
1070 13842 711
13842 7279 711
7279 17813 711
17813 12367 711
12367 2696 711
2696 7932 711
7932 1699 711
1699 20809 711
20809 5438 711
5438 6661 711
6661 22230 711
22230 10735 711
10735 3184 711
3184 14881 711
14881 9315 711
9315 9936 711
9936 21530 711
21530 8367 711
8367 12440 711
12440 19134 711
19134 12744 711
12744 6970 711
6970 10153 711
10153 213 711
213 13340 711
13340 19974 711
19974 9950 711
9950 17871 711
17871 8025 711
8025 10907 711
10907 24524 711
24524 12154 711
12154 23330 711
23330 9335 711
9335 324 711
324 8008 711
8008 11656 711
11656 9566 711
9566 24387 711
24387 20452 711
20452 16798 711
16798 18094 711
18094 19387 711
19387 5514 711
5514 23526 711
23526 20014 711
20014 595 711
595 21762 711
21762 4344 711
4344 20587 711
20587 17230 711
17230 20742 711
20742 6240 711
6240 15930 711
15930 3862 711
3862 11276 711
11276 13418 711
13418 645 711
645 544 711
544 11784 711
11784 9280 711
9280 8770 711
8770 3212 711
3212 16249 711
16249 15727 711
15727 34 711
34 2049 711
2049 21544 711
21544 22089 711
22089 16943 711
16943 13179 711
13179 551 711
551 5434 711
5434 14531 711
14531 2510 711
2510 25114 711
25114 25057 711
25057 18562 711
18562 354 711
354 18121 711
18121 2156 711
2156 12668 711
12668 14442 711
14442 2684 711
2684 12484 711
12484 19158 711
19158 21133 711
21133 6336 711
6336 22955 711
22955 16786 711
16786 19820 711
19820 5026 711
5026 15011 711
15011 13385 711
13385 12872 711
12872 19608 711
19608 11343 711
11343 5958 711
5958 13486 711
13486 4228 711
4228 23659 711
23659 25688 711
25688 7865 711
7865 21867 711
21867 6024 711
6024 19053 711
19053 5465 711
5465 771 711
771 15006 711
15006 14510 711
14510 2549 711
2549 22483 711
22483 18969 711
18969 13297 711
13297 14333 711
14333 22610 711
22610 13964 711
13964 23736 711
23736 21722 711
21722 16405 711
16405 16021 711
16021 13895 711
13895 23758 711
23758 11836 711
11836 17481 711
17481 1423 711
1423 17961 711
17961 1989 711
1989 24260 711
24260 10259 711
10259 20012 711
20012 11090 711
11090 12371 711
12371 13492 711
13492 12782 711
12782 22359 711
22359 4493 711
4493 13085 711
13085 8073 711
8073 6269 711
6269 672 711
672 24549 711
24549 7952 711
7952 10696 711
10696 5161 711
5161 9750 711
9750 509 711
509 25182 711
25182 14704 711
14704 17103 711
17103 12097 711
12097 20396 711
20396 20554 711
20554 24006 711
24006 23270 711
23270 12547 711
12547 2391 711
2391 21692 711
21692 17276 711
17276 8429 711
8429 18289 711
18289 13356 711
13356 23052 711
23052 17960 711
17960 25452 711
25452 5782 711
5782 17017 711
17017 15839 711
15839 13865 711
13865 7017 711
7017 23665 711
23665 5303 711
5303 20883 711
20883 21195 711
21195 12724 711
12724 19290 711
19290 3250 711
3250 2976 711
2976 10152 711
10152 12677 711
12677 6368 711
6368 14379 711
14379 4461 711
4461 17684 711
17684 10306 711
10306 25482 711
25482 24858 711
24858 37 711
37 3024 711
3024 21418 711
21418 24738 711
24738 23564 711
23564 14466 711
14466 25568 711
25568 25189 711
25189 8000 711
8000 18633 711
18633 18849 711
18849 4808 711
4808 22365 711
22365 12499 711
12499 15557 711
15557 11779 711
11779 7457 711
7457 18925 711
18925 16282 711
16282 20330 711
20330 25737 711
25737 17424 711
17424 21562 711
21562 18655 711
18655 17143 711
17143 19517 711
19517 6689 711
6689 5137 711
5137 17841 711
17841 24921 711
24921 19017 711
19017 24547 711
24547 18377 711
18377 18856 711
18856 24468 711
24468 18775 711
18775 4254 711
4254 4309 711
4309 12129 711
12129 7446 711
7446 19091 711
19091 1198 711
1198 20949 711
20949 113 711
113 18750 711
18750 17074 711
17074 18797 711
18797 19626 711
19626 4381 711
4381 9047 711
9047 2860 711
2860 24951 711
24951 8967 711
8967 23164 711
23164 8633 711
8633 22917 711
22917 18808 711
18808 1692 711
1692 16832 711
16832 4210 711
4210 21518 711
21518 22959 711
22959 17783 711
17783 15343 711
15343 3847 711
3847 16410 711
16410 11153 711
11153 6752 711
6752 20366 711
20366 19167 711
19167 6705 711
6705 14363 711
14363 13043 711
13043 4464 711
4464 12261 711
12261 9694 711
9694 5746 711
5746 17180 711
17180 6935 711
6935 16957 711
16957 12734 711
12734 8359 711
8359 5251 711
5251 4526 711
4526 13050 711
13050 1875 711
1875 2640 711
2640 8852 711
8852 11199 711
11199 352 711
352 15543 711
15543 3924 711
3924 9469 711
9469 18770 711
18770 21404 711
21404 8645 711
8645 24069 711
24069 7906 711
7906 12278 711
12278 16847 711
16847 22196 711
22196 13831 711
13831 15798 711
15798 18185 711
18185 11593 711
11593 10583 711
10583 10112 711
10112 16409 711
16409 13583 711
13583 20343 711
20343 22122 711
22122 4518 711
4518 4568 711
4568 24045 711
24045 17952 711
17952 2670 711
2670 11395 711
11395 21760 711
21760 11486 711
11486 1465 711
1465 10480 711
10480 8517 711
8517 13761 711
13761 9468 711
9468 10213 711
10213 24633 711
24633 15217 711
15217 1859 711
1859 12146 711
12146 985 711
985 487 711
487 11442 711
11442 25540 711
25540 13192 711
13192 19045 711
19045 25115 711
25115 20414 711
20414 16454 711
16454 17198 711
17198 17667 711
17667 5984 711
5984 5501 711
5501 15580 711
15580 14297 711
14297 7038 711
7038 24841 711
24841 14401 711
14401 5522 711
5522 15622 711
15622 21445 711
21445 25140 711
25140 21878 711
21878 13471 711
13471 10176 711
10176 2175 711
2175 25223 711
25223 5092 711
5092 2855 711
2855 13509 711
13509 23261 711
23261 23358 711
23358 4167 711
4167 22152 711
22152 6158 711
6158 21214 711
21214 6607 711
6607 11428 711
11428 25117 711
25117 5313 711
5313 5037 711
5037 24225 711
24225 10724 711
10724 10967 711
10967 21516 711
21516 6316 711
6316 24709 711
24709 4549 711
4549 2588 711
2588 16101 711
16101 5500 711
5500 12586 711
12586 25890 711
25890 9980 711
9980 23471 711
23471 19928 711
19928 11767 711
11767 23926 711
23926 20702 711
20702 2029 711
2029 592 711
592 7962 711
7962 9595 711
9595 10539 711
10539 7413 711
7413 23308 711
23308 8636 711
8636 344 711
344 12646 711
12646 25971 711
25971 25443 711
25443 9478 711
9478 24640 711
24640 24196 711
24196 8536 711
8536 5268 711
5268 7239 711
7239 16509 711
16509 3532 711
3532 15555 711
15555 21573 711
21573 2800 711
2800 4589 711
4589 13055 711
13055 1146 711
1146 13767 711
13767 3611 711
3611 17429 711
17429 2082 711
2082 17132 711
17132 17042 711
17042 19178 711
19178 1225 711
1225 17491 711
17491 24604 711
24604 19139 711
19139 1057 711
1057 10411 711
10411 19981 711
19981 1571 711
1571 14569 711
14569 10973 711
10973 12693 711
12693 22676 711
22676 8847 711
8847 2714 711
2714 23622 711
23622 17307 711
17307 9758 711
9758 17339 711
17339 15370 711
15370 24847 711
24847 23377 711
23377 18782 711
18782 16346 711
16346 11642 711
11642 3925 711
3925 291 711
291 24490 711
24490 6280 711
6280 7281 711
7281 11366 711
11366 2504 711
2504 14806 711
14806 25700 711
25700 24057 711
24057 13944 711
13944 11406 711
11406 4270 711
4270 7218 711
7218 6994 711
6994 20856 711
20856 18454 711
18454 16100 711
16100 2009 711
2009 3249 711
3249 9399 711
9399 4839 711
4839 16144 711
16144 7620 711
7620 16088 711
16088 20152 711
20152 25521 711
25521 15162 711
15162 25347 711
25347 20560 711
20560 1816 711
1816 15182 711
15182 13252 711
13252 7869 711
7869 11014 711
11014 6235 711
6235 25602 711
25602 14277 711
14277 24753 711
24753 12504 711
12504 6646 711
6646 19585 711
19585 12208 711
12208 21378 711
21378 19104 711
19104 17807 711
17807 18865 711
18865 15794 711
15794 23050 711
23050 14099 711
14099 11107 711
11107 4727 711
4727 7158 711
7158 25668 711
25668 14633 711
14633 18394 711
18394 17628 711
17628 8050 711
8050 7560 711
7560 16703 711
16703 15035 711
15035 2074 711
2074 20155 711
20155 6802 711
6802 16479 711
16479 24266 711
24266 15470 711
15470 15538 711
15538 17343 711
17343 6008 711
6008 1400 711
1400 4677 711
4677 13594 711
13594 23006 711
23006 18857 711
18857 1707 711
1707 25289 711
25289 17080 711
17080 4699 711
4699 4136 711
4136 23041 711
23041 22791 711
22791 19629 711
19629 11671 711
11671 20438 711
20438 8806 711
8806 3561 711
3561 21734 711
21734 5960 711
5960 23625 711
23625 11013 711
11013 17953 711
17953 24390 711
24390 4776 711
4776 22459 711
22459 3661 711
3661 4610 711
4610 21890 711
21890 14910 711
14910 1642 711
1642 166 711
166 10591 711
10591 21357 711
21357 20069 711
20069 8681 711
8681 5706 711
5706 10376 711
10376 825 711
825 6754 711
6754 22212 711
22212 21628 711
21628 11120 711
11120 11596 711
11596 14140 711
14140 17503 711
17503 6153 711
6153 7022 711
7022 14515 711
14515 21150 711
21150 951 711
951 14476 711
14476 11932 711
11932 20583 711
20583 20180 711
20180 19707 711
19707 14764 711
14764 21911 711
21911 5496 711
5496 21999 711
21999 21117 711
21117 13146 711
13146 11309 711
11309 22286 711
22286 17821 711
17821 13753 711
13753 24784 711
24784 7097 711
7097 10790 711
10790 14314 711
14314 16161 711
16161 24357 711
24357 17309 711
17309 23573 711
23573 21995 711
21995 23065 711
23065 3552 711
3552 19369 711
19369 24247 711
24247 18992 711
18992 9375 711
9375 11919 711
11919 18494 711
18494 16435 711
16435 7035 711
7035 5693 711
5693 16527 711
16527 23448 711
23448 16175 711
16175 19475 711
19475 11041 711
11041 7508 711
7508 1133 711
1133 4956 711
4956 22251 711
22251 9613 711
9613 7201 711
7201 17087 711
17087 16486 711
16486 20003 711
20003 18060 711
18060 11243 711
11243 17204 711
17204 20877 711
20877 5611 711
5611 3947 711
3947 7725 711
7725 9322 711
9322 4429 711
4429 5783 711
5783 6497 711
6497 1387 711
1387 18476 711
18476 23163 711
23163 21354 711
21354 21881 711
21881 1233 711
1233 22731 711
22731 5131 711
5131 12010 711
12010 23037 711
23037 3272 711
3272 18551 711
18551 3946 711
3946 5069 711
5069 1633 711
1633 9115 711
9115 2871 711
2871 5731 711
5731 3507 711
3507 9576 711
9576 19601 711
19601 18939 711
18939 6047 711
6047 7020 711
7020 9473 711
9473 10864 711
10864 16762 711
16762 16430 711
16430 12019 711
12019 23922 711
23922 23895 711
23895 19410 711
19410 15575 711
15575 3156 711
3156 16357 711
16357 25297 711
25297 2529 711
2529 19551 711
19551 10238 711
10238 20381 711
20381 23237 711
23237 5160 711
5160 21745 711
21745 3318 711
3318 25144 711
25144 1471 711
1471 9744 711
9744 9323 711
9323 11666 711
11666 15512 711
15512 23734 711
23734 13915 711
13915 6103 711
6103 4541 711
4541 10186 711
10186 23111 711
23111 24110 711
24110 23102 711
23102 7290 711
7290 21218 711
21218 14698 711
14698 2091 711
2091 9307 711
9307 10720 711
10720 22447 711
22447 7875 711
7875 224 711
224 8396 711
8396 15231 711
15231 21912 711
21912 1237 711
1237 21456 711
21456 7669 711
7669 7088 711
7088 17561 711
17561 7746 711
7746 4015 711
4015 13307 711
13307 3558 711
3558 25910 711
25910 20094 711
20094 13522 711
13522 20818 711
20818 18788 711
18788 24481 711
24481 5300 711
5300 18436 711
18436 8759 711
8759 18388 711
18388 14785 711
14785 1638 711
1638 4212 711
4212 18129 711
18129 8324 711
8324 10546 711
10546 19123 711
19123 18546 711
18546 19891 711
19891 16485 711
16485 8394 711
8394 7629 711
7629 7828 711
7828 18699 711
18699 19708 711
19708 7407 711
7407 14673 711
14673 24608 711
24608 17237 711
17237 22474 711
22474 15536 711
15536 8648 711
8648 4426 711
4426 8665 711
8665 6916 711
6916 11575 711
11575 6427 711
6427 22096 711
22096 9998 711
9998 19273 711
19273 1356 711
1356 22741 711
22741 24938 711
24938 6820 711
6820 6858 711
6858 8441 711
8441 11512 711
11512 5090 711
5090 24461 711
24461 20408 711
20408 5897 711
5897 9813 711
9813 20338 711
20338 3500 711
3500 23021 711
23021 11354 711
11354 18275 711
18275 20444 711
20444 22204 711
22204 19477 711
19477 538 711
538 11365 711
11365 18936 711
18936 17302 711
17302 17669 711
23263 23537 712
23537 8502 712
8502 24780 712
24780 4843 712
4843 1201 712
1201 630 712
630 18645 712
18645 24026 712
24026 18579 712
18579 12624 712
12624 24696 712
24696 18927 712
18927 4823 712
4823 13129 712
13129 11689 712
11689 6585 712
6585 14651 712
14651 14372 712
14372 18452 712
18452 19038 712
19038 8009 712
8009 24108 712
24108 1537 712
1537 25573 712
25573 16046 712
14908 13657 713
13657 2474 713
2474 14121 713
14121 4451 713
4451 19837 713
19837 25043 713
25043 9463 713
9463 19493 713
19493 18035 713
18035 7425 713
7425 918 713
918 3989 713
3989 4239 713
4239 22110 713
22110 14162 713
14162 1519 713
1519 15967 713
15967 18951 713
18951 4942 713
4942 24771 713
24771 13448 713
13448 15269 713
15269 3094 713
3094 4296 713
4296 12778 713
16564 18661 714
18661 9086 714
9086 17972 714
17972 13137 714
13137 5691 714
5691 25210 714
25210 424 714
424 14390 714
14390 5703 714
5703 10856 714
10856 7008 714
7008 3088 714
3088 18921 714
18921 16082 714
16082 9608 714
9608 5232 714
5232 1610 714
1610 18859 714
18859 24768 714
24768 13128 714
13128 448 714
448 11339 714
11339 20074 714
20074 17394 714
17394 25774 714
6734 865 715
865 5556 715
5556 22792 715
22792 9261 715
9261 8963 715
8963 2220 715
2220 23309 715
23309 23048 715
23048 5701 715
5701 9656 715
9656 13818 715
13818 1943 715
1943 17608 715
17608 9298 715
9298 7773 715
7773 13673 715
13673 24922 715
24922 13646 715
13646 1905 715
1905 5467 715
5467 13575 715
13575 12120 715
12120 19624 715
19624 14376 715
14376 11949 715
21508 10702 716
10702 4866 716
4866 21803 716
21803 17152 716
17152 3790 716
3790 20953 716
20953 17326 716
17326 11630 716
11630 17548 716
17548 46 716
46 10745 716
10745 23382 716
23382 3295 716
3295 25445 716
25445 3284 716
3284 13041 716
13041 25133 716
25133 4137 716
4137 25951 716
25951 12086 716
12086 14222 716
14222 5653 716
5653 4404 716
4404 18730 716
18730 25393 716
23439 17886 717
17886 16170 717
16170 15957 717
15957 11788 717
11788 6428 717
6428 19509 717
19509 16165 717
16165 11909 717
11909 12933 717
12933 21013 717
21013 23212 717
23212 18431 717
18431 7596 717
7596 17749 717
17749 23174 717
23174 5771 717
5771 9644 717
9644 19247 717
19247 19195 717
19195 20556 717
20556 25159 717
25159 15605 717
15605 20596 717
20596 6445 717
6445 8244 717
25717 22989 718
22989 9970 718
9970 24933 718
24933 12909 718
12909 11415 718
11415 13674 718
13674 9194 718
9194 5088 718
5088 15687 718
15687 5367 718
5367 23710 718
23710 22653 718
22653 14327 718
14327 2861 718
2861 10927 718
10927 1630 718
1630 16835 718
16835 16315 718
16315 15926 718
15926 12348 718
12348 24967 718
24967 14886 718
14886 24199 718
24199 2728 718
2728 23241 718
178 3738 719
3738 4943 719
4943 23940 719
23940 15954 719
15954 21648 719
21648 18791 719
18791 320 719
320 20182 719
20182 12633 719
12633 13904 719
13904 795 719
795 22396 719
22396 671 719
671 7123 719
7123 5912 719
5912 11652 719
11652 12411 719
12411 15870 719
15870 5590 719
5590 11223 719
11223 10541 719
10541 8192 719
8192 20598 719
20598 13631 719
13631 7960 719
15539 18081 720
18081 4534 720
4534 196 720
196 7536 720
7536 20938 720
20938 545 720
545 13406 720
13406 21108 720
21108 8041 720
8041 16888 720
16888 3991 720
3991 17351 720
17351 15719 720
15719 25339 720
25339 2992 720
2992 1009 720
1009 11953 720
11953 22632 720
22632 4137 720
4137 10977 720
10977 6570 720
6570 10824 720
10824 21380 720
21380 1955 720
1955 4019 720
20291 8708 721
8708 1409 721
1409 922 721
922 9454 721
9454 10396 721
10396 2750 721
2750 22901 721
22901 16910 721
16910 1551 721
1551 17680 721
17680 430 721
430 23700 721
23700 11602 721
11602 4110 721
4110 9003 721
9003 14356 721
14356 21352 721
21352 11255 721
11255 15936 721
15936 22956 721
22956 9037 721
9037 15504 721
15504 3189 721
3189 18631 721
18631 15528 721
25079 23434 722
23434 7915 722
7915 12716 722
12716 2782 722
2782 14850 722
14850 3706 722
3706 23140 722
23140 13593 722
13593 10204 722
10204 14307 722
14307 21360 722
21360 21477 722
21477 20704 722
20704 803 722
803 11363 722
11363 3891 722
3891 3305 722
3305 25771 722
25771 24222 722
24222 3012 722
3012 15657 722
15657 23259 722
23259 14370 722
14370 24438 722
24438 9472 722
21037 19890 723
19890 14080 723
14080 11585 723
11585 1110 723
1110 1872 723
1872 9569 723
9569 2787 723
2787 492 723
492 9516 723
9516 17400 723
17400 1418 723
1418 10680 723
10680 18467 723
18467 6156 723
6156 20533 723
20533 22097 723
22097 20729 723
20729 8657 723
8657 9896 723
9896 16685 723
16685 24464 723
24464 10947 723
10947 10511 723
10511 18445 723
18445 4203 723
3939 22994 724
22994 3973 724
3973 17891 724
17891 24009 724
24009 1872 724
1872 24585 724
24585 19434 724
19434 14670 724
14670 24899 724
24899 4362 724
4362 899 724
899 17837 724
17837 14753 724
14753 4819 724
4819 805 724
805 19836 724
19836 19293 724
19293 18930 724
18930 8544 724
8544 12415 724
12415 11200 724
11200 10770 724
10770 7203 724
7203 3077 724
3077 22417 724
12305 2985 725
2985 7784 725
7784 23395 725
23395 24349 725
24349 14404 725
14404 2559 725
2559 14037 725
14037 19590 725
19590 3884 725
3884 6890 725
6890 25192 725
25192 20147 725
20147 19823 725
19823 14580 725
14580 4703 725
4703 21297 725
21297 21275 725
21275 3574 725
3574 13438 725
13438 18771 725
18771 3366 725
3366 14739 725
14739 4128 725
4128 24817 725
24817 2193 725
12926 14875 726
14875 22206 726
22206 3020 726
3020 20144 726
20144 17211 726
17211 11462 726
11462 19849 726
19849 8630 726
8630 8174 726
8174 15068 726
15068 19807 726
19807 6551 726
6551 5831 726
5831 7707 726
7707 9182 726
9182 15548 726
15548 12327 726
12327 16839 726
16839 25137 726
25137 19533 726
19533 9239 726
9239 16788 726
16788 7456 726
7456 5345 726
5345 20813 726
16831 24522 727
24522 9296 727
9296 16841 727
16841 19251 727
19251 5964 727
5964 7993 727
7993 11528 727
11528 15882 727
15882 16463 727
16463 11077 727
11077 17367 727
17367 8870 727
8870 2608 727
2608 22614 727
22614 4000 727
4000 6553 727
6553 12003 727
12003 6811 727
6811 9838 727
9838 19416 727
19416 16005 727
16005 2283 727
2283 17759 727
17759 3989 727
3989 23709 727
1034 11113 728
11113 22970 728
22970 3649 728
3649 22859 728
22859 7332 728
7332 5925 728
5925 25948 728
25948 464 728
464 15757 728
15757 19852 728
19852 833 728
833 23444 728
23444 11325 728
11325 23687 728
23687 23353 728
23353 3857 728
3857 6998 728
6998 1576 728
1576 11619 728
11619 2624 728
2624 25220 728
25220 11961 728
11961 6410 728
6410 23647 728
23647 4370 728
143 392 729
392 22950 729
22950 2683 729
2683 25723 729
25723 2373 729
2373 22054 729
22054 8227 729
8227 23042 729
23042 1938 729
1938 13378 729
13378 6263 729
6263 2486 729
2486 18193 729
18193 12164 729
12164 5174 729
5174 24500 729
24500 12656 729
12656 11837 729
11837 1052 729
1052 17811 729
17811 16449 729
16449 21709 729
21709 18456 729
18456 10304 729
10304 16210 729
3067 849 730
849 12537 730
12537 15157 730
15157 7118 730
7118 19110 730
19110 4306 730
4306 1702 730
1702 15496 730
15496 19403 730
19403 577 730
577 20000 730
20000 16372 730
16372 16424 730
16424 3266 730
3266 11077 730
11077 21414 730
21414 1264 730
1264 23522 730
23522 11175 730
11175 214 730
214 14389 730
14389 9917 730
9917 23630 730
23630 24627 730
24627 13682 730
19331 10943 731
10943 18653 731
18653 6839 731
6839 23168 731
23168 25981 731
25981 10353 731
10353 4958 731
4958 14457 731
14457 11218 731
11218 25405 731
25405 20357 731
20357 12186 731
12186 7251 731
7251 7377 731
7377 2848 731
2848 18807 731
18807 8744 731
8744 11504 731
11504 10615 731
10615 1749 731
1749 8682 731
8682 25385 731
25385 14561 731
14561 10972 731
10972 16933 731
8370 18285 732
18285 1943 732
1943 1036 732
1036 24410 732
24410 8209 732
8209 1234 732
1234 12760 732
12760 7192 732
7192 1607 732
1607 7469 732
7469 20722 732
20722 9651 732
9651 17270 732
17270 5658 732
5658 3744 732
3744 19965 732
19965 19648 732
19648 14308 732
14308 19541 732
19541 38 732
38 4613 732
4613 15013 732
15013 5124 732
5124 5759 732
5759 22185 732
23 25410 733
25410 20858 733
20858 24748 733
24748 9227 733
9227 14907 733
14907 24656 733
24656 18480 733
18480 22087 733
22087 14830 733
14830 617 733
617 3555 733
3555 6035 733
6035 4579 733
4579 9659 733
9659 24745 733
24745 12404 733
12404 23971 733
23971 23439 733
23439 21467 733
21467 8499 733
8499 17701 733
17701 17312 733
17312 20181 733
20181 21538 733
21538 25123 733
25967 16453 734
16453 9239 734
9239 6827 734
6827 12929 734
12929 19495 734
19495 14809 734
14809 21335 734
21335 22641 734
22641 7866 734
7866 5804 734
5804 15610 734
15610 17992 734
17992 5179 734
5179 16283 734
16283 8999 734
8999 25576 734
25576 12002 734
12002 343 734
343 12934 734
12934 6655 734
6655 14403 734
14403 23628 734
23628 10611 734
10611 4592 734
4592 21910 734
15251 4638 735
4638 21090 735
21090 12685 735
12685 4209 735
4209 21371 735
21371 21627 735
21627 20724 735
20724 19510 735
19510 7075 735
7075 8155 735
8155 9590 735
9590 19641 735
19641 17601 735
17601 5847 735
5847 3977 735
3977 6631 735
6631 4819 735
4819 18763 735
18763 25704 735
25704 11264 735
11264 16134 735
16134 15060 735
15060 9371 735
9371 7994 735
7994 2620 735
10503 9170 736
9170 19378 736
19378 11866 736
11866 16543 736
16543 12849 736
12849 8734 736
8734 4093 736
4093 9406 736
9406 24034 736
24034 22059 736
22059 19924 736
19924 1192 736
1192 20967 736
20967 59 736
59 19986 736
19986 1922 736
1922 10670 736
10670 4559 736
4559 6244 736
6244 9481 736
9481 15509 736
15509 18748 736
18748 13172 736
13172 20050 736
20050 9012 736
25607 14234 737
14234 23766 737
23766 16553 737
16553 6566 737
6566 16035 737
16035 14189 737
14189 12513 737
12513 9561 737
9561 18663 737
18663 5699 737
5699 21991 737
21991 6630 737
6630 10949 737
10949 9246 737
9246 695 737
695 3774 737
3774 591 737
591 15350 737
15350 4419 737
4419 23494 737
23494 12796 737
12796 12190 737
12190 10610 737
10610 20472 737
20472 7723 737
4129 4724 738
4724 4040 738
4040 8188 738
8188 1077 738
1077 24174 738
24174 4707 738
4707 11317 738
11317 23722 738
23722 24230 738
24230 9645 738
9645 11605 738
11605 17458 738
17458 13072 738
13072 16646 738
16646 14949 738
14949 1962 738
1962 8561 738
8561 6377 738
6377 1756 738
1756 6687 738
6687 6361 738
6361 15426 738
15426 855 738
855 21947 738
21947 22551 738
16812 8455 739
8455 25183 739
25183 11789 739
11789 14911 739
14911 15025 739
15025 11278 739
11278 10040 739
10040 9453 739
9453 12409 739
12409 7579 739
7579 7428 739
7428 12500 739
12500 23818 739
23818 5196 739
5196 18071 739
18071 1026 739
1026 9803 739
9803 20942 739
20942 8074 739
8074 7492 739
7492 23973 739
23973 19322 739
19322 11624 739
11624 22254 739
22254 22789 739
18909 17579 740
17579 20252 740
20252 19463 740
19463 17059 740
17059 25488 740
25488 22029 740
22029 24840 740
24840 21249 740
21249 20902 740
20902 12054 740
12054 12007 740
12007 17795 740
17795 15019 740
15019 6885 740
6885 24470 740
24470 8093 740
8093 11556 740
11556 9736 740
9736 7283 740
7283 89 740
89 5666 740
5666 8064 740
8064 16834 740
16834 8926 740
8926 25324 740
17616 10925 741
10925 9221 741
9221 5527 741
5527 7759 741
7759 3607 741
3607 23318 741
23318 3397 741
3397 17443 741
17443 8848 741
8848 22939 741
22939 15404 741
15404 21073 741
21073 7577 741
7577 22496 741
22496 19314 741
19314 8590 741
8590 2439 741
2439 10092 741
10092 10217 741
10217 2746 741
2746 2300 741
2300 15688 741
15688 22487 741
22487 16445 741
16445 3716 741
63 7466 742
7466 8205 742
8205 14091 742
14091 11975 742
11975 20198 742
20198 14729 742
14729 22192 742
22192 20793 742
20793 13332 742
13332 16235 742
16235 10865 742
10865 21983 742
21983 2408 742
2408 19334 742
19334 10850 742
10850 8905 742
8905 6650 742
6650 14086 742
14086 22237 742
22237 4059 742
4059 947 742
947 8711 742
8711 4542 742
4542 2357 742
2357 18341 742
8592 18414 743
18414 11001 743
11001 3983 743
3983 7357 743
7357 5577 743
5577 19416 743
19416 20501 743
20501 20552 743
20552 14465 743
14465 6387 743
6387 1696 743
1696 15166 743
15166 24984 743
24984 9925 743
9925 19407 743
19407 20312 743
20312 18428 743
18428 24330 743
24330 22916 743
22916 2580 743
2580 21450 743
21450 8371 743
8371 22748 743
22748 13040 743
13040 15386 743
12062 8169 744
8169 15978 744
15978 7028 744
7028 23569 744
23569 20144 744
20144 8625 744
8625 15658 744
15658 10900 744
10900 281 744
281 25580 744
25580 9391 744
9391 5359 744
5359 3768 744
3768 7454 744
7454 9625 744
9625 10714 744
10714 5266 744
5266 12130 744
12130 205 744
205 24915 744
24915 20323 744
20323 13941 744
13941 13104 744
13104 11462 744
11462 7303 744
2859 11193 745
11193 9678 745
9678 12787 745
12787 23719 745
23719 18468 745
18468 18532 745
18532 16284 745
16284 5062 745
5062 14694 745
14694 22559 745
22559 2794 745
2794 20085 745
20085 4868 745
4868 19297 745
19297 25070 745
25070 11012 745
11012 196 745
196 4446 745
4446 3084 745
3084 9659 745
9659 23370 745
23370 15309 745
15309 21345 745
21345 6219 745
6219 22589 745
9132 4895 746
4895 2142 746
2142 22993 746
22993 17057 746
17057 1562 746
1562 19424 746
19424 16399 746
16399 13623 746
13623 3554 746
3554 7006 746
7006 5402 746
5402 4826 746
4826 11583 746
11583 2672 746
2672 24888 746
24888 5662 746
5662 1321 746
1321 1601 746
1601 24798 746
24798 18789 746
18789 1882 746
1882 19076 746
19076 22153 746
22153 14061 746
14061 15345 746
23281 17673 747
17673 12748 747
12748 4990 747
4990 10271 747
10271 5146 747
5146 11362 747
11362 9930 747
9930 2965 747
2965 14306 747
14306 6974 747
6974 25036 747
25036 10182 747
10182 6793 747
6793 17412 747
17412 20805 747
20805 12915 747
12915 21893 747
21893 1294 747
1294 18351 747
18351 19791 747
19791 15272 747
15272 4049 747
4049 22417 747
22417 3218 747
3218 14733 747
12073 9273 748
9273 6622 748
6622 6862 748
6862 10000 748
10000 24416 748
24416 21993 748
21993 8762 748
8762 20405 748
20405 21830 748
21830 20757 748
20757 12766 748
12766 8085 748
8085 23718 748
23718 21036 748
21036 8469 748
8469 3831 748
3831 13552 748
13552 4761 748
4761 18341 748
18341 21121 748
21121 1337 748
1337 12224 748
12224 22032 748
22032 1720 748
1720 23376 748
14103 9068 749
9068 25922 749
25922 7593 749
7593 2602 749
2602 21002 749
21002 8428 749
8428 3008 749
3008 7720 749
7720 18930 749
18930 4905 749
4905 17711 749
17711 3809 749
3809 2069 749
2069 25631 749
25631 15301 749
15301 24719 749
24719 18229 749
18229 24522 749
24522 10206 749
10206 4978 749
4978 19174 749
19174 8369 749
8369 13641 749
13641 18720 749
18720 8023 749
10487 12532 750
12532 8785 750
8785 10414 750
10414 22786 750
22786 8097 750
8097 17993 750
17993 22441 750
22441 17068 750
17068 6979 750
6979 16572 750
16572 1900 750
1900 19748 750
19748 16842 750
16842 1833 750
1833 523 750
523 7109 750
7109 77 750
77 19135 750
19135 8200 750
8200 18438 750
18438 24562 750
24562 5327 750
5327 549 750
549 7642 750
7642 8871 750
4851 15489 751
15489 2704 751
2704 5527 751
5527 24521 751
24521 2662 751
2662 17670 751
17670 6941 751
6941 20279 751
20279 13479 751
13479 9664 751
9664 20417 751
20417 13513 751
13513 17728 751
17728 11119 751
11119 10454 751
10454 24030 751
24030 14534 751
14534 7833 751
7833 18533 751
18533 13410 751
13410 15734 751
15734 25722 751
25722 8614 751
8614 21596 751
21596 14402 751
3613 6377 752
6377 174 752
174 4372 752
4372 12015 752
12015 25789 752
25789 5285 752
5285 6390 752
6390 17232 752
17232 11369 752
11369 17973 752
17973 7409 752
7409 21789 752
21789 22837 752
22837 802 752
802 10676 752
10676 20549 752
20549 12633 752
12633 1922 752
1922 7898 752
7898 13034 752
13034 23935 752
23935 8755 752
8755 16973 752
16973 3528 752
3528 17435 752
8755 11238 753
11238 17441 753
17441 20881 753
20881 15066 753
15066 22607 753
22607 14654 753
14654 10679 753
10679 2191 753
2191 1229 753
1229 19907 753
19907 12111 753
12111 19249 753
19249 519 753
519 25632 753
25632 10842 753
10842 4947 753
4947 13197 753
13197 7785 753
7785 7870 753
7870 10685 753
10685 9121 753
9121 7312 753
7312 9994 753
9994 18209 753
18209 11891 753
15667 1952 754
1952 10842 754
10842 25833 754
25833 23774 754
23774 5089 754
5089 19195 754
19195 21862 754
21862 8716 754
8716 23892 754
23892 24023 754
24023 25970 754
25970 22146 754
22146 4000 754
4000 15931 754
15931 16070 754
16070 13196 754
13196 19927 754
19927 5520 754
5520 24282 754
24282 13440 754
13440 5417 754
5417 8617 754
8617 18981 754
18981 22520 754
22520 23898 754
20068 941 755
941 10105 755
10105 1067 755
1067 22448 755
22448 13286 755
13286 3581 755
3581 11519 755
11519 3949 755
3949 2268 755
2268 22507 755
22507 8543 755
8543 7517 755
7517 21743 755
21743 2308 755
2308 20290 755
20290 10118 755
10118 17828 755
17828 13030 755
13030 18716 755
18716 23372 755
23372 3742 755
3742 22548 755
22548 5427 755
5427 9971 755
9971 11375 755
21132 15216 756
15216 1152 756
1152 8652 756
8652 20320 756
20320 21820 756
21820 21819 756
21819 3673 756
3673 7376 756
7376 3255 756
3255 17251 756
17251 21170 756
21170 14955 756
14955 5555 756
5555 9239 756
9239 17142 756
17142 20007 756
20007 13950 756
13950 12100 756
12100 25573 756
25573 2731 756
2731 5806 756
5806 8489 756
8489 18219 756
18219 19690 756
19690 14613 756
1775 23996 757
23996 3487 757
3487 16287 757
16287 226 757
226 17240 757
17240 2051 757
2051 18354 757
18354 13244 757
13244 7026 757
7026 25269 757
25269 13000 757
13000 23570 757
23570 148 757
148 23675 757
23675 9668 757
9668 553 757
553 12127 757
12127 6507 757
6507 9981 757
9981 719 757
719 8066 757
8066 22930 757
22930 19897 757
19897 14674 757
14674 5537 757
15336 23572 758
23572 14769 758
14769 24775 758
24775 3296 758
3296 180 758
180 23824 758
23824 24159 758
24159 25024 758
25024 22800 758
22800 8961 758
8961 14511 758
14511 22830 758
22830 11629 758
11629 16085 758
16085 3343 758
3343 21997 758
21997 3975 758
3975 23770 758
23770 3772 758
3772 7973 758
7973 12457 758
12457 2157 758
2157 12924 758
12924 22045 758
22045 20016 758
12171 18743 759
18743 25207 759
25207 13065 759
13065 12537 759
12537 15868 759
15868 6279 759
6279 24086 759
24086 20552 759
20552 14448 759
14448 17773 759
17773 20931 759
20931 1128 759
1128 19074 759
19074 16912 759
16912 17556 759
17556 14725 759
14725 22016 759
22016 18611 759
18611 13231 759
13231 23882 759
23882 5226 759
5226 25059 759
25059 16083 759
16083 9532 759
9532 24888 759
11390 24345 760
24345 7031 760
7031 13771 760
13771 13846 760
13846 25231 760
25231 13590 760
13590 10986 760
10986 667 760
667 14450 760
14450 9014 760
9014 6653 760
6653 17909 760
17909 5485 760
5485 5360 760
5360 6114 760
6114 15181 760
15181 168 760
168 17751 760
17751 15256 760
15256 1112 760
1112 22432 760
22432 4352 760
4352 1958 760
1958 13697 760
13697 24550 760
12173 16920 761
16920 14006 761
14006 21290 761
21290 25871 761
25871 4524 761
4524 22599 761
22599 465 761
465 9032 761
9032 8620 761
8620 24141 761
24141 24775 761
24775 16507 761
16507 6484 761
6484 18081 761
18081 2927 761
2927 21667 761
21667 7498 761
7498 19260 761
19260 23114 761
23114 1855 761
1855 13662 761
13662 6763 761
6763 25441 761
25441 2213 761
2213 14304 761
9803 9636 762
9636 16563 762
16563 20354 762
20354 1889 762
1889 8257 762
8257 7134 762
7134 25073 762
25073 19754 762
19754 15435 762
15435 20432 762
20432 4704 762
4704 5885 762
5885 16131 762
16131 10670 762
10670 20021 762
20021 20544 762
20544 1733 762
1733 12351 762
12351 19582 762
19582 19324 762
19324 23329 762
23329 7854 762
7854 23083 762
23083 13039 762
13039 8129 762
14752 17242 763
17242 2120 763
2120 965 763
965 4759 763
4759 3825 763
3825 5234 763
5234 17792 763
17792 14296 763
14296 7252 763
7252 23560 763
23560 1580 763
1580 14679 763
14679 16020 763
16020 15121 763
15121 7817 763
7817 10667 763
10667 10979 763
10979 10608 763
10608 16316 763
16316 11115 763
11115 15139 763
15139 12496 763
12496 10007 763
10007 18792 763
18792 22697 763
9864 8552 764
8552 12380 764
12380 13070 764
13070 24019 764
24019 4237 764
4237 24169 764
24169 24178 764
24178 20703 764
20703 6433 764
6433 9719 764
9719 21796 764
21796 3681 764
3681 8498 764
8498 17255 764
17255 22311 764
22311 16564 764
16564 15855 764
15855 17301 764
17301 19938 764
19938 22570 764
22570 23558 764
23558 8856 764
8856 9042 764
9042 13518 764
13518 15452 764
13655 15373 765
15373 11910 765
11910 1913 765
1913 10385 765
10385 24802 765
24802 21650 765
21650 11287 765
11287 20779 765
20779 18552 765
18552 24219 765
24219 15878 765
15878 24467 765
24467 5972 765
5972 25063 765
25063 4784 765
4784 20699 765
20699 8597 765
8597 16608 765
16608 9601 765
9601 4034 765
4034 21580 765
21580 2979 765
2979 3182 765
3182 3449 765
3449 1974 765
18520 12833 766
12833 11762 766
11762 18888 766
18888 1791 766
1791 888 766
888 8233 766
8233 9896 766
9896 1634 766
1634 11278 766
11278 22817 766
22817 5499 766
5499 3330 766
3330 6282 766
6282 14969 766
14969 23971 766
23971 16036 766
16036 9824 766
9824 4804 766
4804 20952 766
20952 9775 766
9775 23994 766
23994 323 766
323 10219 766
10219 8072 766
8072 2133 766
14619 1406 767
1406 11079 767
11079 6991 767
6991 8554 767
8554 11597 767
11597 23826 767
23826 16729 767
16729 9631 767
9631 22288 767
22288 12533 767
12533 20623 767
20623 8922 767
8922 6474 767
6474 16632 767
16632 7926 767
7926 24259 767
24259 21643 767
21643 6928 767
6928 7130 767
7130 10166 767
10166 15950 767
15950 8111 767
8111 8132 767
8132 18672 767
18672 7462 767
2185 983 768
983 20441 768
20441 15619 768
15619 2840 768
2840 3477 768
3477 15298 768
15298 16514 768
16514 13134 768
13134 22363 768
22363 13269 768
13269 10919 768
10919 20166 768
20166 11565 768
11565 21032 768
21032 4340 768
4340 10494 768
10494 10337 768
10337 22192 768
22192 23369 768
23369 9749 768
9749 11074 768
11074 15550 768
15550 18327 768
18327 25322 768
25322 22912 768
3800 16919 769
16919 6961 769
6961 1376 769
1376 14741 769
14741 14643 769
14643 9794 769
9794 3760 769
3760 4874 769
4874 12984 769
12984 24209 769
24209 6677 769
6677 19595 769
19595 20544 769
20544 6162 769
6162 17257 769
17257 23226 769
23226 8243 769
8243 21392 769
21392 3772 769
3772 23258 769
23258 25733 769
25733 1349 769
1349 2935 769
2935 590 769
590 11796 769
5827 11763 770
11763 9500 770
9500 25940 770
25940 2402 770
2402 3929 770
3929 7347 770
7347 9784 770
9784 8334 770
8334 958 770
958 6407 770
6407 15141 770
15141 20674 770
20674 5748 770
5748 6408 770
6408 21250 770
21250 20965 770
20965 4140 770
4140 18039 770
18039 6974 770
6974 13460 770
13460 21102 770
21102 24009 770
24009 14059 770
14059 12628 770
12628 9401 770
24124 12158 771
12158 1193 771
1193 13273 771
13273 3976 771
3976 16106 771
16106 19922 771
19922 24614 771
24614 16941 771
16941 13832 771
13832 15905 771
15905 23759 771
23759 19419 771
19419 4117 771
4117 3816 771
3816 19697 771
19697 6178 771
6178 20502 771
20502 9584 771
9584 2612 771
2612 24656 771
24656 892 771
892 13974 771
13974 17634 771
17634 24530 771
24530 693 771
3625 13054 772
13054 21439 772
21439 19940 772
19940 11655 772
11655 6958 772
6958 13624 772
13624 18036 772
18036 18639 772
18639 3520 772
3520 24263 772
24263 15883 772
15883 25095 772
25095 25664 772
25664 928 772
928 13400 772
13400 16745 772
16745 25800 772
25800 15186 772
15186 8493 772
8493 19710 772
19710 11157 772
11157 21064 772
21064 1905 772
1905 11277 772
11277 22790 772
4535 9236 773
9236 24403 773
24403 23107 773
23107 15526 773
15526 20548 773
20548 13551 773
13551 8872 773
8872 667 773
667 17106 773
17106 1897 773
1897 5127 773
5127 18739 773
18739 8342 773
8342 14929 773
14929 1014 773
1014 17731 773
17731 9135 773
9135 619 773
619 12726 773
12726 2949 773
2949 19690 773
19690 2991 773
2991 17525 773
17525 6066 773
6066 8799 773
21040 8717 774
8717 11474 774
11474 25399 774
25399 14557 774
14557 17059 774
17059 12943 774
12943 8528 774
8528 21147 774
21147 21247 774
21247 23239 774
23239 24470 774
24470 13364 774
13364 21127 774
21127 3680 774
3680 1660 774
1660 4709 774
4709 16859 774
16859 13173 774
13173 15041 774
15041 25790 774
25790 4752 774
4752 14223 774
14223 4797 774
4797 23972 774
23972 9754 774
17464 23647 775
23647 21140 775
21140 3944 775
3944 15645 775
15645 5937 775
5937 18038 775
18038 19622 775
19622 5672 775
5672 4200 775
4200 19212 775
19212 9978 775
9978 5695 775
5695 350 775
350 579 775
579 9787 775
9787 6626 775
6626 13265 775
13265 24656 775
24656 15008 775
15008 20116 775
20116 5370 775
5370 10584 775
10584 23269 775
23269 19561 775
19561 17093 775
6385 13818 776
13818 22584 776
22584 5307 776
5307 10807 776
10807 16497 776
16497 20049 776
20049 24739 776
24739 24452 776
24452 3054 776
3054 10530 776
10530 1158 776
1158 17632 776
17632 22595 776
22595 9669 776
9669 13118 776
13118 11246 776
11246 10167 776
10167 3051 776
3051 10235 776
10235 16199 776
16199 25576 776
25576 11809 776
11809 4594 776
4594 9109 776
9109 19441 776
19616 4166 777
4166 10582 777
10582 2797 777
2797 7671 777
7671 16805 777
16805 19375 777
19375 20805 777
20805 20523 777
20523 16148 777
16148 1164 777
1164 380 777
380 7618 777
7618 9970 777
9970 13558 777
13558 23751 777
23751 11612 777
11612 7651 777
7651 20634 777
20634 22425 777
22425 20532 777
20532 8209 777
8209 929 777
929 24776 777
24776 5073 777
5073 2379 777
3206 5944 778
5944 19024 778
19024 25531 778
25531 9 778
9 3918 778
3918 527 778
527 19335 778
19335 25038 778
25038 778 778
778 21930 778
21930 5542 778
5542 6304 778
6304 13473 778
13473 13416 778
13416 591 778
591 13897 778
13897 11505 778
11505 23877 778
23877 22045 778
22045 9522 778
9522 2381 778
2381 7111 778
7111 2513 778
2513 8562 778
8562 17138 778
25257 24224 779
24224 25075 779
25075 23635 779
23635 4095 779
4095 19910 779
19910 4255 779
4255 22526 779
22526 17364 779
17364 6583 779
6583 3002 779
3002 19597 779
19597 15624 779
15624 1093 779
1093 10955 779
10955 15414 779
15414 9781 779
9781 16448 779
16448 14526 779
14526 5336 779
5336 14189 779
14189 21182 779
21182 6512 779
6512 5391 779
5391 16795 779
16795 10808 779
14707 4482 780
4482 20921 780
20921 24060 780
24060 1651 780
1651 13091 780
13091 13958 780
13958 18547 780
18547 22205 780
22205 9476 780
9476 13120 780
13120 15948 780
15948 15886 780
15886 14029 780
14029 6785 780
6785 3803 780
3803 3759 780
3759 1849 780
1849 23137 780
23137 19979 780
19979 9584 780
9584 10545 780
10545 984 780
984 19370 780
19370 24731 780
24731 83 780
12075 24169 781
24169 4375 781
4375 25725 781
25725 4390 781
4390 8848 781
8848 5404 781
5404 5337 781
5337 16369 781
16369 25446 781
25446 13544 781
13544 2943 781
2943 23992 781
23992 18950 781
18950 2867 781
2867 13008 781
13008 2787 781
2787 21306 781
21306 3399 781
3399 25428 781
25428 12216 781
12216 14215 781
14215 6152 781
6152 22755 781
22755 25235 781
25235 3243 781
25498 16374 782
16374 15968 782
15968 7367 782
7367 18861 782
18861 5450 782
5450 8340 782
8340 4119 782
4119 4416 782
4416 14508 782
14508 6931 782
6931 12887 782
12887 952 782
952 11724 782
11724 6250 782
6250 17927 782
17927 22717 782
22717 1768 782
1768 18630 782
18630 24606 782
24606 2705 782
2705 13674 782
13674 335 782
335 14845 782
14845 22184 782
22184 12491 782
500 23315 783
23315 23452 783
23452 19422 783
19422 3712 783
3712 9405 783
9405 22188 783
22188 776 783
776 10334 783
10334 19215 783
19215 25976 783
25976 20456 783
20456 23910 783
23910 18763 783
18763 10980 783
10980 24352 783
24352 19801 783
19801 13316 783
13316 23131 783
23131 16596 783
16596 25081 783
25081 23754 783
23754 1470 783
1470 15054 783
15054 10011 783
10011 13782 783
19858 8923 784
8923 8916 784
8916 20148 784
20148 25483 784
25483 15257 784
15257 10339 784
10339 15371 784
15371 3978 784
3978 23850 784
23850 2759 784
2759 19050 784
19050 2236 784
2236 9709 784
9709 6665 784
6665 17102 784
17102 23214 784
23214 24143 784
24143 6249 784
6249 5156 784
5156 6325 784
6325 9805 784
9805 1090 784
1090 18912 784
18912 22522 784
22522 10579 784
11095 9254 785
9254 6007 785
6007 14236 785
14236 15572 785
15572 22110 785
22110 17299 785
17299 8532 785
8532 8785 785
8785 15399 785
15399 15307 785
15307 15287 785
15287 6073 785
6073 1866 785
1866 2113 785
2113 8529 785
8529 11074 785
11074 20154 785
20154 10545 785
10545 5901 785
5901 18579 785
18579 11264 785
11264 24162 785
24162 9516 785
9516 16226 785
16226 8660 785
1993 23631 786
23631 10192 786
10192 5906 786
5906 18873 786
18873 19545 786
19545 24571 786
24571 13936 786
13936 1394 786
1394 6817 786
6817 2317 786
2317 24884 786
24884 12451 786
12451 1157 786
1157 8004 786
8004 18228 786
18228 2448 786
2448 20416 786
20416 17165 786
17165 17902 786
17902 25911 786
25911 3399 786
3399 17113 786
17113 13223 786
13223 5653 786
5653 7531 786
11418 25436 787
25436 23136 787
23136 17333 787
17333 6889 787
6889 5348 787
5348 25701 787
25701 25058 787
25058 24545 787
24545 23678 787
23678 2097 787
2097 3290 787
3290 15195 787
15195 12437 787
12437 15656 787
15656 20865 787
20865 19782 787
19782 21092 787
21092 19082 787
19082 19413 787
19413 17490 787
17490 3752 787
3752 11230 787
11230 20782 787
20782 5259 787
5259 7615 787
4216 19329 788
19329 2440 788
2440 10891 788
10891 12651 788
12651 25172 788
25172 10464 788
10464 21365 788
21365 4614 788
4614 7939 788
7939 12178 788
12178 2409 788
2409 10966 788
10966 15002 788
15002 1432 788
1432 21168 788
21168 18688 788
18688 13979 788
13979 7540 788
7540 489 788
489 13408 788
13408 1360 788
1360 21742 788
21742 25446 788
25446 13295 788
13295 15912 788
2730 16456 789
16456 15873 789
15873 13677 789
13677 649 789
649 25580 789
25580 20785 789
20785 883 789
883 24372 789
24372 10542 789
10542 12933 789
12933 16296 789
16296 194 789
194 11757 789
11757 12648 789
12648 21298 789
21298 410 789
410 9662 789
9662 17421 789
17421 25955 789
25955 20737 789
20737 15321 789
15321 23508 789
23508 11411 789
11411 24886 789
24886 20280 789
16510 22947 790
22947 6195 790
6195 1823 790
1823 9616 790
9616 8992 790
8992 13164 790
13164 17947 790
17947 8109 790
8109 20963 790
20963 4829 790
4829 16123 790
16123 5185 790
5185 3986 790
3986 13959 790
13959 19982 790
19982 15458 790
15458 17829 790
17829 24573 790
24573 13855 790
13855 11987 790
11987 716 790
716 13849 790
13849 11045 790
11045 9572 790
9572 11538 790
18852 1485 791
1485 25819 791
25819 22802 791
22802 25559 791
25559 21955 791
21955 24279 791
24279 740 791
740 3129 791
3129 8075 791
8075 560 791
560 20345 791
20345 18506 791
18506 20731 791
20731 1031 791
1031 3610 791
3610 10822 791
10822 6344 791
6344 4045 791
4045 4221 791
4221 20707 791
20707 809 791
809 19390 791
19390 19689 791
19689 17863 791
17863 23199 791
4271 6433 792
6433 3143 792
3143 8361 792
8361 3375 792
3375 19181 792
19181 18496 792
18496 24746 792
24746 10151 792
10151 11315 792
11315 10516 792
10516 15167 792
15167 7052 792
7052 7454 792
7454 14882 792
14882 16906 792
16906 4012 792
4012 5886 792
5886 4336 792
4336 97 792
97 1998 792
1998 16773 792
16773 25163 792
25163 2424 792
2424 6843 792
6843 14095 792
15177 24176 793
24176 12791 793
12791 24799 793
24799 18410 793
18410 7357 793
7357 2861 793
2861 24039 793
24039 15183 793
15183 4316 793
4316 17849 793
17849 725 793
725 14783 793
14783 6833 793
6833 16241 793
16241 16728 793
16728 25551 793
25551 24063 793
24063 1586 793
1586 22059 793
22059 2042 793
2042 22330 793
22330 12091 793
12091 11788 793
11788 11756 793
11756 10995 793
7770 1221 794
1221 19327 794
19327 16581 794
16581 643 794
643 7731 794
7731 1149 794
1149 22186 794
22186 11475 794
11475 18472 794
18472 12207 794
12207 13565 794
13565 6215 794
6215 19799 794
19799 17661 794
17661 21093 794
21093 5259 794
5259 12901 794
12901 10733 794
10733 4740 794
4740 15303 794
15303 9276 794
9276 19284 794
19284 2469 794
2469 7011 794
7011 14780 794
2516 14608 795
14608 11006 795
11006 7358 795
7358 21683 795
21683 4127 795
4127 19775 795
19775 15367 795
15367 15493 795
15493 913 795
913 15229 795
15229 22309 795
22309 18944 795
18944 9584 795
9584 18367 795
18367 7500 795
7500 8114 795
8114 21075 795
21075 15094 795
15094 19294 795
19294 6617 795
6617 20164 795
20164 6095 795
6095 4046 795
4046 1897 795
1897 8828 795
3930 23574 796
23574 19029 796
19029 5650 796
5650 20620 796
20620 24959 796
24959 16592 796
16592 12351 796
12351 23548 796
23548 21279 796
21279 20573 796
20573 17998 796
17998 17421 796
17421 6137 796
6137 16500 796
16500 4496 796
4496 1728 796
1728 16887 796
16887 12729 796
12729 11525 796
11525 22213 796
22213 25662 796
25662 1232 796
1232 126 796
126 21440 796
21440 19083 796
13197 16295 797
16295 17749 797
17749 9201 797
9201 25690 797
25690 382 797
382 21511 797
21511 15976 797
15976 13438 797
13438 837 797
837 17342 797
17342 8430 797
8430 15912 797
15912 6262 797
6262 3422 797
3422 18477 797
18477 7945 797
7945 11497 797
11497 11150 797
11150 10319 797
10319 5047 797
5047 9118 797
9118 21148 797
21148 3689 797
3689 9288 797
9288 14067 797
11230 21137 798
21137 20816 798
20816 19080 798
19080 17282 798
17282 4835 798
4835 2413 798
2413 1343 798
1343 9914 798
9914 5270 798
5270 9883 798
9883 4012 798
4012 8997 798
8997 25379 798
25379 9578 798
9578 1170 798
1170 12421 798
12421 25451 798
25451 18027 798
18027 25598 798
25598 13120 798
13120 12990 798
12990 17352 798
17352 17510 798
17510 13140 798
13140 8801 798
23209 6944 799
6944 15474 799
15474 13748 799
13748 21465 799
21465 19388 799
19388 4209 799
4209 8552 799
8552 13660 799
13660 13697 799
13697 30 799
30 1059 799
1059 4742 799
4742 11619 799
11619 8233 799
8233 3020 799
3020 10787 799
10787 11 799
11 21601 799
21601 5708 799
5708 945 799
945 2479 799
2479 5523 799
5523 1779 799
1779 23179 799
23179 9545 799
7102 25251 800
25251 3704 800
3704 21726 800
21726 24085 800
24085 16776 800
16776 16424 800
16424 7215 800
7215 10133 800
10133 20194 800
20194 2865 800
2865 24555 800
24555 12610 800
12610 849 800
849 3772 800
3772 25667 800
25667 16138 800
16138 19462 800
19462 1371 800
1371 23142 800
23142 21700 800
21700 23482 800
23482 2798 800
2798 24325 800
24325 9378 800
9378 79 800
19183 1979 801
1979 13077 801
13077 5122 801
5122 14581 801
14581 7599 801
7599 15226 801
15226 25975 801
25975 18567 801
18567 9577 801
9577 21236 801
21236 8300 801
8300 4613 801
4613 15929 801
15929 9142 801
9142 1417 801
1417 9443 801
9443 18410 801
18410 15326 801
15326 7547 801
7547 22252 801
22252 5462 801
5462 7247 801
7247 5993 801
5993 16846 801
16846 5712 801
11695 7366 802
7366 22246 802
22246 15805 802
15805 12219 802
12219 20238 802
20238 12730 802
12730 4828 802
4828 6113 802
6113 11241 802
11241 7666 802
7666 13422 802
13422 12749 802
12749 908 802
908 167 802
167 887 802
887 19373 802
19373 22540 802
22540 385 802
385 1563 802
1563 8835 802
8835 1375 802
1375 22830 802
22830 16830 802
16830 3411 802
3411 9085 802
8129 5024 803
5024 7451 803
7451 15107 803
15107 25135 803
25135 4921 803
4921 19013 803
19013 16881 803
16881 11030 803
11030 22302 803
22302 21228 803
21228 9141 803
9141 19157 803
19157 23024 803
23024 20534 803
20534 11463 803
11463 25186 803
25186 12143 803
12143 2741 803
2741 21664 803
21664 13412 803
13412 3108 803
3108 4852 803
4852 24265 803
24265 13725 803
13725 19547 803
9317 122 804
122 21191 804
21191 554 804
554 12209 804
12209 20797 804
20797 1183 804
1183 5354 804
5354 22418 804
22418 7349 804
7349 9045 804
9045 16121 804
16121 8007 804
8007 22268 804
22268 21114 804
21114 975 804
975 24291 804
24291 19848 804
19848 4543 804
4543 14575 804
14575 4791 804
4791 264 804
264 5594 804
5594 18748 804
18748 106 804
106 552 804
11368 2748 805
2748 6585 805
6585 25202 805
25202 15688 805
15688 3737 805
3737 23934 805
23934 14558 805
14558 22088 805
22088 8464 805
8464 13343 805
13343 12940 805
12940 19844 805
19844 14170 805
14170 14356 805
14356 23463 805
23463 8798 805
8798 16270 805
16270 9777 805
9777 17528 805
17528 5471 805
5471 12083 805
12083 8024 805
8024 18067 805
18067 4384 805
4384 5601 805
237 20496 806
20496 25725 806
25725 4695 806
4695 23099 806
23099 11206 806
11206 7863 806
7863 22549 806
22549 3147 806
3147 16969 806
16969 9519 806
9519 9249 806
9249 15802 806
15802 19491 806
19491 4810 806
4810 1921 806
1921 6106 806
6106 20299 806
20299 25150 806
25150 25873 806
25873 17406 806
17406 16360 806
16360 5021 806
5021 827 806
827 12225 806
12225 23016 806
4109 11017 807
11017 13597 807
13597 3001 807
3001 4303 807
4303 8704 807
8704 3547 807
3547 25075 807
25075 4590 807
4590 16805 807
16805 9383 807
9383 19296 807
19296 15431 807
15431 23191 807
23191 5345 807
5345 25851 807
25851 3543 807
3543 670 807
670 16953 807
16953 7240 807
7240 25557 807
25557 25408 807
25408 19927 807
19927 21472 807
21472 15956 807
15956 8669 807
14621 22436 808
22436 22945 808
22945 20016 808
20016 24169 808
24169 7427 808
7427 16440 808
16440 6117 808
6117 24664 808
24664 25591 808
25591 5420 808
5420 21915 808
21915 2756 808
2756 9033 808
9033 8758 808
8758 12000 808
12000 13383 808
13383 8330 808
8330 16603 808
16603 19340 808
19340 21396 808
21396 18250 808
18250 8276 808
8276 12632 808
12632 6446 808
6446 13060 808
23180 5795 809
5795 4289 809
4289 9858 809
9858 7075 809
7075 13003 809
13003 3016 809
3016 6000 809
6000 7641 809
7641 767 809
767 2324 809
2324 8323 809
8323 6430 809
6430 24499 809
24499 22765 809
22765 15132 809
15132 23584 809
23584 11059 809
11059 5971 809
5971 4297 809
4297 25716 809
25716 6720 809
6720 3580 809
3580 25957 809
25957 23464 809
23464 11886 809
17171 7577 810
7577 18034 810
18034 6941 810
6941 17507 810
17507 12337 810
12337 16005 810
16005 7651 810
7651 11361 810
11361 19902 810
19902 24825 810
24825 5427 810
5427 2952 810
2952 22267 810
22267 20309 810
20309 21492 810
21492 18021 810
18021 3418 810
3418 1845 810
1845 12212 810
12212 4671 810
4671 19267 810
19267 19484 810
19484 18586 810
18586 301 810
301 21755 810
22544 2325 811
2325 17772 811
17772 8126 811
8126 11799 811
11799 20143 811
20143 3501 811
3501 9003 811
9003 22801 811
22801 7437 811
7437 9979 811
9979 11517 811
11517 7341 811
7341 18290 811
18290 12594 811
12594 5448 811
5448 7046 811
7046 15726 811
15726 16058 811
16058 23892 811
23892 19491 811
19491 7149 811
7149 14094 811
14094 18650 811
18650 15149 811
15149 9026 811
23461 10937 812
10937 2337 812
2337 15586 812
15586 10407 812
10407 24770 812
24770 25799 812
25799 25271 812
25271 9260 812
9260 15750 812
15750 14990 812
14990 17065 812
17065 23657 812
23657 229 812
229 5896 812
5896 10062 812
10062 2385 812
2385 15431 812
15431 20973 812
20973 8481 812
8481 1604 812
1604 3685 812
3685 6389 812
6389 9693 812
9693 9379 812
9379 16942 812
21853 13401 813
13401 25179 813
25179 10819 813
10819 5445 813
5445 4179 813
4179 24999 813
24999 21765 813
21765 20866 813
20866 12697 813
12697 16345 813
16345 12786 813
12786 14418 813
14418 157 813
157 16326 813
16326 18515 813
18515 9476 813
9476 19021 813
19021 4013 813
4013 677 813
677 12087 813
12087 3246 813
3246 9972 813
9972 11176 813
11176 17040 813
17040 1242 813
8973 22017 814
22017 18599 814
18599 14742 814
14742 14136 814
14136 23473 814
23473 24765 814
24765 12538 814
12538 20719 814
20719 22294 814
22294 2127 814
2127 9755 814
9755 6601 814
6601 13938 814
13938 2479 814
2479 21579 814
21579 21466 814
21466 974 814
974 17507 814
17507 8611 814
8611 22639 814
22639 7818 814
7818 7378 814
7378 4655 814
4655 1964 814
1964 9267 814
10711 15916 815
15916 17121 815
17121 16198 815
16198 6271 815
6271 19644 815
19644 10903 815
10903 15829 815
15829 6291 815
6291 21902 815
21902 12245 815
12245 7622 815
7622 12321 815
12321 21204 815
21204 21263 815
21263 3662 815
3662 23915 815
23915 15426 815
15426 20391 815
20391 24184 815
24184 22972 815
22972 20840 815
20840 2445 815
2445 22362 815
22362 24161 815
24161 2812 815
199 14662 816
14662 5767 816
5767 14629 816
14629 11300 816
11300 14072 816
14072 23732 816
23732 245 816
245 15962 816
15962 15870 816
15870 95 816
95 18609 816
18609 16540 816
16540 17449 816
17449 1563 816
1563 11261 816
11261 11321 816
11321 23921 816
23921 23450 816
23450 2380 816
2380 2483 816
2483 5452 816
5452 9134 816
9134 25673 816
25673 6074 816
6074 17155 816
14171 13789 817
13789 5448 817
5448 22512 817
22512 1349 817
1349 316 817
316 21897 817
21897 22276 817
22276 1038 817
1038 5601 817
5601 10645 817
10645 3179 817
3179 24781 817
24781 19563 817
19563 11417 817
11417 25437 817
25437 3050 817
3050 6634 817
6634 6704 817
6704 14347 817
14347 10527 817
10527 4189 817
4189 19722 817
19722 5919 817
5919 5298 817
5298 476 817
1995 1922 818
1922 20355 818
20355 9230 818
9230 15357 818
15357 25877 818
25877 2079 818
2079 24946 818
24946 16851 818
16851 25002 818
25002 21541 818
21541 12242 818
12242 7512 818
7512 1587 818
1587 17637 818
17637 10587 818
10587 14494 818
14494 18913 818
18913 1981 818
1981 10229 818
10229 7883 818
7883 18915 818
18915 25127 818
25127 1630 818
1630 12682 818
12682 9490 818
10956 12132 819
12132 18866 819
18866 19204 819
19204 21977 819
21977 22220 819
22220 14031 819
14031 1446 819
1446 7274 819
7274 11595 819
11595 7331 819
7331 6375 819
6375 10945 819
10945 24697 819
24697 17826 819
17826 17467 819
17467 16323 819
16323 11443 819
11443 18736 819
18736 18351 819
18351 8762 819
8762 9107 819
9107 3299 819
3299 87 819
87 1000 819
1000 14700 819
16716 13327 820
13327 4159 820
4159 10749 820
10749 2447 820
2447 4805 820
4805 2828 820
2828 4294 820
4294 17687 820
17687 21574 820
21574 15909 820
15909 2738 820
2738 25327 820
25327 17776 820
17776 8548 820
8548 19896 820
19896 1838 820
1838 25242 820
25242 14150 820
14150 3914 820
3914 24237 820
24237 13129 820
13129 20898 820
20898 21639 820
21639 5220 820
5220 8272 820
17236 23772 821
23772 25398 821
25398 7594 821
7594 17426 821
17426 16874 821
16874 13298 821
13298 11602 821
11602 5492 821
5492 10663 821
10663 10604 821
10604 15373 821
15373 1404 821
1404 15810 821
15810 18675 821
18675 18459 821
18459 1925 821
1925 10732 821
10732 6226 821
6226 16969 821
16969 17830 821
17830 16325 821
16325 15674 821
15674 1668 821
1668 3729 821
3729 13863 821
9809 7134 822
7134 19842 822
19842 15335 822
15335 6566 822
6566 25220 822
25220 5060 822
5060 15442 822
15442 24128 822
24128 21962 822
21962 4769 822
4769 3100 822
3100 22566 822
22566 9017 822
9017 17536 822
17536 16475 822
16475 16203 822
16203 19671 822
19671 10059 822
10059 25977 822
25977 13234 822
13234 22549 822
22549 10553 822
10553 10258 822
10258 10216 822
10216 13326 822
20512 15018 823
15018 14680 823
14680 24198 823
24198 4799 823
4799 12287 823
12287 18447 823
18447 505 823
505 5950 823
5950 11359 823
11359 16070 823
16070 18565 823
18565 18980 823
18980 15944 823
15944 16364 823
16364 6653 823
6653 17091 823
17091 20765 823
20765 2135 823
2135 11054 823
11054 22591 823
22591 19291 823
19291 9648 823
9648 7245 823
7245 11794 823
11794 11235 823
14921 22108 824
22108 25992 824
25992 16974 824
16974 19317 824
19317 3248 824
3248 16258 824
16258 1697 824
1697 5253 824
5253 4934 824
4934 18806 824
18806 19483 824
19483 10096 824
10096 19031 824
19031 6256 824
6256 14070 824
14070 18543 824
18543 10819 824
10819 2489 824
2489 6465 824
6465 21240 824
21240 22762 824
22762 2914 824
2914 4809 824
4809 19150 824
19150 17470 824
20387 1758 825
1758 25378 825
25378 23341 825
23341 12852 825
12852 24301 825
24301 7834 825
7834 4201 825
4201 17847 825
17847 10740 825
10740 21559 825
21559 18209 825
18209 13806 825
13806 22736 825
22736 11217 825
11217 19814 825
19814 25634 825
25634 5007 825
5007 15036 825
15036 16008 825
16008 23878 825
23878 11971 825
11971 14429 825
14429 11841 825
11841 24821 825
24821 18666 825
20421 21171 826
21171 528 826
528 17187 826
17187 4180 826
4180 17263 826
17263 9058 826
9058 18108 826
18108 14672 826
14672 14119 826
14119 20700 826
20700 6759 826
6759 5171 826
5171 10318 826
10318 1231 826
1231 24726 826
24726 22282 826
22282 18698 826
18698 10311 826
10311 4748 826
4748 25183 826
25183 18057 826
18057 13891 826
13891 7521 826
7521 21931 826
21931 5663 826
3044 14122 827
14122 15482 827
15482 1348 827
1348 13928 827
13928 18061 827
18061 20550 827
20550 6270 827
6270 21229 827
21229 19651 827
19651 19795 827
19795 16982 827
16982 18493 827
18493 6509 827
6509 15707 827
15707 9168 827
9168 13413 827
13413 1639 827
1639 12820 827
12820 9873 827
9873 2117 827
2117 17131 827
17131 6165 827
6165 24983 827
24983 4913 827
4913 20829 827
19446 8085 828
8085 8402 828
8402 9180 828
9180 7210 828
7210 19313 828
19313 398 828
398 1441 828
1441 4579 828
4579 13687 828
13687 19852 828
19852 1557 828
1557 17097 828
17097 23369 828
23369 17618 828
17618 11093 828
11093 13585 828
13585 21227 828
21227 14001 828
14001 25301 828
25301 17982 828
17982 7009 828
7009 8237 828
8237 15353 828
15353 25679 828
25679 4669 828
3980 11634 829
11634 7773 829
7773 16744 829
16744 15585 829
15585 22201 829
22201 6624 829
6624 22809 829
22809 888 829
888 11159 829
11159 5725 829
5725 9385 829
9385 12338 829
12338 16656 829
16656 6426 829
6426 12846 829
12846 6408 829
6408 15432 829
15432 24398 829
24398 25325 829
25325 12150 829
12150 21542 829
21542 24815 829
24815 796 829
796 13770 829
13770 12942 829
13515 14259 830
14259 16705 830
16705 15616 830
15616 9361 830
9361 20435 830
20435 23155 830
23155 15016 830
15016 16250 830
16250 22256 830
22256 21625 830
21625 17207 830
17207 21317 830
21317 4384 830
4384 12879 830
12879 25451 830
25451 3935 830
3935 17997 830
17997 17051 830
17051 10929 830
10929 21302 830
21302 25053 830
25053 21495 830
21495 23566 830
23566 21319 830
21319 20280 830
9698 20144 831
20144 20996 831
20996 15471 831
15471 3028 831
3028 1962 831
1962 4431 831
4431 20426 831
20426 20246 831
20246 3582 831
3582 5191 831
5191 11017 831
11017 11036 831
11036 4917 831
4917 3584 831
3584 10982 831
10982 10828 831
10828 3701 831
3701 8167 831
8167 14523 831
14523 310 831
310 7661 831
7661 4040 831
4040 12667 831
12667 6577 831
6577 5275 831
15443 18784 832
18784 15055 832
15055 846 832
846 25416 832
25416 20733 832
20733 14536 832
14536 12161 832
12161 5322 832
5322 5427 832
5427 20905 832
20905 9422 832
9422 24076 832
24076 7867 832
7867 2967 832
2967 1630 832
1630 6849 832
6849 7080 832
7080 334 832
334 17888 832
17888 7587 832
7587 24551 832
24551 15939 832
15939 24374 832
24374 4440 832
4440 7942 832
14680 3366 833
3366 21486 833
21486 11982 833
11982 3358 833
3358 6437 833
6437 7377 833
7377 24113 833
24113 6628 833
6628 16813 833
16813 18481 833
18481 6573 833
6573 13607 833
13607 1064 833
1064 24752 833
24752 24206 833
24206 8040 833
8040 14830 833
14830 12404 833
12404 6017 833
6017 9058 833
9058 97 833
97 2337 833
2337 14782 833
14782 1306 833
1306 17526 833
4645 2385 834
2385 15664 834
15664 337 834
337 21648 834
21648 16970 834
16970 24550 834
24550 17562 834
17562 10210 834
10210 21386 834
21386 22486 834
22486 11588 834
11588 6175 834
6175 14457 834
14457 17337 834
17337 8435 834
8435 24233 834
24233 827 834
827 5888 834
5888 16273 834
16273 10329 834
10329 17035 834
17035 23744 834
23744 14965 834
14965 25934 834
25934 9585 834
6056 21171 835
21171 14602 835
14602 4027 835
4027 2819 835
2819 13626 835
13626 14077 835
14077 1109 835
1109 12105 835
12105 1235 835
1235 1657 835
1657 23223 835
23223 4256 835
4256 20188 835
20188 21172 835
21172 10295 835
10295 15493 835
15493 6232 835
6232 9449 835
9449 23589 835
23589 10886 835
10886 25178 835
25178 22088 835
22088 24668 835
24668 18438 835
18438 24373 835
12508 13082 836
13082 11875 836
11875 1334 836
1334 8831 836
8831 8176 836
8176 25967 836
25967 14737 836
14737 2213 836
2213 2332 836
2332 14834 836
14834 22012 836
22012 10397 836
10397 16999 836
16999 10818 836
10818 14223 836
14223 5947 836
5947 11345 836
11345 13316 836
13316 14571 836
14571 17626 836
17626 15785 836
15785 3690 836
3690 14197 836
14197 1490 836
1490 8608 836
17007 13309 837
13309 25896 837
25896 25346 837
25346 206 837
206 18683 837
18683 18954 837
18954 4310 837
4310 882 837
882 21158 837
21158 2131 837
2131 8807 837
8807 9313 837
9313 10812 837
10812 1044 837
1044 15594 837
15594 24500 837
24500 7741 837
7741 71 837
71 5515 837
5515 5048 837
5048 9737 837
9737 10145 837
10145 3177 837
3177 25750 837
25750 25854 837
15209 12597 838
12597 10525 838
10525 2732 838
2732 22824 838
22824 15595 838
15595 15139 838
15139 21501 838
21501 13598 838
13598 3987 838
3987 15312 838
15312 14609 838
14609 17715 838
17715 12602 838
12602 17377 838
17377 21843 838
21843 11283 838
11283 12255 838
12255 23599 838
23599 23997 838
23997 14336 838
14336 15807 838
15807 15437 838
15437 2756 838
2756 23474 838
23474 12886 838
15128 25526 839
25526 22971 839
22971 8529 839
8529 12036 839
12036 9541 839
9541 12976 839
12976 16377 839
16377 11589 839
11589 5235 839
5235 21594 839
21594 12171 839
12171 11688 839
11688 5335 839
5335 16526 839
16526 3620 839
3620 7943 839
7943 13996 839
13996 11433 839
11433 21161 839
21161 8795 839
8795 7126 839
7126 786 839
786 747 839
747 21158 839
21158 11291 839
24309 19308 840
19308 18450 840
18450 12153 840
12153 756 840
756 17999 840
17999 2935 840
2935 13270 840
13270 18008 840
18008 23220 840
23220 2215 840
2215 23807 840
23807 21309 840
21309 25293 840
25293 7537 840
7537 6749 840
6749 17417 840
17417 13150 840
13150 20652 840
20652 21968 840
21968 1173 840
1173 2228 840
2228 7712 840
7712 2607 840
2607 12104 840
12104 15425 840
6151 20405 841
20405 10405 841
10405 1736 841
1736 1741 841
1741 15847 841
15847 20222 841
20222 16794 841
16794 21156 841
21156 20010 841
20010 19085 841
19085 15303 841
15303 4958 841
4958 24313 841
24313 18483 841
18483 3159 841
3159 8451 841
8451 21432 841
21432 17248 841
17248 18812 841
18812 1135 841
1135 15116 841
15116 14485 841
14485 8647 841
8647 21727 841
21727 3739 841
21108 12691 842
12691 149 842
149 23381 842
23381 14425 842
14425 21806 842
21806 8294 842
8294 1789 842
1789 24882 842
24882 9964 842
9964 18530 842
18530 20629 842
20629 20285 842
20285 6445 842
6445 9671 842
9671 16992 842
16992 465 842
465 17304 842
17304 10385 842
10385 15785 842
15785 18732 842
18732 18769 842
18769 11858 842
11858 8882 842
8882 845 842
845 21458 842
17623 13570 843
13570 25147 843
25147 16702 843
16702 18767 843
18767 14899 843
14899 1482 843
1482 23127 843
23127 9723 843
9723 3466 843
3466 5385 843
5385 19117 843
19117 7649 843
7649 14716 843
14716 14151 843
14151 12418 843
12418 4886 843
4886 18438 843
18438 25212 843
25212 8771 843
8771 17412 843
17412 23539 843
23539 9610 843
9610 12644 843
12644 6365 843
6365 5856 843
16136 6833 844
6833 14561 844
14561 872 844
872 7049 844
7049 15859 844
15859 18391 844
18391 24707 844
24707 16370 844
16370 6579 844
6579 19229 844
19229 7959 844
7959 22512 844
22512 14553 844
14553 20476 844
20476 12630 844
12630 14384 844
14384 22748 844
22748 17096 844
17096 8182 844
8182 23125 844
23125 16084 844
16084 1118 844
1118 25788 844
25788 2754 844
2754 22888 844
8701 22460 845
22460 2171 845
2171 5946 845
5946 15152 845
15152 4500 845
4500 25887 845
25887 15358 845
15358 9278 845
9278 15101 845
15101 1835 845
1835 24505 845
24505 21761 845
21761 16206 845
16206 7499 845
7499 11951 845
11951 11547 845
11547 7716 845
7716 5640 845
5640 17162 845
17162 9141 845
9141 6264 845
6264 9729 845
9729 22156 845
22156 23743 845
23743 20294 845
3608 13575 846
13575 8004 846
8004 25023 846
25023 24226 846
24226 12085 846
12085 22827 846
22827 7286 846
7286 2106 846
2106 11667 846
11667 14089 846
14089 12890 846
12890 5036 846
5036 8182 846
8182 8104 846
8104 14533 846
14533 2073 846
2073 21481 846
21481 2469 846
2469 11533 846
11533 18923 846
18923 5024 846
5024 19624 846
19624 11328 846
11328 4198 846
4198 14319 846
10775 15053 847
15053 3752 847
3752 14808 847
14808 96 847
96 7323 847
7323 287 847
287 7654 847
7654 6821 847
6821 19839 847
19839 8667 847
8667 25508 847
25508 8148 847
8148 18594 847
18594 6418 847
6418 24948 847
24948 14577 847
14577 14138 847
14138 22690 847
22690 8735 847
8735 10003 847
10003 23032 847
23032 22498 847
22498 19886 847
19886 13444 847
13444 18710 847
15216 24177 848
24177 19726 848
19726 4901 848
4901 7679 848
7679 18198 848
18198 13196 848
13196 17406 848
17406 13353 848
13353 18581 848
18581 3491 848
3491 20105 848
20105 13423 848
13423 1185 848
1185 8411 848
8411 17333 848
17333 2700 848
2700 20497 848
20497 8308 848
8308 4486 848
4486 10949 848
10949 25735 848
25735 24376 848
24376 3195 848
3195 16565 848
16565 24416 848
7026 13624 849
13624 24134 849
24134 13825 849
13825 12915 849
12915 11536 849
11536 22063 849
22063 15969 849
15969 1188 849
1188 3254 849
3254 11761 849
11761 6719 849
6719 20353 849
20353 15048 849
15048 11449 849
11449 25636 849
25636 14866 849
14866 5722 849
5722 2751 849
2751 2358 849
2358 7974 849
7974 22880 849
22880 9205 849
9205 10440 849
10440 2654 849
2654 3420 849
7794 25523 850
25523 21421 850
21421 25717 850
25717 15747 850
15747 10977 850
10977 21828 850
21828 18780 850
18780 22147 850
22147 24300 850
24300 17038 850
17038 24286 850
24286 14339 850
14339 9076 850
9076 8229 850
8229 1635 850
1635 21673 850
21673 14778 850
14778 18547 850
18547 4693 850
4693 11567 850
11567 15988 850
15988 5230 850
5230 10927 850
10927 14015 850
14015 23432 850
11422 22450 851
22450 22265 851
22265 2907 851
2907 8130 851
8130 7822 851
7822 5204 851
5204 4597 851
4597 4806 851
4806 25355 851
25355 21718 851
21718 7853 851
7853 13930 851
13930 10600 851
10600 1932 851
1932 23754 851
23754 16448 851
16448 9759 851
9759 3535 851
3535 22048 851
22048 4385 851
4385 12200 851
12200 22188 851
22188 16003 851
16003 16397 851
16397 21931 851
9715 2659 852
2659 14322 852
14322 25616 852
25616 18227 852
18227 14055 852
14055 15608 852
15608 23898 852
23898 8401 852
8401 11155 852
11155 19326 852
19326 7839 852
7839 21577 852
21577 23259 852
23259 2063 852
2063 25109 852
25109 13499 852
13499 25441 852
25441 13169 852
13169 24967 852
24967 9462 852
9462 11565 852
11565 5175 852
5175 17436 852
17436 18501 852
18501 16756 852
8680 5681 853
5681 23696 853
23696 12011 853
12011 2345 853
2345 13266 853
13266 15676 853
15676 11359 853
11359 7925 853
7925 22431 853
22431 15885 853
15885 2390 853
2390 7547 853
7547 7656 853
7656 23474 853
23474 25838 853
25838 17131 853
17131 15567 853
15567 8718 853
8718 12193 853
12193 22327 853
22327 6160 853
6160 15401 853
15401 7653 853
7653 23585 853
23585 15519 853
16288 3886 854
3886 9848 854
9848 14756 854
14756 6204 854
6204 21321 854
21321 23743 854
23743 13505 854
13505 4899 854
4899 17135 854
17135 20027 854
20027 11808 854
11808 1746 854
1746 11545 854
11545 7988 854
7988 10219 854
10219 24696 854
24696 12754 854
12754 23994 854
23994 5725 854
5725 12064 854
12064 2773 854
2773 2107 854
2107 20001 854
20001 17389 854
17389 3857 854
12223 91 855
91 25196 855
25196 15304 855
15304 8535 855
8535 24690 855
24690 4530 855
4530 12549 855
12549 9789 855
9789 23391 855
23391 23311 855
23311 14366 855
14366 2374 855
2374 15355 855
15355 6176 855
6176 11128 855
11128 1716 855
1716 19793 855
19793 22908 855
22908 3129 855
3129 19596 855
19596 4140 855
4140 6492 855
6492 23961 855
23961 11301 855
11301 3940 855
3735 4497 856
4497 23914 856
23914 9034 856
9034 5523 856
5523 9573 856
9573 6391 856
6391 11556 856
11556 23260 856
23260 14322 856
14322 18307 856
18307 3492 856
3492 16320 856
16320 16729 856
16729 14798 856
14798 24028 856
24028 25814 856
25814 23302 856
23302 140 856
140 15522 856
15522 21804 856
21804 20536 856
20536 19176 856
19176 14153 856
14153 4791 856
4791 3324 856
21229 2019 857
2019 6319 857
6319 23799 857
23799 1163 857
1163 60 857
60 15419 857
15419 9711 857
9711 12085 857
12085 1418 857
1418 17350 857
17350 12664 857
12664 18025 857
18025 19898 857
19898 543 857
543 15150 857
15150 20974 857
20974 876 857
876 23847 857
23847 8624 857
8624 12179 857
12179 8386 857
8386 490 857
490 25021 857
25021 20315 857
20315 12996 857
16283 21451 858
21451 17592 858
17592 10931 858
10931 1265 858
1265 1161 858
1161 7619 858
7619 25622 858
25622 13468 858
13468 12137 858
12137 21813 858
21813 6011 858
6011 20914 858
20914 12094 858
12094 16541 858
16541 5980 858
5980 6569 858
6569 16019 858
16019 19672 858
19672 10039 858
10039 12495 858
12495 18654 858
18654 14966 858
14966 632 858
632 14786 858
14786 24289 858
24664 9456 859
9456 11023 859
11023 4508 859
4508 16619 859
16619 18098 859
18098 12723 859
12723 1683 859
1683 19133 859
19133 14928 859
14928 11220 859
11220 740 859
740 365 859
365 59 859
59 21455 859
21455 12910 859
12910 3177 859
3177 25346 859
25346 19136 859
19136 17101 859
17101 21949 859
21949 11715 859
11715 14737 859
14737 10046 859
10046 25619 859
25619 19859 859
12883 2202 860
2202 3192 860
3192 15774 860
15774 7655 860
7655 12395 860
12395 22780 860
22780 13906 860
13906 489 860
489 3823 860
3823 19620 860
19620 19560 860
19560 16776 860
16776 19802 860
19802 6879 860
6879 17024 860
17024 14896 860
14896 5566 860
5566 12054 860
12054 5918 860
5918 7340 860
7340 1595 860
1595 17754 860
17754 2544 860
2544 1738 860
1738 11929 860
10859 18922 861
18922 22114 861
22114 18871 861
18871 16162 861
16162 4080 861
4080 23481 861
23481 1343 861
1343 5885 861
5885 6415 861
6415 2758 861
2758 23555 861
23555 14013 861
14013 11698 861
11698 16685 861
16685 10202 861
10202 21914 861
21914 9656 861
9656 12943 861
12943 24105 861
24105 13062 861
13062 18799 861
18799 9255 861
9255 7951 861
7951 8131 861
8131 24185 861
22767 24736 862
24736 11537 862
11537 19649 862
19649 3634 862
3634 9958 862
9958 7253 862
7253 19113 862
19113 11548 862
11548 23835 862
23835 25957 862
25957 14563 862
14563 10764 862
10764 11126 862
11126 13817 862
13817 11270 862
11270 8407 862
8407 168 862
168 17997 862
17997 3190 862
3190 3741 862
3741 1492 862
1492 13879 862
13879 16412 862
16412 25553 862
25553 17117 862
11135 25556 863
25556 24980 863
24980 7255 863
7255 10612 863
10612 4621 863
4621 20683 863
20683 11103 863
11103 1524 863
1524 8434 863
8434 20362 863
20362 1324 863
1324 22873 863
22873 20668 863
20668 25400 863
25400 23999 863
23999 25809 863
25809 21248 863
21248 11791 863
11791 315 863
315 16259 863
16259 19797 863
19797 18595 863
18595 12521 863
12521 5444 863
5444 25205 863
3248 25896 864
25896 9617 864
9617 8773 864
8773 15741 864
15741 13660 864
13660 2358 864
2358 7923 864
7923 20803 864
20803 21828 864
21828 24879 864
24879 1807 864
1807 25388 864
25388 15670 864
15670 17300 864
17300 23563 864
23563 13141 864
13141 1969 864
1969 2179 864
2179 24768 864
24768 10777 864
10777 5767 864
5767 10586 864
10586 5203 864
5203 2706 864
2706 11367 864
12287 9171 865
9171 9999 865
9999 5535 865
5535 23993 865
23993 12915 865
12915 7676 865
7676 15537 865
15537 20383 865
20383 16014 865
16014 23829 865
23829 15424 865
15424 13751 865
13751 25511 865
25511 14628 865
14628 21476 865
21476 13603 865
13603 11914 865
11914 13834 865
13834 14 865
14 11396 865
11396 22781 865
22781 21673 865
21673 14326 865
14326 24300 865
24300 9199 865
13852 11755 866
11755 17203 866
17203 22787 866
22787 25497 866
25497 13640 866
13640 21495 866
21495 9393 866
9393 2658 866
2658 22227 866
22227 8569 866
8569 24999 866
24999 24305 866
24305 23797 866
23797 4400 866
4400 3820 866
3820 3353 866
3353 8518 866
8518 16700 866
16700 7445 866
7445 14354 866
14354 899 866
899 5931 866
5931 25274 866
25274 10322 866
10322 18831 866
20031 7001 867
7001 12819 867
12819 7548 867
7548 22522 867
22522 3517 867
3517 5188 867
5188 13011 867
13011 5384 867
5384 18240 867
18240 2123 867
2123 4007 867
4007 7049 867
7049 4191 867
4191 19101 867
19101 23044 867
23044 11383 867
11383 18250 867
18250 1139 867
1139 20981 867
20981 15617 867
15617 15992 867
15992 9684 867
9684 14914 867
14914 20488 867
20488 4696 867
25705 15709 868
15709 23049 868
23049 66 868
66 7893 868
7893 10127 868
10127 23335 868
23335 17946 868
17946 18591 868
18591 23080 868
23080 6205 868
6205 11776 868
11776 10972 868
10972 19971 868
19971 4750 868
4750 11056 868
11056 3075 868
3075 1643 868
1643 1777 868
1777 11818 868
11818 10578 868
10578 25726 868
25726 183 868
183 1073 868
1073 14930 868
14930 14418 868
15895 23090 869
23090 13228 869
13228 453 869
453 14478 869
14478 13334 869
13334 10892 869
10892 24184 869
24184 19571 869
19571 7116 869
7116 10810 869
10810 10170 869
10170 22779 869
22779 7200 869
7200 21363 869
21363 25625 869
25625 24889 869
24889 3773 869
3773 23094 869
23094 21807 869
21807 24800 869
24800 22573 869
22573 20791 869
20791 25185 869
25185 15075 869
15075 17970 869
12220 3167 870
3167 16621 870
16621 15200 870
15200 25263 870
25263 7326 870
7326 22074 870
22074 5843 870
5843 8450 870
8450 7529 870
7529 6109 870
6109 12202 870
12202 10791 870
10791 1270 870
1270 3729 870
3729 18787 870
18787 16095 870
16095 23512 870
23512 17798 870
17798 18663 870
18663 14613 870
14613 22937 870
22937 19999 870
19999 11719 870
11719 12914 870
12914 9745 870
23260 16403 871
16403 6398 871
6398 25572 871
25572 17517 871
17517 16139 871
16139 5463 871
5463 15656 871
15656 21108 871
21108 4678 871
4678 5353 871
5353 13257 871
13257 416 871
416 14430 871
14430 15715 871
15715 25250 871
25250 10353 871
10353 2457 871
2457 13020 871
13020 11097 871
11097 17459 871
17459 9662 871
9662 21437 871
21437 1496 871
1496 8941 871
8941 2879 871
8076 18790 872
18790 21941 872
21941 8052 872
8052 7136 872
7136 21709 872
21709 13929 872
13929 4492 872
4492 23441 872
23441 10548 872
10548 12298 872
12298 12797 872
12797 10199 872
10199 1917 872
1917 20371 872
20371 5257 872
5257 6123 872
6123 17760 872
17760 4799 872
4799 11670 872
11670 17231 872
17231 14859 872
14859 5075 872
5075 24786 872
24786 22716 872
22716 17311 872
18592 12309 873
12309 11536 873
11536 25883 873
25883 6688 873
6688 3330 873
3330 4437 873
4437 15673 873
15673 12699 873
12699 5964 873
5964 20833 873
20833 19011 873
19011 25121 873
25121 10011 873
10011 3198 873
3198 5212 873
5212 2459 873
2459 12846 873
12846 15132 873
15132 21625 873
21625 2534 873
2534 24100 873
24100 25736 873
25736 20135 873
20135 20009 873
20009 15316 873
1482 151 874
151 9778 874
9778 19157 874
19157 21812 874
21812 7693 874
7693 24093 874
24093 6385 874
6385 13423 874
13423 10999 874
10999 10932 874
10932 6346 874
6346 13939 874
13939 8621 874
8621 24132 874
24132 4913 874
4913 9800 874
9800 5999 874
5999 15500 874
15500 5972 874
5972 1874 874
1874 9358 874
9358 19236 874
19236 16721 874
16721 9330 874
9330 21899 874
927 21685 875
21685 2114 875
2114 10892 875
10892 11691 875
11691 7487 875
7487 21312 875
21312 9999 875
9999 6909 875
6909 14687 875
14687 5697 875
5697 24126 875
24126 5955 875
5955 8217 875
8217 15867 875
15867 25954 875
25954 3054 875
3054 12952 875
12952 9229 875
9229 5094 875
5094 22668 875
22668 22480 875
22480 16689 875
16689 1777 875
1777 24980 875
24980 22181 875
3795 2598 876
2598 13481 876
13481 15468 876
15468 25923 876
25923 10861 876
10861 23340 876
23340 9080 876
9080 16977 876
16977 6766 876
6766 19437 876
19437 24124 876
24124 16484 876
16484 10159 876
10159 6512 876
6512 21326 876
21326 18145 876
18145 2924 876
2924 2101 876
2101 24451 876
24451 14241 876
14241 8034 876
8034 16873 876
16873 13949 876
13949 12857 876
12857 22823 876
14201 20057 877
20057 12633 877
12633 20683 877
20683 19957 877
19957 1796 877
1796 6568 877
6568 5062 877
5062 21707 877
21707 23332 877
23332 2974 877
2974 6393 877
6393 13830 877
13830 21113 877
21113 9814 877
9814 83 877
83 7661 877
7661 4501 877
4501 6114 877
6114 11017 877
11017 1247 877
1247 24130 877
24130 13170 877
13170 24904 877
24904 21395 877
21395 12505 877
23208 25413 878
25413 12387 878
12387 7772 878
7772 19131 878
19131 15921 878
15921 16590 878
16590 10850 878
10850 8057 878
8057 1265 878
1265 25573 878
25573 12686 878
12686 11322 878
11322 13438 878
13438 7817 878
7817 3571 878
3571 14046 878
14046 7965 878
7965 13527 878
13527 10043 878
10043 13480 878
13480 13980 878
13980 14194 878
14194 2295 878
2295 10015 878
10015 24544 878
3769 24058 879
24058 6768 879
6768 12690 879
12690 14287 879
14287 16475 879
16475 7681 879
7681 5758 879
5758 25368 879
25368 17954 879
17954 1865 879
1865 18576 879
18576 20480 879
20480 12437 879
12437 15408 879
15408 18482 879
18482 7073 879
7073 13777 879
13777 2634 879
2634 12581 879
12581 20382 879
20382 17508 879
17508 8087 879
8087 11624 879
11624 16815 879
16815 3376 879
294 11804 880
11804 19388 880
19388 12599 880
12599 1617 880
1617 10044 880
10044 1951 880
1951 16949 880
16949 17441 880
17441 25767 880
25767 20926 880
20926 6242 880
6242 15562 880
15562 24269 880
24269 1191 880
1191 15012 880
15012 8498 880
8498 7442 880
7442 7672 880
7672 7490 880
7490 10576 880
10576 17089 880
17089 3245 880
3245 20231 880
20231 6807 880
6807 15708 880
21410 9223 881
9223 11400 881
11400 19525 881
19525 247 881
247 19038 881
19038 1079 881
1079 506 881
506 10321 881
10321 15031 881
15031 19743 881
19743 5859 881
5859 13250 881
13250 21081 881
21081 3228 881
3228 10599 881
10599 13309 881
13309 17070 881
17070 10010 881
10010 10214 881
10214 20105 881
20105 2678 881
2678 23916 881
23916 2337 881
2337 18189 881
18189 19696 881
10234 12681 882
12681 18801 882
18801 1266 882
1266 23455 882
23455 25581 882
25581 20148 882
20148 21337 882
21337 2749 882
2749 18812 882
18812 21883 882
21883 861 882
861 12665 882
12665 18114 882
18114 164 882
164 12428 882
12428 19465 882
19465 7355 882
7355 20468 882
20468 1191 882
1191 3909 882
3909 14828 882
14828 15309 882
15309 19129 882
19129 15797 882
15797 13935 882
10821 23478 883
23478 1468 883
1468 25752 883
25752 5977 883
5977 8216 883
8216 11319 883
11319 19842 883
19842 11452 883
11452 18599 883
18599 11831 883
11831 12505 883
12505 22415 883
22415 336 883
336 24099 883
24099 24823 883
24823 3571 883
3571 4673 883
4673 3504 883
3504 23914 883
23914 5914 883
5914 7861 883
7861 16501 883
16501 10330 883
10330 4656 883
4656 8822 883
14632 23375 884
23375 13534 884
13534 25765 884
25765 5113 884
5113 2322 884
2322 4596 884
4596 21874 884
21874 228 884
228 14988 884
14988 8088 884
8088 17530 884
17530 12820 884
12820 20325 884
20325 15513 884
15513 24803 884
24803 20163 884
20163 11697 884
11697 8693 884
8693 16083 884
16083 7600 884
7600 2622 884
2622 2364 884
2364 2641 884
2641 877 884
877 25396 884
25379 12461 885
12461 24560 885
24560 22698 885
22698 21514 885
21514 6108 885
6108 25043 885
25043 17915 885
17915 8270 885
8270 20511 885
20511 9649 885
9649 7294 885
7294 5623 885
5623 6201 885
6201 21482 885
21482 1879 885
1879 7881 885
7881 18568 885
18568 8686 885
8686 19216 885
19216 16434 885
16434 7522 885
7522 7677 885
7677 9270 885
9270 16047 885
16047 24053 885
7771 4371 886
4371 21688 886
21688 16139 886
16139 516 886
516 10101 886
10101 8720 886
8720 23818 886
23818 15148 886
15148 18336 886
18336 22975 886
22975 20018 886
20018 18312 886
18312 20666 886
20666 11430 886
11430 6992 886
6992 11871 886
11871 10031 886
10031 2055 886
2055 14174 886
14174 16158 886
16158 7174 886
7174 22147 886
22147 22336 886
22336 12325 886
12325 20957 886
20296 869 887
869 15406 887
15406 13596 887
13596 22758 887
22758 23463 887
23463 19074 887
19074 3499 887
3499 18577 887
18577 3065 887
3065 1942 887
1942 4266 887
4266 12557 887
12557 10189 887
10189 10035 887
10035 21442 887
21442 15643 887
15643 3952 887
3952 4977 887
4977 2695 887
2695 21850 887
21850 6038 887
6038 24627 887
24627 7273 887
7273 15713 887
15713 8551 887
19831 15776 888
15776 16032 888
16032 9864 888
9864 10980 888
10980 4778 888
4778 7950 888
7950 17009 888
17009 12574 888
12574 3383 888
3383 1073 888
1073 11924 888
11924 8849 888
8849 19380 888
19380 17141 888
17141 10069 888
10069 21001 888
21001 14746 888
14746 24304 888
24304 23210 888
23210 12463 888
12463 4717 888
4717 25471 888
25471 9197 888
9197 1321 888
1321 19101 888
19312 14390 889
14390 17924 889
17924 15038 889
15038 23005 889
23005 19196 889
19196 6989 889
6989 2754 889
2754 12068 889
12068 4022 889
4022 24918 889
24918 10631 889
10631 12494 889
12494 2697 889
2697 23907 889
23907 19490 889
19490 11896 889
11896 17770 889
17770 8360 889
8360 11029 889
11029 12426 889
12426 21281 889
21281 20270 889
20270 10389 889
10389 22666 889
22666 16875 889
8163 14143 890
14143 7430 890
7430 13108 890
13108 4698 890
4698 15937 890
15937 2607 890
2607 1765 890
1765 1102 890
1102 7137 890
7137 17146 890
17146 25518 890
25518 11668 890
11668 12976 890
12976 10705 890
10705 7437 890
7437 18115 890
18115 741 890
741 17778 890
17778 2690 890
2690 20799 890
20799 6717 890
6717 17928 890
17928 19710 890
19710 14502 890
14502 24818 890
20722 22787 891
22787 5487 891
5487 25360 891
25360 5091 891
5091 3795 891
3795 8553 891
8553 17350 891
17350 5212 891
5212 4491 891
4491 16661 891
16661 16526 891
16526 1929 891
1929 22422 891
22422 8150 891
8150 6272 891
6272 13992 891
13992 219 891
219 9352 891
9352 24262 891
24262 2035 891
2035 10441 891
10441 18994 891
18994 5539 891
5539 24316 891
24316 4439 891
9996 6173 892
6173 10174 892
10174 15298 892
15298 12854 892
12854 18557 892
18557 21508 892
21508 16641 892
16641 3903 892
3903 13274 892
13274 25153 892
25153 1264 892
1264 1931 892
1931 5312 892
5312 11501 892
11501 13084 892
13084 10451 892
10451 16868 892
16868 19187 892
19187 8853 892
8853 10042 892
10042 22362 892
22362 15140 892
15140 20894 892
20894 10216 892
10216 16589 892
20597 19427 893
19427 17456 893
17456 14168 893
14168 2197 893
2197 4137 893
4137 6339 893
6339 11114 893
11114 7604 893
7604 17668 893
17668 12738 893
12738 18584 893
18584 2359 893
2359 3356 893
3356 18949 893
18949 22593 893
22593 6395 893
6395 15678 893
15678 23356 893
23356 17075 893
17075 12441 893
12441 3234 893
3234 9969 893
9969 6991 893
6991 3689 893
3689 20662 893
18413 8796 894
8796 24657 894
24657 14556 894
14556 1971 894
1971 533 894
533 6767 894
6767 13657 894
13657 4175 894
4175 13334 894
13334 8956 894
8956 12408 894
12408 18577 894
18577 7455 894
7455 25175 894
25175 1182 894
1182 2324 894
2324 20176 894
20176 8322 894
8322 19775 894
19775 3752 894
3752 17508 894
17508 2393 894
2393 9138 894
9138 18041 894
18041 6087 894
10389 4979 895
4979 19654 895
19654 16065 895
16065 20707 895
20707 23672 895
23672 2869 895
2869 4548 895
4548 12635 895
12635 15748 895
15748 18584 895
18584 17139 895
17139 17377 895
17377 21633 895
21633 14618 895
14618 13713 895
13713 6761 895
6761 5899 895
5899 22450 895
22450 21306 895
21306 9068 895
9068 20441 895
20441 20861 895
20861 598 895
598 10846 895
10846 24749 895
3245 12799 896
12799 8172 896
8172 13834 896
13834 17091 896
17091 10768 896
10768 23267 896
23267 6135 896
6135 13277 896
13277 12003 896
12003 19595 896
19595 2680 896
2680 21680 896
21680 24398 896
24398 6930 896
6930 10600 896
10600 5250 896
5250 23572 896
23572 7494 896
7494 16671 896
16671 24423 896
24423 21111 896
21111 14904 896
14904 25624 896
25624 21386 896
21386 20663 896
547 17848 897
17848 17896 897
17896 17068 897
17068 23232 897
23232 10466 897
10466 17485 897
17485 13002 897
13002 6285 897
6285 12891 897
12891 23685 897
23685 9421 897
9421 17579 897
17579 8483 897
8483 3032 897
3032 22347 897
22347 10040 897
10040 1016 897
1016 24363 897
24363 5567 897
5567 8036 897
8036 7814 897
7814 22852 897
22852 20497 897
20497 25908 897
25908 20282 897
9933 13121 898
13121 21744 898
21744 64 898
64 1876 898
1876 3316 898
3316 2058 898
2058 25173 898
25173 25111 898
25111 17577 898
17577 12235 898
12235 7366 898
7366 1476 898
1476 17243 898
17243 5605 898
5605 14238 898
14238 12191 898
12191 19587 898
19587 4049 898
4049 5545 898
5545 18181 898
18181 12950 898
12950 24975 898
24975 2493 898
2493 15430 898
15430 18470 898
7463 2817 899
2817 23845 899
23845 16824 899
16824 22285 899
22285 10760 899
10760 5942 899
5942 8268 899
8268 17135 899
17135 18533 899
18533 25974 899
25974 7053 899
7053 1120 899
1120 9652 899
9652 23684 899
23684 17701 899
17701 29 899
29 15878 899
15878 2076 899
2076 14836 899
14836 22534 899
22534 5569 899
5569 19838 899
19838 677 899
677 3976 899
3976 14291 899
18614 13318 900
13318 25389 900
25389 12729 900
12729 10650 900
10650 20768 900
20768 7472 900
7472 25734 900
25734 16096 900
16096 1269 900
1269 17930 900
17930 24918 900
24918 6347 900
6347 20696 900
20696 6478 900
6478 12128 900
12128 16382 900
16382 3530 900
3530 12645 900
12645 4725 900
4725 7660 900
7660 23335 900
23335 25225 900
25225 3803 900
3803 7260 900
7260 20356 900
7536 9851 901
9851 3104 901
3104 17889 901
17889 8692 901
8692 12797 901
12797 11124 901
11124 22050 901
22050 23000 901
23000 1236 901
1236 16938 901
16938 16115 901
16115 628 901
628 20678 901
20678 24220 901
24220 19335 901
19335 20522 901
20522 17219 901
17219 24098 901
24098 7436 901
7436 12726 901
12726 14601 901
14601 9587 901
9587 16401 901
16401 20273 901
20273 8572 901
2653 7667 902
7667 25979 902
25979 20812 902
20812 8594 902
8594 18391 902
18391 5186 902
5186 7703 902
7703 4556 902
4556 1862 902
1862 16961 902
16961 25290 902
25290 393 902
393 6827 902
6827 12752 902
12752 20945 902
20945 16382 902
16382 17163 902
17163 3477 902
3477 21296 902
21296 5519 902
5519 7283 902
7283 24132 902
24132 5096 902
5096 8142 902
8142 14761 902
9336 2953 903
2953 3253 903
3253 24272 903
24272 865 903
865 24693 903
24693 14184 903
14184 12447 903
12447 724 903
724 5257 903
5257 21582 903
21582 3876 903
3876 7029 903
7029 3896 903
3896 18356 903
18356 5474 903
5474 12243 903
12243 17262 903
17262 13157 903
13157 13324 903
13324 19358 903
19358 9710 903
9710 10261 903
10261 18136 903
18136 13357 903
13357 22846 903
15481 2516 904
2516 5798 904
5798 10956 904
10956 15335 904
15335 9877 904
9877 14978 904
14978 4169 904
4169 7295 904
7295 20835 904
20835 15741 904
15741 9951 904
9951 24474 904
24474 8625 904
8625 9217 904
9217 9801 904
9801 25446 904
25446 25862 904
25862 19773 904
19773 1601 904
1601 20694 904
20694 9354 904
9354 2468 904
2468 19766 904
19766 11466 904
11466 15917 904
21761 10380 905
10380 2981 905
2981 1739 905
1739 18330 905
18330 19102 905
19102 1786 905
1786 4807 905
4807 7231 905
7231 11440 905
11440 17369 905
17369 23057 905
23057 24327 905
24327 13409 905
13409 10840 905
10840 24462 905
24462 11400 905
11400 10258 905
10258 24469 905
24469 19825 905
19825 16368 905
16368 24804 905
24804 11639 905
11639 8046 905
8046 3051 905
3051 7658 905
17016 642 906
642 25100 906
25100 413 906
413 13164 906
13164 22517 906
22517 19355 906
19355 730 906
730 8045 906
8045 19253 906
19253 2006 906
2006 16647 906
16647 20078 906
20078 153 906
153 17118 906
17118 2386 906
2386 13803 906
13803 10477 906
10477 18682 906
18682 14859 906
14859 22283 906
22283 18632 906
18632 9289 906
9289 22580 906
22580 21471 906
21471 8587 906
19739 19230 907
19230 5548 907
5548 3067 907
3067 10505 907
10505 9882 907
9882 2193 907
2193 18805 907
18805 19519 907
19519 25712 907
25712 21446 907
21446 25014 907
25014 17402 907
17402 23950 907
23950 412 907
412 11105 907
11105 22864 907
22864 17463 907
17463 1703 907
1703 21922 907
21922 8185 907
8185 12361 907
12361 5733 907
5733 8527 907
8527 25337 907
25337 8485 907
23742 24849 908
24849 15381 908
15381 5149 908
5149 6043 908
6043 24400 908
24400 11319 908
11319 1609 908
1609 16613 908
16613 17530 908
17530 22160 908
22160 13242 908
13242 23539 908
23539 13170 908
13170 22318 908
22318 23326 908
23326 25698 908
25698 13532 908
13532 23768 908
23768 6888 908
6888 7120 908
7120 6434 908
6434 19972 908
19972 14899 908
14899 24373 908
24373 4982 908
7929 2343 909
2343 18522 909
18522 12808 909
12808 24465 909
24465 24271 909
24271 12774 909
12774 1596 909
1596 23075 909
23075 15523 909
15523 19545 909
19545 3584 909
3584 7899 909
7899 2835 909
2835 24730 909
24730 4773 909
4773 20530 909
20530 7154 909
7154 11117 909
11117 7976 909
7976 4188 909
4188 17509 909
17509 7744 909
7744 24303 909
24303 6378 909
6378 23072 909
21391 11273 910
11273 14196 910
14196 11737 910
11737 23078 910
23078 6019 910
6019 2262 910
2262 20118 910
20118 24827 910
24827 21120 910
21120 2765 910
2765 23837 910
23837 16671 910
16671 17173 910
17173 17249 910
17249 4193 910
4193 13049 910
13049 17010 910
17010 14684 910
14684 12384 910
12384 14090 910
14090 2107 910
2107 21780 910
21780 24879 910
24879 25340 910
25340 18460 910
978 19063 911
19063 22145 911
22145 16634 911
16634 959 911
959 25773 911
25773 16152 911
16152 7015 911
7015 14752 911
14752 17467 911
17467 19099 911
19099 9353 911
9353 2265 911
2265 17371 911
17371 16513 911
16513 12520 911
12520 20641 911
20641 8652 911
8652 9129 911
9129 5668 911
5668 17748 911
17748 16298 911
16298 12931 911
12931 15590 911
15590 25346 911
25346 21140 911
19915 10085 912
10085 17019 912
17019 11664 912
11664 9167 912
9167 9241 912
9241 17285 912
17285 5968 912
5968 8901 912
8901 20976 912
20976 5156 912
5156 13748 912
13748 4194 912
4194 13974 912
13974 10995 912
10995 12416 912
12416 950 912
950 18558 912
18558 7520 912
7520 6587 912
6587 12899 912
12899 12323 912
12323 19040 912
19040 14629 912
14629 13193 912
13193 191 912
4039 16070 913
16070 19312 913
19312 13427 913
13427 25054 913
25054 22513 913
22513 5620 913
5620 24480 913
24480 16998 913
16998 13028 913
13028 23058 913
23058 7981 913
7981 7039 913
7039 2687 913
2687 18881 913
18881 7294 913
7294 7233 913
7233 5905 913
5905 2048 913
2048 10646 913
10646 13476 913
13476 18758 913
18758 11582 913
11582 4901 913
4901 2196 913
2196 11462 913
10156 12196 914
12196 1472 914
1472 21331 914
21331 5511 914
5511 19519 914
19519 23093 914
23093 8591 914
8591 10613 914
10613 16568 914
16568 22661 914
22661 15624 914
15624 5215 914
5215 22332 914
22332 3220 914
3220 7352 914
7352 16731 914
16731 16378 914
16378 7429 914
7429 17108 914
17108 16000 914
16000 468 914
468 18368 914
18368 24071 914
24071 23219 914
23219 7654 914
1260 4115 915
4115 8196 915
8196 20592 915
20592 19603 915
19603 10075 915
10075 21277 915
21277 179 915
179 21466 915
21466 14957 915
14957 3959 915
3959 22420 915
22420 5178 915
5178 13669 915
13669 13962 915
13962 6478 915
6478 17067 915
17067 25457 915
25457 22870 915
22870 2753 915
2753 21580 915
21580 8482 915
8482 4285 915
4285 16862 915
16862 20082 915
20082 20119 915
6771 4087 916
4087 562 916
562 25519 916
25519 20727 916
20727 23791 916
23791 12584 916
12584 3012 916
3012 6065 916
6065 25539 916
25539 21528 916
21528 11839 916
11839 25802 916
25802 17799 916
17799 23556 916
23556 13543 916
13543 11398 916
11398 21905 916
21905 2298 916
2298 3360 916
3360 7008 916
7008 25096 916
25096 10271 916
10271 3750 916
3750 695 916
695 2660 916
6753 4295 917
4295 963 917
963 18184 917
18184 4008 917
4008 13087 917
13087 14068 917
14068 9192 917
9192 3906 917
3906 21416 917
21416 15358 917
15358 17985 917
17985 5226 917
5226 1535 917
1535 3933 917
3933 10476 917
10476 16945 917
16945 604 917
604 21609 917
21609 25 917
25 2166 917
2166 14000 917
14000 4467 917
4467 14788 917
14788 15425 917
15425 10050 917
22739 13206 918
13206 11004 918
11004 12121 918
12121 16488 918
16488 10619 918
10619 7687 918
7687 9763 918
9763 13032 918
13032 12953 918
12953 13719 918
13719 8171 918
8171 8136 918
8136 25394 918
25394 1238 918
1238 11349 918
11349 18853 918
18853 1420 918
1420 12122 918
12122 22760 918
22760 23636 918
23636 17711 918
17711 13564 918
13564 22885 918
22885 14264 918
14264 8448 918
14700 14760 919
14760 16418 919
16418 24134 919
24134 20156 919
20156 24138 919
24138 9996 919
9996 7199 919
7199 21387 919
21387 9218 919
9218 25719 919
25719 6735 919
6735 25954 919
25954 11057 919
11057 24535 919
24535 13591 919
13591 24542 919
24542 12318 919
12318 5085 919
5085 1345 919
1345 4221 919
4221 24135 919
24135 6886 919
6886 23928 919
23928 7232 919
7232 20852 919
12924 5228 920
5228 12033 920
12033 10877 920
10877 6159 920
6159 14788 920
14788 3749 920
3749 21724 920
21724 19664 920
19664 15178 920
15178 21824 920
21824 9459 920
9459 14102 920
14102 20362 920
20362 25455 920
25455 3030 920
3030 21211 920
21211 23772 920
23772 4877 920
4877 11165 920
11165 14463 920
14463 2023 920
2023 9607 920
9607 8975 920
8975 8649 920
8649 1670 920
11221 8373 921
8373 5468 921
5468 11993 921
11993 6169 921
6169 1587 921
1587 24312 921
24312 17836 921
17836 7724 921
7724 3279 921
3279 18066 921
18066 23951 921
23951 4199 921
4199 12409 921
12409 6542 921
6542 13513 921
13513 15851 921
15851 7280 921
7280 20196 921
20196 18089 921
18089 11445 921
11445 15466 921
15466 22642 921
22642 9175 921
9175 9684 921
9684 6817 921
886 269 922
269 22045 922
22045 16822 922
16822 23456 922
23456 15225 922
15225 3274 922
3274 309 922
309 10995 922
10995 20953 922
20953 3792 922
3792 7969 922
7969 18666 922
18666 5484 922
5484 25837 922
25837 16283 922
16283 87 922
87 22823 922
22823 17701 922
17701 17295 922
17295 24959 922
24959 14449 922
14449 6693 922
6693 22450 922
22450 18356 922
18356 18314 922
1212 5838 923
5838 13875 923
13875 9021 923
9021 6853 923
6853 20406 923
20406 4223 923
4223 5328 923
5328 4833 923
4833 8346 923
8346 13974 923
13974 25898 923
25898 20753 923
20753 14090 923
14090 11287 923
11287 14876 923
14876 2920 923
2920 6109 923
6109 10012 923
10012 15494 923
15494 12392 923
12392 1351 923
1351 6146 923
6146 21090 923
21090 10544 923
10544 19737 923
16024 3628 924
3628 7789 924
7789 24056 924
24056 3804 924
3804 15353 924
15353 7322 924
7322 6096 924
6096 24326 924
24326 3637 924
3637 13126 924
13126 328 924
328 96 924
96 532 924
532 4116 924
4116 13342 924
13342 12545 924
12545 24669 924
24669 21657 924
21657 23484 924
23484 9337 924
9337 4028 924
4028 10271 924
10271 3416 924
3416 7386 924
7386 16155 924
10889 7714 925
7714 7380 925
7380 13058 925
13058 3549 925
3549 10179 925
10179 12328 925
12328 1842 925
1842 16997 925
16997 18232 925
18232 3741 925
3741 24428 925
24428 23949 925
23949 119 925
119 11132 925
11132 2013 925
2013 25195 925
25195 22815 925
22815 11240 925
11240 10903 925
10903 17412 925
17412 7694 925
7694 8258 925
8258 9417 925
9417 16069 925
16069 14595 925
1240 11515 926
11515 5056 926
5056 8561 926
8561 3396 926
3396 15960 926
15960 16439 926
16439 18896 926
18896 23966 926
23966 15637 926
15637 917 926
917 20209 926
20209 9372 926
9372 19718 926
19718 7099 926
7099 12783 926
12783 3454 926
3454 9921 926
9921 4030 926
4030 17386 926
17386 24348 926
24348 25378 926
25378 20323 926
20323 24669 926
24669 22652 926
22652 1734 926
13219 22747 927
22747 24216 927
24216 19286 927
19286 13997 927
13997 22920 927
22920 5976 927
5976 13269 927
13269 10440 927
10440 25773 927
25773 14663 927
14663 11265 927
11265 16838 927
16838 11114 927
11114 13007 927
13007 7067 927
7067 11048 927
11048 4266 927
4266 22604 927
22604 19225 927
19225 24645 927
24645 22885 927
22885 9592 927
9592 9946 927
9946 15649 927
15649 24865 927
9491 25373 928
25373 23551 928
23551 10865 928
10865 23141 928
23141 21333 928
21333 10054 928
10054 11239 928
11239 16630 928
16630 9382 928
9382 5752 928
5752 1122 928
1122 3809 928
3809 19298 928
19298 325 928
325 16874 928
16874 18685 928
18685 6215 928
6215 16845 928
16845 25031 928
25031 11877 928
11877 21781 928
21781 7510 928
7510 1980 928
1980 17932 928
17932 24690 928
22743 5681 929
5681 4571 929
4571 20533 929
20533 863 929
863 16063 929
16063 6006 929
6006 10216 929
10216 20362 929
20362 7400 929
7400 9309 929
9309 17969 929
17969 16632 929
16632 3621 929
3621 2337 929
2337 5548 929
5548 12071 929
12071 2214 929
2214 12283 929
12283 20032 929
20032 1103 929
1103 9608 929
9608 14594 929
14594 7644 929
7644 12378 929
12378 11988 929
11121 3697 930
3697 20500 930
20500 10731 930
10731 5532 930
5532 7289 930
7289 308 930
308 21173 930
21173 5867 930
5867 6629 930
6629 274 930
274 21119 930
21119 1657 930
1657 15230 930
15230 21413 930
21413 6053 930
6053 5295 930
5295 4894 930
4894 16246 930
16246 24141 930
24141 13241 930
13241 10478 930
10478 5419 930
5419 19419 930
19419 4552 930
4552 3802 930
8979 17895 931
17895 17448 931
17448 16636 931
16636 16104 931
16104 24262 931
24262 4467 931
4467 12144 931
12144 24649 931
24649 10549 931
10549 19614 931
19614 17053 931
17053 23539 931
23539 11838 931
11838 24954 931
24954 5583 931
5583 7431 931
7431 23920 931
23920 24131 931
24131 25229 931
25229 7501 931
7501 8346 931
8346 20590 931
20590 21765 931
21765 23360 931
23360 22066 931
18314 22291 932
22291 17617 932
17617 11269 932
11269 24459 932
24459 21029 932
21029 6727 932
6727 24131 932
24131 10164 932
10164 2069 932
2069 25685 932
25685 19815 932
19815 22437 932
22437 6145 932
6145 6973 932
6973 9901 932
9901 23454 932
23454 8435 932
8435 17500 932
17500 21907 932
21907 19790 932
19790 9740 932
9740 10984 932
10984 11786 932
11786 12400 932
12400 15247 932
20673 25019 933
25019 7533 933
7533 24369 933
24369 18910 933
18910 3656 933
3656 13012 933
13012 3918 933
3918 14731 933
14731 25965 933
25965 333 933
333 1381 933
1381 21157 933
21157 22332 933
22332 6818 933
6818 20889 933
20889 9324 933
9324 3188 933
3188 1770 933
1770 12532 933
12532 7373 933
7373 7633 933
7633 18652 933
18652 16177 933
16177 17391 933
17391 20314 933
3649 24560 934
24560 10786 934
10786 23428 934
23428 4642 934
4642 19464 934
19464 24245 934
24245 16836 934
16836 25225 934
25225 13616 934
13616 9673 934
9673 11338 934
11338 7497 934
7497 12228 934
12228 1566 934
1566 23549 934
23549 3512 934
3512 14298 934
14298 21100 934
21100 18147 934
18147 9388 934
9388 20834 934
20834 22370 934
22370 2275 934
2275 14815 934
14815 18475 934
14902 24974 935
24974 18114 935
18114 13527 935
13527 18999 935
18999 12977 935
12977 7815 935
7815 2331 935
2331 805 935
805 21313 935
21313 18708 935
18708 2279 935
2279 23207 935
23207 21830 935
21830 1879 935
1879 6206 935
6206 1150 935
1150 2223 935
2223 24516 935
24516 19394 935
19394 1254 935
1254 17988 935
17988 10528 935
10528 23301 935
23301 4588 935
4588 19646 935
18717 18834 936
18834 12882 936
12882 5738 936
5738 20443 936
20443 20700 936
20700 25181 936
25181 11902 936
11902 18311 936
18311 16481 936
16481 18229 936
18229 9737 936
9737 7530 936
7530 22388 936
22388 6575 936
6575 21755 936
21755 23946 936
23946 15534 936
15534 13875 936
13875 24935 936
24935 19856 936
19856 16428 936
16428 9405 936
9405 16177 936
16177 5778 936
5778 16927 936
24819 21206 937
21206 3108 937
3108 152 937
152 8340 937
8340 23615 937
23615 3804 937
3804 10161 937
10161 14133 937
14133 2272 937
2272 10239 937
10239 14472 937
14472 12049 937
12049 5874 937
5874 21894 937
21894 168 937
168 19788 937
19788 22624 937
22624 21328 937
21328 14008 937
14008 3290 937
3290 13139 937
13139 24751 937
24751 22422 937
22422 23891 937
23891 16121 937
20700 2251 938
2251 3699 938
3699 9091 938
9091 25921 938
25921 24868 938
24868 23414 938
23414 1579 938
1579 20300 938
20300 25652 938
25652 18418 938
18418 7409 938
7409 2378 938
2378 7396 938
7396 636 938
636 17865 938
17865 8605 938
8605 7010 938
7010 10068 938
10068 10862 938
10862 22921 938
22921 13621 938
13621 9921 938
9921 13191 938
13191 13876 938
13876 16835 938
19464 23757 939
23757 1785 939
1785 1987 939
1987 7330 939
7330 9001 939
9001 2554 939
2554 23649 939
23649 2127 939
2127 1358 939
1358 10564 939
10564 4418 939
4418 20147 939
20147 11447 939
11447 16734 939
16734 161 939
161 10760 939
10760 6783 939
6783 20599 939
20599 21391 939
21391 23692 939
23692 20728 939
20728 22324 939
22324 24277 939
24277 10679 939
10679 11258 939
13891 3004 940
3004 5793 940
5793 24782 940
24782 14856 940
14856 15962 940
15962 8414 940
8414 19024 940
19024 7517 940
7517 4855 940
4855 20285 940
20285 8988 940
8988 12474 940
12474 675 940
675 16129 940
16129 25691 940
25691 2377 940
2377 24077 940
24077 17192 940
17192 14216 940
14216 16778 940
16778 19761 940
19761 4628 940
4628 14226 940
14226 16305 940
16305 6037 940
13947 11349 941
11349 13275 941
13275 7466 941
7466 15499 941
15499 11259 941
11259 13499 941
13499 24476 941
24476 931 941
931 1537 941
1537 22863 941
22863 7857 941
7857 20797 941
20797 21147 941
21147 12067 941
12067 18298 941
18298 1622 941
1622 17068 941
17068 567 941
567 21066 941
21066 7320 941
7320 4550 941
4550 4601 941
4601 14972 941
14972 12726 941
12726 6508 941
22933 4804 942
4804 1408 942
1408 6095 942
6095 7114 942
7114 9507 942
9507 19498 942
19498 15836 942
15836 25006 942
25006 8600 942
8600 12287 942
12287 22077 942
22077 10957 942
10957 4409 942
4409 24179 942
24179 19940 942
19940 5452 942
5452 9020 942
9020 20862 942
20862 5242 942
5242 1159 942
1159 12575 942
12575 23146 942
23146 11566 942
11566 22062 942
22062 8922 942
5258 21206 943
21206 10408 943
10408 1439 943
1439 11492 943
11492 23579 943
23579 7726 943
7726 19766 943
19766 19573 943
19573 25659 943
25659 115 943
115 1383 943
1383 25717 943
25717 8408 943
8408 11633 943
11633 7388 943
7388 10705 943
10705 11746 943
11746 2953 943
2953 25867 943
25867 9658 943
9658 8032 943
8032 10633 943
10633 10855 943
10855 8928 943
8928 16609 943
19917 8470 944
8470 375 944
375 23524 944
23524 21540 944
21540 17639 944
17639 15857 944
15857 17114 944
17114 18676 944
18676 17421 944
17421 19864 944
19864 591 944
591 8453 944
8453 9328 944
9328 16814 944
16814 2594 944
2594 14265 944
14265 6148 944
6148 18133 944
18133 1651 944
1651 12916 944
12916 16251 944
16251 2660 944
2660 17378 944
17378 7468 944
7468 15015 944
2761 12454 945
12454 11031 945
11031 11598 945
11598 8349 945
8349 8331 945
8331 13477 945
13477 22648 945
22648 6284 945
6284 20170 945
20170 6666 945
6666 20748 945
20748 11633 945
11633 22091 945
22091 13346 945
13346 8905 945
8905 6184 945
6184 8887 945
8887 7589 945
7589 9557 945
9557 214 945
214 3905 945
3905 2601 945
2601 19805 945
19805 15678 945
15678 25107 945
16550 4441 946
4441 14805 946
14805 15927 946
15927 3429 946
3429 7245 946
7245 15056 946
15056 25843 946
25843 4619 946
4619 23398 946
23398 14396 946
14396 4178 946
4178 19181 946
19181 6981 946
6981 23290 946
23290 11471 946
11471 6393 946
6393 11450 946
11450 20490 946
20490 19423 946
19423 10891 946
10891 17962 946
17962 871 946
871 488 946
488 968 946
968 23973 946
8138 2680 947
2680 5252 947
5252 11649 947
11649 9249 947
9249 15943 947
15943 14859 947
14859 19029 947
19029 14219 947
14219 12755 947
12755 18334 947
18334 3387 947
3387 3343 947
3343 22693 947
22693 15842 947
15842 19371 947
19371 4801 947
4801 6322 947
6322 9892 947
9892 18784 947
18784 23894 947
23894 21364 947
21364 4111 947
4111 18003 947
18003 15912 947
15912 19687 947
11778 11636 948
11636 23412 948
23412 19315 948
19315 9977 948
9977 22406 948
22406 21191 948
21191 9270 948
9270 20255 948
20255 23558 948
23558 22439 948
22439 19881 948
19881 24320 948
24320 25064 948
25064 14423 948
14423 19622 948
19622 19173 948
19173 5184 948
5184 19740 948
19740 12880 948
12880 13855 948
13855 9689 948
9689 7325 948
7325 13409 948
13409 9593 948
9593 13510 948
15819 5988 949
5988 4020 949
4020 17460 949
17460 3633 949
3633 10390 949
10390 16883 949
16883 740 949
740 24513 949
24513 11482 949
11482 11221 949
11221 18567 949
18567 21299 949
21299 20822 949
20822 9720 949
9720 16526 949
16526 5929 949
5929 19675 949
19675 20623 949
20623 15831 949
15831 23207 949
23207 2081 949
2081 18009 949
18009 15487 949
15487 12702 949
12702 5729 949
8930 17499 950
17499 24669 950
24669 12529 950
12529 11086 950
11086 20430 950
20430 11473 950
11473 15253 950
15253 10911 950
10911 19307 950
19307 10833 950
10833 23612 950
23612 20168 950
20168 10027 950
10027 19896 950
19896 3520 950
3520 4628 950
4628 24718 950
24718 183 950
183 19434 950
19434 9548 950
9548 701 950
701 19319 950
19319 17163 950
17163 12654 950
12654 24411 950
12938 776 951
776 14788 951
14788 20221 951
20221 10654 951
10654 21402 951
21402 23045 951
23045 11752 951
11752 23393 951
23393 10252 951
10252 14384 951
14384 17129 951
17129 5804 951
5804 6903 951
6903 12049 951
12049 19437 951
19437 19340 951
19340 9370 951
9370 5577 951
5577 20265 951
20265 2357 951
2357 24829 951
24829 21205 951
21205 7160 951
7160 13367 951
13367 25092 951
22009 18457 952
18457 25819 952
25819 19454 952
19454 6385 952
6385 3504 952
3504 7682 952
7682 17030 952
17030 15560 952
15560 12501 952
12501 19042 952
19042 12838 952
12838 4302 952
4302 2656 952
2656 22564 952
22564 2568 952
2568 1834 952
1834 24220 952
24220 5261 952
5261 24983 952
24983 1052 952
1052 9714 952
9714 25951 952
25951 13945 952
13945 18621 952
18621 19327 952
24612 22149 953
22149 7057 953
7057 19593 953
19593 2354 953
2354 24796 953
24796 7232 953
7232 2788 953
2788 4187 953
4187 8623 953
8623 3632 953
3632 8534 953
8534 8235 953
8235 10542 953
10542 22220 953
22220 21741 953
21741 23560 953
23560 17697 953
17697 5172 953
5172 10476 953
10476 15795 953
15795 9034 953
9034 3406 953
3406 22395 953
22395 12450 953
12450 20794 953
21528 22078 954
22078 17781 954
17781 22625 954
22625 12216 954
12216 8606 954
8606 5 954
5 6149 954
6149 12522 954
12522 12030 954
12030 18711 954
18711 16277 954
16277 19672 954
19672 19873 954
19873 7928 954
7928 7018 954
7018 23644 954
23644 12334 954
12334 21793 954
21793 3056 954
3056 10683 954
10683 3063 954
3063 878 954
878 21114 954
21114 17892 954
17892 21936 954
7434 12451 955
12451 17162 955
17162 24689 955
24689 15423 955
15423 4150 955
4150 12049 955
12049 20893 955
20893 15667 955
15667 4323 955
4323 4471 955
4471 14063 955
14063 6107 955
6107 1874 955
1874 21494 955
21494 8638 955
8638 15298 955
15298 24276 955
24276 4561 955
4561 24691 955
24691 19824 955
19824 5032 955
5032 1872 955
1872 12722 955
12722 16795 955
16795 6442 955
3227 4034 956
4034 6576 956
6576 6659 956
6659 18811 956
18811 11513 956
11513 23794 956
23794 14756 956
14756 6080 956
6080 6407 956
6407 15387 956
15387 13998 956
13998 11809 956
11809 14208 956
14208 12908 956
12908 12942 956
12942 11419 956
11419 25162 956
25162 16067 956
16067 2691 956
2691 21492 956
21492 9665 956
9665 6716 956
6716 12852 956
12852 584 956
584 20122 956
18572 21712 957
21712 806 957
806 16107 957
16107 21363 957
21363 24418 957
24418 4633 957
4633 8135 957
8135 22737 957
22737 17617 957
17617 17944 957
17944 20256 957
20256 1645 957
1645 5078 957
5078 6793 957
6793 880 957
880 4594 957
4594 3503 957
3503 25078 957
25078 10191 957
10191 14563 957
14563 8005 957
8005 4347 957
4347 7894 957
7894 20321 957
20321 25698 957
16833 23438 958
23438 24085 958
24085 2045 958
2045 13706 958
13706 17907 958
17907 8060 958
8060 15939 958
15939 1548 958
1548 8059 958
8059 8615 958
8615 17016 958
17016 564 958
564 748 958
748 13848 958
13848 1591 958
1591 18224 958
18224 20636 958
20636 6001 958
6001 5072 958
5072 1247 958
1247 5449 958
5449 22086 958
22086 22306 958
22306 20930 958
20930 8723 958
17797 23381 959
23381 2259 959
2259 14411 959
14411 13813 959
13813 19571 959
19571 2242 959
2242 8875 959
8875 23267 959
23267 14812 959
14812 19750 959
19750 14150 959
14150 4859 959
4859 9736 959
9736 371 959
371 2105 959
2105 14214 959
14214 11591 959
11591 25806 959
25806 18263 959
18263 17934 959
17934 6932 959
6932 21106 959
21106 17456 959
17456 9771 959
9771 3189 959
3186 11471 960
11471 20634 960
20634 3815 960
3815 8003 960
8003 21159 960
21159 24393 960
24393 18039 960
18039 19333 960
19333 14711 960
14711 24729 960
24729 210 960
210 3269 960
3269 20673 960
20673 13475 960
13475 10382 960
10382 3292 960
3292 17533 960
17533 20400 960
20400 2303 960
2303 11675 960
11675 21278 960
21278 14184 960
14184 1052 960
1052 7179 960
7179 8776 960
9433 5141 961
5141 16444 961
16444 22621 961
22621 16072 961
16072 13999 961
13999 20066 961
20066 24096 961
24096 21572 961
21572 12237 961
12237 15442 961
15442 16365 961
16365 12863 961
12863 1370 961
1370 4582 961
4582 12088 961
12088 7784 961
7784 15857 961
15857 7528 961
7528 5954 961
5954 12756 961
12756 311 961
311 25309 961
25309 24163 961
24163 20485 961
20485 13303 961
13668 1929 962
1929 20875 962
20875 13916 962
13916 20721 962
20721 10839 962
10839 2210 962
2210 21085 962
21085 19698 962
19698 25582 962
25582 5829 962
5829 21280 962
21280 23380 962
23380 18886 962
18886 24838 962
24838 19173 962
19173 4023 962
4023 9605 962
9605 3723 962
3723 1621 962
1621 2904 962
2904 24493 962
24493 13534 962
13534 13604 962
13604 20305 962
20305 12715 962
25627 4272 963
4272 15176 963
15176 1618 963
1618 4267 963
4267 14691 963
14691 20689 963
20689 14204 963
14204 21593 963
21593 2224 963
2224 10469 963
10469 23213 963
23213 19638 963
19638 13242 963
13242 1719 963
1719 23509 963
23509 20598 963
20598 11867 963
11867 16293 963
16293 6051 963
6051 5869 963
5869 21626 963
21626 1423 963
1423 13345 963
13345 25529 963
25529 2395 963
21465 25249 964
25249 14174 964
14174 4556 964
4556 19305 964
19305 3628 964
3628 20874 964
20874 4494 964
4494 20154 964
20154 5238 964
5238 22974 964
22974 20399 964
20399 10254 964
10254 3132 964
3132 1687 964
1687 3962 964
3962 9249 964
9249 9432 964
9432 15487 964
15487 9191 964
9191 22110 964
22110 16573 964
16573 24028 964
24028 23940 964
23940 9724 964
9724 22434 964
18004 555 965
555 22079 965
22079 13420 965
13420 21506 965
21506 5657 965
5657 23608 965
23608 16068 965
16068 18177 965
18177 5450 965
5450 25527 965
25527 13776 965
13776 4445 965
4445 12069 965
12069 22120 965
22120 13643 965
13643 1871 965
1871 20518 965
20518 18688 965
18688 4587 965
4587 14892 965
14892 20543 965
20543 21097 965
21097 11702 965
11702 3388 965
3388 2106 965
19591 9953 966
9953 10139 966
10139 24001 966
24001 20089 966
20089 8005 966
8005 17490 966
17490 4273 966
4273 11982 966
11982 13127 966
13127 7510 966
7510 13676 966
13676 9200 966
9200 7150 966
7150 9319 966
9319 21896 966
21896 6613 966
6613 10679 966
10679 20040 966
20040 20461 966
20461 23675 966
23675 24335 966
24335 10963 966
10963 19079 966
19079 9992 966
9992 10320 966
12112 12460 967
12460 19414 967
19414 2319 967
2319 23376 967
23376 15070 967
15070 22795 967
22795 19248 967
19248 19150 967
19150 19342 967
19342 6603 967
6603 2466 967
2466 22956 967
22956 23805 967
23805 11605 967
11605 5152 967
5152 11426 967
11426 24906 967
24906 12337 967
12337 7609 967
7609 21296 967
21296 130 967
130 6087 967
6087 6355 967
6355 9772 967
9772 12946 967
24301 20926 968
20926 14586 968
14586 6570 968
6570 10914 968
10914 1203 968
1203 20090 968
20090 2288 968
2288 8037 968
8037 1781 968
1781 15339 968
15339 9983 968
9983 17895 968
17895 21191 968
21191 24203 968
24203 14584 968
14584 8140 968
8140 15203 968
15203 22400 968
22400 16995 968
16995 4595 968
4595 8409 968
8409 21319 968
21319 11351 968
11351 3512 968
3512 18142 968
25768 7245 969
7245 622 969
622 25552 969
25552 21997 969
21997 19978 969
19978 21257 969
21257 25894 969
25894 25409 969
25409 21410 969
21410 13666 969
13666 20697 969
20697 8849 969
8849 11341 969
11341 4687 969
4687 15252 969
15252 19737 969
19737 22238 969
22238 20359 969
20359 11655 969
11655 18722 969
18722 7362 969
7362 15721 969
15721 15303 969
15303 16342 969
16342 9625 969
21495 17844 970
17844 16675 970
16675 22768 970
22768 8943 970
8943 6529 970
6529 19241 970
19241 22509 970
22509 5198 970
5198 172 970
172 12069 970
12069 3170 970
3170 21009 970
21009 472 970
472 25528 970
25528 3921 970
3921 23921 970
23921 14301 970
14301 8803 970
8803 13391 970
13391 9815 970
9815 4637 970
4637 19867 970
19867 15155 970
15155 14464 970
14464 11798 970
3776 10412 971
10412 6273 971
6273 18880 971
18880 5140 971
5140 2711 971
2711 9793 971
9793 6305 971
6305 1312 971
1312 25604 971
25604 2487 971
2487 23626 971
23626 17462 971
17462 12068 971
12068 21775 971
21775 20713 971
20713 11176 971
11176 17225 971
17225 9427 971
9427 21931 971
21931 850 971
850 6272 971
6272 11304 971
11304 5199 971
5199 7282 971
7282 9940 971
25941 5457 972
5457 9629 972
9629 17214 972
17214 25632 972
25632 22951 972
22951 2762 972
2762 19539 972
19539 17179 972
17179 2473 972
2473 17394 972
17394 20512 972
20512 22666 972
22666 15111 972
15111 14274 972
14274 13514 972
13514 23721 972
23721 2434 972
2434 7882 972
7882 19542 972
19542 9983 972
9983 15082 972
15082 23985 972
23985 19461 972
19461 21447 972
21447 12196 972
20684 3168 973
3168 3951 973
3951 10466 973
10466 11133 973
11133 24710 973
24710 19256 973
19256 23119 973
23119 4279 973
4279 13237 973
13237 9788 973
9788 5115 973
5115 3726 973
3726 15475 973
15475 12473 973
12473 18817 973
18817 15957 973
15957 22 973
22 20137 973
20137 3146 973
3146 19662 973
19662 14487 973
14487 19824 973
19824 15501 973
15501 9230 973
9230 7460 973
8697 12873 974
12873 12432 974
12432 21330 974
21330 1462 974
1462 20303 974
20303 16575 974
16575 17950 974
17950 1212 974
1212 7519 974
7519 16389 974
16389 9847 974
9847 6244 974
6244 14350 974
14350 20654 974
20654 25562 974
25562 22891 974
22891 19769 974
19769 22945 974
22945 9511 974
9511 22178 974
22178 13275 974
13275 21744 974
21744 1179 974
1179 3091 974
3091 1499 974
16601 3119 975
3119 6828 975
6828 6852 975
6852 4128 975
4128 15884 975
15884 16911 975
16911 5834 975
5834 1870 975
1870 20021 975
20021 8591 975
8591 13426 975
13426 19242 975
19242 5745 975
5745 18262 975
18262 6644 975
6644 22094 975
22094 1051 975
1051 2905 975
2905 1650 975
1650 15119 975
15119 5885 975
5885 23681 975
23681 7539 975
7539 14098 975
14098 12231 975
8130 9970 976
9970 17767 976
17767 25064 976
25064 10703 976
10703 21204 976
21204 7765 976
7765 25527 976
25527 14872 976
14872 17727 976
17727 24389 976
24389 5287 976
5287 20534 976
20534 4791 976
4791 25505 976
25505 17479 976
17479 12503 976
12503 11040 976
11040 5637 976
5637 24849 976
24849 6096 976
6096 9636 976
9636 2324 976
2324 3896 976
3896 23392 976
23392 2774 976
4242 8742 977
8742 23293 977
23293 10706 977
10706 18854 977
18854 11933 977
11933 23240 977
23240 23869 977
23869 20990 977
20990 15042 977
15042 8758 977
8758 20245 977
20245 13332 977
13332 22010 977
22010 25251 977
25251 24705 977
24705 1943 977
1943 4687 977
4687 4814 977
4814 14287 977
14287 16320 977
16320 20609 977
20609 18206 977
18206 2126 977
2126 25695 977
25695 6973 977
17768 5629 978
5629 25325 978
25325 10395 978
10395 10645 978
10645 2858 978
2858 19382 978
19382 21327 978
21327 5275 978
5275 22313 978
22313 25964 978
25964 13341 978
13341 3690 978
3690 11369 978
11369 7181 978
7181 1850 978
1850 24434 978
24434 24253 978
24253 24895 978
24895 24380 978
24380 23162 978
23162 1900 978
1900 24911 978
24911 19794 978
19794 7925 978
7925 21992 978
2128 21156 979
21156 6263 979
6263 8215 979
8215 16817 979
16817 12807 979
12807 769 979
769 3844 979
3844 5772 979
5772 17018 979
17018 16213 979
16213 15995 979
15995 5755 979
5755 14599 979
14599 12967 979
12967 23457 979
23457 13933 979
13933 19969 979
19969 70 979
70 21369 979
21369 2155 979
2155 13909 979
13909 20663 979
20663 24824 979
24824 23438 979
23438 16721 979
22953 13172 980
13172 20740 980
20740 18578 980
18578 24124 980
24124 24270 980
24270 13672 980
13672 20303 980
20303 14192 980
14192 13459 980
13459 20794 980
20794 12580 980
12580 8237 980
8237 7723 980
7723 3364 980
3364 10348 980
10348 6748 980
6748 21352 980
21352 9067 980
9067 2930 980
2930 8626 980
8626 20237 980
20237 2672 980
2672 4146 980
4146 3515 980
3515 13093 980
17260 6282 981
6282 25340 981
25340 7256 981
7256 15338 981
15338 18237 981
18237 1609 981
1609 7819 981
7819 21394 981
21394 1135 981
1135 2818 981
2818 20154 981
20154 16082 981
16082 13335 981
13335 12376 981
12376 11640 981
11640 4875 981
4875 8002 981
8002 24166 981
24166 5359 981
5359 11861 981
11861 24869 981
24869 17128 981
17128 13019 981
13019 25349 981
25349 14589 981
4529 12865 982
12865 4153 982
4153 22783 982
22783 9742 982
9742 6662 982
6662 18392 982
18392 9619 982
9619 16404 982
16404 7596 982
7596 20790 982
20790 21958 982
21958 18892 982
18892 1418 982
1418 18810 982
18810 22669 982
22669 23685 982
23685 3444 982
3444 22223 982
22223 17467 982
17467 25635 982
25635 11062 982
11062 20107 982
20107 24129 982
24129 15268 982
15268 364 982
21775 9699 983
9699 6400 983
6400 25113 983
25113 20566 983
20566 934 983
934 18742 983
18742 22683 983
22683 4640 983
4640 11801 983
11801 12489 983
12489 6022 983
6022 13878 983
13878 5143 983
5143 23224 983
23224 23786 983
23786 9496 983
9496 4713 983
4713 5426 983
5426 22923 983
22923 9839 983
9839 15871 983
15871 7635 983
7635 24541 983
24541 5627 983
5627 22707 983
3977 24792 984
24792 9503 984
9503 6068 984
6068 9194 984
9194 18893 984
18893 11764 984
11764 2845 984
2845 21973 984
21973 20031 984
20031 19667 984
19667 22949 984
22949 24655 984
24655 10295 984
10295 15373 984
15373 21099 984
21099 1975 984
1975 13268 984
13268 3160 984
3160 16203 984
16203 3440 984
3440 19696 984
19696 11219 984
11219 385 984
385 21856 984
21856 22897 984
8851 17256 985
17256 5690 985
5690 13147 985
13147 16816 985
16816 12091 985
12091 7611 985
7611 17942 985
17942 17478 985
17478 17214 985
17214 11388 985
11388 17714 985
17714 3404 985
3404 19636 985
19636 12487 985
12487 14090 985
14090 19355 985
19355 17 985
17 76 985
76 1878 985
1878 10770 985
10770 22945 985
22945 1048 985
1048 13415 985
13415 5213 985
5213 16441 985
19922 12024 986
12024 2287 986
2287 11050 986
11050 8446 986
8446 19227 986
19227 22930 986
22930 5263 986
5263 23455 986
23455 8072 986
8072 8786 986
8786 4282 986
4282 11045 986
11045 9822 986
9822 11091 986
11091 6200 986
6200 6655 986
6655 14491 986
14491 16819 986
16819 18227 986
18227 1489 986
1489 24478 986
24478 5256 986
5256 1031 986
1031 13664 986
13664 20515 986
174 8682 987
8682 7664 987
7664 18368 987
18368 20352 987
20352 9915 987
9915 17613 987
17613 11915 987
11915 25121 987
25121 16887 987
16887 11725 987
11725 16127 987
16127 10166 987
10166 22861 987
22861 10377 987
10377 20443 987
20443 4082 987
4082 14718 987
14718 8019 987
8019 24294 987
24294 13783 987
13783 19415 987
19415 8411 987
8411 16714 987
16714 15817 987
15817 18421 987
23725 10815 988
10815 4375 988
4375 4577 988
4577 20782 988
20782 21020 988
21020 12971 988
12971 6484 988
6484 24280 988
24280 11165 988
11165 1363 988
1363 17245 988
17245 1470 988
1470 8865 988
8865 1422 988
1422 18267 988
18267 464 988
464 15159 988
15159 15819 988
15819 1314 988
1314 2088 988
2088 12212 988
12212 8820 988
8820 14343 988
14343 25920 988
25920 14107 988
25207 10253 989
10253 13218 989
13218 5711 989
5711 3511 989
3511 4011 989
4011 11839 989
11839 13216 989
13216 6073 989
6073 9695 989
9695 17888 989
17888 10751 989
10751 20303 989
20303 2446 989
2446 17913 989
17913 15179 989
15179 2299 989
2299 7317 989
7317 15010 989
15010 14671 989
14671 23992 989
23992 4619 989
4619 3673 989
3673 25350 989
25350 19554 989
19554 14771 989
10080 13202 990
13202 8165 990
8165 15537 990
15537 17910 990
17910 3077 990
3077 23355 990
23355 16598 990
16598 19654 990
19654 21508 990
21508 2652 990
2652 17609 990
17609 3940 990
3940 16293 990
16293 2558 990
2558 14605 990
14605 12291 990
12291 20370 990
20370 19729 990
19729 11333 990
11333 1123 990
1123 1782 990
1782 15648 990
15648 9379 990
9379 17236 990
17236 19286 990
16840 16504 991
16504 1169 991
1169 8130 991
8130 12088 991
12088 10714 991
10714 4199 991
4199 11295 991
11295 20983 991
20983 23843 991
23843 7874 991
7874 14855 991
14855 21653 991
21653 12426 991
12426 13063 991
13063 15586 991
15586 25989 991
25989 11040 991
11040 14080 991
14080 8213 991
8213 6068 991
6068 6818 991
6818 15221 991
15221 13280 991
13280 8454 991
8454 16465 991
23278 12309 992
12309 25930 992
25930 24893 992
24893 2778 992
2778 21899 992
21899 16629 992
16629 13259 992
13259 22632 992
22632 2829 992
2829 14090 992
14090 20430 992
20430 11446 992
11446 2280 992
2280 21897 992
21897 4963 992
4963 24246 992
24246 201 992
201 21459 992
21459 4143 992
4143 22663 992
22663 18961 992
18961 3713 992
3713 14680 992
14680 24310 992
24310 2369 992
10540 20514 993
20514 14075 993
14075 4126 993
4126 2625 993
2625 15080 993
15080 2199 993
2199 1933 993
1933 6818 993
6818 19221 993
19221 5168 993
5168 11970 993
11970 17209 993
17209 14465 993
14465 17053 993
17053 2418 993
2418 24656 993
24656 13285 993
13285 8012 993
8012 8892 993
8892 9129 993
9129 23387 993
23387 11003 993
11003 953 993
953 369 993
369 12084 993
10821 21471 994
21471 10350 994
10350 24748 994
24748 20563 994
20563 25457 994
25457 22924 994
22924 13952 994
13952 19850 994
19850 25465 994
25465 7126 994
7126 1022 994
1022 3 994
3 24439 994
24439 24065 994
24065 7462 994
7462 14497 994
14497 404 994
404 20024 994
20024 8567 994
8567 14793 994
14793 19493 994
19493 23200 994
23200 19630 994
19630 2415 994
2415 15816 994
20044 15101 995
15101 1305 995
1305 3690 995
3690 22996 995
22996 11934 995
11934 14270 995
14270 1271 995
1271 13237 995
13237 12618 995
12618 11177 995
11177 19922 995
19922 19821 995
19821 6210 995
6210 17510 995
17510 16542 995
16542 10976 995
10976 8978 995
8978 5956 995
5956 13468 995
13468 18842 995
18842 476 995
476 7289 995
7289 23935 995
23935 571 995
571 1579 995
13844 11324 996
11324 22008 996
22008 24022 996
24022 10044 996
10044 1672 996
1672 18660 996
18660 18064 996
18064 1823 996
1823 8811 996
8811 24966 996
24966 11484 996
11484 609 996
609 7207 996
7207 13552 996
13552 12244 996
12244 16666 996
16666 4302 996
4302 17656 996
17656 11700 996
11700 17442 996
17442 25124 996
25124 13015 996
13015 14838 996
14838 14250 996
14250 19843 996
4182 24984 997
24984 22536 997
22536 6373 997
6373 14792 997
14792 18967 997
18967 9479 997
9479 1741 997
1741 15437 997
15437 8378 997
8378 1150 997
1150 10330 997
10330 5948 997
5948 23609 997
23609 11861 997
11861 6934 997
6934 12320 997
12320 22639 997
22639 9456 997
9456 9636 997
9636 24693 997
24693 6961 997
6961 11501 997
11501 13871 997
13871 15253 997
15253 13692 997
18062 3696 998
3696 11380 998
11380 3083 998
3083 23739 998
23739 21753 998
21753 4328 998
4328 15084 998
15084 2361 998
2361 12772 998
12772 18080 998
18080 21647 998
21647 4780 998
4780 3281 998
3281 8388 998
8388 3463 998
3463 5543 998
5543 13681 998
13681 5925 998
5925 22997 998
22997 20562 998
20562 2687 998
2687 23141 998
23141 20861 998
20861 2004 998
2004 9933 998
14707 805 999
805 8854 999
8854 13847 999
13847 1084 999
1084 23881 999
23881 3923 999
3923 17364 999
17364 2271 999
2271 4967 999
4967 21420 999
21420 662 999
662 11993 999
11993 20984 999
20984 4690 999
4690 23879 999
23879 7091 999
7091 17816 999
17816 18171 999
18171 20082 999
20082 19674 999
19674 1466 999
1466 3335 999
3335 23523 999
23523 25379 999
25379 18134 999
15723 867 1000
867 23807 1000
23807 18039 1000
18039 8022 1000
8022 2527 1000
2527 11150 1000
11150 6180 1000
6180 11582 1000
11582 17748 1000
17748 9549 1000
9549 7344 1000
7344 14436 1000
14436 14425 1000
14425 7259 1000
7259 17948 1000
17948 19940 1000
19940 17943 1000
17943 615 1000
615 902 1000
902 2738 1000
2738 21603 1000
21603 11908 1000
11908 11763 1000
11763 13971 1000
13971 6303 1000
