42000 56339 1000
13842 13150 1
13150 36553 1
36553 26348 1
26348 10307 1
10307 11682 1
11682 17817 1
17817 37313 1
37313 16281 1
16281 11405 1
11405 26750 1
26750 32277 1
32277 18288 1
18288 5926 1
5926 31663 1
31663 39735 1
39735 14786 1
14786 21197 1
21197 30735 1
30735 21592 1
21592 15546 1
15546 14966 1
14966 33052 1
33052 28419 1
28419 466 1
466 8338 1
8338 29002 1
29002 33186 1
33186 37654 1
37654 14975 1
14975 37120 1
37120 35132 1
35132 28747 1
28747 27837 1
27837 8544 1
8544 33727 1
33727 9487 1
9487 3488 1
3488 13132 1
13132 21537 1
21537 12989 1
12989 1560 1
31154 18181 2
18181 11563 2
11563 4873 2
4873 18062 2
18062 24190 2
24190 23228 2
23228 1839 2
1839 30045 2
30045 14970 2
14970 10212 2
10212 11117 2
11117 30788 2
30788 8602 2
8602 26552 2
26552 7716 2
7716 22741 2
22741 29915 2
29915 20009 2
20009 19545 2
19545 33599 2
33599 4227 2
4227 23387 2
23387 2281 2
2281 11409 2
11409 36646 2
36646 13201 2
13201 1191 2
1191 30628 2
30628 2189 2
2189 14228 2
14228 24874 2
24874 8584 2
8584 21829 2
21829 14441 2
14441 20802 2
20802 22005 2
22005 7248 2
7248 39811 2
39811 19758 2
19758 8312 2
8312 12549 2
21318 37433 3
37433 41620 3
41620 19020 3
19020 18544 3
18544 12413 3
12413 31165 3
31165 18972 3
18972 32657 3
32657 2852 3
2852 1402 3
1402 12285 3
12285 37018 3
37018 39692 3
39692 40017 3
40017 34266 3
34266 30617 3
30617 33788 3
33788 5997 3
5997 13580 3
13580 13368 3
13368 21832 3
21832 9110 3
9110 20360 3
20360 10023 3
10023 22861 3
22861 13581 3
13581 22097 3
22097 30802 3
30802 18858 3
18858 23131 3
23131 24037 3
24037 40619 3
40619 25283 3
25283 5815 3
5815 32056 3
32056 14098 3
14098 41056 3
41056 27752 3
27752 5460 3
5460 21353 3
21353 28680 3
25843 32968 4
32968 2490 4
2490 10289 4
10289 7547 4
7547 26137 4
26137 1951 4
1951 23843 4
23843 3730 4
3730 37312 4
37312 28409 4
28409 25511 4
25511 41441 4
41441 37862 4
37862 7472 4
7472 29496 4
29496 17861 4
17861 20066 4
20066 16555 4
16555 21645 4
21645 14469 4
14469 16166 4
16166 21672 4
21672 3866 4
3866 19720 4
19720 24797 4
24797 36507 4
36507 18888 4
18888 32167 4
32167 22823 4
22823 18123 4
18123 36299 4
36299 36929 4
36929 2687 4
2687 22218 4
22218 6204 4
6204 20372 4
20372 18889 4
18889 8799 4
8799 10488 4
10488 19650 4
19650 13467 4
40005 989 5
989 34103 5
34103 12227 5
12227 31539 5
31539 13278 5
13278 13764 5
13764 7813 5
7813 28177 5
28177 9525 5
9525 21232 5
21232 12685 5
12685 17996 5
17996 17955 5
17955 10781 5
10781 34499 5
34499 29773 5
29773 27299 5
27299 5058 5
5058 4677 5
4677 3140 5
3140 20281 5
20281 634 5
634 4516 5
4516 13600 5
13600 23918 5
23918 13243 5
13243 8638 5
8638 37777 5
37777 29681 5
29681 14919 5
14919 17902 5
17902 7312 5
7312 40739 5
40739 27757 5
27757 9564 5
9564 4699 5
4699 35759 5
35759 21094 5
21094 31460 5
31460 12023 5
12023 26697 5
23887 33190 6
33190 13319 6
13319 41555 6
41555 15736 6
15736 22233 6
22233 11323 6
11323 1913 6
1913 13780 6
13780 20396 6
20396 25963 6
25963 9719 6
9719 1441 6
1441 17564 6
17564 39802 6
39802 33937 6
33937 6269 6
6269 41712 6
41712 12476 6
12476 39188 6
39188 27259 6
27259 4999 6
4999 27637 6
27637 14232 6
14232 19626 6
19626 12042 6
12042 15123 6
15123 10260 6
10260 17459 6
17459 40245 6
40245 27021 6
27021 8820 6
8820 17524 6
17524 15134 6
15134 6528 6
6528 7433 6
7433 30640 6
30640 8063 6
8063 40598 6
40598 2353 6
2353 10625 6
10625 2124 6
13901 19666 7
19666 14250 7
14250 37124 7
37124 22844 7
22844 38480 7
38480 34671 7
34671 17277 7
17277 13472 7
13472 34938 7
34938 1013 7
1013 34718 7
34718 30638 7
30638 23337 7
23337 11008 7
11008 29017 7
29017 22997 7
22997 27504 7
27504 35939 7
35939 659 7
659 39215 7
39215 23117 7
23117 39364 7
39364 21139 7
21139 34146 7
34146 11082 7
11082 38812 7
38812 36852 7
36852 12173 7
12173 36946 7
36946 2023 7
2023 40266 7
40266 41382 7
41382 13441 7
13441 1772 7
1772 8830 7
8830 22109 7
22109 12186 7
12186 19654 7
19654 35215 7
35215 39533 7
39533 7072 7
22509 22938 8
22938 857 8
857 35427 8
35427 24223 8
24223 3419 8
3419 40274 8
40274 13649 8
13649 25398 8
25398 27756 8
27756 28442 8
28442 36203 8
36203 22022 8
22022 34462 8
34462 22684 8
22684 38233 8
38233 33038 8
33038 21054 8
21054 3383 8
3383 3838 8
3838 34790 8
34790 26301 8
26301 32968 8
32968 29296 8
29296 39225 8
39225 1107 8
1107 32141 8
32141 8853 8
8853 16585 8
16585 37750 8
37750 29708 8
29708 21917 8
21917 8122 8
8122 31106 8
31106 19370 8
19370 33826 8
33826 30947 8
30947 31663 8
31663 28978 8
28978 6599 8
6599 20166 8
20166 13381 8
28227 8130 9
8130 4535 9
4535 16579 9
16579 17356 9
17356 30620 9
30620 37632 9
37632 34460 9
34460 36485 9
36485 12516 9
12516 13179 9
13179 19671 9
19671 4116 9
4116 20044 9
20044 6616 9
6616 26164 9
26164 24061 9
24061 1927 9
1927 5215 9
5215 23731 9
23731 31277 9
31277 13610 9
13610 662 9
662 22406 9
22406 41855 9
41855 7364 9
7364 22310 9
22310 2961 9
2961 34128 9
34128 2924 9
2924 3301 9
3301 40593 9
40593 17039 9
17039 24406 9
24406 33884 9
33884 29290 9
29290 6755 9
6755 28162 9
28162 26372 9
26372 26375 9
26375 23274 9
23274 18360 9
9499 10038 10
10038 18566 10
18566 7978 10
7978 39345 10
39345 11746 10
11746 30637 10
30637 13159 10
13159 16818 10
16818 40069 10
40069 22115 10
22115 37344 10
37344 20868 10
20868 28455 10
28455 35107 10
35107 41824 10
41824 27419 10
27419 6521 10
6521 8612 10
8612 28491 10
28491 16186 10
16186 15713 10
15713 1280 10
1280 113 10
113 3742 10
3742 32227 10
32227 24093 10
24093 23339 10
23339 15460 10
15460 8811 10
8811 16751 10
16751 30600 10
30600 30461 10
30461 23172 10
23172 34315 10
34315 3694 10
3694 12243 10
12243 9480 10
9480 36299 10
36299 8334 10
8334 25960 10
25960 41268 10
39047 40923 11
40923 23249 11
23249 21076 11
21076 16344 11
16344 5514 11
5514 35946 11
35946 1239 11
1239 5910 11
5910 14785 11
14785 35936 11
35936 12710 11
12710 2854 11
2854 35479 11
35479 26793 11
26793 28801 11
28801 22280 11
22280 29590 11
29590 7451 11
7451 33901 11
33901 8464 11
8464 15214 11
15214 18506 11
18506 38052 11
38052 18175 11
18175 24418 11
24418 32445 11
32445 40620 11
40620 26265 11
26265 18918 11
18918 34850 11
34850 37075 11
37075 32964 11
32964 18581 11
18581 15051 11
15051 10227 11
10227 16193 11
16193 22447 11
22447 7786 11
7786 32710 11
32710 23786 11
23786 38745 11
24120 16813 12
16813 30244 12
30244 19857 12
19857 35103 12
35103 22572 12
22572 36160 12
36160 24789 12
24789 23972 12
23972 5358 12
5358 33133 12
33133 21362 12
21362 1459 12
1459 37088 12
37088 1090 12
1090 9695 12
9695 22658 12
22658 11937 12
11937 40344 12
40344 38604 12
38604 41405 12
41405 10674 12
10674 23572 12
23572 37293 12
37293 16583 12
16583 10124 12
10124 16568 12
16568 6034 12
6034 22518 12
22518 37313 12
37313 40718 12
40718 14782 12
14782 1174 12
1174 24913 12
24913 479 12
479 9143 12
9143 12486 12
12486 28242 12
28242 10078 12
10078 27143 12
27143 12385 12
12385 33257 12
9306 7196 13
7196 2058 13
2058 7702 13
7702 29157 13
29157 16890 13
16890 21901 13
21901 1447 13
1447 4488 13
4488 38900 13
38900 28668 13
28668 41884 13
41884 35572 13
35572 20806 13
20806 24503 13
24503 24463 13
24463 6906 13
6906 9987 13
9987 39830 13
39830 17198 13
17198 26742 13
26742 41143 13
41143 15549 13
15549 24537 13
24537 41736 13
41736 11317 13
11317 27913 13
27913 38347 13
38347 31757 13
31757 8852 13
8852 33899 13
33899 17468 13
17468 16750 13
16750 34063 13
34063 1630 13
1630 35751 13
35751 38396 13
38396 19792 13
19792 18433 13
18433 12514 13
12514 30282 13
30282 20687 13
20168 32223 14
32223 29171 14
29171 11701 14
11701 41484 14
41484 7652 14
7652 29023 14
29023 30894 14
30894 19850 14
19850 10112 14
10112 34568 14
34568 22278 14
22278 20574 14
20574 25646 14
25646 14811 14
14811 40424 14
40424 25676 14
25676 15461 14
15461 9473 14
9473 27771 14
27771 14827 14
14827 7245 14
7245 8741 14
8741 890 14
890 3327 14
3327 22863 14
22863 19054 14
19054 13142 14
13142 14561 14
14561 39192 14
39192 19571 14
19571 2173 14
2173 13667 14
13667 18786 14
18786 15139 14
15139 15847 14
15847 32004 14
32004 6822 14
6822 27434 14
27434 34874 14
34874 39040 14
39040 18675 14
10539 36596 15
36596 5774 15
5774 23812 15
23812 5122 15
5122 21680 15
21680 2422 15
2422 29494 15
29494 31209 15
31209 40841 15
40841 11170 15
11170 39916 15
39916 40392 15
40392 9982 15
9982 18947 15
18947 3601 15
3601 13533 15
13533 6900 15
6900 20486 15
20486 35390 15
35390 23004 15
23004 18627 15
18627 25150 15
25150 8633 15
8633 9972 15
9972 737 15
737 8257 15
8257 13042 15
13042 7726 15
7726 29437 15
29437 17922 15
17922 27301 15
27301 34933 15
34933 27617 15
27617 36074 15
36074 27553 15
27553 41232 15
41232 13309 15
13309 22785 15
22785 5857 15
5857 18068 15
18068 31692 15
37081 14002 16
14002 19160 16
19160 7050 16
7050 16102 16
16102 36127 16
36127 2464 16
2464 38271 16
38271 24396 16
24396 1190 16
1190 14611 16
14611 15239 16
15239 41507 16
41507 103 16
103 14309 16
14309 40414 16
40414 41821 16
41821 6239 16
6239 27900 16
27900 17798 16
17798 20306 16
20306 8792 16
8792 32469 16
32469 22930 16
22930 23318 16
23318 39926 16
39926 844 16
844 8120 16
8120 23990 16
23990 9677 16
9677 7009 16
7009 15655 16
15655 16917 16
16917 10067 16
10067 12759 16
12759 9562 16
9562 27013 16
27013 39424 16
39424 24752 16
24752 13815 16
13815 6796 16
6796 81 16
34923 6547 17
6547 12958 17
12958 35455 17
35455 7731 17
7731 35096 17
35096 25478 17
25478 3752 17
3752 25183 17
25183 13618 17
13618 3287 17
3287 17754 17
17754 29541 17
29541 2003 17
2003 17104 17
17104 40604 17
40604 31602 17
31602 37955 17
37955 11199 17
11199 33105 17
33105 24323 17
24323 29615 17
29615 28192 17
28192 6042 17
6042 39722 17
39722 27951 17
27951 40060 17
40060 40149 17
40149 8235 17
8235 27420 17
27420 26033 17
26033 6196 17
6196 23755 17
23755 19635 17
19635 18449 17
18449 39448 17
39448 34242 17
34242 14507 17
14507 15490 17
15490 4179 17
4179 10797 17
10797 11273 17
20243 16793 18
16793 41506 18
41506 33862 18
33862 36074 18
36074 23501 18
23501 7148 18
7148 23734 18
23734 3123 18
3123 16568 18
16568 36252 18
36252 15745 18
15745 19281 18
19281 23756 18
23756 10583 18
10583 34119 18
34119 31073 18
31073 14611 18
14611 28390 18
28390 20870 18
20870 3265 18
3265 15579 18
15579 25496 18
25496 19340 18
19340 2968 18
2968 29064 18
29064 11000 18
11000 19677 18
19677 1249 18
1249 33142 18
33142 15274 18
15274 1569 18
1569 35362 18
35362 4134 18
4134 41290 18
41290 39847 18
39847 3333 18
3333 41080 18
41080 11343 18
11343 31070 18
31070 28 18
28 16170 18
38267 16669 19
16669 31373 19
31373 17187 19
17187 8259 19
8259 13973 19
13973 30777 19
30777 13343 19
13343 35499 19
35499 17852 19
17852 12607 19
12607 23146 19
23146 38193 19
38193 37060 19
37060 3061 19
3061 20458 19
20458 32897 19
32897 16334 19
16334 215 19
215 6317 19
6317 33492 19
33492 26599 19
26599 13825 19
13825 30726 19
30726 16952 19
16952 27518 19
27518 4789 19
4789 20937 19
20937 12387 19
12387 38959 19
38959 31468 19
31468 38942 19
38942 229 19
229 22667 19
22667 37948 19
37948 5853 19
5853 41312 19
41312 34714 19
34714 11530 19
11530 15927 19
15927 34878 19
34878 39423 19
21681 36706 20
36706 17731 20
17731 31583 20
31583 22401 20
22401 25230 20
25230 1221 20
1221 2053 20
2053 37604 20
37604 38724 20
38724 14452 20
14452 745 20
745 33232 20
33232 26942 20
26942 3513 20
3513 31364 20
31364 38509 20
38509 36244 20
36244 25170 20
25170 1640 20
1640 25288 20
25288 41948 20
41948 29921 20
29921 23376 20
23376 41837 20
41837 31406 20
31406 18848 20
18848 12185 20
12185 5500 20
5500 10546 20
10546 32218 20
32218 6689 20
6689 35412 20
35412 40861 20
40861 16714 20
16714 4234 20
4234 22689 20
22689 12024 20
12024 35530 20
35530 10898 20
10898 39540 20
39540 17955 20
11328 2630 21
2630 18048 21
18048 38203 21
38203 38798 21
38798 6852 21
6852 25055 21
25055 37250 21
37250 17677 21
17677 22243 21
22243 29232 21
29232 787 21
787 9996 21
9996 8639 21
8639 36684 21
36684 35533 21
35533 1463 21
1463 23222 21
23222 11599 21
11599 8066 21
8066 12951 21
12951 4353 21
4353 6346 21
6346 35405 21
35405 6976 21
6976 351 21
351 1413 21
1413 19224 21
19224 6114 21
6114 868 21
868 16205 21
16205 13282 21
13282 31790 21
31790 36908 21
36908 25332 21
25332 8969 21
8969 10276 21
10276 11402 21
11402 15596 21
15596 33010 21
33010 36327 21
36327 40343 21
36090 19331 22
19331 15755 22
15755 29323 22
29323 21217 22
21217 38904 22
38904 7297 22
7297 25524 22
25524 13817 22
13817 33905 22
33905 29282 22
29282 40214 22
40214 15443 22
15443 451 22
451 31011 22
31011 29944 22
29944 17953 22
17953 13535 22
13535 10927 22
10927 11028 22
11028 30020 22
30020 23505 22
23505 32207 22
32207 26175 22
26175 16776 22
16776 20085 22
20085 31889 22
31889 28175 22
28175 2094 22
2094 11484 22
11484 8515 22
8515 23501 22
23501 13798 22
13798 14327 22
14327 19299 22
19299 14442 22
14442 39608 22
39608 26894 22
26894 28808 22
28808 7022 22
7022 38030 22
38030 10527 22
36234 26493 23
26493 20043 23
20043 2435 23
2435 27820 23
27820 32406 23
32406 36695 23
36695 22814 23
22814 14038 23
14038 25182 23
25182 35567 23
35567 8344 23
8344 35257 23
35257 18003 23
18003 31460 23
31460 12584 23
12584 27754 23
27754 14829 23
14829 32963 23
32963 2867 23
2867 1600 23
1600 13555 23
13555 21785 23
21785 29379 23
29379 35654 23
35654 27326 23
27326 30243 23
30243 16517 23
16517 33125 23
33125 32795 23
32795 40960 23
40960 4189 23
4189 15626 23
15626 33783 23
33783 5657 23
5657 34819 23
34819 7039 23
7039 30846 23
30846 26494 23
26494 39890 23
39890 24904 23
24904 9504 23
11677 38921 24
38921 32901 24
32901 25491 24
25491 15724 24
15724 32593 24
32593 30249 24
30249 40339 24
40339 32677 24
32677 9318 24
9318 5983 24
5983 17887 24
17887 3507 24
3507 2897 24
2897 10084 24
10084 34244 24
34244 13807 24
13807 21467 24
21467 24116 24
24116 28315 24
28315 27123 24
27123 21782 24
21782 31954 24
31954 2192 24
2192 24426 24
24426 27775 24
27775 2496 24
2496 2746 24
2746 2107 24
2107 4411 24
4411 16468 24
16468 2046 24
2046 11334 24
11334 21084 24
21084 28295 24
28295 32635 24
32635 1248 24
1248 29838 24
29838 16132 24
16132 28335 24
28335 12774 24
12774 28981 24
41281 26671 25
26671 28317 25
28317 39215 25
39215 27342 25
27342 31727 25
31727 41577 25
41577 2614 25
2614 11184 25
11184 21569 25
21569 10960 25
10960 37438 25
37438 18145 25
18145 30893 25
30893 32505 25
32505 16375 25
16375 32469 25
32469 16718 25
16718 39955 25
39955 16760 25
16760 6519 25
6519 21039 25
21039 2595 25
2595 26808 25
26808 7322 25
7322 40806 25
40806 11465 25
11465 21441 25
21441 17361 25
17361 28085 25
28085 36619 25
36619 41370 25
41370 25813 25
25813 38451 25
38451 1066 25
1066 34432 25
34432 16828 25
16828 7075 25
7075 29694 25
29694 35297 25
35297 24288 25
24288 2293 25
11784 16534 26
16534 4990 26
4990 18371 26
18371 30346 26
30346 19711 26
19711 19286 26
19286 18275 26
18275 15977 26
15977 30977 26
30977 8606 26
8606 33730 26
33730 31556 26
31556 68 26
68 33803 26
33803 41377 26
41377 17787 26
17787 35928 26
35928 31368 26
31368 8739 26
8739 10587 26
10587 14404 26
14404 28271 26
28271 24461 26
24461 14264 26
14264 18432 26
18432 18221 26
18221 11012 26
11012 36818 26
36818 35857 26
35857 6823 26
6823 34519 26
34519 30205 26
30205 31609 26
31609 22017 26
22017 20239 26
20239 18242 26
18242 5604 26
5604 11520 26
11520 13839 26
13839 9092 26
9092 41464 26
34729 38308 27
38308 3338 27
3338 7484 27
7484 37405 27
37405 15935 27
15935 36113 27
36113 30283 27
30283 13443 27
13443 1164 27
1164 41691 27
41691 10483 27
10483 9506 27
9506 28505 27
28505 4600 27
4600 13025 27
13025 16578 27
16578 35070 27
35070 18057 27
18057 14640 27
14640 28636 27
28636 13901 27
13901 3423 27
3423 32065 27
32065 21553 27
21553 23634 27
23634 13953 27
13953 40154 27
40154 5705 27
5705 29367 27
29367 22999 27
22999 10223 27
10223 34215 27
34215 32338 27
32338 12322 27
12322 18156 27
18156 32391 27
32391 30690 27
30690 17780 27
17780 26720 27
26720 20320 27
20320 30446 27
6846 10845 28
10845 10409 28
10409 20872 28
20872 26708 28
26708 15297 28
15297 14398 28
14398 39691 28
39691 34296 28
34296 22962 28
22962 22532 28
22532 15500 28
15500 20095 28
20095 15719 28
15719 6226 28
6226 18963 28
18963 29221 28
29221 35504 28
35504 25340 28
25340 33355 28
33355 36977 28
36977 26806 28
26806 25625 28
25625 41976 28
41976 6347 28
6347 36876 28
36876 24785 28
24785 7224 28
7224 21813 28
21813 21469 28
21469 39791 28
39791 6217 28
6217 6040 28
6040 27315 28
27315 22047 28
22047 15295 28
15295 31155 28
31155 9280 28
9280 13370 28
13370 27365 28
27365 8160 28
8160 4008 28
38689 33288 29
33288 17239 29
17239 38963 29
38963 26767 29
26767 15878 29
15878 13711 29
13711 1797 29
1797 10341 29
10341 22542 29
22542 30521 29
30521 8330 29
8330 1815 29
1815 28576 29
28576 5256 29
5256 9119 29
9119 35375 29
35375 7494 29
7494 4526 29
4526 26403 29
26403 2023 29
2023 32775 29
32775 31287 29
31287 10939 29
10939 2827 29
2827 1366 29
1366 6820 29
6820 33763 29
33763 34460 29
34460 4879 29
4879 16955 29
16955 5860 29
5860 23106 29
23106 14297 29
14297 36777 29
36777 7838 29
7838 22114 29
22114 32740 29
32740 21014 29
21014 9668 29
9668 41281 29
41281 22055 29
36627 15502 30
15502 35957 30
35957 24925 30
24925 6993 30
6993 27866 30
27866 23943 30
23943 526 30
526 38192 30
38192 41445 30
41445 36305 30
36305 29641 30
29641 40145 30
40145 21045 30
21045 23290 30
23290 21155 30
21155 37755 30
37755 8655 30
8655 7618 30
7618 17178 30
17178 26331 30
26331 30623 30
30623 10755 30
10755 2513 30
2513 12351 30
12351 31554 30
31554 30626 30
30626 38159 30
38159 32738 30
32738 28008 30
28008 8161 30
8161 6552 30
6552 32562 30
32562 10793 30
10793 13903 30
13903 1405 30
1405 25357 30
25357 33304 30
33304 15418 30
15418 1889 30
1889 26957 30
26957 11350 30
16738 4866 31
4866 9646 31
9646 35738 31
35738 10854 31
10854 23026 31
23026 11608 31
11608 7018 31
7018 17605 31
17605 36265 31
36265 25865 31
25865 37260 31
37260 26929 31
26929 38740 31
38740 29079 31
29079 39386 31
39386 21959 31
21959 13483 31
13483 21502 31
21502 15264 31
15264 20673 31
20673 40104 31
40104 17247 31
17247 37435 31
37435 38358 31
38358 8104 31
8104 29241 31
29241 24522 31
24522 24049 31
24049 6057 31
6057 37981 31
37981 26559 31
26559 36201 31
36201 25833 31
25833 22903 31
22903 21563 31
21563 20877 31
20877 8662 31
8662 36617 31
36617 37468 31
37468 33568 31
33568 27741 31
22392 19381 32
19381 24836 32
24836 40065 32
40065 7726 32
7726 23271 32
23271 3262 32
3262 28738 32
28738 21341 32
21341 6183 32
6183 8525 32
8525 18201 32
18201 38411 32
38411 7101 32
7101 6816 32
6816 33321 32
33321 2402 32
2402 12320 32
12320 10067 32
10067 33879 32
33879 26945 32
26945 24425 32
24425 33784 32
33784 36835 32
36835 37947 32
37947 28852 32
28852 38582 32
38582 38842 32
38842 29844 32
29844 34082 32
34082 19410 32
19410 24575 32
24575 27573 32
27573 23009 32
23009 7615 32
7615 3141 32
3141 6670 32
6670 40218 32
40218 21758 32
21758 11223 32
11223 866 32
866 39764 32
15773 13805 33
13805 6160 33
6160 26424 33
26424 31009 33
31009 15779 33
15779 19088 33
19088 27857 33
27857 13056 33
13056 12723 33
12723 272 33
272 870 33
870 13008 33
13008 10907 33
10907 30730 33
30730 14770 33
14770 19004 33
19004 13500 33
13500 2897 33
2897 16185 33
16185 39123 33
39123 33791 33
33791 4961 33
4961 18080 33
18080 41754 33
41754 6411 33
6411 29349 33
29349 36049 33
36049 33991 33
33991 10600 33
10600 28809 33
28809 35644 33
35644 2053 33
2053 41257 33
41257 26478 33
26478 25845 33
25845 18404 33
18404 14436 33
14436 31515 33
31515 27965 33
27965 41454 33
41454 35397 33
12226 39531 34
39531 38521 34
38521 22967 34
22967 26881 34
26881 35494 34
35494 7169 34
7169 9803 34
9803 21791 34
21791 19148 34
19148 2033 34
2033 8695 34
8695 484 34
484 8251 34
8251 8473 34
8473 26603 34
26603 11957 34
11957 22293 34
22293 41099 34
41099 9624 34
9624 17822 34
17822 27046 34
27046 13219 34
13219 27508 34
27508 5818 34
5818 38581 34
38581 22337 34
22337 41385 34
41385 10525 34
10525 38587 34
38587 14746 34
14746 35701 34
35701 6338 34
6338 32916 34
32916 18476 34
18476 32079 34
32079 6989 34
6989 7805 34
7805 23652 34
23652 23420 34
23420 12791 34
12791 31488 34
39787 40376 35
40376 26841 35
26841 6659 35
6659 19408 35
19408 24036 35
24036 19753 35
19753 6116 35
6116 1425 35
1425 26033 35
26033 2027 35
2027 11472 35
11472 5348 35
5348 21399 35
21399 25996 35
25996 31706 35
31706 13666 35
13666 15016 35
15016 41198 35
41198 8248 35
8248 24536 35
24536 12402 35
12402 5567 35
5567 2733 35
2733 19013 35
19013 15094 35
15094 26866 35
26866 18568 35
18568 7846 35
7846 13541 35
13541 8538 35
8538 7338 35
7338 18092 35
18092 15959 35
15959 25435 35
25435 15451 35
15451 11006 35
11006 30516 35
30516 21861 35
21861 39425 35
39425 41380 35
41380 26952 35
17733 24003 36
24003 1810 36
1810 24563 36
24563 5794 36
5794 34122 36
34122 26342 36
26342 36738 36
36738 36051 36
36051 39775 36
39775 41760 36
41760 28436 36
28436 7191 36
7191 25975 36
25975 41754 36
41754 11791 36
11791 19288 36
19288 20139 36
20139 15302 36
15302 8254 36
8254 20054 36
20054 24533 36
24533 6491 36
6491 2478 36
2478 29737 36
29737 34107 36
34107 32972 36
32972 29208 36
29208 15032 36
15032 7451 36
7451 7766 36
7766 29172 36
29172 40537 36
40537 20217 36
20217 15938 36
15938 34487 36
34487 9138 36
9138 24220 36
24220 4588 36
4588 38117 36
38117 24825 36
24825 29118 36
27660 7624 37
7624 186 37
186 773 37
773 8685 37
8685 26128 37
26128 22390 37
22390 29828 37
29828 11586 37
11586 2598 37
2598 5693 37
5693 40329 37
40329 20692 37
20692 21132 37
21132 4346 37
4346 748 37
748 29964 37
29964 32735 37
32735 24868 37
24868 31100 37
31100 40536 37
40536 11037 37
11037 21645 37
21645 11848 37
11848 11241 37
11241 1803 37
1803 21243 37
21243 17680 37
17680 34323 37
34323 22064 37
22064 35721 37
35721 4990 37
4990 21918 37
21918 37521 37
37521 30890 37
30890 37155 37
37155 31140 37
31140 5552 37
5552 16288 37
16288 35877 37
35877 9054 37
9054 3164 37
14137 29178 38
29178 14501 38
14501 875 38
875 4081 38
4081 39930 38
39930 41026 38
41026 22630 38
22630 21066 38
21066 14576 38
14576 29607 38
29607 15234 38
15234 25442 38
25442 13102 38
13102 19140 38
19140 27812 38
27812 15367 38
15367 25454 38
25454 24220 38
24220 33470 38
33470 16267 38
16267 24705 38
24705 30209 38
30209 9156 38
9156 35204 38
35204 37505 38
37505 14663 38
14663 4849 38
4849 1674 38
1674 19778 38
19778 21465 38
21465 17714 38
17714 32721 38
32721 5007 38
5007 37370 38
37370 8883 38
8883 28874 38
28874 10019 38
10019 32658 38
32658 13608 38
13608 19081 38
19081 24657 38
19588 40705 39
40705 6150 39
6150 5276 39
5276 38443 39
38443 36389 39
36389 21241 39
21241 41523 39
41523 26080 39
26080 18954 39
18954 14697 39
14697 27695 39
27695 23955 39
23955 22549 39
22549 33877 39
33877 22519 39
22519 24018 39
24018 16047 39
16047 12797 39
12797 3049 39
3049 25563 39
25563 24596 39
24596 21357 39
21357 16890 39
16890 15560 39
15560 15852 39
15852 19718 39
19718 11508 39
11508 4707 39
4707 3611 39
3611 14849 39
14849 10477 39
10477 40765 39
40765 22108 39
22108 13750 39
13750 15196 39
15196 17859 39
17859 262 39
262 41980 39
41980 9375 39
9375 37260 39
37260 16652 39
38029 19511 40
19511 36744 40
36744 14007 40
14007 20037 40
20037 7802 40
7802 28080 40
28080 10741 40
10741 23568 40
23568 3487 40
3487 35944 40
35944 12095 40
12095 613 40
613 27322 40
27322 2207 40
2207 23205 40
23205 17177 40
17177 31813 40
31813 32364 40
32364 28232 40
28232 19505 40
19505 41843 40
41843 26119 40
26119 16299 40
16299 22787 40
22787 3266 40
3266 6865 40
6865 34268 40
34268 27130 40
27130 8378 40
8378 999 40
999 37824 40
37824 25255 40
25255 7709 40
7709 973 40
973 4937 40
4937 1743 40
1743 17666 40
17666 40267 40
40267 6051 40
6051 14182 40
14182 8244 40
6860 16999 41
16999 1092 41
1092 35695 41
35695 17654 41
17654 4022 41
4022 11901 41
11901 26792 41
26792 24192 41
24192 37370 41
37370 40917 41
40917 26371 41
26371 33363 41
33363 3322 41
3322 38338 41
38338 38330 41
38330 5197 41
5197 4192 41
4192 504 41
504 15230 41
15230 10705 41
10705 36306 41
36306 38293 41
38293 8304 41
8304 36490 41
36490 21582 41
21582 21184 41
21184 8443 41
8443 8006 41
8006 33315 41
33315 30417 41
30417 20186 41
20186 32586 41
32586 41595 41
41595 28619 41
28619 35215 41
35215 28814 41
28814 39997 41
39997 38988 41
38988 14343 41
14343 2911 41
2911 8693 41
38932 29922 42
29922 27220 42
27220 6398 42
6398 17889 42
17889 21539 42
21539 41063 42
41063 34561 42
34561 18639 42
18639 39152 42
39152 2098 42
2098 7711 42
7711 26675 42
26675 19884 42
19884 39102 42
39102 1345 42
1345 5499 42
5499 39673 42
39673 31568 42
31568 6924 42
6924 41032 42
41032 5400 42
5400 20488 42
20488 14864 42
14864 22663 42
22663 22843 42
22843 11744 42
11744 5736 42
5736 17488 42
17488 10854 42
10854 19588 42
19588 30793 42
30793 28910 42
28910 11376 42
11376 7272 42
7272 1528 42
1528 23943 42
23943 32850 42
32850 11004 42
11004 11321 42
11321 8578 42
8578 25346 42
34561 15330 43
15330 12230 43
12230 8817 43
8817 25289 43
25289 29958 43
29958 22658 43
22658 30663 43
30663 3075 43
3075 28974 43
28974 30724 43
30724 37824 43
37824 31233 43
31233 15767 43
15767 29671 43
29671 91 43
91 28684 43
28684 26958 43
26958 37295 43
37295 6972 43
6972 24044 43
24044 26282 43
26282 24360 43
24360 18944 43
18944 24668 43
24668 29176 43
29176 12654 43
12654 21460 43
21460 24022 43
24022 23564 43
23564 32011 43
32011 23415 43
23415 21327 43
21327 9850 43
9850 5949 43
5949 15812 43
15812 36877 43
36877 40372 43
40372 13588 43
13588 17701 43
17701 9993 43
9993 41693 43
6905 8375 44
8375 12925 44
12925 36917 44
36917 31596 44
31596 38122 44
38122 10238 44
10238 23632 44
23632 18216 44
18216 40117 44
40117 41316 44
41316 85 44
85 10509 44
10509 41405 44
41405 10877 44
10877 17283 44
17283 24748 44
24748 32393 44
32393 36800 44
36800 22569 44
22569 9094 44
9094 41226 44
41226 13315 44
13315 11265 44
11265 30815 44
30815 33085 44
33085 8248 44
8248 6133 44
6133 14484 44
14484 22116 44
22116 31437 44
31437 28717 44
28717 3790 44
3790 4948 44
4948 25650 44
25650 21689 44
21689 13324 44
13324 17512 44
17512 12774 44
12774 35330 44
35330 35046 44
35046 9566 44
8154 5711 45
5711 33237 45
33237 35027 45
35027 33242 45
33242 18872 45
18872 2351 45
2351 16426 45
16426 37825 45
37825 34400 45
34400 17797 45
17797 37645 45
37645 40785 45
40785 13299 45
13299 40707 45
40707 28335 45
28335 19524 45
19524 26158 45
26158 36854 45
36854 40595 45
40595 9734 45
9734 21340 45
21340 39665 45
39665 37775 45
37775 39293 45
39293 41140 45
41140 11708 45
11708 1391 45
1391 41877 45
41877 19618 45
19618 11199 45
11199 283 45
283 33921 45
33921 9708 45
9708 18292 45
18292 34989 45
34989 27723 45
27723 4908 45
4908 26262 45
26262 34156 45
34156 4102 45
4102 37580 45
25889 41848 46
41848 21224 46
21224 2252 46
2252 18595 46
18595 30611 46
30611 40080 46
40080 41947 46
41947 26706 46
26706 20896 46
20896 26885 46
26885 30627 46
30627 17510 46
17510 35214 46
35214 13031 46
13031 26378 46
26378 21831 46
21831 8490 46
8490 38778 46
38778 10550 46
10550 14695 46
14695 41344 46
41344 10299 46
10299 18991 46
18991 19092 46
19092 46 46
46 23502 46
23502 10647 46
10647 7152 46
7152 36410 46
36410 20003 46
20003 29876 46
29876 34355 46
34355 4026 46
4026 3509 46
3509 20936 46
20936 25756 46
25756 25607 46
25607 21479 46
21479 21992 46
21992 2675 46
2675 25027 46
33746 11317 47
11317 30500 47
30500 28396 47
28396 22648 47
22648 19909 47
19909 28684 47
28684 9897 47
9897 6091 47
6091 20819 47
20819 25978 47
25978 32984 47
32984 641 47
641 31304 47
31304 23061 47
23061 20847 47
20847 41791 47
41791 3209 47
3209 13167 47
13167 8456 47
8456 2882 47
2882 21700 47
21700 41227 47
41227 9708 47
9708 4688 47
4688 16383 47
16383 1800 47
1800 35461 47
35461 54 47
54 37474 47
37474 24328 47
24328 35265 47
35265 21197 47
21197 6796 47
6796 6862 47
6862 23272 47
23272 15695 47
15695 16227 47
16227 1642 47
1642 18530 47
18530 1517 47
1517 15859 47
12267 14868 48
14868 13280 48
13280 4974 48
4974 3740 48
3740 6111 48
6111 18924 48
18924 30594 48
30594 29937 48
29937 32284 48
32284 6904 48
6904 4736 48
4736 36303 48
36303 7983 48
7983 22041 48
22041 27455 48
27455 7864 48
7864 25203 48
25203 22875 48
22875 37972 48
37972 39225 48
39225 7746 48
7746 30001 48
30001 24668 48
24668 35127 48
35127 26302 48
26302 27783 48
27783 508 48
508 17913 48
17913 20421 48
20421 23124 48
23124 6100 48
6100 32274 48
32274 24736 48
24736 15293 48
15293 34750 48
34750 15974 48
15974 35181 48
35181 8484 48
8484 9043 48
9043 36716 48
36716 36017 48
36072 3635 49
3635 13645 49
13645 7719 49
7719 12064 49
12064 5328 49
5328 37504 49
37504 5668 49
5668 33 49
33 4842 49
4842 26488 49
26488 33694 49
33694 39633 49
39633 30365 49
30365 26857 49
26857 38680 49
38680 4902 49
4902 27488 49
27488 24051 49
24051 754 49
754 25095 49
25095 15834 49
15834 23785 49
23785 39085 49
39085 40226 49
40226 18155 49
18155 41542 49
41542 1107 49
1107 5349 49
5349 14810 49
14810 30524 49
30524 24470 49
24470 14337 49
14337 30486 49
30486 31240 49
31240 17314 49
17314 35390 49
35390 5171 49
5171 39439 49
39439 14694 49
14694 12580 49
12580 6125 49
4812 6137 50
6137 25218 50
25218 26889 50
26889 4792 50
4792 12867 50
12867 26233 50
26233 5612 50
5612 14649 50
14649 21730 50
21730 25575 50
25575 41544 50
41544 26509 50
26509 1414 50
1414 14931 50
14931 37564 50
37564 34433 50
34433 10251 50
10251 41318 50
41318 21530 50
21530 3808 50
3808 8448 50
8448 39411 50
39411 38211 50
38211 13845 50
13845 27370 50
27370 39146 50
39146 22041 50
22041 18444 50
18444 41194 50
41194 6665 50
6665 12450 50
12450 5461 50
5461 22002 50
22002 12652 50
12652 12258 50
12258 11353 50
11353 35365 50
35365 6683 50
6683 27650 50
27650 2973 50
2973 14447 50
5017 40480 51
40480 14416 51
14416 19682 51
19682 36403 51
36403 13878 51
13878 12685 51
12685 39013 51
39013 2248 51
2248 28471 51
28471 30228 51
30228 28856 51
28856 12965 51
12965 39484 51
39484 11711 51
11711 21364 51
21364 2798 51
2798 32445 51
32445 33510 51
33510 8220 51
8220 40259 51
40259 13111 51
13111 26873 51
26873 37682 51
37682 37194 51
37194 3898 51
3898 8581 51
8581 8273 51
8273 6689 51
6689 22498 51
22498 13445 51
13445 34241 51
34241 928 51
928 22093 51
22093 21489 51
21489 6403 51
6403 19838 51
19838 16655 51
16655 1431 51
1431 27375 51
27375 40954 51
40954 25151 51
37415 35917 52
35917 40348 52
40348 3767 52
3767 1345 52
1345 1765 52
1765 36580 52
36580 1706 52
1706 25182 52
25182 3237 52
3237 25405 52
25405 31875 52
31875 27970 52
27970 19226 52
19226 27311 52
27311 34789 52
34789 4550 52
4550 25653 52
25653 36717 52
36717 14089 52
14089 13237 52
13237 37630 52
37630 9447 52
9447 11408 52
11408 36402 52
36402 25718 52
25718 19723 52
19723 23743 52
23743 2275 52
2275 10848 52
10848 41843 52
41843 7535 52
7535 11507 52
11507 276 52
276 14539 52
14539 37706 52
37706 14356 52
14356 2180 52
2180 38890 52
38890 24373 52
24373 1172 52
1172 7384 52
25096 900 53
900 28626 53
28626 9799 53
9799 4678 53
4678 25227 53
25227 1648 53
1648 25353 53
25353 29996 53
29996 8560 53
8560 20764 53
20764 3337 53
3337 13172 53
13172 18708 53
18708 15067 53
15067 23169 53
23169 39512 53
39512 27477 53
27477 14936 53
14936 141 53
141 19489 53
19489 516 53
516 23669 53
23669 20994 53
20994 41932 53
41932 28384 53
28384 3513 53
3513 25407 53
25407 5082 53
5082 23354 53
23354 23140 53
23140 15439 53
15439 34449 53
34449 22742 53
22742 41855 53
41855 24008 53
24008 39219 53
39219 20611 53
20611 40965 53
40965 20766 53
20766 31826 53
31826 40446 53
38796 23129 54
23129 26688 54
26688 5532 54
5532 14519 54
14519 13850 54
13850 37284 54
37284 5697 54
5697 13833 54
13833 21461 54
21461 35738 54
35738 2918 54
2918 27602 54
27602 7079 54
7079 3679 54
3679 17219 54
17219 19723 54
19723 1196 54
1196 22530 54
22530 4086 54
4086 5042 54
5042 14379 54
14379 823 54
823 14547 54
14547 37524 54
37524 23181 54
23181 12261 54
12261 41542 54
41542 3012 54
3012 19443 54
19443 5248 54
5248 10357 54
10357 22279 54
22279 9783 54
9783 6886 54
6886 35184 54
35184 16467 54
16467 26585 54
26585 27787 54
27787 11107 54
11107 22911 54
22911 6777 54
1552 12246 55
12246 15549 55
15549 8937 55
8937 3573 55
3573 26327 55
26327 1243 55
1243 23777 55
23777 41212 55
41212 18357 55
18357 31651 55
31651 9568 55
9568 30951 55
30951 30042 55
30042 7445 55
7445 4355 55
4355 32450 55
32450 21544 55
21544 30012 55
30012 39138 55
39138 6532 55
6532 35894 55
35894 19394 55
19394 25502 55
25502 4585 55
4585 27008 55
27008 25003 55
25003 29659 55
29659 28525 55
28525 9214 55
9214 28797 55
28797 28349 55
28349 40916 55
40916 41098 55
41098 30604 55
30604 34329 55
34329 33023 55
33023 6990 55
6990 19519 55
19519 1403 55
1403 25800 55
25800 19670 55
17829 3452 56
3452 28240 56
28240 22273 56
22273 17642 56
17642 5716 56
5716 27781 56
27781 16343 56
16343 17982 56
17982 2747 56
2747 27429 56
27429 14776 56
14776 38219 56
38219 34959 56
34959 20990 56
20990 6918 56
6918 15649 56
15649 28961 56
28961 25237 56
25237 3777 56
3777 10899 56
10899 14599 56
14599 36718 56
36718 28597 56
28597 16145 56
16145 21535 56
21535 36195 56
36195 8273 56
8273 16700 56
16700 4351 56
4351 37985 56
37985 5604 56
5604 8543 56
8543 33318 56
33318 6618 56
6618 12238 56
12238 14506 56
14506 20113 56
20113 15051 56
15051 19920 56
19920 10971 56
10971 11963 56
38586 38225 57
38225 10749 57
10749 21681 57
21681 7785 57
7785 23441 57
23441 14468 57
14468 22130 57
22130 33461 57
33461 19361 57
19361 22948 57
22948 8972 57
8972 5284 57
5284 6455 57
6455 36709 57
36709 16278 57
16278 28121 57
28121 16706 57
16706 15033 57
15033 12759 57
12759 26557 57
26557 32 57
32 26167 57
26167 1982 57
1982 9391 57
9391 12398 57
12398 6653 57
6653 37595 57
37595 12172 57
12172 17034 57
17034 21316 57
21316 25959 57
25959 16505 57
16505 27103 57
27103 21068 57
21068 947 57
947 4828 57
4828 17393 57
17393 17059 57
17059 36544 57
36544 14585 57
14585 709 57
951 23481 58
23481 5016 58
5016 10120 58
10120 14465 58
14465 17132 58
17132 18938 58
18938 26050 58
26050 9142 58
9142 37160 58
37160 1273 58
1273 23728 58
23728 8440 58
8440 40795 58
40795 21277 58
21277 2228 58
2228 6318 58
6318 23397 58
23397 6439 58
6439 2852 58
2852 7744 58
7744 35835 58
35835 5342 58
5342 18540 58
18540 29511 58
29511 28379 58
28379 32483 58
32483 10636 58
10636 10197 58
10197 9746 58
9746 16871 58
16871 13457 58
13457 34626 58
34626 39050 58
39050 27978 58
27978 33305 58
33305 41704 58
41704 29178 58
29178 36446 58
36446 10090 58
10090 41395 58
41395 16207 58
41382 8092 59
8092 36774 59
36774 37360 59
37360 7482 59
7482 30655 59
30655 14177 59
14177 32761 59
32761 11071 59
11071 8090 59
8090 35090 59
35090 25823 59
25823 14527 59
14527 11906 59
11906 20415 59
20415 39207 59
39207 3199 59
3199 36430 59
36430 13703 59
13703 7762 59
7762 36438 59
36438 15893 59
15893 16477 59
16477 35152 59
35152 38834 59
38834 36839 59
36839 18814 59
18814 13423 59
13423 8205 59
8205 23931 59
23931 36963 59
36963 2365 59
2365 36862 59
36862 14761 59
14761 10057 59
10057 17036 59
17036 21272 59
21272 25306 59
25306 36696 59
36696 11592 59
11592 40811 59
40811 23932 59
25805 7957 60
7957 10571 60
10571 24740 60
24740 8217 60
8217 11460 60
11460 24859 60
24859 18622 60
18622 10624 60
10624 7644 60
7644 6926 60
6926 35648 60
35648 37241 60
37241 39367 60
39367 1076 60
1076 41244 60
41244 30551 60
30551 21199 60
21199 16028 60
16028 8980 60
8980 40317 60
40317 38134 60
38134 6586 60
6586 9856 60
9856 29289 60
29289 37302 60
37302 38827 60
38827 36668 60
36668 8171 60
8171 416 60
416 2623 60
2623 32522 60
32522 18947 60
18947 25432 60
25432 17174 60
17174 26155 60
26155 35632 60
35632 2248 60
2248 28343 60
28343 12998 60
12998 41475 60
41475 1403 60
11517 8536 61
8536 30428 61
30428 1420 61
1420 2615 61
2615 9016 61
9016 22096 61
22096 39584 61
39584 26078 61
26078 6637 61
6637 2592 61
2592 13279 61
13279 25190 61
25190 15559 61
15559 27329 61
27329 41417 61
41417 19789 61
19789 6149 61
6149 20174 61
20174 26038 61
26038 14443 61
14443 28067 61
28067 16917 61
16917 13880 61
13880 5963 61
5963 21150 61
21150 21047 61
21047 875 61
875 37649 61
37649 18212 61
18212 15748 61
15748 13068 61
13068 9305 61
9305 13489 61
13489 4460 61
4460 7388 61
7388 12721 61
12721 22385 61
22385 31426 61
31426 18930 61
18930 35175 61
35175 8884 61
355 4618 62
4618 17324 62
17324 13324 62
13324 24225 62
24225 38154 62
38154 27313 62
27313 3487 62
3487 11596 62
11596 12937 62
12937 12625 62
12625 11982 62
11982 32754 62
32754 33051 62
33051 20224 62
20224 2546 62
2546 38658 62
38658 31031 62
31031 38718 62
38718 6648 62
6648 38266 62
38266 29816 62
29816 27483 62
27483 2396 62
2396 15485 62
15485 21661 62
21661 20601 62
20601 41943 62
41943 7041 62
7041 33529 62
33529 30892 62
30892 16115 62
16115 27745 62
27745 15679 62
15679 9958 62
9958 36556 62
36556 20460 62
20460 33518 62
33518 21362 62
21362 8265 62
8265 23658 62
23658 6584 62
17798 11901 63
11901 6879 63
6879 24982 63
24982 13923 63
13923 14202 63
14202 28436 63
28436 33894 63
33894 19555 63
19555 13061 63
13061 18469 63
18469 41601 63
41601 12422 63
12422 13144 63
13144 29641 63
29641 33103 63
33103 17793 63
17793 28181 63
28181 40037 63
40037 21279 63
21279 12233 63
12233 27395 63
27395 16289 63
16289 13591 63
13591 22850 63
22850 9729 63
9729 37721 63
37721 24662 63
24662 11857 63
11857 24079 63
24079 4898 63
4898 5746 63
5746 25991 63
25991 39971 63
39971 9703 63
9703 23005 63
23005 17088 63
17088 40067 63
40067 9358 63
9358 16784 63
16784 11878 63
11878 12495 63
29065 39490 64
39490 40803 64
40803 12500 64
12500 20091 64
20091 17147 64
17147 40128 64
40128 9414 64
9414 4699 64
4699 1495 64
1495 17508 64
17508 31628 64
31628 6910 64
6910 14766 64
14766 7402 64
7402 27309 64
27309 40769 64
40769 17954 64
17954 20508 64
20508 9570 64
9570 27294 64
27294 29603 64
29603 15597 64
15597 23815 64
23815 17946 64
17946 27424 64
27424 26503 64
26503 32084 64
32084 26267 64
26267 29317 64
29317 31723 64
31723 39532 64
39532 26738 64
26738 10845 64
10845 35418 64
35418 22496 64
22496 6138 64
6138 10581 64
10581 33856 64
33856 6730 64
6730 14202 64
14202 18385 64
17146 13251 65
13251 38724 65
38724 14341 65
14341 12340 65
12340 23419 65
23419 28378 65
28378 14854 65
14854 7001 65
7001 8405 65
8405 23897 65
23897 3671 65
3671 7972 65
7972 10246 65
10246 40681 65
40681 9145 65
9145 10029 65
10029 38500 65
38500 31637 65
31637 23424 65
23424 32485 65
32485 34010 65
34010 40883 65
40883 1380 65
1380 762 65
762 13238 65
13238 14095 65
14095 4475 65
4475 31376 65
31376 12243 65
12243 12349 65
12349 39605 65
39605 2709 65
2709 37418 65
37418 14424 65
14424 19018 65
19018 19259 65
19259 41659 65
41659 33434 65
33434 9555 65
9555 5253 65
5253 2110 65
40858 34322 66
34322 3774 66
3774 10142 66
10142 33443 66
33443 19682 66
19682 9525 66
9525 10571 66
10571 24123 66
24123 25994 66
25994 18529 66
18529 30045 66
30045 20027 66
20027 14930 66
14930 21485 66
21485 1080 66
1080 24590 66
24590 14237 66
14237 12143 66
12143 29647 66
29647 2628 66
2628 15204 66
15204 9542 66
9542 35433 66
35433 13386 66
13386 9528 66
9528 36211 66
36211 39860 66
39860 34744 66
34744 29936 66
29936 6239 66
6239 9378 66
9378 32348 66
32348 41245 66
41245 2258 66
2258 31092 66
31092 31312 66
31312 11667 66
11667 38245 66
38245 35621 66
35621 11183 66
11183 21570 66
39119 18411 67
18411 17490 67
17490 23277 67
23277 8871 67
8871 38858 67
38858 17111 67
17111 1365 67
1365 19253 67
19253 16028 67
16028 35568 67
35568 565 67
565 1101 67
1101 19690 67
19690 7925 67
7925 10928 67
10928 22284 67
22284 4205 67
4205 37253 67
37253 36421 67
36421 25611 67
25611 32453 67
32453 12914 67
12914 6895 67
6895 36043 67
36043 20018 67
20018 27561 67
27561 7518 67
7518 36549 67
36549 8165 67
8165 21494 67
21494 3574 67
3574 12496 67
12496 36327 67
36327 5588 67
5588 27341 67
27341 20015 67
20015 17082 67
17082 6898 67
6898 6540 67
6540 18359 67
18359 6445 67
29418 23264 68
23264 5788 68
5788 14968 68
14968 34986 68
34986 12256 68
12256 39889 68
39889 773 68
773 20700 68
20700 4960 68
4960 8722 68
8722 35332 68
35332 37208 68
37208 31680 68
31680 13215 68
13215 17156 68
17156 12284 68
12284 21608 68
21608 14528 68
14528 6160 68
6160 24067 68
24067 4923 68
4923 19890 68
19890 28090 68
28090 5398 68
5398 20384 68
20384 24808 68
24808 1325 68
1325 808 68
808 37245 68
37245 15258 68
15258 39816 68
39816 38383 68
38383 21972 68
21972 4506 68
4506 12180 68
12180 25436 68
25436 2893 68
2893 36306 68
36306 8100 68
8100 41832 68
41832 12476 68
23353 28454 69
28454 17043 69
17043 28043 69
28043 29826 69
29826 1761 69
1761 452 69
452 37488 69
37488 37514 69
37514 25117 69
25117 1936 69
1936 35012 69
35012 2269 69
2269 30960 69
30960 7193 69
7193 34187 69
34187 30487 69
30487 14862 69
14862 39028 69
39028 12540 69
12540 32686 69
32686 6285 69
6285 33031 69
33031 3624 69
3624 4202 69
4202 9203 69
9203 16541 69
16541 5510 69
5510 15374 69
15374 40286 69
40286 8850 69
8850 33426 69
33426 30158 69
30158 25545 69
25545 40069 69
40069 16880 69
16880 29269 69
29269 30233 69
30233 7389 69
7389 25187 69
25187 2482 69
2482 22148 69
1853 29226 70
29226 21118 70
21118 21993 70
21993 33245 70
33245 34532 70
34532 38166 70
38166 39822 70
39822 22436 70
22436 26584 70
26584 32759 70
32759 36032 70
36032 5724 70
5724 14586 70
14586 40643 70
40643 31485 70
31485 40407 70
40407 8987 70
8987 28267 70
28267 30666 70
30666 35742 70
35742 104 70
104 19103 70
19103 1034 70
1034 20330 70
20330 34427 70
34427 39710 70
39710 7433 70
7433 34512 70
34512 30484 70
30484 13453 70
13453 27791 70
27791 25941 70
25941 40503 70
40503 33462 70
33462 1293 70
1293 34225 70
34225 39300 70
39300 14485 70
14485 26563 70
26563 20891 70
20891 32915 70
6469 15647 71
15647 41045 71
41045 30216 71
30216 10848 71
10848 4697 71
4697 30237 71
30237 21028 71
21028 40904 71
40904 35183 71
35183 6251 71
6251 20749 71
20749 26390 71
26390 24707 71
24707 22502 71
22502 23895 71
23895 40376 71
40376 28720 71
28720 3755 71
3755 14040 71
14040 17570 71
17570 25097 71
25097 33461 71
33461 8976 71
8976 3753 71
3753 3022 71
3022 18965 71
18965 39200 71
39200 3081 71
3081 31652 71
31652 38173 71
38173 17015 71
17015 3151 71
3151 38932 71
38932 37326 71
37326 36396 71
36396 12406 71
12406 8993 71
8993 3946 71
3946 1086 71
1086 14711 71
14711 29296 71
1219 38125 72
38125 11619 72
11619 1237 72
1237 12920 72
12920 8142 72
8142 15803 72
15803 22730 72
22730 29819 72
29819 807 72
807 5152 72
5152 5519 72
5519 18427 72
18427 5866 72
5866 22384 72
22384 6346 72
6346 29497 72
29497 32339 72
32339 21114 72
21114 22444 72
22444 11605 72
11605 13896 72
13896 27165 72
27165 14046 72
14046 40600 72
40600 12786 72
12786 18518 72
18518 31557 72
31557 5725 72
5725 7147 72
7147 23986 72
23986 15839 72
15839 27446 72
27446 9208 72
9208 13140 72
13140 25423 72
25423 32398 72
32398 34963 72
34963 12058 72
12058 14708 72
14708 27661 72
27661 12121 72
37424 10365 73
10365 38142 73
38142 23432 73
23432 18787 73
18787 18429 73
18429 40270 73
40270 15692 73
15692 30757 73
30757 4042 73
4042 19500 73
19500 27077 73
27077 19220 73
19220 746 73
746 3176 73
3176 19522 73
19522 23108 73
23108 12744 73
12744 703 73
703 24439 73
24439 3376 73
3376 17368 73
17368 18079 73
18079 13693 73
13693 27914 73
27914 6918 73
6918 1525 73
1525 22596 73
22596 4323 73
4323 3981 73
3981 12409 73
12409 13372 73
13372 32800 73
32800 13835 73
13835 21549 73
21549 26360 73
26360 3404 73
3404 17197 73
17197 18665 73
18665 3978 73
3978 8575 73
8575 4884 73
18876 21234 74
21234 28409 74
28409 16559 74
16559 35645 74
35645 40654 74
40654 22558 74
22558 29271 74
29271 25988 74
25988 32619 74
32619 36446 74
36446 25276 74
25276 7992 74
7992 24870 74
24870 143 74
143 25694 74
25694 27729 74
27729 30459 74
30459 32841 74
32841 22052 74
22052 21659 74
21659 10061 74
10061 11347 74
11347 8106 74
8106 9141 74
9141 28767 74
28767 19572 74
19572 11784 74
11784 6396 74
6396 11063 74
11063 24937 74
24937 10597 74
10597 32005 74
32005 22157 74
22157 21324 74
21324 40871 74
40871 12000 74
12000 19593 74
19593 37787 74
37787 25975 74
25975 1558 74
1558 34977 74
19996 17524 75
17524 30165 75
30165 10038 75
10038 41860 75
41860 2879 75
2879 21256 75
21256 41356 75
41356 6266 75
6266 22394 75
22394 16284 75
16284 20355 75
20355 2420 75
2420 19032 75
19032 35134 75
35134 34444 75
34444 21657 75
21657 23963 75
23963 25157 75
25157 29160 75
29160 34279 75
34279 23939 75
23939 646 75
646 41880 75
41880 26483 75
26483 7979 75
7979 38865 75
38865 32434 75
32434 32967 75
32967 34185 75
34185 27263 75
27263 36784 75
36784 30613 75
30613 16425 75
16425 6498 75
6498 14471 75
14471 23537 75
23537 36998 75
36998 23503 75
23503 28806 75
28806 22324 75
22324 18621 75
360 8384 76
8384 11887 76
11887 4893 76
4893 29089 76
29089 23959 76
23959 950 76
950 41346 76
41346 748 76
748 7334 76
7334 40740 76
40740 5375 76
5375 12129 76
12129 96 76
96 12335 76
12335 10469 76
10469 22649 76
22649 1109 76
1109 20000 76
20000 39894 76
39894 30312 76
30312 35699 76
35699 24771 76
24771 22680 76
22680 36236 76
36236 37891 76
37891 17491 76
17491 21305 76
21305 26826 76
26826 27284 76
27284 27638 76
27638 20767 76
20767 10802 76
10802 22784 76
22784 2137 76
2137 8783 76
8783 25561 76
25561 14097 76
14097 19089 76
19089 31674 76
31674 33998 76
33998 38127 76
21288 9513 77
9513 35665 77
35665 20174 77
20174 974 77
974 2108 77
2108 14790 77
14790 22200 77
22200 35034 77
35034 38993 77
38993 32928 77
32928 7257 77
7257 12227 77
12227 36588 77
36588 17994 77
17994 40716 77
40716 2262 77
2262 36072 77
36072 29674 77
29674 20997 77
20997 17152 77
17152 27128 77
27128 38631 77
38631 31274 77
31274 16211 77
16211 28492 77
28492 38202 77
38202 16429 77
16429 3232 77
3232 10657 77
10657 37184 77
37184 38811 77
38811 10944 77
10944 13985 77
13985 36059 77
36059 31431 77
31431 23662 77
23662 9201 77
9201 37514 77
37514 8053 77
8053 20788 77
20788 23251 77
22982 32474 78
32474 17911 78
17911 37138 78
37138 25763 78
25763 21242 78
21242 11802 78
11802 11864 78
11864 4081 78
4081 41284 78
41284 7183 78
7183 36891 78
36891 41352 78
41352 2646 78
2646 19770 78
19770 37443 78
37443 26082 78
26082 28733 78
28733 28024 78
28024 33301 78
33301 29958 78
29958 6049 78
6049 749 78
749 26776 78
26776 31015 78
31015 26368 78
26368 31844 78
31844 3265 78
3265 5360 78
5360 25815 78
25815 32634 78
32634 33779 78
33779 24541 78
24541 8953 78
8953 16569 78
16569 30745 78
30745 20177 78
20177 4290 78
4290 17471 78
17471 23107 78
23107 33721 78
33721 9478 78
7827 3069 79
3069 35747 79
35747 26036 79
26036 17780 79
17780 37706 79
37706 31921 79
31921 15944 79
15944 13984 79
13984 4848 79
4848 29377 79
29377 34503 79
34503 32088 79
32088 14398 79
14398 39914 79
39914 39102 79
39102 35694 79
35694 384 79
384 4850 79
4850 36853 79
36853 7060 79
7060 1543 79
1543 26302 79
26302 41321 79
41321 3328 79
3328 18078 79
18078 36083 79
36083 41681 79
41681 41244 79
41244 1693 79
1693 3922 79
3922 34620 79
34620 12042 79
12042 32139 79
32139 11396 79
11396 5146 79
5146 33166 79
33166 2054 79
2054 3149 79
3149 2365 79
2365 19648 79
19648 5913 79
6467 33455 80
33455 6520 80
6520 6682 80
6682 1313 80
1313 7883 80
7883 29974 80
29974 15071 80
15071 40367 80
40367 20017 80
20017 34172 80
34172 19596 80
19596 7335 80
7335 9325 80
9325 11316 80
11316 26196 80
26196 21126 80
21126 2485 80
2485 6441 80
6441 3530 80
3530 3060 80
3060 20165 80
20165 20207 80
20207 28459 80
28459 19497 80
19497 25829 80
25829 17309 80
17309 29919 80
29919 19600 80
19600 24792 80
24792 14212 80
14212 32599 80
32599 35031 80
35031 25959 80
25959 23584 80
23584 7928 80
7928 22275 80
22275 15413 80
15413 36950 80
36950 33086 80
33086 19976 80
19976 100 80
40351 6494 81
6494 12815 81
12815 10609 81
10609 17530 81
17530 36692 81
36692 11692 81
11692 8383 81
8383 37218 81
37218 8558 81
8558 3724 81
3724 15645 81
15645 14479 81
14479 12507 81
12507 35163 81
35163 13997 81
13997 11417 81
11417 11738 81
11738 35001 81
35001 34759 81
34759 4319 81
4319 24891 81
24891 37174 81
37174 12192 81
12192 904 81
904 6350 81
6350 33800 81
33800 15549 81
15549 12324 81
12324 15802 81
15802 27367 81
27367 24104 81
24104 10967 81
10967 30019 81
30019 36289 81
36289 11949 81
11949 22917 81
22917 35718 81
35718 39145 81
39145 988 81
988 15829 81
15829 2403 81
22188 4391 82
4391 4318 82
4318 23347 82
23347 15630 82
15630 2861 82
2861 35813 82
35813 6805 82
6805 5894 82
5894 26666 82
26666 11602 82
11602 30749 82
30749 27981 82
27981 29028 82
29028 5716 82
5716 18442 82
18442 32332 82
32332 31475 82
31475 10363 82
10363 20205 82
20205 9585 82
9585 28110 82
28110 35930 82
35930 7397 82
7397 8472 82
8472 3355 82
3355 30703 82
30703 32584 82
32584 41113 82
41113 41222 82
41222 34705 82
34705 24440 82
24440 32018 82
32018 30775 82
30775 38598 82
38598 32941 82
32941 8114 82
8114 35884 82
35884 25694 82
25694 29142 82
29142 7647 82
7647 23403 82
18104 6270 83
6270 21015 83
21015 1718 83
1718 25980 83
25980 12541 83
12541 29930 83
29930 14332 83
14332 29964 83
29964 27865 83
27865 38907 83
38907 3196 83
3196 37096 83
37096 27827 83
27827 32662 83
32662 33133 83
33133 26957 83
26957 3271 83
3271 14955 83
14955 9898 83
9898 955 83
955 30841 83
30841 16762 83
16762 35075 83
35075 31617 83
31617 6913 83
6913 38724 83
38724 428 83
428 26978 83
26978 8427 83
8427 18350 83
18350 36420 83
36420 30107 83
30107 21898 83
21898 39155 83
39155 11910 83
11910 5820 83
5820 5074 83
5074 19515 83
19515 28043 83
28043 25325 83
25325 25295 83
14108 26227 84
26227 30681 84
30681 7996 84
7996 17878 84
17878 7263 84
7263 10957 84
10957 22732 84
22732 18230 84
18230 29072 84
29072 40838 84
40838 22776 84
22776 19823 84
19823 32839 84
32839 27351 84
27351 17101 84
17101 41066 84
41066 11591 84
11591 22020 84
22020 32055 84
32055 40922 84
40922 19143 84
19143 35067 84
35067 8432 84
8432 21980 84
21980 17407 84
17407 35695 84
35695 2412 84
2412 39312 84
39312 28743 84
28743 19707 84
19707 11388 84
11388 26526 84
26526 23248 84
23248 37357 84
37357 36519 84
36519 40429 84
40429 7810 84
7810 12284 84
12284 10533 84
10533 5875 84
5875 11807 84
23443 35411 85
35411 32344 85
32344 142 85
142 36059 85
36059 30326 85
30326 33548 85
33548 5762 85
5762 21237 85
21237 33700 85
33700 28072 85
28072 10386 85
10386 33717 85
33717 15417 85
15417 26748 85
26748 23084 85
23084 24928 85
24928 33319 85
33319 32229 85
32229 7424 85
7424 40692 85
40692 7359 85
7359 39489 85
39489 16393 85
16393 9845 85
9845 8438 85
8438 9219 85
9219 14602 85
14602 21181 85
21181 10412 85
10412 4374 85
4374 6708 85
6708 30098 85
30098 5238 85
5238 1612 85
1612 921 85
921 29223 85
29223 26547 85
26547 27866 85
27866 38885 85
38885 15797 85
15797 3856 85
10632 33610 86
33610 3877 86
3877 25987 86
25987 7039 86
7039 20027 86
20027 15888 86
15888 8134 86
8134 3597 86
3597 21213 86
21213 28911 86
28911 30611 86
30611 34501 86
34501 28457 86
28457 18146 86
18146 39361 86
39361 31173 86
31173 34097 86
34097 27331 86
27331 18118 86
18118 36786 86
36786 19942 86
19942 23815 86
23815 10388 86
10388 30780 86
30780 14168 86
14168 13362 86
13362 22 86
22 17364 86
17364 34279 86
34279 38346 86
38346 4538 86
4538 6023 86
6023 14005 86
14005 24260 86
24260 18239 86
18239 21803 86
21803 12847 86
12847 26432 86
26432 30769 86
30769 7309 86
7309 1943 86
30437 26701 87
26701 25973 87
25973 34106 87
34106 33764 87
33764 2671 87
2671 12174 87
12174 14301 87
14301 10768 87
10768 8254 87
8254 18148 87
18148 20283 87
20283 18609 87
18609 19012 87
19012 14458 87
14458 38079 87
38079 8281 87
8281 32587 87
32587 20785 87
20785 5702 87
5702 40891 87
40891 26655 87
26655 19172 87
19172 13939 87
13939 24442 87
24442 15909 87
15909 31201 87
31201 11539 87
11539 20317 87
20317 3951 87
3951 27412 87
27412 11351 87
11351 16840 87
16840 36304 87
36304 33130 87
33130 14441 87
14441 28144 87
28144 30486 87
30486 20667 87
20667 35125 87
35125 8898 87
8898 41653 87
24159 16995 88
16995 8494 88
8494 1159 88
1159 15093 88
15093 36854 88
36854 29692 88
29692 19738 88
19738 28529 88
28529 12692 88
12692 32531 88
32531 20597 88
20597 2451 88
2451 7715 88
7715 16248 88
16248 37931 88
37931 32421 88
32421 20416 88
20416 8011 88
8011 5625 88
5625 36602 88
36602 15103 88
15103 34451 88
34451 19929 88
19929 22103 88
22103 36099 88
36099 5984 88
5984 31942 88
31942 40499 88
40499 19235 88
19235 29582 88
29582 34980 88
34980 9606 88
9606 1854 88
1854 10812 88
10812 40112 88
40112 23635 88
23635 15606 88
15606 25710 88
25710 35983 88
35983 14427 88
14427 13634 88
1019 24545 89
24545 3958 89
3958 13886 89
13886 28261 89
28261 26198 89
26198 20675 89
20675 17153 89
17153 8337 89
8337 7496 89
7496 31398 89
31398 33055 89
33055 21834 89
21834 6446 89
6446 8671 89
8671 14041 89
14041 35615 89
35615 7656 89
7656 21564 89
21564 22834 89
22834 25808 89
25808 1898 89
1898 24914 89
24914 11763 89
11763 21158 89
21158 10679 89
10679 22884 89
22884 27106 89
27106 41977 89
41977 5722 89
5722 36618 89
36618 21127 89
21127 32291 89
32291 1176 89
1176 4490 89
4490 2553 89
2553 20466 89
20466 21951 89
21951 19233 89
19233 2221 89
2221 6634 89
6634 37341 89
16035 22459 90
22459 15534 90
15534 31337 90
31337 21971 90
21971 27545 90
27545 31352 90
31352 27123 90
27123 1146 90
1146 32482 90
32482 40757 90
40757 40280 90
40280 5535 90
5535 1646 90
1646 34580 90
34580 15122 90
15122 22841 90
22841 12626 90
12626 14838 90
14838 537 90
537 32213 90
32213 28931 90
28931 18532 90
18532 41064 90
41064 17442 90
17442 34095 90
34095 24820 90
24820 38498 90
38498 36793 90
36793 20032 90
20032 7946 90
7946 11145 90
11145 34175 90
34175 21557 90
21557 30066 90
30066 27851 90
27851 18709 90
18709 30096 90
30096 27574 90
27574 30124 90
30124 8486 90
8486 31244 90
5709 26814 91
26814 34647 91
34647 19826 91
19826 11542 91
11542 27768 91
27768 30214 91
30214 6384 91
6384 18716 91
18716 22262 91
22262 11 91
11 14574 91
14574 20939 91
20939 21023 91
21023 32460 91
32460 8511 91
8511 25246 91
25246 32688 91
32688 23185 91
23185 17914 91
17914 2932 91
2932 1958 91
1958 19722 91
19722 21251 91
21251 4595 91
4595 14031 91
14031 29038 91
29038 41252 91
41252 23875 91
23875 18298 91
18298 27451 91
27451 33734 91
33734 34685 91
34685 39075 91
39075 36856 91
36856 27095 91
27095 11885 91
11885 30934 91
30934 40632 91
40632 16106 91
16106 20640 91
20640 9221 91
25543 34937 92
34937 31786 92
31786 6622 92
6622 21048 92
21048 4889 92
4889 39442 92
39442 33162 92
33162 39964 92
39964 37108 92
37108 15567 92
15567 26029 92
26029 3439 92
3439 38910 92
38910 3320 92
3320 37820 92
37820 11314 92
11314 3348 92
3348 39815 92
39815 8367 92
8367 40450 92
40450 8924 92
8924 10461 92
10461 2040 92
2040 31710 92
31710 36588 92
36588 18580 92
18580 6497 92
6497 21790 92
21790 14198 92
14198 8672 92
8672 1089 92
1089 21677 92
21677 36320 92
36320 25770 92
25770 28829 92
28829 15178 92
15178 16343 92
16343 35073 92
35073 8393 92
8393 40449 92
40449 11987 92
13469 12221 93
12221 15104 93
15104 10796 93
10796 26172 93
26172 2604 93
2604 5251 93
5251 4389 93
4389 8767 93
8767 358 93
358 19171 93
19171 32911 93
32911 33692 93
33692 31785 93
31785 27907 93
27907 21025 93
21025 8445 93
8445 18647 93
18647 34076 93
34076 8713 93
8713 29374 93
29374 1555 93
1555 18275 93
18275 5766 93
5766 8987 93
8987 26381 93
26381 1677 93
1677 38225 93
38225 1866 93
1866 19648 93
19648 41493 93
41493 33058 93
33058 41044 93
41044 24777 93
24777 25688 93
25688 15079 93
15079 32295 93
32295 39389 93
39389 38716 93
38716 35213 93
35213 36682 93
36682 31789 93
5219 40223 94
40223 12776 94
12776 3953 94
3953 29253 94
29253 8207 94
8207 25053 94
25053 14929 94
14929 20480 94
20480 34529 94
34529 1907 94
1907 11415 94
11415 28104 94
28104 22679 94
22679 21530 94
21530 10991 94
10991 34966 94
34966 7996 94
7996 27994 94
27994 26859 94
26859 6650 94
6650 30754 94
30754 38045 94
38045 6938 94
6938 30773 94
30773 21914 94
21914 23157 94
23157 5309 94
5309 16801 94
16801 12477 94
12477 16807 94
16807 28979 94
28979 14926 94
14926 39702 94
39702 4533 94
4533 2487 94
2487 11935 94
11935 9979 94
9979 34501 94
34501 33299 94
33299 10637 94
10637 21436 94
21239 19500 95
19500 17812 95
17812 8275 95
8275 34163 95
34163 433 95
433 16151 95
16151 30981 95
30981 3291 95
3291 41669 95
41669 34482 95
34482 1652 95
1652 32449 95
32449 16808 95
16808 19978 95
19978 24433 95
24433 32705 95
32705 20634 95
20634 2634 95
2634 2960 95
2960 7612 95
7612 3844 95
3844 36960 95
36960 25643 95
25643 28637 95
28637 11512 95
11512 28796 95
28796 28450 95
28450 29606 95
29606 18061 95
18061 33923 95
33923 4441 95
4441 30583 95
30583 31960 95
31960 30476 95
30476 25497 95
25497 11322 95
11322 38331 95
38331 38667 95
38667 11021 95
11021 20588 95
20588 39613 95
32784 16989 96
16989 31395 96
31395 8453 96
8453 11333 96
11333 16245 96
16245 32878 96
32878 20809 96
20809 32269 96
32269 33146 96
33146 28359 96
28359 33983 96
33983 17465 96
17465 37774 96
37774 8868 96
8868 9972 96
9972 5725 96
5725 8426 96
8426 11115 96
11115 11139 96
11139 41123 96
41123 40042 96
40042 2541 96
2541 8451 96
8451 21462 96
21462 10394 96
10394 40326 96
40326 30430 96
30430 25706 96
25706 3537 96
3537 16228 96
16228 11928 96
11928 6323 96
6323 41117 96
41117 24809 96
24809 35403 96
35403 32556 96
32556 22147 96
22147 41034 96
41034 22749 96
22749 11187 96
11187 34099 96
3919 21884 97
21884 37949 97
37949 17940 97
17940 29522 97
29522 32601 97
32601 25541 97
25541 35926 97
35926 14930 97
14930 22090 97
22090 7924 97
7924 18363 97
18363 30846 97
30846 5121 97
5121 15122 97
15122 3889 97
3889 11550 97
11550 31132 97
31132 15428 97
15428 35728 97
35728 16468 97
16468 1033 97
1033 40709 97
40709 4108 97
4108 37901 97
37901 14989 97
14989 15189 97
15189 14173 97
14173 15520 97
15520 10918 97
10918 34838 97
34838 38244 97
38244 1616 97
1616 35489 97
35489 15239 97
15239 7373 97
7373 27201 97
27201 31718 97
31718 12297 97
12297 717 97
717 22443 97
22443 40622 97
29130 31763 98
31763 367 98
367 7492 98
7492 41077 98
41077 22599 98
22599 37392 98
37392 22054 98
22054 32664 98
32664 12286 98
12286 3379 98
3379 82 98
82 29371 98
29371 17567 98
17567 19123 98
19123 11942 98
11942 13863 98
13863 34301 98
34301 7217 98
7217 7611 98
7611 26395 98
26395 9814 98
9814 12204 98
12204 16504 98
16504 16175 98
16175 12188 98
12188 2515 98
2515 39099 98
39099 19090 98
19090 31344 98
31344 8189 98
8189 1162 98
1162 20724 98
20724 11797 98
11797 41006 98
41006 6428 98
6428 27759 98
27759 34186 98
34186 12479 98
12479 4129 98
4129 23580 98
23580 35656 98
28513 25446 99
25446 31697 99
31697 40191 99
40191 28924 99
28924 34392 99
34392 29272 99
29272 25203 99
25203 17881 99
17881 3727 99
3727 29492 99
29492 29676 99
29676 14250 99
14250 7495 99
7495 18125 99
18125 31829 99
31829 13539 99
13539 17088 99
17088 29303 99
29303 918 99
918 2922 99
2922 13772 99
13772 2366 99
2366 341 99
341 14839 99
14839 39172 99
39172 34092 99
34092 17583 99
17583 22823 99
22823 15119 99
15119 4766 99
4766 11175 99
11175 41461 99
41461 27960 99
27960 5661 99
5661 40775 99
40775 30029 99
30029 25921 99
25921 7958 99
7958 26947 99
26947 10673 99
10673 16233 99
30879 12893 100
12893 10885 100
10885 30103 100
30103 16147 100
16147 10127 100
10127 1856 100
1856 15060 100
15060 25761 100
25761 41994 100
41994 10720 100
10720 15555 100
15555 10689 100
10689 9983 100
9983 18058 100
18058 15709 100
15709 1745 100
1745 39919 100
39919 15551 100
15551 4577 100
4577 7048 100
7048 19596 100
19596 9461 100
9461 28998 100
28998 10302 100
10302 37191 100
37191 2752 100
2752 16188 100
16188 37578 100
37578 35021 100
35021 23897 100
23897 5477 100
5477 12567 100
12567 771 100
771 27264 100
27264 18945 100
18945 32251 100
32251 11181 100
11181 33463 100
33463 8136 100
8136 35325 100
35325 39400 100
14398 18658 101
18658 18390 101
18390 34729 101
34729 23723 101
23723 9565 101
9565 38490 101
38490 897 101
897 37646 101
37646 26910 101
26910 26815 101
26815 7575 101
7575 29126 101
29126 24305 101
24305 24206 101
24206 11595 101
11595 438 101
438 20042 101
20042 20964 101
20964 12683 101
12683 35986 101
35986 15570 101
15570 29168 101
29168 18291 101
18291 4359 101
4359 8096 101
8096 12625 101
12625 3789 101
3789 34602 101
34602 6045 101
6045 40985 101
40985 22003 101
22003 1220 101
1220 32206 101
32206 31801 101
31801 5610 101
5610 16574 101
16574 25091 101
25091 2023 101
2023 24905 101
24905 27330 101
27330 35648 101
18738 39593 102
39593 17208 102
17208 30933 102
30933 1622 102
1622 3551 102
3551 17497 102
17497 36667 102
36667 23372 102
23372 38782 102
38782 27655 102
27655 13370 102
13370 37648 102
37648 36430 102
36430 1249 102
1249 31734 102
31734 3287 102
3287 33703 102
33703 15792 102
15792 5557 102
5557 39876 102
39876 2691 102
2691 39265 102
39265 1540 102
1540 4518 102
4518 10740 102
10740 3337 102
3337 12287 102
12287 10641 102
10641 641 102
641 28438 102
28438 17625 102
17625 26682 102
26682 33182 102
33182 23373 102
23373 31922 102
31922 37823 102
37823 20318 102
20318 23181 102
23181 18500 102
18500 34917 102
34917 10859 102
38604 33146 103
33146 28231 103
28231 30728 103
30728 23966 103
23966 17164 103
17164 29584 103
29584 1789 103
1789 41850 103
41850 10406 103
10406 16783 103
16783 33543 103
33543 31065 103
31065 41220 103
41220 19879 103
19879 7771 103
7771 23669 103
23669 41843 103
41843 6047 103
6047 5483 103
5483 8267 103
8267 22673 103
22673 23636 103
23636 11287 103
11287 41723 103
41723 27743 103
27743 28644 103
28644 37611 103
37611 24145 103
24145 8287 103
8287 25989 103
25989 38447 103
38447 27433 103
27433 25689 103
25689 36434 103
36434 34358 103
34358 27574 103
27574 30997 103
30997 11727 103
11727 752 103
752 20849 103
20849 15091 103
24121 9822 104
9822 7794 104
7794 27078 104
27078 17047 104
17047 9449 104
9449 8049 104
8049 15167 104
15167 22555 104
22555 32378 104
32378 40331 104
40331 39970 104
39970 32120 104
32120 14689 104
14689 5224 104
5224 12566 104
12566 15566 104
15566 37603 104
37603 29138 104
29138 6396 104
6396 27665 104
27665 573 104
573 12811 104
12811 17881 104
17881 33469 104
33469 23635 104
23635 27877 104
27877 1842 104
1842 6156 104
6156 7730 104
7730 22388 104
22388 21883 104
21883 41130 104
41130 11116 104
11116 11603 104
11603 37065 104
37065 12729 104
12729 20713 104
20713 27045 104
27045 13475 104
13475 28218 104
28218 39053 104
37619 15765 105
15765 39065 105
39065 11211 105
11211 12231 105
12231 8262 105
8262 5726 105
5726 5176 105
5176 26587 105
26587 20605 105
20605 40762 105
40762 29033 105
29033 11286 105
11286 36109 105
36109 32720 105
32720 15023 105
15023 19146 105
19146 14479 105
14479 19331 105
19331 27637 105
27637 34593 105
34593 12788 105
12788 14843 105
14843 36509 105
36509 30286 105
30286 1833 105
1833 27789 105
27789 9427 105
9427 10049 105
10049 6376 105
6376 17886 105
17886 952 105
952 20420 105
20420 17313 105
17313 9346 105
9346 26023 105
26023 35289 105
35289 22177 105
22177 15707 105
15707 20013 105
20013 6794 105
6794 20211 105
27529 12010 106
12010 34344 106
34344 4873 106
4873 10911 106
10911 28372 106
28372 2792 106
2792 36191 106
36191 7907 106
7907 11796 106
11796 28601 106
28601 35745 106
35745 4462 106
4462 11275 106
11275 38324 106
38324 20586 106
20586 4881 106
4881 13473 106
13473 35692 106
35692 36028 106
36028 20100 106
20100 36911 106
36911 121 106
121 10526 106
10526 11373 106
11373 36195 106
36195 17785 106
17785 39414 106
39414 29200 106
29200 16238 106
16238 28509 106
28509 8796 106
8796 7797 106
7797 35227 106
35227 11054 106
11054 35328 106
35328 2275 106
2275 20855 106
20855 13635 106
13635 24723 106
24723 20720 106
20720 39020 106
21501 29069 107
29069 39325 107
39325 8758 107
8758 37161 107
37161 10270 107
10270 14864 107
14864 25897 107
25897 12530 107
12530 9179 107
9179 16419 107
16419 41068 107
41068 29202 107
29202 9601 107
9601 28340 107
28340 11464 107
11464 20756 107
20756 14467 107
14467 38915 107
38915 651 107
651 40275 107
40275 11269 107
11269 15597 107
15597 33594 107
33594 23713 107
23713 39615 107
39615 26033 107
26033 9582 107
9582 5531 107
5531 4511 107
4511 11836 107
11836 33521 107
33521 30656 107
30656 3268 107
3268 38541 107
38541 40746 107
40746 34593 107
34593 32183 107
32183 34823 107
34823 29587 107
29587 14695 107
14695 21319 107
13620 36674 108
36674 31195 108
31195 35680 108
35680 1148 108
1148 10733 108
10733 19103 108
19103 3852 108
3852 30243 108
30243 36453 108
36453 26001 108
26001 7895 108
7895 1062 108
1062 29758 108
29758 11072 108
11072 21929 108
21929 19994 108
19994 40270 108
40270 7306 108
7306 30818 108
30818 32656 108
32656 16675 108
16675 36791 108
36791 22883 108
22883 21265 108
21265 28847 108
28847 28622 108
28622 18023 108
18023 13563 108
13563 14817 108
14817 5357 108
5357 12094 108
12094 19949 108
19949 18095 108
18095 17569 108
17569 692 108
692 6734 108
6734 5304 108
5304 35604 108
35604 35573 108
35573 4959 108
4959 12351 108
40504 2098 109
2098 36300 109
36300 8041 109
8041 17190 109
17190 14322 109
14322 34407 109
34407 5309 109
5309 20200 109
20200 38667 109
38667 22740 109
22740 41360 109
41360 3651 109
3651 36985 109
36985 26870 109
26870 23889 109
23889 41438 109
41438 15633 109
15633 22781 109
22781 3723 109
3723 25384 109
25384 1418 109
1418 11133 109
11133 7063 109
7063 39691 109
39691 16385 109
16385 12714 109
12714 22782 109
22782 40542 109
40542 2744 109
2744 10796 109
10796 735 109
735 35244 109
35244 25396 109
25396 18978 109
18978 34170 109
34170 12355 109
12355 276 109
276 6127 109
6127 40800 109
40800 28520 109
28520 13367 109
38147 6842 110
6842 23374 110
23374 37796 110
37796 18221 110
18221 309 110
309 39671 110
39671 9623 110
9623 31214 110
31214 29332 110
29332 3770 110
3770 26232 110
26232 30135 110
30135 17869 110
17869 32258 110
32258 23025 110
23025 34254 110
34254 8420 110
8420 13346 110
13346 31820 110
31820 41052 110
41052 25794 110
25794 33546 110
33546 3310 110
3310 4548 110
4548 32729 110
32729 31032 110
31032 9825 110
9825 12101 110
12101 37350 110
37350 38845 110
38845 22469 110
22469 230 110
230 11291 110
11291 9593 110
9593 41088 110
41088 25894 110
25894 34409 110
34409 29904 110
29904 24567 110
24567 4573 110
4573 2706 110
21940 91 111
91 1151 111
1151 22416 111
22416 35458 111
35458 39946 111
39946 41257 111
41257 21371 111
21371 20321 111
20321 3048 111
3048 19200 111
19200 11012 111
11012 41320 111
41320 11698 111
11698 4793 111
4793 23431 111
23431 7690 111
7690 28779 111
28779 21190 111
21190 4336 111
4336 37422 111
37422 26998 111
26998 8417 111
8417 28300 111
28300 26041 111
26041 37958 111
37958 923 111
923 40929 111
40929 23066 111
23066 711 111
711 23196 111
23196 33292 111
33292 24424 111
24424 9034 111
9034 23619 111
23619 1482 111
1482 23991 111
23991 2249 111
2249 7242 111
7242 25987 111
25987 13241 111
13241 18821 111
168 28276 112
28276 38395 112
38395 36823 112
36823 28949 112
28949 32467 112
32467 9925 112
9925 26577 112
26577 17295 112
17295 39653 112
39653 27825 112
27825 32731 112
32731 24607 112
24607 24585 112
24585 38972 112
38972 6008 112
6008 22984 112
22984 24756 112
24756 40123 112
40123 38026 112
38026 36881 112
36881 9651 112
9651 18070 112
18070 20193 112
20193 33915 112
33915 1270 112
1270 11448 112
11448 11634 112
11634 33599 112
33599 4141 112
4141 19864 112
19864 16992 112
16992 11857 112
11857 217 112
217 10115 112
10115 23858 112
23858 23560 112
23560 9113 112
9113 27750 112
27750 41632 112
41632 21432 112
21432 24775 112
37268 21613 113
21613 8503 113
8503 39076 113
39076 564 113
564 32501 113
32501 22549 113
22549 23464 113
23464 32920 113
32920 9958 113
9958 11463 113
11463 34256 113
34256 4040 113
4040 8170 113
8170 36644 113
36644 38602 113
38602 13799 113
13799 6042 113
6042 19525 113
19525 8381 113
8381 26976 113
26976 23218 113
23218 37282 113
37282 3674 113
3674 21852 113
21852 22161 113
22161 21230 113
21230 2453 113
2453 35851 113
35851 31161 113
31161 33961 113
33961 12688 113
12688 24788 113
24788 16073 113
16073 27218 113
27218 17548 113
17548 26144 113
26144 1465 113
1465 18850 113
18850 9057 113
9057 27786 113
27786 40065 113
25964 11419 114
11419 19491 114
19491 23471 114
23471 9761 114
9761 19382 114
19382 19367 114
19367 13137 114
13137 38177 114
38177 41749 114
41749 8871 114
8871 9957 114
9957 12626 114
12626 10907 114
10907 590 114
590 25229 114
25229 5956 114
5956 41062 114
41062 29543 114
29543 4429 114
4429 29626 114
29626 5179 114
5179 30317 114
30317 34283 114
34283 512 114
512 12067 114
12067 40506 114
40506 10757 114
10757 2165 114
2165 38994 114
38994 32839 114
32839 31760 114
31760 19225 114
19225 6943 114
6943 17322 114
17322 17830 114
17830 15207 114
15207 3897 114
3897 9114 114
9114 31957 114
31957 39468 114
39468 73 114
37393 2749 115
2749 32357 115
32357 37999 115
37999 28686 115
28686 19957 115
19957 35644 115
35644 18774 115
18774 17175 115
17175 20957 115
20957 32752 115
32752 22873 115
22873 12935 115
12935 32113 115
32113 28228 115
28228 29282 115
29282 15727 115
15727 11998 115
11998 26461 115
26461 5392 115
5392 37983 115
37983 2490 115
2490 15707 115
15707 34561 115
34561 31582 115
31582 4668 115
4668 39934 115
39934 9009 115
9009 9440 115
9440 11688 115
11688 11129 115
11129 9143 115
9143 29214 115
29214 26692 115
26692 30512 115
30512 16122 115
16122 26704 115
26704 34767 115
34767 21671 115
21671 37223 115
37223 27134 115
27134 27611 115
13715 38824 116
38824 14590 116
14590 21017 116
21017 6730 116
6730 22434 116
22434 35673 116
35673 32371 116
32371 37435 116
37435 3743 116
3743 36212 116
36212 24767 116
24767 40231 116
40231 10035 116
10035 6232 116
6232 27153 116
27153 28543 116
28543 35327 116
35327 33858 116
33858 5731 116
5731 22105 116
22105 15317 116
15317 27139 116
27139 37648 116
37648 10634 116
10634 19304 116
19304 10714 116
10714 30560 116
30560 24661 116
24661 3664 116
3664 8694 116
8694 23790 116
23790 19516 116
19516 32102 116
32102 35651 116
35651 38937 116
38937 4422 116
4422 25861 116
25861 14138 116
14138 15698 116
15698 3962 116
3962 38350 116
29498 21564 117
21564 2005 117
2005 38635 117
38635 31760 117
31760 16890 117
16890 35196 117
35196 8303 117
8303 32309 117
32309 17575 117
17575 7441 117
7441 36769 117
36769 24836 117
24836 14849 117
14849 15974 117
15974 36591 117
36591 13376 117
13376 36488 117
36488 40759 117
40759 9142 117
9142 1798 117
1798 28047 117
28047 28777 117
28777 27394 117
27394 18489 117
18489 27562 117
27562 23420 117
23420 13956 117
13956 24369 117
24369 8752 117
8752 4037 117
4037 37405 117
37405 17891 117
17891 2744 117
2744 1895 117
1895 36899 117
36899 800 117
800 25456 117
25456 15654 117
15654 10365 117
10365 6283 117
6283 35868 117
14109 28181 118
28181 22430 118
22430 23606 118
23606 41087 118
41087 3466 118
3466 4618 118
4618 36688 118
36688 34765 118
34765 27905 118
27905 27013 118
27013 22669 118
22669 30172 118
30172 27678 118
27678 19029 118
19029 38253 118
38253 11659 118
11659 15560 118
15560 34372 118
34372 40352 118
40352 29337 118
29337 11297 118
11297 41920 118
41920 41395 118
41395 35163 118
35163 26897 118
26897 33900 118
33900 26187 118
26187 31635 118
31635 22307 118
22307 8049 118
8049 35367 118
35367 5349 118
5349 19969 118
19969 34948 118
34948 18866 118
18866 24380 118
24380 4751 118
4751 36290 118
36290 6344 118
6344 36781 118
36781 24105 118
29943 24728 119
24728 26561 119
26561 35976 119
35976 24268 119
24268 40404 119
40404 18832 119
18832 12063 119
12063 794 119
794 19770 119
19770 17129 119
17129 41291 119
41291 31315 119
31315 7686 119
7686 32516 119
32516 4226 119
4226 666 119
666 12077 119
12077 20820 119
20820 17790 119
17790 30455 119
30455 32270 119
32270 7916 119
7916 5617 119
5617 40779 119
40779 19368 119
19368 1711 119
1711 19842 119
19842 29937 119
29937 5677 119
5677 19104 119
19104 39239 119
39239 18320 119
18320 19950 119
19950 32436 119
32436 31970 119
31970 25015 119
25015 4073 119
4073 38079 119
38079 16458 119
16458 25081 119
25081 22085 119
27902 11096 120
11096 29208 120
29208 14752 120
14752 28284 120
28284 6514 120
6514 4589 120
4589 24088 120
24088 6555 120
6555 10123 120
10123 20592 120
20592 11392 120
11392 20118 120
20118 12962 120
12962 26075 120
26075 5843 120
5843 2933 120
2933 5191 120
5191 3125 120
3125 16579 120
16579 2469 120
2469 12876 120
12876 16361 120
16361 354 120
354 30509 120
30509 11754 120
11754 8999 120
8999 33585 120
33585 1081 120
1081 8475 120
8475 26543 120
26543 3242 120
3242 9 120
9 15157 120
15157 34803 120
34803 2907 120
2907 4586 120
4586 40257 120
40257 25909 120
25909 1785 120
1785 28438 120
28438 21686 120
2435 8652 121
8652 27523 121
27523 20784 121
20784 27297 121
27297 5689 121
5689 16042 121
16042 22372 121
22372 33600 121
33600 13707 121
13707 25825 121
25825 5977 121
5977 1400 121
1400 40138 121
40138 15649 121
15649 21810 121
21810 35158 121
35158 32344 121
32344 27655 121
27655 8013 121
8013 18049 121
18049 22101 121
22101 37521 121
37521 25246 121
25246 30073 121
30073 25844 121
25844 28234 121
28234 4419 121
4419 1397 121
1397 15656 121
15656 29939 121
29939 1247 121
1247 24577 121
24577 23941 121
23941 836 121
836 27659 121
27659 4137 121
4137 28784 121
28784 24591 121
24591 40474 121
40474 25205 121
25205 15023 121
9868 40638 122
40638 3537 122
3537 8666 122
8666 39123 122
39123 34751 122
34751 25264 122
25264 20632 122
20632 4981 122
4981 30522 122
30522 31939 122
31939 36729 122
36729 13762 122
13762 19213 122
19213 19504 122
19504 32118 122
32118 17601 122
17601 14559 122
14559 4215 122
4215 11198 122
11198 10879 122
10879 2266 122
2266 16006 122
16006 91 122
91 38726 122
38726 24116 122
24116 40914 122
40914 35885 122
35885 25686 122
25686 13482 122
13482 11738 122
11738 10092 122
10092 27244 122
27244 18069 122
18069 33863 122
33863 9566 122
9566 33753 122
33753 20745 122
20745 18045 122
18045 32243 122
32243 14692 122
14692 15934 122
40668 10169 123
10169 15704 123
15704 15074 123
15074 11291 123
11291 30898 123
30898 38557 123
38557 14710 123
14710 4429 123
4429 18961 123
18961 31430 123
31430 22083 123
22083 32176 123
32176 17304 123
17304 18726 123
18726 31184 123
31184 14252 123
14252 28428 123
28428 33478 123
33478 37076 123
37076 39376 123
39376 10569 123
10569 25621 123
25621 3056 123
3056 8751 123
8751 23175 123
23175 3266 123
3266 13278 123
13278 35639 123
35639 31490 123
31490 9570 123
9570 34239 123
34239 14648 123
14648 13810 123
13810 23123 123
23123 27143 123
27143 15050 123
15050 11318 123
11318 26298 123
26298 25201 123
25201 33901 123
33901 7932 123
296 37471 124
37471 29947 124
29947 37384 124
37384 34696 124
34696 4532 124
4532 1533 124
1533 35819 124
35819 1222 124
1222 25235 124
25235 35484 124
35484 19819 124
19819 27975 124
27975 4857 124
4857 14437 124
14437 7529 124
7529 407 124
407 5170 124
5170 37050 124
37050 11772 124
11772 11381 124
11381 5500 124
5500 7185 124
7185 25195 124
25195 35022 124
35022 37805 124
37805 15565 124
15565 36883 124
36883 38789 124
38789 7416 124
7416 16326 124
16326 11400 124
11400 41495 124
41495 19260 124
19260 6821 124
6821 36712 124
36712 24811 124
24811 20438 124
20438 10376 124
10376 7894 124
7894 19378 124
19378 19748 124
40530 10686 125
10686 8584 125
8584 22892 125
22892 33655 125
33655 17448 125
17448 35016 125
35016 21822 125
21822 30280 125
30280 38107 125
38107 16900 125
16900 29156 125
29156 594 125
594 8837 125
8837 1646 125
1646 19878 125
19878 40439 125
40439 4435 125
4435 1638 125
1638 21274 125
21274 12096 125
12096 20992 125
20992 13356 125
13356 14808 125
14808 8626 125
8626 33958 125
33958 5202 125
5202 37811 125
37811 16651 125
16651 27052 125
27052 36128 125
36128 41627 125
41627 36827 125
36827 32146 125
32146 28427 125
28427 12056 125
12056 25047 125
25047 40196 125
40196 30802 125
30802 11524 125
11524 24793 125
24793 23402 125
28712 31382 126
31382 7090 126
7090 32106 126
32106 38808 126
38808 14098 126
14098 8745 126
8745 8594 126
8594 12011 126
12011 41435 126
41435 16066 126
16066 34306 126
34306 35736 126
35736 3301 126
3301 21802 126
21802 10183 126
10183 31590 126
31590 898 126
898 26162 126
26162 21004 126
21004 2489 126
2489 10471 126
10471 5228 126
5228 28516 126
28516 23719 126
23719 3944 126
3944 25435 126
25435 30122 126
30122 21915 126
21915 29798 126
29798 1634 126
1634 2826 126
2826 17921 126
17921 19177 126
19177 14392 126
14392 37340 126
37340 6456 126
6456 39778 126
39778 16549 126
16549 37772 126
37772 8952 126
8952 34735 126
37929 15609 127
15609 4490 127
4490 20951 127
20951 25335 127
25335 34642 127
34642 34842 127
34842 4542 127
4542 33948 127
33948 22172 127
22172 9658 127
9658 9304 127
9304 34929 127
34929 12003 127
12003 6516 127
6516 33673 127
33673 3244 127
3244 41580 127
41580 31101 127
31101 34124 127
34124 6147 127
6147 36683 127
36683 36116 127
36116 1554 127
1554 1634 127
1634 24190 127
24190 6714 127
6714 17929 127
17929 14251 127
14251 8165 127
8165 10709 127
10709 22608 127
22608 11259 127
11259 29556 127
29556 10733 127
10733 30116 127
30116 12401 127
12401 39270 127
39270 30987 127
30987 38926 127
38926 24781 127
24781 9010 127
26343 34495 128
34495 5684 128
5684 22440 128
22440 38648 128
38648 16376 128
16376 22869 128
22869 31253 128
31253 8243 128
8243 11975 128
11975 10687 128
10687 12802 128
12802 938 128
938 14618 128
14618 23087 128
23087 39768 128
39768 28906 128
28906 36174 128
36174 205 128
205 17292 128
17292 12156 128
12156 38809 128
38809 7203 128
7203 16178 128
16178 15262 128
15262 3206 128
3206 27377 128
27377 28816 128
28816 26051 128
26051 41621 128
41621 37033 128
37033 14551 128
14551 25112 128
25112 37649 128
37649 32222 128
32222 24292 128
24292 15930 128
15930 30634 128
30634 9629 128
9629 18522 128
18522 37216 128
37216 8174 128
19837 25324 129
25324 29474 129
29474 33060 129
33060 39273 129
39273 13039 129
13039 7057 129
7057 16518 129
16518 6325 129
6325 20033 129
20033 5636 129
5636 3288 129
3288 7862 129
7862 16520 129
16520 14803 129
14803 35081 129
35081 2381 129
2381 37667 129
37667 34736 129
34736 15133 129
15133 15166 129
15166 31733 129
31733 11250 129
11250 14333 129
14333 6946 129
6946 13495 129
13495 24799 129
24799 39847 129
39847 17383 129
17383 31827 129
31827 2563 129
2563 20168 129
20168 36105 129
36105 30029 129
30029 31182 129
31182 37993 129
37993 5949 129
5949 17528 129
17528 4304 129
4304 25865 129
25865 39092 129
39092 27741 129
16957 9741 130
9741 27567 130
27567 35227 130
35227 36563 130
36563 26094 130
26094 15384 130
15384 32636 130
32636 8754 130
8754 29783 130
29783 25289 130
25289 3150 130
3150 27143 130
27143 4939 130
4939 11791 130
11791 30678 130
30678 5203 130
5203 39925 130
39925 31588 130
31588 22733 130
22733 10170 130
10170 16485 130
16485 8004 130
8004 13061 130
13061 20971 130
20971 2817 130
2817 33602 130
33602 19371 130
19371 40852 130
40852 21968 130
21968 2268 130
2268 7488 130
7488 12571 130
12571 33372 130
33372 8019 130
8019 39167 130
39167 4682 130
4682 30990 130
30990 21652 130
21652 21459 130
21459 40500 130
40500 38913 130
40777 28706 131
28706 1723 131
1723 28726 131
28726 3635 131
3635 20992 131
20992 35101 131
35101 19588 131
19588 14827 131
14827 14227 131
14227 16233 131
16233 15318 131
15318 25228 131
25228 28096 131
28096 28111 131
28111 3336 131
3336 19191 131
19191 8573 131
8573 27445 131
27445 8299 131
8299 22145 131
22145 24960 131
24960 12592 131
12592 9421 131
9421 26692 131
26692 26448 131
26448 14817 131
14817 26852 131
26852 15699 131
15699 15521 131
15521 7536 131
7536 27014 131
27014 8364 131
8364 30194 131
30194 31492 131
31492 29838 131
29838 40269 131
40269 36894 131
36894 26362 131
26362 4751 131
4751 13242 131
13242 34730 131
15538 39542 132
39542 8889 132
8889 18987 132
18987 35506 132
35506 33693 132
33693 9443 132
9443 20389 132
20389 26256 132
26256 34990 132
34990 40375 132
40375 22201 132
22201 41124 132
41124 13485 132
13485 28052 132
28052 34610 132
34610 6131 132
6131 37819 132
37819 8004 132
8004 20879 132
20879 38305 132
38305 9678 132
9678 39468 132
39468 597 132
597 6791 132
6791 3552 132
3552 891 132
891 17276 132
17276 30823 132
30823 4902 132
4902 24335 132
24335 40410 132
40410 41277 132
41277 17178 132
17178 40172 132
40172 16861 132
16861 21516 132
21516 8373 132
8373 21727 132
21727 17044 132
17044 19382 132
19382 30931 132
21131 28972 133
28972 526 133
526 36812 133
36812 4702 133
4702 14580 133
14580 13704 133
13704 30282 133
30282 5815 133
5815 33640 133
33640 27176 133
27176 24260 133
24260 11404 133
11404 40317 133
40317 15538 133
15538 2500 133
2500 37597 133
37597 21975 133
21975 29826 133
29826 29571 133
29571 18443 133
18443 12090 133
12090 22480 133
22480 20795 133
20795 21799 133
21799 15719 133
15719 6746 133
6746 26408 133
26408 12236 133
12236 41419 133
41419 1372 133
1372 24992 133
24992 14633 133
14633 13688 133
13688 14070 133
14070 29101 133
29101 34076 133
34076 19748 133
19748 9710 133
9710 4895 133
4895 35543 133
35543 32442 133
5571 41542 134
41542 33441 134
33441 33985 134
33985 26634 134
26634 8211 134
8211 15524 134
15524 17103 134
17103 33273 134
33273 40297 134
40297 28351 134
28351 19013 134
19013 32006 134
32006 38887 134
38887 6250 134
6250 29654 134
29654 13699 134
13699 23274 134
23274 37573 134
37573 22012 134
22012 739 134
739 12645 134
12645 4678 134
4678 11783 134
11783 4647 134
4647 26838 134
26838 24218 134
24218 7330 134
7330 32139 134
32139 26663 134
26663 23665 134
23665 23886 134
23886 41393 134
41393 25526 134
25526 5174 134
5174 23050 134
23050 23768 134
23768 17691 134
17691 11749 134
11749 14873 134
14873 25256 134
25256 9544 134
12033 4586 135
4586 30137 135
30137 4959 135
4959 16279 135
16279 33974 135
33974 22726 135
22726 23043 135
23043 2907 135
2907 32685 135
32685 28456 135
28456 12057 135
12057 9124 135
9124 7947 135
7947 230 135
230 41955 135
41955 34081 135
34081 31228 135
31228 25220 135
25220 14516 135
14516 2826 135
2826 1463 135
1463 39108 135
39108 20233 135
20233 20295 135
20295 17858 135
17858 35666 135
35666 19016 135
19016 38936 135
38936 33091 135
33091 32898 135
32898 9764 135
9764 22523 135
22523 4004 135
4004 34694 135
34694 26306 135
26306 23670 135
23670 35939 135
35939 3540 135
3540 23884 135
23884 1951 135
1951 4143 135
15900 36451 136
36451 8613 136
8613 950 136
950 15973 136
15973 30021 136
30021 6546 136
6546 31433 136
31433 40079 136
40079 15774 136
15774 3708 136
3708 33741 136
33741 21732 136
21732 19732 136
19732 9807 136
9807 31296 136
31296 17044 136
17044 18155 136
18155 19378 136
19378 8669 136
8669 3074 136
3074 6986 136
6986 3109 136
3109 39152 136
39152 14674 136
14674 11199 136
11199 20949 136
20949 2681 136
2681 14725 136
14725 37937 136
37937 30081 136
30081 13621 136
13621 22710 136
22710 19625 136
19625 17767 136
17767 10963 136
10963 24645 136
24645 10943 136
10943 24580 136
24580 591 136
591 12836 136
12836 17315 136
15906 19864 137
19864 19119 137
19119 2910 137
2910 13248 137
13248 40423 137
40423 17035 137
17035 2983 137
2983 39490 137
39490 2465 137
2465 22378 137
22378 38916 137
38916 14647 137
14647 39467 137
39467 7238 137
7238 38774 137
38774 12714 137
12714 11034 137
11034 18810 137
18810 23718 137
23718 15953 137
15953 16810 137
16810 26060 137
26060 6550 137
6550 4590 137
4590 18142 137
18142 12452 137
12452 9460 137
9460 36869 137
36869 30376 137
30376 39933 137
39933 20005 137
20005 39088 137
39088 7780 137
7780 26573 137
26573 8474 137
8474 19014 137
19014 27456 137
27456 9890 137
9890 13668 137
13668 7695 137
7695 533 137
38345 18641 138
18641 882 138
882 23852 138
23852 31041 138
31041 30861 138
30861 40572 138
40572 30730 138
30730 15675 138
15675 22442 138
22442 32164 138
32164 8289 138
8289 17508 138
17508 31989 138
31989 23843 138
23843 22648 138
22648 16416 138
16416 7664 138
7664 39094 138
39094 21971 138
21971 7988 138
7988 30328 138
30328 38260 138
38260 13000 138
13000 33867 138
33867 3632 138
3632 18275 138
18275 34270 138
34270 12388 138
12388 27044 138
27044 20862 138
20862 8030 138
8030 34913 138
34913 39392 138
39392 12555 138
12555 17693 138
17693 25247 138
25247 6488 138
6488 15824 138
15824 20423 138
20423 19928 138
19928 31532 138
30766 14235 139
14235 3237 139
3237 4440 139
4440 35168 139
35168 35307 139
35307 22700 139
22700 22730 139
22730 29190 139
29190 2633 139
2633 5530 139
5530 28391 139
28391 2066 139
2066 17341 139
17341 13680 139
13680 38367 139
38367 23441 139
23441 36294 139
36294 40508 139
40508 1940 139
1940 5718 139
5718 30921 139
30921 35402 139
35402 8092 139
8092 4947 139
4947 31938 139
31938 27671 139
27671 3574 139
3574 30580 139
30580 23595 139
23595 41756 139
41756 36807 139
36807 33753 139
33753 40219 139
40219 24286 139
24286 785 139
785 6953 139
6953 29684 139
29684 1765 139
1765 15006 139
15006 35626 139
35626 26374 139
28512 16564 140
16564 38584 140
38584 25896 140
25896 34456 140
34456 36833 140
36833 28610 140
28610 6154 140
6154 30686 140
30686 22111 140
22111 23119 140
23119 30138 140
30138 30147 140
30147 28382 140
28382 14764 140
14764 15312 140
15312 24050 140
24050 20566 140
20566 21074 140
21074 2353 140
2353 7410 140
7410 32615 140
32615 39186 140
39186 16976 140
16976 5745 140
5745 11834 140
11834 16601 140
16601 41359 140
41359 23986 140
23986 6800 140
6800 13341 140
13341 412 140
412 28151 140
28151 30905 140
30905 5708 140
5708 544 140
544 37630 140
37630 30741 140
30741 35408 140
35408 18946 140
18946 741 140
741 11970 140
28924 14462 141
14462 12996 141
12996 32812 141
32812 29338 141
29338 7120 141
7120 34883 141
34883 25042 141
25042 25980 141
25980 14041 141
14041 27232 141
27232 9206 141
9206 12043 141
12043 14832 141
14832 14529 141
14529 3119 141
3119 19595 141
19595 2390 141
2390 28472 141
28472 3416 141
3416 2215 141
2215 2644 141
2644 8544 141
8544 40761 141
40761 25586 141
25586 4326 141
4326 29694 141
29694 9163 141
9163 41333 141
41333 25732 141
25732 20147 141
20147 16648 141
16648 33510 141
33510 38382 141
38382 1892 141
1892 34434 141
34434 17580 141
17580 9254 141
9254 39740 141
39740 40102 141
40102 8762 141
8762 9238 141
14581 32793 142
32793 26594 142
26594 10453 142
10453 10749 142
10749 17143 142
17143 26390 142
26390 21797 142
21797 41657 142
41657 6569 142
6569 26807 142
26807 30920 142
30920 26731 142
26731 25432 142
25432 28301 142
28301 30069 142
30069 9193 142
9193 16793 142
16793 22825 142
22825 17480 142
17480 36666 142
36666 22458 142
22458 6944 142
6944 1970 142
1970 39677 142
39677 21101 142
21101 8838 142
8838 21110 142
21110 5023 142
5023 36425 142
36425 6984 142
6984 13935 142
13935 23138 142
23138 3153 142
3153 36838 142
36838 29176 142
29176 9713 142
9713 38771 142
38771 5810 142
5810 37141 142
37141 5183 142
5183 34937 142
12814 7307 143
7307 9310 143
9310 33694 143
33694 35305 143
35305 7976 143
7976 18855 143
18855 40469 143
40469 36160 143
36160 21844 143
21844 29427 143
29427 14693 143
14693 20347 143
20347 32563 143
32563 27347 143
27347 3327 143
3327 5581 143
5581 20336 143
20336 10402 143
10402 2625 143
2625 31986 143
31986 22819 143
22819 37549 143
37549 8280 143
8280 28419 143
28419 35668 143
35668 33443 143
33443 29053 143
29053 28442 143
28442 25208 143
25208 13063 143
13063 39277 143
39277 36090 143
36090 8473 143
8473 34063 143
34063 33822 143
33822 25253 143
25253 19369 143
19369 25695 143
25695 4664 143
4664 39708 143
39708 3289 143
18424 10349 144
10349 5299 144
5299 21180 144
21180 20555 144
20555 39480 144
39480 22041 144
22041 28555 144
28555 26446 144
26446 3986 144
3986 35828 144
35828 23541 144
23541 20635 144
20635 7763 144
7763 15139 144
15139 19370 144
19370 27464 144
27464 4120 144
4120 32565 144
32565 8863 144
8863 454 144
454 36888 144
36888 16737 144
16737 17642 144
17642 27664 144
27664 37949 144
37949 14670 144
14670 11767 144
11767 24088 144
24088 18084 144
18084 4995 144
4995 36859 144
36859 26511 144
26511 18127 144
18127 23760 144
23760 29882 144
29882 2159 144
2159 6246 144
6246 19746 144
19746 18147 144
18147 19006 144
19006 41269 144
19039 39549 145
39549 7272 145
7272 32319 145
32319 39297 145
39297 41802 145
41802 36510 145
36510 38533 145
38533 18838 145
18838 1237 145
1237 6683 145
6683 21110 145
21110 34351 145
34351 24449 145
24449 6466 145
6466 28316 145
28316 12018 145
12018 28626 145
28626 39758 145
39758 31897 145
31897 15226 145
15226 32676 145
32676 1539 145
1539 13560 145
13560 1114 145
1114 2992 145
2992 22441 145
22441 17596 145
17596 18557 145
18557 6289 145
6289 4508 145
4508 16939 145
16939 39473 145
39473 17352 145
17352 9267 145
9267 40864 145
40864 31470 145
31470 21842 145
21842 31862 145
31862 1375 145
1375 8350 145
8350 41371 145
22717 40845 146
40845 32962 146
32962 2232 146
2232 24891 146
24891 4394 146
4394 31190 146
31190 11356 146
11356 17694 146
17694 27103 146
27103 22297 146
22297 24403 146
24403 7673 146
7673 17710 146
17710 19263 146
19263 10940 146
10940 12909 146
12909 35428 146
35428 15322 146
15322 14580 146
14580 38250 146
38250 1512 146
1512 38804 146
38804 14671 146
14671 30899 146
30899 28079 146
28079 26767 146
26767 30240 146
30240 29550 146
29550 7592 146
7592 15040 146
15040 23788 146
23788 4670 146
4670 19476 146
19476 25126 146
25126 23496 146
23496 26441 146
26441 24548 146
24548 38973 146
38973 10651 146
10651 9259 146
9259 24134 146
19157 3653 147
3653 41476 147
41476 11304 147
11304 8928 147
8928 21299 147
21299 7917 147
7917 40442 147
40442 5682 147
5682 35803 147
35803 6067 147
6067 34421 147
34421 29923 147
29923 25425 147
25425 661 147
661 25371 147
25371 928 147
928 14411 147
14411 37955 147
37955 1695 147
1695 38339 147
38339 15250 147
15250 39615 147
39615 37355 147
37355 11288 147
11288 20218 147
20218 8434 147
8434 30217 147
30217 4076 147
4076 31338 147
31338 12802 147
12802 18519 147
18519 24752 147
24752 32884 147
32884 35474 147
35474 37877 147
37877 2937 147
2937 39215 147
39215 38080 147
38080 41895 147
41895 9292 147
9292 39136 147
8080 5166 148
5166 20895 148
20895 41240 148
41240 38192 148
38192 21433 148
21433 26954 148
26954 5318 148
5318 2573 148
2573 37331 148
37331 11787 148
11787 10286 148
10286 9752 148
9752 21126 148
21126 20070 148
20070 5605 148
5605 3460 148
3460 26231 148
26231 27965 148
27965 29273 148
29273 5388 148
5388 6618 148
6618 22317 148
22317 1802 148
1802 23873 148
23873 41775 148
41775 7452 148
7452 31002 148
31002 11289 148
11289 31574 148
31574 27845 148
27845 23302 148
23302 23944 148
23944 37933 148
37933 22787 148
22787 36621 148
36621 21318 148
21318 7578 148
7578 17444 148
17444 25423 148
25423 33784 148
33784 22128 148
13461 11480 149
11480 3459 149
3459 15533 149
15533 27691 149
27691 41243 149
41243 36680 149
36680 2451 149
2451 23125 149
23125 12789 149
12789 3859 149
3859 12320 149
12320 902 149
902 37503 149
37503 31319 149
31319 31549 149
31549 12344 149
12344 13371 149
13371 33354 149
33354 1498 149
1498 40481 149
40481 28817 149
28817 39352 149
39352 36394 149
36394 27003 149
27003 26211 149
26211 40025 149
40025 8671 149
8671 27882 149
27882 20231 149
20231 16695 149
16695 40555 149
40555 9817 149
9817 23133 149
23133 40997 149
40997 6719 149
6719 41297 149
41297 36428 149
36428 22789 149
22789 26814 149
26814 17325 149
17325 8551 149
11978 8854 150
8854 8810 150
8810 10835 150
10835 19548 150
19548 18304 150
18304 7986 150
7986 16796 150
16796 24752 150
24752 3549 150
3549 37584 150
37584 4318 150
4318 14234 150
14234 13973 150
13973 24095 150
24095 11652 150
11652 2043 150
2043 27027 150
27027 38842 150
38842 8123 150
8123 26584 150
26584 14026 150
14026 28358 150
28358 23792 150
23792 23711 150
23711 15747 150
15747 12215 150
12215 29000 150
29000 30580 150
30580 34162 150
34162 5936 150
5936 639 150
639 19596 150
19596 817 150
817 4097 150
4097 34457 150
34457 34181 150
34181 4358 150
4358 6429 150
6429 27224 150
27224 37195 150
37195 1840 150
31847 24982 151
24982 16682 151
16682 21174 151
21174 18742 151
18742 18779 151
18779 2823 151
2823 40077 151
40077 33071 151
33071 18073 151
18073 25333 151
25333 22519 151
22519 37721 151
37721 31008 151
31008 4402 151
4402 22346 151
22346 37882 151
37882 36454 151
36454 40821 151
40821 5444 151
5444 191 151
191 13297 151
13297 26911 151
26911 33874 151
33874 23238 151
23238 40955 151
40955 3469 151
3469 40169 151
40169 18132 151
18132 11260 151
11260 20899 151
20899 13499 151
13499 28813 151
28813 14960 151
14960 27220 151
27220 22142 151
22142 36225 151
36225 30441 151
30441 37752 151
37752 41377 151
41377 2973 151
2973 37830 151
23906 27896 152
27896 37307 152
37307 6650 152
6650 40038 152
40038 36039 152
36039 22103 152
22103 6788 152
6788 23075 152
23075 32082 152
32082 9729 152
9729 24455 152
24455 27565 152
27565 17586 152
17586 29128 152
29128 28596 152
28596 13730 152
13730 22719 152
22719 9768 152
9768 35384 152
35384 41459 152
41459 7889 152
7889 4521 152
4521 37361 152
37361 12439 152
12439 1022 152
1022 4122 152
4122 7616 152
7616 3106 152
3106 37878 152
37878 1338 152
1338 1918 152
1918 38429 152
38429 22248 152
22248 9921 152
9921 12929 152
12929 9553 152
9553 22417 152
22417 17080 152
17080 20006 152
20006 6202 152
6202 19105 152
40570 14326 153
14326 16624 153
16624 13648 153
13648 32297 153
32297 10648 153
10648 5703 153
5703 30691 153
30691 9747 153
9747 2658 153
2658 4261 153
4261 33793 153
33793 21629 153
21629 3791 153
3791 29671 153
29671 35877 153
35877 33202 153
33202 13140 153
13140 35727 153
35727 32206 153
32206 39950 153
39950 11428 153
11428 33128 153
33128 36110 153
36110 39780 153
39780 28284 153
28284 15374 153
15374 26976 153
26976 21755 153
21755 37715 153
37715 32009 153
32009 26407 153
26407 6470 153
6470 11211 153
11211 3760 153
3760 1449 153
1449 31499 153
31499 23886 153
23886 29543 153
29543 41670 153
41670 18470 153
18470 29267 153
2482 10623 154
10623 23108 154
23108 35960 154
35960 471 154
471 30031 154
30031 16579 154
16579 14219 154
14219 32888 154
32888 16389 154
16389 19875 154
19875 23714 154
23714 8123 154
8123 7378 154
7378 23329 154
23329 13761 154
13761 19630 154
19630 8299 154
8299 2613 154
2613 34296 154
34296 30719 154
30719 2697 154
2697 26563 154
26563 39220 154
39220 12050 154
12050 21632 154
21632 40574 154
40574 28836 154
28836 382 154
382 22695 154
22695 25149 154
25149 2140 154
2140 36397 154
36397 6737 154
6737 24747 154
24747 32244 154
32244 22905 154
22905 22864 154
22864 26119 154
26119 28765 154
28765 27162 154
27162 21572 154
31909 35879 155
35879 27108 155
27108 31000 155
31000 16387 155
16387 11268 155
11268 40713 155
40713 36021 155
36021 8562 155
8562 32710 155
32710 32690 155
32690 19721 155
19721 36302 155
36302 34580 155
34580 35425 155
35425 14256 155
14256 14809 155
14809 4465 155
4465 24061 155
24061 13070 155
13070 38236 155
38236 14757 155
14757 11453 155
11453 18847 155
18847 3714 155
3714 27802 155
27802 13041 155
13041 39038 155
39038 14080 155
14080 39427 155
39427 37906 155
37906 15864 155
15864 11644 155
11644 30615 155
30615 11948 155
11948 20363 155
20363 33324 155
33324 24557 155
24557 30151 155
30151 25739 155
25739 39129 155
39129 11335 155
27887 24439 156
24439 10257 156
10257 32622 156
32622 14002 156
14002 14689 156
14689 13802 156
13802 22463 156
22463 19599 156
19599 35631 156
35631 996 156
996 32415 156
32415 7631 156
7631 12607 156
12607 33287 156
33287 41086 156
41086 38299 156
38299 35007 156
35007 12367 156
12367 26148 156
26148 16054 156
16054 30540 156
30540 34546 156
34546 39195 156
39195 26692 156
26692 25628 156
25628 5476 156
5476 22317 156
22317 32909 156
32909 41743 156
41743 24420 156
24420 14346 156
14346 37558 156
37558 24429 156
24429 4802 156
4802 41910 156
41910 36342 156
36342 17339 156
17339 8069 156
8069 20882 156
20882 10612 156
10612 4746 156
29900 41473 157
41473 31011 157
31011 11025 157
11025 15135 157
15135 6441 157
6441 25437 157
25437 17404 157
17404 29017 157
29017 12335 157
12335 3233 157
3233 11238 157
11238 20652 157
20652 6919 157
6919 13250 157
13250 27099 157
27099 40189 157
40189 12304 157
12304 4706 157
4706 35306 157
35306 23989 157
23989 35526 157
35526 6931 157
6931 28286 157
28286 12895 157
12895 10040 157
10040 28451 157
28451 39157 157
39157 5687 157
5687 20059 157
20059 9489 157
9489 19449 157
19449 20042 157
20042 2440 157
2440 17755 157
17755 18687 157
18687 27167 157
27167 36832 157
36832 1999 157
1999 8271 157
8271 37929 157
37929 12599 157
38492 25431 158
25431 16080 158
16080 35641 158
35641 20943 158
20943 9049 158
9049 22415 158
22415 1848 158
1848 38376 158
38376 10604 158
10604 34009 158
34009 38375 158
38375 14118 158
14118 7456 158
7456 36845 158
36845 28974 158
28974 35355 158
35355 32307 158
32307 15439 158
15439 26311 158
26311 833 158
833 7905 158
7905 978 158
978 14103 158
14103 13923 158
13923 39341 158
39341 12492 158
12492 21442 158
21442 32190 158
32190 18990 158
18990 17522 158
17522 29312 158
29312 34703 158
34703 34451 158
34451 29292 158
29292 11006 158
11006 40438 158
40438 8128 158
8128 6954 158
6954 26491 158
26491 6291 158
6291 7933 158
38850 9478 159
9478 4025 159
4025 27308 159
27308 17611 159
17611 4262 159
4262 12305 159
12305 33723 159
33723 15128 159
15128 37689 159
37689 19039 159
19039 16552 159
16552 37538 159
37538 41328 159
41328 25469 159
25469 32763 159
32763 19215 159
19215 13614 159
13614 40135 159
40135 11923 159
11923 34560 159
34560 22734 159
22734 25162 159
25162 36320 159
36320 16916 159
16916 24234 159
24234 32489 159
32489 2043 159
2043 14442 159
14442 12339 159
12339 31419 159
31419 10726 159
10726 31098 159
31098 11944 159
11944 7175 159
7175 27685 159
27685 31181 159
31181 32734 159
32734 27633 159
27633 11172 159
11172 8630 159
8630 37359 159
28719 36401 160
36401 99 160
99 13861 160
13861 36858 160
36858 4615 160
4615 3962 160
3962 40859 160
40859 39217 160
39217 40068 160
40068 31792 160
31792 2811 160
2811 617 160
617 21581 160
21581 34645 160
34645 38665 160
38665 28018 160
28018 16032 160
16032 26113 160
26113 9316 160
9316 39584 160
39584 10387 160
10387 19292 160
19292 16370 160
16370 30305 160
30305 35100 160
35100 23703 160
23703 29335 160
29335 38541 160
38541 36761 160
36761 36545 160
36545 7986 160
7986 41830 160
41830 34372 160
34372 25446 160
25446 10513 160
10513 22640 160
22640 19531 160
19531 17471 160
17471 13972 160
13972 17038 160
17038 12054 160
30022 28677 161
28677 20324 161
20324 41265 161
41265 17096 161
17096 25714 161
25714 33192 161
33192 28245 161
28245 31404 161
31404 14949 161
14949 11252 161
11252 35396 161
35396 39767 161
39767 3821 161
3821 19526 161
19526 9037 161
9037 38142 161
38142 391 161
391 14860 161
14860 36635 161
36635 37172 161
37172 30470 161
30470 29129 161
29129 35464 161
35464 26843 161
26843 27526 161
27526 34469 161
34469 3829 161
3829 27498 161
27498 4646 161
4646 1874 161
1874 33139 161
33139 35710 161
35710 8045 161
8045 4312 161
4312 41669 161
41669 38213 161
38213 4216 161
4216 41500 161
41500 33626 161
33626 12033 161
12033 29161 161
15631 39337 162
39337 41852 162
41852 21589 162
21589 5645 162
5645 32380 162
32380 30714 162
30714 24612 162
24612 32096 162
32096 28499 162
28499 38206 162
38206 9662 162
9662 38356 162
38356 27213 162
27213 10367 162
10367 17785 162
17785 12341 162
12341 18184 162
18184 22685 162
22685 14912 162
14912 7682 162
7682 26129 162
26129 3108 162
3108 36773 162
36773 2014 162
2014 38339 162
38339 35128 162
35128 21072 162
21072 7240 162
7240 19653 162
19653 16381 162
16381 3277 162
3277 10168 162
10168 191 162
191 3755 162
3755 197 162
197 14124 162
14124 3072 162
3072 31948 162
31948 4455 162
4455 16422 162
16422 28578 162
3339 9647 163
9647 27976 163
27976 27372 163
27372 25221 163
25221 5770 163
5770 37908 163
37908 12637 163
12637 26455 163
26455 27340 163
27340 25328 163
25328 8047 163
8047 35102 163
35102 14128 163
14128 26789 163
26789 3796 163
3796 24702 163
24702 36990 163
36990 3359 163
3359 31072 163
31072 4907 163
4907 14580 163
14580 16713 163
16713 6339 163
6339 34297 163
34297 13462 163
13462 16041 163
16041 17964 163
17964 28347 163
28347 24196 163
24196 26819 163
26819 11166 163
11166 15943 163
15943 4095 163
4095 8837 163
8837 30076 163
30076 15260 163
15260 17481 163
17481 27756 163
27756 1099 163
1099 2812 163
2812 13558 163
8436 26180 164
26180 39357 164
39357 7797 164
7797 5046 164
5046 41335 164
41335 18277 164
18277 34456 164
34456 7023 164
7023 7387 164
7387 4957 164
4957 16487 164
16487 19217 164
19217 36323 164
36323 33064 164
33064 40157 164
40157 39744 164
39744 1859 164
1859 14099 164
14099 33697 164
33697 28356 164
28356 10712 164
10712 9005 164
9005 13032 164
13032 19017 164
19017 17570 164
17570 14476 164
14476 9313 164
9313 36720 164
36720 5094 164
5094 14369 164
14369 14969 164
14969 19590 164
19590 22046 164
22046 7066 164
7066 9255 164
9255 15139 164
15139 11051 164
11051 17385 164
17385 20365 164
20365 16379 164
16379 15658 164
10195 19570 165
19570 13187 165
13187 22931 165
22931 38556 165
38556 19824 165
19824 14497 165
14497 35719 165
35719 38282 165
38282 32760 165
32760 27307 165
27307 10997 165
10997 16549 165
16549 12504 165
12504 19483 165
19483 19534 165
19534 20924 165
20924 14298 165
14298 17907 165
17907 35389 165
35389 24822 165
24822 18320 165
18320 16400 165
16400 32033 165
32033 22448 165
22448 36463 165
36463 26094 165
26094 3831 165
3831 14215 165
14215 36753 165
36753 32463 165
32463 6386 165
6386 20100 165
20100 25059 165
25059 35700 165
35700 3744 165
3744 19015 165
19015 8344 165
8344 40318 165
40318 17778 165
17778 24262 165
24262 1357 165
26594 4256 166
4256 38656 166
38656 14004 166
14004 35078 166
35078 15510 166
15510 13077 166
13077 20301 166
20301 36707 166
36707 24540 166
24540 32234 166
32234 32224 166
32224 23380 166
23380 29713 166
29713 28977 166
28977 13672 166
13672 32517 166
32517 19534 166
19534 9960 166
9960 26865 166
26865 38061 166
38061 32695 166
32695 40285 166
40285 7520 166
7520 38514 166
38514 12117 166
12117 20931 166
20931 1035 166
1035 10867 166
10867 33997 166
33997 17869 166
17869 10576 166
10576 24177 166
24177 21403 166
21403 38504 166
38504 24001 166
24001 1939 166
1939 9239 166
9239 2963 166
2963 38672 166
38672 41695 166
41695 8229 166
39759 15807 167
15807 9708 167
9708 24196 167
24196 17421 167
17421 20544 167
20544 25561 167
25561 111 167
111 29335 167
29335 30414 167
30414 26763 167
26763 32663 167
32663 9777 167
9777 17678 167
17678 7457 167
7457 37193 167
37193 5902 167
5902 40119 167
40119 18572 167
18572 41592 167
41592 10407 167
10407 32889 167
32889 37499 167
37499 10964 167
10964 25202 167
25202 37964 167
37964 33944 167
33944 21446 167
21446 10446 167
10446 40346 167
40346 20382 167
20382 24668 167
24668 5277 167
5277 38116 167
38116 36637 167
36637 35655 167
35655 16745 167
16745 37457 167
37457 10579 167
10579 32388 167
32388 27692 167
27692 4700 167
33509 28997 168
28997 15012 168
15012 40427 168
40427 9496 168
9496 34756 168
34756 6027 168
6027 6052 168
6052 23379 168
23379 27144 168
27144 13778 168
13778 40525 168
40525 35473 168
35473 29951 168
29951 20302 168
20302 3087 168
3087 36640 168
36640 29676 168
29676 25687 168
25687 13143 168
13143 35019 168
35019 39333 168
39333 3796 168
3796 18370 168
18370 18088 168
18088 24654 168
24654 3456 168
3456 5627 168
5627 9675 168
9675 10090 168
10090 31729 168
31729 35569 168
35569 36150 168
36150 18428 168
18428 8642 168
8642 11383 168
11383 5404 168
5404 7304 168
7304 23823 168
23823 36275 168
36275 20109 168
20109 25501 168
12466 27073 169
27073 287 169
287 20394 169
20394 28098 169
28098 10708 169
10708 28261 169
28261 16638 169
16638 14532 169
14532 31253 169
31253 40816 169
40816 38017 169
38017 19617 169
19617 36789 169
36789 35441 169
35441 37857 169
37857 33690 169
33690 39745 169
39745 41494 169
41494 1726 169
1726 22081 169
22081 10944 169
10944 19485 169
19485 41171 169
41171 4144 169
4144 22976 169
22976 3376 169
3376 26172 169
26172 18697 169
18697 30115 169
30115 39887 169
39887 5823 169
5823 13876 169
13876 30577 169
30577 24657 169
24657 7029 169
7029 16727 169
16727 22557 169
22557 34538 169
34538 9222 169
9222 29983 169
29983 28656 169
3103 23092 170
23092 37239 170
37239 24349 170
24349 28337 170
28337 11567 170
11567 29227 170
29227 27843 170
27843 4768 170
4768 25569 170
25569 20886 170
20886 10835 170
10835 30912 170
30912 36175 170
36175 10803 170
10803 32888 170
32888 18219 170
18219 20781 170
20781 9069 170
9069 28811 170
28811 30080 170
30080 20769 170
20769 38471 170
38471 21299 170
21299 5377 170
5377 15125 170
15125 13445 170
13445 14063 170
14063 24818 170
24818 15693 170
15693 5610 170
5610 21435 170
21435 19485 170
19485 35051 170
35051 30097 170
30097 22132 170
22132 22225 170
22225 9271 170
9271 3714 170
3714 7652 170
7652 36192 170
36192 13388 170
24623 2512 171
2512 42 171
42 10967 171
10967 1657 171
1657 37450 171
37450 31626 171
31626 17332 171
17332 37172 171
37172 36860 171
36860 12602 171
12602 3537 171
3537 3100 171
3100 8647 171
8647 33404 171
33404 35266 171
35266 6367 171
6367 2785 171
2785 20332 171
20332 40364 171
40364 14225 171
14225 16156 171
16156 10782 171
10782 30219 171
30219 10365 171
10365 27959 171
27959 10155 171
10155 31594 171
31594 574 171
574 27869 171
27869 26638 171
26638 14902 171
14902 32412 171
32412 9829 171
9829 1147 171
1147 36724 171
36724 25348 171
25348 30191 171
30191 2075 171
2075 30534 171
30534 4843 171
4843 21029 171
30478 5140 172
5140 2731 172
2731 28596 172
28596 8025 172
8025 40779 172
40779 1890 172
1890 40061 172
40061 38506 172
38506 34103 172
34103 10992 172
10992 30909 172
30909 5228 172
5228 30263 172
30263 22227 172
22227 29704 172
29704 33445 172
33445 11129 172
11129 41473 172
41473 34000 172
34000 12479 172
12479 4388 172
4388 5168 172
5168 30340 172
30340 27417 172
27417 41106 172
41106 34810 172
34810 11903 172
11903 11713 172
11713 37942 172
37942 15769 172
15769 39474 172
39474 23647 172
23647 30492 172
30492 4349 172
4349 17546 172
17546 7683 172
7683 14930 172
14930 35803 172
35803 29728 172
29728 10195 172
10195 8352 172
33010 34474 173
34474 24577 173
24577 946 173
946 33965 173
33965 30525 173
30525 19518 173
19518 2362 173
2362 19258 173
19258 14470 173
14470 14546 173
14546 11876 173
11876 13479 173
13479 30632 173
30632 41531 173
41531 3264 173
3264 32115 173
32115 12915 173
12915 19678 173
19678 27015 173
27015 33108 173
33108 9123 173
9123 39390 173
39390 36811 173
36811 17891 173
17891 15992 173
15992 32852 173
32852 29898 173
29898 23110 173
23110 37706 173
37706 22052 173
22052 28849 173
28849 9138 173
9138 21294 173
21294 24576 173
24576 6766 173
6766 12872 173
12872 30842 173
30842 26963 173
26963 3116 173
3116 34052 173
34052 11510 173
12003 11730 174
11730 37763 174
37763 32322 174
32322 8298 174
8298 14170 174
14170 12508 174
12508 14675 174
14675 15652 174
15652 22998 174
22998 33673 174
33673 23526 174
23526 21889 174
21889 8385 174
8385 12740 174
12740 3536 174
3536 14158 174
14158 3529 174
3529 31445 174
31445 30290 174
30290 24337 174
24337 19508 174
19508 20764 174
20764 36254 174
36254 19902 174
19902 32707 174
32707 10639 174
10639 10336 174
10336 16222 174
16222 31532 174
31532 19039 174
19039 32130 174
32130 24250 174
24250 16476 174
16476 24676 174
24676 19317 174
19317 5711 174
5711 26711 174
26711 36210 174
36210 21541 174
21541 34558 174
34558 33864 174
16920 24492 175
24492 12453 175
12453 21878 175
21878 12152 175
12152 41777 175
41777 8435 175
8435 30451 175
30451 26283 175
26283 32523 175
32523 7913 175
7913 36941 175
36941 41360 175
41360 18268 175
18268 28916 175
28916 38507 175
38507 30611 175
30611 27879 175
27879 25290 175
25290 15207 175
15207 13256 175
13256 13089 175
13089 7797 175
7797 7136 175
7136 65 175
65 24189 175
24189 18095 175
18095 3686 175
3686 16854 175
16854 10229 175
10229 15902 175
15902 13574 175
13574 35236 175
35236 5520 175
5520 1607 175
1607 530 175
530 34621 175
34621 1697 175
1697 5267 175
5267 5857 175
5857 21831 175
21831 3022 175
36239 26187 176
26187 35517 176
35517 39144 176
39144 16110 176
16110 37243 176
37243 18097 176
18097 16291 176
16291 32310 176
32310 19987 176
19987 28793 176
28793 24150 176
24150 13811 176
13811 24930 176
24930 8417 176
8417 38171 176
38171 17374 176
17374 16018 176
16018 639 176
639 20758 176
20758 17673 176
17673 20296 176
20296 13662 176
13662 39445 176
39445 40624 176
40624 1547 176
1547 28922 176
28922 8541 176
8541 35419 176
35419 34157 176
34157 28830 176
28830 24892 176
24892 17983 176
17983 34637 176
34637 3609 176
3609 10901 176
10901 16750 176
16750 41622 176
41622 27639 176
27639 24246 176
24246 18682 176
18682 20591 176
36910 14029 177
14029 1032 177
1032 7990 177
7990 20391 177
20391 38398 177
38398 30988 177
30988 1822 177
1822 36377 177
36377 1208 177
1208 37117 177
37117 19750 177
19750 40047 177
40047 37373 177
37373 15670 177
15670 36097 177
36097 7623 177
7623 23153 177
23153 37776 177
37776 16121 177
16121 33679 177
33679 11421 177
11421 5897 177
5897 32634 177
32634 26576 177
26576 30014 177
30014 9357 177
9357 15515 177
15515 22756 177
22756 5155 177
5155 30216 177
30216 34320 177
34320 32981 177
32981 27266 177
27266 23522 177
23522 7228 177
7228 39034 177
39034 31189 177
31189 34681 177
34681 16898 177
16898 5201 177
5201 27030 177
21375 4366 178
4366 35799 178
35799 32815 178
32815 11973 178
11973 39524 178
39524 26200 178
26200 12360 178
12360 3073 178
3073 19668 178
19668 22881 178
22881 14746 178
14746 37505 178
37505 34652 178
34652 40491 178
40491 9736 178
9736 4867 178
4867 41035 178
41035 14370 178
14370 41177 178
41177 30596 178
30596 15912 178
15912 33992 178
33992 25243 178
25243 11050 178
11050 33031 178
33031 1324 178
1324 34802 178
34802 2082 178
2082 11422 178
11422 23161 178
23161 28283 178
28283 40884 178
40884 22989 178
22989 7535 178
7535 11754 178
11754 870 178
870 33230 178
33230 33952 178
33952 38901 178
38901 25172 178
25172 9093 178
17301 32776 179
32776 41634 179
41634 33971 179
33971 39698 179
39698 32953 179
32953 22014 179
22014 36414 179
36414 40365 179
40365 30728 179
30728 24625 179
24625 40782 179
40782 2775 179
2775 5171 179
5171 27391 179
27391 25923 179
25923 41475 179
41475 18646 179
18646 17453 179
17453 8315 179
8315 12570 179
12570 22759 179
22759 29489 179
29489 18578 179
18578 12870 179
12870 5770 179
5770 15649 179
15649 13849 179
13849 8078 179
8078 6838 179
6838 34054 179
34054 7674 179
7674 15684 179
15684 20778 179
20778 15192 179
15192 30144 179
30144 25768 179
25768 9830 179
9830 3429 179
3429 20387 179
20387 32270 179
32270 9169 179
13184 12176 180
12176 28038 180
28038 13200 180
13200 37113 180
37113 7332 180
7332 8334 180
8334 23413 180
23413 196 180
196 34363 180
34363 114 180
114 41006 180
41006 37810 180
37810 8843 180
8843 37971 180
37971 33226 180
33226 21070 180
21070 22007 180
22007 30586 180
30586 27089 180
27089 38565 180
38565 31614 180
31614 19552 180
19552 12352 180
12352 26930 180
26930 38322 180
38322 1668 180
1668 16087 180
16087 7275 180
7275 11553 180
11553 19643 180
19643 5791 180
5791 21886 180
21886 23723 180
23723 21533 180
21533 36502 180
36502 5712 180
5712 38579 180
38579 18661 180
18661 26690 180
26690 12949 180
12949 21836 180
17530 21012 181
21012 3404 181
3404 6420 181
6420 12922 181
12922 11963 181
11963 16965 181
16965 7375 181
7375 2283 181
2283 35454 181
35454 8455 181
8455 23664 181
23664 35849 181
35849 18977 181
18977 26080 181
26080 11431 181
11431 32913 181
32913 30879 181
30879 28942 181
28942 1396 181
1396 259 181
259 35669 181
35669 8809 181
8809 17784 181
17784 39627 181
39627 11755 181
11755 8717 181
8717 12227 181
12227 39099 181
39099 2325 181
2325 20210 181
20210 13464 181
13464 17436 181
17436 23278 181
23278 24215 181
24215 41317 181
41317 22456 181
22456 14775 181
14775 25973 181
25973 19105 181
19105 36821 181
36821 5298 181
29210 33963 182
33963 14321 182
14321 38069 182
38069 17043 182
17043 33772 182
33772 40711 182
40711 24343 182
24343 6991 182
6991 18565 182
18565 31689 182
31689 22045 182
22045 41293 182
41293 15470 182
15470 11308 182
11308 2681 182
2681 17748 182
17748 26390 182
26390 23952 182
23952 6039 182
6039 12922 182
12922 638 182
638 26627 182
26627 19463 182
19463 33567 182
33567 34824 182
34824 41535 182
41535 38224 182
38224 31084 182
31084 2029 182
2029 10569 182
10569 24236 182
24236 14104 182
14104 13309 182
13309 32360 182
32360 22881 182
22881 26198 182
26198 26445 182
26445 35923 182
35923 40126 182
40126 24533 182
24533 14481 182
5590 32874 183
32874 41149 183
41149 31216 183
31216 1298 183
1298 65 183
65 13647 183
13647 8328 183
8328 4648 183
4648 18417 183
18417 19790 183
19790 27907 183
27907 36848 183
36848 39346 183
39346 16074 183
16074 24195 183
24195 19712 183
19712 7966 183
7966 77 183
77 24770 183
24770 31730 183
31730 5137 183
5137 25902 183
25902 6217 183
6217 6529 183
6529 28884 183
28884 275 183
275 33509 183
33509 30018 183
30018 3843 183
3843 30383 183
30383 37071 183
37071 15682 183
15682 15159 183
15159 5497 183
5497 32944 183
32944 36825 183
36825 29908 183
29908 26108 183
26108 38634 183
38634 41303 183
41303 10460 183
37966 23331 184
23331 6216 184
6216 34191 184
34191 29297 184
29297 8894 184
8894 12674 184
12674 33203 184
33203 31811 184
31811 40430 184
40430 4575 184
4575 24554 184
24554 41749 184
41749 26920 184
26920 32485 184
32485 29033 184
29033 34410 184
34410 14928 184
14928 11043 184
11043 30269 184
30269 27331 184
27331 1130 184
1130 8390 184
8390 5591 184
5591 14794 184
14794 27704 184
27704 14546 184
14546 9125 184
9125 9342 184
9342 9928 184
9928 40977 184
40977 33023 184
33023 25433 184
25433 1898 184
1898 15894 184
15894 12838 184
12838 18451 184
18451 14093 184
14093 5304 184
5304 41204 184
41204 30987 184
30987 17518 184
5019 20438 185
20438 28751 185
28751 4051 185
4051 21089 185
21089 18330 185
18330 4163 185
4163 26627 185
26627 29669 185
29669 23616 185
23616 29435 185
29435 41532 185
41532 12736 185
12736 23723 185
23723 23903 185
23903 34885 185
34885 35866 185
35866 36309 185
36309 19121 185
19121 39685 185
39685 23695 185
23695 30915 185
30915 32142 185
32142 27081 185
27081 31920 185
31920 35602 185
35602 29920 185
29920 4397 185
4397 23205 185
23205 11313 185
11313 33801 185
33801 3981 185
3981 33877 185
33877 30461 185
30461 23604 185
23604 12759 185
12759 40903 185
40903 4702 185
4702 21635 185
21635 35587 185
35587 6766 185
6766 39642 185
17560 13308 186
13308 3221 186
3221 39313 186
39313 41787 186
41787 22149 186
22149 5397 186
5397 24766 186
24766 34547 186
34547 72 186
72 1771 186
1771 27179 186
27179 34727 186
34727 37549 186
37549 2957 186
2957 22214 186
22214 41430 186
41430 36646 186
36646 10014 186
10014 6420 186
6420 21402 186
21402 17074 186
17074 3459 186
3459 39991 186
39991 19334 186
19334 11277 186
11277 34909 186
34909 23492 186
23492 104 186
104 4432 186
4432 17938 186
17938 20130 186
20130 31115 186
31115 11428 186
11428 24466 186
24466 241 186
241 11351 186
11351 40948 186
40948 321 186
321 31954 186
31954 33400 186
33400 7215 186
26616 1411 187
1411 38278 187
38278 29600 187
29600 34109 187
34109 34730 187
34730 41221 187
41221 12828 187
12828 22116 187
22116 20889 187
20889 5729 187
5729 39703 187
39703 28779 187
28779 34063 187
34063 41259 187
41259 37724 187
37724 36627 187
36627 34766 187
34766 34185 187
34185 12652 187
12652 678 187
678 7268 187
7268 17486 187
17486 10320 187
10320 25456 187
25456 8296 187
8296 19617 187
19617 28288 187
28288 22761 187
22761 12171 187
12171 4151 187
4151 28275 187
28275 12586 187
12586 30371 187
30371 12161 187
12161 24404 187
24404 3611 187
3611 22313 187
22313 24729 187
24729 41086 187
41086 17259 187
17259 15896 187
16052 37417 188
37417 2313 188
2313 33526 188
33526 24675 188
24675 34589 188
34589 35023 188
35023 17866 188
17866 8650 188
8650 7308 188
7308 29478 188
29478 22171 188
22171 34065 188
34065 26806 188
26806 10662 188
10662 23497 188
23497 2668 188
2668 14186 188
14186 27951 188
27951 23116 188
23116 30584 188
30584 11163 188
11163 27656 188
27656 9191 188
9191 35098 188
35098 41575 188
41575 26425 188
26425 4529 188
4529 12847 188
12847 29742 188
29742 13692 188
13692 10489 188
10489 15915 188
15915 30777 188
30777 24326 188
24326 5133 188
5133 23323 188
23323 18755 188
18755 27884 188
27884 16401 188
16401 15071 188
15071 30401 188
8041 10755 189
10755 21891 189
21891 137 189
137 21921 189
21921 36535 189
36535 5659 189
5659 21611 189
21611 36725 189
36725 6557 189
6557 17537 189
17537 15637 189
15637 21597 189
21597 27223 189
27223 7735 189
7735 5990 189
5990 36921 189
36921 37274 189
37274 6367 189
6367 41333 189
41333 29224 189
29224 1963 189
1963 11899 189
11899 37271 189
37271 7762 189
7762 18466 189
18466 9736 189
9736 33937 189
33937 36848 189
36848 21637 189
21637 11613 189
11613 19833 189
19833 8961 189
8961 19127 189
19127 30194 189
30194 11565 189
11565 17053 189
17053 25200 189
25200 26765 189
26765 27309 189
27309 34487 189
34487 31215 189
36658 24184 190
24184 14611 190
14611 15470 190
15470 39655 190
39655 32303 190
32303 38825 190
38825 23985 190
23985 5334 190
5334 39818 190
39818 7134 190
7134 6952 190
6952 37566 190
37566 40201 190
40201 24453 190
24453 19951 190
19951 26856 190
26856 30097 190
30097 34903 190
34903 26898 190
26898 36110 190
36110 11336 190
11336 21305 190
21305 41467 190
41467 4154 190
4154 38836 190
38836 34224 190
34224 18358 190
18358 736 190
736 5502 190
5502 32778 190
32778 36812 190
36812 34064 190
34064 496 190
496 34626 190
34626 8678 190
8678 30920 190
30920 17398 190
17398 34624 190
34624 41770 190
41770 31476 190
31476 39917 190
35101 8736 191
8736 40403 191
40403 1858 191
1858 5050 191
5050 37859 191
37859 14934 191
14934 24863 191
24863 12362 191
12362 19647 191
19647 33957 191
33957 17882 191
17882 565 191
565 24342 191
24342 4877 191
4877 13729 191
13729 33217 191
33217 15526 191
15526 6357 191
6357 27304 191
27304 41272 191
41272 36159 191
36159 29008 191
29008 16987 191
16987 36022 191
36022 12891 191
12891 30705 191
30705 18806 191
18806 3344 191
3344 23857 191
23857 36732 191
36732 6108 191
6108 80 191
80 5890 191
5890 36602 191
36602 15363 191
15363 9187 191
9187 40954 191
40954 34110 191
34110 25852 191
25852 29389 191
29389 6422 191
35968 30714 192
30714 18207 192
18207 28358 192
28358 23188 192
23188 18176 192
18176 37105 192
37105 21883 192
21883 4655 192
4655 27615 192
27615 38184 192
38184 16384 192
16384 25838 192
25838 25772 192
25772 2114 192
2114 40516 192
40516 26738 192
26738 1580 192
1580 28377 192
28377 31236 192
31236 24756 192
24756 2628 192
2628 18607 192
18607 5913 192
5913 10059 192
10059 12188 192
12188 35426 192
35426 29097 192
29097 2144 192
2144 5717 192
5717 21793 192
21793 14097 192
14097 21899 192
21899 33250 192
33250 36578 192
36578 28681 192
28681 36284 192
36284 17155 192
17155 34272 192
34272 32958 192
32958 23000 192
23000 29613 192
12601 4882 193
4882 14507 193
14507 22076 193
22076 38516 193
38516 4467 193
4467 10743 193
10743 30317 193
30317 4760 193
4760 34009 193
34009 4439 193
4439 7203 193
7203 24531 193
24531 21948 193
21948 1450 193
1450 23388 193
23388 17710 193
17710 10877 193
10877 7194 193
7194 33446 193
33446 8807 193
8807 22840 193
22840 5352 193
5352 34870 193
34870 1306 193
1306 32683 193
32683 26464 193
26464 28484 193
28484 12275 193
12275 25101 193
25101 21143 193
21143 38548 193
38548 6695 193
6695 8154 193
8154 22157 193
22157 312 193
312 13885 193
13885 14851 193
14851 11872 193
11872 11596 193
11596 32158 193
32158 5670 193
32056 30643 194
30643 24181 194
24181 19360 194
19360 3560 194
3560 2156 194
2156 10882 194
10882 6965 194
6965 14215 194
14215 33689 194
33689 37338 194
37338 23240 194
23240 35565 194
35565 5618 194
5618 35005 194
35005 3954 194
3954 12637 194
12637 8742 194
8742 5261 194
5261 37142 194
37142 2516 194
2516 34591 194
34591 32600 194
32600 7645 194
7645 26821 194
26821 14137 194
14137 37615 194
37615 9345 194
9345 18369 194
18369 27207 194
27207 4697 194
4697 16649 194
16649 379 194
379 59 194
59 36239 194
36239 12947 194
12947 28508 194
28508 913 194
913 33828 194
33828 32278 194
32278 34577 194
34577 40292 194
40960 18132 195
18132 38115 195
38115 22294 195
22294 38532 195
38532 37313 195
37313 24180 195
24180 12362 195
12362 37064 195
37064 34504 195
34504 3878 195
3878 37216 195
37216 18973 195
18973 9689 195
9689 28418 195
28418 21108 195
21108 6367 195
6367 14947 195
14947 9683 195
9683 31700 195
31700 23656 195
23656 14908 195
14908 8459 195
8459 41285 195
41285 29821 195
29821 27437 195
27437 11946 195
11946 12328 195
12328 9927 195
9927 14241 195
14241 10188 195
10188 29011 195
29011 5587 195
5587 1290 195
1290 14762 195
14762 27567 195
27567 33728 195
33728 15042 195
15042 16766 195
16766 14568 195
14568 41895 195
41895 25521 195
38677 21160 196
21160 27506 196
27506 12603 196
12603 9965 196
9965 16326 196
16326 39874 196
39874 4697 196
4697 40510 196
40510 3416 196
3416 31332 196
31332 1799 196
1799 22315 196
22315 627 196
627 29191 196
29191 13769 196
13769 39352 196
39352 27821 196
27821 29716 196
29716 40290 196
40290 27042 196
27042 21382 196
21382 11123 196
11123 28290 196
28290 39440 196
39440 23850 196
23850 24248 196
24248 21929 196
21929 23873 196
23873 41919 196
41919 12586 196
12586 15256 196
15256 19309 196
19309 18579 196
18579 19736 196
19736 28332 196
28332 15885 196
15885 9826 196
9826 29469 196
29469 32456 196
32456 33232 196
33232 35632 196
4612 26615 197
26615 1069 197
1069 13101 197
13101 28199 197
28199 2019 197
2019 16533 197
16533 4846 197
4846 22946 197
22946 14242 197
14242 28462 197
28462 9469 197
9469 22597 197
22597 24779 197
24779 39047 197
39047 20376 197
20376 3275 197
3275 17266 197
17266 41049 197
41049 683 197
683 12778 197
12778 8767 197
8767 23483 197
23483 701 197
701 14139 197
14139 17121 197
17121 24946 197
24946 6170 197
6170 41899 197
41899 37745 197
37745 28560 197
28560 1541 197
1541 16232 197
16232 36207 197
36207 7411 197
7411 2451 197
2451 22698 197
22698 15933 197
15933 28643 197
28643 41843 197
41843 10102 197
10102 25531 197
8014 39184 198
39184 9820 198
9820 19704 198
19704 31297 198
31297 11896 198
11896 103 198
103 37354 198
37354 37018 198
37018 39381 198
39381 36143 198
36143 32104 198
32104 23561 198
23561 25362 198
25362 35396 198
35396 30105 198
30105 16179 198
16179 6718 198
6718 24700 198
24700 20439 198
20439 32522 198
32522 21495 198
21495 20938 198
20938 36398 198
36398 24409 198
24409 15282 198
15282 17519 198
17519 2358 198
2358 2771 198
2771 33564 198
33564 12406 198
12406 31335 198
31335 2798 198
2798 31768 198
31768 29785 198
29785 16666 198
16666 5163 198
5163 33578 198
33578 37054 198
37054 24986 198
24986 1201 198
1201 25823 198
7658 14536 199
14536 33637 199
33637 15841 199
15841 26322 199
26322 5012 199
5012 7415 199
7415 33812 199
33812 9278 199
9278 25259 199
25259 34486 199
34486 31669 199
31669 9375 199
9375 8686 199
8686 9016 199
9016 27833 199
27833 36111 199
36111 14563 199
14563 28831 199
28831 23849 199
23849 34431 199
34431 30375 199
30375 14261 199
14261 37466 199
37466 872 199
872 20227 199
20227 41624 199
41624 20163 199
20163 1282 199
1282 6385 199
6385 22779 199
22779 38677 199
38677 4055 199
4055 37204 199
37204 15334 199
15334 7375 199
7375 23675 199
23675 34356 199
34356 33378 199
33378 2442 199
2442 23829 199
23829 40829 199
920 23192 200
23192 21276 200
21276 17550 200
17550 41869 200
41869 12216 200
12216 22144 200
22144 6481 200
6481 12456 200
12456 5421 200
5421 4188 200
4188 13290 200
13290 38872 200
38872 34294 200
34294 20614 200
20614 38300 200
38300 41741 200
41741 23555 200
23555 7472 200
7472 7112 200
7112 40574 200
40574 7791 200
7791 38158 200
38158 4175 200
4175 13691 200
13691 11483 200
11483 16904 200
16904 29354 200
29354 4938 200
4938 37922 200
37922 2542 200
2542 21676 200
21676 36150 200
36150 15705 200
15705 22112 200
22112 19127 200
19127 8706 200
8706 3061 200
3061 21094 200
21094 41526 200
41526 27899 200
27899 16250 200
21310 27666 201
27666 21550 201
21550 33636 201
33636 9484 201
9484 8497 201
8497 20034 201
20034 28683 201
28683 40664 201
40664 37535 201
37535 3296 201
3296 27798 201
27798 39724 201
39724 27422 201
27422 1365 201
1365 40654 201
40654 17516 201
17516 13699 201
13699 29954 201
29954 19839 201
19839 26280 201
26280 37185 201
37185 17977 201
17977 16836 201
16836 19360 201
19360 41139 201
41139 35763 201
35763 30201 201
30201 29982 201
29982 25226 201
25226 33726 201
33726 7778 201
7778 41791 201
41791 25220 201
25220 29244 201
29244 14628 201
14628 27217 201
27217 20567 201
20567 18939 201
18939 880 201
880 6429 201
6429 25315 201
25007 25919 202
25919 18113 202
18113 364 202
364 33719 202
33719 35610 202
35610 41879 202
41879 31217 202
31217 27087 202
27087 24633 202
24633 41604 202
41604 26423 202
26423 16557 202
16557 24497 202
24497 8605 202
8605 37908 202
37908 7336 202
7336 1089 202
1089 7783 202
7783 4273 202
4273 3242 202
3242 9557 202
9557 20008 202
20008 7867 202
7867 31689 202
31689 9843 202
9843 185 202
185 36106 202
36106 17200 202
17200 31086 202
31086 685 202
685 21194 202
21194 87 202
87 18517 202
18517 9782 202
9782 34754 202
34754 35483 202
35483 38214 202
38214 22198 202
22198 11958 202
11958 1599 202
1599 23838 202
6739 35653 203
35653 22563 203
22563 31879 203
31879 37184 203
37184 13326 203
13326 7964 203
7964 11922 203
11922 30409 203
30409 36679 203
36679 3082 203
3082 15611 203
15611 30661 203
30661 33033 203
33033 20479 203
20479 16122 203
16122 7782 203
7782 30514 203
30514 38238 203
38238 4028 203
4028 16346 203
16346 11232 203
11232 13133 203
13133 7659 203
7659 15378 203
15378 2118 203
2118 3094 203
3094 11123 203
11123 18910 203
18910 40466 203
40466 18028 203
18028 28829 203
28829 32178 203
32178 27504 203
27504 11129 203
11129 26654 203
26654 18077 203
18077 11920 203
11920 2550 203
2550 23719 203
23719 14603 203
14603 6086 203
20637 13473 204
13473 422 204
422 40628 204
40628 13710 204
13710 14916 204
14916 21619 204
21619 9155 204
9155 29610 204
29610 15279 204
15279 13209 204
13209 17307 204
17307 34235 204
34235 13577 204
13577 34260 204
34260 19456 204
19456 27656 204
27656 24693 204
24693 38349 204
38349 2167 204
2167 16623 204
16623 5674 204
5674 11295 204
11295 7286 204
7286 22792 204
22792 10445 204
10445 35892 204
35892 37822 204
37822 1720 204
1720 379 204
379 21306 204
21306 16879 204
16879 29473 204
29473 20239 204
20239 17006 204
17006 11629 204
11629 15008 204
15008 4551 204
4551 36943 204
36943 40461 204
40461 20407 204
20407 16109 204
38940 5338 205
5338 8095 205
8095 4989 205
4989 19796 205
19796 5060 205
5060 26900 205
26900 31601 205
31601 1723 205
1723 20376 205
20376 21024 205
21024 6721 205
6721 31447 205
31447 10151 205
10151 3811 205
3811 7210 205
7210 5383 205
5383 26699 205
26699 38043 205
38043 33833 205
33833 17354 205
17354 3916 205
3916 21319 205
21319 30073 205
30073 16228 205
16228 13160 205
13160 920 205
920 39761 205
39761 33311 205
33311 5667 205
5667 2813 205
2813 39626 205
39626 14866 205
14866 11049 205
11049 3998 205
3998 28061 205
28061 14266 205
14266 20128 205
20128 41505 205
41505 12998 205
12998 39294 205
39294 30814 205
36965 5379 206
5379 4247 206
4247 29834 206
29834 27113 206
27113 6843 206
6843 33699 206
33699 27008 206
27008 21054 206
21054 39618 206
39618 11862 206
11862 18434 206
18434 6929 206
6929 11603 206
11603 8818 206
8818 17688 206
17688 20018 206
20018 30313 206
30313 8175 206
8175 21366 206
21366 22094 206
22094 15741 206
15741 19579 206
19579 4663 206
4663 37640 206
37640 24278 206
24278 10382 206
10382 28650 206
28650 12794 206
12794 18597 206
18597 5917 206
5917 11632 206
11632 10348 206
10348 36052 206
36052 4288 206
4288 13332 206
13332 52 206
52 30579 206
30579 11628 206
11628 7361 206
7361 17495 206
17495 9985 206
4874 1724 207
1724 16860 207
16860 8076 207
8076 16349 207
16349 6420 207
6420 17938 207
17938 8653 207
8653 10957 207
10957 15685 207
15685 35391 207
35391 13974 207
13974 1821 207
1821 14162 207
14162 27475 207
27475 12800 207
12800 9467 207
9467 28543 207
28543 31976 207
31976 39880 207
39880 8183 207
8183 9561 207
9561 31621 207
31621 38959 207
38959 27515 207
27515 28651 207
28651 25507 207
25507 21459 207
21459 1642 207
1642 23288 207
23288 35562 207
35562 17549 207
17549 4965 207
4965 34657 207
34657 37938 207
37938 41568 207
41568 39122 207
39122 5786 207
5786 14348 207
14348 29379 207
29379 11265 207
11265 6015 207
10127 3060 208
3060 10955 208
10955 31704 208
31704 34789 208
34789 3963 208
3963 22822 208
22822 1841 208
1841 22009 208
22009 41355 208
41355 14094 208
14094 5810 208
5810 27275 208
27275 19915 208
19915 33433 208
33433 4995 208
4995 14096 208
14096 4353 208
4353 33063 208
33063 37206 208
37206 8881 208
8881 32067 208
32067 16033 208
16033 17776 208
17776 30255 208
30255 18356 208
18356 2040 208
2040 40145 208
40145 27776 208
27776 16444 208
16444 4236 208
4236 2886 208
2886 11729 208
11729 1116 208
1116 3926 208
3926 18151 208
18151 5137 208
5137 32548 208
32548 6224 208
6224 33629 208
33629 17918 208
17918 4687 208
33023 9389 209
9389 13564 209
13564 33069 209
33069 28240 209
28240 5367 209
5367 33552 209
33552 2019 209
2019 14357 209
14357 28582 209
28582 6944 209
6944 1206 209
1206 35256 209
35256 29303 209
29303 16156 209
16156 41140 209
41140 15457 209
15457 26738 209
26738 25849 209
25849 24521 209
24521 6262 209
6262 21426 209
21426 11924 209
11924 38189 209
38189 24377 209
24377 4484 209
4484 40589 209
40589 18369 209
18369 9904 209
9904 33508 209
33508 10671 209
10671 2708 209
2708 31281 209
31281 17354 209
17354 11913 209
11913 11837 209
11837 24158 209
24158 21178 209
21178 23060 209
23060 1324 209
1324 20814 209
20814 18811 209
23302 20901 210
20901 13769 210
13769 27257 210
27257 16502 210
16502 41870 210
41870 5503 210
5503 12462 210
12462 11728 210
11728 34274 210
34274 27282 210
27282 37521 210
37521 38916 210
38916 18537 210
18537 32184 210
32184 41130 210
41130 27818 210
27818 29467 210
29467 30169 210
30169 20451 210
20451 6151 210
6151 32970 210
32970 11010 210
11010 30989 210
30989 37405 210
37405 2201 210
2201 35424 210
35424 37934 210
37934 10307 210
10307 27725 210
27725 15117 210
15117 1458 210
1458 23477 210
23477 18406 210
18406 23065 210
23065 26685 210
26685 13393 210
13393 3515 210
3515 24116 210
24116 14710 210
14710 8641 210
8641 7110 210
29099 26115 211
26115 4156 211
4156 31042 211
31042 20582 211
20582 34086 211
34086 17852 211
17852 29769 211
29769 39516 211
39516 18443 211
18443 18779 211
18779 14765 211
14765 17871 211
17871 22230 211
22230 40289 211
40289 30581 211
30581 2239 211
2239 36647 211
36647 20417 211
20417 997 211
997 19176 211
19176 9454 211
9454 27398 211
27398 40771 211
40771 15794 211
15794 1836 211
1836 23453 211
23453 19482 211
19482 26562 211
26562 17381 211
17381 17496 211
17496 13764 211
13764 41914 211
41914 4342 211
4342 24427 211
24427 1569 211
1569 21070 211
21070 22915 211
22915 17864 211
17864 25020 211
25020 41719 211
41719 41699 211
38245 32949 212
32949 8508 212
8508 28420 212
28420 7567 212
7567 6659 212
6659 39768 212
39768 31403 212
31403 12566 212
12566 17325 212
17325 27926 212
27926 24891 212
24891 20917 212
20917 35433 212
35433 4609 212
4609 23036 212
23036 41437 212
41437 34648 212
34648 30369 212
30369 4393 212
4393 32760 212
32760 33669 212
33669 14333 212
14333 31701 212
31701 29829 212
29829 226 212
226 29480 212
29480 14026 212
14026 41847 212
41847 31522 212
31522 28858 212
28858 10132 212
10132 28421 212
28421 26679 212
26679 15091 212
15091 2843 212
2843 9951 212
9951 22033 212
22033 8762 212
8762 35672 212
35672 1425 212
1425 39795 212
37772 33976 213
33976 20367 213
20367 9551 213
9551 20456 213
20456 2870 213
2870 4874 213
4874 15773 213
15773 27969 213
27969 33313 213
33313 34418 213
34418 34076 213
34076 15698 213
15698 18621 213
18621 26432 213
26432 18053 213
18053 17650 213
17650 37631 213
37631 8258 213
8258 26612 213
26612 32100 213
32100 16734 213
16734 23290 213
23290 36514 213
36514 21994 213
21994 16663 213
16663 15900 213
15900 36940 213
36940 14618 213
14618 2672 213
2672 39696 213
39696 27726 213
27726 3535 213
3535 36204 213
36204 27893 213
27893 1491 213
1491 9130 213
9130 12646 213
12646 30755 213
30755 14953 213
14953 18785 213
18785 7066 213
6039 15662 214
15662 26101 214
26101 13211 214
13211 25917 214
25917 17392 214
17392 24042 214
24042 27687 214
27687 21488 214
21488 36452 214
36452 7924 214
7924 10511 214
10511 33595 214
33595 19656 214
19656 29833 214
29833 38697 214
38697 26971 214
26971 19931 214
19931 28473 214
28473 15147 214
15147 17169 214
17169 32058 214
32058 5650 214
5650 18292 214
18292 4761 214
4761 5393 214
5393 8758 214
8758 8951 214
8951 35010 214
35010 5994 214
5994 34462 214
34462 15720 214
15720 19601 214
19601 2387 214
2387 6618 214
6618 36159 214
36159 13989 214
13989 19913 214
19913 30399 214
30399 31369 214
31369 18975 214
18975 23268 214
1414 9565 215
9565 36648 215
36648 31950 215
31950 6844 215
6844 11403 215
11403 9622 215
9622 39065 215
39065 1881 215
1881 16916 215
16916 27695 215
27695 12224 215
12224 41650 215
41650 14490 215
14490 24604 215
24604 15419 215
15419 16172 215
16172 31401 215
31401 7483 215
7483 38925 215
38925 5124 215
5124 34564 215
34564 22599 215
22599 37157 215
37157 25531 215
25531 1121 215
1121 6559 215
6559 20128 215
20128 788 215
788 3883 215
3883 18797 215
18797 40427 215
40427 27072 215
27072 27934 215
27934 37709 215
37709 30002 215
30002 15253 215
15253 40300 215
40300 30576 215
30576 14034 215
14034 16256 215
16256 5606 215
2984 6955 216
6955 35066 216
35066 7123 216
7123 10316 216
10316 12482 216
12482 4355 216
4355 4447 216
4447 12992 216
12992 39916 216
39916 1248 216
1248 23957 216
23957 31341 216
31341 9013 216
9013 27090 216
27090 37206 216
37206 28855 216
28855 33731 216
33731 37015 216
37015 39003 216
39003 36734 216
36734 10252 216
10252 38760 216
38760 28121 216
28121 14928 216
14928 31567 216
31567 32509 216
32509 36866 216
36866 16359 216
16359 22132 216
22132 18633 216
18633 24534 216
24534 2898 216
2898 4376 216
4376 8838 216
8838 15645 216
15645 12782 216
12782 40967 216
40967 11078 216
11078 36517 216
36517 21322 216
21322 5485 216
18040 15255 217
15255 22613 217
22613 8006 217
8006 5958 217
5958 12465 217
12465 33476 217
33476 5086 217
5086 41384 217
41384 9427 217
9427 16421 217
16421 41127 217
41127 29852 217
29852 18206 217
18206 39164 217
39164 39867 217
39867 26127 217
26127 8118 217
8118 35123 217
35123 41803 217
41803 36090 217
36090 15155 217
15155 5078 217
5078 31753 217
31753 25418 217
25418 12085 217
12085 39864 217
39864 10387 217
10387 39649 217
39649 5991 217
5991 22973 217
22973 3561 217
3561 35848 217
35848 27931 217
27931 7526 217
7526 15466 217
15466 25077 217
25077 21612 217
21612 15515 217
15515 30404 217
30404 38944 217
38944 18678 217
38158 8298 218
8298 30931 218
30931 38728 218
38728 5443 218
5443 5968 218
5968 25530 218
25530 26211 218
26211 9395 218
9395 2529 218
2529 7657 218
7657 35273 218
35273 19705 218
19705 22426 218
22426 2190 218
2190 129 218
129 16760 218
16760 20661 218
20661 29471 218
29471 33884 218
33884 8292 218
8292 40914 218
40914 25923 218
25923 9035 218
9035 41044 218
41044 21649 218
21649 12584 218
12584 20602 218
20602 11712 218
11712 7367 218
7367 33323 218
33323 35989 218
35989 39269 218
39269 3240 218
3240 26612 218
26612 30888 218
30888 24529 218
24529 39579 218
39579 27129 218
27129 6341 218
6341 2460 218
2460 8935 218
7472 2627 219
2627 1581 219
1581 29184 219
29184 755 219
755 1368 219
1368 14561 219
14561 39673 219
39673 38218 219
38218 14696 219
14696 15299 219
15299 39836 219
39836 29927 219
29927 18111 219
18111 16503 219
16503 21676 219
21676 1489 219
1489 1351 219
1351 13700 219
13700 6131 219
6131 41527 219
41527 4559 219
4559 24681 219
24681 41087 219
41087 37788 219
37788 11883 219
11883 36575 219
36575 38636 219
38636 3433 219
3433 963 219
963 33799 219
33799 41622 219
41622 36598 219
36598 22822 219
22822 4214 219
4214 35426 219
35426 11607 219
11607 14741 219
14741 40904 219
40904 17772 219
17772 1794 219
1794 10337 219
4350 11975 220
11975 18780 220
18780 28343 220
28343 687 220
687 19318 220
19318 19433 220
19433 10177 220
10177 15663 220
15663 37921 220
37921 35797 220
35797 11946 220
11946 39158 220
39158 6913 220
6913 35936 220
35936 31908 220
31908 23730 220
23730 25591 220
25591 14381 220
14381 13061 220
13061 19111 220
19111 18076 220
18076 11658 220
11658 32023 220
32023 18036 220
18036 41534 220
41534 24985 220
24985 41573 220
41573 4717 220
4717 3367 220
3367 30857 220
30857 19426 220
19426 7243 220
7243 9839 220
9839 2050 220
2050 23490 220
23490 20314 220
20314 6167 220
6167 6644 220
6644 36656 220
36656 24824 220
24824 4020 220
16130 7180 221
7180 32971 221
32971 16607 221
16607 17318 221
17318 23597 221
23597 25381 221
25381 24298 221
24298 5878 221
5878 33540 221
33540 31028 221
31028 24901 221
24901 29333 221
29333 34482 221
34482 21180 221
21180 11143 221
11143 1844 221
1844 40971 221
40971 27605 221
27605 33929 221
33929 13064 221
13064 39282 221
39282 26646 221
26646 24136 221
24136 18364 221
18364 38014 221
38014 40895 221
40895 10725 221
10725 14165 221
14165 13683 221
13683 24114 221
24114 30250 221
30250 25349 221
25349 20867 221
20867 6182 221
6182 17401 221
17401 2423 221
2423 4551 221
4551 17027 221
17027 22862 221
22862 6488 221
6488 11608 221
21876 37170 222
37170 18531 222
18531 35018 222
35018 13161 222
13161 6772 222
6772 21586 222
21586 14979 222
14979 263 222
263 40499 222
40499 40575 222
40575 21083 222
21083 16968 222
16968 27642 222
27642 5930 222
5930 11479 222
11479 8518 222
8518 37624 222
37624 28070 222
28070 34260 222
34260 6282 222
6282 35376 222
35376 4760 222
4760 30859 222
30859 6659 222
6659 29402 222
29402 18026 222
18026 40779 222
40779 37151 222
37151 39955 222
39955 28181 222
28181 11673 222
11673 14722 222
14722 27742 222
27742 40620 222
40620 11870 222
11870 16748 222
16748 40591 222
40591 3323 222
3323 18325 222
18325 12096 222
12096 22138 222
33727 9518 223
9518 17169 223
17169 18923 223
18923 36051 223
36051 10198 223
10198 19469 223
19469 319 223
319 18402 223
18402 33413 223
33413 35812 223
35812 33664 223
33664 29365 223
29365 34300 223
34300 1868 223
1868 3444 223
3444 1914 223
1914 20443 223
20443 30341 223
30341 11924 223
11924 5177 223
5177 1298 223
1298 36627 223
36627 4579 223
4579 26356 223
26356 12422 223
12422 9480 223
9480 16734 223
16734 10767 223
10767 7357 223
7357 15188 223
15188 26107 223
26107 36330 223
36330 34791 223
34791 33473 223
33473 36449 223
36449 23104 223
23104 24565 223
24565 7980 223
7980 4064 223
4064 11056 223
11056 11798 223
22493 38001 224
38001 25479 224
25479 19982 224
19982 18979 224
18979 28541 224
28541 28191 224
28191 1814 224
1814 14202 224
14202 18874 224
18874 12937 224
12937 35068 224
35068 35633 224
35633 24220 224
24220 35963 224
35963 31886 224
31886 15288 224
15288 26809 224
26809 1758 224
1758 41256 224
41256 31605 224
31605 1389 224
1389 12448 224
12448 37481 224
37481 13711 224
13711 252 224
252 26873 224
26873 31093 224
31093 1282 224
1282 17618 224
17618 3740 224
3740 26696 224
26696 2369 224
2369 13689 224
13689 1839 224
1839 2051 224
2051 13809 224
13809 22713 224
22713 2869 224
2869 24919 224
24919 14882 224
14882 19415 224
21803 5694 225
5694 14800 225
14800 24547 225
24547 16877 225
16877 13643 225
13643 38536 225
38536 16689 225
16689 1467 225
1467 20563 225
20563 37719 225
37719 33017 225
33017 14574 225
14574 15080 225
15080 16174 225
16174 31611 225
31611 24938 225
24938 19593 225
19593 29016 225
29016 13452 225
13452 21055 225
21055 14925 225
14925 41788 225
41788 22542 225
22542 27366 225
27366 15878 225
15878 4014 225
4014 27329 225
27329 27794 225
27794 2159 225
2159 6950 225
6950 25806 225
25806 32427 225
32427 26813 225
26813 38249 225
38249 19775 225
19775 17759 225
17759 24896 225
24896 29327 225
29327 10263 225
10263 1525 225
1525 38860 225
25149 10120 226
10120 17318 226
17318 31697 226
31697 23732 226
23732 5286 226
5286 24741 226
24741 20271 226
20271 9663 226
9663 34686 226
34686 37839 226
37839 3945 226
3945 10036 226
10036 33279 226
33279 21356 226
21356 13846 226
13846 21668 226
21668 35924 226
35924 25557 226
25557 30718 226
30718 18733 226
18733 39513 226
39513 15106 226
15106 15119 226
15119 34854 226
34854 6640 226
6640 12660 226
12660 36862 226
36862 25445 226
25445 6243 226
6243 8882 226
8882 36743 226
36743 40039 226
40039 35778 226
35778 12580 226
12580 39429 226
39429 12277 226
12277 14979 226
14979 24793 226
24793 5808 226
5808 23445 226
23445 2115 226
8587 7042 227
7042 71 227
71 32769 227
32769 6366 227
6366 9200 227
9200 14224 227
14224 31411 227
31411 4457 227
4457 40575 227
40575 28552 227
28552 3526 227
3526 3642 227
3642 35545 227
35545 1019 227
1019 28153 227
28153 20791 227
20791 30182 227
30182 30969 227
30969 35938 227
35938 5961 227
5961 15152 227
15152 29863 227
29863 23701 227
23701 22545 227
22545 7676 227
7676 39323 227
39323 25002 227
25002 38440 227
38440 34818 227
34818 4177 227
4177 18022 227
18022 34982 227
34982 23348 227
23348 19805 227
19805 26301 227
26301 5713 227
5713 37348 227
37348 27660 227
27660 19940 227
19940 20392 227
20392 35293 227
14862 34564 228
34564 36977 228
36977 5833 228
5833 6473 228
6473 12198 228
12198 33772 228
33772 6870 228
6870 31373 228
31373 24985 228
24985 32391 228
32391 17219 228
17219 40894 228
40894 14644 228
14644 25460 228
25460 38077 228
38077 9272 228
9272 15557 228
15557 25224 228
25224 13055 228
13055 26644 228
26644 11562 228
11562 24096 228
24096 5735 228
5735 25785 228
25785 28498 228
28498 21424 228
21424 23155 228
23155 22281 228
22281 11329 228
11329 34747 228
34747 40975 228
40975 16987 228
16987 22404 228
22404 34529 228
34529 17462 228
17462 3034 228
3034 21117 228
21117 34898 228
34898 2831 228
2831 30219 228
30219 19785 228
28390 9703 229
9703 11202 229
11202 37779 229
37779 31418 229
31418 17164 229
17164 2653 229
2653 4513 229
4513 22899 229
22899 8661 229
8661 34013 229
34013 41318 229
41318 16753 229
16753 29287 229
29287 24022 229
24022 23579 229
23579 17355 229
17355 40033 229
40033 6353 229
6353 9005 229
9005 8363 229
8363 14526 229
14526 41531 229
41531 21256 229
21256 16726 229
16726 36317 229
36317 7018 229
7018 38726 229
38726 8934 229
8934 21995 229
21995 36193 229
36193 28665 229
28665 35916 229
35916 40289 229
40289 37569 229
37569 21232 229
21232 39930 229
39930 14429 229
14429 8142 229
8142 19290 229
19290 7088 229
7088 5165 229
1003 33411 230
33411 984 230
984 27984 230
27984 36135 230
36135 5042 230
5042 20856 230
20856 10023 230
10023 13623 230
13623 37668 230
37668 39139 230
39139 17002 230
17002 17065 230
17065 17608 230
17608 31724 230
31724 37388 230
37388 24819 230
24819 12356 230
12356 35544 230
35544 5699 230
5699 24044 230
24044 21444 230
21444 11384 230
11384 17619 230
17619 17419 230
17419 12321 230
12321 20990 230
20990 21537 230
21537 7707 230
7707 4438 230
4438 32303 230
32303 17818 230
17818 16750 230
16750 32455 230
32455 24880 230
24880 13040 230
13040 32064 230
32064 12618 230
12618 39925 230
39925 15889 230
15889 23852 230
23852 41811 230
1466 8720 231
8720 31533 231
31533 7495 231
7495 37401 231
37401 24555 231
24555 28602 231
28602 8065 231
8065 29589 231
29589 19378 231
19378 23725 231
23725 41478 231
41478 1627 231
1627 18585 231
18585 39059 231
39059 19398 231
19398 30547 231
30547 21256 231
21256 15483 231
15483 6780 231
6780 9564 231
9564 21447 231
21447 40700 231
40700 33049 231
33049 1372 231
1372 36740 231
36740 15130 231
15130 13152 231
13152 26548 231
26548 291 231
291 35052 231
35052 12525 231
12525 9572 231
9572 19755 231
19755 40881 231
40881 14883 231
14883 28880 231
28880 23377 231
23377 6819 231
6819 22066 231
22066 9196 231
9196 5930 231
36520 35329 232
35329 9617 232
9617 40749 232
40749 17276 232
17276 18012 232
18012 41319 232
41319 26153 232
26153 25138 232
25138 35406 232
35406 10151 232
10151 3752 232
3752 22268 232
22268 1282 232
1282 24334 232
24334 19428 232
19428 37841 232
37841 34742 232
34742 8075 232
8075 13238 232
13238 40644 232
40644 11855 232
11855 265 232
265 28029 232
28029 6407 232
6407 32119 232
32119 97 232
97 3790 232
3790 34145 232
34145 6706 232
6706 17620 232
17620 40993 232
40993 17298 232
17298 20715 232
20715 7219 232
7219 10808 232
10808 39602 232
39602 6430 232
6430 11758 232
11758 4948 232
4948 8012 232
8012 5305 232
3853 31969 233
31969 18970 233
18970 14756 233
14756 11501 233
11501 30772 233
30772 36092 233
36092 6480 233
6480 13287 233
13287 30905 233
30905 8675 233
8675 21365 233
21365 15802 233
15802 139 233
139 11626 233
11626 30260 233
30260 21280 233
21280 9228 233
9228 26255 233
26255 39868 233
39868 40017 233
40017 16666 233
16666 35569 233
35569 7877 233
7877 27687 233
27687 2135 233
2135 24440 233
24440 25594 233
25594 33054 233
33054 41343 233
41343 35662 233
35662 29002 233
29002 3614 233
3614 11673 233
11673 37919 233
37919 8356 233
8356 6349 233
6349 6226 233
6226 33220 233
33220 15659 233
15659 28025 233
28025 39919 233
27387 20133 234
20133 28413 234
28413 36490 234
36490 26524 234
26524 29349 234
29349 13582 234
13582 11517 234
11517 25665 234
25665 3738 234
3738 10873 234
10873 5547 234
5547 8979 234
8979 1979 234
1979 32838 234
32838 3197 234
3197 22111 234
22111 35524 234
35524 13398 234
13398 25565 234
25565 1856 234
1856 17161 234
17161 2342 234
2342 9699 234
9699 29776 234
29776 26072 234
26072 33093 234
33093 822 234
822 41324 234
41324 21253 234
21253 38129 234
38129 16879 234
16879 15281 234
15281 11496 234
11496 25921 234
25921 35719 234
35719 17500 234
17500 8069 234
8069 25967 234
25967 30071 234
30071 2962 234
2962 27649 234
27111 35885 235
35885 30108 235
30108 26160 235
26160 29371 235
29371 33529 235
33529 19337 235
19337 4509 235
4509 1627 235
1627 21817 235
21817 1334 235
1334 14999 235
14999 10488 235
10488 9131 235
9131 19396 235
19396 8398 235
8398 667 235
667 936 235
936 5822 235
5822 4382 235
4382 18274 235
18274 33823 235
33823 32705 235
32705 21693 235
21693 19299 235
19299 29057 235
29057 40332 235
40332 40317 235
40317 23819 235
23819 14706 235
14706 40245 235
40245 39446 235
39446 27143 235
27143 8562 235
8562 18728 235
18728 13913 235
13913 25314 235
25314 26163 235
26163 9333 235
9333 40680 235
40680 24237 235
24237 36602 235
18027 39823 236
39823 31152 236
31152 35521 236
35521 14703 236
14703 18571 236
18571 34202 236
34202 28046 236
28046 28972 236
28972 6 236
6 16630 236
16630 38890 236
38890 1703 236
1703 15830 236
15830 29823 236
29823 22290 236
22290 36578 236
36578 14003 236
14003 30909 236
30909 4479 236
4479 7870 236
7870 37794 236
37794 28481 236
28481 29421 236
29421 4434 236
4434 30265 236
30265 37538 236
37538 1798 236
1798 16119 236
16119 21739 236
21739 29212 236
29212 25888 236
25888 28888 236
28888 36654 236
36654 22650 236
22650 22022 236
22022 2349 236
2349 34693 236
34693 22891 236
22891 1846 236
1846 27749 236
27749 233 236
1998 30967 237
30967 20477 237
20477 11498 237
11498 9804 237
9804 33219 237
33219 16235 237
16235 37008 237
37008 7163 237
7163 38308 237
38308 4151 237
4151 2069 237
2069 6771 237
6771 31124 237
31124 33439 237
33439 9438 237
9438 32578 237
32578 28044 237
28044 3394 237
3394 36350 237
36350 8332 237
8332 20169 237
20169 39002 237
39002 5905 237
5905 15358 237
15358 24835 237
24835 25850 237
25850 17886 237
17886 33386 237
33386 10627 237
10627 23662 237
23662 4907 237
4907 8713 237
8713 26406 237
26406 26658 237
26658 2435 237
2435 12190 237
12190 25992 237
25992 7108 237
7108 40857 237
40857 11593 237
11593 32221 237
39361 15434 238
15434 24281 238
24281 16358 238
16358 353 238
353 36038 238
36038 28238 238
28238 11619 238
11619 38022 238
38022 35964 238
35964 612 238
612 16565 238
16565 28742 238
28742 14440 238
14440 10990 238
10990 10817 238
10817 21049 238
21049 16392 238
16392 19217 238
19217 25745 238
25745 30271 238
30271 1325 238
1325 15511 238
15511 41367 238
41367 4133 238
4133 34325 238
34325 35400 238
35400 12267 238
12267 23615 238
23615 27285 238
27285 6938 238
6938 26703 238
26703 31402 238
31402 19185 238
19185 12074 238
12074 9603 238
9603 27366 238
27366 39993 238
39993 14874 238
14874 30104 238
30104 17233 238
17233 39959 238
24991 23018 239
23018 3563 239
3563 25994 239
25994 20921 239
20921 14862 239
14862 41091 239
41091 29205 239
29205 13407 239
13407 36243 239
36243 30539 239
30539 4400 239
4400 16963 239
16963 37492 239
37492 36311 239
36311 10722 239
10722 39731 239
39731 4512 239
4512 37800 239
37800 40273 239
40273 38229 239
38229 17858 239
17858 24604 239
24604 31609 239
31609 39123 239
39123 23426 239
23426 28351 239
28351 1585 239
1585 3599 239
3599 19803 239
19803 23695 239
23695 25568 239
25568 25957 239
25957 37790 239
37790 465 239
465 13747 239
13747 16336 239
16336 4183 239
4183 41453 239
41453 17520 239
17520 15152 239
15152 9834 239
27353 29664 240
29664 24683 240
24683 24649 240
24649 4698 240
4698 8454 240
8454 29932 240
29932 33099 240
33099 25692 240
25692 23219 240
23219 18228 240
18228 24224 240
24224 23884 240
23884 14888 240
14888 15460 240
15460 1023 240
1023 27362 240
27362 38805 240
38805 38800 240
38800 31604 240
31604 28154 240
28154 33502 240
33502 36595 240
36595 41331 240
41331 20013 240
20013 34463 240
34463 14580 240
14580 25588 240
25588 20857 240
20857 35569 240
35569 31337 240
31337 11570 240
11570 41030 240
41030 11574 240
11574 13107 240
13107 14328 240
14328 34552 240
34552 29479 240
29479 33019 240
33019 10158 240
10158 40178 240
40178 41282 240
14890 38328 241
38328 10437 241
10437 10893 241
10893 40002 241
40002 23761 241
23761 37812 241
37812 34580 241
34580 21762 241
21762 25797 241
25797 133 241
133 4464 241
4464 24509 241
24509 34561 241
34561 13071 241
13071 409 241
409 16320 241
16320 40029 241
40029 13110 241
13110 19304 241
19304 38430 241
38430 37429 241
37429 5199 241
5199 18634 241
18634 3215 241
3215 41139 241
41139 36188 241
36188 34570 241
34570 14514 241
14514 16546 241
16546 14612 241
14612 23369 241
23369 23938 241
23938 30394 241
30394 20907 241
20907 38775 241
38775 40274 241
40274 886 241
886 38781 241
38781 14641 241
14641 7981 241
7981 40501 241
22816 2951 242
2951 18678 242
18678 5595 242
5595 26124 242
26124 30287 242
30287 12433 242
12433 38023 242
38023 28846 242
28846 21295 242
21295 16769 242
16769 5451 242
5451 4526 242
4526 28546 242
28546 31344 242
31344 26843 242
26843 29060 242
29060 11115 242
11115 12679 242
12679 25051 242
25051 33883 242
33883 36508 242
36508 36954 242
36954 8048 242
8048 35102 242
35102 7796 242
7796 1053 242
1053 2009 242
2009 15938 242
15938 29420 242
29420 26101 242
26101 33468 242
33468 38596 242
38596 37882 242
37882 1534 242
1534 11584 242
11584 16567 242
16567 15904 242
15904 36203 242
36203 25857 242
25857 10099 242
10099 9625 242
14000 25296 243
25296 28540 243
28540 18187 243
18187 25944 243
25944 34037 243
34037 18231 243
18231 26614 243
26614 5834 243
5834 12835 243
12835 9243 243
9243 18553 243
18553 30620 243
30620 29704 243
29704 41271 243
41271 15516 243
15516 19016 243
19016 35521 243
35521 21955 243
21955 22172 243
22172 10138 243
10138 3738 243
3738 32281 243
32281 13218 243
13218 1135 243
1135 11870 243
11870 17062 243
17062 31748 243
31748 23145 243
23145 35538 243
35538 26673 243
26673 35285 243
35285 17101 243
17101 1548 243
1548 39626 243
39626 36620 243
36620 39445 243
39445 11187 243
11187 37119 243
37119 35219 243
35219 3301 243
3301 16265 243
8464 14504 244
14504 18838 244
18838 20969 244
20969 11941 244
11941 15009 244
15009 37114 244
37114 15279 244
15279 14600 244
14600 10890 244
10890 37621 244
37621 19338 244
19338 24316 244
24316 1171 244
1171 25204 244
25204 32799 244
32799 6244 244
6244 37361 244
37361 39008 244
39008 33551 244
33551 21165 244
21165 25225 244
25225 19918 244
19918 9990 244
9990 673 244
673 20964 244
20964 10562 244
10562 37969 244
37969 15171 244
15171 32352 244
32352 28561 244
28561 30223 244
30223 37669 244
37669 21764 244
21764 31392 244
31392 17164 244
17164 12354 244
12354 22513 244
22513 22273 244
22273 13151 244
13151 33061 244
33061 35667 244
16225 28355 245
28355 14681 245
14681 31672 245
31672 31996 245
31996 31126 245
31126 14280 245
14280 31252 245
31252 12476 245
12476 20773 245
20773 17849 245
17849 30655 245
30655 1875 245
1875 22311 245
22311 16170 245
16170 21029 245
21029 8817 245
8817 21678 245
21678 26489 245
26489 10712 245
10712 22740 245
22740 37098 245
37098 35151 245
35151 35456 245
35456 10980 245
10980 25251 245
25251 25290 245
25290 28457 245
28457 22442 245
22442 12797 245
12797 7652 245
7652 13192 245
13192 31981 245
31981 27946 245
27946 19134 245
19134 19647 245
19647 1976 245
1976 5838 245
5838 41700 245
41700 16734 245
16734 2927 245
2927 2372 245
41243 32094 246
32094 29637 246
29637 2894 246
2894 29482 246
29482 40426 246
40426 32703 246
32703 10259 246
10259 24018 246
24018 27282 246
27282 26128 246
26128 20523 246
20523 4933 246
4933 32048 246
32048 22212 246
22212 40114 246
40114 31090 246
31090 39039 246
39039 23962 246
23962 19692 246
19692 4694 246
4694 34171 246
34171 6 246
6 26114 246
26114 2176 246
2176 7894 246
7894 24123 246
24123 34066 246
34066 14449 246
14449 12597 246
12597 8114 246
8114 18544 246
18544 25228 246
25228 29483 246
29483 25480 246
25480 32825 246
32825 23313 246
23313 1753 246
1753 36926 246
36926 29095 246
29095 13572 246
13572 2194 246
21291 32722 247
32722 8803 247
8803 10648 247
10648 26768 247
26768 24417 247
24417 8834 247
8834 2049 247
2049 10119 247
10119 14940 247
14940 11805 247
11805 41630 247
41630 18701 247
18701 4866 247
4866 40144 247
40144 41196 247
41196 34160 247
34160 32222 247
32222 16634 247
16634 18579 247
18579 21688 247
21688 20117 247
20117 5005 247
5005 22488 247
22488 5225 247
5225 28558 247
28558 16540 247
16540 611 247
611 33121 247
33121 13568 247
13568 21021 247
21021 12267 247
12267 32601 247
32601 31652 247
31652 7720 247
7720 26697 247
26697 21022 247
21022 7203 247
7203 28073 247
28073 40733 247
40733 37422 247
37422 8241 247
28407 4638 248
4638 26044 248
26044 9859 248
9859 4217 248
4217 22820 248
22820 21865 248
21865 40643 248
40643 8149 248
8149 3097 248
3097 6403 248
6403 41498 248
41498 15893 248
15893 19215 248
19215 7324 248
7324 30211 248
30211 6395 248
6395 20200 248
20200 23046 248
23046 32568 248
32568 36862 248
36862 11963 248
11963 4461 248
4461 25003 248
25003 981 248
981 36889 248
36889 32028 248
32028 12813 248
12813 11219 248
11219 18108 248
18108 19032 248
19032 35493 248
35493 24466 248
24466 258 248
258 29111 248
29111 579 248
579 338 248
338 7995 248
7995 14424 248
14424 10079 248
10079 28002 248
28002 10864 248
40266 38226 249
38226 337 249
337 7602 249
7602 15357 249
15357 39608 249
39608 31236 249
31236 22881 249
22881 40060 249
40060 18731 249
18731 4559 249
4559 41425 249
41425 24390 249
24390 5763 249
5763 21150 249
21150 40732 249
40732 31231 249
31231 23374 249
23374 4526 249
4526 18443 249
18443 5155 249
5155 10454 249
10454 23050 249
23050 9638 249
9638 15534 249
15534 14924 249
14924 14359 249
14359 4483 249
4483 14888 249
14888 2944 249
2944 9146 249
9146 6740 249
6740 38710 249
38710 17445 249
17445 29328 249
29328 27975 249
27975 9374 249
9374 31973 249
31973 37584 249
37584 32866 249
32866 32299 249
32299 31762 249
1641 30260 250
30260 16737 250
16737 11883 250
11883 30248 250
30248 23294 250
23294 12337 250
12337 20661 250
20661 3582 250
3582 29350 250
29350 18577 250
18577 11442 250
11442 22183 250
22183 37919 250
37919 37278 250
37278 8316 250
8316 26358 250
26358 26239 250
26239 9826 250
9826 25941 250
25941 23934 250
23934 12621 250
12621 12042 250
12042 18989 250
18989 19571 250
19571 19975 250
19975 39988 250
39988 1645 250
1645 15899 250
15899 1434 250
1434 30547 250
30547 21966 250
21966 27621 250
27621 37483 250
37483 22229 250
22229 18049 250
18049 11042 250
11042 17469 250
17469 10534 250
10534 31781 250
31781 21391 250
21391 26225 250
18464 33124 251
33124 35715 251
35715 38476 251
38476 25830 251
25830 12056 251
12056 12121 251
12121 33035 251
33035 41487 251
41487 8297 251
8297 23803 251
23803 33653 251
33653 31748 251
31748 16248 251
16248 13084 251
13084 33949 251
33949 20058 251
20058 41529 251
41529 40185 251
40185 36644 251
36644 8029 251
8029 13544 251
13544 16620 251
16620 4555 251
4555 8045 251
8045 38990 251
38990 20086 251
20086 38121 251
38121 30588 251
30588 19884 251
19884 5629 251
5629 6392 251
6392 35850 251
35850 18507 251
18507 23724 251
23724 35482 251
35482 12063 251
12063 28332 251
28332 17623 251
17623 29939 251
29939 15229 251
15229 114 251
23202 11503 252
11503 1896 252
1896 4821 252
4821 35076 252
35076 37914 252
37914 39922 252
39922 39097 252
39097 2318 252
2318 29845 252
29845 18318 252
18318 22841 252
22841 17487 252
17487 31803 252
31803 6301 252
6301 28494 252
28494 26166 252
26166 2591 252
2591 9453 252
9453 6985 252
6985 213 252
213 11214 252
11214 6415 252
6415 40485 252
40485 17778 252
17778 41748 252
41748 25561 252
25561 32476 252
32476 7300 252
7300 32201 252
32201 970 252
970 21189 252
21189 39746 252
39746 27448 252
27448 1873 252
1873 29604 252
29604 15070 252
15070 14730 252
14730 564 252
564 17758 252
17758 38538 252
38538 26554 252
7050 39755 253
39755 38292 253
38292 2094 253
2094 24763 253
24763 8660 253
8660 21375 253
21375 3962 253
3962 41073 253
41073 3405 253
3405 33887 253
33887 36242 253
36242 23224 253
23224 37453 253
37453 2854 253
2854 34973 253
34973 13008 253
13008 1588 253
1588 12946 253
12946 28683 253
28683 9024 253
9024 2224 253
2224 5185 253
5185 12503 253
12503 675 253
675 34719 253
34719 38930 253
38930 40481 253
40481 37797 253
37797 702 253
702 21372 253
21372 40463 253
40463 8051 253
8051 33630 253
33630 27652 253
27652 487 253
487 27812 253
27812 2872 253
2872 26248 253
26248 23564 253
23564 33709 253
33709 31877 253
14623 124 254
124 26444 254
26444 9629 254
9629 24033 254
24033 28798 254
28798 35035 254
35035 32210 254
32210 5357 254
5357 6787 254
6787 5983 254
5983 37455 254
37455 6447 254
6447 13622 254
13622 29349 254
29349 40100 254
40100 21589 254
21589 29190 254
29190 39351 254
39351 29352 254
29352 12347 254
12347 17274 254
17274 21283 254
21283 40923 254
40923 35462 254
35462 29516 254
29516 32294 254
32294 30057 254
30057 13374 254
13374 16416 254
16416 12646 254
12646 28270 254
28270 31730 254
31730 8635 254
8635 25509 254
25509 40525 254
40525 10026 254
10026 24395 254
24395 413 254
413 5226 254
5226 11401 254
11401 38646 254
12186 670 255
670 38958 255
38958 24675 255
24675 31843 255
31843 24208 255
24208 29935 255
29935 6576 255
6576 1507 255
1507 35103 255
35103 22252 255
22252 29041 255
29041 27920 255
27920 9231 255
9231 33693 255
33693 41084 255
41084 14198 255
14198 27616 255
27616 14517 255
14517 32620 255
32620 38740 255
38740 8762 255
8762 7444 255
7444 7410 255
7410 26311 255
26311 17564 255
17564 27252 255
27252 22778 255
22778 16383 255
16383 23746 255
23746 10024 255
10024 20124 255
20124 12182 255
12182 39237 255
39237 37238 255
37238 15674 255
15674 1715 255
1715 6691 255
6691 38381 255
38381 8812 255
8812 27683 255
27683 32130 255
11834 15911 256
15911 10818 256
10818 19950 256
19950 38422 256
38422 23326 256
23326 27205 256
27205 15932 256
15932 37653 256
37653 2180 256
2180 27464 256
27464 18887 256
18887 20416 256
20416 1246 256
1246 23385 256
23385 3807 256
3807 23069 256
23069 12821 256
12821 34977 256
34977 26371 256
26371 9997 256
9997 39362 256
39362 35371 256
35371 39442 256
39442 34143 256
34143 4236 256
4236 28598 256
28598 10890 256
10890 4193 256
4193 19304 256
19304 662 256
662 15921 256
15921 35995 256
35995 34734 256
34734 9284 256
9284 5972 256
5972 23379 256
23379 16442 256
16442 23299 256
23299 39888 256
39888 34691 256
34691 25637 256
3589 1214 257
1214 2564 257
2564 30601 257
30601 14134 257
14134 24322 257
24322 5065 257
5065 26500 257
26500 13953 257
13953 25862 257
25862 35841 257
35841 41162 257
41162 16360 257
16360 29192 257
29192 5091 257
5091 6675 257
6675 7820 257
7820 2924 257
2924 22668 257
22668 4693 257
4693 36242 257
36242 23429 257
23429 302 257
302 5142 257
5142 26272 257
26272 27885 257
27885 36701 257
36701 28460 257
28460 3641 257
3641 14332 257
14332 12287 257
12287 16310 257
16310 11395 257
11395 37594 257
37594 18771 257
18771 11882 257
11882 2464 257
2464 39209 257
39209 4752 257
4752 39486 257
39486 39222 257
39222 20430 257
19423 7289 258
7289 22111 258
22111 11664 258
11664 21527 258
21527 21405 258
21405 41220 258
41220 13532 258
13532 34286 258
34286 39924 258
39924 4720 258
4720 6404 258
6404 24635 258
24635 31119 258
31119 29343 258
29343 31683 258
31683 34932 258
34932 21633 258
21633 37900 258
37900 37565 258
37565 27474 258
27474 38193 258
38193 1354 258
1354 29160 258
29160 37500 258
37500 36995 258
36995 3423 258
3423 37937 258
37937 14799 258
14799 36522 258
36522 4837 258
4837 14359 258
14359 27564 258
27564 36297 258
36297 3771 258
3771 41270 258
41270 31746 258
31746 20973 258
20973 32411 258
32411 32744 258
32744 1496 258
1496 14201 258
29235 13744 259
13744 16747 259
16747 34801 259
34801 31210 259
31210 5158 259
5158 18236 259
18236 25810 259
25810 10199 259
10199 13534 259
13534 26630 259
26630 25545 259
25545 28795 259
28795 30399 259
30399 28545 259
28545 14077 259
14077 38668 259
38668 29337 259
29337 7375 259
7375 928 259
928 22431 259
22431 34004 259
34004 12990 259
12990 27916 259
27916 25425 259
25425 6780 259
6780 39589 259
39589 22201 259
22201 73 259
73 11080 259
11080 6217 259
6217 16935 259
16935 7156 259
7156 20541 259
20541 31436 259
31436 7595 259
7595 36229 259
36229 8302 259
8302 23798 259
23798 15779 259
15779 23176 259
23176 20556 259
14438 14626 260
14626 38181 260
38181 13861 260
13861 13754 260
13754 12328 260
12328 39202 260
39202 8828 260
8828 36988 260
36988 22080 260
22080 37918 260
37918 7029 260
7029 20251 260
20251 5149 260
5149 23891 260
23891 11750 260
11750 21882 260
21882 28935 260
28935 12831 260
12831 21716 260
21716 35080 260
35080 15661 260
15661 36663 260
36663 24573 260
24573 35726 260
35726 17437 260
17437 10422 260
10422 22740 260
22740 35843 260
35843 1381 260
1381 6730 260
6730 35658 260
35658 5569 260
5569 33970 260
33970 29665 260
29665 14808 260
14808 34937 260
34937 2763 260
2763 19671 260
19671 39716 260
39716 8602 260
8602 8752 260
31371 23604 261
23604 20447 261
20447 3224 261
3224 16977 261
16977 12736 261
12736 12135 261
12135 10238 261
10238 673 261
673 9138 261
9138 4350 261
4350 35212 261
35212 31558 261
31558 6876 261
6876 16779 261
16779 7530 261
7530 12650 261
12650 17148 261
17148 665 261
665 27878 261
27878 26773 261
26773 1856 261
1856 18702 261
18702 15469 261
15469 6000 261
6000 23454 261
23454 20643 261
20643 18815 261
18815 2965 261
2965 23724 261
23724 19286 261
19286 22175 261
22175 39392 261
39392 14086 261
14086 8260 261
8260 39010 261
39010 20361 261
20361 32407 261
32407 31741 261
31741 39444 261
39444 13605 261
13605 26024 261
39585 18743 262
18743 3898 262
3898 41379 262
41379 30148 262
30148 16852 262
16852 13264 262
13264 15329 262
15329 9291 262
9291 16249 262
16249 11835 262
11835 31511 262
31511 31529 262
31529 71 262
71 13209 262
13209 36932 262
36932 37975 262
37975 19258 262
19258 5752 262
5752 12680 262
12680 4944 262
4944 29023 262
29023 25232 262
25232 36194 262
36194 21751 262
21751 22965 262
22965 31437 262
31437 18689 262
18689 15533 262
15533 28802 262
28802 2583 262
2583 14919 262
14919 26297 262
26297 21412 262
21412 38720 262
38720 1464 262
1464 17992 262
17992 36438 262
36438 3786 262
3786 13974 262
13974 4350 262
4350 17105 262
27057 27957 263
27957 15076 263
15076 30102 263
30102 1306 263
1306 3669 263
3669 438 263
438 2105 263
2105 29045 263
29045 19335 263
19335 30155 263
30155 34922 263
34922 31222 263
31222 25674 263
25674 34777 263
34777 15569 263
15569 10982 263
10982 17650 263
17650 41732 263
41732 27714 263
27714 13996 263
13996 29487 263
29487 25541 263
25541 39215 263
39215 22195 263
22195 11694 263
11694 11802 263
11802 4412 263
4412 31184 263
31184 7317 263
7317 33140 263
33140 14638 263
14638 34258 263
34258 17496 263
17496 36985 263
36985 26078 263
26078 10145 263
10145 16328 263
16328 12761 263
12761 7499 263
7499 23280 263
23280 36297 263
36994 17979 264
17979 1315 264
1315 41094 264
41094 37674 264
37674 22026 264
22026 3147 264
3147 6061 264
6061 8334 264
8334 29879 264
29879 19697 264
19697 32021 264
32021 19935 264
19935 14970 264
14970 11305 264
11305 24353 264
24353 21792 264
21792 15733 264
15733 11596 264
11596 26609 264
26609 27005 264
27005 11248 264
11248 20107 264
20107 24969 264
24969 24644 264
24644 6638 264
6638 18159 264
18159 20509 264
20509 36692 264
36692 21868 264
21868 11791 264
11791 25163 264
25163 5933 264
5933 20432 264
20432 20052 264
20052 16883 264
16883 14578 264
14578 2424 264
2424 20333 264
20333 41295 264
41295 898 264
898 24180 264
41292 8000 265
8000 36339 265
36339 32927 265
32927 26643 265
26643 40866 265
40866 38590 265
38590 33417 265
33417 14265 265
14265 41524 265
41524 12536 265
12536 1134 265
1134 7554 265
7554 5670 265
5670 18949 265
18949 12892 265
12892 12532 265
12532 32472 265
32472 4948 265
4948 3063 265
3063 7475 265
7475 12240 265
12240 21588 265
21588 23192 265
23192 13510 265
13510 1813 265
1813 17554 265
17554 30400 265
30400 9913 265
9913 34375 265
34375 35523 265
35523 12678 265
12678 38664 265
38664 38817 265
38817 30508 265
30508 19406 265
19406 746 265
746 149 265
149 7784 265
7784 24950 265
24950 18489 265
18489 19817 265
5486 33137 266
33137 31523 266
31523 20195 266
20195 40795 266
40795 38504 266
38504 32466 266
32466 10538 266
10538 38630 266
38630 12764 266
12764 816 266
816 38769 266
38769 913 266
913 29609 266
29609 12975 266
12975 28844 266
28844 41138 266
41138 11285 266
11285 18648 266
18648 18903 266
18903 13977 266
13977 34709 266
34709 40250 266
40250 412 266
412 17408 266
17408 30950 266
30950 17303 266
17303 35081 266
35081 30305 266
30305 34274 266
34274 15138 266
15138 9692 266
9692 36644 266
36644 39622 266
39622 28715 266
28715 35746 266
35746 1148 266
1148 15520 266
15520 32552 266
32552 40819 266
40819 31174 266
31174 38098 266
39034 41360 267
41360 21179 267
21179 14240 267
14240 5546 267
5546 36798 267
36798 22160 267
22160 30353 267
30353 32207 267
32207 21057 267
21057 522 267
522 23548 267
23548 2931 267
2931 13397 267
13397 5369 267
5369 12982 267
12982 7574 267
7574 34491 267
34491 31133 267
31133 17232 267
17232 18630 267
18630 1097 267
1097 14782 267
14782 21045 267
21045 34568 267
34568 26245 267
26245 9147 267
9147 9812 267
9812 33011 267
33011 17061 267
17061 18718 267
18718 11129 267
11129 12766 267
12766 19441 267
19441 27823 267
27823 35210 267
35210 38965 267
38965 29433 267
29433 20970 267
20970 36189 267
36189 21387 267
21387 29488 267
21446 29833 268
29833 29234 268
29234 33976 268
33976 443 268
443 20726 268
20726 31458 268
31458 34673 268
34673 37447 268
37447 34556 268
34556 39024 268
39024 18094 268
18094 15303 268
15303 37044 268
37044 23442 268
23442 19038 268
19038 20858 268
20858 8889 268
8889 14185 268
14185 617 268
617 30301 268
30301 31277 268
31277 384 268
384 17875 268
17875 37235 268
37235 27414 268
27414 3535 268
3535 23538 268
23538 31053 268
31053 8740 268
8740 37521 268
37521 12794 268
12794 35672 268
35672 19230 268
19230 17410 268
17410 3506 268
3506 34181 268
34181 40531 268
40531 555 268
555 10480 268
10480 4852 268
4852 1872 268
37823 1131 269
1131 25345 269
25345 23718 269
23718 18129 269
18129 39008 269
39008 31456 269
31456 5072 269
5072 25917 269
25917 3460 269
3460 6904 269
6904 19218 269
19218 12284 269
12284 12409 269
12409 14643 269
14643 9115 269
9115 28806 269
28806 12504 269
12504 20499 269
20499 38016 269
38016 32040 269
32040 83 269
83 22154 269
22154 10023 269
10023 25797 269
25797 41242 269
41242 26592 269
26592 12976 269
12976 38491 269
38491 28965 269
28965 13220 269
13220 1117 269
1117 40768 269
40768 14297 269
14297 41730 269
41730 30954 269
30954 41212 269
41212 7722 269
7722 6505 269
6505 21973 269
21973 38276 269
38276 37867 269
254 6815 270
6815 39995 270
39995 37750 270
37750 11059 270
11059 785 270
785 9982 270
9982 29771 270
29771 3121 270
3121 4695 270
4695 31002 270
31002 29886 270
29886 12095 270
12095 31582 270
31582 4350 270
4350 19557 270
19557 20036 270
20036 23086 270
23086 24010 270
24010 16082 270
16082 7776 270
7776 25093 270
25093 25613 270
25613 248 270
248 23928 270
23928 21842 270
21842 17566 270
17566 13025 270
13025 16920 270
16920 34013 270
34013 18815 270
18815 20182 270
20182 31585 270
31585 27619 270
27619 29067 270
29067 21232 270
21232 32255 270
32255 16903 270
16903 12432 270
12432 6805 270
6805 2918 270
2918 13239 270
1794 30775 271
30775 40066 271
40066 32066 271
32066 297 271
297 28197 271
28197 177 271
177 31886 271
31886 10605 271
10605 2983 271
2983 23862 271
23862 8745 271
8745 28869 271
28869 39566 271
39566 37499 271
37499 32504 271
32504 36267 271
36267 12144 271
12144 22595 271
22595 25365 271
25365 13010 271
13010 191 271
191 37229 271
37229 36671 271
36671 1401 271
1401 30440 271
30440 2408 271
2408 17974 271
17974 32615 271
32615 29986 271
29986 30547 271
30547 33099 271
33099 33129 271
33129 23784 271
23784 5849 271
5849 29179 271
29179 16398 271
16398 21139 271
21139 27711 271
27711 41864 271
41864 16367 271
16367 40923 271
13906 5634 272
5634 13224 272
13224 35263 272
35263 41214 272
41214 40742 272
40742 25997 272
25997 806 272
806 26895 272
26895 18785 272
18785 17811 272
17811 20255 272
20255 36173 272
36173 7121 272
7121 30051 272
30051 13102 272
13102 32725 272
32725 18430 272
18430 2509 272
2509 30513 272
30513 4602 272
4602 23021 272
23021 17382 272
17382 9311 272
9311 28572 272
28572 22197 272
22197 15329 272
15329 31056 272
31056 6321 272
6321 18872 272
18872 13433 272
13433 148 272
148 7972 272
7972 32893 272
32893 27660 272
27660 5861 272
5861 11818 272
11818 22012 272
22012 2618 272
2618 26292 272
26292 20232 272
20232 14130 272
15333 29295 273
29295 23242 273
23242 38595 273
38595 4465 273
4465 16146 273
16146 6252 273
6252 1808 273
1808 18042 273
18042 33694 273
33694 10269 273
10269 5837 273
5837 39407 273
39407 38744 273
38744 19590 273
19590 28221 273
28221 29063 273
29063 10729 273
10729 38459 273
38459 33666 273
33666 34402 273
34402 22064 273
22064 16092 273
16092 6181 273
6181 10287 273
10287 13268 273
13268 32142 273
32142 27626 273
27626 4331 273
4331 19396 273
19396 17823 273
17823 41517 273
41517 4018 273
4018 36323 273
36323 39220 273
39220 38274 273
38274 30691 273
30691 5835 273
5835 19139 273
19139 13873 273
13873 2114 273
2114 6977 273
34624 30192 274
30192 17489 274
17489 17535 274
17535 17171 274
17171 1753 274
1753 11526 274
11526 1420 274
1420 33509 274
33509 36980 274
36980 30899 274
30899 29581 274
29581 9891 274
9891 31550 274
31550 15151 274
15151 20356 274
20356 21161 274
21161 31951 274
31951 32331 274
32331 37849 274
37849 34377 274
34377 21074 274
21074 19862 274
19862 19880 274
19880 9013 274
9013 1110 274
1110 24510 274
24510 11946 274
11946 40205 274
40205 24546 274
24546 15295 274
15295 23531 274
23531 16427 274
16427 3850 274
3850 7273 274
7273 27609 274
27609 25778 274
25778 31609 274
31609 27935 274
27935 19272 274
19272 2771 274
2771 18196 274
9996 15217 275
15217 38149 275
38149 21823 275
21823 36254 275
36254 1335 275
1335 32390 275
32390 38523 275
38523 12711 275
12711 11580 275
11580 13260 275
13260 37238 275
37238 22654 275
22654 29661 275
29661 768 275
768 25287 275
25287 17343 275
17343 33891 275
33891 988 275
988 4757 275
4757 11379 275
11379 5316 275
5316 25200 275
25200 29869 275
29869 19724 275
19724 16890 275
16890 24694 275
24694 7071 275
7071 25110 275
25110 8939 275
8939 5155 275
5155 4374 275
4374 35576 275
35576 12658 275
12658 3146 275
3146 18727 275
18727 30063 275
30063 2383 275
2383 21948 275
21948 21416 275
21416 30234 275
30234 28573 275
38650 29995 276
29995 39543 276
39543 33737 276
33737 1896 276
1896 36919 276
36919 32418 276
32418 39822 276
39822 34521 276
34521 25106 276
25106 20499 276
20499 2592 276
2592 23768 276
23768 31483 276
31483 26091 276
26091 13313 276
13313 4164 276
4164 28054 276
28054 22124 276
22124 37319 276
37319 26342 276
26342 29474 276
29474 20095 276
20095 614 276
614 9186 276
9186 11797 276
11797 32245 276
32245 8239 276
8239 40790 276
40790 24664 276
24664 12235 276
12235 24290 276
24290 9225 276
9225 35885 276
35885 10503 276
10503 18804 276
18804 21112 276
21112 22903 276
22903 38430 276
38430 41984 276
41984 31907 276
31907 40881 276
7589 15538 277
15538 18173 277
18173 14467 277
14467 31512 277
31512 13745 277
13745 26712 277
26712 18761 277
18761 10783 277
10783 7460 277
7460 30059 277
30059 31594 277
31594 10016 277
10016 11918 277
11918 24417 277
24417 37591 277
37591 22675 277
22675 5632 277
5632 24041 277
24041 21143 277
21143 12625 277
12625 306 277
306 23011 277
23011 21383 277
21383 6432 277
6432 33989 277
33989 22621 277
22621 21481 277
21481 27255 277
27255 39267 277
39267 9801 277
9801 5527 277
5527 36794 277
36794 7381 277
7381 10870 277
10870 13794 277
13794 28121 277
28121 40026 277
40026 40807 277
40807 33551 277
33551 22551 277
22551 7497 277
31307 29007 278
29007 40996 278
40996 39124 278
39124 13888 278
13888 9207 278
9207 10306 278
10306 23543 278
23543 18569 278
18569 17164 278
17164 27183 278
27183 26378 278
26378 30632 278
30632 34951 278
34951 7956 278
7956 16206 278
16206 11817 278
11817 24260 278
24260 27728 278
27728 15040 278
15040 18470 278
18470 12595 278
12595 25935 278
25935 29015 278
29015 4930 278
4930 27792 278
27792 21842 278
21842 3317 278
3317 23817 278
23817 1723 278
1723 18439 278
18439 41650 278
41650 10094 278
10094 30304 278
30304 28863 278
28863 36958 278
36958 31705 278
31705 21052 278
21052 21279 278
21279 36741 278
36741 40596 278
40596 28737 278
11838 3313 279
3313 11892 279
11892 37407 279
37407 8444 279
8444 34270 279
34270 37838 279
37838 18863 279
18863 23396 279
23396 23438 279
23438 35719 279
35719 33433 279
33433 29230 279
29230 22101 279
22101 7066 279
7066 34578 279
34578 41014 279
41014 12578 279
12578 14158 279
14158 15207 279
15207 14803 279
14803 9069 279
9069 4566 279
4566 29145 279
29145 36660 279
36660 21519 279
21519 21542 279
21542 40769 279
40769 5979 279
5979 25857 279
25857 26533 279
26533 14299 279
14299 5131 279
5131 21499 279
21499 36789 279
36789 29686 279
29686 18772 279
18772 37947 279
37947 7232 279
7232 26909 279
26909 13768 279
13768 34914 279
481 10892 280
10892 30446 280
30446 10019 280
10019 19257 280
19257 23645 280
23645 15765 280
15765 16904 280
16904 26305 280
26305 14291 280
14291 10718 280
10718 124 280
124 5449 280
5449 40984 280
40984 6625 280
6625 2202 280
2202 26408 280
26408 15178 280
15178 21350 280
21350 20469 280
20469 31850 280
31850 27931 280
27931 11098 280
11098 27415 280
27415 36824 280
36824 31172 280
31172 3535 280
3535 532 280
532 25390 280
25390 13759 280
13759 31369 280
31369 29138 280
29138 32243 280
32243 18279 280
18279 41888 280
41888 38983 280
38983 19926 280
19926 27048 280
27048 14761 280
14761 12198 280
12198 28022 280
28022 35593 280
6963 23138 281
23138 21968 281
21968 23758 281
23758 1380 281
1380 15221 281
15221 37223 281
37223 28787 281
28787 4554 281
4554 4531 281
4531 22709 281
22709 33035 281
33035 29600 281
29600 14188 281
14188 1736 281
1736 40468 281
40468 31792 281
31792 4467 281
4467 6873 281
6873 30541 281
30541 16831 281
16831 22839 281
22839 32270 281
32270 10026 281
10026 22994 281
22994 7595 281
7595 32018 281
32018 18711 281
18711 17541 281
17541 25421 281
25421 22015 281
22015 26356 281
26356 17383 281
17383 29496 281
29496 12359 281
12359 16512 281
16512 5161 281
5161 19388 281
19388 23133 281
23133 12720 281
12720 35289 281
35289 18362 281
9905 22370 282
22370 1535 282
1535 4881 282
4881 41132 282
41132 1008 282
1008 32449 282
32449 12683 282
12683 32063 282
32063 21201 282
21201 32059 282
32059 8852 282
8852 22661 282
22661 33327 282
33327 10713 282
10713 12692 282
12692 441 282
441 16582 282
16582 1386 282
1386 33294 282
33294 33481 282
33481 13066 282
13066 3262 282
3262 27771 282
27771 21186 282
21186 9704 282
9704 4847 282
4847 38256 282
38256 12272 282
12272 15833 282
15833 19139 282
19139 21669 282
21669 24884 282
24884 16184 282
16184 1628 282
1628 35187 282
35187 7373 282
7373 22042 282
22042 24973 282
24973 41042 282
41042 23560 282
23560 423 282
36197 28439 283
28439 6569 283
6569 36795 283
36795 31871 283
31871 27233 283
27233 20001 283
20001 15029 283
15029 19825 283
19825 29866 283
29866 34769 283
34769 31908 283
31908 7165 283
7165 3696 283
3696 22950 283
22950 39835 283
39835 12911 283
12911 28977 283
28977 987 283
987 739 283
739 5094 283
5094 6894 283
6894 9620 283
9620 25086 283
25086 17704 283
17704 40265 283
40265 9558 283
9558 18939 283
18939 12858 283
12858 31971 283
31971 22118 283
22118 11391 283
11391 17568 283
17568 31597 283
31597 5057 283
5057 9481 283
9481 15827 283
15827 12522 283
12522 3310 283
3310 8398 283
8398 2255 283
2255 26890 283
41720 25101 284
25101 10865 284
10865 37255 284
37255 41215 284
41215 13963 284
13963 2702 284
2702 8275 284
8275 24760 284
24760 30198 284
30198 25245 284
25245 37227 284
37227 13270 284
13270 17461 284
17461 14762 284
14762 28455 284
28455 22879 284
22879 39365 284
39365 16132 284
16132 39688 284
39688 34184 284
34184 779 284
779 10047 284
10047 30244 284
30244 40421 284
40421 41451 284
41451 29864 284
29864 20591 284
20591 20073 284
20073 8929 284
8929 38272 284
38272 14243 284
14243 35443 284
35443 29149 284
29149 12791 284
12791 17934 284
17934 41537 284
41537 7942 284
7942 30282 284
30282 39611 284
39611 33468 284
33468 13549 284
140 22482 285
22482 670 285
670 6893 285
6893 14383 285
14383 13746 285
13746 30188 285
30188 21230 285
21230 3174 285
3174 23784 285
23784 6340 285
6340 507 285
507 570 285
570 21201 285
21201 14123 285
14123 16254 285
16254 39951 285
39951 38232 285
38232 38834 285
38834 21877 285
21877 6430 285
6430 1266 285
1266 27804 285
27804 22004 285
22004 28165 285
28165 40233 285
40233 39755 285
39755 30607 285
30607 30646 285
30646 11350 285
11350 26983 285
26983 934 285
934 10085 285
10085 9042 285
9042 34167 285
34167 8617 285
8617 18758 285
18758 20218 285
20218 41062 285
41062 11269 285
11269 32648 285
32648 7727 285
19808 36877 286
36877 8196 286
8196 2992 286
2992 3699 286
3699 32012 286
32012 30932 286
30932 14673 286
14673 2294 286
2294 40259 286
40259 12738 286
12738 31463 286
31463 39851 286
39851 25863 286
25863 5139 286
5139 10917 286
10917 2474 286
2474 10384 286
10384 26104 286
26104 11288 286
11288 41394 286
41394 37722 286
37722 24649 286
24649 20154 286
20154 25589 286
25589 721 286
721 10539 286
10539 34662 286
34662 21606 286
21606 5666 286
5666 12555 286
12555 31384 286
31384 3827 286
3827 3790 286
3790 2415 286
2415 34274 286
34274 16600 286
16600 41128 286
41128 14822 286
14822 7351 286
7351 11976 286
11976 29379 286
23280 39807 287
39807 32899 287
32899 14081 287
14081 2470 287
2470 12002 287
12002 26654 287
26654 21047 287
21047 20396 287
20396 32524 287
32524 30593 287
30593 41272 287
41272 33507 287
33507 28390 287
28390 21410 287
21410 15331 287
15331 36467 287
36467 19863 287
19863 30443 287
30443 30807 287
30807 41985 287
41985 30676 287
30676 8828 287
8828 6035 287
6035 2230 287
2230 10257 287
10257 11919 287
11919 33193 287
33193 30959 287
30959 23491 287
23491 5319 287
5319 30351 287
30351 3941 287
3941 1251 287
1251 38209 287
38209 25431 287
25431 30751 287
30751 40048 287
40048 15829 287
15829 36330 287
36330 33713 287
33713 19084 287
15682 37507 288
37507 753 288
753 4340 288
4340 4110 288
4110 6466 288
6466 16049 288
16049 39044 288
39044 621 288
621 33218 288
33218 36272 288
36272 33514 288
33514 41295 288
41295 8247 288
8247 30168 288
30168 10089 288
10089 12163 288
12163 22048 288
22048 31763 288
31763 37554 288
37554 16361 288
16361 16026 288
16026 1484 288
1484 35057 288
35057 10070 288
10070 27630 288
27630 28625 288
28625 8593 288
8593 16169 288
16169 27963 288
27963 31933 288
31933 7197 288
7197 34967 288
34967 7804 288
7804 35225 288
35225 11175 288
11175 20914 288
20914 23235 288
23235 4746 288
4746 4466 288
4466 9658 288
9658 15966 288
21414 24355 289
24355 39665 289
39665 27657 289
27657 37521 289
37521 19269 289
19269 21677 289
21677 26543 289
26543 2149 289
2149 14165 289
14165 28348 289
28348 27614 289
27614 1013 289
1013 18085 289
18085 17002 289
17002 15551 289
15551 25134 289
25134 10942 289
10942 19598 289
19598 8613 289
8613 23276 289
23276 8064 289
8064 30346 289
30346 37661 289
37661 23487 289
23487 39106 289
39106 36702 289
36702 785 289
785 14382 289
14382 2352 289
2352 19698 289
19698 20567 289
20567 9591 289
9591 41679 289
41679 32491 289
32491 24707 289
24707 39250 289
39250 8308 289
8308 14364 289
14364 28859 289
28859 17037 289
17037 14318 289
21642 21431 290
21431 16090 290
16090 18951 290
18951 37360 290
37360 19837 290
19837 40009 290
40009 23730 290
23730 21156 290
21156 14596 290
14596 390 290
390 22090 290
22090 27682 290
27682 13673 290
13673 9932 290
9932 23501 290
23501 2371 290
2371 877 290
877 11416 290
11416 13204 290
13204 41482 290
41482 21953 290
21953 41974 290
41974 26606 290
26606 4217 290
4217 36340 290
36340 39381 290
39381 1845 290
1845 2442 290
2442 19342 290
19342 41158 290
41158 3427 290
3427 35099 290
35099 39983 290
39983 2219 290
2219 19301 290
19301 27840 290
27840 11849 290
11849 14934 290
14934 24610 290
24610 23159 290
23159 23078 290
11277 13026 291
13026 11303 291
11303 7850 291
7850 6785 291
6785 15852 291
15852 27413 291
27413 25356 291
25356 9066 291
9066 37924 291
37924 25283 291
25283 13456 291
13456 40716 291
40716 19023 291
19023 969 291
969 20797 291
20797 12325 291
12325 22292 291
22292 9090 291
9090 14935 291
14935 957 291
957 30963 291
30963 12212 291
12212 31864 291
31864 24628 291
24628 666 291
666 39547 291
39547 31016 291
31016 11830 291
11830 16329 291
16329 28540 291
28540 33696 291
33696 14696 291
14696 39867 291
39867 12429 291
12429 30069 291
30069 22451 291
22451 32419 291
32419 25829 291
25829 26466 291
26466 34598 291
34598 746 291
10666 17411 292
17411 17621 292
17621 3010 292
3010 31971 292
31971 39677 292
39677 25970 292
25970 5205 292
5205 41029 292
41029 3369 292
3369 35276 292
35276 11188 292
11188 39542 292
39542 33996 292
33996 36157 292
36157 33437 292
33437 37578 292
37578 5609 292
5609 1860 292
1860 476 292
476 15227 292
15227 826 292
826 8423 292
8423 19869 292
19869 20609 292
20609 8951 292
8951 18250 292
18250 9555 292
9555 19480 292
19480 39890 292
39890 12364 292
12364 32819 292
32819 12068 292
12068 19534 292
19534 22083 292
22083 13858 292
13858 7239 292
7239 5465 292
5465 1132 292
1132 3795 292
3795 9277 292
9277 4239 292
38016 8658 293
8658 17853 293
17853 35103 293
35103 5794 293
5794 940 293
940 10555 293
10555 36732 293
36732 37112 293
37112 27751 293
27751 2619 293
2619 19808 293
19808 15421 293
15421 23797 293
23797 32477 293
32477 6115 293
6115 3527 293
3527 22263 293
22263 7454 293
7454 13765 293
13765 12102 293
12102 11110 293
11110 20381 293
20381 40202 293
40202 39990 293
39990 20016 293
20016 5932 293
5932 4757 293
4757 12324 293
12324 2045 293
2045 12527 293
12527 21131 293
21131 15866 293
15866 12844 293
12844 23438 293
23438 4266 293
4266 25985 293
25985 16867 293
16867 124 293
124 27464 293
27464 40021 293
40021 9875 293
26908 31817 294
31817 8703 294
8703 39932 294
39932 24210 294
24210 37743 294
37743 23432 294
23432 28379 294
28379 21674 294
21674 33393 294
33393 34473 294
34473 27852 294
27852 36002 294
36002 1658 294
1658 2995 294
2995 28566 294
28566 39193 294
39193 26441 294
26441 3381 294
3381 39724 294
39724 29860 294
29860 21375 294
21375 20214 294
20214 29504 294
29504 17102 294
17102 12805 294
12805 6434 294
6434 20222 294
20222 27455 294
27455 21664 294
21664 37864 294
37864 39592 294
39592 39192 294
39192 21961 294
21961 16661 294
16661 17490 294
17490 20275 294
20275 31062 294
31062 213 294
213 34197 294
34197 13791 294
13791 27929 294
34455 14783 295
14783 6861 295
6861 27808 295
27808 7538 295
7538 13832 295
13832 39698 295
39698 37918 295
37918 508 295
508 24785 295
24785 17351 295
17351 37185 295
37185 36101 295
36101 17090 295
17090 14666 295
14666 23983 295
23983 26581 295
26581 23813 295
23813 24600 295
24600 9681 295
9681 22979 295
22979 16673 295
16673 40183 295
40183 13830 295
13830 17774 295
17774 13833 295
13833 22564 295
22564 36684 295
36684 36333 295
36333 34057 295
34057 27020 295
27020 16318 295
16318 4845 295
4845 37505 295
37505 23014 295
23014 36449 295
36449 19392 295
19392 41750 295
41750 10637 295
10637 4484 295
4484 11871 295
11871 28897 295
36682 11736 296
11736 20301 296
20301 10933 296
10933 26124 296
26124 39039 296
39039 38876 296
38876 39838 296
39838 3607 296
3607 10719 296
10719 26754 296
26754 23732 296
23732 21207 296
21207 16774 296
16774 26690 296
26690 19084 296
19084 13544 296
13544 15880 296
15880 29329 296
29329 5437 296
5437 25692 296
25692 16294 296
16294 5986 296
5986 21643 296
21643 27458 296
27458 16036 296
16036 20312 296
20312 34466 296
34466 13432 296
13432 38259 296
38259 2888 296
2888 34753 296
34753 17824 296
17824 18416 296
18416 20479 296
20479 24573 296
24573 6789 296
6789 14776 296
14776 39661 296
39661 41806 296
41806 5607 296
5607 25742 296
20512 3110 297
3110 6645 297
6645 6155 297
6155 31775 297
31775 41213 297
41213 2576 297
2576 34515 297
34515 16584 297
16584 4116 297
4116 22082 297
22082 39655 297
39655 23124 297
23124 26958 297
26958 15254 297
15254 28651 297
28651 20905 297
20905 19271 297
19271 15775 297
15775 27108 297
27108 39 297
39 1698 297
1698 24064 297
24064 21510 297
21510 32187 297
32187 39539 297
39539 6576 297
6576 21770 297
21770 25113 297
25113 26762 297
26762 13191 297
13191 32789 297
32789 7040 297
7040 4482 297
4482 10566 297
10566 12087 297
12087 32506 297
32506 24406 297
24406 33798 297
33798 20691 297
20691 16355 297
16355 16909 297
41376 25971 298
25971 24601 298
24601 37979 298
37979 14507 298
14507 33662 298
33662 38196 298
38196 41226 298
41226 8283 298
8283 23722 298
23722 27948 298
27948 16819 298
16819 13018 298
13018 3389 298
3389 27634 298
27634 36197 298
36197 2302 298
2302 39019 298
39019 17010 298
17010 8813 298
8813 29200 298
29200 21650 298
21650 10266 298
10266 27082 298
27082 32613 298
32613 20206 298
20206 14244 298
14244 13673 298
13673 35018 298
35018 38394 298
38394 17169 298
17169 12013 298
12013 22950 298
22950 2571 298
2571 15536 298
15536 16846 298
16846 37978 298
37978 20797 298
20797 13790 298
13790 34093 298
34093 36287 298
36287 23783 298
28615 26746 299
26746 40425 299
40425 1288 299
1288 15122 299
15122 24665 299
24665 1951 299
1951 35744 299
35744 27734 299
27734 26680 299
26680 17402 299
17402 18495 299
18495 927 299
927 36324 299
36324 26832 299
26832 16138 299
16138 23203 299
23203 24962 299
24962 18986 299
18986 28040 299
28040 35481 299
35481 24908 299
24908 40806 299
40806 27262 299
27262 7715 299
7715 29947 299
29947 12773 299
12773 32422 299
32422 6657 299
6657 41700 299
41700 14624 299
14624 29778 299
29778 22560 299
22560 5141 299
5141 6578 299
6578 7888 299
7888 15253 299
15253 1193 299
1193 3496 299
3496 1205 299
1205 8560 299
8560 18372 299
5852 29871 300
29871 25618 300
25618 20556 300
20556 4277 300
4277 15627 300
15627 4 300
4 25589 300
25589 36322 300
36322 11415 300
11415 6702 300
6702 20959 300
20959 36817 300
36817 33780 300
33780 488 300
488 34864 300
34864 7716 300
7716 29108 300
29108 30199 300
30199 37010 300
37010 19160 300
19160 20814 300
20814 14002 300
14002 39895 300
39895 40136 300
40136 4412 300
4412 12730 300
12730 41693 300
41693 1431 300
1431 13699 300
13699 15962 300
15962 27427 300
27427 6497 300
6497 30744 300
30744 40748 300
40748 40354 300
40354 14802 300
14802 7958 300
7958 20441 300
20441 30217 300
30217 14136 300
14136 9408 300
41660 31092 301
31092 10984 301
10984 14401 301
14401 29789 301
29789 39206 301
39206 5890 301
5890 21094 301
21094 39929 301
39929 36379 301
36379 18465 301
18465 20802 301
20802 40887 301
40887 28302 301
28302 40643 301
40643 40201 301
40201 32871 301
32871 2098 301
2098 16483 301
16483 15468 301
15468 20048 301
20048 34544 301
34544 30238 301
30238 12611 301
12611 1082 301
1082 32378 301
32378 36492 301
36492 14997 301
14997 6897 301
6897 15779 301
15779 26014 301
26014 16842 301
16842 18494 301
18494 31071 301
31071 29112 301
29112 3833 301
3833 18827 301
18827 32577 301
32577 7823 301
7823 26904 301
26904 14938 301
14938 4076 301
13699 32723 302
32723 38872 302
38872 13933 302
13933 34920 302
34920 24736 302
24736 40150 302
40150 16891 302
16891 12351 302
12351 35311 302
35311 32432 302
32432 150 302
150 32302 302
32302 8767 302
8767 11089 302
11089 20900 302
20900 37665 302
37665 20801 302
20801 36748 302
36748 28027 302
28027 40691 302
40691 37082 302
37082 38485 302
38485 32275 302
32275 4555 302
4555 25381 302
25381 40293 302
40293 27643 302
27643 17057 302
17057 23848 302
23848 34130 302
34130 22139 302
22139 29961 302
29961 8169 302
8169 30842 302
30842 37282 302
37282 14239 302
14239 734 302
734 25359 302
25359 11739 302
11739 28050 302
28050 6996 302
26189 9626 303
9626 24303 303
24303 14168 303
14168 15435 303
15435 39858 303
39858 16540 303
16540 15617 303
15617 29013 303
29013 13285 303
13285 17468 303
17468 38757 303
38757 1143 303
1143 2874 303
2874 30739 303
30739 27148 303
27148 24 303
24 21128 303
21128 3416 303
3416 27793 303
27793 33896 303
33896 12657 303
12657 34608 303
34608 11598 303
11598 22325 303
22325 33824 303
33824 36447 303
36447 7858 303
7858 33776 303
33776 37167 303
37167 8112 303
8112 27631 303
27631 21211 303
21211 22155 303
22155 21876 303
21876 28668 303
28668 8511 303
8511 40382 303
40382 19860 303
19860 21340 303
21340 1196 303
1196 11651 303
25849 5732 304
5732 10074 304
10074 2983 304
2983 32360 304
32360 483 304
483 40096 304
40096 32779 304
32779 22354 304
22354 35464 304
35464 38559 304
38559 3305 304
3305 32425 304
32425 24911 304
24911 23878 304
23878 5648 304
5648 12063 304
12063 2104 304
2104 38516 304
38516 10252 304
10252 29646 304
29646 26096 304
26096 40848 304
40848 21314 304
21314 19179 304
19179 7565 304
7565 13040 304
13040 27140 304
27140 35229 304
35229 2374 304
2374 40604 304
40604 7460 304
7460 9115 304
9115 33485 304
33485 1485 304
1485 8688 304
8688 18147 304
18147 25564 304
25564 6711 304
6711 28171 304
28171 16845 304
16845 3808 304
6268 12402 305
12402 4247 305
4247 21518 305
21518 5539 305
5539 3248 305
3248 16584 305
16584 17351 305
17351 24703 305
24703 31356 305
31356 13618 305
13618 34029 305
34029 4961 305
4961 18444 305
18444 26218 305
26218 19471 305
19471 13710 305
13710 6050 305
6050 6932 305
6932 12301 305
12301 11370 305
11370 32032 305
32032 36990 305
36990 14968 305
14968 37401 305
37401 6684 305
6684 27343 305
27343 23061 305
23061 26955 305
26955 32126 305
32126 30618 305
30618 4705 305
4705 41445 305
41445 41183 305
41183 20369 305
20369 22147 305
22147 24803 305
24803 27259 305
27259 16560 305
16560 35103 305
35103 34406 305
34406 3223 305
12109 36901 306
36901 18472 306
18472 31240 306
31240 8824 306
8824 7580 306
7580 35427 306
35427 38251 306
38251 24152 306
24152 2371 306
2371 5000 306
5000 22375 306
22375 17936 306
17936 685 306
685 8279 306
8279 3924 306
3924 32737 306
32737 37234 306
37234 1299 306
1299 23444 306
23444 18519 306
18519 31572 306
31572 23352 306
23352 24696 306
24696 11038 306
11038 24273 306
24273 17785 306
17785 41288 306
41288 1494 306
1494 29390 306
29390 40590 306
40590 38588 306
38588 31568 306
31568 10658 306
10658 17469 306
17469 24194 306
24194 1987 306
1987 5136 306
5136 29 306
29 26318 306
26318 25176 306
25176 8738 306
21434 39839 307
39839 19659 307
19659 14213 307
14213 1741 307
1741 7917 307
7917 29203 307
29203 31721 307
31721 1631 307
1631 39080 307
39080 29622 307
29622 39556 307
39556 17734 307
17734 9196 307
9196 33085 307
33085 36864 307
36864 40287 307
40287 7062 307
7062 4215 307
4215 40465 307
40465 39757 307
39757 6230 307
6230 18381 307
18381 3072 307
3072 1190 307
1190 28454 307
28454 15151 307
15151 40761 307
40761 3946 307
3946 33967 307
33967 31771 307
31771 23870 307
23870 40944 307
40944 3028 307
3028 14031 307
14031 40143 307
40143 26367 307
26367 15641 307
15641 15852 307
15852 24425 307
24425 2190 307
2190 22216 307
657 24802 308
24802 13073 308
13073 35248 308
35248 31553 308
31553 8851 308
8851 6699 308
6699 16710 308
16710 26372 308
26372 2780 308
2780 31012 308
31012 33273 308
33273 9781 308
9781 715 308
715 14795 308
14795 2202 308
2202 38696 308
38696 40174 308
40174 30717 308
30717 39097 308
39097 12998 308
12998 11050 308
11050 11756 308
11756 22290 308
22290 37470 308
37470 8337 308
8337 17624 308
17624 32806 308
32806 22410 308
22410 6472 308
6472 17563 308
17563 3805 308
3805 2520 308
2520 29722 308
29722 38889 308
38889 41630 308
41630 23572 308
23572 12870 308
12870 27342 308
27342 1962 308
1962 21037 308
21037 31846 308
15913 2416 309
2416 17620 309
17620 2280 309
2280 27702 309
27702 31005 309
31005 36326 309
36326 18352 309
18352 37510 309
37510 29646 309
29646 41465 309
41465 21607 309
21607 4628 309
4628 26969 309
26969 17697 309
17697 12215 309
12215 13263 309
13263 9067 309
9067 37117 309
37117 15613 309
15613 9694 309
9694 1327 309
1327 3257 309
3257 11952 309
11952 36385 309
36385 36745 309
36745 30107 309
30107 20778 309
20778 3920 309
3920 35894 309
35894 11487 309
11487 8571 309
8571 35909 309
35909 486 309
486 18934 309
18934 12154 309
12154 33490 309
33490 16785 309
16785 2522 309
2522 37023 309
37023 21061 309
21061 9641 309
28670 7417 310
7417 23344 310
23344 9107 310
9107 19065 310
19065 24433 310
24433 19697 310
19697 34937 310
34937 12810 310
12810 37938 310
37938 29747 310
29747 14412 310
14412 31151 310
31151 2141 310
2141 7819 310
7819 24924 310
24924 20406 310
20406 3377 310
3377 1364 310
1364 27448 310
27448 34501 310
34501 16266 310
16266 37672 310
37672 38188 310
38188 13287 310
13287 39952 310
39952 11193 310
11193 32305 310
32305 17370 310
17370 5275 310
5275 32810 310
32810 22792 310
22792 9923 310
9923 34655 310
34655 4645 310
4645 408 310
408 40162 310
40162 35464 310
35464 20815 310
20815 39217 310
39217 36788 310
36788 35261 310
23848 2852 311
2852 41373 311
41373 9704 311
9704 33918 311
33918 17062 311
17062 14753 311
14753 35930 311
35930 5109 311
5109 8234 311
8234 36856 311
36856 5047 311
5047 23455 311
23455 35600 311
35600 29495 311
29495 2542 311
2542 20694 311
20694 22411 311
22411 11125 311
11125 26830 311
26830 31666 311
31666 7229 311
7229 541 311
541 38242 311
38242 18370 311
18370 14118 311
14118 39763 311
39763 26240 311
26240 36683 311
36683 36810 311
36810 17829 311
17829 40199 311
40199 27935 311
27935 22086 311
22086 28791 311
28791 38031 311
38031 30705 311
30705 30421 311
30421 22278 311
22278 8557 311
8557 15367 311
15367 38971 311
20507 12424 312
12424 33219 312
33219 35725 312
35725 27053 312
27053 12073 312
12073 1744 312
1744 8127 312
8127 8668 312
8668 40524 312
40524 10386 312
10386 16913 312
16913 12015 312
12015 41117 312
41117 32564 312
32564 15340 312
15340 17076 312
17076 30031 312
30031 22284 312
22284 27416 312
27416 37897 312
37897 8948 312
8948 7639 312
7639 23022 312
23022 35266 312
35266 20596 312
20596 4445 312
4445 14491 312
14491 28786 312
28786 27463 312
27463 9755 312
9755 1905 312
1905 3834 312
3834 38167 312
38167 13400 312
13400 38378 312
38378 20681 312
20681 33642 312
33642 37696 312
37696 299 312
299 32833 312
32833 6240 312
28018 36502 313
36502 27878 313
27878 37262 313
37262 6431 313
6431 40433 313
40433 31516 313
31516 20986 313
20986 20928 313
20928 15382 313
15382 6196 313
6196 5636 313
5636 10068 313
10068 15667 313
15667 13522 313
13522 13887 313
13887 32806 313
32806 40004 313
40004 10438 313
10438 11530 313
11530 9603 313
9603 9155 313
9155 39656 313
39656 31661 313
31661 12106 313
12106 16363 313
16363 8408 313
8408 5610 313
5610 6485 313
6485 32027 313
32027 11273 313
11273 19578 313
19578 32537 313
32537 12960 313
12960 9025 313
9025 33944 313
33944 8443 313
8443 14090 313
14090 29332 313
29332 25167 313
25167 32481 313
32481 7834 313
824 10318 314
10318 7902 314
7902 26542 314
26542 38716 314
38716 2474 314
2474 3758 314
3758 33841 314
33841 4862 314
4862 2073 314
2073 5429 314
5429 29538 314
29538 13331 314
13331 39661 314
39661 5525 314
5525 39229 314
39229 28552 314
28552 8204 314
8204 10786 314
10786 1129 314
1129 34250 314
34250 2693 314
2693 37063 314
37063 20290 314
20290 29253 314
29253 31235 314
31235 24122 314
24122 36139 314
36139 1473 314
1473 34998 314
34998 24281 314
24281 29299 314
29299 8483 314
8483 8363 314
8363 33753 314
33753 22207 314
22207 38711 314
38711 929 314
929 5167 314
5167 20504 314
20504 5702 314
5702 22781 314
29867 40565 315
40565 28359 315
28359 14948 315
14948 12222 315
12222 38043 315
38043 27769 315
27769 1547 315
1547 33243 315
33243 8828 315
8828 5697 315
5697 35469 315
35469 26888 315
26888 35284 315
35284 17635 315
17635 4174 315
4174 40291 315
40291 11641 315
11641 39393 315
39393 3084 315
3084 21385 315
21385 13673 315
13673 41453 315
41453 39189 315
39189 33287 315
33287 12501 315
12501 29619 315
29619 35800 315
35800 20585 315
20585 26493 315
26493 21128 315
21128 11070 315
11070 6248 315
6248 38366 315
38366 40255 315
40255 19302 315
19302 35730 315
35730 36428 315
36428 34975 315
34975 13502 315
13502 9656 315
9656 26187 315
28599 33919 316
33919 20297 316
20297 10818 316
10818 2625 316
2625 1680 316
1680 36209 316
36209 5462 316
5462 35362 316
35362 15771 316
15771 678 316
678 26362 316
26362 17342 316
17342 21257 316
21257 32709 316
32709 17052 316
17052 21931 316
21931 29098 316
29098 12319 316
12319 27807 316
27807 18086 316
18086 11863 316
11863 22899 316
22899 3406 316
3406 11842 316
11842 28252 316
28252 5409 316
5409 37559 316
37559 31682 316
31682 34215 316
34215 29054 316
29054 33883 316
33883 4156 316
4156 27758 316
27758 5787 316
5787 21155 316
21155 36063 316
36063 5441 316
5441 14664 316
14664 13005 316
13005 9505 316
9505 1140 316
26903 6169 317
6169 11079 317
11079 25415 317
25415 17534 317
17534 23163 317
23163 30914 317
30914 20675 317
20675 27324 317
27324 30871 317
30871 22484 317
22484 24878 317
24878 35162 317
35162 41531 317
41531 4361 317
4361 12831 317
12831 20132 317
20132 8547 317
8547 20977 317
20977 3600 317
3600 28691 317
28691 31142 317
31142 1198 317
1198 25518 317
25518 29745 317
29745 14139 317
14139 37306 317
37306 9354 317
9354 15922 317
15922 38562 317
38562 36056 317
36056 23811 317
23811 30101 317
30101 26224 317
26224 10015 317
10015 18333 317
18333 22881 317
22881 863 317
863 15531 317
15531 7703 317
7703 28350 317
28350 41707 317
40397 30636 318
30636 2713 318
2713 39654 318
39654 23268 318
23268 25980 318
25980 33149 318
33149 28834 318
28834 22431 318
22431 10109 318
10109 16708 318
16708 21237 318
21237 35272 318
35272 9368 318
9368 4798 318
4798 33166 318
33166 7968 318
7968 13073 318
13073 6078 318
6078 5518 318
5518 34459 318
34459 41590 318
41590 16650 318
16650 7521 318
7521 11995 318
11995 21366 318
21366 9521 318
9521 25727 318
25727 3624 318
3624 40024 318
40024 41233 318
41233 14963 318
14963 8090 318
8090 1923 318
1923 29769 318
29769 13205 318
13205 19231 318
19231 32998 318
32998 11703 318
11703 3276 318
3276 19430 318
19430 18066 318
21886 21655 319
21655 4908 319
4908 2004 319
2004 5318 319
5318 37398 319
37398 8670 319
8670 21749 319
21749 21467 319
21467 28199 319
28199 35918 319
35918 29558 319
29558 24952 319
24952 11321 319
11321 2072 319
2072 13585 319
13585 9926 319
9926 28013 319
28013 23754 319
23754 24648 319
24648 33703 319
33703 8148 319
8148 9953 319
9953 27812 319
27812 24489 319
24489 792 319
792 10374 319
10374 15549 319
15549 39430 319
39430 33970 319
33970 28375 319
28375 7858 319
7858 18329 319
18329 19381 319
19381 21112 319
21112 20402 319
20402 6823 319
6823 21439 319
21439 32609 319
32609 32829 319
32829 22122 319
22122 38669 319
4914 34204 320
34204 35330 320
35330 21788 320
21788 31629 320
31629 25080 320
25080 40911 320
40911 14291 320
14291 38198 320
38198 31446 320
31446 38186 320
38186 41801 320
41801 7266 320
7266 32373 320
32373 22040 320
22040 19971 320
19971 19812 320
19812 13601 320
13601 33252 320
33252 13054 320
13054 16282 320
16282 33134 320
33134 9015 320
9015 19202 320
19202 23545 320
23545 16555 320
16555 39959 320
39959 34883 320
34883 36626 320
36626 11574 320
11574 18216 320
18216 1916 320
1916 26023 320
26023 19047 320
19047 1086 320
1086 36781 320
36781 33941 320
33941 22558 320
22558 24857 320
24857 20501 320
20501 30193 320
30193 21145 320
12546 17931 321
17931 35318 321
35318 38790 321
38790 2502 321
2502 32090 321
32090 6901 321
6901 39671 321
39671 25998 321
25998 30160 321
30160 40539 321
40539 37872 321
37872 32516 321
32516 19815 321
19815 18918 321
18918 22507 321
22507 6520 321
6520 35633 321
35633 2808 321
2808 28025 321
28025 40462 321
40462 26511 321
26511 16904 321
16904 36143 321
36143 28779 321
28779 28573 321
28573 9760 321
9760 3225 321
3225 33923 321
33923 23287 321
23287 443 321
443 12772 321
12772 10650 321
10650 27031 321
27031 21559 321
21559 34188 321
34188 25148 321
25148 6138 321
6138 4009 321
4009 29830 321
29830 40214 321
40214 25119 321
39395 26557 322
26557 31159 322
31159 33557 322
33557 13331 322
13331 41551 322
41551 28618 322
28618 11045 322
11045 3992 322
3992 7928 322
7928 15041 322
15041 10201 322
10201 3773 322
3773 2846 322
2846 28552 322
28552 5583 322
5583 20687 322
20687 16112 322
16112 9339 322
9339 8583 322
8583 18705 322
18705 34018 322
34018 11343 322
11343 28199 322
28199 31265 322
31265 28737 322
28737 25510 322
25510 5829 322
5829 7276 322
7276 26158 322
26158 15031 322
15031 16343 322
16343 38481 322
38481 32804 322
32804 35937 322
35937 614 322
614 8751 322
8751 7108 322
7108 88 322
88 32640 322
32640 33785 322
33785 35409 322
5449 40890 323
40890 11360 323
11360 34816 323
34816 6974 323
6974 2627 323
2627 20758 323
20758 9673 323
9673 6201 323
6201 6318 323
6318 9312 323
9312 26313 323
26313 6213 323
6213 27328 323
27328 30012 323
30012 35893 323
35893 40598 323
40598 31637 323
31637 29155 323
29155 9885 323
9885 27624 323
27624 15632 323
15632 6257 323
6257 41995 323
41995 38282 323
38282 25244 323
25244 40027 323
40027 27015 323
27015 31691 323
31691 12588 323
12588 30141 323
30141 18468 323
18468 6930 323
6930 14602 323
14602 9571 323
9571 4393 323
4393 37510 323
37510 7832 323
7832 4599 323
4599 2856 323
2856 27643 323
27643 6392 323
15730 39944 324
39944 5052 324
5052 1737 324
1737 14820 324
14820 7976 324
7976 29882 324
29882 28594 324
28594 34561 324
34561 9122 324
9122 11900 324
11900 39683 324
39683 17827 324
17827 16915 324
16915 30287 324
30287 22738 324
22738 4801 324
4801 26562 324
26562 37119 324
37119 1598 324
1598 31983 324
31983 30180 324
30180 40793 324
40793 12769 324
12769 2754 324
2754 29040 324
29040 37370 324
37370 33159 324
33159 23639 324
23639 1916 324
1916 10476 324
10476 1016 324
1016 7357 324
7357 34152 324
34152 25210 324
25210 5772 324
5772 30000 324
30000 24525 324
24525 11100 324
11100 23307 324
23307 16289 324
16289 38430 324
5406 16701 325
16701 4212 325
4212 30118 325
30118 26932 325
26932 5037 325
5037 41983 325
41983 36314 325
36314 13554 325
13554 40530 325
40530 4801 325
4801 27702 325
27702 39271 325
39271 15355 325
15355 39280 325
39280 24842 325
24842 36287 325
36287 14878 325
14878 19575 325
19575 28770 325
28770 25452 325
25452 41204 325
41204 6089 325
6089 8142 325
8142 38642 325
38642 15687 325
15687 40555 325
40555 16390 325
16390 27572 325
27572 11740 325
11740 23711 325
23711 22087 325
22087 22074 325
22074 18136 325
18136 11925 325
11925 28954 325
28954 12383 325
12383 7603 325
7603 18757 325
18757 11293 325
11293 34399 325
34399 21673 325
37867 25779 326
25779 10414 326
10414 29131 326
29131 35962 326
35962 18661 326
18661 6525 326
6525 29864 326
29864 35039 326
35039 27457 326
27457 4563 326
4563 11768 326
11768 19269 326
19269 35812 326
35812 14433 326
14433 1564 326
1564 22430 326
22430 19253 326
19253 10106 326
10106 30912 326
30912 30931 326
30931 16694 326
16694 30542 326
30542 30878 326
30878 34247 326
34247 969 326
969 27885 326
27885 7827 326
7827 19931 326
19931 9406 326
9406 8229 326
8229 23792 326
23792 213 326
213 32216 326
32216 14561 326
14561 33169 326
33169 25058 326
25058 38220 326
38220 2406 326
2406 15816 326
15816 20054 326
20054 27713 326
18442 38412 327
38412 22244 327
22244 41376 327
41376 36129 327
36129 11985 327
11985 24015 327
24015 3296 327
3296 20182 327
20182 29283 327
29283 3537 327
3537 29500 327
29500 24473 327
24473 14870 327
14870 35235 327
35235 17400 327
17400 30166 327
30166 22271 327
22271 12929 327
12929 33178 327
33178 14902 327
14902 34367 327
34367 38710 327
38710 22803 327
22803 838 327
838 2337 327
2337 14148 327
14148 27055 327
27055 13858 327
13858 3351 327
3351 13419 327
13419 37592 327
37592 28800 327
28800 18293 327
18293 27302 327
27302 26262 327
26262 13628 327
13628 28738 327
28738 18887 327
18887 27115 327
27115 24330 327
24330 32733 327
13284 32815 328
32815 37588 328
37588 13331 328
13331 33887 328
33887 26630 328
26630 18800 328
18800 6895 328
6895 38732 328
38732 8082 328
8082 5151 328
5151 17617 328
17617 27610 328
27610 26924 328
26924 30140 328
30140 18621 328
18621 18055 328
18055 23825 328
23825 41469 328
41469 34937 328
34937 17650 328
17650 36553 328
36553 10074 328
10074 7972 328
7972 13438 328
13438 12610 328
12610 10578 328
10578 21207 328
21207 14014 328
14014 33285 328
33285 11584 328
11584 15079 328
15079 36022 328
36022 4584 328
4584 30179 328
30179 3818 328
3818 23341 328
23341 19135 328
19135 14044 328
14044 22226 328
22226 37354 328
37354 19152 328
26803 4303 329
4303 24491 329
24491 37621 329
37621 1442 329
1442 32838 329
32838 11284 329
11284 38123 329
38123 31104 329
31104 20032 329
20032 34120 329
34120 7227 329
7227 39619 329
39619 3696 329
3696 8109 329
8109 19012 329
19012 14283 329
14283 9821 329
9821 24291 329
24291 4898 329
4898 34342 329
34342 14914 329
14914 3195 329
3195 17815 329
17815 13255 329
13255 39599 329
39599 13420 329
13420 2179 329
2179 5310 329
5310 1950 329
1950 35641 329
35641 11116 329
11116 27406 329
27406 35246 329
35246 3926 329
3926 5819 329
5819 10372 329
10372 25984 329
25984 7742 329
7742 17323 329
17323 4246 329
4246 33340 329
10878 3778 330
3778 9513 330
9513 34741 330
34741 10467 330
10467 10381 330
10381 17053 330
17053 29148 330
29148 39700 330
39700 32961 330
32961 12960 330
12960 8812 330
8812 41231 330
41231 1526 330
1526 27339 330
27339 6503 330
6503 522 330
522 34377 330
34377 27958 330
27958 38868 330
38868 33018 330
33018 36726 330
36726 14035 330
14035 18670 330
18670 16333 330
16333 4711 330
4711 41918 330
41918 1590 330
1590 23511 330
23511 22853 330
22853 25181 330
25181 37347 330
37347 23391 330
23391 28972 330
28972 28250 330
28250 12783 330
12783 22945 330
22945 12684 330
12684 6566 330
6566 22540 330
22540 6862 330
6862 7580 330
40979 13184 331
13184 5730 331
5730 28113 331
28113 38205 331
38205 32763 331
32763 27380 331
27380 17043 331
17043 23069 331
23069 22418 331
22418 32043 331
32043 31026 331
31026 31687 331
31687 18933 331
18933 26692 331
26692 37574 331
37574 29568 331
29568 35464 331
35464 11443 331
11443 23280 331
23280 19869 331
19869 39146 331
39146 35139 331
35139 23509 331
23509 31377 331
31377 30582 331
30582 36391 331
36391 15244 331
15244 4476 331
4476 31188 331
31188 1509 331
1509 5508 331
5508 41777 331
41777 40360 331
40360 27908 331
27908 6985 331
6985 41869 331
41869 7352 331
7352 1078 331
1078 27085 331
27085 18505 331
18505 32516 331
2600 32468 332
32468 35161 332
35161 41463 332
41463 22515 332
22515 10743 332
10743 13305 332
13305 23957 332
23957 27090 332
27090 28851 332
28851 34567 332
34567 26526 332
26526 36815 332
36815 9669 332
9669 26473 332
26473 11703 332
11703 25575 332
25575 6123 332
6123 9544 332
9544 19215 332
19215 9101 332
9101 34013 332
34013 6826 332
6826 528 332
528 25939 332
25939 10100 332
10100 31395 332
31395 31564 332
31564 22038 332
22038 7578 332
7578 29516 332
29516 4534 332
4534 2855 332
2855 10072 332
10072 23543 332
23543 35228 332
35228 34812 332
34812 10212 332
10212 12159 332
12159 13576 332
13576 3378 332
3378 139 332
3774 29672 333
29672 31004 333
31004 33601 333
33601 23583 333
23583 39183 333
39183 22731 333
22731 41945 333
41945 37150 333
37150 13171 333
13171 26523 333
26523 5660 333
5660 37504 333
37504 1538 333
1538 30806 333
30806 25759 333
25759 15384 333
15384 23142 333
23142 5461 333
5461 17701 333
17701 38055 333
38055 11999 333
11999 17680 333
17680 14157 333
14157 19100 333
19100 14754 333
14754 18928 333
18928 41224 333
41224 39848 333
39848 2216 333
2216 39491 333
39491 4207 333
4207 7089 333
7089 8390 333
8390 14530 333
14530 18651 333
18651 38670 333
38670 5983 333
5983 18620 333
18620 20679 333
20679 6660 333
6660 28203 333
26610 10896 334
10896 8234 334
8234 18251 334
18251 14403 334
14403 4049 334
4049 9584 334
9584 30959 334
30959 28013 334
28013 3402 334
3402 16694 334
16694 8657 334
8657 34469 334
34469 14511 334
14511 12497 334
12497 6138 334
6138 24581 334
24581 34163 334
34163 16671 334
16671 10908 334
10908 7641 334
7641 31215 334
31215 38213 334
38213 24663 334
24663 15851 334
15851 21583 334
21583 33208 334
33208 623 334
623 17015 334
17015 9104 334
9104 20032 334
20032 30348 334
30348 15747 334
15747 37384 334
37384 36206 334
36206 8055 334
8055 25351 334
25351 9095 334
9095 15982 334
15982 8532 334
8532 27154 334
27154 22386 334
7577 8756 335
8756 38799 335
38799 23200 335
23200 39044 335
39044 13818 335
13818 26962 335
26962 30675 335
30675 8247 335
8247 17917 335
17917 34794 335
34794 31649 335
31649 22191 335
22191 29452 335
29452 484 335
484 37870 335
37870 31422 335
31422 9590 335
9590 33812 335
33812 16925 335
16925 9880 335
9880 4895 335
4895 37359 335
37359 32067 335
32067 32334 335
32334 6102 335
6102 35515 335
35515 23385 335
23385 22071 335
22071 3029 335
3029 7494 335
7494 19350 335
19350 21382 335
21382 15892 335
15892 6167 335
6167 9858 335
9858 30912 335
30912 6674 335
6674 184 335
184 38822 335
38822 4524 335
4524 39023 335
19723 11341 336
11341 4291 336
4291 40727 336
40727 6969 336
6969 10130 336
10130 30750 336
30750 9224 336
9224 23883 336
23883 16634 336
16634 5234 336
5234 6779 336
6779 14437 336
14437 26088 336
26088 678 336
678 24514 336
24514 37313 336
37313 17713 336
17713 22212 336
22212 2063 336
2063 25142 336
25142 276 336
276 15734 336
15734 14308 336
14308 32978 336
32978 36561 336
36561 23669 336
23669 29056 336
29056 5222 336
5222 6740 336
6740 34279 336
34279 25929 336
25929 27458 336
27458 30925 336
30925 16766 336
16766 31453 336
31453 40130 336
40130 29201 336
29201 35750 336
35750 29509 336
29509 28402 336
28402 37081 336
21311 25313 337
25313 19844 337
19844 11750 337
11750 12327 337
12327 26284 337
26284 5046 337
5046 3780 337
3780 33869 337
33869 22605 337
22605 1965 337
1965 40253 337
40253 13971 337
13971 14818 337
14818 14453 337
14453 9600 337
9600 16258 337
16258 13281 337
13281 31131 337
31131 26841 337
26841 23546 337
23546 5477 337
5477 36508 337
36508 2664 337
2664 34865 337
34865 32058 337
32058 39222 337
39222 24657 337
24657 17572 337
17572 18171 337
18171 26960 337
26960 3086 337
3086 5884 337
5884 36805 337
36805 1210 337
1210 14662 337
14662 9308 337
9308 9674 337
9674 6434 337
6434 34613 337
34613 41409 337
41409 16501 337
13615 53 338
53 26192 338
26192 18863 338
18863 18010 338
18010 22857 338
22857 999 338
999 14361 338
14361 24413 338
24413 1484 338
1484 16988 338
16988 40263 338
40263 17806 338
17806 12394 338
12394 21551 338
21551 21017 338
21017 19899 338
19899 19064 338
19064 34309 338
34309 10439 338
10439 21258 338
21258 20426 338
20426 6894 338
6894 11470 338
11470 3284 338
3284 40389 338
40389 33867 338
33867 14802 338
14802 30009 338
30009 4185 338
4185 5097 338
5097 20114 338
20114 6625 338
6625 25493 338
25493 33930 338
33930 39824 338
39824 33534 338
33534 24878 338
24878 23455 338
23455 15775 338
15775 15861 338
15861 26010 338
27506 34864 339
34864 34675 339
34675 41131 339
41131 14686 339
14686 29903 339
29903 12726 339
12726 6068 339
6068 6818 339
6818 41207 339
41207 1530 339
1530 12346 339
12346 28535 339
28535 35870 339
35870 24598 339
24598 30002 339
30002 26180 339
26180 831 339
831 8133 339
8133 33356 339
33356 34632 339
34632 5520 339
5520 2233 339
2233 35883 339
35883 11250 339
11250 2032 339
2032 30253 339
30253 10548 339
10548 36990 339
36990 7109 339
7109 36142 339
36142 19145 339
19145 40354 339
40354 23011 339
23011 8079 339
8079 1285 339
1285 37842 339
37842 5607 339
5607 15773 339
15773 8233 339
8233 9057 339
9057 36487 339
27373 23679 340
23679 36022 340
36022 28037 340
28037 41797 340
41797 10579 340
10579 14073 340
14073 19689 340
19689 8909 340
8909 9999 340
9999 19628 340
19628 20348 340
20348 25207 340
25207 2969 340
2969 38599 340
38599 5826 340
5826 25170 340
25170 12937 340
12937 41626 340
41626 11276 340
11276 26201 340
26201 23044 340
23044 35860 340
35860 3245 340
3245 24725 340
24725 38595 340
38595 15902 340
15902 17545 340
17545 823 340
823 39871 340
39871 7146 340
7146 25323 340
25323 6138 340
6138 27905 340
27905 23690 340
23690 4971 340
4971 2316 340
2316 25883 340
25883 13465 340
13465 18193 340
18193 26601 340
26601 39058 340
30255 2393 341
2393 10717 341
10717 40731 341
40731 14409 341
14409 17513 341
17513 35726 341
35726 2241 341
2241 19471 341
19471 3208 341
3208 19976 341
19976 6686 341
6686 1679 341
1679 11869 341
11869 14312 341
14312 17654 341
17654 21975 341
21975 10917 341
10917 176 341
176 38717 341
38717 18711 341
18711 14655 341
14655 1063 341
1063 20892 341
20892 15128 341
15128 852 341
852 34736 341
34736 41807 341
41807 12976 341
12976 1357 341
1357 20288 341
20288 41436 341
41436 18839 341
18839 333 341
333 12821 341
12821 20319 341
20319 4987 341
4987 3868 341
3868 7463 341
7463 25077 341
25077 26272 341
26272 31624 341
10300 1628 342
1628 13752 342
13752 31326 342
31326 25315 342
25315 32524 342
32524 27156 342
27156 11635 342
11635 34047 342
34047 22419 342
22419 35895 342
35895 14437 342
14437 31718 342
31718 24716 342
24716 7566 342
7566 36292 342
36292 40234 342
40234 19371 342
19371 40733 342
40733 8854 342
8854 16023 342
16023 2745 342
2745 29483 342
29483 35797 342
35797 1240 342
1240 35098 342
35098 4335 342
4335 32033 342
32033 18848 342
18848 18826 342
18826 34674 342
34674 28797 342
28797 2294 342
2294 38474 342
38474 37791 342
37791 16718 342
16718 13980 342
13980 38312 342
38312 36536 342
36536 12168 342
12168 20854 342
20854 24641 342
13717 5266 343
5266 19528 343
19528 10896 343
10896 38827 343
38827 1902 343
1902 1208 343
1208 33117 343
33117 33793 343
33793 13078 343
13078 34337 343
34337 13619 343
13619 30929 343
30929 30934 343
30934 11812 343
11812 15764 343
15764 8802 343
8802 4854 343
4854 31859 343
31859 28657 343
28657 32264 343
32264 6218 343
6218 32764 343
32764 254 343
254 22275 343
22275 36018 343
36018 35902 343
35902 35342 343
35342 17060 343
17060 2959 343
2959 25551 343
25551 35642 343
35642 24191 343
24191 6659 343
6659 8879 343
8879 5821 343
5821 28626 343
28626 18594 343
18594 26308 343
26308 18678 343
18678 8932 343
8932 26905 343
14716 38598 344
38598 30006 344
30006 27510 344
27510 609 344
609 10802 344
10802 21499 344
21499 18716 344
18716 12822 344
12822 16621 344
16621 11821 344
11821 32348 344
32348 8016 344
8016 39665 344
39665 13417 344
13417 5265 344
5265 40974 344
40974 1738 344
1738 14185 344
14185 41696 344
41696 17742 344
17742 40812 344
40812 36466 344
36466 15874 344
15874 4956 344
4956 1224 344
1224 25584 344
25584 39339 344
39339 28322 344
28322 17377 344
17377 21137 344
21137 24240 344
24240 19206 344
19206 14911 344
14911 14595 344
14595 28560 344
28560 8597 344
8597 16320 344
16320 32328 344
32328 4497 344
4497 13127 344
13127 38879 344
15417 28740 345
28740 26027 345
26027 27900 345
27900 21614 345
21614 11732 345
11732 29656 345
29656 21447 345
21447 1980 345
1980 35571 345
35571 21761 345
21761 40996 345
40996 37650 345
37650 10343 345
10343 1188 345
1188 28729 345
28729 11877 345
11877 24151 345
24151 17701 345
17701 10629 345
10629 4934 345
4934 25338 345
25338 18971 345
18971 10609 345
10609 41997 345
41997 39216 345
39216 23327 345
23327 22459 345
22459 19743 345
19743 17700 345
17700 18420 345
18420 24331 345
24331 39028 345
39028 60 345
60 24952 345
24952 14375 345
14375 25264 345
25264 34017 345
34017 29278 345
29278 34352 345
34352 23127 345
23127 23518 345
29116 32031 346
32031 1951 346
1951 9591 346
9591 40894 346
40894 20740 346
20740 7091 346
7091 10884 346
10884 29521 346
29521 4079 346
4079 38164 346
38164 25946 346
25946 32098 346
32098 13368 346
13368 31936 346
31936 39928 346
39928 22976 346
22976 18797 346
18797 2868 346
2868 29847 346
29847 33183 346
33183 5045 346
5045 1299 346
1299 19077 346
19077 38604 346
38604 28373 346
28373 26327 346
26327 16148 346
16148 25424 346
25424 32927 346
32927 5998 346
5998 24423 346
24423 39798 346
39798 23593 346
23593 38137 346
38137 7147 346
7147 733 346
733 24200 346
24200 21325 346
21325 38201 346
38201 27956 346
27956 18232 346
27816 7175 347
7175 8749 347
8749 25653 347
25653 26641 347
26641 29568 347
29568 39113 347
39113 6225 347
6225 22871 347
22871 14310 347
14310 5147 347
5147 4287 347
4287 8000 347
8000 1933 347
1933 11472 347
11472 14107 347
14107 32816 347
32816 14363 347
14363 25577 347
25577 14061 347
14061 16434 347
16434 10769 347
10769 39741 347
39741 38770 347
38770 20950 347
20950 38125 347
38125 34373 347
34373 10332 347
10332 18699 347
18699 9628 347
9628 12909 347
12909 25418 347
25418 23801 347
23801 40968 347
40968 14430 347
14430 24658 347
24658 24662 347
24662 41885 347
41885 18900 347
18900 2307 347
2307 22559 347
22559 29507 347
8742 41596 348
41596 13258 348
13258 1771 348
1771 20923 348
20923 36999 348
36999 9277 348
9277 38245 348
38245 11634 348
11634 27209 348
27209 33229 348
33229 2440 348
2440 10620 348
10620 22013 348
22013 24060 348
24060 8928 348
8928 1291 348
1291 23597 348
23597 26492 348
26492 34175 348
34175 15979 348
15979 19727 348
19727 37745 348
37745 39550 348
39550 15048 348
15048 39644 348
39644 15355 348
15355 36167 348
36167 14494 348
14494 8953 348
8953 40819 348
40819 10485 348
10485 29383 348
29383 1800 348
1800 25848 348
25848 25376 348
25376 36520 348
36520 19279 348
19279 8817 348
8817 8298 348
8298 7144 348
7144 33597 348
13692 34415 349
34415 14201 349
14201 12726 349
12726 22968 349
22968 12365 349
12365 12052 349
12052 16201 349
16201 35058 349
35058 15704 349
15704 36051 349
36051 28672 349
28672 6644 349
6644 41548 349
41548 33965 349
33965 31175 349
31175 31234 349
31234 34298 349
34298 38882 349
38882 19380 349
19380 35416 349
35416 40660 349
40660 8171 349
8171 41347 349
41347 4656 349
4656 2391 349
2391 21740 349
21740 7174 349
7174 24310 349
24310 29060 349
29060 29244 349
29244 15890 349
15890 6892 349
6892 6897 349
6897 37146 349
37146 25085 349
25085 7492 349
7492 40452 349
40452 5876 349
5876 29824 349
29824 26684 349
26684 7231 349
21185 39587 350
39587 7125 350
7125 1378 350
1378 22620 350
22620 2498 350
2498 36261 350
36261 161 350
161 38081 350
38081 26884 350
26884 14941 350
14941 8007 350
8007 4499 350
4499 9773 350
9773 7816 350
7816 12840 350
12840 8509 350
8509 4632 350
4632 29679 350
29679 21598 350
21598 25760 350
25760 32368 350
32368 20420 350
20420 14365 350
14365 7286 350
7286 36295 350
36295 23667 350
23667 23588 350
23588 29726 350
29726 4752 350
4752 30900 350
30900 30804 350
30804 24320 350
24320 365 350
365 6259 350
6259 33487 350
33487 14674 350
14674 170 350
170 859 350
859 39017 350
39017 26932 350
26932 2043 350
32588 22699 351
22699 20506 351
20506 22149 351
22149 28540 351
28540 10967 351
10967 39033 351
39033 27708 351
27708 30903 351
30903 33954 351
33954 4930 351
4930 13833 351
13833 9467 351
9467 12355 351
12355 4909 351
4909 3909 351
3909 1129 351
1129 22547 351
22547 4389 351
4389 8625 351
8625 4597 351
4597 29000 351
29000 37749 351
37749 20910 351
20910 20890 351
20890 9304 351
9304 31458 351
31458 11510 351
11510 11497 351
11497 8124 351
8124 6324 351
6324 36912 351
36912 4735 351
4735 23210 351
23210 26213 351
26213 30965 351
30965 26522 351
26522 15025 351
15025 5305 351
5305 20748 351
20748 23247 351
23247 12391 351
1154 35980 352
35980 8548 352
8548 31131 352
31131 12603 352
12603 1632 352
1632 34559 352
34559 3215 352
3215 36253 352
36253 34577 352
34577 31219 352
31219 4862 352
4862 36722 352
36722 17685 352
17685 28214 352
28214 25510 352
25510 40832 352
40832 256 352
256 5861 352
5861 22089 352
22089 11887 352
11887 25969 352
25969 20502 352
20502 11619 352
11619 14518 352
14518 16567 352
16567 29294 352
29294 12607 352
12607 8285 352
8285 15346 352
15346 2119 352
2119 35437 352
35437 12763 352
12763 37657 352
37657 25171 352
25171 29675 352
29675 38458 352
38458 28359 352
28359 33212 352
33212 25683 352
25683 26301 352
26301 35250 352
41192 27278 353
27278 9593 353
9593 27617 353
27617 30246 353
30246 199 353
199 8141 353
8141 37393 353
37393 9381 353
9381 10711 353
10711 34987 353
34987 40203 353
40203 8049 353
8049 6009 353
6009 23830 353
23830 28612 353
28612 31466 353
31466 18551 353
18551 3966 353
3966 15586 353
15586 18236 353
18236 9728 353
9728 4941 353
4941 30012 353
30012 39200 353
39200 14574 353
14574 11768 353
11768 16985 353
16985 32746 353
32746 28150 353
28150 19938 353
19938 36681 353
36681 7921 353
7921 908 353
908 41278 353
41278 1016 353
1016 29399 353
29399 31664 353
31664 9493 353
9493 20384 353
20384 15090 353
15090 31976 353
25578 34196 354
34196 3576 354
3576 378 354
378 11443 354
11443 12211 354
12211 12171 354
12171 13676 354
13676 38316 354
38316 30903 354
30903 37555 354
37555 27348 354
27348 40223 354
40223 2650 354
2650 33935 354
33935 25569 354
25569 5450 354
5450 31737 354
31737 21932 354
21932 6141 354
6141 29560 354
29560 297 354
297 30275 354
30275 34169 354
34169 34107 354
34107 35059 354
35059 37264 354
37264 26716 354
26716 7415 354
7415 16218 354
16218 39854 354
39854 36168 354
36168 14110 354
14110 34305 354
34305 38166 354
38166 28772 354
28772 32793 354
32793 3859 354
3859 15732 354
15732 24313 354
24313 38939 354
38939 27407 354
29546 9224 355
9224 5812 355
5812 33092 355
33092 32035 355
32035 40606 355
40606 41257 355
41257 5736 355
5736 20656 355
20656 5175 355
5175 24795 355
24795 24870 355
24870 25146 355
25146 15988 355
15988 26786 355
26786 2510 355
2510 28779 355
28779 31368 355
31368 6272 355
6272 41758 355
41758 28453 355
28453 22884 355
22884 35480 355
35480 41933 355
41933 1870 355
1870 27012 355
27012 19252 355
19252 31182 355
31182 31691 355
31691 31784 355
31784 32157 355
32157 19499 355
19499 22969 355
22969 18572 355
18572 28323 355
28323 35726 355
35726 38405 355
38405 16937 355
16937 29459 355
29459 18372 355
18372 5147 355
5147 21396 355
16301 19171 356
19171 35072 356
35072 30636 356
30636 832 356
832 35388 356
35388 16294 356
16294 17080 356
17080 41452 356
41452 153 356
153 24150 356
24150 7275 356
7275 6387 356
6387 33952 356
33952 2260 356
2260 9897 356
9897 9003 356
9003 574 356
574 18098 356
18098 12503 356
12503 20893 356
20893 20927 356
20927 25967 356
25967 18749 356
18749 37444 356
37444 7652 356
7652 10141 356
10141 17619 356
17619 25009 356
25009 22465 356
22465 11780 356
11780 37498 356
37498 23492 356
23492 22022 356
22022 35186 356
35186 17923 356
17923 11019 356
11019 9332 356
9332 31513 356
31513 2914 356
2914 37420 356
37420 30197 356
17937 5284 357
5284 7264 357
7264 15981 357
15981 34791 357
34791 15621 357
15621 6995 357
6995 25917 357
25917 10095 357
10095 35523 357
35523 16893 357
16893 9401 357
9401 32887 357
32887 18000 357
18000 7342 357
7342 30920 357
30920 24578 357
24578 18211 357
18211 32221 357
32221 2427 357
2427 15421 357
15421 9812 357
9812 6183 357
6183 26646 357
26646 33598 357
33598 26492 357
26492 25497 357
25497 39270 357
39270 23845 357
23845 24447 357
24447 8754 357
8754 32676 357
32676 6562 357
6562 4026 357
4026 24490 357
24490 34299 357
34299 35151 357
35151 14264 357
14264 27493 357
27493 26233 357
26233 39431 357
39431 40047 357
21831 38549 358
38549 29466 358
29466 41332 358
41332 24535 358
24535 39701 358
39701 19753 358
19753 17600 358
17600 24667 358
24667 12187 358
12187 40194 358
40194 14662 358
14662 1562 358
1562 33095 358
33095 39189 358
39189 11748 358
11748 31331 358
31331 37928 358
37928 41895 358
41895 18789 358
18789 30579 358
30579 5358 358
5358 15576 358
15576 30831 358
30831 31663 358
31663 27472 358
27472 13260 358
13260 31711 358
31711 10867 358
10867 1941 358
1941 33548 358
33548 9074 358
9074 27120 358
27120 3373 358
3373 10543 358
10543 9417 358
9417 4241 358
4241 3821 358
3821 34803 358
34803 6258 358
6258 30624 358
30624 15830 358
24801 26993 359
26993 19164 359
19164 40448 359
40448 24533 359
24533 19855 359
19855 30775 359
30775 30451 359
30451 34533 359
34533 19658 359
19658 40825 359
40825 37712 359
37712 22896 359
22896 30210 359
30210 33172 359
33172 10836 359
10836 9700 359
9700 35574 359
35574 8164 359
8164 4141 359
4141 4199 359
4199 30973 359
30973 27724 359
27724 36366 359
36366 8367 359
8367 33587 359
33587 18056 359
18056 836 359
836 37601 359
37601 23716 359
23716 8451 359
8451 20987 359
20987 41215 359
41215 8372 359
8372 17793 359
17793 25000 359
25000 40843 359
40843 33341 359
33341 39234 359
39234 16136 359
16136 10573 359
10573 20403 359
5373 8924 360
8924 12368 360
12368 38517 360
38517 20672 360
20672 14257 360
14257 29426 360
29426 36745 360
36745 23345 360
23345 39292 360
39292 41839 360
41839 29185 360
29185 8418 360
8418 8198 360
8198 13522 360
13522 25133 360
25133 7889 360
7889 6510 360
6510 6303 360
6303 24524 360
24524 1432 360
1432 38471 360
38471 29630 360
29630 27238 360
27238 41139 360
41139 27380 360
27380 27142 360
27142 40971 360
40971 32625 360
32625 14465 360
14465 6440 360
6440 5695 360
5695 39496 360
39496 35255 360
35255 26229 360
26229 27852 360
27852 756 360
756 12065 360
12065 23640 360
23640 34461 360
34461 3422 360
3422 16943 360
12392 7280 361
7280 25110 361
25110 28519 361
28519 1457 361
1457 27921 361
27921 110 361
110 19408 361
19408 20072 361
20072 11571 361
11571 464 361
464 17845 361
17845 18221 361
18221 32135 361
32135 3999 361
3999 18735 361
18735 5477 361
5477 3112 361
3112 23157 361
23157 9317 361
9317 8461 361
8461 27983 361
27983 32413 361
32413 11481 361
11481 3649 361
3649 14940 361
14940 41135 361
41135 38329 361
38329 28061 361
28061 14978 361
14978 26722 361
26722 1501 361
1501 24056 361
24056 5637 361
5637 33023 361
33023 25162 361
25162 9492 361
9492 19330 361
19330 2755 361
2755 23753 361
23753 19451 361
19451 25236 361
13258 18938 362
18938 17218 362
17218 36594 362
36594 18260 362
18260 630 362
630 6403 362
6403 14734 362
14734 29117 362
29117 14592 362
14592 12480 362
12480 3532 362
3532 14691 362
14691 30015 362
30015 8677 362
8677 15292 362
15292 10490 362
10490 656 362
656 11698 362
11698 17987 362
17987 3162 362
3162 25745 362
25745 9402 362
9402 9015 362
9015 11262 362
11262 40914 362
40914 5284 362
5284 34370 362
34370 20672 362
20672 25489 362
25489 31322 362
31322 8899 362
8899 21031 362
21031 32382 362
32382 23344 362
23344 34217 362
34217 16547 362
16547 9727 362
9727 3699 362
3699 18933 362
18933 20787 362
20787 5299 362
23093 17856 363
17856 19186 363
19186 24576 363
24576 3870 363
3870 9369 363
9369 28749 363
28749 9787 363
9787 18352 363
18352 36338 363
36338 23047 363
23047 38381 363
38381 41534 363
41534 9060 363
9060 30956 363
30956 28075 363
28075 26592 363
26592 36249 363
36249 21941 363
21941 16479 363
16479 7803 363
7803 32914 363
32914 21156 363
21156 20230 363
20230 17399 363
17399 15131 363
15131 6716 363
6716 39777 363
39777 27796 363
27796 7550 363
7550 24670 363
24670 1445 363
1445 22831 363
22831 28525 363
28525 36256 363
36256 25898 363
25898 1603 363
1603 8339 363
8339 36837 363
36837 38312 363
38312 20110 363
20110 1712 363
30216 12285 364
12285 35208 364
35208 31397 364
31397 18003 364
18003 37788 364
37788 15921 364
15921 33467 364
33467 41479 364
41479 7146 364
7146 22461 364
22461 26372 364
26372 34801 364
34801 7114 364
7114 11425 364
11425 18753 364
18753 17531 364
17531 22815 364
22815 4457 364
4457 20843 364
20843 22427 364
22427 18960 364
18960 37406 364
37406 11519 364
11519 32138 364
32138 27031 364
27031 12245 364
12245 5776 364
5776 1052 364
1052 37190 364
37190 22561 364
22561 27099 364
27099 41736 364
41736 41552 364
41552 35479 364
35479 41163 364
41163 37821 364
37821 31002 364
31002 41526 364
41526 21258 364
21258 39653 364
39653 38822 364
24562 26880 365
26880 13950 365
13950 24906 365
24906 32025 365
32025 26401 365
26401 34674 365
34674 31507 365
31507 40760 365
40760 33313 365
33313 9347 365
9347 29511 365
29511 636 365
636 23167 365
23167 5231 365
5231 11589 365
11589 15557 365
15557 8020 365
8020 9834 365
9834 41340 365
41340 20303 365
20303 25383 365
25383 26086 365
26086 30306 365
30306 28299 365
28299 26082 365
26082 14373 365
14373 9821 365
9821 33011 365
33011 11751 365
11751 22911 365
22911 37300 365
37300 3083 365
3083 12392 365
12392 7894 365
7894 21174 365
21174 12670 365
12670 35907 365
35907 3125 365
3125 13010 365
13010 23928 365
23928 11259 365
7917 13490 366
13490 19155 366
19155 14548 366
14548 7967 366
7967 11658 366
11658 4900 366
4900 15340 366
15340 29668 366
29668 17807 366
17807 9694 366
9694 19738 366
19738 21990 366
21990 27866 366
27866 23464 366
23464 10067 366
10067 20322 366
20322 29385 366
29385 21077 366
21077 27832 366
27832 35801 366
35801 39288 366
39288 14235 366
14235 18148 366
18148 24972 366
24972 18902 366
18902 40078 366
40078 23250 366
23250 26922 366
26922 14392 366
14392 14545 366
14545 17022 366
17022 35946 366
35946 39362 366
39362 6653 366
6653 10165 366
10165 33732 366
33732 32479 366
32479 23814 366
23814 8768 366
8768 27789 366
27789 37476 366
6746 32572 367
32572 975 367
975 15083 367
15083 14714 367
14714 36444 367
36444 40849 367
40849 16002 367
16002 18022 367
18022 38791 367
38791 21539 367
21539 15768 367
15768 10400 367
10400 29102 367
29102 7542 367
7542 23657 367
23657 37952 367
37952 10300 367
10300 39672 367
39672 16827 367
16827 16536 367
16536 1085 367
1085 18962 367
18962 15679 367
15679 1572 367
1572 2188 367
2188 40463 367
40463 33556 367
33556 11317 367
11317 4308 367
4308 36637 367
36637 30530 367
30530 34222 367
34222 2807 367
2807 22451 367
22451 18734 367
18734 20941 367
20941 30309 367
30309 32681 367
32681 35504 367
35504 36035 367
36035 20465 367
29268 36595 368
36595 32672 368
32672 29017 368
29017 15529 368
15529 18019 368
18019 35078 368
35078 29781 368
29781 27063 368
27063 26584 368
26584 17444 368
17444 36302 368
36302 28214 368
28214 20703 368
20703 33398 368
33398 19561 368
19561 7285 368
7285 219 368
219 33998 368
33998 17991 368
17991 10813 368
10813 29773 368
29773 24125 368
24125 8849 368
8849 14484 368
14484 14607 368
14607 28574 368
28574 31519 368
31519 38777 368
38777 20637 368
20637 28152 368
28152 811 368
811 27102 368
27102 27207 368
27207 23435 368
23435 30452 368
30452 634 368
634 3145 368
3145 26934 368
26934 24032 368
24032 8854 368
8854 9920 368
16159 20263 369
20263 9350 369
9350 26816 369
26816 11863 369
11863 14436 369
14436 20942 369
20942 5949 369
5949 9110 369
9110 15949 369
15949 19168 369
19168 39821 369
39821 27006 369
27006 20556 369
20556 4227 369
4227 34813 369
34813 7486 369
7486 13561 369
13561 7455 369
7455 41145 369
41145 15141 369
15141 7185 369
7185 12858 369
12858 38037 369
38037 22050 369
22050 37563 369
37563 29855 369
29855 21441 369
21441 14569 369
14569 18778 369
18778 27207 369
27207 13317 369
13317 40685 369
40685 37350 369
37350 6185 369
6185 4509 369
4509 15283 369
15283 32213 369
32213 11198 369
11198 21484 369
21484 4319 369
4319 9889 369
37137 9218 370
9218 3030 370
3030 15115 370
15115 33514 370
33514 2894 370
2894 15528 370
15528 10051 370
10051 31493 370
31493 1539 370
1539 41442 370
41442 13085 370
13085 12263 370
12263 19662 370
19662 39644 370
39644 31838 370
31838 2210 370
2210 15294 370
15294 8641 370
8641 11476 370
11476 13878 370
13878 41763 370
41763 7243 370
7243 29621 370
29621 24212 370
24212 28657 370
28657 2307 370
2307 23544 370
23544 1102 370
1102 111 370
111 1841 370
1841 16898 370
16898 18984 370
18984 20284 370
20284 3931 370
3931 26231 370
26231 1926 370
1926 39435 370
39435 7012 370
7012 36472 370
36472 40034 370
40034 10226 370
4846 9095 371
9095 27991 371
27991 11205 371
11205 24595 371
24595 2297 371
2297 15599 371
15599 5200 371
5200 25227 371
25227 41930 371
41930 39539 371
39539 22457 371
22457 38464 371
38464 22751 371
22751 31218 371
31218 24229 371
24229 8533 371
8533 26285 371
26285 32161 371
32161 19208 371
19208 2656 371
2656 29882 371
29882 15135 371
15135 21756 371
21756 21500 371
21500 19362 371
19362 26185 371
26185 5337 371
5337 17533 371
17533 36885 371
36885 9353 371
9353 4182 371
4182 30078 371
30078 35828 371
35828 38731 371
38731 25707 371
25707 13454 371
13454 37374 371
37374 2685 371
2685 12772 371
12772 14552 371
14552 12779 371
11561 28279 372
28279 32937 372
32937 21385 372
21385 32050 372
32050 26560 372
26560 7951 372
7951 1201 372
1201 19617 372
19617 11880 372
11880 194 372
194 24713 372
24713 2472 372
2472 41083 372
41083 17700 372
17700 5797 372
5797 25775 372
25775 26862 372
26862 6154 372
6154 1722 372
1722 15718 372
15718 20461 372
20461 34478 372
34478 8450 372
8450 10955 372
10955 21185 372
21185 38925 372
38925 19477 372
19477 38928 372
38928 17454 372
17454 20557 372
20557 38782 372
38782 11990 372
11990 27616 372
27616 14038 372
14038 38402 372
38402 10000 372
10000 26611 372
26611 24257 372
24257 117 372
117 421 372
421 39717 372
40583 33255 373
33255 8063 373
8063 22038 373
22038 12301 373
12301 32842 373
32842 5088 373
5088 11646 373
11646 35117 373
35117 3936 373
3936 1345 373
1345 24216 373
24216 11677 373
11677 31978 373
31978 30347 373
30347 24438 373
24438 4191 373
4191 1047 373
1047 3832 373
3832 9547 373
9547 36626 373
36626 3595 373
3595 8872 373
8872 21803 373
21803 5323 373
5323 34952 373
34952 14959 373
14959 27206 373
27206 2724 373
2724 6164 373
6164 41224 373
41224 40990 373
40990 5610 373
5610 34901 373
34901 30961 373
30961 3613 373
3613 41678 373
41678 35820 373
35820 12849 373
12849 10788 373
10788 2228 373
2228 20815 373
9309 9905 374
9905 14479 374
14479 17756 374
17756 10621 374
10621 22376 374
22376 21542 374
21542 30450 374
30450 1656 374
1656 28494 374
28494 6152 374
6152 5301 374
5301 2014 374
2014 35748 374
35748 24285 374
24285 34573 374
34573 2665 374
2665 4812 374
4812 22238 374
22238 29710 374
29710 17 374
17 19072 374
19072 34365 374
34365 20124 374
20124 2589 374
2589 3266 374
3266 8452 374
8452 23041 374
23041 29533 374
29533 18368 374
18368 24221 374
24221 40442 374
40442 26645 374
26645 26021 374
26021 33598 374
33598 33325 374
33325 38803 374
38803 34909 374
34909 15690 374
15690 14227 374
14227 10389 374
10389 35643 374
12980 26841 375
26841 26471 375
26471 10051 375
10051 22025 375
22025 10979 375
10979 3453 375
3453 7089 375
7089 35280 375
35280 22891 375
22891 3061 375
3061 20068 375
20068 17273 375
17273 18725 375
18725 26004 375
26004 27376 375
27376 33181 375
33181 23181 375
23181 1174 375
1174 24013 375
24013 41082 375
41082 21940 375
21940 37126 375
37126 31121 375
31121 20678 375
20678 19967 375
19967 7713 375
7713 2502 375
2502 34502 375
34502 31794 375
31794 26351 375
26351 36002 375
36002 39565 375
39565 38859 375
38859 34256 375
34256 17632 375
17632 7131 375
7131 32414 375
32414 27127 375
27127 1180 375
1180 13137 375
13137 26338 375
23936 20953 376
20953 24848 376
24848 17069 376
17069 25330 376
25330 33911 376
33911 35077 376
35077 6131 376
6131 5022 376
5022 11284 376
11284 22289 376
22289 29730 376
29730 14467 376
14467 31071 376
31071 34549 376
34549 8923 376
8923 14338 376
14338 30238 376
30238 14171 376
14171 19808 376
19808 5900 376
5900 37165 376
37165 41730 376
41730 8423 376
8423 17478 376
17478 25950 376
25950 23301 376
23301 17746 376
17746 34597 376
34597 26039 376
26039 7552 376
7552 6590 376
6590 14121 376
14121 19094 376
19094 24856 376
24856 27657 376
27657 3832 376
3832 33294 376
33294 16081 376
16081 41770 376
41770 27031 376
27031 4356 376
16790 9377 377
9377 19630 377
19630 14577 377
14577 19684 377
19684 16545 377
16545 12629 377
12629 38361 377
38361 11065 377
11065 18203 377
18203 26684 377
26684 33326 377
33326 28431 377
28431 3475 377
3475 27562 377
27562 30437 377
30437 2351 377
2351 20476 377
20476 7434 377
7434 37748 377
37748 25198 377
25198 1769 377
1769 19056 377
19056 6766 377
6766 19394 377
19394 18952 377
18952 19987 377
19987 36591 377
36591 35524 377
35524 36786 377
36786 11613 377
11613 33924 377
33924 41932 377
41932 31613 377
31613 34827 377
34827 29970 377
29970 34997 377
34997 29317 377
29317 33286 377
33286 8247 377
8247 15498 377
15498 10880 377
7132 11578 378
11578 33608 378
33608 22928 378
22928 23708 378
23708 34051 378
34051 17750 378
17750 27002 378
27002 35790 378
35790 39476 378
39476 30339 378
30339 41719 378
41719 23786 378
23786 40914 378
40914 20202 378
20202 2665 378
2665 15213 378
15213 6452 378
6452 12157 378
12157 13098 378
13098 24463 378
24463 27436 378
27436 15534 378
15534 18404 378
18404 1720 378
1720 35164 378
35164 26569 378
26569 29562 378
29562 4299 378
4299 27854 378
27854 26319 378
26319 10084 378
10084 25799 378
25799 2305 378
2305 33593 378
33593 12003 378
12003 26044 378
26044 23505 378
23505 12431 378
12431 37524 378
37524 40912 378
40912 25980 378
7189 41360 379
41360 13684 379
13684 20943 379
20943 11838 379
11838 7429 379
7429 27443 379
27443 15478 379
15478 578 379
578 32030 379
32030 10139 379
10139 41924 379
41924 12670 379
12670 14518 379
14518 3636 379
3636 9862 379
9862 19986 379
19986 38580 379
38580 1505 379
1505 1748 379
1748 7174 379
7174 29287 379
29287 36226 379
36226 32758 379
32758 30721 379
30721 39063 379
39063 29986 379
29986 37734 379
37734 37269 379
37269 3832 379
3832 32214 379
32214 2661 379
2661 41383 379
41383 10548 379
10548 9723 379
9723 13331 379
13331 32524 379
32524 762 379
762 7466 379
7466 9453 379
9453 5043 379
5043 41519 379
23686 33188 380
33188 7865 380
7865 19596 380
19596 23451 380
23451 25231 380
25231 29822 380
29822 5396 380
5396 30605 380
30605 38497 380
38497 3763 380
3763 11574 380
11574 38156 380
38156 13075 380
13075 23389 380
23389 38484 380
38484 2071 380
2071 27580 380
27580 30310 380
30310 25292 380
25292 15871 380
15871 5599 380
5599 41518 380
41518 16798 380
16798 27659 380
27659 9063 380
9063 23462 380
23462 2291 380
2291 8498 380
8498 4580 380
4580 37321 380
37321 28238 380
28238 26587 380
26587 21259 380
21259 4084 380
4084 740 380
740 7866 380
7866 35232 380
35232 28897 380
28897 1139 380
1139 35097 380
35097 35982 380
33565 3531 381
3531 28111 381
28111 8852 381
8852 26414 381
26414 2432 381
2432 6332 381
6332 37646 381
37646 25701 381
25701 41356 381
41356 32472 381
32472 32067 381
32067 30494 381
30494 5566 381
5566 29171 381
29171 38911 381
38911 28702 381
28702 28914 381
28914 39538 381
39538 24560 381
24560 12848 381
12848 24631 381
24631 26053 381
26053 15120 381
15120 13472 381
13472 19609 381
19609 29019 381
29019 3604 381
3604 38191 381
38191 10771 381
10771 23880 381
23880 25696 381
25696 39854 381
39854 36798 381
36798 9447 381
9447 13116 381
13116 41497 381
41497 29863 381
29863 24359 381
24359 29370 381
29370 24676 381
24676 4376 381
22602 5317 382
5317 31995 382
31995 416 382
416 12437 382
12437 36665 382
36665 39609 382
39609 20632 382
20632 18939 382
18939 24997 382
24997 23039 382
23039 34272 382
34272 9097 382
9097 13649 382
13649 19845 382
19845 24290 382
24290 33909 382
33909 1099 382
1099 37983 382
37983 4626 382
4626 11847 382
11847 7913 382
7913 21683 382
21683 22451 382
22451 25423 382
25423 31790 382
31790 12384 382
12384 30951 382
30951 28481 382
28481 15896 382
15896 8622 382
8622 19801 382
19801 31987 382
31987 15879 382
15879 35977 382
35977 8974 382
8974 9540 382
9540 3302 382
3302 25417 382
25417 14095 382
14095 20909 382
20909 24006 382
21241 2521 383
2521 2154 383
2154 7258 383
7258 34370 383
34370 10652 383
10652 12283 383
12283 26800 383
26800 26934 383
26934 36972 383
36972 26935 383
26935 2257 383
2257 29069 383
29069 4329 383
4329 15531 383
15531 1398 383
1398 14799 383
14799 39383 383
39383 8942 383
8942 36437 383
36437 33791 383
33791 9290 383
9290 11731 383
11731 12367 383
12367 22151 383
22151 33520 383
33520 2234 383
2234 11986 383
11986 36990 383
36990 8792 383
8792 6847 383
6847 39222 383
39222 18682 383
18682 1190 383
1190 39051 383
39051 33506 383
33506 13681 383
13681 21250 383
21250 15797 383
15797 11406 383
11406 15393 383
15393 21588 383
36305 16103 384
16103 25377 384
25377 2638 384
2638 20444 384
20444 13864 384
13864 7961 384
7961 16196 384
16196 27917 384
27917 28318 384
28318 40781 384
40781 15726 384
15726 39930 384
39930 17554 384
17554 13090 384
13090 34232 384
34232 21491 384
21491 20923 384
20923 37968 384
37968 4801 384
4801 25408 384
25408 33273 384
33273 28896 384
28896 12214 384
12214 21373 384
21373 31061 384
31061 28406 384
28406 18529 384
18529 13961 384
13961 38996 384
38996 33860 384
33860 18578 384
18578 38516 384
38516 21113 384
21113 25562 384
25562 17207 384
17207 29904 384
29904 17640 384
17640 30279 384
30279 3155 384
3155 24698 384
24698 17720 384
24619 25376 385
25376 21429 385
21429 38829 385
38829 10704 385
10704 38607 385
38607 22624 385
22624 18739 385
18739 17107 385
17107 3437 385
3437 14896 385
14896 2402 385
2402 11574 385
11574 6167 385
6167 8311 385
8311 2825 385
2825 41765 385
41765 11426 385
11426 10886 385
10886 21152 385
21152 13507 385
13507 9894 385
9894 24770 385
24770 4646 385
4646 9257 385
9257 22588 385
22588 20 385
20 27155 385
27155 5179 385
5179 21334 385
21334 38393 385
38393 15345 385
15345 38919 385
38919 1592 385
1592 37519 385
37519 27405 385
27405 4826 385
4826 19161 385
19161 9265 385
9265 36662 385
36662 12443 385
12443 20124 385
30671 33624 386
33624 24384 386
24384 3400 386
3400 4771 386
4771 19878 386
19878 32665 386
32665 22283 386
22283 24837 386
24837 18975 386
18975 203 386
203 8667 386
8667 19725 386
19725 11719 386
11719 18534 386
18534 29461 386
29461 12772 386
12772 38706 386
38706 14882 386
14882 29389 386
29389 6751 386
6751 13206 386
13206 14558 386
14558 26132 386
26132 15802 386
15802 34968 386
34968 21323 386
21323 170 386
170 34187 386
34187 41198 386
41198 33848 386
33848 3579 386
3579 27301 386
27301 3523 386
3523 37353 386
37353 40706 386
40706 12574 386
12574 23070 386
23070 14533 386
14533 3146 386
3146 15947 386
15947 16532 386
29923 5544 387
5544 18298 387
18298 39952 387
39952 41947 387
41947 709 387
709 21250 387
21250 18011 387
18011 15215 387
15215 40947 387
40947 28508 387
28508 2923 387
2923 33342 387
33342 4913 387
4913 32494 387
32494 25912 387
25912 40502 387
40502 33395 387
33395 35619 387
35619 7750 387
7750 15117 387
15117 41027 387
41027 37014 387
37014 39235 387
39235 15868 387
15868 37882 387
37882 2827 387
2827 17679 387
17679 39267 387
39267 750 387
750 24960 387
24960 39621 387
39621 18808 387
18808 36083 387
36083 40539 387
40539 26532 387
26532 14405 387
14405 14432 387
14432 27605 387
27605 13557 387
13557 5744 387
5744 20556 387
618 36497 388
36497 18182 388
18182 6553 388
6553 38987 388
38987 1386 388
1386 16466 388
16466 35214 388
35214 3050 388
3050 24867 388
24867 8986 388
8986 6931 388
6931 20919 388
20919 41743 388
41743 39443 388
39443 16432 388
16432 10952 388
10952 9786 388
9786 32940 388
32940 32760 388
32760 16346 388
16346 8866 388
8866 20383 388
20383 23155 388
23155 23794 388
23794 41593 388
41593 38179 388
38179 31606 388
31606 26858 388
26858 29985 388
29985 40445 388
40445 11259 388
11259 2709 388
2709 12580 388
12580 12165 388
12165 38252 388
38252 8748 388
8748 20677 388
20677 15953 388
15953 14512 388
14512 3445 388
3445 39341 388
811 13506 389
13506 32864 389
32864 31049 389
31049 13667 389
13667 31490 389
31490 25209 389
25209 38271 389
38271 7094 389
7094 6894 389
6894 2330 389
2330 20154 389
20154 11343 389
11343 17552 389
17552 27395 389
27395 16647 389
16647 8791 389
8791 41110 389
41110 2062 389
2062 17275 389
17275 32879 389
32879 33023 389
33023 39195 389
39195 25726 389
25726 23863 389
23863 16145 389
16145 5825 389
5825 24387 389
24387 8802 389
8802 18774 389
18774 1284 389
1284 25385 389
25385 39108 389
39108 37135 389
37135 23740 389
23740 26393 389
26393 2855 389
2855 39669 389
39669 3741 389
3741 7811 389
7811 20523 389
20523 40569 389
12851 12938 390
12938 19569 390
19569 32812 390
32812 36455 390
36455 6558 390
6558 10092 390
10092 19339 390
19339 12034 390
12034 30818 390
30818 18259 390
18259 28389 390
28389 10499 390
10499 5035 390
5035 32563 390
32563 17509 390
17509 40660 390
40660 36577 390
36577 11949 390
11949 17111 390
17111 28293 390
28293 4030 390
4030 33519 390
33519 10125 390
10125 40838 390
40838 25491 390
25491 41889 390
41889 7100 390
7100 40150 390
40150 15352 390
15352 3751 390
3751 28290 390
28290 13384 390
13384 14457 390
14457 23751 390
23751 15554 390
15554 28237 390
28237 7655 390
7655 20744 390
20744 7388 390
7388 8570 390
8570 9644 390
34156 38731 391
38731 26450 391
26450 21895 391
21895 24232 391
24232 4375 391
4375 958 391
958 32737 391
32737 10832 391
10832 1446 391
1446 35320 391
35320 18496 391
18496 25502 391
25502 25544 391
25544 33357 391
33357 26986 391
26986 38249 391
38249 31156 391
31156 16289 391
16289 9683 391
9683 20541 391
20541 38067 391
38067 29536 391
29536 7721 391
7721 5634 391
5634 13964 391
13964 5992 391
5992 25002 391
25002 22754 391
22754 28079 391
28079 14825 391
14825 27703 391
27703 9439 391
9439 21011 391
21011 31564 391
31564 17904 391
17904 33581 391
33581 11258 391
11258 41806 391
41806 2741 391
2741 8667 391
8667 21258 391
27039 21831 392
21831 13048 392
13048 19945 392
19945 26157 392
26157 35082 392
35082 12175 392
12175 12925 392
12925 12596 392
12596 18705 392
18705 25355 392
25355 4260 392
4260 18897 392
18897 2147 392
2147 4550 392
4550 1015 392
1015 8096 392
8096 22428 392
22428 2466 392
2466 16166 392
16166 25930 392
25930 21587 392
21587 36479 392
36479 25106 392
25106 7945 392
7945 34005 392
34005 24834 392
24834 4070 392
4070 13989 392
13989 21940 392
21940 11546 392
11546 13710 392
13710 40197 392
40197 15498 392
15498 15663 392
15663 24579 392
24579 311 392
311 37085 392
37085 35888 392
35888 20096 392
20096 11790 392
11790 2493 392
22432 19205 393
19205 24885 393
24885 6791 393
6791 37743 393
37743 4073 393
4073 30277 393
30277 25167 393
25167 23297 393
23297 19880 393
19880 36924 393
36924 19537 393
19537 2176 393
2176 7905 393
7905 32690 393
32690 12977 393
12977 35293 393
35293 13162 393
13162 36120 393
36120 36738 393
36738 5110 393
5110 31440 393
31440 3556 393
3556 26983 393
26983 12637 393
12637 6525 393
6525 15829 393
15829 20740 393
20740 34543 393
34543 22590 393
22590 15615 393
15615 18337 393
18337 19083 393
19083 6316 393
6316 29802 393
29802 7581 393
7581 24311 393
24311 40038 393
40038 10769 393
10769 34158 393
34158 23955 393
23955 18161 393
21743 13402 394
13402 16320 394
16320 15632 394
15632 34163 394
34163 11716 394
11716 786 394
786 9470 394
9470 39293 394
39293 30613 394
30613 5199 394
5199 39060 394
39060 7936 394
7936 23409 394
23409 20983 394
20983 312 394
312 17587 394
17587 22597 394
22597 28825 394
28825 36304 394
36304 423 394
423 14362 394
14362 902 394
902 21167 394
21167 40980 394
40980 13353 394
13353 2462 394
2462 33463 394
33463 34976 394
34976 14648 394
14648 7966 394
7966 20878 394
20878 32276 394
32276 38564 394
38564 21816 394
21816 13119 394
13119 40759 394
40759 29770 394
29770 24747 394
24747 2104 394
2104 36449 394
36449 27871 394
28102 8728 395
8728 9018 395
9018 40681 395
40681 40519 395
40519 37848 395
37848 40643 395
40643 7755 395
7755 39249 395
39249 3800 395
3800 34323 395
34323 35067 395
35067 5650 395
5650 40881 395
40881 20440 395
20440 24324 395
24324 38886 395
38886 20301 395
20301 34152 395
34152 28736 395
28736 12526 395
12526 27709 395
27709 29825 395
29825 16164 395
16164 30259 395
30259 21727 395
21727 19508 395
19508 26597 395
26597 39158 395
39158 25891 395
25891 27280 395
27280 28239 395
28239 37229 395
37229 20620 395
20620 23838 395
23838 23804 395
23804 25965 395
25965 12431 395
12431 15123 395
15123 11467 395
11467 1431 395
1431 4037 395
15419 19316 396
19316 1844 396
1844 24766 396
24766 5530 396
5530 2868 396
2868 19840 396
19840 30486 396
30486 11639 396
11639 4075 396
4075 18593 396
18593 14470 396
14470 27292 396
27292 38435 396
38435 32312 396
32312 19052 396
19052 1845 396
1845 34453 396
34453 9365 396
9365 15323 396
15323 17887 396
17887 35040 396
35040 40196 396
40196 8700 396
8700 4600 396
4600 3186 396
3186 5626 396
5626 31457 396
31457 22694 396
22694 21805 396
21805 8984 396
8984 11260 396
11260 21866 396
21866 10182 396
10182 8090 396
8090 30777 396
30777 26139 396
26139 18385 396
18385 32123 396
32123 19535 396
19535 32414 396
32414 15 396
34610 40710 397
40710 877 397
877 37248 397
37248 26041 397
26041 11255 397
11255 16941 397
16941 41773 397
41773 33929 397
33929 1703 397
1703 13533 397
13533 16933 397
16933 18057 397
18057 28063 397
28063 12134 397
12134 29087 397
29087 33384 397
33384 40105 397
40105 16972 397
16972 31853 397
31853 18985 397
18985 8961 397
8961 1580 397
1580 33843 397
33843 36333 397
36333 38033 397
38033 39787 397
39787 626 397
626 22794 397
22794 31154 397
31154 8932 397
8932 24079 397
24079 25615 397
25615 35421 397
35421 31445 397
31445 1782 397
1782 35063 397
35063 32408 397
32408 24512 397
24512 8757 397
8757 41384 397
41384 6949 397
17421 34461 398
34461 3020 398
3020 6768 398
6768 764 398
764 23837 398
23837 7504 398
7504 34620 398
34620 15637 398
15637 18397 398
18397 32048 398
32048 40271 398
40271 41628 398
41628 5989 398
5989 35523 398
35523 8876 398
8876 2641 398
2641 30951 398
30951 12157 398
12157 36031 398
36031 8489 398
8489 41828 398
41828 28943 398
28943 34321 398
34321 24921 398
24921 36954 398
36954 35322 398
35322 11685 398
11685 4139 398
4139 30445 398
30445 27564 398
27564 28744 398
28744 16811 398
16811 6350 398
6350 14437 398
14437 26966 398
26966 19628 398
19628 2606 398
2606 28316 398
28316 10670 398
10670 2364 398
2364 3076 398
380 31031 399
31031 23373 399
23373 27747 399
27747 38443 399
38443 10777 399
10777 35745 399
35745 37357 399
37357 2526 399
2526 7131 399
7131 17134 399
17134 25747 399
25747 19798 399
19798 40327 399
40327 17586 399
17586 14061 399
14061 9005 399
9005 16291 399
16291 34617 399
34617 5546 399
5546 5068 399
5068 2974 399
2974 8388 399
8388 15616 399
15616 6911 399
6911 39432 399
39432 31577 399
31577 28586 399
28586 28258 399
28258 17622 399
17622 29377 399
29377 39882 399
39882 19707 399
19707 27174 399
27174 26596 399
26596 9175 399
9175 36494 399
36494 11317 399
11317 39966 399
39966 10225 399
10225 21144 399
21144 31264 399
12725 10468 400
10468 5343 400
5343 14486 400
14486 21690 400
21690 37964 400
37964 33456 400
33456 23358 400
23358 28797 400
28797 59 400
59 20099 400
20099 32903 400
32903 31138 400
31138 23130 400
23130 20891 400
20891 21163 400
21163 21399 400
21399 16531 400
16531 22396 400
22396 1410 400
1410 40488 400
40488 3612 400
3612 12982 400
12982 266 400
266 28731 400
28731 13658 400
13658 30308 400
30308 7624 400
7624 3728 400
3728 24363 400
24363 163 400
163 9502 400
9502 21817 400
21817 8359 400
8359 9229 400
9229 15842 400
15842 22227 400
22227 3341 400
3341 32775 400
32775 28889 400
28889 18637 400
18637 11292 400
14329 685 401
685 3083 401
3083 37713 401
37713 36829 401
36829 15111 401
15111 11812 401
11812 38974 401
38974 28318 401
28318 38758 401
38758 3256 401
3256 8891 401
8891 38744 401
38744 30147 401
30147 4950 401
4950 35377 401
35377 19280 401
19280 41173 401
41173 20388 401
20388 5775 401
5775 14058 401
14058 22976 401
22976 24899 401
24899 212 401
212 23655 401
23655 22960 401
22960 17168 401
17168 40802 401
40802 24777 401
24777 32530 401
32530 39373 401
39373 41771 401
41771 4675 401
4675 11143 401
11143 24519 401
24519 38424 401
38424 37301 401
37301 16688 401
16688 30788 401
30788 8970 401
8970 1406 401
1406 13067 401
36327 2070 402
2070 23 402
23 11082 402
11082 6327 402
6327 12536 402
12536 18349 402
18349 18184 402
18184 1743 402
1743 36292 402
36292 784 402
784 11003 402
11003 17322 402
17322 41020 402
41020 31328 402
31328 36715 402
36715 24829 402
24829 30475 402
30475 10100 402
10100 19982 402
19982 29963 402
29963 13603 402
13603 14171 402
14171 32282 402
32282 12849 402
12849 32703 402
32703 18063 402
18063 40007 402
40007 7922 402
7922 40090 402
40090 17767 402
17767 32318 402
32318 23138 402
23138 30137 402
30137 5190 402
5190 8659 402
8659 14688 402
14688 33953 402
33953 22361 402
22361 24591 402
24591 21358 402
21358 1618 402
22345 25914 403
25914 8016 403
8016 9706 403
9706 15707 403
15707 32307 403
32307 12769 403
12769 9903 403
9903 31623 403
31623 26389 403
26389 35796 403
35796 27814 403
27814 18921 403
18921 25598 403
25598 3018 403
3018 26289 403
26289 37217 403
37217 3296 403
3296 37630 403
37630 31519 403
31519 35110 403
35110 4638 403
4638 15353 403
15353 17956 403
17956 24032 403
24032 37177 403
37177 19909 403
19909 4710 403
4710 26237 403
26237 16577 403
16577 41223 403
41223 27178 403
27178 24623 403
24623 3109 403
3109 1108 403
1108 8847 403
8847 11090 403
11090 18086 403
18086 19199 403
19199 22228 403
22228 40553 403
40553 27144 403
27050 4009 404
4009 3127 404
3127 21298 404
21298 40226 404
40226 31039 404
31039 30165 404
30165 6351 404
6351 7464 404
7464 17755 404
17755 14068 404
14068 31214 404
31214 24465 404
24465 21586 404
21586 394 404
394 9174 404
9174 39423 404
39423 5774 404
5774 11945 404
11945 29416 404
29416 23770 404
23770 22469 404
22469 40096 404
40096 10546 404
10546 1405 404
1405 40813 404
40813 21644 404
21644 32096 404
32096 10002 404
10002 16195 404
16195 25667 404
25667 37734 404
37734 16392 404
16392 25896 404
25896 20189 404
20189 5739 404
5739 38858 404
38858 21103 404
21103 19207 404
19207 36893 404
36893 26208 404
26208 30570 404
33561 38257 405
38257 17122 405
17122 24620 405
24620 31196 405
31196 13281 405
13281 11200 405
11200 2717 405
2717 29738 405
29738 31871 405
31871 33819 405
33819 39961 405
39961 11574 405
11574 39385 405
39385 34561 405
34561 40332 405
40332 11131 405
11131 35368 405
35368 10161 405
10161 15797 405
15797 17155 405
17155 30998 405
30998 647 405
647 11415 405
11415 7783 405
7783 20108 405
20108 19032 405
19032 22708 405
22708 28999 405
28999 1592 405
1592 7592 405
7592 29959 405
29959 12551 405
12551 35062 405
35062 13595 405
13595 15140 405
15140 30122 405
30122 30999 405
30999 24856 405
24856 33415 405
33415 4210 405
4210 17811 405
40224 25234 406
25234 7885 406
7885 26885 406
26885 32834 406
32834 12157 406
12157 18759 406
18759 29655 406
29655 1639 406
1639 30089 406
30089 17189 406
17189 10052 406
10052 19408 406
19408 4001 406
4001 37788 406
37788 16287 406
16287 3931 406
3931 39912 406
39912 37166 406
37166 8429 406
8429 472 406
472 23609 406
23609 26501 406
26501 26891 406
26891 35398 406
35398 4805 406
4805 41366 406
41366 12554 406
12554 807 406
807 24673 406
24673 36340 406
36340 12458 406
12458 40747 406
40747 14998 406
14998 11478 406
11478 539 406
539 26359 406
26359 36619 406
36619 29822 406
29822 10230 406
10230 23275 406
23275 17965 406
702 24766 407
24766 8742 407
8742 8184 407
8184 30423 407
30423 21840 407
21840 24317 407
24317 10762 407
10762 37513 407
37513 2715 407
2715 7864 407
7864 4720 407
4720 11971 407
11971 6619 407
6619 8041 407
8041 13790 407
13790 16873 407
16873 10309 407
10309 19038 407
19038 7508 407
7508 19828 407
19828 20445 407
20445 6324 407
6324 22779 407
22779 17881 407
17881 13501 407
13501 36661 407
36661 24196 407
24196 29673 407
29673 31014 407
31014 1723 407
1723 12687 407
12687 13847 407
13847 40795 407
40795 17396 407
17396 24046 407
24046 37472 407
37472 6828 407
6828 38406 407
38406 6701 407
6701 24712 407
24712 3262 407
5505 40752 408
40752 14034 408
14034 16421 408
16421 23338 408
23338 8678 408
8678 11946 408
11946 26919 408
26919 6504 408
6504 28420 408
28420 17414 408
17414 3295 408
3295 40268 408
40268 3359 408
3359 38620 408
38620 10612 408
10612 11905 408
11905 36386 408
36386 8588 408
8588 39356 408
39356 20792 408
20792 22760 408
22760 20996 408
20996 36518 408
36518 34222 408
34222 6004 408
6004 34922 408
34922 3039 408
3039 12152 408
12152 20086 408
20086 7423 408
7423 1673 408
1673 154 408
154 9 408
9 15528 408
15528 12114 408
12114 22541 408
22541 292 408
292 8929 408
8929 6701 408
6701 25299 408
25299 8095 408
39833 30952 409
30952 27737 409
27737 26309 409
26309 11073 409
11073 15291 409
15291 6443 409
6443 19460 409
19460 12788 409
12788 659 409
659 32145 409
32145 30884 409
30884 8743 409
8743 26023 409
26023 17111 409
17111 24445 409
24445 2588 409
2588 19432 409
19432 34710 409
34710 5318 409
5318 26157 409
26157 17666 409
17666 37539 409
37539 16907 409
16907 23692 409
23692 33260 409
33260 15754 409
15754 23685 409
23685 11140 409
11140 37709 409
37709 28210 409
28210 9571 409
9571 40087 409
40087 9726 409
9726 39881 409
39881 19715 409
19715 25000 409
25000 24432 409
24432 41525 409
41525 11475 409
11475 24575 409
24575 14771 409
13676 30336 410
30336 40031 410
40031 15376 410
15376 29539 410
29539 21710 410
21710 19938 410
19938 7629 410
7629 27822 410
27822 32322 410
32322 24683 410
24683 1738 410
1738 28889 410
28889 33891 410
33891 40130 410
40130 5759 410
5759 9169 410
9169 167 410
167 20775 410
20775 13763 410
13763 25070 410
25070 3269 410
3269 25476 410
25476 26678 410
26678 36023 410
36023 154 410
154 30906 410
30906 22591 410
22591 14539 410
14539 25522 410
25522 13430 410
13430 2150 410
2150 31729 410
31729 22766 410
22766 6028 410
6028 19924 410
19924 21488 410
21488 29609 410
29609 8866 410
8866 32585 410
32585 38969 410
38969 40204 410
443 25873 411
25873 2895 411
2895 36660 411
36660 36136 411
36136 38520 411
38520 17789 411
17789 10288 411
10288 31450 411
31450 19428 411
19428 27071 411
27071 9543 411
9543 33524 411
33524 30168 411
30168 7960 411
7960 29506 411
29506 30516 411
30516 23292 411
23292 38297 411
38297 36146 411
36146 39086 411
39086 24322 411
24322 972 411
972 41008 411
41008 31645 411
31645 9811 411
9811 1580 411
1580 37923 411
37923 29553 411
29553 23959 411
23959 11380 411
11380 1193 411
1193 22157 411
22157 17680 411
17680 16809 411
16809 41603 411
41603 5117 411
5117 28002 411
28002 41556 411
41556 32367 411
32367 34813 411
34813 29050 411
5538 38280 412
38280 1412 412
1412 10394 412
10394 18303 412
18303 352 412
352 38894 412
38894 29920 412
29920 28906 412
28906 17787 412
17787 1926 412
1926 16551 412
16551 17908 412
17908 7242 412
7242 6132 412
6132 23598 412
23598 1039 412
1039 35462 412
35462 13176 412
13176 4340 412
4340 5493 412
5493 17513 412
17513 30369 412
30369 1505 412
1505 13072 412
13072 24958 412
24958 22083 412
22083 38768 412
38768 35170 412
35170 13228 412
13228 28711 412
28711 21949 412
21949 962 412
962 10558 412
10558 5644 412
5644 29962 412
29962 27805 412
27805 2778 412
2778 15587 412
15587 14199 412
14199 35161 412
35161 15887 412
2447 23929 413
23929 38536 413
38536 18602 413
18602 35244 413
35244 17318 413
17318 7378 413
7378 10632 413
10632 36773 413
36773 33196 413
33196 38627 413
38627 30786 413
30786 5586 413
5586 22156 413
22156 24253 413
24253 21169 413
21169 24671 413
24671 19345 413
19345 27710 413
27710 19265 413
19265 39245 413
39245 38318 413
38318 38469 413
38469 30942 413
30942 28169 413
28169 4922 413
4922 13305 413
13305 17377 413
17377 38007 413
38007 12839 413
12839 11348 413
11348 644 413
644 41930 413
41930 13325 413
13325 8737 413
8737 9590 413
9590 33585 413
33585 22267 413
22267 23475 413
23475 7083 413
7083 26218 413
26218 11543 413
26788 25472 414
25472 5971 414
5971 37742 414
37742 31965 414
31965 7747 414
7747 16818 414
16818 29827 414
29827 27636 414
27636 2610 414
2610 11723 414
11723 2498 414
2498 6554 414
6554 39132 414
39132 34692 414
34692 807 414
807 26186 414
26186 38336 414
38336 6535 414
6535 19660 414
19660 2561 414
2561 34182 414
34182 1583 414
1583 4002 414
4002 22190 414
22190 28912 414
28912 14223 414
14223 7962 414
7962 29503 414
29503 1224 414
1224 18953 414
18953 13369 414
13369 31285 414
31285 23101 414
23101 24608 414
24608 6722 414
6722 29751 414
29751 29112 414
29112 5358 414
5358 17037 414
17037 452 414
452 27328 414
20061 39337 415
39337 17987 415
17987 39701 415
39701 36390 415
36390 4197 415
4197 19789 415
19789 10816 415
10816 10980 415
10980 39106 415
39106 38185 415
38185 37119 415
37119 39404 415
39404 10792 415
10792 26749 415
26749 8971 415
8971 18281 415
18281 35887 415
35887 1697 415
1697 21367 415
21367 34146 415
34146 37533 415
37533 1158 415
1158 37025 415
37025 1952 415
1952 4715 415
4715 10830 415
10830 19588 415
19588 1010 415
1010 38639 415
38639 17860 415
17860 1635 415
1635 5250 415
5250 17517 415
17517 5078 415
5078 41766 415
41766 30167 415
30167 2817 415
2817 3197 415
3197 6280 415
6280 8772 415
8772 25289 415
32218 33864 416
33864 18390 416
18390 14195 416
14195 828 416
828 33803 416
33803 22473 416
22473 29698 416
29698 23342 416
23342 13592 416
13592 35986 416
35986 10886 416
10886 39258 416
39258 41608 416
41608 31967 416
31967 36361 416
36361 29861 416
29861 30847 416
30847 6196 416
6196 26514 416
26514 9300 416
9300 18302 416
18302 17177 416
17177 5472 416
5472 11022 416
11022 31350 416
31350 10995 416
10995 21117 416
21117 30634 416
30634 24854 416
24854 8771 416
8771 13191 416
13191 21056 416
21056 10281 416
10281 26799 416
26799 24917 416
24917 30666 416
30666 29780 416
29780 29401 416
29401 15403 416
15403 20373 416
20373 24604 416
13571 31718 417
31718 40779 417
40779 28472 417
28472 35432 417
35432 14665 417
14665 7671 417
7671 35885 417
35885 34090 417
34090 1324 417
1324 34436 417
34436 25681 417
25681 29069 417
29069 27035 417
27035 20885 417
20885 11340 417
11340 25916 417
25916 23352 417
23352 796 417
796 40999 417
40999 16896 417
16896 27346 417
27346 23767 417
23767 25150 417
25150 17988 417
17988 15588 417
15588 6168 417
6168 41976 417
41976 8977 417
8977 10951 417
10951 3470 417
3470 37253 417
37253 30330 417
30330 17520 417
17520 41442 417
41442 23768 417
23768 8544 417
8544 3666 417
3666 149 417
149 14635 417
14635 36278 417
36278 34224 417
9978 24291 418
24291 8200 418
8200 38929 418
38929 29596 418
29596 36087 418
36087 33974 418
33974 40162 418
40162 31429 418
31429 7277 418
7277 1830 418
1830 22724 418
22724 9499 418
9499 11186 418
11186 1601 418
1601 20854 418
20854 15692 418
15692 8606 418
8606 25550 418
25550 22275 418
22275 14485 418
14485 16506 418
16506 18192 418
18192 39342 418
39342 17159 418
17159 38390 418
38390 15246 418
15246 1089 418
1089 37479 418
37479 27191 418
27191 12351 418
12351 28747 418
28747 26801 418
26801 9060 418
9060 28563 418
28563 25371 418
25371 15227 418
15227 40006 418
40006 5751 418
5751 27765 418
27765 20167 418
20167 36247 418
37651 39719 419
39719 19270 419
19270 38915 419
38915 30473 419
30473 25781 419
25781 17182 419
17182 11002 419
11002 27791 419
27791 10285 419
10285 18841 419
18841 2446 419
2446 38541 419
38541 14644 419
14644 32993 419
32993 2381 419
2381 12445 419
12445 23974 419
23974 18524 419
18524 41184 419
41184 28100 419
28100 39877 419
39877 39296 419
39296 7772 419
7772 12201 419
12201 7134 419
7134 17537 419
17537 25217 419
25217 31481 419
31481 22492 419
22492 8627 419
8627 17425 419
17425 32124 419
32124 39377 419
39377 30038 419
30038 12285 419
12285 24370 419
24370 27621 419
27621 39776 419
39776 29323 419
29323 8425 419
8425 36244 419
1765 24341 420
24341 34524 420
34524 30673 420
30673 39829 420
39829 17144 420
17144 1892 420
1892 7524 420
7524 33733 420
33733 36 420
36 21890 420
21890 37196 420
37196 27174 420
27174 34229 420
34229 15179 420
15179 37358 420
37358 35167 420
35167 11768 420
11768 15577 420
15577 13928 420
13928 17717 420
17717 40188 420
40188 9134 420
9134 30514 420
30514 24932 420
24932 30513 420
30513 524 420
524 7791 420
7791 13541 420
13541 4106 420
4106 32499 420
32499 16241 420
16241 10546 420
10546 5041 420
5041 3761 420
3761 9093 420
9093 23909 420
23909 12055 420
12055 23509 420
23509 34760 420
34760 23393 420
23393 22954 420
20108 10634 421
10634 37100 421
37100 3647 421
3647 26541 421
26541 4540 421
4540 21061 421
21061 19726 421
19726 23340 421
23340 39505 421
39505 1046 421
1046 19818 421
19818 28042 421
28042 12400 421
12400 32278 421
32278 25042 421
25042 34273 421
34273 4091 421
4091 12306 421
12306 3857 421
3857 35511 421
35511 16164 421
16164 40463 421
40463 39585 421
39585 20385 421
20385 29601 421
29601 19876 421
19876 40225 421
40225 6398 421
6398 24141 421
24141 9663 421
9663 32692 421
32692 23174 421
23174 1143 421
1143 38621 421
38621 15591 421
15591 6991 421
6991 31808 421
31808 8035 421
8035 5758 421
5758 28533 421
28533 7913 421
41767 16323 422
16323 35436 422
35436 25901 422
25901 21730 422
21730 20668 422
20668 21485 422
21485 11978 422
11978 8815 422
8815 40025 422
40025 1382 422
1382 12673 422
12673 15138 422
15138 37481 422
37481 38964 422
38964 20404 422
20404 683 422
683 29564 422
29564 36785 422
36785 4949 422
4949 7753 422
7753 27317 422
27317 22116 422
22116 18174 422
18174 17873 422
17873 14133 422
14133 33154 422
33154 6457 422
6457 2529 422
2529 36676 422
36676 808 422
808 12403 422
12403 33786 422
33786 28136 422
28136 9679 422
9679 40702 422
40702 21977 422
21977 40022 422
40022 14657 422
14657 23626 422
23626 41014 422
41014 26078 422
15142 23396 423
23396 35490 423
35490 38536 423
38536 16375 423
16375 19907 423
19907 34345 423
34345 10392 423
10392 18606 423
18606 23472 423
23472 11281 423
11281 40643 423
40643 25724 423
25724 28381 423
28381 10764 423
10764 29879 423
29879 17549 423
17549 4075 423
4075 6801 423
6801 8020 423
8020 30262 423
30262 10306 423
10306 5358 423
5358 27134 423
27134 39553 423
39553 33728 423
33728 5795 423
5795 27378 423
27378 28627 423
28627 17065 423
17065 4154 423
4154 27250 423
27250 10574 423
10574 6164 423
6164 26547 423
26547 21947 423
21947 29732 423
29732 6113 423
6113 13882 423
13882 21090 423
21090 23449 423
23449 17795 423
10457 27837 424
27837 17710 424
17710 29440 424
29440 3396 424
3396 9048 424
9048 32178 424
32178 16208 424
16208 26434 424
26434 16879 424
16879 10599 424
10599 23079 424
23079 31744 424
31744 12039 424
12039 36807 424
36807 19226 424
19226 20364 424
20364 34967 424
34967 7114 424
7114 34672 424
34672 18887 424
18887 22013 424
22013 16114 424
16114 39839 424
39839 16792 424
16792 13966 424
13966 33015 424
33015 15692 424
15692 12015 424
12015 11619 424
11619 32696 424
32696 12642 424
12642 28565 424
28565 32349 424
32349 25419 424
25419 36717 424
36717 30758 424
30758 23340 424
23340 41810 424
41810 13059 424
13059 20930 424
20930 39615 424
33651 32297 425
32297 4979 425
4979 6211 425
6211 29543 425
29543 2499 425
2499 17907 425
17907 19846 425
19846 41573 425
41573 9674 425
9674 5967 425
5967 23501 425
23501 40187 425
40187 23676 425
23676 641 425
641 37556 425
37556 13874 425
13874 20078 425
20078 34484 425
34484 6858 425
6858 28760 425
28760 34615 425
34615 16126 425
16126 33645 425
33645 16348 425
16348 11282 425
11282 28658 425
28658 40745 425
40745 11773 425
11773 30676 425
30676 21579 425
21579 15221 425
15221 11782 425
11782 8771 425
8771 19285 425
19285 34738 425
34738 39886 425
39886 28326 425
28326 18026 425
18026 29385 425
29385 38102 425
38102 5668 425
5693 10484 426
10484 8381 426
8381 20588 426
20588 41132 426
41132 23332 426
23332 23265 426
23265 35641 426
35641 4950 426
4950 29983 426
29983 34597 426
34597 9408 426
9408 19700 426
19700 39079 426
39079 4803 426
4803 40804 426
40804 3179 426
3179 32557 426
32557 4321 426
4321 29569 426
29569 25798 426
25798 10833 426
10833 21035 426
21035 29990 426
29990 27530 426
27530 21989 426
21989 30968 426
30968 16684 426
16684 13141 426
13141 26203 426
26203 3832 426
3832 30902 426
30902 39022 426
39022 35490 426
35490 1298 426
1298 72 426
72 32751 426
32751 30888 426
30888 30881 426
30881 39355 426
39355 20003 426
20003 21386 426
8292 24939 427
24939 10660 427
10660 27547 427
27547 30526 427
30526 4778 427
4778 32710 427
32710 15871 427
15871 25558 427
25558 22682 427
22682 26244 427
26244 29346 427
29346 41972 427
41972 35483 427
35483 1464 427
1464 23432 427
23432 7335 427
7335 22455 427
22455 31212 427
31212 5234 427
5234 39076 427
39076 6996 427
6996 2277 427
2277 26913 427
26913 8996 427
8996 35470 427
35470 15457 427
15457 28474 427
28474 20128 427
20128 8947 427
8947 12592 427
12592 28757 427
28757 24950 427
24950 7934 427
7934 14679 427
14679 8522 427
8522 33905 427
33905 9048 427
9048 12716 427
12716 7582 427
7582 39668 427
39668 22294 427
38057 34883 428
34883 3876 428
3876 30599 428
30599 15003 428
15003 9236 428
9236 30553 428
30553 12177 428
12177 21055 428
21055 18928 428
18928 35700 428
35700 28475 428
28475 23038 428
23038 30036 428
30036 21785 428
21785 27182 428
27182 8585 428
8585 10249 428
10249 34231 428
34231 37226 428
37226 20908 428
20908 5874 428
5874 3154 428
3154 24418 428
24418 23512 428
23512 31376 428
31376 13436 428
13436 20989 428
20989 19107 428
19107 1482 428
1482 10703 428
10703 15202 428
15202 1217 428
1217 38778 428
38778 30173 428
30173 33607 428
33607 34402 428
34402 9050 428
9050 747 428
747 40185 428
40185 15966 428
15966 37234 428
37034 17215 429
17215 12663 429
12663 28691 429
28691 4642 429
4642 5646 429
5646 25003 429
25003 22581 429
22581 9777 429
9777 36518 429
36518 33897 429
33897 25878 429
25878 6911 429
6911 28756 429
28756 30254 429
30254 18918 429
18918 41745 429
41745 1856 429
1856 6874 429
6874 30529 429
30529 12514 429
12514 6099 429
6099 37161 429
37161 41324 429
41324 15076 429
15076 22292 429
22292 15338 429
15338 38410 429
38410 1323 429
1323 4825 429
4825 14460 429
14460 1909 429
1909 25716 429
25716 15074 429
15074 28065 429
28065 13652 429
13652 18216 429
18216 26895 429
26895 40340 429
40340 8881 429
8881 22762 429
22762 41252 429
3987 37492 430
37492 35701 430
35701 17992 430
17992 23518 430
23518 25219 430
25219 40950 430
40950 19945 430
19945 33850 430
33850 27459 430
27459 25681 430
25681 32075 430
32075 37902 430
37902 22216 430
22216 40511 430
40511 35991 430
35991 15529 430
15529 2638 430
2638 34325 430
34325 23656 430
23656 11762 430
11762 24367 430
24367 29760 430
29760 10853 430
10853 20449 430
20449 24084 430
24084 1160 430
1160 918 430
918 12490 430
12490 34259 430
34259 6968 430
6968 22339 430
22339 41595 430
41595 24153 430
24153 32620 430
32620 26203 430
26203 35067 430
35067 28237 430
28237 41351 430
41351 22760 430
22760 12177 430
12177 14049 430
26323 28405 431
28405 23614 431
23614 20809 431
20809 23530 431
23530 22763 431
22763 16840 431
16840 29684 431
29684 33328 431
33328 32712 431
32712 13314 431
13314 31783 431
31783 10823 431
10823 3955 431
3955 23994 431
23994 29282 431
29282 18763 431
18763 144 431
144 4092 431
4092 7979 431
7979 40702 431
40702 16737 431
16737 35278 431
35278 14407 431
14407 9572 431
9572 33495 431
33495 13962 431
13962 40620 431
40620 18995 431
18995 28454 431
28454 31312 431
31312 23138 431
23138 6942 431
6942 33342 431
33342 6278 431
6278 28550 431
28550 8961 431
8961 27145 431
27145 2486 431
2486 13983 431
13983 5807 431
5807 6532 431
34145 19881 432
19881 6051 432
6051 17239 432
17239 32027 432
32027 26472 432
26472 9938 432
9938 13925 432
13925 7162 432
7162 39165 432
39165 24161 432
24161 31602 432
31602 33258 432
33258 21628 432
21628 12984 432
12984 23539 432
23539 38590 432
38590 15703 432
15703 23945 432
23945 33687 432
33687 36645 432
36645 20742 432
20742 39077 432
39077 5361 432
5361 34967 432
34967 25394 432
25394 35056 432
35056 5780 432
5780 8697 432
8697 9996 432
9996 7169 432
7169 28091 432
28091 38646 432
38646 40983 432
40983 29027 432
29027 15515 432
15515 328 432
328 21669 432
21669 1177 432
1177 22575 432
22575 29582 432
29582 8050 432
28695 32936 433
32936 24813 433
24813 27550 433
27550 37906 433
37906 38966 433
38966 22940 433
22940 25484 433
25484 28769 433
28769 24251 433
24251 24278 433
24278 8881 433
8881 22759 433
22759 31580 433
31580 41545 433
41545 29257 433
29257 4155 433
4155 35097 433
35097 32909 433
32909 40980 433
40980 22 433
22 1295 433
1295 7427 433
7427 21121 433
21121 27953 433
27953 2791 433
2791 24011 433
24011 18070 433
18070 10336 433
10336 27239 433
27239 16141 433
16141 2624 433
2624 40631 433
40631 16842 433
16842 23956 433
23956 27650 433
27650 27013 433
27013 13005 433
13005 9670 433
9670 5824 433
5824 38153 433
38153 32763 433
34482 2142 434
2142 24641 434
24641 27908 434
27908 163 434
163 30499 434
30499 27865 434
27865 29352 434
29352 33482 434
33482 5941 434
5941 38880 434
38880 34058 434
34058 19254 434
19254 12643 434
12643 12704 434
12704 8359 434
8359 8770 434
8770 9601 434
9601 8436 434
8436 21074 434
21074 623 434
623 34014 434
34014 26980 434
26980 35297 434
35297 7844 434
7844 19560 434
19560 5036 434
5036 19415 434
19415 40353 434
40353 18367 434
18367 38720 434
38720 21075 434
21075 7753 434
7753 9848 434
9848 41862 434
41862 40249 434
40249 13031 434
13031 25635 434
25635 26962 434
26962 25083 434
25083 19045 434
19045 14073 434
11453 32617 435
32617 6709 435
6709 8757 435
8757 31783 435
31783 36013 435
36013 18165 435
18165 14290 435
14290 7380 435
7380 2235 435
2235 39955 435
39955 24224 435
24224 32117 435
32117 36035 435
36035 14408 435
14408 2404 435
2404 8995 435
8995 18369 435
18369 17675 435
17675 34006 435
34006 32794 435
32794 21334 435
21334 35429 435
35429 28529 435
28529 12816 435
12816 16281 435
16281 39690 435
39690 5019 435
5019 28339 435
28339 10987 435
10987 20192 435
20192 8004 435
8004 21070 435
21070 37062 435
37062 21872 435
21872 23365 435
23365 10021 435
10021 26404 435
26404 35251 435
35251 12981 435
12981 32292 435
32292 2852 435
36695 36707 436
36707 27769 436
27769 17872 436
17872 16 436
16 19394 436
19394 28656 436
28656 11993 436
11993 16999 436
16999 41736 436
41736 13373 436
13373 14982 436
14982 41930 436
41930 36668 436
36668 36244 436
36244 39018 436
39018 17612 436
17612 8912 436
8912 1504 436
1504 21128 436
21128 26507 436
26507 27313 436
27313 12953 436
12953 33077 436
33077 6219 436
6219 35858 436
35858 1584 436
1584 6479 436
6479 7734 436
7734 29920 436
29920 16176 436
16176 23239 436
23239 27418 436
27418 7358 436
7358 4779 436
4779 31653 436
31653 28069 436
28069 30836 436
30836 18969 436
18969 38254 436
38254 8703 436
8703 30242 436
28654 24246 437
24246 28854 437
28854 26595 437
26595 40499 437
40499 36743 437
36743 38210 437
38210 9329 437
9329 3765 437
3765 8822 437
8822 19988 437
19988 9856 437
9856 8285 437
8285 24118 437
24118 38626 437
38626 32543 437
32543 32142 437
32142 27718 437
27718 23036 437
23036 75 437
75 25813 437
25813 15375 437
15375 6203 437
6203 1595 437
1595 4577 437
4577 21876 437
21876 37749 437
37749 6762 437
6762 40817 437
40817 33399 437
33399 12172 437
12172 15376 437
15376 33859 437
33859 28459 437
28459 41978 437
41978 30252 437
30252 35811 437
35811 14780 437
14780 27701 437
27701 32173 437
32173 7108 437
7108 41789 437
25601 11230 438
11230 15367 438
15367 41973 438
41973 14510 438
14510 9073 438
9073 37054 438
37054 16666 438
16666 29141 438
29141 15628 438
15628 21184 438
21184 2556 438
2556 21051 438
21051 565 438
565 10834 438
10834 24462 438
24462 15916 438
15916 33608 438
33608 13008 438
13008 33575 438
33575 9277 438
9277 23082 438
23082 25456 438
25456 5416 438
5416 41292 438
41292 41136 438
41136 19746 438
19746 39006 438
39006 38003 438
38003 12745 438
12745 31883 438
31883 27757 438
27757 15145 438
15145 20419 438
20419 15437 438
15437 29945 438
29945 30443 438
30443 20476 438
20476 31447 438
31447 7544 438
7544 12314 438
12314 31454 438
37517 20094 439
20094 36514 439
36514 5382 439
5382 35688 439
35688 21213 439
21213 8860 439
8860 22518 439
22518 34499 439
34499 36168 439
36168 26145 439
26145 33646 439
33646 24527 439
24527 32535 439
32535 13862 439
13862 26235 439
26235 30171 439
30171 25989 439
25989 24267 439
24267 7609 439
7609 1086 439
1086 16794 439
16794 7443 439
7443 9981 439
9981 12803 439
12803 5693 439
5693 10555 439
10555 33657 439
33657 37381 439
37381 4971 439
4971 381 439
381 40865 439
40865 4143 439
4143 27195 439
27195 13326 439
13326 4027 439
4027 19852 439
19852 12330 439
12330 27825 439
27825 14737 439
14737 23931 439
23931 2043 439
17578 9300 440
9300 2685 440
2685 33624 440
33624 11828 440
11828 13302 440
13302 33351 440
33351 30612 440
30612 35272 440
35272 35459 440
35459 16733 440
16733 15879 440
15879 31082 440
31082 18471 440
18471 30199 440
30199 41422 440
41422 24070 440
24070 14107 440
14107 33405 440
33405 17808 440
17808 24594 440
24594 17921 440
17921 2440 440
2440 27887 440
27887 13985 440
13985 24315 440
24315 17908 440
17908 23721 440
23721 28920 440
28920 26202 440
26202 5820 440
5820 10904 440
10904 8994 440
8994 23061 440
23061 11522 440
11522 23627 440
23627 3466 440
3466 41305 440
41305 33497 440
33497 11076 440
11076 38924 440
38924 10965 440
26146 20221 441
20221 39684 441
39684 4107 441
4107 15184 441
15184 5323 441
5323 15865 441
15865 19454 441
19454 39459 441
39459 35886 441
35886 10006 441
10006 365 441
365 3115 441
3115 29678 441
29678 17054 441
17054 661 441
661 22330 441
22330 18038 441
18038 11355 441
11355 34694 441
34694 12918 441
12918 10645 441
10645 23021 441
23021 20824 441
20824 21738 441
21738 12485 441
12485 23528 441
23528 13144 441
13144 19139 441
19139 21766 441
21766 35683 441
35683 22523 441
22523 22688 441
22688 38594 441
38594 27325 441
27325 21767 441
21767 18270 441
18270 23446 441
23446 6632 441
6632 8322 441
8322 23750 441
23750 20215 441
35835 30867 442
30867 24689 442
24689 15496 442
15496 2061 442
2061 40638 442
40638 4794 442
4794 31486 442
31486 28330 442
28330 25933 442
25933 37629 442
37629 806 442
806 32284 442
32284 34846 442
34846 19687 442
19687 19189 442
19189 18252 442
18252 27658 442
27658 25399 442
25399 27539 442
27539 14791 442
14791 20633 442
20633 15815 442
15815 28856 442
28856 7333 442
7333 13178 442
13178 16857 442
16857 23330 442
23330 4139 442
4139 7793 442
7793 17347 442
17347 23440 442
23440 13021 442
13021 14875 442
14875 38719 442
38719 14777 442
14777 19501 442
19501 15646 442
15646 15557 442
15557 19371 442
19371 2137 442
2137 31278 442
8156 35192 443
35192 12524 443
12524 21530 443
21530 38287 443
38287 29842 443
29842 10931 443
10931 6545 443
6545 32257 443
32257 30201 443
30201 38740 443
38740 8633 443
8633 20467 443
20467 33986 443
33986 16808 443
16808 35215 443
35215 9700 443
9700 8626 443
8626 10641 443
10641 14575 443
14575 38846 443
38846 35489 443
35489 6872 443
6872 16367 443
16367 4807 443
4807 3429 443
3429 29323 443
29323 26756 443
26756 27218 443
27218 33674 443
33674 24830 443
24830 659 443
659 1417 443
1417 22196 443
22196 2890 443
2890 33026 443
33026 5401 443
5401 27829 443
27829 30701 443
30701 1136 443
1136 27040 443
27040 40776 443
32134 21075 444
21075 37435 444
37435 5108 444
5108 14447 444
14447 37403 444
37403 4567 444
4567 29283 444
29283 17698 444
17698 23634 444
23634 13659 444
13659 36565 444
36565 1400 444
1400 723 444
723 17882 444
17882 25282 444
25282 23529 444
23529 16528 444
16528 24878 444
24878 28685 444
28685 22500 444
22500 19455 444
19455 1118 444
1118 16487 444
16487 16371 444
16371 29873 444
29873 758 444
758 36996 444
36996 11452 444
11452 4669 444
4669 21581 444
21581 3936 444
3936 5418 444
5418 4705 444
4705 9884 444
9884 37233 444
37233 15077 444
15077 27328 444
27328 4072 444
4072 2296 444
2296 33744 444
33744 17730 444
21339 25202 445
25202 26052 445
26052 35345 445
35345 35672 445
35672 23767 445
23767 12671 445
12671 10493 445
10493 20838 445
20838 7541 445
7541 8345 445
8345 32941 445
32941 36830 445
36830 25062 445
25062 30851 445
30851 30463 445
30463 30654 445
30654 2877 445
2877 6827 445
6827 18698 445
18698 9273 445
9273 18210 445
18210 37531 445
37531 27308 445
27308 27879 445
27879 9070 445
9070 16917 445
16917 15811 445
15811 17087 445
17087 35162 445
35162 35135 445
35135 24881 445
24881 22741 445
22741 9815 445
9815 15551 445
15551 4508 445
4508 13321 445
13321 29880 445
29880 23369 445
23369 24826 445
24826 33652 445
33652 28864 445
17435 10977 446
10977 35839 446
35839 19274 446
19274 2246 446
2246 7974 446
7974 16422 446
16422 2892 446
2892 12134 446
12134 15474 446
15474 36579 446
36579 14494 446
14494 8836 446
8836 29290 446
29290 32789 446
32789 6303 446
6303 7800 446
7800 27474 446
27474 27278 446
27278 40318 446
40318 3010 446
3010 37587 446
37587 17864 446
17864 33792 446
33792 27092 446
27092 17291 446
17291 25673 446
25673 11172 446
11172 38361 446
38361 3886 446
3886 11411 446
11411 35776 446
35776 17337 446
17337 1049 446
1049 33368 446
33368 9496 446
9496 40683 446
40683 4289 446
4289 22554 446
22554 30110 446
30110 4100 446
4100 11988 446
37087 14833 447
14833 8869 447
8869 2016 447
2016 21742 447
21742 28353 447
28353 6873 447
6873 23013 447
23013 15620 447
15620 2166 447
2166 31957 447
31957 21261 447
21261 3827 447
3827 41603 447
41603 9069 447
9069 89 447
89 8162 447
8162 35219 447
35219 22802 447
22802 4493 447
4493 3427 447
3427 11204 447
11204 25884 447
25884 5581 447
5581 8172 447
8172 7342 447
7342 34415 447
34415 24815 447
24815 10414 447
10414 23208 447
23208 12652 447
12652 35688 447
35688 13582 447
13582 27286 447
27286 34076 447
34076 10654 447
10654 13971 447
13971 6212 447
6212 40348 447
40348 20807 447
20807 28767 447
28767 5670 447
38301 348 448
348 7530 448
7530 36500 448
36500 28032 448
28032 18213 448
18213 16824 448
16824 14089 448
14089 26219 448
26219 4411 448
4411 37782 448
37782 29654 448
29654 2569 448
2569 33444 448
33444 4708 448
4708 4147 448
4147 10480 448
10480 29392 448
29392 30533 448
30533 38240 448
38240 5476 448
5476 21145 448
21145 3479 448
3479 38217 448
38217 2401 448
2401 22352 448
22352 39894 448
39894 16979 448
16979 14164 448
14164 6159 448
6159 7021 448
7021 37203 448
37203 27928 448
27928 32787 448
32787 393 448
393 31584 448
31584 38825 448
38825 16627 448
16627 36655 448
36655 2850 448
2850 20593 448
20593 13704 448
22567 17535 449
17535 27684 449
27684 9376 449
9376 20775 449
20775 3488 449
3488 12883 449
12883 6281 449
6281 37725 449
37725 9564 449
9564 2760 449
2760 25513 449
25513 29124 449
29124 14176 449
14176 10017 449
10017 38434 449
38434 33189 449
33189 21000 449
21000 21769 449
21769 12999 449
12999 40083 449
40083 40210 449
40210 15423 449
15423 22345 449
22345 33223 449
33223 22056 449
22056 1204 449
1204 2230 449
2230 39255 449
39255 23909 449
23909 35173 449
35173 8471 449
8471 10671 449
10671 25382 449
25382 36599 449
36599 19393 449
19393 34576 449
34576 38807 449
38807 12292 449
12292 18163 449
18163 29465 449
29465 6058 449
10359 23708 450
23708 8319 450
8319 41371 450
41371 29 450
29 30659 450
30659 41900 450
41900 41215 450
41215 11085 450
11085 37233 450
37233 3315 450
3315 11927 450
11927 32249 450
32249 10312 450
10312 24940 450
24940 1637 450
1637 3648 450
3648 23804 450
23804 32356 450
32356 5010 450
5010 33803 450
33803 2654 450
2654 8949 450
8949 30380 450
30380 20192 450
20192 24973 450
24973 28281 450
28281 23834 450
23834 37064 450
37064 39255 450
39255 18114 450
18114 26233 450
26233 4949 450
4949 5703 450
5703 27792 450
27792 18749 450
18749 25281 450
25281 11630 450
11630 26764 450
26764 25678 450
25678 1646 450
1646 39636 450
32414 27140 451
27140 35524 451
35524 9619 451
9619 1807 451
1807 23441 451
23441 18272 451
18272 34130 451
34130 14946 451
14946 37781 451
37781 7964 451
7964 16300 451
16300 27976 451
27976 38646 451
38646 22342 451
22342 13892 451
13892 36683 451
36683 19172 451
19172 27037 451
27037 1810 451
1810 26941 451
26941 37414 451
37414 15399 451
15399 20220 451
20220 37325 451
37325 3210 451
3210 31073 451
31073 30621 451
30621 23796 451
23796 37709 451
37709 11428 451
11428 21650 451
21650 11827 451
11827 21473 451
21473 26243 451
26243 19660 451
19660 9009 451
9009 576 451
576 14764 451
14764 1633 451
1633 21148 451
21148 11330 451
18261 14339 452
14339 5106 452
5106 40108 452
40108 4161 452
4161 39984 452
39984 23233 452
23233 14358 452
14358 39600 452
39600 23224 452
23224 4657 452
4657 41176 452
41176 29104 452
29104 32893 452
32893 10954 452
10954 881 452
881 25162 452
25162 31342 452
31342 10458 452
10458 3622 452
3622 12581 452
12581 8651 452
8651 7099 452
7099 19545 452
19545 38866 452
38866 15605 452
15605 19092 452
19092 24556 452
24556 3096 452
3096 41945 452
41945 37057 452
37057 30336 452
30336 21476 452
21476 3653 452
3653 2711 452
2711 2094 452
2094 30368 452
30368 27212 452
27212 30112 452
30112 11572 452
11572 6047 452
6047 40011 452
39111 32552 453
32552 22513 453
22513 34118 453
34118 12092 453
12092 32827 453
32827 7598 453
7598 28214 453
28214 17804 453
17804 8038 453
8038 28754 453
28754 5282 453
5282 12351 453
12351 4270 453
4270 37006 453
37006 19166 453
19166 14660 453
14660 18761 453
18761 14528 453
14528 774 453
774 4534 453
4534 25048 453
25048 5937 453
5937 14972 453
14972 20295 453
20295 26177 453
26177 37418 453
37418 18168 453
18168 9425 453
9425 2873 453
2873 15786 453
15786 5884 453
5884 14164 453
14164 39543 453
39543 31861 453
31861 25951 453
25951 19319 453
19319 7861 453
7861 32825 453
32825 6821 453
6821 261 453
261 4559 453
20482 11043 454
11043 22905 454
22905 7087 454
7087 11388 454
11388 39499 454
39499 14968 454
14968 33128 454
33128 6531 454
6531 6725 454
6725 3145 454
3145 26477 454
26477 13427 454
13427 28609 454
28609 13190 454
13190 13992 454
13992 28003 454
28003 34746 454
34746 28692 454
28692 19975 454
19975 13517 454
13517 31806 454
31806 40753 454
40753 9513 454
9513 17866 454
17866 8134 454
8134 36314 454
36314 39292 454
39292 3432 454
3432 28818 454
28818 15515 454
15515 20157 454
20157 23174 454
23174 28613 454
28613 31663 454
31663 7784 454
7784 10628 454
10628 41622 454
41622 22618 454
22618 14952 454
14952 24252 454
24252 10511 454
2571 37211 455
37211 24458 455
24458 13376 455
13376 26435 455
26435 4480 455
4480 41759 455
41759 38404 455
38404 2081 455
2081 13089 455
13089 31078 455
31078 10656 455
10656 6125 455
6125 27558 455
27558 31725 455
31725 6921 455
6921 32124 455
32124 17347 455
17347 6504 455
6504 12596 455
12596 21003 455
21003 802 455
802 38991 455
38991 27716 455
27716 25917 455
25917 18287 455
18287 7123 455
7123 20275 455
20275 8189 455
8189 2461 455
2461 37169 455
37169 20203 455
20203 28702 455
28702 41009 455
41009 27617 455
27617 15564 455
15564 27051 455
27051 2999 455
2999 18364 455
18364 37543 455
37543 4311 455
4311 9163 455
20994 35646 456
35646 21401 456
21401 34514 456
34514 25126 456
25126 30846 456
30846 7270 456
7270 20731 456
20731 9592 456
9592 36725 456
36725 6091 456
6091 38416 456
38416 31386 456
31386 5035 456
5035 11381 456
11381 16092 456
16092 38171 456
38171 17392 456
17392 30277 456
30277 34614 456
34614 4874 456
4874 1599 456
1599 29499 456
29499 22768 456
22768 23810 456
23810 24311 456
24311 9888 456
9888 28520 456
28520 22301 456
22301 1464 456
1464 20353 456
20353 1030 456
1030 33976 456
33976 37375 456
37375 10688 456
10688 18183 456
18183 28862 456
28862 11692 456
11692 6585 456
6585 13398 456
13398 17988 456
17988 27446 456
25791 698 457
698 14585 457
14585 26365 457
26365 29209 457
29209 506 457
506 34989 457
34989 22577 457
22577 24471 457
24471 20635 457
20635 28649 457
28649 4217 457
4217 18738 457
18738 23853 457
23853 3234 457
3234 14079 457
14079 24379 457
24379 28356 457
28356 37301 457
37301 38487 457
38487 33136 457
33136 41871 457
41871 36234 457
36234 33185 457
33185 15097 457
15097 19494 457
19494 31599 457
31599 21265 457
21265 8549 457
8549 14526 457
14526 37599 457
37599 12738 457
12738 38259 457
38259 26210 457
26210 36111 457
36111 30902 457
30902 4282 457
4282 2087 457
2087 5742 457
5742 2079 457
2079 16645 457
16645 24083 457
32670 13781 458
13781 21429 458
21429 24816 458
24816 27981 458
27981 17194 458
17194 1605 458
1605 11957 458
11957 17601 458
17601 38909 458
38909 21502 458
21502 28605 458
28605 4666 458
4666 41576 458
41576 34498 458
34498 41195 458
41195 11623 458
11623 26040 458
26040 38341 458
38341 38324 458
38324 13071 458
13071 26179 458
26179 12400 458
12400 22062 458
22062 17757 458
17757 11441 458
11441 17028 458
17028 26318 458
26318 8551 458
8551 19044 458
19044 29544 458
29544 16289 458
16289 12370 458
12370 28890 458
28890 36400 458
36400 24520 458
24520 30777 458
30777 25913 458
25913 16763 458
16763 10017 458
10017 4031 458
4031 36657 458
5285 28892 459
28892 17547 459
17547 30282 459
30282 30131 459
30131 36824 459
36824 18655 459
18655 7287 459
7287 41623 459
41623 1765 459
1765 29756 459
29756 21664 459
21664 23499 459
23499 11838 459
11838 2302 459
2302 35021 459
35021 35674 459
35674 29362 459
29362 27352 459
27352 30404 459
30404 21770 459
21770 12672 459
12672 5260 459
5260 24797 459
24797 26151 459
26151 4745 459
4745 38729 459
38729 39195 459
39195 14859 459
14859 24963 459
24963 40622 459
40622 35174 459
35174 40558 459
40558 22656 459
22656 9731 459
9731 26845 459
26845 29248 459
29248 41294 459
41294 27923 459
27923 33647 459
33647 19849 459
19849 29206 459
35098 41844 460
41844 16719 460
16719 33739 460
33739 28673 460
28673 41909 460
41909 16850 460
16850 36360 460
36360 33473 460
33473 20971 460
20971 10989 460
10989 6312 460
6312 35927 460
35927 37424 460
37424 32643 460
32643 36202 460
36202 25280 460
25280 5039 460
5039 30421 460
30421 11341 460
11341 16945 460
16945 41112 460
41112 4923 460
4923 12609 460
12609 15743 460
15743 35518 460
35518 25825 460
25825 27801 460
27801 12826 460
12826 15685 460
15685 17804 460
17804 11167 460
11167 33717 460
33717 3367 460
3367 38109 460
38109 17316 460
17316 9058 460
9058 30258 460
30258 10321 460
10321 15814 460
15814 503 460
503 17991 460
8525 25987 461
25987 36255 461
36255 31033 461
31033 6612 461
6612 37307 461
37307 12696 461
12696 27095 461
27095 27276 461
27276 40218 461
40218 6183 461
6183 30155 461
30155 36444 461
36444 25109 461
25109 32730 461
32730 1195 461
1195 30507 461
30507 13623 461
13623 27369 461
27369 32117 461
32117 22064 461
22064 3754 461
3754 13420 461
13420 4045 461
4045 31519 461
31519 21806 461
21806 8832 461
8832 17102 461
17102 6263 461
6263 27958 461
27958 2175 461
2175 21945 461
21945 19095 461
19095 14463 461
14463 24874 461
24874 36219 461
36219 13521 461
13521 32214 461
32214 34500 461
34500 21337 461
21337 26496 461
26496 20446 461
36495 20838 462
20838 21273 462
21273 12606 462
12606 29337 462
29337 18982 462
18982 11894 462
11894 4539 462
4539 25715 462
25715 9762 462
9762 38509 462
38509 24911 462
24911 12989 462
12989 34430 462
34430 21131 462
21131 34078 462
34078 5197 462
5197 4912 462
4912 18036 462
18036 31803 462
31803 39232 462
39232 262 462
262 22882 462
22882 25576 462
25576 11210 462
11210 4472 462
4472 6694 462
6694 30525 462
30525 38171 462
38171 26243 462
26243 26752 462
26752 38625 462
38625 16128 462
16128 36741 462
36741 32135 462
32135 27056 462
27056 27870 462
27870 18714 462
18714 9461 462
9461 9309 462
9309 36917 462
36917 4306 462
15451 3756 463
3756 20088 463
20088 40150 463
40150 11512 463
11512 9319 463
9319 16894 463
16894 19254 463
19254 19732 463
19732 12446 463
12446 13580 463
13580 11242 463
11242 32554 463
32554 5989 463
5989 28009 463
28009 17234 463
17234 37845 463
37845 29190 463
29190 36046 463
36046 28544 463
28544 15079 463
15079 36014 463
36014 35867 463
35867 18091 463
18091 39986 463
39986 34389 463
34389 26635 463
26635 12115 463
12115 15014 463
15014 41878 463
41878 26687 463
26687 9097 463
9097 25964 463
25964 5828 463
5828 20730 463
20730 10117 463
10117 20704 463
20704 9640 463
9640 24295 463
24295 36274 463
36274 13142 463
13142 26073 463
41217 28875 464
28875 31118 464
31118 41576 464
41576 26062 464
26062 10341 464
10341 3488 464
3488 41293 464
41293 8490 464
8490 7838 464
7838 21095 464
21095 31185 464
31185 30340 464
30340 30638 464
30638 27160 464
27160 39011 464
39011 11214 464
11214 6028 464
6028 25804 464
25804 34722 464
34722 33947 464
33947 30322 464
30322 19033 464
19033 18856 464
18856 5015 464
5015 15362 464
15362 7425 464
7425 40350 464
40350 26460 464
26460 19262 464
19262 24523 464
24523 37924 464
37924 12777 464
12777 7202 464
7202 17479 464
17479 41992 464
41992 6732 464
6732 31867 464
31867 3565 464
3565 18476 464
18476 39848 464
39848 38946 464
15264 20759 465
20759 13643 465
13643 36549 465
36549 15927 465
15927 37219 465
37219 32357 465
32357 13201 465
13201 41851 465
41851 22405 465
22405 7125 465
7125 26296 465
26296 30563 465
30563 36138 465
36138 38021 465
38021 20701 465
20701 41515 465
41515 38113 465
38113 14056 465
14056 27243 465
27243 4692 465
4692 4190 465
4190 2881 465
2881 4983 465
4983 19928 465
19928 29823 465
29823 12430 465
12430 41856 465
41856 10618 465
10618 21699 465
21699 13198 465
13198 11035 465
11035 6842 465
6842 907 465
907 12135 465
12135 10452 465
10452 15222 465
15222 12820 465
12820 4484 465
4484 14386 465
14386 11700 465
11700 17117 465
3444 25046 466
25046 36382 466
36382 8719 466
8719 29624 466
29624 21315 466
21315 37075 466
37075 24708 466
24708 6996 466
6996 19446 466
19446 13939 466
13939 33877 466
33877 27204 466
27204 14634 466
14634 35041 466
35041 37259 466
37259 1839 466
1839 19178 466
19178 14799 466
14799 23174 466
23174 23988 466
23988 29984 466
29984 9373 466
9373 1327 466
1327 40570 466
40570 28294 466
28294 6774 466
6774 3332 466
3332 28341 466
28341 15683 466
15683 10809 466
10809 33015 466
33015 31958 466
31958 9520 466
9520 7742 466
7742 5645 466
5645 41745 466
41745 6368 466
6368 23794 466
23794 31048 466
31048 40769 466
40769 32952 466
31518 35251 467
35251 31254 467
31254 33185 467
33185 13060 467
13060 22271 467
22271 39661 467
39661 2468 467
2468 17525 467
17525 32382 467
32382 23971 467
23971 13051 467
13051 8348 467
8348 2182 467
2182 7119 467
7119 21095 467
21095 467 467
467 9025 467
9025 20991 467
20991 39787 467
39787 20809 467
20809 39591 467
39591 24552 467
24552 2841 467
2841 21679 467
21679 25270 467
25270 16507 467
16507 9090 467
9090 18371 467
18371 10237 467
10237 33563 467
33563 32088 467
32088 15149 467
15149 38556 467
38556 40446 467
40446 30269 467
30269 30755 467
30755 18613 467
18613 3352 467
3352 19470 467
19470 35534 467
35534 35031 467
29344 18283 468
18283 18302 468
18302 10946 468
10946 40612 468
40612 31571 468
31571 3705 468
3705 38031 468
38031 17063 468
17063 32575 468
32575 2624 468
2624 4735 468
4735 16336 468
16336 129 468
129 19833 468
19833 28635 468
28635 41576 468
41576 16359 468
16359 31685 468
31685 571 468
571 35825 468
35825 38739 468
38739 12827 468
12827 2363 468
2363 26051 468
26051 24363 468
24363 20413 468
20413 7481 468
7481 25490 468
25490 2324 468
2324 9956 468
9956 13357 468
13357 28882 468
28882 7040 468
7040 31479 468
31479 20494 468
20494 4205 468
4205 36903 468
36903 22055 468
22055 1804 468
1804 35660 468
35660 1240 468
3715 29888 469
29888 30056 469
30056 10842 469
10842 27185 469
27185 15330 469
15330 31526 469
31526 24556 469
24556 12363 469
12363 32746 469
32746 1594 469
1594 22246 469
22246 17794 469
17794 522 469
522 14902 469
14902 37048 469
37048 39771 469
39771 26358 469
26358 7068 469
7068 39245 469
39245 10115 469
10115 24643 469
24643 13160 469
13160 23811 469
23811 32010 469
32010 25631 469
25631 4506 469
4506 3283 469
3283 21481 469
21481 20271 469
20271 40544 469
40544 16400 469
16400 19767 469
19767 31211 469
31211 8765 469
8765 35600 469
35600 29178 469
29178 3722 469
3722 1769 469
1769 28107 469
28107 25556 469
25556 18004 469
1336 38745 470
38745 15617 470
15617 31703 470
31703 38852 470
38852 21140 470
21140 9859 470
9859 37971 470
37971 1308 470
1308 28312 470
28312 17420 470
17420 10036 470
10036 2507 470
2507 36141 470
36141 21125 470
21125 25327 470
25327 20165 470
20165 5677 470
5677 40195 470
40195 705 470
705 33162 470
33162 23049 470
23049 1110 470
1110 4160 470
4160 34256 470
34256 33292 470
33292 2357 470
2357 4992 470
4992 20090 470
20090 36527 470
36527 1304 470
1304 173 470
173 216 470
216 13018 470
13018 17009 470
17009 41719 470
41719 40884 470
40884 11488 470
11488 5684 470
5684 20535 470
20535 30505 470
30505 34596 470
32166 1163 471
1163 36044 471
36044 23180 471
23180 27883 471
27883 16612 471
16612 10831 471
10831 41766 471
41766 32325 471
32325 20267 471
20267 6753 471
6753 15584 471
15584 35811 471
35811 24684 471
24684 16885 471
16885 28988 471
28988 36431 471
36431 20274 471
20274 21022 471
21022 17414 471
17414 30964 471
30964 32171 471
32171 23752 471
23752 6209 471
6209 19797 471
19797 37769 471
37769 23084 471
23084 24846 471
24846 29634 471
29634 13969 471
13969 28191 471
28191 1748 471
1748 19634 471
19634 16132 471
16132 8786 471
8786 23650 471
23650 31118 471
31118 11516 471
11516 31386 471
31386 15799 471
15799 39031 471
39031 19552 471
12317 8702 472
8702 40272 472
40272 3881 472
3881 6271 472
6271 36047 472
36047 27680 472
27680 20864 472
20864 37161 472
37161 20152 472
20152 31697 472
31697 38521 472
38521 5842 472
5842 29629 472
29629 17749 472
17749 28679 472
28679 16355 472
16355 5495 472
5495 12151 472
12151 17180 472
17180 1662 472
1662 20135 472
20135 22825 472
22825 38049 472
38049 5134 472
5134 35251 472
35251 16883 472
16883 27756 472
27756 26231 472
26231 11479 472
11479 18166 472
18166 33569 472
33569 2202 472
2202 13184 472
13184 32683 472
32683 36809 472
36809 23424 472
23424 17968 472
17968 1354 472
1354 22238 472
22238 36877 472
36877 22978 472
13772 32064 473
32064 20997 473
20997 27196 473
27196 21327 473
21327 10184 473
10184 31882 473
31882 5438 473
5438 6672 473
6672 34151 473
34151 30671 473
30671 17873 473
17873 15608 473
15608 25372 473
25372 16436 473
16436 2619 473
2619 20399 473
20399 30392 473
30392 34348 473
34348 3765 473
3765 25624 473
25624 13168 473
13168 17409 473
17409 36232 473
36232 37940 473
37940 4315 473
4315 22998 473
22998 21029 473
21029 19141 473
19141 40779 473
40779 9291 473
9291 26332 473
26332 5944 473
5944 29091 473
29091 30931 473
30931 5130 473
5130 12559 473
12559 11741 473
11741 16181 473
16181 2582 473
2582 30899 473
30899 39601 473
20835 41256 474
41256 11881 474
11881 16287 474
16287 25138 474
25138 33379 474
33379 8378 474
8378 14760 474
14760 18396 474
18396 19230 474
19230 16941 474
16941 37887 474
37887 34381 474
34381 40111 474
40111 9626 474
9626 3383 474
3383 25240 474
25240 3945 474
3945 33035 474
33035 38180 474
38180 26837 474
26837 20629 474
20629 9682 474
9682 9377 474
9377 3980 474
3980 28962 474
28962 19122 474
19122 40654 474
40654 27597 474
27597 8208 474
8208 686 474
686 4692 474
4692 33123 474
33123 27436 474
27436 26006 474
26006 37230 474
37230 370 474
370 29929 474
29929 19769 474
19769 38200 474
38200 35163 474
35163 31186 474
7256 1781 475
1781 35235 475
35235 19136 475
19136 37174 475
37174 842 475
842 3953 475
3953 22688 475
22688 1926 475
1926 8569 475
8569 35482 475
35482 23672 475
23672 32052 475
32052 4950 475
4950 5618 475
5618 15448 475
15448 26538 475
26538 26229 475
26229 35876 475
35876 3212 475
3212 22370 475
22370 6960 475
6960 2441 475
2441 17099 475
17099 34109 475
34109 22468 475
22468 25307 475
25307 23128 475
23128 40978 475
40978 18610 475
18610 20535 475
20535 109 475
109 9570 475
9570 34353 475
34353 24663 475
24663 10075 475
10075 29668 475
29668 25953 475
25953 14537 475
14537 28070 475
28070 28169 475
28169 35381 475
3187 6787 476
6787 2806 476
2806 441 476
441 8323 476
8323 18313 476
18313 17491 476
17491 26233 476
26233 32052 476
32052 28026 476
28026 18014 476
18014 40570 476
40570 549 476
549 9494 476
9494 36630 476
36630 23727 476
23727 24452 476
24452 2091 476
2091 39050 476
39050 26394 476
26394 16746 476
16746 35591 476
35591 3478 476
3478 12625 476
12625 22856 476
22856 27720 476
27720 690 476
690 30073 476
30073 13821 476
13821 37642 476
37642 9809 476
9809 20995 476
20995 13372 476
13372 12887 476
12887 33107 476
33107 6347 476
6347 9866 476
9866 8978 476
8978 13674 476
13674 2629 476
2629 19912 476
19912 39335 476
40356 3489 477
3489 20609 477
20609 11624 477
11624 36143 477
36143 406 477
406 24286 477
24286 1208 477
1208 40865 477
40865 40057 477
40057 29245 477
29245 21580 477
21580 15128 477
15128 41242 477
41242 7209 477
7209 2095 477
2095 32716 477
32716 20257 477
20257 38945 477
38945 9084 477
9084 5148 477
5148 27400 477
27400 10285 477
10285 37097 477
37097 16991 477
16991 34894 477
34894 36817 477
36817 9088 477
9088 6170 477
6170 30795 477
30795 25292 477
25292 5535 477
5535 15534 477
15534 23116 477
23116 37802 477
37802 7485 477
7485 39392 477
39392 35936 477
35936 37690 477
37690 24942 477
24942 12843 477
12843 4577 477
10268 3284 478
3284 3105 478
3105 19245 478
19245 15327 478
15327 41444 478
41444 6890 478
6890 7011 478
7011 7004 478
7004 19759 478
19759 13636 478
13636 37187 478
37187 18296 478
18296 39197 478
39197 28931 478
28931 35896 478
35896 775 478
775 30645 478
30645 19268 478
19268 36569 478
36569 3881 478
3881 26621 478
26621 39844 478
39844 19116 478
19116 25981 478
25981 10954 478
10954 25174 478
25174 4641 478
4641 27451 478
27451 12908 478
12908 26039 478
26039 31069 478
31069 37697 478
37697 7651 478
7651 31559 478
31559 31842 478
31842 7711 478
7711 21310 478
21310 22191 478
22191 21928 478
21928 7689 478
7689 40315 478
9113 22958 479
22958 3792 479
3792 23093 479
23093 22970 479
22970 38209 479
38209 20460 479
20460 11951 479
11951 24444 479
24444 11543 479
11543 18469 479
18469 11383 479
11383 39530 479
39530 40397 479
40397 9445 479
9445 5200 479
5200 4960 479
4960 3490 479
3490 2346 479
2346 15828 479
15828 11251 479
11251 17191 479
17191 22885 479
22885 38430 479
38430 10922 479
10922 21201 479
21201 19652 479
19652 40449 479
40449 7383 479
7383 37456 479
37456 40824 479
40824 5098 479
5098 7178 479
7178 8629 479
8629 12562 479
12562 22901 479
22901 6729 479
6729 3822 479
3822 10422 479
10422 17853 479
17853 10390 479
10390 27613 479
23749 36151 480
36151 21502 480
21502 21928 480
21928 37547 480
37547 40408 480
40408 4330 480
4330 30070 480
30070 2832 480
2832 19917 480
19917 36249 480
36249 35776 480
35776 41712 480
41712 12381 480
12381 34885 480
34885 36717 480
36717 854 480
854 6100 480
6100 10455 480
10455 36336 480
36336 37127 480
37127 21513 480
21513 999 480
999 18891 480
18891 3838 480
3838 38064 480
38064 28454 480
28454 35929 480
35929 18143 480
18143 40681 480
40681 21529 480
21529 20927 480
20927 19011 480
19011 9885 480
9885 41613 480
41613 15375 480
15375 39483 480
39483 10319 480
10319 2416 480
2416 24568 480
24568 40528 480
40528 1886 480
12998 15974 481
15974 12677 481
12677 5862 481
5862 14977 481
14977 30516 481
30516 290 481
290 9597 481
9597 32222 481
32222 8137 481
8137 30993 481
30993 7549 481
7549 24051 481
24051 30620 481
30620 30274 481
30274 19729 481
19729 19211 481
19211 6277 481
6277 30491 481
30491 21049 481
21049 27226 481
27226 23714 481
23714 17630 481
17630 35593 481
35593 22009 481
22009 41738 481
41738 8377 481
8377 35123 481
35123 33421 481
33421 10679 481
10679 22679 481
22679 22329 481
22329 3485 481
3485 36298 481
36298 23942 481
23942 37079 481
37079 26478 481
26478 31477 481
31477 41551 481
41551 27062 481
27062 132 481
132 31277 481
17083 35016 482
35016 22186 482
22186 6011 482
6011 34728 482
34728 37805 482
37805 13914 482
13914 20885 482
20885 10360 482
10360 13141 482
13141 29635 482
29635 37667 482
37667 22679 482
22679 486 482
486 27493 482
27493 784 482
784 17216 482
17216 8278 482
8278 17036 482
17036 31467 482
31467 13879 482
13879 8485 482
8485 40307 482
40307 21881 482
21881 39561 482
39561 13418 482
13418 15414 482
15414 5907 482
5907 15427 482
15427 31689 482
31689 18879 482
18879 23459 482
23459 41960 482
41960 37891 482
37891 8330 482
8330 6204 482
6204 30632 482
30632 21596 482
21596 14811 482
14811 35221 482
35221 25602 482
25602 39482 482
15595 26636 483
26636 39531 483
39531 12590 483
12590 30951 483
30951 383 483
383 40683 483
40683 25227 483
25227 40222 483
40222 32574 483
32574 27936 483
27936 1959 483
1959 36174 483
36174 13834 483
13834 30182 483
30182 34802 483
34802 28241 483
28241 22460 483
22460 20233 483
20233 24040 483
24040 7085 483
7085 36051 483
36051 41339 483
41339 9358 483
9358 28531 483
28531 34651 483
34651 31250 483
31250 13796 483
13796 14175 483
14175 2818 483
2818 1865 483
1865 25561 483
25561 19039 483
19039 11932 483
11932 13513 483
13513 15341 483
15341 31666 483
31666 17753 483
17753 9543 483
9543 6780 483
6780 12738 483
12738 11796 483
6078 14233 484
14233 24065 484
24065 18430 484
18430 8470 484
8470 6285 484
6285 15989 484
15989 28471 484
28471 4675 484
4675 41741 484
41741 29508 484
29508 15482 484
15482 33483 484
33483 23771 484
23771 14716 484
14716 11891 484
11891 6551 484
6551 2361 484
2361 4319 484
4319 36232 484
36232 13527 484
13527 21039 484
21039 30521 484
30521 26756 484
26756 32697 484
32697 29676 484
29676 8119 484
8119 10438 484
10438 32967 484
32967 13773 484
13773 9553 484
9553 4203 484
4203 15726 484
15726 29496 484
29496 9430 484
9430 279 484
279 16545 484
16545 26671 484
26671 31743 484
31743 1635 484
1635 40952 484
40952 26687 484
26596 19726 485
19726 16426 485
16426 25579 485
25579 7951 485
7951 18 485
18 1978 485
1978 1494 485
1494 1196 485
1196 38329 485
38329 4512 485
4512 18983 485
18983 11980 485
11980 4677 485
4677 30024 485
30024 28501 485
28501 37280 485
37280 10044 485
10044 7140 485
7140 14886 485
14886 17054 485
17054 41195 485
41195 7690 485
7690 27337 485
27337 4450 485
4450 20836 485
20836 15950 485
15950 3130 485
3130 26688 485
26688 37147 485
37147 29237 485
29237 2062 485
2062 15304 485
15304 17879 485
17879 3954 485
3954 4821 485
4821 9235 485
9235 743 485
743 24806 485
24806 19764 485
19764 29136 485
29136 28718 485
36519 4087 486
4087 15989 486
15989 34562 486
34562 13143 486
13143 29882 486
29882 19794 486
19794 12250 486
12250 3283 486
3283 41933 486
41933 21981 486
21981 25504 486
25504 28563 486
28563 8534 486
8534 32548 486
32548 33564 486
33564 23621 486
23621 2229 486
2229 24124 486
24124 4938 486
4938 41218 486
41218 14843 486
14843 14023 486
14023 21431 486
21431 1721 486
1721 17555 486
17555 37978 486
37978 19833 486
19833 25410 486
25410 23913 486
23913 24850 486
24850 23755 486
23755 40635 486
40635 16034 486
16034 20864 486
20864 35811 486
35811 39506 486
39506 36404 486
36404 17585 486
17585 21934 486
21934 31145 486
31145 26397 486
35000 22452 487
22452 26939 487
26939 6167 487
6167 29742 487
29742 26834 487
26834 13243 487
13243 1141 487
1141 455 487
455 14870 487
14870 4272 487
4272 19579 487
19579 5204 487
5204 9377 487
9377 4990 487
4990 32014 487
32014 21667 487
21667 26458 487
26458 26774 487
26774 36184 487
36184 1042 487
1042 29558 487
29558 18020 487
18020 4330 487
4330 4821 487
4821 38864 487
38864 29287 487
29287 9281 487
9281 3273 487
3273 27703 487
27703 34113 487
34113 33613 487
33613 35069 487
35069 33651 487
33651 19031 487
19031 33120 487
33120 19544 487
19544 13307 487
13307 39518 487
39518 17446 487
17446 8822 487
8822 18055 487
11717 19865 488
19865 40593 488
40593 29119 488
29119 20857 488
20857 27161 488
27161 38236 488
38236 40272 488
40272 27502 488
27502 18835 488
18835 7278 488
7278 7267 488
7267 4588 488
4588 29381 488
29381 11247 488
11247 1603 488
1603 40134 488
40134 14660 488
14660 25554 488
25554 6062 488
6062 35741 488
35741 25511 488
25511 38380 488
38380 25613 488
25613 37132 488
37132 19822 488
19822 16452 488
16452 28734 488
28734 13511 488
13511 35047 488
35047 29965 488
29965 27272 488
27272 5610 488
5610 14061 488
14061 12223 488
12223 19732 488
19732 3013 488
3013 12832 488
12832 2474 488
2474 9599 488
9599 20143 488
20143 572 488
9714 18780 489
18780 23188 489
23188 4445 489
4445 33113 489
33113 39338 489
39338 15438 489
15438 24623 489
24623 556 489
556 13747 489
13747 4371 489
4371 10560 489
10560 38376 489
38376 39640 489
39640 25066 489
25066 30349 489
30349 19720 489
19720 28093 489
28093 41293 489
41293 27980 489
27980 21725 489
21725 29465 489
29465 21478 489
21478 21740 489
21740 15811 489
15811 30182 489
30182 12663 489
12663 2442 489
2442 10011 489
10011 7627 489
7627 9802 489
9802 4467 489
4467 38482 489
38482 27629 489
27629 23929 489
23929 31489 489
31489 30947 489
30947 21785 489
21785 17833 489
17833 19073 489
19073 31194 489
31194 23898 489
3057 40758 490
40758 29074 490
29074 16528 490
16528 37610 490
37610 10676 490
10676 26337 490
26337 31946 490
31946 19820 490
19820 39979 490
39979 41464 490
41464 3463 490
3463 15074 490
15074 7225 490
7225 34977 490
34977 41715 490
41715 22607 490
22607 29085 490
29085 34085 490
34085 35431 490
35431 21131 490
21131 39452 490
39452 41831 490
41831 19384 490
19384 3529 490
3529 30016 490
30016 11274 490
11274 22246 490
22246 6315 490
6315 34668 490
34668 30227 490
30227 35785 490
35785 11302 490
11302 26410 490
26410 6297 490
6297 4347 490
4347 23341 490
23341 20396 490
20396 41441 490
41441 36258 490
36258 23406 490
23406 33947 490
5807 24758 491
24758 38324 491
38324 32632 491
32632 23922 491
23922 2704 491
2704 3918 491
3918 18419 491
18419 22348 491
22348 6781 491
6781 7210 491
7210 9805 491
9805 31575 491
31575 31488 491
31488 9181 491
9181 22871 491
22871 34631 491
34631 19417 491
19417 4930 491
4930 29414 491
29414 34213 491
34213 32808 491
32808 11591 491
11591 13062 491
13062 15365 491
15365 2045 491
2045 32035 491
32035 13376 491
13376 7855 491
7855 37267 491
37267 4403 491
4403 292 491
292 25414 491
25414 32214 491
32214 38412 491
38412 39147 491
39147 32452 491
32452 18127 491
18127 24556 491
24556 35005 491
35005 20423 491
20423 19543 491
25082 1868 492
1868 27516 492
27516 17072 492
17072 11074 492
11074 11935 492
11935 31931 492
31931 30402 492
30402 13482 492
13482 29435 492
29435 3499 492
3499 26878 492
26878 7692 492
7692 37806 492
37806 19905 492
19905 41826 492
41826 23487 492
23487 12868 492
12868 33232 492
33232 13164 492
13164 26990 492
26990 7873 492
7873 35476 492
35476 37176 492
37176 13636 492
13636 2235 492
2235 25762 492
25762 4231 492
4231 35381 492
35381 6500 492
6500 20413 492
20413 32925 492
32925 5595 492
5595 37080 492
37080 38032 492
38032 40314 492
40314 30720 492
30720 30419 492
30419 31647 492
31647 10998 492
10998 23556 492
23556 29677 492
16314 40135 493
40135 23760 493
23760 21955 493
21955 40922 493
40922 40618 493
40618 24856 493
24856 8748 493
8748 19435 493
19435 23719 493
23719 17469 493
17469 6665 493
6665 14621 493
14621 2194 493
2194 30375 493
30375 40767 493
40767 4818 493
4818 34615 493
34615 1389 493
1389 17128 493
17128 39223 493
39223 21816 493
21816 35857 493
35857 23521 493
23521 15184 493
15184 26020 493
26020 33297 493
33297 41235 493
41235 38080 493
38080 26618 493
26618 33289 493
33289 13152 493
13152 37110 493
37110 37643 493
37643 36110 493
36110 41137 493
41137 41218 493
41218 14215 493
14215 18326 493
18326 17056 493
17056 26290 493
26290 32350 493
24873 17873 494
17873 29525 494
29525 758 494
758 32752 494
32752 9906 494
9906 32406 494
32406 25511 494
25511 2898 494
2898 18779 494
18779 5671 494
5671 11872 494
11872 27239 494
27239 23836 494
23836 30570 494
30570 16336 494
16336 35109 494
35109 7591 494
7591 23479 494
23479 35465 494
35465 24149 494
24149 12960 494
12960 21651 494
21651 37167 494
37167 5325 494
5325 7485 494
7485 27633 494
27633 39808 494
39808 15899 494
15899 14906 494
14906 40030 494
40030 23521 494
23521 40135 494
40135 10015 494
10015 9325 494
9325 37028 494
37028 11655 494
11655 13151 494
13151 3918 494
3918 28852 494
28852 37600 494
37600 20708 494
20454 8464 495
8464 38284 495
38284 12372 495
12372 23815 495
23815 35756 495
35756 6305 495
6305 31381 495
31381 30300 495
30300 41516 495
41516 29962 495
29962 41689 495
41689 860 495
860 11878 495
11878 13365 495
13365 19129 495
19129 938 495
938 25334 495
25334 20323 495
20323 32004 495
32004 36445 495
36445 39582 495
39582 29525 495
29525 35737 495
35737 17545 495
17545 21190 495
21190 30852 495
30852 25150 495
25150 33940 495
33940 17901 495
17901 26005 495
26005 41015 495
41015 1415 495
1415 32272 495
32272 27093 495
27093 8185 495
8185 16491 495
16491 952 495
952 2384 495
2384 21549 495
21549 31688 495
31688 14883 495
5763 10869 496
10869 36511 496
36511 39975 496
39975 28147 496
28147 34825 496
34825 10583 496
10583 37201 496
37201 15860 496
15860 27410 496
27410 3640 496
3640 34917 496
34917 41153 496
41153 9574 496
9574 37768 496
37768 30334 496
30334 34732 496
34732 10039 496
10039 14052 496
14052 40926 496
40926 13806 496
13806 646 496
646 40610 496
40610 14613 496
14613 39718 496
39718 34046 496
34046 8457 496
8457 15633 496
15633 25087 496
25087 36360 496
36360 33699 496
33699 39817 496
39817 4399 496
4399 13688 496
13688 35703 496
35703 12909 496
12909 2578 496
2578 22214 496
22214 19875 496
19875 38219 496
38219 36878 496
36878 578 496
11366 29260 497
29260 28016 497
28016 40389 497
40389 38350 497
38350 4167 497
4167 11306 497
11306 8019 497
8019 3777 497
3777 31688 497
31688 29478 497
29478 20054 497
20054 4581 497
4581 18855 497
18855 34267 497
34267 3264 497
3264 39161 497
39161 8131 497
8131 15593 497
15593 36274 497
36274 3452 497
3452 31431 497
31431 36718 497
36718 41408 497
41408 21331 497
21331 24772 497
24772 19550 497
19550 9854 497
9854 20470 497
20470 19545 497
19545 7495 497
7495 22555 497
22555 18691 497
18691 35729 497
35729 5473 497
5473 16913 497
16913 5550 497
5550 33599 497
33599 40514 497
40514 32395 497
32395 7342 497
7342 21102 497
10989 13769 498
13769 19066 498
19066 2117 498
2117 15644 498
15644 17781 498
17781 29970 498
29970 7178 498
7178 25913 498
25913 29726 498
29726 23664 498
23664 37889 498
37889 29682 498
29682 20744 498
20744 12316 498
12316 24974 498
24974 13091 498
13091 16191 498
16191 36249 498
36249 15454 498
15454 3507 498
3507 33715 498
33715 41862 498
41862 39520 498
39520 24314 498
24314 18435 498
18435 635 498
635 7247 498
7247 30815 498
30815 11263 498
11263 21677 498
21677 23792 498
23792 20192 498
20192 12921 498
12921 17035 498
17035 33409 498
33409 37310 498
37310 24131 498
24131 6579 498
6579 41484 498
41484 32458 498
32458 601 498
25708 33553 499
33553 3619 499
3619 25018 499
25018 29340 499
29340 29409 499
29409 20493 499
20493 275 499
275 18825 499
18825 32040 499
32040 35067 499
35067 33133 499
33133 1837 499
1837 756 499
756 29332 499
29332 26107 499
26107 4628 499
4628 7649 499
7649 39855 499
39855 29327 499
29327 30128 499
30128 29645 499
29645 36044 499
36044 11010 499
11010 1402 499
1402 17346 499
17346 22275 499
22275 4757 499
4757 25944 499
25944 7926 499
7926 6918 499
6918 35161 499
35161 15071 499
15071 36205 499
36205 40453 499
40453 34387 499
34387 4262 499
4262 22270 499
22270 39461 499
39461 35765 499
35765 41805 499
41805 6740 499
36486 28613 500
28613 29482 500
29482 474 500
474 15611 500
15611 17470 500
17470 5378 500
5378 24647 500
24647 10740 500
10740 39964 500
39964 11456 500
11456 40845 500
40845 3887 500
3887 29967 500
29967 9656 500
9656 28159 500
28159 40641 500
40641 27522 500
27522 32629 500
32629 27427 500
27427 33651 500
33651 5834 500
5834 5256 500
5256 40213 500
40213 20196 500
20196 19306 500
19306 27938 500
27938 6764 500
6764 16018 500
16018 38880 500
38880 2509 500
2509 793 500
793 28132 500
28132 40731 500
40731 1691 500
1691 9080 500
9080 10560 500
10560 33681 500
33681 13232 500
13232 22731 500
22731 17730 500
17730 37467 500
39439 10078 501
10078 31960 501
31960 37608 501
37608 13116 501
13116 28354 501
28354 34948 501
34948 39557 501
39557 9253 501
9253 39294 501
39294 16542 501
16542 21781 501
21781 6905 501
6905 6760 501
6760 29264 501
29264 40736 501
40736 34914 501
34914 12038 501
12038 40219 501
40219 12043 501
12043 32885 501
32885 24849 501
24849 36183 501
36183 4831 501
4831 9645 501
9645 20397 501
20397 31704 501
31704 27697 501
27697 6977 501
6977 6136 501
6136 10503 501
10503 2332 501
2332 39477 501
39477 5157 501
5157 4257 501
4257 26549 501
26549 39399 501
39399 28441 501
28441 7882 501
7882 38769 501
38769 8159 501
8159 13816 501
15687 12200 502
12200 23209 502
23209 22252 502
22252 946 502
946 35233 502
35233 11009 502
11009 12026 502
12026 41816 502
41816 21252 502
21252 29128 502
29128 8456 502
8456 30138 502
30138 13298 502
13298 29058 502
29058 21073 502
21073 31471 502
31471 26269 502
26269 5146 502
5146 19872 502
19872 12387 502
12387 18302 502
18302 16907 502
16907 18729 502
18729 38959 502
38959 28467 502
28467 41191 502
41191 997 502
997 36372 502
36372 915 502
915 25327 502
25327 14872 502
14872 41395 502
41395 4795 502
4795 8901 502
8901 22882 502
22882 22279 502
22279 13877 502
13877 1801 502
1801 5494 502
5494 33091 502
33091 9575 502
30264 4461 503
4461 14869 503
14869 2071 503
2071 32491 503
32491 38373 503
38373 29338 503
29338 17293 503
17293 31568 503
31568 29069 503
29069 1464 503
1464 36045 503
36045 20412 503
20412 1410 503
1410 6235 503
6235 39518 503
39518 13264 503
13264 12884 503
12884 32106 503
32106 38762 503
38762 40971 503
40971 8951 503
8951 6795 503
6795 33442 503
33442 15768 503
15768 21051 503
21051 4382 503
4382 14819 503
14819 22326 503
22326 25508 503
25508 37606 503
37606 4571 503
4571 5155 503
5155 27465 503
27465 4299 503
4299 33224 503
33224 18838 503
18838 18451 503
18451 25608 503
25608 13486 503
13486 11850 503
11850 27685 503
30296 19422 504
19422 16467 504
16467 38081 504
38081 39458 504
39458 2584 504
2584 38606 504
38606 4825 504
4825 5501 504
5501 6750 504
6750 20267 504
20267 20032 504
20032 20450 504
20450 25534 504
25534 35076 504
35076 17637 504
17637 12911 504
12911 31300 504
31300 15875 504
15875 10111 504
10111 5033 504
5033 8027 504
8027 26765 504
26765 7532 504
7532 19007 504
19007 24486 504
24486 32838 504
32838 4390 504
4390 21378 504
21378 10750 504
10750 18783 504
18783 8327 504
8327 36354 504
36354 41478 504
41478 20141 504
20141 16182 504
16182 32726 504
32726 7276 504
7276 27034 504
27034 15123 504
15123 38576 504
38576 20203 504
23422 7696 505
7696 5652 505
5652 35540 505
35540 38142 505
38142 17035 505
17035 3092 505
3092 41482 505
41482 6305 505
6305 31030 505
31030 25488 505
25488 11185 505
11185 35217 505
35217 195 505
195 37296 505
37296 13840 505
13840 35668 505
35668 29012 505
29012 27945 505
27945 24935 505
24935 29654 505
29654 31026 505
31026 21820 505
21820 26109 505
26109 3348 505
3348 34443 505
34443 36803 505
36803 39442 505
39442 38545 505
38545 39292 505
39292 29233 505
29233 9483 505
9483 33997 505
33997 6515 505
6515 4164 505
4164 25268 505
25268 39981 505
39981 15571 505
15571 3482 505
3482 28913 505
28913 4956 505
4956 34653 505
4865 13522 506
13522 22125 506
22125 17113 506
17113 35514 506
35514 26654 506
26654 18467 506
18467 10879 506
10879 21612 506
21612 31868 506
31868 20858 506
20858 12296 506
12296 22415 506
22415 30004 506
30004 20392 506
20392 3983 506
3983 38976 506
38976 38924 506
38924 32105 506
32105 1169 506
1169 13199 506
13199 29577 506
29577 858 506
858 38086 506
38086 14776 506
14776 13784 506
13784 23948 506
23948 13600 506
13600 6240 506
6240 41619 506
41619 6047 506
6047 28446 506
28446 20809 506
20809 2684 506
2684 30400 506
30400 7811 506
7811 10902 506
10902 28620 506
28620 32655 506
32655 30826 506
30826 11322 506
11322 5777 506
35732 14970 507
14970 4654 507
4654 32428 507
32428 18989 507
18989 22145 507
22145 32253 507
32253 16415 507
16415 11561 507
11561 19920 507
19920 1049 507
1049 20521 507
20521 10285 507
10285 14406 507
14406 27499 507
27499 30520 507
30520 11648 507
11648 32683 507
32683 40951 507
40951 26080 507
26080 26478 507
26478 19276 507
19276 15204 507
15204 19884 507
19884 18816 507
18816 6309 507
6309 482 507
482 26926 507
26926 23628 507
23628 30110 507
30110 13872 507
13872 25726 507
25726 9497 507
9497 25451 507
25451 21270 507
21270 41847 507
41847 36240 507
36240 31234 507
31234 37048 507
37048 36699 507
36699 3573 507
3573 41003 507
32909 4522 508
4522 36927 508
36927 25007 508
25007 77 508
77 22977 508
22977 5971 508
5971 3025 508
3025 2981 508
2981 35766 508
35766 66 508
66 7007 508
7007 40317 508
40317 5439 508
5439 13479 508
13479 5020 508
5020 35532 508
35532 37751 508
37751 38725 508
38725 26602 508
26602 19935 508
19935 16045 508
16045 34590 508
34590 32707 508
32707 15098 508
15098 22088 508
22088 33425 508
33425 40726 508
40726 41454 508
41454 13020 508
13020 24822 508
24822 780 508
780 31029 508
31029 23773 508
23773 15788 508
15788 32364 508
32364 23300 508
23300 13897 508
13897 6673 508
6673 35874 508
35874 29454 508
29454 39823 508
28814 12429 509
12429 14545 509
14545 7454 509
7454 15500 509
15500 39197 509
39197 19072 509
19072 31942 509
31942 29128 509
29128 20003 509
20003 8862 509
8862 33576 509
33576 34531 509
34531 14420 509
14420 13762 509
13762 38723 509
38723 35008 509
35008 2343 509
2343 38667 509
38667 5381 509
5381 18859 509
18859 6712 509
6712 5050 509
5050 11988 509
11988 34996 509
34996 195 509
195 25767 509
25767 2809 509
2809 17216 509
17216 4262 509
4262 6522 509
6522 12051 509
12051 4881 509
4881 41232 509
41232 29729 509
29729 29042 509
29042 29839 509
29839 8453 509
8453 36890 509
36890 5440 509
5440 6813 509
6813 1443 509
4536 17689 510
17689 20694 510
20694 27009 510
27009 9427 510
9427 24415 510
24415 34493 510
34493 19328 510
19328 11110 510
11110 20141 510
20141 32982 510
32982 21427 510
21427 18742 510
18742 21327 510
21327 20795 510
20795 24005 510
24005 38407 510
38407 18780 510
18780 10821 510
10821 3984 510
3984 13077 510
13077 25618 510
25618 6985 510
6985 31088 510
31088 2954 510
2954 18770 510
18770 11611 510
11611 35397 510
35397 15633 510
15633 23167 510
23167 34228 510
34228 36714 510
36714 11245 510
11245 2171 510
2171 39916 510
39916 41563 510
41563 24878 510
24878 26392 510
26392 1717 510
1717 928 510
928 25308 510
25308 40720 510
33978 35808 511
35808 9872 511
9872 39352 511
39352 24119 511
24119 14751 511
14751 4410 511
4410 11091 511
11091 12735 511
12735 37964 511
37964 27262 511
27262 41617 511
41617 14953 511
14953 31997 511
31997 41395 511
41395 7385 511
7385 5410 511
5410 35598 511
35598 7464 511
7464 40674 511
40674 21452 511
21452 28660 511
28660 19356 511
19356 36327 511
36327 14769 511
14769 19858 511
19858 18565 511
18565 14312 511
14312 25648 511
25648 31162 511
31162 19997 511
19997 6431 511
6431 1286 511
1286 13758 511
13758 17774 511
17774 35031 511
35031 39084 511
39084 5248 511
5248 40689 511
40689 11963 511
11963 6328 511
6328 3066 511
23224 27953 512
27953 36229 512
36229 40445 512
40445 32321 512
32321 12817 512
12817 27044 512
27044 33248 512
33248 17350 512
17350 30583 512
30583 14264 512
14264 33677 512
33677 37168 512
37168 12838 512
12838 3462 512
3462 12943 512
12943 25445 512
25445 35355 512
35355 26308 512
26308 28487 512
28487 34913 512
34913 36173 512
36173 32472 512
32472 20684 512
20684 33621 512
33621 34126 512
34126 20632 512
20632 27168 512
27168 14275 512
14275 26067 512
26067 34692 512
34692 23845 512
23845 36006 512
36006 21786 512
21786 19752 512
19752 29009 512
29009 40531 512
40531 12489 512
12489 7999 512
7999 22059 512
22059 21966 512
21966 15571 512
29538 32988 513
32988 29654 513
29654 40149 513
40149 40035 513
40035 25627 513
25627 28815 513
28815 23895 513
23895 24016 513
24016 40921 513
40921 9724 513
9724 18463 513
18463 34786 513
34786 2841 513
2841 20985 513
20985 18522 513
18522 2631 513
2631 17417 513
17417 12217 513
12217 16754 513
16754 9894 513
9894 4304 513
4304 22464 513
22464 8983 513
8983 26724 513
26724 7654 513
7654 15894 513
15894 27517 513
27517 19175 513
19175 29215 513
29215 37265 513
37265 14771 513
14771 16348 513
16348 36310 513
36310 21101 513
21101 41339 513
41339 5340 513
5340 6885 513
6885 12676 513
12676 28236 513
28236 32241 513
32241 20118 513
34316 41739 514
41739 26186 514
26186 35155 514
35155 32860 514
32860 29213 514
29213 31856 514
31856 5643 514
5643 24641 514
24641 6493 514
6493 11232 514
11232 25305 514
25305 6288 514
6288 1052 514
1052 30876 514
30876 35401 514
35401 16136 514
16136 28759 514
28759 36848 514
36848 33287 514
33287 41718 514
41718 23392 514
23392 12063 514
12063 7637 514
7637 37837 514
37837 22779 514
22779 21053 514
21053 37428 514
37428 28718 514
28718 934 514
934 16521 514
16521 15270 514
15270 9713 514
9713 18603 514
18603 34220 514
34220 13413 514
13413 34778 514
34778 40883 514
40883 7377 514
7377 17002 514
17002 33860 514
33860 36689 514
23247 9040 515
9040 18184 515
18184 16697 515
16697 15127 515
15127 15303 515
15303 12920 515
12920 35135 515
35135 3861 515
3861 17091 515
17091 18323 515
18323 27004 515
27004 6642 515
6642 2994 515
2994 40011 515
40011 24903 515
24903 12186 515
12186 18772 515
18772 308 515
308 17170 515
17170 40697 515
40697 5724 515
5724 33785 515
33785 2824 515
2824 9899 515
9899 23088 515
23088 36811 515
36811 9031 515
9031 39304 515
39304 14530 515
14530 8367 515
8367 40788 515
40788 35625 515
35625 38824 515
38824 30534 515
30534 24934 515
24934 24604 515
24604 21763 515
21763 714 515
714 15641 515
15641 7085 515
7085 19770 515
31525 39140 516
39140 9237 516
9237 22215 516
22215 27690 516
27690 33536 516
33536 34639 516
34639 8448 516
8448 18548 516
18548 30172 516
30172 11128 516
11128 15170 516
15170 33111 516
33111 26596 516
26596 19345 516
19345 26969 516
26969 7025 516
7025 19304 516
19304 15780 516
15780 39578 516
39578 9577 516
9577 6649 516
6649 23412 516
23412 10980 516
10980 21479 516
21479 3718 516
3718 41472 516
41472 38122 516
38122 16433 516
16433 18045 516
18045 8286 516
8286 10378 516
10378 23925 516
23925 23553 516
23553 4072 516
4072 12553 516
12553 39159 516
39159 22198 516
22198 20280 516
20280 39831 516
39831 6550 516
6550 12584 516
35992 40301 517
40301 20876 517
20876 37948 517
37948 8042 517
8042 34584 517
34584 33252 517
33252 12808 517
12808 2016 517
2016 7616 517
7616 7549 517
7549 34604 517
34604 41853 517
41853 6076 517
6076 10983 517
10983 37872 517
37872 22317 517
22317 29985 517
29985 14597 517
14597 10340 517
10340 2655 517
2655 18410 517
18410 29876 517
29876 34923 517
34923 560 517
560 34380 517
34380 8085 517
8085 27332 517
27332 14894 517
14894 7326 517
7326 32852 517
32852 15136 517
15136 1348 517
1348 14276 517
14276 35330 517
35330 19823 517
19823 41171 517
41171 28709 517
28709 36428 517
36428 2745 517
2745 29838 517
29838 21424 517
35863 38275 518
38275 8716 518
8716 4371 518
4371 38929 518
38929 1194 518
1194 2772 518
2772 23548 518
23548 23939 518
23939 36747 518
36747 15780 518
15780 35872 518
35872 17003 518
17003 29718 518
29718 27001 518
27001 19245 518
19245 8557 518
8557 14156 518
14156 27924 518
27924 5719 518
5719 4373 518
4373 16528 518
16528 5771 518
5771 10599 518
10599 16171 518
16171 24963 518
24963 21422 518
21422 10750 518
10750 20041 518
20041 31096 518
31096 40652 518
40652 26726 518
26726 5171 518
5171 32448 518
32448 3244 518
3244 40693 518
40693 24154 518
24154 18450 518
18450 23490 518
23490 12641 518
12641 35265 518
35265 24060 518
17955 13137 519
13137 23799 519
23799 35705 519
35705 9805 519
9805 16418 519
16418 20547 519
20547 22759 519
22759 9968 519
9968 9806 519
9806 8576 519
8576 11580 519
11580 35037 519
35037 21942 519
21942 38094 519
38094 21795 519
21795 27559 519
27559 39406 519
39406 14732 519
14732 27508 519
27508 35430 519
35430 39252 519
39252 36126 519
36126 5577 519
5577 24790 519
24790 11462 519
11462 26885 519
26885 36747 519
36747 14595 519
14595 9608 519
9608 14204 519
14204 12858 519
12858 23782 519
23782 20239 519
20239 5668 519
5668 26782 519
26782 18164 519
18164 20896 519
20896 8387 519
8387 20270 519
20270 13386 519
13386 15996 519
18405 14467 520
14467 15394 520
15394 29299 520
29299 6575 520
6575 33428 520
33428 11425 520
11425 32101 520
32101 32626 520
32626 1894 520
1894 9377 520
9377 17151 520
17151 36039 520
36039 11442 520
11442 37857 520
37857 2706 520
2706 37505 520
37505 26206 520
26206 30148 520
30148 533 520
533 8002 520
8002 16680 520
16680 30145 520
30145 22563 520
22563 38754 520
38754 30727 520
30727 13715 520
13715 32465 520
32465 36505 520
36505 37204 520
37204 2104 520
2104 12768 520
12768 32930 520
32930 20861 520
20861 28721 520
28721 31543 520
31543 40395 520
40395 16964 520
16964 21442 520
21442 9901 520
9901 18169 520
18169 18495 520
12790 6323 521
6323 11336 521
11336 37335 521
37335 38796 521
38796 8212 521
8212 4801 521
4801 17464 521
17464 30959 521
30959 2615 521
2615 7633 521
7633 1625 521
1625 24561 521
24561 29168 521
29168 3842 521
3842 19934 521
19934 22802 521
22802 33848 521
33848 3143 521
3143 41965 521
41965 31704 521
31704 31851 521
31851 19115 521
19115 30785 521
30785 38558 521
38558 38806 521
38806 15769 521
15769 9555 521
9555 17508 521
17508 17417 521
17417 1141 521
1141 35131 521
35131 524 521
524 6472 521
6472 18989 521
18989 39048 521
39048 19959 521
19959 38419 521
38419 28526 521
28526 28801 521
28801 12640 521
12640 40334 521
17800 2018 522
2018 2567 522
2567 25484 522
25484 8074 522
8074 265 522
265 16746 522
16746 37692 522
37692 27381 522
27381 10025 522
10025 29946 522
29946 26733 522
26733 3905 522
3905 38116 522
38116 21292 522
21292 25901 522
25901 36760 522
36760 35658 522
35658 21516 522
21516 8085 522
8085 25043 522
25043 25595 522
25595 492 522
492 4649 522
4649 15870 522
15870 30566 522
30566 13893 522
13893 1294 522
1294 15148 522
15148 33157 522
33157 38636 522
38636 41130 522
41130 184 522
184 7565 522
7565 3301 522
3301 30375 522
30375 1635 522
1635 34098 522
34098 32769 522
32769 29185 522
29185 22812 522
22812 32772 522
34956 22660 523
22660 38036 523
38036 36345 523
36345 3643 523
3643 33045 523
33045 26098 523
26098 272 523
272 40109 523
40109 36750 523
36750 35491 523
35491 20187 523
20187 4183 523
4183 8955 523
8955 11519 523
11519 30719 523
30719 20795 523
20795 9365 523
9365 33390 523
33390 39248 523
39248 15460 523
15460 10836 523
10836 15209 523
15209 12490 523
12490 22678 523
22678 13850 523
13850 27808 523
27808 4214 523
4214 25994 523
25994 35987 523
35987 21819 523
21819 5160 523
5160 10502 523
10502 7527 523
7527 33644 523
33644 9619 523
9619 37201 523
37201 22905 523
22905 39527 523
39527 3478 523
3478 1065 523
1065 39184 523
1654 20372 524
20372 12221 524
12221 20152 524
20152 38198 524
38198 16418 524
16418 23685 524
23685 41821 524
41821 34266 524
34266 4694 524
4694 30046 524
30046 30865 524
30865 28739 524
28739 32443 524
32443 26836 524
26836 1868 524
1868 16165 524
16165 217 524
217 40490 524
40490 23966 524
23966 20122 524
20122 41774 524
41774 10187 524
10187 21535 524
21535 30414 524
30414 36312 524
36312 16488 524
16488 1978 524
1978 26158 524
26158 17695 524
17695 26929 524
26929 3059 524
3059 14690 524
14690 26766 524
26766 4022 524
4022 23699 524
23699 9117 524
9117 24780 524
24780 9001 524
9001 36527 524
36527 34652 524
34652 29295 524
40304 40134 525
40134 26534 525
26534 26032 525
26032 35501 525
35501 38394 525
38394 28934 525
28934 10099 525
10099 33078 525
33078 31143 525
31143 8303 525
8303 23435 525
23435 10132 525
10132 19067 525
19067 10983 525
10983 14066 525
14066 41274 525
41274 32309 525
32309 37021 525
37021 15337 525
15337 2620 525
2620 23770 525
23770 29554 525
29554 28115 525
28115 8992 525
8992 25499 525
25499 11900 525
11900 41948 525
41948 4867 525
4867 29722 525
29722 8824 525
8824 1293 525
1293 33975 525
33975 12087 525
12087 38079 525
38079 23132 525
23132 10639 525
10639 5469 525
5469 36750 525
36750 24395 525
24395 13065 525
13065 10152 525
14659 28063 526
28063 40125 526
40125 7435 526
7435 7021 526
7021 32493 526
32493 14698 526
14698 23880 526
23880 14609 526
14609 3962 526
3962 36758 526
36758 23282 526
23282 34298 526
34298 21354 526
21354 22906 526
22906 38005 526
38005 11439 526
11439 21577 526
21577 34869 526
34869 4062 526
4062 19604 526
19604 8826 526
8826 30038 526
30038 2629 526
2629 3763 526
3763 1687 526
1687 38922 526
38922 4718 526
4718 13459 526
13459 33691 526
33691 11466 526
11466 7797 526
7797 27299 526
27299 21041 526
21041 27276 526
27276 27115 526
27115 30456 526
30456 21932 526
21932 21832 526
21832 18022 526
18022 37593 526
37593 29149 526
17141 24354 527
24354 29335 527
29335 5373 527
5373 33300 527
33300 28428 527
28428 18433 527
18433 42 527
42 6241 527
6241 29714 527
29714 3681 527
3681 1002 527
1002 10227 527
10227 37423 527
37423 816 527
816 9632 527
9632 7342 527
7342 23321 527
23321 16600 527
16600 22564 527
22564 15679 527
15679 12596 527
12596 29917 527
29917 7698 527
7698 34080 527
34080 38119 527
38119 6169 527
6169 29956 527
29956 11879 527
11879 40930 527
40930 19519 527
19519 1599 527
1599 28898 527
28898 26633 527
26633 25681 527
25681 5026 527
5026 25036 527
25036 25857 527
25857 33673 527
33673 23873 527
23873 21044 527
21044 8407 527
8560 15159 528
15159 36417 528
36417 18206 528
18206 30183 528
30183 28229 528
28229 41599 528
41599 22118 528
22118 30435 528
30435 6653 528
6653 29 528
29 40504 528
40504 31010 528
31010 25836 528
25836 26823 528
26823 2931 528
2931 36511 528
36511 36548 528
36548 33981 528
33981 37549 528
37549 14635 528
14635 6166 528
6166 10274 528
10274 18268 528
18268 31427 528
31427 15417 528
15417 25396 528
25396 34729 528
34729 33322 528
33322 19122 528
19122 1720 528
1720 28929 528
28929 36699 528
36699 25063 528
25063 15681 528
15681 2398 528
2398 33113 528
33113 21284 528
21284 35677 528
35677 12981 528
12981 28366 528
28366 17458 528
28133 22374 529
22374 1840 529
1840 23579 529
23579 38127 529
38127 7427 529
7427 12679 529
12679 24601 529
24601 24166 529
24166 26101 529
26101 37437 529
37437 20578 529
20578 41707 529
41707 32288 529
32288 1820 529
1820 3399 529
3399 36398 529
36398 7823 529
7823 25804 529
25804 23277 529
23277 26508 529
26508 17488 529
17488 40070 529
40070 13164 529
13164 7379 529
7379 36644 529
36644 26520 529
26520 18733 529
18733 24717 529
24717 38212 529
38212 36738 529
36738 14484 529
14484 15993 529
15993 6840 529
6840 34904 529
34904 41243 529
41243 4495 529
4495 12260 529
12260 39753 529
39753 31723 529
31723 13926 529
13926 8606 529
14689 16233 530
16233 13742 530
13742 8077 530
8077 17136 530
17136 164 530
164 8870 530
8870 36083 530
36083 19259 530
19259 37001 530
37001 33235 530
33235 3799 530
3799 36561 530
36561 2407 530
2407 35962 530
35962 10692 530
10692 40040 530
40040 40450 530
40450 32931 530
32931 24946 530
24946 18246 530
18246 27211 530
27211 29523 530
29523 6991 530
6991 22860 530
22860 37642 530
37642 5502 530
5502 10484 530
10484 4848 530
4848 7615 530
7615 18841 530
18841 2681 530
2681 2542 530
2542 22476 530
22476 18207 530
18207 13796 530
13796 5788 530
5788 39431 530
39431 23125 530
23125 27250 530
27250 35288 530
35288 13674 530
4286 26155 531
26155 34192 531
34192 8150 531
8150 38625 531
38625 7901 531
7901 2893 531
2893 23905 531
23905 37068 531
37068 37565 531
37565 813 531
813 33461 531
33461 40513 531
40513 19669 531
19669 39659 531
39659 17961 531
17961 34195 531
34195 15114 531
15114 4297 531
4297 22119 531
22119 12331 531
12331 19189 531
19189 4043 531
4043 20450 531
20450 25809 531
25809 7450 531
7450 14167 531
14167 465 531
465 10671 531
10671 19429 531
19429 8740 531
8740 17765 531
17765 11732 531
11732 1604 531
1604 23797 531
23797 36283 531
36283 36440 531
36440 8345 531
8345 28806 531
28806 41954 531
41954 16413 531
16413 41415 531
40752 19776 532
19776 3890 532
3890 29863 532
29863 38326 532
38326 6914 532
6914 15426 532
15426 9614 532
9614 1426 532
1426 16878 532
16878 25623 532
25623 19203 532
19203 32247 532
32247 1090 532
1090 21774 532
21774 13364 532
13364 20767 532
20767 11798 532
11798 28922 532
28922 38293 532
38293 8238 532
8238 36782 532
36782 34015 532
34015 544 532
544 32297 532
32297 20104 532
20104 8274 532
8274 40073 532
40073 5732 532
5732 9356 532
9356 40329 532
40329 3142 532
3142 29914 532
29914 624 532
624 25962 532
25962 16612 532
16612 22074 532
22074 308 532
308 37766 532
37766 28489 532
28489 27256 532
27256 10382 532
24024 32292 533
32292 26845 533
26845 40566 533
40566 30481 533
30481 14054 533
14054 27868 533
27868 40485 533
40485 22416 533
22416 24217 533
24217 8803 533
8803 3933 533
3933 38543 533
38543 23593 533
23593 17189 533
17189 31829 533
31829 6747 533
6747 9341 533
9341 14649 533
14649 13587 533
13587 3255 533
3255 7345 533
7345 38851 533
38851 36062 533
36062 36763 533
36763 20330 533
20330 15745 533
15745 32663 533
32663 6052 533
6052 21895 533
21895 35521 533
35521 36344 533
36344 3889 533
3889 35705 533
35705 469 533
469 3469 533
3469 15253 533
15253 2720 533
2720 40751 533
40751 34472 533
34472 12001 533
12001 16500 533
34001 16994 534
16994 28578 534
28578 18765 534
18765 30632 534
30632 19879 534
19879 27781 534
27781 29291 534
29291 2160 534
2160 6147 534
6147 6846 534
6846 995 534
995 7262 534
7262 25765 534
25765 18766 534
18766 1758 534
1758 34910 534
34910 12153 534
12153 24133 534
24133 5889 534
5889 21426 534
21426 34158 534
34158 38307 534
38307 9841 534
9841 11208 534
11208 35993 534
35993 578 534
578 25466 534
25466 41787 534
41787 19920 534
19920 4318 534
4318 16814 534
16814 5851 534
5851 9771 534
9771 6255 534
6255 19574 534
19574 9251 534
9251 27825 534
27825 35363 534
35363 9211 534
9211 25650 534
25650 5492 534
36852 33447 535
33447 4781 535
4781 25848 535
25848 10356 535
10356 8989 535
8989 41052 535
41052 13287 535
13287 18353 535
18353 20755 535
20755 25184 535
25184 33380 535
33380 40732 535
40732 16215 535
16215 41169 535
41169 15594 535
15594 9315 535
9315 21256 535
21256 16269 535
16269 13402 535
13402 5105 535
5105 7291 535
7291 27244 535
27244 21550 535
21550 6879 535
6879 23045 535
23045 40911 535
40911 41457 535
41457 36112 535
36112 22889 535
22889 38235 535
38235 4140 535
4140 16207 535
16207 5212 535
5212 7345 535
7345 27099 535
27099 4275 535
4275 33881 535
33881 2046 535
2046 3530 535
3530 26318 535
26318 2811 535
20391 6287 536
6287 24887 536
24887 10068 536
10068 4713 536
4713 35429 536
35429 2575 536
2575 12365 536
12365 22522 536
22522 25995 536
25995 3862 536
3862 858 536
858 13899 536
13899 35664 536
35664 19746 536
19746 17101 536
17101 142 536
142 13836 536
13836 32048 536
32048 4424 536
4424 25332 536
25332 40351 536
40351 20284 536
20284 38770 536
38770 25857 536
25857 18028 536
18028 2585 536
2585 18009 536
18009 4453 536
4453 35818 536
35818 23752 536
23752 25677 536
25677 40461 536
40461 38945 536
38945 11547 536
11547 40702 536
40702 30845 536
30845 36651 536
36651 2978 536
2978 27272 536
27272 12456 536
12456 39761 536
2389 41061 537
41061 15432 537
15432 14150 537
14150 13198 537
13198 29762 537
29762 2256 537
2256 11550 537
11550 27359 537
27359 13492 537
13492 11999 537
11999 27615 537
27615 30514 537
30514 40556 537
40556 34418 537
34418 6493 537
6493 14630 537
14630 24139 537
24139 422 537
422 36652 537
36652 24604 537
24604 41211 537
41211 24994 537
24994 3739 537
3739 38929 537
38929 11011 537
11011 40433 537
40433 2595 537
2595 1616 537
1616 4961 537
4961 15985 537
15985 7641 537
7641 29631 537
29631 20446 537
20446 33462 537
33462 17992 537
17992 3484 537
3484 32125 537
32125 1578 537
1578 2744 537
2744 30314 537
30314 13437 537
13092 10456 538
10456 693 538
693 35996 538
35996 3691 538
3691 30256 538
30256 3148 538
3148 9218 538
9218 25337 538
25337 541 538
541 10520 538
10520 19726 538
19726 8086 538
8086 9380 538
9380 39595 538
39595 19536 538
19536 18775 538
18775 27571 538
27571 37063 538
37063 31634 538
31634 1963 538
1963 16028 538
16028 22392 538
22392 7372 538
7372 29984 538
29984 25199 538
25199 40963 538
40963 39113 538
39113 1192 538
1192 8432 538
8432 39884 538
39884 22399 538
22399 20951 538
20951 25062 538
25062 37600 538
37600 5350 538
5350 39167 538
39167 26044 538
26044 34207 538
34207 39086 538
39086 27465 538
27465 35272 538
36399 21746 539
21746 13896 539
13896 6857 539
6857 17145 539
17145 9300 539
9300 14945 539
14945 8040 539
8040 36053 539
36053 22674 539
22674 11774 539
11774 1222 539
1222 12056 539
12056 11559 539
11559 13701 539
13701 9246 539
9246 20979 539
20979 38918 539
38918 25385 539
25385 10536 539
10536 31673 539
31673 3846 539
3846 24846 539
24846 15203 539
15203 32542 539
32542 30889 539
30889 25265 539
25265 41063 539
41063 14193 539
14193 11873 539
11873 5082 539
5082 242 539
242 16611 539
16611 31373 539
31373 39965 539
39965 29901 539
29901 27243 539
27243 38204 539
38204 4298 539
4298 16953 539
16953 20286 539
20286 31684 539
3806 261 540
261 14516 540
14516 41352 540
41352 15549 540
15549 5530 540
5530 26342 540
26342 30356 540
30356 23021 540
23021 15699 540
15699 20128 540
20128 41081 540
41081 37746 540
37746 8789 540
8789 29700 540
29700 16291 540
16291 15767 540
15767 4394 540
4394 29301 540
29301 34913 540
34913 25717 540
25717 30186 540
30186 21784 540
21784 38364 540
38364 2896 540
2896 35392 540
35392 23454 540
23454 15244 540
15244 33195 540
33195 39317 540
39317 5294 540
5294 16801 540
16801 24067 540
24067 30313 540
30313 33277 540
33277 2615 540
2615 3279 540
3279 9589 540
9589 2812 540
2812 38582 540
38582 13761 540
13761 2858 540
38869 27255 541
27255 23468 541
23468 11276 541
11276 6179 541
6179 19779 541
19779 30758 541
30758 26474 541
26474 27683 541
27683 32014 541
32014 19521 541
19521 20062 541
20062 25073 541
25073 41880 541
41880 100 541
100 12198 541
12198 21279 541
21279 35373 541
35373 9693 541
9693 37856 541
37856 37536 541
37536 27852 541
27852 12533 541
12533 39865 541
39865 38872 541
38872 2244 541
2244 40843 541
40843 19532 541
19532 36295 541
36295 10023 541
10023 34266 541
34266 2843 541
2843 31700 541
31700 10284 541
10284 8423 541
8423 24883 541
24883 6919 541
6919 33904 541
33904 13623 541
13623 20085 541
20085 32506 541
32506 38217 541
38882 24135 542
24135 9455 542
9455 17360 542
17360 34851 542
34851 18835 542
18835 2917 542
2917 2174 542
2174 2035 542
2035 2855 542
2855 40330 542
40330 5417 542
5417 40426 542
40426 5385 542
5385 18313 542
18313 31653 542
31653 27973 542
27973 23489 542
23489 38195 542
38195 37966 542
37966 38306 542
38306 39606 542
39606 16822 542
16822 1716 542
1716 25505 542
25505 8079 542
8079 17509 542
17509 25970 542
25970 6716 542
6716 30933 542
30933 41626 542
41626 12595 542
12595 4733 542
4733 1084 542
1084 25897 542
25897 4272 542
4272 635 542
635 33468 542
33468 28544 542
28544 17484 542
17484 6544 542
6544 17949 542
11643 2068 543
2068 25796 543
25796 24401 543
24401 13789 543
13789 4684 543
4684 5866 543
5866 3188 543
3188 26267 543
26267 38827 543
38827 29839 543
29839 16204 543
16204 32139 543
32139 7576 543
7576 21369 543
21369 1338 543
1338 35028 543
35028 28919 543
28919 39815 543
39815 40637 543
40637 6106 543
6106 14405 543
14405 38880 543
38880 29431 543
29431 9107 543
9107 38933 543
38933 21830 543
21830 18699 543
18699 15517 543
15517 22611 543
22611 25247 543
25247 32790 543
32790 22237 543
22237 17246 543
17246 13154 543
13154 11064 543
11064 1176 543
1176 4533 543
4533 36269 543
36269 30564 543
30564 20109 543
20109 30203 543
23609 38241 544
38241 15544 544
15544 9616 544
9616 32604 544
32604 30994 544
30994 32840 544
32840 26217 544
26217 41078 544
41078 20095 544
20095 8683 544
8683 33144 544
33144 8069 544
8069 26272 544
26272 15759 544
15759 9229 544
9229 13868 544
13868 3972 544
3972 36272 544
36272 28068 544
28068 31162 544
31162 8195 544
8195 7917 544
7917 16646 544
16646 23455 544
23455 31536 544
31536 38387 544
38387 16759 544
16759 37102 544
37102 6884 544
6884 3245 544
3245 19326 544
19326 26219 544
26219 10832 544
10832 6339 544
6339 2239 544
2239 35682 544
35682 27801 544
27801 11676 544
11676 21217 544
21217 9205 544
9205 24391 544
18774 26903 545
26903 27741 545
27741 25023 545
25023 10030 545
10030 33059 545
33059 2145 545
2145 5797 545
5797 9213 545
9213 31831 545
31831 11888 545
11888 4044 545
4044 36765 545
36765 8658 545
8658 29232 545
29232 39061 545
39061 17599 545
17599 6704 545
6704 20816 545
20816 4070 545
4070 13759 545
13759 26337 545
26337 6729 545
6729 21412 545
21412 37937 545
37937 14887 545
14887 701 545
701 39367 545
39367 37016 545
37016 20835 545
20835 23812 545
23812 21907 545
21907 22428 545
22428 982 545
982 28158 545
28158 30063 545
30063 41366 545
41366 28367 545
28367 15494 545
15494 5306 545
5306 39318 545
39318 9605 545
8784 5281 546
5281 3588 546
3588 8854 546
8854 38064 546
38064 32440 546
32440 28063 546
28063 4782 546
4782 23209 546
23209 26419 546
26419 14601 546
14601 36119 546
36119 37655 546
37655 35225 546
35225 37715 546
37715 35662 546
35662 3859 546
3859 9157 546
9157 893 546
893 4044 546
4044 38311 546
38311 1048 546
1048 12916 546
12916 36200 546
36200 1898 546
1898 10107 546
10107 8153 546
8153 2941 546
2941 1662 546
1662 7684 546
7684 39507 546
39507 39451 546
39451 37930 546
37930 20324 546
20324 36589 546
36589 15703 546
15703 14767 546
14767 41290 546
41290 3623 546
3623 19537 546
19537 3407 546
3407 21308 546
20279 15130 547
15130 37688 547
37688 25039 547
25039 18388 547
18388 40032 547
40032 8409 547
8409 18896 547
18896 1327 547
1327 23053 547
23053 3319 547
3319 13880 547
13880 4770 547
4770 25800 547
25800 17475 547
17475 36447 547
36447 22531 547
22531 16167 547
16167 24524 547
24524 18811 547
18811 36738 547
36738 15816 547
15816 30190 547
30190 38281 547
38281 16526 547
16526 26712 547
26712 41896 547
41896 14266 547
14266 35392 547
35392 2528 547
2528 33652 547
33652 41205 547
41205 22864 547
22864 21044 547
21044 25685 547
25685 28089 547
28089 18333 547
18333 27839 547
27839 2472 547
2472 40482 547
40482 33239 547
33239 23788 547
8379 35318 548
35318 15550 548
15550 19250 548
19250 7529 548
7529 25081 548
25081 3963 548
3963 20813 548
20813 33326 548
33326 40828 548
40828 27269 548
27269 11963 548
11963 29585 548
29585 3850 548
3850 37163 548
37163 28011 548
28011 20767 548
20767 13432 548
13432 22971 548
22971 30951 548
30951 37794 548
37794 1349 548
1349 7568 548
7568 12362 548
12362 18576 548
18576 41447 548
41447 8868 548
8868 11296 548
11296 29414 548
29414 33021 548
33021 33226 548
33226 40809 548
40809 27801 548
27801 16675 548
16675 8284 548
8284 27063 548
27063 3573 548
3573 11053 548
11053 2911 548
2911 17845 548
17845 15496 548
15496 26077 548
6880 4595 549
4595 40946 549
40946 17047 549
17047 19344 549
19344 1837 549
1837 7883 549
7883 32739 549
32739 25564 549
25564 33823 549
33823 27643 549
27643 6531 549
6531 10209 549
10209 34818 549
34818 31092 549
31092 17561 549
17561 2876 549
2876 27893 549
27893 17172 549
17172 3077 549
3077 41073 549
41073 15313 549
15313 28202 549
28202 22094 549
22094 40929 549
40929 39729 549
39729 6881 549
6881 4352 549
4352 11472 549
11472 4943 549
4943 28627 549
28627 24391 549
24391 25577 549
25577 38044 549
38044 14904 549
14904 21213 549
21213 17159 549
17159 1077 549
1077 16393 549
16393 29706 549
29706 25481 549
25481 38515 549
24327 16563 550
16563 32688 550
32688 5996 550
5996 3557 550
3557 33265 550
33265 28364 550
28364 21154 550
21154 9589 550
9589 7216 550
7216 25120 550
25120 30478 550
30478 41093 550
41093 1695 550
1695 18886 550
18886 36635 550
36635 11126 550
11126 20791 550
20791 4971 550
4971 5994 550
5994 26832 550
26832 2422 550
2422 3227 550
3227 17128 550
17128 29786 550
29786 9019 550
9019 14817 550
14817 5866 550
5866 18581 550
18581 11052 550
11052 30551 550
30551 10482 550
10482 23988 550
23988 18335 550
18335 28328 550
28328 35470 550
35470 9815 550
9815 10067 550
10067 1259 550
1259 1116 550
1116 29707 550
29707 8835 550
10301 15627 551
15627 29564 551
29564 36954 551
36954 6433 551
6433 15598 551
15598 1934 551
1934 32736 551
32736 17998 551
17998 23671 551
23671 32937 551
32937 22871 551
22871 28087 551
28087 24688 551
24688 27153 551
27153 41281 551
41281 21726 551
21726 7927 551
7927 12820 551
12820 14661 551
14661 5518 551
5518 29005 551
29005 6781 551
6781 23590 551
23590 36743 551
36743 27696 551
27696 8551 551
8551 2686 551
2686 5893 551
5893 26586 551
26586 1368 551
1368 39565 551
39565 40451 551
40451 18621 551
18621 17730 551
17730 15895 551
15895 33336 551
33336 9168 551
9168 30304 551
30304 8602 551
8602 14935 551
14935 41017 551
14931 3879 552
3879 25198 552
25198 20389 552
20389 9420 552
9420 25425 552
25425 11298 552
11298 36068 552
36068 21428 552
21428 10711 552
10711 15420 552
15420 2072 552
2072 21436 552
21436 19885 552
19885 13573 552
13573 13501 552
13501 2712 552
2712 16086 552
16086 30426 552
30426 25717 552
25717 41275 552
41275 11096 552
11096 31158 552
31158 29626 552
29626 4422 552
4422 4231 552
4231 20241 552
20241 39418 552
39418 11769 552
11769 19726 552
19726 36517 552
36517 21424 552
21424 30244 552
30244 31673 552
31673 34242 552
34242 18330 552
18330 7912 552
7912 3656 552
3656 6961 552
6961 35357 552
35357 7944 552
7944 4125 552
30901 13687 553
13687 27135 553
27135 20687 553
20687 10398 553
10398 31954 553
31954 13425 553
13425 7782 553
7782 32793 553
32793 5167 553
5167 4845 553
4845 32842 553
32842 34912 553
34912 28375 553
28375 37009 553
37009 3235 553
3235 25330 553
25330 18704 553
18704 7476 553
7476 7329 553
7329 27959 553
27959 25047 553
25047 37053 553
37053 24890 553
24890 36401 553
36401 24258 553
24258 1832 553
1832 13364 553
13364 7985 553
7985 1435 553
1435 10457 553
10457 22205 553
22205 41744 553
41744 23031 553
23031 7044 553
7044 8886 553
8886 16443 553
16443 33335 553
33335 25323 553
25323 12836 553
12836 16901 553
16901 5822 553
14176 39567 554
39567 23027 554
23027 36075 554
36075 280 554
280 29673 554
29673 14060 554
14060 32345 554
32345 39381 554
39381 5231 554
5231 20862 554
20862 5445 554
5445 38404 554
38404 40481 554
40481 30224 554
30224 16054 554
16054 40457 554
40457 28983 554
28983 38957 554
38957 37265 554
37265 35777 554
35777 41797 554
41797 18987 554
18987 22136 554
22136 39998 554
39998 9672 554
9672 16702 554
16702 7342 554
7342 21760 554
21760 9782 554
9782 17763 554
17763 25823 554
25823 33740 554
33740 17366 554
17366 37226 554
37226 40219 554
40219 28391 554
28391 6432 554
6432 40272 554
40272 6224 554
6224 10990 554
10990 30812 554
16861 12301 555
12301 15377 555
15377 33872 555
33872 10427 555
10427 3550 555
3550 35041 555
35041 30454 555
30454 25035 555
25035 36091 555
36091 32584 555
32584 24879 555
24879 9135 555
9135 25044 555
25044 41401 555
41401 40612 555
40612 23206 555
23206 3145 555
3145 25568 555
25568 30961 555
30961 17847 555
17847 28159 555
28159 15450 555
15450 26729 555
26729 3910 555
3910 21717 555
21717 23485 555
23485 30117 555
30117 783 555
783 10067 555
10067 27606 555
27606 11442 555
11442 34331 555
34331 27588 555
27588 13486 555
13486 35459 555
35459 21772 555
21772 5725 555
5725 32749 555
32749 24733 555
24733 4770 555
4770 30732 555
14120 40375 556
40375 15359 556
15359 38390 556
38390 4525 556
4525 38684 556
38684 13022 556
13022 35033 556
35033 2784 556
2784 3433 556
3433 31268 556
31268 127 556
127 7625 556
7625 40410 556
40410 38554 556
38554 7696 556
7696 25300 556
25300 8175 556
8175 37095 556
37095 28241 556
28241 32572 556
32572 26460 556
26460 10113 556
10113 31476 556
31476 39803 556
39803 12431 556
12431 27413 556
27413 2726 556
2726 25059 556
25059 39697 556
39697 23537 556
23537 17056 556
17056 24366 556
24366 38444 556
38444 32624 556
32624 12425 556
12425 32775 556
32775 4027 556
4027 8699 556
8699 40608 556
40608 10498 556
10498 29802 556
20886 39638 557
39638 4994 557
4994 4418 557
4418 13781 557
13781 17530 557
17530 38930 557
38930 27021 557
27021 26522 557
26522 20978 557
20978 40299 557
40299 18874 557
18874 10923 557
10923 28401 557
28401 41712 557
41712 15122 557
15122 35659 557
35659 8523 557
8523 5231 557
5231 32835 557
32835 19165 557
19165 25164 557
25164 32710 557
32710 25412 557
25412 29705 557
29705 36633 557
36633 12871 557
12871 763 557
763 12164 557
12164 7435 557
7435 36806 557
36806 35514 557
35514 16922 557
16922 35952 557
35952 23546 557
23546 37113 557
37113 3759 557
3759 12307 557
12307 30741 557
30741 11266 557
11266 33397 557
33397 16564 557
3059 27420 558
27420 4046 558
4046 36046 558
36046 10234 558
10234 10132 558
10132 18887 558
18887 22474 558
22474 9028 558
9028 723 558
723 28185 558
28185 5293 558
5293 16227 558
16227 12495 558
12495 1069 558
1069 29957 558
29957 37281 558
37281 17085 558
17085 34834 558
34834 5886 558
5886 21740 558
21740 5346 558
5346 33536 558
33536 32228 558
32228 17466 558
17466 7336 558
7336 31115 558
31115 37785 558
37785 26653 558
26653 31539 558
31539 32058 558
32058 34337 558
34337 21799 558
21799 546 558
546 16928 558
16928 35660 558
35660 21654 558
21654 28780 558
28780 20446 558
20446 11654 558
11654 9467 558
9467 32087 558
37248 3157 559
3157 24811 559
24811 35711 559
35711 10264 559
10264 11761 559
11761 21407 559
21407 34218 559
34218 27455 559
27455 37678 559
37678 13731 559
13731 12806 559
12806 36260 559
36260 36311 559
36311 40427 559
40427 26152 559
26152 29365 559
29365 12682 559
12682 31387 559
31387 13648 559
13648 10176 559
10176 14213 559
14213 20893 559
20893 4863 559
4863 19376 559
19376 5124 559
5124 5010 559
5010 3815 559
3815 1183 559
1183 5424 559
5424 39183 559
39183 37861 559
37861 4623 559
4623 38379 559
38379 23520 559
23520 24935 559
24935 31949 559
31949 25419 559
25419 3728 559
3728 39993 559
39993 2494 559
2494 9311 559
2936 16736 560
16736 39584 560
39584 24434 560
24434 39451 560
39451 33683 560
33683 2787 560
2787 17787 560
17787 27486 560
27486 23566 560
23566 35855 560
35855 30697 560
30697 33074 560
33074 37883 560
37883 13365 560
13365 14682 560
14682 28283 560
28283 16764 560
16764 26383 560
26383 9047 560
9047 25438 560
25438 8163 560
8163 37150 560
37150 40598 560
40598 13681 560
13681 29396 560
29396 12357 560
12357 16465 560
16465 23539 560
23539 24602 560
24602 38721 560
38721 30977 560
30977 17386 560
17386 21125 560
21125 12868 560
12868 40694 560
40694 6449 560
6449 23469 560
23469 29438 560
29438 17347 560
17347 29491 560
29491 5658 560
17319 18192 561
18192 19541 561
19541 6948 561
6948 1376 561
1376 38515 561
38515 58 561
58 20852 561
20852 38311 561
38311 14786 561
14786 5141 561
5141 1467 561
1467 25301 561
25301 9266 561
9266 4174 561
4174 408 561
408 34950 561
34950 13531 561
13531 4352 561
4352 40195 561
40195 7380 561
7380 1827 561
1827 17982 561
17982 25611 561
25611 182 561
182 41362 561
41362 4020 561
4020 15917 561
15917 30651 561
30651 10825 561
10825 36229 561
36229 5398 561
5398 154 561
154 23157 561
23157 35909 561
35909 40167 561
40167 10646 561
10646 24199 561
24199 34587 561
34587 36144 561
36144 4671 561
4671 13688 561
26375 21974 562
21974 27893 562
27893 12604 562
12604 2198 562
2198 35441 562
35441 9214 562
9214 41427 562
41427 7388 562
7388 10769 562
10769 20568 562
20568 15321 562
15321 25053 562
25053 5062 562
5062 4591 562
4591 20771 562
20771 38213 562
38213 8934 562
8934 29445 562
29445 5890 562
5890 23648 562
23648 41061 562
41061 2031 562
2031 23618 562
23618 38035 562
38035 16941 562
16941 41305 562
41305 50 562
50 18641 562
18641 9276 562
9276 14460 562
14460 15162 562
15162 29822 562
29822 10137 562
10137 6408 562
6408 27926 562
27926 2776 562
2776 1979 562
1979 33105 562
33105 37438 562
37438 1942 562
1942 22824 562
2868 39495 563
39495 10179 563
10179 35539 563
35539 10536 563
10536 36839 563
36839 27632 563
27632 8163 563
8163 1834 563
1834 17158 563
17158 35943 563
35943 50 563
50 40235 563
40235 36645 563
36645 17132 563
17132 4626 563
4626 26343 563
26343 26195 563
26195 21351 563
21351 27216 563
27216 21719 563
21719 34012 563
34012 11152 563
11152 12226 563
12226 10381 563
10381 3253 563
3253 15012 563
15012 39420 563
39420 27742 563
27742 19987 563
19987 17314 563
17314 9553 563
9553 38455 563
38455 36302 563
36302 7758 563
7758 3583 563
3583 26363 563
26363 4836 563
4836 8871 563
8871 39448 563
39448 18369 563
18369 25919 563
19592 8900 564
8900 36589 564
36589 6833 564
6833 3560 564
3560 4446 564
4446 6182 564
6182 8888 564
8888 18778 564
18778 28296 564
28296 36201 564
36201 41800 564
41800 5184 564
5184 8737 564
8737 16716 564
16716 15560 564
15560 6892 564
6892 21035 564
21035 9430 564
9430 37918 564
37918 25831 564
25831 34984 564
34984 28457 564
28457 12830 564
12830 30497 564
30497 5954 564
5954 1830 564
1830 15531 564
15531 37406 564
37406 24746 564
24746 36461 564
36461 9863 564
9863 38632 564
38632 36598 564
36598 19320 564
19320 12768 564
12768 37160 564
37160 8641 564
8641 12484 564
12484 22746 564
22746 5271 564
5271 17367 564
28878 16600 565
16600 41281 565
41281 40392 565
40392 1973 565
1973 8621 565
8621 30181 565
30181 5088 565
5088 22451 565
22451 18769 565
18769 29389 565
29389 29232 565
29232 10123 565
10123 8391 565
8391 20439 565
20439 32495 565
32495 41425 565
41425 8988 565
8988 38636 565
38636 28972 565
28972 24017 565
24017 22994 565
22994 17013 565
17013 1679 565
1679 37743 565
37743 30475 565
30475 8949 565
8949 17880 565
17880 2429 565
2429 12825 565
12825 21824 565
21824 33110 565
33110 17135 565
17135 39237 565
39237 30595 565
30595 32322 565
32322 24553 565
24553 29627 565
29627 5929 565
5929 21648 565
21648 23328 565
23328 18382 565
39065 34152 566
34152 38112 566
38112 12233 566
12233 7531 566
7531 37163 566
37163 30451 566
30451 36251 566
36251 11759 566
11759 32812 566
32812 17200 566
17200 41847 566
41847 10116 566
10116 3071 566
3071 3203 566
3203 7349 566
7349 36372 566
36372 26563 566
26563 41841 566
41841 16266 566
16266 32238 566
32238 178 566
178 2043 566
2043 2085 566
2085 909 566
909 31039 566
31039 24818 566
24818 1845 566
1845 13239 566
13239 17430 566
17430 15277 566
15277 21750 566
21750 38308 566
38308 36635 566
36635 36306 566
36306 32354 566
32354 26854 566
26854 124 566
124 37967 566
37967 21389 566
21389 13561 566
13561 41682 566
34300 23893 567
23893 21487 567
21487 23438 567
23438 24824 567
24824 2019 567
2019 24233 567
24233 9400 567
9400 27106 567
27106 18025 567
18025 15561 567
15561 23489 567
23489 5172 567
5172 6082 567
6082 23553 567
23553 17185 567
17185 6087 567
6087 31650 567
31650 31669 567
31669 18275 567
18275 31104 567
31104 22845 567
22845 9396 567
9396 14580 567
14580 28946 567
28946 35060 567
35060 4662 567
4662 24054 567
24054 21068 567
21068 41219 567
41219 19149 567
19149 16820 567
16820 40200 567
40200 28643 567
28643 22377 567
22377 13768 567
13768 8744 567
8744 18556 567
18556 15994 567
15994 31449 567
31449 15285 567
15285 34385 567
12666 17641 568
17641 6334 568
6334 34801 568
34801 19804 568
19804 11507 568
11507 21842 568
21842 26658 568
26658 36835 568
36835 34613 568
34613 17700 568
17700 25011 568
25011 33804 568
33804 40640 568
40640 12801 568
12801 6840 568
6840 38834 568
38834 38564 568
38564 26703 568
26703 6233 568
6233 40586 568
40586 20421 568
20421 5523 568
5523 26738 568
26738 37544 568
37544 16629 568
16629 35099 568
35099 5739 568
5739 23473 568
23473 6431 568
6431 20559 568
20559 34365 568
34365 19502 568
19502 17673 568
17673 26443 568
26443 13971 568
13971 10814 568
10814 7901 568
7901 34164 568
34164 41349 568
41349 14544 568
14544 25185 568
16671 23797 569
23797 4915 569
4915 1007 569
1007 22583 569
22583 6816 569
6816 7747 569
7747 32318 569
32318 38575 569
38575 4659 569
4659 5922 569
5922 24626 569
24626 8367 569
8367 25566 569
25566 24882 569
24882 20891 569
20891 28908 569
28908 28288 569
28288 32345 569
32345 28621 569
28621 28836 569
28836 25653 569
25653 36021 569
36021 15988 569
15988 5584 569
5584 1080 569
1080 30327 569
30327 31139 569
31139 22666 569
22666 15404 569
15404 25261 569
25261 8598 569
8598 38006 569
38006 8976 569
8976 11210 569
11210 16106 569
16106 38560 569
38560 4912 569
4912 30859 569
30859 20626 569
20626 29525 569
29525 9495 569
27966 22023 570
22023 35148 570
35148 41659 570
41659 18224 570
18224 20137 570
20137 19437 570
19437 23778 570
23778 31249 570
31249 22062 570
22062 33258 570
33258 32128 570
32128 21122 570
21122 21379 570
21379 29035 570
29035 35291 570
35291 32162 570
32162 20162 570
20162 3215 570
3215 5973 570
5973 814 570
814 6286 570
6286 6495 570
6495 34435 570
34435 10011 570
10011 11921 570
11921 11543 570
11543 32337 570
32337 22490 570
22490 41964 570
41964 24818 570
24818 12611 570
12611 20324 570
20324 30043 570
30043 405 570
405 2238 570
2238 17744 570
17744 3758 570
3758 31537 570
31537 31215 570
31215 18313 570
18313 34777 570
11350 7755 571
7755 18665 571
18665 640 571
640 30472 571
30472 8001 571
8001 14806 571
14806 28483 571
28483 22424 571
22424 20408 571
20408 12485 571
12485 22112 571
22112 29962 571
29962 28208 571
28208 7856 571
7856 6163 571
6163 5458 571
5458 34355 571
34355 37540 571
37540 29691 571
29691 6618 571
6618 27395 571
27395 18433 571
18433 14655 571
14655 7707 571
7707 29476 571
29476 5740 571
5740 38043 571
38043 20702 571
20702 30504 571
30504 22837 571
22837 24310 571
24310 31442 571
31442 30752 571
30752 20917 571
20917 169 571
169 23003 571
23003 14941 571
14941 20771 571
20771 3285 571
3285 32483 571
32483 40447 571
2004 18898 572
18898 9814 572
9814 28394 572
28394 33390 572
33390 40254 572
40254 32288 572
32288 28017 572
28017 25993 572
25993 589 572
589 6193 572
6193 30384 572
30384 27327 572
27327 9350 572
9350 8830 572
8830 32904 572
32904 18463 572
18463 10536 572
10536 33413 572
33413 34127 572
34127 10691 572
10691 38603 572
38603 3276 572
3276 22189 572
22189 28509 572
28509 39868 572
39868 5895 572
5895 3785 572
3785 7309 572
7309 13236 572
13236 23150 572
23150 15860 572
15860 12622 572
12622 27055 572
27055 36282 572
36282 31955 572
31955 41746 572
41746 9269 572
9269 15912 572
15912 8979 572
8979 13369 572
13369 37686 572
24081 32878 573
32878 33136 573
33136 14399 573
14399 8200 573
8200 28856 573
28856 30158 573
30158 35182 573
35182 25645 573
25645 26857 573
26857 13961 573
13961 25904 573
25904 10034 573
10034 31489 573
31489 36701 573
36701 24914 573
24914 29814 573
29814 10841 573
10841 8237 573
8237 11558 573
11558 22860 573
22860 14278 573
14278 11147 573
11147 39268 573
39268 34399 573
34399 28712 573
28712 14258 573
14258 2598 573
2598 12330 573
12330 37858 573
37858 7187 573
7187 31117 573
31117 34502 573
34502 40202 573
40202 5614 573
5614 5002 573
5002 40607 573
40607 32590 573
32590 23745 573
23745 894 573
894 28600 573
28600 30425 573
21812 17484 574
17484 16308 574
16308 1617 574
1617 25678 574
25678 4975 574
4975 20421 574
20421 41482 574
41482 15223 574
15223 14078 574
14078 6766 574
6766 24106 574
24106 39256 574
39256 3914 574
3914 15283 574
15283 23212 574
23212 37189 574
37189 28141 574
28141 14181 574
14181 27706 574
27706 28864 574
28864 32366 574
32366 7700 574
7700 37607 574
37607 8577 574
8577 26603 574
26603 8548 574
8548 27841 574
27841 9927 574
9927 5292 574
5292 31593 574
31593 28348 574
28348 16671 574
16671 32219 574
32219 20307 574
20307 1873 574
1873 31267 574
31267 9261 574
9261 1597 574
1597 18694 574
18694 16924 574
16924 16567 574
32386 26629 575
26629 3891 575
3891 36170 575
36170 9659 575
9659 12530 575
12530 41139 575
41139 24159 575
24159 6748 575
6748 11441 575
11441 14019 575
14019 34178 575
34178 181 575
181 31354 575
31354 20053 575
20053 29165 575
29165 33308 575
33308 30316 575
30316 8721 575
8721 29907 575
29907 16538 575
16538 37810 575
37810 28257 575
28257 26287 575
26287 27450 575
27450 36238 575
36238 16464 575
16464 39072 575
39072 11166 575
11166 41897 575
41897 36923 575
36923 24172 575
24172 35198 575
35198 35706 575
35706 16321 575
16321 5591 575
5591 7221 575
7221 18145 575
18145 30183 575
30183 23323 575
23323 32828 575
32828 18138 575
17398 5961 576
5961 37832 576
37832 18670 576
18670 10958 576
10958 19274 576
19274 23561 576
23561 18893 576
18893 31126 576
31126 12829 576
12829 8966 576
8966 2896 576
2896 13769 576
13769 23364 576
23364 19778 576
19778 19112 576
19112 25028 576
25028 4113 576
4113 25547 576
25547 13203 576
13203 12875 576
12875 35056 576
35056 12776 576
12776 39398 576
39398 8331 576
8331 19262 576
19262 33263 576
33263 72 576
72 37782 576
37782 380 576
380 32423 576
32423 21026 576
21026 41153 576
41153 23368 576
23368 18846 576
18846 40865 576
40865 12356 576
12356 4284 576
4284 40453 576
40453 4050 576
4050 38497 576
38497 16756 576
11767 39041 577
39041 21742 577
21742 39936 577
39936 29160 577
29160 35150 577
35150 1271 577
1271 6393 577
6393 6463 577
6463 6896 577
6896 32904 577
32904 40581 577
40581 34465 577
34465 36695 577
36695 16975 577
16975 35811 577
35811 14122 577
14122 23187 577
23187 25951 577
25951 15625 577
15625 35982 577
35982 31735 577
31735 25647 577
25647 41850 577
41850 36265 577
36265 28827 577
28827 7447 577
7447 25873 577
25873 3164 577
3164 8510 577
8510 32156 577
32156 37266 577
37266 597 577
597 20277 577
20277 982 577
982 14871 577
14871 15095 577
15095 29326 577
29326 1374 577
1374 35763 577
35763 21502 577
21502 16035 577
3998 34511 578
34511 37582 578
37582 17015 578
17015 16859 578
16859 5499 578
5499 30861 578
30861 27650 578
27650 39837 578
39837 28171 578
28171 38389 578
38389 6860 578
6860 12349 578
12349 13407 578
13407 37676 578
37676 14164 578
14164 35892 578
35892 2629 578
2629 8353 578
8353 21416 578
21416 28790 578
28790 15630 578
15630 13453 578
13453 12775 578
12775 3842 578
3842 7041 578
7041 18782 578
18782 38365 578
38365 41813 578
41813 6374 578
6374 39365 578
39365 34891 578
34891 24636 578
24636 798 578
798 29492 578
29492 17719 578
17719 33872 578
33872 19633 578
19633 39111 578
39111 32366 578
32366 17533 578
17533 33358 578
19305 2690 579
2690 22998 579
22998 26743 579
26743 20547 579
20547 12377 579
12377 6843 579
6843 13288 579
13288 11810 579
11810 9228 579
9228 37370 579
37370 11609 579
11609 39882 579
39882 14735 579
14735 6434 579
6434 35887 579
35887 16196 579
16196 9126 579
9126 17171 579
17171 40889 579
40889 31235 579
31235 6186 579
6186 28312 579
28312 5357 579
5357 23610 579
23610 19601 579
19601 28541 579
28541 9573 579
9573 21126 579
21126 31248 579
31248 2424 579
2424 13739 579
13739 13348 579
13348 25034 579
25034 39732 579
39732 32306 579
32306 20358 579
20358 16185 579
16185 1649 579
1649 9182 579
9182 25670 579
25670 24794 579
35275 14205 580
14205 33404 580
33404 26302 580
26302 18317 580
18317 37977 580
37977 19359 580
19359 2360 580
2360 23048 580
23048 39518 580
39518 1521 580
1521 25051 580
25051 15396 580
15396 4295 580
4295 30292 580
30292 11595 580
11595 36899 580
36899 32752 580
32752 18668 580
18668 24651 580
24651 23729 580
23729 21207 580
21207 1575 580
1575 34955 580
34955 19847 580
19847 30465 580
30465 32532 580
32532 23916 580
23916 30210 580
30210 22804 580
22804 27125 580
27125 25854 580
25854 28647 580
28647 40392 580
40392 26269 580
26269 12757 580
12757 3383 580
3383 15729 580
15729 41081 580
41081 21299 580
21299 41946 580
41946 41762 580
4035 38488 581
38488 32573 581
32573 16819 581
16819 40096 581
40096 10338 581
10338 8107 581
8107 27970 581
27970 8378 581
8378 33705 581
33705 18799 581
18799 5303 581
5303 16681 581
16681 11078 581
11078 24661 581
24661 9366 581
9366 2707 581
2707 33009 581
33009 15596 581
15596 6006 581
6006 17171 581
17171 28399 581
28399 18652 581
18652 32869 581
32869 10248 581
10248 28885 581
28885 38884 581
38884 33697 581
33697 10022 581
10022 24923 581
24923 9824 581
9824 8855 581
8855 24562 581
24562 35710 581
35710 21562 581
21562 33217 581
33217 41080 581
41080 39752 581
39752 22542 581
22542 22701 581
22701 39448 581
39448 25772 581
10245 1542 582
1542 26011 582
26011 10767 582
10767 13148 582
13148 3833 582
3833 22270 582
22270 26244 582
26244 25581 582
25581 20072 582
20072 29661 582
29661 25307 582
25307 40138 582
40138 5144 582
5144 37665 582
37665 33498 582
33498 20827 582
20827 10937 582
10937 10902 582
10902 15396 582
15396 6999 582
6999 14472 582
14472 20716 582
20716 40863 582
40863 3086 582
3086 12105 582
12105 38565 582
38565 26705 582
26705 22082 582
22082 22903 582
22903 27587 582
27587 3679 582
3679 9202 582
9202 21958 582
21958 36930 582
36930 35364 582
35364 40956 582
40956 38308 582
38308 4033 582
4033 1063 582
1063 34378 582
34378 37834 582
40241 9526 583
9526 26798 583
26798 2489 583
2489 13043 583
13043 23197 583
23197 22363 583
22363 35469 583
35469 27291 583
27291 31992 583
31992 41832 583
41832 39899 583
39899 4636 583
4636 16267 583
16267 30245 583
30245 8939 583
8939 12939 583
12939 6348 583
6348 38995 583
38995 14755 583
14755 580 583
580 24893 583
24893 13439 583
13439 34854 583
34854 18890 583
18890 32608 583
32608 2704 583
2704 21696 583
21696 16896 583
16896 41485 583
41485 39240 583
39240 9938 583
9938 16865 583
16865 17374 583
17374 364 583
364 32905 583
32905 37150 583
37150 19529 583
19529 37530 583
37530 9277 583
9277 40801 583
40801 36351 583
11506 34521 584
34521 4593 584
4593 14608 584
14608 1582 584
1582 15285 584
15285 4090 584
4090 10670 584
10670 41888 584
41888 1724 584
1724 26705 584
26705 8979 584
8979 28232 584
28232 15011 584
15011 35323 584
35323 25579 584
25579 4555 584
4555 7311 584
7311 8024 584
8024 17310 584
17310 8343 584
8343 37882 584
37882 210 584
210 5507 584
5507 15104 584
15104 14771 584
14771 11490 584
11490 26871 584
26871 6707 584
6707 39795 584
39795 25172 584
25172 28683 584
28683 39282 584
39282 30843 584
30843 1225 584
1225 16437 584
16437 28868 584
28868 34231 584
34231 27329 584
27329 41202 584
41202 37924 584
37924 6359 584
12941 28269 585
28269 16458 585
16458 4106 585
4106 7004 585
7004 28193 585
28193 20308 585
20308 30420 585
30420 36280 585
36280 7630 585
7630 967 585
967 9518 585
9518 18746 585
18746 32099 585
32099 1198 585
1198 38777 585
38777 33175 585
33175 27799 585
27799 41545 585
41545 36170 585
36170 7079 585
7079 21360 585
21360 9295 585
9295 38927 585
38927 11031 585
11031 27408 585
27408 21073 585
21073 10167 585
10167 31288 585
31288 38288 585
38288 41058 585
41058 27092 585
27092 39151 585
39151 18798 585
18798 9746 585
9746 38248 585
38248 4270 585
4270 33899 585
33899 9208 585
9208 2106 585
2106 18824 585
18824 19302 585
1192 21584 586
21584 1009 586
1009 3441 586
3441 12770 586
12770 39711 586
39711 24596 586
24596 28923 586
28923 31002 586
31002 17200 586
17200 22256 586
22256 10198 586
10198 27958 586
27958 26696 586
26696 29512 586
29512 30033 586
30033 34274 586
34274 7860 586
7860 14917 586
14917 701 586
701 36680 586
36680 31623 586
31623 21047 586
21047 22739 586
22739 24611 586
24611 36589 586
36589 26826 586
26826 25917 586
25917 29655 586
29655 8072 586
8072 36154 586
36154 1756 586
1756 2298 586
2298 33312 586
33312 7509 586
7509 10503 586
10503 308 586
308 16325 586
16325 36459 586
36459 33248 586
33248 33914 586
33914 12073 586
16378 5237 587
5237 24036 587
24036 5670 587
5670 39382 587
39382 2334 587
2334 27698 587
27698 31071 587
31071 741 587
741 9293 587
9293 16139 587
16139 5744 587
5744 5450 587
5450 5219 587
5219 4204 587
4204 29517 587
29517 34297 587
34297 23489 587
23489 14505 587
14505 20564 587
20564 17800 587
17800 12138 587
12138 1993 587
1993 20945 587
20945 36742 587
36742 34070 587
34070 22964 587
22964 21434 587
21434 26407 587
26407 34681 587
34681 31364 587
31364 30649 587
30649 30786 587
30786 2961 587
2961 19913 587
19913 35535 587
35535 21861 587
21861 19691 587
19691 34048 587
34048 38490 587
38490 8764 587
8764 4899 587
32732 32332 588
32332 23710 588
23710 18086 588
18086 15061 588
15061 4344 588
4344 31663 588
31663 34634 588
34634 3521 588
3521 23852 588
23852 38961 588
38961 998 588
998 31451 588
31451 9546 588
9546 32414 588
32414 40547 588
40547 29721 588
29721 12220 588
12220 18643 588
18643 22275 588
22275 36414 588
36414 5259 588
5259 9428 588
9428 30730 588
30730 9748 588
9748 27507 588
27507 36231 588
36231 3600 588
3600 22405 588
22405 10608 588
10608 5389 588
5389 19710 588
19710 41069 588
41069 1934 588
1934 11887 588
11887 27445 588
27445 33521 588
33521 19317 588
19317 23581 588
23581 24372 588
24372 405 588
405 16342 588
189 36172 589
36172 9213 589
9213 24241 589
24241 7138 589
7138 12775 589
12775 37346 589
37346 2822 589
2822 30799 589
30799 36079 589
36079 10225 589
10225 10842 589
10842 37415 589
37415 4262 589
4262 29133 589
29133 31605 589
31605 19461 589
19461 34405 589
34405 9739 589
9739 25563 589
25563 2800 589
2800 22062 589
22062 24759 589
24759 7300 589
7300 40192 589
40192 10105 589
10105 3977 589
3977 11971 589
11971 23507 589
23507 36983 589
36983 22127 589
22127 37935 589
37935 14866 589
14866 41100 589
41100 9072 589
9072 35081 589
35081 23447 589
23447 33708 589
33708 21498 589
21498 38047 589
38047 14052 589
14052 429 589
38758 8154 590
8154 30342 590
30342 3359 590
3359 1722 590
1722 32032 590
32032 24246 590
24246 35508 590
35508 38290 590
38290 16165 590
16165 10104 590
10104 4699 590
4699 35922 590
35922 17003 590
17003 29563 590
29563 13457 590
13457 18762 590
18762 4700 590
4700 29089 590
29089 19455 590
19455 2858 590
2858 37049 590
37049 30439 590
30439 16971 590
16971 28690 590
28690 36703 590
36703 12626 590
12626 27154 590
27154 33083 590
33083 30860 590
30860 36663 590
36663 26482 590
26482 8839 590
8839 8727 590
8727 20521 590
20521 4776 590
4776 22827 590
22827 19361 590
19361 11169 590
11169 9824 590
9824 20451 590
20451 32127 590
28201 23010 591
23010 8840 591
8840 30250 591
30250 27517 591
27517 11447 591
11447 11755 591
11755 40042 591
40042 29815 591
29815 2977 591
2977 39677 591
39677 11851 591
11851 4427 591
4427 18982 591
18982 32276 591
32276 15431 591
15431 19183 591
19183 36474 591
36474 24951 591
24951 2522 591
2522 1719 591
1719 16970 591
16970 35483 591
35483 5868 591
5868 36590 591
36590 33241 591
33241 30574 591
30574 11915 591
11915 4289 591
4289 17837 591
17837 7869 591
7869 23110 591
23110 10346 591
10346 14393 591
14393 17748 591
17748 31959 591
31959 24035 591
24035 41998 591
41998 21694 591
21694 23117 591
23117 8419 591
8419 5691 591
20419 37884 592
37884 40327 592
40327 37813 592
37813 8092 592
8092 12601 592
12601 34900 592
34900 6455 592
6455 19716 592
19716 11467 592
11467 39108 592
39108 37984 592
37984 37883 592
37883 26666 592
26666 9198 592
9198 27235 592
27235 34978 592
34978 40253 592
40253 21529 592
21529 37947 592
37947 32459 592
32459 27690 592
27690 20341 592
20341 7869 592
7869 37276 592
37276 15113 592
15113 40008 592
40008 20394 592
20394 24025 592
24025 22794 592
22794 41240 592
41240 5254 592
5254 9913 592
9913 23486 592
23486 30996 592
30996 70 592
70 11866 592
11866 26100 592
26100 24896 592
24896 13409 592
13409 6373 592
6373 34134 592
19604 2449 593
2449 3346 593
3346 37317 593
37317 33581 593
33581 6713 593
6713 21887 593
21887 11057 593
11057 27002 593
27002 31659 593
31659 39994 593
39994 26015 593
26015 7662 593
7662 16291 593
16291 17442 593
17442 41953 593
41953 28726 593
28726 11341 593
11341 6741 593
6741 3008 593
3008 4994 593
4994 11850 593
11850 34838 593
34838 37433 593
37433 33766 593
33766 20272 593
20272 39876 593
39876 20171 593
20171 20208 593
20208 11301 593
11301 7701 593
7701 2895 593
2895 33962 593
33962 7850 593
7850 20194 593
20194 3033 593
3033 10111 593
10111 12175 593
12175 24107 593
24107 52 593
52 39981 593
39981 5570 593
28763 32780 594
32780 36752 594
36752 20099 594
20099 39119 594
39119 25655 594
25655 32451 594
32451 10109 594
10109 41232 594
41232 32785 594
32785 6350 594
6350 22417 594
22417 8000 594
8000 14526 594
14526 36423 594
36423 31620 594
31620 11320 594
11320 20048 594
20048 31429 594
31429 4989 594
4989 5236 594
5236 28701 594
28701 20604 594
20604 27187 594
27187 4065 594
4065 41041 594
41041 36802 594
36802 29589 594
29589 27016 594
27016 33282 594
33282 7317 594
7317 29868 594
29868 38737 594
38737 24410 594
24410 39861 594
39861 39784 594
39784 9762 594
9762 35101 594
35101 39845 594
39845 17277 594
17277 32420 594
32420 19483 594
2689 16657 595
16657 6519 595
6519 9435 595
9435 29481 595
29481 27143 595
27143 23435 595
23435 11321 595
11321 16181 595
16181 39927 595
39927 34396 595
34396 7252 595
7252 37739 595
37739 35432 595
35432 35569 595
35569 25951 595
25951 35440 595
35440 17148 595
17148 8611 595
8611 21182 595
21182 5616 595
5616 3151 595
3151 40784 595
40784 33774 595
33774 23688 595
23688 30477 595
30477 718 595
718 2719 595
2719 13897 595
13897 4764 595
4764 38075 595
38075 41255 595
41255 11687 595
11687 25061 595
25061 16016 595
16016 36834 595
36834 35781 595
35781 13728 595
13728 5825 595
5825 14999 595
14999 9587 595
9587 35434 595
24479 29649 596
29649 29208 596
29208 1359 596
1359 35917 596
35917 14662 596
14662 97 596
97 5628 596
5628 26131 596
26131 14747 596
14747 6343 596
6343 15813 596
15813 3923 596
3923 17427 596
17427 10229 596
10229 24130 596
24130 36807 596
36807 28132 596
28132 24828 596
24828 10679 596
10679 122 596
122 16036 596
16036 29326 596
29326 4124 596
4124 16269 596
16269 38255 596
38255 25212 596
25212 14984 596
14984 2886 596
2886 36758 596
36758 256 596
256 23753 596
23753 3196 596
3196 40778 596
40778 8979 596
8979 32030 596
32030 41592 596
41592 33593 596
33593 12248 596
12248 34688 596
34688 10653 596
10653 41699 596
34469 26797 597
26797 38080 597
38080 18804 597
18804 6852 597
6852 25528 597
25528 21792 597
21792 25322 597
25322 39174 597
39174 26860 597
26860 19138 597
19138 8435 597
8435 7452 597
7452 25614 597
25614 27802 597
27802 9795 597
9795 9098 597
9098 28830 597
28830 19430 597
19430 1331 597
1331 18150 597
18150 5516 597
5516 35979 597
35979 18647 597
18647 21085 597
21085 20366 597
20366 37715 597
37715 17729 597
17729 8943 597
8943 16078 597
16078 28020 597
28020 14582 597
14582 7173 597
7173 32824 597
32824 10218 597
10218 17938 597
17938 14545 597
14545 23924 597
23924 25666 597
25666 30531 597
30531 38461 597
38461 40131 597
1434 23435 598
23435 29064 598
29064 25684 598
25684 21826 598
21826 19797 598
19797 25277 598
25277 37613 598
37613 17740 598
17740 5484 598
5484 37191 598
37191 27222 598
27222 26652 598
26652 26387 598
26387 35373 598
35373 36038 598
36038 18724 598
18724 25755 598
25755 14410 598
14410 36634 598
36634 22582 598
22582 5564 598
5564 17579 598
17579 14011 598
14011 10804 598
10804 25427 598
25427 22143 598
22143 12320 598
12320 23165 598
23165 22542 598
22542 19607 598
19607 33714 598
33714 32842 598
32842 14725 598
14725 10202 598
10202 20722 598
20722 27904 598
27904 22985 598
22985 9869 598
9869 41467 598
41467 18825 598
18825 8504 598
7722 32536 599
32536 14580 599
14580 8736 599
8736 35514 599
35514 15962 599
15962 40543 599
40543 38881 599
38881 39349 599
39349 1023 599
1023 8261 599
8261 36096 599
36096 36586 599
36586 14178 599
14178 14633 599
14633 4378 599
4378 471 599
471 36178 599
36178 39374 599
39374 16363 599
16363 3221 599
3221 39021 599
39021 37304 599
37304 17479 599
17479 14349 599
14349 28244 599
28244 26248 599
26248 4198 599
4198 22988 599
22988 32806 599
32806 14072 599
14072 10730 599
10730 9955 599
9955 12139 599
12139 41886 599
41886 23585 599
23585 28531 599
28531 28203 599
28203 40310 599
40310 5709 599
5709 25804 599
25804 40311 599
20711 22800 600
22800 31374 600
31374 41559 600
41559 14470 600
14470 29777 600
29777 2831 600
2831 36251 600
36251 37106 600
37106 28896 600
28896 39777 600
39777 16476 600
16476 7187 600
7187 39889 600
39889 14360 600
14360 23765 600
23765 20294 600
20294 24320 600
24320 23804 600
23804 32058 600
32058 28403 600
28403 28846 600
28846 27018 600
27018 2657 600
2657 9922 600
9922 38936 600
38936 18935 600
18935 1522 600
1522 15992 600
15992 10449 600
10449 29439 600
29439 17503 600
17503 5382 600
5382 22750 600
22750 32195 600
32195 14685 600
14685 5572 600
5572 8728 600
8728 24134 600
24134 2783 600
2783 27851 600
27851 34759 600
29752 38637 601
38637 4145 601
4145 563 601
563 29447 601
29447 32057 601
32057 1936 601
1936 41708 601
41708 20663 601
20663 20130 601
20130 26568 601
26568 41879 601
41879 36798 601
36798 8332 601
8332 11928 601
11928 8659 601
8659 6135 601
6135 34641 601
34641 41652 601
41652 36707 601
36707 16770 601
16770 754 601
754 1659 601
1659 26231 601
26231 23970 601
23970 12698 601
12698 41257 601
41257 27804 601
27804 1031 601
1031 34542 601
34542 4405 601
4405 4580 601
4580 15236 601
15236 34448 601
34448 22146 601
22146 31027 601
31027 5838 601
5838 14328 601
14328 31976 601
31976 41682 601
41682 7768 601
7768 25722 601
8610 9504 602
9504 20089 602
20089 5094 602
5094 22235 602
22235 33264 602
33264 36662 602
36662 20248 602
20248 451 602
451 25872 602
25872 37464 602
37464 17956 602
17956 1201 602
1201 28796 602
28796 12010 602
12010 13073 602
13073 19440 602
19440 33966 602
33966 15140 602
15140 15077 602
15077 33471 602
33471 15343 602
15343 2989 602
2989 8409 602
8409 21384 602
21384 12190 602
12190 25302 602
25302 18933 602
18933 23303 602
23303 37466 602
37466 22593 602
22593 1442 602
1442 20770 602
20770 10933 602
10933 39701 602
39701 24110 602
24110 14783 602
14783 23930 602
23930 33756 602
33756 202 602
202 12365 602
12365 6720 602
25310 30408 603
30408 34825 603
34825 23720 603
23720 40403 603
40403 41327 603
41327 36858 603
36858 33318 603
33318 28888 603
28888 35911 603
35911 37451 603
37451 15838 603
15838 38501 603
38501 35151 603
35151 15602 603
15602 21031 603
21031 39487 603
39487 6441 603
6441 30953 603
30953 177 603
177 40846 603
40846 946 603
946 15060 603
15060 11836 603
11836 5853 603
5853 28899 603
28899 19822 603
19822 30773 603
30773 15681 603
15681 1247 603
1247 12628 603
12628 36356 603
36356 22954 603
22954 27737 603
27737 15557 603
15557 1725 603
1725 9986 603
9986 13931 603
13931 28156 603
28156 3316 603
3316 37044 603
37044 36832 603
10262 33689 604
33689 13509 604
13509 451 604
451 27673 604
27673 39452 604
39452 3035 604
3035 36410 604
36410 28233 604
28233 15073 604
15073 26248 604
26248 37832 604
37832 18399 604
18399 41841 604
41841 38544 604
38544 23344 604
23344 13913 604
13913 21888 604
21888 16723 604
16723 27470 604
27470 24693 604
24693 19019 604
19019 32746 604
32746 2852 604
2852 21765 604
21765 44 604
44 40581 604
40581 36313 604
36313 10413 604
10413 4558 604
4558 11478 604
11478 13491 604
13491 4434 604
4434 41265 604
41265 36925 604
36925 769 604
769 31471 604
31471 22896 604
22896 31715 604
31715 34650 604
34650 14812 604
14812 6840 604
6047 12331 605
12331 7055 605
7055 22942 605
22942 40026 605
40026 27755 605
27755 16082 605
16082 13743 605
13743 1854 605
1854 29002 605
29002 38670 605
38670 8469 605
8469 29897 605
29897 886 605
886 18759 605
18759 11512 605
11512 37458 605
37458 28540 605
28540 11449 605
11449 28064 605
28064 24268 605
24268 8342 605
8342 20314 605
20314 36615 605
36615 29103 605
29103 32111 605
32111 5070 605
5070 8395 605
8395 28533 605
28533 5561 605
5561 39057 605
39057 11922 605
11922 14084 605
14084 41899 605
41899 15805 605
15805 5293 605
5293 27587 605
27587 12954 605
12954 30429 605
30429 41180 605
41180 27378 605
27378 12173 605
27081 12476 606
12476 41443 606
41443 16394 606
16394 7449 606
7449 29526 606
29526 9385 606
9385 20521 606
20521 23864 606
23864 20272 606
20272 29010 606
29010 24121 606
24121 5940 606
5940 19949 606
19949 36833 606
36833 930 606
930 15614 606
15614 5195 606
5195 18635 606
18635 2607 606
2607 31912 606
31912 9154 606
9154 31801 606
31801 8090 606
8090 41638 606
41638 17340 606
17340 27612 606
27612 35607 606
35607 4718 606
4718 22642 606
22642 9728 606
9728 34022 606
34022 25759 606
25759 33229 606
33229 10854 606
10854 35238 606
35238 27894 606
27894 6166 606
6166 13897 606
13897 7094 606
7094 34694 606
34694 33076 606
4480 16241 607
16241 8314 607
8314 18859 607
18859 34174 607
34174 32788 607
32788 23902 607
23902 16247 607
16247 31224 607
31224 16122 607
16122 31531 607
31531 19258 607
19258 31706 607
31706 34911 607
34911 199 607
199 40357 607
40357 28627 607
28627 33810 607
33810 10979 607
10979 8193 607
8193 23935 607
23935 37873 607
37873 29810 607
29810 19463 607
19463 17075 607
17075 39354 607
39354 21947 607
21947 39521 607
39521 23104 607
23104 40540 607
40540 2042 607
2042 18933 607
18933 39156 607
39156 19205 607
19205 34249 607
34249 11638 607
11638 10095 607
10095 11531 607
11531 31206 607
31206 17470 607
17470 18855 607
18855 19781 607
30062 27983 608
27983 5365 608
5365 25705 608
25705 1084 608
1084 7441 608
7441 38156 608
38156 22294 608
22294 38081 608
38081 20597 608
20597 1942 608
1942 36627 608
36627 2798 608
2798 13027 608
13027 2500 608
2500 7816 608
7816 11831 608
11831 12724 608
12724 14883 608
14883 25119 608
25119 40560 608
40560 25647 608
25647 14839 608
14839 26772 608
26772 27606 608
27606 12669 608
12669 2363 608
2363 3422 608
3422 41695 608
41695 3401 608
3401 5991 608
5991 31927 608
31927 14660 608
14660 3554 608
3554 20242 608
20242 17017 608
17017 17688 608
17688 28 608
28 30838 608
30838 24108 608
24108 22471 608
22471 22884 608
36394 36087 609
36087 11213 609
11213 23465 609
23465 10805 609
10805 301 609
301 35794 609
35794 17880 609
17880 37115 609
37115 23562 609
23562 34024 609
34024 8040 609
8040 9299 609
9299 15771 609
15771 8080 609
8080 12744 609
12744 14224 609
14224 30165 609
30165 3246 609
3246 6514 609
6514 5232 609
5232 4143 609
4143 34275 609
34275 27303 609
27303 18044 609
18044 13322 609
13322 23519 609
23519 30028 609
30028 24264 609
24264 13432 609
13432 39707 609
39707 39973 609
39973 29312 609
29312 5512 609
5512 22019 609
22019 505 609
505 32110 609
32110 40362 609
40362 25751 609
25751 30455 609
30455 33880 609
33880 30157 609
26502 21791 610
21791 283 610
283 38878 610
38878 4360 610
4360 32474 610
32474 39968 610
39968 13673 610
13673 4832 610
4832 8557 610
8557 17002 610
17002 38341 610
38341 24949 610
24949 19492 610
19492 21423 610
21423 13900 610
13900 9092 610
9092 725 610
725 15098 610
15098 38409 610
38409 15989 610
15989 18352 610
18352 41883 610
41883 5980 610
5980 5984 610
5984 35369 610
35369 11049 610
11049 2325 610
2325 2555 610
2555 36393 610
36393 26129 610
26129 8200 610
8200 11191 610
11191 4881 610
4881 3459 610
3459 32036 610
32036 23580 610
23580 35712 610
35712 28038 610
28038 15958 610
15958 13586 610
13586 32973 610
41680 21958 611
21958 34381 611
34381 36748 611
36748 6152 611
6152 13385 611
13385 34402 611
34402 25299 611
25299 7377 611
7377 13581 611
13581 35304 611
35304 2837 611
2837 34950 611
34950 15970 611
15970 38162 611
38162 18507 611
18507 8832 611
8832 6443 611
6443 21399 611
21399 11263 611
11263 19398 611
19398 8585 611
8585 3091 611
3091 8519 611
8519 33038 611
33038 38659 611
38659 8566 611
8566 25356 611
25356 40145 611
40145 32 611
32 34232 611
34232 8318 611
8318 11472 611
11472 41810 611
41810 35512 611
35512 19756 611
19756 21882 611
21882 9543 611
9543 9392 611
9392 3886 611
3886 5605 611
5605 32659 611
2889 5902 612
5902 32600 612
32600 28292 612
28292 5269 612
5269 33962 612
33962 27529 612
27529 25124 612
25124 20311 612
20311 7982 612
7982 5028 612
5028 33034 612
33034 8238 612
8238 30377 612
30377 18182 612
18182 13712 612
13712 41652 612
41652 37076 612
37076 21720 612
21720 10132 612
10132 4761 612
4761 7354 612
7354 14587 612
14587 33139 612
33139 23257 612
23257 24453 612
24453 31524 612
31524 24530 612
24530 37025 612
37025 1871 612
1871 9291 612
9291 41672 612
41672 22362 612
22362 13723 612
13723 16364 612
16364 23290 612
23290 28968 612
28968 12250 612
12250 35969 612
35969 7805 612
7805 10444 612
10444 4379 612
18958 7616 613
7616 38413 613
38413 23908 613
23908 31082 613
31082 2594 613
2594 9837 613
9837 10341 613
10341 10905 613
10905 22906 613
22906 5328 613
5328 1333 613
1333 19942 613
19942 11154 613
11154 37947 613
37947 35467 613
35467 5739 613
5739 32976 613
32976 5776 613
5776 14426 613
14426 41020 613
41020 8463 613
8463 38437 613
38437 17324 613
17324 20041 613
20041 9407 613
9407 39428 613
39428 3798 613
3798 14671 613
14671 9679 613
9679 30126 613
30126 29601 613
29601 19561 613
19561 7462 613
7462 34696 613
34696 13418 613
13418 7484 613
7484 17891 613
17891 32580 613
32580 20609 613
20609 1029 613
1029 10413 613
13488 38513 614
38513 28743 614
28743 37108 614
37108 34148 614
34148 15189 614
15189 7302 614
7302 21926 614
21926 17753 614
17753 16916 614
16916 10171 614
10171 41522 614
41522 38973 614
38973 39704 614
39704 3959 614
3959 1048 614
1048 20027 614
20027 20639 614
20639 184 614
184 24888 614
24888 34662 614
34662 29783 614
29783 39636 614
39636 35336 614
35336 35608 614
35608 3580 614
3580 41467 614
41467 19045 614
19045 24917 614
24917 14526 614
14526 34384 614
34384 12650 614
12650 18507 614
18507 37438 614
37438 26945 614
26945 13380 614
13380 22229 614
22229 38602 614
38602 38545 614
38545 18614 614
18614 15109 614
15109 16421 614
21535 10319 615
10319 32283 615
32283 16282 615
16282 14909 615
14909 39213 615
39213 29964 615
29964 25450 615
25450 2478 615
2478 40880 615
40880 24052 615
24052 17119 615
17119 13106 615
13106 12924 615
12924 32501 615
32501 25929 615
25929 1990 615
1990 15246 615
15246 40972 615
40972 26806 615
26806 11620 615
11620 16624 615
16624 2503 615
2503 25244 615
25244 12736 615
12736 35332 615
35332 2450 615
2450 39399 615
39399 13444 615
13444 4829 615
4829 20033 615
20033 8848 615
8848 41903 615
41903 28938 615
28938 29600 615
29600 4258 615
4258 34766 615
34766 15893 615
15893 1572 615
1572 7614 615
7614 14193 615
14193 15952 615
16745 1259 616
1259 18911 616
18911 32377 616
32377 16366 616
16366 29660 616
29660 15088 616
15088 35085 616
35085 10019 616
10019 15126 616
15126 37140 616
37140 40526 616
40526 39203 616
39203 10758 616
10758 1688 616
1688 19942 616
19942 18360 616
18360 29684 616
29684 1326 616
1326 30842 616
30842 9573 616
9573 23486 616
23486 2715 616
2715 27874 616
27874 35096 616
35096 40976 616
40976 28693 616
28693 4471 616
4471 4407 616
4407 32986 616
32986 21009 616
21009 4683 616
4683 40023 616
40023 17488 616
17488 2869 616
2869 37654 616
37654 18243 616
18243 17918 616
17918 11086 616
11086 31103 616
31103 12582 616
12582 15404 616
34144 22534 617
22534 35768 617
35768 20455 617
20455 17393 617
17393 22387 617
22387 27581 617
27581 1208 617
1208 7923 617
7923 2273 617
2273 467 617
467 23867 617
23867 1802 617
1802 3263 617
3263 41227 617
41227 40451 617
40451 10221 617
10221 9400 617
9400 5556 617
5556 23839 617
23839 29687 617
29687 5339 617
5339 37378 617
37378 3087 617
3087 33171 617
33171 1989 617
1989 24416 617
24416 41747 617
41747 798 617
798 23279 617
23279 4915 617
4915 17931 617
17931 21256 617
21256 14268 617
14268 40012 617
40012 36049 617
36049 12095 617
12095 40333 617
40333 39548 617
39548 1359 617
1359 3108 617
3108 34691 617
1717 29457 618
29457 16785 618
16785 22776 618
22776 20488 618
20488 26582 618
26582 28632 618
28632 15448 618
15448 36081 618
36081 16734 618
16734 3466 618
3466 34072 618
34072 28860 618
28860 32786 618
32786 15226 618
15226 13460 618
13460 5876 618
5876 30298 618
30298 24875 618
24875 13743 618
13743 12732 618
12732 35647 618
35647 6502 618
6502 571 618
571 7468 618
7468 21031 618
21031 10166 618
10166 2820 618
2820 41812 618
41812 24161 618
24161 10807 618
10807 36409 618
36409 38952 618
38952 13663 618
13663 34297 618
34297 10394 618
10394 36455 618
36455 300 618
300 28898 618
28898 36577 618
36577 10552 618
10552 6258 618
40793 14222 619
14222 8895 619
8895 39789 619
39789 3635 619
3635 17523 619
17523 35354 619
35354 36292 619
36292 22214 619
22214 21232 619
21232 20871 619
20871 23775 619
23775 8879 619
8879 6954 619
6954 5168 619
5168 7102 619
7102 27623 619
27623 35826 619
35826 23138 619
23138 31062 619
31062 14538 619
14538 22308 619
22308 30821 619
30821 23295 619
23295 19359 619
19359 40951 619
40951 11673 619
11673 4653 619
4653 21716 619
21716 3824 619
3824 33898 619
33898 1527 619
1527 25036 619
25036 20776 619
20776 3919 619
3919 18712 619
18712 9443 619
9443 39230 619
39230 13023 619
13023 26906 619
26906 34927 619
34927 28405 619
26974 30176 620
30176 35436 620
35436 24079 620
24079 10784 620
10784 34434 620
34434 8773 620
8773 16544 620
16544 6581 620
6581 20334 620
20334 3744 620
3744 29304 620
29304 31587 620
31587 30834 620
30834 5942 620
5942 8500 620
8500 19028 620
19028 20936 620
20936 24998 620
24998 4719 620
4719 19512 620
19512 10720 620
10720 34605 620
34605 40306 620
40306 3017 620
3017 17379 620
17379 18645 620
18645 17150 620
17150 39287 620
39287 4440 620
4440 10016 620
10016 31881 620
31881 8732 620
8732 36047 620
36047 26166 620
26166 22355 620
22355 15376 620
15376 1125 620
1125 41052 620
41052 31469 620
31469 33523 620
33523 3322 620
27165 20485 621
20485 15403 621
15403 38144 621
38144 26476 621
26476 11442 621
11442 32401 621
32401 23703 621
23703 38881 621
38881 36371 621
36371 35389 621
35389 38477 621
38477 31904 621
31904 4223 621
4223 9570 621
9570 6352 621
6352 18331 621
18331 23135 621
23135 19641 621
19641 27487 621
27487 33698 621
33698 27674 621
27674 15937 621
15937 4670 621
4670 5732 621
5732 1252 621
1252 36430 621
36430 3869 621
3869 9210 621
9210 31647 621
31647 36916 621
36916 34683 621
34683 36046 621
36046 38264 621
38264 35564 621
35564 401 621
401 21732 621
21732 6547 621
6547 23178 621
23178 22241 621
22241 38679 621
38679 41179 621
30563 21967 622
21967 37851 622
37851 16926 622
16926 40704 622
40704 39772 622
39772 15415 622
15415 5592 622
5592 6189 622
6189 6764 622
6764 14940 622
14940 40933 622
40933 32310 622
32310 39679 622
39679 18828 622
18828 6714 622
6714 29455 622
29455 9113 622
9113 26821 622
26821 1915 622
1915 8113 622
8113 12004 622
12004 10204 622
10204 33614 622
33614 18551 622
18551 14814 622
14814 1022 622
1022 14871 622
14871 41487 622
41487 29027 622
29027 40403 622
40403 33428 622
33428 14243 622
14243 2370 622
2370 29762 622
29762 35068 622
35068 26784 622
26784 24932 622
24932 26233 622
26233 41618 622
41618 34301 622
34301 28275 622
16809 8756 623
8756 17239 623
17239 29079 623
29079 2645 623
2645 16573 623
16573 15770 623
15770 19831 623
19831 29952 623
29952 8888 623
8888 32191 623
32191 6076 623
6076 36725 623
36725 28698 623
28698 35121 623
35121 20086 623
20086 37786 623
37786 14543 623
14543 13296 623
13296 31326 623
31326 35221 623
35221 33992 623
33992 3405 623
3405 17023 623
17023 17324 623
17324 16152 623
16152 21883 623
21883 41486 623
41486 41694 623
41694 3627 623
3627 23219 623
23219 35218 623
35218 21118 623
21118 8436 623
8436 15442 623
15442 30573 623
30573 41159 623
41159 28193 623
28193 21609 623
21609 22216 623
22216 36971 623
36971 8857 623
25812 20074 624
20074 40515 624
40515 16411 624
16411 1993 624
1993 33725 624
33725 39373 624
39373 32952 624
32952 35083 624
35083 28625 624
28625 15709 624
15709 11256 624
11256 10156 624
10156 32674 624
32674 24860 624
24860 33781 624
33781 40489 624
40489 35103 624
35103 15081 624
15081 38765 624
38765 41699 624
41699 38223 624
38223 3377 624
3377 22258 624
22258 24580 624
24580 33297 624
33297 37892 624
37892 11119 624
11119 27585 624
27585 23966 624
23966 5646 624
5646 27079 624
27079 11323 624
11323 34742 624
34742 18103 624
18103 32956 624
32956 26812 624
26812 20429 624
20429 36064 624
36064 31763 624
31763 14625 624
14625 4896 624
31935 41231 625
41231 26470 625
26470 15736 625
15736 20608 625
20608 32633 625
32633 5556 625
5556 1593 625
1593 2739 625
2739 18632 625
18632 32758 625
32758 18317 625
18317 39823 625
39823 7417 625
7417 36500 625
36500 27115 625
27115 15822 625
15822 20892 625
20892 23034 625
23034 7625 625
7625 39738 625
39738 4240 625
4240 24803 625
24803 9055 625
9055 24456 625
24456 23654 625
23654 10142 625
10142 40957 625
40957 25082 625
25082 16928 625
16928 40731 625
40731 9700 625
9700 7285 625
7285 15150 625
15150 35753 625
35753 11734 625
11734 32247 625
32247 35894 625
35894 936 625
936 36052 625
36052 31082 625
31082 32388 625
1645 8913 626
8913 6581 626
6581 29779 626
29779 41303 626
41303 4225 626
4225 4476 626
4476 19389 626
19389 15257 626
15257 9775 626
9775 30360 626
30360 14585 626
14585 28776 626
28776 9765 626
9765 27996 626
27996 21411 626
21411 22034 626
22034 22415 626
22415 41382 626
41382 16850 626
16850 31703 626
31703 22590 626
22590 18884 626
18884 14156 626
14156 4307 626
4307 17802 626
17802 7760 626
7760 37906 626
37906 7710 626
7710 6900 626
6900 31561 626
31561 17889 626
17889 38335 626
38335 25469 626
25469 14466 626
14466 20110 626
20110 38313 626
38313 21387 626
21387 14951 626
14951 23740 626
23740 5827 626
5827 41774 626
32827 38075 627
38075 9858 627
9858 34604 627
34604 31821 627
31821 14055 627
14055 1259 627
1259 28430 627
28430 23417 627
23417 21874 627
21874 10418 627
10418 6801 627
6801 13341 627
13341 38623 627
38623 10522 627
10522 21066 627
21066 36372 627
36372 33903 627
33903 33124 627
33124 15661 627
15661 13052 627
13052 27257 627
27257 16944 627
16944 24015 627
24015 24244 627
24244 24129 627
24129 35103 627
35103 34004 627
34004 5229 627
5229 28351 627
28351 19506 627
19506 12839 627
12839 2728 627
2728 10941 627
10941 2561 627
2561 29172 627
29172 21361 627
21361 31712 627
31712 27932 627
27932 3804 627
3804 28700 627
28700 3839 627
35102 12775 628
12775 2554 628
2554 35292 628
35292 18275 628
18275 21281 628
21281 38527 628
38527 40707 628
40707 23796 628
23796 40454 628
40454 31080 628
31080 11757 628
11757 24679 628
24679 24334 628
24334 40561 628
40561 20845 628
20845 27216 628
27216 30013 628
30013 37054 628
37054 28833 628
28833 34197 628
34197 4444 628
4444 39929 628
39929 24500 628
24500 41332 628
41332 32955 628
32955 29146 628
29146 29826 628
29826 13712 628
13712 34527 628
34527 22594 628
22594 27165 628
27165 34977 628
34977 16518 628
16518 31685 628
31685 26564 628
26564 11357 628
11357 14531 628
14531 5497 628
5497 28826 628
28826 11171 628
11171 27769 628
20652 3069 629
3069 30176 629
30176 19928 629
19928 15060 629
15060 37712 629
37712 19391 629
19391 13629 629
13629 19175 629
19175 28507 629
28507 2476 629
2476 29241 629
29241 15711 629
15711 12186 629
12186 4061 629
4061 28996 629
28996 1142 629
1142 32572 629
32572 19416 629
19416 1192 629
1192 36467 629
36467 25695 629
25695 7608 629
7608 32597 629
32597 25047 629
25047 27074 629
27074 24645 629
24645 22109 629
22109 35361 629
35361 17955 629
17955 19659 629
19659 36515 629
36515 41141 629
41141 7845 629
7845 37158 629
37158 40302 629
40302 6847 629
6847 5643 629
5643 17654 629
17654 13525 629
13525 36041 629
36041 31611 629
24214 18842 630
18842 35729 630
35729 856 630
856 38544 630
38544 33622 630
33622 26569 630
26569 6285 630
6285 13964 630
13964 37921 630
37921 5730 630
5730 28497 630
28497 19618 630
19618 7485 630
7485 34330 630
34330 19680 630
19680 1769 630
1769 14902 630
14902 9731 630
9731 8848 630
8848 12775 630
12775 19898 630
19898 15810 630
15810 16365 630
16365 32861 630
32861 34234 630
34234 37068 630
37068 8565 630
8565 565 630
565 41176 630
41176 38154 630
38154 3050 630
3050 2166 630
2166 13468 630
13468 20895 630
20895 32486 630
32486 3971 630
3971 37123 630
37123 38224 630
38224 27481 630
27481 36668 630
36668 37607 630
8561 3915 631
3915 33106 631
33106 8583 631
8583 33212 631
33212 11835 631
11835 34020 631
34020 36596 631
36596 39434 631
39434 1399 631
1399 10999 631
10999 1391 631
1391 10399 631
10399 18531 631
18531 21822 631
21822 31986 631
31986 21811 631
21811 27337 631
27337 22467 631
22467 13202 631
13202 6638 631
6638 37951 631
37951 28915 631
28915 17380 631
17380 10253 631
10253 39160 631
39160 26002 631
26002 19342 631
19342 34333 631
34333 16387 631
16387 2230 631
2230 14907 631
14907 22913 631
22913 25173 631
25173 21191 631
21191 20806 631
20806 21431 631
21431 11605 631
11605 10090 631
10090 35183 631
35183 6185 631
6185 41001 631
25788 5598 632
5598 17682 632
17682 6471 632
6471 40055 632
40055 40400 632
40400 11036 632
11036 38460 632
38460 35598 632
35598 15394 632
15394 15860 632
15860 8714 632
8714 21759 632
21759 6096 632
6096 34425 632
34425 13785 632
13785 20631 632
20631 9489 632
9489 2345 632
2345 5167 632
5167 21158 632
21158 17157 632
17157 28674 632
28674 35399 632
35399 39258 632
39258 34959 632
34959 24647 632
24647 37540 632
37540 4392 632
4392 31349 632
31349 7340 632
7340 29543 632
29543 20483 632
20483 22636 632
22636 31263 632
31263 34678 632
34678 29888 632
29888 41463 632
41463 15406 632
15406 20107 632
20107 11425 632
11425 9627 632
14129 36524 633
36524 7392 633
7392 21206 633
21206 29061 633
29061 14201 633
14201 857 633
857 31614 633
31614 348 633
348 3711 633
3711 25518 633
25518 37032 633
37032 16517 633
16517 8237 633
8237 15444 633
15444 26850 633
26850 34981 633
34981 21254 633
21254 14787 633
14787 11539 633
11539 12248 633
12248 11689 633
11689 14955 633
14955 9762 633
9762 40076 633
40076 27787 633
27787 34905 633
34905 3801 633
3801 3350 633
3350 35798 633
35798 27507 633
27507 2576 633
2576 36697 633
36697 24313 633
24313 39782 633
39782 22687 633
22687 1930 633
1930 11792 633
11792 22679 633
22679 38482 633
38482 8145 633
8145 25987 633
34619 12139 634
12139 11271 634
11271 4031 634
4031 31018 634
31018 15962 634
15962 2934 634
2934 33311 634
33311 15976 634
15976 12253 634
12253 31113 634
31113 24439 634
24439 15899 634
15899 24597 634
24597 29861 634
29861 41646 634
41646 24877 634
24877 852 634
852 7526 634
7526 35299 634
35299 28661 634
28661 19040 634
19040 35622 634
35622 16774 634
16774 29624 634
29624 26880 634
26880 29134 634
29134 11386 634
11386 16480 634
16480 40335 634
40335 13029 634
13029 24635 634
24635 21981 634
21981 2674 634
2674 35177 634
35177 6574 634
6574 14673 634
14673 10730 634
10730 7793 634
7793 12963 634
12963 27376 634
27376 18889 634
27586 39912 635
39912 18149 635
18149 25870 635
25870 17635 635
17635 658 635
658 2793 635
2793 32444 635
32444 8578 635
8578 26236 635
26236 18775 635
18775 16466 635
16466 29680 635
29680 34446 635
34446 14304 635
14304 17755 635
17755 30670 635
30670 19735 635
19735 33267 635
33267 17927 635
17927 32241 635
32241 9476 635
9476 6072 635
6072 39650 635
39650 20921 635
20921 40595 635
40595 39567 635
39567 13658 635
13658 2575 635
2575 8923 635
8923 36195 635
36195 820 635
820 24677 635
24677 22178 635
22178 24927 635
24927 23736 635
23736 35867 635
35867 17956 635
17956 32939 635
32939 20316 635
20316 14031 635
14031 21879 635
40166 4605 636
4605 30337 636
30337 19116 636
19116 6169 636
6169 40570 636
40570 20639 636
20639 35602 636
35602 22641 636
22641 41059 636
41059 6653 636
6653 12674 636
12674 36345 636
36345 25272 636
25272 19441 636
19441 7159 636
7159 33295 636
33295 36109 636
36109 4374 636
4374 33756 636
33756 20009 636
20009 12486 636
12486 31566 636
31566 19704 636
19704 6341 636
6341 35173 636
35173 10056 636
10056 35448 636
35448 13206 636
13206 22513 636
22513 41571 636
41571 7757 636
7757 39777 636
39777 281 636
281 9152 636
9152 1994 636
1994 30920 636
30920 2773 636
2773 12231 636
12231 23934 636
23934 19288 636
19288 30048 636
3640 21841 637
21841 31077 637
31077 12345 637
12345 41104 637
41104 39414 637
39414 14580 637
14580 23668 637
23668 12665 637
12665 36612 637
36612 15772 637
15772 35292 637
35292 33529 637
33529 23669 637
23669 20499 637
20499 40712 637
40712 33549 637
33549 33462 637
33462 25650 637
25650 679 637
679 3193 637
3193 901 637
901 17598 637
17598 26463 637
26463 3343 637
3343 409 637
409 18740 637
18740 38632 637
38632 29739 637
29739 4560 637
4560 17268 637
17268 9226 637
9226 37079 637
37079 23739 637
23739 18681 637
18681 31591 637
31591 27183 637
27183 9943 637
9943 14297 637
14297 7139 637
7139 40896 637
40896 39106 637
31032 22621 638
22621 1819 638
1819 33488 638
33488 29378 638
29378 35649 638
35649 21131 638
21131 27754 638
27754 23582 638
23582 16852 638
16852 2061 638
2061 20270 638
20270 3284 638
3284 41024 638
41024 21197 638
21197 38601 638
38601 23578 638
23578 17671 638
17671 3981 638
3981 777 638
777 18142 638
18142 17457 638
17457 27473 638
27473 8088 638
8088 36278 638
36278 11698 638
11698 35665 638
35665 34256 638
34256 28654 638
28654 35328 638
35328 34320 638
34320 27044 638
27044 10258 638
10258 36945 638
36945 10821 638
10821 15514 638
15514 25893 638
25893 15073 638
15073 4906 638
4906 22260 638
22260 33141 638
33141 20101 638
17468 28602 639
28602 3856 639
3856 16954 639
16954 17828 639
17828 37129 639
37129 20454 639
20454 14841 639
14841 3741 639
3741 21787 639
21787 26691 639
26691 12613 639
12613 7570 639
7570 2485 639
2485 16105 639
16105 15808 639
15808 9642 639
9642 8049 639
8049 41426 639
41426 21786 639
21786 10379 639
10379 33411 639
33411 22981 639
22981 28529 639
28529 13308 639
13308 444 639
444 23517 639
23517 5630 639
5630 17247 639
17247 28195 639
28195 12822 639
12822 13870 639
13870 3563 639
3563 18326 639
18326 13409 639
13409 19152 639
19152 12686 639
12686 22354 639
22354 17577 639
17577 31666 639
31666 20279 639
20279 23543 639
7310 28757 640
28757 33408 640
33408 34259 640
34259 16214 640
16214 14392 640
14392 27427 640
27427 415 640
415 17109 640
17109 35548 640
35548 9763 640
9763 24511 640
24511 11147 640
11147 37048 640
37048 32241 640
32241 7317 640
7317 15775 640
15775 25937 640
25937 5398 640
5398 28139 640
28139 34231 640
34231 40221 640
40221 38058 640
38058 14554 640
14554 7834 640
7834 11106 640
11106 30177 640
30177 27479 640
27479 22776 640
22776 4602 640
4602 36817 640
36817 11460 640
11460 37882 640
37882 37613 640
37613 32144 640
32144 7238 640
7238 15463 640
15463 6240 640
6240 30043 640
30043 2174 640
2174 25347 640
25347 8023 640
5090 29799 641
29799 41575 641
41575 21518 641
21518 37014 641
37014 13513 641
13513 27283 641
27283 36896 641
36896 34557 641
34557 32058 641
32058 27297 641
27297 33069 641
33069 23286 641
23286 38856 641
38856 12063 641
12063 10510 641
10510 2779 641
2779 34157 641
34157 34850 641
34850 22888 641
22888 26778 641
26778 29037 641
29037 9882 641
9882 24131 641
24131 31684 641
31684 25288 641
25288 17588 641
17588 23131 641
23131 20979 641
20979 15353 641
15353 6159 641
6159 30962 641
30962 7094 641
7094 77 641
77 35609 641
35609 41877 641
41877 18069 641
18069 14392 641
14392 13191 641
13191 40891 641
40891 26326 641
26326 23946 641
7496 14359 642
14359 33085 642
33085 38765 642
38765 34733 642
34733 22974 642
22974 13848 642
13848 37870 642
37870 10375 642
10375 40929 642
40929 8376 642
8376 18360 642
18360 27881 642
27881 5171 642
5171 26424 642
26424 21718 642
21718 21763 642
21763 29531 642
29531 37827 642
37827 8441 642
8441 14017 642
14017 27525 642
27525 14157 642
14157 11007 642
11007 125 642
125 41090 642
41090 29587 642
29587 31976 642
31976 5832 642
5832 11048 642
11048 41979 642
41979 28775 642
28775 1187 642
1187 29200 642
29200 2679 642
2679 12536 642
12536 41097 642
41097 27200 642
27200 31418 642
31418 4837 642
4837 39815 642
39815 29642 642
34620 24438 643
24438 6841 643
6841 39636 643
39636 22222 643
22222 39778 643
39778 10335 643
10335 25360 643
25360 16908 643
16908 611 643
611 17052 643
17052 27933 643
27933 5538 643
5538 3823 643
3823 4406 643
4406 25756 643
25756 723 643
723 39460 643
39460 27446 643
27446 36963 643
36963 13537 643
13537 812 643
812 33252 643
33252 24504 643
24504 23199 643
23199 11408 643
11408 33313 643
33313 15832 643
15832 34519 643
34519 11171 643
11171 39364 643
39364 4472 643
4472 16257 643
16257 5976 643
5976 29874 643
29874 7653 643
7653 18750 643
18750 33220 643
33220 20003 643
20003 39873 643
39873 13447 643
13447 3438 643
15427 28210 644
28210 28246 644
28246 11461 644
11461 12254 644
12254 15055 644
15055 31436 644
31436 33221 644
33221 10577 644
10577 24773 644
24773 12869 644
12869 37480 644
37480 10774 644
10774 3542 644
3542 40575 644
40575 18808 644
18808 27135 644
27135 41661 644
41661 12931 644
12931 14319 644
14319 14879 644
14879 8078 644
8078 34614 644
34614 36876 644
36876 17657 644
17657 26035 644
26035 21161 644
21161 38049 644
38049 33840 644
33840 27169 644
27169 26606 644
26606 25391 644
25391 29211 644
29211 26247 644
26247 28791 644
28791 39283 644
39283 14752 644
14752 7943 644
7943 39608 644
39608 27736 644
27736 21393 644
21393 20416 644
39082 19849 645
19849 4362 645
4362 17685 645
17685 31532 645
31532 26194 645
26194 6917 645
6917 36867 645
36867 10893 645
10893 27640 645
27640 19390 645
19390 22365 645
22365 4348 645
4348 8756 645
8756 17095 645
17095 41932 645
41932 37841 645
37841 6529 645
6529 41248 645
41248 33023 645
33023 22230 645
22230 30417 645
30417 8923 645
8923 6020 645
6020 15219 645
15219 28682 645
28682 40677 645
40677 35558 645
35558 31419 645
31419 14342 645
14342 41209 645
41209 17452 645
17452 40357 645
40357 40960 645
40960 22385 645
22385 1858 645
1858 8194 645
8194 27263 645
27263 2225 645
2225 9100 645
9100 9625 645
9625 9127 645
28845 4355 646
4355 2346 646
2346 23783 646
23783 24304 646
24304 37621 646
37621 26868 646
26868 21125 646
21125 27064 646
27064 11783 646
11783 20914 646
20914 19208 646
19208 32181 646
32181 9565 646
9565 31742 646
31742 21466 646
21466 7284 646
7284 17003 646
17003 33107 646
33107 27554 646
27554 40138 646
40138 38003 646
38003 27797 646
27797 23370 646
23370 13625 646
13625 3660 646
3660 17793 646
17793 5004 646
5004 28922 646
28922 27762 646
27762 1983 646
1983 22360 646
22360 4681 646
4681 31716 646
31716 37021 646
37021 38967 646
38967 36521 646
36521 33905 646
33905 39507 646
39507 16519 646
16519 24059 646
24059 30272 646
8477 14310 647
14310 29368 647
29368 2186 647
2186 15402 647
15402 5527 647
5527 36182 647
36182 11014 647
11014 15141 647
15141 27631 647
27631 34682 647
34682 32110 647
32110 4023 647
4023 33343 647
33343 15963 647
15963 4215 647
4215 11148 647
11148 3011 647
3011 21975 647
21975 29898 647
29898 15493 647
15493 28453 647
28453 9416 647
9416 37404 647
37404 8802 647
8802 2007 647
2007 11998 647
11998 25942 647
25942 41664 647
41664 14174 647
14174 10116 647
10116 26919 647
26919 33268 647
33268 900 647
900 437 647
437 19114 647
19114 21987 647
21987 21509 647
21509 29872 647
29872 23594 647
23594 25620 647
25620 16856 647
32755 32127 648
32127 16621 648
16621 35719 648
35719 37883 648
37883 7367 648
7367 7614 648
7614 6233 648
6233 35908 648
35908 40857 648
40857 25000 648
25000 15300 648
15300 22851 648
22851 2878 648
2878 27824 648
27824 40557 648
40557 14888 648
14888 20255 648
20255 11717 648
11717 6837 648
6837 32122 648
32122 25544 648
25544 22800 648
22800 20772 648
20772 22074 648
22074 25469 648
25469 33651 648
33651 20946 648
20946 31821 648
31821 13241 648
13241 35993 648
35993 39794 648
39794 4526 648
4526 19728 648
19728 1924 648
1924 26952 648
26952 21592 648
21592 32175 648
32175 41694 648
41694 12614 648
12614 9128 648
9128 16293 648
14582 6001 649
6001 24183 649
24183 29115 649
29115 27137 649
27137 30186 649
30186 17700 649
17700 22317 649
22317 4322 649
4322 39116 649
39116 2574 649
2574 10113 649
10113 33476 649
33476 28981 649
28981 36355 649
36355 31983 649
31983 30798 649
30798 16933 649
16933 21881 649
21881 603 649
603 11026 649
11026 32664 649
32664 7928 649
7928 12304 649
12304 11826 649
11826 26204 649
26204 13324 649
13324 2913 649
2913 40761 649
40761 7960 649
7960 21207 649
21207 39556 649
39556 6491 649
6491 5364 649
5364 31416 649
31416 26191 649
26191 19104 649
19104 26201 649
26201 26140 649
26140 29037 649
29037 16539 649
16539 11079 649
35798 24710 650
24710 24722 650
24722 10974 650
10974 1505 650
1505 27795 650
27795 5809 650
5809 26661 650
26661 1063 650
1063 36041 650
36041 22429 650
22429 22576 650
22576 20905 650
20905 29058 650
29058 29637 650
29637 26750 650
26750 25964 650
25964 36753 650
36753 28399 650
28399 1886 650
1886 24946 650
24946 10080 650
10080 3478 650
3478 35538 650
35538 12340 650
12340 35876 650
35876 6985 650
6985 2566 650
2566 17114 650
17114 7656 650
7656 28363 650
28363 31363 650
31363 15271 650
15271 17594 650
17594 29328 650
29328 5917 650
5917 41127 650
41127 1908 650
1908 38193 650
38193 37642 650
37642 19878 650
19878 31589 650
10803 3529 651
3529 11420 651
11420 36249 651
36249 21700 651
21700 14372 651
14372 6753 651
6753 29354 651
29354 12477 651
12477 7486 651
7486 39069 651
39069 22141 651
22141 22455 651
22455 17300 651
17300 22793 651
22793 32263 651
32263 16560 651
16560 27440 651
27440 10107 651
10107 13005 651
13005 22650 651
22650 19480 651
19480 22734 651
22734 39129 651
39129 26547 651
26547 15318 651
15318 30624 651
30624 27666 651
27666 15191 651
15191 1427 651
1427 3119 651
3119 12866 651
12866 14742 651
14742 33541 651
33541 18513 651
18513 3930 651
3930 17285 651
17285 19549 651
19549 4201 651
4201 40002 651
40002 29263 651
29263 12873 651
13616 208 652
208 32013 652
32013 15022 652
15022 9832 652
9832 21122 652
21122 29390 652
29390 12406 652
12406 4159 652
4159 31057 652
31057 10909 652
10909 35685 652
35685 9824 652
9824 26619 652
26619 14073 652
14073 37968 652
37968 34838 652
34838 18103 652
18103 12886 652
12886 19238 652
19238 18494 652
18494 3578 652
3578 20355 652
20355 1165 652
1165 12959 652
12959 10762 652
10762 8886 652
8886 10170 652
10170 26817 652
26817 12297 652
12297 28344 652
28344 18466 652
18466 9240 652
9240 740 652
740 36221 652
36221 32366 652
32366 20948 652
20948 1402 652
1402 39440 652
39440 6768 652
6768 19004 652
19004 12687 652
16236 33507 653
33507 25883 653
25883 21124 653
21124 39559 653
39559 8705 653
8705 40271 653
40271 16034 653
16034 32819 653
32819 32256 653
32256 16475 653
16475 39947 653
39947 13096 653
13096 23215 653
23215 24408 653
24408 35494 653
35494 27894 653
27894 26732 653
26732 36832 653
36832 3970 653
3970 35662 653
35662 27043 653
27043 31694 653
31694 12017 653
12017 26512 653
26512 16468 653
16468 41712 653
41712 20993 653
20993 25026 653
25026 18656 653
18656 28874 653
28874 32195 653
32195 19267 653
19267 3817 653
3817 15330 653
15330 36588 653
36588 556 653
556 2719 653
2719 1378 653
1378 3371 653
3371 14047 653
14047 4607 653
41116 41354 654
41354 37760 654
37760 24832 654
24832 38019 654
38019 24821 654
24821 40286 654
40286 15987 654
15987 24364 654
24364 18766 654
18766 34780 654
34780 2713 654
2713 14659 654
14659 17918 654
17918 26867 654
26867 22048 654
22048 2009 654
2009 38539 654
38539 14216 654
14216 39502 654
39502 35412 654
35412 38730 654
38730 22741 654
22741 26478 654
26478 32410 654
32410 20887 654
20887 30143 654
30143 13534 654
13534 27037 654
27037 31239 654
31239 7415 654
7415 8021 654
8021 512 654
512 26086 654
26086 13893 654
13893 4266 654
4266 31734 654
31734 27266 654
27266 35892 654
35892 34784 654
34784 5742 654
5742 28716 654
8154 654 655
654 8557 655
8557 20462 655
20462 29827 655
29827 27629 655
27629 27018 655
27018 13290 655
13290 8874 655
8874 37007 655
37007 10480 655
10480 28941 655
28941 29765 655
29765 4491 655
4491 21673 655
21673 2610 655
2610 29642 655
29642 21601 655
21601 36780 655
36780 38284 655
38284 5742 655
5742 35317 655
35317 10688 655
10688 17325 655
17325 3624 655
3624 14544 655
14544 24732 655
24732 4044 655
4044 9328 655
9328 21708 655
21708 31599 655
31599 23962 655
23962 10955 655
10955 21190 655
21190 3249 655
3249 37932 655
37932 21388 655
21388 13893 655
13893 10441 655
10441 16187 655
16187 28678 655
28678 35424 655
13602 28717 656
28717 41938 656
41938 33031 656
33031 20158 656
20158 29615 656
29615 15870 656
15870 32170 656
32170 29673 656
29673 8240 656
8240 6374 656
6374 7132 656
7132 12685 656
12685 36615 656
36615 36477 656
36477 41219 656
41219 9737 656
9737 28932 656
28932 28205 656
28205 658 656
658 41440 656
41440 17851 656
17851 7079 656
7079 20695 656
20695 9040 656
9040 18868 656
18868 5022 656
5022 7189 656
7189 19396 656
19396 13280 656
13280 26433 656
26433 11579 656
11579 8828 656
8828 35563 656
35563 24745 656
24745 11160 656
11160 15058 656
15058 32963 656
32963 38303 656
38303 2382 656
2382 11561 656
11561 30869 656
9263 38190 657
38190 40982 657
40982 13918 657
13918 9739 657
9739 26532 657
26532 4442 657
4442 5752 657
5752 24957 657
24957 13727 657
13727 32408 657
32408 27083 657
27083 9594 657
9594 35897 657
35897 21443 657
21443 37934 657
37934 39891 657
39891 26533 657
26533 13630 657
13630 36300 657
36300 26423 657
26423 14565 657
14565 29994 657
29994 20603 657
20603 22336 657
22336 9559 657
9559 27715 657
27715 29507 657
29507 20078 657
20078 13716 657
13716 24945 657
24945 33965 657
33965 13962 657
13962 10097 657
10097 4363 657
4363 23328 657
23328 29166 657
29166 11181 657
11181 6449 657
6449 39250 657
39250 12418 657
12418 17611 657
35884 1749 658
1749 38800 658
38800 5299 658
5299 38197 658
38197 5063 658
5063 21724 658
21724 28147 658
28147 12804 658
12804 22833 658
22833 24208 658
24208 31185 658
31185 12002 658
12002 17835 658
17835 18393 658
18393 3954 658
3954 19246 658
19246 38381 658
38381 14038 658
14038 16437 658
16437 8910 658
8910 2084 658
2084 2110 658
2110 3215 658
3215 29464 658
29464 32520 658
32520 10812 658
10812 23617 658
23617 28550 658
28550 9964 658
9964 2808 658
2808 31998 658
31998 24079 658
24079 8397 658
8397 38848 658
38848 21775 658
21775 14323 658
14323 25987 658
25987 19020 658
19020 6754 658
6754 10447 658
10447 15637 658
20692 27701 659
27701 38894 659
38894 22667 659
22667 19821 659
19821 2318 659
2318 37 659
37 21298 659
21298 5905 659
5905 13766 659
13766 25023 659
25023 28931 659
28931 4162 659
4162 13906 659
13906 27644 659
27644 31251 659
31251 24306 659
24306 34425 659
34425 18842 659
18842 4313 659
4313 23395 659
23395 415 659
415 19757 659
19757 31362 659
31362 36145 659
36145 26151 659
26151 20995 659
20995 22261 659
22261 15831 659
15831 18516 659
18516 34881 659
34881 21112 659
21112 12168 659
12168 8489 659
8489 41327 659
41327 38431 659
38431 20263 659
20263 25610 659
25610 27437 659
27437 1709 659
1709 28244 659
28244 15109 659
4338 23553 660
23553 19040 660
19040 23368 660
23368 41055 660
41055 1078 660
1078 2769 660
2769 38760 660
38760 23827 660
23827 8815 660
8815 23748 660
23748 24150 660
24150 2965 660
2965 793 660
793 19925 660
19925 8947 660
8947 5968 660
5968 3291 660
3291 16414 660
16414 15118 660
15118 16565 660
16565 30054 660
30054 20918 660
20918 33659 660
33659 305 660
305 26388 660
26388 14628 660
14628 28873 660
28873 10861 660
10861 7128 660
7128 37002 660
37002 25549 660
25549 40319 660
40319 2785 660
2785 11057 660
11057 16902 660
16902 2847 660
2847 20002 660
20002 25301 660
25301 9106 660
9106 14098 660
14098 2424 660
13482 28009 661
28009 1625 661
1625 24697 661
24697 2504 661
2504 39790 661
39790 16198 661
16198 26892 661
26892 916 661
916 4478 661
4478 36096 661
36096 19017 661
19017 16790 661
16790 18367 661
18367 5835 661
5835 8008 661
8008 10391 661
10391 4970 661
4970 16295 661
16295 19871 661
19871 10 661
10 6604 661
6604 1229 661
1229 19755 661
19755 22749 661
22749 18707 661
18707 29183 661
29183 17330 661
17330 39615 661
39615 23165 661
23165 31450 661
31450 26130 661
26130 38829 661
38829 40638 661
40638 4941 661
4941 17739 661
17739 7346 661
7346 38534 661
38534 30588 661
30588 19650 661
19650 2670 661
2670 15986 661
36276 33356 662
33356 35108 662
35108 5252 662
5252 8807 662
8807 38468 662
38468 27439 662
27439 13137 662
13137 33653 662
33653 1802 662
1802 20645 662
20645 22592 662
22592 33471 662
33471 14201 662
14201 5466 662
5466 35603 662
35603 30628 662
30628 21822 662
21822 36452 662
36452 6186 662
6186 21400 662
21400 12965 662
12965 33457 662
33457 6980 662
6980 2707 662
2707 15276 662
15276 27103 662
27103 2702 662
2702 684 662
684 32460 662
32460 15822 662
15822 37133 662
37133 6155 662
6155 18659 662
18659 26458 662
26458 6151 662
6151 4944 662
4944 26892 662
26892 1892 662
1892 39481 662
39481 1910 662
1910 39726 662
21404 24355 663
24355 24029 663
24029 22305 663
22305 38797 663
38797 27415 663
27415 7343 663
7343 9112 663
9112 41049 663
41049 32066 663
32066 3899 663
3899 20915 663
20915 5244 663
5244 34237 663
34237 10936 663
10936 33167 663
33167 20490 663
20490 19534 663
19534 4055 663
4055 38861 663
38861 41890 663
41890 8693 663
8693 32208 663
32208 22330 663
22330 31 663
31 8497 663
8497 34480 663
34480 23388 663
23388 8528 663
8528 29250 663
29250 28393 663
28393 6318 663
6318 38638 663
38638 6797 663
6797 31803 663
31803 20020 663
20020 31654 663
31654 39260 663
39260 38191 663
38191 26965 663
26965 23122 663
23122 11259 663
2000 3019 664
3019 23105 664
23105 39278 664
39278 7630 664
7630 17184 664
17184 11273 664
11273 12840 664
12840 6682 664
6682 22072 664
22072 13216 664
13216 38911 664
38911 29170 664
29170 37296 664
37296 39622 664
39622 17125 664
17125 40002 664
40002 39049 664
39049 23278 664
23278 35857 664
35857 19600 664
19600 19877 664
19877 884 664
884 9726 664
9726 8091 664
8091 2886 664
2886 41439 664
41439 8625 664
8625 36083 664
36083 37667 664
37667 40986 664
40986 9433 664
9433 26008 664
26008 9325 664
9325 40673 664
40673 29036 664
29036 36627 664
36627 30731 664
30731 4754 664
4754 33174 664
33174 669 664
669 4383 664
20100 27172 665
27172 4704 665
4704 29745 665
29745 10218 665
10218 12771 665
12771 33114 665
33114 16095 665
16095 33969 665
33969 29585 665
29585 8762 665
8762 32261 665
32261 3701 665
3701 34893 665
34893 14355 665
14355 20473 665
20473 39421 665
39421 3783 665
3783 36147 665
36147 20686 665
20686 12508 665
12508 12831 665
12831 23466 665
23466 1482 665
1482 37982 665
37982 2887 665
2887 7794 665
7794 1765 665
1765 37983 665
37983 29621 665
29621 24592 665
24592 1003 665
1003 23658 665
23658 13972 665
13972 15986 665
15986 5953 665
5953 35397 665
35397 2032 665
2032 34183 665
34183 37808 665
37808 3210 665
3210 39232 665
180 6769 666
6769 38217 666
38217 36468 666
36468 34650 666
34650 4353 666
4353 9222 666
9222 19330 666
19330 4728 666
4728 34340 666
34340 26450 666
26450 31843 666
31843 35419 666
35419 8215 666
8215 2013 666
2013 34742 666
34742 15758 666
15758 37772 666
37772 35116 666
35116 23057 666
23057 11835 666
11835 19004 666
19004 31871 666
31871 8009 666
8009 40210 666
40210 30227 666
30227 7973 666
7973 11323 666
11323 2162 666
2162 2229 666
2229 34351 666
34351 29616 666
29616 18428 666
18428 19663 666
19663 23946 666
23946 10873 666
10873 41427 666
41427 17380 666
17380 21373 666
21373 1197 666
1197 31670 666
31670 38440 666
29263 20554 667
20554 32022 667
32022 15494 667
15494 30294 667
30294 18195 667
18195 34139 667
34139 5080 667
5080 28874 667
28874 38593 667
38593 38322 667
38322 5666 667
5666 28766 667
28766 24335 667
24335 22091 667
22091 17273 667
17273 502 667
502 38731 667
38731 11402 667
11402 19037 667
19037 30678 667
30678 31115 667
31115 1628 667
1628 9593 667
9593 6677 667
6677 11763 667
11763 34281 667
34281 40835 667
40835 4586 667
4586 7892 667
7892 34750 667
34750 4171 667
4171 26680 667
26680 15222 667
15222 37805 667
37805 4964 667
4964 14340 667
14340 26213 667
26213 4273 667
4273 31432 667
31432 32353 667
32353 6825 667
17660 40487 668
40487 9324 668
9324 12434 668
12434 826 668
826 7027 668
7027 3243 668
3243 38354 668
38354 335 668
335 25221 668
25221 17383 668
17383 5168 668
5168 24610 668
24610 5763 668
5763 39597 668
39597 16380 668
16380 13786 668
13786 36907 668
36907 32474 668
32474 33886 668
33886 21294 668
21294 31483 668
31483 3516 668
3516 12252 668
12252 31484 668
31484 21441 668
21441 40407 668
40407 20510 668
20510 36246 668
36246 10094 668
10094 1804 668
1804 21877 668
21877 14565 668
14565 35567 668
35567 16920 668
16920 16382 668
16382 35653 668
35653 4106 668
4106 31735 668
31735 30844 668
30844 17633 668
17633 26493 668
5316 40812 669
40812 4242 669
4242 24623 669
24623 15057 669
15057 30891 669
30891 3033 669
3033 26170 669
26170 3693 669
3693 29413 669
29413 2281 669
2281 12319 669
12319 36308 669
36308 21599 669
21599 4243 669
4243 35218 669
35218 24203 669
24203 15128 669
15128 25195 669
25195 11993 669
11993 36249 669
36249 26274 669
26274 14779 669
14779 7781 669
7781 25361 669
25361 38945 669
38945 30564 669
30564 28777 669
28777 30742 669
30742 20559 669
20559 6133 669
6133 1962 669
1962 21887 669
21887 39575 669
39575 16316 669
16316 33027 669
33027 9182 669
9182 22723 669
22723 14292 669
14292 32670 669
32670 15107 669
15107 22208 669
5926 33813 670
33813 11533 670
11533 29850 670
29850 22448 670
22448 10906 670
10906 8922 670
8922 25595 670
25595 13160 670
13160 27090 670
27090 35860 670
35860 12823 670
12823 40906 670
40906 34987 670
34987 5706 670
5706 21430 670
21430 33684 670
33684 16306 670
16306 40095 670
40095 22246 670
22246 5457 670
5457 21231 670
21231 37759 670
37759 8950 670
8950 3902 670
3902 22120 670
22120 36305 670
36305 14604 670
14604 17428 670
17428 9843 670
9843 20106 670
20106 36693 670
36693 34783 670
34783 39778 670
39778 35156 670
35156 30881 670
30881 29734 670
29734 15363 670
15363 25155 670
25155 35097 670
35097 36225 670
36225 8553 670
35437 31969 671
31969 2758 671
2758 2665 671
2665 30342 671
30342 34503 671
34503 25222 671
25222 33560 671
33560 14399 671
14399 344 671
344 37377 671
37377 5589 671
5589 3028 671
3028 18290 671
18290 29453 671
29453 18253 671
18253 38169 671
38169 27747 671
27747 32255 671
32255 37502 671
37502 33572 671
33572 17054 671
17054 16092 671
16092 258 671
258 16870 671
16870 39361 671
39361 29573 671
29573 29814 671
29814 13647 671
13647 18675 671
18675 19035 671
19035 36338 671
36338 8230 671
8230 39736 671
39736 7486 671
7486 11664 671
11664 19687 671
19687 3179 671
3179 22062 671
22062 2065 671
2065 11887 671
11887 37887 671
14045 19885 672
19885 31261 672
31261 8236 672
8236 3360 672
3360 8072 672
8072 32030 672
32030 30113 672
30113 37921 672
37921 34737 672
34737 35608 672
35608 15263 672
15263 26706 672
26706 39776 672
39776 38573 672
38573 18914 672
18914 25473 672
25473 26690 672
26690 41424 672
41424 3614 672
3614 19290 672
19290 7579 672
7579 5300 672
5300 6661 672
6661 37217 672
37217 33705 672
33705 8245 672
8245 26301 672
26301 248 672
248 14787 672
14787 1194 672
1194 14155 672
14155 13458 672
13458 35429 672
35429 322 672
322 3756 672
3756 25394 672
25394 5059 672
5059 10911 672
10911 31613 672
31613 3226 672
3226 38918 672
27283 35261 673
35261 2662 673
2662 5594 673
5594 40776 673
40776 37630 673
37630 26060 673
26060 21783 673
21783 39111 673
39111 14592 673
14592 5998 673
5998 16051 673
16051 16305 673
16305 26054 673
26054 3012 673
3012 8784 673
8784 39694 673
39694 19953 673
19953 12518 673
12518 12905 673
12905 907 673
907 40308 673
40308 32429 673
32429 24071 673
24071 24977 673
24977 25725 673
25725 29356 673
29356 4480 673
4480 30075 673
30075 5263 673
5263 14082 673
14082 33708 673
33708 12460 673
12460 27316 673
27316 5618 673
5618 32506 673
32506 35747 673
35747 23934 673
23934 6610 673
6610 16131 673
16131 16733 673
16733 26065 673
40246 35207 674
35207 6593 674
6593 36018 674
36018 29502 674
29502 29652 674
29652 2278 674
2278 12372 674
12372 41920 674
41920 35732 674
35732 18226 674
18226 12865 674
12865 22963 674
22963 28407 674
28407 31903 674
31903 13464 674
13464 32158 674
32158 16928 674
16928 24107 674
24107 6130 674
6130 20864 674
20864 252 674
252 32548 674
32548 31636 674
31636 22579 674
22579 11387 674
11387 31366 674
31366 33776 674
33776 19359 674
19359 23038 674
23038 25677 674
25677 14786 674
14786 2861 674
2861 15630 674
15630 12253 674
12253 14662 674
14662 22841 674
22841 26212 674
26212 15812 674
15812 8384 674
8384 1642 674
1642 25570 674
37508 6492 675
6492 1328 675
1328 25522 675
25522 14919 675
14919 36281 675
36281 15071 675
15071 16025 675
16025 10306 675
10306 32359 675
32359 1190 675
1190 10828 675
10828 26814 675
26814 7701 675
7701 2881 675
2881 12482 675
12482 32844 675
32844 28073 675
28073 7524 675
7524 37371 675
37371 27937 675
27937 17901 675
17901 18925 675
18925 6665 675
6665 1314 675
1314 19328 675
19328 27999 675
27999 17659 675
17659 39110 675
39110 6406 675
6406 8504 675
8504 8698 675
8698 17839 675
17839 8251 675
8251 12865 675
12865 2837 675
2837 36640 675
36640 31615 675
31615 28244 675
28244 14952 675
14952 4362 675
4362 23326 675
17594 759 676
759 10183 676
10183 20351 676
20351 12736 676
12736 25615 676
25615 41011 676
41011 12828 676
12828 20956 676
20956 10212 676
10212 124 676
124 7645 676
7645 38334 676
38334 18651 676
18651 33445 676
33445 37224 676
37224 11076 676
11076 17547 676
17547 38317 676
38317 26143 676
26143 14697 676
14697 40383 676
40383 40132 676
40132 2950 676
2950 39506 676
39506 26261 676
26261 34199 676
34199 23255 676
23255 28976 676
28976 36946 676
36946 32426 676
32426 9638 676
9638 36085 676
36085 39857 676
39857 28300 676
28300 35525 676
35525 8453 676
8453 11440 676
11440 22607 676
22607 31597 676
31597 40222 676
40222 19170 676
8780 7281 677
7281 27305 677
27305 25324 677
25324 40211 677
40211 10864 677
10864 11782 677
11782 29306 677
29306 4398 677
4398 18234 677
18234 32028 677
32028 149 677
149 22238 677
22238 30494 677
30494 13585 677
13585 37677 677
37677 18227 677
18227 5876 677
5876 7627 677
7627 26172 677
26172 11885 677
11885 36506 677
36506 24440 677
24440 30778 677
30778 14275 677
14275 40266 677
40266 18999 677
18999 15620 677
15620 39682 677
39682 19029 677
19029 3659 677
3659 26704 677
26704 14570 677
14570 7071 677
7071 19299 677
19299 11846 677
11846 26716 677
26716 5099 677
5099 18497 677
18497 34448 677
34448 4939 677
4939 13423 677
19092 18604 678
18604 28287 678
28287 32278 678
32278 33562 678
33562 2579 678
2579 10794 678
10794 2775 678
2775 37105 678
37105 21322 678
21322 406 678
406 40736 678
40736 7340 678
7340 9447 678
9447 31252 678
31252 36019 678
36019 22950 678
22950 7166 678
7166 21507 678
21507 27237 678
27237 17627 678
17627 11605 678
11605 28205 678
28205 17597 678
17597 29336 678
29336 24325 678
24325 18854 678
18854 10259 678
10259 26797 678
26797 6185 678
6185 7033 678
7033 21026 678
21026 8540 678
8540 12477 678
12477 24943 678
24943 23315 678
23315 33632 678
33632 5863 678
5863 26899 678
26899 17324 678
17324 9001 678
9001 20187 678
114 21388 679
21388 33173 679
33173 2637 679
2637 13713 679
13713 4724 679
4724 28389 679
28389 11252 679
11252 13913 679
13913 13897 679
13897 39690 679
39690 4973 679
4973 6013 679
6013 32394 679
32394 1359 679
1359 4332 679
4332 18329 679
18329 10466 679
10466 30045 679
30045 29029 679
29029 17066 679
17066 35846 679
35846 25303 679
25303 29521 679
29521 30938 679
30938 2247 679
2247 1581 679
1581 38179 679
38179 35195 679
35195 29130 679
29130 24099 679
24099 19605 679
19605 26056 679
26056 17764 679
17764 1839 679
1839 3074 679
3074 7935 679
7935 28997 679
28997 32432 679
32432 37555 679
37555 32519 679
32519 29060 679
14500 8788 680
8788 18085 680
18085 33543 680
33543 22032 680
22032 18398 680
18398 8373 680
8373 29476 680
29476 12302 680
12302 32155 680
32155 779 680
779 15058 680
15058 30247 680
30247 4683 680
4683 41016 680
41016 6246 680
6246 4928 680
4928 13992 680
13992 3406 680
3406 16952 680
16952 19125 680
19125 16502 680
16502 35049 680
35049 32034 680
32034 12242 680
12242 14346 680
14346 32645 680
32645 39649 680
39649 13218 680
13218 14949 680
14949 40857 680
40857 15284 680
15284 7146 680
7146 41689 680
41689 3303 680
3303 1724 680
1724 24629 680
24629 23250 680
23250 36904 680
36904 28680 680
28680 26670 680
26670 36203 680
31710 30219 681
30219 15142 681
15142 35061 681
35061 12715 681
12715 37214 681
37214 40902 681
40902 41611 681
41611 23704 681
23704 18415 681
18415 29041 681
29041 28306 681
28306 39758 681
39758 21301 681
21301 31794 681
31794 15101 681
15101 1121 681
1121 29613 681
29613 40164 681
40164 36002 681
36002 10986 681
10986 17881 681
17881 3002 681
3002 11626 681
11626 2822 681
2822 21898 681
21898 23134 681
23134 27339 681
27339 16738 681
16738 23060 681
23060 38237 681
38237 16380 681
16380 11179 681
11179 33418 681
33418 4469 681
4469 37998 681
37998 28818 681
28818 2850 681
2850 27346 681
27346 36741 681
36741 35364 681
35364 25606 681
9956 386 682
386 21451 682
21451 41341 682
41341 28206 682
28206 40276 682
40276 32662 682
32662 35063 682
35063 11038 682
11038 19796 682
19796 14575 682
14575 12764 682
12764 32124 682
32124 30697 682
30697 18220 682
18220 41605 682
41605 15450 682
15450 17191 682
17191 33977 682
33977 7015 682
7015 25896 682
25896 22750 682
22750 30708 682
30708 14025 682
14025 16008 682
16008 32168 682
32168 2528 682
2528 30040 682
30040 11072 682
11072 38250 682
38250 6604 682
6604 23192 682
23192 21506 682
21506 23883 682
23883 23200 682
23200 26564 682
26564 4943 682
4943 9943 682
9943 28130 682
28130 38921 682
38921 27129 682
27129 40262 682
24452 4749 683
4749 41417 683
41417 20606 683
20606 231 683
231 7295 683
7295 9315 683
9315 11430 683
11430 32002 683
32002 5621 683
5621 30564 683
30564 13813 683
13813 36068 683
36068 26374 683
26374 36609 683
36609 31190 683
31190 6266 683
6266 9628 683
9628 12344 683
12344 18067 683
18067 21617 683
21617 22951 683
22951 23287 683
23287 20985 683
20985 1498 683
1498 27912 683
27912 34161 683
34161 40033 683
40033 8878 683
8878 9341 683
9341 2704 683
2704 11423 683
11423 37403 683
37403 19583 683
19583 24528 683
24528 40541 683
40541 27006 683
27006 26773 683
26773 27395 683
27395 27424 683
27424 38286 683
38286 5842 683
4732 29864 684
29864 4353 684
4353 30271 684
30271 357 684
357 15133 684
15133 39199 684
39199 665 684
665 38773 684
38773 18031 684
18031 40364 684
40364 20717 684
20717 31196 684
31196 217 684
217 20185 684
20185 14107 684
14107 14889 684
14889 29457 684
29457 17947 684
17947 27287 684
27287 25009 684
25009 4809 684
4809 37860 684
37860 37565 684
37565 6004 684
6004 13833 684
13833 28308 684
28308 40750 684
40750 1355 684
1355 31219 684
31219 38906 684
38906 36922 684
36922 20118 684
20118 33379 684
33379 2251 684
2251 17212 684
17212 17234 684
17234 17582 684
17582 15288 684
15288 11800 684
11800 27777 684
27777 1672 684
25259 38783 685
38783 31785 685
31785 30493 685
30493 5413 685
5413 883 685
883 4877 685
4877 33372 685
33372 38707 685
38707 21525 685
21525 11594 685
11594 26068 685
26068 4272 685
4272 6312 685
6312 33511 685
33511 28148 685
28148 26484 685
26484 37563 685
37563 35435 685
35435 8691 685
8691 25907 685
25907 35667 685
35667 23716 685
23716 28857 685
28857 32940 685
32940 39648 685
39648 32474 685
32474 35637 685
35637 32093 685
32093 19979 685
19979 30464 685
30464 25579 685
25579 25335 685
25335 23112 685
23112 29382 685
29382 34612 685
34612 2144 685
2144 7778 685
7778 29884 685
29884 30912 685
30912 35298 685
35298 7692 685
6345 28710 686
28710 20785 686
20785 8149 686
8149 8891 686
8891 21798 686
21798 24573 686
24573 36655 686
36655 16616 686
16616 34601 686
34601 27949 686
27949 35387 686
35387 13511 686
13511 3170 686
3170 33842 686
33842 41341 686
41341 1271 686
1271 20937 686
20937 7003 686
7003 12983 686
12983 28181 686
28181 34089 686
34089 17396 686
17396 10141 686
10141 12208 686
12208 31522 686
31522 84 686
84 2197 686
2197 24700 686
24700 10073 686
10073 40121 686
40121 4361 686
4361 41784 686
41784 32757 686
32757 17417 686
17417 32198 686
32198 38512 686
38512 26127 686
26127 39674 686
39674 40170 686
40170 5661 686
5661 9256 686
41289 31823 687
31823 22374 687
22374 12110 687
12110 35398 687
35398 8153 687
8153 6765 687
6765 9472 687
9472 15704 687
15704 10398 687
10398 40187 687
40187 20273 687
20273 27435 687
27435 2614 687
2614 31956 687
31956 8215 687
8215 30971 687
30971 33592 687
33592 26419 687
26419 36072 687
36072 9345 687
9345 36376 687
36376 33835 687
33835 15423 687
15423 2949 687
2949 39643 687
39643 39617 687
39617 10024 687
10024 39696 687
39696 33781 687
33781 4053 687
4053 6395 687
6395 30031 687
30031 13495 687
13495 22831 687
22831 2458 687
2458 4664 687
4664 17724 687
17724 25174 687
25174 34583 687
34583 41798 687
41798 7563 687
31837 29538 688
29538 16391 688
16391 21515 688
21515 6855 688
6855 22709 688
22709 34411 688
34411 20458 688
20458 16992 688
16992 16434 688
16434 19542 688
19542 592 688
592 20997 688
20997 2835 688
2835 13303 688
13303 13423 688
13423 37057 688
37057 22250 688
22250 36126 688
36126 14221 688
14221 38040 688
38040 20247 688
20247 35776 688
35776 12415 688
12415 19186 688
19186 5564 688
5564 29084 688
29084 35299 688
35299 35297 688
35297 36551 688
36551 884 688
884 2770 688
2770 2596 688
2596 13899 688
13899 32840 688
32840 678 688
678 9328 688
9328 37962 688
37962 10671 688
10671 4654 688
4654 31212 688
31212 20603 688
34258 35473 689
35473 5563 689
5563 27558 689
27558 35075 689
35075 40796 689
40796 5815 689
5815 5506 689
5506 34108 689
34108 36533 689
36533 39695 689
39695 4279 689
4279 20553 689
20553 28289 689
28289 15948 689
15948 21024 689
21024 9870 689
9870 19558 689
19558 28771 689
28771 17507 689
17507 10945 689
10945 30590 689
30590 20682 689
20682 35795 689
35795 41014 689
41014 14898 689
14898 30763 689
30763 9091 689
9091 1560 689
1560 32372 689
32372 32391 689
32391 12055 689
12055 10142 689
10142 33561 689
33561 14549 689
14549 26121 689
26121 25046 689
25046 35818 689
35818 28295 689
28295 1287 689
1287 16416 689
16416 19622 689
22686 8362 690
8362 4472 690
4472 23381 690
23381 10784 690
10784 38692 690
38692 21239 690
21239 4407 690
4407 3105 690
3105 17485 690
17485 15367 690
15367 3526 690
3526 20776 690
20776 25946 690
25946 15807 690
15807 10744 690
10744 16683 690
16683 27151 690
27151 20026 690
20026 12686 690
12686 35413 690
35413 16826 690
16826 23797 690
23797 13426 690
13426 17794 690
17794 6756 690
6756 30892 690
30892 13791 690
13791 7598 690
7598 23099 690
23099 3259 690
3259 17207 690
17207 2070 690
2070 25045 690
25045 2183 690
2183 7250 690
7250 75 690
75 35276 690
35276 1075 690
1075 37852 690
37852 13896 690
13896 25773 690
3462 11310 691
11310 25689 691
25689 32711 691
32711 32932 691
32932 32272 691
32272 30843 691
30843 38132 691
38132 3103 691
3103 23623 691
23623 22167 691
22167 31409 691
31409 27907 691
27907 18774 691
18774 20230 691
20230 36196 691
36196 27878 691
27878 11290 691
11290 7390 691
7390 3086 691
3086 10604 691
10604 28644 691
28644 36514 691
36514 36829 691
36829 25005 691
25005 2821 691
2821 3640 691
3640 33355 691
33355 14369 691
14369 18822 691
18822 25075 691
25075 28990 691
28990 37834 691
37834 20936 691
20936 4692 691
4692 30762 691
30762 12423 691
12423 10309 691
10309 12354 691
12354 26775 691
26775 26668 691
26668 15446 691
10197 6190 692
6190 14873 692
14873 29037 692
29037 40316 692
40316 36685 692
36685 13407 692
13407 16935 692
16935 37289 692
37289 5905 692
5905 11279 692
11279 2325 692
2325 9588 692
9588 23417 692
23417 5255 692
5255 31909 692
31909 27659 692
27659 4335 692
4335 1121 692
1121 19871 692
19871 2974 692
2974 25641 692
25641 10667 692
10667 39078 692
39078 1954 692
1954 16699 692
16699 32504 692
32504 14124 692
14124 19729 692
19729 17558 692
17558 16826 692
16826 30748 692
30748 8671 692
8671 19391 692
19391 39784 692
39784 34115 692
34115 5606 692
5606 6414 692
6414 17409 692
17409 1922 692
1922 14382 692
14382 33084 692
23800 39755 693
39755 16361 693
16361 20658 693
20658 21392 693
21392 13869 693
13869 28885 693
28885 11007 693
11007 25860 693
25860 35149 693
35149 17748 693
17748 29955 693
29955 32331 693
32331 17806 693
17806 40551 693
40551 23363 693
23363 2744 693
2744 7784 693
7784 216 693
216 12570 693
12570 16965 693
16965 27638 693
27638 38998 693
38998 37709 693
37709 38954 693
38954 24036 693
24036 9305 693
9305 7648 693
7648 2696 693
2696 35272 693
35272 29390 693
29390 2548 693
2548 40689 693
40689 8693 693
8693 23286 693
23286 8817 693
8817 32411 693
32411 2434 693
2434 21499 693
21499 1731 693
1731 16388 693
16388 13238 693
27080 23584 694
23584 7779 694
7779 40649 694
40649 41063 694
41063 37364 694
37364 19240 694
19240 1035 694
1035 21803 694
21803 19177 694
19177 28518 694
28518 25555 694
25555 15347 694
15347 20695 694
20695 39064 694
39064 6048 694
6048 16344 694
16344 29299 694
29299 30865 694
30865 32235 694
32235 25475 694
25475 2993 694
2993 22386 694
22386 2783 694
2783 33055 694
33055 20947 694
20947 26793 694
26793 29476 694
29476 12384 694
12384 19459 694
19459 21089 694
21089 19722 694
19722 859 694
859 15807 694
15807 35209 694
35209 26291 694
26291 3438 694
3438 29136 694
29136 6894 694
6894 26160 694
26160 20520 694
20520 36485 694
29753 9559 695
9559 15250 695
15250 17734 695
17734 35413 695
35413 12492 695
12492 16380 695
16380 5716 695
5716 9609 695
9609 22018 695
22018 22214 695
22214 35643 695
35643 34114 695
34114 31435 695
31435 1872 695
1872 17150 695
17150 2787 695
2787 10412 695
10412 24312 695
24312 23563 695
23563 17590 695
17590 24313 695
24313 32457 695
32457 375 695
375 22365 695
22365 7331 695
7331 10760 695
10760 29069 695
29069 3998 695
3998 1772 695
1772 2221 695
2221 33580 695
33580 8379 695
8379 27355 695
27355 35964 695
35964 12003 695
12003 17645 695
17645 13030 695
13030 12250 695
12250 37818 695
37818 30536 695
30536 40907 695
15091 19489 696
19489 25894 696
25894 23702 696
23702 33958 696
33958 18288 696
18288 6585 696
6585 704 696
704 27600 696
27600 39022 696
39022 31406 696
31406 17325 696
17325 20326 696
20326 683 696
683 39708 696
39708 18160 696
18160 16288 696
16288 35206 696
35206 28285 696
28285 13832 696
13832 15617 696
15617 29421 696
29421 41687 696
41687 31612 696
31612 28700 696
28700 22139 696
22139 39682 696
39682 6730 696
6730 9702 696
9702 25675 696
25675 16627 696
16627 27575 696
27575 9264 696
9264 1138 696
1138 19167 696
19167 13289 696
13289 4699 696
4699 6092 696
6092 2453 696
2453 29303 696
29303 12752 696
12752 17730 696
2528 11567 697
11567 29994 697
29994 33948 697
33948 9427 697
9427 15497 697
15497 31531 697
31531 334 697
334 18239 697
18239 4123 697
4123 39630 697
39630 35136 697
35136 40820 697
40820 31091 697
31091 15203 697
15203 40057 697
40057 27816 697
27816 40450 697
40450 6057 697
6057 40076 697
40076 3331 697
3331 26755 697
26755 27180 697
27180 1931 697
1931 18993 697
18993 6523 697
6523 37740 697
37740 12640 697
12640 36186 697
36186 2611 697
2611 24467 697
24467 1367 697
1367 35299 697
35299 2619 697
2619 30051 697
30051 24668 697
24668 25438 697
25438 25470 697
25470 36540 697
36540 3198 697
3198 11289 697
11289 22889 697
9184 19409 698
19409 9689 698
9689 5774 698
5774 37733 698
37733 6890 698
6890 16184 698
16184 2649 698
2649 39191 698
39191 27206 698
27206 36274 698
36274 26789 698
26789 671 698
671 41076 698
41076 18718 698
18718 41581 698
41581 19270 698
19270 37010 698
37010 4398 698
4398 34273 698
34273 19180 698
19180 684 698
684 27386 698
27386 24057 698
24057 7024 698
7024 8776 698
8776 40459 698
40459 39172 698
39172 10934 698
10934 5615 698
5615 15134 698
15134 14648 698
14648 35214 698
35214 35593 698
35593 19435 698
19435 28356 698
28356 31624 698
31624 29121 698
29121 27807 698
27807 25570 698
25570 41828 698
41828 13008 698
13429 20617 699
20617 23650 699
23650 39397 699
39397 4176 699
4176 18294 699
18294 9518 699
9518 18951 699
18951 39281 699
39281 18218 699
18218 11519 699
11519 30641 699
30641 17004 699
17004 25935 699
25935 11142 699
11142 22401 699
22401 40926 699
40926 32386 699
32386 9260 699
9260 11071 699
11071 22286 699
22286 12518 699
12518 24705 699
24705 34727 699
34727 24239 699
24239 1139 699
1139 17342 699
17342 27261 699
27261 17145 699
17145 33066 699
33066 19723 699
19723 25083 699
25083 3755 699
3755 9032 699
9032 14410 699
14410 18372 699
18372 41586 699
41586 26687 699
26687 31952 699
31952 28886 699
28886 24273 699
24273 39487 699
6862 21068 700
21068 36699 700
36699 37869 700
37869 19769 700
19769 18156 700
18156 7067 700
7067 15645 700
15645 33304 700
33304 37563 700
37563 19521 700
19521 23713 700
23713 36511 700
36511 12321 700
12321 19867 700
19867 32499 700
32499 4465 700
4465 19514 700
19514 1459 700
1459 32132 700
32132 25917 700
25917 38112 700
38112 35652 700
35652 35976 700
35976 5197 700
5197 41605 700
41605 26723 700
26723 5970 700
5970 38845 700
38845 14625 700
14625 28728 700
28728 14716 700
14716 25598 700
25598 29955 700
29955 4014 700
4014 36094 700
36094 36904 700
36904 21422 700
21422 11866 700
11866 39345 700
39345 22887 700
22887 530 700
5115 30640 701
30640 36297 701
36297 36921 701
36921 23717 701
23717 13903 701
13903 21064 701
21064 31150 701
31150 15935 701
15935 14335 701
14335 14293 701
14293 327 701
327 23320 701
23320 25279 701
25279 23221 701
23221 23988 701
23988 34134 701
34134 7173 701
7173 41981 701
41981 34369 701
34369 21490 701
21490 35646 701
35646 27223 701
27223 22801 701
22801 16878 701
16878 11326 701
11326 25074 701
25074 27931 701
27931 19432 701
19432 30366 701
30366 5428 701
5428 8002 701
8002 12530 701
12530 16497 701
16497 4587 701
4587 10722 701
10722 21052 701
21052 36813 701
36813 3811 701
3811 25223 701
25223 38841 701
38841 26104 701
21492 38746 702
38746 29641 702
29641 17284 702
17284 33161 702
33161 37243 702
37243 20368 702
20368 33032 702
33032 38827 702
38827 40675 702
40675 520 702
520 25226 702
25226 2992 702
2992 39243 702
39243 34680 702
34680 2614 702
2614 2137 702
2137 9208 702
9208 33096 702
33096 37086 702
37086 14447 702
14447 37825 702
37825 39256 702
39256 3009 702
3009 22767 702
22767 34477 702
34477 37878 702
37878 3327 702
3327 31729 702
31729 3048 702
3048 22435 702
22435 7841 702
7841 31834 702
31834 40257 702
40257 13659 702
13659 21590 702
21590 24018 702
24018 34459 702
34459 15747 702
15747 3889 702
3889 23097 702
23097 41028 702
34567 37081 703
37081 15140 703
15140 33567 703
33567 41093 703
41093 31534 703
31534 36796 703
36796 16175 703
16175 2348 703
2348 26106 703
26106 16251 703
16251 17482 703
17482 27097 703
27097 40518 703
40518 27485 703
27485 31523 703
31523 33217 703
33217 19542 703
19542 2853 703
2853 37938 703
37938 29760 703
29760 26888 703
26888 39258 703
39258 31426 703
31426 9972 703
9972 21222 703
21222 35795 703
35795 5807 703
5807 946 703
946 25207 703
25207 2949 703
2949 31254 703
31254 23206 703
23206 38491 703
38491 20669 703
20669 12605 703
12605 38159 703
38159 23736 703
23736 36267 703
36267 31535 703
31535 34595 703
34595 34511 703
6361 1259 704
1259 808 704
808 18665 704
18665 35191 704
35191 31755 704
31755 11579 704
11579 8918 704
8918 12875 704
12875 25833 704
25833 15164 704
15164 15921 704
15921 30764 704
30764 13894 704
13894 9085 704
9085 24929 704
24929 19964 704
19964 19931 704
19931 36047 704
36047 14886 704
14886 5883 704
5883 16791 704
16791 38324 704
38324 5609 704
5609 5721 704
5721 19688 704
19688 33752 704
33752 33265 704
33265 40400 704
40400 15735 704
15735 31025 704
31025 31330 704
31330 24279 704
24279 32489 704
32489 17543 704
17543 41128 704
41128 27281 704
27281 2304 704
2304 6327 704
6327 27010 704
27010 34441 704
34441 1713 704
6252 2213 705
2213 35572 705
35572 28383 705
28383 2713 705
2713 9300 705
9300 13586 705
13586 14247 705
14247 16875 705
16875 19979 705
19979 10622 705
10622 37202 705
37202 19918 705
19918 1946 705
1946 24559 705
24559 6046 705
6046 2609 705
2609 29368 705
29368 2278 705
2278 7904 705
7904 25852 705
25852 2600 705
2600 25105 705
25105 29905 705
29905 1424 705
1424 38663 705
38663 32472 705
32472 39160 705
39160 30841 705
30841 35360 705
35360 11887 705
11887 18920 705
18920 13307 705
13307 480 705
480 868 705
868 5784 705
5784 41618 705
41618 19887 705
19887 39298 705
39298 21246 705
21246 35290 705
35290 3579 705
22385 35763 706
35763 16616 706
16616 21278 706
21278 19576 706
19576 15866 706
15866 41249 706
41249 2763 706
2763 28610 706
28610 27769 706
27769 27525 706
27525 25413 706
25413 14512 706
14512 10133 706
10133 19580 706
19580 27012 706
27012 25705 706
25705 27427 706
27427 36706 706
36706 6581 706
6581 28601 706
28601 2908 706
2908 27759 706
27759 11691 706
11691 34712 706
34712 40681 706
40681 31701 706
31701 35984 706
35984 34864 706
34864 26826 706
26826 31669 706
31669 29511 706
29511 20143 706
20143 21708 706
21708 30015 706
30015 22966 706
22966 36620 706
36620 30955 706
30955 18349 706
18349 14084 706
14084 36329 706
36329 10869 706
8335 18385 707
18385 30092 707
30092 17908 707
17908 39064 707
39064 365 707
365 40956 707
40956 35622 707
35622 37983 707
37983 9718 707
9718 19644 707
19644 11371 707
11371 13873 707
13873 12177 707
12177 16387 707
16387 33880 707
33880 13477 707
13477 38027 707
38027 17707 707
17707 31215 707
31215 24124 707
24124 27466 707
27466 19531 707
19531 26884 707
26884 20681 707
20681 14320 707
14320 7233 707
7233 7578 707
7578 20841 707
20841 3300 707
3300 33895 707
33895 30528 707
30528 39524 707
39524 15018 707
15018 23496 707
23496 37707 707
37707 21704 707
21704 38959 707
38959 9750 707
9750 3448 707
3448 15337 707
15337 21056 707
8513 39946 708
39946 38502 708
38502 21634 708
21634 3406 708
3406 9837 708
9837 29064 708
29064 4704 708
4704 21500 708
21500 19435 708
19435 16768 708
16768 15262 708
15262 14254 708
14254 31814 708
31814 19396 708
19396 1368 708
1368 40750 708
40750 11637 708
11637 5341 708
5341 39168 708
39168 32908 708
32908 15334 708
15334 2639 708
2639 842 708
842 7511 708
7511 21848 708
21848 8928 708
8928 34936 708
34936 2412 708
2412 32241 708
32241 29346 708
29346 35645 708
35645 12016 708
12016 4180 708
4180 11901 708
11901 23057 708
23057 19820 708
19820 27187 708
27187 26078 708
26078 40691 708
40691 20077 708
20077 39244 708
5517 30236 709
30236 40513 709
40513 16642 709
16642 31956 709
31956 11859 709
11859 36544 709
36544 15022 709
15022 34076 709
34076 6929 709
6929 16019 709
16019 34303 709
34303 35519 709
35519 13635 709
13635 22674 709
22674 3099 709
3099 40066 709
40066 26853 709
26853 4577 709
4577 32361 709
32361 14755 709
14755 3542 709
3542 19133 709
19133 7286 709
7286 24383 709
24383 37177 709
37177 14962 709
14962 38023 709
38023 40951 709
40951 12825 709
12825 13810 709
13810 14688 709
14688 36382 709
36382 21951 709
21951 7497 709
7497 5544 709
5544 16678 709
16678 34748 709
34748 26465 709
26465 4370 709
4370 23284 709
23284 12766 709
22291 21849 710
21849 9375 710
9375 38589 710
38589 3545 710
3545 8511 710
8511 13740 710
13740 1869 710
1869 14954 710
14954 25420 710
25420 6077 710
6077 31366 710
31366 38331 710
38331 14708 710
14708 29033 710
29033 7847 710
7847 35609 710
35609 20529 710
20529 5338 710
5338 21603 710
21603 14469 710
14469 13277 710
13277 41271 710
41271 3452 710
3452 1204 710
1204 477 710
477 4146 710
4146 17142 710
17142 34408 710
34408 25378 710
25378 23126 710
23126 899 710
899 6395 710
6395 33296 710
33296 17487 710
17487 39210 710
39210 32361 710
32361 41451 710
41451 9462 710
9462 8756 710
8756 39514 710
39514 3537 710
24818 32216 711
32216 27594 711
27594 29198 711
29198 3195 711
3195 6453 711
6453 40278 711
40278 5223 711
5223 17158 711
17158 37493 711
37493 4488 711
4488 12413 711
12413 19152 711
19152 15012 711
15012 23841 711
23841 36414 711
36414 3924 711
3924 7673 711
7673 207 711
207 19270 711
19270 39775 711
39775 28816 711
28816 23933 711
23933 6581 711
6581 4091 711
4091 34219 711
34219 28235 711
28235 17015 711
17015 15569 711
15569 31727 711
31727 5368 711
5368 15617 711
15617 6238 711
6238 35719 711
35719 21490 711
21490 19516 711
19516 41993 711
41993 15629 711
15629 12631 711
12631 37917 711
37917 23144 711
23144 41288 711
11286 7860 712
7860 16945 712
16945 37910 712
37910 16818 712
16818 11574 712
11574 39589 712
39589 32590 712
32590 31972 712
31972 3994 712
3994 11752 712
11752 27848 712
27848 6659 712
6659 22540 712
22540 38072 712
38072 38887 712
38887 22209 712
22209 2827 712
2827 23145 712
23145 25165 712
25165 1188 712
1188 30037 712
30037 5380 712
5380 4528 712
4528 22271 712
22271 10221 712
10221 40817 712
40817 28208 712
28208 12591 712
12591 19269 712
19269 40984 712
40984 7686 712
7686 38528 712
38528 23053 712
23053 32490 712
32490 22684 712
22684 359 712
359 27120 712
27120 14118 712
14118 13454 712
13454 12632 712
12632 11639 712
15722 2380 713
2380 15339 713
15339 12791 713
12791 24083 713
24083 38233 713
38233 26551 713
26551 27981 713
27981 17428 713
17428 8338 713
8338 22586 713
22586 27597 713
27597 25198 713
25198 32325 713
32325 822 713
822 14019 713
14019 31792 713
31792 25940 713
25940 12465 713
12465 2006 713
2006 23674 713
23674 7270 713
7270 28133 713
28133 34238 713
34238 7350 713
7350 37747 713
37747 33969 713
33969 20105 713
20105 30370 713
30370 32034 713
32034 4921 713
4921 30124 713
30124 33527 713
33527 8309 713
8309 858 713
858 10643 713
10643 25074 713
25074 18286 713
18286 97 713
97 37548 713
37548 36700 713
36700 24048 713
33665 29087 714
29087 31458 714
31458 33363 714
33363 22924 714
22924 28192 714
28192 2146 714
2146 13550 714
13550 32974 714
32974 4723 714
4723 4413 714
4413 28420 714
28420 953 714
953 3112 714
3112 14019 714
14019 32547 714
32547 1004 714
1004 1494 714
1494 15493 714
15493 38016 714
38016 1858 714
1858 41317 714
41317 35336 714
35336 15224 714
15224 39493 714
39493 13201 714
13201 8553 714
8553 37569 714
37569 37705 714
37705 11553 714
11553 12212 714
12212 26519 714
26519 10580 714
10580 31732 714
31732 19235 714
19235 10676 714
10676 31148 714
31148 2876 714
2876 311 714
311 11649 714
11649 4804 714
4804 24934 714
41771 25880 715
25880 18799 715
18799 34690 715
34690 33340 715
33340 5551 715
5551 1607 715
1607 39876 715
39876 36654 715
36654 10618 715
10618 6295 715
6295 27350 715
27350 6840 715
6840 16305 715
16305 26731 715
26731 10597 715
10597 7615 715
7615 37320 715
37320 6554 715
6554 28287 715
28287 14741 715
14741 28371 715
28371 13854 715
13854 12394 715
12394 3893 715
3893 38275 715
38275 4378 715
4378 36388 715
36388 35759 715
35759 38971 715
38971 58 715
58 733 715
733 683 715
683 26260 715
26260 16620 715
16620 22653 715
22653 19010 715
19010 25634 715
25634 32481 715
32481 28188 715
28188 2840 715
2840 35318 715
7066 34049 716
34049 21903 716
21903 16804 716
16804 21138 716
21138 8413 716
8413 40055 716
40055 27177 716
27177 21693 716
21693 39623 716
39623 13599 716
13599 1899 716
1899 20993 716
20993 13378 716
13378 22325 716
22325 3700 716
3700 33701 716
33701 33704 716
33704 21726 716
21726 25323 716
25323 25260 716
25260 23376 716
23376 26682 716
26682 22689 716
22689 3001 716
3001 11497 716
11497 19384 716
19384 15007 716
15007 28149 716
28149 20538 716
20538 22821 716
22821 13422 716
13422 3096 716
3096 3430 716
3430 14437 716
14437 14979 716
14979 27229 716
27229 40970 716
40970 21087 716
21087 7011 716
7011 18173 716
18173 37271 716
9070 7181 717
7181 33990 717
33990 16750 717
16750 5664 717
5664 10311 717
10311 5604 717
5604 18832 717
18832 34580 717
34580 5588 717
5588 41044 717
41044 12123 717
12123 12274 717
12274 20970 717
20970 41189 717
41189 7983 717
7983 11054 717
11054 13301 717
13301 25532 717
25532 41529 717
41529 28173 717
28173 11052 717
11052 27479 717
27479 23487 717
23487 707 717
707 8906 717
8906 31672 717
31672 17181 717
17181 1208 717
1208 3316 717
3316 10481 717
10481 36287 717
36287 8815 717
8815 31932 717
31932 15496 717
15496 8280 717
8280 13802 717
13802 37433 717
37433 21198 717
21198 14514 717
14514 2857 717
2857 8757 717
23497 39203 718
39203 23645 718
23645 7387 718
7387 29469 718
29469 35227 718
35227 37354 718
37354 23927 718
23927 33282 718
33282 17855 718
17855 9112 718
9112 37229 718
37229 37167 718
37167 36595 718
36595 6095 718
6095 25563 718
25563 13729 718
13729 41288 718
41288 5379 718
5379 39087 718
39087 4765 718
4765 38189 718
38189 17374 718
17374 23819 718
23819 40610 718
40610 18239 718
18239 3333 718
3333 14843 718
14843 99 718
99 39216 718
39216 6744 718
6744 6575 718
6575 26010 718
26010 37906 718
37906 28009 718
28009 31039 718
31039 5350 718
5350 12570 718
12570 41908 718
41908 1311 718
1311 32817 718
32817 37140 718
23591 21125 719
21125 21493 719
21493 27610 719
27610 27777 719
27777 28003 719
28003 33080 719
33080 4682 719
4682 4074 719
4074 27946 719
27946 26377 719
26377 40896 719
40896 38499 719
38499 31607 719
31607 33565 719
33565 27351 719
27351 736 719
736 19084 719
19084 22370 719
22370 22148 719
22148 30556 719
30556 13470 719
13470 5312 719
5312 4598 719
4598 3425 719
3425 39492 719
39492 37628 719
37628 9967 719
9967 9006 719
9006 37453 719
37453 32288 719
32288 19656 719
19656 27370 719
27370 28488 719
28488 15395 719
15395 14107 719
14107 18677 719
18677 22863 719
22863 7416 719
7416 33843 719
33843 5894 719
5894 5044 719
33024 40680 720
40680 17892 720
17892 10593 720
10593 16862 720
16862 2216 720
2216 15672 720
15672 30079 720
30079 24369 720
24369 21443 720
21443 13639 720
13639 33375 720
33375 39367 720
39367 10315 720
10315 2483 720
2483 24900 720
24900 6852 720
6852 27502 720
27502 5478 720
5478 3048 720
3048 1648 720
1648 41390 720
41390 16687 720
16687 25848 720
25848 14177 720
14177 34240 720
34240 3034 720
3034 16321 720
16321 16765 720
16765 31995 720
31995 9555 720
9555 14609 720
14609 11884 720
11884 8037 720
8037 11326 720
11326 14948 720
14948 3356 720
3356 7874 720
7874 19519 720
19519 12955 720
12955 21501 720
21501 12235 720
29024 30499 721
30499 10634 721
10634 14843 721
14843 25588 721
25588 25623 721
25623 24700 721
24700 10865 721
10865 41007 721
41007 36458 721
36458 19666 721
19666 22109 721
22109 41187 721
41187 39700 721
39700 8060 721
8060 7802 721
7802 38090 721
38090 16019 721
16019 6309 721
6309 35210 721
35210 41433 721
41433 26451 721
26451 30088 721
30088 26277 721
26277 33941 721
33941 226 721
226 31453 721
31453 34638 721
34638 32977 721
32977 41538 721
41538 1485 721
1485 15880 721
15880 6945 721
6945 21296 721
21296 17136 721
17136 2146 721
2146 5025 721
5025 12197 721
12197 27760 721
27760 7788 721
7788 31614 721
31614 33539 721
25904 9717 722
9717 39028 722
39028 13167 722
13167 34270 722
34270 21170 722
21170 23840 722
23840 7534 722
7534 27749 722
27749 31465 722
31465 5142 722
5142 37658 722
37658 5448 722
5448 6690 722
6690 6864 722
6864 32197 722
32197 672 722
672 32889 722
32889 27479 722
27479 36785 722
36785 6710 722
6710 18119 722
18119 40593 722
40593 35548 722
35548 26603 722
26603 41420 722
41420 8415 722
8415 15784 722
15784 26881 722
26881 34366 722
34366 4993 722
4993 10489 722
10489 2073 722
2073 20242 722
20242 21071 722
21071 21659 722
21659 15202 722
15202 8146 722
8146 26396 722
26396 11152 722
11152 29194 722
29194 14019 722
32276 29182 723
29182 31557 723
31557 39357 723
39357 21093 723
21093 18893 723
18893 34507 723
34507 25012 723
25012 526 723
526 23382 723
23382 32600 723
32600 8637 723
8637 38835 723
38835 7506 723
7506 41829 723
41829 35845 723
35845 32386 723
32386 24408 723
24408 18460 723
18460 10751 723
10751 27252 723
27252 26560 723
26560 3406 723
3406 36816 723
36816 34438 723
34438 36035 723
36035 39818 723
39818 718 723
718 28394 723
28394 18918 723
18918 37601 723
37601 23248 723
23248 9312 723
9312 19139 723
19139 17807 723
17807 34692 723
34692 9820 723
9820 30240 723
30240 12764 723
12764 39690 723
39690 26856 723
26856 19803 723
21401 17180 724
17180 7760 724
7760 20056 724
20056 15693 724
15693 32343 724
32343 36884 724
36884 7062 724
7062 39795 724
39795 29123 724
29123 36688 724
36688 33201 724
33201 24768 724
24768 10154 724
10154 32390 724
32390 33710 724
33710 32355 724
32355 6378 724
6378 1843 724
1843 38384 724
38384 20724 724
20724 481 724
481 22907 724
22907 31474 724
31474 2534 724
2534 14202 724
14202 34949 724
34949 38662 724
38662 6757 724
6757 31067 724
31067 21802 724
21802 14717 724
14717 4201 724
4201 10934 724
10934 20818 724
20818 31489 724
31489 24486 724
24486 14505 724
14505 26098 724
26098 37330 724
37330 7439 724
7439 39512 724
6745 33547 725
33547 26948 725
26948 41021 725
41021 38292 725
38292 25867 725
25867 281 725
281 12882 725
12882 21061 725
21061 37760 725
37760 12990 725
12990 9844 725
9844 24196 725
24196 10304 725
10304 12189 725
12189 15335 725
15335 14228 725
14228 30341 725
30341 40256 725
40256 24545 725
24545 21896 725
21896 1357 725
1357 8953 725
8953 37380 725
37380 15909 725
15909 8956 725
8956 41926 725
41926 29572 725
29572 19118 725
19118 27157 725
27157 25356 725
25356 33110 725
33110 38935 725
38935 34453 725
34453 36594 725
36594 18886 725
18886 35800 725
35800 19512 725
19512 4379 725
4379 1108 725
1108 13224 725
13224 29391 725
14052 39404 726
39404 26717 726
26717 2949 726
2949 14456 726
14456 5035 726
5035 40021 726
40021 12705 726
12705 35995 726
35995 35987 726
35987 6377 726
6377 13853 726
13853 474 726
474 1016 726
1016 24262 726
24262 3710 726
3710 11052 726
11052 8430 726
8430 22642 726
22642 5213 726
5213 2769 726
2769 29951 726
29951 9537 726
9537 39754 726
39754 13309 726
13309 1119 726
1119 38650 726
38650 24503 726
24503 34571 726
34571 19529 726
19529 17042 726
17042 7732 726
7732 4892 726
4892 29424 726
29424 7969 726
7969 18115 726
18115 4783 726
4783 31871 726
31871 1482 726
1482 28353 726
28353 19362 726
19362 27765 726
37671 33333 727
33333 19625 727
19625 26816 727
26816 26036 727
26036 842 727
842 10551 727
10551 30050 727
30050 26290 727
26290 19879 727
19879 25359 727
25359 20473 727
20473 12180 727
12180 35232 727
35232 35379 727
35379 11198 727
11198 35807 727
35807 28974 727
28974 12555 727
12555 3844 727
3844 29476 727
29476 9528 727
9528 39154 727
39154 26450 727
26450 13188 727
13188 9520 727
9520 34998 727
34998 24098 727
24098 3736 727
3736 8870 727
8870 26289 727
26289 27047 727
27047 14029 727
14029 14379 727
14379 26646 727
26646 19249 727
19249 6714 727
6714 35296 727
35296 39325 727
39325 39223 727
39223 2361 727
2361 18168 727
10670 7785 728
7785 14757 728
14757 40061 728
40061 1600 728
1600 33346 728
33346 35195 728
35195 40037 728
40037 2725 728
2725 30598 728
30598 13786 728
13786 12862 728
12862 1068 728
1068 4864 728
4864 22891 728
22891 3778 728
3778 40324 728
40324 3792 728
3792 507 728
507 37893 728
37893 19767 728
19767 10999 728
10999 22310 728
22310 19367 728
19367 26288 728
26288 37535 728
37535 40260 728
40260 10607 728
10607 41116 728
41116 36866 728
36866 7642 728
7642 18065 728
18065 5428 728
5428 3016 728
3016 3300 728
3300 25242 728
25242 18711 728
18711 37497 728
37497 25034 728
25034 17125 728
17125 40119 728
40119 24387 728
5997 23545 729
23545 1635 729
1635 1565 729
1565 31635 729
31635 12133 729
12133 1409 729
1409 30329 729
30329 4658 729
4658 41901 729
41901 10865 729
10865 1227 729
1227 10340 729
10340 36900 729
36900 1079 729
1079 6575 729
6575 1075 729
1075 16586 729
16586 31783 729
31783 147 729
147 31190 729
31190 41918 729
41918 23474 729
23474 40965 729
40965 4136 729
4136 35006 729
35006 30680 729
30680 27944 729
27944 12923 729
12923 11223 729
11223 21787 729
21787 13788 729
13788 37374 729
37374 3833 729
3833 11320 729
11320 38818 729
38818 8689 729
8689 15706 729
15706 2410 729
2410 1563 729
1563 5855 729
5855 22213 729
32742 22409 730
22409 2517 730
2517 14525 730
14525 14755 730
14755 18445 730
18445 889 730
889 35698 730
35698 7306 730
7306 22536 730
22536 1788 730
1788 15631 730
15631 29013 730
29013 10182 730
10182 12668 730
12668 1402 730
1402 2340 730
2340 30171 730
30171 15410 730
15410 36877 730
36877 41593 730
41593 32314 730
32314 9496 730
9496 22606 730
22606 39738 730
39738 40330 730
40330 34938 730
34938 31893 730
31893 17974 730
17974 35856 730
35856 8459 730
8459 1364 730
1364 13151 730
13151 37395 730
37395 20512 730
20512 11161 730
11161 40851 730
40851 23551 730
23551 6562 730
6562 2037 730
2037 10885 730
10885 29937 730
41179 26013 731
26013 8132 731
8132 18589 731
18589 27511 731
27511 38711 731
38711 4495 731
4495 21623 731
21623 37148 731
37148 39065 731
39065 5787 731
5787 975 731
975 16495 731
16495 17205 731
17205 3934 731
3934 10476 731
10476 41542 731
41542 12483 731
12483 16267 731
16267 22309 731
22309 20630 731
20630 20333 731
20333 17293 731
17293 28280 731
28280 3825 731
3825 24968 731
24968 23471 731
23471 28023 731
28023 10019 731
10019 35896 731
35896 5162 731
5162 13551 731
13551 20528 731
20528 16143 731
16143 9141 731
9141 10524 731
10524 37068 731
37068 34086 731
34086 7194 731
7194 34492 731
34492 23044 731
23044 32267 731
23510 9697 732
9697 39018 732
39018 12901 732
12901 28729 732
28729 21231 732
21231 28372 732
28372 28272 732
28272 22357 732
22357 26900 732
26900 6434 732
6434 31917 732
31917 33096 732
33096 8994 732
8994 19246 732
19246 37793 732
37793 6134 732
6134 34692 732
34692 15723 732
15723 24972 732
24972 14496 732
14496 22233 732
22233 5761 732
5761 2517 732
2517 21774 732
21774 2742 732
2742 21619 732
21619 24601 732
24601 34929 732
34929 2793 732
2793 36128 732
36128 20619 732
20619 6453 732
6453 8428 732
8428 25451 732
25451 9614 732
9614 40803 732
40803 8000 732
8000 9321 732
9321 10781 732
10781 16638 732
16638 12033 732
16231 28712 733
28712 978 733
978 14566 733
14566 6595 733
6595 38679 733
38679 4796 733
4796 39980 733
39980 35881 733
35881 27857 733
27857 33549 733
33549 32426 733
32426 12267 733
12267 18476 733
18476 6583 733
6583 7625 733
7625 29897 733
29897 31007 733
31007 6908 733
6908 31751 733
31751 38705 733
38705 10733 733
10733 8004 733
8004 28594 733
28594 29569 733
29569 10753 733
10753 25388 733
25388 35374 733
35374 6117 733
6117 31737 733
31737 13534 733
13534 24333 733
24333 778 733
778 12779 733
12779 1542 733
1542 29734 733
29734 39869 733
39869 1377 733
1377 37613 733
37613 7242 733
7242 13849 733
13849 31233 733
5086 16028 734
16028 8040 734
8040 35431 734
35431 35516 734
35516 27720 734
27720 36432 734
36432 2749 734
2749 4573 734
4573 7684 734
7684 39371 734
39371 40776 734
40776 25873 734
25873 3187 734
3187 14335 734
14335 19265 734
19265 16228 734
16228 39378 734
39378 196 734
196 9891 734
9891 1427 734
1427 23111 734
23111 25963 734
25963 4292 734
4292 39094 734
39094 11726 734
11726 41113 734
41113 39415 734
39415 35115 734
35115 30721 734
30721 35732 734
35732 41705 734
41705 31450 734
31450 34922 734
34922 30927 734
30927 7640 734
7640 10651 734
10651 25204 734
25204 20220 734
20220 11214 734
11214 1360 734
1360 33808 734
12715 40082 735
40082 33547 735
33547 7074 735
7074 7567 735
7567 41072 735
41072 39704 735
39704 27153 735
27153 11045 735
11045 32072 735
32072 20196 735
20196 40055 735
40055 24909 735
24909 3760 735
3760 4033 735
4033 24341 735
24341 4501 735
4501 9284 735
9284 17297 735
17297 17108 735
17108 41858 735
41858 31553 735
31553 37420 735
37420 11843 735
11843 26003 735
26003 21203 735
21203 7900 735
7900 13779 735
13779 39482 735
39482 25762 735
25762 3429 735
3429 30006 735
30006 29913 735
29913 16321 735
16321 23415 735
23415 26985 735
26985 2136 735
2136 33141 735
33141 3721 735
3721 17319 735
17319 39890 735
39890 8035 735
12602 581 736
581 22642 736
22642 36906 736
36906 2237 736
2237 5500 736
5500 17376 736
17376 9210 736
9210 36966 736
36966 31598 736
31598 19853 736
19853 12047 736
12047 14579 736
14579 20070 736
20070 23166 736
23166 20716 736
20716 38350 736
38350 39535 736
39535 19078 736
19078 12752 736
12752 16014 736
16014 33675 736
33675 32521 736
32521 18450 736
18450 10664 736
10664 22578 736
22578 11597 736
11597 41999 736
41999 5204 736
5204 34369 736
34369 27626 736
27626 12880 736
12880 19265 736
19265 37149 736
37149 12561 736
12561 10807 736
10807 35701 736
35701 36180 736
36180 1790 736
1790 9143 736
9143 39298 736
39298 39528 736
26096 13302 737
13302 18324 737
18324 33463 737
33463 35657 737
35657 22988 737
22988 6885 737
6885 28952 737
28952 2494 737
2494 11425 737
11425 9597 737
9597 4815 737
4815 8457 737
8457 5567 737
5567 24533 737
24533 16402 737
16402 1879 737
1879 5401 737
5401 27875 737
27875 23178 737
23178 5786 737
5786 39227 737
39227 4309 737
4309 1455 737
1455 16670 737
16670 20112 737
20112 10745 737
10745 20114 737
20114 33933 737
33933 21631 737
21631 7191 737
7191 16300 737
16300 1359 737
1359 23297 737
23297 41917 737
41917 6944 737
6944 10231 737
10231 6413 737
6413 39370 737
39370 28954 737
28954 24099 737
24099 28486 737
19282 5545 738
5545 5937 738
5937 26017 738
26017 34008 738
34008 16918 738
16918 17991 738
17991 38005 738
38005 20306 738
20306 39956 738
39956 36302 738
36302 21749 738
21749 11513 738
11513 13741 738
13741 3121 738
3121 28356 738
28356 25322 738
25322 12537 738
12537 31635 738
31635 7019 738
7019 28592 738
28592 2388 738
2388 9369 738
9369 25421 738
25421 30254 738
30254 23221 738
23221 24105 738
24105 19018 738
19018 41504 738
41504 30721 738
30721 30236 738
30236 32520 738
32520 28799 738
28799 2598 738
2598 17428 738
17428 31220 738
31220 16301 738
16301 31643 738
31643 14685 738
14685 3133 738
3133 16923 738
16923 5168 738
2151 36892 739
36892 22081 739
22081 7475 739
7475 29526 739
29526 9648 739
9648 25521 739
25521 6151 739
6151 7844 739
7844 9512 739
9512 5707 739
5707 9184 739
9184 12616 739
12616 20080 739
20080 19871 739
19871 32862 739
32862 34414 739
34414 27810 739
27810 39217 739
39217 4737 739
4737 33272 739
33272 38052 739
38052 15021 739
15021 16477 739
16477 8738 739
8738 241 739
241 36183 739
36183 7071 739
7071 37096 739
37096 18912 739
18912 17732 739
17732 39624 739
39624 14989 739
14989 41137 739
41137 15707 739
15707 39700 739
39700 31543 739
31543 17868 739
17868 33975 739
33975 21176 739
21176 21560 739
21560 2754 739
24799 5780 740
5780 1495 740
1495 23182 740
23182 30313 740
30313 37247 740
37247 20272 740
20272 6839 740
6839 16564 740
16564 40800 740
40800 24113 740
24113 4647 740
4647 36560 740
36560 30083 740
30083 2994 740
2994 26845 740
26845 21033 740
21033 30956 740
30956 3686 740
3686 9800 740
9800 22913 740
22913 37270 740
37270 8983 740
8983 14455 740
14455 20677 740
20677 24003 740
24003 29524 740
29524 9365 740
9365 37503 740
37503 21442 740
21442 2971 740
2971 41395 740
41395 24045 740
24045 5864 740
5864 13144 740
13144 36745 740
36745 5068 740
5068 31412 740
31412 30084 740
30084 15019 740
15019 22275 740
22275 626 740
994 18954 741
18954 37117 741
37117 18374 741
18374 39208 741
39208 40679 741
40679 40689 741
40689 25852 741
25852 28312 741
28312 25046 741
25046 35874 741
35874 6996 741
6996 10654 741
10654 37846 741
37846 36893 741
36893 8545 741
8545 11313 741
11313 7379 741
7379 13214 741
13214 2696 741
2696 12183 741
12183 986 741
986 11570 741
11570 28538 741
28538 3553 741
3553 1885 741
1885 8715 741
8715 9136 741
9136 291 741
291 193 741
193 18349 741
18349 5901 741
5901 14828 741
14828 26140 741
26140 38764 741
38764 30220 741
30220 28325 741
28325 13264 741
13264 751 741
751 20121 741
20121 26960 741
26960 15627 741
17900 8999 742
8999 28466 742
28466 14267 742
14267 13626 742
13626 38752 742
38752 27538 742
27538 36350 742
36350 11626 742
11626 220 742
220 40343 742
40343 37022 742
37022 16213 742
16213 30904 742
30904 28761 742
28761 33181 742
33181 28338 742
28338 5546 742
5546 15274 742
15274 2483 742
2483 24568 742
24568 1900 742
1900 30524 742
30524 11561 742
11561 26342 742
26342 35530 742
35530 30353 742
30353 6759 742
6759 8625 742
8625 11219 742
11219 29726 742
29726 31708 742
31708 17723 742
17723 33045 742
33045 9019 742
9019 18948 742
18948 36983 742
36983 35990 742
35990 32572 742
32572 32851 742
32851 19678 742
19678 24651 742
40647 36717 743
36717 35872 743
35872 940 743
940 25619 743
25619 23892 743
23892 11019 743
11019 34375 743
34375 9022 743
9022 1786 743
1786 7279 743
7279 34770 743
34770 31280 743
31280 28967 743
28967 20470 743
20470 27341 743
27341 26402 743
26402 20737 743
20737 16378 743
16378 2537 743
2537 19817 743
19817 18611 743
18611 24082 743
24082 7640 743
7640 17023 743
17023 8875 743
8875 29697 743
29697 4456 743
4456 15860 743
15860 34157 743
34157 39218 743
39218 30373 743
30373 26360 743
26360 30212 743
30212 22316 743
22316 19010 743
19010 3606 743
3606 14936 743
14936 24829 743
24829 20209 743
20209 982 743
982 19685 743
9645 7702 744
7702 13630 744
13630 1961 744
1961 2998 744
2998 11920 744
11920 16694 744
16694 3179 744
3179 21063 744
21063 24099 744
24099 19078 744
19078 4840 744
4840 10190 744
10190 35146 744
35146 4823 744
4823 34680 744
34680 1098 744
1098 21868 744
21868 37998 744
37998 12935 744
12935 8877 744
8877 37098 744
37098 36379 744
36379 2158 744
2158 384 744
384 28720 744
28720 11370 744
11370 36432 744
36432 29792 744
29792 31179 744
31179 8356 744
8356 35312 744
35312 24414 744
24414 41428 744
41428 29625 744
29625 38639 744
38639 22050 744
22050 27540 744
27540 22070 744
22070 32928 744
32928 27593 744
27593 13337 744
19027 16848 745
16848 28048 745
28048 40680 745
40680 12102 745
12102 33332 745
33332 15897 745
15897 21901 745
21901 24955 745
24955 6399 745
6399 17887 745
17887 21424 745
21424 29399 745
29399 9672 745
9672 20885 745
20885 876 745
876 26205 745
26205 29532 745
29532 12715 745
12715 41474 745
41474 19618 745
19618 9070 745
9070 11463 745
11463 21422 745
21422 2232 745
2232 1729 745
1729 22369 745
22369 1639 745
1639 21160 745
21160 1614 745
1614 17599 745
17599 31888 745
31888 33224 745
33224 9009 745
9009 23129 745
23129 32346 745
32346 41188 745
41188 14582 745
14582 10250 745
10250 22541 745
22541 27310 745
27310 23337 745
40042 19047 746
19047 27491 746
27491 11373 746
11373 6162 746
6162 16971 746
16971 36575 746
36575 29628 746
29628 15098 746
15098 32528 746
32528 10130 746
10130 40561 746
40561 41422 746
41422 36244 746
36244 10685 746
10685 17585 746
17585 38542 746
38542 27364 746
27364 8595 746
8595 29051 746
29051 24425 746
24425 18025 746
18025 34664 746
34664 37048 746
37048 24516 746
24516 1407 746
1407 638 746
638 38527 746
38527 26010 746
26010 9780 746
9780 90 746
90 1243 746
1243 39550 746
39550 13801 746
13801 6801 746
6801 24944 746
24944 10183 746
10183 33443 746
33443 7113 746
7113 40408 746
40408 37881 746
37881 36342 746
19811 8125 747
8125 4474 747
4474 4250 747
4250 8462 747
8462 7948 747
7948 40873 747
40873 9497 747
9497 13254 747
13254 21244 747
21244 33772 747
33772 39883 747
39883 16867 747
16867 20156 747
20156 29053 747
29053 4487 747
4487 1355 747
1355 2747 747
2747 32820 747
32820 28932 747
28932 7942 747
7942 27402 747
27402 12492 747
12492 11099 747
11099 2325 747
2325 3340 747
3340 2444 747
2444 36446 747
36446 4616 747
4616 4801 747
4801 25417 747
25417 31053 747
31053 40482 747
40482 15062 747
15062 13591 747
13591 13386 747
13386 13757 747
13757 22937 747
22937 24436 747
24436 12103 747
12103 22249 747
22249 28500 747
3164 12026 748
12026 39113 748
39113 8534 748
8534 17041 748
17041 28470 748
28470 34060 748
34060 4610 748
4610 26071 748
26071 18637 748
18637 27540 748
27540 23936 748
23936 22741 748
22741 21419 748
21419 27252 748
27252 6138 748
6138 39548 748
39548 25397 748
25397 25215 748
25215 36127 748
36127 20895 748
20895 39727 748
39727 41426 748
41426 28738 748
28738 19593 748
19593 11686 748
11686 28809 748
28809 30799 748
30799 40411 748
40411 35812 748
35812 20089 748
20089 9038 748
9038 32741 748
32741 38352 748
38352 37318 748
37318 26728 748
26728 31818 748
31818 20307 748
20307 18378 748
18378 41046 748
41046 37266 748
37266 8753 748
5163 21987 749
21987 6628 749
6628 8869 749
8869 18511 749
18511 35476 749
35476 1020 749
1020 27347 749
27347 11648 749
11648 24188 749
24188 6939 749
6939 30307 749
30307 21748 749
21748 37485 749
37485 16074 749
16074 25774 749
25774 20633 749
20633 27751 749
27751 1456 749
1456 16277 749
16277 23723 749
23723 33860 749
33860 11733 749
11733 22948 749
22948 19460 749
19460 5297 749
5297 1344 749
1344 3172 749
3172 37014 749
37014 3012 749
3012 32403 749
32403 23899 749
23899 39253 749
39253 51 749
51 11609 749
11609 4168 749
4168 10856 749
10856 19221 749
19221 8952 749
8952 36251 749
36251 2505 749
2505 16068 749
28297 35586 750
35586 14784 750
14784 13738 750
13738 24605 750
24605 12056 750
12056 9357 750
9357 17484 750
17484 32665 750
32665 7217 750
7217 41602 750
41602 5913 750
5913 7676 750
7676 11573 750
11573 21627 750
21627 25809 750
25809 23271 750
23271 8527 750
8527 16237 750
16237 9066 750
9066 8332 750
8332 16864 750
16864 41610 750
41610 20291 750
20291 34504 750
34504 35936 750
35936 28973 750
28973 2289 750
2289 6280 750
6280 27748 750
27748 1663 750
1663 14146 750
14146 36516 750
36516 29520 750
29520 18017 750
18017 12095 750
12095 1590 750
1590 18460 750
18460 1931 750
1931 5368 750
5368 18496 750
18496 9992 750
28793 17558 751
17558 31818 751
31818 25302 751
25302 30654 751
30654 30823 751
30823 40646 751
40646 17266 751
17266 35874 751
35874 33449 751
33449 5059 751
5059 8424 751
8424 11177 751
11177 32705 751
32705 18009 751
18009 34507 751
34507 36454 751
36454 14489 751
14489 24179 751
24179 11940 751
11940 35642 751
35642 36610 751
36610 34123 751
34123 37437 751
37437 24243 751
24243 28440 751
28440 16827 751
16827 38806 751
38806 33174 751
33174 38485 751
38485 41083 751
41083 40220 751
40220 11987 751
11987 9130 751
9130 20348 751
20348 10290 751
10290 24194 751
24194 24456 751
24456 17208 751
17208 29961 751
29961 15381 751
15381 27388 751
1539 23671 752
23671 1691 752
1691 9193 752
9193 17131 752
17131 26886 752
26886 8920 752
8920 33976 752
33976 24102 752
24102 18258 752
18258 22110 752
22110 21372 752
21372 23489 752
23489 9279 752
9279 20930 752
20930 1955 752
1955 41154 752
41154 27292 752
27292 17009 752
17009 21103 752
21103 16414 752
16414 28757 752
28757 36210 752
36210 3040 752
3040 23951 752
23951 26531 752
26531 5938 752
5938 15849 752
15849 4973 752
4973 24572 752
24572 32089 752
32089 18286 752
18286 10171 752
10171 14299 752
14299 7178 752
7178 32265 752
32265 2388 752
2388 2713 752
2713 29329 752
29329 2755 752
2755 24253 752
24253 28946 752
25546 7973 753
7973 37583 753
37583 22296 753
22296 30115 753
30115 31045 753
31045 252 753
252 24083 753
24083 36006 753
36006 13303 753
13303 6380 753
6380 15943 753
15943 34068 753
34068 6921 753
6921 8153 753
8153 39877 753
39877 41015 753
41015 1649 753
1649 10289 753
10289 19495 753
19495 9552 753
9552 38510 753
38510 2598 753
2598 16503 753
16503 21184 753
21184 26111 753
26111 36001 753
36001 22992 753
22992 6478 753
6478 34324 753
34324 24024 753
24024 8960 753
8960 15018 753
15018 24464 753
24464 28688 753
28688 23795 753
23795 32287 753
32287 4820 753
4820 10526 753
10526 20319 753
20319 2870 753
2870 10677 753
17970 2210 754
2210 40494 754
40494 11464 754
11464 3540 754
3540 35768 754
35768 23471 754
23471 33879 754
33879 8392 754
8392 35366 754
35366 13191 754
13191 12907 754
12907 39309 754
39309 24550 754
24550 5689 754
5689 30204 754
30204 10306 754
10306 36608 754
36608 6645 754
6645 13298 754
13298 3270 754
3270 38302 754
38302 35666 754
35666 33336 754
33336 30362 754
30362 34990 754
34990 38832 754
38832 26471 754
26471 6495 754
6495 11938 754
11938 25958 754
25958 38748 754
38748 15849 754
15849 32457 754
32457 34499 754
34499 1955 754
1955 17217 754
17217 28071 754
28071 13472 754
13472 24761 754
24761 3537 754
3537 34071 754
26469 28969 755
28969 11534 755
11534 24967 755
24967 27623 755
27623 33424 755
33424 25079 755
25079 11600 755
11600 8490 755
8490 2530 755
2530 10558 755
10558 10303 755
10303 29746 755
29746 14588 755
14588 29717 755
29717 38106 755
38106 9273 755
9273 31798 755
31798 18584 755
18584 39604 755
39604 27840 755
27840 32220 755
32220 12896 755
12896 17393 755
17393 40158 755
40158 33995 755
33995 11546 755
11546 18175 755
18175 17697 755
17697 25412 755
25412 4236 755
4236 21279 755
21279 22027 755
22027 18944 755
18944 36149 755
36149 35996 755
35996 37336 755
37336 7117 755
7117 3131 755
3131 9493 755
9493 1593 755
1593 15637 755
16667 17528 756
17528 15231 756
15231 12708 756
12708 38248 756
38248 28969 756
28969 19920 756
19920 8063 756
8063 7423 756
7423 36694 756
36694 39295 756
39295 5887 756
5887 10796 756
10796 37959 756
37959 25865 756
25865 16653 756
16653 30901 756
30901 14122 756
14122 37816 756
37816 17136 756
17136 10168 756
10168 6500 756
6500 4063 756
4063 2060 756
2060 11056 756
11056 9686 756
9686 24482 756
24482 14892 756
14892 5299 756
5299 16426 756
16426 17805 756
17805 37207 756
37207 33455 756
33455 29092 756
29092 21264 756
21264 18969 756
18969 37743 756
37743 38091 756
38091 38206 756
38206 40408 756
40408 14601 756
14601 18978 756
17580 10859 757
10859 16072 757
16072 34444 757
34444 31547 757
31547 16220 757
16220 33709 757
33709 41132 757
41132 33108 757
33108 4287 757
4287 24002 757
24002 33252 757
33252 7157 757
7157 15672 757
15672 26275 757
26275 41090 757
41090 2172 757
2172 6301 757
6301 7809 757
7809 32554 757
32554 22859 757
22859 8030 757
8030 4940 757
4940 22259 757
22259 26943 757
26943 29113 757
29113 31645 757
31645 7758 757
7758 37222 757
37222 6678 757
6678 23624 757
23624 13150 757
13150 13754 757
13754 6424 757
6424 19345 757
19345 30956 757
30956 7343 757
7343 23123 757
23123 38805 757
38805 29406 757
29406 3775 757
3775 21168 757
22339 28092 758
28092 17409 758
17409 33286 758
33286 12462 758
12462 21723 758
21723 1222 758
1222 28798 758
28798 8476 758
8476 17136 758
17136 6278 758
6278 4776 758
4776 23521 758
23521 39295 758
39295 29922 758
29922 9458 758
9458 24251 758
24251 30806 758
30806 36713 758
36713 14313 758
14313 17275 758
17275 9614 758
9614 38423 758
38423 17871 758
17871 28039 758
28039 20691 758
20691 29425 758
29425 717 758
717 37961 758
37961 29727 758
29727 24343 758
24343 3617 758
3617 23078 758
23078 7897 758
7897 27486 758
27486 31102 758
31102 34310 758
34310 17470 758
17470 4258 758
4258 10192 758
10192 14626 758
14626 39292 758
5201 21627 759
21627 3337 759
3337 40449 759
40449 669 759
669 5702 759
5702 30650 759
30650 23266 759
23266 22298 759
22298 37315 759
37315 36389 759
36389 15913 759
15913 29442 759
29442 17145 759
17145 27633 759
27633 41874 759
41874 41739 759
41739 31754 759
31754 32517 759
32517 21397 759
21397 41384 759
41384 28337 759
28337 11764 759
11764 32571 759
32571 30440 759
30440 13412 759
13412 7679 759
7679 40442 759
40442 2174 759
2174 41852 759
41852 6188 759
6188 13979 759
13979 12535 759
12535 30663 759
30663 10980 759
10980 15671 759
15671 27502 759
27502 17028 759
17028 28970 759
28970 17348 759
17348 10811 759
10811 28160 759
18143 6241 760
6241 39183 760
39183 29612 760
29612 27753 760
27753 37795 760
37795 8640 760
8640 40615 760
40615 19323 760
19323 34044 760
34044 13193 760
13193 8008 760
8008 34354 760
34354 15616 760
15616 35331 760
35331 10295 760
10295 22311 760
22311 40206 760
40206 26373 760
26373 24890 760
24890 37756 760
37756 33728 760
33728 16128 760
16128 1072 760
1072 6787 760
6787 25550 760
25550 10842 760
10842 21576 760
21576 27911 760
27911 5251 760
5251 32360 760
32360 28453 760
28453 25815 760
25815 34620 760
34620 37095 760
37095 2167 760
2167 34592 760
34592 23915 760
23915 8151 760
8151 11801 760
11801 24326 760
24326 20262 760
23299 7581 761
7581 4247 761
4247 24635 761
24635 7869 761
7869 16724 761
16724 28475 761
28475 12131 761
12131 32833 761
32833 2020 761
2020 21480 761
21480 7117 761
7117 33888 761
33888 11824 761
11824 29313 761
29313 21233 761
21233 5330 761
5330 34302 761
34302 39783 761
39783 27326 761
27326 18186 761
18186 23036 761
23036 29190 761
29190 32099 761
32099 8209 761
8209 26379 761
26379 13278 761
13278 33165 761
33165 34073 761
34073 29025 761
29025 7018 761
7018 2143 761
2143 3268 761
3268 12484 761
12484 25851 761
25851 30238 761
30238 7195 761
7195 23637 761
23637 15899 761
15899 12091 761
12091 1212 761
1212 25659 761
7983 15696 762
15696 31984 762
31984 6803 762
6803 40676 762
40676 35953 762
35953 22858 762
22858 40116 762
40116 13717 762
13717 926 762
926 33453 762
33453 17148 762
17148 41279 762
41279 33601 762
33601 31053 762
31053 8759 762
8759 18134 762
18134 27412 762
27412 16153 762
16153 40071 762
40071 41287 762
41287 22765 762
22765 38070 762
38070 1910 762
1910 21802 762
21802 32921 762
32921 1976 762
1976 19541 762
19541 25130 762
25130 27747 762
27747 35114 762
35114 31026 762
31026 40493 762
40493 33905 762
33905 1157 762
1157 17353 762
17353 8778 762
8778 20856 762
20856 29134 762
29134 14296 762
14296 11367 762
11367 36488 762
18481 11801 763
11801 39873 763
39873 40818 763
40818 41383 763
41383 19813 763
19813 29806 763
29806 7480 763
7480 19538 763
19538 23925 763
23925 21244 763
21244 14123 763
14123 40615 763
40615 18399 763
18399 5325 763
5325 37616 763
37616 27849 763
27849 28387 763
28387 16945 763
16945 39155 763
39155 34069 763
34069 803 763
803 16901 763
16901 36858 763
36858 11148 763
11148 14339 763
14339 942 763
942 39135 763
39135 21936 763
21936 34605 763
34605 19917 763
19917 32099 763
32099 6916 763
6916 4490 763
4490 16201 763
16201 32105 763
32105 22549 763
22549 31745 763
31745 33812 763
33812 34114 763
34114 4852 763
4852 35928 763
22257 11587 764
11587 30784 764
30784 18534 764
18534 9768 764
9768 31374 764
31374 27200 764
27200 16129 764
16129 39161 764
39161 13151 764
13151 22802 764
22802 27327 764
27327 22405 764
22405 11925 764
11925 20292 764
20292 19126 764
19126 36682 764
36682 34652 764
34652 38371 764
38371 23267 764
23267 40518 764
40518 31594 764
31594 4712 764
4712 5236 764
5236 15513 764
15513 29587 764
29587 26944 764
26944 9255 764
9255 37461 764
37461 10074 764
10074 21848 764
21848 7934 764
7934 12155 764
12155 15691 764
15691 22004 764
22004 13427 764
13427 7100 764
7100 18112 764
18112 33305 764
33305 19475 764
19475 28711 764
28711 38280 764
16708 38222 765
38222 29324 765
29324 31439 765
31439 6774 765
6774 19134 765
19134 22621 765
22621 31492 765
31492 5315 765
5315 5901 765
5901 6552 765
6552 27217 765
27217 24205 765
24205 40882 765
40882 2427 765
2427 32199 765
32199 20497 765
20497 29823 765
29823 25428 765
25428 32283 765
32283 19036 765
19036 1727 765
1727 19455 765
19455 33296 765
33296 10568 765
10568 34360 765
34360 3255 765
3255 15781 765
15781 40733 765
40733 11039 765
11039 39038 765
39038 6297 765
6297 14001 765
14001 4047 765
4047 2648 765
2648 679 765
679 8217 765
8217 5676 765
5676 3865 765
3865 6662 765
6662 3921 765
3921 25845 765
11325 7739 766
7739 30410 766
30410 13289 766
13289 9767 766
9767 23976 766
23976 32910 766
32910 27593 766
27593 40034 766
40034 40224 766
40224 17187 766
17187 9155 766
9155 16558 766
16558 22805 766
22805 7169 766
7169 13061 766
13061 36096 766
36096 36146 766
36146 9368 766
9368 34899 766
34899 6129 766
6129 16467 766
16467 7765 766
7765 37784 766
37784 36336 766
36336 18025 766
18025 30010 766
30010 21400 766
21400 18070 766
18070 33952 766
33952 24565 766
24565 29615 766
29615 30967 766
30967 14679 766
14679 11265 766
11265 11843 766
11843 37801 766
37801 24606 766
24606 18996 766
18996 17058 766
17058 36437 766
36437 11251 766
5008 38590 767
38590 18613 767
18613 23425 767
23425 13438 767
13438 27257 767
27257 34275 767
34275 133 767
133 23517 767
23517 19311 767
19311 6090 767
6090 1247 767
1247 4438 767
4438 40967 767
40967 27841 767
27841 29674 767
29674 25119 767
25119 32656 767
32656 23869 767
23869 40037 767
40037 15614 767
15614 1490 767
1490 3128 767
3128 24632 767
24632 898 767
898 21108 767
21108 22654 767
22654 21828 767
21828 35035 767
35035 28392 767
28392 9035 767
9035 6455 767
6455 27366 767
27366 51 767
51 17667 767
17667 31029 767
31029 26460 767
26460 22822 767
22822 20229 767
20229 13200 767
13200 36840 767
36840 34365 767
12 41127 768
41127 34826 768
34826 24512 768
24512 19951 768
19951 16912 768
16912 19692 768
19692 14246 768
14246 37354 768
37354 19745 768
19745 12350 768
12350 40559 768
40559 18672 768
18672 38787 768
38787 20517 768
20517 6731 768
6731 6414 768
6414 6612 768
6612 13073 768
13073 32273 768
32273 35628 768
35628 19669 768
19669 11220 768
11220 29926 768
29926 29838 768
29838 20900 768
20900 19389 768
19389 29522 768
29522 22571 768
22571 405 768
405 20386 768
20386 28058 768
28058 21784 768
21784 17718 768
17718 13205 768
13205 28232 768
28232 32114 768
32114 4289 768
4289 11761 768
11761 12391 768
12391 29345 768
29345 15362 768
40054 5940 769
5940 34104 769
34104 16433 769
16433 15214 769
15214 27482 769
27482 3349 769
3349 9807 769
9807 24095 769
24095 39279 769
39279 6798 769
6798 5 769
5 6992 769
6992 5112 769
5112 20935 769
20935 30711 769
30711 23913 769
23913 41404 769
41404 36770 769
36770 27181 769
27181 2468 769
2468 15871 769
15871 34699 769
34699 10657 769
10657 34676 769
34676 22726 769
22726 9258 769
9258 33780 769
33780 34459 769
34459 8040 769
8040 21913 769
21913 2387 769
2387 30890 769
30890 40120 769
40120 15566 769
15566 30478 769
30478 35809 769
35809 27763 769
27763 2590 769
2590 27576 769
27576 9417 769
9417 10312 769
12495 37838 770
37838 40102 770
40102 21505 770
21505 41430 770
41430 13651 770
13651 41037 770
41037 20891 770
20891 9340 770
9340 5105 770
5105 14455 770
14455 22407 770
22407 5676 770
5676 5811 770
5811 26275 770
26275 11774 770
11774 38846 770
38846 31827 770
31827 12602 770
12602 10715 770
10715 10462 770
10462 21062 770
21062 29313 770
29313 40525 770
40525 3778 770
3778 37366 770
37366 13457 770
13457 6438 770
6438 862 770
862 10766 770
10766 10160 770
10160 18681 770
18681 24375 770
24375 12690 770
12690 28465 770
28465 40372 770
40372 17715 770
17715 18030 770
18030 24858 770
24858 23727 770
23727 41991 770
41991 3161 770
11607 35586 771
35586 34890 771
34890 23417 771
23417 22748 771
22748 29456 771
29456 39816 771
39816 40719 771
40719 3160 771
3160 25148 771
25148 13479 771
13479 40317 771
40317 12446 771
12446 6308 771
6308 6059 771
6059 14820 771
14820 32465 771
32465 26219 771
26219 30105 771
30105 29367 771
29367 40288 771
40288 16062 771
16062 2217 771
2217 17784 771
17784 544 771
544 3970 771
3970 14954 771
14954 33381 771
33381 8187 771
8187 30870 771
30870 36786 771
36786 36664 771
36664 3331 771
3331 26281 771
26281 23346 771
23346 32969 771
32969 29646 771
29646 408 771
408 26153 771
26153 29994 771
29994 41534 771
41534 31979 771
15644 33292 772
33292 34000 772
34000 17689 772
17689 41640 772
41640 9609 772
9609 21203 772
21203 8236 772
8236 5261 772
5261 40307 772
40307 5571 772
5571 37749 772
37749 17582 772
17582 660 772
660 2062 772
2062 18093 772
18093 32656 772
32656 23667 772
23667 30801 772
30801 28822 772
28822 14283 772
14283 16927 772
16927 5433 772
5433 29554 772
29554 8084 772
8084 10670 772
10670 14125 772
14125 25785 772
25785 24593 772
24593 18229 772
18229 27122 772
27122 914 772
914 22208 772
22208 2983 772
2983 9444 772
9444 25967 772
25967 31237 772
31237 13584 772
13584 14467 772
14467 25033 772
25033 28211 772
28211 4937 772
21365 8664 773
8664 39538 773
39538 34132 773
34132 7891 773
7891 9273 773
9273 40868 773
40868 9768 773
9768 38522 773
38522 6428 773
6428 26594 773
26594 34634 773
34634 23776 773
23776 14290 773
14290 31215 773
31215 11055 773
11055 8643 773
8643 37719 773
37719 35124 773
35124 33747 773
33747 36340 773
36340 26902 773
26902 40588 773
40588 23430 773
23430 11702 773
11702 22877 773
22877 31061 773
31061 32331 773
32331 31495 773
31495 10744 773
10744 22803 773
22803 11180 773
11180 40509 773
40509 30835 773
30835 5509 773
5509 6829 773
6829 12753 773
12753 812 773
812 22320 773
22320 16531 773
16531 35348 773
35348 20333 773
39371 31997 774
31997 30546 774
30546 22353 774
22353 27432 774
27432 18379 774
18379 27919 774
27919 11996 774
11996 22429 774
22429 37088 774
37088 21128 774
21128 26085 774
26085 32016 774
32016 13260 774
13260 7300 774
7300 33945 774
33945 36758 774
36758 18102 774
18102 23599 774
23599 28898 774
28898 22064 774
22064 4402 774
4402 39760 774
39760 8712 774
8712 28010 774
28010 16203 774
16203 21134 774
21134 5639 774
5639 954 774
954 4184 774
4184 36730 774
36730 39054 774
39054 1875 774
1875 31841 774
31841 8496 774
8496 1400 774
1400 30988 774
30988 40320 774
40320 31407 774
31407 30608 774
30608 24431 774
24431 33224 774
35764 26546 775
26546 34249 775
34249 3597 775
3597 11494 775
11494 25892 775
25892 13946 775
13946 2605 775
2605 38683 775
38683 9988 775
9988 1991 775
1991 4950 775
4950 23200 775
23200 35463 775
35463 32746 775
32746 902 775
902 11803 775
11803 17346 775
17346 22938 775
22938 8045 775
8045 4198 775
4198 5946 775
5946 9190 775
9190 33859 775
33859 34994 775
34994 3559 775
3559 22589 775
22589 33110 775
33110 11514 775
11514 143 775
143 77 775
77 38949 775
38949 6397 775
6397 28715 775
28715 10839 775
10839 37223 775
37223 4763 775
4763 476 775
476 9059 775
9059 20003 775
20003 9964 775
9964 12341 775
25172 18145 776
18145 33471 776
33471 7385 776
7385 16845 776
16845 26801 776
26801 22408 776
22408 37723 776
37723 31968 776
31968 23015 776
23015 289 776
289 3699 776
3699 28621 776
28621 6982 776
6982 21620 776
21620 19909 776
19909 4814 776
4814 31326 776
31326 39426 776
39426 37634 776
37634 25966 776
25966 4398 776
4398 9017 776
9017 27540 776
27540 19357 776
19357 15002 776
15002 19253 776
19253 33033 776
33033 22422 776
22422 8573 776
8573 28781 776
28781 29977 776
29977 33894 776
33894 7646 776
7646 32333 776
32333 11153 776
11153 27376 776
27376 10867 776
10867 33991 776
33991 23246 776
23246 39144 776
39144 12638 776
33182 39361 777
39361 3684 777
3684 39129 777
39129 14720 777
14720 39183 777
39183 36502 777
36502 619 777
619 39962 777
39962 41341 777
41341 539 777
539 26004 777
26004 40284 777
40284 2069 777
2069 6695 777
6695 26434 777
26434 10710 777
10710 35948 777
35948 19565 777
19565 23139 777
23139 30418 777
30418 26461 777
26461 35359 777
35359 28445 777
28445 18821 777
18821 12476 777
12476 22111 777
22111 10350 777
10350 2296 777
2296 26127 777
26127 13652 777
13652 17546 777
17546 31109 777
31109 12534 777
12534 11469 777
11469 6750 777
6750 25119 777
25119 38876 777
38876 3267 777
3267 7205 777
7205 8918 777
8918 3065 777
17707 30880 778
30880 12413 778
12413 41561 778
41561 38290 778
38290 13605 778
13605 26754 778
26754 31370 778
31370 1308 778
1308 30618 778
30618 15156 778
15156 4283 778
4283 18022 778
18022 4718 778
4718 24816 778
24816 21141 778
21141 35027 778
35027 9722 778
9722 21884 778
21884 17280 778
17280 18761 778
18761 846 778
846 38789 778
38789 33968 778
33968 36093 778
36093 21577 778
21577 20029 778
20029 23530 778
23530 6566 778
6566 26793 778
26793 18901 778
18901 30994 778
30994 23561 778
23561 11221 778
11221 4687 778
4687 30397 778
30397 27776 778
27776 29874 778
29874 34718 778
34718 1932 778
1932 39324 778
39324 22503 778
36434 34632 779
34632 41601 779
41601 32712 779
32712 18161 779
18161 35130 779
35130 41414 779
41414 4004 779
4004 13252 779
13252 39206 779
39206 38017 779
38017 38905 779
38905 1837 779
1837 41180 779
41180 2308 779
2308 10760 779
10760 36557 779
36557 27191 779
27191 41064 779
41064 39831 779
39831 4549 779
4549 10013 779
10013 5790 779
5790 39632 779
39632 23986 779
23986 22748 779
22748 13574 779
13574 16461 779
16461 33542 779
33542 14604 779
14604 6952 779
6952 39963 779
39963 31282 779
31282 23574 779
23574 18964 779
18964 32500 779
32500 5314 779
5314 13967 779
13967 37748 779
37748 20732 779
20732 30493 779
30493 15176 779
33387 5118 780
5118 34380 780
34380 219 780
219 29651 780
29651 34823 780
34823 32060 780
32060 26974 780
26974 14913 780
14913 24463 780
24463 13591 780
13591 33055 780
33055 11605 780
11605 35419 780
35419 11346 780
11346 16037 780
16037 15718 780
15718 184 780
184 12342 780
12342 38253 780
38253 7235 780
7235 18760 780
18760 25141 780
25141 4771 780
4771 19780 780
19780 33277 780
33277 39936 780
39936 11289 780
11289 21473 780
21473 23166 780
23166 16710 780
16710 3979 780
3979 5242 780
5242 36927 780
36927 27881 780
27881 13429 780
13429 33025 780
33025 35176 780
35176 16646 780
16646 27736 780
27736 15248 780
15248 19673 780
8368 4207 781
4207 22241 781
22241 35702 781
35702 39912 781
39912 29670 781
29670 18429 781
18429 29926 781
29926 27366 781
27366 31377 781
31377 37288 781
37288 16831 781
16831 21709 781
21709 11614 781
11614 36816 781
36816 37162 781
37162 4092 781
4092 25027 781
25027 7926 781
7926 27158 781
27158 11153 781
11153 16634 781
16634 26525 781
26525 41470 781
41470 31894 781
31894 33262 781
33262 27575 781
27575 18476 781
18476 39506 781
39506 41382 781
41382 33793 781
33793 33641 781
33641 9140 781
9140 13083 781
13083 21553 781
21553 28534 781
28534 17432 781
17432 9244 781
9244 33226 781
33226 29897 781
29897 3960 781
3960 11668 781
4707 24210 782
24210 1305 782
1305 7727 782
7727 11136 782
11136 40751 782
40751 41256 782
41256 10396 782
10396 17963 782
17963 812 782
812 38256 782
38256 21617 782
21617 29838 782
29838 2314 782
2314 12127 782
12127 6290 782
6290 37490 782
37490 9889 782
9889 2090 782
2090 20308 782
20308 30516 782
30516 26098 782
26098 21303 782
21303 28876 782
28876 41377 782
41377 22461 782
22461 29190 782
29190 22319 782
22319 38340 782
38340 3205 782
3205 19263 782
19263 1717 782
1717 11968 782
11968 16912 782
16912 24461 782
24461 2538 782
2538 13402 782
13402 7840 782
7840 2848 782
2848 33062 782
33062 5024 782
5024 12327 782
36007 7710 783
7710 36670 783
36670 11650 783
11650 27890 783
27890 10597 783
10597 14693 783
14693 14613 783
14613 5742 783
5742 22355 783
22355 2954 783
2954 15095 783
15095 19052 783
19052 14133 783
14133 22919 783
22919 32320 783
32320 14476 783
14476 9363 783
9363 4130 783
4130 7144 783
7144 36403 783
36403 19875 783
19875 37934 783
37934 38037 783
38037 40499 783
40499 8800 783
8800 3413 783
3413 33249 783
33249 20965 783
20965 19389 783
19389 13437 783
13437 32612 783
32612 25845 783
25845 20696 783
20696 12175 783
12175 27204 783
27204 11660 783
11660 41640 783
41640 12657 783
12657 19194 783
19194 3031 783
3031 34012 783
26248 4352 784
4352 16775 784
16775 27239 784
27239 30069 784
30069 20053 784
20053 18544 784
18544 41477 784
41477 24960 784
24960 33850 784
33850 4782 784
4782 4223 784
4223 26143 784
26143 33651 784
33651 21490 784
21490 12731 784
12731 29482 784
29482 11333 784
11333 38844 784
38844 8351 784
8351 3641 784
3641 13517 784
13517 29472 784
29472 24559 784
24559 19397 784
19397 28981 784
28981 13406 784
13406 32115 784
32115 41407 784
41407 31631 784
31631 23205 784
23205 1658 784
1658 40900 784
40900 3719 784
3719 13845 784
13845 856 784
856 28064 784
28064 37578 784
37578 17769 784
17769 1907 784
1907 41087 784
41087 32015 784
31808 7688 785
7688 8498 785
8498 38909 785
38909 27807 785
27807 9864 785
9864 16827 785
16827 20198 785
20198 21091 785
21091 27248 785
27248 4445 785
4445 12978 785
12978 28992 785
28992 25244 785
25244 25926 785
25926 15879 785
15879 21792 785
21792 36437 785
36437 3807 785
3807 7306 785
7306 7944 785
7944 19346 785
19346 35404 785
35404 23622 785
23622 18131 785
18131 36679 785
36679 30659 785
30659 11119 785
11119 36309 785
36309 20818 785
20818 19019 785
19019 22798 785
22798 20341 785
20341 24593 785
24593 14585 785
14585 6586 785
6586 30706 785
30706 9922 785
9922 2988 785
2988 12104 785
12104 17735 785
17735 41048 785
10160 14267 786
14267 9583 786
9583 30033 786
30033 10901 786
10901 31516 786
31516 28504 786
28504 36702 786
36702 12639 786
12639 11668 786
11668 20933 786
20933 2947 786
2947 35587 786
35587 26660 786
26660 40628 786
40628 35124 786
35124 6719 786
6719 28019 786
28019 35492 786
35492 27087 786
27087 16860 786
16860 41052 786
41052 3806 786
3806 1084 786
1084 7278 786
7278 2395 786
2395 2861 786
2861 3354 786
3354 16445 786
16445 16512 786
16512 13931 786
13931 23401 786
23401 3809 786
3809 26204 786
26204 14545 786
14545 13761 786
13761 20406 786
20406 7813 786
7813 26711 786
26711 4938 786
4938 40883 786
40883 19910 786
41355 38241 787
38241 10426 787
10426 37563 787
37563 33337 787
33337 27123 787
27123 24182 787
24182 27329 787
27329 13436 787
13436 5878 787
5878 405 787
405 32374 787
32374 9451 787
9451 37919 787
37919 24980 787
24980 18348 787
18348 29049 787
29049 28473 787
28473 29298 787
29298 2030 787
2030 37866 787
37866 13019 787
13019 10358 787
10358 13803 787
13803 40627 787
40627 18156 787
18156 14208 787
14208 11864 787
11864 12610 787
12610 32009 787
32009 30820 787
30820 20928 787
20928 40704 787
40704 31561 787
31561 26386 787
26386 25824 787
25824 12061 787
12061 34737 787
34737 20947 787
20947 5854 787
5854 584 787
584 18095 787
24251 5828 788
5828 3366 788
3366 12708 788
12708 22705 788
22705 33105 788
33105 4709 788
4709 22634 788
22634 21826 788
21826 4466 788
4466 17676 788
17676 20292 788
20292 14464 788
14464 35130 788
35130 10108 788
10108 29691 788
29691 25226 788
25226 26867 788
26867 38234 788
38234 19309 788
19309 7110 788
7110 34439 788
34439 6214 788
6214 14148 788
14148 11142 788
11142 23548 788
23548 26338 788
26338 27827 788
27827 19622 788
19622 26745 788
26745 13264 788
13264 13136 788
13136 36993 788
36993 1707 788
1707 2373 788
2373 18887 788
18887 27926 788
27926 28623 788
28623 34880 788
34880 13645 788
13645 173 788
173 23132 788
33693 320 789
320 31197 789
31197 31966 789
31966 30164 789
30164 50 789
50 30331 789
30331 31272 789
31272 36760 789
36760 6372 789
6372 28292 789
28292 17261 789
17261 163 789
163 24448 789
24448 14957 789
14957 10568 789
10568 33895 789
33895 20190 789
20190 35681 789
35681 8539 789
8539 35528 789
35528 5347 789
5347 2917 789
2917 6382 789
6382 25779 789
25779 39456 789
39456 23330 789
23330 6259 789
6259 36526 789
36526 28029 789
28029 27271 789
27271 5804 789
5804 32044 789
32044 13264 789
13264 11405 789
11405 24878 789
24878 22785 789
22785 14798 789
14798 4467 789
4467 28190 789
28190 9784 789
9784 4394 789
16205 25542 790
25542 22923 790
22923 3554 790
3554 36060 790
36060 4055 790
4055 39335 790
39335 39871 790
39871 30656 790
30656 21979 790
21979 29527 790
29527 25892 790
25892 40939 790
40939 19404 790
19404 37954 790
37954 12505 790
12505 20442 790
20442 26718 790
26718 27432 790
27432 37827 790
37827 23838 790
23838 14399 790
14399 13731 790
13731 40887 790
40887 9419 790
9419 31596 790
31596 29927 790
29927 2200 790
2200 11460 790
11460 19958 790
19958 9680 790
9680 7869 790
7869 7864 790
7864 23796 790
23796 11523 790
11523 26426 790
26426 35108 790
35108 4867 790
4867 11959 790
11959 1389 790
1389 2591 790
2591 34254 790
26363 24193 791
24193 6546 791
6546 38702 791
38702 40434 791
40434 5318 791
5318 37053 791
37053 20070 791
20070 33044 791
33044 6453 791
6453 40270 791
40270 763 791
763 3236 791
3236 36882 791
36882 11313 791
11313 36391 791
36391 10247 791
10247 1928 791
1928 8780 791
8780 25543 791
25543 35141 791
35141 2041 791
2041 25181 791
25181 15637 791
15637 14021 791
14021 11248 791
11248 13813 791
13813 25321 791
25321 14824 791
14824 31349 791
31349 21989 791
21989 25164 791
25164 29410 791
29410 17362 791
17362 38833 791
38833 20153 791
20153 26803 791
26803 3935 791
3935 32902 791
32902 38328 791
38328 31658 791
31658 18502 791
1391 7938 792
7938 41528 792
41528 38911 792
38911 35893 792
35893 20633 792
20633 35866 792
35866 41578 792
41578 8398 792
8398 27608 792
27608 6791 792
6791 36780 792
36780 7642 792
7642 23052 792
23052 10940 792
10940 16661 792
16661 38469 792
38469 14803 792
14803 23024 792
23024 4908 792
4908 717 792
717 38943 792
38943 37722 792
37722 18928 792
18928 38296 792
38296 17207 792
17207 41173 792
41173 12380 792
12380 39967 792
39967 35257 792
35257 13577 792
13577 21665 792
21665 37818 792
37818 30635 792
30635 14670 792
14670 10575 792
10575 1082 792
1082 20697 792
20697 25325 792
25325 12193 792
12193 30597 792
30597 13700 792
28290 28311 793
28311 19980 793
19980 24111 793
24111 33217 793
33217 17058 793
17058 28509 793
28509 38712 793
38712 36054 793
36054 33742 793
33742 19268 793
19268 7470 793
7470 31947 793
31947 819 793
819 30232 793
30232 37273 793
37273 20639 793
20639 30602 793
30602 37726 793
37726 13279 793
13279 14057 793
14057 39124 793
39124 30618 793
30618 24015 793
24015 9844 793
9844 25646 793
25646 40077 793
40077 40856 793
40856 31720 793
31720 31383 793
31383 29070 793
29070 30005 793
30005 11565 793
11565 15066 793
15066 19790 793
19790 30014 793
30014 18505 793
18505 28602 793
28602 29141 793
29141 35004 793
35004 17153 793
17153 29544 793
34318 37667 794
37667 36552 794
36552 17307 794
17307 28987 794
28987 34785 794
34785 5046 794
5046 945 794
945 5112 794
5112 31620 794
31620 22739 794
22739 34080 794
34080 6431 794
6431 19501 794
19501 14275 794
14275 15702 794
15702 4248 794
4248 25921 794
25921 22714 794
22714 41671 794
41671 33354 794
33354 18263 794
18263 31572 794
31572 3464 794
3464 7484 794
7484 34406 794
34406 39670 794
39670 31220 794
31220 33789 794
33789 27886 794
27886 31339 794
31339 14254 794
14254 15944 794
15944 39221 794
39221 3864 794
3864 21390 794
21390 31518 794
31518 32537 794
32537 14276 794
14276 13924 794
13924 25138 794
25138 28430 794
25300 9474 795
9474 26728 795
26728 453 795
453 13048 795
13048 35689 795
35689 24455 795
24455 24466 795
24466 12629 795
12629 15798 795
15798 14890 795
14890 19526 795
19526 6347 795
6347 15131 795
15131 22796 795
22796 36359 795
36359 37344 795
37344 13313 795
13313 34615 795
34615 34219 795
34219 18550 795
18550 35027 795
35027 3080 795
3080 470 795
470 16644 795
16644 7839 795
7839 19345 795
19345 7377 795
7377 37901 795
37901 37599 795
37599 1531 795
1531 27323 795
27323 41687 795
41687 3061 795
3061 23021 795
23021 40127 795
40127 824 795
824 22044 795
22044 20363 795
20363 6134 795
6134 276 795
276 720 795
3727 24133 796
24133 14799 796
14799 39822 796
39822 2742 796
2742 768 796
768 4192 796
4192 25351 796
25351 25402 796
25402 14673 796
14673 28255 796
28255 27470 796
27470 26606 796
26606 5207 796
5207 15946 796
15946 33350 796
33350 31546 796
31546 18347 796
18347 22473 796
22473 31332 796
31332 37279 796
37279 26741 796
26741 9947 796
9947 18620 796
18620 21572 796
21572 19265 796
19265 5625 796
5625 6395 796
6395 25211 796
25211 31593 796
31593 40052 796
40052 36206 796
36206 5092 796
5092 40573 796
40573 19473 796
19473 11694 796
11694 31230 796
31230 29470 796
29470 6136 796
6136 1502 796
1502 12477 796
12477 29270 796
29347 26868 797
26868 32019 797
32019 7648 797
7648 1202 797
1202 24012 797
24012 38852 797
38852 8366 797
8366 19675 797
19675 40452 797
40452 4702 797
4702 19610 797
19610 29192 797
29192 26023 797
26023 2744 797
2744 29665 797
29665 27159 797
27159 40156 797
40156 23358 797
23358 22407 797
22407 18163 797
18163 28455 797
28455 30450 797
30450 30785 797
30785 29145 797
29145 6859 797
6859 41760 797
41760 10494 797
10494 17965 797
17965 26699 797
26699 33287 797
33287 412 797
412 10406 797
10406 21638 797
21638 5434 797
5434 1587 797
1587 27311 797
27311 36479 797
36479 6115 797
6115 28644 797
28644 12939 797
12939 33913 797
26447 22463 798
22463 22949 798
22949 2147 798
2147 24305 798
24305 39056 798
39056 20757 798
20757 26949 798
26949 16044 798
16044 41001 798
41001 25658 798
25658 41106 798
41106 2389 798
2389 14747 798
14747 29620 798
29620 27382 798
27382 28558 798
28558 10773 798
10773 15261 798
15261 31964 798
31964 22318 798
22318 40572 798
40572 25204 798
25204 16634 798
16634 31994 798
31994 33304 798
33304 19938 798
19938 20710 798
20710 30967 798
30967 3768 798
3768 15294 798
15294 4359 798
4359 1304 798
1304 17913 798
17913 18487 798
18487 2739 798
2739 40535 798
40535 17425 798
17425 32289 798
32289 3911 798
3911 40978 798
40978 29945 798
1107 8743 799
8743 32267 799
32267 27445 799
27445 17507 799
17507 27666 799
27666 32713 799
32713 28812 799
28812 37261 799
37261 8874 799
8874 21661 799
21661 19027 799
19027 14951 799
14951 33578 799
33578 22195 799
22195 39821 799
39821 13632 799
13632 37413 799
37413 29224 799
29224 41992 799
41992 22928 799
22928 23092 799
23092 34879 799
34879 20029 799
20029 21847 799
21847 35952 799
35952 33585 799
33585 772 799
772 4111 799
4111 11640 799
11640 8581 799
8581 28083 799
28083 28051 799
28051 1529 799
1529 6668 799
6668 4368 799
4368 1785 799
1785 9463 799
9463 12513 799
12513 4904 799
4904 1757 799
1757 32386 799
830 26473 800
26473 10990 800
10990 41583 800
41583 37370 800
37370 20680 800
20680 19383 800
19383 20092 800
20092 33400 800
33400 10191 800
10191 2349 800
2349 25690 800
25690 8651 800
8651 21949 800
21949 25149 800
25149 19176 800
19176 17024 800
17024 15135 800
15135 11868 800
11868 31504 800
31504 28465 800
28465 19319 800
19319 12383 800
12383 30649 800
30649 35053 800
35053 34313 800
34313 23978 800
23978 9952 800
9952 13717 800
13717 39542 800
39542 40199 800
40199 31887 800
31887 26092 800
26092 33502 800
33502 34368 800
34368 31425 800
31425 11401 800
11401 29560 800
29560 14611 800
14611 16196 800
16196 30218 800
30218 37809 800
34443 18622 801
18622 25602 801
25602 3568 801
3568 7552 801
7552 27763 801
27763 37077 801
37077 41868 801
41868 40114 801
40114 31170 801
31170 41886 801
41886 12141 801
12141 11513 801
11513 3219 801
3219 16159 801
16159 18542 801
18542 17164 801
17164 30992 801
30992 9478 801
9478 10452 801
10452 12448 801
12448 36281 801
36281 8581 801
8581 29534 801
29534 22914 801
22914 971 801
971 24063 801
24063 23084 801
23084 29898 801
29898 27637 801
27637 11061 801
11061 6384 801
6384 461 801
461 14685 801
14685 4200 801
4200 3608 801
3608 9966 801
9966 8110 801
8110 7193 801
7193 25904 801
25904 31420 801
31420 18438 801
16535 16450 802
16450 11238 802
11238 1961 802
1961 33669 802
33669 39938 802
39938 38324 802
38324 19232 802
19232 34716 802
34716 15856 802
15856 17428 802
17428 12723 802
12723 29579 802
29579 8383 802
8383 34649 802
34649 18467 802
18467 38537 802
38537 34407 802
34407 39814 802
39814 13706 802
13706 11540 802
11540 7205 802
7205 3181 802
3181 14511 802
14511 41477 802
41477 41212 802
41212 21419 802
21419 26419 802
26419 38561 802
38561 9854 802
9854 6560 802
6560 32446 802
32446 1154 802
1154 30345 802
30345 21995 802
21995 20497 802
20497 14958 802
14958 10028 802
10028 8486 802
8486 4231 802
4231 25381 802
25381 40260 802
39383 13157 803
13157 22296 803
22296 2218 803
2218 11969 803
11969 792 803
792 13498 803
13498 29711 803
29711 4037 803
4037 30539 803
30539 10258 803
10258 34723 803
34723 17251 803
17251 11403 803
11403 41814 803
41814 18798 803
18798 7488 803
7488 1074 803
1074 17384 803
17384 2481 803
2481 25726 803
25726 41981 803
41981 30348 803
30348 41523 803
41523 13182 803
13182 11819 803
11819 5066 803
5066 13917 803
13917 21933 803
21933 38141 803
38141 1737 803
1737 1796 803
1796 39283 803
39283 19720 803
19720 35636 803
35636 32702 803
32702 34369 803
34369 517 803
517 20159 803
20159 27727 803
27727 23679 803
23679 28633 803
14428 15771 804
15771 22311 804
22311 25977 804
25977 27057 804
27057 32861 804
32861 10434 804
10434 11402 804
11402 32846 804
32846 11317 804
11317 9596 804
9596 25854 804
25854 40885 804
40885 12322 804
12322 18212 804
18212 38098 804
38098 9579 804
9579 2276 804
2276 40265 804
40265 8002 804
8002 38200 804
38200 34851 804
34851 15303 804
15303 14954 804
14954 41701 804
41701 41623 804
41623 4529 804
4529 41252 804
41252 20298 804
20298 8941 804
8941 33340 804
33340 6880 804
6880 33036 804
33036 18098 804
18098 8767 804
8767 39938 804
39938 6185 804
6185 31269 804
31269 6510 804
6510 28001 804
28001 13751 804
13751 27155 804
9802 41850 805
41850 29344 805
29344 21110 805
21110 9847 805
9847 4428 805
4428 3220 805
3220 2881 805
2881 4495 805
4495 22745 805
22745 34362 805
34362 37594 805
37594 1723 805
1723 4801 805
4801 34837 805
34837 4326 805
4326 27182 805
27182 2752 805
2752 25855 805
25855 18118 805
18118 6343 805
6343 25316 805
25316 19719 805
19719 19975 805
19975 20682 805
20682 28115 805
28115 33933 805
33933 13205 805
13205 35582 805
35582 40767 805
40767 40876 805
40876 11708 805
11708 37261 805
37261 34729 805
34729 17011 805
17011 18446 805
18446 11854 805
11854 11612 805
11612 13595 805
13595 34108 805
34108 29638 805
29638 1766 805
36043 21032 806
21032 38128 806
38128 19890 806
19890 20247 806
20247 11742 806
11742 32513 806
32513 18702 806
18702 26965 806
26965 15929 806
15929 10547 806
10547 23854 806
23854 41538 806
41538 24519 806
24519 16876 806
16876 4410 806
4410 41891 806
41891 36277 806
36277 26090 806
26090 31299 806
31299 18713 806
18713 27566 806
27566 16150 806
16150 29688 806
29688 1450 806
1450 26871 806
26871 12048 806
12048 15722 806
15722 2194 806
2194 24170 806
24170 3171 806
3171 1620 806
1620 4635 806
4635 40273 806
40273 7394 806
7394 35815 806
35815 6826 806
6826 2622 806
2622 32345 806
32345 15464 806
15464 11997 806
11997 23818 806
9806 15321 807
15321 15389 807
15389 23454 807
23454 20300 807
20300 22496 807
22496 38098 807
38098 6891 807
6891 9568 807
9568 25490 807
25490 18540 807
18540 27654 807
27654 32103 807
32103 33769 807
33769 8682 807
8682 2677 807
2677 38048 807
38048 32982 807
32982 24091 807
24091 26261 807
26261 19289 807
19289 28262 807
28262 19380 807
19380 16900 807
16900 1666 807
1666 8237 807
8237 3338 807
3338 18797 807
18797 28275 807
28275 17455 807
17455 35279 807
35279 21971 807
21971 33600 807
33600 12732 807
12732 2704 807
2704 28918 807
28918 7133 807
7133 9367 807
9367 7855 807
7855 29885 807
29885 40420 807
40420 39685 807
13634 28537 808
28537 29735 808
29735 36642 808
36642 16707 808
16707 29794 808
29794 36346 808
36346 10713 808
10713 34293 808
34293 2385 808
2385 22220 808
22220 14075 808
14075 33448 808
33448 4862 808
4862 41748 808
41748 33589 808
33589 17055 808
17055 25450 808
25450 10848 808
10848 7196 808
7196 4506 808
4506 69 808
69 31857 808
31857 4498 808
4498 17773 808
17773 28305 808
28305 17808 808
17808 34559 808
34559 41181 808
41181 8529 808
8529 37757 808
37757 16088 808
16088 6929 808
6929 34189 808
34189 12685 808
12685 14876 808
14876 20666 808
20666 5522 808
5522 28164 808
28164 2233 808
2233 21978 808
21978 40839 808
18913 19240 809
19240 4354 809
4354 4949 809
4949 34195 809
34195 19999 809
19999 7235 809
7235 3082 809
3082 20766 809
20766 17203 809
17203 25382 809
25382 15854 809
15854 7697 809
7697 4433 809
4433 35727 809
35727 14740 809
14740 24747 809
24747 25603 809
25603 38919 809
38919 36943 809
36943 1413 809
1413 23631 809
23631 29950 809
29950 1283 809
1283 19435 809
19435 9660 809
9660 37472 809
37472 34244 809
34244 3256 809
3256 38928 809
38928 3833 809
3833 3795 809
3795 26692 809
26692 25167 809
25167 18197 809
18197 41957 809
41957 23664 809
23664 4615 809
4615 26715 809
26715 25361 809
25361 27229 809
27229 11189 809
19064 30705 810
30705 39879 810
39879 3729 810
3729 11681 810
11681 11257 810
11257 28039 810
28039 3370 810
3370 29243 810
29243 41595 810
41595 32479 810
32479 12020 810
12020 20813 810
20813 21119 810
21119 4382 810
4382 37961 810
37961 41759 810
41759 14113 810
14113 15761 810
15761 69 810
69 37889 810
37889 2662 810
2662 36647 810
36647 11304 810
11304 22651 810
22651 19786 810
19786 11836 810
11836 22258 810
22258 10454 810
10454 13353 810
13353 7670 810
7670 29622 810
29622 16305 810
16305 27889 810
27889 32706 810
32706 37297 810
37297 7724 810
7724 20493 810
20493 6025 810
6025 32724 810
32724 12498 810
12498 30537 810
23243 28931 811
28931 41494 811
41494 24500 811
24500 30013 811
30013 15063 811
15063 1473 811
1473 13546 811
13546 31332 811
31332 5900 811
5900 31965 811
31965 9766 811
9766 21968 811
21968 19236 811
19236 11787 811
11787 36645 811
36645 40893 811
40893 35319 811
35319 34852 811
34852 4594 811
4594 9648 811
9648 34262 811
34262 13963 811
13963 14111 811
14111 25899 811
25899 4550 811
4550 1735 811
1735 5152 811
5152 7296 811
7296 25162 811
25162 20880 811
20880 40466 811
40466 13811 811
13811 21322 811
21322 16465 811
16465 9255 811
9255 301 811
301 31867 811
31867 3651 811
3651 19064 811
19064 10659 811
10659 8037 811
12996 37691 812
37691 17255 812
17255 5165 812
5165 30806 812
30806 21065 812
21065 11740 812
11740 31214 812
31214 24155 812
24155 38445 812
38445 18873 812
18873 11972 812
11972 28609 812
28609 36473 812
36473 24062 812
24062 5509 812
5509 25037 812
25037 37929 812
37929 40431 812
40431 24344 812
24344 33480 812
33480 5898 812
5898 2302 812
2302 34590 812
34590 10533 812
10533 7304 812
7304 33449 812
33449 8913 812
8913 29448 812
29448 1540 812
1540 8015 812
8015 3894 812
3894 7122 812
7122 2619 812
2619 40769 812
40769 22424 812
22424 39136 812
39136 12747 812
12747 12499 812
12499 35295 812
35295 21513 812
21513 26892 812
21 16737 813
16737 27200 813
27200 6663 813
6663 29082 813
29082 16862 813
16862 34897 813
34897 35496 813
35496 21066 813
21066 17446 813
17446 32923 813
32923 16395 813
16395 37851 813
37851 27254 813
27254 14525 813
14525 33722 813
33722 31128 813
31128 41145 813
41145 10709 813
10709 38997 813
38997 9378 813
9378 20572 813
20572 20841 813
20841 22503 813
22503 4918 813
4918 22205 813
22205 30767 813
30767 16346 813
16346 1609 813
1609 24003 813
24003 1949 813
1949 16993 813
16993 17601 813
17601 23879 813
23879 27767 813
27767 34994 813
34994 14894 813
14894 211 813
211 1025 813
1025 23587 813
23587 30520 813
30520 31497 813
14393 7729 814
7729 4508 814
4508 28127 814
28127 37158 814
37158 21211 814
21211 10636 814
10636 16921 814
16921 13839 814
13839 250 814
250 13661 814
13661 23995 814
23995 27884 814
27884 30029 814
30029 36632 814
36632 40764 814
40764 6560 814
6560 25107 814
25107 34941 814
34941 36117 814
36117 6945 814
6945 21462 814
21462 23193 814
23193 12039 814
12039 38511 814
38511 31711 814
31711 10819 814
10819 30235 814
30235 11163 814
11163 18434 814
18434 25445 814
25445 36947 814
36947 37861 814
37861 23852 814
23852 10264 814
10264 18637 814
18637 32352 814
32352 26161 814
26161 26082 814
26082 5816 814
5816 24580 814
24580 37497 814
34629 253 815
253 14851 815
14851 34707 815
34707 26649 815
26649 37176 815
37176 1547 815
1547 8154 815
8154 31698 815
31698 12816 815
12816 11835 815
11835 15987 815
15987 4026 815
4026 7339 815
7339 14082 815
14082 6513 815
6513 38966 815
38966 24394 815
24394 31617 815
31617 23352 815
23352 4004 815
4004 29906 815
29906 28093 815
28093 37255 815
37255 18779 815
18779 11553 815
11553 15838 815
15838 22234 815
22234 13508 815
13508 23174 815
23174 26569 815
26569 17309 815
17309 29283 815
29283 22686 815
22686 36101 815
36101 21948 815
21948 25912 815
25912 36057 815
36057 35273 815
35273 4132 815
4132 10971 815
10971 6713 815
1531 26790 816
26790 16472 816
16472 33181 816
33181 39623 816
39623 16707 816
16707 39717 816
39717 6281 816
6281 29522 816
29522 22835 816
22835 20960 816
20960 30471 816
30471 39342 816
39342 12807 816
12807 37700 816
37700 33885 816
33885 921 816
921 8695 816
8695 37606 816
37606 38655 816
38655 26178 816
26178 9703 816
9703 7741 816
7741 23207 816
23207 23444 816
23444 22851 816
22851 30395 816
30395 36415 816
36415 12187 816
12187 2417 816
2417 18756 816
18756 8009 816
8009 34294 816
34294 34988 816
34988 3323 816
3323 30190 816
30190 14269 816
14269 39580 816
39580 17583 816
17583 13807 816
13807 36160 816
36160 11178 816
5882 19773 817
19773 32472 817
32472 5125 817
5125 36726 817
36726 6518 817
6518 32708 817
32708 1139 817
1139 39060 817
39060 34625 817
34625 38334 817
38334 19388 817
19388 20432 817
20432 11690 817
11690 32954 817
32954 19726 817
19726 23217 817
23217 20169 817
20169 1467 817
1467 36054 817
36054 32858 817
32858 9034 817
9034 33894 817
33894 24843 817
24843 36714 817
36714 17338 817
17338 4628 817
4628 38038 817
38038 12333 817
12333 14098 817
14098 10920 817
10920 3900 817
3900 24279 817
24279 35943 817
35943 14044 817
14044 24216 817
24216 2173 817
2173 5628 817
5628 15922 817
15922 25961 817
25961 18150 817
18150 8097 817
14674 11403 818
11403 29867 818
29867 16039 818
16039 27061 818
27061 27890 818
27890 38777 818
38777 36842 818
36842 9946 818
9946 40635 818
40635 11488 818
11488 24502 818
24502 21098 818
21098 22637 818
22637 33643 818
33643 33755 818
33755 24527 818
24527 26749 818
26749 19594 818
19594 4539 818
4539 14022 818
14022 32492 818
32492 2024 818
2024 37694 818
37694 40741 818
40741 25648 818
25648 38768 818
38768 24926 818
24926 2944 818
2944 8061 818
8061 36156 818
36156 2263 818
2263 5914 818
5914 19607 818
19607 24459 818
24459 36293 818
36293 7477 818
7477 7486 818
7486 18701 818
18701 31397 818
31397 14881 818
14881 26748 818
15225 24829 819
24829 24976 819
24976 32993 819
32993 39720 819
39720 27458 819
27458 32712 819
32712 38956 819
38956 10573 819
10573 22292 819
22292 32873 819
32873 37967 819
37967 36110 819
36110 37202 819
37202 30543 819
30543 973 819
973 6215 819
6215 18425 819
18425 37328 819
37328 35914 819
35914 40117 819
40117 20190 819
20190 18600 819
18600 34472 819
34472 32155 819
32155 9493 819
9493 3497 819
3497 16351 819
16351 12651 819
12651 5671 819
5671 27861 819
27861 28308 819
28308 20038 819
20038 12374 819
12374 20895 819
20895 19231 819
19231 26583 819
26583 21366 819
21366 24319 819
24319 17929 819
17929 7065 819
7065 16521 819
14924 25048 820
25048 6144 820
6144 24418 820
24418 6917 820
6917 13075 820
13075 183 820
183 9389 820
9389 33395 820
33395 21256 820
21256 2484 820
2484 32791 820
32791 407 820
407 24973 820
24973 9975 820
9975 41457 820
41457 30499 820
30499 31805 820
31805 40023 820
40023 8246 820
8246 27093 820
27093 33953 820
33953 40492 820
40492 20999 820
20999 17546 820
17546 25853 820
25853 39650 820
39650 5614 820
5614 30985 820
30985 1609 820
1609 28943 820
28943 28750 820
28750 17527 820
17527 7518 820
7518 8943 820
8943 3344 820
3344 27397 820
27397 17330 820
17330 30994 820
30994 31194 820
31194 21595 820
21595 12292 820
14447 33009 821
33009 28461 821
28461 39265 821
39265 38554 821
38554 32083 821
32083 36107 821
36107 20700 821
20700 12073 821
12073 3037 821
3037 41492 821
41492 2037 821
2037 27991 821
27991 15866 821
15866 35554 821
35554 32043 821
32043 12642 821
12642 25033 821
25033 15031 821
15031 39380 821
39380 30452 821
30452 22324 821
22324 8450 821
8450 10076 821
10076 256 821
256 29374 821
29374 5495 821
5495 34702 821
34702 6313 821
6313 280 821
280 20669 821
20669 18559 821
18559 21344 821
21344 30151 821
30151 9612 821
9612 34197 821
34197 17179 821
17179 34910 821
34910 4073 821
4073 21265 821
21265 35560 821
35560 12952 821
26042 18452 822
18452 25410 822
25410 8343 822
8343 38946 822
38946 13023 822
13023 11084 822
11084 40834 822
40834 34024 822
34024 13597 822
13597 23542 822
23542 19746 822
19746 12491 822
12491 33107 822
33107 3630 822
3630 33797 822
33797 18640 822
18640 23870 822
23870 39986 822
39986 25840 822
25840 11336 822
11336 12793 822
12793 37855 822
37855 1884 822
1884 26075 822
26075 21506 822
21506 12819 822
12819 41338 822
41338 3564 822
3564 35652 822
35652 23864 822
23864 8717 822
8717 14191 822
14191 29546 822
29546 16889 822
16889 10048 822
10048 40426 822
40426 4872 822
4872 8882 822
8882 39276 822
39276 27103 822
27103 30693 822
19541 7513 823
7513 13953 823
13953 16850 823
16850 20762 823
20762 2669 823
2669 7323 823
7323 27426 823
27426 10487 823
10487 31777 823
31777 40904 823
40904 18142 823
18142 15167 823
15167 29693 823
29693 24335 823
24335 36916 823
36916 30061 823
30061 26456 823
26456 26971 823
26971 1909 823
1909 34311 823
34311 8684 823
8684 20830 823
20830 32686 823
32686 10142 823
10142 31232 823
31232 20889 823
20889 32539 823
32539 10750 823
10750 23365 823
23365 38204 823
38204 14920 823
14920 39762 823
39762 26647 823
26647 37868 823
37868 28416 823
28416 37531 823
37531 7013 823
7013 12332 823
12332 24835 823
24835 11725 823
11725 9046 823
23985 37593 824
37593 15946 824
15946 22008 824
22008 15135 824
15135 29188 824
29188 30805 824
30805 19017 824
19017 33197 824
33197 39755 824
39755 6833 824
6833 35825 824
35825 1061 824
1061 198 824
198 13009 824
13009 16198 824
16198 3371 824
3371 24521 824
24521 4622 824
4622 19811 824
19811 30508 824
30508 8669 824
8669 23575 824
23575 22317 824
22317 29904 824
29904 26589 824
26589 4080 824
4080 21141 824
21141 3116 824
3116 40041 824
40041 10545 824
10545 18091 824
18091 18650 824
18650 11980 824
11980 9522 824
9522 39474 824
39474 30853 824
30853 35362 824
35362 17581 824
17581 11606 824
11606 41243 824
41243 18933 824
32928 4939 825
4939 19588 825
19588 34222 825
34222 8666 825
8666 21217 825
21217 24388 825
24388 35889 825
35889 9914 825
9914 6044 825
6044 40970 825
40970 26058 825
26058 40617 825
40617 33658 825
33658 19941 825
19941 20822 825
20822 3455 825
3455 22965 825
22965 5019 825
5019 34448 825
34448 14926 825
14926 22576 825
22576 31247 825
31247 31005 825
31005 24333 825
24333 30365 825
30365 11210 825
11210 41439 825
41439 4665 825
4665 31271 825
31271 13567 825
13567 6113 825
6113 40944 825
40944 1877 825
1877 7030 825
7030 25474 825
25474 29637 825
29637 35386 825
35386 16904 825
16904 21124 825
21124 14250 825
14250 8719 825
23526 9223 826
9223 26075 826
26075 41576 826
41576 16246 826
16246 24934 826
24934 41604 826
41604 14081 826
14081 38889 826
38889 39421 826
39421 41749 826
41749 21048 826
21048 35238 826
35238 18384 826
18384 34789 826
34789 1147 826
1147 13987 826
13987 17334 826
17334 14499 826
14499 19768 826
19768 5649 826
5649 31559 826
31559 41325 826
41325 27306 826
27306 38148 826
38148 35446 826
35446 23677 826
23677 14130 826
14130 16760 826
16760 23208 826
23208 19014 826
19014 18612 826
18612 9681 826
9681 15288 826
15288 26150 826
26150 7095 826
7095 32235 826
32235 23994 826
23994 5782 826
5782 23144 826
23144 8395 826
8395 24421 826
23484 13611 827
13611 38703 827
38703 27114 827
27114 16953 827
16953 12973 827
12973 13102 827
13102 504 827
504 5378 827
5378 30098 827
30098 15228 827
15228 16941 827
16941 1518 827
1518 18920 827
18920 22895 827
22895 13581 827
13581 37820 827
37820 13747 827
13747 32893 827
32893 26723 827
26723 11764 827
11764 9349 827
9349 19698 827
19698 8621 827
8621 40706 827
40706 6824 827
6824 20107 827
20107 14577 827
14577 10392 827
10392 3717 827
3717 37121 827
37121 35198 827
35198 16166 827
16166 2380 827
2380 15180 827
15180 12244 827
12244 5907 827
5907 10027 827
10027 8043 827
8043 33516 827
33516 39654 827
39654 24464 827
30069 17274 828
17274 23028 828
23028 10955 828
10955 35760 828
35760 14055 828
14055 33603 828
33603 23874 828
23874 23066 828
23066 9529 828
9529 20477 828
20477 5204 828
5204 37414 828
37414 27178 828
27178 13622 828
13622 32760 828
32760 3895 828
3895 27255 828
27255 31851 828
31851 20283 828
20283 14113 828
14113 1274 828
1274 1026 828
1026 32202 828
32202 536 828
536 32779 828
32779 26570 828
26570 4879 828
4879 7916 828
7916 37428 828
37428 30601 828
30601 39205 828
39205 28274 828
28274 18847 828
18847 39100 828
39100 15438 828
15438 2524 828
2524 37931 828
37931 36716 828
36716 2104 828
2104 27041 828
27041 30682 828
32858 17704 829
17704 41348 829
41348 20224 829
20224 3097 829
3097 27405 829
27405 4361 829
4361 11316 829
11316 18321 829
18321 14383 829
14383 13933 829
13933 33609 829
33609 34475 829
34475 19051 829
19051 7957 829
7957 41472 829
41472 5130 829
5130 35463 829
35463 19383 829
19383 10472 829
10472 26309 829
26309 923 829
923 39271 829
39271 32012 829
32012 4253 829
4253 28107 829
28107 11511 829
11511 33068 829
33068 5909 829
5909 15737 829
15737 41071 829
41071 16747 829
16747 26361 829
26361 38024 829
38024 14771 829
14771 25700 829
25700 13353 829
13353 20579 829
20579 16914 829
16914 16278 829
16278 24762 829
24762 39289 829
8454 27565 830
27565 614 830
614 29502 830
29502 27664 830
27664 31573 830
31573 32106 830
32106 8167 830
8167 24986 830
24986 21813 830
21813 3395 830
3395 16185 830
16185 33815 830
33815 3119 830
3119 8030 830
8030 9179 830
9179 15915 830
15915 19029 830
19029 26868 830
26868 27071 830
27071 18439 830
18439 7574 830
7574 20450 830
20450 4635 830
4635 31447 830
31447 17825 830
17825 19903 830
19903 28319 830
28319 40086 830
40086 24207 830
24207 38867 830
38867 2065 830
2065 1427 830
1427 11987 830
11987 37914 830
37914 7172 830
7172 9483 830
9483 31600 830
31600 14796 830
14796 15957 830
15957 15369 830
15369 3094 830
27479 434 831
434 23094 831
23094 22408 831
22408 12165 831
12165 28297 831
28297 7423 831
7423 20210 831
20210 38188 831
38188 13582 831
13582 41373 831
41373 18920 831
18920 6847 831
6847 5997 831
5997 20698 831
20698 30001 831
30001 11453 831
11453 22131 831
22131 4078 831
4078 240 831
240 32607 831
32607 5110 831
5110 19189 831
19189 39184 831
39184 40458 831
40458 9512 831
9512 7949 831
7949 39782 831
39782 12027 831
12027 23341 831
23341 3760 831
3760 16776 831
16776 20376 831
20376 21291 831
21291 5870 831
5870 3669 831
3669 13826 831
13826 16964 831
16964 7934 831
7934 10913 831
10913 31622 831
31622 8085 831
27303 37855 832
37855 31745 832
31745 17895 832
17895 28792 832
28792 36830 832
36830 10011 832
10011 23812 832
23812 28635 832
28635 3356 832
3356 38463 832
38463 7404 832
7404 3577 832
3577 37636 832
37636 14948 832
14948 7489 832
7489 34450 832
34450 7864 832
7864 34218 832
34218 16955 832
16955 18063 832
18063 26363 832
26363 39380 832
39380 8956 832
8956 14310 832
14310 17011 832
17011 39835 832
39835 17052 832
17052 40901 832
40901 34149 832
34149 19018 832
19018 1067 832
1067 5036 832
5036 25386 832
25386 18851 832
18851 197 832
197 5065 832
5065 24067 832
24067 21221 832
21221 34516 832
34516 31329 832
31329 36359 832
6485 13102 833
13102 39519 833
39519 40928 833
40928 6128 833
6128 14655 833
14655 3675 833
3675 33773 833
33773 37213 833
37213 29411 833
29411 35336 833
35336 25959 833
25959 31465 833
31465 15779 833
15779 9989 833
9989 1050 833
1050 20133 833
20133 36054 833
36054 16086 833
16086 17903 833
17903 10957 833
10957 9877 833
9877 18177 833
18177 27257 833
27257 2136 833
2136 38181 833
38181 33910 833
33910 22147 833
22147 168 833
168 7228 833
7228 40676 833
40676 32976 833
32976 9279 833
9279 9249 833
9249 34351 833
34351 41159 833
41159 33627 833
33627 28671 833
28671 25175 833
25175 41223 833
41223 8236 833
8236 32831 833
25751 7541 834
7541 39139 834
39139 29056 834
29056 22725 834
22725 12459 834
12459 9905 834
9905 4583 834
4583 39651 834
39651 40441 834
40441 140 834
140 27072 834
27072 28445 834
28445 11370 834
11370 30229 834
30229 26278 834
26278 29484 834
29484 4610 834
4610 40919 834
40919 8819 834
8819 30455 834
30455 10033 834
10033 28064 834
28064 8689 834
8689 13991 834
13991 13685 834
13685 27467 834
27467 21716 834
21716 24354 834
24354 14063 834
14063 41284 834
41284 13414 834
13414 15565 834
15565 30060 834
30060 8823 834
8823 41694 834
41694 18159 834
18159 24593 834
24593 14363 834
14363 1531 834
1531 22698 834
22698 6248 834
3216 4372 835
4372 33706 835
33706 30849 835
30849 23851 835
23851 35435 835
35435 22360 835
22360 1632 835
1632 35324 835
35324 23995 835
23995 40207 835
40207 7976 835
7976 32216 835
32216 37671 835
37671 34832 835
34832 5397 835
5397 35172 835
35172 28207 835
28207 40289 835
40289 27013 835
27013 31161 835
31161 6021 835
6021 30939 835
30939 37901 835
37901 25801 835
25801 21765 835
21765 27458 835
27458 25506 835
25506 9506 835
9506 35586 835
35586 34153 835
34153 5790 835
5790 9575 835
9575 2599 835
2599 18308 835
18308 28516 835
28516 6180 835
6180 31156 835
31156 37821 835
37821 3352 835
3352 20630 835
20630 17493 835
2414 5809 836
5809 2546 836
2546 38078 836
38078 27498 836
27498 40550 836
40550 9483 836
9483 1609 836
1609 5239 836
5239 14395 836
14395 28536 836
28536 33267 836
33267 18694 836
18694 37189 836
37189 33818 836
33818 5264 836
5264 17188 836
17188 4488 836
4488 33161 836
33161 18715 836
18715 17471 836
17471 30719 836
30719 35180 836
35180 22117 836
22117 345 836
345 26910 836
26910 7191 836
7191 23402 836
23402 35087 836
35087 23706 836
23706 6470 836
6470 28369 836
28369 7161 836
7161 1067 836
1067 17475 836
17475 2174 836
2174 22193 836
22193 20108 836
20108 1797 836
1797 21339 836
21339 39202 836
39202 38328 836
33324 11722 837
11722 26500 837
26500 33762 837
33762 18332 837
18332 8587 837
8587 33493 837
33493 30367 837
30367 37835 837
37835 33516 837
33516 37384 837
37384 34695 837
34695 30079 837
30079 12883 837
12883 41167 837
41167 9808 837
9808 17547 837
17547 38489 837
38489 35993 837
35993 23014 837
23014 13106 837
13106 12240 837
12240 37382 837
37382 26155 837
26155 38787 837
38787 29987 837
29987 19238 837
19238 27442 837
27442 38671 837
38671 31500 837
31500 85 837
85 34401 837
34401 33347 837
33347 472 837
472 30131 837
30131 18150 837
18150 32435 837
32435 22740 837
22740 1450 837
1450 41464 837
41464 19281 837
19281 4233 837
23039 24864 838
24864 39770 838
39770 2382 838
2382 12477 838
12477 23475 838
23475 18811 838
18811 40049 838
40049 8598 838
8598 8387 838
8387 19780 838
19780 24886 838
24886 3311 838
3311 37508 838
37508 17768 838
17768 10810 838
10810 1040 838
1040 41954 838
41954 31893 838
31893 18683 838
18683 31614 838
31614 6506 838
6506 29851 838
29851 2060 838
2060 38028 838
38028 6573 838
6573 3062 838
3062 10203 838
10203 19573 838
19573 8606 838
8606 37528 838
37528 40511 838
40511 14815 838
14815 4147 838
4147 28209 838
28209 37548 838
37548 30659 838
30659 27330 838
27330 30362 838
30362 11880 838
11880 41900 838
41900 11905 838
34624 495 839
495 33381 839
33381 26236 839
26236 40766 839
40766 7896 839
7896 5417 839
5417 21865 839
21865 18354 839
18354 3317 839
3317 39488 839
39488 22757 839
22757 14531 839
14531 21638 839
21638 38042 839
38042 1826 839
1826 26986 839
26986 38798 839
38798 4772 839
4772 7586 839
7586 28452 839
28452 8884 839
8884 40907 839
40907 14712 839
14712 24712 839
24712 7931 839
7931 11396 839
11396 26052 839
26052 5959 839
5959 6898 839
6898 35460 839
35460 16981 839
16981 28242 839
28242 36542 839
36542 9587 839
9587 33840 839
33840 7335 839
7335 16236 839
16236 20693 839
20693 23444 839
23444 37549 839
37549 33214 839
1402 5943 840
5943 28211 840
28211 22084 840
22084 1002 840
1002 4027 840
4027 1446 840
1446 2255 840
2255 19907 840
19907 22725 840
22725 11571 840
11571 17054 840
17054 14621 840
14621 6512 840
6512 12942 840
12942 6130 840
6130 7383 840
7383 34638 840
34638 21009 840
21009 1330 840
1330 10451 840
10451 15233 840
15233 20008 840
20008 41540 840
41540 40812 840
40812 4703 840
4703 20161 840
20161 26945 840
26945 28140 840
28140 25230 840
25230 2743 840
2743 24570 840
24570 7381 840
7381 19901 840
19901 28610 840
28610 39948 840
39948 18031 840
18031 27906 840
27906 34933 840
34933 36919 840
36919 10081 840
10081 21277 840
30018 39581 841
39581 37327 841
37327 36439 841
36439 16049 841
16049 30630 841
30630 39935 841
39935 32373 841
32373 1706 841
1706 30883 841
30883 223 841
223 32846 841
32846 10611 841
10611 26318 841
26318 36468 841
36468 1281 841
1281 21350 841
21350 15028 841
15028 6946 841
6946 4779 841
4779 33239 841
33239 8846 841
8846 27190 841
27190 1322 841
1322 3889 841
3889 30134 841
30134 21779 841
21779 23361 841
23361 12954 841
12954 9177 841
9177 10403 841
10403 15822 841
15822 38069 841
38069 10261 841
10261 41557 841
41557 35283 841
35283 4029 841
4029 14954 841
14954 26338 841
26338 14276 841
14276 41385 841
41385 38112 841
23355 3195 842
3195 13612 842
13612 31607 842
31607 1194 842
1194 10693 842
10693 30871 842
30871 37241 842
37241 9872 842
9872 35281 842
35281 29028 842
29028 34335 842
34335 23017 842
23017 6521 842
6521 19243 842
19243 1131 842
1131 17872 842
17872 2852 842
2852 26992 842
26992 18129 842
18129 31254 842
31254 17692 842
17692 9856 842
9856 11522 842
11522 7635 842
7635 26128 842
26128 25796 842
25796 1487 842
1487 40640 842
40640 29304 842
29304 27070 842
27070 1441 842
1441 11055 842
11055 40561 842
40561 3560 842
3560 38580 842
38580 16956 842
16956 33776 842
33776 2292 842
2292 25057 842
25057 14974 842
14974 41250 842
38248 19661 843
19661 32363 843
32363 36414 843
36414 38029 843
38029 38718 843
38718 29525 843
29525 36299 843
36299 11616 843
11616 19199 843
19199 1782 843
1782 15998 843
15998 31413 843
31413 25773 843
25773 35205 843
35205 11382 843
11382 11726 843
11726 8774 843
8774 15079 843
15079 35457 843
35457 29404 843
29404 38086 843
38086 25601 843
25601 32812 843
32812 7490 843
7490 16287 843
16287 39862 843
39862 25020 843
25020 11053 843
11053 8898 843
8898 3483 843
3483 33820 843
33820 22525 843
22525 23280 843
23280 40188 843
40188 13286 843
13286 29918 843
29918 3712 843
3712 35867 843
35867 6454 843
6454 11595 843
11595 22124 843
4745 19343 844
19343 35191 844
35191 1289 844
1289 2850 844
2850 17133 844
17133 3418 844
3418 2515 844
2515 36988 844
36988 34973 844
34973 33336 844
33336 4407 844
4407 41261 844
41261 36906 844
36906 39269 844
39269 36829 844
36829 34094 844
34094 16806 844
16806 24921 844
24921 2692 844
2692 5442 844
5442 33070 844
33070 915 844
915 12650 844
12650 21773 844
21773 39236 844
39236 2558 844
2558 38407 844
38407 23602 844
23602 21664 844
21664 24153 844
24153 16412 844
16412 28315 844
28315 13855 844
13855 23910 844
23910 31855 844
31855 12213 844
12213 20760 844
20760 33718 844
33718 5624 844
5624 27665 844
27665 7417 844
28936 26295 845
26295 25170 845
25170 28811 845
28811 7977 845
7977 34449 845
34449 40893 845
40893 31146 845
31146 35384 845
35384 30762 845
30762 9205 845
9205 28087 845
28087 10820 845
10820 10792 845
10792 30909 845
30909 11831 845
11831 20116 845
20116 17084 845
17084 32827 845
32827 37032 845
37032 16608 845
16608 22780 845
22780 32297 845
32297 14242 845
14242 16857 845
16857 3385 845
3385 2659 845
2659 22933 845
22933 13994 845
13994 19455 845
19455 26722 845
26722 20298 845
20298 4965 845
4965 41127 845
41127 17428 845
17428 14052 845
14052 30055 845
30055 38805 845
38805 17914 845
17914 11996 845
11996 41439 845
41439 18375 845
7397 27711 846
27711 4205 846
4205 29586 846
29586 39075 846
39075 41120 846
41120 31434 846
31434 25479 846
25479 26322 846
26322 32326 846
32326 19378 846
19378 26598 846
26598 17405 846
17405 35971 846
35971 30610 846
30610 7257 846
7257 27968 846
27968 36914 846
36914 12573 846
12573 31579 846
31579 32803 846
32803 4408 846
4408 9395 846
9395 36402 846
36402 14660 846
14660 9289 846
9289 20801 846
20801 26720 846
26720 31519 846
31519 3440 846
3440 30253 846
30253 14282 846
14282 36157 846
36157 25969 846
25969 37516 846
37516 12701 846
12701 40299 846
40299 32493 846
32493 3048 846
3048 5784 846
5784 14914 846
14914 13713 846
21996 34498 847
34498 23822 847
23822 2039 847
2039 1583 847
1583 37502 847
37502 34587 847
34587 2178 847
2178 9044 847
9044 13708 847
13708 34349 847
34349 9527 847
9527 18939 847
18939 19280 847
19280 715 847
715 35040 847
35040 21847 847
21847 41126 847
41126 19169 847
19169 11612 847
11612 27472 847
27472 26329 847
26329 4971 847
4971 36046 847
36046 24143 847
24143 18704 847
18704 20627 847
20627 3093 847
3093 944 847
944 31821 847
31821 234 847
234 7267 847
7267 14772 847
14772 11563 847
11563 30372 847
30372 38346 847
38346 32480 847
32480 32471 847
32471 20822 847
20822 29761 847
29761 28414 847
28414 21176 847
15496 25002 848
25002 909 848
909 41837 848
41837 33275 848
33275 14278 848
14278 20874 848
20874 25690 848
25690 38541 848
38541 30538 848
30538 27024 848
27024 12517 848
12517 24943 848
24943 15023 848
15023 41348 848
41348 29215 848
29215 39893 848
39893 31686 848
31686 15948 848
15948 18748 848
18748 7950 848
7950 21681 848
21681 18751 848
18751 39901 848
39901 28035 848
28035 25790 848
25790 11825 848
11825 34880 848
34880 30526 848
30526 13067 848
13067 12381 848
12381 24047 848
24047 41316 848
41316 32883 848
32883 25674 848
25674 15918 848
15918 18088 848
18088 22512 848
22512 9450 848
9450 36821 848
36821 21955 848
21955 24105 848
34423 38839 849
38839 708 849
708 14181 849
14181 559 849
559 39169 849
39169 28647 849
28647 3891 849
3891 35542 849
35542 23352 849
23352 17877 849
17877 32030 849
32030 10054 849
10054 22328 849
22328 821 849
821 8443 849
8443 13418 849
13418 17227 849
17227 25900 849
25900 40163 849
40163 35348 849
35348 16793 849
16793 31990 849
31990 1850 849
1850 12808 849
12808 5778 849
5778 5088 849
5088 14475 849
14475 14927 849
14927 11479 849
11479 9726 849
9726 17647 849
17647 38475 849
38475 30364 849
30364 26943 849
26943 25014 849
25014 30432 849
30432 11903 849
11903 27610 849
27610 24064 849
24064 40671 849
40671 40909 849
31534 19623 850
19623 8671 850
8671 29680 850
29680 35612 850
35612 647 850
647 9164 850
9164 24780 850
24780 34153 850
34153 22005 850
22005 31012 850
31012 7971 850
7971 25285 850
25285 41280 850
41280 21785 850
21785 37892 850
37892 4687 850
4687 37614 850
37614 7616 850
7616 20150 850
20150 38323 850
38323 22558 850
22558 18394 850
18394 24620 850
24620 14730 850
14730 17080 850
17080 8120 850
8120 27954 850
27954 21080 850
21080 18551 850
18551 4779 850
4779 26721 850
26721 1921 850
1921 27599 850
27599 40980 850
40980 41082 850
41082 29138 850
29138 28831 850
28831 28582 850
28582 17987 850
17987 12081 850
12081 37617 850
17723 27504 851
27504 16676 851
16676 38000 851
38000 12816 851
12816 2802 851
2802 27064 851
27064 29549 851
29549 25041 851
25041 14974 851
14974 5163 851
5163 20601 851
20601 5498 851
5498 29828 851
29828 33417 851
33417 37130 851
37130 2807 851
2807 13681 851
13681 34705 851
34705 22795 851
22795 29402 851
29402 24475 851
24475 39842 851
39842 2224 851
2224 12908 851
12908 41275 851
41275 14181 851
14181 7100 851
7100 22300 851
22300 1299 851
1299 18098 851
18098 34482 851
34482 12893 851
12893 33670 851
33670 10929 851
10929 15570 851
15570 14427 851
14427 6763 851
6763 28390 851
28390 15158 851
15158 35867 851
35867 41707 851
11478 17717 852
17717 32810 852
32810 20997 852
20997 5727 852
5727 24721 852
24721 8037 852
8037 18611 852
18611 1084 852
1084 33762 852
33762 11459 852
11459 26026 852
26026 19873 852
19873 25924 852
25924 27467 852
27467 7902 852
7902 2780 852
2780 10434 852
10434 999 852
999 41557 852
41557 38173 852
38173 39629 852
39629 26958 852
26958 38432 852
38432 3725 852
3725 3068 852
3068 16073 852
16073 31982 852
31982 29303 852
29303 9443 852
9443 7939 852
7939 4925 852
4925 13160 852
13160 13366 852
13366 21549 852
21549 21448 852
21448 40527 852
40527 17994 852
17994 37272 852
37272 24853 852
24853 37687 852
37687 39596 852
35036 21073 853
21073 17097 853
17097 2034 853
2034 1918 853
1918 35309 853
35309 23437 853
23437 35542 853
35542 14965 853
14965 1672 853
1672 8305 853
8305 12664 853
12664 32472 853
32472 370 853
370 18594 853
18594 36121 853
36121 23358 853
23358 22339 853
22339 38127 853
38127 11272 853
11272 31495 853
31495 24278 853
24278 34913 853
34913 14948 853
14948 2601 853
2601 8975 853
8975 35413 853
35413 41131 853
41131 39984 853
39984 15620 853
15620 14178 853
14178 19393 853
19393 22857 853
22857 38003 853
38003 662 853
662 40964 853
40964 23310 853
23310 5157 853
5157 37348 853
37348 11026 853
11026 37209 853
37209 25634 853
16376 24537 854
24537 40115 854
40115 39219 854
39219 12111 854
12111 36608 854
36608 33499 854
33499 13653 854
13653 28117 854
28117 12602 854
12602 32038 854
32038 925 854
925 27792 854
27792 1751 854
1751 36274 854
36274 35 854
35 24374 854
24374 24221 854
24221 12453 854
12453 3900 854
3900 24592 854
24592 5946 854
5946 23193 854
23193 1826 854
1826 19346 854
19346 38689 854
38689 3143 854
3143 34599 854
34599 29214 854
29214 19393 854
19393 32299 854
32299 21730 854
21730 26326 854
26326 13377 854
13377 31271 854
31271 1372 854
1372 1438 854
1438 39693 854
39693 21960 854
21960 13667 854
13667 4731 854
4731 29790 854
17119 41616 855
41616 19039 855
19039 6672 855
6672 23888 855
23888 39035 855
39035 37724 855
37724 26317 855
26317 19322 855
19322 34946 855
34946 20826 855
20826 34636 855
34636 22870 855
22870 27429 855
27429 27139 855
27139 37261 855
37261 761 855
761 28073 855
28073 35478 855
35478 27766 855
27766 12966 855
12966 11049 855
11049 9156 855
9156 29349 855
29349 17086 855
17086 11576 855
11576 17773 855
17773 33270 855
33270 19140 855
19140 19798 855
19798 5145 855
5145 5643 855
5643 7719 855
7719 40157 855
40157 18029 855
18029 37114 855
37114 37581 855
37581 40500 855
40500 37964 855
37964 625 855
625 1679 855
1679 38031 855
19157 4042 856
4042 13957 856
13957 39269 856
39269 41837 856
41837 1956 856
1956 41744 856
41744 40506 856
40506 27808 856
27808 30132 856
30132 31105 856
31105 28074 856
28074 13590 856
13590 30314 856
30314 24565 856
24565 28904 856
28904 5896 856
5896 11929 856
11929 24304 856
24304 2419 856
2419 29965 856
29965 38084 856
38084 9722 856
9722 13049 856
13049 40367 856
40367 26697 856
26697 26491 856
26491 31209 856
31209 40718 856
40718 31496 856
31496 28730 856
28730 18481 856
18481 25374 856
25374 17246 856
17246 20751 856
20751 41188 856
41188 2053 856
2053 33796 856
33796 11211 856
11211 37335 856
37335 15331 856
15331 10232 856
2758 10354 857
10354 28671 857
28671 31120 857
31120 24028 857
24028 10291 857
10291 18813 857
18813 7976 857
7976 37004 857
37004 30496 857
30496 38700 857
38700 19883 857
19883 24723 857
24723 30417 857
30417 3827 857
3827 20482 857
20482 1113 857
1113 32915 857
32915 35568 857
35568 38529 857
38529 27212 857
27212 22769 857
22769 1839 857
1839 7686 857
7686 18241 857
18241 16420 857
16420 30143 857
30143 32258 857
32258 123 857
123 34753 857
34753 14752 857
14752 20617 857
20617 7215 857
7215 7342 857
7342 17650 857
17650 1449 857
1449 16360 857
16360 4600 857
4600 41211 857
41211 34090 857
34090 21762 857
21762 2870 857
4505 33095 858
33095 7682 858
7682 32431 858
32431 14315 858
14315 31730 858
31730 37059 858
37059 17690 858
17690 25910 858
25910 13280 858
13280 22034 858
22034 9006 858
9006 10721 858
10721 33203 858
33203 39399 858
39399 15 858
15 22899 858
22899 10156 858
10156 10860 858
10860 23424 858
23424 21419 858
21419 26104 858
26104 28159 858
28159 26425 858
26425 30373 858
30373 38043 858
38043 32733 858
32733 799 858
799 29165 858
29165 21352 858
21352 10050 858
10050 9213 858
9213 14411 858
14411 39551 858
39551 38107 858
38107 18859 858
18859 23836 858
23836 18661 858
18661 16633 858
16633 23002 858
23002 325 858
325 18920 858
31411 21145 859
21145 7441 859
7441 14326 859
14326 39012 859
39012 996 859
996 9874 859
9874 6455 859
6455 1914 859
1914 39823 859
39823 36373 859
36373 31772 859
31772 35527 859
35527 11583 859
11583 31675 859
31675 40292 859
40292 30963 859
30963 26065 859
26065 15844 859
15844 12129 859
12129 12461 859
12461 17308 859
17308 1565 859
1565 6471 859
6471 10860 859
10860 6436 859
6436 39659 859
39659 2458 859
2458 2144 859
2144 30998 859
30998 571 859
571 17356 859
17356 20280 859
20280 35593 859
35593 14254 859
14254 10287 859
10287 40974 859
40974 21814 859
21814 15811 859
15811 36914 859
36914 22953 859
22953 29957 859
38546 26396 860
26396 9606 860
9606 34698 860
34698 16322 860
16322 36899 860
36899 25318 860
25318 23264 860
23264 622 860
622 24548 860
24548 23558 860
23558 32245 860
32245 7824 860
7824 39839 860
39839 32747 860
32747 38521 860
38521 35354 860
35354 28995 860
28995 11812 860
11812 32322 860
32322 5451 860
5451 40592 860
40592 28893 860
28893 19497 860
19497 23141 860
23141 27394 860
27394 6184 860
6184 196 860
196 20377 860
20377 12612 860
12612 15896 860
15896 30612 860
30612 37145 860
37145 23850 860
23850 16939 860
16939 23254 860
23254 10788 860
10788 15436 860
15436 20019 860
20019 12315 860
12315 12583 860
12583 33358 860
20084 35381 861
35381 33117 861
33117 10557 861
10557 813 861
813 19698 861
19698 19624 861
19624 38823 861
38823 24076 861
24076 39666 861
39666 21940 861
21940 29464 861
29464 39436 861
39436 6446 861
6446 9785 861
9785 40738 861
40738 37750 861
37750 39152 861
39152 34506 861
34506 24184 861
24184 26564 861
26564 14033 861
14033 31860 861
31860 11393 861
11393 32511 861
32511 16993 861
16993 25191 861
25191 5548 861
5548 8485 861
8485 29619 861
29619 37349 861
37349 41088 861
41088 28821 861
28821 24807 861
24807 7434 861
7434 39550 861
39550 28695 861
28695 15802 861
15802 38854 861
38854 3758 861
3758 18918 861
18918 5854 861
18604 5149 862
5149 11542 862
11542 3659 862
3659 40839 862
40839 37981 862
37981 3476 862
3476 27324 862
27324 13431 862
13431 15351 862
15351 3763 862
3763 5905 862
5905 14344 862
14344 29851 862
29851 4936 862
4936 7291 862
7291 4844 862
4844 16906 862
16906 11288 862
11288 25797 862
25797 16588 862
16588 27716 862
27716 10756 862
10756 8790 862
8790 17427 862
17427 28661 862
28661 35467 862
35467 19098 862
19098 38450 862
38450 32367 862
32367 10232 862
10232 23862 862
23862 23241 862
23241 17860 862
17860 1031 862
1031 18531 862
18531 3221 862
3221 28064 862
28064 24374 862
24374 12246 862
12246 23921 862
23921 31600 862
24186 22506 863
22506 32256 863
32256 6508 863
6508 35886 863
35886 16994 863
16994 29585 863
29585 22682 863
22682 1462 863
1462 30703 863
30703 12740 863
12740 38451 863
38451 5444 863
5444 27527 863
27527 23046 863
23046 10373 863
10373 35309 863
35309 19478 863
19478 30179 863
30179 4478 863
4478 40244 863
40244 24943 863
24943 25270 863
25270 20949 863
20949 13213 863
13213 3334 863
3334 22805 863
22805 33965 863
33965 28037 863
28037 8560 863
8560 26962 863
26962 38135 863
38135 78 863
78 5554 863
5554 23638 863
23638 13144 863
13144 6189 863
6189 14159 863
14159 17063 863
17063 33779 863
33779 41183 863
41183 21835 863
6305 3146 864
3146 13117 864
13117 10795 864
10795 9999 864
9999 22071 864
22071 38625 864
38625 9128 864
9128 24612 864
24612 32095 864
32095 3544 864
3544 9485 864
9485 32761 864
32761 35336 864
35336 3079 864
3079 8517 864
8517 26585 864
26585 15545 864
15545 26403 864
26403 11396 864
11396 30576 864
30576 20556 864
20556 37954 864
37954 12587 864
12587 20042 864
20042 1741 864
1741 41392 864
41392 4001 864
4001 5873 864
5873 27937 864
27937 9845 864
9845 41152 864
41152 28129 864
28129 38955 864
38955 6347 864
6347 102 864
102 29833 864
29833 33379 864
33379 20384 864
20384 3873 864
3873 40569 864
40569 19924 864
37264 40366 865
40366 25267 865
25267 16719 865
16719 28237 865
28237 16658 865
16658 11226 865
11226 41497 865
41497 21577 865
21577 33798 865
33798 37091 865
37091 3122 865
3122 41683 865
41683 28375 865
28375 14989 865
14989 18125 865
18125 24048 865
24048 2803 865
2803 12925 865
12925 977 865
977 33515 865
33515 17352 865
17352 31116 865
31116 5623 865
5623 13499 865
13499 13017 865
13017 20926 865
20926 15159 865
15159 17221 865
17221 16583 865
16583 24524 865
24524 17633 865
17633 3828 865
3828 11728 865
11728 24682 865
24682 2768 865
2768 32664 865
32664 3359 865
3359 2567 865
2567 5297 865
5297 11297 865
11297 15849 865
4461 38907 866
38907 12781 866
12781 4778 866
4778 21866 866
21866 26848 866
26848 36838 866
36838 34154 866
34154 23392 866
23392 36864 866
36864 22583 866
22583 18094 866
18094 23900 866
23900 25436 866
25436 12362 866
12362 25432 866
25432 23177 866
23177 28297 866
28297 16550 866
16550 15395 866
15395 30831 866
30831 38058 866
38058 25689 866
25689 15537 866
15537 27140 866
27140 8672 866
8672 29210 866
29210 10589 866
10589 38677 866
38677 29635 866
29635 31096 866
31096 6480 866
6480 23921 866
23921 21892 866
21892 910 866
910 9905 866
9905 21509 866
21509 36560 866
36560 13356 866
13356 10612 866
10612 39747 866
39747 997 866
16002 31395 867
31395 32525 867
32525 25852 867
25852 18875 867
18875 35332 867
35332 38659 867
38659 21603 867
21603 19925 867
19925 6886 867
6886 34554 867
34554 12375 867
12375 37097 867
37097 22091 867
22091 13595 867
13595 21013 867
21013 20809 867
20809 8923 867
8923 14684 867
14684 1253 867
1253 12574 867
12574 34628 867
34628 11124 867
11124 11487 867
11487 28181 867
28181 33745 867
33745 30647 867
30647 17042 867
17042 31231 867
31231 33326 867
33326 7921 867
7921 16431 867
16431 19309 867
19309 10776 867
10776 36543 867
36543 20970 867
20970 14203 867
14203 907 867
907 26212 867
26212 18804 867
18804 21708 867
21708 18204 867
3145 40242 868
40242 18632 868
18632 13757 868
13757 14626 868
14626 33950 868
33950 3410 868
3410 4908 868
4908 34560 868
34560 4478 868
4478 40682 868
40682 36861 868
36861 27660 868
27660 28468 868
28468 9931 868
9931 25927 868
25927 9809 868
9809 8258 868
8258 28523 868
28523 23188 868
23188 25131 868
25131 31513 868
31513 8282 868
8282 4912 868
4912 30252 868
30252 7465 868
7465 6321 868
6321 22612 868
22612 19029 868
19029 31030 868
31030 35648 868
35648 34233 868
34233 24434 868
24434 31653 868
31653 36848 868
36848 40122 868
40122 36397 868
36397 6143 868
6143 9101 868
9101 30869 868
30869 4345 868
4345 12971 868
20351 10071 869
10071 30617 869
30617 34026 869
34026 18668 869
18668 8398 869
8398 24326 869
24326 21943 869
21943 36016 869
36016 32781 869
32781 30961 869
30961 32876 869
32876 19218 869
19218 3014 869
3014 15255 869
15255 924 869
924 16845 869
16845 22650 869
22650 17409 869
17409 22651 869
22651 39888 869
39888 34465 869
34465 22864 869
22864 24329 869
24329 36164 869
36164 14178 869
14178 17646 869
17646 1589 869
1589 30648 869
30648 23042 869
23042 666 869
666 5641 869
5641 17907 869
17907 495 869
495 11014 869
11014 41172 869
41172 32590 869
32590 32392 869
32392 30949 869
30949 34903 869
34903 24381 869
24381 181 869
35063 38187 870
38187 16870 870
16870 36614 870
36614 34975 870
34975 35370 870
35370 39845 870
39845 23192 870
23192 2903 870
2903 31617 870
31617 16801 870
16801 1973 870
1973 33685 870
33685 23850 870
23850 19277 870
19277 23979 870
23979 23812 870
23812 2488 870
2488 40196 870
40196 11671 870
11671 4691 870
4691 35060 870
35060 38546 870
38546 13228 870
13228 12744 870
12744 36823 870
36823 19305 870
19305 2645 870
2645 21283 870
21283 33132 870
33132 21937 870
21937 20598 870
20598 1665 870
1665 21208 870
21208 8412 870
8412 35426 870
35426 14789 870
14789 24622 870
24622 17095 870
17095 23956 870
23956 37822 870
37822 37998 870
6781 3134 871
3134 214 871
214 32091 871
32091 12795 871
12795 5894 871
5894 19081 871
19081 18221 871
18221 2831 871
2831 21821 871
21821 21086 871
21086 29749 871
29749 40300 871
40300 28991 871
28991 2046 871
2046 18355 871
18355 32397 871
32397 10133 871
10133 17094 871
17094 11213 871
11213 7112 871
7112 16241 871
16241 29092 871
29092 13949 871
13949 15270 871
15270 3619 871
3619 5476 871
5476 18382 871
18382 15256 871
15256 26036 871
26036 29946 871
29946 21053 871
21053 17332 871
17332 8363 871
8363 40163 871
40163 35660 871
35660 26312 871
26312 11869 871
11869 33602 871
33602 26567 871
26567 13355 871
13355 40303 871
33536 31478 872
31478 15901 872
15901 24542 872
24542 17808 872
17808 27972 872
27972 2822 872
2822 18492 872
18492 37526 872
37526 13631 872
13631 30974 872
30974 9781 872
9781 31609 872
31609 12800 872
12800 2361 872
2361 18621 872
18621 11287 872
11287 3321 872
3321 15288 872
15288 9749 872
9749 10215 872
10215 37136 872
37136 21635 872
21635 8599 872
8599 36993 872
36993 840 872
840 1700 872
1700 8778 872
8778 8955 872
8955 8458 872
8458 37888 872
37888 27587 872
27587 2757 872
2757 6716 872
6716 5698 872
5698 18380 872
18380 41440 872
41440 16304 872
16304 982 872
982 10370 872
10370 10063 872
10063 26483 872
4452 10708 873
10708 20670 873
20670 9689 873
9689 14421 873
14421 1269 873
1269 771 873
771 28739 873
28739 30033 873
30033 13074 873
13074 31756 873
31756 14866 873
14866 408 873
408 11263 873
11263 11363 873
11363 6253 873
6253 17739 873
17739 429 873
429 34633 873
34633 37740 873
37740 3396 873
3396 19322 873
19322 4773 873
4773 11558 873
11558 27575 873
27575 13829 873
13829 23108 873
23108 26099 873
26099 38102 873
38102 36997 873
36997 8226 873
8226 38424 873
38424 37129 873
37129 17087 873
17087 14285 873
14285 20976 873
20976 32059 873
32059 9915 873
9915 19860 873
19860 20502 873
20502 27536 873
27536 17913 873
16638 27836 874
27836 34125 874
34125 7587 874
7587 28204 874
28204 7320 874
7320 31253 874
31253 38873 874
38873 28461 874
28461 38020 874
38020 22742 874
22742 15672 874
15672 15482 874
15482 40877 874
40877 3909 874
3909 32515 874
32515 29889 874
29889 11972 874
11972 7667 874
7667 29045 874
29045 10044 874
10044 30619 874
30619 31338 874
31338 30189 874
30189 29716 874
29716 11188 874
11188 39796 874
39796 28821 874
28821 27800 874
27800 25407 874
25407 26567 874
26567 22878 874
22878 26300 874
26300 30118 874
30118 15307 874
15307 21946 874
21946 41603 874
41603 28632 874
28632 9930 874
9930 17781 874
17781 20931 874
20931 32199 874
24886 12081 875
12081 18203 875
18203 15844 875
15844 6546 875
6546 32485 875
32485 17998 875
17998 40026 875
40026 3000 875
3000 21238 875
21238 12624 875
12624 37551 875
37551 8702 875
8702 11168 875
11168 38287 875
38287 31758 875
31758 4491 875
4491 39070 875
39070 11011 875
11011 41057 875
41057 10921 875
10921 36437 875
36437 11650 875
11650 509 875
509 10726 875
10726 522 875
522 35250 875
35250 36226 875
36226 12703 875
12703 10002 875
10002 2295 875
2295 38633 875
38633 30354 875
30354 19524 875
19524 35791 875
35791 9331 875
9331 8156 875
8156 16087 875
16087 6886 875
6886 885 875
885 12883 875
12883 21983 875
20830 8785 876
8785 13156 876
13156 13476 876
13476 31962 876
31962 14445 876
14445 6704 876
6704 26804 876
26804 14410 876
14410 23642 876
23642 31787 876
31787 26134 876
26134 30548 876
30548 18915 876
18915 20711 876
20711 8191 876
8191 37097 876
37097 29139 876
29139 22519 876
22519 11944 876
11944 28216 876
28216 24397 876
24397 28667 876
28667 12151 876
12151 23951 876
23951 18545 876
18545 2626 876
2626 23461 876
23461 27712 876
27712 40533 876
40533 20975 876
20975 31560 876
31560 2654 876
2654 26888 876
26888 10304 876
10304 38156 876
38156 232 876
232 29554 876
29554 3726 876
3726 2507 876
2507 30298 876
30298 19325 876
25194 13036 877
13036 26739 877
26739 24948 877
24948 7504 877
7504 4217 877
4217 33105 877
33105 34099 877
34099 34745 877
34745 33157 877
33157 12711 877
12711 17674 877
17674 36909 877
36909 35375 877
35375 16907 877
16907 20516 877
20516 27401 877
27401 41503 877
41503 19065 877
19065 22754 877
22754 24242 877
24242 20072 877
20072 22639 877
22639 27506 877
27506 20762 877
20762 14829 877
14829 35228 877
35228 13767 877
13767 13148 877
13148 38671 877
38671 24459 877
24459 24536 877
24536 31078 877
31078 38582 877
38582 22851 877
22851 24255 877
24255 33355 877
33355 12989 877
12989 22330 877
22330 15801 877
15801 24127 877
24127 37847 877
12012 5423 878
5423 33949 878
33949 9794 878
9794 41230 878
41230 3746 878
3746 32723 878
32723 3821 878
3821 5105 878
5105 20066 878
20066 3572 878
3572 27373 878
27373 17822 878
17822 16914 878
16914 19690 878
19690 66 878
66 20557 878
20557 23660 878
23660 6565 878
6565 30570 878
30570 41447 878
41447 7859 878
7859 37288 878
37288 5969 878
5969 31431 878
31431 6195 878
6195 30710 878
30710 3232 878
3232 39649 878
39649 23753 878
23753 29489 878
29489 25444 878
25444 29989 878
29989 40453 878
40453 4279 878
4279 2523 878
2523 34573 878
34573 12523 878
12523 16261 878
16261 13699 878
13699 20070 878
20070 22609 878
16137 7380 879
7380 12416 879
12416 7900 879
7900 38262 879
38262 18991 879
18991 38291 879
38291 1766 879
1766 40590 879
40590 39391 879
39391 20392 879
20392 16733 879
16733 37057 879
37057 24211 879
24211 39195 879
39195 12537 879
12537 30282 879
30282 5594 879
5594 40388 879
40388 20566 879
20566 33152 879
33152 28368 879
28368 27756 879
27756 17880 879
17880 23779 879
23779 599 879
599 37531 879
37531 8472 879
8472 24702 879
24702 15793 879
15793 19078 879
19078 7823 879
7823 27997 879
27997 20364 879
20364 11614 879
11614 8777 879
8777 16835 879
16835 19386 879
19386 36629 879
36629 36107 879
36107 11841 879
11841 30716 879
26041 23591 880
23591 34030 880
34030 7552 880
7552 35932 880
35932 27500 880
27500 5815 880
5815 37088 880
37088 21695 880
21695 2760 880
2760 3593 880
3593 12956 880
12956 40483 880
40483 26976 880
26976 38903 880
38903 34815 880
34815 9228 880
9228 27051 880
27051 24684 880
24684 25630 880
25630 2117 880
2117 7981 880
7981 6310 880
6310 13383 880
13383 10111 880
10111 12170 880
12170 14361 880
14361 5696 880
5696 36967 880
36967 11400 880
11400 13672 880
13672 20638 880
20638 14471 880
14471 23996 880
23996 31260 880
31260 31950 880
31950 8723 880
8723 27412 880
27412 22263 880
22263 2066 880
2066 1219 880
1219 19336 880
5928 23690 881
23690 34367 881
34367 12956 881
12956 34143 881
34143 32103 881
32103 16295 881
16295 8177 881
8177 16777 881
16777 34110 881
34110 7612 881
7612 817 881
817 23188 881
23188 21578 881
21578 3631 881
3631 28967 881
28967 11613 881
11613 11835 881
11835 30336 881
30336 37633 881
37633 17428 881
17428 41293 881
41293 38680 881
38680 6366 881
6366 1180 881
1180 2532 881
2532 34700 881
34700 6690 881
6690 24193 881
24193 731 881
731 28059 881
28059 24872 881
24872 27217 881
27217 15451 881
15451 24592 881
24592 11900 881
11900 14635 881
14635 3909 881
3909 4750 881
4750 17395 881
17395 3769 881
3769 13294 881
36725 18776 882
18776 22369 882
22369 1235 882
1235 342 882
342 6418 882
6418 5731 882
5731 6081 882
6081 30114 882
30114 38555 882
38555 39271 882
39271 39083 882
39083 38381 882
38381 38011 882
38011 27797 882
27797 19155 882
19155 34499 882
34499 32461 882
32461 9024 882
9024 18987 882
18987 29699 882
29699 15938 882
15938 11000 882
11000 4208 882
4208 26289 882
26289 26337 882
26337 32233 882
32233 24723 882
24723 20748 882
20748 14212 882
14212 6187 882
6187 29825 882
29825 2024 882
2024 21960 882
21960 2165 882
2165 21151 882
21151 24445 882
24445 10014 882
10014 40067 882
40067 38599 882
38599 11901 882
11901 26954 882
2939 22491 883
22491 20487 883
20487 6977 883
6977 21251 883
21251 24441 883
24441 3250 883
3250 4685 883
4685 19102 883
19102 23399 883
23399 15053 883
15053 32322 883
32322 21988 883
21988 21566 883
21566 7882 883
7882 4142 883
4142 36356 883
36356 21272 883
21272 33548 883
33548 29725 883
29725 17334 883
17334 37385 883
37385 23172 883
23172 21679 883
21679 37195 883
37195 24425 883
24425 20210 883
20210 17961 883
17961 28576 883
28576 33686 883
33686 15073 883
15073 40375 883
40375 20751 883
20751 84 883
84 35145 883
35145 35556 883
35556 23744 883
23744 21152 883
21152 15881 883
15881 32668 883
32668 35490 883
35490 29247 883
16640 32699 884
32699 37083 884
37083 940 884
940 5186 884
5186 30155 884
30155 23216 884
23216 35733 884
35733 40987 884
40987 32794 884
32794 17602 884
17602 33381 884
33381 38879 884
38879 14892 884
14892 20679 884
20679 15100 884
15100 26477 884
26477 40990 884
40990 30167 884
30167 40226 884
40226 39080 884
39080 36413 884
36413 14877 884
14877 22006 884
22006 3682 884
3682 39482 884
39482 5049 884
5049 20550 884
20550 32015 884
32015 4091 884
4091 19881 884
19881 28541 884
28541 2573 884
2573 19994 884
19994 32547 884
32547 7950 884
7950 5284 884
5284 3658 884
3658 39149 884
39149 41237 884
41237 3543 884
3543 15491 884
26000 31628 885
31628 24726 885
24726 31868 885
31868 27295 885
27295 32247 885
32247 13918 885
13918 38752 885
38752 6409 885
6409 13466 885
13466 40248 885
40248 4561 885
4561 2038 885
2038 11781 885
11781 26668 885
26668 36710 885
36710 38688 885
38688 13141 885
13141 30749 885
30749 9155 885
9155 36334 885
36334 6532 885
6532 28528 885
28528 28831 885
28831 30748 885
30748 2877 885
2877 34462 885
34462 3105 885
3105 38753 885
38753 24363 885
24363 6068 885
6068 18058 885
18058 543 885
543 1395 885
1395 13281 885
13281 24721 885
24721 33668 885
33668 30573 885
30573 19171 885
19171 14336 885
14336 10340 885
10340 16796 885
27835 21554 886
21554 17755 886
17755 19475 886
19475 18246 886
18246 25749 886
25749 18957 886
18957 11028 886
11028 7066 886
7066 14076 886
14076 26408 886
26408 19259 886
19259 21143 886
21143 35609 886
35609 4643 886
4643 2677 886
2677 38313 886
38313 9116 886
9116 22890 886
22890 16894 886
16894 14926 886
14926 11838 886
11838 18012 886
18012 15141 886
15141 8001 886
8001 16567 886
16567 1477 886
1477 17921 886
17921 22513 886
22513 33921 886
33921 5390 886
5390 15094 886
15094 3671 886
3671 37046 886
37046 25787 886
25787 11506 886
11506 19539 886
19539 29163 886
29163 2436 886
2436 130 886
130 6857 886
6857 24539 886
33034 13288 887
13288 26436 887
26436 21360 887
21360 4734 887
4734 22633 887
22633 10129 887
10129 2349 887
2349 21578 887
21578 40542 887
40542 14381 887
14381 14710 887
14710 30274 887
30274 10915 887
10915 17021 887
17021 6448 887
6448 8281 887
8281 9687 887
9687 14979 887
14979 8282 887
8282 26377 887
26377 30238 887
30238 5584 887
5584 3894 887
3894 3495 887
3495 25919 887
25919 28237 887
28237 22456 887
22456 35702 887
35702 4388 887
4388 28164 887
28164 32762 887
32762 23868 887
23868 4175 887
4175 27341 887
27341 18229 887
18229 11332 887
11332 39244 887
39244 13313 887
13313 2778 887
2778 35762 887
35762 7129 887
32042 1517 888
1517 34768 888
34768 32485 888
32485 35867 888
35867 25468 888
25468 30228 888
30228 12766 888
12766 13721 888
13721 11833 888
11833 26266 888
26266 5390 888
5390 20359 888
20359 41095 888
41095 25077 888
25077 8985 888
8985 3709 888
3709 41679 888
41679 37395 888
37395 34046 888
34046 2688 888
2688 12915 888
12915 16201 888
16201 40649 888
40649 1076 888
1076 7458 888
7458 28970 888
28970 18136 888
18136 40040 888
40040 12593 888
12593 22112 888
22112 10008 888
10008 8034 888
8034 37081 888
37081 13295 888
13295 30720 888
30720 39194 888
39194 32885 888
32885 2517 888
2517 28793 888
28793 3217 888
3217 40291 888
5466 26579 889
26579 27274 889
27274 36087 889
36087 24133 889
24133 25079 889
25079 7501 889
7501 41420 889
41420 37813 889
37813 13195 889
13195 11473 889
11473 391 889
391 7676 889
7676 22013 889
22013 8982 889
8982 23621 889
23621 35524 889
35524 16858 889
16858 29776 889
29776 9186 889
9186 8678 889
8678 2882 889
2882 33912 889
33912 38183 889
38183 6515 889
6515 24545 889
24545 6344 889
6344 14456 889
14456 26360 889
26360 15167 889
15167 28331 889
28331 17735 889
17735 28194 889
28194 31499 889
31499 31935 889
31935 9599 889
9599 40649 889
40649 39863 889
39863 17782 889
17782 38979 889
38979 12503 889
12503 37947 889
36890 40510 890
40510 35111 890
35111 9861 890
9861 13339 890
13339 17332 890
17332 23968 890
23968 11504 890
11504 36041 890
36041 9812 890
9812 22846 890
22846 13704 890
13704 17537 890
17537 36556 890
36556 21243 890
21243 28288 890
28288 1498 890
1498 5656 890
5656 24923 890
24923 13991 890
13991 26402 890
26402 8340 890
8340 10681 890
10681 9253 890
9253 17754 890
17754 1581 890
1581 27559 890
27559 19213 890
19213 35765 890
35765 20043 890
20043 29279 890
29279 5093 890
5093 29723 890
29723 18014 890
18014 22241 890
22241 17344 890
17344 11196 890
11196 13873 890
13873 4167 890
4167 34616 890
34616 16969 890
16969 20475 890
12785 4798 891
4798 19647 891
19647 35527 891
35527 31398 891
31398 17912 891
17912 29949 891
29949 37609 891
37609 39750 891
39750 4512 891
4512 32329 891
32329 6024 891
6024 18193 891
18193 17336 891
17336 32297 891
32297 32374 891
32374 732 891
732 28288 891
28288 986 891
986 5147 891
5147 36444 891
36444 18478 891
18478 4236 891
4236 14737 891
14737 37698 891
37698 4652 891
4652 11133 891
11133 25332 891
25332 32899 891
32899 40972 891
40972 5404 891
5404 30122 891
30122 757 891
757 9967 891
9967 18751 891
18751 4297 891
4297 20601 891
20601 13144 891
13144 26530 891
26530 21546 891
21546 4647 891
4647 14731 891
33620 936 892
936 16976 892
16976 19527 892
19527 35192 892
35192 17592 892
17592 39010 892
39010 23560 892
23560 15209 892
15209 21809 892
21809 4437 892
4437 4375 892
4375 30605 892
30605 33119 892
33119 38059 892
38059 41229 892
41229 13332 892
13332 17263 892
17263 37851 892
37851 31780 892
31780 38202 892
38202 26979 892
26979 26800 892
26800 31816 892
31816 8174 892
8174 20363 892
20363 3137 892
3137 38170 892
38170 27642 892
27642 30628 892
30628 27994 892
27994 32537 892
32537 29482 892
29482 13371 892
13371 7785 892
7785 29771 892
29771 5215 892
5215 18124 892
18124 30775 892
30775 5625 892
5625 16830 892
16830 20483 892
13966 37510 893
37510 21629 893
21629 37632 893
37632 24047 893
24047 13205 893
13205 19001 893
19001 30706 893
30706 4881 893
4881 11764 893
11764 9193 893
9193 24515 893
24515 33530 893
33530 2766 893
2766 32000 893
32000 10026 893
10026 25601 893
25601 24519 893
24519 40800 893
40800 5695 893
5695 41311 893
41311 1108 893
1108 34794 893
34794 39096 893
39096 41915 893
41915 37537 893
37537 11959 893
11959 13908 893
13908 29024 893
29024 10045 893
10045 2747 893
2747 31026 893
31026 11013 893
11013 41988 893
41988 20650 893
20650 33133 893
33133 11107 893
11107 15599 893
15599 36133 893
36133 14689 893
14689 24225 893
24225 22689 893
26209 34647 894
34647 15885 894
15885 40309 894
40309 31641 894
31641 14562 894
14562 11265 894
11265 40098 894
40098 4729 894
4729 36969 894
36969 23134 894
23134 10305 894
10305 10229 894
10229 24831 894
24831 38642 894
38642 37961 894
37961 7623 894
7623 23331 894
23331 31964 894
31964 36986 894
36986 4180 894
4180 19615 894
19615 732 894
732 3299 894
3299 17342 894
17342 29886 894
29886 24539 894
24539 31298 894
31298 39698 894
39698 17995 894
17995 24363 894
24363 41749 894
41749 9640 894
9640 4195 894
4195 40509 894
40509 23450 894
23450 26569 894
26569 9645 894
9645 23936 894
23936 20714 894
20714 9270 894
9270 792 894
7257 33471 895
33471 32652 895
32652 26958 895
26958 38095 895
38095 15108 895
15108 35755 895
35755 14158 895
14158 270 895
270 2747 895
2747 2786 895
2786 21529 895
21529 25026 895
25026 27333 895
27333 1584 895
1584 22810 895
22810 2859 895
2859 35467 895
35467 24919 895
24919 33325 895
33325 10286 895
10286 11942 895
11942 35074 895
35074 15042 895
15042 22298 895
22298 23561 895
23561 23197 895
23197 19287 895
19287 2476 895
2476 6899 895
6899 18110 895
18110 17946 895
17946 30505 895
30505 21871 895
21871 7852 895
7852 23431 895
23431 15080 895
15080 13911 895
13911 10355 895
10355 3460 895
3460 1060 895
1060 14521 895
2100 2599 896
2599 15751 896
15751 1689 896
1689 17620 896
17620 5489 896
5489 41349 896
41349 17642 896
17642 9366 896
9366 15305 896
15305 40767 896
40767 33863 896
33863 12469 896
12469 1215 896
1215 13742 896
13742 3442 896
3442 16218 896
16218 9375 896
9375 7896 896
7896 40638 896
40638 15347 896
15347 17358 896
17358 40640 896
40640 23843 896
23843 31413 896
31413 7863 896
7863 32394 896
32394 21608 896
21608 37351 896
37351 41708 896
41708 2552 896
2552 22627 896
22627 15343 896
15343 12910 896
12910 20461 896
20461 8885 896
8885 10238 896
10238 21085 896
21085 22616 896
22616 24852 896
24852 33294 896
33294 15619 896
11722 34878 897
34878 10842 897
10842 21762 897
21762 7245 897
7245 274 897
274 6957 897
6957 1469 897
1469 21253 897
21253 31900 897
31900 2617 897
2617 3320 897
3320 20213 897
20213 28315 897
28315 14795 897
14795 24016 897
24016 36889 897
36889 14649 897
14649 34304 897
34304 32912 897
32912 30031 897
30031 17066 897
17066 20345 897
20345 1216 897
1216 13357 897
13357 9350 897
9350 7506 897
7506 22532 897
22532 34270 897
34270 36942 897
36942 38131 897
38131 20284 897
20284 6285 897
6285 11617 897
11617 29927 897
29927 15452 897
15452 40694 897
40694 37456 897
37456 40202 897
40202 34143 897
34143 3117 897
3117 15227 897
31605 26604 898
26604 883 898
883 12296 898
12296 35985 898
35985 11519 898
11519 31573 898
31573 14917 898
14917 28748 898
28748 12458 898
12458 36355 898
36355 30100 898
30100 32284 898
32284 18404 898
18404 14556 898
14556 20903 898
20903 3481 898
3481 2379 898
2379 36321 898
36321 8928 898
8928 21784 898
21784 12600 898
12600 23185 898
23185 23758 898
23758 23016 898
23016 4053 898
4053 13360 898
13360 1248 898
1248 11571 898
11571 19355 898
19355 34904 898
34904 25010 898
25010 5652 898
5652 30645 898
30645 7268 898
7268 29775 898
29775 8381 898
8381 22954 898
22954 16598 898
16598 28181 898
28181 32840 898
32840 39502 898
25936 35653 899
35653 8890 899
8890 36972 899
36972 28990 899
28990 30766 899
30766 30477 899
30477 33145 899
33145 4177 899
4177 16455 899
16455 30407 899
30407 30783 899
30783 11354 899
11354 35197 899
35197 32239 899
32239 3185 899
3185 10467 899
10467 32675 899
32675 23076 899
23076 13855 899
13855 26990 899
26990 29742 899
29742 4889 899
4889 41641 899
41641 14648 899
14648 27880 899
27880 26186 899
26186 36861 899
36861 30161 899
30161 17225 899
17225 35723 899
35723 2729 899
2729 11752 899
11752 8417 899
8417 34647 899
34647 8142 899
8142 26519 899
26519 25907 899
25907 39353 899
39353 10596 899
10596 22601 899
22601 21438 899
21379 38660 900
38660 6362 900
6362 18418 900
18418 21656 900
21656 1472 900
1472 757 900
757 30943 900
30943 5530 900
5530 7454 900
7454 24067 900
24067 2875 900
2875 35411 900
35411 34712 900
34712 472 900
472 2539 900
2539 29408 900
29408 24272 900
24272 40107 900
40107 35018 900
35018 33426 900
33426 41876 900
41876 9739 900
9739 34294 900
34294 11855 900
11855 37400 900
37400 41245 900
41245 2074 900
2074 7735 900
7735 14972 900
14972 18794 900
18794 29697 900
29697 33884 900
33884 39770 900
39770 30935 900
30935 41735 900
41735 35364 900
35364 38267 900
38267 23736 900
23736 35373 900
35373 9539 900
9539 30701 900
22876 36001 901
36001 6577 901
6577 37469 901
37469 5250 901
5250 36229 901
36229 10657 901
10657 15129 901
15129 40588 901
40588 22895 901
22895 34222 901
34222 26152 901
26152 14028 901
14028 38666 901
38666 4442 901
4442 30678 901
30678 30738 901
30738 30113 901
30113 30107 901
30107 41220 901
41220 19314 901
19314 21054 901
21054 26198 901
26198 25399 901
25399 2315 901
2315 14926 901
14926 11180 901
11180 3849 901
3849 18782 901
18782 15383 901
15383 37232 901
37232 33351 901
33351 588 901
588 18804 901
18804 11248 901
11248 25900 901
25900 877 901
877 20532 901
20532 32162 901
32162 4411 901
4411 9578 901
9578 8362 901
27084 23427 902
23427 20473 902
20473 3612 902
3612 12121 902
12121 14491 902
14491 14374 902
14374 22176 902
22176 13842 902
13842 17883 902
17883 17665 902
17665 6048 902
6048 30029 902
30029 3384 902
3384 1264 902
1264 38736 902
38736 34644 902
34644 6666 902
6666 18655 902
18655 9991 902
9991 20066 902
20066 41766 902
41766 19731 902
19731 36506 902
36506 8013 902
8013 38845 902
38845 1302 902
1302 38503 902
38503 2894 902
2894 24321 902
24321 36278 902
36278 21561 902
21561 23658 902
23658 11082 902
11082 19752 902
19752 8625 902
8625 26367 902
26367 29978 902
29978 8202 902
8202 22154 902
22154 32276 902
32276 18729 902
7788 12049 903
12049 11118 903
11118 30788 903
30788 33956 903
33956 26226 903
26226 30828 903
30828 36187 903
36187 24749 903
24749 14354 903
14354 33250 903
33250 41504 903
41504 38368 903
38368 1399 903
1399 16428 903
16428 5384 903
5384 23513 903
23513 20409 903
20409 39310 903
39310 35633 903
35633 22061 903
22061 18298 903
18298 14052 903
14052 13234 903
13234 31268 903
31268 8719 903
8719 23382 903
23382 7665 903
7665 38904 903
38904 27004 903
27004 22819 903
22819 16875 903
16875 38710 903
38710 22911 903
22911 31670 903
31670 32829 903
32829 28552 903
28552 23698 903
23698 27116 903
27116 11798 903
11798 15943 903
15943 2545 903
25523 9740 904
9740 23551 904
23551 527 904
527 19398 904
19398 40756 904
40756 26183 904
26183 40017 904
40017 27027 904
27027 6019 904
6019 12702 904
12702 18457 904
18457 27144 904
27144 35746 904
35746 31542 904
31542 30441 904
30441 8442 904
8442 38397 904
38397 34609 904
34609 11650 904
11650 20801 904
20801 10310 904
10310 15737 904
15737 3527 904
3527 3421 904
3421 6103 904
6103 34351 904
34351 34593 904
34593 18485 904
18485 34000 904
34000 39382 904
39382 21438 904
21438 9106 904
9106 16824 904
16824 30912 904
30912 7764 904
7764 35442 904
35442 6694 904
6694 37697 904
37697 5956 904
5956 16561 904
16561 5344 904
25353 8571 905
8571 14905 905
14905 22547 905
22547 34880 905
34880 17014 905
17014 11 905
11 27385 905
27385 35983 905
35983 22040 905
22040 29485 905
29485 32325 905
32325 17971 905
17971 21515 905
21515 15849 905
15849 28259 905
28259 29677 905
29677 17452 905
17452 17350 905
17350 3688 905
3688 35958 905
35958 26352 905
26352 32800 905
32800 1187 905
1187 12404 905
12404 6957 905
6957 38345 905
38345 7086 905
7086 27581 905
27581 3102 905
3102 12377 905
12377 39573 905
39573 28389 905
28389 8327 905
8327 26637 905
26637 8799 905
8799 26921 905
26921 29469 905
29469 6074 905
6074 30864 905
30864 15787 905
15787 28062 905
5561 38152 906
38152 1477 906
1477 35490 906
35490 36789 906
36789 17575 906
17575 32647 906
32647 27707 906
27707 34941 906
34941 14189 906
14189 19292 906
19292 40597 906
40597 12867 906
12867 34117 906
34117 26157 906
26157 13126 906
13126 4356 906
4356 25621 906
25621 30954 906
30954 10621 906
10621 39543 906
39543 22264 906
22264 31575 906
31575 34847 906
34847 32391 906
32391 36839 906
36839 25051 906
25051 5850 906
5850 16104 906
16104 2521 906
2521 8851 906
8851 39031 906
39031 18245 906
18245 20399 906
20399 15420 906
15420 21463 906
21463 16922 906
16922 31245 906
31245 16027 906
16027 40373 906
40373 5202 906
5202 21053 906
8572 18007 907
18007 11908 907
11908 29924 907
29924 23747 907
23747 40464 907
40464 24222 907
24222 22886 907
22886 32259 907
32259 41569 907
41569 4775 907
4775 24075 907
24075 41902 907
41902 12630 907
12630 21192 907
21192 27537 907
27537 25254 907
25254 31192 907
31192 39007 907
39007 41381 907
41381 40471 907
40471 26320 907
26320 18008 907
18008 14763 907
14763 22811 907
22811 17511 907
17511 7557 907
7557 41676 907
41676 22351 907
22351 27850 907
27850 511 907
511 3293 907
3293 2636 907
2636 18052 907
18052 36938 907
36938 18208 907
18208 9984 907
9984 40621 907
40621 25876 907
25876 9886 907
9886 11044 907
11044 38145 907
38145 15017 907
15017 17905 907
17905 21753 907
21753 37895 907
37895 5542 907
5542 10822 907
10822 8089 907
8089 13428 907
13428 35947 907
35947 4415 907
4415 33987 907
33987 25932 907
25932 20902 907
20902 2935 907
2935 7362 907
7362 12889 907
12889 2163 907
2163 37045 907
37045 14423 907
14423 31840 907
31840 13375 907
13375 4817 907
4817 25401 907
25401 8317 907
8317 26887 907
26887 24269 907
24269 3854 907
3854 31246 907
31246 19474 907
19474 23764 907
23764 13269 907
13269 16368 907
16368 35505 907
35505 26257 907
26257 35670 907
35670 5100 907
5100 20075 907
20075 36849 907
36849 14535 907
14535 28004 907
28004 35827 907
35827 34588 907
34588 2454 907
2454 37283 907
37283 17214 907
17214 26574 907
26574 14939 907
14939 33591 907
33591 697 907
697 37515 907
37515 37789 907
37789 3184 907
3184 12088 907
12088 30109 907
30109 14713 907
14713 23949 907
23949 30159 907
30159 12572 907
12572 8033 907
8033 34084 907
34084 4747 907
4747 6981 907
6981 3896 907
3896 26400 907
26400 30202 907
30202 949 907
949 34251 907
34251 11190 907
11190 24931 907
24931 27011 907
27011 34203 907
34203 25868 907
25868 16200 907
16200 33939 907
33939 6664 907
6664 33349 907
33349 40074 907
40074 15105 907
15105 9867 907
9867 13718 907
13718 25764 907
25764 37475 907
37475 7348 907
7348 38968 907
38968 17556 907
17556 17183 907
17183 15206 907
15206 20622 907
20622 13955 907
13955 40369 907
40369 27117 907
27117 32933 907
32933 6951 907
6951 14226 907
14226 5085 907
5085 3447 907
3447 9797 907
9797 28789 907
28789 19674 907
19674 9232 907
9232 34031 907
34031 33373 907
33373 28362 907
28362 9216 907
9216 5603 907
5603 30840 907
30840 39504 907
39504 16234 907
16234 38441 907
38441 16664 907
16664 30606 907
30606 4118 907
4118 13827 907
13827 26617 907
26617 26197 907
26197 6476 907
6476 37131 907
37131 25818 907
25818 37562 907
37562 26043 907
26043 10031 907
10031 5919 907
5919 7305 907
7305 38624 907
38624 28264 907
28264 7127 907
7127 16449 907
16449 3569 907
3569 15349 907
15349 38643 907
38643 11662 907
11662 7155 907
7155 7871 907
7871 29755 907
29755 27961 907
27961 5040 907
5040 7993 907
7993 5877 907
5877 776 907
776 28168 907
28168 7288 907
7288 25050 907
25050 29094 907
29094 1166 907
1166 6571 907
6571 12850 907
12850 41882 907
41882 39226 907
39226 12841 907
12841 30557 907
30557 13883 907
13883 12069 907
12069 23136 907
23136 28986 907
28986 16614 907
16614 17106 907
17106 22722 907
22722 14448 907
14448 6705 907
6705 35580 907
35580 35200 907
35200 37511 907
37511 239 907
239 10416 907
10416 40587 907
40587 16781 907
16781 36603 907
36603 2126 907
2126 41412 907
41412 35247 907
35247 23612 907
23612 20768 907
20768 19219 907
19219 15700 907
15700 14726 907
14726 32315 907
32315 12086 907
12086 41663 907
41663 29262 907
29262 3637 907
3637 29767 907
29767 11811 907
11811 11814 907
11814 5206 907
5206 10255 907
10255 5690 907
5690 8624 907
8624 21030 907
21030 11525 907
11525 1876 907
1876 38645 907
38645 21475 907
21475 35509 907
35509 24538 907
24538 6435 907
6435 36496 907
36496 21455 907
21455 17050 907
17050 23067 907
23067 30003 907
30003 1362 907
1362 33389 907
33389 41579 907
41579 37683 907
37683 10368 907
10368 5332 907
5332 29683 907
29683 547 907
547 20774 907
20774 15939 907
15939 55 907
55 32611 907
32611 13998 907
13998 34328 907
34328 31357 907
31357 33163 907
33163 22755 907
22755 3939 907
3939 34764 907
34764 36177 907
36177 18883 907
18883 5867 907
5867 1027 907
1027 20821 907
20821 11041 907
11041 36325 907
36325 2836 907
2836 1422 907
1422 4274 907
4274 31221 907
31221 41783 907
41783 22727 907
22727 21297 907
21297 34600 907
34600 14627 907
14627 2026 907
2026 13004 907
13004 39976 907
39976 32922 907
32922 16855 907
16855 41353 907
41353 37299 907
37299 38951 907
38951 25931 907
25931 9902 907
9902 19960 907
19960 4172 907
4172 30979 907
30979 30591 907
30591 31677 907
31677 7723 907
7723 37339 907
37339 10020 907
10020 25177 907
25177 38828 907
38828 13231 907
13231 12697 907
12697 10344 907
10344 39960 907
39960 16886 907
16886 28588 907
28588 38228 907
38228 14300 907
14300 26907 907
26907 7438 907
7438 11278 907
11278 18852 907
18852 38651 907
38651 39896 907
39896 6988 907
6988 32092 907
32092 1493 907
1493 33309 907
33309 2473 907
2473 2164 907
2164 26639 907
26639 34376 907
34376 8143 907
8143 4574 907
4574 20030 907
20030 9711 907
9711 31766 907
31766 17224 907
17224 34518 907
34518 23220 907
23220 26795 907
26795 16508 907
16508 9643 907
9643 23098 907
23098 6941 907
6941 36902 907
36902 14325 907
14325 17604 907
17604 16113 907
16113 36592 907
36592 3280 907
3280 23567 907
23567 33712 907
33712 11300 907
11300 26970 907
26970 2397 907
2397 20526 907
20526 21713 907
21713 18567 907
18567 39678 907
39678 38592 907
38592 24965 907
24965 8724 907
8724 34121 907
34121 41206 907
41206 31157 907
31157 29992 907
29992 8321 907
8321 29910 907
29910 31633 907
31633 8294 907
8294 9823 907
9823 33115 907
33115 24704 907
24704 37997 907
37997 17752 907
17752 17502 907
17502 20653 907
20653 37980 907
37980 25336 907
25336 38369 907
38369 22716 907
22716 12558 907
12558 30281 907
30281 6605 907
6605 17064 907
17064 15110 907
15110 8904 907
8904 27988 907
27988 24978 907
24978 1702 907
1702 26736 907
26736 13583 907
13583 19395 907
19395 19640 907
19640 31317 907
31317 445 907
445 30474 907
30474 25021 907
25021 34398 907
34398 30957 907
30957 5054 907
5054 11861 907
11861 23534 907
23534 14503 907
14503 23213 907
23213 19859 907
19859 3562 907
3562 40390 907
40390 15512 907
15512 2570 907
2570 30231 907
30231 13320 907
13320 36865 907
36865 38676 907
38676 33838 907
33838 19832 907
19832 18936 907
18936 38082 907
38082 15211 907
15211 34814 907
34814 5669 907
5669 14986 907
14986 13121 907
13121 33790 907
33790 12755 907
12755 41 907
41 39115 907
39115 11575 907
11575 32399 907
32399 17989 907
17989 2290 907
2290 5801 907
5801 22614 907
22614 5435 907
5435 28426 907
28426 18503 907
18503 18351 907
18351 29441 907
29441 4543 907
4543 6390 907
6390 15853 907
15853 4085 907
4085 22479 907
22479 11435 907
11435 34761 907
34761 23821 907
23821 15026 907
15026 36125 907
36125 1971 907
1971 14422 907
14422 35453 907
35453 23859 907
23859 35844 907
35844 4339 907
4339 3587 907
3587 38372 907
38372 39905 907
39905 9935 907
9935 22367 907
22367 31767 907
31767 18905 907
18905 29640 907
29640 8831 907
8831 36027 907
36027 23463 907
23463 26831 907
26831 3258 907
3258 18843 907
18843 15243 907
15243 17139 907
17139 5925 907
5925 26529 907
26529 6606 907
6606 28030 907
28030 3654 907
3654 25089 907
25089 6549 907
6549 569 907
569 15030 907
15030 27336 907
27336 37236 907
37236 37439 907
37439 37894 907
37894 22327 907
22327 40774 907
40774 23630 907
23630 16264 907
16264 28186 907
28186 41968 907
41968 12232 907
12232 41490 907
41490 32651 907
32651 13637 907
13637 27032 907
27032 20840 907
20840 41302 907
41302 35640 907
35640 35597 907
35597 19193 907
19193 19075 907
19075 896 907
896 2425 907
2425 18448 907
18448 8495 907
8495 2080 907
2080 2694 907
2694 31421 907
31421 5193 907
5193 5939 907
5939 23569 907
23569 28447 907
28447 15603 907
15603 34075 907
34075 36066 907
36066 32211 907
32211 7313 907
7313 9204 907
9204 20115 907
20115 30725 907
30725 3812 907
3812 11023 907
11023 31020 907
31020 26923 907
26923 36076 907
36076 9105 907
9105 27356 907
27356 40341 907
40341 5903 907
5903 30668 907
30668 3888 907
3888 11521 907
11521 38332 907
38332 31928 907
31928 29993 907
29993 22783 907
22783 38830 907
38830 17686 907
17686 19737 907
19737 26938 907
26938 25241 907
25241 40661 907
40661 23314 907
23314 40296 907
40296 26950 907
26950 4381 907
4381 31570 907
31570 37134 907
37134 34417 907
34417 17120 907
17120 14541 907
14541 13125 907
13125 24526 907
24526 15488 907
15488 5965 907
5965 12312 907
12312 8648 907
8648 28879 907
28879 4833 907
4833 392 907
392 3126 907
3126 20144 907
20144 28522 907
28522 5308 907
5308 24405 907
24405 16566 907
16566 33422 907
33422 25827 907
25827 1644 907
1644 15604 907
15604 29813 907
29813 32389 907
32389 39498 907
39498 18857 907
18857 19556 907
19556 19977 907
19977 39331 907
39331 15492 907
15492 10430 907
10430 356 907
356 32268 907
32268 19619 907
19619 28449 907
28449 31924 907
31924 17498 907
17498 14861 907
14861 27681 907
27681 18520 907
18520 10603 907
10603 284 907
284 40770 907
40770 33902 907
33902 31726 907
31726 15245 907
15245 31379 907
31379 7081 907
7081 3 907
3 34419 907
34419 2705 907
2705 16435 907
16435 12695 907
12695 16591 907
16591 4546 907
4546 27253 907
27253 25140 907
25140 23600 907
23600 16439 907
16439 31441 907
31441 24437 907
24437 35245 907
35245 21342 907
21342 14116 907
14116 6703 907
6703 22371 907
22371 18312 907
18312 16962 907
16962 26147 907
26147 5446 907
5446 4067 907
4067 31940 907
31940 15046 907
15046 6322 907
6322 25802 907
25802 12035 907
12035 25520 907
25520 34849 907
34849 37990 907
37990 6120 907
6120 18107 907
18107 27915 907
27915 7363 907
7363 1043 907
1043 21172 907
21172 17162 907
17162 10789 907
10789 6736 907
6736 41541 907
41541 34551 907
34551 28434 907
28434 32384 907
32384 28045 907
28045 19093 907
19093 13910 907
13910 17176 907
17176 10858 907
10858 4942 907
4942 6964 907
6964 19961 907
19961 32727 907
32727 16345 907
16345 25574 907
25574 11101 907
11101 15342 907
15342 4976 907
4976 12967 907
12967 33615 907
33615 15519 907
15519 33210 907
33210 7398 907
7398 14273 907
14273 40436 907
40436 23998 907
23998 20035 907
20035 13548 907
13548 3538 907
3538 26339 907
26339 31517 907
31517 33663 907
33663 22359 907
22359 1532 907
1532 6423 907
6423 31321 907
31321 37567 907
37567 22010 907
22010 3673 907
3673 40564 907
40564 16094 907
16094 24362 907
24362 25103 907
25103 38100 907
38100 29633 907
29633 32026 907
32026 13820 907
13820 36077 907
36077 8707 907
8707 14010 907
14010 13247 907
13247 41182 907
41182 24171 907
24171 28215 907
28215 22489 907
22489 30569 907
30569 33852 907
33852 40892 907
40892 18899 907
18899 35627 907
35627 20240 907
20240 37732 907
37732 40810 907
40810 39384 907
39384 12280 907
12280 30694 907
30694 8816 907
8816 10787 907
10787 27059 907
27059 13410 907
13410 26126 907
26126 39121 907
39121 15314 907
15314 23833 907
23833 16604 907
16604 34708 907
34708 39118 907
39118 16654 907
16654 719 907
719 14560 907
14560 23183 907
23183 37522 907
37522 5164 907
5164 22665 907
22665 37440 907
37440 35945 907
35945 40653 907
40653 26553 907
26553 33006 907
33006 6265 907
6265 25366 907
25366 39142 907
39142 13097 907
13097 21398 907
21398 41125 907
41125 25071 907
25071 33118 907
33118 29144 907
29144 20783 907
20783 16815 907
16815 16230 907
16230 13069 907
13069 17985 907
17985 5880 907
5880 19445 907
19445 40942 907
40942 22909 907
22909 16986 907
16986 4739 907
4739 24451 907
24451 24055 907
24055 39068 907
39068 25118 907
25118 25319 907
25319 22079 907
22079 32966 907
32966 3309 907
3309 10324 907
10324 39131 907
39131 5536 907
5536 37011 907
37011 24435 907
24435 18819 907
18819 38231 907
38231 14891 907
14891 39902 907
39902 9403 907
9403 20259 907
20259 26539 907
26539 16516 907
16516 33401 907
33401 34211 907
34211 30047 907
30047 14821 907
14821 30571 907
30571 10163 907
10163 33020 907
33020 14259 907
14259 31006 907
31006 12028 907
12028 5126 907
5126 29772 907
29772 13694 907
13694 19347 907
19347 33251 907
33251 36161 907
36161 13515 907
13515 7660 907
7660 12202 907
12202 41466 907
41466 29663 907
29663 19657 907
19657 16951 907
16951 18334 907
18334 9912 907
9912 16430 907
16430 9314 907
9314 34105 907
34105 9320 907
9320 26133 907
26133 9245 907
9245 11104 907
11104 15237 907
15237 27939 907
27939 34395 907
34395 10213 907
10213 10838 907
10838 40687 907
40687 34497 907
34497 11537 907
11537 36427 907
36427 21260 907
21260 28807 907
28807 5653 907
5653 2759 907
2759 25022 907
25022 30359 907
30359 31914 907
31914 16897 907
16897 24282 907
24282 16626 907
16626 20623 907
20623 6229 907
6229 8921 907
8921 36048 907
36048 37430 907
37430 37907 907
37907 7613 907
7613 14639 907
14639 31937 907
31937 10465 907
10465 21255 907
21255 24987 907
24987 22744 907
22744 9301 907
9301 8991 907
8991 1774 907
1774 38377 907
38377 29167 907
29167 7130 907
7130 9831 907
9831 41778 907
41778 23190 907
23190 25538 907
25538 7685 907
7685 36291 907
36291 25915 907
25915 17557 907
17557 35414 907
35414 4121 907
4121 1036 907
1036 31399 907
31399 30687 907
30687 912 907
912 23103 907
23103 32653 907
32653 3961 907
3961 23418 907
23418 1938 907
1938 10614 907
10614 14773 907
14773 31346 907
31346 27390 907
27390 24073 907
24073 7467 907
7467 8938 907
8938 20765 907
20765 32990 907
32990 11068 907
11068 32792 907
32792 17683 907
17683 21449 907
21449 38810 907
38810 30350 907
30350 40323 907
40323 8897 907
8897 4894 907
4894 33782 907
33782 12025 907
12025 3231 907
3231 13416 907
13416 18271 907
18271 11679 907
11679 17202 907
17202 17932 907
17932 13735 907
13735 25590 907
25590 15882 907
15882 7073 907
7073 29096 907
29096 6139 907
6139 3590 907
3590 26535 907
26535 36058 907
36058 38093 907
38093 12126 907
12126 31085 907
31085 34896 907
34896 20515 907
20515 19591 907
19591 1571 907
1571 9398 907
9398 35780 907
35780 24271 907
24271 25368 907
25368 41725 907
41725 34822 907
34822 19464 907
19464 35122 907
35122 18536 907
18536 3326 907
3326 7237 907
7237 3575 907
3575 20398 907
20398 14390 907
14390 24865 907
24865 30323 907
30323 6337 907
6337 3446 907
3446 28266 907
28266 24984 907
24984 4165 907
4165 39037 907
39037 12756 907
12756 29583 907
29583 10018 907
10018 16005 907
16005 15368 907
15368 29361 907
29361 14729 907
14729 26135 907
26135 35585 907
35585 24376 907
24376 33423 907
33423 32693 907
32693 7479 907
7479 7303 907
7303 17196 907
17196 33678 907
33678 36984 907
36984 17539 907
17539 4058 907
4058 39494 907
39494 36721 907
36721 30737 907
30737 17231 907
17231 7910 907
7910 23571 907
23571 23772 907
23772 13448 907
13448 12846 907
12846 16730 907
16730 25168 907
25168 5872 907
5872 20082 907
20082 27930 907
27930 23493 907
23493 12265 907
12265 26440 907
26440 29120 907
29120 2727 907
2727 32409 907
32409 17898 907
17898 36464 907
36464 22691 907
22691 28021 907
28021 18752 907
18752 30120 907
30120 20837 907
20837 19275 907
19275 33545 907
33545 33216 907
33216 26734 907
26734 24518 907
24518 24983 907
24983 16374 907
16374 35620 907
35620 38163 907
38163 12598 907
12598 33403 907
33403 27152 907
27152 38920 907
38920 23156 907
23156 27552 907
27552 18512 907
18512 30855 907
30855 14163 907
14163 22129 907
22129 41927 907
41927 17638 907
17638 31400 907
31400 13542 907
13542 8290 907
8290 35352 907
35352 17639 907
17639 22772 907
22772 8829 907
8829 23967 907
23967 473 907
473 63 907
63 13915 907
13915 4000 907
4000 12395 907
12395 39030 907
39030 31824 907
31824 28226 907
28226 9887 907
9887 38392 907
38392 260 907
260 369 907
369 20676 907
20676 19293 907
19293 18994 907
18994 33875 907
33875 14446 907
14446 2392 907
2392 22454 907
22454 29938 907
29938 35592 907
35592 5602 907
5602 35740 907
35740 25729 907
25729 8842 907
8842 1608 907
1608 5412 907
5412 447 907
447 3784 907
3784 1213 907
1213 7512 907
7512 41673 907
41673 6383 907
6383 16947 907
16947 34877 907
34877 25633 907
25633 31800 907
31800 7002 907
7002 22199 907
22199 30972 907
30972 36237 907
36237 31223 907
31223 30403 907
30403 32719 907
32719 28495 907
28495 5363 907
5363 14614 907
14614 18305 907
18305 15238 907
15238 15785 907
15785 8157 907
8157 21097 907
21097 6588 907
6588 4186 907
4186 26066 907
26066 5950 907
5950 14616 907
14616 15089 907
15089 34155 907
34155 12547 907
12547 35144 907
35144 30074 907
30074 1309 907
1309 19223 907
19223 30448 907
30448 32894 907
32894 29446 907
29446 37035 907
37035 39570 907
39570 9144 907
9144 40822 907
40822 30629 907
30629 20223 907
20223 17031 907
17031 39564 907
39564 36585 907
36585 36476 907
36476 8760 907
8760 15965 907
15965 4603 907
4603 32560 907
32560 21368 907
21368 118 907
118 25152 907
25152 41031 907
41031 12519 907
12519 22736 907
22736 9849 907
9849 38479 907
38479 16761 907
16761 19645 907
19645 1071 907
1071 37139 907
37139 12853 907
12853 24695 907
24695 10521 907
10521 20548 907
20548 9836 907
9836 2376 907
2376 14397 907
14397 35852 907
35852 6561 907
6561 25429 907
25429 35199 907
35199 11088 907
11088 7831 907
7831 18521 907
18521 2730 907
2730 35339 907
35339 16268 907
16268 22379 907
22379 16821 907
16821 33936 907
33936 19848 907
19848 13959 907
13959 9759 907
9759 15447 907
15447 41308 907
41308 18671 907
18671 40232 907
40232 23876 907
23876 30343 907
30343 6808 907
6808 10267 907
10267 15738 907
15738 25527 907
25527 7584 907
7584 13131 907
13131 11197 907
11197 25711 907
25711 37647 907
37647 40862 907
40862 37736 907
37736 11120 907
11120 31769 907
31769 25573 907
25573 13545 907
13545 40655 907
40655 12270 907
12270 39134 907
39134 15763 907
15763 38779 907
38779 26330 907
26330 4254 907
4254 7959 907
7959 35202 907
35202 41178 907
41178 34088 907
34088 3592 907
3592 1045 907
1045 40277 907
40277 29331 907
29331 11528 907
11528 39126 907
39126 13088 907
13088 24019 907
24019 9910 907
9910 28479 907
28479 6956 907
6956 39534 907
39534 25986 907
25986 34428 907
34428 30653 907
30653 38713 907
38713 38467 907
38467 29555 907
29555 20046 907
20046 26968 907
26968 8333 907
8333 18575 907
18575 12859 907
12859 23576 907
23576 8201 907
8201 4211 907
4211 12742 907
12742 21615 907
21615 14788 907
14788 1070 907
1070 1392 907
1392 31916 907
31916 664 907
664 435 907
435 16556 907
16556 6002 907
6002 9865 907
9865 26411 907
26411 30149 907
30149 13487 907
13487 7537 907
7537 38992 907
38992 40722 907
40722 2695 907
2695 1546 907
1546 6279 907
6279 8914 907
8914 25712 907
25712 7274 907
7274 25180 907
25180 38353 907
38353 2926 907
2926 24656 907
24656 7940 907
7940 7914 907
7914 41635 907
41635 25820 907
25820 11555 907
11555 25592 907
25592 18967 907
18967 12932 907
12932 28213 907
28213 9199 907
9199 17885 907
17885 8958 907
8958 4112 907
4112 8711 907
8711 14132 907
14132 7265 907
7265 21381 907
21381 8071 907
8071 15972 907
15972 30136 907
30136 34452 907
34452 24617 907
24617 16330 907
16330 10565 907
10565 19765 907
19765 15716 907
15716 25339 907
25339 22566 907
22566 24889 907
24889 17809 907
17809 17423 907
17423 19074 907
19074 20145 907
20145 20828 907
20828 11029 907
11029 23270 907
23270 17115 907
17115 11159 907
11159 33811 907
33811 32464 907
32464 35933 907
35933 25750 907
25750 3594 907
3594 35343 907
35343 29075 907
29075 38617 907
38617 9424 907
9424 9911 907
9911 3107 907
3107 19922 907
19922 13951 907
13951 26349 907
26349 16537 907
16537 30796 907
30796 2948 907
2948 28134 907
28134 20260 907
20260 17737 907
17737 10850 907
10850 39307 907
39307 39471 907
39471 31283 907
31283 26193 907
26193 8386 907
8386 23343 907
23343 35788 907
35788 26181 907
26181 5123 907
5123 16490 907
16490 29893 907
29893 12145 907
12145 12575 907
12575 33868 907
33868 29078 907
29078 4604 907
4604 33370 907
33370 1561 907
1561 29265 907
29265 11809 907
11809 41263 907
41263 14151 907
14151 11378 907
11378 41434 907
41434 21800 907
21800 22526 907
22526 13208 907
13208 18547 907
18547 18836 907
18836 40198 907
40198 9120 907
9120 34290 907
34290 9071 907
9071 22063 907
22063 17226 907
17226 9501 907
9501 15509 907
15509 41709 907
41709 490 907
490 28365 907
28365 27066 907
27066 8199 907
8199 2279 907
2279 18885 907
18885 22632 907
22632 36547 907
36547 31052 907
31052 31910 907
31910 12475 907
12475 13540 907
13540 41795 907
41795 25309 907
25309 13960 907
13960 24582 907
24582 810 907
810 9630 907
9630 2762 907
2762 31709 907
31709 8926 907
8926 3167 907
3167 2350 907
2350 17166 907
17166 1911 907
1911 32642 907
32642 10728 907
10728 33814 907
33814 8526 907
8526 31551 907
31551 10702 907
10702 11216 907
11216 15056 907
15056 30552 907
30552 11137 907
11137 14622 907
14622 13207 907
13207 27121 907
27121 17515 907
17515 15154 907
15154 30175 907
30175 14391 907
14391 18840 907
18840 14617 907
14617 7752 907
7752 15796 907
15796 36554 907
36554 1379 907
1379 19744 907
19744 33656 907
33656 33206 907
33206 35880 907
35880 2929 907
2929 10088 907
10088 9360 907
9360 12386 907
12386 10228 907
10228 39180 907
39180 6869 907
6869 9068 907
9068 31632 907
31632 15087 907
15087 41761 907
41761 10544 907
10544 4228 907
4228 15035 907
15035 19237 907
19237 11799 907
11799 4582 907
4582 29395 907
29395 4787 907
4787 18346 907
18346 38985 907
38985 9089 907
9089 744 907
744 35821 907
35821 34844 907
34844 19629 907
19629 6142 907
6142 41119 907
41119 17335 907
17335 1303 907
1303 19631 907
19631 14245 907
14245 13733 907
13733 34711 907
34711 39739 907
39739 729 907
729 19159 907
19159 595 907
595 33131 907
33131 5463 907
5463 5351 907
5351 30517 907
30517 1740 907
1740 29093 907
29093 12273 907
12273 38010 907
38010 27688 907
27688 1893 907
1893 33364 907
33364 25065 907
25065 5642 907
5642 22001 907
22001 26946 907
26946 17441 907
17441 14852 907
14852 5455 907
5455 33821 907
33821 35253 907
35253 12488 907
12488 3665 907
3665 33955 907
33955 3058 907
3058 32447 907
32447 33871 907
33871 27603 907
27603 5565 907
5565 13496 907
13496 28828 907
28828 32875 907
32875 5813 907
5813 33001 907
33001 13033 907
13033 31385 907
31385 1520 907
1520 11795 907
11795 17792 907
17792 26418 907
26418 33012 907
33012 17606 907
17606 22900 907
22900 10541 907
10541 20254 907
20254 23054 907
23054 21149 907
21149 32627 907
32627 17984 907
17984 34481 907
34481 39074 907
39074 12833 907
12833 7551 907
7551 33513 907
33513 36011 907
36011 31076 907
31076 32796 907
32796 4333 907
4333 15408 907
15408 20434 907
20434 1051 907
1051 20335 907
20335 18054 907
18054 6685 907
6685 12239 907
12239 39940 907
39940 4328 907
4328 14149 907
14149 40667 907
40667 1760 907
1760 12919 907
12919 22935 907
22935 1178 907
1178 13363 907
13363 34752 907
34752 5120 907
5120 11407 907
11407 11683 907
11683 39388 907
39388 5178 907
5178 24861 907
24861 17943 907
17943 11556 907
11556 35226 907
35226 41369 907
41369 2001 907
2001 11344 907
11344 11529 907
11529 8370 907
8370 9151 907
9151 22029 907
22029 40161 907
40161 1371 907
1371 23835 907
23835 27772 907
27772 9538 907
9538 271 907
271 5597 907
5597 1986 907
1986 37020 907
37020 19904 907
19904 30565 907
30565 6784 907
6784 1937 907
1937 11434 907
11434 4293 907
4293 32623 907
32623 19782 907
19782 39620 907
39620 3163 907
3163 22069 907
22069 19071 907
19071 30734 907
30734 19612 907
19612 7777 907
7777 24092 907
24092 12969 907
12969 11081 907
11081 28060 907
28060 40110 907
40110 3114 907
3114 4788 907
4788 40175 907
40175 3239 907
3239 9929 907
9929 7318 907
7318 21504 907
21504 1120 907
1120 38227 907
38227 20102 907
20102 6967 907
6967 10150 907
10150 6867 907
6867 6194 907
6194 26310 907
26310 41253 907
41253 8374 907
8374 26462 907
26462 19379 907
19379 37445 907
37445 40312 907
40312 11155 907
11155 13435 907
13435 30154 907
30154 12529 907
12529 2810 907
2810 3892 907
3892 8178 907
8178 19229 907
19229 3704 907
3704 16758 907
16758 2134 907
2134 36583 907
36583 23984 907
23984 7881 907
7881 12468 907
12468 36185 907
36185 21653 907
21653 32237 907
32237 13351 907
13351 3090 907
3090 22478 907
22478 26467 907
26467 2101 907
2101 12136 907
12136 30983 907
30983 34859 907
34859 20831 907
20831 41458 907
41458 21568 907
21568 30039 907
30039 28870 907
28870 18582 907
18582 13943 907
13943 2271 907
2271 25639 907
25639 3956 907
3956 15473 907
15473 20906 907
20906 12022 907
12022 17167 907
17167 2059 907
2059 39969 907
39969 21531 907
21531 1855 907
1855 21543 907
21543 8046 907
8046 20610 907
20610 9137 907
9137 39081 907
39081 8806 907
8806 41334 907
41334 9523 907
9523 29948 907
29948 17544 907
17544 5767 907
5767 5187 907
5187 18662 907
18662 5321 907
5321 3782 907
3782 32365 907
32365 38012 907
38012 16973 907
16973 9352 907
9352 12988 907
12988 15806 907
15806 12487 907
12487 26984 907
26984 6607 907
6607 40616 907
40616 30970 907
30970 324 907
324 6124 907
6124 12371 907
12371 17282 907
17282 9390 907
9390 32439 907
32439 30091 907
30091 14994 907
14994 4324 907
4324 23847 907
23847 9556 907
9556 28940 907
28940 19354 907
19354 19128 907
19128 30587 907
30587 13253 907
13253 27118 907
27118 30387 907
30387 18180 907
18180 36037 907
36037 12743 907
12743 41161 907
41161 28157 907
28157 17542 907
17542 37714 907
37714 25841 907
25841 34050 907
34050 13415 907
13415 28212 907
28212 17008 907
17008 7930 907
7930 32538 907
32538 14564 907
14564 26242 907
26242 4860 907
4860 10077 907
10077 14389 907
14389 5654 907
5654 36271 907
36271 39055 907
39055 41273 907
41273 32948 907
32948 26916 907
26916 10440 907
10440 2543 907
2543 21850 907
21850 5156 907
5156 40953 907
40953 8396 907
8396 36790 907
36790 23452 907
23452 19131 907
19131 25728 907
25728 32837 907
32837 17610 907
17610 32947 907
32947 20527 907
20527 158 907
158 28950 907
28950 13424 907
13424 35303 907
35303 22729 907
22729 9362 907
9362 13627 907
13627 35823 907
35823 13330 907
13330 9382 907
9382 24419 907
24419 22645 907
22645 30133 907
30133 29353 907
29353 14345 907
14345 11551 907
11551 11815 907
11815 9500 907
9500 6676 907
6676 33211 907
33211 34036 907
34036 26876 907
26876 27735 907
27735 2559 907
2559 30195 907
30195 23457 907
23457 21111 907
21111 11760 907
11760 30774 907
30774 4317 907
4317 35302 907
35302 12799 907
12799 3095 907
3095 17969 907
17969 29022 907
29022 18605 907
18605 31110 907
31110 13831 907
13831 22021 907
22021 18719 907
18719 33472 907
33472 35697 907
35697 15601 907
15601 11005 907
11005 14701 907
14701 40478 907
40478 3628 907
3628 24156 907
24156 33087 907
33087 34489 907
34489 25409 907
25409 30830 907
30830 23291 907
23291 26650 907
26650 37761 907
37761 5987 907
5987 28783 907
28783 25911 907
25911 38066 907
38066 10060 907
10060 30554 907
30554 16285 907
16285 5030 907
5030 17681 907
17681 39992 907
39992 23154 907
23154 11349 907
11349 10313 907
10313 31961 907
31961 19060 907
19060 38465 907
38465 18032 907
18032 18956 907
18956 33618 907
33618 12824 907
12824 8687 907
8687 4689 907
4689 5329 907
5329 34684 907
34684 11693 907
11693 33150 907
33150 6450 907
6450 37104 907
37104 40173 907
40173 10868 907
10868 1514 907
1514 5999 907
5999 20583 907
20583 2492 907
2492 29701 907
29701 28982 907
28982 30689 907
30689 28172 907
28172 33314 907
33314 29575 907
29575 22181 907
22181 21540 907
21540 29175 907
29175 1200 907
1200 35792 907
35792 19503 907
19503 39555 907
39555 33660 907
33660 17130 907
17130 30568 907
30568 2899 907
2899 7770 907
7770 41247 907
41247 30700 907
30700 12521 907
12521 40099 907
40099 26893 907
26893 2621 907
2621 20796 907
20796 7418 907
7418 6331 907
6331 4553 907
4553 40927 907
40927 30085 907
30085 14478 907
14478 983 907
983 6172 907
6172 37144 907
37144 3982 907
3982 6998 907
6998 11397 907
11397 7226 907
7226 26914 907
26914 29195 907
29195 41092 907
41092 20967 907
20967 25448 907
25448 17966 907
17966 6983 907
6983 21984 907
21984 28388 907
28388 28385 907
28385 37089 907
37089 18831 907
18831 6654 907
6654 25462 907
25462 38136 907
38136 33377 907
33377 10143 907
10143 29528 907
29528 3241 907
3241 19655 907
19655 655 907
655 17474 907
17474 10619 907
10619 21523 907
21523 13007 907
13007 41911 907
41911 37602 907
37602 16004 907
16004 6903 907
6903 32150 907
32150 28397 907
28397 38452 907
38452 39334 907
39334 20897 907
20897 33805 907
33805 14053 907
14053 6191 907
6191 41511 907
41511 40853 907
40853 28248 907
28248 39301 907
39301 1230 907
1230 30319 907
30319 11151 907
11151 21605 907
21605 36450 907
36450 41887 907
41887 9554 907
9554 32856 907
32856 1301 907
1301 35663 907
35663 7821 907
7821 32433 907
32433 2716 907
2716 39242 907
39242 29891 907
29891 35059 907
35059 6793 907
6793 30936 907
30936 18120 907
18120 34701 907
34701 19966 907
19966 29831 907
29831 28956 907
28956 1211 907
1211 13640 907
13640 8589 907
8589 10159 907
10159 15739 907
15739 10633 907
10633 15038 907
15038 9036 907
9036 1385 907
1385 37434 907
37434 39402 907
39402 31739 907
31739 387 907
387 39909 907
39909 39949 907
39949 18144 907
18144 27813 907
27813 20411 907
20411 8649 907
8649 32232 907
32232 948 907
948 2057 907
2057 1352 907
1352 32533 907
32533 6320 907
6320 25447 907
25447 41298 907
41298 23774 907
23774 10916 907
10916 38855 907
38855 7952 907
7952 13695 907
13695 6112 907
6112 27927 907
27927 21833 907
21833 21641 907
21641 39350 907
39350 21712 907
21712 1321 907
1321 33501 907
33501 35503 907
35503 21105 907
21105 38053 907
38053 13002 907
13002 21867 907
21867 38056 907
38056 26896 907
26896 6104 907
6104 13235 907
13235 10888 907
10888 37316 907
37316 38912 907
38912 33554 907
33554 40878 907
40878 29793 907
29793 28425 907
28425 8400 907
8400 4810 907
4810 12184 907
12184 26102 907
26102 13895 907
13895 40228 907
40228 3678 907
3678 41144 907
41144 34892 907
34892 21245 907
21245 35862 907
35862 12279 907
12279 19387 907
19387 13775 907
13775 38619 907
38619 21930 907
21930 33931 907
33931 19921 907
19921 7965 907
7965 34550 907
34550 23029 907
23029 11471 907
11471 36792 907
36792 16142 907
16142 8488 907
8488 15600 907
15600 29376 907
29376 38862 907
38862 13053 907
13053 18570 907
18570 11962 907
11962 29083 907
29083 6776 907
6776 35589 907
35589 24783 907
24783 34179 907
34179 24043 907
24043 24484 907
24484 32679 907
32679 3238 907
3238 26059 907
26059 27583 907
27583 20234 907
20234 6105 907
6105 4255 907
4255 14804 907
14804 2525 907
2525 26802 907
26802 19034 907
19034 30885 907
30885 13954 907
13954 19341 907
19341 29899 907
29899 18624 907
18624 14738 907
14738 25719 907
25719 2096 907
2096 38980 907
38980 12471 907
12471 12543 907
12543 34565 907
34565 15487 907
15487 33109 907
33109 39314 907
39314 2678 907
2678 28273 907
28273 23305 907
23305 37996 907
37996 41510 907
41510 27335 907
27335 10393 907
10393 9607 907
9607 3749 907
3749 5159 907
5159 8911 907
8911 25125 907
25125 36968 907
36968 7555 907
7555 41309 907
41309 24543 907
24543 34970 907
34970 25783 907
25783 21863 907
21863 33194 907
33194 34749 907
34749 36504 907
36504 38984 907
38984 12181 907
12181 39652 907
39652 16982 907
16982 8873 907
8873 36708 907
36708 34208 907
34208 1675 907
1675 20011 907
20011 10425 907
10425 6063 907
6063 9109 907
9109 25379 907
25379 15945 907
15945 35133 907
35133 27730 907
27730 13594 907
13594 30153 907
30153 15664 907
15664 35326 907
35326 15535 907
15535 26416 907
26416 28448 907
28448 9411 907
9411 15848 907
15848 2092 907
2092 41940 907
41940 5891 907
5891 1122 907
1122 7213 907
7213 39614 907
39614 23325 907
23325 39541 907
39541 12076 907
12076 10512 907
10512 37988 907
37988 9178 907
9178 3747 907
3747 28900 907
28900 39394 907
39394 7164 907
7164 23540 907
23540 30863 907
30863 27604 907
27604 16844 907
16844 41553 907
41553 19120 907
19120 1275 907
1275 14015 907
14015 12353 907
12353 41782 907
41782 19188 907
19188 5585 907
5585 26120 907
26120 21100 907
21100 13099 907
13099 11852 907
11852 9998 907
9998 2338 907
2338 39723 907
39723 32855 907
32855 34660 907
34660 10005 907
10005 34087 907
34087 11224 907
11224 35789 907
35789 41326 907
41326 24918 907
24918 19639 907
19639 9386 907
9386 34053 907
34053 10506 907
10506 39112 907
39112 12264 907
12264 33291 907
33291 25111 907
25111 7801 907
7801 41921 907
41921 19192 907
19192 15983 907
15983 37263 907
37263 24299 907
24299 3032 907
3032 26045 907
26045 34140 907
34140 35026 907
35026 35618 907
35618 37061 907
37061 39133 907
39133 30789 907
30789 17160 907
17160 35349 907
35349 21954 907
21954 24308 907
24308 11455 907
11455 22210 907
22210 24650 907
24650 24954 907
24954 38837 907
38837 16057 907
16057 5955 907
5955 35193 907
35193 18793 907
18793 17703 907
17703 33256 907
33256 33702 907
33702 7569 907
7569 13852 907
13852 37702 907
37702 36153 907
36153 1150 907
1150 5402 907
5402 13310 907
13310 5386 907
5386 34720 907
34720 27119 907
27119 2284 907
2284 22393 907
22393 41710 907
41710 27989 907
27989 28713 907
28713 40046 907
40046 4742 907
4742 4222 907
4222 8354 907
8354 19763 907
19763 19453 907
19453 31043 907
31043 19352 907
19352 35287 907
35287 10765 907
10765 39751 907
39751 8709 907
8709 21235 907
21235 36155 907
36155 15161 907
15161 12737 907
12737 31293 907
31293 2299 907
2299 39162 907
39162 8214 907
8214 6228 907
6228 7571 907
7571 25239 907
25239 15677 907
15677 40475 907
40475 31822 907
31822 39508 907
39508 30462 907
30462 17473 907
17473 14020 907
14020 19412 907
19412 29417 907
29417 20226 907
20226 21338 907
21338 22065 907
22065 1948 907
1948 22735 907
22735 26182 907
26182 16274 907
16274 19638 907
19638 21965 907
21965 14214 907
14214 41838 907
41838 39403 907
39403 35973 907
35973 18642 907
18642 19050 907
19050 332 907
332 15486 907
15486 3558 907
3558 16949 907
16949 11237 907
11237 21682 907
21682 28894 907
28894 10938 907
10938 8654 907
8654 14749 907
14749 9335 907
9335 21904 907
21904 26737 907
26737 24599 907
24599 18431 907
18431 33088 907
33088 25905 907
25905 37399 907
37399 26176 907
26176 37431 907
37431 40599 907
40599 40962 907
40962 2930 907
2930 35739 907
35739 24851 907
24851 24961 907
24961 24588 907
24588 7836 907
7836 36363 907
36363 28477 907
28477 40981 907
40981 34142 907
34142 40910 907
40910 24147 907
24147 10617 907
10617 12644 907
12644 40139 907
40139 9118 907
9118 9099 907
9099 24178 907
24178 10271 907
10271 29014 907
29014 4780 907
4780 19080 907
19080 33247 907
33247 17863 907
17863 32077 907
32077 22711 907
22711 27492 907
27492 39705 907
39705 27202 907
27202 14059 907
14059 4822 907
4822 25072 907
25072 28036 907
28036 33170 907
33170 4380 907
4380 35277 907
35277 4888 907
4888 41703 907
41703 10742 907
10742 24072 907
24072 9486 907
9486 25038 907
25038 9516 907
9516 4954 907
4954 468 907
468 2467 907
2467 3415 907
3415 6379 907
6379 19321 907
19321 14836 907
14836 24639 907
24639 20276 907
20276 13669 907
13669 2226 907
2226 4153 907
4153 35126 907
35126 36952 907
36952 29894 907
29894 38938 907
38938 32068 907
32068 20429 907
20429 38320 907
38320 727 907
727 24584 907
24584 18413 907
18413 5534 907
5534 34112 907
34112 24845 907
24845 37309 907
37309 39875 907
39875 20565 907
20565 8192 907
8192 29177 907
29177 14074 907
14074 22880 907
22880 9475 907
9475 20204 907
20204 4988 907
4988 1919 907
1919 32579 907
32579 36746 907
36746 12933 907
12933 41228 907
41228 34530 907
34530 2214 907
2214 6071 907
6071 5496 907
5496 1681 907
1681 9491 907
9491 30422 907
30422 18674 907
18674 23201 907
23201 19970 907
19970 39027 907
39027 13860 907
13860 41922 907
41922 22224 907
22224 10207 907
10207 29715 907
29715 18412 907
18412 32215 907
32215 22538 907
22538 9498 907
9498 35222 907
35222 12478 907
12478 16029 907
16029 4105 907
4105 23252 907
23252 21220 907
21220 1862 907
1862 12195 907
12195 30095 907
30095 5515 907
5515 41301 907
41301 19151 907
19151 14387 907
14387 39454 907
39454 32935 907
32935 36727 907
36727 11527 907
11527 30111 907
30111 7621 907
7621 30170 907
30170 40402 907
40402 22927 907
22927 34039 907
34039 16832 907
16832 27069 907
27069 15052 907
15052 39462 907
39462 30142 907
30142 16286 907
16286 28579 907
28579 35901 907
35901 30991 907
30991 31359 907
31359 31345 907
31345 21807 907
21807 478 907
478 5927 907
5927 2394 907
2394 8341 907
8341 28307 907
28307 7987 907
7987 18932 907
18932 23781 907
23781 29319 907
29319 35485 907
35485 33816 907
33816 21450 907
21450 3007 907
3007 22580 907
22580 21573 907
21573 16271 907
16271 33494 907
33494 37495 907
37495 12289 907
12289 35269 907
35269 20599 907
20599 35466 907
35466 20428 907
20428 22838 907
22838 39466 907
39466 17952 907
17952 28124 907
28124 36042 907
36042 6388 907
6388 31147 907
31147 41329 907
41329 39303 907
39303 20522 907
20522 36531 907
36531 19153 907
19153 17249 907
17249 10478 907
10478 1440 907
1440 17643 907
17643 17317 907
17317 41358 907
41358 36370 907
36370 25663 907
25663 31169 907
31169 21839 907
21839 4861 907
4861 27722 907
27722 17551 907
17551 600 907
600 30782 907
30782 19154 907
19154 5243 907
5243 29073 907
29073 12366 907
12366 31714 907
31714 16134 907
16134 41724 907
41724 28530 907
28530 24428 907
24428 33531 907
33531 23410 907
23410 30094 907
30094 19956 907
19956 27480 907
27480 41823 907
41823 34374 907
34374 32192 907
32192 11499 907
11499 10091 907
10091 26975 907
26975 27197 907
27197 39779 907
39779 26030 907
26030 25597 907
25597 14435 907
14435 11474 907
11474 8293 907
8293 32335 907
32335 21856 907
21856 14654 907
14654 30468 907
30468 33200 907
33200 23230 907
23230 7028 907
7028 9132 907
9132 14263 907
14263 30225 907
30225 22000 907
22000 35854 907
35854 13450 907
13450 2838 907
2838 2990 907
2990 16252 907
16252 24506 907
24506 6247 907
6247 939 907
939 12209 907
12209 29547 907
29547 30729 907
30729 13058 907
13058 25364 907
25364 18249 907
18249 39475 907
39475 29807 907
29807 10431 907
10431 22295 907
22295 34083 907
34083 37314 907
37314 86 907
86 19836 907
19836 28374 907
28374 37638 907
37638 27651 907
27651 25657 907
25657 2560 907
2560 13118 907
13118 28521 907
28521 12291 907
12291 11845 907
11845 864 907
864 15778 907
15778 33732 907
33732 15187 907
15187 39706 907
39706 25389 907
25389 13411 907
13411 34016 907
34016 32473 907
32473 13329 907
13329 29883 907
29883 31565 907
31565 28630 907
28630 6484 907
6484 7118 907
7118 36623 907
36623 28948 907
28948 15499 907
15499 12568 907
12568 14207 907
14207 2405 907
2405 31060 907
31060 40215 907
40215 28412 907
28412 36422 907
36422 6749 907
6749 616 907
616 37254 907
37254 41967 907
41967 17848 907
17848 12396 907
12396 37463 907
37463 23436 907
23436 22546 907
22546 32638 907
32638 19523 907
19523 31773 907
31773 38701 907
38701 5233 907
5233 21734 907
21734 16740 907
16740 26234 907
26234 28334 907
28334 39709 907
39709 15265 907
15265 8253 907
8253 6536 907
6536 29836 907
29836 4969 907
4969 23589 907
23589 27469 907
27469 40486 907
40486 32583 907
32583 40786 907
40786 2804 907
2804 36441 907
36441 5765 907
5765 4409 907
4409 34663 907
34663 29220 907
29220 37473 907
37473 6410 907
6410 35259 907
35259 36672 907
36672 27809 907
27809 13936 907
13936 18140 907
18140 39647 907
39647 6507 907
6507 11138 907
11138 37836 907
37836 23259 907
23259 15508 907
15508 33973 907
33973 12634 907
12634 1057 907
1057 8467 907
8467 18781 907
18781 4082 907
4082 31892 907
31892 25320 907
25320 33711 907
33711 8115 907
8115 34820 907
34820 25693 907
25693 14589 907
14589 5407 907
5407 15309 907
15309 24020 907
24020 4633 907
4633 32895 907
32895 29261 907
29261 23211 907
23211 25492 907
25492 18043 907
18043 27260 907
27260 35439 907
35439 14863 907
14863 24407 907
24407 38982 907
38982 4281 907
4281 38681 907
38681 28109 907
28109 31578 907
31578 8018 907
8018 14030 907
14030 2703 907
2703 8223 907
8223 33040 907
33040 29877 907
29877 34138 907
34138 28559 907
28559 29419 907
29419 22381 907
22381 15373 907
15373 9942 907
9942 40153 907
40153 31793 907
31793 2748 907
2748 25214 907
25214 15991 907
15991 38343 907
38343 32441 907
32441 11331 907
11331 20982 907
20982 33283 907
33283 3855 907
3855 30816 907
30816 16853 907
16853 7442 907
7442 14380 907
14380 23808 907
23808 9828 907
9828 28971 907
28971 9326 907
9326 18205 907
18205 13338 907
13338 19891 907
19891 257 907
257 21229 907
21229 1451 907
1451 23040 907
23040 4196 907
4196 4726 907
4726 41165 907
41165 17791 907
17791 28957 907
28957 32430 907
32430 24187 907
24187 39786 907
39786 28086 907
28086 39214 907
39214 14933 907
14933 31455 907
31455 26271 907
26271 12837 907
12837 4945 907
4945 10837 907
10837 25084 907
25084 7837 907
7837 28532 907
28532 16484 907
16484 38583 907
38583 11753 907
11753 39828 907
39828 14637 907
14637 12749 907
12749 7588 907
7588 37767 907
37767 23896 907
23896 3135 907
3135 8747 907
8747 2642 907
2642 8596 907
8596 35997 907
35997 16593 907
16593 235 907
235 41151 907
41151 24109 907
24109 36539 907
36539 39231 907
39231 41543 907
41543 29695 907
29695 23080 907
23080 39274 907
39274 425 907
425 33525 907
33525 26659 907
26659 6093 907
6093 11568 907
11568 9563 907
9563 36343 907
36343 7249 907
7249 15005 907
15005 17814 907
17814 29662 907
29662 16077 907
16077 28249 907
28249 27431 907
27431 17327 907
17327 41796 907
41796 36433 907
36433 3602 907
3602 22936 907
22936 13512 907
13512 31863 907
31863 36961 907
36961 36067 907
36067 20464 907
20464 3525 907
3525 12818 907
12818 41520 907
41520 41160 907
41160 29032 907
29032 20536 907
20536 33432 907
33432 33925 907
33925 41857 907
41857 8726 907
8726 13146 907
13146 10136 907
10136 29782 907
29782 21862 907
21862 1152 907
1152 35842 907
35842 25102 907
25102 8674 907
8674 10415 907
10415 14858 907
14858 21952 907
21952 36582 907
36582 28041 907
28041 8039 907
8039 32108 907
32108 712 907
712 19212 907
19212 3392 907
3392 126 907
126 39405 907
39405 27396 907
27396 146 907
146 2336 907
2336 1835 907
1835 15328 907
15328 28762 907
28762 21006 907
21006 10122 907
10122 18558 907
18558 7915 907
7915 28143 907
28143 30502 907
30502 40613 907
40613 131 907
131 20181 907
20181 14270 907
14270 36235 907
36235 18154 907
18154 6627 907
6627 24532 907
24532 17788 907
17788 10297 907
10297 8411 907
8411 4758 907
4758 37037 907
37037 1536 907
1536 10296 907
10296 7176 907
7176 36319 907
36319 10713 907
10713 3548 907
3548 29357 907
29357 34062 907
34062 5387 907
5387 25273 907
25273 11977 907
11977 7585 907
7585 35015 907
35015 34715 907
34715 4986 907
4986 12647 907
12647 33650 907
33650 32375 907
32375 4264 907
4264 29348 907
29348 15247 907
15247 21998 907
21998 21289 907
21289 5420 907
5420 32773 907
32773 18453 907
18453 17631 907
17631 25795 907
25795 13938 907
13938 14956 907
14956 19498 907
19498 965 907
965 26223 907
26223 4686 907
4686 15539 907
15539 31679 907
31679 36625 907
36625 24385 907
24385 25266 907
25266 5268 907
5268 6075 907
6075 15505 907
15505 14324 907
14324 35242 907
35242 21705 907
21705 20471 907
20471 41411 907
41411 32767 907
32767 31388 907
31388 36407 907
36407 10417 907
10417 4101 907
4101 37387 907
37387 21043 907
21043 23194 907
23194 5014 907
5014 25500 907
25500 12098 907
12098 32248 907
32248 22077 907
22077 20590 907
20590 19587 907
19587 27705 907
27705 4748 907
4748 40113 907
40113 16554 907
16554 31291 907
31291 14748 907
14748 24907 907
24907 22031 907
22031 28703 907
28703 10824 907
10824 25540 907
25540 10282 907
10282 20779 907
20779 37303 907
37303 17709 907
17709 36868 907
36868 41822 907
41822 15673 907
15673 13838 907
13838 8945 907
8945 13086 907
13086 38344 907
38344 17770 907
17770 19636 907
19636 713 907
713 28773 907
28773 9933 907
9933 31355 907
31355 31074 907
31074 3281 907
3281 18488 907
18488 16703 907
16703 1670 907
1670 21909 907
21909 36550 907
36550 17081 907
17081 37527 907
37527 16473 907
16473 39247 907
39247 36228 907
36228 32596 907
32596 14792 907
14792 23356 907
23356 22150 907
22150 18809 907
18809 20405 907
20405 31258 907
31258 15194 907
15194 17874 907
17874 8005 907
8005 27124 907
27124 3735 907
3735 32959 907
32959 2842 907
2842 24776 907
24776 19908 907
19908 10847 907
10847 9545 907
9545 36166 907
36166 36857 907
36857 2495 907
2495 24501 907
24501 2455 907
2455 4443 907
4443 22187 907
22187 29991 907
29991 38230 907
38230 30908 907
30908 14848 907
14848 13275 907
13275 30872 907
30872 10001 907
10001 40728 907
40728 33369 907
33369 9227 907
9227 22556 907
22556 31913 907
31913 8210 907
8210 30174 907
30174 29059 907
29059 4570 907
4570 17492 907
17492 16772 907
16772 17433 907
17433 22180 907
22180 7188 907
7188 12739 907
12739 19101 907
19101 15501 907
15501 17213 907
17213 23881 907
23881 20393 907
20393 41322 907
41322 2017 907
2017 32882 907
32882 11627 907
11627 37641 907
37641 30293 907
30293 14831 907
14831 34961 907
34961 27393 907
27393 13028 907
13028 37744 907
37744 19742 907
19742 1849 907
1849 33436 907
33436 7080 907
7080 17725 907
17725 14316 907
14316 22529 907
22529 11427 907
11427 4680 907
4680 29462 907
29462 3731 907
3731 38126 907
38126 34364 907
34364 19888 907
19888 25640 907
25640 1682 907
1682 29066 907
29066 12579 907
12579 32404 907
32404 39262 907
39262 9194 907
9194 30358 907
30358 9705 907
9705 35013 907
35013 29774 907
29774 33008 907
33008 6065 907
6065 3948 907
3948 7626 907
7626 22106 907
22106 16369 907
16369 5051 907
5051 25375 907
25375 21249 907
21249 11865 907
11865 10590 907
10590 22993 907
22993 32385 907
32385 36318 907
36318 27321 907
27321 2433 907
2433 18327 907
18327 18880 907
18880 871 907
871 13174 907
13174 19761 907
19761 23780 907
23780 30797 907
30797 13705 907
13705 17843 907
17843 4541 907
4541 37501 907
37501 38508 907
38508 17529 907
17529 14672 907
14672 23611 907
23611 21266 907
21266 31630 907
31630 38734 907
38734 4774 907
4774 20812 907
20812 36124 907
36124 6735 907
6735 23831 907
23831 28648 907
28648 28704 907
28704 11249 907
11249 13291 907
13291 12577 907
12577 26417 907
26417 5246 907
5246 20685 907
20685 9096 907
9096 37000 907
37000 30549 907
30549 28877 907
28877 35588 907
35588 13266 907
13266 40393 907
40393 21556 907
21556 8357 907
8357 36757 907
36757 12888 907
12888 26915 907
26915 21911 907
21911 237 907
237 41550 907
41550 38843 907
38843 15908 907
15908 29449 907
29449 29514 907
29514 11432 907
11432 699 907
699 40147 907
40147 2287 907
2287 1005 907
1005 23494 907
23494 436 907
436 32671 907
32671 34397 907
34397 6419 907
6419 4606 907
4606 1437 907
1437 37764 907
37764 16974 907
16974 15556 907
15556 18344 907
18344 24993 907
24993 30498 907
30498 9056 907
9056 35169 907
35169 3757 907
3757 2320 907
2320 23763 907
23763 16795 907
16795 12045 907
12045 41004 907
41004 32230 907
32230 23298 907
23298 5844 907
5844 19487 907
19487 38096 907
38096 41512 907
41512 21060 907
21060 17935 907
17935 21223 907
21223 16635 907
16635 32906 907
32906 12084 907
12084 9653 907
9653 20352 907
20352 20216 907
20216 6804 907
6804 11046 907
11046 3713 907
3713 12300 907
12300 6177 907
6177 39749 907
39749 30810 907
30810 497 907
497 26758 907
26758 11663 907
11663 20129 907
20129 15456 907
15456 12290 907
12290 23030 907
23030 26249 907
26249 41907 907
41907 41647 907
41647 36332 907
36332 7135 907
7135 39781 907
39781 21377 907
21377 17589 907
17589 29820 907
29820 31112 907
31112 23557 907
23557 37880 907
37880 15826 907
15826 27622 907
27622 32868 907
32868 24165 907
24165 10857 907
10857 31001 907
31001 32061 907
32061 10505 907
10505 38426 907
38426 29164 907
29164 8190 907
8190 40925 907
40925 6592 907
6592 11974 907
11974 41065 907
41065 30008 907
30008 9639 907
9639 17813 907
17813 40949 907
40949 29217 907
29217 34888 907
34888 18904 907
18904 15190 907
15190 3584 907
3584 33807 907
33807 23077 907
23077 15169 907
15169 7149 907
7149 33073 907
33073 12693 907
12693 25982 907
25982 9816 907
9816 34379 907
34379 25609 907
25609 8601 907
8601 13921 907
13921 7043 907
7043 9217 907
9217 10322 907
10322 34667 907
34667 28247 907
28247 7668 907
7668 35337 907
35337 22697 907
22697 39266 907
39266 41606 907
41606 13952 907
13952 1925 907
1925 1699 907
1699 3329 907
3329 28925 907
28925 35054 907
35054 4206 907
4206 38751 907
38751 17406 907
17406 26070 907
26070 12930 907
12930 14652 907
14652 17571 907
17571 35119 907
35119 18805 907
18805 27298 907
27298 9738 907
9738 288 907
288 23877 907
23877 32029 907
32029 38831 907
38831 1791 907
1791 27198 907
27198 15676 907
15676 31638 907
31638 35286 907
35286 18105 907
18105 3290 907
3290 31552 907
31552 24652 907
24652 4302 907
4302 21042 907
21042 13166 907
13166 11953 907
11953 37275 907
37275 25740 907
25740 3397 907
3397 3458 907
3458 19418 907
19418 24238 907
24238 17040 907
17040 40905 907
40905 13210 907
13210 4152 907
4152 22603 907
22603 7016 907
7016 27175 907
27175 13225 907
13225 18791 907
18791 22334 907
22334 32660 907
32660 31259 907
31259 5467 907
5467 26294 907
26294 16752 907
16752 30453 907
30453 16739 907
16739 15984 907
15984 34848 907
34848 7807 907
7807 31256 907
31256 32498 907
32498 25128 907
25128 30058 907
30058 4458 907
4458 29388 907
29388 41210 907
41210 1775 907
1775 1268 907
1268 36262 907
36262 21536 907
21536 36953 907
36953 18695 907
18695 36268 907
36268 33927 907
33927 6148 907
6148 37684 907
37684 32293 907
32293 33946 907
33946 4714 907
4714 8673 907
8673 38566 907
38566 33648 907
33648 14884 907
14884 28980 907
28980 33582 907
33582 18074 907
18074 23806 907
23806 29614 907
29614 32859 907
32859 17116 907
17116 15280 907
15280 29430 907
29430 6223 907
6223 33639 907
33639 841 907
841 28727 907
28727 31945 907
31945 4011 907
4011 13922 907
13922 30712 907
30712 20922 907
20922 24669 907
24669 26334 907
26334 1678 907
1678 12199 907
12199 38608 907
38608 26544 907
26544 31180 907
31180 19807 907
19807 22848 907
22848 32462 907
32462 2970 907
2970 23051 907
23051 18895 907
18895 23304 907
23304 598 907
598 15553 907
15553 27535 907
27535 5568 907
5568 23516 907
23516 12421 907
12421 18090 907
18090 13633 907
13633 37753 907
37753 17270 907
17270 21538 907
21538 30911 907
30911 13189 907
13189 269 907
269 39401 907
39401 16602 907
16602 2916 907
2916 3191 907
3191 35735 907
35735 41566 907
41566 29988 907
29988 15251 907
15251 34190 907
34190 29451 907
29451 16091 907
16091 33244 907
33244 583 907
583 40151 907
40151 10572 907
10572 41018 907
41018 10735 907
10735 5646 907
5646 14272 907
14272 17369 907
17369 16767 907
16767 3927 907
3927 39302 907
39302 24146 907
24146 6922 907
6922 39625 907
39625 20134 907
20134 17628 907
17628 26324 907
26324 20780 907
20780 41740 907
41740 10193 907
10193 19733 907
19733 5001 907
5001 1486 907
1486 14823 907
14823 41201 907
41201 4218 907
4218 25864 907
25864 21394 907
21394 30460 907
30460 40571 907
40571 35546 907
35546 16280 907
16280 15391 907
15391 17884 907
17884 29386 907
29386 431 907
431 24090 907
24090 25972 907
25972 32271 907
32271 34079 907
34079 1133 907
1133 31473 907
31473 31747 907
31747 41456 907
41456 35716 907
35716 17289 907
17289 27646 907
27646 34725 907
34725 38294 907
38294 35201 907
35201 30803 907
30803 32965 907
32965 4741 907
4741 40642 907
40642 3204 907
3204 21330 907
21330 16615 907
16615 28309 907
28309 2161 907
2161 24163 907
24163 10254 907
10254 25188 907
25188 21647 907
21647 1356 907
1356 33438 907
33438 24840 907
24840 21737 907
21737 31202 907
31202 19581 907
19581 27065 907
27065 32616 907
32616 13014 907
13014 7026 907
7026 17073 907
17073 5425 907
5425 4094 907
4094 23926 907
23926 30338 907
30338 23826 907
23826 28187 907
28187 31127 907
31127 36020 907
36020 34319 907
34319 33168 907
33168 35925 907
35925 18549 907
18549 116 907
116 12071 907
12071 16674 907
16674 18414 907
18414 17997 907
17997 19791 907
19791 24787 907
24787 6830 907
6830 41722 907
41722 552 907
552 22553 907
22553 24112 907
24112 1553 907
1553 23824 907
23824 23384 907
23384 6222 907
6222 1660 907
1660 10895 907
10895 15850 907
15850 13011 907
13011 4007 907
4007 40015 907
40015 30808 907
30808 1093 907
1093 24318 907
24318 27876 907
27876 32689 907
32689 17371 907
17371 6084 907
6084 27731 907
27731 20513 907
20513 39263 907
39263 24750 907
24750 6792 907
6792 8371 907
8371 9621 907
9621 40064 907
40064 13941 907
13941 3685 907
3685 12419 907
12419 40743 907
40743 13391 907
13391 8480 907
8480 25108 907
25108 17223 907
17223 14161 907
14161 19307 907
19307 4430 907
4430 41996 907
41996 28503 907
28503 24507 907
24507 26572 907
26572 18041 907
18041 25004 907
25004 17870 907
17870 32514 907
32514 4725 907
4725 31452 907
31452 20343 907
20343 14145 907
14145 24058 907
24058 8460 907
8460 19589 907
19589 11412 907
11412 39572 907
39572 13186 907
13186 20741 907
20741 9466 907
9466 9161 907
9161 28417 907
28417 9517 907
9517 28687 907
28687 19973 907
19973 20793 907
20793 39903 907
39903 25248 907
25248 4066 907
4066 24339 907
24339 14154 907
14154 16829 907
16829 21851 907
21851 5841 907
5841 179 907
179 38263 907
38263 11778 907
11778 11156 907
11156 10966 907
10966 14758 907
14758 12661 907
12661 32193 907
32193 31114 907
31114 21016 907
21016 5533 907
5533 28902 907
28902 15175 907
15175 3512 907
3512 36069 907
36069 3251 907
3251 11231 907
11231 37909 907
37909 7908 907
7908 33817 907
33817 18214 907
18214 9883 907
9883 6652 907
6652 4967 907
4967 7745 907
7745 14857 907
14857 12538 907
12538 1387 907
1387 3304 907
3304 26936 907
26936 8399 907
8399 4785 907
4785 39143 907
39143 35975 907
35975 29598 907
29598 1966 907
1966 1944 907
1944 11785 907
11785 4012 907
4012 26437 907
26437 30684 907
30684 6602 907
6602 25482 907
25482 22715 907
22715 867 907
867 7049 907
7049 31678 907
31678 31149 907
31149 2243 907
2243 5227 907
5227 6038 907
6038 33892 907
33892 38776 907
38776 29796 907
29796 13016 907
13016 36931 907
36931 36369 907
36369 33435 907
33435 7391 907
7391 27495 907
27495 33269 907
33269 35050 907
35050 28755 907
28755 10635 907
10635 20530 907
20530 24753 907
24753 28352 907
28352 27568 907
27568 34173 907
34173 30809 907
30809 26835 907
26835 32581 907
32581 17615 907
17615 28577 907
28577 35338 907
35338 38975 907
38975 29242 907
29242 15424 907
15424 6811 907
6811 27744 907
27744 8887 907
8887 243 907
243 5188 907
5188 738 907
738 25257 907
25257 29580 907
29580 14190 907
14190 15069 907
15069 36171 907
36171 7255 907
7255 11674 907
11674 31625 907
31625 37716 907
37716 32049 907
32049 24956 907
24956 12080 907
12080 37807 907
37807 9456 907
9456 37941 907
37941 22253 907
22253 29530 907
29530 4451 907
4451 33266 907
33266 33177 907
33177 31187 907
31187 24350 907
24350 17412 907
17412 7733 907
7733 8680 907
8680 5764 907
5764 18257 907
18257 2177 907
2177 21328 907
21328 18862 907
18862 28837 907
28837 4387 907
4387 23705 907
23705 28570 907
28570 14678 907
14678 39328 907
39328 3781 907
3781 36108 907
36108 31999 907
31999 5596 907
5596 2880 907
2880 2643 907
2643 41562 907
41562 39127 907
39127 12259 907
12259 31586 907
31586 18649 907
18649 41840 907
41840 20846 907
20846 12435 907
12435 6085 907
6085 31428 907
31428 16296 907
16296 11060 907
11060 18837 907
18837 15259 907
15259 28608 907
28608 14910 907
14910 8729 907
8729 18377 907
18377 22959 907
22959 18706 907
18706 6882 907
6882 3046 907
3046 27091 907
27091 28646 907
28646 7884 907
7884 17986 907
17986 7037 907
7037 12206 907
12206 27452 907
27452 1995 907
1995 22304 907
22304 11544 907
11544 31791 907
31791 37343 907
37343 25453 907
25453 24297 907
24297 8908 907
8908 3969 907
3969 561 907
561 9853 907
9853 16704 907
16704 25918 907
25918 8301 907
8301 33382 907
33382 13312 907
13312 1935 907
1935 1064 907
1064 13940 907
13940 15268 907
15268 29463 907
29463 10970 907
10970 33590 907
33590 190 907
190 20079 907
20079 21420 907
21420 39774 907
39774 17562 907
17562 35353 907
35353 33787 907
33787 14210 907
14210 5757 907
5757 17958 907
17958 23500 907
23500 34223 907
34223 25076 907
25076 37523 907
37523 19787 907
19787 39805 907
39805 3493 907
3493 35920 907
35920 11983 907
11983 40472 907
40472 5345 907
5345 32286 907
32286 10495 907
10495 19672 907
19672 38279 907
38279 29251 907
29251 23596 907
23596 4103 907
4103 18117 907
18117 2386 907
2386 26357 907
26357 34902 907
34902 6460 907
6460 33005 907
33005 1551 907
1551 14043 907
14043 12249 907
12249 12974 907
12974 2580 907
2580 16341 907
16341 2902 907
2902 27998 907
27998 24495 907
24495 38470 907
38470 4978 907
4978 39826 907
39826 7211 907
7211 23633 907
23633 8964 907
8964 282 907
282 25457 907
25457 171 907
171 3514 907
3514 38433 907
38433 17834 907
17834 24185 907
24185 39941 907
39941 13988 907
13988 21808 907
21808 14991 907
14991 27476 907
27476 8521 907
8521 11206 907
11206 34740 907
34740 518 907
518 14388 907
14388 33022 907
33022 15379 907
15379 3533 907
3533 5083 907
5083 18908 907
18908 1103 907
1103 23023 907
23023 15618 907
15618 1390 907
1390 25132 907
25132 1574 907
1574 26273 907
26273 14087 907
14087 37329 907
37329 39311 907
39311 28604 907
28604 15607 907
15607 19447 907
19447 41085 907
41085 40368 907
40368 8755 907
8755 31153 907
31153 3598 907
3598 34265 907
34265 35584 907
35584 106 907
106 23789 907
23789 19882 907
19882 38960 907
38960 23809 907
23809 29218 907
29218 31358 907
31358 34523 907
34523 13736 907
13736 36771 907
36771 33391 907
33391 17820 907
17820 26439 907
26439 26505 907
26505 5353 907
5353 11675 907
11675 26154 907
26154 9061 907
9061 28370 907
28370 12515 907
12515 4221 907
4221 41036 907
41036 2891 907
2891 7047 907
7047 13565 907
13565 40072 907
40072 38446 907
38446 7431 907
7431 37817 907
37817 1606 907
1606 10843 907
10843 22855 907
22855 8833 907
8833 29436 907
29436 30917 907
30917 28568 907
28568 11964 907
11964 41199 907
41199 12149 907
12149 3183 907
3183 24135 907
24135 7906 907
7906 26420 907
26420 23191 907
23191 41913 907
41913 33729 907
33729 11541 907
11541 14480 907
14480 1742 907
1742 17890 907
17890 18172 907
18172 32526 907
32526 7835 907
7835 14498 907
14498 30519 907
30519 34382 907
34382 15721 907
15721 37991 907
37991 34011 907
34011 15578 907
15578 8795 907
8795 19005 907
19005 10429 907
10429 34829 907
34829 37029 907
37029 25030 907
25030 7059 907
7059 34581 907
34581 39588 907
39588 33383 907
33383 41713 907
41713 11710 907
11710 7562 907
7562 3417 907
3417 7487 907
7487 35223 907
35223 24634 907
24634 37305 907
37305 13451 907
13451 22543 907
22543 3863 907
3863 18309 907
18309 40264 907
40264 11410 907
11410 4267 907
4267 18615 907
18615 6598 907
6598 586 907
586 21209 907
21209 41200 907
41200 35065 907
35065 14085 907
14085 38568 907
38568 25380 907
25380 40879 907
40879 15099 907
15099 13333 907
13333 33865 907
33865 5482 907
5482 24422 907
24422 22818 907
22818 9871 907
9871 26996 907
26996 36653 907
36653 18922 907
18922 28663 907
28663 41609 907
41609 25752 907
25752 652 907
652 36669 907
36669 28400 907
28400 17186 907
17186 10475 907
10475 36285 907
36285 20613 907
20613 9657 907
9657 7344 907
7344 28268 907
28268 28909 907
28909 28891 907
28891 2121 907
2121 11001 907
11001 41686 907
41686 31699 907
31699 31284 907
31284 20916 907
20916 2884 907
2884 40186 907
40186 39985 907
39985 20342 907
20342 11933 907
11933 38391 907
38391 4117 907
4117 36378 907
36378 29650 907
29650 19696 907
19696 38160 907
38160 41208 907
41208 12506 907
12506 9108 907
9108 1567 907
1567 801 907
801 41488 907
41488 4414 907
4414 29076 907
29076 17431 907
17431 21159 907
21159 37701 907
37701 18199 907
18199 34574 907
34574 29151 907
29151 36762 907
36762 40103 907
40103 24800 907
24800 16872 907
16872 11581 907
11581 12691 907
12691 17260 907
17260 29001 907
29001 27023 907
27023 10214 907
10214 27444 907
27444 23170 907
23170 5013 907
5013 24169 907
24169 25317 907
25317 14865 907
14865 39257 907
39257 41508 907
41508 16789 907
16789 11243 907
11243 38355 907
38355 29387 907
29387 32802 907
32802 36558 907
36558 26061 907
26061 6517 907
6517 21944 907
21944 642 907
642 3168 907
3168 13856 907
13856 38168 907
38168 9288 907
9288 41483 907
41483 27738 907
27738 37421 907
37421 5620 907
5620 14813 907
14813 22166 907
22166 24173 907
24173 25099 907
25099 24735 907
24735 10602 907
10602 13504 907
13504 32975 907
32975 16024 907
16024 31017 907
31017 36736 907
36736 33338 907
33338 2514 907
2514 21616 907
21616 33846 907
33846 5405 907
5405 14482 907
14482 26714 907
26714 21146 907
21146 29219 907
29219 24715 907
24715 6752 907
6752 6234 907
6234 22671 907
22671 22996 907
22996 40247 907
40247 31569 907
31569 11444 907
11444 3218 907
3218 41118 907
41118 38931 907
38931 4601 907
4601 426 907
426 31393 907
31393 7246 907
7246 17331 907
17331 28774 907
28774 23832 907
23832 30185 907
30185 888 907
888 23882 907
23882 2920 907
2920 41675 907
41675 879 907
879 10871 907
10871 11207 907
11207 32437 907
32437 24640 907
24640 14376 907
14376 24162 907
24162 6786 907
6786 19108 907
19108 23162 907
23162 12589 907
12589 27891 907
27891 38577 907
38577 29143 907
29143 38897 907
38897 30709 907
30709 27054 907
27054 36270 907
36270 3423 907
3423 13478 907
13478 23506 907
23506 10435 907
10435 22333 907
22333 34845 907
34845 3477 907
3477 12552 907
12552 1471 907
1471 25159 907
25159 494 907
494 8225 907
8225 32177 907
32177 15756 907
15756 4251 907
4251 12334 907
12334 7693 907
7693 26252 907
26252 33768 907
33768 35921 907
35921 7437 907
7437 7008 907
7008 41023 907
41023 36886 907
36886 26412 907
26412 28723 907
28723 11569 907
11569 34129 907
34129 41854 907
41854 30230 907
30230 13404 907
13404 18657 907
18657 17526 907
17526 31804 907
31804 9429 907
9429 28163 907
28163 41314 907
41314 41307 907
41307 34025 907
34025 31081 907
31081 26631 907
26631 22107 907
22107 21618 907
21618 12169 907
12169 8129 907
8129 38981 907
38981 20357 907
20357 6626 907
6626 20047 907
20047 27210 907
27210 1793 907
1793 3787 907
3787 7564 907
7564 36273 907
36273 25766 907
25766 37644 907
37644 2036 907
2036 31713 907
31713 30027 907
30027 21034 907
21034 15506 907
15506 24411 907
24411 16410 907
16410 21078 907
21078 13596 907
13596 13334 907
13334 7200 907
7200 2048 907
2048 12762 907
12762 31055 907
31055 10086 907
10086 6245 907
6245 36030 907
36030 29859 907
29859 21313 907
21313 9756 907
9756 23316 907
23316 13134 907
13134 21349 907
21349 11895 907
11895 39433 907
39433 2632 907
2632 30874 907
30874 35891 907
35891 15542 907
15542 25252 907
25252 30482 907
30482 13094 907
13094 41105 907
41105 33042 907
33042 13920 907
13920 36923 907
36923 22299 907
22299 4278 907
4278 36071 907
36071 39340 907
39340 41959 907
41959 29574 907
29574 8998 907
8998 14444 907
14444 3967 907
3967 29890 907
29890 19162 907
19162 36122 907
36122 12556 907
12556 11299 907
11299 22497 907
22497 3078 907
3078 34116 907
34116 37936 907
37936 15580 907
15580 2002 907
2002 34606 907
34606 19981 907
19981 2185 907
2185 4515 907
4515 23707 907
23707 7502 907
7502 15045 907
15045 10377 907
10377 3024 907
3024 19452 907
19452 36070 907
36070 28142 907
28142 10042 907
10042 37164 907
37164 32849 907
32849 3424 907
3424 38105 907
38105 34983 907
34983 28310 907
28310 17070 907
17070 9950 907
9950 40089 907
40089 35185 907
35185 6799 907
6799 33143 907
33143 40238 907
40238 7815 907
7815 7327 907
7327 11150 907
11150 17924 907
17924 33661 907
33661 1203 907
1203 27290 907
27290 1226 907
1226 1912 907
1912 40585 907
40585 3571 907
3571 32512 907
32512 33100 907
33100 38574 907
38574 13035 907
13035 32919 907
32919 5734 907
5734 9432 907
9432 13702 907
13702 37586 907
37586 8563 907
8563 15197 907
15197 37099 907
37099 21706 907
21706 7461 907
7461 6326 907
6326 25664 907
25664 15240 907
15240 21858 907
21858 14667 907
14667 22011 907
22011 34420 907
34420 825 907
825 29545 907
29545 14105 907
14105 3732 907
3732 16116 907
16116 12754 907
12754 36080 907
36080 18927 907
18927 5278 907
5278 30049 907
30049 15823 907
15823 13109 907
13109 20268 907
20268 11823 907
11823 16882 907
16882 25145 907
25145 23663 907
23663 11991 907
11991 1852 907
1852 32174 907
32174 11804 907
11804 3260 907
3260 6534 907
6534 32881 907
32881 2097 907
2097 30567 907
30567 24876 907
24876 41834 907
41834 33794 907
33794 37109 907
37109 13272 907
13272 27788 907
27788 13273 907
13273 22662 907
22662 30490 907
30490 24487 907
24487 26110 907
26110 19835 907
19835 1250 907
1250 14744 907
14744 1997 907
1997 27374 907
27374 1254 907
1254 36503 907
36503 22347 907
22347 39067 907
39067 21555 907
21555 17762 907
17762 39264 907
39264 3314 907
3314 11492 907
11492 18844 907
18844 5101 907
5101 30713 907
30713 23504 907
23504 41330 907
41330 4454 907
4454 35315 907
35315 2323 907
2323 36364 907
36364 28182 907
28182 22445 907
22445 33577 907
33577 1667 907
1667 151 907
151 9840 907
9840 20014 907
20014 15027 907
15027 36179 907
36179 33097 907
33097 32714 907
32714 5488 907
5488 20839 907
20839 29127 907
29127 18599 907
18599 187 907
187 31644 907
31644 40855 907
40855 11108 907
11108 980 907
980 5555 907
5555 34654 907
34654 25585 907
25585 32546 907
32546 26125 907
26125 13968 907
13968 27971 907
27971 23577 907
23577 15624 907
15624 29428 907
29428 39996 907
39996 29460 907
29460 3813 907
3813 40043 907
40043 25001 907
25001 24000 907
24000 27952 907
27952 17976 907
17976 15995 907
15995 12410 907
12410 329 907
329 28076 907
28076 12348 907
12348 21697 907
21697 34839 907
34839 22403 907
22403 21175 907
21175 33065 907
33065 40690 907
40690 10273 907
10273 7061 907
7061 23480 907
23480 40208 907
40208 28549 907
28549 18788 907
18788 36288 907
36288 25612 907
25612 35994 907
35994 2245 907
2245 12130 907
12130 22956 907
22956 31993 907
31993 41225 907
41225 12746 907
12746 13843 907
13843 3213 907
3213 1878 907
1878 10241 907
10241 36224 907
36224 30424 907
30424 24176 907
24176 2093 907
2093 38265 907
38265 1825 907
1825 15862 907
15862 15643 907
15643 34919 907
34919 21780 907
21780 16696 907
16696 16407 907
16407 17933 907
17933 40789 907
40789 26251 907
26251 4996 907
4996 20671 907
20671 4032 907
4032 23601 907
23601 16240 907
16240 38686 907
38686 32845 907
32845 5524 907
5524 5773 907
5773 25060 907
25060 22721 907
22721 24483 907
24483 40059 907
40059 15804 907
15804 16660 907
16660 19296 907
19296 33479 907
33479 17636 907
17636 41060 907
41060 15210 907
15210 20126 907
20126 25559 907
25559 5038 907
5038 17926 907
17926 22866 907
22866 28945 907
28945 31303 907
31303 18141 907
18141 12784 907
12784 23007 907
23007 25553 907
25553 13579 907
13579 21528 907
21528 30614 907
30614 19486 907
19486 6920 907
6920 4935 907
4935 14840 907
14840 28788 907
28788 36029 907
36029 9948 907
9948 36935 907
36935 19241 907
19241 17656 907
17656 22747 907
22747 28662 907
28662 3454 907
3454 32159 907
32159 12167 907
12167 2735 907
2735 32926 907
32926 9397 907
9397 29791 907
29791 31367 907
31367 35767 907
35767 22533 907
22533 16315 907
16315 8147 907
8147 32194 907
32194 36009 907
36009 21687 907
21687 8355 907
8355 7419 907
7419 5366 907
5366 28593 907
28593 33419 907
33419 19295 907
19295 4855 907
4855 24979 907
24979 40826 907
40826 30633 907
30633 8268 907
8268 27242 907
27242 4148 907
4148 10278 907
10278 35154 907
35154 8586 907
8586 8591 907
8591 37865 907
37865 2187 907
2187 27170 907
27170 35495 907
35495 20183 907
20183 1073 907
1073 11678 907
11678 14834 907
14834 16168 907
16168 18510 907
18510 20844 907
20844 2997 907
2997 40018 907
40018 8044 907
8044 1817 907
1817 979 907
979 33959 907
33959 24894 907
24894 20180 907
20180 8623 907
8623 31509 907
31509 15043 907
15043 16722 907
16722 7374 907
7374 26421 907
26421 4048 907
4048 13283 907
13283 18256 907
18256 36768 907
36768 16098 907
16098 20315 907
20315 12608 907
12608 15697 907
15697 23062 907
23062 40563 907
40563 14606 907
14606 26405 907
26405 2816 907
2816 5578 907
5578 23682 907
23682 14236 907
14236 8656 907
8656 28415 907
28415 16780 907
16780 674 907
674 2170 907
2170 29090 907
29090 33416 907
33416 30156 907
30156 1056 907
1056 41251 907
41251 33584 907
33584 31204 907
31204 32854 907
32854 23726 907
23726 14126 907
14126 6126 907
6126 2 907
2 14454 907
14454 1055 907
1055 13942 907
13942 26376 907
26376 17841 907
17841 9971 907
9971 11947 907
11947 29359 907
29359 16888 907
16888 40663 907
40663 31752 907
31752 1696 907
1696 6119 907
6119 9954 907
9954 34483 907
34483 10347 907
10347 17504 907
17504 39117 907
39117 39809 907
39809 9881 907
9881 5235 907
5235 32047 907
32047 39725 907
39725 8701 907
8701 36279 907
36279 33225 907
33225 4640 907
4640 6261 907
6261 24351 907
24351 8556 907
8556 9569 907
9569 25698 907
25698 35949 907
35949 32865 907
32865 19041 907
19041 27909 907
27909 26253 907
26253 8590 907
8590 13927 907
13927 32001 907
32001 10178 907
10178 3689 907
3689 22610 907
22610 5579 907
5579 23977 907
23977 25746 907
25746 40295 907
40295 29450 907
29450 30819 907
30819 16053 907
16053 41174 907
41174 2223 907
2223 5274 907
5274 19261 907
19261 6600 907
6600 29400 907
29400 28220 907
28220 28012 907
28012 35978 907
35978 25903 907
25903 4569 907
4569 12675 907
12675 37173 907
37173 14302 907
14302 23089 907
23089 2195 907
2195 25008 907
25008 39417 907
39417 13342 907
13342 11094 907
11094 18400 907
18400 17413 907
17413 15241 907
15241 16659 907
16659 20777 907
20777 27026 907
27026 35271 907
35271 38722 907
38722 14114 907
14114 29180 907
29180 14317 907
14317 23439 907
23439 9415 907
9415 18653 907
18653 7759 907
7759 6743 907
6743 5302 907
5302 24498 907
24498 25178 907
25178 31320 907
31320 27739 907
27739 9490 907
9490 23042 907
23042 4131 907
4131 24085 907
24085 5781 907
5781 37679 907
37679 27192 907
27192 11502 907
11502 3272 907
3272 33385 907
33385 4126 907
4126 1128 907
1128 6197 907
6197 31825 907
31825 33486 907
33486 15132 907
15132 696 907
696 17110 907
17110 11362 907
11362 12158 907
12158 35955 907
35955 119 907
119 41378 907
41378 29595 907
29595 14971 907
14971 4611 907
4611 9560 907
9560 30896 907
30896 15380 907
15380 27022 907
27022 41629 907
41629 25947 907
25947 12075 907
12075 41336 907
41336 9909 907
9909 17278 907
17278 33410 907
33410 14039 907
14039 19709 907
19709 36078 907
36078 22944 907
22944 19717 907
19717 1012 907
1012 40601 907
40601 33743 907
33743 25249 907
25249 4013 907
4013 18178 907
18178 31024 907
31024 22775 907
22775 14069 907
14069 37904 907
37904 13221 907
13221 30707 907
30707 9667 907
9667 1516 907
1516 5230 907
5230 27670 907
27670 40443 907
40443 28768 907
28768 166 907
166 16219 907
16219 1421 907
1421 40701 907
40701 35529 907
35529 247 907
247 1 907
1 16665 907
16665 6875 907
6875 2328 907
2328 4716 907
4716 540 907
540 27995 907
27995 22239 907
22239 6542 907
6542 4060 907
4060 15581 907
15581 12699 907
12699 12620 907
12620 22170 907
22170 14973 907
14973 38571 907
38571 38041 907
38041 14024 907
14024 29817 907
29817 5289 907
5289 34548 907
34548 19995 907
19995 29204 907
29204 12467 907
12467 40869 907
40869 36742 907
36742 24197 907
24197 7970 907
7970 10134 907
10134 30768 907
30768 29311 907
29311 24393 907
24393 34873 907
34873 11212 907
11212 34828 907
34828 19998 907
19998 36846 907
36846 4727 907
4727 7440 907
7440 36442 907
36442 30916 907
30916 19866 907
19866 8718 907
8718 28614 907
28614 5715 907
5715 3420 907
3420 40328 907
40328 29256 907
29256 6587 907
6587 5888 907
5888 31108 907
31108 7677 907
7677 22849 907
22849 40823 907
40823 15964 907
15964 2794 907
2794 33619 907
33619 18267 907
18267 174 907
174 20305 907
20305 36158 907
36158 28629 907
28629 10046 907
10046 4557 907
4557 16337 907
16337 12544 907
12544 25753 907
25753 37585 907
37585 35601 907
35601 37731 907
37731 30072 907
30072 23333 907
23333 11364 907
11364 11215 907
11215 6474 907
6474 16064 907
16064 26118 907
26118 5633 907
5633 6700 907
6700 17644 907
17644 37197 907
37197 15766 907
15766 19082 907
19082 24382 907
24382 18013 907
18013 41432 907
41432 24764 907
24764 17760 907
17760 23071 907
23071 12313 907
12313 9379 907
9379 39472 907
39472 8931 907
8931 36010 907
36010 37925 907
37925 26382 907
26382 475 907
475 371 907
371 39571 907
39571 7369 907
7369 25354 907
25354 38414 907
38414 12037 907
12037 18608 907
18608 10272 907
10272 3670 907
3670 26580 907
26580 8893 907
8893 30518 907
30518 5313 907
5313 11577 907
11577 3200 907
3200 23198 907
23198 19068 907
19068 7096 907
7096 28724 907
28724 10798 907
10798 36387 907
36387 12146 907
12146 34034 907
34034 41755 907
41755 35830 907
35830 13147 907
13147 27591 907
27591 39827 907
39827 39522 907
39522 23860 907
23860 28476 907
28476 36944 907
36944 36776 907
36776 11228 907
11228 30622 907
30622 22872 907
22872 18223 907
18223 20560 907
20560 27598 907
27598 22511 907
22511 33695 907
33695 8746 907
8746 1480 907
1480 10518 907
10518 366 907
366 9364 907
9364 16010 907
16010 7669 907
7669 1559 907
1559 9149 907
9149 36530 907
36530 17854 907
17854 27247 907
27247 16377 907
16377 10523 907
10523 11164 907
11164 35720 907
35720 15836 907
15836 1373 907
1373 27774 907
27774 10910 907
10910 21514 907
21514 26399 907
26399 36227 907
36227 24283 907
24283 39788 907
39788 38690 907
38690 34490 907
34490 36737 907
36737 15884 907
15884 67 907
67 24912 907
24912 6601 907
6601 40614 907
40614 33496 907
33496 30702 907
30702 4966 907
4966 1388 907
1388 9209 907
9209 31171 907
31171 499 907
499 34338 907
34338 19256 907
19256 33236 907
33236 19577 907
19577 37765 907
37765 33138 907
33138 7634 907
7634 26632 907
26632 17229 907
17229 32024 907
32024 16662 907
16662 18005 907
18005 11706 907
11706 15467 907
15467 14645 907
14645 31391 907
31391 37773 907
37773 31656 907
31656 32200 907
32200 37963 907
37963 35784 907
35784 20478 907
20478 14102 907
14102 10055 907
10055 39806 907
39806 8607 907
8607 32541 907
32541 2025 907
2025 20754 907
20754 25784 907
25784 21116 907
21116 21109 907
21109 18083 907
18083 6597 907
6597 16144 907
16144 5611 907
5611 34687 907
34687 3788 907
3788 7515 907
7515 8568 907
8568 11437 907
11437 20894 907
20894 26380 907
26380 7036 907
7036 29475 907
29475 5904 907
5904 30715 907
30715 362 907
362 35555 907
35555 40931 907
40931 519 907
519 22092 907
22092 35775 907
35775 35638 907
35638 36528 907
36528 33853 907
33853 15102 907
15102 35954 907
35954 7825 907
7825 19349 907
19349 27618 907
27618 35547 907
35547 20558 907
20558 33532 907
33532 38597 907
38597 24827 907
24827 9733 907
9733 4343 907
4343 13311 907
13311 15563 907
15563 18498 907
18498 33512 907
33512 23158 907
23158 9994 907
9994 17173 907
17173 24103 907
24103 17960 907
17960 32308 907
32308 40428 907
40428 29339 907
29339 6199 907
6199 38442 907
38442 40688 907
40688 20331 907
20331 6971 907
6971 11165 907
11165 331 907
331 28346 907
28346 26591 907
26591 32777 907
32777 40645 907
40645 19993 907
19993 27847 907
27847 23570 907
23570 35708 907
35708 9937 907
9937 33635 907
33635 7370 907
7370 30077 907
30077 41698 907
41698 25539 907
25539 22897 907
22897 20573 907
20573 21908 907
21908 14610 907
14610 1619 907
1619 12008 907
12008 25449 907
25449 24368 907
24368 16021 907
16021 16133 907
16133 18262 907
18262 37171 907
37171 37886 907
37886 32140 907
32140 23524 907
23524 770 907
770 2421 907
2421 28746 907
28746 15273 907
15273 8491 907
8491 41185 907
41185 25858 907
25858 27557 907
27557 17193 907
17193 38428 907
38428 14289 907
14289 18461 907
18461 26861 907
26861 29784 907
29784 26314 907
26314 29685 907
29685 33013 907
33013 25422 907
25422 33466 907
33466 1363 907
1363 22562 907
22562 38099 907
38099 21482 907
21482 35630 907
35630 30858 907
30858 26669 907
26669 10748 907
10748 2975 907
2975 2205 907
2205 19854 907
19854 45 907
45 28958 907
28958 446 907
446 37290 907
37290 31830 907
31830 39166 907
39166 8798 907
8798 41711 907
41711 6812 907
6812 27986 907
27986 36571 907
36571 39841 907
39841 6902 907
6902 31262 907
31262 20378 907
20378 38246 907
38246 38333 907
38333 6490 907
6490 13982 907
13982 17067 907
17067 15425 907
15425 12464 907
12464 14400 907
14400 40416 907
40416 24947 907
24947 22808 907
22808 37890 907
37890 34947 907
34947 1104 907
1104 6400 907
6400 26753 907
26753 18455 907
18455 36897 907
36897 6641 907
6641 18592 907
18592 13316 907
13316 14141 907
14141 33420 907
33420 19216 907
19216 35967 907
35967 22113 907
22113 2680 907
2680 1236 907
1236 2267 907
2267 40384 907
40384 21275 907
21275 10385 907
10385 25193 907
25193 3053 907
3053 34603 907
34603 33253 907
33253 34969 907
34969 5067 907
5067 7843 907
7843 33306 907
33306 18482 907
18482 7879 907
7879 41397 907
41397 32907 907
32907 17706 907
17706 27855 907
27855 36095 907
36095 25067 907
25067 41431 907
41431 19003 907
19003 15326 907
15326 20436 907
20436 244 907
244 1393 907
1393 7053 907
7053 30406 907
30406 40549 907
40549 24718 907
24718 33980 907
33980 29969 907
29969 21594 907
21594 3182 907
3182 35575 907
35575 24823 907
24823 7045 907
7045 20647 907
20647 7405 907
7405 39329 907
39329 7661 907
7661 14573 907
14573 27288 907
27288 27803 907
27803 7830 907
7830 26046 907
26046 6426 907
6426 4219 907
4219 6580 907
6580 4890 907
4890 15388 907
15388 22098 907
22098 1903 907
1903 35693 907
35693 35142 907
35142 10186 907
10186 40657 907
40657 1917 907
1917 22487 907
22487 1404 907
1404 36970 907
36970 15039 907
15039 31738 907
31738 13981 907
13981 32704 907
32704 32582 907
32582 25617 907
25617 2089 907
2089 34799 907
34799 21457 907
21457 20848 907
20848 38425 907
38425 19806 907
19806 31854 907
31854 28028 907
28028 38914 907
38914 38439 907
38439 16403 907
16403 28155 907
28155 49 907
49 40227 907
40227 15669 907
15669 26555 907
26555 28823 907
28823 19605 907
19605 9111 907
9111 7997 907
7997 12031 907
12031 29766 907
29766 8636 907
8636 34180 907
34180 39552 907
39552 11372 907
11372 32892 907
32892 18307 907
18307 34717 907
34717 35771 907
35771 34467 907
34467 20869 907
20869 7887 907
7887 9159 907
9159 39479 907
39479 40182 907
40182 32438 907
32438 28707 907
28707 17738 907
17738 38494 907
38494 30390 907
30390 23969 907
23969 36248 907
36248 14781 907
14781 7826 907
7826 15717 907
15717 28666 907
28666 5326 907
5326 21548 907
21548 27219 907
27219 6611 907
6611 1650 907
1650 13559 907
13559 16050 907
16050 17975 907
17975 6790 907
6790 25135 907
25135 19076 907
19076 38970 907
38970 32416 907
32416 37741 907
37741 3139 907
3139 340 907
340 13905 907
13905 11779 907
11779 33366 907
33366 18871 907
18871 12210 907
12210 255 907
255 38133 907
38133 28422 907
28422 16800 907
16800 12237 907
12237 16275 907
16275 17001 907
17001 30868 907
30868 14281 907
14281 16083 907
16083 13222 907
13222 36491 907
36491 1267 907
1267 41193 907
41193 29225 907
29225 8277 907
8277 3596 907
3596 11092 907
11092 24493 907
24493 13519 907
13519 10806 907
10806 17842 907
17842 32116 907
32116 16742 907
16742 16839 907
16839 16622 907
16622 14347 907
14347 38298 907
38298 40554 907
40554 3431 907
3431 11808 907
11808 23912 907
23912 32196 907
32196 19751 907
19751 7282 907
7282 21920 907
21920 19255 907
19255 30467 907
30467 2972 907
2972 36624 907
36624 26214 907
26214 31372 907
31372 22449 907
22449 26188 907
26188 10935 907
10935 41337 907
41337 36416 907
36416 1701 907
1701 3997 907
3997 21640 907
21640 39478 907
39478 17112 907
17112 16522 907
16522 36797 907
36797 16332 907
16332 18926 907
18926 1867 907
1867 9514 907
9514 2168 907
2168 15272 907
15272 34926 907
34926 17609 907
17609 6016 907
6016 28510 907
28510 30041 907
30041 21474 907
21474 41818 907
41818 20968 907
20968 12569 907
12569 10083 907
10083 18625 907
18625 24284 907
24284 12936 907
12936 40994 907
40994 32402 907
32402 558 907
558 13352 907
13352 37199 907
37199 38743 907
38743 29980 907
29980 38321 907
38321 14619 907
14619 38315 907
38315 4369 907
4369 6548 907
6548 25629 907
25629 21927 907
21927 31848 907
31848 20904 907
20904 22508 907
22508 28166 907
28166 427 907
427 31079 907
31079 35194 907
35194 34476 907
34476 159 907
159 7638 907
7638 14656 907
14656 15015 907
15015 30480 907
30480 10164 907
10164 22921 907
22921 9895 907
9895 17651 907
17651 40959 907
40959 25498 907
25498 11130 907
11130 26009 907
26009 1006 907
1006 27780 907
27780 8431 907
8431 29048 907
29048 4325 907
4325 41866 907
41866 38653 907
38653 38896 907
38896 38060 907
38060 23204 907
23204 15680 907
15680 6635 907
6635 28408 907
28408 5921 907
5921 5116 907
5116 34496 907
34496 34252 907
34252 9792 907
9792 21875 907
21875 8349 907
8349 41912 907
41912 11270 907
11270 38673 907
38673 30381 907
30381 30378 907
30378 11994 907
11994 15714 907
15714 18422 907
18422 26901 907
26901 35088 907
35088 582 907
582 40854 907
40854 33406 907
33406 40744 907
40744 1312 907
1312 10419 907
10419 34957 907
34957 25871 907
25871 15710 907
15710 26481 907
26481 20561 907
20561 35616 907
35616 18992 907
18992 25284 907
25284 29259 907
29259 12005 907
12005 22075 907
22075 2700 907
2700 33873 907
33873 25605 907
25605 13163 907
13163 29592 907
29592 5723 907
5723 645 907
645 15400 907
15400 31227 907
31227 21219 907
21219 2976 907
2976 25352 907
25352 20127 907
20127 37939 907
37939 1238 907
1238 7601 907
7601 1111 907
1111 6680 907
6680 40056 907
40056 3907 907
3907 5573 907
5573 19627 907
19627 21335 907
21335 22134 907
22134 8447 907
8447 19444 907
19444 31696 907
31696 26518 907
26518 20179 907
20179 34635 907
34635 18421 907
18421 31836 907
31836 36181 907
36181 1358 907
1358 20641 907
20641 24126 907
24126 3132 907
3132 26333 907
26333 2602 907
2602 10424 907
10424 35595 907
35595 4057 907
4057 9541 907
9541 35520 907
35520 9103 907
9103 13046 907
13046 29320 907
29320 37111 907
37111 20285 907
20285 19333 907
19333 16180 907
16180 41396 907
41396 31934 907
31934 27528 907
27528 37737 907
37737 34526 907
34526 20225 907
20225 16097 907
16097 23035 907
23035 17222 907
17222 4327 907
4327 37844 907
37844 39943 907
39943 39537 907
39537 21188 907
21188 10926 907
10926 24838 907
24838 24769 907
24769 32766 907
32766 29305 907
29305 21837 907
21837 41013 907
41013 1497 907
1497 35749 907
35749 16698 907
16698 24784 907
24784 22574 907
22574 35707 907
35707 2099 907
2099 25186 907
25186 22743 907
22743 10665 907
10665 7014 907
7014 1083 907
1083 32316 907
32316 34288 907
34288 37843 907
37843 28411 907
28411 26328 907
26328 16617 907
16617 26513 907
26513 12288 907
12288 1570 907
1570 19923 907
19923 31034 907
31034 28506 907
28506 33302 907
33302 24080 907
24080 16107 907
16107 10897 907
10897 4169 907
4169 165 907
165 689 907
689 25536 907
25536 18792 907
18792 12298 907
12298 39396 907
39396 28515 907
28515 37545 907
37545 26480 907
26480 22135 907
22135 2282 907
2282 36979 907
36979 7399 907
7399 5432 907
5432 2236 907
2236 1694 907
1694 9412 907
9412 2480 907
2480 29808 907
29808 24293 907
24293 5553 907
5553 11209 907
11209 25161 907
25161 41697 907
41697 17439 907
17439 34488 907
34488 2652 907
2652 5802 907
5802 32226 907
32226 6810 907
6810 20660 907
20660 24256 907
24256 15540 907
15540 8692 907
8692 24642 907
24642 35064 907
35064 6863 907
6863 31895 907
31895 19740 907
19740 1655 907
1655 20929 907
20929 29334 907
29334 19762 907
19762 5374 907
5374 5847 907
5847 13995 907
13995 35714 907
35714 18680 907
18680 35178 907
35178 36026 907
36026 1265 907
1265 22797 907
22797 5422 907
5422 31778 907
31778 7104 907
7104 28567 907
28567 10727 907
10727 15634 907
15634 28170 907
28170 41790 907
41790 36804 907
36804 32182 907
32182 39503 907
39503 18179 907
18179 23536 907
23536 32809 907
32809 28082 907
28082 32298 907
32298 38870 907
38870 32143 907
32143 39872 907
39872 32567 907
32567 10932 907
10932 12116 907
12116 40780 907
40780 33388 907
33388 2905 907
2905 20587 907
20587 11486 907
11486 19222 907
19222 10280 907
10280 29754 907
29754 33259 907
33259 4280 907
4280 1992 907
1992 9610 907
9610 7718 907
7718 7325 907
7325 39954 907
39954 17424 907
17424 6568 907
6568 21864 907
21864 34579 907
34579 40867 907
40867 19686 907
19686 22368 907
22368 6614 907
6614 3202 907
3202 24209 907
24209 30986 907
30986 26457 907
26457 2721 907
2721 33116 907
33116 39663 907
39663 7151 907
7151 27693 907
27693 25013 907
25013 172 907
172 5129 907
5129 41364 907
41364 18790 907
18790 15969 907
15969 29407 907
29407 13851 907
13851 41727 907
41727 7687 907
7687 31527 907
31527 16013 907
16013 5798 907
5798 37246 907
37246 16631 907
16631 24078 907
24078 26847 907
26847 4929 907
4929 20705 907
20705 24066 907
24066 28084 907
28084 37875 907
37875 5779 907
5779 27686 907
27686 16731 907
16731 9247 907
9247 20492 907
20492 17296 907
17296 19184 907
19184 9833 907
9833 24230 907
24230 35113 907
35113 4676 907
4676 15575 907
15575 31444 907
31444 12041 907
12041 26047 907
26047 22242 907
22242 31129 907
31129 33573 907
33573 35713 907
35713 41904 907
41904 40594 907
40594 4523 907
4523 8158 907
8158 16060 907
16060 3169 907
3169 9234 907
9234 41769 907
41769 13095 907
13095 2122 907
2122 3363 907
3363 7806 907
7806 19919 907
19919 27577 907
27577 1763 907
1763 30523 907
30523 10096 907
10096 5601 907
5601 1783 907
1783 33293 907
33293 15925 907
15925 31286 907
31286 39016 907
39016 37666 907
37666 5685 907
5685 1523 907
1523 3567 907
3567 40992 907
40992 27164 907
27164 4416 907
4416 30162 907
30162 26220 907
26220 31037 907
31037 18562 907
18562 40355 907
40355 9548 907
9548 34907 907
34907 7954 907
7954 21123 907
21123 29644 907
29644 41089 907
41089 12257 907
12257 40989 907
40989 5096 907
5096 16324 907
16324 32770 907
32770 40377 907
40377 16453 907
16453 28964 907
28964 7666 907
7666 17265 907
17265 20540 907
20540 23920 907
23920 32069 907
32069 10410 907
10410 36055 907
36055 18535 907
18535 25723 907
25723 41460 907
41460 4436 907
4436 9053 907
9053 8358 907
8358 39316 907
39316 13814 907
13814 5408 907
5408 13395 907
13395 27853 907
27853 13185 907
13185 25238 907
25238 20299 907
20299 36799 907
36799 24068 907
24068 3426 907
3426 41565 907
41565 27136 907
27136 18339 907
18339 4530 907
4530 5262 907
5262 26165 907
26165 12369 907
12369 41168 907
41168 15010 907
15010 22140 907
22140 23371 907
23371 18153 907
18153 31581 907
31581 2321 907
2321 25189 907
25189 35691 907
35691 2612 907
2612 33836 907
33836 24481 907
24481 34205 907
34205 15612 907
15612 39598 907
39598 19109 907
19109 3365 907
3365 23020 907
23020 24711 907
24711 12633 907
12633 27038 907
27038 10101 907
10101 25679 907
25679 35294 907
35294 10975 907
10975 22314 907
22314 34243 907
34243 38605 907
38605 41448 907
41448 39464 907
39464 13503 907
13503 10737 907
10737 1705 907
1705 20963 907
20963 11904 907
11904 17796 907
17796 9250 907
9250 35211 907
35211 14495 907
14495 13822 907
13822 9404 907
9404 27438 907
27438 15182 907
15182 16197 907
16197 15525 907
15525 17741 907
17741 25811 907
25811 19181 907
19181 18240 907
18240 14918 907
14918 29639 907
29639 34505 907
34505 28960 907
28960 28557 907
28557 32327 907
32327 5111 907
5111 40936 907
40936 28119 907
28119 3492 907
3492 36622 907
36622 35498 907
35498 9835 907
9835 22395 907
22395 20012 907
20012 12229 907
12229 29566 907
29566 35678 907
35678 30382 907
30382 22854 907
22854 37074 907
37074 24897 907
24897 16498 907
16498 41799 907
41799 17648 907
17648 2900 907
2900 21900 907
21900 7403 907
7403 29916 907
29916 15651 907
15651 18336 907
18336 24855 907
24855 6300 907
6300 38999 907
38999 30862 907
30862 17206 907
17206 3797 907
3797 40969 907
40969 26780 907
26780 34762 907
34762 41893 907
41893 39315 907
39315 31845 907
31845 38611 907
38611 5683 907
5683 34534 907
34534 1341 907
1341 35313 907
35313 25311 907
25311 39878 907
39878 13012 907
13012 919 907
919 17220 907
17220 24023 907
24023 11743 907
11743 4672 907
4672 39091 907
39091 19829 907
19829 2921 907
2921 39843 907
39843 8620 907
8620 30544 907
30544 11389 907
11389 6079 907
6079 12842 907
12842 27231 907
27231 29853 907
29853 35262 907
35262 21950 907
21950 11445 907
11445 15489 907
15489 31878 907
31878 1975 907
1975 31022 907
31022 15869 907
15869 20452 907
20452 29875 907
29875 40850 907
40850 6486 907
6486 36061 907
36061 36678 907
36678 26199 907
26199 17672 907
17672 3473 907
3473 13696 907
13696 27449 907
27449 1996 907
1996 27270 907
27270 4738 907
4738 20437 907
20437 41975 907
41975 19699 907
19699 27088 907
27088 26825 907
26825 268 907
268 17616 907
17616 6533 907
6533 36162 907
36162 6629 907
6629 12205 907
12205 17272 907
17272 41825 907
41825 27940 907
27940 25748 907
25748 28376 907
28376 17702 907
17702 605 907
605 41304 907
41304 21691 907
21691 24743 907
24743 34019 907
34019 34292 907
34292 9197 907
9197 37863 907
37863 5622 907
5622 6832 907
6832 32172 907
32172 14704 907
14704 31508 907
31508 6442 907
6442 20718 907
20718 4630 907
4630 27236 907
27236 24666 907
24666 10058 907
10058 37494 907
37494 10496 907
10496 56 907
56 25866 907
25866 36315 907
36315 31178 907
31178 32080 907
32080 41772 907
41772 22570 907
22570 34261 907
34261 20875 907
20875 27441 907
27441 29800 907
29800 9008 907
9008 18723 907
18723 4997 907
4997 38641 907
38641 8925 907
8925 32147 907
32147 36498 907
36498 28101 907
28101 12713 907
12713 33376 907
33376 36436 907
36436 37995 907
37995 38008 907
38008 13122 907
13122 30926 907
30926 4931 907
4931 10529 907
10529 18703 907
18703 34346 907
34346 12137 907
12137 34131 907
34131 31595 907
31595 2964 907
2964 35614 907
35614 36263 907
36263 27834 907
27834 38268 907
38268 3292 907
3292 34755 907
34755 4170 907
4170 25952 907
25952 9262 907
9262 40831 907
40831 16741 907
16741 36084 907
36084 20491 907
20491 37090 907
37090 24586 907
24586 349 907
349 38285 907
38285 24953 907
24953 16015 907
16015 11777 907
11777 37122 907
37122 25440 907
25440 24219 907
24219 31361 907
31361 22323 907
22323 35471 907
35471 27962 907
27962 20683 907
20683 13045 907
13045 26103 907
26103 14277 907
14277 40081 907
40081 13593 907
13593 25250 907
25250 6402 907
6402 32078 907
32078 2430 907
2430 716 907
716 225 907
225 4083 907
4083 31896 907
31896 24672 907
24672 9604 907
9604 37026 907
37026 21497 907
21497 8531 907
8531 41585 907
41585 21585 907
21585 3055 907
3055 2254 907
2254 8564 907
8564 21939 907
21939 21815 907
21815 13965 907
13965 31759 907
31759 35822 907
35822 24358 907
24358 18619 907
18619 37432 907
37432 3803 907
3803 3928 907
3928 38699 907
38699 5128 907
5128 14721 907
14721 6527 907
6527 6032 907
6032 38892 907
38892 28278 907
28278 315 907
315 32728 907
32728 11398 907
11398 32606 907
32606 829 907
829 35559 907
35559 24386 907
24386 23351 907
23351 32678 907
32678 12926 907
12926 1568 907
1568 40715 907
40715 22681 907
22681 8967 907
8967 24709 907
24709 26022 907
26022 39150 907
39150 7376 907
7376 32669 907
32669 28320 907
28320 12225 907
12225 24094 907
24094 23366 907
23366 27147 907
27147 11670 907
11670 6655 907
6655 24583 907
24583 35829 907
35829 20832 907
20832 16127 907
16127 3036 907
3036 14351 907
14351 14371 907
14371 6468 907
6468 24844 907
24844 21088 907
21088 26018 907
26018 39291 907
39291 6717 907
6717 2815 907
2815 24680 907
24680 22192 907
22192 8554 907
8554 1329 907
1329 23378 907
23378 27384 907
27384 32252 907
32252 18626 907
18626 38400 907
38400 29373 907
29373 16162 907
16162 4980 907
4980 21225 907
21225 14013 907
14013 9776 907
9776 24474 907
24474 36920 907
36920 22217 907
22217 16562 907
16562 7636 907
7636 8957 907
8957 37066 907
37066 35696 907
35696 21347 907
21347 3591 907
3591 34545 907
34545 5952 907
5952 5021 907
5021 16773 907
16773 17235 907
17235 31520 907
31520 40016 907
40016 23428 907
23428 19086 907
19086 8821 907
8821 33320 907
33320 11832 907
11832 10004 907
10004 2925 907
2925 19427 907
19427 40924 907
40924 9079 907
9079 13340 907
13340 29004 907
29004 13181 907
13181 7620 907
7620 20328 907
20328 11240 907
11240 7206 907
7206 17016 907
17016 31273 907
31273 4919 907
4919 23805 907
23805 38068 907
38068 41648 907
41648 8646 907
8646 18869 907
18869 22720 907
22720 2723 907
2723 24805 907
24805 849 907
849 15036 907
15036 41387 907
41387 2938 907
2938 10863 907
10863 33672 907
33672 28853 907
28853 41936 907
41936 18654 907
18654 32007 907
32007 10371 907
10371 20148 907
20148 41121 907
41121 31167 907
31167 38101 907
38101 3638 907
3638 22926 907
22926 20799 907
20799 8468 907
8468 1017 907
1017 10591 907
10591 37596 907
37596 5370 907
5370 37379 907
37379 29020 907
29020 2204 907
2204 11311 907
11311 39977 907
39977 41403 907
41403 20624 907
20624 20888 907
20888 33917 907
33917 10200 907
10200 37183 907
37183 10642 907
10642 11458 907
11458 25834 907
25834 30975 907
30975 15858 907
15858 36951 907
36951 22232 907
22232 12241 907
12241 22231 907
22231 26855 907
26855 37552 907
37552 26651 907
26651 29360 907
29360 40437 907
40437 7459 907
7459 32991 907
32991 5918 907
5918 40401 907
40401 31501 907
31501 11961 907
11961 29186 907
29186 7244 907
7244 31750 907
31750 9934 907
9934 17867 907
17867 23458 907
23458 40998 907
40998 2448 907
2448 37960 907
37960 40888 907
40888 1653 907
1653 16514 907
16514 39178 907
39178 39957 907
39957 39171 907
39171 7154 907
7154 16525 907
16525 16816 907
16816 34028 907
34028 805 907
805 3814 907
3814 22622 907
22622 7143 907
7143 22102 907
22102 11907 907
11907 41157 907
41157 1510 907
1510 7590 907
7590 37685 907
37685 37427 907
37427 15445 907
15445 38138 907
38138 22179 907
22179 37898 907
37898 12904 907
12904 20448 907
20448 27512 907
27512 3474 907
3474 36606 907
36606 8735 907
8735 1692 907
1692 17477 907
17477 12053 907
12053 34774 907
34774 15208 907
15208 3345 907
3345 16523 907
16523 30302 907
30302 35570 907
35570 8266 907
8266 38647 907
38647 17973 907
17973 34102 907
34102 8155 907
8155 14142 907
14142 6221 907
6221 18767 907
18767 39812 907
39812 41468 907
41468 17140 907
17140 22510 907
22510 8087 907
8087 41644 907
41644 7812 907
7812 14794 907
14794 30856 907
30856 32987 907
32987 6509 907
6509 19242 907
19242 13919 907
13919 9041 907
9041 36230 907
36230 7124 907
7124 39906 907
39906 30187 907
30187 9788 907
9788 41916 907
41916 23317 907
23317 37680 907
37680 25274 907
25274 1094 907
1094 18720 907
18720 17007 907
17007 37478 907
37478 31054 907
31054 10925 907
10925 36698 907
36698 1669 907
1669 26664 907
26664 38130 907
38130 12310 907
12310 24089 907
24089 16253 907
16253 33688 907
33688 40142 907
40142 41589 907
41589 16048 907
16048 6056 907
6056 23641 907
23641 34863 907
34863 28049 907
28049 498 907
498 20712 907
20712 7975 907
7975 14088 907
14088 9757 907
9757 35190 907
35190 26057 907
26057 15412 907
15412 27844 907
27844 12309 907
12309 35773 907
35773 41388 907
41388 37815 907
37815 25127 907
25127 410 907
410 20853 907
20853 20665 907
20665 38466 907
38466 12390 907
12390 35093 907
35093 32950 907
32950 28106 907
28106 36352 907
36352 29835 907
29835 32340 907
32340 19693 907
19693 26981 907
26981 6631 907
6631 5288 907
5288 41241 907
41241 40605 907
40605 38071 907
38071 28108 907
28108 30822 907
30822 41817 907
41817 31717 907
31717 39832 907
39832 37337 907
37337 1545 907
1545 21212 907
21212 33371 907
33371 5076 907
5076 20370 907
20370 27279 907
27279 13245 907
13245 25661 907
25661 30603 907
30603 35507 907
35507 5675 907
5675 9370 907
9370 33631 907
33631 21214 907
21214 16043 907
16043 30129 907
30129 28034 907
28034 29909 907
29909 41833 907
41833 41197 907
41197 18276 907
18276 9791 907
9791 16327 907
16327 12917 907
12917 33550 907
33550 26495 907
26495 26497 907
26497 12414 907
12414 14797 907
14797 1416 907
1416 7038 907
7038 3793 907
3793 10912 907
10912 40229 907
40229 8708 907
8708 20431 907
20431 13354 907
13354 27541 907
27541 2301 907
2301 36957 907
36957 40840 907
40840 11222 907
11222 35950 907
35950 37419 907
37419 37652 907
37652 16934 907
16934 10185 907
10185 31390 907
31390 41928 907
41928 36264 907
36264 28123 907
28123 30515 907
30515 16290 907
16290 23651 907
23651 33775 907
33775 3716 907
3716 24496 907
24496 18209 907
18209 32771 907
32771 23940 907
23940 38600 907
38600 25636 907
25636 36362 907
36362 34627 907
34627 19568 907
19568 368 907
368 17501 907
17501 29187 907
29187 10532 907
10532 27831 907
27831 11909 907
11909 40699 907
40699 26875 907
26875 29552 907
29552 3702 907
3702 39982 907
39982 27320 907
27320 15004 907
15004 3968 907
3968 21332 907
21332 21711 907
21711 18768 907
18768 2103 907
2103 24117 907
24117 41449 907
41449 1474 907
1474 3650 907
3650 33334 907
33334 32285 907
32285 14992 907
14992 34216 907
34216 10366 907
10366 4878 907
4878 18122 907
18122 9515 907
9515 22544 907
22544 21409 907
21409 29280 907
29280 3720 907
3720 12078 907
12078 8927 907
8927 21333 907
21333 9371 907
9371 26385 907
26385 2112 907
2112 1792 907
1792 19851 907
19851 32661 907
32661 28007 907
28007 22331 907
22331 5211 907
5211 21722 907
21722 30837 907
30837 29405 907
29405 22585 907
22585 18583 907
18583 28077 907
28077 10206 907
10206 28583 907
28583 40358 907
40358 28243 907
28243 5951 907
5951 4194 907
4194 24653 907
24653 15160 907
15160 6118 907
6118 7573 907
7573 2714 907
2714 36525 907
36525 966 907
966 40708 907
40708 38139 907
38139 33951 907
33951 32133 907
32133 40412 907
40412 29618 907
29618 33876 907
33876 20024 907
20024 1369 907
1369 17584 907
17584 21204 907
21204 1602 907
1602 41079 907
41079 26123 907
26123 424 907
424 15999 907
15999 16347 907
16347 27918 907
27918 13617 907
13617 12627 907
12627 4296 907
4296 20261 907
20261 11174 907
11174 7749 907
7749 15791 907
15791 15112 907
15112 20577 907
20577 13841 907
13841 29854 907
29854 29274 907
29274 23171 907
23171 38857 907
38857 32997 907
32997 20925 907
20925 7222 907
7222 28056 907
28056 32848 907
32848 10501 907
10501 10537 907
10537 13881 907
13881 18389 907
18389 3004 907
3004 37622 907
37622 25560 907
25560 27922 907
27922 32765 907
32765 37612 907
37612 15523 907
15523 20287 907
20287 41637 907
41637 8152 907
8152 10352 907
10352 30665 907
30665 41156 907
41156 20049 907
20049 16229 907
16229 37738 907
37738 41286 907
41286 10516 907
10516 23793 907
23793 14572 907
14572 41873 907
41873 13993 907
13993 24014 907
24014 3950 907
3950 23508 907
23508 7115 907
7115 11926 907
11926 37345 907
37345 11236 907
11236 24558 907
24558 30034 907
30034 32507 907
32507 4181 907
4181 30215 907
30215 41685 907
41685 9002 907
9002 39238 907
39238 35617 907
35617 5562 907
5562 6802 907
6802 1861 907
1861 30746 907
30746 14944 907
14944 27721 907
27721 41129 907
41129 4650 907
4650 38838 907
38838 7937 907
7937 14850 907
14850 12007 907
12007 5920 907
5920 22635 907
22635 4364 907
4364 6173 907
6173 38813 907
38813 20098 907
20098 16895 907
16895 34830 907
34830 30295 907
30295 31203 907
31203 24751 907
24751 17573 907
17573 22704 907
22704 41986 907
41986 14101 907
14101 16527 907
16527 25515 907
25515 3697 907
3697 2586 907
2586 27150 907
27150 6175 907
6175 21456 907
21456 22628 907
22628 22676 907
22676 31833 907
31833 31991 907
31991 9634 907
9634 30344 907
30344 39322 907
39322 5806 907
5806 27184 907
27184 10972 907
10972 27521 907
27521 22706 907
22706 5769 907
5769 41053 907
41053 41607 907
41607 17910 907
17910 32589 907
32589 14305 907
14305 24744 907
24744 26303 907
26303 12906 907
12906 5529 907
5529 3645 907
3645 25792 907
25792 16244 907
16244 36003 907
36003 41656 907
41656 16605 907
16605 24356 907
24356 21496 907
21496 32497 907
32497 10616 907
10616 3347 907
3347 10174 907
10174 10668 907
10668 20729 907
20729 8769 907
8769 28694 907
28694 28432 907
28432 6845 907
6845 36088 907
36088 8101 907
8101 13734 907
13734 33680 907
33680 29657 907
29657 41944 907
41944 12472 907
12472 37397 907
37397 24371 907
24371 5710 907
5710 31040 907
31040 2851 907
2851 9936 907
9936 6157 907
6157 12928 907
12928 3449 907
3449 33993 907
33993 21685 907
21685 20083 907
20083 28589 907
28589 4386 907
4386 17613 907
17613 4285 907
4285 29039 907
29039 15356 907
15356 10172 907
10172 40665 907
40665 38552 907
38552 41752 907
41752 28655 907
28655 33222 907
33222 28256 907
28256 1500 907
1500 9685 907
9685 20071 907
20071 16070 907
16070 34390 907
34390 5760 907
5760 10772 907
10772 37986 907
37986 35468 907
35468 30937 907
30937 3408 907
3408 19310 907
19310 12376 907
12376 35224 907
35224 41952 907
41952 1643 907
1643 15174 907
15174 11536 907
11536 7260 907
7260 13722 907
13722 15931 907
15931 3042 907
3042 11737 907
11737 34445 907
34445 17896 907
17896 3668 907
3668 10265 907
10265 26613 907
26613 36936 907
36936 964 907
964 7337 907
7337 30669 907
30669 21166 907
21166 26019 907
26019 35451 907
35451 35079 907
35079 25463 907
25463 28053 907
28053 21468 907
21468 12066 907
12066 32544 907
32544 30023 907
30023 33606 907
33606 11495 907
11495 29031 907
29031 36959 907
36959 40181 907
40181 12707 907
12707 38165 907
38165 37449 907
37449 19467 907
19467 1524 907
1524 5127 907
5127 28304 907
28304 35675 907
35675 19914 907
19914 40729 907
40729 18039 907
18039 13556 907
13556 17819 907
17819 16409 907
16409 38146 907
38146 2885 907
2885 33284 907
33284 27109 907
27109 6227 907
6227 5181 907
5181 30067 907
30067 15622 907
15622 24574 907
24574 550 907
550 30609 907
30609 35147 907
35147 29689 907
29689 6778 907
6778 12441 907
12441 30794 907
30794 1207 907
1207 15301 907
15301 3278 907
3278 23362 907
23362 25426 907
25426 41146 907
41146 16160 907
16160 6017 907
6017 36353 907
36353 3547 907
3547 25734 907
25734 5679 907
5679 6783 907
6783 5600 907
5600 11858 907
11858 5865 907
5865 29150 907
29150 24798 907
24798 25737 907
25737 7413 907
7413 8264 907
8264 41234 907
41234 19939 907
19939 41757 907
41757 32843 907
32843 21768 907
21768 7150 907
7150 14012 907
14012 853 907
853 29602 907
29602 36843 907
36843 34658 907
34658 25068 907
25068 8111 907
8111 21142 907
21142 11893 907
11893 1279 907
1279 41386 907
41386 26340 907
26340 34921 907
34921 13530 907
13530 25822 907
25822 7672 907
7672 26142 907
26142 27717 907
27717 15562 907
15562 31544 907
31544 13726 907
13726 40703 907
40703 26709 907
26709 10010 907
10010 35231 907
35231 13677 907
13677 33854 907
33854 18024 907
18024 13108 907
13108 22655 907
22655 32020 907
32020 33559 907
33559 20595 907
20595 22049 907
22049 16510 907
16510 19425 907
19425 6302 907
6302 29372 907
29372 30854 907
30854 12855 907
12855 13664 907
13664 2208 907
2208 15648 907
15648 36341 907
36341 33360 907
33360 9664 907
9664 3104 907
3104 22016 907
22016 25104 907
25104 36307 907
36307 8389 907
8389 5453 907
5453 20866 907
20866 9535 907
9535 36316 907
36316 23694 907
23694 3706 907
3706 34979 907
34979 2231 907
2231 36132 907
36132 31779 907
31779 26779 907
26779 21247 907
21247 32246 907
32246 36981 907
36981 7540 907
7540 6997 907
6997 36484 907
36484 26117 907
26117 13867 907
13867 37833 907
37833 23856 907
23856 16272 907
16272 31521 907
31521 25622 907
25622 37221 907
37221 38563 907
38563 4984 907
4984 728 907
728 36779 907
36779 14553 907
14553 22341 907
22341 41502 907
41502 22472 907
22472 37286 907
37286 40837 907
40837 8482 907
8482 13804 907
13804 24981 907
24981 28125 907
28125 29068 907
29068 34835 907
34835 10121 907
10121 5324 907
5324 35240 907
35240 34640 907
34640 16938 907
16938 4827 907
4827 20753 907
20753 8242 907
8242 34230 907
34230 16843 907
16843 10644 907
10644 267 907
267 24074 907
24074 14895 907
14895 30433 907
30433 18628 907
18628 1038 907
1038 8173 907
8173 29565 907
29565 31749 907
31749 14513 907
14513 5431 907
5431 33330 907
33330 30011 907
30011 24637 907
24637 22646 907
22646 4006 907
4006 25465 907
25465 34586 907
34586 39422 907
39422 26112 907
26112 14131 907
14131 26777 907
26777 38483 907
38483 20125 907
20125 11714 907
11714 15752 907
15752 4489 907
4489 14700 907
14700 9343 907
9343 39563 907
39563 1394 907
1394 32008 907
32008 4463 907
4463 28539 907
28539 26138 907
26138 11399 907
11399 5537 907
5537 19472 907
19472 29486 907
29486 37576 907
37576 12854 907
12854 3047 907
3047 22902 907
22902 7798 907
7798 22057 907
22057 38585 907
38585 34136 907
34136 37285 907
37285 6064 907
6064 32857 907
32857 36462 907
36462 797 907
797 32886 907
32886 27782 907
27782 18974 907
18974 34245 907
34245 25136 907
25136 5647 907
5647 2426 907
2426 38046 907
38046 4503 907
4503 17574 907
17574 2788 907
2788 33938 907
33938 4790 907
4790 29578 907
29578 4041 907
4041 36948 907
36948 32330 907
32330 36574 907
36574 24734 907
24734 26545 907
26545 20898 907
20898 41306 907
41306 35393 907
35393 93 907
93 23733 907
23733 38155 907
38155 27592 907
27592 2549 907
2549 28752 907
28752 931 907
931 27551 907
27551 4316 907
4316 31819 907
31819 35038 907
35038 17033 907
17033 7234 907
7234 23456 907
23456 35787 907
35787 1795 907
1795 5700 907
5700 32814 907
32814 22752 907
22752 37212 907
37212 12070 907
12070 16735 907
16735 24460 907
24460 17721 907
17721 23608 907
23608 31308 907
31308 7857 907
7857 12798 907
12798 1231 907
1231 38073 907
38073 1433 907
1433 41536 907
41536 11058 907
11058 39332 907
39332 30631 907
30631 24274 907
24274 419 907
419 36215 907
36215 40217 907
40217 21196 907
21196 23828 907
23828 29981 907
29981 26095 907
26095 18200 907
18200 39201 907
39201 35613 907
35613 17363 907
17363 4953 907
4953 8858 907
8858 22501 907
22501 17438 907
17438 36347 907
36347 1579 907
1579 12373 907
12373 28395 907
28395 28444 907
28444 277 907
277 2116 907
2116 41898 907
41898 9732 907
9732 18803 907
18803 30941 907
30941 37635 907
37635 3152 907
3152 41262 907
41262 26299 907
26299 22836 907
22836 37441 907
37441 39254 907
39254 10211 907
10211 8449 907
8449 9819 907
9819 20534 907
20534 485 907
485 14414 907
14414 11067 907
11067 32074 907
32074 13271 907
13271 40534 907
40534 31199 907
31199 39641 907
39641 38415 907
38415 41726 907
41726 8056 907
8056 18021 907
18021 28176 907
28176 15843 907
15843 10210 907
10210 9503 907
9503 20688 907
20688 27489 907
27489 1481 907
1481 28511 907
28511 5481 907
5481 3633 907
3633 6591 907
6591 2577 907
2577 10778 907
10778 12148 907
12148 33724 907
33724 26626 907
26626 20459 907
20459 36962 907
36962 27293 907
27293 31865 907
31865 15835 907
15835 30333 907
30333 24174 907
24174 18722 907
18722 10325 907
10325 3414 907
3414 40085 907
40085 8394 907
8394 314 907
314 25662 907
25662 34307 907
34307 18555 907
18555 24638 907
24638 14571 907
14571 31548 907
31548 7941 907
7941 1887 907
1887 5064 907
5064 18881 907
18881 39485 907
39485 3762 907
3762 33827 907
33827 37179 907
37179 37957 907
37957 31839 907
31839 30303 907
30303 7833 907
7833 38767 907
38767 19190 907
19190 32896 907
32896 33082 907
33082 6394 907
6394 13516 907
13516 38795 907
38795 34906 907
34906 33778 907
33778 11960 907
11960 19046 907
19046 30386 907
30386 10791 907
10791 3872 907
3872 34027 907
34027 11839 907
11839 27189 907
27189 10330 907
10330 4096 907
4096 30052 907
30052 6005 907
6005 26840 907
26840 33857 907
33857 26982 907
26982 13890 907
13890 6391 907
6391 13871 907
13871 14993 907
14993 17705 907
17705 16075 907
16075 6556 907
6556 8917 907
8917 26882 907
26882 37409 907
37409 36659 907
36659 34334 907
34334 28398 907
28398 27589 907
27589 9296 907
9296 27898 907
27898 23919 907
23919 34280 907
34280 37452 907
37452 23603 907
23603 36218 907
36218 29542 907
29542 2819 907
2819 21115 907
21115 34726 907
34726 5426 907
5426 7680 907
7680 39366 907
39366 26479 907
26479 1752 907
1752 4015 907
4015 3089 907
3089 19551 907
19551 26028 907
26028 1882 907
1882 7517 907
7517 5009 907
5009 6912 907
6912 22670 907
22670 20721 907
20721 40359 907
40359 11235 907
11235 35903 907
35903 23954 907
23954 34800 907
34800 25344 907
25344 28386 907
28386 9924 907
9924 23147 907
23147 4494 907
4494 29196 907
29196 41905 907
41905 10504 907
10504 26600 907
26600 3734 907
3734 40283 907
40283 64 907
64 20734 907
20734 32545 907
32545 18919 907
18919 22604 907
22604 14183 907
14183 41587 907
41587 40380 907
40380 11102 907
11102 6603 907
6603 3652 907
3652 31671 907
31671 791 907
791 18121 907
18121 17832 907
17832 20119 907
20119 31963 907
31963 2471 907
2471 37605 907
37605 35566 907
35566 8213 907
8213 39233 907
39233 20371 907
20371 19488 907
19488 9233 907
9233 27267 907
27267 38085 907
38085 12667 907
12667 17312 907
17312 28708 907
28708 766 907
766 6489 907
6489 20304 907
20304 21701 907
21701 24920 907
24920 18109 907
18109 11955 907
11955 13866 907
13866 8093 907
8093 22245 907
22245 8616 907
8616 41845 907
41845 16099 907
16099 10157 907
10157 41406 907
41406 28581 907
28581 40827 907
40827 33611 907
33611 19646 907
19646 38448 907
38448 19642 907
19642 7395 907
7395 2242 907
2242 432 907
432 15582 907
15582 35488 907
35488 31736 907
31736 23261 907
23261 33046 907
33046 35890 907
35890 37240 907
37240 3015 907
3015 22943 907
22943 41480 907
41480 39558 907
39558 10815 907
10815 38018 907
38018 9014 907
9014 35017 907
35017 8973 907
8973 25938 907
25938 1011 907
1011 21524 907
21524 2797 907
2797 12436 907
12436 26286 907
26286 37056 907
37056 14 907
14 15092 907
15092 16998 907
16998 35513 907
35513 15153 907
15153 22383 907
22383 35118 907
35118 4502 907
4502 15084 907
15084 17098 907
17098 4314 907
4314 34763 907
34763 12378 907
12378 9452 907
9452 12913 907
12913 33716 907
33716 3364 907
3364 37577 907
37577 12898 907
12898 11047 907
11047 25331 907
25331 36643 907
36643 4077 907
4077 40842 907
40842 24378 907
24378 14899 907
14899 23008 907
23008 35487 907
35487 31191 907
31191 12124 907
12124 4119 907
4119 15044 907
15044 31087 907
31087 13175 907
13175 39045 907
39045 34944 907
34944 26725 907
26725 29030 907
29030 27863 907
27863 17916 907
17916 15121 907
15121 3411 907
3411 9611 907
9611 20146 907
20146 9959 907
9959 22073 907
22073 6738 907
6738 33367 907
33367 13932 907
13932 10669 907
10669 36597 907
36597 20313 907
20313 3901 907
3901 25968 907
25968 38097 907
38097 12945 907
12945 25920 907
25920 14743 907
14743 19308 907
19308 34853 907
34853 9457 907
9457 2109 907
2109 35650 907
35650 15144 907
15144 3330 907
3330 40391 907
40391 30289 907
30289 10235 907
10235 35623 907
35623 2862 907
2862 29240 907
29240 27519 907
27519 25638 907
25638 6012 907
6012 29515 907
29515 13335 907
13335 610 907
610 14330 907
14330 8555 907
8555 28031 907
28031 38363 907
38363 21982 907
21982 16463 907
16463 35351 907
35351 5651 907
5651 12615 907
12615 40623 907
40623 26079 907
26079 15776 907
15776 11956 907
11956 23236 907
23236 12082 907
12082 19079 907
19079 20481 907
20481 3159 907
3159 4334 907
4334 15548 907
15548 18426 907
18426 1332 907
1332 5464 907
5464 9707 907
9707 10205 907
10205 21621 907
21621 37294 907
37294 8681 907
8681 23433 907
23433 11264 907
11264 9348 907
9348 13737 907
13737 27817 907
27817 16932 907
16932 21860 907
21860 6501 907
6501 13562 907
13562 10996 907
10996 18366 907
18366 14988 907
14988 35024 907
35024 22104 907
22104 39804 907
39804 39163 907
39163 38526 907
38526 6296 907
6296 39737 907
39737 26049 907
26049 22485 907
22485 11745 907
11745 10383 907
10383 19273 907
19273 24655 907
24655 32957 907
32957 2322 907
2322 22920 907
22920 20642 907
20642 25166 907
25166 11018 907
11018 23263 907
23263 935 907
935 23055 907
23055 39728 907
39728 19210 907
19210 28933 907
28933 14990 907
14990 17779 907
17779 14042 907
14042 7787 907
7787 16692 907
16692 22398 907
22398 9322 907
9322 6522 907
6522 6298 907
6298 2418 907
2418 7446 907
7446 30555 907
30555 39419 907
39419 26156 907
26156 15919 907
15919 14778 907
14778 28336 907
28336 34412 907
34412 28556 907
28556 14036 907
14036 39635 907
39635 21715 907
21715 28735 907
28735 38853 907
38853 14425 907
14425 19889 907
19889 7261 907
7261 8320 907
8320 31487 907
31487 7774 907
7774 6307 907
6307 13690 907
13690 6207 907
6207 23394 907
23394 4017 907
4017 34150 907
34150 27468 907
27468 3189 907
3189 20010 907
20010 28360 907
28360 15458 907
15458 5336 907
5336 40179 907
40179 6834 907
6834 20851 907
20851 24690 907
24690 22126 907
22126 17029 907
17029 26625 907
26625 3517 907
3517 2764 907
2764 6541 907
6541 27462 907
27462 24157 907
24157 10598 907
10598 9287 907
9287 15361 907
15361 34312 907
34312 7421 907
7421 25275 907
25275 30771 907
30771 9171 907
9171 12649 907
12649 38654 907
38654 25948 907
25948 34706 907
34706 35786 907
35786 6237 907
6237 8032 907
8032 1831 907
1831 9963 907
9963 38243 907
38243 26428 907
26428 9772 907
9772 7084 907
7084 29423 907
29423 3937 907
3937 40546 907
40546 1263 907
1263 1499 907
1499 3942 907
3942 34485 907
34485 21702 907
21702 34074 907
34074 26769 907
26769 30833 907
30833 25459 907
25459 40279 907
40279 7167 907
7167 33348 907
33348 36065 907
36065 24513 907
24513 37352 907
37352 24505 907
24505 1755 907
1755 17394 907
17394 19399 907
19399 2833 907
2833 18741 907
18741 36483 907
36483 21684 907
21684 5665 907
5665 5839 907
5839 10428 907
10428 19962 907
19962 32154 907
32154 2191 907
2191 16470 907
16470 22939 907
22939 7890 907
7890 34918 907
34918 19062 907
19062 30910 907
30910 9488 907
9488 25206 907
25206 2640 907
2640 21046 907
21046 33430 907
33430 1851 907
1851 1478 907
1478 39590 907
39590 21269 907
21269 6256 907
6256 33770 907
33770 25974 907
25974 440 907
440 23309 907
23309 40282 907
40282 12262 907
12262 32225 907
32225 20349 907
20349 4991 907
4991 7814 907
7814 29895 907
29895 33738 907
33738 11934 907
11934 6582 907
6582 41067 907
41067 11621 907
11621 13421 907
13421 2212 907
2212 18081 907
18081 32979 907
32979 12548 907
12548 27867 907
27867 39799 907
39799 27950 907
27950 24345 907
24345 15942 907
15942 8907 907
8907 41416 907
41416 34924 907
34924 21106 907
21106 39066 907
39066 22349 907
22349 3603 907
3603 31243 907
31243 39109 907
39109 2086 907
2086 38678 907
38678 12072 907
12072 40118 907
40118 14856 907
14856 35264 907
35264 35106 907
35106 24400 907
24400 10103 907
10103 5089 907
5089 30035 907
30035 1747 907
1747 19563 907
19563 629 907
629 20531 907
20531 10345 907
10345 38304 907
38304 29286 907
29286 3690 907
3690 24701 907
24701 40754 907
40754 15310 907
15310 2010 907
2010 10852 907
10852 41958 907
41958 16524 907
16524 22600 907
22600 1245 907
1245 37637 907
37637 22382 907
22382 37376 907
37376 23684 907
23684 17771 907
17771 27199 907
27199 5376 907
5376 40476 907
40476 5993 907
5993 10723 907
10723 35274 907
35274 28753 907
28753 2367 907
2367 15749 907
15749 29878 907
29878 30882 907
30882 19420 907
19420 9064 907
9064 14284 907
14284 8600 907
8600 38327 907
38327 28490 907
28490 21521 907
21521 16478 907
16478 21309 907
21309 24691 907
24691 933 907
933 32774 907
32774 21963 907
21963 24249 907
24249 41142 907
41142 32204 907
32204 17032 907
17032 12991 907
12991 6620 907
6620 15819 907
15819 16851 907
16851 13401 907
13401 3646 907
3646 36523 907
36523 18386 907
18386 28944 907
28944 36331 907
36331 35981 907
35981 40734 907
40734 19363 907
19363 26550 907
26550 27873 907
27873 1764 907
1764 37711 907
37711 10317 907
10317 372 907
372 39408 907
39408 35137 907
35137 10450 907
10450 40830 907
40830 17252 907
17252 35847 907
35847 40313 907
40313 41108 907
41108 23678 907
23678 4627 907
4627 31941 907
31941 34964 907
34964 13889 907
13889 37946 907
37946 7420 907
7420 12463 907
12463 38649 907
38649 34147 907
34147 30781 907
30781 23408 907
23408 22152 907
22152 23059 907
23059 27319 907
27319 40470 907
40470 32666 907
32666 39603 907
39603 2860 907
2860 32131 907
32131 12361 907
12361 11697 907
11697 36134 907
36134 17699 907
17699 15480 907
15480 34038 907
34038 20940 907
20940 23404 907
23404 40582 907
40582 12125 907
12125 3858 907
3858 32756 907
32756 9359 907
9359 31134 907
31134 7347 907
7347 16076 907
16076 5011 907
5011 29077 907
29077 6656 907
6656 36584 907
36584 23448 907
23448 12560 907
12560 21804 907
21804 39819 907
39819 31448 907
31448 1773 907
1773 16618 907
16618 29505 907
29505 36114 907
36114 1125 907
1125 29071 907
29071 20060 907
20060 24340 907
24340 17899 907
17899 9940 907
9940 8324 907
8324 35624 907
35624 38462 907
38462 31918 907
31918 2497 907
2497 18929 907
18929 6037 907
6037 10655 907
10655 28443 907
28443 11352 907
11352 6107 907
6107 20543 907
20543 6053 907
6053 30562 907
30562 36426 907
36426 5459 907
5459 34336 907
34336 809 907
809 6775 907
6775 3615 907
3615 2966 907
2966 11234 907
11234 7355 907
7355 18736 907
18736 10761 907
10761 976 907
976 28314 907
28314 37249 907
37249 29043 907
29043 20746 907
20746 11195 907
11195 36381 907
36381 22099 907
22099 41423 907
41423 28778 907
28778 7681 907
7681 20723 907
20723 22657 907
22657 34646 907
34646 1468 907
1468 1429 907
1429 39594 907
39594 13569 907
13569 22539 907
22539 31047 907
31047 32872 907
32872 8535 907
8535 26087 907
26087 37926 907
37926 5785 907
5785 10586 907
10586 30044 907
30044 16919 907
16919 2940 907
2940 36513 907
36513 2378 907
2378 20021 907
20021 14459 907
14459 9510 907
9510 19665 907
19665 23842 907
23842 9580 907
9580 28324 907
28324 18486 907
18486 36649 907
36649 36808 907
36808 21735 907
21735 12877 907
12877 38540 907
38540 16101 907
16101 9618 907
9618 20076 907
20076 4477 907
4477 35770 907
35770 26345 907
26345 7078 907
7078 13589 907
13589 30672 907
30672 40512 907
40512 2979 907
2979 20435 907
20435 22904 907
22904 11813 907
11813 33806 907
33806 11707 907
11707 3912 907
3912 37792 907
37792 26846 907
26846 22514 907
22514 32826 907
32826 27478 907
27478 20235 907
20235 4209 907
4209 17777 907
17777 3989 907
3989 26031 907
26031 10361 907
10361 10649 907
10649 26264 907
26264 18527 907
18527 24287 907
24287 16959 907
16959 18116 907
18116 30090 907
30090 2952 907
2952 38199 907
38199 32946 907
32946 17668 907
17668 33906 907
33906 887 907
887 7736 907
7736 23225 907
23225 27815 907
27815 18282 907
18282 22477 907
22477 19606 907
19606 22343 907
22343 40670 907
40670 34198 907
34198 9422 907
9422 39148 907
39148 32807 907
32807 36572 907
36572 20733 907
20733 12511 907
12511 34962 907
34962 6342 907
6342 13770 907
13770 8797 907
8797 6636 907
6636 33920 907
33920 16641 907
16641 15266 907
15266 25572 907
25572 8295 907
8295 27627 907
27627 2805 907
2805 9189 907
9189 6928 907
6928 6336 907
6336 4721 907
4721 27524 907
27524 26241 907
26241 23405 907
23405 2781 907
2781 19439 907
19439 25616 907
25616 41471 907
41471 22137 907
22137 14303 907
14303 22423 907
22423 35761 907
35761 34255 907
34255 18158 907
18158 32254 907
32254 4839 907
4839 38449 907
38449 38849 907
38849 3088 907
3088 7097 907
7097 15001 907
15001 14286 907
14286 8567 907
8567 30532 907
30532 10507 907
10507 27985 907
27985 36512 907
36512 33204 907
33204 38063 907
38063 24613 907
24613 22053 907
22053 39511 907
39511 10242 907
10242 2181 907
2181 2533 907
2533 19809 907
19809 6358 907
6358 22068 907
22068 8250 907
8250 20380 907
20380 39686 907
39686 32424 907
32424 34773 907
34773 21626 907
21626 14903 907
14903 23232 907
23232 22036 907
22036 18684 907
18684 16030 907
16030 6608 907
6608 29288 907
29288 2209 907
2209 5915 907
5915 41872 907
41872 33889 907
33889 790 907
790 26453 907
26453 38674 907
38674 37728 907
37728 39509 907
39509 19147 907
19147 834 907
834 33676 907
33676 17687 907
17687 1244 907
1244 8186 907
8186 8915 907
8915 16417 907
16417 20699 907
20699 4486 907
4486 28917 907
28917 26956 907
26956 5221 907
5221 24544 907
24544 21670 907
21670 34915 907
34915 7145 907
7145 15065 907
15065 8360 907
8360 25486 907
25486 11966 907
11966 8546 907
8546 12282 907
12282 33127 907
33127 12792 907
12792 27556 907
27556 7717 907
7717 1488 907
1488 24508 907
24508 24469 907
24469 21092 907
21092 19150 907
19150 27964 907
27964 389 907
389 5491 907
5491 26912 907
26912 6033 907
6033 15876 907
15876 39576 907
39576 28794 907
28794 4777 907
4777 3165 907
3165 34999 907
34999 32999 907
32999 32891 907
32891 33464 907
33464 38194 907
38194 35752 907
35752 25517 907
25517 15344 907
15344 1945 907
1945 18401 907
18401 10682 907
10682 35179 907
35179 11319 907
11319 28527 907
28527 25291 907
25291 37704 907
37704 39730 907
39730 10448 907
10448 4756 907
4756 32684 907
32684 1307 907
1307 22265 907
22265 40379 907
40379 8117 907
8117 35383 907
35383 2635 907
2635 37720 907
37720 5081 907
5081 37506 907
37506 6329 907
6329 23923 907
23923 39036 907
39036 5975 907
5975 18373 907
18373 1957 907
1957 40406 907
40406 40435 907
40435 26590 907
26590 28741 907
28741 28217 907
28217 21129 907
21129 26398 907
26398 17154 907
17154 34470 907
34470 23514 907
23514 17540 907
17540 19608 907
19608 37831 907
37831 21120 907
21120 9039 907
9039 3498 907
3498 40918 907
40918 32553 907
32553 34165 907
34165 19747 907
19747 23283 907
23283 23554 907
23554 6483 907
6483 21728 907
21728 21729 907
21729 10846 907
10846 2828 907
2828 22672 907
22672 34669 907
34669 26012 907
26012 32743 907
32743 35417 907
35417 18845 907
18845 25019 907
25019 1292 907
1292 6806 907
6806 9030 907
9030 22276 907
22276 38457 907
38457 24902 907
24902 35972 907
35972 37783 907
37783 10953 907
10953 41190 907
41190 2399 907
2399 20344 907
20344 9846 907
9846 38902 907
38902 34371 907
34371 18988 907
18988 33634 907
33634 25443 907
25443 23901 907
23901 4038 907
4038 33089 907
33089 18664 907
18664 33544 907
33544 18345 907
18345 15183 907
15183 10397 907
10397 2463 907
2463 28114 907
28114 3836 907
3836 14502 907
14502 26452 907
26452 10699 907
10699 31919 907
31919 33002 907
33002 28000 907
28000 39438 907
39438 4431 907
4431 27895 907
27895 1623 907
1623 6462 907
6462 36034 907
36034 27126 907
27126 37778 907
37778 8940 907
8940 26097 907
26097 25780 907
25780 18235 907
18235 16063 907
16063 22771 907
22771 39569 907
39569 10514 907
10514 6524 907
6524 34836 907
34836 22537 907
22537 38319 907
38319 41546 907
41546 35935 907
35935 34111 907
34111 26665 907
26665 24499 907
24499 19156 907
19156 6887 907
6887 6010 907
6010 31394 907
31394 14983 907
14983 23476 907
23476 37681 907
37681 37675 907
37675 9215 907
9215 18660 907
18660 33228 907
33228 14288 907
14288 40342 907
40342 41949 907
41949 1806 907
1806 15961 907
15961 633 907
633 21195 907
21195 5960 907
5960 31353 907
31353 40363 907
40363 8446 907
8446 14450 907
14450 27531 907
27531 22039 907
22039 9173 907
9173 12318 907
12318 28638 907
28638 941 907
941 26084 907
26084 6742 907
6742 31770 907
31770 34804 907
34804 6679 907
6679 36934 907
36934 9715 907
9715 27901 907
27901 35486 907
35486 15825 907
15825 16686 907
16686 40212 907
40212 31788 907
31788 37512 907
37512 5114 907
5114 458 907
458 30740 907
30740 19158 907
19158 11666 907
11666 15185 907
15185 15821 907
15821 21059 907
21059 28805 907
28805 37915 907
37915 566 907
566 29189 907
29189 26369 907
26369 7851 907
7851 27188 907
27188 9286 907
9286 27138 907
27138 4917 907
4917 19772 907
19772 37188 907
37188 7116 907
7116 31200 907
31200 6697 907
6697 23350 907
23350 30320 907
30320 10919 907
10919 30411 907
30411 18747 907
18747 1811 907
1811 23697 907
23697 7790 907
7790 34965 907
34965 15350 907
15350 18297 907
18297 2457 907
2457 18834 907
18834 13104 907
13104 917 907
917 12294 907
12294 4365 907
4365 18833 907
18833 22438 907
22438 961 907
961 25754 907
25754 27732 907
27732 11657 907
11657 460 907
460 5217 907
5217 26874 907
26874 16712 907
16712 25856 907
25856 35709 907
35709 18198 907
18198 10146 907
10146 35758 907
35758 36826 907
36826 7208 907
7208 23421 907
23421 765 907
765 14826 907
14826 21745 907
21745 35859 907
35859 28865 907
28865 22829 907
22829 18968 907
18968 36639 907
36639 24841 907
24841 18391 907
18391 30389 907
30389 35804 907
35804 14287 907
14287 13575 907
13575 39793 907
39793 28895 907
28895 16983 907
16983 74 907
74 4420 907
4420 8550 907
8550 41939 907
41939 21418 907
21418 22991 907
22991 38570 907
38570 30208 907
30208 38614 907
38614 9743 907
9743 11515 907
11515 25503 907
25503 29369 907
29369 20873 907
20873 16354 907
16354 18696 907
18696 4696 907
4696 5104 907
5104 37070 907
37070 20505 907
20505 23696 907
23696 26623 907
26623 6192 907
6192 29285 907
29285 35129 907
35129 21567 907
21567 23709 907
23709 33759 907
33759 9595 907
9595 32822 907
32822 9082 907
9082 7754 907
7754 25494 907
25494 26656 907
26656 16980 907
16980 20050 907
20050 33056 907
33056 22791 907
22791 16721 907
16721 17663 907
17663 15354 907
15354 40833 907
40833 28595 907
28595 16408 907
16408 34953 907
34953 20584 907
20584 23090 907
23090 28128 907
28128 9919 907
9919 7491 907
7491 21602 907
21602 7077 907
7077 32185 907
32185 9176 907
9176 27484 907
27484 36475 907
36475 8094 907
8094 19968 907
19968 7561 907
7561 11157 907
11157 36217 907
36217 23152 907
23152 39850 907
39850 134 907
134 16755 907
16755 39284 907
39284 15172 907
15172 26105 907
26105 34535 907
34535 41040 907
41040 21300 907
21300 1300 907
1300 25983 907
25983 37850 907
37850 12303 907
12303 120 907
120 23102 907
23102 24235 907
24235 22366 907
22366 39989 907
39989 17766 907
17766 1347 907
1347 22236 907
22236 22494 907
22494 9361 907
9361 8814 907
8814 33750 907
33750 31695 907
31695 37013 907
37013 38821 907
38821 18499 907
18499 21193 907
21193 33934 907
33934 2253 907
2253 22980 907
22980 30944 907
30944 9297 907
9297 36636 907
36636 33303 907
33303 25329 907
25329 7182 907
7182 25945 907
25945 37103 907
37103 11765 907
11765 38034 907
38034 16771 907
16771 5216 907
5216 19714 907
19714 32484 907
32484 26849 907
26849 5132 907
5132 13229 907
13229 27149 907
27149 30324 907
30324 22095 907
22095 9976 907
9976 41547 907
41547 41533 907
41533 18295 907
18295 21894 907
21894 38103 907
38103 23914 907
23914 37916 907
37916 4425 907
4425 23390 907
23390 10595 907
10595 37529 907
37529 32129 907
32129 31380 907
31380 1732 907
1732 20911 907
20911 32071 907
32071 15686 907
15686 28587 907
28587 14677 907
14677 39681 907
39681 7328 907
7328 17483 907
17483 4644 907
4644 27214 907
27214 35510 907
35510 29759 907
29759 9613 907
9613 33429 907
33429 18669 907
18669 20834 907
20834 21880 907
21880 29290 907
29290 17049 907
17049 20689 907
20689 15636 907
15636 14555 907
14555 8138 907
8138 25600 907
25600 12407 907
12407 33960 907
33960 26940 907
26940 2339 907
2339 8135 907
8135 33855 907
33855 10233 907
10233 16685 907
16685 40456 907
40456 1181 907
1181 11109 907
11109 25954 907
25954 35910 907
35910 17505 907
17505 10194 907
10194 37660 907
37660 32917 907
32917 37520 907
37520 27036 907
27036 22391 907
22391 1981 907
1981 41418 907
41418 18679 907
18679 26215 907
26215 23687 907
23687 1175 907
1175 39797 907
39797 29608 907
29608 16948 907
16948 15072 907
15072 26304 907
26304 28591 907
28591 22894 907
22894 18387 907
18387 16118 907
16118 41564 907
41564 1096 907
1096 11622 907
11622 2431 907
2431 837 907
837 27409 907
27409 20040 907
20040 6284 907
6284 24365 907
24365 37365 907
37365 12142 907
12142 33809 907
33809 7498 907
7498 13566 907
13566 41643 907
41643 22159 907
22159 35048 907
35048 12576 907
12576 5957 907
5957 15311 907
15311 8380 907
8380 17593 907
17593 4552 907
4552 19974 907
19974 12382 907
12382 8 907
8 3038 907
3038 4634 907
4634 847 907
847 16874 907
16874 41941 907
41941 36534 907
36534 8433 907
8433 15746 907
15746 29158 907
29158 18233 907
18233 18075 907
18075 39675 907
39675 34856 907
34856 41530 907
41530 27171 907
27171 30318 907
30318 22194 907
22194 8582 907
8582 31208 907
31208 9970 907
9970 29384 907
29384 32818 907
32818 15137 907
15137 40239 907
40239 11631 907
11631 39612 907
39612 36368 907
36368 3201 907
3201 41867 907
41867 9437 907
9437 17018 907
17018 32148 907
32148 29422 907
29422 35940 907
35940 13183 907
13183 14683 907
14683 17595 907
17595 20064 907
20064 27979 907
27979 14964 907
14964 14750 907
14750 17240 907
17240 11793 907
11793 31740 907
31740 40405 907
40405 29109 907
29109 27361 907
27361 15064 907
15064 35500 907
35500 17279 907
17279 3802 907
3802 39792 907
39792 26517 907
26517 33571 907
33571 31107 907
31107 14483 907
14483 4744 907
4744 3840 907
3840 17906 907
17906 706 907
706 13990 907
13990 25100 907
25100 1095 907
1095 32549 907
32549 1044 907
1044 10731 907
10731 5988 907
5988 12934 907
12934 28303 907
28303 31503 907
31503 37944 907
37944 1636 907
1636 36844 907
36844 15453 907
15453 27371 907
27371 21147 907
21147 36358 907
36358 27700 907
27700 40799 907
40799 10069 907
10069 12750 907
12750 25744 907
25744 2113 907
2113 27761 907
27761 33844 907
33844 20500 907
20500 36991 907
36991 20327 907
20327 14218 907
14218 1988 907
1988 8336 907
8336 29724 907
29724 33777 907
33777 29617 907
29617 32370 907
32370 26487 907
26487 31266 907
31266 12447 907
12447 3124 907
3124 7817 907
7817 23019 907
23019 30488 907
30488 36481 907
36481 38569 907
38569 19419 907
19419 10736 907
10736 14733 907
14733 98 907
98 31953 907
31953 27208 907
27208 1316 907
1316 31438 907
31438 16459 907
16459 17978 907
17978 34867 907
34867 16884 907
16884 6314 907
6314 7903 907
7903 29535 907
29535 8734 907
8734 5291 907
5291 30776 907
30776 11429 907
11429 4808 907
4808 22499 907
22499 5031 907
5031 4263 907
4263 27245 907
27245 19401 907
19401 20140 907
20140 32673 907
32673 19348 907
19348 41361 907
41361 27628 907
27628 5209 907
5209 23357 907
23357 6475 907
6475 19405 907
19405 346 907
346 17494 907
17494 40381 907
40381 5196 907
5196 8861 907
8861 10553 907
10553 34541 907
34541 38815 907
38815 15712 907
15712 20191 907
20191 19021 907
19021 6831 907
6831 13756 907
13756 34931 907
34931 16717 907
16717 12234 907
12234 36887 907
36887 24254 907
24254 11794 907
11794 12343 907
12343 3380 907
3380 7704 907
7704 18016 907
18016 10459 907
10459 8306 907
8306 25373 907
25373 5273 907
5273 23360 907
23360 5978 907
5978 16961 907
16961 1537 907
1537 7294 907
7294 35267 907
35267 9790 907
9790 31915 907
31915 20422 907
20422 31985 907
31985 16946 907
16946 31351 907
31351 13120 907
13120 35942 907
35942 23256 907
23256 26315 907
26315 10684 907
10684 12147 907
12147 4470 907
4470 15782 907
15782 29152 907
29152 16728 907
16728 18802 907
18802 20881 907
20881 14413 907
14413 18574 907
18574 25179 907
25179 4305 907
4305 37885 907
37885 37572 907
37572 31799 907
31799 31880 907
31880 23359 907
23359 11886 907
11886 245 907
245 9336 907
9336 29321 907
29321 38161 907
38161 14846 907
14846 13262 907
13262 36348 907
36348 13999 907
13999 1145 907
1145 8580 907
8580 37956 907
37956 17092 907
17092 18480 907
18480 26698 907
26698 7179 907
7179 34429 907
34429 29588 907
29588 11414 907
11414 6624 907
6624 28118 907
28118 40773 907
40773 22462 907
22462 24494 907
24494 29322 907
29322 10331 907
10331 29222 907
29222 2220 907
2220 10135 907
10135 33281 907
33281 19266 907
19266 36412 907
36412 2310 907
2310 3687 907
3687 29804 907
29804 7032 907
7032 27234 907
27234 9418 907
9418 38357 907
38357 7170 907
7170 5701 907
5701 5073 907
5073 22306 907
22306 9026 907
9026 3837 907
3837 6973 907
6973 7430 907
7430 32073 907
32073 15760 907
15760 37509 907
37509 20173 907
20173 17089 907
17089 33558 907
33558 694 907
694 21421 907
21421 13293 907
13293 35220 907
35220 8031 907
8031 12440 907
12440 15910 907
15910 26258 907
26258 40844 907
40844 13081 907
13081 30030 907
30030 8844 907
8844 26578 907
26578 21703 907
21703 19932 907
19932 12542 907
12542 18033 907
18033 19327 907
19327 40418 907
40418 32487 907
32487 1734 907
1734 38989 907
38989 20244 907
20244 5287 907
5287 12427 907
12427 25875 907
25875 21964 907
21964 16715 907
16715 6530 907
6530 11032 907
11032 7473 907
7473 25583 907
25583 21520 907
21520 10180 907
10180 37118 907
37118 38934 907
38934 30299 907
30299 36216 907
36216 5447 907
5447 21471 907
21471 25668 907
25668 1479 907
1479 4238 907
4238 5748 907
5748 29848 907
29848 37518 907
37518 14008 907
14008 26540 907
26540 2359 907
2359 21019 907
21019 35203 907
35203 28840 907
28840 13382 907
13382 38893 907
38893 23229 907
23229 16990 907
16990 27132 907
27132 40870 907
40870 10626 907
10626 39358 907
39358 18441 907
18441 620 907
620 34781 907
34781 10065 907
10065 827 907
827 30 907
30 26335 907
26335 8228 907
8228 40176 907
40176 17565 907
17565 20007 907
20007 26869 907
26869 4673 907
4673 39375 907
39375 19507 907
19507 10535 907
10535 26207 907
26207 28562 907
28562 7712 907
7712 38013 907
38013 680 907
680 17669 907
17669 32510 907
32510 6060 907
6060 33878 907
33878 26683 907
26683 28361 907
28361 36050 907
36050 25441 907
25441 41313 907
41313 25006 907
25006 35690 907
35690 41702 907
41702 28078 907
28078 40937 907
40937 8481 907
8481 27403 907
27403 31348 907
31348 35030 907
35030 26490 907
26490 38591 907
38591 24737 907
24737 8121 907
8121 13389 907
13389 37334 907
37334 7761 907
7761 35536 907
35536 21526 907
21526 23981 907
23981 8054 907
8054 15163 907
15163 10240 907
10240 12295 907
12295 18157 907
18157 4871 907
4871 5800 907
5800 40345 907
40345 40522 907
40522 29364 907
29364 14893 907
14893 27318 907
27318 37699 907
37699 40419 907
40419 4667 907
4667 32605 907
32605 688 907
688 17948 907
17948 303 907
303 25455 907
25455 32576 907
32576 6630 907
6630 30677 907
30677 21464 907
21464 23234 907
23234 40058 907
40058 14980 907
14980 40409 907
40409 17467 907
17467 13819 907
13819 11566 907
11566 23552 907
23552 30200 907
30200 4504 907
4504 15319 907
15319 36532 907
36532 8730 907
8730 22402 907
22402 14646 907
14646 6994 907
6994 9549 907
9549 4138 907
4138 8052 907
8052 29254 907
29254 11261 907
11261 23592 907
23592 37973 907
37973 25495 907
25495 3629 907
3629 41043 907
41043 27544 907
27544 37047 907
37047 13609 907
13609 26851 907
26851 36406 907
36406 10785 907
10785 32076 907
32076 28219 907
28219 36482 907
36482 41421 907
41421 15078 907
15078 40915 907
40915 33412 907
33412 15198 907
15198 4564 907
4564 17378 907
17378 20859 907
20859 17553 907
17553 18882 907
18882 8916 907
8916 19239 907
19239 33164 907
33164 39137 907
39137 10601 907
10601 34886 907
34886 19602 907
19602 40036 907
40036 27049 907
27049 18937 907
18937 38472 907
38472 9121 907
9121 9751 907
9751 238 907
238 40579 907
40579 4621 907
4621 15689 907
15689 5908 907
5908 22221 907
22221 9162 907
9162 24201 907
24201 28745 907
28745 9944 907
9944 20954 907
20954 6935 907
6935 6687 907
6687 37333 907
37333 36686 907
36686 2375 907
2375 36198 907
36198 2834 907
2834 36349 907
36349 24627 907
24627 17962 907
17962 5750 907
5750 5194 907
5194 32550 907
32550 18892 907
18892 20800 907
20800 29968 907
29968 19861 907
19861 17321 907
17321 40577 907
40577 28225 907
28225 8903 907
8903 17951 907
17951 29931 907
29931 29510 907
29510 6375 907
6375 32715 907
32715 41690 907
41690 40361 907
40361 31389 907
31389 1684 907
1684 13124 907
13124 14932 907
14932 18617 907
18617 15472 907
15472 40695 907
40695 23700 907
23700 105 907
105 6688 907
6688 1476 907
1476 26034 907
26034 16744 907
16744 7691 907
7691 7321 907
7321 21425 907
21425 2581 907
2581 3486 907
3486 3860 907
3860 41260 907
41260 13292 907
13292 20952 907
20952 31498 907
31498 27025 907
27025 16242 907
16242 24630 907
24630 23917 907
23917 5456 907
5456 32212 907
32212 36073 907
36073 22483 907
22483 30139 907
30139 14160 907
14160 33605 907
33605 6101 907
6101 27830 907
27830 12132 907
12132 21593 907
21593 8608 907
8608 35882 907
35882 16892 907
16892 21376 907
21376 18440 907
18440 47 907
47 12874 907
12874 10474 907
10474 17727 907
17727 39900 907
39900 10333 907
10333 6615 907
6615 11590 907
11590 40958 907
40958 26713 907
26713 40298 907
40298 33176 907
33176 22413 907
22413 33392 907
33392 20390 907
20390 41950 907
41950 19664 907
19664 38622 907
38622 16474 907
16474 14200 907
14200 39918 907
39918 37571 907
37571 29966 907
29966 38110 907
38110 20329 907
20329 38948 907
38948 6609 907
6609 1127 907
1127 20537 907
20537 724 907
724 12457 907
12457 16404 907
16404 40625 907
40625 35635 907
35635 39852 907
39852 5678 907
5678 8291 907
8291 17118 907
17118 34569 907
34569 21408 907
21408 23855 907
23855 26820 907
26820 2413 907
2413 36778 907
36778 15409 907
15409 15440 907
15440 18484 907
18484 5714 907
5714 27828 907
27828 17716 907
17716 34817 907
34817 31639 907
31639 38270 907
38270 25703 907
25703 36033 907
36033 567 907
567 13240 907
13240 22397 907
22397 9477 907
9477 38403 907
38403 15278 907
15278 30791 907
30791 22287 907
22287 15306 907
15306 294 907
294 11981 907
11981 9855 907
9855 2123 907
2123 22266 907
22266 16056 907
16056 15837 907
15837 8221 907
8221 8369 907
8369 25114 907
25114 12510 907
12510 9029 907
9029 20823 907
20823 32300 907
32300 8487 907
8487 4220 907
4220 11338 907
11338 22631 907
22631 10173 907
10173 19403 907
19403 11766 907
11766 13909 907
13909 34991 907
34991 40507 907
40507 8139 907
8139 12062 907
12062 35988 907
35988 9083 907
9083 8416 907
8416 23643 907
23643 9532 907
9532 19251 907
19251 16636 907
16636 61 907
61 11695 907
11695 36955 907
36955 1857 907
1857 5372 907
5372 23173 907
23173 14768 907
14768 11361 907
11361 6836 907
6836 14119 907
14119 33014 907
33014 32558 907
32558 35321 907
35321 8614 907
8614 1368 907
1368 16619 907
16619 13093 907
13093 36214 907
36214 35959 907
35959 9448 907
9448 28180 907
28180 41164 907
41164 30674 907
30674 2012 907
2012 3120 907
3120 3586 907
3586 2317 907
2317 33440 907
33440 15635 907
15635 11931 907
11931 37482 907
37482 5756 907
5756 11451 907
11451 13520 907
13520 14117 907
14117 6496 907
6496 29795 907
29795 7230 907
7230 22486 907
22486 16786 907
16786 8502 907
8502 7533 907
7533 32717 907
32717 8310 907
8310 9274 907
9274 16192 907
16192 14377 907
14377 17365 907
17365 593 907
593 36104 907
36104 28224 907
28224 17305 907
17305 760 907
760 6369 907
6369 5403 907
5403 14048 907
14048 20340 907
20340 2129 907
2129 41929 907
41929 41804 907
41804 29316 907
29316 34002 907
34002 33489 907
33489 1967 907
1967 26681 907
26681 12700 907
12700 20265 907
20265 40805 907
40805 27675 907
27675 35346 907
35346 27699 907
27699 29330 907
29330 36086 907
36086 27903 907
27903 30866 907
30866 20256 907
20256 34096 907
34096 41793 907
41793 13100 907
13100 3070 907
3070 30761 907
30761 11493 907
11493 24007 907
24007 29928 907
29928 31858 907
31858 33112 907
33112 41863 907
41863 40129 907
40129 1100 907
1100 7795 907
7795 23414 907
23414 5153 907
5153 17862 907
17862 20546 907
20546 10369 907
10369 19364 907
19364 15960 907
15960 17311 907
17311 31540 907
31540 1361 907
1361 2078 907
2078 21923 907
21923 8552 907
8552 41594 907
41594 330 907
330 3207 907
3207 22799 907
22799 32205 907
32205 6274 907
6274 31414 907
31414 9393 907
9393 236 907
236 31774 907
31774 37322 907
37322 33866 907
33866 15997 907
15997 38524 907
38524 40370 907
40370 4099 907
4099 3412 907
3412 16448 907
16448 21610 907
21610 20727 907
20727 37876 907
37876 3504 907
3504 16587 907
16587 39645 907
39645 1155 907
1155 2456 907
2456 9344 907
9344 21604 907
21604 33278 907
33278 2736 907
2736 9602 907
9602 9052 907
9052 6333 907
6333 37950 907
37950 11735 907
11735 38359 907
38359 33359 907
33359 3683 907
3683 2866 907
2866 23964 907
23964 32503 907
32503 6482 907
6482 9818 907
9818 9631 907
9631 34887 907
34887 26620 907
26620 20498 907
20498 8219 907
8219 40686 907
40686 7469 907
7469 18554 907
18554 6543 907
6543 4869 907
4869 22652 907
22652 6236 907
6236 23416 907
23416 19702 907
19702 3845 907
3845 40133 907
40133 30332 907
30332 25842 907
25842 21508 907
21508 5923 907
5923 23312 907
23312 39042 907
39042 31255 907
31255 27193 907
27193 10189 907
10189 15547 907
15547 21079 907
21079 28634 907
28634 35833 907
35833 17919 907
17919 10500 907
10500 23547 907
23547 11724 907
11724 7559 907
7559 10894 907
10894 20045 907
20045 15242 907
15242 1746 907
1746 34943 907
34943 22169 907
22169 19481 907
19481 676 907
676 36008 907
36008 27094 907
27094 21058 907
21058 9900 907
9900 9961 907
9961 13930 907
13930 20863 907
20863 14567 907
14567 37626 907
37626 15416 907
15416 35300 907
35300 26336 907
26336 26344 907
26344 22617 907
22617 19234 907
19234 13800 907
13800 16628 907
16628 25342 907
25342 26093 907
26093 30813 907
30813 32853 907
32853 14238 907
14238 15075 907
15075 23072 907
23072 40548 907
40548 2597 907
2597 9465 907
9465 5075 907
5075 38051 907
38051 30434 907
30434 26168 907
26168 16603 907
16603 9974 907
9974 18721 907
18721 19683 907
19683 4932 907
4932 3835 907
3835 28725 907
28725 6715 907
6715 513 907
513 24603 907
24603 8604 907
8604 25 907
25 29147 907
29147 41246 907
41246 32454 907
32454 39286 907
39286 11625 907
11625 32943 907
32943 2501 907
2501 41357 907
41357 13644 907
13644 41002 907
41002 628 907
628 22274 907
22274 2738 907
2738 19586 907
19586 28866 907
28866 12899 907
12899 12550 907
12550 24618 907
24618 39765 907
39765 24454 907
24454 12656 907
12656 25343 907
25343 1683 907
1683 28547 907
28547 11491 907
11491 38314 907
38314 13543 907
13543 24261 907
24261 17980 907
17980 29696 907
29696 18064 907
18064 39911 907
39911 27076 907
27076 21164 907
21164 40240 907
40240 4661 907
4661 31592 907
31592 17281 907
17281 5783 907
5783 18878 907
18878 32262 907
32262 38888 907
38888 33028 907
33028 2443 907
2443 33760 907
33760 8227 907
8227 40093 907
40093 3703 907
3703 7064 907
7064 15507 907
15507 9688 907
9688 37730 907
37730 14260 907
14260 4629 907
4629 28993 907
28993 16283 907
16283 26571 907
26571 11374 907
11374 22764 907
22764 9020 907
9020 20160 907
20160 41258 907
41258 20103 907
20103 20842 907
20842 28429 907
28429 11509 907
11509 2511 907
2511 24485 907
24485 37043 907
37043 459 907
459 10732 907
10732 5846 907
5846 3041 907
3041 39089 907
39089 156 907
156 9586 907
9586 10380 907
10380 23715 907
23715 20833 907
20833 4963 907
4963 15857 907
15857 25890 907
25890 1974 907
1974 25660 907
25660 24338 907
24338 18285 907
18285 38820 907
38820 11604 907
11604 28103 907
28103 9857 907
9857 36367 907
36367 3502 907
3502 27345 907
27345 34359 907
34359 21912 907
21912 31443 907
31443 26007 907
26007 19227 907
19227 15116 907
15116 9172 907
9172 31238 907
31238 12266 907
12266 20250 907
20250 4797 907
4797 33849 907
33849 32750 907
32750 4024 907
4024 8634 907
8634 18666 907
18666 24964 907
24964 40815 907
40815 15290 907
15290 38054 907
38054 36616 907
36616 18560 907
18560 6889 907
6889 41296 907
41296 6273 907
6273 21374 907
21374 32121 907
32121 38076 907
38076 1626 907
1626 38074 907
38074 35497 907
35497 5048 907
5048 24450 907
24450 1784 907
1784 32046 907
32046 39032 907
39032 22414 907
22414 13777 907
13777 32918 907
32918 5504 907
5504 16691 907
16691 14366 907
14366 3342 907
3342 24027 907
24027 7953 907
7953 23195 907
23195 14192 907
14192 26228 907
26228 224 907
224 6923 907
6923 20374 907
20374 20674 907
20674 35934 907
35934 2765 907
2765 28517 907
28517 30466 907
30466 39009 907
39009 37003 907
37003 26605 907
26605 31905 907
31905 17079 907
17079 20865 907
20865 23296 907
23296 30824 907
30824 35260 907
35260 28824 907
28824 27992 907
27992 6761 907
6761 28758 907
28758 35385 907
35385 17499 907
17499 6381 907
6381 16312 907
16312 29653 907
29653 30436 907
30436 13306 907
13306 1647 907
1647 15592 907
15592 13978 907
13978 6205 907
6205 8628 907
8628 27862 907
27862 41751 907
41751 20123 907
20123 10739 907
10739 32951 907
32951 18002 907
18002 38120 907
38120 18818 907
18818 4946 907
4946 33254 907
33254 7315 907
7315 19916 907
19916 4104 907
4104 17521 907
17521 27555 907
27555 11704 907
11704 32209 907
32209 20004 907
20004 11653 907
11653 16960 907
16960 11468 907
11468 35308 907
35308 31555 907
31555 22703 907
22703 15398 907
15398 27334 907
27334 37332 907
37332 22322 907
22322 11394 907
11394 31528 907
31528 3871 907
3871 22380 907
22380 16693 907
16693 17422 907
17422 33271 907
33271 14294 907
14294 7428 907
7428 14271 907
14271 30683 907
30683 2354 907
2354 15725 907
15725 22528 907
22528 16757 907
16757 510 907
510 26025 907
26025 41651 907
41651 5107 907
5107 2409 907
2409 19000 907
19000 33916 907
33916 34797 907
34797 922 907
922 25757 907
25757 40137 907
40137 7017 907
7017 7848 907
7848 2767 907
2767 25699 907
25699 40484 907
40484 13642 907
13642 28554 907
28554 17195 907
17195 34974 907
34974 1586 907
1586 16496 907
16496 36628 907
36628 15795 907
15795 2331 907
2331 34210 907
34210 32687 907
32687 35806 907
35806 7251 907
7251 10866 907
10866 23791 907
23791 19144 907
19144 722 907
722 21486 907
21486 25298 907
25298 27194 907
27194 10697 907
10697 40171 907
40171 5728 907
5728 33451 907
33451 3555 907
3555 21406 907
21406 37575 907
37575 26254 907
26254 41501 907
41501 34032 907
34032 39107 907
39107 25461 907
25461 13246 907
13246 16799 907
16799 15642 907
15642 5333 907
5333 10559 907
10559 4500 907
4500 28732 907
28732 8725 907
8725 22203 907
22203 15235 907
15235 24616 907
24616 31241 907
31241 13808 907
13808 37484 907
37484 27368 907
27368 34035 907
34035 39190 907
39190 40932 907
40932 9769 907
9769 36775 907
36775 12890 907
12890 22983 907
22983 16996 907
16996 15232 907
15232 5327 907
5327 25887 907
25887 18732 907
18732 12278 907
12278 28112 907
28112 20747 907
20747 29122 907
29122 3505 907
3505 39153 907
39153 41935 907
41935 4357 907
4357 6854 907
6854 34007 907
34007 4572 907
4572 27000 907
27000 40010 907
40010 20786 907
20786 3067 907
3067 12150 907
12150 28921 907
28921 25702 907
25702 29720 907
29720 36123 907
36123 2871 907
2871 11705 907
11705 10243 907
10243 16966 907
16966 26676 907
26676 39246 907
39246 37408 907
37408 11294 907
11294 10208 907
10208 36541 907
36541 789 907
789 23064 907
23064 38215 907
38215 29398 907
29398 39228 907
39228 15589 907
15589 24551 907
24551 40792 907
40792 23006 907
23006 18663 907
18663 18015 907
18015 10279 907
10279 35029 907
35029 40532 907
40532 3748 907
3748 35044 907
35044 2240 907
2240 278 907
278 6220 907
6220 34513 907
34513 23269 907
23269 20427 907
20427 33988 907
33988 37041 907
37041 4592 907
4592 16950 907
16950 26370 907
26370 17664 907
17664 29559 907
29559 29315 907
29315 10826 907
10826 9220 907
9220 7141 907
7141 9666 907
9666 40209 907
40209 13079 907
13079 32559 907
32559 21202 907
21202 31494 907
31494 1708 907
1708 32070 907
32070 17237 907
17237 6621 907
6621 30660 907
30660 3692 907
3692 27859 907
27859 19955 907
19955 35237 907
35237 2270 907
2270 30489 907
30489 29246 907
29246 19937 907
19937 5836 907
5836 35905 907
35905 27186 907
27186 5743 907
5743 7911 907
7911 41956 907
41956 16643 907
16643 38628 907
38628 25341 907
25341 31980 907
31980 9434 907
9434 19816 907
19816 7617 907
7617 24204 907
24204 5681 907
5681 19097 907
19097 8276 907
8276 12948 907
12948 11844 907
11844 21157 907
21157 10752 907
10752 33048 907
33048 22495 907
22495 14728 907
14728 8108 907
8108 24270 907
24270 35095 907
35095 32362 907
32362 22350 907
22350 39241 907
39241 34416 907
34416 3510 907
3510 6158 907
6158 39177 907
39177 36820 907
36820 26216 907
26216 37256 907
37256 13857 907
13857 2077 907
2077 29236 907
29236 3903 907
3903 17506 907
17506 6030 907
6030 37708 907
37708 40787 907
40787 40552 907
40552 20920 907
20920 430 907
430 19566 907
19566 8603 907
8603 22164 907
22164 22174 907
22174 13165 907
13165 13350 907
13350 40097 907
40097 6646 907
6646 8058 907
8058 26069 907
26069 4473 907
4473 21317 907
21317 21263 907
21263 25654 907
25654 18072 907
18072 39308 907
39308 32621 907
32621 643 907
643 10328 907
10328 19649 907
19649 9793 907
9793 8954 907
8954 30184 907
30184 8365 907
8365 3298 907
3298 6499 907
6499 37215 907
37215 12449 907
12449 4901 907
4901 23625 907
23625 18501 907
18501 11227 907
11227 3211 907
3211 14492 907
14492 2795 907
2795 17722 907
17722 12727 907
12727 12655 907
12655 22535 907
22535 7201 907
7201 9892 907
9892 24137 907
24137 21675 907
21675 7818 907
7818 13274 907
13274 10110 907
10110 38756 907
38756 25032 907
25032 33156 907
33156 12957 907
12957 22565 907
22565 21380 907
21380 27096 907
27096 30278 907
30278 36787 907
36787 35577 907
35577 26430 907
26430 10754 907
10754 18853 907
18853 13001 907
13001 17652 907
17652 26640 907
26640 20453 907
20453 10554 907
10554 16313 907
16313 16373 907
16373 3177 907
3177 40336 907
40336 38917 907
38917 31314 907
31314 21248 907
21248 23890 907
23890 37561 907
37561 16001 907
16001 12834 907
12834 7241 907
7241 16352 907
16352 38547 907
38547 1277 907
1277 12014 907
12014 9442 907
9442 27719 907
27719 2008 907
2008 26997 907
26997 11158 907
11158 26171 907
26171 3230 907
3230 1276 907
1276 33148 907
33148 16729 907
16729 41894 907
41894 19087 907
19087 36879 907
36879 31301 907
31301 24727 907
24727 17269 907
17269 8116 907
8116 19834 907
19834 2506 907
2506 30065 907
30065 39907 907
39907 38685 907
38685 38151 907
38151 26415 907
26415 5335 907
5335 5613 907
5613 24336 907
24336 162 907
162 26055 907
26055 4759 907
4759 41399 907
41399 9742 907
9742 25704 907
25704 29849 907
29849 19933 907
19933 7604 907
7604 32097 907
32097 33345 907
33345 3021 907
3021 29258 907
29258 27596 907
27596 11418 907
11418 16720 907
16720 28514 907
28514 4952 907
4952 23965 907
23965 1768 907
1768 30616 907
30616 29597 907
29597 8696 907
8696 8933 907
8933 19450 907
19450 3581 907
3581 13038 907
13038 39939 907
39939 24975 907
24975 905 907
905 11016 907
11016 17244 907
17244 16482 907
16482 32551 907
32551 26833 907
26833 39120 907
39120 29667 907
29667 34611 907
34611 40258 907
40258 39712 907
39712 32107 907
32107 41236 907
41236 26695 907
26695 10994 907
10994 25297 907
25297 25886 907
25886 2839 907
2839 17418 907
17418 40413 907
40413 12689 907
12689 29557 907
29557 21104 907
21104 30779 907
30779 11173 907
11173 4071 907
4071 10404 907
10404 12247 907
12247 27017 907
27017 4620 907
4620 25949 907
25949 26259 907
26259 1256 907
1256 4565 907
4565 10695 907
10695 35853 907
35853 40374 907
40374 12968 907
12968 10334 907
10334 35793 907
35793 39920 907
39920 79 907
79 5182 907
5182 33452 907
33452 30625 907
30625 30827 907
30827 41615 907
41615 5793 907
5793 41521 907
41521 38750 907
38750 29342 907
29342 35561 907
35561 21956 907
21956 17799 907
17799 385 907
385 23693 907
23693 18034 907
18034 13336 907
13336 35104 907
35104 24488 907
24488 5635 907
5635 30398 907
30398 13396 907
13396 34939 907
34939 35679 907
35679 24566 907
24566 10556 907
10556 3925 907
3925 21171 907
21171 25979 907
25979 1115 907
1115 26516 907
26516 11829 907
11829 20253 907
20253 36933 907
36933 26607 907
26607 12093 907
12093 39104 907
39104 34357 907
34357 20178 907
20178 1028 907
1028 35003 907
35003 29044 907
29044 39721 907
39721 16978 907
16978 39141 907
39141 3307 907
3307 15846 907
15846 8414 907
8414 9744 907
9744 2943 907
2943 5258 907
5258 23001 907
23001 33475 907
33475 29181 907
29181 37396 907
37396 14115 907
14115 37729 907
37729 7160 907
7160 22813 907
22813 34257 907
34257 2203 907
2203 24280 907
24280 27584 907
27584 5208 907
5208 3192 907
3192 35915 907
35915 20707 907
20707 23712 907
23712 36250 907
36250 39662 907
39662 20763 907
20763 4150 907
4150 13328 907
13328 3467 907
3467 20628 907
20628 10293 907
10293 8325 907
8325 36605 907
36605 40961 907
40961 12160 907
12160 31975 907
31975 33570 907
33570 13657 907
13657 26879 907
26879 11095 907
11095 6073 907
6073 19049 907
19049 26268 907
26268 39327 907
39327 23885 907
23885 39095 907
39095 19214 907
19214 34553 907
34553 31505 907
31505 21857 907
21857 18006 907
18006 17211 907
17211 26366 907
26366 2667 907
2667 18315 907
18315 11943 907
11943 20249 907
20249 34287 907
34287 12389 907
12389 9745 907
9745 37695 907
37695 21600 907
21600 13844 907
13844 36383 907
36383 27941 907
27941 21747 907
21747 23113 907
23113 5817 907
5817 26667 907
26667 23186 907
23186 21215 907
21215 29702 907
29702 40460 907
40460 5394 907
5394 22644 907
22644 9004 907
9004 3098 907
3098 23149 907
23149 8690 907
8690 6043 907
6043 16802 907
16802 5452 907
5452 36163 907
36163 22786 907
22786 26184 907
26184 27838 907
27838 25895 907
25895 5859 907
5859 18392 907
18392 40966 907
40966 32242 907
32242 33155 907
33155 16911 907
16911 3312 907
3312 1149 907
1149 38362 907
38362 32649 907
32649 26977 907
26977 23074 907
23074 668 907
668 25024 907
25024 25906 907
25906 28321 907
28321 30736 907
30736 41410 907
41410 39261 907
39261 3335 907
3335 27819 907
27819 15623 907
15623 5071 907
5071 20136 907
20136 34458 907
34458 41398 907
41398 12281 907
12281 14180 907
14180 35188 907
35188 6623 907
6623 6088 907
6088 16590 907
16590 41264 907
41264 17000 907
17000 1730 907
1730 28006 907
28006 6570 907
6570 8794 907
8794 34386 907
34386 21552 907
21552 3745 907
3745 24307 907
24307 36465 907
36465 14262 907
14262 9000 907
9000 710 907
710 35334 907
35334 21290 907
21290 6970 907
6970 27273 907
27273 40941 907
40941 27019 907
27019 26325 907
26325 38986 907
38986 32628 907
32628 3667 907
3667 17957 907
17957 3880 907
3880 20988 907
20988 1339 907
1339 6814 907
6814 4920 907
4920 6915 907
6915 30966 907
30966 30268 907
30268 30832 907
30832 20808 907
20808 33964 907
33964 23993 907
23993 26747 907
26747 10436 907
10436 32880 907
32880 10790 907
10790 25487 907
25487 22060 907
22060 23143 907
23143 29026 907
29026 22153 907
22153 32051 907
32051 20395 907
20395 41267 907
41267 16226 907
16226 19946 907
19946 19963 907
19963 24300 907
24300 31576 907
31576 37257 907
37257 17821 907
17821 5419 907
5419 10326 907
10326 22420 907
22420 8478 907
8478 6036 907
6036 19124 907
19124 41836 907
41836 19830 907
19830 26770 907
26770 7607 907
7607 23223 907
23223 21069 907
21069 2863 907
2863 36749 907
36749 36245 907
36245 27411 907
27411 35438 907
35438 691 907
691 2750 907
2750 15296 907
15296 22450 907
22450 1550 907
1550 34908 907
34908 28820 907
28820 38612 907
38612 26141 907
26141 4249 907
4249 26498 907
26498 19637 907
19637 26824 907
26824 4786 907
4786 6306 907
6306 37153 907
37153 3229 907
3229 7436 907
7436 23525 907
23525 32053 907
32053 24277 907
24277 29284 907
29284 36241 907
36241 3178 907
3178 32381 907
32381 39942 907
39942 33623 907
33623 39103 907
39103 20237 907
20237 17068 907
17068 39974 907
39974 695 907
695 40148 907
40148 5173 907
5173 26293 907
26293 5414 907
5414 12986 907
12986 35011 907
35011 3528 907
3528 3362 907
3362 18830 907
18830 11989 907
11989 2883 907
2883 37425 907
37425 7271 907
7271 18479 907
18479 4259 907
4259 7356 907
7356 7432 907
7432 25514 907
25514 35772 907
35772 26504 907
26504 30082 907
30082 40973 907
40973 32555 907
32555 33043 907
33043 29314 907
29314 4824 907
4824 28088 907
28088 11720 907
11720 37436 907
37436 16610 907
16610 17306 907
17306 31295 907
31295 1241 907
1241 25363 907
25363 41963 907
41963 18046 907
18046 11368 907
11368 13497 907
13497 17254 907
17254 5513 907
5513 21859 907
21859 2912 907
2912 15568 907
15568 33831 907
33831 8781 907
8781 1423 907
1423 37491 907
37491 29173 907
29173 14419 907
14419 8180 907
8180 38408 907
38408 11424 907
11424 30093 907
30093 11822 907
11822 9399 907
9399 25782 907
25782 21906 907
21906 12809 907
12809 19793 907
19793 11897 907
11897 22552 907
22552 36913 907
36913 26454 907
26454 35159 907
35159 13394 907
13394 968 907
968 37758 907
37758 25529 907
25529 27225 907
27225 28994 907
28994 18170 907
18170 3816 907
3816 12648 907
12648 32475 907
32475 17250 907
17250 11645 907
11645 22692 907
22692 32260 907
32260 8805 907
8805 16581 907
16581 34798 907
34798 11950 907
11950 8524 907
8524 23498 907
23498 27141 907
27141 18089 907
18089 18273 907
18273 35549 907
35549 15287 907
15287 33094 907
33094 22516 907
22516 27338 907
27338 26961 907
26961 18106 907
18106 21187 907
21187 35105 907
35105 37553 907
37553 35143 907
35143 14196 907
14196 24247 907
24247 1816 907
1816 1577 907
1577 17294 907
17294 40545 907
40545 16155 907
16155 14699 907
14699 15924 907
15924 37039 907
37039 28571 907
28571 16124 907
16124 2169 907
2169 31068 907
31068 20580 907
20580 13570 907
13570 41413 907
41413 2157 907
2157 24168 907
24168 9183 907
9183 36115 907
36115 16672 907
16672 5391 907
5391 35316 907
35316 21348 907
21348 8059 907
8059 8479 907
8479 14179 907
14179 29832 907
29832 4468 907
4468 13145 907
13145 4265 907
4265 7422 907
7422 6200 907
6200 15286 907
15286 22223 907
22223 7168 907
7168 5154 907
5154 38427 907
38427 38784 907
38784 40636 907
40636 6026 907
6026 25928 907
25928 1483 907
1483 3435 907
3435 19198 907
19198 15928 907
15928 5885 907
5885 27058 907
27058 19414 907
19414 21287 907
21287 11618 907
11618 41283 907
41283 29300 907
29300 9011 907
9011 28640 907
28640 39574 907
39574 14248 907
14248 3480 907
3480 5631 907
5631 11898 907
11898 4271 907
4271 19022 907
19022 35055 907
35055 26593 907
26593 9252 907
9252 6589 907
6589 24898 907
24898 30511 907
30511 8731 907
8731 37192 907
37192 28803 907
28803 14378 907
14378 4841 907
4841 8981 907
8981 31123 907
31123 19894 907
19894 27230 907
27230 26730 907
26730 38977 907
38977 29865 907
29865 15034 907
15034 285 907
285 40467 907
40467 40797 907
40797 37912 907
37912 12502 907
12502 13359 907
13359 22626 907
22626 30388 907
30388 17838 907
17838 1613 907
1613 17020 907
17020 15572 907
15572 13528 907
13528 18514 907
18514 29703 907
29703 33890 907
33890 28867 907
28867 40498 907
40498 10093 907
10093 15573 907
15573 18130 907
18130 5479 907
5479 12767 907
12767 24724 907
24724 10879 907
10879 13440 907
13440 37693 907
37693 5948 907
5948 16572 907
16572 39801 907
39801 12636 907
12636 3949 907
3949 38871 907
38871 3006 907
3006 17696 907
17696 11992 907
11992 16553 907
16553 535 907
535 26811 907
26811 12617 907
12617 11656 907
11656 4858 907
4858 3180 907
3180 9698 907
9698 5582 907
5582 22987 907
22987 29797 907
29797 32400 907
32400 37156 907
37156 27067 907
27067 19621 907
19621 20199 907
20199 39128 907
39128 38015 907
38015 35025 907
35025 34246 907
34246 30930 907
30930 11557 907
11557 15532 907
15532 10062 907
10062 19438 907
19438 41051 907
41051 26693 907
26693 19002 907
19002 39908 907
39908 36501 907
36501 27163 907
27163 246 907
246 7725 907
7725 3585 907
3585 6936 907
6936 28099 907
28099 28033 907
28033 33767 907
33767 6727 907
6727 35836 907
35836 36631 907
36631 15757 907
15757 2844 907
2844 31019 907
31019 4157 907
4157 21778 907
21778 37446 907
37446 32376 907
32376 7596 907
7596 16065 907
16065 8003 907
8003 35596 907
35596 18693 907
18693 29003 907
29003 14307 907
14307 14591 907
14591 41096 907
41096 30427 907
30427 26810 907
26810 17761 907
17761 19611 907
19611 10827 907
10827 18861 907
18861 7842 907
7842 31347 907
31347 19048 907
19048 41658 907
41658 8808 907
8808 11939 907
11939 26624 907
26624 29159 907
29159 41780 907
41780 23961 907
23961 19069 907
19069 2958 907
2958 209 907
209 25387 907
25387 20524 907
20524 29100 907
29100 40538 907
40538 21007 907
21007 19468 907
19468 34689 907
34689 16709 907
16709 20664 907
20664 35243 907
35243 9876 907
9876 18473 907
18473 41633 907
41633 16812 907
16812 8216 907
8216 39840 907
39840 14091 907
14091 2333 907
2333 1296 907
1296 34269 907
34269 12311 907
12311 41276 907
41276 39610 907
39610 4811 907
4811 29307 907
29307 5881 907
5881 21437 907
21437 2753 907
2753 551 907
551 13671 907
13671 1556 907
1556 3932 907
3932 33771 907
33771 33638 907
33638 41835 907
41835 17451 907
17451 21230 907
21230 9676 907
9676 34661 907
34661 37905 907
37905 4544 907
4544 36213 907
36213 25092 907
25092 38682 907
38682 4903 907
4903 3993 907
3993 374 907
374 31797 907
31797 37974 907
37974 30178 907
30178 28659 907
28659 34391 907
34391 21040 907
21040 6437 907
6437 35769 907
35769 5359 907
5359 115 907
115 35594 907
35594 38283 907
38283 32960 907
32960 6267 907
6267 3247 907
3247 3874 907
3874 37896 907
37896 29999 907
29999 32989 907
32989 36562 907
36562 30506 907
30506 24791 907
24791 27028 907
27028 20649 907
20649 26828 907
26828 21902 907
21902 18137 907
18137 37027 907
37027 17210 907
17210 24895 907
24895 26048 907
26048 10969 907
10969 24765 907
24765 36841 907
36841 14071 907
14071 19479 907
19479 23081 907
23081 10519 907
10519 15495 907
15495 515 907
515 9153 907
9153 25548 907
25548 2568 907
2568 33215 907
33215 37970 907
37970 17576 907
17576 39043 907
39043 19947 907
19947 34101 907
34101 35579 907
35579 15740 907
15740 10314 907
10314 12987 907
12987 11875 907
11875 12036 907
12036 12099 907
12099 33972 907
33972 9969 907
9969 18191 907
18191 17163 907
17163 37012 907
37012 21240 907
21240 30447 907
30447 37363 907
37363 26588 907
26588 33795 907
33795 41558 907
41558 28975 907
28975 18795 907
18795 2651 907
2651 18459 907
18459 16338 907
16338 12420 907
12420 12426 907
12426 33612 907
33612 14051 907
14051 16705 907
16705 38386 907
38386 35906 907
35906 20750 907
20750 15392 907
15392 39182 907
39182 1591 907
1591 24687 907
24687 37639 907
37639 30897 907
30897 14402 907
14402 1255 907
1255 40874 907
40874 8300 907
8300 37560 907
37560 26429 907
26429 4377 907
4377 13714 907
13714 2344 907
2344 16311 907
16311 21293 907
21293 7919 907
7919 28184 907
28184 38947 907
38947 5831 907
5831 18754 907
18754 35687 907
35687 10003 907
10003 41539 907
41539 37911 907
37911 21893 907
21893 25803 907
25803 22100 907
22100 11433 907
11433 15168 907
15168 25828 907
25828 5741 907
5741 13128 907
13128 41665 907
41665 21976 907
21976 35032 907
35032 16020 907
16020 16838 907
16838 20644 907
20644 3508 907
3508 15441 907
15441 16637 907
16637 6642 907
6642 1812 907
1812 25090 907
25090 33246 907
33246 25908 907
25908 17591 907
17591 6572 907
6572 35704 907
35704 6477 907
6477 895 907
895 14368 907
14368 19059 907
19059 29591 907
29591 12722 907
12722 20258 907
20258 11365 907
11365 5576 907
5576 17093 907
17093 35410 907
35410 13153 907
13153 363 907
363 24674 907
24674 1883 907
1883 31327 907
31327 7519 907
7519 19730 907
19730 36601 907
36601 33454 907
33454 26486 907
26486 28697 907
28697 11954 907
11954 21133 907
21133 18525 907
18525 40251 907
40251 27344 907
27344 28542 907
28542 23398 907
23398 26953 907
26953 7963 907
7963 32801 907
32801 16841 907
16841 19774 907
19774 23237 907
23237 1624 907
1624 9075 907
9075 1829 907
1829 14707 907
14707 29363 907
29363 21001 907
21001 19053 907
19053 10147 907
10147 34277 907
34277 28482 907
28482 3618 907
3618 18099 907
18099 12046 907
12046 5754 907
5754 38693 907
38693 20131 907
20131 24086 907
24086 31424 907
31424 4679 907
4679 20081 907
20081 8099 907
8099 62 907
62 28850 907
28850 34792 907
34792 33907 907
33907 39470 907
39470 16096 907
16096 13709 907
13709 200 907
200 13149 907
13149 8499 907
8499 22272 907
22272 4631 907
4631 29434 907
29434 39450 907
39450 35394 907
35394 21440 907
21440 18477 907
18477 19893 907
19893 399 907
399 16357 907
16357 2845 907
2845 17345 907
17345 31660 907
31660 28903 907
28903 21522 907
21522 2864 907
2864 35241 907
35241 11776 907
11776 14112 907
14112 17416 907
17416 29690 907
29690 34563 907
34563 21919 907
21919 25467 907
25467 22364 907
22364 31135 907
31135 3173 907
3173 22809 907
22809 16140 907
16140 16069 907
16069 22173 907
22173 845 907
845 395 907
395 25807 907
25807 32279 907
32279 25642 907
25642 18812 907
18812 24301 907
24301 18867 907
18867 19713 907
19713 9383 907
9383 8073 907
8073 14027 907
14027 27770 907
27770 3848 907
3848 11217 907
11217 36089 907
36089 38695 907
38695 9441 907
9441 28345 907
28345 28095 907
28095 40094 907
40094 23973 907
23973 34317 907
34317 21885 907
21885 4730 907
4730 33310 907
33310 13976 907
13976 20463 907
20463 5753 907
5753 14830 907
14830 15783 907
15783 11482 907
11482 31415 907
31415 7600 907
7600 3913 907
3913 13474 907
13474 12653 907
12653 9102 907
9102 16239 907
16239 26877 907
26877 5662 907
5662 40045 907
40045 21969 907
21969 38385 907
38385 9165 907
9165 14253 907
14253 15449 907
15449 7092 907
7092 1105 907
1105 35372 907
35372 16905 907
16905 1278 907
1278 22961 907
22961 33029 907
33029 19510 907
19510 38370 907
38370 26307 907
26307 27007 907
27007 29741 907
29741 318 907
318 20097 907
20097 1515 907
1515 22828 907
22828 2593 907
2593 17893 907
17893 18955 907
18955 2531 907
2531 23586 907
23586 14493 907
14493 31681 907
31681 35166 907
35166 1272 907
1272 25088 907
25088 29125 907
29125 10066 907
10066 23865 907
23865 34704 907
34704 28714 907
28714 28005 907
28005 13300 907
13300 1762 907
1762 33151 907
33151 37874 907
37874 3222 907
3222 35189 907
35189 8166 907
8166 2272 907
2272 28669 907
28669 21591 907
21591 13720 907
13720 19484 907
19484 2682 907
2682 17440 907
17440 12758 907
12758 7545 907
7545 31480 907
31480 28094 907
28094 22955 907
22955 489 907
489 6878 907
6878 9945 907
9945 13837 907
13837 16613 907
16613 36755 907
36755 34525 907
34525 15990 907
15990 33158 907
33158 17123 907
17123 27534 907
27534 25776 907
25776 30485 907
30485 2259 907
2259 35153 907
35153 1460 907
1460 5180 907
5180 38295 907
38295 39379 907
39379 22453 907
22453 15840 907
15840 6728 907
6728 8905 907
8905 41365 907
41365 10851 907
10851 36365 907
36365 10724 907
10724 24038 907
24038 13526 907
13526 25271 907
25271 24402 907
24402 33234 907
33234 8801 907
8801 28333 907
28333 30907 907
30907 23434 907
23434 11066 907
11066 2437 907
2437 34285 907
34285 3991 907
3991 22728 907
22728 5427 907
5427 16335 907
16335 21574 907
21574 41509 907
41509 28222 907
28222 20414 907
20414 650 907
650 1544 907
1544 34159 907
34159 16725 907
16725 24706 907
24706 29632 907
29632 28861 907
28861 24144 907
24144 14016 907
14016 14629 907
14629 7773 907
7773 18314 907
18314 10012 907
10012 30982 907
30982 31514 907
31514 34697 907
34697 32994 907
32994 19294 907
19294 228 907
228 11229 907
11229 34067 907
34067 30733 907
30733 4519 907
4519 41134 907
41134 32644 907
32644 13937 907
13937 5796 907
5796 15020 907
15020 36976 907
36976 31242 907
31242 16530 907
16530 31323 907
31323 21532 907
21532 27784 907
27784 41951 907
41951 18237 907
18237 8632 907
8632 25392 907
25392 21135 907
21135 33374 907
33374 13638 907
13638 12979 907
12979 11244 907
11244 14211 907
14211 21363 907
21363 16749 907
16749 19300 907
19300 6319 907
6319 14217 907
14217 39211 907
39211 24296 907
24296 39175 907
39175 40666 907
40666 1258 907
1258 21081 907
21081 2326 907
2326 20266 907
20266 5240 907
5240 27363 907
27363 4052 907
4052 29034 907
29034 24685 907
24685 27563 907
27563 39410 907
39410 17661 907
17661 35252 907
35252 30800 907
30800 34855 907
34855 33616 907
33616 9409 907
9409 19777 907
19777 21925 907
21925 19754 907
19754 14915 907
14915 24348 907
24348 17387 907
17387 35900 907
35900 30026 907
30026 26449 907
26449 4213 907
4213 25471 907
25471 9778 907
9778 11771 907
11771 10640 907
10640 13547 907
13547 41881 907
41881 41961 907
41961 31901 907
31901 7740 907
7740 39275 907
39275 21565 907
21565 38438 907
38438 6356 907
6356 2777 907
2777 27582 907
27582 34291 907
34291 16743 907
16743 18685 907
18685 5143 907
5143 9598 907
9598 26783 907
26783 20651 907
20651 30449 907
30449 28263 907
28263 8665 907
8665 27677 907
27677 32821 907
32821 19559 907
19559 20934 907
20934 33583 907
33583 8793 907
8793 35956 907
35956 13947 907
13947 13719 907
13719 20810 907
20810 6031 907
6031 24087 907
24087 5619 907
5619 1124 907
1124 7401 907
7401 25156 907
25156 815 907
815 19896 907
19896 30747 907
30747 18403 907
18403 23083 907
23083 10064 907
10064 38421 907
38421 30222 907
30222 20212 907
20212 18071 907
18071 31977 907
31977 5803 907
5803 28146 907
28146 5490 907
5490 29252 907
29252 23872 907
23872 38309 907
38309 19291 907
19291 14306 907
14306 37826 907
37826 18744 907
18744 16059 907
16059 41729 907
41729 10421 907
10421 28810 907
28810 32980 907
32980 37489 907
37489 8406 907
8406 8036 907
8036 34282 907
34282 6276 907
6276 41166 907
41166 41481 907
41481 13646 907
13646 31668 907
31668 39536 907
39536 2789 907
2789 16778 907
16778 39071 907
39071 21707 907
21707 2196 907
2196 18817 907
18817 35094 907
35094 11030 907
11030 29911 907
29911 682 907
682 1728 907
1728 10323 907
10323 8618 907
8618 13725 907
13725 2274 907
2274 26355 907
26355 41054 907
41054 9524 907
9524 23807 907
23807 37182 907
37182 39978 907
39978 15678 907
15678 28223 907
28223 21999 907
21999 38891 907
38891 30723 907
30723 28764 907
28764 41368 907
41368 29576 907
29576 15975 907
15975 30756 907
30756 5995 907
5995 6669 907
6669 34061 907
34061 40935 907
40935 7543 907
7543 40723 907
40723 24332 907
24332 31974 907
31974 24259 907
24259 11017 907
11017 1342 907
1342 16085 907
16085 10283 907
10283 36118 907
36118 33484 907
33484 18546 907
18546 18266 907
18266 25017 907
25017 22910 907
22910 40899 907
40899 20425 907
20425 19895 907
19895 25129 907
25129 6888 907
6888 15872 907
15872 23689 907
23689 23096 907
23096 11636 907
11636 24457 907
24457 10948 907
10948 28606 907
28606 41706 907
41706 29643 907
29643 12712 907
12712 7898 907
7898 1809 907
1809 13434 907
13434 4173 907
4173 36982 907
36982 37128 907
37128 20057 907
20057 36460 907
36460 1823 907
1823 17426 907
17426 25258 907
25258 985 907
985 27246 907
27246 10087 907
10087 34670 907
34670 41111 907
41111 4690 907
4690 16022 907
16022 31852 907
31852 11535 907
11535 15024 907
15024 26270 907
26270 27837 907
27837 36169 907
36169 32570 907
32570 1787 907
1787 6633 907
6633 23137 907
23137 24699 907
24699 27897 907
27897 17264 907
17264 37770 907
37770 23273 907
23273 21136 907
21136 25713 907
25713 26760 907
26760 20228 907
20228 23911 907
23911 5245 907
5245 35165 907
35165 37292 907
37292 17030 907
17030 21957 907
21957 18217 907
18217 39639 907
39639 839 907
839 607 907
607 1179 907
1179 4135 907
4135 19385 907
19385 4069 907
4069 3779 907
3779 32347 907
32347 7984 907
7984 3111 907
3111 34743 907
34743 5974 907
5974 40386 907
40386 14279 907
14279 22690 907
22690 19298 907
19298 19278 907
19278 34992 907
34992 34775 907
34775 3952 907
3952 39546 907
39546 11588 907
11588 29912 907
29912 14816 907
14816 7098 907
7098 21660 907
21660 34471 907
34471 38735 907
38735 36690 907
36690 7341 907
7341 12852 907
12852 7560 907
7560 3973 907
3973 12040 907
12040 28930 907
28930 7599 907
7599 23762 907
23762 3546 907
3546 30291 907
30291 8663 907
8663 33316 907
33316 3043 907
3043 29940 907
29940 417 907
417 29971 907
29971 12178 907
12178 7558 907
7558 24140 907
24140 3051 907
3051 6658 907
6658 18269 907
18269 27740 907
27740 29140 907
29140 40783 907
40783 25691 907
25691 10224 907
10224 29757 907
29757 36687 907
36687 5680 907
5680 3867 907
3867 31313 907
31313 39052 907
39052 3794 907
3794 29623 907
29623 7010 907
7010 5541 907
5541 10961 907
10961 36766 907
36766 14431 907
14431 31066 907
31066 8631 907
8631 1888 907
1888 795 907
795 35912 907
35912 16055 907
16055 28161 907
28161 11489 907
11489 6354 907
6354 33344 907
33344 20552 907
20552 2801 907
2801 12179 907
12179 36538 907
36538 29768 907
29768 4326 907
4326 24871 907
24871 23423 907
23423 37410 907
37410 2955 907
2955 14774 907
14774 20850 907
20850 13267 907
13267 38418 907
38418 35605 907
35605 12021 907
12021 1156 907
1156 13480 907
13480 25990 907
25990 24866 907
24866 4813 907
4813 33839 907
33839 15956 907
15956 16595 907
16595 33394 907
33394 20120 907
20120 7714 907
7714 16212 907
16212 7632 907
7632 32112 907
32112 22338 907
22338 33588 907
33588 32179 907
32179 17124 907
17124 16243 907
16243 16632 907
16632 3428 907
3428 37662 907
37662 11642 907
11642 17803 907
17803 17712 907
17712 19315 907
19315 38420 907
38420 12856 907
12856 30770 907
30770 6110 907
6110 157 907
157 35734 907
35734 21843 907
21843 25593 907
25593 2519 907
2519 30064 907
30064 33153 907
33153 7583 907
7583 30352 907
30352 3826 907
3826 3566 907
3566 15397 907
15397 26700 907
26700 2139 907
2139 11610 907
11610 37159 907
37159 30415 907
30415 17192 907
17192 26350 907
26350 27676 907
27676 22437 907
22437 32017 907
32017 18436 907
18436 17865 907
17865 13024 907
13024 13135 907
13135 4395 907
4395 27779 907
27779 11359 907
11359 16462 907
16462 19070 907
19070 13598 907
13598 33604 907
33604 31198 907
31198 25738 907
25738 681 907
681 41684 907
41684 20829 907
20829 37627 907
37627 17944 907
17944 10009 907
10009 10594 907
10594 40698 907
40698 20354 907
20354 1170 907
1170 6401 907
6401 34958 907
34958 30545 907
30545 30550 907
30550 1676 907
1676 6041 907
6041 32650 907
32650 1733 907
1733 37710 907
37710 12438 907
12438 3884 907
3884 19228 907
19228 15371 907
15371 13553 907
13553 15817 907
15817 13697 907
13697 31318 907
31318 39631 907
39631 40696 907
40696 937 907
937 6639 907
6639 11549 907
11549 30125 907
30125 16157 907
16157 25580 907
25580 34679 907
34679 37383 907
37383 2452 907
2452 9394 907
9394 27497 907
27497 41721 907
41721 7756 907
7756 24970 907
24970 1059 907
1059 8081 907
8081 5034 907
5034 5257 907
5257 31340 907
31340 28116 907
28116 38337 907
38337 19372 907
19372 39449 907
39449 5468 907
5468 18966 907
18966 36783 907
36783 39179 907
39179 3358 907
3358 31802 907
31802 2152 907
2152 31176 907
31176 18407 907
18407 17372 907
17372 9852 907
9852 5077 907
5077 24996 907
24996 37625 907
37625 4384 907
4384 22285 907
22285 6773 907
6773 10162 907
10162 33362 907
33362 15742 907
15742 19992 907
19992 12760 907
12760 6958 907
6958 13481 907
13481 20706 907
20706 11201 907
11201 22162 907
22162 24916 907
24916 398 907
398 30765 907
30765 18865 907
18865 20149 907
20149 31884 907
31884 39368 907
39368 2044 907
2044 1430 907
1430 16386 907
16386 37252 907
37252 26116 907
26116 33207 907
33207 33535 907
33535 41990 907
41990 22505 907
22505 15574 907
15574 10613 907
10613 34805 907
34805 27657 907
27657 9581 907
9581 24774 907
24774 22184 907
22184 3663 907
3663 34841 907
34841 37828 907
37828 23334 907
23334 9635 907
9635 30787 907
30787 25736 907
25736 16339 907
16339 5704 907
5704 31166 907
31166 17844 907
17844 28122 907
28122 16690 907
16690 5511 907
5511 14153 907
14153 34003 907
34003 26791 907
26791 9294 907
9294 17472 907
17472 8017 907
8017 16149 907
16149 28198 907
28198 21776 907
21776 13934 907
13934 25154 907
25154 23115 907
23115 19597 907
19597 30995 907
30995 35282 907
35282 36650 907
36650 41570 907
41570 16580 907
16580 29380 907
29380 2439 907
2439 17670 907
17670 16788 907
16788 10082 907
10082 36418 907
36418 17930 907
17930 38310 907
38310 16515 907
16515 29081 907
29081 6425 907
6425 39904 907
39904 6165 907
6165 7738 907
7738 20310 907
20310 439 907
439 10144 907
10144 41000 907
41000 5733 907
5733 36328 907
36328 36102 907
36102 31690 907
31690 27112 907
27112 39453 907
39453 30984 907
30984 26951 907
26951 34522 907
34522 2028 907
2028 8615 907
8615 20142 907
20142 7382 907
7382 39501 907
39501 3996 907
3996 22947 907
22947 8507 907
8507 6094 907
6094 12119 907
12119 14669 907
14669 27105 907
27105 29594 907
29594 17684 907
17684 24245 907
24245 5371 907
5371 21286 907
21286 20912 907
20912 35802 907
35802 15639 907
15639 14709 907
14709 14197 907
14197 41971 907
41971 29249 907
29249 34056 907
34056 19465 907
19465 11062 907
11062 34226 907
34226 39953 907
39953 4876 907
4876 22412 907
22412 40230 907
40230 25326 907
25326 19739 907
19739 41375 907
41375 16447 907
16447 40243 907
40243 3990 907
3990 29748 907
29748 31906 907
31906 28496 907
28496 18409 907
18409 25269 907
25269 41982 907
41982 13682 907
13682 34426 907
34426 28616 907
28616 20176 907
20176 21329 907
21329 28664 907
28664 16803 907
16803 20752 907
20752 26710 907
26710 26937 907
26937 40603 907
40603 13865 907
13865 36568 907
36568 31160 907
31160 19024 907
19024 7854 907
7854 18365 907
18365 13787 907
13787 13753 907
13753 9170 907
9170 17253 907
17253 18361 907
18361 38342 907
38342 15543 907
15543 3387 907
3387 34332 907
34332 29540 907
29540 28848 907
28848 2544 907
2544 29537 907
29537 20155 907
20155 31482 907
31482 6909 907
6909 16489 907
16489 25430 907
25430 12113 907
12113 25582 907
25582 14996 907
14996 2127 907
2127 18341 907
18341 17925 907
17925 29570 907
29570 19614 907
19614 24786 907
24786 34339 907
34339 39734 907
39734 22282 907
22282 40721 907
40721 37237 907
37237 11965 907
11965 3988 907
3988 25956 907
25956 16084 907
16084 41931 907
41931 5768 907
5768 31410 907
31410 29975 907
29975 31021 907
31021 18533 907
18533 29309 907
29309 37829 907
37829 31562 907
31562 28645 907
28645 36754 907
36754 2356 907
2356 2603 907
2603 38535 907
38535 39198 907
39198 33984 907
33984 40735 907
40735 19402 907
19402 6458 907
6458 20293 907
20293 8313 907
8313 32805 907
32805 34326 907
34326 8825 907
8825 29162 907
29162 14147 907
14147 7082 907
7082 6249 907
6249 37780 907
37780 3382 907
3382 22758 907
22758 26707 907
26707 26230 907
26230 37532 907
37532 40611 907
40611 5241 907
5241 6567 907
6567 28230 907
28230 15372 907
15372 11680 907
11680 10956 907
10956 36335 907
36335 26883 907
26883 27447 907
27447 37804 907
37804 14687 907
14687 227 907
227 38273 907
38273 1513 907
1513 35043 907
35043 13986 907
13986 13679 907
13679 38525 907
38525 19676 907
19676 11141 907
11141 34779 907
34779 41102 907
41102 19424 907
19424 3957 907
3957 27733 907
27733 1384 907
1384 38567 907
38567 19564 907
19564 1664 907
1664 7051 907
7051 5113 907
5113 15789 907
15789 31902 907
31902 26527 907
26527 1014 907
1014 31676 907
31676 22922 907
22922 6538 907
6538 7366 907
7366 11889 907
11889 13003 907
13003 41969 907
41969 29712 907
29712 38953 907
38953 7539 907
7539 40991 907
40991 14961 907
14961 851 907
851 31648 907
31648 15068 907
15068 35450 907
35450 7054 907
7054 37038 907
37038 5638 907
5638 2608 907
2608 15753 907
15753 5415 907
5415 27982 907
27982 3661 907
3661 20972 907
20972 24430 907
24430 4924 907
4924 36148 907
36148 35684 907
35684 3261 907
3261 9531 907
9531 31619 907
31619 39413 907
39413 13261 907
13261 24731 907
24731 5858 907
5858 34796 907
34796 38002 907
38002 35445 907
35445 32488 907
32488 48 907
48 6782 907
6782 37036 907
37036 40044 907
40044 31795 907
31795 34404 907
34404 16007 907
16007 41389 907
41389 40872 907
40872 37620 907
37620 10395 907
10395 18319 907
18319 4093 907
4093 10342 907
10342 24231 907
24231 3766 907
3766 30315 907
30315 39560 907
39560 32518 907
32518 18189 907
18189 21873 907
21873 3917 907
3917 13945 907
13945 9431 907
9431 37754 907
37754 7111 907
7111 33431 907
33431 24757 907
24757 25955 907
25955 542 907
542 21571 907
21571 19421 907
19421 34271 907
34271 25213 907
25213 16038 907
16038 41728 907
41728 14801 907
14801 10292 907
10292 1503 907
1503 11436 907
11436 2052 907
2052 32189 907
32189 34555 907
34555 19132 907
19132 4401 907
4401 36005 907
36005 33075 907
33075 10700 907
10700 16481 907
16481 33500 907
33500 8892 907
8892 13327 907
13327 36847 907
36847 4800 907
4800 34536 907
34536 1353 907
1353 35335 907
35335 29843 907
29843 24624 907
24624 4637 907
4637 25743 907
25743 7522 907
7522 34566 907
34566 43 907
43 41776 907
41776 20542 907
20542 20022 907
20022 38108 907
38108 39913 907
39913 251 907
251 38801 907
38801 2288 907
2288 25293 907
25293 13113 907
13113 11020 907
11020 8067 907
8067 40943 907
40943 9062 907
9062 21458 907
21458 34630 907
34630 22952 907
22952 1428 907
1428 1671 907
1671 22527 907
22527 34295 907
34295 26321 907
26321 16317 907
16317 16209 907
16209 37154 907
37154 27790 907
27790 21721 907
21721 27383 907
27383 16599 907
16599 2587 907
2587 1024 907
1024 39849 907
39849 24910 907
24910 11135 907
11135 20039 907
20039 33280 907
33280 17242 907
17242 2477 907
2477 37735 907
37735 11132 907
11132 39898 907
39898 15047 907
15047 14488 907
14488 5272 907
5272 32877 907
32877 19681 907
19681 29841 907
29841 30662 907
30662 37541 907
37541 25216 907
25216 20065 907
20065 30068 907
30068 12299 907
12299 9129 907
9129 28196 907
28196 13129 907
13129 1228 907
1228 15923 907
15923 31866 907
31866 4128 907
4128 1615 907
1615 35449 907
35449 20246 907
20246 15941 907
15941 5102 907
5102 21997 907
21997 23383 907
23383 21326 907
21326 39517 907
39517 8162 907
8162 37040 907
37040 23306 907
23306 8537 907
8537 33528 907
33528 1189 907
1189 25976 907
25976 20790 907
20790 25819 907
25819 40337 907
40337 18509 907
18509 2915 907
2915 30379 907
30379 8856 907
8856 8062 907
8062 13344 907
13344 38618 907
38618 19312 907
19312 7218 907
7218 16362 907
16362 21226 907
21226 21413 907
21413 27314 907
27314 26353 907
26353 18454 907
18454 7876 907
7876 9636 907
9636 31796 907
31796 18864 907
18864 26657 907
26657 18190 907
18190 37244 907
37244 4016 907
4016 39457 907
39457 35966 907
35966 742 907
742 35071 907
35071 9283 907
9283 28174 907
28174 40496 907
40496 7505 907
7505 37663 907
37663 38652 907
38652 37579 907
37579 8203 907
8203 15000 907
15000 20709 907
20709 10470 907
10470 2799 907
2799 2790 907
2790 19182 907
19182 21470 907
21470 39437 907
39437 12994 907
12994 40124 907
40124 33908 907
33908 16309 907
16309 32160 907
32160 40193 907
40193 38694 907
38694 34876 907
34876 20974 907
20974 31693 907
31693 27974 907
27974 20570 907
20570 21639 907
21639 35873 907
35873 17005 907
17005 3985 907
3985 23118 907
23118 3136 907
3136 29302 907
29302 8144 907
8144 7572 907
7572 10217 907
10217 1710 907
1710 19679 907
19679 13217 907
13217 41809 907
41809 13455 907
13455 38761 907
38761 39921 907
39921 12196 907
12196 28066 907
28066 1880 907
1880 19814 907
19814 25169 907
25169 16340 907
16340 11312 907
11312 37125 907
37125 33135 907
33135 41148 907
41148 11307 907
11307 29764 907
29764 9212 907
9212 23533 907
23533 1777 907
1777 12203 907
12203 7880 907
7880 28984 907
28984 6966 907
6966 3764 907
3764 21302 907
21302 10007 907
10007 41114 907
41114 21312 907
21312 32745 907
32745 38348 907
38348 3491 907
3491 21262 907
21262 27872 907
27872 2663 907
2663 34942 907
34942 41147 907
41147 6007 907
6007 11111 907
11111 4891 907
4891 38553 907
38553 40184 907
40184 38140 907
38140 2796 907
2796 31122 907
31122 31305 907
31305 40639 907
40639 36199 907
36199 19201 907
19201 7769 907
7769 23802 907
23802 28642 907
28642 35551 907
35551 24738 907
24738 8859 907
8859 12269 907
12269 18943 907
18943 31213 907
31213 28641 907
28641 10881 907
10881 25599 907
25599 11134 907
11134 10759 907
10759 28179 907
28179 35919 907
35919 41323 907
41323 14921 907
14921 23975 907
23975 3166 907
3166 26263 907
26263 22470 907
22470 35754 907
35754 41462 907
41462 7610 907
7610 6871 907
6871 25879 907
25879 12100 907
12100 19795 907
19795 24357 907
24357 29231 907
29231 19943 907
19943 19303 907
19303 12531 907
12531 6355 907
6355 4276 907
4276 19196 907
19196 7998 907
7998 3964 907
3964 5270 907
5270 3676 907
3676 9033 907
9033 9796 907
9796 15708 907
15708 11548 907
11548 20401 907
20401 31929 907
31929 13112 907
13112 39554 907
39554 39455 907
39455 20576 907
20576 38802 907
38802 5814 907
5814 34023 907
34023 26842 907
26842 10698 907
10698 41692 907
41692 26818 907
26818 37557 907
37557 30535 907
30535 17238 907
17238 4517 907
4517 3409 907
3409 17634 907
17634 7371 907
7371 22908 907
22908 29611 907
29611 4021 907
4021 28989 907
28989 38763 907
38763 5540 907
5540 5079 907
5079 39336 907
39336 17456 907
17456 1960 907
1960 18942 907
18942 24352 907
24352 38178 907
38178 8514 907
8514 11144 907
11144 24004 907
24004 22182 907
22182 2782 907
2782 7886 907
7886 11127 907
11127 32823 907
32823 19063 907
19063 33736 907
33736 11233 907
11233 22615 907
22615 6934 907
6934 5084 907
5084 20031 907
20031 7918 907
7918 37175 907
37175 7650 907
7650 31290 907
31290 35415 907
35415 18959 907
18959 5210 907
5210 14385 907
14385 25458 907
25458 637 907
637 23659 907
23659 2211 907
2211 9282 907
9282 13347 907
13347 24995 907
24995 12326 907
12326 10981 907
10981 30483 907
30483 11856 907
11856 11669 907
11669 37727 907
37727 39204 907
39204 16260 907
16260 993 907
993 40190 907
40190 38578 907
38578 17876 907
17876 13037 907
13037 33832 907
33832 9338 907
9338 35634 907
35634 26677 907
26677 32934 907
32934 35020 907
35020 12751 907
12751 31333 907
31333 10630 907
10630 5747 907
5747 32351 907
32351 6927 907
6927 33307 907
33307 8140 907
8140 11979 907
11979 18894 907
18894 22817 907
22817 15610 907
15610 27430 907
27430 22185 907
22185 36286 907
36286 13138 907
13138 33179 907
33179 4875 907
4875 10053 907
10053 20338 907
20338 21924 907
21924 2737 907
2737 39583 907
39583 36814 907
36814 41786 907
41786 20571 907
20571 25262 907
25262 12878 907
12878 32163 907
32163 35590 907
35590 8466 907
8466 9691 907
9691 6335 907
6335 15013 907
15013 18538 907
18538 23844 907
23844 20594 907
20594 27542 907
27542 31869 907
31869 10517 907
10517 14334 907
14334 16189 907
16189 19365 907
19365 19113 907
19113 27513 907
27513 35356 907
35356 25016 907
25016 2698 907
2698 35661 907
35661 33761 907
33761 13613 907
13613 18447 907
18447 13606 907
13606 36220 907
36220 8179 907
8179 34895 907
34895 20636 907
20636 14976 907
14976 20138 907
20138 5135 907
5135 34276 907
34276 20562 907
20562 32383 907
32383 18998 907
18998 36131 907
36131 29979 907
29979 25123 907
25123 39187 907
39187 6018 907
6018 26354 907
26354 3616 907
3616 15143 907
15143 37030 907
37030 24026 907
24026 20981 907
20981 17199 907
17199 18456 907
18456 29960 907
29960 24275 907
24275 22619 907
22619 36176 907
36176 4115 907
4115 15325 907
15325 12964 907
12964 21545 907
21545 17071 907
17071 17415 907
17415 23683 907
23683 8944 907
8944 40898 907
40898 577 907
577 14702 907
14702 22058 907
22058 6066 907
6066 12718 907
12718 2551 907
2551 22807 907
22807 4537 907
4537 15503 907
15503 31491 907
31491 10701 907
10701 33922 907
33922 30895 907
30895 8930 907
8930 10148 907
10148 12276 907
12276 41645 907
41645 7171 907
7171 911 907
911 7708 907
7708 29519 907
29519 1444 907
1444 6877 907
6877 16135 907
16135 16625 907
16625 7878 907
7878 20238 907
20238 9007 907
9007 13641 907
13641 6055 907
6055 11375 907
11375 5029 907
5029 17257 907
17257 19810 907
19810 13057 907
13057 9511 907
9511 23068 907
23068 19741 907
19741 36863 907
36863 36731 907
36731 12719 907
12719 27892 907
27892 36140 907
36140 28963 907
28963 10585 907
10585 18328 907
18328 36801 907
36801 1511 907
1511 31164 907
31164 17801 907
17801 11820 907
11820 5792 907
5792 5214 907
5214 18316 907
18316 36756 907
36756 31423 907
31423 22830 907
22830 27060 907
27060 20615 907
20615 16597 907
16597 14967 907
14967 30743 907
30743 36537 907
36537 9851 907
9851 19965 907
19965 41785 907
41785 32290 907
32290 18773 907
18773 19496 907
19496 34201 907
34201 32630 907
32630 6146 907
6146 14350 907
14350 31510 907
31510 16656 907
16656 37356 907
37356 14620 907
14620 38613 907
38613 13494 907
13494 29881 907
29881 39687 907
39687 1185 907
1185 24839 907
24839 40385 907
40385 25652 907
25652 24477 907
24477 20581 907
20581 15926 907
15926 14593 907
14593 35782 907
35782 33041 907
33041 34884 907
34884 33098 907
33098 10855 907
10855 26761 907
26761 19096 907
19096 31111 907
31111 24412 907
24412 9387 907
9387 32136 907
32136 14106 907
14106 33298 907
33298 21130 907
21130 30704 907
30704 12845 907
12845 28832 907
28832 37308 907
37308 15049 907
15049 15954 907
15954 13173 907
13173 13975 907
13975 13698 907
13698 34494 907
34494 6465 907
6465 26744 907
26744 31943 907
31943 35444 907
35444 28839 907
28839 2206 907
2206 2329 907
2329 38114 907
38114 28939 907
28939 3286 907
3286 24862 907
24862 6907 907
6907 16424 907
16424 12162 907
12162 15518 907
15518 20309 907
20309 26565 907
26565 16469 907
16469 22941 907
22941 22712 907
22712 22165 907
22165 18037 907
18037 2699 907
2699 1461 907
1461 37703 907
37703 397 907
397 5003 907
5003 14642 907
14642 40755 907
40755 21320 907
21320 36600 907
36600 38772 907
38772 28603 907
28603 37987 907
37987 12494 907
12494 36905 907
36905 27428 907
27428 25817 907
25817 38009 907
38009 38089 907
38089 8896 907
8896 31608 907
31608 33317 907
33317 10032 907
10032 37927 907
37927 6022 907
6022 21096 907
21096 36457 907
36457 13265 907
13265 40523 907
40523 9654 907
9654 31731 907
31731 40794 907
40794 596 907
596 16108 907
16108 6412 907
6412 23407 907
23407 4753 907
4753 2527 907
2527 32983 907
32983 25049 907
25049 7453 907
7453 23681 907
23681 2148 907
2148 6693 907
6693 8963 907
8963 37477 907
37477 1260 907
1260 24730 907
24730 34221 907
34221 1184 907
1184 35002 907
35002 16493 907
16493 9879 907
9879 19448 907
19448 8402 907
8402 7409 907
7409 17836 907
17836 16221 907
16221 9655 907
9655 29493 907
29493 34862 907
34862 13399 907
13399 17127 907
17127 11867 907
11867 24346 907
24346 21343 907
21343 1262 907
1262 38657 907
38657 6726 907
6726 6176 907
6176 6671 907
6671 273 907
273 16263 907
16263 40920 907
40920 1947 907
1947 40630 907
40630 21754 907
21754 32037 907
32037 34193 907
34193 16940 907
16940 15527 907
15527 17915 907
17915 15666 907
15666 29106 907
29106 21547 907
21547 20735 907
20735 9459 907
9459 26988 907
26988 13859 907
13859 35840 907
35840 31310 907
31310 15249 907
15249 15790 907
15790 32081 907
32081 35686 907
35686 5879 907
5879 10631 907
10631 30948 907
30948 7597 907
7597 10236 907
10236 39299 907
39299 5830 907
5830 17077 907
17077 4459 907
4459 34971 907
34971 28265 907
28265 22121 907
22121 35869 907
35869 37462 907
37462 7829 907
7829 34447 907
34447 20369 907
20369 28607 907
28607 11860 907
11860 37228 907
37228 25312 907
25312 18981 907
18981 8263 907
8263 19173 907
19173 27607 907
27607 18051 907
18051 23987 907
23987 35931 907
35931 12097 907
12097 23907 907
23907 31336 907
31336 13403 907
13403 20375 907
20375 3461 907
3461 28135 907
28135 23960 907
23960 5558 907
5558 11342 907
11342 9949 907
9949 2438 907
2438 22806 907
22806 41186 907
41186 28357 907
28357 15750 907
15750 4617 907
4617 12857 907
12857 24227 907
24227 25881 907
25881 12997 907
12997 38175 907
38175 29355 907
29355 1984 907
1984 29934 907
29934 529 907
529 41639 907
41639 23673 907
23673 27240 907
27240 37186 907
37186 10549 907
10549 1767 907
1767 31334 907
31334 22867 907
22867 26642 907
26642 9507 907
9507 31810 907
31810 33090 907
33090 6109 907
6109 41598 907
41598 553 907
553 40252 907
40252 7594 907
7594 5474 907
5474 20625 907
20625 2830 907
2830 35541 907
35541 22753 907
22753 1337 907
1337 29351 907
29351 6647 907
6647 10872 907
10872 33290 907
33290 38874 907
38874 23411 907
23411 33191 907
33191 10707 907
10707 23515 907
23515 3436 907
3436 11699 907
11699 40562 907
40562 29310 907
29310 4910 907
4910 39212 907
39212 4109 907
4109 24966 907
24966 13898 907
13898 26672 907
26672 40000 907
40000 27990 907
27990 4968 907
4968 24692 907
24692 10473 907
10473 29605 907
29605 15715 907
15715 4268 907
4268 10582 907
10582 27826 907
27826 38247 907
38247 10277 907
10277 39715 907
39715 29658 907
29658 4178 907
4178 34045 907
34045 23120 907
23120 15308 907
15308 20569 907
20569 32890 907
32890 34214 907
34214 34327 907
34327 5931 907
5931 6651 907
6651 1519 907
1519 5549 907
5549 12481 907
12481 3882 907
3882 12565 907
12565 26917 907
26917 25350 907
25350 37992 907
37992 30561 907
30561 5738 907
5738 28575 907
28575 9248 907
9248 11413 907
11413 26558 907
26558 4624 907
4624 26221 907
26221 653 907
653 40281 907
40281 34860 907
34860 14461 907
14461 16486 907
16486 24742 907
24742 17138 907
17138 16499 907
16499 11684 907
11684 8936 907
8936 7293 907
7293 16255 907
16255 10464 907
10464 21477 907
21477 15940 907
15940 18035 907
18035 19632 907
19632 30592 907
30592 15476 907
15476 30692 907
30692 33402 907
33402 2491 907
2491 40578 907
40578 17747 907
17747 3503 907
3503 40477 907
40477 36573 907
36573 30146 907
30146 18730 907
18730 27215 907
27215 31923 907
31923 30276 907
30276 15433 907
15433 37487 907
37487 10216 907
10216 35531 907
35531 2131 907
2131 943 907
943 16061 907
16061 15936 907
15936 15479 907
15479 22202 907
22202 30558 907
30558 8559 907
8559 20782 907
20782 17100 907
17100 15955 907
15955 17967 907
17967 33671 907
33671 29047 907
29047 37486 907
37486 36570 907
36570 32700 907
32700 388 907
388 15146 907
15146 21210 907
21210 34945 907
34945 32561 907
32561 36392 907
36392 26844 907
26844 33261 907
33261 7448 907
7448 34133 907
34133 30667 907
30667 41514 907
41514 23904 907
23904 39343 907
39343 31988 907
31988 22737 907
22737 29080 907
29080 31926 907
31926 28639 907
28639 19197 907
19197 32718 907
32718 27570 907
27570 2986 907
2986 20337 907
20337 27977 907
27977 25537 907
25537 31137 907
31137 16847 907
16847 23958 907
23958 9275 907
9275 9086 907
9086 14009 907
14009 34993 907
34993 41549 907
41549 23214 907
23214 13230 907
13230 33122 907
33122 33067 907
33067 28120 907
28120 15694 907
15694 16454 907
16454 16046 907
16046 36613 907
36613 27104 907
27104 4859 907
4859 38709 907
38709 12060 907
12060 34623 907
34623 5053 907
5053 316 907
316 24289 907
24289 39469 907
39469 13233 907
13233 37965 907
37965 16154 907
16154 32396 907
32396 27842 907
27842 12863 907
12863 10663 907
10663 16494 907
16494 9860 907
9860 2987 907
2987 19110 907
19110 19209 907
19209 11385 907
11385 15891 907
15891 9508 907
9508 21825 907
21825 36677 907
36677 34264 907
34264 20690 907
20690 31707 907
31707 5560 907
5560 7069 907
7069 26409 907
26409 20519 907
20519 1972 907
1972 27289 907
27289 3965 907
3965 39025 907
39025 3052 907
3052 16190 907
16190 22504 907
22504 29972 907
29972 30503 907
30503 14736 907
14736 31294 907
31294 41733 907
41733 18247 907
18247 28838 907
28838 15777 907
15777 12912 907
12912 39586 907
39586 11914 907
11914 30206 907
30206 30226 907
30226 18126 907
18126 30923 907
30923 19 907
19 18096 907
18096 19030 907
19030 14636 907
14636 16194 907
16194 7822 907
7822 26759 907
26759 26427 907
26427 17950 907
17950 25632 907
25632 5580 907
5580 20418 907
20418 28564 907
28564 1167 907
1167 24660 907
24660 38496 907
38496 40455 907
40455 23982 907
23982 29137 907
29137 3388 907
3388 19944 907
19944 34831 907
34831 13538 907
13538 17711 907
17711 39372 907
39372 21771 907
21771 3450 907
3450 40580 907
40580 40053 907
40053 19099 907
19099 26785 907
26785 12442 907
12442 40371 907
40371 18950 907
18950 21646 907
21646 33477 907
33477 16571 907
16571 29809 907
29809 10564 907
10564 3500 907
3500 19620 907
19620 22587 907
22587 12728 907
12728 25777 907
25777 27548 907
27548 33427 907
33427 35420 907
35420 9753 907
9753 6254 907
6254 13771 907
13771 13823 907
13823 39093 907
39093 23189 907
23189 25116 907
25116 7500 907
7500 11121 907
11121 22433 907
22433 32798 907
32798 4972 907
4972 1818 907
1818 16509 907
16509 31094 907
31094 36470 907
36470 22550 907
22550 40444 907
40444 24476 907
24476 28253 907
28253 16223 907
16223 31655 907
31655 20932 907
20932 23100 907
23100 28624 907
28624 34388 907
34388 25064 907
25064 38083 907
38083 22219 907
22219 16866 907
16866 35805 907
35805 12594 907
12594 34520 907
34520 8068 907
8068 23950 907
23950 36040 907
36040 22925 907
22925 37291 907
37291 27300 907
27300 41906 907
41906 18383 907
18383 33057 907
33057 39348 907
39348 28841 907
28841 41865 907
41865 14897 907
14897 40216 907
40216 26864 907
26864 29318 907
29318 41033 907
41033 32811 907
32811 13484 907
13484 41019 907
41019 35583 907
35583 10949 907
10949 19329 907
19329 18820 907
18820 6304 907
6304 19695 907
19695 40325 907
40325 4870 907
4870 28590 907
28590 11309 907
11309 6866 907
6866 57 907
57 31302 907
31302 25121 907
25121 30698 907
30698 20798 907
20798 28014 907
28014 34422 907
34422 5032 907
5032 28722 907
28722 5663 907
5663 23281 907
23281 8704 907
8704 6364 907
6364 39756 907
39756 28189 907
28189 16270 907
16270 25098 907
25098 17626 907
17626 1904 907
1904 4520 907
4520 26839 907
26839 19058 907
19058 11087 907
11087 24933 907
24933 13226 907
13226 24276 907
24276 18301 907
18301 448 907
448 25139 907
25139 14522 907
14522 29238 907
29238 38950 907
38950 30431 907
30431 39766 907
39766 41513 907
41513 30585 907
30585 18667 907
18667 1383 907
1383 37287 907
37287 23666 907
23666 23478 907
23478 35301 907
35301 37367 907
37367 17248 907
17248 5475 907
5475 8403 907
8403 40417 907
40417 20457 907
20457 3610 907
3610 40717 907
40717 585 907
585 6198 907
6198 373 907
373 33198 907
33198 848 907
848 24796 907
24796 201 907
201 29358 907
29358 5119 907
5119 32109 907
32109 16259 907
16259 15863 907
15863 22584 907
22584 19554 907
19554 18342 907
18342 13524 907
13524 9908 907
9908 40003 907
40003 17603 907
17603 16397 907
16397 38172 907
38172 7493 907
7493 313 907
313 28464 907
28464 13774 907
13774 12140 907
12140 11015 907
11015 15320 907
15320 33979 907
33979 12128 907
12128 4426 907
4426 5399 907
5399 1452 907
1452 39363 907
39363 13912 907
13912 36375 907
36375 6444 907
6444 13442 907
13442 7593 907
7593 37814 907
37814 17629 907
17629 40651 907
40651 11902 907
11902 22206 907
22206 8057 907
8057 39170 907
39170 22335 907
22335 10275 907
10275 14311 907
14311 9298 907
9298 25358 907
25358 14651 907
14651 30121 907
30121 3929 907
3929 38065 907
38065 31890 907
31890 17302 907
17302 15360 907
15360 20468 907
20468 21636 907
21636 25464 907
25464 19985 907
19985 7103 907
7103 1112 907
1112 40791 907
40791 30639 907
30639 562 907
562 11446 907
11446 1340 907
1340 18737 907
18737 8782 907
8782 25078 907
25078 37180 907
37180 18686 907
18686 34821 907
34821 26246 907
26246 27943 907
27943 41150 907
41150 1144 907
1144 4819 907
4819 9649 907
9649 16406 907
16406 24478 907
24478 33735 907
33735 40584 907
40584 24609 907
24609 39326 907
39326 39369 907
39369 14632 907
14632 40422 907
40422 19547 907
19547 4187 907
4187 20278 907
20278 27694 907
27694 1969 907
1969 16548 907
16548 20804 907
20804 4958 907
4958 8775 907
8775 493 907
493 13793 907
13793 16224 907
16224 7872 907
7872 12545 907
12545 36593 907
36593 31874 907
31874 19983 907
19983 19546 907
19546 35676 907
35676 3820 907
3820 30699 907
30699 35347 907
35347 4034 907
4034 26931 907
26931 17614 907
17614 5192 907
5192 40730 907
40730 13678 907
13678 32631 907
32631 34341 907
34341 23816 907
23816 30919 907
30919 37534 907
37534 27858 907
27858 8256 907
8256 3841 907
3841 28380 907
28380 615 907
615 411 907
411 14172 907
14172 30099 907
30099 3471 907
3471 15181 907
15181 16031 907
16031 554 907
554 34284 907
34284 31275 907
31275 14451 907
14451 37391 907
37391 30266 907
30266 1161 907
1161 22865 907
22865 13345 907
13345 5220 907
5220 23470 907
23470 21236 907
21236 40529 907
40529 206 907
206 14415 907
14415 3393 907
3393 28628 907
28628 41299 907
41299 21503 907
21503 5981 907
5981 10610 907
10610 30945 907
30945 36733 907
36733 26173 907
26173 15471 907
15471 15809 907
15809 10043 907
10043 10950 907
10950 9133 907
9133 18598 907
18598 15818 907
15818 2400 907
2400 19613 907
19613 34833 907
34833 25874 907
25874 1439 907
1439 17333 907
17333 40159 907
40159 16350 907
16350 32698 907
32698 34200 907
34200 38088 907
38088 9838 907
9838 7643 907
7643 25143 907
25143 31365 907
31365 10239 907
10239 27689 907
27689 6208 907
6208 7899 907
7899 27110 907
27110 37945 907
37945 38530 907
38530 14434 907
14434 3494 907
3494 317 907
317 24031 907
24031 31013 907
31013 38755 907
38755 12083 907
12083 6975 907
6975 18188 907
18188 3776 907
3776 10734 907
10734 4448 907
4448 14793 907
14793 25735 907
25735 11315 907
11315 26149 907
26149 1685 907
1685 24990 907
24990 25395 907
25395 32591 907
32591 14853 907
14853 29648 907
29648 20984 907
20984 24202 907
24202 27773 907
27773 11930 907
11930 41642 907
41642 39005 907
39005 23056 907
23056 38675 907
38675 2710 907
2710 36411 907
36411 5911 907
5911 23691 907
23691 15459 907
15459 25626 907
25626 35239 907
35239 4496 907
4496 40180 907
40180 27509 907
27509 3885 907
3885 40650 907
40650 16423 907
16423 10528 907
10528 26702 907
26702 38269 907
38269 30357 907
30357 2718 907
2718 32280 907
32280 31050 907
31050 31417 907
31417 12470 907
12470 19431 907
19431 25999 907
25999 36831 907
36831 11770 907
11770 32610 907
32610 9873 907
9873 31828 907
31828 3465 907
3465 29805 907
29805 30032 907
30032 31059 907
31059 19332 907
19332 34618 907
34618 16405 907
16405 24614 907
24614 11239 907
11239 17972 907
17972 17290 907
17290 26829 907
26829 36429 907
36429 36469 907
36469 27389 907
27389 32830 907
32830 8733 907
8733 25519 907
25519 36233 907
36233 32797 907
32797 33942 907
33942 31911 907
31911 24754 907
24754 33633 907
33633 8022 907
8022 17359 907
17359 12474 907
12474 25286 907
25286 9027 907
9027 19927 907
19927 9076 907
9076 9303 907
9303 22934 907
22934 33274 907
33274 38741 907
38741 5103 907
5103 41654 907
41654 34194 907
34194 24446 907
24446 7396 907
7396 3472 907
3472 16868 907
16868 27967 907
27967 25882 907
25882 19930 907
19930 9774 907
9774 29856 907
29856 37093 907
37093 6371 907
6371 11457 907
11457 17349 907
17349 20503 907
20503 24213 907
24213 25196 907
25196 41005 907
41005 4039 907
4039 15583 907
15583 19585 907
19585 7556 907
7556 15096 907
15096 19244 907
19244 26238 907
26238 39387 907
39387 34787 907
34787 10222 907
10222 19324 907
19324 5924 907
5924 41372 907
41372 28553 907
28553 25821 907
25821 22847 907
22847 31702 907
31702 22790 907
22790 39412 907
39412 20825 907
20825 14100 907
14100 6883 907
6883 16120 907
16120 23179 907
23179 32478 907
32478 36723 907
36723 30559 907
30559 31809 907
31809 5593 907
5593 13665 907
13665 35140 907
35140 13115 907
13115 15914 907
15914 17751 907
17751 22664 907
22664 36489 907
36489 17831 907
17831 20725 907
20725 33579 907
33579 2428 907
2428 11936 907
11936 39497 907
39497 23253 907
23253 7220 907
7220 1126 907
1126 22990 907
22990 36100 907
36100 3054 907
3054 377 907
377 31099 907
31099 14598 907
14598 29925 907
29925 14719 907
14719 11203 907
11203 24804 907
24804 37771 907
37771 38661 907
38661 1091 907
1091 33834 907
33834 13050 907
13050 20087 907
20087 3353 907
3353 538 907
538 8465 907
8465 12970 907
12970 7046 907
7046 34582 907
34582 568 907
568 19264 907
19264 11246 907
11246 25069 907
25069 38399 907
38399 2341 907
2341 11806 907
11806 30829 907
30829 21512 907
21512 20575 907
20575 3772 907
3772 16592 907
16592 20817 907
20817 31462 907
31462 27086 907
27086 339 907
339 25943 907
25943 34960 907
34960 40398 907
40398 21625 907
21625 25656 907
25656 3023 907
3023 20736 907
20736 16570 907
16570 24198 907
24198 35157 907
35157 22269 907
22269 15980 907
15980 11477 907
11477 32682 907
32682 10716 907
10716 11775 907
11775 222 907
222 22312 907
22312 6153 907
6153 20495 907
20495 26933 907
26933 4578 907
4578 14062 907
14062 10606 907
10606 41012 907
41012 24468 907
24468 26781 907
26781 6564 907
6564 2647 907
2647 41934 907
41934 30753 907
30753 18128 907
18128 25786 907
25786 1310 907
1310 18823 907
18823 1651 907
1651 27454 907
27454 26662 907
26662 14923 907
14923 12029 907
12029 19248 907
19248 1320 907
1320 9878 907
9878 36719 907
36719 218 907
218 20646 907
20646 18050 907
18050 28138 907
28138 41400 907
41400 36581 907
36581 35254 907
35254 28585 907
28585 7474 907
7474 19043 907
19043 17538 907
17538 5279 907
5279 13782 907
13782 19374 907
19374 35341 907
35341 29266 907
29266 2982 907
2982 18340 907
18340 36836 907
36836 33851 907
33851 39733 907
39733 35717 907
35717 24100 907
24100 26279 907
26279 34940 907
34940 29997 907
29997 33926 907
33926 17045 907
17045 25304 907
25304 2250 907
2250 22439 907
22439 18395 907
18395 41612 907
41612 1186 907
1186 22340 907
22340 8421 907
8421 25682 907
25682 41970 907
41970 31038 907
31038 11715 907
11715 4856 907
4856 39660 907
39660 32618 907
32618 6171 907
6171 10486 907
10486 16677 907
16677 8542 907
8542 4114 907
4114 20549 907
20549 575 907
575 15484 907
15484 40814 907
40814 20789 907
20789 29636 907
29636 152 907
152 33240 907
33240 26074 907
26074 11984 907
11984 6807 907
6807 3524 907
3524 17271 907
17271 39272 907
39272 22254 907
22254 6851 907
6851 37442 907
37442 2956 907
2956 31870 907
31870 37412 907
37412 24128 907
24128 31130 907
31130 1370 907
1370 37101 907
37101 37005 907
37005 23646 907
23646 11967 907
11967 31545 907
31545 8493 907
8493 15867 907
15867 7548 907
7548 12009 907
12009 298 907
298 36566 907
36566 3101 907
3101 6363 907
6363 25434 907
25434 7516 907
7516 10862 907
10862 27033 907
27033 23085 907
23085 15558 907
15558 15165 907
15165 3908 907
3908 28327 907
28327 41070 907
41070 9160 907
9160 38518 907
38518 20252 907
20252 33537 907
33537 17299 907
17299 28251 907
28251 14718 907
14718 19708 907
19708 29239 907
29239 13276 907
13276 17476 907
17476 39360 907
39360 8439 907
8439 25147 907
25147 6594 907
6594 5799 907
5799 16833 907
16833 491 907
491 7929 907
7929 35138 907
35138 14605 907
14605 16276 907
16276 5543 907
5543 29325 907
29325 31640 907
31640 24309 907
24309 20063 907
20063 30877 907
30877 12411 907
12411 24755 907
24755 16594 907
16594 38714 907
38714 3374 907
3374 39409 907
39409 15269 907
15269 7406 907
7406 10153 907
10153 1242 907
1242 34857 907
34857 10973 907
10973 21454 907
21454 37251 907
37251 7207 907
7207 15744 907
15744 1319 907
1319 31051 907
31051 26822 907
26822 32151 907
32151 31023 907
31023 32041 907
32041 14473 907
14473 8307 907
8307 24719 907
24719 34665 907
34665 336 907
336 20282 907
20282 34509 907
34509 20803 907
20803 5672 907
5672 30270 907
30270 7622 907
7622 19204 907
19204 31610 907
31610 2067 907
2067 8865 907
8865 39689 907
39689 463 907
463 19375 907
19375 39101 907
39101 2676 907
2676 26064 907
26064 27888 907
27888 27101 907
27101 36555 907
36555 25404 907
25404 19517 907
19517 24810 907
24810 28901 907
28901 21010 907
21010 608 907
608 3194 907
3194 38629 907
38629 28145 907
28145 18311 907
18311 12493 907
12493 21846 907
21846 34771 907
34771 39910 907
39910 14759 907
14759 19313 907
19313 39130 907
39130 34731 907
34731 34807 907
34807 27864 907
27864 17230 907
17230 35112 907
35112 35810 907
35810 32867 907
32867 12635 907
12635 7994 907
7994 631 907
631 40396 907
40396 3390 907
3390 33276 907
33276 12412 907
12412 38899 907
38899 15200 907
15200 4003 907
4003 1779 907
1779 4885 907
4885 9468 907
9468 39931 907
39931 13013 907
13013 26989 907
26989 2222 907
2222 35249 907
35249 36735 907
36735 11538 907
11538 13259 907
13259 40236 907
40236 2734 907
2734 27625 907
27625 19886 907
19886 19436 907
19436 21922 907
21922 4385 907
4385 23527 907
23527 27647 907
27647 40165 907
40165 1037 907
1037 992 907
992 24869 907
24869 18101 907
18101 6421 907
6421 13518 907
13518 11585 907
11585 34042 907
34042 12207 907
12207 24621 907
24621 19457 907
19457 286 907
286 19567 907
19567 14064 907
14064 15059 907
15059 2996 907
2996 31563 907
31563 3282 907
3282 14676 907
14676 5526 907
5526 23231 907
23231 23759 907
23759 4619 907
4619 33104 907
33104 20883 907
20883 8965 907
8965 41047 907
41047 9637 907
9637 31876 907
31876 14352 907
14352 29062 907
29062 1629 907
1629 10530 907
10530 38025 907
38025 36456 907
36456 23260 907
23260 12255 907
12255 11358 907
11358 37840 907
37840 19091 907
19091 10588 907
10588 1257 907
1257 37416 907
37416 31163 907
31163 22421 907
22421 13034 907
13034 14143 907
14143 41861 907
41861 155 907
155 3520 907
3520 39714 907
39714 28947 907
28947 7525 907
7525 1209 907
1209 32748 907
32748 40634 907
40634 1690 907
1690 10401 907
10401 20051 907
20051 32691 907
32691 9665 907
9665 5056 907
5056 28883 907
28883 38766 907
38766 17026 907
17026 40609 907
40609 28178 907
28178 10515 907
10515 27496 907
27496 40305 907
40305 23605 907
23605 31646 907
31646 1168 907
1168 7292 907
7292 19701 907
19701 17894 907
17894 449 907
449 30759 907
30759 4068 907
4068 26972 907
26972 40294 907
40294 41588 907
41588 22932 907
22932 41022 907
41022 13944 907
13944 23937 907
23937 19936 907
19936 6161 907
6161 14144 907
14144 3695 907
3695 19466 907
19466 31276 907
31276 17204 907
17204 36759 907
36759 22975 907
22975 41731 907
41731 2155 907
2155 29529 907
29529 27620 907
27620 29444 907
29444 40763 907
40763 37058 907
37058 24615 907
24615 25439 907
25439 3357 907
3357 29788 907
29788 37589 907
37589 22425 907
22425 40399 907
40399 31311 907
31311 3620 907
3620 25403 907
25403 4834 907
4834 37210 907
37210 16440 907
16440 22277 907
22277 450 907
450 26510 907
26510 7316 907
7316 304 907
304 25485 907
25485 34868 907
34868 1897 907
1897 12358 907
12358 13748 907
13748 23766 907
23766 13170 907
13170 3539 907
3539 14901 907
14901 326 907
326 9534 907
9534 1318 907
1318 7058 907
7058 34413 907
34413 1234 907
1234 29561 907
29561 18906 907
18906 40737 907
40737 33458 907
33458 15212 907
15212 3156 907
3156 19892 907
19892 39773 907
39773 13471 907
13471 108 907
108 34539 907
34539 32508 907
32508 14169 907
14169 28819 907
28819 26016 907
26016 35899 907
35899 9195 907
9195 14037 907
14037 9962 907
9962 2547 907
2547 24398 907
24398 34985 907
34985 30913 907
30913 26727 907
26727 18717 907
18717 39657 907
39657 17262 907
17262 23787 907
23787 27228 907
27228 30664 907
30664 35395 907
35395 12408 907
12408 36443 907
36443 23063 907
23063 21752 907
21752 5574 907
5574 32701 907
32701 13349 907
13349 16009 907
16009 9446 907
9446 36587 907
36587 13958 907
13958 22158 907
22158 5487 907
5487 39800 907
39800 40860 907
40860 30163 907
30163 37853 907
37853 36928 907
36928 20794 907
20794 27501 907
27501 34594 907
34594 39125 907
39125 9023 907
9023 29744 907
29744 33460 907
33460 26537 907
26537 10149 907
10149 16307 907
16307 24589 907
24589 13624 907
13624 14724 907
14724 1985 907
1985 13797 907
13797 16825 907
16825 30438 907
30438 2199 907
2199 14650 907
14650 13076 907
13076 18980 907
18980 26 907
26 23559 907
23559 30980 907
30980 12268 907
12268 38493 907
38493 30510 907
30510 6054 907
6054 28551 907
28551 13493 907
13493 501 907
501 29193 907
29193 20055 907
20055 13970 907
13970 41819 907
41819 30119 907
30119 29548 907
29548 23285 907
23285 39628 907
39628 33352 907
33352 6299 907
6299 18543 907
18543 21370 907
21370 36611 907
36611 22520 907
22520 11647 907
11647 14274 907
14274 31530 907
31530 34510 907
34510 1182 907
1182 34278 907
34278 16071 907
16071 29132 907
29132 20067 907
20067 17228 907
17228 38814 907
38814 6817 907
6817 20111 907
20111 29803 907
29803 11345 907
11345 22133 907
22133 6014 907
6014 8252 907
8252 16797 907
16797 2666 907
2666 12897 907
12897 7737 907
7737 25669 907
25669 41753 907
41753 5027 907
5027 6464 907
6464 40517 907
40517 35629 907
35629 19174 907
19174 2312 907
2312 41815 907
41815 17726 907
17726 27514 907
27514 33365 907
33365 24030 907
24030 9896 907
9896 7751 907
7751 1968 907
1968 37799 907
37799 22475 907
22475 14230 907
14230 35837 907
35837 3605 907
3605 14584 907
14584 19667 907
19667 11024 907
11024 31502 907
31502 24833 907
24833 41254 907
41254 14658 907
14658 10914 907
10914 29114 907
29114 10770 907
10770 5430 907
5430 40479 907
40479 28785 907
28785 28485 907
28485 26740 907
26740 19411 907
19411 31225 907
31225 36471 907
36471 40063 907
40063 10683 907
10683 19008 907
19008 30817 907
30817 27471 907
27471 34176 907
34176 33649 907
33649 2047 907
2047 21736 907
21736 4252 907
4252 29432 907
29432 31835 907
31835 22868 907
22868 35965 907
35965 10175 907
10175 22332 907
22332 37019 907
37019 21177 907
21177 2475 907
2475 19055 907
19055 24915 907
24915 4674 907
4674 21938 907
21938 3657 907
3657 2319 907
2319 15173 907
15173 29228 907
29228 17375 907
17375 5945 907
5945 20245 907
20245 25925 907
25925 16079 907
16079 3113 907
3113 40626 907
40626 41038 907
41038 29812 907
29812 21757 907
21757 32301 907
32301 26475 907
26475 18940 907
18940 33943 907
33943 19870 907
19870 41842 907
41842 29412 907
29412 22466 907
22466 15205 907
15205 20289 907
20289 31229 907
31229 32217 907
32217 19771 907
19771 10978 907
10978 1000 907
1000 22777 907
22777 7006 907
7006 27251 907
27251 3976 907
3976 18629 907
18629 26757 907
26757 36419 907
36419 30285 907
30285 2088 907
2088 25052 907
25052 10680 907
10680 31459 907
31459 34424 907
34424 30873 907
30873 18931 907
18931 8182 907
8182 2616 907
2616 2368 907
2368 9907 907
9907 38847 907
38847 18523 907
18523 8492 907
8492 20410 907
20410 14844 907
14844 25054 907
25054 26222 907
26222 12122 907
12122 18787 907
18787 38176 907
38176 41591 907
41591 192 907
192 13105 907
13105 18300 907
18300 4527 907
4527 10329 907
10329 15336 907
15336 13536 907
13536 7853 907
7853 27173 907
27173 23460 907
23460 33628 907
33628 2306 907
2306 19283 907
19283 19911 907
19911 34168 907
34168 8382 907
8382 34394 907
34394 4320 907
4320 32654 907
32654 34343 907
34343 18515 907
18515 30213 907
30213 12194 907
12194 41662 907
41662 29018 907
29018 23293 907
23293 41155 907
41155 13724 907
13724 37116 907
37116 8761 907
8761 32323 907
32323 7052 907
7052 6563 907
6563 28298 907
28298 1088 907
1088 14127 907
14127 21733 907
21733 24686 907
24686 23244 907
23244 23535 907
23535 20998 907
20998 14715 907
14715 37052 907
37052 10638 907
10638 4237 907
4237 21666 907
21666 35951 907
35951 26089 907
26089 9709 907
9709 16834 907
16834 16216 907
16216 34393 907
34393 41216 907
41216 27068 907
27068 21005 907
21005 38531 907
38531 17840 907
17840 17662 907
17662 36223 907
36223 22051 907
22051 12706 907
12706 38941 907
38941 28887 907
28887 37220 907
37220 33407 907
33407 16899 907
16899 25769 907
25769 5218 907
5218 7190 907
7190 18483 907
18483 38792 907
38792 40808 907
40808 17429 907
17429 1346 907
1346 10829 907
10829 12585 907
12585 9012 907
9012 3361 907
3361 28423 907
28423 30241 907
30241 6539 907
6539 15477 907
15477 34811 907
34811 26346 907
26346 6696 907
6696 30811 907
30811 6083 907
6083 1776 907
1776 37989 907
37989 33213 907
33213 30374 907
30374 17826 907
17826 33751 907
33751 20474 907
20474 40567 907
40567 30657 907
30657 31930 907
31930 39987 907
39987 36607 907
36607 9916 907
9916 12444 907
12444 40062 907
40062 456 907
456 3252 907
3252 41115 907
41115 37670 907
37670 36024 907
36024 29229 907
29229 27569 907
27569 15186 907
15186 30575 907
30575 10220 907
10220 17450 907
17450 39945 907
39945 35898 907
35898 28959 907
28959 3541 907
3541 41768 907
41768 24814 907
24814 11077 907
11077 30946 907
30946 4036 907
4036 41499 907
41499 15657 907
15657 41025 907
41025 17241 907
17241 38374 907
38374 17012 907
17012 36675 907
36675 18526 907
18526 10883 907
10883 6029 907
6029 33102 907
33102 26431 907
26431 37369 907
37369 188 907
188 20621 907
20621 34 907
34 30321 907
30321 5935 907
5935 40473 907
40473 31396 907
31396 21417 907
21417 35407 907
35407 21038 907
21038 9166 907
9166 10037 907
10037 22043 907
22043 13408 907
13408 25789 907
25789 26751 907
26751 25571 907
25571 10570 907
10570 35816 907
35816 12032 907
12032 27856 907
27856 16849 907
16849 40938 907
40938 40497 907
40497 33396 907
33396 19760 907
19760 41674 907
41674 9810 907
9810 32995 907
32995 2227 907
2227 29207 907
29207 14417 907
14417 7000 907
7000 14508 907
14508 34871 907
34871 6140 907
6140 8083 907
8083 25367 907
25367 31064 907
31064 33802 907
33802 25869 907
25869 22321 907
22321 15386 907
15386 4851 907
4851 19490 907
19490 19353 907
19353 34537 907
34537 15465 907
15465 38092 907
38092 31849 907
31849 23258 907
23258 9684 907
9684 442 907
442 33184 907
33184 13449 907
13449 6292 907
6292 11254 907
11254 13358 907
13358 4762 907
4762 13249 907
13249 4651 907
4651 35171 907
35171 2286 907
2286 7808 907
7808 36855 907
36855 26927 907
26927 32753 907
32753 514 907
514 36380 907
36380 34091 907
34091 29976 907
29976 9351 907
9351 37903 907
37903 2660 907
2660 37258 907
37258 33209 907
33209 6853 907
6853 21663 907
21663 23549 907
23549 1714 907
1714 32863 907
32863 40019 907
40019 41597 907
41597 32667 907
32667 16942 907
16942 5280 907
5280 4547 907
4547 22625 907
22625 1739 907
1739 22240 907
22240 29174 907
29174 39769 907
39769 3938 907
3938 14515 907
14515 8168 907
8168 22389 907
22389 18254 907
18254 25192 907
25192 40656 907
40656 41582 907
41582 38118 907
38118 31360 907
31360 27357 907
27357 39915 907
39915 16863 907
16863 8804 907
8804 12336 907
12336 27672 907
27672 36850 907
36850 35974 907
35974 33533 907
33533 15845 907
15845 33654 907
33654 293 907
293 36576 907
36576 38221 907
38221 13006 907
13006 7142 907
7142 11505 907
11505 5169 907
5169 4985 907
4985 4883 907
4883 19603 907
19603 38819 907
38819 18001 907
18001 10405 907
10405 18541 907
18541 6947 907
6947 41238 907
41238 14314 907
14314 16177 907
16177 34206 907
34206 8188 907
8188 32602 907
32602 4791 907
4791 32680 907
32680 12379 907
12379 39820 907
39820 40168 907
40168 1492 907
1492 39577 907
39577 41574 907
41574 4396 907
4396 7514 907
7514 7223 907
7223 4301 907
4301 15332 907
15332 20023 907
20023 35310 907
35310 15530 907
15530 11500 907
11500 29276 907
29276 8968 907
8968 13212 907
13212 8880 907
8880 27635 907
27635 29840 907
29840 3158 907
3158 7199 907
7199 7093 907
7093 35382 907
35382 4982 907
4982 38239 907
38239 13795 907
13795 13015 907
13015 16910 907
16910 2980 907
2980 38788 907
38788 14845 907
14845 15422 907
15422 20350 907
20350 32358 907
32358 28458 907
28458 5189 907
5189 1576 907
1576 3443 907
3443 29846 907
29846 34227 907
34227 32847 907
32847 28653 907
28653 27653 907
27653 28905 907
28905 16679 907
16679 30839 907
30839 35258 907
35258 33147 907
33147 24347 907
24347 25567 907
25567 32417 907
32417 18561 907
18561 23871 907
23871 23322 907
23322 33758 907
33758 6003 907
6003 41554 907
41554 21916 907
21916 24569 907
24569 5686 907
5686 15701 907
15701 15653 907
15653 19582 907
19582 18528 907
18528 19434 907
19434 4722 907
4722 19784 907
19784 9779 907
9779 25877 907
25877 9148 907
9148 14987 907
14987 26995 907
26995 21301 907
21301 25025 907
25025 21082 907
21082 7290 907
7290 16331 907
16331 38704 907
38704 39500 907
39500 33037 907
33037 20913 907
20913 33126 907
33126 4421 907
4421 41655 907
41655 10584 907
10584 31898 907
31898 1137 907
1137 30458 907
30458 7158 907
7158 20518 907
20518 34141 907
34141 18764 907
18764 18284 907
18284 22832 907
22832 23488 907
23488 13904 907
13904 30696 907
30696 32086 907
32086 30918 907
30918 17745 907
17745 2829 907
2829 7799 907
7799 12455 907
12455 3398 907
3398 37659 907
37659 32598 907
32598 4998 907
4998 32569 907
32569 8102 907
8102 21395 907
21395 28277 907
28277 15855 907
15855 29135 907
29135 15411 907
15411 39004 907
39004 13812 907
13812 18202 907
18202 4743 907
4743 38640 907
38640 23894 907
23894 40908 907
40908 17443 907
17443 404 907
404 16936 907
16936 38174 907
38174 16543 907
16543 34808 907
34808 37362 907
37362 525 907
525 22078 907
22078 38436 907
38436 12564 907
12564 30405 907
30405 10140 907
10140 41560 907
41560 677 907
677 28057 907
28057 9550 907
9550 33893 907
33893 22204 907
22204 22288 907
22288 17137 907
17137 39463 907
39463 20739 907
20739 1173 907
1173 38572 907
38572 12428 907
12428 28782 907
28782 545 907
545 28524 907
28524 17046 907
17046 26083 907
26083 7767 907
7767 18167 907
18167 7605 907
7605 41962 907
41962 8959 907
8959 4005 907
4005 8176 907
8176 18087 907
18087 8750 907
8750 7212 907
7212 27100 907
27100 41849 907
41849 27360 907
27360 12107 907
12107 38863 907
38863 37994 907
37994 15968 907
15968 34858 907
34858 17857 907
17857 34248 907
34248 10661 907
10661 5906 907
5906 24053 907
24053 25835 907
25835 19187 907
19187 41363 907
41363 29902 907
29902 35865 907
35865 39330 907
39330 13505 907
13505 22826 907
22826 41688 907
41688 32045 907
32045 29709 907
29709 40662 907
40662 13523 907
13523 27942 907
27942 21099 907
21099 9230 907
9230 31618 907
31618 15907 907
15907 5247 907
5247 5138 907
5138 24039 907
24039 36851 907
36851 39441 907
39441 16017 907
16017 8404 907
8404 32985 907
32985 15481 907
15481 25771 907
25771 19948 907
19948 37448 907
37448 7253 907
7253 14439 907
14439 32203 907
32203 30527 907
30527 29281 907
29281 36987 907
36987 14942 907
14942 12894 907
12894 12393 907
12393 24148 907
24148 587 907
587 34739 907
34739 18408 907
18408 3534 907
3534 12940 907
12940 18462 907
18462 18133 907
18133 726 907
726 34882 907
34882 17846 907
17846 8222 907
8222 18676 907
18676 21345 907
21345 112 907
112 1770 907
1770 13578 907
13578 28435 907
28435 500 907
500 16011 907
16011 38727 907
38727 8206 907
8206 22067 907
22067 4868 907
4868 204 907
204 37277 907
37277 13907 907
13907 145 907
145 34059 907
34059 35871 907
35871 19009 907
19009 37879 907
37879 40520 907
40520 32992 907
32992 20539 907
20539 12881 907
12881 22251 907
22251 27987 907
27987 39892 907
39892 11661 907
11661 15086 907
15086 32296 907
32296 17536 907
17536 4088 907
4088 32003 907
32003 14394 907
14394 20400 907
20400 13948 907
13948 10126 907
10126 24971 907
24971 11718 907
11718 9413 907
9413 24988 907
24988 6098 907
6098 39224 907
39224 15731 907
15731 35553 907
35553 13169 907
13169 34643 907
34643 34137 907
34137 39090 907
39090 32813 907
32813 19026 907
19026 8763 907
8763 36711 907
36711 31324 907
31324 4835 907
4835 3386 907
3386 15504 907
15504 31046 907
31046 5856 907
5856 2904 907
2904 14540 907
14540 10463 907
10463 28705 907
28705 27098 907
27098 12019 907
12019 23164 907
23164 27520 907
27520 29393 907
29393 10738 907
10738 37460 907
37460 11912 907
11912 34100 907
34100 38478 907
38478 20659 907
20659 12995 907
12995 36949 907
36949 14937 907
14937 3974 907
3974 21285 907
21285 41667 907
41667 5966 907
5966 36956 907
36956 28200 907
28200 12765 907
12765 18784 907
18784 21827 907
21827 128 907
128 33491 907
33491 25031 907
25031 29862 907
29862 6080 907
6080 4098 907
4098 37231 907
37231 15585 907
15585 40020 907
40020 37762 907
37762 17326 907
17326 8126 907
8126 26250 907
26250 14723 907
14723 9661 907
9661 17928 907
17928 39000 907
39000 40432 907
40432 35314 907
35314 557 907
557 28463 907
28463 26575 907
26575 31083 907
31083 9241 907
9241 34454 907
34454 9918 907
9918 21336 907
21336 25720 907
25720 38417 907
38417 15220 907
15220 18941 907
18941 27203 907
27203 28329 907
28329 14985 907
14985 11672 907
11672 28424 907
28424 10968 907
10968 33238 907
33238 29052 907
29052 20589 907
20589 36257 907
36257 3906 907
3906 26686 907
26686 31807 907
31807 15978 907
15978 35378 907
35378 37913 907
37913 22163 907
22163 17649 907
17649 39680 907
39680 38351 907
38351 24034 907
24034 25672 907
25672 18289 907
18289 26316 907
26316 19413 907
19413 6416 907
6416 11916 907
11916 9701 907
9701 3947 907
3947 19868 907
19868 20028 907
20028 41820 907
41820 20264 907
20264 16529 907
16529 41966 907
41966 22168 907
22168 31306 907
31306 24999 907
24999 27277 907
27277 41315 907
41315 16609 907
16609 19195 907
19195 36871 907
36871 41039 907
41039 10114 907
10114 8645 907
8645 6242 907
6242 39321 907
39321 16396 907
16396 23573 907
23573 6940 907
6940 38826 907
38826 11554 907
11554 14739 907
14739 2849 907
2849 10432 907
10432 37042 907
37042 307 907
307 14474 907
14474 34361 907
34361 30886 907
30886 36880 907
36880 21744 907
21744 28404 907
28404 20484 907
20484 23168 907
23168 8070 907
8070 13670 907
13670 23091 907
23091 22373 907
22373 22400 907
22400 5528 907
5528 19042 907
19042 29567 907
29567 11917 907
11917 33994 907
33994 35731 907
35731 18870 907
18870 32311 907
32311 14006 907
14006 13114 907
13114 16399 907
16399 3995 907
3995 30361 907
30361 36641 907
36641 8766 907
8766 8410 907
8410 31309 907
31309 39196 907
39196 10131 907
10131 36939 907
36939 29858 907
29858 12417 907
12417 5296 907
5296 32149 907
32149 37618 907
37618 12780 907
12780 1573 907
1573 20811 907
20811 38325 907
38325 34866 907
34866 5640 907
5640 22247 907
22247 33999 907
33999 30976 907
30976 29153 907
29153 25160 907
25160 24989 907
24989 10353 907
10353 33830 907
33830 3297 907
3297 37078 907
37078 32186 907
32186 17209 907
17209 39029 907
39029 32054 907
32054 40678 907
40678 24720 907
24720 2011 907
2011 36222 907
36222 25814 907
25814 38258 907
38258 26536 907
26536 33932 907
33932 7748 907
7748 21801 907
21801 27131 907
27131 26515 907
26515 40568 907
40568 27268 907
27268 39001 907
39001 30284 907
30284 38289 907
38289 27947 907
27947 23308 907
23308 34889 907
34889 34954 907
34954 32639 907
32639 38261 907
38261 13194 907
13194 10900 907
10900 41631 907
41631 25859 907
25859 22918 907
22918 9139 907
9139 9533 907
9533 27505 907
27505 31378 907
31378 39181 907
39181 38505 907
38505 4149 907
4149 17888 907
17888 26159 907
26159 28675 907
28675 5150 907
5150 34622 907
34622 15348 907
15348 23262 907
23262 28835 907
28835 5249 907
5249 33072 907
33072 37871 907
37871 34468 907
34468 15552 907
15552 30335 907
30335 39347 907
39347 40576 907
40576 36424 907
36424 38738 907
38738 9384 907
9384 11369 907
11369 2377 907
2377 13379 907
13379 17048 907
17048 5869 907
5869 14032 907
14032 17786 907
17786 4423 907
4423 23467 907
23467 23037 907
23037 14249 907
14249 34972 907
34972 26967 907
26967 41742 907
41742 22707 907
22707 21731 907
21731 35599 907
35599 28291 907
28291 14050 907
14050 41101 907
41101 26122 907
26122 221 907
221 25934 907
25934 16210 907
16210 6978 907
6978 29490 907
29490 12006 907
12006 11280 907
11280 15218 907
15218 18596 907
18596 7478 907
7478 38453 907
38453 10690 907
10690 29733 907
29733 21227 907
21227 10962 907
10962 33331 907
33331 39676 907
39676 36705 907
36705 2125 907
2125 16817 907
16817 22693 907
22693 32641 907
32641 16451 907
16451 2055 907
2055 11182 907
11182 9405 907
9405 13244 907
13244 34677 907
34677 9188 907
9188 4166 907
4166 4229 907
4229 20860 907
20860 30412 907
30412 16457 907
16457 37411 907
37411 27648 907
27648 23151 907
23151 16967 907
16967 4816 907
4816 3655 907
3655 22123 907
22123 30257 907
30257 7706 907
7706 7198 907
7198 2572 907
2572 19085 907
19085 6526 907
6526 4568 907
4568 13902 907
13902 23335 907
23335 38111 907
38111 1953 907
1953 16576 907
16576 26608 907
26608 12108 907
12108 14209 907
14209 23741 907
23741 20472 907
20472 28699 907
28699 12796 907
12796 7523 907
7523 27746 907
27746 5840 907
5840 34916 907
34916 16356 907
16356 11040 907
11040 32336 907
32336 29086 907
29086 17945 907
17945 12885 907
12885 36004 907
36004 24812 907
24812 10706 907
10706 7137 907
7137 12166 907
12166 1506 907
1506 39785 907
39785 15401 907
15401 6405 907
6405 39026 907
39026 35086 907
35086 21304 907
21304 6596 907
6596 40050 907
40050 35824 907
35824 17267 907
17267 23482 907
23482 24389 907
24389 18437 907
18437 30393 907
30393 26827 907
26827 16511 907
16511 34041 907
34041 39259 907
39259 2479 907
2479 19954 907
19954 28966 907
28966 5290 907
5290 31183 907
31183 17981 907
17981 4701 907
4701 16589 907
16589 12659 907
12659 12733 907
12733 10694 907
10694 33617 907
33617 10294 907
10294 38747 907
38747 3434 907
3434 33870 907
33870 17775 907
17775 33187 907
33187 37426 907
37426 35091 907
35091 420 907
420 14140 907
14140 40995 907
40995 10849 907
10849 35831 907
35831 35757 907
35757 33596 907
33596 1106 907
1106 12557 907
12557 24138 907
24138 32496 907
32496 22852 907
22852 23866 907
23866 249 907
249 18564 907
18564 32152 907
32152 34479 907
34479 8269 907
8269 906 907
906 23737 907
23737 21714 907
21714 29107 907
29107 17165 907
17165 29277 907
29277 4905 907
4905 31815 907
31815 40714 907
40714 13529 907
13529 11721 907
11721 9180 907
9180 29501 907
29501 36546 907
36546 40505 907
40505 24294 907
24294 9423 907
9423 20961 907
20961 5899 907
5899 2565 907
2565 18423 907
18423 35230 907
35230 27461 907
27461 38742 907
38742 29477 907
29477 35537 907
35537 40075 907
40075 6723 907
6723 30396 907
30396 38207 907
38207 39825 907
39825 11218 907
11218 6770 907
6770 9652 907
9652 28926 907
28926 3847 907
3847 12903 907
12903 22972 907
22972 18700 907
18700 7031 907
7031 8787 907
8787 37242 907
37242 35475 907
35475 6856 907
6856 36374 907
36374 17514 907
17514 8579 907
8579 32942 907
32942 9536 907
9536 4911 907
4911 32165 907
32165 34995 907
34995 14396 907
14396 4244 907
4244 35092 907
35092 21741 907
21741 21067 907
21067 37031 907
37031 21970 907
21970 18591 907
18591 264 907
264 11552 907
11552 29199 907
29199 38794 907
38794 2411 907
2411 6121 907
6121 21624 907
21624 400 907
400 32266 907
32266 36822 907
36822 29105 907
29105 15522 907
15522 33829 907
33829 19734 907
19734 40177 907
40177 15650 907
15650 17256 907
17256 37568 907
37568 8990 907
8990 23400 907
23400 13875 907
13875 26384 907
26384 26438 907
26438 2562 907
2562 36190 907
36190 40378 907
40378 40440 907
40440 26794 907
26794 40001 907
40001 2967 907
2967 5198 907
5198 2814 907
2814 32529 907
32529 20188 907
20188 6427 907
6427 35611 907
35611 10351 907
10351 39846 907
39846 18238 907
18238 27404 907
27404 12694 907
12694 13 907
13 19061 907
19061 14295 907
14295 3639 907
3639 36165 907
36165 32836 907
32836 25122 907
25122 7076 907
7076 13390 907
13390 648 907
648 13318 907
13318 3003 907
3003 3325 907
3325 3626 907
3626 5307 907
5307 33047 907
33047 9051 907
9051 25680 907
25680 14418 907
14418 835 907
835 175 907
175 15390 907
15390 36751 907
36751 23523 907
23523 2327 907
2327 37205 907
37205 20514 907
20514 20151 907
20151 2761 907
2761 35834 907
35834 19584 907
19584 28493 907
28493 32594 907
32594 13044 907
13044 26787 907
26787 27075 907
27075 41859 907
41859 13755 907
13755 36130 907
36130 24097 907
24097 31095 907
31095 32324 907
32324 24077 907
24077 34935 907
34935 3045 907
3045 1906 907
1906 37368 907
37368 17149 907
17149 28055 907
28055 10479 907
10479 21008 907
21008 25278 907
25278 16931 907
16931 10219 907
10219 32240 907
32240 31035 907
31035 25721 907
25721 36480 907
36480 15054 907
15054 28313 907
28313 28631 907
28631 7365 907
7365 31899 907
31899 39568 907
39568 27910 907
27910 3138 907
3138 30928 907
30928 26991 907
26991 9327 907
9327 30267 907
30267 5964 907
5964 14542 907
14542 2309 907
2309 34795 907
34795 361 907
361 41310 907
41310 4799 907
4799 26648 907
26648 39699 907
39699 101 907
101 6849 907
6849 32527 907
32527 10540 907
10540 19142 907
19142 27133 907
27133 35783 907
35783 24175 907
24175 9712 907
9712 33199 907
33199 4492 907
4492 10763 907
10763 38785 907
38785 31289 907
31289 31461 907
31461 32694 907
32694 1596 907
1596 35838 907
35838 17390 907
17390 21346 907
21346 21162 907
21162 22788 907
22788 30848 907
30848 2022 907
2022 30363 907
30363 15370 907
15370 38908 907
38908 2265 907
2265 26081 907
26081 12734 907
12734 23550 907
23550 27399 907
27399 41402 907
41402 36529 907
36529 16040 907
16040 12079 907
12079 17559 907
17559 8347 907
8347 36208 907
36208 26973 907
26973 23033 907
23033 37717 907
37717 33079 907
33079 41666 907
41666 25793 907
25793 11027 907
11027 40322 907
40322 22773 907
22773 38519 907
38519 6643 907
6643 37152 907
37152 27227 907
27227 17051 907
17051 40897 907
40897 23058 907
23058 19540 907
19540 36604 907
36604 7628 907
7628 457 907
457 31044 907
31044 13392 907
13392 33205 907
33205 136 907
136 2445 907
2445 17728 907
17728 37323 907
37323 39885 907
39885 14384 907
14384 36000 907
36000 17078 907
17078 31168 907
31168 22524 907
22524 41374 907
41374 2347 907
2347 38875 907
38875 21630 907
21630 32592 907
32592 2722 907
2722 30391 907
30391 462 907
462 39545 907
39545 22344 907
22344 7106 907
7106 19493 907
19493 28342 907
28342 26628 907
26628 10364 907
10364 1920 907
1920 18616 907
18616 24480 907
24480 6758 907
6758 21216 907
21216 10993 907
10993 23992 907
23992 14900 907
14900 25477 907
25477 32924 907
32924 22035 907
22035 9842 907
9842 24392 907
24392 1470 907
1470 26872 907
26872 18162 907
18162 36872 907
36872 34540 907
34540 12619 907
12619 32832 907
32832 37055 907
37055 36875 907
36875 3044 907
3044 37198 907
37198 24443 907
24443 23245 907
23245 7507 907
7507 22568 907
22568 18493 907
18493 21796 907
21796 27490 907
27490 3190 907
3190 14194 907
14194 13792 907
13792 6537 907
6537 36567 907
36567 16930 907
16930 8864 907
8864 22030 907
22030 19462 907
19462 40155 907
40155 3511 907
3511 9567 907
9567 30578 907
30578 3403 907
3403 41717 907
41717 22548 907
22548 26190 907
26190 22028 907
22028 4056 907
4056 28953 907
28953 40913 907
40913 1419 907
1419 20738 907
20738 16199 907
16199 28548 907
28548 5912 907
5912 13916 907
13916 40724 907
40724 28676 907
28676 14534 907
14534 12563 907
12563 27679 907
27679 20728 907
20728 3518 907
3518 10800 907
10800 29818 907
29818 12950 907
12950 35270 907
35270 13196 907
13196 7314 907
7314 7828 907
7828 107 907
107 15877 907
15877 4769 907
4769 3306 907
3306 21228 907
21228 29275 907
29275 28478 907
28478 29443 907
29443 17434 907
17434 40725 907
40725 6293 907
6293 12812 907
12812 30658 907
30658 34772 907
34772 5395 907
5395 534 907
534 36915 907
36915 19509 907
19509 9242 907
9242 24646 907
24646 41455 907
41455 4977 907
4977 20648 907
20648 20325 907
20325 35861 907
35861 25144 907
25144 16123 907
16123 8218 907
8218 3274 907
3274 9307 907
9307 11075 907
11075 39344 907
39344 2945 907
2945 19513 907
19513 3975 907
3975 37976 907
37976 35832 907
35832 7299 907
7299 41600 907
41600 32595 907
32595 36772 907
36772 38691 907
38691 35904 907
35904 8919 907
8919 8103 907
8103 34077 907
34077 39526 907
39526 36137 907
36137 33353 907
33353 10308 907
10308 9167 907
9167 18059 907
18059 30479 907
30479 29740 907
29740 17389 907
17389 39176 907
39176 8232 907
8232 6933 907
6933 16163 907
16163 18588 907
18588 4625 907
4625 40013 907
40013 17320 907
17320 21205 907
21205 12323 907
12323 5283 907
5283 32603 907
32603 20379 907
20379 9798 907
9798 33928 907
33928 12219 907
12219 35502 907
35502 12059 907
12059 35422 907
35422 33757 907
33757 24847 907
24847 16787 907
16787 35268 907
35268 10799 907
10799 1123 907
1123 16471 907
16471 36974 907
36974 7849 907
7849 30239 907
30239 34809 907
34809 16732 907
16732 22573 907
22573 8516 907
8516 27560 907
27560 23620 907
23620 29154 907
29154 7728 907
7728 11327 907
11327 21200 907
21200 18976 907
18976 35089 907
35089 40028 907
40028 30501 907
30501 8361 907
8361 23861 907
23861 13130 907
13130 28872 907
28872 24021 907
24021 31761 907
31761 4545 907
4545 33050 907
33050 5471 907
5471 18135 907
18135 29599 907
29599 1621 907
1621 13223 907
13223 37623 907
37623 23629 907
23629 41109 907
41109 135 907
135 2928 907
2928 17328 907
17328 23227 907
23227 531 907
531 521 907
521 7319 907
7319 31136 907
31136 17460 907
17460 13123 907
13123 15967 907
15967 295 907
295 33016 907
33016 33861 907
33861 2015 907
2015 31177 907
31177 25552 907
25552 15385 907
15385 18877 907
18877 32405 907
32405 41450 907
41450 14837 907
14837 34177 907
34177 28260 907
28260 14166 907
14166 10256 907
10256 31765 907
31765 29366 907
29366 27785 907
27785 4054 907
4054 4341 907
4341 3851 907
3851 35333 907
35333 18586 907
18586 18692 907
18692 3501 907
3501 10492 907
10492 7893 907
7893 7386 907
7386 38004 907
38004 32317 907
32317 26994 907
26994 18563 907
18563 14705 907
14705 26694 907
26694 18618 907
18618 16438 907
16438 15316 907
15316 27265 907
27265 1223 907
1223 33847 907
33847 40648 907
40648 23757 907
23757 6097 907
6097 11450 907
11450 27645 907
27645 40349 907
40349 18139 907
18139 8224 907
8224 6264 907
6264 9158 907
9158 7775 907
7775 36767 907
36767 32236 907
32236 34236 907
34236 26622 907
26622 11122 907
11122 24472 907
24472 20346 907
20346 11149 907
11149 19749 907
19749 16881 907
16881 18587 907
18587 18225 907
18225 18673 907
18673 14487 907
14487 27425 907
27425 19827 907
19827 15387 907
15387 16711 907
16711 34758 907
34758 2508 907
2508 12961 907
12961 20618 907
20618 26076 907
26076 38733 907
38733 21153 907
21153 40141 907
40141 30825 907
30825 7619 907
7619 30152 907
30152 24571 907
24571 23160 907
23160 29941 907
29941 31665 907
31665 29394 907
29394 5737 907
5737 21107 907
21107 1780 907
1780 13655 907
13655 23613 907
23613 16460 907
16460 10840 907
10840 30207 907
30207 31226 907
31226 33030 907
33030 20511 907
20511 41781 907
41781 3324 907
3324 33504 907
33504 10563 907
10563 9268 907
9268 3707 907
3707 28927 907
28927 548 907
548 16297 907
16297 29375 907
29375 26341 907
26341 19706 907
19706 30875 907
30875 11560 907
11560 17708 907
17708 26063 907
26063 14092 907
14092 23742 907
23742 19990 907
19990 11911 907
11911 18152 907
18152 28955 907
28955 41764 907
41764 19800 907
19800 12860 907
12860 27543 907
27543 1759 907
1759 35358 907
35358 29397 907
29397 9716 907
9716 12787 907
12787 21218 907
21218 160 907
160 26556 907
26556 4887 907
4887 12623 907
12623 20236 907
20236 11786 907
11786 39290 907
39290 31506 907
31506 18047 907
18047 16161 907
16161 39416 907
39416 19458 907
19458 350 907
350 24142 907
24142 30572 907
30572 14353 907
14353 4639 907
4639 7694 907
7694 13463 907
13463 39544 907
39544 20269 907
20269 39185 907
39185 19906 907
19906 9330 907
9330 19400 907
19400 14067 907
14067 23184 907
23184 2901 907
2901 38124 907
38124 41737 907
41737 22643 907
22643 11789 907
11789 26364 907
26364 29415 907
29415 40394 907
40394 34666 907
34666 34314 907
34314 6360 907
6360 34403 907
34403 17245 907
17245 34464 907
34464 27460 907
27460 28480 907
28480 1864 907
1864 38360 907
38360 28843 907
28843 41677 907
41677 17783 907
17783 26037 907
26037 7868 907
7868 28689 907
28689 10988 907
10988 7105 907
7105 23735 907
23735 12405 907
12405 39897 907
39897 16869 907
16869 12044 907
12044 9087 907
9087 6459 907
6459 29892 907
29892 40051 907
40051 20958 907
20958 38277 907
38277 27764 907
27764 12112 907
12112 30688 907
30688 1153 907
1153 23114 907
23114 39525 907
39525 25832 907
25832 23311 907
23311 4596 907
4596 10746 907
10746 5480 907
5480 33465 907
33465 14885 907
14885 11146 907
11146 18504 907
18504 9939 907
9939 1350 907
1350 9302 907
9302 17373 907
17373 25115 907
25115 13405 907
13405 3064 907
3064 10118 907
10118 25730 907
25730 41429 907
41429 6389 907
6389 22623 907
22623 39073 907
39073 29308 907
29308 6070 907
6070 16067 907
16067 17736 907
17736 10780 907
10780 24132 907
24132 3634 907
3634 28282 907
28282 39658 907
39658 14950 907
14950 29403 907
29403 24228 907
24228 24659 907
24659 5355 907
5355 17920 907
17920 33101 907
33101 17286 907
17286 29857 907
29857 33329 907
33329 960 907
960 37664 907
37664 36874 907
36874 14615 907
14615 4955 907
4955 24399 907
24399 3391 907
3391 4660 907
4660 17993 907
17993 25649 907
25649 23820 907
23820 21853 907
21853 16575 907
16575 22358 907
22358 38616 907
38616 40521 907
40521 33555 907
33555 13675 907
13675 35550 907
35550 39856 907
39856 36082 907
36082 37094 907
37094 26169 907
26169 40261 907
40261 7214 907
7214 9519 907
9519 19991 907
19991 14745 907
14745 767 907
767 33474 907
33474 865 907
865 10128 907
10128 7400 907
7400 40836 907
40836 39743 907
39743 4926 907
4926 14995 907
14995 36448 907
36448 7989 907
7989 5470 907
5470 32870 907
32870 7353 907
7353 21794 907
21794 31891 907
31891 3672 907
3672 1343 907
1343 28804 907
28804 12861 907
12861 26468 907
26468 18343 907
18343 1686 907
1686 3451 907
3451 20616 907
20616 9388 907
9388 4886 907
4886 18185 907
18185 21173 907
21173 14083 907
14083 4576 907
4576 4294 907
4294 18631 907
18631 23607 907
23607 33825 907
33825 38551 907
38551 10889 907
10889 2261 907
2261 8346 907
8346 11253 907
11253 28126 907
28126 30025 907
30025 1964 907
1964 602 907
602 11582 907
11582 18264 907
18264 41649 907
41649 38759 907
38759 29801 907
29801 403 907
403 11788 907
11788 25512 907
25512 28611 907
28611 19137 907
19137 31375 907
31375 1611 907
1611 17810 907
17810 23336 907
23336 36559 907
36559 9720 907
9720 41010 907
41010 2774 907
2774 2128 907
2128 40684 907
40684 5789 907
5789 6835 907
6835 2906 907
2906 24302 907
24302 12944 907
12944 39510 907
39510 6294 907
6294 16353 907
16353 41636 907
41636 12927 907
12927 20980 907
20980 38708 907
38708 2021 907
2021 16805 907
16805 40659 907
40659 29887 907
29887 37178 907
37178 6692 907
6692 25158 907
25158 523 907
523 16887 907
16887 21511 907
21511 33180 907
33180 9426 907
9426 20662 907
20662 310 907
310 6206 907
6206 33749 907
33749 38962 907
38962 16837 907
16837 35340 907
35340 30922 907
30922 21789 907
21789 12251 907
12251 27379 907
27379 30642 907
30642 15951 907
15951 27494 907
27494 24361 907
24361 4245 907
4245 9893 907
9893 38786 907
38786 41987 907
41987 34440 907
34440 39923 907
39923 17909 907
17909 39062 907
39062 29731 907
29731 11225 907
11225 11665 907
11665 13749 907
13749 13552 907
13552 28569 907
28569 41203 907
41203 15429 907
15429 9995 907
9995 13654 907
13654 5454 907
5454 14220 907
14220 38883 907
38883 23661 907
23661 22638 907
22638 26347 907
26347 29341 907
29341 37051 907
37051 28907 907
28907 33566 907
33566 6122 907
6122 8644 907
8644 34033 907
34033 31728 907
31728 818 907
818 35447 907
35447 37200 907
37200 873 907
873 25197 907
25197 39607 907
39607 9721 907
9721 33625 907
33625 22683 907
22683 26174 907
26174 15195 907
15195 3308 907
3308 34021 907
34021 7192 907
7192 9436 907
9436 20433 907
20433 34724 907
34724 8098 907
8098 10542 907
10542 31541 907
31541 10876 907
10876 2535 907
2535 15366 907
15366 26136 907
26136 23148 907
23148 14631 907
14631 4614 907
4614 22647 907
22647 23349 907
23349 40140 907
40140 2673 907
2673 41989 907
41989 23532 907
23532 27166 907
27166 14331 907
14331 20612 907
20612 14943 907
14943 8619 907
8619 8422 907
8422 3522 907
3522 15665 907
15665 6868 907
6868 15668 907
15668 3621 907
3621 40847 907
40847 24517 907
24517 15177 907
15177 18280 907
18280 26735 907
26735 35160 907
35160 20525 907
20525 39664 907
39664 36564 907
36564 8329 907
8329 35552 907
35552 8841 907
8841 37386 907
37386 25837 907
25837 5087 907
5087 30722 907
30722 25294 907
25294 4514 907
4514 17287 907
17287 6370 907
6370 11615 907
11615 33765 907
33765 990 907
990 31141 907
31141 396 907
396 34713 907
34713 41923 907
41923 9977 907
9977 18573 907
18573 4916 907
4916 37590 907
37590 24922 907
24922 29169 907
29169 8902 907
8902 28183 907
28183 38610 907
38610 23386 907
23386 23997 907
23997 32180 907
32180 20219 907
20219 40092 907
40092 4755 907
4755 32341 907
32341 3625 907
3625 40146 907
40146 4608 907
4608 31063 907
31063 30695 907
30695 10244 907
10244 35216 907
35216 29088 907
29088 34135 907
34135 11103 907
11103 10844 907
10844 19553 907
19553 25816 907
25816 10930 907
10930 9479 907
5396 12816 908
12816 12038 908
12038 15037 908
15037 39538 908
39538 7186 908
7186 36408 908
36408 30399 908
30399 27296 908
27296 16201 908
16201 6681 908
6681 28466 908
28466 29518 908
29518 10315 908
10315 1663 908
1663 14152 908
14152 18728 908
18728 26392 908
26392 25483 908
25483 11767 908
11767 36301 908
36301 37394 908
37394 23053 908
23053 39105 908
39105 33704 908
33704 11890 908
11890 39119 908
39119 38932 908
38932 27925 908
27925 28044 908
28044 25826 908
25826 7550 908
7550 21002 908
21002 414 908
414 17921 908
17921 34166 908
34166 41704 908
41704 20719 908
20719 13599 908
13599 16195 908
16195 6406 908
6406 39427 908
23798 18248 909
18248 2165 909
2165 11601 909
11601 39667 909
39667 2607 909
2607 32634 909
32634 6511 909
6511 5356 909
5356 30325 909
30325 10615 909
10615 16670 909
16670 29033 909
29033 30900 909
30900 28808 909
28808 7983 909
7983 9284 909
9284 16768 909
16768 6918 909
6918 29688 909
29688 29374 909
29374 18539 909
18539 39640 909
39640 23444 909
23444 38595 909
38595 34575 909
34575 6006 909
6006 39654 909
39654 11905 909
11905 10959 909
10959 25534 909
25534 31868 909
31868 30958 909
30958 41763 909
41763 32250 909
32250 28679 909
28679 7528 909
7528 41714 909
41714 22024 909
22024 6809 909
6809 16130 909
16130 16003 909
19373 38443 910
38443 17407 910
17407 32619 910
32619 40415 910
40415 16929 910
16929 18326 910
18326 1261 910
1261 39937 910
39937 9081 910
9081 11143 910
11143 3719 910
3719 28889 910
28889 26088 910
26088 30417 910
30417 18811 910
18811 30144 910
30144 12498 910
12498 20162 910
20162 3677 910
3677 15779 910
15779 19743 910
19743 13933 910
13933 2505 910
2505 29513 910
29513 4757 910
4757 17463 910
17463 35114 910
35114 39382 910
39382 14914 910
14914 27241 910
27241 25987 910
25987 21158 910
21158 21879 910
21879 19051 910
19051 10589 910
10589 41734 910
41734 28580 910
28580 36136 910
36136 33011 910
33011 13092 910
13092 27427 910
17126 15037 911
15037 39529 911
39529 30491 911
30491 12868 911
12868 2631 911
2631 6691 911
6691 34040 911
34040 22557 911
22557 38032 911
38032 35276 911
35276 33114 911
33114 1679 911
1679 6979 911
6979 25146 911
25146 8997 911
8997 37687 911
37687 6004 911
6004 781 911
781 14894 911
14894 26020 911
26020 24167 911
24167 14670 911
14670 29244 911
29244 34432 911
34432 30679 911
30679 12397 911
12397 32137 911
32137 13809 911
13809 10875 911
10875 10597 911
10597 38923 911
38923 33445 911
33445 3998 911
3998 26187 911
26187 34607 911
34607 2283 911
2283 28822 911
28822 17357 911
17357 20195 911
20195 11324 911
11324 5322 911
19351 26413 912
26413 12499 912
12499 4510 912
4510 37046 912
37046 39046 912
39046 26767 912
26767 12340 912
12340 7481 912
7481 19972 912
19972 4019 912
4019 23221 912
23221 23935 912
23935 18210 912
18210 10957 912
10957 12055 912
12055 22481 912
22481 8469 912
8469 21596 912
21596 4776 912
4776 23649 912
23649 28024 912
28024 18382 912
18382 41342 912
41342 34407 912
34407 3082 912
3082 17942 912
17942 9368 912
9368 18829 912
18829 40923 912
40923 9754 912
9754 38632 912
38632 22045 912
22045 10675 912
10675 15124 912
15124 37574 912
37574 13660 912
13660 38782 912
38782 15405 912
15405 15541 912
15541 27294 912
27294 28842 912
29255 10197 913
10197 26425 913
26425 5583 913
5583 27481 913
27481 17085 913
17085 3372 913
3372 17403 913
17403 21845 913
21845 23565 913
23565 33497 913
33497 19783 913
19783 3680 913
3680 7373 913
7373 35458 913
35458 25348 913
25348 7497 913
7497 32929 913
32929 40669 913
40669 9334 913
9334 20164 913
20164 3846 913
3846 34793 913
34793 9813 913
9813 10711 913
10711 11392 913
11392 302 913
302 624 913
624 11816 913
11816 27983 913
27983 28050 913
28050 14329 913
14329 25472 913
25472 5778 913
5778 10411 913
10411 21595 913
21595 41006 913
41006 390 913
390 12741 913
12741 1162 913
1162 28537 913
28537 23499 913
19900 138 914
138 9192 914
9192 5320 914
5320 37149 914
37149 10049 914
10049 25604 914
25604 13730 914
13730 1617 914
1617 23644 914
23644 8428 914
8428 3978 914
3978 22842 914
22842 25731 914
25731 15275 914
15275 18798 914
18798 20987 914
20987 4282 914
4282 40 914
40 16877 914
16877 36784 914
36784 1707 914
1707 39599 914
39599 39203 914
39203 7005 914
7005 13766 914
13766 39634 914
39634 12512 914
12512 30210 914
30210 16381 914
16381 21121 914
21121 15193 914
15193 5478 914
5478 41544 914
41544 26051 914
26051 30255 914
30255 23818 914
23818 5770 914
5770 20533 914
20533 41689 914
41689 8405 914
8405 22763 914
21367 23927 915
23927 26932 915
26932 20161 915
20161 36012 915
36012 32470 915
32470 27829 915
27829 28062 915
28062 1592 915
1592 21268 915
21268 36036 915
36036 5444 915
5444 31657 915
31657 9612 915
9612 24250 915
24250 3737 915
3737 29631 915
29631 20973 915
20973 16111 915
16111 30564 915
30564 13918 915
13918 39971 915
39971 23813 915
23813 22780 915
22780 10438 915
10438 20170 915
20170 5060 915
5060 9461 915
9461 24516 915
24516 8599 915
8599 38098 915
38098 12454 915
12454 10306 915
10306 28494 915
28494 13522 915
13522 27146 915
27146 39319 915
39319 12240 915
12240 37170 915
37170 39958 915
39958 11651 915
11651 2083 915
33720 26595 916
26595 17457 916
17457 29837 916
29837 20290 916
20290 10074 916
10074 11419 916
11419 22211 916
22211 16277 916
16277 38157 916
38157 15303 916
15303 40191 916
40191 10733 916
10733 19442 916
19442 31616 916
31616 40387 916
40387 21243 916
21243 36635 916
36635 14557 916
14557 22089 916
22089 17447 916
17447 12254 916
12254 34161 916
34161 22258 916
22258 9547 916
9547 38216 916
38216 7285 916
7285 35327 916
35327 20714 916
20714 5046 916
5046 30420 916
30420 5805 916
5805 21575 916
21575 16596 916
16596 14839 916
14839 5982 916
5982 37573 916
37573 41632 916
41632 261 916
261 36728 916
36728 41614 916
41614 18306 916
27777 9482 917
9482 35694 917
35694 10497 917
10497 37143 917
37143 7393 917
7393 21806 917
21806 12553 917
12553 26201 917
26201 14125 917
14125 14867 917
14867 4681 917
4681 8827 917
8827 6367 917
6367 12658 917
12658 30355 917
30355 41080 917
41080 19843 917
19843 31621 917
31621 13070 917
13070 10483 917
10483 21004 917
21004 13648 917
13648 40465 917
40465 6613 917
6613 21743 917
21743 29496 917
29496 30878 917
30878 35001 917
35001 23036 917
23036 6069 917
6069 23548 917
23548 18668 917
18668 27924 917
27924 17393 917
17393 19146 917
19146 22258 917
22258 40152 917
40152 4880 917
4880 5018 917
5018 1754 917
1754 22447 917
20890 10903 918
10903 17330 918
17330 3145 918
3145 12528 918
12528 665 918
665 20107 918
20107 24263 918
24263 38793 918
38793 65 918
65 9999 918
9999 37669 918
37669 40495 918
40495 41494 918
41494 36160 918
36160 39216 918
39216 20743 918
20743 2909 918
2909 22579 918
22579 41747 918
41747 9758 918
9758 7229 918
7229 34473 918
34473 13704 918
13704 37546 918
37546 41239 918
41239 34350 918
34350 34861 918
34861 5790 918
5790 10460 918
10460 30288 918
30288 30444 918
30444 7426 918
7426 24835 918
24835 35070 918
35070 13798 918
13798 12120 918
12120 24597 918
24597 3027 918
3027 13227 918
13227 12451 918
12451 13607 918
9135 5947 919
5947 13776 919
13776 23899 919
23899 39738 919
39738 30164 919
30164 35703 919
35703 13387 919
13387 7598 919
7598 20805 919
20805 13894 919
13894 16371 919
16371 38077 919
38077 3960 919
3960 41592 919
41592 804 919
804 35894 919
35894 12308 919
12308 4927 919
4927 6987 919
6987 560 919
560 23110 919
23110 23388 919
23388 18082 919
18082 33292 919
33292 21941 919
21941 29539 919
29539 40930 919
40930 39023 919
39023 37718 919
37718 5375 919
5375 27955 919
27955 38705 919
38705 24982 919
24982 25153 919
25153 39173 919
39173 1281 919
1281 35042 919
35042 503 919
503 3923 919
3923 40067 919
40067 730 919
36691 31115 920
31115 27754 920
27754 23999 920
23999 33003 920
33003 40330 920
40330 18531 920
18531 15793 920
15793 11113 920
11113 9495 920
9495 19703 920
19703 16125 920
16125 19407 920
19407 40887 920
40887 7173 920
7173 35712 920
35712 22702 920
22702 40091 920
40091 29787 920
29787 17395 920
17395 12539 920
12539 39014 920
39014 9395 920
9395 36384 920
36384 10757 920
10757 38307 920
38307 1930 920
1930 9414 920
9414 18268 920
18268 26247 920
26247 11709 920
11709 41159 920
41159 21879 920
21879 32494 920
32494 14068 920
14068 7983 920
7983 8309 920
8309 32893 920
32893 7885 920
7885 38558 920
38558 5688 920
5688 40196 920
13155 30083 921
30083 23655 921
23655 11033 921
11033 13631 921
13631 27145 921
27145 6052 921
6052 21534 921
21534 31611 921
31611 22893 921
22893 40752 921
40752 9239 921
9239 4125 921
4125 30900 921
30900 24778 921
24778 35916 921
35916 9973 921
9973 11283 921
11283 2006 921
2006 7705 921
7705 34572 921
34572 34615 921
34615 20824 921
20824 3583 921
3583 41827 921
41827 40738 921
40738 15629 921
15629 7792 921
7792 41194 921
41194 28341 921
28341 26137 921
26137 11168 921
11168 37372 921
37372 29953 921
29953 2115 921
2115 33341 921
33341 2079 921
2079 20307 921
20307 28356 921
28356 41266 921
41266 18049 921
18049 30015 921
41465 26236 922
26236 13361 922
13361 37024 922
37024 8512 922
8512 1828 922
1828 39448 922
39448 1847 922
1847 11192 922
11192 37465 922
37465 13139 922
13139 30525 922
30525 39834 922
39834 27207 922
27207 28717 922
28717 11114 922
11114 7019 922
7019 4962 922
4962 34275 922
34275 29568 922
29568 8511 922
8511 1288 922
1288 15085 922
15085 37206 922
37206 38749 922
38749 199 922
199 32490 922
32490 16372 922
16372 16173 922
16173 8679 922
8679 7460 922
7460 15903 922
15903 37760 922
37760 26852 922
26852 12509 922
12509 6252 922
6252 19533 922
19533 37324 922
37324 37017 922
37017 36517 922
36517 26764 922
26764 11339 922
23699 31832 923
31832 41404 923
41404 9410 923
9410 18194 923
18194 1022 923
1022 40111 923
40111 19025 923
19025 33657 923
33657 39853 923
39853 18215 923
18215 2277 923
2277 26563 923
26563 38388 923
38388 11879 923
11879 7655 923
7655 33553 923
33553 15215 923
15215 30143 923
30143 32283 923
32283 9633 923
9633 17277 923
17277 28584 923
28584 41352 923
41352 12990 923
12990 2991 923
2991 5006 923
5006 30316 923
30316 15820 923
15820 5976 923
5976 3236 923
3236 16385 923
16385 709 923
709 41279 923
41279 1463 923
1463 11162 923
11162 30413 923
30413 13929 923
13929 12658 923
12658 39349 923
39349 31782 923
31782 6116 923
26239 24127 924
24127 16584 924
16584 31257 924
31257 606 924
606 23769 924
23769 13732 924
13732 12981 924
12981 5457 924
5457 23002 924
23002 24316 924
24316 6648 924
6648 25516 924
25516 41367 924
41367 731 924
731 14579 924
14579 36183 924
36183 37404 924
37404 843 924
843 21018 924
21018 618 924
618 38588 924
38588 28696 924
28696 34930 924
34930 4154 924
4154 27378 924
27378 36796 924
36796 35256 924
35256 20154 924
20154 1218 924
1218 20797 924
20797 16100 924
16100 26391 924
26391 2557 924
2557 22709 924
22709 31956 924
31956 39483 924
39483 25040 924
25040 22759 924
22759 30311 924
30311 21051 924
21051 26476 924
13098 12902 925
12902 32646 925
32646 29933 925
29933 3607 925
3607 34508 925
34508 9150 925
9150 14018 925
14018 32622 925
32622 39098 925
39098 8110 925
8110 22446 925
22446 5655 925
5655 20809 925
20809 12367 925
12367 27609 925
27609 38846 925
38846 14000 925
14000 30383 925
30383 7546 925
7546 17641 925
17641 29134 925
29134 29974 925
29974 20629 925
20629 37092 925
37092 8840 925
8840 20077 925
20077 614 925
614 32227 925
32227 15451 925
15451 14727 925
14727 5641 925
5641 25651 925
25651 29973 925
29973 30644 925
30644 32342 925
32342 23680 925
23680 40373 925
40373 32573 925
32573 36435 925
36435 37418 925
37418 21453 925
38884 12118 926
12118 29842 926
29842 36696 926
36696 39483 926
39483 22659 926
22659 21855 926
21855 41567 926
41567 34333 926
34333 13760 926
13760 41858 926
41858 26943 926
26943 6767 926
6767 6617 926
6617 13590 926
13590 3485 926
3485 13304 926
13304 27532 926
27532 40849 926
40849 34446 926
34446 33509 926
33509 27778 926
27778 33497 926
33497 37230 926
37230 12271 926
12271 9679 926
9679 3294 926
3294 3457 926
3457 25381 926
25381 13571 926
13571 34043 926
34043 11189 926
11189 17304 926
17304 869 926
869 14367 926
14367 39972 926
39972 24311 926
24311 14520 926
14520 18807 926
18807 18916 926
18916 34990 926
34990 29613 926
632 24619 927
24619 24164 927
24164 6724 927
6724 29852 927
29852 17464 927
17464 12931 927
12931 23499 927
23499 5979 927
5979 29468 927
29468 26772 927
26772 41107 927
41107 41505 927
41505 15957 927
15957 32626 927
32626 8461 927
8461 2056 927
2056 36918 927
36918 16492 927
16492 30297 927
30297 28937 927
28937 17117 927
17117 10176 927
10176 38219 927
38219 32039 927
32039 41900 927
41900 21183 927
21183 1863 927
1863 1549 927
1549 14922 927
14922 12218 927
12218 30763 927
30763 24418 927
24418 2300 927
2300 25671 927
25671 17218 927
17218 25094 927
25094 323 927
323 28167 927
28167 14524 927
14524 16302 927
16302 23078 927
17134 29958 928
29958 18636 928
18636 15874 928
15874 37127 928
37127 17402 928
17402 34305 928
34305 13180 928
13180 18460 928
18460 29496 928
29496 37025 928
37025 31958 928
31958 10696 928
10696 12811 928
12811 30161 928
30161 13828 928
13828 3850 928
3850 5179 928
5179 16963 928
16963 30007 928
30007 5797 928
5797 24438 928
24438 11747 928
11747 34514 928
34514 14297 928
14297 15289 928
15289 22237 928
22237 27366 928
27366 10443 928
10443 5267 928
5267 12293 928
12293 3375 928
3375 37798 928
37798 29458 928
29458 29293 928
29293 39069 928
39069 33511 928
33511 37474 928
37474 3943 928
3943 6417 928
6417 2740 928
2740 7070 928
17019 23140 929
23140 9050 929
9050 24702 929
24702 8962 929
8962 22677 929
22677 1060 929
1060 31279 929
31279 14255 929
14255 13030 929
13030 28325 929
28325 39406 929
39406 4232 929
4232 10592 929
10592 18163 929
18163 30296 929
30296 22898 929
22898 15285 929
15285 33239 929
33239 28937 929
28937 31722 929
31722 6311 929
6311 27538 929
27538 38149 929
38149 1018 929
1018 18638 929
18638 28137 929
28137 26091 929
26091 25535 929
25535 33339 929
33339 39146 929
39146 21533 929
21533 28622 929
28622 5068 929
5068 38208 929
38208 37525 929
37525 12263 929
12263 9672 929
9672 24693 929
24693 41130 929
41130 33981 929
33981 37777 929
1617 34242 930
34242 27358 930
27358 13546 930
13546 36813 930
36813 3444 930
3444 40086 930
40086 15602 930
15602 33503 930
33503 5848 930
5848 30471 930
30471 34528 930
34528 40926 930
40926 5061 930
5061 28165 930
28165 41892 930
41892 40334 930
40334 7414 930
7414 37437 930
37437 31408 930
31408 16916 930
16916 24317 930
24317 3144 930
3144 484 930
484 23038 930
23038 26983 930
26983 25276 930
25276 27811 930
27811 16639 930
16639 36357 930
36357 29370 930
29370 10493 930
10493 34410 930
34410 5404 930
5404 2841 930
2841 14171 930
14171 41814 930
41814 30176 930
30176 25106 930
25106 27453 930
27453 2264 930
2264 39063 930
29082 3914 931
3914 481 931
481 13000 931
13000 26965 931
26965 34029 931
34029 35736 931
35736 4784 931
4784 40672 931
40672 21020 931
21020 13477 931
13477 7973 931
7973 12709 931
12709 15199 931
15199 10561 931
10561 39495 931
39495 1844 931
1844 2041 931
2041 21359 931
21359 7408 931
7408 38644 931
38644 36493 931
36493 18991 931
18991 1909 931
1909 1824 931
1824 21032 931
21032 1695 931
1695 16534 931
16534 23519 931
23519 9861 931
9861 36870 931
36870 38121 931
38121 31205 931
31205 8029 931
8029 5134 931
5134 16412 931
16412 8197 931
8197 32782 931
32782 2027 931
2027 39810 931
39810 28097 931
28097 37656 931
19284 14698 932
14698 15430 932
15430 800 932
800 31997 932
31997 39359 932
39359 36704 932
36704 34076 932
34076 38131 932
38131 13884 932
13884 7864 932
7864 27860 932
27860 13917 932
13917 13604 932
13604 11998 932
11998 31338 932
31338 10266 932
10266 33682 932
33682 30251 932
30251 35380 932
35380 15611 932
15611 36207 932
36207 6908 932
6908 8475 932
8475 19011 932
19011 3410 932
3410 20184 932
20184 27778 932
27778 9185 932
9185 25709 932
25709 26499 932
26499 24009 932
24009 25533 932
25533 6433 932
6433 8390 932
8390 5749 932
5749 31867 932
31867 27796 932
27796 5069 932
5069 24597 932
24597 36478 932
36478 38548 932
30130 39597 933
39597 233 933
233 34914 933
34914 8231 933
8231 12586 933
12586 39374 933
39374 33004 933
33004 14058 933
14058 16862 933
16862 29942 933
29942 18644 933
18644 35250 933
35250 20093 933
20093 5692 933
5692 3378 933
3378 39392 933
39392 31912 933
31912 2542 933
2542 16393 933
16393 33233 933
33233 28293 933
28293 30209 933
30209 27781 933
27781 23738 933
23738 41058 933
41058 23562 933
23562 26965 933
26965 30261 933
30261 33966 933
33966 10041 933
10041 2589 933
2589 19441 933
19441 24835 933
24835 9980 933
9980 37902 933
37902 38884 933
38884 30150 933
30150 1566 933
1566 17201 933
17201 23609 933
23609 3129 933
19818 5845 934
5845 21818 934
21818 17397 934
17397 8255 934
8255 39637 934
39637 36689 934
36689 25198 934
25198 1978 934
1978 2076 934
2076 19826 934
19826 34512 934
34512 9850 934
9850 20363 934
20363 13096 934
13096 38454 934
38454 3698 934
3698 26051 934
26051 40424 934
40424 33982 934
33982 10508 934
10508 13010 934
13010 12911 934
12911 27256 934
27256 12227 934
12227 40414 934
40414 26918 934
26918 6210 934
6210 25800 934
25800 31719 934
31719 20918 934
20918 22238 934
22238 13891 934
13891 5720 934
5720 20489 934
20489 5130 934
5130 23219 934
23219 32540 934
32540 17941 934
17941 10423 934
10423 33459 934
33459 18581 934
8867 34626 935
34626 13296 935
13296 22037 935
22037 18159 935
18159 11833 935
11833 6959 935
6959 5443 935
5443 17983 935
17983 38486 935
38486 3318 935
3318 12191 935
12191 38659 935
38659 24928 935
24928 11305 935
11305 26389 935
26389 15886 935
15886 20966 935
20966 4394 935
4394 41572 935
41572 34934 935
34934 34968 935
34968 18129 935
18129 3900 935
3900 5625 935
5625 343 935
343 20770 935
20770 25029 935
25029 21170 935
21170 40751 935
40751 40259 935
40259 36255 935
36255 22517 935
22517 23121 935
23121 21777 935
21777 25400 935
25400 6349 935
6349 28467 935
28467 16093 935
16093 23375 935
23375 28580 935
28580 36204 935
23495 38904 936
38904 34980 936
34980 2540 936
2540 26506 936
26506 34306 936
34306 2917 936
2917 18111 936
18111 31337 936
31337 4798 936
4798 20843 936
20843 31003 936
31003 24442 936
24442 8848 936
8848 20962 936
20962 14187 936
14187 23324 936
23324 23846 936
23846 33968 936
33968 28440 936
28440 23109 936
23109 35278 936
35278 11083 936
11083 13764 936
13764 18244 936
18244 20311 936
20311 7368 936
7368 6461 936
6461 35519 936
35519 12520 936
12520 3819 936
3819 8026 936
8026 22434 936
22434 8898 936
8898 37225 936
37225 7297 936
7297 27258 936
27258 38609 936
38609 12972 936
12972 12123 936
12123 13087 936
13087 19163 936
1610 20175 937
20175 2942 937
2942 37860 937
37860 14477 937
14477 20257 937
20257 32758 937
32758 33390 937
33390 17617 937
17617 5705 937
5705 18279 937
18279 35664 937
35664 23319 937
23319 28081 937
28081 8520 937
8520 31500 937
31500 36458 937
36458 36543 937
36543 22850 937
22850 35652 937
35652 18236 937
18236 13159 937
13159 25411 937
25411 14111 937
14111 21991 937
21991 7735 937
7735 38156 937
38156 26719 937
26719 12714 937
12714 13082 937
13082 37225 937
37225 20884 937
20884 24060 937
24060 28538 937
28538 14880 937
14880 38562 937
38562 7789 937
7789 11546 937
11546 33130 937
33130 6846 937
6846 12537 937
12537 4449 937
27392 208 938
208 7501 938
7501 30457 938
30457 20657 938
20657 10124 938
10124 34098 938
34098 31058 938
31058 18291 938
18291 24500 938
24500 16446 938
16446 37344 938
37344 2534 938
2534 9770 938
9770 35045 938
35045 18579 938
18579 20423 938
20423 27668 938
27668 18127 938
18127 6178 938
6178 8272 938
8272 34253 938
34253 22911 938
22911 7350 938
7350 33342 938
33342 7510 938
7510 27250 938
27250 12805 938
12805 5356 938
5356 4529 938
4529 9325 938
9325 30792 938
30792 27771 938
27771 12242 938
12242 15590 938
15590 705 938
705 12808 938
12808 5231 938
5231 21074 938
21074 37072 938
37072 20404 938
20404 1914 938
15688 10533 939
10533 36087 939
36087 9650 939
9650 21452 939
21452 15203 939
15203 13923 939
13923 6785 939
6785 5311 939
5311 40169 939
40169 11989 939
11989 35522 939
35522 28652 939
28652 36395 939
36395 5969 939
5969 27292 939
27292 39861 939
39861 18210 939
18210 30507 939
30507 30017 939
30017 34337 939
34337 18725 939
18725 41138 939
41138 28325 939
28325 20106 939
20106 28951 939
28951 21935 939
21935 39122 939
39122 9671 939
9671 8113 939
8113 18491 939
18491 25655 939
25655 6034 939
6034 27669 939
27669 27671 939
27671 15418 939
15418 29055 939
29055 30141 939
30141 17329 939
17329 2835 939
2835 1721 939
1721 15905 939
32575 25794 940
25794 8236 940
8236 11188 940
11188 31667 940
31667 19841 940
19841 13468 940
13468 32534 940
32534 19271 940
19271 10339 940
10339 34235 940
34235 8574 940
8574 8437 940
8437 11337 940
11337 30969 940
30969 40084 940
40084 15298 940
15298 17990 940
17990 29269 940
29269 24145 940
24145 4089 940
4089 2132 940
2132 36128 940
36128 39465 940
39465 33707 940
33707 27029 940
27029 13650 940
13650 16941 940
16941 25697 940
25697 30053 940
30053 37899 940
37899 19470 940
19470 25715 940
25715 20362 940
20362 35363 940
35363 13475 940
13475 5362 940
5362 14838 940
14838 38898 940
38898 4322 940
4322 36323 940
36323 28852 940
24772 39320 941
39320 4806 941
4806 16114 941
16114 2343 941
2343 24069 941
24069 19499 941
19499 28695 941
28695 40590 941
40590 4107 941
4107 21550 941
21550 2536 941
2536 21534 941
21534 18849 941
18849 28418 941
28418 6453 941
6453 28469 941
28469 28169 941
28169 29750 941
29750 34055 941
34055 14346 941
14346 15883 941
15883 22284 941
22284 30069 941
30069 21558 941
21558 24265 941
24265 32474 941
32474 6800 941
6800 35107 941
35107 18250 941
18250 33748 941
33748 14523 941
14523 1454 941
1454 11480 941
11480 29933 941
29933 6991 941
6991 23280 941
23280 20603 941
20603 305 941
305 95 941
95 32379 941
32379 6698 941
33053 8105 942
8105 37598 942
37598 34966 942
34966 30353 942
30353 27148 942
27148 37667 942
37667 28202 942
28202 11031 942
11031 18603 942
18603 28544 942
28544 22988 942
22988 10183 942
10183 35289 942
35289 11074 942
11074 15258 942
15258 29811 942
29811 18997 942
18997 34517 942
34517 3413 942
3413 6733 942
6733 24959 942
24959 16292 942
16292 30079 942
30079 41886 942
41886 2827 942
2827 1109 942
1109 8181 942
8181 11633 942
11633 24936 942
24936 16000 942
16000 27578 942
27578 24904 942
24904 19247 942
19247 36296 942
36296 38045 942
38045 10098 942
10098 11518 942
11518 27280 942
27280 37069 942
37069 36421 942
36421 34300 942
8326 14929 943
14929 29687 943
29687 32062 943
32062 5462 943
5462 29216 943
29216 28190 943
28190 8080 943
8080 2064 943
2064 22303 943
22303 26422 943
26422 4830 943
4830 18639 943
18639 9186 943
9186 41029 943
41029 30106 943
30106 4622 943
4622 4767 943
4767 39866 943
39866 33035 943
33035 23226 943
23226 4862 943
4862 12628 943
12628 12597 943
12597 11748 943
11748 37393 943
37393 7875 943
7875 20819 943
20819 38644 943
38644 31403 943
31403 12785 943
12785 37389 943
37389 23947 943
23947 33009 943
33009 36610 943
36610 37862 943
37862 11517 943
11517 29985 943
29985 30621 943
30621 8019 943
8019 32768 943
32768 23110 943
13810 39285 944
39285 15462 944
15462 37550 944
37550 39859 944
39859 20555 944
20555 4127 944
4127 2165 944
2165 17454 944
17454 23372 944
23372 15363 944
15363 27205 944
27205 9648 944
9648 11211 944
11211 29666 944
29666 18991 944
18991 4558 944
4558 2585 944
2585 1512 944
1512 37955 944
37955 11199 944
11199 29637 944
29637 20367 944
20367 16653 944
16653 29556 944
29556 22694 944
22694 16567 944
16567 2623 944
2623 37454 944
37454 30469 944
30469 95 944
95 11834 944
11834 25321 944
25321 3175 944
3175 19616 944
19616 1750 944
1750 5095 944
5095 15971 944
15971 34421 944
34421 9583 944
9583 12360 944
12360 17607 944
35196 7676 945
7676 39208 945
39208 24903 945
24903 13987 945
13987 22356 945
22356 649 945
649 2518 945
2518 30600 945
30600 3653 945
3653 12900 945
12900 34322 945
34322 11013 945
11013 23073 945
23073 5041 945
5041 29110 945
29110 1557 945
1557 23938 945
23938 36466 945
36466 9987 945
9987 31070 945
31070 32759 945
32759 12332 945
12332 31872 945
31872 28156 945
28156 9681 945
9681 5871 945
5871 22912 945
22912 3750 945
3750 13810 945
13810 8626 945
8626 1253 945
1253 40309 945
40309 5507 945
5507 31882 945
31882 9955 945
9955 34209 945
34209 38031 945
38031 18060 945
18060 2780 945
2780 10413 945
10413 7606 945
30416 18713 946
18713 23953 946
23953 34368 946
34368 21321 946
21321 16173 946
16173 23075 946
23075 20197 946
20197 15113 946
15113 35817 946
35817 24118 946
24118 21271 946
21271 35009 946
35009 21838 946
21838 41858 946
41858 32900 946
32900 28437 946
28437 28726 946
28726 35229 946
35229 27078 946
27078 33483 946
33483 9221 946
9221 11112 946
11112 40749 946
40749 18856 946
18856 40902 946
40902 37068 946
37068 3236 946
3236 41942 946
41942 38771 946
38771 35085 946
35085 31472 946
31472 30087 946
30087 6231 946
6231 36317 946
36317 3209 946
3209 1661 946
1661 10625 946
10625 39078 946
39078 376 946
376 26771 946
26771 33010 946
35162 33898 947
33898 22591 947
22591 27502 947
27502 11578 947
11578 15468 947
15468 15267 947
15267 40674 947
40674 30410 947
30410 41659 947
41659 28600 947
28600 18983 947
18983 9464 947
9464 22816 947
22816 2481 947
2481 26592 947
26592 37417 947
37417 19687 947
19687 28073 947
28073 12606 947
12606 35452 947
35452 34806 947
34806 30273 947
30273 8557 947
8557 11850 947
11850 36618 947
36618 13656 947
13656 41081 947
41081 31614 947
31614 35191 947
35191 25591 947
25591 25176 947
25176 40940 947
40940 8462 947
8462 28525 947
28525 10384 947
10384 28826 947
28826 2984 947
2984 4556 947
4556 6960 947
6960 33103 947
33103 40160 947
32723 16303 948
16303 1871 948
1871 21429 948
21429 19799 948
19799 13514 948
13514 24531 948
24531 32085 948
32085 37459 948
37459 1164 948
1164 3061 948
3061 21036 948
21036 41311 948
41311 36103 948
36103 17732 948
17732 820 948
820 9848 948
9848 28201 948
28201 4279 948
4279 37948 948
37948 240 948
240 34776 948
34776 23900 948
23900 19694 948
19694 14583 948
14583 34843 948
34843 28192 948
28192 8935 948
8935 26660 948
26660 9231 948
9231 30857 948
30857 13686 948
13686 15252 948
15252 14135 948
14135 36806 948
36806 35405 948
35405 17655 948
17655 21050 948
21050 2978 948
2978 17647 948
17647 30203 948
30203 24782 948
12228 14920 949
14920 8710 949
8710 37073 949
37073 16790 949
16790 41345 949
41345 33390 949
33390 22718 949
22718 3922 949
3922 33000 949
33000 36618 949
36618 3025 949
3025 5334 949
5334 25741 949
25741 17655 949
17655 26964 949
26964 25596 949
25596 36630 949
36630 31196 949
31196 4712 949
4712 21483 949
21483 38293 949
38293 894 949
894 6348 949
6348 26276 949
26276 17236 949
17236 18112 949
18112 26024 949
26024 31611 949
31611 36060 949
36060 5892 949
5892 21307 949
21307 5125 949
5125 12154 949
12154 1199 949
1199 29861 949
29861 6019 949
6019 15082 949
15082 10839 949
10839 20320 949
20320 41213 949
41213 1317 949
22986 41321 950
41321 2701 950
2701 13260 950
13260 37707 950
37707 13446 950
13446 7407 950
7407 34690 950
34690 20775 950
20775 2133 950
2133 18338 950
18338 36795 950
36795 35512 950
35512 19163 950
19163 38378 950
38378 24417 950
24417 19796 950
19796 25204 950
25204 13704 950
13704 18322 950
18322 19306 950
19306 855 950
855 34192 950
34192 38495 950
38495 12976 950
12976 26459 950
26459 41748 950
41748 27662 950
27662 736 950
736 13994 950
13994 13305 950
13305 12864 950
12864 28715 950
28715 20930 950
20930 4374 950
4374 2153 950
2153 17569 950
17569 1930 950
1930 29763 950
29763 8184 950
8184 29197 950
29197 33361 950
41792 19520 951
19520 10006 951
10006 27349 951
27349 21897 951
21897 40934 951
40934 21541 951
21541 17816 951
17816 39443 951
39443 24456 951
24456 36346 951
36346 14771 951
14771 13653 951
13653 22734 951
22734 41691 951
41691 13783 951
13783 11564 951
11564 31097 951
31097 26987 951
26987 27601 951
27601 31837 951
31837 13257 951
13257 28029 951
28029 27667 951
27667 20654 951
20654 11069 951
11069 16642 951
16642 38818 951
38818 37068 951
37068 31944 951
31944 26134 951
26134 32304 951
32304 29313 951
29313 1703 951
1703 34696 951
34696 6111 951
6111 11469 951
11469 14432 951
14432 18470 951
18470 6202 951
6202 1041 951
1041 28859 951
15061 21910 952
21910 31776 952
31776 10491 952
10491 24593 952
24593 27446 952
27446 16782 952
16782 13117 952
13117 41827 952
41827 8912 952
8912 37280 952
37280 38171 952
38171 28015 952
28015 34272 952
34272 28129 952
28129 11840 952
11840 33414 952
33414 12662 952
12662 35606 952
35606 32850 952
32850 13431 952
13431 29919 952
29919 5755 952
5755 25425 952
25425 27354 952
27354 71 952
71 22779 952
22779 35423 952
35423 41779 952
41779 7 952
7 1847 952
1847 16958 952
16958 16436 952
16436 14919 952
14919 9991 952
9991 32938 952
32938 18418 952
18418 8504 952
8504 37398 952
37398 29429 952
29429 34883 952
34883 26113 952
3830 12958 953
12958 2639 953
2639 13590 953
13590 861 953
861 41794 953
41794 1961 953
1961 30978 953
30978 35961 953
35961 33845 953
33845 1498 953
1498 19161 953
19161 28654 953
28654 21979 953
21979 15728 953
15728 20607 953
20607 32746 953
32746 15807 953
15807 13630 953
13630 11194 953
11194 33025 953
33025 24795 953
24795 28410 953
28410 27846 953
27846 35864 953
35864 31627 953
31627 27400 953
27400 9184 953
9184 14318 953
14318 20826 953
20826 30385 953
30385 22858 953
22858 10420 953
10420 22929 953
22929 14870 953
14870 3242 953
3242 21068 953
21068 16262 953
16262 26767 953
26767 10710 953
10710 34144 953
34144 35963 953
8314 11026 954
11026 32492 954
32492 2946 954
2946 32153 954
32153 16250 954
16250 25995 954
25995 38253 954
38253 29021 954
29021 5656 954
5656 36673 954
36673 3756 954
3756 5967 954
5967 15455 954
15455 21787 954
21787 30245 954
30245 6557 954
6557 5521 954
5521 24714 954
24714 17432 954
17432 20421 954
20421 14805 954
14805 3778 954
3778 33598 954
33598 39886 954
39886 41020 954
41020 34806 954
34806 38503 954
38503 3971 954
3971 19130 954
19130 18260 954
18260 36992 954
36992 4510 954
4510 40768 954
40768 1838 954
1838 11611 954
11611 30748 954
30748 35867 954
35867 28881 954
28881 27423 954
27423 16158 954
16158 12513 954
11252 8122 955
8122 24212 955
24212 28087 955
28087 35299 955
35299 18758 955
18758 40602 955
40602 6748 955
6748 28111 955
28111 30751 955
30751 3769 955
3769 353 955
353 35120 955
35120 14550 955
14550 37320 955
37320 5065 955
5065 25922 955
25922 37820 955
37820 7346 955
7346 14668 955
14668 8757 955
8757 20523 955
20523 35542 955
35542 25647 955
25647 13378 955
13378 12089 955
12089 4481 955
4481 27402 955
27402 35743 955
35743 22105 955
22105 32806 955
32806 36911 955
36911 1805 955
1805 9372 955
9372 9978 955
9978 771 955
771 38550 955
38550 15209 955
15209 6943 955
6943 28433 955
28433 14229 955
14229 25370 955
40907 6937 956
6937 38406 956
38406 27839 956
27839 19057 956
19057 18909 956
18909 41846 956
41846 31525 956
31525 35426 956
35426 38852 956
38852 20955 956
20955 19377 956
19377 31128 956
31128 12118 956
12118 878 956
878 33146 956
33146 13103 956
13103 25607 956
25607 26212 956
26212 34253 956
34253 10681 956
10681 20158 956
20158 20939 956
20939 8497 956
8497 35434 956
35434 11390 956
11390 10898 956
10898 8676 956
8676 13513 956
13513 35535 956
35535 24510 956
24510 35506 956
35506 18474 956
18474 33895 956
33895 24619 956
24619 4671 956
4671 20124 956
20124 26013 956
26013 16012 956
16012 34659 956
34659 2311 956
2311 33837 956
29978 11186 957
11186 5961 957
5961 16968 957
16968 2318 957
2318 24549 957
24549 3662 957
3662 40009 957
40009 7360 957
7360 10779 957
10779 31325 957
31325 29929 957
29929 10311 957
10311 32783 957
32783 35641 957
35641 36372 957
36372 39646 957
39646 17959 957
17959 5144 957
5144 23598 957
23598 991 957
991 36337 957
36337 12811 957
12811 24926 957
24926 15800 957
15800 27579 957
27579 6282 957
6282 35208 957
35208 30442 957
30442 41871 957
41871 9077 957
9077 40338 957
40338 27 957
27 36438 957
36438 25493 957
25493 26071 957
26071 7663 957
7663 41285 957
41285 11589 957
11589 39219 957
39219 22138 957
22138 38297 957
6330 5673 958
5673 21180 958
21180 14022 958
14022 10048 958
10048 35557 958
35557 41103 958
41103 11874 958
11874 41006 958
41006 9690 958
9690 4230 958
4230 14433 958
14433 10809 958
10809 7931 958
7931 19788 958
19788 20608 958
20608 539 958
539 34847 958
34847 21355 958
21355 33850 958
33850 28736 958
28736 27663 958
27663 5234 958
5234 25587 958
25587 14231 958
14231 5608 958
5608 12703 958
12703 29593 958
29593 25761 958
25761 30814 958
30814 33843 958
33843 3160 958
3160 3368 958
3368 41122 958
41122 36739 958
36739 35779 958
35779 35014 958
35014 18255 958
18255 8119 958
8119 16170 958
16170 11054 958
11054 36828 958
33543 35654 959
35654 8249 959
8249 11747 959
11747 29719 959
29719 39821 959
39821 21662 959
21662 5266 959
5266 2953 959
2953 28164 959
28164 12216 959
12216 20849 959
20849 27064 959
27064 7743 959
7743 16058 959
16058 33455 959
33455 40945 959
40945 27931 959
27931 33021 959
33021 39447 959
39447 12832 959
12832 10720 959
10720 22255 959
22255 19017 959
19017 33459 959
33459 36043 959
36043 27503 959
27503 40433 959
40433 8413 959
8413 20983 959
20983 6308 959
6308 20424 959
20424 1994 959
1994 6847 959
6847 32971 959
32971 3457 959
3457 24941 959
24941 28117 959
28117 37084 959
37084 17258 959
17258 15002 959
15002 34872 959
17653 13824 960
13824 1842 960
1842 26689 960
26689 4897 960
4897 41797 960
41797 7719 960
7719 7317 960
7317 6890 960
6890 2138 960
2138 27216 960
27216 11341 960
11341 24239 960
24239 1704 960
1704 23938 960
23938 27590 960
27590 25047 960
25047 9670 960
9670 31343 960
31343 12914 960
12914 20086 960
20086 9968 960
9968 1001 960
1001 21986 960
21986 1220 960
1220 1233 960
1233 34516 960
34516 9143 960
9143 1526 960
1526 9093 960
9093 34119 960
34119 35477 960
35477 7177 960
7177 15138 960
15138 10672 960
10672 33450 960
33450 21517 960
21517 36548 960
36548 20761 960
20761 10678 960
10678 15315 960
15315 23951 960
9059 10545 961
10545 37146 961
37146 13685 961
13685 20551 961
20551 7920 961
7920 25846 961
25846 37276 961
37276 18600 961
18600 37847 961
37847 9455 961
9455 5575 961
5575 24817 961
24817 23166 961
23166 18701 961
18701 25233 961
25233 26309 961
26309 4613 961
4613 23046 961
23046 1914 961
1914 31014 961
31014 9917 961
9917 24587 961
24587 1436 961
1436 4059 961
4059 5916 961
5916 8501 961
8501 23614 961
23614 14594 961
14594 27257 961
27257 18550 961
18550 35206 961
35206 25162 961
25162 5436 961
5436 6583 961
6583 26508 961
26508 12687 961
12687 20791 961
20791 40237 961
40237 8288 961
8288 36098 961
36098 29160 961
33748 31267 962
31267 1448 962
1448 756 962
756 7944 962
7944 37048 962
37048 38150 962
38150 8010 962
8010 39251 962
39251 18688 962
18688 40395 962
40395 26200 962
26200 15497 962
15497 11363 962
11363 37311 962
37311 1077 962
1077 35610 962
35610 4505 962
4505 16426 962
16426 6841 962
6841 21566 962
21566 21415 962
21415 40207 962
40207 35999 962
35999 24564 962
24564 35941 962
35941 3118 962
3118 15324 962
15324 3214 962
3214 15201 962
15201 28845 962
28845 10835 962
10835 32231 962
32231 2567 962
2567 35928 962
35928 1355 962
1355 7239 962
7239 12010 962
12010 23834 962
23834 41880 962
41880 3137 962
3137 11022 962
25847 19311 963
19311 17025 963
17025 5886 963
5886 18 963
18 37067 963
37067 28505 963
28505 38840 963
38840 6145 963
6145 932 963
932 21692 963
21692 41446 963
41446 39169 963
39169 17753 963
17753 36937 963
36937 35344 963
35344 11853 963
11853 13383 963
13383 4853 963
4853 15747 963
15747 36025 963
36025 19764 963
19764 12993 963
12993 32761 963
32761 21842 963
21842 28928 963
28928 31603 963
31603 36684 963
36684 34383 963
34383 4838 963
4838 3933 963
3933 34212 963
34212 31969 963
31969 10887 963
10887 9671 963
9671 4815 963
4815 10985 963
10985 18860 963
18860 4761 963
4761 35070 963
35070 24570 963
24570 18917 963
10960 38539 964
38539 37943 964
37943 23012 964
23012 40629 964
40629 3275 964
3275 39087 964
39087 26944 964
26944 39932 964
39932 10987 964
10987 3243 964
3243 18807 964
18807 24610 964
24610 3033 964
3033 6925 964
6925 2193 964
2193 10070 964
10070 31337 964
31337 7654 964
7654 39587 964
39587 14594 964
14594 13816 964
13816 3733 964
3733 38877 964
38877 26442 964
26442 26002 964
26002 9380 964
9380 14835 964
14835 27177 964
27177 8423 964
8423 9958 964
9958 31316 964
31316 38094 964
38094 27546 964
27546 4417 964
4417 10691 964
10691 33930 964
33930 33220 964
33220 22805 964
22805 1336 964
1336 35263 964
35263 1450 964
23032 3005 965
3005 25322 965
25322 21698 965
21698 35724 965
35724 41294 965
41294 27993 965
27993 4846 965
4846 18471 965
18471 24262 965
24262 38252 965
38252 5937 965
5937 19382 965
19382 6847 965
6847 38817 965
38817 22667 965
22667 9337 965
9337 3644 965
3644 2098 965
2098 7301 965
7301 31764 965
31764 7259 965
7259 2537 965
2537 34020 965
34020 39813 965
39813 36019 965
36019 7034 965
7034 24374 965
24374 33517 965
33517 21035 965
21035 38 965
38 11039 965
11039 23082 965
23082 23453 965
23453 37673 965
37673 30708 965
30708 35578 965
35578 8028 965
8028 10833 965
10833 29736 965
29736 36255 965
36255 13452 965
23222 10546 966
10546 13751 966
13751 11696 966
11696 3902 966
3902 28445 966
28445 30429 966
30429 18310 966
18310 16668 966
16668 31193 966
31193 38615 966
38615 37371 966
37371 20979 966
20979 12164 966
12164 7254 966
7254 6434 966
6434 2132 966
2132 1054 966
1054 21784 966
21784 36152 966
36152 5559 966
5559 34225 966
34225 9045 966
9045 37234 966
37234 6309 966
6309 13260 966
13260 1475 966
1475 7204 966
7204 5295 966
5295 27463 966
27463 4948 966
4948 16089 966
16089 23049 966
23049 17310 966
17310 1021 966
1021 31613 966
31613 22903 966
22903 29296 966
29296 2102 966
2102 14888 966
14888 30471 966
30471 6281 966
41573 19912 967
19912 11894 967
11894 18023 967
18023 3310 967
3310 17532 967
17532 28466 967
28466 12879 967
12879 3674 967
3674 24121 967
24121 34977 967
34977 10327 967
10327 14981 967
14981 3783 967
3783 29312 967
29312 24829 967
24829 7909 967
7909 7699 967
7699 21870 967
21870 7955 967
7955 36712 967
36712 38255 967
38255 6163 967
6163 20655 967
20655 20496 967
20496 11508 967
11508 36635 967
36635 16638 967
16638 1453 967
1453 11105 967
11105 37390 967
37390 18478 967
18478 27348 967
27348 41960 967
41960 40569 967
40569 41300 967
41300 19469 967
19469 19802 967
19802 38062 967
38062 4562 967
4562 20740 967
20740 16298 967
22732 39064 968
39064 3943 968
3943 33522 968
33522 30086 968
30086 27046 968
27046 35820 968
35820 29837 968
29837 12000 968
12000 32738 968
32738 38687 968
38687 7613 968
7613 8888 968
8888 5962 968
5962 35472 968
35472 22696 968
22696 28617 968
28617 18643 968
18643 33160 968
33160 401 968
401 20201 968
20201 5152 968
5152 22026 968
22026 27507 968
27507 28621 968
28621 40014 968
40014 21905 968
21905 33804 968
33804 31030 968
31030 12479 968
12479 5719 968
5719 17497 968
17497 9355 968
9355 18623 968
18623 20559 968
20559 16823 968
16823 38039 968
38039 2947 968
2947 27816 968
27816 5643 968
5643 41034 968
41034 18425 968
34351 36743 969
36743 7035 969
7035 33586 969
33586 7503 969
7503 6667 969
6667 25324 969
25324 10928 969
10928 33560 969
33560 41584 969
41584 41668 969
41668 35177 969
35177 9471 969
9471 33981 969
33981 27221 969
27221 33903 969
33903 36293 969
36293 39015 969
39015 7726 969
7726 20019 969
20019 40304 969
40304 31538 969
31538 38401 969
38401 16299 969
16299 10362 969
10362 6271 969
6271 9530 969
9530 13177 969
13177 14184 969
14184 10196 969
10196 37953 969
37953 35285 969
35285 2927 969
2927 41391 969
41391 36507 969
36507 6939 969
6939 33882 969
33882 4397 969
4397 10831 969
10831 34347 969
34347 34714 969
34714 28052 969
31172 11869 970
11869 40592 970
40592 433 970
433 28949 970
28949 23374 970
23374 29867 970
29867 35236 970
35236 24560 970
24560 33731 970
33731 39626 970
39626 33386 970
33386 36764 970
36764 2018 970
2018 19530 970
19530 15413 970
15413 36178 970
36178 31435 970
31435 11573 970
11573 40875 970
40875 1929 970
1929 36293 970
36293 2395 970
2395 30273 970
30273 26157 970
26157 16422 970
16422 21689 970
21689 35745 970
35745 4404 970
4404 10079 970
10079 39674 970
39674 30720 970
30720 34263 970
34263 20475 970
20475 1719 970
1719 38625 970
38625 16941 970
16941 25355 970
25355 40494 970
40494 27388 970
27388 15640 970
15640 24101 970
20969 41212 971
41212 40705 971
40705 16997 971
16997 10433 971
10433 40297 971
40297 19691 971
19691 30924 971
30924 18458 971
18458 6962 971
6962 11453 971
11453 2159 971
2159 15276 971
15276 16151 971
16151 38434 971
38434 7991 971
7991 18031 971
18031 2852 971
2852 40738 971
40738 28131 971
28131 25056 971
25056 14680 971
14680 21267 971
21267 21276 971
21276 33991 971
33991 40425 971
40425 41930 971
41930 18745 971
18745 37402 971
37402 29998 971
29998 19200 971
19200 6050 971
6050 11267 971
11267 892 971
892 7140 971
7140 16546 971
16546 12522 971
12522 26566 971
26566 12095 971
12095 34442 971
34442 11176 971
11176 25603 971
322 21365 972
21365 19562 972
19562 37226 972
37226 30850 972
30850 27312 972
27312 6174 972
6174 15566 972
15566 6729 972
6729 11181 972
11181 7486 972
7486 31464 972
31464 26152 972
26152 17125 972
17125 28540 972
28540 30086 972
30086 7184 972
7184 8996 972
8996 32387 972
32387 7875 972
7875 25733 972
25733 12460 972
12460 12738 972
12738 10947 972
10947 5548 972
5548 1487 972
1487 23755 972
23755 20296 972
20296 41350 972
41350 418 972
418 959 972
959 29870 972
29870 27421 972
27421 16202 972
16202 5295 972
5295 41250 972
41250 11762 972
11762 3468 972
3468 35877 972
35877 13047 972
13047 23653 972
23653 9463 972
12900 25393 973
25393 13969 973
13969 94 973
94 7144 973
7144 18375 973
18375 12985 973
12985 16442 973
16442 28015 973
28015 1284 973
1284 20084 973
20084 36867 973
36867 8066 973
8066 21869 973
21869 37798 973
37798 3810 973
3810 25694 973
25694 8088 973
8088 12004 973
12004 9656 973
9656 37854 973
37854 1273 973
1273 10995 973
10995 12533 973
12533 19766 973
19766 6123 973
6123 18299 973
18299 40633 973
40633 39515 973
39515 11498 973
11498 11597 973
11597 40886 973
40886 18278 973
18278 11869 973
11869 11454 973
11454 22521 973
22521 40508 973
40508 12622 973
12622 25758 973
25758 16783 973
16783 7586 973
7586 8441 973
32369 13863 974
13863 20889 974
20889 17516 974
17516 38143 974
38143 37718 974
37718 11097 974
11097 33608 974
33608 11377 974
11377 20152 974
20152 12381 974
12381 11703 974
11703 38580 974
38580 6531 974
6531 10874 974
10874 34366 974
34366 19651 974
19651 9066 974
9066 9730 974
9730 5476 974
5476 4248 974
4248 8740 974
8740 7334 974
7334 35875 974
35875 16969 974
16969 19366 974
19366 26913 974
26913 2784 974
2784 793 974
793 7933 974
7933 2744 974
2744 21445 974
21445 15451 974
15451 37107 974
37107 35672 974
35672 15873 974
15873 8737 974
8737 38780 974
38780 8171 974
8171 3669 974
3669 22302 974
22302 31232 974
34437 22160 975
22160 31089 975
31089 4102 975
4102 22954 975
22954 6690 975
6690 35984 975
35984 17522 975
17522 8009 975
8009 31925 975
31925 14399 975
14399 29939 975
29939 11439 975
11439 29900 975
29900 35491 975
35491 24739 975
24739 2756 975
2756 27702 975
27702 1609 975
1609 39816 975
39816 39017 975
39017 35671 975
35671 17453 975
17453 14859 975
14859 23746 975
23746 29399 975
29399 7153 975
7153 37604 975
37604 7511 975
7511 27073 975
27073 39339 975
39339 33667 975
33667 30760 975
30760 15597 975
15597 36964 975
36964 13197 975
13197 14392 975
14392 35712 975
35712 869 975
869 35062 975
35062 27587 975
27587 9285 975
20600 10319 976
10319 4300 976
4300 23898 976
23898 23289 976
23289 37979 976
37979 903 976
903 17135 976
17135 33017 976
33017 1448 976
1448 32052 976
32052 32912 976
32912 17850 976
17850 38476 976
38476 35913 976
35913 3838 976
3838 41140 976
41140 19259 976
19259 38021 976
38021 17692 976
17692 4745 976
4745 12726 976
12726 24647 976
24647 41917 976
41917 1097 976
1097 30881 976
30881 2813 976
2813 9021 976
9021 34320 976
34320 20306 976
20306 25880 976
25880 20025 976
20025 6828 976
6828 2184 976
2184 9861 976
9861 30940 976
30940 9982 976
9982 21817 976
21817 8705 976
8705 40559 976
40559 2985 976
2985 34925 976
34721 20545 977
20545 38104 977
38104 14653 977
14653 4310 977
4310 28271 977
28271 23111 977
23111 8506 977
8506 15171 977
15171 14155 977
14155 12947 977
12947 27860 977
27860 40022 977
40022 38443 977
38443 21986 977
21986 30196 977
30196 25563 977
25563 36106 977
36106 39592 977
39592 22307 977
22307 4224 977
4224 27107 977
27107 23479 977
23479 28420 977
28420 23367 977
23367 10885 977
10885 2683 977
2683 33548 977
33548 41625 977
41625 35581 977
35581 38715 977
38715 36259 977
36259 39981 977
39981 973 977
973 472 977
472 11532 977
11532 3940 977
3940 34840 977
34840 4331 977
4331 28191 977
28191 453 977
453 42000 977
21485 33891 978
33891 11831 978
11831 11438 978
11438 24678 978
24678 37961 978
37961 18552 978
18552 2807 978
2807 31270 978
31270 16513 978
16513 402 978
402 31207 978
31207 20960 978
20960 38895 978
38895 41074 978
41074 39562 978
39562 40088 978
40088 25165 978
25165 20868 978
20868 30589 978
30589 17288 978
17288 10198 978
10198 37342 978
37342 36898 978
36898 25225 978
25225 39535 978
39535 17391 978
17391 5615 978
5615 33603 978
33603 22227 978
22227 9078 978
9078 14254 978
14254 12067 978
12067 37984 978
37984 26928 978
26928 4363 978
4363 14842 978
14842 35484 978
35484 14524 978
14524 6980 978
6980 4760 978
4760 35001 978
12415 3576 979
3576 41491 979
41491 6569 979
6569 22774 979
22774 16564 979
16564 2111 979
2111 3904 979
3904 40798 979
40798 5331 979
5331 6880 979
6880 15216 979
15216 16442 979
16442 11596 979
11596 4847 979
4847 26712 979
26712 16521 979
16521 40273 979
40273 5354 979
5354 41395 979
41395 41297 979
41297 28502 979
28502 17021 979
17021 20036 979
20036 26038 979
26038 26661 979
26661 4247 979
4247 29452 979
29452 21622 979
21622 8328 979
8328 19989 979
19989 23708 979
23708 9065 979
9065 36043 979
36043 25914 979
25914 24573 979
24573 41350 979
41350 24525 979
24525 9844 979
9844 40772 979
40772 18855 979
18855 32945 979
41078 22629 980
22629 3385 980
3385 92 980
92 10879 980
10879 18490 980
18490 28287 980
28287 28513 980
28513 7678 980
7678 32313 980
32313 37298 980
37298 17680 980
17680 8505 980
8505 30685 980
30685 7651 980
7651 8779 980
8779 28501 980
28501 2704 980
2704 32012 980
32012 12646 980
12646 38724 980
38724 36777 980
36777 3570 980
3570 1408 980
1408 2493 980
2493 41744 980
41744 9789 980
9789 18443 980
18443 20960 980
20960 2751 980
2751 36338 980
36338 30652 980
30652 35971 980
35971 21644 980
21644 20588 980
20588 31036 980
31036 1215 980
1215 27413 980
27413 35234 980
35234 16639 980
16639 15784 980
15784 31662 980
9615 35544 981
35544 38978 981
38978 7283 981
7283 17999 981
17999 26805 981
26805 39599 981
39599 21231 981
21231 6174 981
6174 22432 981
22432 18260 981
18260 34840 981
34840 18606 981
18606 32436 981
32436 18760 981
18760 560 981
560 11506 981
11506 28920 981
28920 12329 981
12329 33272 981
33272 23095 981
23095 25848 981
25848 26528 981
26528 4740 981
4740 5572 981
5572 22874 981
22874 30218 981
30218 39477 981
39477 337 981
337 41808 981
41808 5389 981
5389 3839 981
3839 4951 981
4951 10181 981
10181 21327 981
21327 26032 981
26032 31887 981
31887 29596 981
29596 26943 981
26943 21793 981
21793 24404 981
24404 24547 981
18222 39038 982
39038 3228 982
3228 19856 982
19856 36744 982
36744 20172 982
20172 12908 982
12908 41133 982
41133 33456 982
33456 14509 982
14509 37707 982
37707 19117 982
19117 26925 982
26925 38473 982
38473 36989 982
36989 22429 982
22429 16325 982
16325 27641 982
27641 18320 982
18320 22673 982
22673 3085 982
3085 41604 982
41604 7126 982
7126 22264 982
22264 16648 982
16648 20993 982
20993 21838 982
21838 8946 982
8946 9739 982
9739 25416 982
25416 9617 982
9617 2355 982
2355 4287 982
4287 11545 982
11545 850 982
850 1087 982
1087 12011 982
12011 31734 982
31734 30221 982
30221 18879 982
18879 19106 982
19106 5055 982
34928 7675 983
7675 6848 983
6848 12399 983
12399 32884 983
32884 19874 983
19874 27806 983
27806 39114 983
39114 22469 983
22469 39597 983
39597 16436 983
16436 10567 983
10567 6409 983
6409 38204 983
38204 3881 983
3881 10408 983
10408 25839 983
25839 21367 983
21367 17564 983
17564 15660 983
15660 3065 983
3065 13325 983
13325 5759 983
5759 10924 983
10924 15719 983
15719 14802 983
14802 17569 983
17569 41075 983
41075 13406 983
13406 11260 983
11260 30690 983
30690 20770 983
20770 4455 983
4455 17673 983
17673 9983 983
9983 25525 983
25525 28150 983
28150 16273 983
16273 13591 983
13591 33689 983
33689 31125 983
31125 7412 983
30394 437 984
437 31939 984
31939 31075 984
31075 19129 984
19129 34757 984
34757 25969 984
25969 9509 984
9509 13973 984
13973 9725 984
9725 32208 984
32208 10531 984
10531 20220 984
20220 16308 984
16308 29844 984
29844 23053 984
23053 1232 984
1232 31405 984
31405 29896 984
29896 15109 984
15109 25829 984
25829 19480 984
19480 19358 984
19358 32716 984
32716 39523 984
39523 25406 984
25406 15915 984
15915 10775 984
10775 16441 984
16441 26192 984
26192 15638 984
15638 2919 984
2919 14820 984
14820 35010 984
35010 38698 984
38698 27612 984
27612 25885 984
25885 31873 984
31873 19380 984
19380 32264 984
32264 18832 984
18832 35722 984
21244 11558 985
11558 31292 985
31292 11082 985
11082 26579 985
26579 31642 985
31642 17274 985
17274 16217 985
16217 24950 985
24950 12445 985
12445 7074 985
7074 3879 985
3879 565 985
565 20579 985
20579 33355 985
33355 14519 985
14519 7471 985
7471 41716 985
41716 21962 985
21962 22482 985
22482 13783 985
13783 39742 985
39742 16456 985
16456 6612 985
6612 10825 985
10825 10718 985
10718 36373 985
36373 41758 985
41758 7269 985
7269 6487 985
6487 27271 985
27271 11530 985
11530 4507 985
4507 2285 985
2285 15775 985
15775 36015 985
36015 12831 985
12831 2006 985
2006 29006 985
29006 1192 985
1192 30887 985
30887 28985 985
4575 17087 986
17087 8233 986
8233 23927 986
23927 14590 986
14590 581 986
581 38456 986
38456 18265 986
18265 21530 986
21530 38509 986
38509 6545 986
6545 1058 986
1058 25510 986
25510 7205 986
7205 31431 986
31431 7107 986
7107 36150 986
36150 17332 986
17332 7056 986
7056 21812 986
21812 7172 986
7172 24115 986
24115 32502 986
32502 7553 986
7553 8226 986
8226 22824 986
22824 41050 986
41050 18796 986
18796 2303 986
2303 32169 986
32169 11485 986
11485 26911 986
26911 17243 986
17243 17171 986
17171 28105 986
28105 20292 986
20292 21472 986
21472 14065 986
14065 25263 986
25263 26959 986
26959 14011 986
14011 31900 986
27249 17409 987
17409 1508 987
1508 28594 987
28594 39713 987
39713 27726 987
27726 31860 987
31860 16273 987
16273 34224 987
34224 24826 987
24826 39245 987
39245 4269 987
4269 18100 987
18100 34120 987
34120 24266 987
24266 20944 987
20944 39748 987
39748 1543 987
1543 26999 987
26999 32566 987
32566 34656 987
34656 502 987
502 17552 987
17552 24160 987
24160 22928 987
22928 4092 987
4092 23980 987
23980 33039 987
33039 37920 987
37920 38944 987
38944 18060 987
18060 6372 987
6372 36904 987
36904 20631 987
20631 20413 987
20413 27533 987
27533 26924 987
26924 29123 987
29123 4485 987
4485 37932 987
37932 19037 987
19037 4719 987
19259 17908 988
17908 12681 988
12681 12815 988
12815 26948 988
26948 9323 988
9323 12338 988
12338 205 988
205 16117 988
16117 7791 988
7791 11295 988
11295 1661 988
1661 36973 988
36973 30084 988
30084 21481 988
21481 26772 988
26772 13158 988
13158 24991 988
24991 33538 988
33538 24424 988
24424 34718 988
34718 11948 988
11948 26960 988
26960 38284 988
38284 11901 988
11901 40106 988
40106 19231 988
19231 20886 988
20886 11093 988
11093 13799 988
13799 2459 988
2459 5985 988
5985 1891 988
1891 40988 988
40988 4771 988
4771 28715 988
28715 15304 988
15304 29738 988
29738 27143 988
27143 2732 988
2732 1558 988
1558 24453 988
28979 38816 989
38816 23140 989
23140 27139 989
27139 13323 989
13323 30334 989
30334 32564 989
32564 3994 989
3994 15898 989
15898 35379 989
35379 14442 989
14442 14847 989
14847 24226 989
24226 18044 989
18044 29381 989
29381 39745 989
39745 26909 989
26909 24670 989
24670 32637 989
32637 36819 989
36819 27587 989
27587 30123 989
30123 26674 989
26674 39895 989
39895 16550 989
16550 12283 989
12283 33536 989
33536 39305 989
39305 36620 989
36620 16606 989
16606 23851 989
23851 17243 989
17243 28254 989
28254 40694 989
40694 31 989
31 41914 989
41914 38300 989
38300 4337 989
4337 874 989
874 36499 989
36499 38864 989
38864 8161 989
36514 17466 990
17466 10298 990
10298 291 990
291 36164 990
36164 16984 990
16984 2130 990
2130 41489 990
41489 18902 990
18902 33560 990
33560 28949 990
28949 29102 990
29102 30127 990
30127 33574 990
33574 16840 990
16840 25220 990
25220 20978 990
20978 33227 990
33227 10877 990
10877 40107 990
40107 956 990
956 18118 990
18118 5762 990
5762 33505 990
33505 29328 990
29328 20700 990
20700 8304 990
8304 29046 990
29046 10608 990
10608 19984 990
19984 4351 990
4351 30055 990
30055 39018 990
39018 22017 990
22017 40101 990
40101 21812 990
21812 6275 990
6275 2792 990
2792 15529 990
15529 6764 990
6764 33007 990
33007 24406 990
10747 22365 991
22365 18985 991
18985 22545 991
22545 34840 991
34840 26521 991
26521 32250 991
32250 15364 991
15364 10931 991
10931 39078 991
39078 36638 991
36638 28375 991
28375 18801 991
18801 12748 991
12748 5934 991
5934 11021 991
11021 35998 991
35998 2574 991
2574 21024 991
21024 34788 991
34788 37803 991
37803 8792 991
8792 6137 991
6137 9389 991
9389 4193 991
4193 30802 991
30802 31812 991
31812 21518 991
21518 5637 991
5637 26584 991
26584 23922 991
23922 23331 991
23331 10288 991
10288 3119 991
3119 1778 991
1778 21438 991
21438 18067 991
18067 10810 991
10810 27758 991
27758 32378 991
32378 9696 991
9696 1814 991
11711 30454 992
30454 1306 992
1306 12030 992
12030 782 992
782 38024 992
38024 25369 992
25369 1756 992
1756 38050 992
38050 29345 992
29345 4158 992
4158 33754 992
33754 12720 992
12720 36275 992
36275 37496 992
37496 22770 992
22770 25045 992
25045 18337 992
18337 22995 992
22995 41175 992
41175 29735 992
29735 37848 992
37848 18777 992
18777 33231 992
33231 31511 992
31511 35814 992
35814 26863 992
26863 14235 992
14235 21658 992
21658 27148 992
27148 24013 992
24013 23042 992
23042 17658 992
17658 3519 992
3519 35361 992
35361 21854 992
21854 15475 992
15475 29723 992
29723 38587 992
38587 36415 992
36415 37570 992
37570 24342 992
19590 40658 993
40658 20383 993
20383 29551 993
29551 34063 993
34063 2784 993
2784 18601 993
18601 27549 993
27549 12307 993
12307 13242 993
13242 5044 993
5044 17288 993
17288 9200 993
9200 39870 993
39870 18715 993
18715 347 993
347 14206 993
14206 35084 993
35084 5360 993
5360 38754 993
38754 26485 993
26485 34289 993
34289 31885 993
31885 32998 993
32998 21985 993
21985 30732 993
30732 8592 993
8592 22916 993
22916 20563 993
20563 37688 993
37688 18710 993
18710 9868 993
9868 35774 993
35774 32219 993
32219 14807 993
14807 8401 993
8401 33081 993
33081 25137 993
25137 2334 993
2334 24183 993
24183 41244 993
41244 6260 993
3809 36978 994
36978 741 994
741 6074 994
6074 36266 994
36266 22957 994
22957 23702 994
23702 3026 994
3026 35606 994
35606 13323 994
13323 4367 994
4367 41700 994
41700 6445 994
6445 12639 994
12639 4702 994
4702 12618 994
12618 39106 994
39106 27595 994
27595 23373 994
23373 6961 994
6961 29743 994
29743 18872 994
18872 14595 994
14595 36405 994
36405 7960 994
7960 15463 994
15463 7236 994
7236 8609 994
8609 30790 994
30790 11901 994
11901 7298 994
7298 29507 994
29507 18018 994
18018 18518 994
18518 5592 994
5592 35970 994
35970 15762 994
15762 12811 994
12811 3674 994
3674 11637 994
11637 21996 994
21996 38639 994
37146 14206 995
14206 33471 995
33471 9110 995
9110 27529 995
27529 32614 995
32614 8530 995
8530 14753 995
14753 8270 995
8270 4167 995
4167 41342 995
41342 41875 995
41875 31254 995
31254 35416 995
35416 40643 995
40643 11598 995
11598 24434 995
24434 21879 995
21879 35101 995
35101 25957 995
25957 8498 995
8498 11268 995
11268 1735 995
1735 2941 995
2941 12360 995
12360 6739 995
6739 12473 995
12473 663 995
663 36873 995
36873 36895 995
36895 12183 995
12183 3117 995
3117 34782 995
34782 39999 995
39999 3271 995
3271 3662 995
3662 17381 995
17381 34308 995
34308 6850 995
6850 35878 995
35878 23367 995
23367 22 995
12663 19897 996
19897 30655 996
30655 32118 996
32118 34776 996
34776 76 996
76 31598 996
31598 37390 996
37390 31033 996
31033 16183 996
16183 15730 996
15730 6217 996
6217 4235 996
4235 25773 996
25773 41496 996
41496 5356 996
5356 6365 996
6365 18376 996
18376 32648 996
32648 20069 996
20069 38544 996
38544 21766 996
21766 12486 996
12486 38250 996
38250 291 996
291 25010 996
25010 37072 996
37072 14855 996
14855 13660 996
13660 34592 996
34592 29244 996
29244 17388 996
17388 40321 996
40321 29871 996
29871 14467 996
14467 3758 996
3758 38182 996
38182 217 996
217 19790 996
19790 33613 996
33613 16877 996
16877 34575 996
22911 39901 997
39901 12958 997
12958 14094 997
14094 8845 997
8845 19297 997
19297 13080 997
13080 1977 997
1977 25644 997
25644 22298 997
22298 2180 997
2180 17743 997
17743 32188 997
32188 17939 997
17939 6451 997
6451 13781 997
13781 4776 997
4776 24860 997
24860 21282 997
21282 40012 997
40012 15329 997
15329 41170 997
41170 35685 997
35685 32305 997
32305 11512 997
11512 6155 997
6155 18690 997
18690 32032 997
32032 38055 997
38055 40531 997
40531 4857 997
4857 11262 997
11262 32245 997
32245 34900 997
34900 19607 997
19607 33264 997
33264 7358 997
7358 1297 997
1297 9941 997
9941 12267 997
12267 2865 997
2865 4852 997
34875 12301 998
12301 2335 998
2335 1420 998
1420 11997 998
11997 9735 998
9735 9827 998
9827 40347 998
40347 32996 998
32996 18508 998
18508 15591 998
15591 31475 998
31475 22279 998
22279 37542 998
37542 30495 998
30495 16319 998
16319 22598 998
22598 24252 998
24252 35350 998
35350 6025 998
6025 18475 998
18475 7152 998
7152 9050 998
9050 36917 998
36917 16346 998
16346 27499 998
27499 41925 998
41925 10660 998
10660 11213 998
11213 17897 998
17897 24244 998
24244 13676 998
13676 32291 998
32291 37471 998
37471 22317 998
22317 20339 998
20339 14005 998
14005 2954 998
2954 7741 998
7741 37181 998
37181 27415 998
27415 18590 998
4062 28860 999
28860 18964 999
18964 34803 999
34803 6522 999
6522 17830 999
17830 31489 999
31489 7709 999
7709 21027 999
21027 7020 999
7020 26796 999
26796 20918 999
20918 15012 999
15012 19007 999
19007 13855 999
13855 11441 999
11441 15662 999
15662 34952 999
34952 2894 999
2894 2571 999
2571 3254 999
3254 17941 999
17941 10891 999
10891 10442 999
10442 15407 999
15407 10801 999
10801 5882 999
5882 19952 999
19952 19635 999
19635 39616 999
39616 13250 999
13250 10063 999
10063 38825 999
38825 4225 999
4225 36975 999
36975 18875 999
18875 41320 999
41320 17449 999
17449 30250 999
30250 25635 999
25635 604 999
604 31826 999
24489 15920 1000
15920 11422 1000
11422 3875 1000
3875 25634 1000
25634 23818 1000
23818 25046 1000
25046 41937 1000
41937 39306 1000
39306 5411 1000
5411 10976 1000
10976 28871 1000
28871 1901 1000
1901 10903 1000
10903 5303 1000
5303 3819 1000
3819 3294 1000
3294 17103 1000
17103 2221 1000
2221 12717 1000
12717 20874 1000
20874 4020 1000
4020 21887 1000
21887 783 1000
783 22578 1000
22578 34585 1000
34585 18907 1000
18907 700 1000
700 1799 1000
1799 19823 1000
19823 25195 1000
25195 17455 1000
17455 4010 1000
4010 476 1000
476 38498 1000
38498 9576 1000
9576 15511 1000
15511 7576 1000
7576 2120 1000
2120 33232 1000
33232 38087 1000
38087 31144 1000
