17000 22272 1000
727 14273 1
14273 588 1
588 11510 1
11510 13545 1
13545 6292 1
6292 9432 1
9432 11476 1
11476 11826 1
11826 9468 1
9468 10338 1
10338 14555 1
14555 10601 1
10601 13229 1
13229 6550 1
6550 3111 1
3111 1818 1
8874 1393 2
1393 15615 2
15615 14530 2
14530 15588 2
15588 597 2
597 6986 2
6986 105 2
105 10461 2
10461 14042 2
14042 11745 2
11745 14109 2
14109 5274 2
5274 3954 2
3954 5504 2
5504 897 2
897 8482 2
1804 12174 3
12174 8786 3
8786 9793 3
9793 3577 3
3577 6639 3
6639 11616 3
11616 15439 3
15439 8048 3
8048 7090 3
7090 2679 3
2679 8444 3
8444 11772 3
11772 7436 3
7436 346 3
346 8103 3
8103 2086 3
9937 16266 4
16266 13517 4
13517 11879 4
11879 4778 4
4778 11252 4
11252 6531 4
6531 10978 4
10978 12845 4
12845 11436 4
11436 11016 4
11016 15827 4
15827 14315 4
14315 12248 4
12248 12949 4
12949 16875 4
16875 12580 4
3522 11874 5
11874 4188 5
4188 4856 5
4856 7232 5
7232 14189 5
14189 14065 5
14065 10149 5
10149 5474 5
5474 9903 5
9903 15147 5
15147 2549 5
2549 5612 5
5612 16859 5
16859 13427 5
13427 15895 5
15895 16623 5
7447 9533 6
9533 6001 6
6001 228 6
228 16879 6
16879 12093 6
12093 368 6
368 15492 6
15492 15655 6
15655 5370 6
5370 3369 6
3369 12899 6
12899 3827 6
3827 13061 6
13061 231 6
231 9906 6
9906 7794 6
12750 14672 7
14672 3606 7
3606 9724 7
9724 3885 7
3885 3141 7
3141 7763 7
7763 16904 7
16904 3169 7
3169 8934 7
8934 6388 7
6388 15713 7
15713 7421 7
7421 15758 7
15758 16307 7
16307 6521 7
6521 10305 7
14684 6932 8
6932 2162 8
2162 11885 8
11885 10710 8
10710 8011 8
8011 1291 8
1291 139 8
139 7750 8
7750 2655 8
2655 10346 8
10346 16580 8
16580 2419 8
2419 4673 8
4673 4579 8
4579 9667 8
9667 14939 8
3760 13713 9
13713 15029 9
15029 14299 9
14299 686 9
686 8991 9
8991 6773 9
6773 5371 9
5371 14342 9
14342 13769 9
13769 10743 9
10743 1260 9
1260 2864 9
2864 7789 9
7789 10828 9
10828 12818 9
12818 6468 9
6593 1103 10
1103 16176 10
16176 5684 10
5684 8368 10
8368 10933 10
10933 4014 10
4014 15438 10
15438 9319 10
9319 10867 10
10867 2166 10
2166 7388 10
7388 2916 10
2916 863 10
863 11231 10
11231 12322 10
12322 16552 10
2651 14213 11
14213 3399 11
3399 5632 11
5632 14284 11
14284 9594 11
9594 997 11
997 12299 11
12299 10097 11
10097 3970 11
3970 14849 11
14849 13425 11
13425 6882 11
6882 3887 11
3887 12450 11
12450 5144 11
5144 6490 11
6960 6339 12
6339 5646 12
5646 3919 12
3919 5935 12
5935 6816 12
6816 283 12
283 5721 12
5721 10389 12
10389 5468 12
5468 12120 12
12120 15396 12
15396 996 12
996 8606 12
8606 8887 12
8887 7064 12
7064 1971 12
12199 5423 13
5423 10694 13
10694 2498 13
2498 14916 13
14916 4958 13
4958 15544 13
15544 4195 13
4195 273 13
273 3834 13
3834 11092 13
11092 4428 13
4428 10637 13
10637 4434 13
4434 953 13
953 15989 13
15989 3031 13
5780 9303 14
9303 2783 14
2783 10607 14
10607 5503 14
5503 16786 14
16786 3713 14
3713 4418 14
4418 13932 14
13932 16411 14
16411 13879 14
13879 7520 14
7520 14292 14
14292 11209 14
11209 8645 14
8645 13031 14
13031 3641 14
11914 7958 15
7958 445 15
445 12359 15
12359 10846 15
10846 14505 15
14505 7865 15
7865 16662 15
16662 9868 15
9868 12710 15
12710 4874 15
4874 5582 15
5582 7599 15
7599 9052 15
9052 4782 15
4782 15331 15
15331 13881 15
9478 4822 16
4822 11967 16
11967 2208 16
2208 8721 16
8721 2415 16
2415 14992 16
14992 12539 16
12539 12970 16
12970 5577 16
5577 6907 16
6907 6998 16
6998 1827 16
1827 9129 16
9129 12464 16
12464 2353 16
2353 13933 16
4984 7336 17
7336 13702 17
13702 9488 17
9488 928 17
928 12329 17
12329 9545 17
9545 5427 17
5427 4559 17
4559 12928 17
12928 5864 17
5864 15912 17
15912 2916 17
2916 10483 17
10483 5111 17
5111 12441 17
12441 15828 17
9471 9312 18
9312 6756 18
6756 15320 18
15320 2804 18
2804 16026 18
16026 5484 18
5484 7043 18
7043 13839 18
13839 9167 18
9167 3445 18
3445 14294 18
14294 208 18
208 10117 18
10117 4832 18
4832 14912 18
14912 9430 18
11667 578 19
578 3741 19
3741 12691 19
12691 239 19
239 10719 19
10719 10092 19
10092 4006 19
4006 157 19
157 5113 19
5113 6080 19
6080 9374 19
9374 12082 19
12082 14227 19
14227 15680 19
15680 16881 19
16881 1442 19
14715 15312 20
15312 14841 20
14841 9699 20
9699 7687 20
7687 5148 20
5148 8788 20
8788 7035 20
7035 10956 20
10956 1491 20
1491 3673 20
3673 4227 20
4227 12010 20
12010 426 20
426 3163 20
3163 448 20
448 16990 20
3471 5914 21
5914 9304 21
9304 296 21
296 8696 21
8696 1892 21
1892 1335 21
1335 13662 21
13662 10962 21
10962 7885 21
7885 8030 21
8030 707 21
707 9229 21
9229 9459 21
9459 998 21
998 206 21
206 16993 21
9822 10433 22
10433 2773 22
2773 701 22
701 2162 22
2162 16298 22
16298 1506 22
1506 12956 22
12956 11604 22
11604 15542 22
15542 1262 22
1262 4879 22
4879 6805 22
6805 3739 22
3739 11961 22
11961 2868 22
2868 7806 22
15886 4463 23
4463 501 23
501 12565 23
12565 16071 23
16071 3717 23
3717 7771 23
7771 12419 23
12419 2105 23
2105 5400 23
5400 9195 23
9195 172 23
172 10070 23
10070 4919 23
4919 9382 23
9382 8858 23
8858 4300 23
14683 16306 24
16306 11417 24
11417 12272 24
12272 14708 24
14708 16222 24
16222 13685 24
13685 8825 24
8825 1444 24
1444 14484 24
14484 11753 24
11753 13387 24
13387 8461 24
8461 11216 24
11216 2830 24
2830 3025 24
3025 12474 24
14910 8342 25
8342 6008 25
6008 8383 25
8383 9651 25
9651 11347 25
11347 11044 25
11044 13604 25
13604 4993 25
4993 14232 25
14232 10830 25
10830 14452 25
14452 5047 25
5047 9653 25
9653 8195 25
8195 6226 25
6226 7162 25
11912 8915 26
8915 9466 26
9466 11116 26
11116 10165 26
10165 16954 26
16954 3190 26
3190 8617 26
8617 6378 26
6378 10825 26
10825 15026 26
15026 15214 26
15214 102 26
102 6625 26
6625 16192 26
16192 10622 26
10622 5374 26
3071 6390 27
6390 11894 27
11894 9120 27
9120 9773 27
9773 7846 27
7846 1192 27
1192 13718 27
13718 4622 27
4622 5912 27
5912 10416 27
10416 16504 27
16504 4424 27
4424 11997 27
11997 461 27
461 2832 27
2832 3475 27
14420 13701 28
13701 9313 28
9313 16850 28
16850 12326 28
12326 5691 28
5691 2904 28
2904 10262 28
10262 9237 28
9237 8516 28
8516 8181 28
8181 12610 28
12610 16714 28
16714 10231 28
10231 13393 28
13393 6396 28
6396 9398 28
15340 4623 29
4623 9219 29
9219 6246 29
6246 14798 29
14798 10447 29
10447 15236 29
15236 4048 29
4048 8095 29
8095 14501 29
14501 2197 29
2197 14396 29
14396 9926 29
9926 12194 29
12194 1886 29
1886 2545 29
2545 3429 29
8612 14611 30
14611 46 30
46 4606 30
4606 14399 30
14399 11721 30
11721 11354 30
11354 2694 30
2694 7059 30
7059 5986 30
5986 8963 30
8963 14145 30
14145 10168 30
10168 15278 30
15278 3167 30
3167 13423 30
13423 15228 30
8323 12902 31
12902 5138 31
5138 16052 31
16052 1940 31
1940 2966 31
2966 15239 31
15239 14872 31
14872 14993 31
14993 7777 31
7777 13803 31
13803 5405 31
5405 5555 31
5555 12360 31
12360 4378 31
4378 13567 31
13567 4975 31
2983 6285 32
6285 1130 32
1130 16679 32
16679 10236 32
10236 12564 32
12564 10662 32
10662 13863 32
13863 4681 32
4681 1807 32
1807 10763 32
10763 6378 32
6378 6461 32
6461 9195 32
9195 13327 32
13327 14013 32
14013 11795 32
10581 516 33
516 16285 33
16285 10105 33
10105 13767 33
13767 15708 33
15708 13844 33
13844 8385 33
8385 15440 33
15440 14870 33
14870 15134 33
15134 5237 33
5237 1022 33
1022 8625 33
8625 6776 33
6776 15560 33
15560 12193 33
4496 480 34
480 14394 34
14394 3782 34
3782 11803 34
11803 2162 34
2162 7445 34
7445 7129 34
7129 5034 34
5034 3571 34
3571 10019 34
10019 8609 34
8609 13733 34
13733 7428 34
7428 14718 34
14718 5712 34
5712 8795 34
2470 7817 35
7817 806 35
806 489 35
489 5631 35
5631 1096 35
1096 8899 35
8899 12360 35
12360 8085 35
8085 10641 35
10641 3262 35
3262 192 35
192 11721 35
11721 15046 35
15046 12653 35
12653 6996 35
6996 12679 35
14035 9527 36
9527 8770 36
8770 12889 36
12889 2231 36
2231 7270 36
7270 5027 36
5027 7085 36
7085 9175 36
9175 7736 36
7736 8078 36
8078 5543 36
5543 261 36
261 16389 36
16389 16027 36
16027 16125 36
16125 373 36
3716 14424 37
14424 9374 37
9374 7866 37
7866 8916 37
8916 15083 37
15083 5028 37
5028 12751 37
12751 8989 37
8989 5076 37
5076 7853 37
7853 14573 37
14573 12612 37
12612 5772 37
5772 4625 37
4625 16017 37
16017 924 37
8948 9107 38
9107 15029 38
15029 8768 38
8768 12434 38
12434 2271 38
2271 14784 38
14784 5283 38
5283 4007 38
4007 16519 38
16519 11109 38
11109 10565 38
10565 6044 38
6044 13052 38
13052 14397 38
14397 16706 38
16706 8336 38
13673 4391 39
4391 2880 39
2880 11804 39
11804 10567 39
10567 15495 39
15495 5106 39
5106 5493 39
5493 1979 39
1979 16294 39
16294 16797 39
16797 12662 39
12662 9120 39
9120 14126 39
14126 11326 39
11326 2738 39
2738 2693 39
7684 4527 40
4527 8860 40
8860 898 40
898 8890 40
8890 15846 40
15846 16336 40
16336 8467 40
8467 3524 40
3524 5629 40
5629 14437 40
14437 13348 40
13348 6395 40
6395 5400 40
5400 14562 40
14562 7230 40
7230 3142 40
14687 6294 41
6294 10746 41
10746 11069 41
11069 5155 41
5155 2247 41
2247 12145 41
12145 10205 41
10205 12648 41
12648 5552 41
5552 6220 41
6220 8729 41
8729 1295 41
1295 12770 41
12770 6327 41
6327 11013 41
11013 7634 41
9303 6695 42
6695 9068 42
9068 305 42
305 14444 42
14444 2344 42
2344 10917 42
10917 12798 42
12798 9211 42
9211 14980 42
14980 8422 42
8422 2412 42
2412 3000 42
3000 10095 42
10095 1530 42
1530 662 42
662 10037 42
16788 12793 43
12793 14312 43
14312 3833 43
3833 3092 43
3092 1620 43
1620 5343 43
5343 11050 43
11050 5057 43
5057 11779 43
11779 7496 43
7496 15851 43
15851 2574 43
2574 15775 43
15775 6640 43
6640 11107 43
11107 1449 43
5720 2012 44
2012 4423 44
4423 2737 44
2737 16583 44
16583 9369 44
9369 2131 44
2131 4562 44
4562 11057 44
11057 3032 44
3032 6778 44
6778 10014 44
10014 14113 44
14113 8446 44
8446 12326 44
12326 6499 44
6499 3284 44
15452 4465 45
4465 2665 45
2665 6404 45
6404 14032 45
14032 1565 45
1565 11759 45
11759 15211 45
15211 10788 45
10788 15284 45
15284 9506 45
9506 14163 45
14163 8428 45
8428 3372 45
3372 15539 45
15539 15676 45
15676 15425 45
14592 9173 46
9173 341 46
341 15592 46
15592 6757 46
6757 1942 46
1942 10577 46
10577 7937 46
7937 8371 46
8371 13410 46
13410 14297 46
14297 4095 46
4095 14373 46
14373 8325 46
8325 2079 46
2079 13847 46
13847 8086 46
12068 12701 47
12701 1284 47
1284 4842 47
4842 3261 47
3261 467 47
467 3150 47
3150 6948 47
6948 9541 47
9541 3036 47
3036 7966 47
7966 8341 47
8341 1459 47
1459 1749 47
1749 6288 47
6288 13330 47
13330 3568 47
3059 1019 48
1019 13991 48
13991 12214 48
12214 4587 48
4587 15887 48
15887 2848 48
2848 3233 48
3233 14098 48
14098 6688 48
6688 16418 48
16418 2064 48
2064 4799 48
4799 5031 48
5031 10242 48
10242 11597 48
11597 11464 48
14578 11136 49
11136 13325 49
13325 12357 49
12357 2924 49
2924 9789 49
9789 12071 49
12071 9587 49
9587 8905 49
8905 7427 49
7427 7805 49
7805 5774 49
5774 3748 49
3748 16377 49
16377 3386 49
3386 6967 49
6967 5272 49
1990 9539 50
9539 11024 50
11024 14221 50
14221 308 50
308 6090 50
6090 559 50
559 11025 50
11025 15143 50
15143 2208 50
2208 4126 50
4126 9173 50
9173 5255 50
5255 13835 50
13835 3210 50
3210 6785 50
6785 5489 50
11806 16737 51
16737 11047 51
11047 13786 51
13786 659 51
659 3317 51
3317 14151 51
14151 8333 51
8333 14420 51
14420 16020 51
16020 7223 51
7223 13268 51
13268 15419 51
15419 2071 51
2071 15515 51
15515 11944 51
11944 4954 51
11593 10853 52
10853 391 52
391 5777 52
5777 3930 52
3930 596 52
596 15949 52
15949 6922 52
6922 13663 52
13663 7154 52
7154 4090 52
4090 4289 52
4289 2635 52
2635 8393 52
8393 7311 52
7311 16157 52
16157 14688 52
705 1135 53
1135 11566 53
11566 25 53
25 16887 53
16887 2184 53
2184 3735 53
3735 1394 53
1394 14486 53
14486 2784 53
2784 906 53
906 6151 53
6151 2402 53
2402 11919 53
11919 8166 53
8166 12554 53
12554 14947 53
11959 9665 54
9665 40 54
40 10797 54
10797 72 54
72 3381 54
3381 2708 54
2708 14466 54
14466 16125 54
16125 228 54
228 15630 54
15630 13188 54
13188 11235 54
11235 10436 54
10436 4782 54
4782 3038 54
3038 6350 54
3641 11849 55
11849 7507 55
7507 2992 55
2992 3112 55
3112 9408 55
9408 4789 55
4789 4437 55
4437 1175 55
1175 11843 55
11843 15087 55
15087 5017 55
5017 6090 55
6090 207 55
207 9241 55
9241 5877 55
5877 3629 55
6921 10666 56
10666 7543 56
7543 1239 56
1239 7391 56
7391 12108 56
12108 7802 56
7802 3832 56
3832 8689 56
8689 15062 56
15062 7767 56
7767 15710 56
15710 12062 56
12062 1292 56
1292 15746 56
15746 2385 56
2385 2348 56
516 11348 57
11348 10111 57
10111 13013 57
13013 5707 57
5707 6755 57
6755 2066 57
2066 5590 57
5590 4952 57
4952 15197 57
15197 8797 57
8797 7616 57
7616 8409 57
8409 13466 57
13466 4283 57
4283 6235 57
6235 16569 57
3482 13768 58
13768 11383 58
11383 1273 58
1273 11089 58
11089 14923 58
14923 7574 58
7574 5920 58
5920 9030 58
9030 1359 58
1359 11920 58
11920 706 58
706 16163 58
16163 396 58
396 5370 58
5370 16927 58
16927 14812 58
2777 7671 59
7671 8330 59
8330 15951 59
15951 4051 59
4051 10759 59
10759 492 59
492 16225 59
16225 2154 59
2154 6246 59
6246 9309 59
9309 530 59
530 457 59
457 13655 59
13655 9757 59
9757 5995 59
5995 16220 59
16050 15704 60
15704 13946 60
13946 7618 60
7618 6969 60
6969 3761 60
3761 11818 60
11818 13466 60
13466 767 60
767 6082 60
6082 16813 60
16813 8325 60
8325 15005 60
15005 14840 60
14840 15111 60
15111 14909 60
14909 11867 60
10380 4149 61
4149 8776 61
8776 9906 61
9906 14654 61
14654 5138 61
5138 13266 61
13266 8251 61
8251 8181 61
8181 11919 61
11919 8305 61
8305 12172 61
12172 14749 61
14749 10983 61
10983 16409 61
16409 9320 61
9320 1 61
5262 15697 62
15697 8117 62
8117 2167 62
2167 13084 62
13084 1907 62
1907 16472 62
16472 16235 62
16235 14497 62
14497 4511 62
4511 12671 62
12671 10476 62
10476 10845 62
10845 5032 62
5032 1129 62
1129 2965 62
2965 5621 62
8851 6234 63
6234 14793 63
14793 9145 63
9145 15122 63
15122 13928 63
13928 3507 63
3507 13189 63
13189 552 63
552 1974 63
1974 3742 63
3742 10203 63
10203 7149 63
7149 1658 63
1658 15804 63
15804 16631 63
16631 2891 63
15055 4719 64
4719 6159 64
6159 7643 64
7643 5245 64
5245 14065 64
14065 13359 64
13359 15514 64
15514 16126 64
16126 13420 64
13420 9620 64
9620 11725 64
11725 12332 64
12332 1047 64
1047 11575 64
11575 7685 64
7685 13200 64
14465 14176 65
14176 5600 65
5600 13439 65
13439 16525 65
16525 6828 65
6828 8714 65
8714 3802 65
3802 5829 65
5829 1211 65
1211 13334 65
13334 9877 65
9877 10057 65
10057 1584 65
1584 14827 65
14827 6755 65
6755 9714 65
9969 14579 66
14579 1823 66
1823 8061 66
8061 2937 66
2937 12394 66
12394 13788 66
13788 5416 66
5416 7520 66
7520 10592 66
10592 5655 66
5655 4000 66
4000 8245 66
8245 12616 66
12616 1350 66
1350 16942 66
16942 11974 66
1744 3080 67
3080 8371 67
8371 4031 67
4031 3966 67
3966 8685 67
8685 16100 67
16100 10068 67
10068 5169 67
5169 16634 67
16634 7012 67
7012 3897 67
3897 5976 67
5976 4608 67
4608 11329 67
11329 77 67
77 12047 67
11981 10075 68
10075 13031 68
13031 698 68
698 14818 68
14818 16698 68
16698 5692 68
5692 7961 68
7961 16009 68
16009 2016 68
2016 10471 68
10471 12303 68
12303 3755 68
3755 14442 68
14442 1080 68
1080 13362 68
13362 2768 68
1543 14414 69
14414 6440 69
6440 1154 69
1154 5345 69
5345 6197 69
6197 2465 69
2465 105 69
105 9964 69
9964 11501 69
11501 2844 69
2844 16494 69
16494 2886 69
2886 2250 69
2250 10324 69
10324 5841 69
5841 9782 69
6299 8105 70
8105 13900 70
13900 16044 70
16044 8134 70
8134 7859 70
7859 14481 70
14481 4486 70
4486 1342 70
1342 4787 70
4787 10583 70
10583 13390 70
13390 15812 70
15812 12394 70
12394 7617 70
7617 10236 70
10236 2057 70
7559 16900 71
16900 10911 71
10911 3068 71
3068 6039 71
6039 4163 71
4163 1879 71
1879 6008 71
6008 7237 71
7237 4440 71
4440 16980 71
16980 14970 71
14970 9672 71
9672 15187 71
15187 2113 71
2113 13608 71
13608 2514 71
5517 13408 72
13408 10062 72
10062 8515 72
8515 12466 72
12466 12906 72
12906 6225 72
6225 12524 72
12524 2324 72
2324 5654 72
5654 16847 72
16847 3289 72
3289 443 72
443 5821 72
5821 8495 72
8495 804 72
804 288 72
15928 2980 73
2980 14358 73
14358 7538 73
7538 13174 73
13174 3529 73
3529 12745 73
12745 10800 73
10800 1065 73
1065 16955 73
16955 15454 73
15454 16928 73
16928 12269 73
12269 221 73
221 9778 73
9778 9203 73
9203 2500 73
16393 3404 74
3404 10369 74
10369 6636 74
6636 1317 74
1317 520 74
520 451 74
451 12013 74
12013 7710 74
7710 3620 74
3620 7809 74
7809 1575 74
1575 6374 74
6374 11987 74
11987 183 74
183 7432 74
7432 5566 74
5712 921 75
921 3465 75
3465 8950 75
8950 11626 75
11626 13815 75
13815 3572 75
3572 4219 75
4219 9535 75
9535 14377 75
14377 4365 75
4365 12017 75
12017 6388 75
6388 12134 75
12134 9852 75
9852 11766 75
11766 14603 75
4386 7063 76
7063 5097 76
5097 304 76
304 4688 76
4688 5451 76
5451 11641 76
11641 4593 76
4593 10656 76
10656 12433 76
12433 9449 76
9449 1582 76
1582 16932 76
16932 16691 76
16691 12346 76
12346 8997 76
8997 215 76
13956 6423 77
6423 5544 77
5544 13051 77
13051 637 77
637 16385 77
16385 9622 77
9622 15891 77
15891 6811 77
6811 12364 77
12364 3235 77
3235 16054 77
16054 15195 77
15195 8601 77
8601 6483 77
6483 14473 77
14473 6157 77
3079 7374 78
7374 2640 78
2640 5392 78
5392 16121 78
16121 5582 78
5582 5368 78
5368 16616 78
16616 4454 78
4454 11839 78
11839 7718 78
7718 91 78
91 6226 78
6226 2842 78
2842 16278 78
16278 7600 78
7600 6074 78
7399 5710 79
5710 393 79
393 11642 79
11642 164 79
164 15377 79
15377 10344 79
10344 10878 79
10878 11314 79
11314 3272 79
3272 2404 79
2404 5275 79
5275 7327 79
7327 3813 79
3813 4541 79
4541 9647 79
9647 1252 79
16998 6723 80
6723 14245 80
14245 5303 80
5303 6556 80
6556 7187 80
7187 5499 80
5499 8758 80
8758 5865 80
5865 246 80
246 16311 80
16311 4105 80
4105 2232 80
2232 6435 80
6435 12468 80
12468 14661 80
14661 194 80
9397 10561 81
10561 12856 81
12856 9833 81
9833 4346 81
4346 15552 81
15552 15934 81
15934 1012 81
1012 6894 81
6894 13224 81
13224 3380 81
3380 5649 81
5649 15605 81
15605 6692 81
6692 15186 81
15186 4967 81
4967 11464 81
7551 3706 82
3706 11973 82
11973 12354 82
12354 12387 82
12387 12768 82
12768 11450 82
11450 2297 82
2297 7222 82
7222 11592 82
11592 1303 82
1303 5677 82
5677 9331 82
9331 12468 82
12468 4609 82
4609 14146 82
14146 983 82
16593 13653 83
13653 9143 83
9143 10007 83
10007 11976 83
11976 12218 83
12218 2405 83
2405 16037 83
16037 12301 83
12301 14663 83
14663 7478 83
7478 11058 83
11058 16296 83
16296 9936 83
9936 10245 83
10245 7932 83
7932 4926 83
5968 11779 84
11779 7228 84
7228 16274 84
16274 2607 84
2607 2642 84
2642 9860 84
9860 16060 84
16060 72 84
72 8392 84
8392 7806 84
7806 15896 84
15896 3893 84
3893 9596 84
9596 8184 84
8184 14236 84
14236 6311 84
15304 1866 85
1866 10116 85
10116 2082 85
2082 5311 85
5311 11921 85
11921 6468 85
6468 12625 85
12625 10483 85
10483 290 85
290 3664 85
3664 2036 85
2036 12226 85
12226 10954 85
10954 5750 85
5750 14615 85
14615 16684 85
15172 9782 86
9782 4617 86
4617 16708 86
16708 5329 86
5329 14788 86
14788 2175 86
2175 12098 86
12098 12515 86
12515 3915 86
3915 1049 86
1049 5611 86
5611 10166 86
10166 16963 86
16963 6479 86
6479 2660 86
2660 14731 86
6058 3848 87
3848 10075 87
10075 14229 87
14229 12549 87
12549 9799 87
9799 12226 87
12226 9446 87
9446 2205 87
2205 7981 87
7981 3460 87
3460 14431 87
14431 10727 87
10727 2174 87
2174 16652 87
16652 3795 87
3795 14117 87
13029 15950 88
15950 13075 88
13075 5074 88
5074 3772 88
3772 16682 88
16682 5644 88
5644 8746 88
8746 4465 88
4465 7267 88
7267 3204 88
3204 12312 88
12312 14428 88
14428 13666 88
13666 681 88
681 10837 88
10837 16645 88
12161 8859 89
8859 15877 89
15877 5932 89
5932 15238 89
15238 4013 89
4013 6101 89
6101 12176 89
12176 11208 89
11208 16845 89
16845 1526 89
1526 4418 89
4418 9809 89
9809 14221 89
14221 9356 89
9356 4723 89
4723 12442 89
10666 12155 90
12155 10121 90
10121 16972 90
16972 8232 90
8232 1459 90
1459 5925 90
5925 229 90
229 9171 90
9171 16720 90
16720 9499 90
9499 365 90
365 12161 90
12161 2079 90
2079 15575 90
15575 857 90
857 14392 90
2667 15918 91
15918 575 91
575 5898 91
5898 7117 91
7117 14999 91
14999 3647 91
3647 11754 91
11754 4684 91
4684 12214 91
12214 4008 91
4008 11576 91
11576 5162 91
5162 15849 91
15849 3415 91
3415 3836 91
3836 3412 91
326 16269 92
16269 2369 92
2369 11094 92
11094 873 92
873 10883 92
10883 14918 92
14918 15552 92
15552 5665 92
5665 1231 92
1231 12745 92
12745 4186 92
4186 7470 92
7470 4690 92
4690 12155 92
12155 6217 92
6217 794 92
16795 9684 93
9684 8324 93
8324 1021 93
1021 5129 93
5129 10647 93
10647 6171 93
6171 190 93
190 13240 93
13240 1131 93
1131 15200 93
15200 2899 93
2899 6353 93
6353 3386 93
3386 15838 93
15838 6728 93
6728 7530 93
8069 16135 94
16135 1978 94
1978 5844 94
5844 326 94
326 9284 94
9284 7077 94
7077 12425 94
12425 2147 94
2147 9315 94
9315 2133 94
2133 258 94
258 3761 94
3761 4190 94
4190 3549 94
3549 6077 94
6077 10313 94
1275 6507 95
6507 12293 95
12293 11265 95
11265 6373 95
6373 16202 95
16202 7688 95
7688 5897 95
5897 6666 95
6666 14414 95
14414 2952 95
2952 15016 95
15016 10915 95
10915 218 95
218 12707 95
12707 356 95
356 14338 95
10773 1187 96
1187 3183 96
3183 13977 96
13977 1529 96
1529 11731 96
11731 6040 96
6040 2174 96
2174 16127 96
16127 9344 96
9344 6695 96
6695 9267 96
9267 479 96
479 7332 96
7332 231 96
231 7881 96
7881 14168 96
4052 11686 97
11686 5611 97
5611 9477 97
9477 14833 97
14833 6561 97
6561 3003 97
3003 9762 97
9762 4403 97
4403 1114 97
1114 5265 97
5265 16793 97
16793 1530 97
1530 6538 97
6538 4298 97
4298 16463 97
16463 3979 97
8712 7321 98
7321 3747 98
3747 5537 98
5537 7231 98
7231 13561 98
13561 12628 98
12628 7329 98
7329 6231 98
6231 10385 98
10385 3776 98
3776 1768 98
1768 15109 98
15109 5794 98
5794 6361 98
6361 2959 98
2959 11744 98
2255 10073 99
10073 12039 99
12039 10202 99
10202 2373 99
2373 9643 99
9643 13655 99
13655 1365 99
1365 8038 99
8038 16542 99
16542 6874 99
6874 2219 99
2219 2288 99
2288 9740 99
9740 5658 99
5658 9642 99
9642 9925 99
7903 786 100
786 9789 100
9789 10612 100
10612 2401 100
2401 13700 100
13700 7365 100
7365 6384 100
6384 14959 100
14959 1593 100
1593 12700 100
12700 5001 100
5001 13318 100
13318 6730 100
6730 7027 100
7027 3891 100
3891 6092 100
5031 11338 101
11338 8674 101
8674 14671 101
14671 13805 101
13805 9335 101
9335 7315 101
7315 11635 101
11635 4027 101
4027 3126 101
3126 5514 101
5514 16512 101
16512 11416 101
11416 12470 101
12470 15371 101
15371 15762 101
15762 1048 101
1234 2507 102
2507 3623 102
3623 1230 102
1230 4074 102
4074 11765 102
11765 4590 102
4590 10122 102
10122 7136 102
7136 15677 102
15677 16035 102
16035 10177 102
10177 5316 102
5316 9899 102
9899 11989 102
11989 15244 102
15244 14400 102
4844 14207 103
14207 4474 103
4474 7520 103
7520 6089 103
6089 5976 103
5976 12126 103
12126 8344 103
8344 11019 103
11019 3237 103
3237 402 103
402 11918 103
11918 1257 103
1257 6679 103
6679 11239 103
11239 13753 103
13753 7278 103
14453 11085 104
11085 6724 104
6724 93 104
93 1575 104
1575 1526 104
1526 13206 104
13206 6786 104
6786 13744 104
13744 10633 104
10633 15506 104
15506 10907 104
10907 10568 104
10568 13979 104
13979 8760 104
8760 5807 104
5807 3696 104
3656 13427 105
13427 10522 105
10522 9147 105
9147 5022 105
5022 5203 105
5203 252 105
252 5546 105
5546 7957 105
7957 2944 105
2944 10879 105
10879 12029 105
12029 13005 105
13005 10905 105
10905 1328 105
1328 14761 105
14761 9455 105
139 13232 106
13232 2684 106
2684 6037 106
6037 4977 106
4977 14241 106
14241 8525 106
8525 16145 106
16145 15293 106
15293 5865 106
5865 3610 106
3610 15972 106
15972 3001 106
3001 11366 106
11366 12843 106
12843 7355 106
7355 15806 106
158 2005 107
2005 12299 107
12299 8585 107
8585 565 107
565 3817 107
3817 14938 107
14938 13806 107
13806 14914 107
14914 7377 107
7377 8486 107
8486 13521 107
13521 11517 107
11517 16915 107
16915 9563 107
9563 4525 107
4525 12048 107
14614 4966 108
4966 2734 108
2734 9980 108
9980 1348 108
1348 8359 108
8359 7808 108
7808 4990 108
4990 9651 108
9651 12899 108
12899 4877 108
4877 10430 108
10430 11555 108
11555 2335 108
2335 5727 108
5727 10534 108
10534 12668 108
5080 12683 109
12683 7413 109
7413 4972 109
4972 5776 109
5776 14174 109
14174 12037 109
12037 15236 109
15236 9114 109
9114 16742 109
16742 2062 109
2062 3239 109
3239 4379 109
4379 3721 109
3721 2340 109
2340 8618 109
8618 2837 109
1359 3450 110
3450 64 110
64 8235 110
8235 14234 110
14234 16998 110
16998 13533 110
13533 7306 110
7306 5004 110
5004 10341 110
10341 5495 110
5495 4511 110
4511 2334 110
2334 9802 110
9802 13613 110
13613 752 110
752 11657 110
9688 8821 111
8821 14231 111
14231 16102 111
16102 6783 111
6783 1102 111
1102 11302 111
11302 1696 111
1696 16243 111
16243 3134 111
3134 9217 111
9217 5016 111
5016 3526 111
3526 4028 111
4028 8195 111
8195 3078 111
3078 6618 111
5553 7274 112
7274 14730 112
14730 12921 112
12921 7901 112
7901 5259 112
5259 8605 112
8605 5711 112
5711 10449 112
10449 5783 112
5783 8665 112
8665 5431 112
5431 5129 112
5129 8426 112
8426 2443 112
2443 5427 112
5427 11718 112
1521 3120 113
3120 12192 113
12192 8097 113
8097 16989 113
16989 12867 113
12867 4391 113
4391 8725 113
8725 767 113
767 495 113
495 1773 113
1773 7934 113
7934 14709 113
14709 6418 113
6418 6145 113
6145 9125 113
9125 14322 113
11523 16550 114
16550 9813 114
9813 5001 114
5001 13726 114
13726 3165 114
3165 2755 114
2755 11271 114
11271 368 114
368 9639 114
9639 10050 114
10050 9610 114
9610 5855 114
5855 16973 114
16973 14842 114
14842 12054 114
12054 9985 114
37 14226 115
14226 6777 115
6777 703 115
703 16935 115
16935 12778 115
12778 11406 115
11406 4800 115
4800 7881 115
7881 6484 115
6484 13545 115
13545 3347 115
3347 9116 115
9116 1859 115
1859 6864 115
6864 12879 115
12879 12674 115
1903 11809 116
11809 12010 116
12010 3340 116
3340 12237 116
12237 6650 116
6650 6915 116
6915 15291 116
15291 16308 116
16308 11033 116
11033 10021 116
10021 11390 116
11390 2667 116
2667 6623 116
6623 3452 116
3452 16171 116
16171 3000 116
15190 358 117
358 10867 117
10867 12630 117
12630 14304 117
14304 1394 117
1394 9767 117
9767 218 117
218 10441 117
10441 7020 117
7020 6640 117
6640 11481 117
11481 14178 117
14178 16505 117
16505 2007 117
2007 807 117
807 4552 117
15769 5263 118
5263 11298 118
11298 2857 118
2857 8228 118
8228 16250 118
16250 4230 118
4230 15083 118
15083 15744 118
15744 1941 118
1941 9932 118
9932 1796 118
1796 12671 118
12671 330 118
330 3436 118
3436 6070 118
6070 624 118
13944 14232 119
14232 6463 119
6463 938 119
938 1496 119
1496 16619 119
16619 1072 119
1072 13805 119
13805 10335 119
10335 15526 119
15526 1999 119
1999 13936 119
13936 1271 119
1271 9667 119
9667 4438 119
4438 8176 119
8176 2010 119
8044 4707 120
4707 5530 120
5530 2326 120
2326 659 120
659 15397 120
15397 10377 120
10377 10232 120
10232 10128 120
10128 3539 120
3539 11074 120
11074 7003 120
7003 1928 120
1928 16754 120
16754 15423 120
15423 2288 120
2288 16592 120
16211 15621 121
15621 15010 121
15010 10257 121
10257 15221 121
15221 6366 121
6366 10503 121
10503 2842 121
2842 3768 121
3768 13042 121
13042 4396 121
4396 16013 121
16013 8940 121
8940 100 121
100 8795 121
8795 10984 121
10984 8746 121
11725 6943 122
6943 5663 122
5663 6130 122
6130 1078 122
1078 8224 122
8224 7098 122
7098 1824 122
1824 1450 122
1450 15092 122
15092 9410 122
9410 5913 122
5913 15568 122
15568 5950 122
5950 2277 122
2277 10021 122
10021 16030 122
14168 1186 123
1186 8699 123
8699 8603 123
8603 2113 123
2113 6864 123
6864 3064 123
3064 7840 123
7840 6935 123
6935 16383 123
16383 12283 123
12283 14929 123
14929 2901 123
2901 16714 123
16714 15113 123
15113 2567 123
2567 4435 123
16738 3013 124
3013 10886 124
10886 10549 124
10549 3738 124
3738 10821 124
10821 9850 124
9850 15987 124
15987 7257 124
7257 91 124
91 1591 124
1591 14924 124
14924 9675 124
9675 7288 124
7288 2184 124
2184 9778 124
9778 11661 124
14099 15029 125
15029 506 125
506 8900 125
8900 5113 125
5113 9659 125
9659 10797 125
10797 11414 125
11414 5260 125
5260 11838 125
11838 2632 125
2632 12871 125
12871 3657 125
3657 8686 125
8686 7303 125
7303 585 125
585 14033 125
5528 14211 126
14211 5605 126
5605 3050 126
3050 9414 126
9414 5081 126
5081 4582 126
4582 4356 126
4356 1170 126
1170 10828 126
10828 2917 126
2917 8265 126
8265 15255 126
15255 12304 126
12304 5871 126
5871 12295 126
12295 11471 126
1731 3159 127
3159 4149 127
4149 12309 127
12309 6309 127
6309 10970 127
10970 1089 127
1089 15413 127
15413 1457 127
1457 13865 127
13865 11038 127
11038 2388 127
2388 11115 127
11115 4196 127
4196 3114 127
3114 3643 127
3643 11181 127
8449 820 128
820 4560 128
4560 99 128
99 4696 128
4696 16144 128
16144 324 128
324 3073 128
3073 13988 128
13988 13081 128
13081 7855 128
7855 8788 128
8788 13975 128
13975 7918 128
7918 11054 128
11054 3308 128
3308 16554 128
16724 3338 129
3338 2710 129
2710 10572 129
10572 7089 129
7089 16902 129
16902 4132 129
4132 1936 129
1936 6721 129
6721 16677 129
16677 14049 129
14049 2425 129
2425 8690 129
8690 13008 129
13008 227 129
227 11230 129
11230 403 129
14343 12507 130
12507 1556 130
1556 8602 130
8602 16327 130
16327 16236 130
16236 14890 130
14890 15478 130
15478 13887 130
13887 5003 130
5003 10637 130
10637 10873 130
10873 3811 130
3811 2597 130
2597 1952 130
1952 7587 130
7587 14299 130
10543 12492 131
12492 14409 131
14409 7955 131
7955 11761 131
11761 1285 131
1285 4966 131
4966 14018 131
14018 15509 131
15509 4450 131
4450 4896 131
4896 13908 131
13908 16119 131
16119 4560 131
4560 10688 131
10688 7374 131
7374 6649 131
12312 11752 132
11752 1087 132
1087 462 132
462 7960 132
7960 13210 132
13210 10211 132
10211 8663 132
8663 8837 132
8837 2760 132
2760 1879 132
1879 1229 132
1229 4991 132
4991 571 132
571 13058 132
13058 8047 132
8047 9260 132
1714 5457 133
5457 16297 133
16297 569 133
569 15789 133
15789 13318 133
13318 8091 133
8091 11263 133
11263 10368 133
10368 13611 133
13611 14656 133
14656 14312 133
14312 11624 133
11624 452 133
452 15311 133
15311 6544 133
6544 3029 133
1723 12392 134
12392 5975 134
5975 14391 134
14391 4032 134
4032 14953 134
14953 12096 134
12096 4254 134
4254 772 134
772 13849 134
13849 6093 134
6093 10536 134
10536 12256 134
12256 10906 134
10906 2067 134
2067 11752 134
11752 2776 134
13476 2963 135
2963 5226 135
5226 10782 135
10782 15896 135
15896 16826 135
16826 2675 135
2675 6349 135
6349 5169 135
5169 15468 135
15468 599 135
599 12523 135
12523 15268 135
15268 10897 135
10897 11241 135
11241 6924 135
6924 6379 135
2887 8590 136
8590 12049 136
12049 2645 136
2645 518 136
518 8446 136
8446 10543 136
10543 1907 136
1907 5592 136
5592 12686 136
12686 6746 136
6746 11886 136
11886 9624 136
9624 1714 136
1714 11540 136
11540 3302 136
3302 13127 136
14528 12098 137
12098 15223 137
15223 1428 137
1428 10670 137
10670 13260 137
13260 2685 137
2685 16104 137
16104 16935 137
16935 10401 137
10401 8748 137
8748 2045 137
2045 9318 137
9318 7915 137
7915 9949 137
9949 16956 137
16956 2048 137
2602 4943 138
4943 1778 138
1778 12082 138
12082 10004 138
10004 2661 138
2661 7280 138
7280 7817 138
7817 15494 138
15494 97 138
97 15398 138
15398 11154 138
11154 13552 138
13552 6810 138
6810 9300 138
9300 10222 138
10222 15715 138
5932 737 139
737 15999 139
15999 7585 139
7585 12651 139
12651 7817 139
7817 11606 139
11606 4135 139
4135 5078 139
5078 9224 139
9224 4231 139
4231 2494 139
2494 23 139
23 13245 139
13245 11105 139
11105 12862 139
12862 16227 139
6922 12809 140
12809 6071 140
6071 16867 140
16867 12210 140
12210 3940 140
3940 9140 140
9140 15595 140
15595 7594 140
7594 13735 140
13735 7086 140
7086 14884 140
14884 4415 140
4415 7857 140
7857 655 140
655 823 140
823 13602 140
7109 9118 141
9118 4591 141
4591 8394 141
8394 12235 141
12235 8498 141
8498 1936 141
1936 652 141
652 3006 141
3006 6726 141
6726 15197 141
15197 9795 141
9795 10914 141
10914 7550 141
7550 3214 141
3214 14463 141
14463 9854 141
16547 13540 142
13540 1037 142
1037 2511 142
2511 14734 142
14734 13564 142
13564 15814 142
15814 951 142
951 6269 142
6269 10103 142
10103 15916 142
15916 8773 142
8773 13814 142
13814 6817 142
6817 10606 142
10606 12541 142
12541 1415 142
8622 8427 143
8427 6135 143
6135 12050 143
12050 2708 143
2708 16430 143
16430 13692 143
13692 6979 143
6979 7115 143
7115 9087 143
9087 5586 143
5586 7295 143
7295 10666 143
10666 3315 143
3315 14009 143
14009 16005 143
16005 12518 143
13311 5270 144
5270 9809 144
9809 10725 144
10725 10015 144
10015 16920 144
16920 6273 144
6273 286 144
286 1992 144
1992 5028 144
5028 5012 144
5012 1530 144
1530 11162 144
11162 15005 144
15005 5890 144
5890 5233 144
5233 11006 144
14694 2725 145
2725 4981 145
4981 3997 145
3997 11093 145
11093 9495 145
9495 8169 145
8169 13449 145
13449 14960 145
14960 4598 145
4598 1132 145
1132 12304 145
12304 9940 145
9940 458 145
458 12333 145
12333 9693 145
9693 12996 145
11168 10265 146
10265 15326 146
15326 8323 146
8323 11208 146
11208 12792 146
12792 16383 146
16383 7353 146
7353 10066 146
10066 16841 146
16841 14816 146
14816 4418 146
4418 8131 146
8131 7493 146
7493 5487 146
5487 3265 146
3265 10813 146
15914 9868 147
9868 4626 147
4626 13663 147
13663 8489 147
8489 14897 147
14897 7086 147
7086 7510 147
7510 5282 147
5282 13077 147
13077 1362 147
1362 10322 147
10322 12768 147
12768 2701 147
2701 3036 147
3036 12651 147
12651 5013 147
1022 13556 148
13556 3590 148
3590 9085 148
9085 5440 148
5440 16312 148
16312 9827 148
9827 12788 148
12788 16585 148
16585 11470 148
11470 14386 148
14386 6116 148
6116 12533 148
12533 13655 148
13655 9693 148
9693 16586 148
16586 15326 148
1150 3566 149
3566 11357 149
11357 13475 149
13475 1521 149
1521 14739 149
14739 7984 149
7984 13505 149
13505 11779 149
11779 12238 149
12238 12175 149
12175 3330 149
3330 2343 149
2343 8444 149
8444 4598 149
4598 10113 149
10113 935 149
12583 16508 150
16508 523 150
523 5645 150
5645 6162 150
6162 14973 150
14973 8787 150
8787 6389 150
6389 16482 150
16482 10114 150
10114 15351 150
15351 13094 150
13094 8550 150
8550 14833 150
14833 989 150
989 5873 150
5873 774 150
13104 6468 151
6468 4724 151
4724 7210 151
7210 16758 151
16758 2947 151
2947 1299 151
1299 12155 151
12155 16108 151
16108 5508 151
5508 14461 151
14461 2909 151
2909 9677 151
9677 14656 151
14656 2976 151
2976 10594 151
10594 16170 151
9668 9661 152
9661 6978 152
6978 9318 152
9318 11778 152
11778 1602 152
1602 3049 152
3049 4764 152
4764 3270 152
3270 12549 152
12549 16776 152
16776 16466 152
16466 7089 152
7089 8989 152
8989 5196 152
5196 9658 152
9658 15782 152
4999 10769 153
10769 12143 153
12143 9729 153
9729 649 153
649 7041 153
7041 16402 153
16402 12109 153
12109 13862 153
13862 13515 153
13515 385 153
385 9772 153
9772 1390 153
1390 6233 153
6233 12425 153
12425 10743 153
10743 1653 153
11198 14177 154
14177 7654 154
7654 9268 154
9268 15541 154
15541 14125 154
14125 15701 154
15701 10111 154
10111 1379 154
1379 1985 154
1985 15607 154
15607 4268 154
4268 3514 154
3514 16699 154
16699 634 154
634 7928 154
7928 7908 154
10056 9285 155
9285 2072 155
2072 10500 155
10500 1628 155
1628 6992 155
6992 4552 155
4552 372 155
372 429 155
429 9004 155
9004 7063 155
7063 12262 155
12262 11308 155
11308 14050 155
14050 11257 155
11257 16536 155
16536 10971 155
7561 11998 156
11998 8305 156
8305 15109 156
15109 495 156
495 13746 156
13746 5480 156
5480 14185 156
14185 6717 156
6717 11811 156
11811 1504 156
1504 10338 156
10338 8483 156
8483 12054 156
12054 10036 156
10036 10146 156
10146 6860 156
14408 15489 157
15489 10428 157
10428 10181 157
10181 7875 157
7875 12506 157
12506 6368 157
6368 7184 157
7184 11457 157
11457 1349 157
1349 15796 157
15796 5955 157
5955 5650 157
5650 14309 157
14309 13577 157
13577 9806 157
9806 6292 157
2813 6041 158
6041 12915 158
12915 1520 158
1520 16967 158
16967 6679 158
6679 12644 158
12644 9405 158
9405 6881 158
6881 3412 158
3412 9990 158
9990 2302 158
2302 5570 158
5570 13967 158
13967 12297 158
12297 5542 158
5542 5687 158
7262 7206 159
7206 197 159
197 2189 159
2189 15914 159
15914 10327 159
10327 9360 159
9360 8743 159
8743 6821 159
6821 3771 159
3771 3446 159
3446 5913 159
5913 2696 159
2696 14158 159
14158 5346 159
5346 13802 159
13802 16880 159
14180 13324 160
13324 12096 160
12096 13827 160
13827 7159 160
7159 8908 160
8908 383 160
383 12956 160
12956 13269 160
13269 10782 160
10782 5578 160
5578 3927 160
3927 821 160
821 5943 160
5943 15715 160
15715 8925 160
8925 4581 160
4099 12164 161
12164 5842 161
5842 5390 161
5390 1168 161
1168 1985 161
1985 7216 161
7216 6967 161
6967 9998 161
9998 10790 161
10790 2627 161
2627 6449 161
6449 15735 161
15735 14132 161
14132 4893 161
4893 13343 161
13343 10539 161
9688 11275 162
11275 6611 162
6611 2079 162
2079 10489 162
10489 3098 162
3098 6759 162
6759 5616 162
5616 1143 162
1143 4086 162
4086 16595 162
16595 9200 162
9200 1918 162
1918 1462 162
1462 15283 162
15283 5130 162
5130 5148 162
14726 3043 163
3043 10041 163
10041 3180 163
3180 1529 163
1529 13281 163
13281 14944 163
14944 15869 163
15869 8131 163
8131 16069 163
16069 2682 163
2682 3704 163
3704 16201 163
16201 4918 163
4918 6756 163
6756 2489 163
2489 5503 163
16776 7102 164
7102 1922 164
1922 6344 164
6344 195 164
195 6001 164
6001 11915 164
11915 14920 164
14920 15706 164
15706 8190 164
8190 6059 164
6059 13438 164
13438 11770 164
11770 5259 164
5259 8038 164
8038 9384 164
9384 12262 164
8507 7587 165
7587 16250 165
16250 3988 165
3988 16483 165
16483 12383 165
12383 16866 165
16866 4919 165
4919 1138 165
1138 10529 165
10529 9266 165
9266 14850 165
14850 15433 165
15433 15863 165
15863 6150 165
6150 15510 165
15510 11289 165
13758 16339 166
16339 8607 166
8607 16669 166
16669 16681 166
16681 1176 166
1176 7748 166
7748 16064 166
16064 7232 166
7232 16773 166
16773 2197 166
2197 8032 166
8032 10483 166
10483 6275 166
6275 7241 166
7241 9973 166
9973 3981 166
11497 9428 167
9428 10297 167
10297 445 167
445 14212 167
14212 11320 167
11320 3553 167
3553 14438 167
14438 14337 167
14337 139 167
139 8961 167
8961 15887 167
15887 16606 167
16606 15405 167
15405 8068 167
8068 14828 167
14828 6797 167
2680 4987 168
4987 3122 168
3122 3472 168
3472 10670 168
10670 11101 168
11101 6923 168
6923 13015 168
13015 8449 168
8449 16789 168
16789 8916 168
8916 761 168
761 272 168
272 13755 168
13755 10092 168
10092 9568 168
9568 5629 168
2713 1262 169
1262 4172 169
4172 7214 169
7214 12455 169
12455 14502 169
14502 6900 169
6900 14192 169
14192 10891 169
10891 14515 169
14515 2775 169
2775 3245 169
3245 3439 169
3439 12950 169
12950 649 169
649 8521 169
8521 1451 169
6478 7721 170
7721 14612 170
14612 5881 170
5881 9931 170
9931 697 170
697 15977 170
15977 15414 170
15414 95 170
95 11803 170
11803 7367 170
7367 8948 170
8948 9999 170
9999 8726 170
8726 14119 170
14119 5376 170
5376 9897 170
3442 10903 171
10903 2064 171
2064 3563 171
3563 9032 171
9032 5279 171
5279 9463 171
9463 11351 171
11351 8967 171
8967 15030 171
15030 12925 171
12925 5843 171
5843 9426 171
9426 11520 171
11520 7176 171
7176 873 171
873 13789 171
13989 12035 172
12035 16119 172
16119 13609 172
13609 4318 172
4318 4378 172
4378 10334 172
10334 712 172
712 5704 172
5704 1287 172
1287 1405 172
1405 2357 172
2357 7245 172
7245 10514 172
10514 5785 172
5785 4757 172
4757 575 172
12840 3438 173
3438 4578 173
4578 6442 173
6442 9227 173
9227 7518 173
7518 9758 173
9758 13610 173
13610 9771 173
9771 908 173
908 1753 173
1753 1191 173
1191 4305 173
4305 14876 173
14876 3224 173
3224 15861 173
15861 11077 173
3029 5727 174
5727 5346 174
5346 9191 174
9191 3920 174
3920 13404 174
13404 16 174
16 15348 174
15348 7364 174
7364 12509 174
12509 512 174
512 15980 174
15980 2529 174
2529 9906 174
9906 7408 174
7408 2519 174
2519 1172 174
6905 8588 175
8588 10682 175
10682 16517 175
16517 15451 175
15451 12306 175
12306 7933 175
7933 13148 175
13148 12546 175
12546 7248 175
7248 8412 175
8412 951 175
951 5429 175
5429 16420 175
16420 9638 175
9638 4483 175
4483 2510 175
12087 13800 176
13800 2385 176
2385 12081 176
12081 7761 176
7761 15934 176
15934 13736 176
13736 2698 176
2698 16565 176
16565 4496 176
4496 4508 176
4508 7430 176
7430 10504 176
10504 16113 176
16113 11181 176
11181 270 176
270 7291 176
14798 12904 177
12904 10838 177
10838 9271 177
9271 1593 177
1593 1132 177
1132 4468 177
4468 6514 177
6514 12621 177
12621 5912 177
5912 10825 177
10825 15882 177
15882 1846 177
1846 16889 177
16889 10085 177
10085 5899 177
5899 14227 177
3072 6606 178
6606 549 178
549 4165 178
4165 7022 178
7022 9981 178
9981 10821 178
10821 8446 178
8446 11739 178
11739 5005 178
5005 2761 178
2761 12557 178
12557 12447 178
12447 3891 178
3891 4525 178
4525 12195 178
12195 5389 178
7125 12721 179
12721 2250 179
2250 14099 179
14099 13007 179
13007 16333 179
16333 5027 179
5027 3256 179
3256 8010 179
8010 12682 179
12682 6579 179
6579 8459 179
8459 7169 179
7169 9920 179
9920 8770 179
8770 16223 179
16223 2909 179
3084 12024 180
12024 14964 180
14964 15147 180
15147 6976 180
6976 2911 180
2911 5307 180
5307 14522 180
14522 3628 180
3628 1500 180
1500 5669 180
5669 2112 180
2112 3492 180
3492 9572 180
9572 8184 180
8184 5096 180
5096 7409 180
6538 962 181
962 15490 181
15490 492 181
492 16604 181
16604 3284 181
3284 1656 181
1656 16809 181
16809 16969 181
16969 5438 181
5438 2035 181
2035 10600 181
10600 6108 181
6108 13752 181
13752 10719 181
10719 7017 181
7017 5831 181
15376 5102 182
5102 16158 182
16158 14277 182
14277 10212 182
10212 9368 182
9368 9321 182
9321 196 182
196 2449 182
2449 1412 182
1412 828 182
828 16039 182
16039 6669 182
6669 11553 182
11553 12879 182
12879 5222 182
5222 15812 182
8779 9852 183
9852 7451 183
7451 8074 183
8074 14 183
14 12489 183
12489 3905 183
3905 10501 183
10501 9103 183
9103 11675 183
11675 12067 183
12067 8250 183
8250 2467 183
2467 10519 183
10519 10791 183
10791 1276 183
1276 4404 183
9234 14733 184
14733 11283 184
11283 4437 184
4437 10274 184
10274 11262 184
11262 4709 184
4709 2563 184
2563 2153 184
2153 11162 184
11162 388 184
388 11010 184
11010 12080 184
12080 11415 184
11415 3149 184
3149 10424 184
10424 8194 184
11534 3378 185
3378 14056 185
14056 8636 185
8636 7613 185
7613 12240 185
12240 11337 185
11337 2248 185
2248 4119 185
4119 1277 185
1277 12553 185
12553 2517 185
2517 4800 185
4800 1642 185
1642 6848 185
6848 8021 185
8021 4629 185
1775 12420 186
12420 14552 186
14552 5608 186
5608 10783 186
10783 10721 186
10721 10016 186
10016 9878 186
9878 7946 186
7946 13333 186
13333 3024 186
3024 16062 186
16062 12034 186
12034 7117 186
7117 11418 186
11418 14629 186
14629 9034 186
2870 14262 187
14262 14732 187
14732 1465 187
1465 5050 187
5050 3134 187
3134 10331 187
10331 7735 187
7735 8441 187
8441 12176 187
12176 9987 187
9987 15519 187
15519 13449 187
13449 13851 187
13851 12214 187
12214 77 187
77 7930 187
14335 5899 188
5899 10750 188
10750 14591 188
14591 14152 188
14152 13089 188
13089 2658 188
2658 8776 188
8776 6206 188
6206 9563 188
9563 16843 188
16843 3751 188
3751 12720 188
12720 14498 188
14498 5149 188
5149 11369 188
11369 4785 188
9911 7533 189
7533 9079 189
9079 16855 189
16855 15369 189
15369 11546 189
11546 4389 189
4389 11810 189
11810 5622 189
5622 8541 189
8541 16906 189
16906 1408 189
1408 15524 189
15524 958 189
958 16900 189
16900 9833 189
9833 8244 189
13471 8044 190
8044 2495 190
2495 2639 190
2639 5768 190
5768 9546 190
9546 1426 190
1426 6108 190
6108 6636 190
6636 8381 190
8381 10873 190
10873 11022 190
11022 10192 190
10192 8436 190
8436 3424 190
3424 745 190
745 9387 190
14444 2188 191
2188 6742 191
6742 13712 191
13712 9475 191
9475 9610 191
9610 8137 191
8137 7742 191
7742 7785 191
7785 14728 191
14728 3637 191
3637 14429 191
14429 11816 191
11816 10628 191
10628 13582 191
13582 10019 191
10019 13126 191
15196 14239 192
14239 15787 192
15787 1556 192
1556 6969 192
6969 823 192
823 16243 192
16243 2782 192
2782 1016 192
1016 2052 192
2052 9757 192
9757 10620 192
10620 7689 192
7689 2264 192
2264 8417 192
8417 7908 192
7908 9417 192
11256 6552 193
6552 5273 193
5273 10440 193
10440 9519 193
9519 8747 193
8747 14310 193
14310 3203 193
3203 14389 193
14389 10919 193
10919 11541 193
11541 10211 193
10211 5821 193
5821 11782 193
11782 15849 193
15849 6371 193
6371 3852 193
5867 3508 194
3508 6520 194
6520 9986 194
9986 13616 194
13616 2402 194
2402 3289 194
3289 11544 194
11544 6562 194
6562 1084 194
1084 12740 194
12740 14519 194
14519 1283 194
1283 15296 194
15296 8621 194
8621 12345 194
12345 16403 194
15806 14619 195
14619 12074 195
12074 5010 195
5010 10173 195
10173 2017 195
2017 13067 195
13067 8464 195
8464 4059 195
4059 9773 195
9773 578 195
578 13930 195
13930 2130 195
2130 10188 195
10188 9700 195
9700 1821 195
1821 6344 195
15423 14474 196
14474 6260 196
6260 7466 196
7466 15894 196
15894 3860 196
3860 8683 196
8683 8310 196
8310 11761 196
11761 3040 196
3040 2821 196
2821 2048 196
2048 12448 196
12448 16616 196
16616 6975 196
6975 14404 196
14404 8160 196
9938 274 197
274 7494 197
7494 12187 197
12187 10894 197
10894 10045 197
10045 9678 197
9678 7972 197
7972 15627 197
15627 8246 197
8246 14064 197
14064 6543 197
6543 10006 197
10006 832 197
832 14228 197
14228 6895 197
6895 1018 197
2993 13309 198
13309 12233 198
12233 9219 198
9219 16420 198
16420 7045 198
7045 13784 198
13784 6115 198
6115 1053 198
1053 1201 198
1201 12230 198
12230 3812 198
3812 2224 198
2224 2498 198
2498 7223 198
7223 1155 198
1155 14268 198
6551 11150 199
11150 416 199
416 8436 199
8436 490 199
490 16357 199
16357 551 199
551 9515 199
9515 11525 199
11525 11934 199
11934 4681 199
4681 3189 199
3189 12778 199
12778 16950 199
16950 12396 199
12396 15311 199
15311 2315 199
673 12333 200
12333 2562 200
2562 16106 200
16106 10562 200
10562 1401 200
1401 6989 200
6989 16633 200
16633 14115 200
14115 7167 200
7167 12190 200
12190 9467 200
9467 9860 200
9860 8120 200
8120 10974 200
10974 10744 200
10744 15278 200
1652 9101 201
9101 84 201
84 7160 201
7160 10678 201
10678 1101 201
1101 7407 201
7407 15827 201
15827 4585 201
4585 8805 201
8805 908 201
908 11108 201
11108 9624 201
9624 6907 201
6907 16257 201
16257 7455 201
7455 13590 201
10513 14236 202
14236 4977 202
4977 2653 202
2653 16623 202
16623 7461 202
7461 450 202
450 8019 202
8019 11642 202
11642 3841 202
3841 1361 202
1361 11780 202
11780 10002 202
10002 14231 202
14231 8208 202
8208 10692 202
10692 9418 202
558 13753 203
13753 12392 203
12392 7099 203
7099 1161 203
1161 6634 203
6634 16214 203
16214 12626 203
12626 6153 203
6153 5354 203
5354 7849 203
7849 11212 203
11212 15915 203
15915 7671 203
7671 266 203
266 6824 203
6824 10629 203
14663 7835 204
7835 2799 204
2799 15726 204
15726 14725 204
14725 3210 204
3210 13123 204
13123 10641 204
10641 6194 204
6194 7191 204
7191 7179 204
7179 13261 204
13261 11158 204
11158 15095 204
15095 5056 204
5056 10773 204
10773 6277 204
16090 14944 205
14944 1155 205
1155 15163 205
15163 16695 205
16695 6698 205
6698 4396 205
4396 16093 205
16093 3553 205
3553 16590 205
16590 6452 205
6452 4333 205
4333 15992 205
15992 10342 205
10342 16781 205
16781 3322 205
3322 15700 205
13768 8115 206
8115 2439 206
2439 13487 206
13487 13752 206
13752 11684 206
11684 6947 206
6947 9477 206
9477 16317 206
16317 9422 206
9422 3186 206
3186 10949 206
10949 1602 206
1602 11883 206
11883 11846 206
11846 6817 206
6817 6951 206
2090 7774 207
7774 15766 207
15766 2684 207
2684 7695 207
7695 10209 207
10209 8456 207
8456 3542 207
3542 7653 207
7653 6727 207
6727 8687 207
8687 9351 207
9351 5301 207
5301 3660 207
3660 5471 207
5471 13825 207
13825 5209 207
6756 4689 208
4689 1901 208
1901 12079 208
12079 3751 208
3751 14476 208
14476 3394 208
3394 13354 208
13354 6728 208
6728 11265 208
11265 4822 208
4822 6008 208
6008 1486 208
1486 11844 208
11844 5917 208
5917 7801 208
7801 2141 208
8831 14884 209
14884 6197 209
6197 10334 209
10334 9793 209
9793 3103 209
3103 2124 209
2124 12414 209
12414 8359 209
8359 12061 209
12061 11689 209
11689 13216 209
13216 10694 209
10694 5503 209
5503 16993 209
16993 15170 209
15170 16982 209
13584 16755 210
16755 3884 210
3884 15089 210
15089 3273 210
3273 9738 210
9738 14659 210
14659 4778 210
4778 11199 210
11199 1200 210
1200 13194 210
13194 12480 210
12480 2673 210
2673 15125 210
15125 356 210
356 9893 210
9893 3085 210
2830 14497 211
14497 14481 211
14481 2062 211
2062 13305 211
13305 2845 211
2845 15594 211
15594 8455 211
8455 128 211
128 7566 211
7566 3725 211
3725 2005 211
2005 3468 211
3468 16069 211
16069 7343 211
7343 1503 211
1503 4232 211
13241 4950 212
4950 14391 212
14391 14038 212
14038 1264 212
1264 7402 212
7402 15277 212
15277 15889 212
15889 5043 212
5043 1604 212
1604 10775 212
10775 2818 212
2818 8765 212
8765 7172 212
7172 12649 212
12649 10079 212
10079 15614 212
419 9984 213
9984 653 213
653 5694 213
5694 10588 213
10588 7804 213
7804 16940 213
16940 11712 213
11712 12405 213
12405 5575 213
5575 9803 213
9803 14107 213
14107 11354 213
11354 11118 213
11118 285 213
285 8504 213
8504 6187 213
16863 14136 214
14136 5998 214
5998 16511 214
16511 14313 214
14313 10502 214
10502 3667 214
3667 12442 214
12442 16982 214
16982 4054 214
4054 12610 214
12610 16446 214
16446 10173 214
10173 9286 214
9286 11266 214
11266 10327 214
10327 8792 214
4118 7471 215
7471 9990 215
9990 13600 215
13600 16133 215
16133 13526 215
13526 1997 215
1997 13871 215
13871 10388 215
10388 12240 215
12240 3382 215
3382 13118 215
13118 4615 215
4615 209 215
209 14059 215
14059 12837 215
12837 14643 215
5080 12367 216
12367 5735 216
5735 6488 216
6488 785 216
785 7824 216
7824 15127 216
15127 11185 216
11185 5501 216
5501 3524 216
3524 14936 216
14936 9197 216
9197 4649 216
4649 14283 216
14283 7959 216
7959 5242 216
5242 11286 216
450 1132 217
1132 1768 217
1768 1004 217
1004 13360 217
13360 3996 217
3996 13967 217
13967 16950 217
16950 16407 217
16407 15501 217
15501 15111 217
15111 3174 217
3174 6248 217
6248 11606 217
11606 4438 217
4438 11773 217
11773 8447 217
11308 14572 218
14572 1065 218
1065 8764 218
8764 14761 218
14761 16375 218
16375 12667 218
12667 2703 218
2703 1799 218
1799 2987 218
2987 7014 218
7014 2697 218
2697 5989 218
5989 3457 218
3457 16297 218
16297 9250 218
9250 3802 218
5832 15262 219
15262 9383 219
9383 11499 219
11499 4489 219
4489 9874 219
9874 15976 219
15976 15168 219
15168 3555 219
3555 7324 219
7324 15523 219
15523 1034 219
1034 4078 219
4078 4644 219
4644 3931 219
3931 8668 219
8668 7499 219
13628 16230 220
16230 15213 220
15213 2360 220
2360 6025 220
6025 5786 220
5786 14489 220
14489 6041 220
6041 14119 220
14119 11308 220
11308 15616 220
15616 6854 220
6854 14789 220
14789 1680 220
1680 14160 220
14160 14861 220
14861 13468 220
8111 3682 221
3682 659 221
659 4929 221
4929 9892 221
9892 1213 221
1213 4733 221
4733 15239 221
15239 5476 221
5476 10153 221
10153 8073 221
8073 13453 221
13453 12467 221
12467 11754 221
11754 4864 221
4864 11546 221
11546 7068 221
5221 6227 222
6227 6222 222
6222 9153 222
9153 3070 222
3070 15574 222
15574 10774 222
10774 11255 222
11255 9941 222
9941 1666 222
1666 7659 222
7659 4080 222
4080 10680 222
10680 14923 222
14923 14207 222
14207 5946 222
5946 2900 222
13530 9453 223
9453 6883 223
6883 11331 223
11331 3306 223
3306 10031 223
10031 8517 223
8517 10742 223
10742 11488 223
11488 7142 223
7142 3384 223
3384 11126 223
11126 11904 223
11904 15185 223
15185 15813 223
15813 10412 223
10412 16782 223
12563 7432 224
7432 5827 224
5827 955 224
955 14960 224
14960 4553 224
4553 9541 224
9541 931 224
931 11226 224
11226 8057 224
8057 16447 224
16447 13194 224
13194 4687 224
4687 9837 224
9837 5992 224
5992 16374 224
16374 14216 224
14457 8260 225
8260 10424 225
10424 13919 225
13919 6935 225
6935 5485 225
5485 11434 225
11434 10356 225
10356 10083 225
10083 311 225
311 13400 225
13400 7652 225
7652 16468 225
16468 14349 225
14349 1110 225
1110 10727 225
10727 6121 225
4205 13629 226
13629 9665 226
9665 8467 226
8467 5604 226
5604 3864 226
3864 1595 226
1595 2815 226
2815 1200 226
1200 11833 226
11833 1747 226
1747 1217 226
1217 4986 226
4986 2197 226
2197 5446 226
5446 4114 226
4114 11968 226
8368 16273 227
16273 1998 227
1998 9707 227
9707 14750 227
14750 2857 227
2857 14734 227
14734 5287 227
5287 520 227
520 2217 227
2217 15722 227
15722 11355 227
11355 3600 227
3600 15398 227
15398 8304 227
8304 7255 227
7255 12421 227
16711 12873 228
12873 15819 228
15819 13449 228
13449 3193 228
3193 1334 228
1334 8089 228
8089 15638 228
15638 2673 228
2673 10499 228
10499 13341 228
13341 2870 228
2870 12804 228
12804 14628 228
14628 9240 228
9240 16639 228
16639 5755 228
3007 14375 229
14375 1994 229
1994 2887 229
2887 4900 229
4900 10597 229
10597 6419 229
6419 12344 229
12344 1730 229
1730 10088 229
10088 14790 229
14790 3752 229
3752 11733 229
11733 8992 229
8992 11866 229
11866 10066 229
10066 6011 229
1357 6460 230
6460 14600 230
14600 16762 230
16762 2929 230
2929 3945 230
3945 5751 230
5751 12937 230
12937 3191 230
3191 13815 230
13815 9596 230
9596 9703 230
9703 12865 230
12865 880 230
880 12976 230
12976 1650 230
1650 4213 230
12357 9948 231
9948 15493 231
15493 6201 231
6201 4135 231
4135 8453 231
8453 15072 231
15072 12090 231
12090 11985 231
11985 10604 231
10604 4478 231
4478 5701 231
5701 6391 231
6391 3171 231
3171 2651 231
2651 4553 231
4553 16654 231
3776 5655 232
5655 14698 232
14698 16387 232
16387 13540 232
13540 9609 232
9609 13073 232
13073 7205 232
7205 12382 232
12382 16218 232
16218 4934 232
4934 6011 232
6011 10417 232
10417 4278 232
4278 9531 232
9531 16211 232
16211 2581 232
3756 8232 233
8232 7004 233
7004 3188 233
3188 10065 233
10065 14066 233
14066 16984 233
16984 11307 233
11307 16491 233
16491 7837 233
7837 3090 233
3090 13372 233
13372 15284 233
15284 4678 233
4678 14001 233
14001 2600 233
2600 1099 233
3693 5706 234
5706 1492 234
1492 74 234
74 15092 234
15092 10266 234
10266 15400 234
15400 5690 234
5690 2858 234
2858 7225 234
7225 1284 234
1284 2923 234
2923 2288 234
2288 8404 234
8404 6000 234
6000 7594 234
7594 5493 234
15246 10502 235
10502 13269 235
13269 13153 235
13153 5735 235
5735 12523 235
12523 9234 235
9234 10706 235
10706 4749 235
4749 9256 235
9256 15559 235
15559 4579 235
4579 12104 235
12104 6150 235
6150 8787 235
8787 710 235
710 4299 235
9721 2794 236
2794 14127 236
14127 8767 236
8767 11191 236
11191 14464 236
14464 10052 236
10052 608 236
608 6318 236
6318 11531 236
11531 723 236
723 8940 236
8940 2220 236
2220 5823 236
5823 2799 236
2799 1900 236
1900 13845 236
5421 12827 237
12827 14393 237
14393 11176 237
11176 15610 237
15610 3332 237
3332 5588 237
5588 8157 237
8157 10876 237
10876 12704 237
12704 16745 237
16745 15119 237
15119 3442 237
3442 13684 237
13684 12169 237
12169 16938 237
16938 6769 237
12744 15157 238
15157 11472 238
11472 353 238
353 7188 238
7188 295 238
295 12704 238
12704 14942 238
14942 7808 238
7808 13753 238
13753 8895 238
8895 14406 238
14406 14032 238
14032 16573 238
16573 4249 238
4249 15998 238
15998 8014 238
8690 14512 239
14512 2106 239
2106 11787 239
11787 6563 239
6563 409 239
409 3596 239
3596 10 239
10 11669 239
11669 4832 239
4832 13679 239
13679 14951 239
14951 13151 239
13151 12283 239
12283 10379 239
10379 7682 239
7682 4676 239
11860 15153 240
15153 6621 240
6621 14347 240
14347 15779 240
15779 14869 240
14869 15857 240
15857 2197 240
2197 12745 240
12745 16359 240
16359 14377 240
14377 4300 240
4300 9466 240
9466 3568 240
3568 13789 240
13789 11566 240
11566 8969 240
14362 2173 241
2173 13063 241
13063 10309 241
10309 2450 241
2450 14968 241
14968 3262 241
3262 3912 241
3912 9106 241
9106 7365 241
7365 16518 241
16518 14183 241
14183 5469 241
5469 5999 241
5999 7412 241
7412 9533 241
9533 25 241
15625 4537 242
4537 8312 242
8312 2885 242
2885 15891 242
15891 10952 242
10952 6285 242
6285 12032 242
12032 6385 242
6385 8505 242
8505 5634 242
5634 14770 242
14770 9323 242
9323 9149 242
9149 49 242
49 8407 242
8407 364 242
5763 13611 243
13611 11720 243
11720 5560 243
5560 5108 243
5108 15625 243
15625 342 243
342 6142 243
6142 13872 243
13872 7446 243
7446 14514 243
14514 393 243
393 12374 243
12374 12855 243
12855 2604 243
2604 9831 243
9831 12499 243
14661 16836 244
16836 14729 244
14729 5959 244
5959 4929 244
4929 10004 244
10004 16370 244
16370 13074 244
13074 6902 244
6902 4763 244
4763 6450 244
6450 16353 244
16353 2282 244
2282 4697 244
4697 4348 244
4348 7168 244
7168 1636 244
13485 4522 245
4522 12942 245
12942 6212 245
6212 10357 245
10357 2017 245
2017 16449 245
16449 1291 245
1291 13297 245
13297 12754 245
12754 13065 245
13065 3409 245
3409 7690 245
7690 333 245
333 10538 245
10538 5656 245
5656 6234 245
7020 14620 246
14620 10056 246
10056 1090 246
1090 6711 246
6711 470 246
470 16732 246
16732 4964 246
4964 15202 246
15202 749 246
749 9109 246
9109 16156 246
16156 14033 246
14033 10534 246
10534 10261 246
10261 6958 246
6958 5943 246
11494 6605 247
6605 4901 247
4901 8069 247
8069 6444 247
6444 14802 247
14802 10609 247
10609 722 247
722 4314 247
4314 93 247
93 2564 247
2564 15653 247
15653 10378 247
10378 9123 247
9123 3013 247
3013 15715 247
15715 10948 247
163 4090 248
4090 13798 248
13798 11074 248
11074 641 248
641 10845 248
10845 14922 248
14922 11724 248
11724 9096 248
9096 7256 248
7256 15922 248
15922 16513 248
16513 11897 248
11897 5593 248
5593 855 248
855 11269 248
11269 10842 248
8934 16802 249
16802 11422 249
11422 14436 249
14436 2451 249
2451 8375 249
8375 11105 249
11105 4554 249
4554 1303 249
1303 12174 249
12174 3803 249
3803 9628 249
9628 13327 249
13327 8616 249
8616 11821 249
11821 5985 249
5985 13211 249
10597 2008 250
2008 419 250
419 4497 250
4497 9341 250
9341 395 250
395 12138 250
12138 10958 250
10958 6100 250
6100 6556 250
6556 11060 250
11060 9472 250
9472 5190 250
5190 11468 250
11468 15092 250
15092 1063 250
1063 7349 250
8241 14999 251
14999 1184 251
1184 8724 251
8724 11062 251
11062 16468 251
16468 11431 251
11431 3742 251
3742 3079 251
3079 14534 251
14534 3218 251
3218 13512 251
13512 9823 251
9823 12346 251
12346 279 251
279 9927 251
9927 7283 251
5247 1747 252
1747 6038 252
6038 5970 252
5970 2865 252
2865 9886 252
9886 5816 252
5816 11989 252
11989 11224 252
11224 6603 252
6603 12760 252
12760 3376 252
3376 3925 252
3925 6725 252
6725 4069 252
4069 15425 252
15425 16521 252
11578 8617 253
8617 2851 253
2851 3932 253
3932 15025 253
15025 12224 253
12224 12565 253
12565 1586 253
1586 4739 253
4739 2152 253
2152 5799 253
5799 6445 253
6445 1645 253
1645 5714 253
5714 7186 253
7186 13292 253
13292 8692 253
12545 5144 254
5144 15210 254
15210 14137 254
14137 3229 254
3229 3989 254
3989 8845 254
8845 3924 254
3924 5335 254
5335 455 254
455 6099 254
6099 5921 254
5921 11662 254
11662 12484 254
12484 11166 254
11166 14035 254
14035 10110 254
6001 1119 255
1119 12548 255
12548 11161 255
11161 3395 255
3395 6486 255
6486 7801 255
7801 984 255
984 11733 255
11733 244 255
244 1761 255
1761 1819 255
1819 16949 255
16949 6165 255
6165 1446 255
1446 1253 255
1253 10083 255
8807 2675 256
2675 3607 256
3607 7456 256
7456 5840 256
5840 8946 256
8946 15242 256
15242 2045 256
2045 742 256
742 16549 256
16549 13453 256
13453 10439 256
10439 12045 256
12045 6100 256
6100 10484 256
10484 3813 256
3813 646 256
6012 10473 257
10473 15436 257
15436 188 257
188 11660 257
11660 12172 257
12172 3832 257
3832 12339 257
12339 16961 257
16961 1959 257
1959 5705 257
5705 15452 257
15452 15237 257
15237 8508 257
8508 1355 257
1355 10353 257
10353 12939 257
8087 6826 258
6826 1186 258
1186 3685 258
3685 7815 258
7815 6196 258
6196 8027 258
8027 680 258
680 1419 258
1419 13013 258
13013 12930 258
12930 8420 258
8420 80 258
80 324 258
324 15179 258
15179 7562 258
7562 4867 258
10862 12776 259
12776 6197 259
6197 1019 259
1019 15354 259
15354 11417 259
11417 2490 259
2490 1769 259
1769 15044 259
15044 3412 259
3412 851 259
851 9129 259
9129 10651 259
10651 10694 259
10694 5838 259
5838 4383 259
4383 7727 259
14215 8750 260
8750 13034 260
13034 1232 260
1232 7598 260
7598 15546 260
15546 2248 260
2248 15995 260
15995 8620 260
8620 543 260
543 16051 260
16051 8133 260
8133 11339 260
11339 5232 260
5232 7522 260
7522 7660 260
7660 3926 260
12009 16591 261
16591 3096 261
3096 4905 261
4905 4053 261
4053 16700 261
16700 15148 261
15148 5333 261
5333 14433 261
14433 16242 261
16242 1182 261
1182 7992 261
7992 12404 261
12404 12087 261
12087 13884 261
13884 12222 261
12222 9720 261
2796 15851 262
15851 13565 262
13565 10937 262
10937 13686 262
13686 10896 262
10896 4618 262
4618 14136 262
14136 9428 262
9428 4763 262
4763 8014 262
8014 6534 262
6534 8455 262
8455 2358 262
2358 3718 262
3718 8307 262
8307 8531 262
6558 15428 263
15428 16527 263
16527 12913 263
12913 411 263
411 3391 263
3391 16502 263
16502 10138 263
10138 6980 263
6980 3054 263
3054 9503 263
9503 3880 263
3880 6300 263
6300 305 263
305 5749 263
5749 2943 263
2943 7314 263
16528 4905 264
4905 9184 264
9184 15487 264
15487 12828 264
12828 3637 264
3637 5715 264
5715 13354 264
13354 2043 264
2043 8133 264
8133 4340 264
4340 10213 264
10213 16542 264
16542 12755 264
12755 13360 264
13360 3755 264
3755 2876 264
12340 9979 265
9979 6696 265
6696 4827 265
4827 2349 265
2349 3018 265
3018 10568 265
10568 10759 265
10759 7712 265
7712 12903 265
12903 5957 265
5957 7728 265
7728 7916 265
7916 1397 265
1397 5043 265
5043 14952 265
14952 1741 265
14394 5619 266
5619 15804 266
15804 3146 266
3146 9586 266
9586 12452 266
12452 14594 266
14594 8234 266
8234 13821 266
13821 8653 266
8653 11483 266
11483 2166 266
2166 9895 266
9895 10897 266
10897 101 266
101 15444 266
15444 860 266
16532 15142 267
15142 11814 267
11814 5607 267
5607 2945 267
2945 14552 267
14552 14642 267
14642 2296 267
2296 12412 267
12412 8926 267
8926 3293 267
3293 8303 267
8303 3208 267
3208 8218 267
8218 37 267
37 790 267
790 3005 267
14178 11133 268
11133 15330 268
15330 14577 268
14577 7079 268
7079 13440 268
13440 1784 268
1784 3183 268
3183 13222 268
13222 4717 268
4717 16608 268
16608 4998 268
4998 8030 268
8030 1376 268
1376 15662 268
15662 8797 268
8797 11763 268
14314 3552 269
3552 11715 269
11715 10108 269
10108 5101 269
5101 10251 269
10251 12487 269
12487 13028 269
13028 4597 269
4597 11995 269
11995 15552 269
15552 5499 269
5499 8533 269
8533 15163 269
15163 14819 269
14819 7448 269
7448 785 269
12579 9244 270
9244 9243 270
9243 14634 270
14634 11143 270
11143 578 270
578 5666 270
5666 11223 270
11223 4227 270
4227 10647 270
10647 5056 270
5056 12984 270
12984 2588 270
2588 11910 270
11910 12 270
12 2579 270
2579 14384 270
12720 10989 271
10989 5325 271
5325 4978 271
4978 8373 271
8373 2185 271
2185 1009 271
1009 15666 271
15666 14378 271
14378 4969 271
4969 6350 271
6350 7283 271
7283 7228 271
7228 12951 271
12951 15075 271
15075 9710 271
9710 12995 271
4444 7006 272
7006 10196 272
10196 16208 272
16208 11299 272
11299 8179 272
8179 16789 272
16789 6577 272
6577 15985 272
15985 3530 272
3530 14914 272
14914 1802 272
1802 14718 272
14718 15400 272
15400 14219 272
14219 7995 272
7995 4577 272
5193 5060 273
5060 15864 273
15864 1321 273
1321 16483 273
16483 11094 273
11094 14869 273
14869 2319 273
2319 9434 273
9434 6890 273
6890 10142 273
10142 765 273
765 166 273
166 2462 273
2462 5655 273
5655 2663 273
2663 3149 273
5689 3848 274
3848 16082 274
16082 564 274
564 14566 274
14566 6206 274
6206 8646 274
8646 4973 274
4973 5745 274
5745 10561 274
10561 16822 274
16822 16274 274
16274 14919 274
14919 14249 274
14249 2289 274
2289 7515 274
7515 9920 274
2089 15111 275
15111 12709 275
12709 16221 275
16221 8515 275
8515 239 275
239 8584 275
8584 13831 275
13831 4607 275
4607 275 275
275 705 275
705 15429 275
15429 16107 275
16107 15741 275
15741 940 275
940 8464 275
8464 10405 275
6217 4876 276
4876 11366 276
11366 6030 276
6030 4708 276
4708 336 276
336 4867 276
4867 12176 276
12176 1767 276
1767 10544 276
10544 3500 276
3500 9169 276
9169 13072 276
13072 6280 276
6280 9446 276
9446 14906 276
14906 14904 276
5 3257 277
3257 13456 277
13456 8667 277
8667 8749 277
8749 3839 277
3839 5976 277
5976 12931 277
12931 8081 277
8081 861 277
861 92 277
92 10668 277
10668 10639 277
10639 640 277
640 6255 277
6255 6342 277
6342 12439 277
13535 9944 278
9944 5926 278
5926 4438 278
4438 12918 278
12918 6404 278
6404 7385 278
7385 3000 278
3000 5169 278
5169 7052 278
7052 8710 278
8710 3219 278
3219 13692 278
13692 1515 278
1515 14884 278
14884 6349 278
6349 8268 278
7200 1035 279
1035 5174 279
5174 9604 279
9604 6251 279
6251 518 279
518 13225 279
13225 2969 279
2969 8944 279
8944 5106 279
5106 8103 279
8103 6860 279
6860 3692 279
3692 10907 279
10907 9636 279
9636 10931 279
10931 4591 279
6106 13090 280
13090 1899 280
1899 776 280
776 11905 280
11905 4765 280
4765 10083 280
10083 13507 280
13507 3524 280
3524 5766 280
5766 13803 280
13803 7375 280
7375 13077 280
13077 8420 280
8420 9087 280
9087 12816 280
12816 27 280
15783 5720 281
5720 9308 281
9308 14835 281
14835 4801 281
4801 13177 281
13177 9516 281
9516 15378 281
15378 2606 281
2606 8988 281
8988 7194 281
7194 12249 281
12249 9281 281
9281 1155 281
1155 7132 281
7132 12471 281
12471 2220 281
11140 6545 282
6545 10520 282
10520 1644 282
1644 1661 282
1661 15526 282
15526 5142 282
5142 5304 282
5304 6234 282
6234 14637 282
14637 14400 282
14400 6107 282
6107 12272 282
12272 11211 282
11211 14356 282
14356 1974 282
1974 12938 282
2832 9040 283
9040 7455 283
7455 16321 283
16321 3048 283
3048 16245 283
16245 14270 283
14270 9704 283
9704 1263 283
1263 800 283
800 16143 283
16143 14328 283
14328 15811 283
15811 12765 283
12765 5180 283
5180 7542 283
7542 1704 283
10518 7507 284
7507 14593 284
14593 7665 284
7665 16608 284
16608 10354 284
10354 7879 284
7879 14473 284
14473 14878 284
14878 2245 284
2245 8170 284
8170 7915 284
7915 13007 284
13007 7172 284
7172 518 284
518 1102 284
1102 16816 284
430 10486 285
10486 7776 285
7776 3021 285
3021 14220 285
14220 8690 285
8690 6736 285
6736 15913 285
15913 745 285
745 16320 285
16320 10631 285
10631 16731 285
16731 13219 285
13219 1584 285
1584 13714 285
13714 7835 285
7835 10979 285
7271 2295 286
2295 8019 286
8019 6802 286
6802 13569 286
13569 13871 286
13871 15291 286
15291 8346 286
8346 15462 286
15462 364 286
364 8261 286
8261 10636 286
10636 254 286
254 8354 286
8354 16540 286
16540 11437 286
11437 4278 286
5109 7443 287
7443 7665 287
7665 2046 287
2046 1118 287
1118 3461 287
3461 15226 287
15226 9352 287
9352 12244 287
12244 5100 287
5100 11316 287
11316 11770 287
11770 11445 287
11445 7884 287
7884 16721 287
16721 4485 287
4485 11234 287
5188 6143 288
6143 3732 288
3732 10094 288
10094 13215 288
13215 7003 288
7003 4961 288
4961 8041 288
8041 12714 288
12714 11342 288
11342 9298 288
9298 349 288
349 16190 288
16190 4318 288
4318 7577 288
7577 12553 288
12553 14509 288
12540 10578 289
10578 1486 289
1486 15155 289
15155 15078 289
15078 2506 289
2506 13203 289
13203 6839 289
6839 16060 289
16060 8874 289
8874 16386 289
16386 2884 289
2884 3594 289
3594 1441 289
1441 8624 289
8624 3934 289
3934 11803 289
10385 3130 290
3130 10656 290
10656 5496 290
5496 1820 290
1820 3543 290
3543 16100 290
16100 10070 290
10070 3970 290
3970 16476 290
16476 7887 290
7887 5703 290
5703 6050 290
6050 3708 290
3708 14546 290
14546 12901 290
12901 7170 290
8685 8245 291
8245 2719 291
2719 1293 291
1293 4135 291
4135 10518 291
10518 16970 291
16970 895 291
895 13841 291
13841 6555 291
6555 7768 291
7768 9318 291
9318 5993 291
5993 16552 291
16552 10792 291
10792 15860 291
15860 6403 291
11247 13234 292
13234 14063 292
14063 5724 292
5724 894 292
894 3854 292
3854 938 292
938 340 292
340 1563 292
1563 6509 292
6509 10251 292
10251 12532 292
12532 13187 292
13187 110 292
110 4222 292
4222 9849 292
9849 2650 292
7270 1231 293
1231 11114 293
11114 622 293
622 5050 293
5050 12602 293
12602 12738 293
12738 4480 293
4480 2805 293
2805 5358 293
5358 6307 293
6307 14560 293
14560 12539 293
12539 16914 293
16914 10812 293
10812 10175 293
10175 15847 293
5519 13522 294
13522 13960 294
13960 3007 294
3007 4409 294
4409 1552 294
1552 4609 294
4609 833 294
833 12735 294
12735 4268 294
4268 7030 294
7030 3207 294
3207 6327 294
6327 5447 294
5447 11734 294
11734 10576 294
10576 8406 294
11086 11603 295
11603 14227 295
14227 14521 295
14521 13689 295
13689 13704 295
13704 9655 295
9655 16269 295
16269 15654 295
15654 3529 295
3529 12016 295
12016 4382 295
4382 7667 295
7667 11813 295
11813 6540 295
6540 12777 295
12777 6585 295
14046 11061 296
11061 2898 296
2898 961 296
961 6404 296
6404 15135 296
15135 140 296
140 15389 296
15389 10138 296
10138 14084 296
14084 16787 296
16787 13 296
13 13145 296
13145 2525 296
2525 8300 296
8300 8476 296
8476 8078 296
13801 2457 297
2457 7553 297
7553 3186 297
3186 9978 297
9978 6990 297
6990 16222 297
16222 9046 297
9046 2986 297
2986 1810 297
1810 659 297
659 1982 297
1982 352 297
352 12452 297
12452 2654 297
2654 13996 297
13996 8404 297
5643 7355 298
7355 16592 298
16592 7698 298
7698 7394 298
7394 1322 298
1322 14972 298
14972 5493 298
5493 13955 298
13955 6342 298
6342 2950 298
2950 14750 298
14750 11634 298
11634 3902 298
3902 4992 298
4992 8932 298
8932 15014 298
10803 10311 299
10311 16026 299
16026 13776 299
13776 1500 299
1500 3566 299
3566 13354 299
13354 3931 299
3931 5687 299
5687 5723 299
5723 77 299
77 6091 299
6091 12755 299
12755 10638 299
10638 10690 299
10690 7961 299
7961 2265 299
3591 11788 300
11788 5747 300
5747 11643 300
11643 4493 300
4493 1660 300
1660 9329 300
9329 9392 300
9392 6522 300
6522 10127 300
10127 4390 300
4390 13673 300
13673 14754 300
14754 9612 300
9612 14402 300
14402 16453 300
16453 1849 300
16821 211 301
211 4191 301
4191 11122 301
11122 16189 301
16189 15640 301
15640 15973 301
15973 13331 301
13331 16278 301
16278 12843 301
12843 9745 301
9745 3316 301
3316 11677 301
11677 14296 301
14296 943 301
943 14361 301
14361 15377 301
5139 13179 302
13179 8085 302
8085 9757 302
9757 10938 302
10938 6270 302
6270 3466 302
3466 1123 302
1123 16121 302
16121 10846 302
10846 11894 302
11894 5860 302
5860 4670 302
4670 4330 302
4330 6889 302
6889 16092 302
16092 5037 302
15561 5428 303
5428 10999 303
10999 11904 303
11904 9974 303
9974 9033 303
9033 4845 303
4845 14217 303
14217 999 303
999 12089 303
12089 5630 303
5630 5383 303
5383 16668 303
16668 9734 303
9734 535 303
535 7289 303
7289 4814 303
7449 5763 304
5763 12150 304
12150 9607 304
9607 8729 304
8729 11977 304
11977 6029 304
6029 13990 304
13990 10767 304
10767 15368 304
15368 13589 304
13589 10857 304
10857 12598 304
12598 16569 304
16569 14464 304
14464 11549 304
11549 3637 304
11122 1586 305
1586 7356 305
7356 9842 305
9842 15472 305
15472 4223 305
4223 3429 305
3429 13634 305
13634 4380 305
4380 7689 305
7689 12454 305
12454 16238 305
16238 5554 305
5554 7851 305
7851 8743 305
8743 2176 305
2176 15373 305
6381 6511 306
6511 3339 306
3339 6840 306
6840 8799 306
8799 5430 306
5430 12952 306
12952 15261 306
15261 11721 306
11721 1865 306
1865 468 306
468 13343 306
13343 9527 306
9527 14309 306
14309 1206 306
1206 4092 306
4092 15853 306
3356 9992 307
9992 13725 307
13725 6377 307
6377 13205 307
13205 9908 307
9908 6091 307
6091 14131 307
14131 12115 307
12115 6156 307
6156 15050 307
15050 15707 307
15707 10021 307
10021 4686 307
4686 12087 307
12087 7768 307
7768 3818 307
1465 7154 308
7154 16492 308
16492 11499 308
11499 6895 308
6895 15691 308
15691 3584 308
3584 16076 308
16076 1648 308
1648 9870 308
9870 16142 308
16142 14753 308
14753 3607 308
3607 15507 308
15507 8740 308
8740 16138 308
16138 8886 308
16569 4521 309
4521 1470 309
1470 12467 309
12467 13465 309
13465 1339 309
1339 4633 309
4633 839 309
839 1085 309
1085 16354 309
16354 5238 309
5238 6497 309
6497 15982 309
15982 12249 309
12249 2222 309
2222 7082 309
7082 3436 309
8757 8861 310
8861 2744 310
2744 4008 310
4008 4243 310
4243 9710 310
9710 631 310
631 13860 310
13860 6508 310
6508 13374 310
13374 6693 310
6693 10655 310
10655 4057 310
4057 7025 310
7025 15059 310
15059 7761 310
7761 6108 310
9738 9405 311
9405 15161 311
15161 4136 311
4136 7758 311
7758 7482 311
7482 6105 311
6105 3934 311
3934 16935 311
16935 2652 311
2652 11495 311
11495 11432 311
11432 12797 311
12797 138 311
138 16521 311
16521 7781 311
7781 16061 311
1553 9093 312
9093 7532 312
7532 7891 312
7891 4243 312
4243 2373 312
2373 9708 312
9708 3645 312
3645 14947 312
14947 5569 312
5569 13882 312
13882 15205 312
15205 10471 312
10471 14909 312
14909 8230 312
8230 5380 312
5380 14803 312
12838 9836 313
9836 9640 313
9640 11737 313
11737 1597 313
1597 7073 313
7073 9491 313
9491 13096 313
13096 6019 313
6019 2120 313
2120 15998 313
15998 10184 313
10184 6440 313
6440 5477 313
5477 1903 313
1903 8321 313
8321 6140 313
12168 3586 314
3586 8882 314
8882 6260 314
6260 15486 314
15486 10995 314
10995 13368 314
13368 16047 314
16047 11385 314
11385 16499 314
16499 980 314
980 788 314
788 16770 314
16770 12530 314
12530 12432 314
12432 2713 314
2713 2863 314
5032 9085 315
9085 7376 315
7376 12289 315
12289 16139 315
16139 8042 315
8042 14615 315
14615 16818 315
16818 11776 315
11776 6871 315
6871 9390 315
9390 4916 315
4916 12947 315
12947 4753 315
4753 8504 315
8504 3216 315
3216 13328 315
3641 9007 316
9007 5349 316
5349 14549 316
14549 8843 316
8843 9835 316
9835 2447 316
2447 7614 316
7614 2074 316
2074 3502 316
3502 1890 316
1890 13923 316
13923 2896 316
2896 8013 316
8013 2305 316
2305 7553 316
7553 11377 316
11400 15518 317
15518 12512 317
12512 1813 317
1813 5251 317
5251 15733 317
15733 15307 317
15307 1687 317
1687 5788 317
5788 434 317
434 9170 317
9170 14702 317
14702 8094 317
8094 7525 317
7525 557 317
557 11017 317
11017 3242 317
6219 2354 318
2354 3409 318
3409 3917 318
3917 5197 318
5197 14368 318
14368 10321 318
10321 16204 318
16204 10218 318
10218 5421 318
5421 2763 318
2763 10441 318
10441 8986 318
8986 5337 318
5337 2536 318
2536 10668 318
10668 11726 318
7004 13403 319
13403 6779 319
6779 6330 319
6330 1866 319
1866 1662 319
1662 15470 319
15470 6693 319
6693 16382 319
16382 6940 319
6940 13814 319
13814 16835 319
16835 14923 319
14923 4684 319
4684 2023 319
2023 7783 319
7783 9474 319
743 8230 320
8230 15620 320
15620 11618 320
11618 11435 320
11435 11302 320
11302 16384 320
16384 3540 320
3540 4786 320
4786 14238 320
14238 3854 320
3854 7597 320
7597 11892 320
11892 2599 320
2599 1991 320
1991 2485 320
2485 1451 320
1713 8641 321
8641 1504 321
1504 9157 321
9157 11324 321
11324 9216 321
9216 308 321
308 1881 321
1881 15466 321
15466 16258 321
16258 1413 321
1413 11078 321
11078 16182 321
16182 14003 321
14003 12670 321
12670 8236 321
8236 8609 321
1986 3428 322
3428 4573 322
4573 8917 322
8917 11461 322
11461 9028 322
9028 5299 322
5299 15923 322
15923 8710 322
8710 1939 322
1939 3113 322
3113 9022 322
9022 13866 322
13866 13495 322
13495 16890 322
16890 2443 322
2443 6937 322
9029 4164 323
4164 13955 323
13955 593 323
593 4265 323
4265 14470 323
14470 15267 323
15267 12082 323
12082 9228 323
9228 13608 323
13608 9136 323
9136 2830 323
2830 6935 323
6935 12920 323
12920 6375 323
6375 4492 323
4492 8684 323
14618 4692 324
4692 7010 324
7010 8951 324
8951 14639 324
14639 10142 324
10142 2577 324
2577 8341 324
8341 10396 324
10396 322 324
322 16846 324
16846 10583 324
10583 6102 324
6102 6849 324
6849 7860 324
7860 14188 324
14188 2933 324
4907 3153 325
3153 14687 325
14687 11096 325
11096 12474 325
12474 10939 325
10939 14028 325
14028 15910 325
15910 5839 325
5839 8701 325
8701 14943 325
14943 2525 325
2525 147 325
147 2490 325
2490 15631 325
15631 10100 325
10100 4588 325
10898 5358 326
5358 15853 326
15853 13387 326
13387 16354 326
16354 9468 326
9468 98 326
98 16400 326
16400 4089 326
4089 9801 326
9801 14114 326
14114 5409 326
5409 3897 326
3897 11397 326
11397 5857 326
5857 16239 326
16239 10406 326
3759 10759 327
10759 1299 327
1299 15444 327
15444 6333 327
6333 14880 327
14880 2073 327
2073 11923 327
11923 8690 327
8690 10440 327
10440 8403 327
8403 2245 327
2245 15213 327
15213 15945 327
15945 13969 327
13969 1673 327
1673 16238 327
1819 465 328
465 11427 328
11427 10281 328
10281 11489 328
11489 12006 328
12006 3624 328
3624 13407 328
13407 10158 328
10158 8520 328
8520 12048 328
12048 10632 328
10632 2620 328
2620 16539 328
16539 12169 328
12169 11732 328
11732 3338 328
9028 10907 329
10907 12202 329
12202 5564 329
5564 14306 329
14306 9433 329
9433 16166 329
16166 11244 329
11244 14303 329
14303 6454 329
6454 14277 329
14277 2936 329
2936 4157 329
4157 12781 329
12781 4149 329
4149 5959 329
5959 10991 329
12891 1809 330
1809 16367 330
16367 7813 330
7813 7103 330
7103 11175 330
11175 8790 330
8790 8950 330
8950 10783 330
10783 1038 330
1038 13532 330
13532 4056 330
4056 9639 330
9639 11178 330
11178 6264 330
6264 16972 330
16972 11818 330
11794 8588 331
8588 11160 331
11160 4155 331
4155 8106 331
8106 14585 331
14585 5655 331
5655 15939 331
15939 16688 331
16688 3535 331
3535 6042 331
6042 2051 331
2051 10140 331
10140 16270 331
16270 1703 331
1703 6048 331
6048 5868 331
16820 7694 332
7694 10278 332
10278 7347 332
7347 15047 332
15047 12314 332
12314 8006 332
8006 7431 332
7431 15632 332
15632 5004 332
5004 12282 332
12282 5926 332
5926 3876 332
3876 284 332
284 5088 332
5088 11410 332
11410 2914 332
9061 14723 333
14723 3174 333
3174 10064 333
10064 7558 333
7558 16592 333
16592 9504 333
9504 15975 333
15975 16588 333
16588 8301 333
8301 13562 333
13562 4496 333
4496 6941 333
6941 14775 333
14775 4998 333
4998 6715 333
6715 9426 333
15449 3643 334
3643 10893 334
10893 6194 334
6194 11235 334
11235 2940 334
2940 5576 334
5576 3815 334
3815 13747 334
13747 1054 334
1054 10990 334
10990 7197 334
7197 13979 334
13979 15538 334
15538 4769 334
4769 486 334
486 15772 334
6281 2542 335
2542 7116 335
7116 1412 335
1412 4042 335
4042 6081 335
6081 7518 335
7518 10771 335
10771 9892 335
9892 1562 335
1562 4294 335
4294 7794 335
7794 716 335
716 2726 335
2726 1157 335
1157 14435 335
14435 14480 335
12819 920 336
920 1626 336
1626 16041 336
16041 9175 336
9175 1852 336
1852 4006 336
4006 15517 336
15517 15316 336
15316 10663 336
10663 11298 336
11298 3436 336
3436 994 336
994 8852 336
8852 14125 336
14125 3712 336
3712 999 336
16222 15064 337
15064 13225 337
13225 14121 337
14121 6705 337
6705 1383 337
1383 13399 337
13399 15040 337
15040 15752 337
15752 149 337
149 12164 337
12164 4404 337
4404 7244 337
7244 8342 337
8342 1120 337
1120 16314 337
16314 4574 337
5193 184 338
184 9758 338
9758 7236 338
7236 13894 338
13894 14454 338
14454 874 338
874 2829 338
2829 4055 338
4055 10685 338
10685 9598 338
9598 7886 338
7886 15087 338
15087 15816 338
15816 13762 338
13762 16546 338
16546 7134 338
12138 12865 339
12865 16362 339
16362 9420 339
9420 858 339
858 12349 339
12349 4732 339
4732 11619 339
11619 11524 339
11524 55 339
55 7821 339
7821 5929 339
5929 13096 339
13096 1738 339
1738 7914 339
7914 4770 339
4770 16069 339
4858 15476 340
15476 8663 340
8663 1571 340
1571 9857 340
9857 16171 340
16171 2178 340
2178 6038 340
6038 15831 340
15831 16692 340
16692 13519 340
13519 13705 340
13705 5856 340
5856 4007 340
4007 6585 340
6585 16863 340
16863 11547 340
8380 11623 341
11623 8533 341
8533 316 341
316 8574 341
8574 7784 341
7784 2992 341
2992 8034 341
8034 15766 341
15766 14063 341
14063 3951 341
3951 1925 341
1925 8401 341
8401 16571 341
16571 3981 341
3981 4913 341
4913 1924 341
3044 12028 342
12028 3018 342
3018 3991 342
3991 4495 342
4495 15623 342
15623 11217 342
11217 6205 342
6205 14413 342
14413 4099 342
4099 13993 342
13993 2880 342
2880 12782 342
12782 2115 342
2115 6785 342
6785 1879 342
1879 5599 342
4889 7126 343
7126 9402 343
9402 16787 343
16787 3641 343
3641 8914 343
8914 2937 343
2937 7534 343
7534 14178 343
14178 13052 343
13052 14522 343
14522 4460 343
4460 15760 343
15760 15004 343
15004 12 343
12 16460 343
16460 13987 343
12839 15527 344
15527 8608 344
8608 7827 344
7827 6653 344
6653 5699 344
5699 6940 344
6940 16894 344
16894 13853 344
13853 379 344
379 16680 344
16680 5783 344
5783 10363 344
10363 13881 344
13881 15590 344
15590 15265 344
15265 16288 344
16893 14176 345
14176 13033 345
13033 7517 345
7517 9007 345
9007 307 345
307 9257 345
9257 12806 345
12806 13667 345
13667 1949 345
1949 15972 345
15972 6430 345
6430 13873 345
13873 137 345
137 3980 345
3980 4244 345
4244 9096 345
15689 9912 346
9912 2903 346
2903 11398 346
11398 4436 346
4436 15797 346
15797 2682 346
2682 10430 346
10430 16684 346
16684 5469 346
5469 6190 346
6190 4045 346
4045 9829 346
9829 8014 346
8014 15192 346
15192 5872 346
5872 7361 346
5169 11641 347
11641 13669 347
13669 14976 347
14976 8275 347
8275 2279 347
2279 893 347
893 4643 347
4643 3417 347
3417 9740 347
9740 8032 347
8032 11213 347
11213 7999 347
7999 15741 347
15741 6355 347
6355 15493 347
15493 2582 347
8721 10416 348
10416 7114 348
7114 7962 348
7962 7505 348
7505 4466 348
4466 5923 348
5923 6223 348
6223 13269 348
13269 10237 348
10237 4132 348
4132 10450 348
10450 5324 348
5324 14611 348
14611 15033 348
15033 5822 348
5822 4524 348
13754 10228 349
10228 16337 349
16337 5582 349
5582 5558 349
5558 13783 349
13783 474 349
474 14957 349
14957 4456 349
4456 227 349
227 1354 349
1354 12742 349
12742 15914 349
15914 12507 349
12507 10974 349
10974 8464 349
8464 1935 349
421 14331 350
14331 5552 350
5552 2894 350
2894 15180 350
15180 55 350
55 8347 350
8347 119 350
119 729 350
729 10801 350
10801 16793 350
16793 13635 350
13635 1510 350
1510 4788 350
4788 8094 350
8094 14733 350
14733 4426 350
4258 12218 351
12218 11419 351
11419 12143 351
12143 4545 351
4545 5468 351
5468 1137 351
1137 2620 351
2620 1291 351
1291 2711 351
2711 14826 351
14826 1592 351
1592 12445 351
12445 13815 351
13815 11964 351
11964 5764 351
5764 9727 351
1410 11196 352
11196 15222 352
15222 10246 352
10246 7019 352
7019 13133 352
13133 4156 352
4156 9910 352
9910 4115 352
4115 7891 352
7891 16043 352
16043 5389 352
5389 96 352
96 7961 352
7961 3276 352
3276 11525 352
11525 12445 352
7360 198 353
198 5878 353
5878 14376 353
14376 13602 353
13602 6732 353
6732 16049 353
16049 3167 353
3167 15716 353
15716 11772 353
11772 9181 353
9181 14479 353
14479 15676 353
15676 2354 353
2354 3315 353
3315 5190 353
5190 9159 353
10293 2440 354
2440 6667 354
6667 1698 354
1698 11397 354
11397 7741 354
7741 10022 354
10022 14005 354
14005 9154 354
9154 12700 354
12700 11396 354
11396 4006 354
4006 9189 354
9189 13161 354
13161 3535 354
3535 508 354
508 1655 354
9269 13958 355
13958 4091 355
4091 16802 355
16802 4727 355
4727 11951 355
11951 15464 355
15464 7182 355
7182 6649 355
6649 121 355
121 10477 355
10477 7638 355
7638 10963 355
10963 6218 355
6218 4408 355
4408 5356 355
5356 3775 355
4852 16684 356
16684 5103 356
5103 8142 356
8142 13439 356
13439 14924 356
14924 1435 356
1435 1667 356
1667 8216 356
8216 13119 356
13119 6343 356
6343 7293 356
7293 5697 356
5697 978 356
978 9844 356
9844 4498 356
4498 9384 356
16060 10196 357
10196 13945 357
13945 15534 357
15534 1923 357
1923 7767 357
7767 15023 357
15023 8228 357
8228 5560 357
5560 5251 357
5251 5961 357
5961 7230 357
7230 71 357
71 4059 357
4059 16568 357
16568 11227 357
11227 2040 357
4758 12008 358
12008 7406 358
7406 11129 358
11129 306 358
306 6386 358
6386 9515 358
9515 10620 358
10620 16456 358
16456 5478 358
5478 7720 358
7720 8903 358
8903 12345 358
12345 5748 358
5748 1222 358
1222 4637 358
4637 13851 358
12899 7636 359
7636 9319 359
9319 13939 359
13939 15565 359
15565 4902 359
4902 7172 359
7172 8626 359
8626 4810 359
4810 4936 359
4936 4683 359
4683 15497 359
15497 811 359
811 5950 359
5950 9857 359
9857 10344 359
10344 15684 359
11532 4277 360
4277 6571 360
6571 10990 360
10990 12230 360
12230 12591 360
12591 1430 360
1430 88 360
88 16483 360
16483 10346 360
10346 8010 360
8010 5879 360
5879 4310 360
4310 15826 360
15826 848 360
848 10210 360
10210 12889 360
16348 4026 361
4026 14468 361
14468 2341 361
2341 13253 361
13253 775 361
775 15694 361
15694 10164 361
10164 16350 361
16350 13920 361
13920 2347 361
2347 10104 361
10104 10678 361
10678 7701 361
7701 2443 361
2443 9828 361
9828 14616 361
7197 13311 362
13311 3106 362
3106 6213 362
6213 12651 362
12651 3510 362
3510 4856 362
4856 16272 362
16272 352 362
352 9258 362
9258 7396 362
7396 2819 362
2819 12233 362
12233 2979 362
2979 2251 362
2251 13996 362
13996 3807 362
2410 4694 363
4694 15703 363
15703 5999 363
5999 11169 363
11169 3425 363
3425 7185 363
7185 6996 363
6996 1137 363
1137 14909 363
14909 9890 363
9890 16341 363
16341 5211 363
5211 6380 363
6380 8710 363
8710 9174 363
9174 14129 363
285 11642 364
11642 2176 364
2176 10084 364
10084 12654 364
12654 7157 364
7157 10125 364
10125 8774 364
8774 1956 364
1956 8209 364
8209 3080 364
3080 4963 364
4963 6674 364
6674 1315 364
1315 2515 364
2515 4544 364
4544 6393 364
10636 11280 365
11280 2041 365
2041 14277 365
14277 1281 365
1281 9842 365
9842 11027 365
11027 6661 365
6661 14255 365
14255 880 365
880 16704 365
16704 3039 365
3039 780 365
780 8122 365
8122 16229 365
16229 7812 365
7812 15526 365
2949 1977 366
1977 5550 366
5550 11970 366
11970 13972 366
13972 16021 366
16021 12499 366
12499 8459 366
8459 5838 366
5838 232 366
232 14925 366
14925 15238 366
15238 12550 366
12550 5390 366
5390 5725 366
5725 14892 366
14892 14884 366
15419 628 367
628 5462 367
5462 13248 367
13248 1070 367
1070 14123 367
14123 14792 367
14792 8861 367
8861 16225 367
16225 15388 367
15388 7797 367
7797 306 367
306 941 367
941 2353 367
2353 12008 367
12008 5254 367
5254 1258 367
1569 2008 368
2008 750 368
750 16680 368
16680 6882 368
6882 9885 368
9885 10614 368
10614 10953 368
10953 3293 368
3293 2016 368
2016 1639 368
1639 493 368
493 12261 368
12261 2129 368
2129 5576 368
5576 2384 368
2384 14435 368
9327 1623 369
1623 7841 369
7841 7751 369
7751 4291 369
4291 13640 369
13640 13343 369
13343 15188 369
15188 5541 369
5541 6674 369
6674 2090 369
2090 1559 369
1559 6150 369
6150 8422 369
8422 15027 369
15027 564 369
564 9266 369
11795 9266 370
9266 4388 370
4388 4060 370
4060 5277 370
5277 7042 370
7042 3388 370
3388 13622 370
13622 9307 370
9307 15300 370
15300 7363 370
7363 4515 370
4515 9218 370
9218 14093 370
14093 11658 370
11658 4988 370
4988 943 370
1446 4189 371
4189 1709 371
1709 1100 371
1100 234 371
234 14361 371
14361 6251 371
6251 8763 371
8763 12597 371
12597 10773 371
10773 16654 371
16654 15002 371
15002 77 371
77 15800 371
15800 9673 371
9673 6007 371
6007 13660 371
5492 15651 372
15651 11875 372
11875 10908 372
10908 3962 372
3962 6596 372
6596 1957 372
1957 14796 372
14796 3976 372
3976 12289 372
12289 9807 372
9807 15298 372
15298 4626 372
4626 8602 372
8602 11041 372
11041 8867 372
8867 16682 372
695 1208 373
1208 2134 373
2134 4093 373
4093 4156 373
4156 15202 373
15202 4727 373
4727 9018 373
9018 7566 373
7566 13609 373
13609 8259 373
8259 6341 373
6341 7186 373
7186 3143 373
3143 5312 373
5312 8717 373
8717 1081 373
7090 2564 374
2564 6668 374
6668 7096 374
7096 7032 374
7032 2815 374
2815 6490 374
6490 3289 374
3289 609 374
609 11692 374
11692 10586 374
10586 9092 374
9092 5895 374
5895 3801 374
3801 4749 374
4749 7779 374
7779 13207 374
3159 1377 375
1377 15964 375
15964 12429 375
12429 7140 375
7140 3142 375
3142 4061 375
4061 3653 375
3653 7965 375
7965 4475 375
4475 4864 375
4864 7486 375
7486 11042 375
11042 12855 375
12855 13086 375
13086 10472 375
10472 10288 375
16558 12462 376
12462 15580 376
15580 4715 376
4715 10503 376
10503 427 376
427 2650 376
2650 7309 376
7309 2350 376
2350 14672 376
14672 3750 376
3750 6159 376
6159 10713 376
10713 14268 376
14268 746 376
746 15208 376
15208 9901 376
2171 15458 377
15458 5781 377
5781 12173 377
12173 14776 377
14776 7949 377
7949 14079 377
14079 12152 377
12152 7394 377
7394 5167 377
5167 2395 377
2395 10495 377
10495 5144 377
5144 2871 377
2871 12328 377
12328 5884 377
5884 3578 377
9557 5489 378
5489 13459 378
13459 397 378
397 14513 378
14513 2877 378
2877 12277 378
12277 3030 378
3030 13019 378
13019 10413 378
10413 9618 378
9618 10677 378
10677 3939 378
3939 2789 378
2789 1486 378
1486 16616 378
16616 12665 378
11378 1024 379
1024 11721 379
11721 13011 379
13011 314 379
314 12546 379
12546 15388 379
15388 13441 379
13441 4545 379
4545 13344 379
13344 2212 379
2212 5201 379
5201 11158 379
11158 12604 379
12604 3761 379
3761 16702 379
16702 11889 379
16777 4159 380
4159 2712 380
2712 8472 380
8472 2393 380
2393 16861 380
16861 10938 380
10938 7937 380
7937 9461 380
9461 11015 380
11015 11259 380
11259 2069 380
2069 6883 380
6883 8979 380
8979 5182 380
5182 8712 380
8712 1464 380
15265 10404 381
10404 11880 381
11880 16934 381
16934 7335 381
7335 8803 381
8803 14153 381
14153 16715 381
16715 8649 381
8649 6162 381
6162 1423 381
1423 11241 381
11241 7636 381
7636 6208 381
6208 5059 381
5059 11618 381
11618 7534 381
12408 8825 382
8825 4023 382
4023 10341 382
10341 10736 382
10736 4300 382
4300 2640 382
2640 7395 382
7395 5463 382
5463 4712 382
4712 4140 382
4140 7483 382
7483 3631 382
3631 4965 382
4965 14127 382
14127 13738 382
13738 7236 382
835 8339 383
8339 9060 383
9060 16113 383
16113 2658 383
2658 10683 383
10683 14970 383
14970 919 383
919 8199 383
8199 9478 383
9478 6567 383
6567 15436 383
15436 13942 383
13942 9269 383
9269 9487 383
9487 6792 383
6792 14059 383
16432 13146 384
13146 7067 384
7067 16153 384
16153 1912 384
1912 12837 384
12837 8987 384
8987 14660 384
14660 15913 384
15913 13779 384
13779 4257 384
4257 10815 384
10815 5699 384
5699 12748 384
12748 12385 384
12385 9558 384
9558 10533 384
4932 5124 385
5124 710 385
710 14285 385
14285 7665 385
7665 6777 385
6777 537 385
537 3894 385
3894 3907 385
3907 1833 385
1833 16020 385
16020 12396 385
12396 14442 385
14442 3848 385
3848 9562 385
9562 9246 385
9246 7148 385
10298 12028 386
12028 2812 386
2812 15731 386
15731 8395 386
8395 5444 386
5444 16233 386
16233 6000 386
6000 4504 386
4504 14397 386
14397 9204 386
9204 11247 386
11247 16374 386
16374 13541 386
13541 6522 386
6522 9579 386
9579 16337 386
5619 8035 387
8035 55 387
55 919 387
919 11218 387
11218 7270 387
7270 13243 387
13243 5501 387
5501 2180 387
2180 5487 387
5487 6561 387
6561 909 387
909 4511 387
4511 6104 387
6104 12559 387
12559 12455 387
12455 5005 387
5657 13430 388
13430 8676 388
8676 10278 388
10278 1777 388
1777 11325 388
11325 5618 388
5618 11821 388
11821 9110 388
9110 1911 388
1911 7202 388
7202 1818 388
1818 10582 388
10582 411 388
411 2101 388
2101 12053 388
12053 8438 388
8378 5460 389
5460 4809 389
4809 6495 389
6495 13366 389
13366 4642 389
4642 5359 389
5359 15514 389
15514 12237 389
12237 16680 389
16680 13720 389
13720 16554 389
16554 1036 389
1036 1387 389
1387 6613 389
6613 581 389
581 4039 389
11889 14776 390
14776 5962 390
5962 14794 390
14794 15090 390
15090 15497 390
15497 14189 390
14189 12620 390
12620 4759 390
4759 9386 390
9386 10373 390
10373 1481 390
1481 7982 390
7982 13516 390
13516 7640 390
7640 5601 390
5601 14219 390
12921 3323 391
3323 4530 391
4530 1646 391
1646 13390 391
13390 10136 391
10136 12299 391
12299 12887 391
12887 11549 391
11549 11015 391
11015 10060 391
10060 1014 391
1014 12025 391
12025 2225 391
2225 10522 391
10522 16202 391
16202 12997 391
10697 9317 392
9317 2801 392
2801 11960 392
11960 14893 392
14893 2739 392
2739 7018 392
7018 12048 392
12048 13238 392
13238 1457 392
1457 6901 392
6901 10734 392
10734 12960 392
12960 7263 392
7263 16011 392
16011 2991 392
2991 5623 392
267 4781 393
4781 8314 393
8314 11872 393
11872 7834 393
7834 5782 393
5782 2795 393
2795 4629 393
4629 6467 393
6467 15932 393
15932 12768 393
12768 1022 393
1022 15415 393
15415 11185 393
11185 16234 393
16234 13524 393
13524 15213 393
9298 9775 394
9775 12179 394
12179 925 394
925 12128 394
12128 11209 394
11209 669 394
669 3595 394
3595 4260 394
4260 8793 394
8793 10968 394
10968 1558 394
1558 7739 394
7739 16423 394
16423 5793 394
5793 7141 394
7141 4634 394
1112 7673 395
7673 4253 395
4253 9449 395
9449 12136 395
12136 15816 395
15816 11767 395
11767 16576 395
16576 4717 395
4717 15533 395
15533 12610 395
12610 6034 395
6034 11062 395
11062 14105 395
14105 5735 395
5735 9692 395
9692 1899 395
8187 14190 396
14190 9388 396
9388 6088 396
6088 3685 396
3685 6242 396
6242 1262 396
1262 8847 396
8847 2930 396
2930 1122 396
1122 9348 396
9348 1239 396
1239 4957 396
4957 5416 396
5416 11284 396
11284 1592 396
1592 3437 396
4585 7 397
7 9907 397
9907 12999 397
12999 14148 397
14148 2031 397
2031 14768 397
14768 13002 397
13002 9504 397
9504 11641 397
11641 8092 397
8092 13384 397
13384 1059 397
1059 2721 397
2721 6611 397
6611 7733 397
7733 5598 397
11343 5074 398
5074 1048 398
1048 1553 398
1553 10781 398
10781 3127 398
3127 6226 398
6226 560 398
560 986 398
986 12873 398
12873 3337 398
3337 11320 398
11320 16728 398
16728 13464 398
13464 1708 398
1708 10305 398
10305 7534 398
14803 5077 399
5077 16158 399
16158 11232 399
11232 445 399
445 7342 399
7342 4299 399
4299 14517 399
14517 11373 399
11373 8840 399
8840 3801 399
3801 156 399
156 804 399
804 3431 399
3431 14738 399
14738 7033 399
7033 4870 399
7140 10931 400
10931 2473 400
2473 4612 400
4612 10342 400
10342 3979 400
3979 11586 400
11586 3381 400
3381 16682 400
16682 3861 400
3861 1675 400
1675 14730 400
14730 3446 400
3446 11214 400
11214 14639 400
14639 8585 400
8585 11082 400
8103 6279 401
6279 11330 401
11330 3378 401
3378 1433 401
1433 7885 401
7885 14578 401
14578 4178 401
4178 13164 401
13164 640 401
640 12887 401
12887 5330 401
5330 13838 401
13838 1147 401
1147 7074 401
7074 7759 401
7759 1470 401
3776 8971 402
8971 8653 402
8653 15149 402
15149 445 402
445 816 402
816 5657 402
5657 16548 402
16548 3399 402
3399 2528 402
2528 9867 402
9867 10031 402
10031 11065 402
11065 9748 402
9748 11136 402
11136 15729 402
15729 14980 402
2818 8524 403
8524 11099 403
11099 6424 403
6424 6231 403
6231 6956 403
6956 7336 403
7336 12642 403
12642 15108 403
15108 2831 403
2831 10597 403
10597 16849 403
16849 65 403
65 9778 403
9778 3459 403
3459 6649 403
6649 16605 403
11369 5114 404
5114 12845 404
12845 558 404
558 14797 404
14797 16388 404
16388 6512 404
6512 12871 404
12871 10725 404
10725 11120 404
11120 5493 404
5493 5252 404
5252 11324 404
11324 10985 404
10985 3985 404
3985 11101 404
11101 5953 404
14301 12582 405
12582 14293 405
14293 10384 405
10384 2195 405
2195 1741 405
1741 16571 405
16571 13881 405
13881 451 405
451 2587 405
2587 13344 405
13344 12354 405
12354 14908 405
14908 1468 405
1468 3870 405
3870 3200 405
3200 15373 405
2169 2428 406
2428 13745 406
13745 4633 406
4633 16667 406
16667 8487 406
8487 11288 406
11288 8936 406
8936 16216 406
16216 9561 406
9561 8108 406
8108 6505 406
6505 7597 406
7597 1864 406
1864 23 406
23 12567 406
12567 13693 406
5971 9637 407
9637 12309 407
12309 8758 407
8758 16636 407
16636 12356 407
12356 12432 407
12432 7904 407
7904 11807 407
11807 4690 407
4690 12388 407
12388 11296 407
11296 15593 407
15593 16606 407
16606 5860 407
5860 12924 407
12924 7635 407
4395 6608 408
6608 11044 408
11044 15026 408
15026 16294 408
16294 6727 408
6727 16885 408
16885 8725 408
8725 15067 408
15067 6734 408
6734 14159 408
14159 4749 408
4749 11324 408
11324 11903 408
11903 10894 408
10894 7052 408
7052 3130 408
4267 13025 409
13025 13783 409
13783 8317 409
8317 12800 409
12800 8301 409
8301 6556 409
6556 5485 409
5485 8657 409
8657 1382 409
1382 12658 409
12658 6400 409
6400 8244 409
8244 14229 409
14229 8894 409
8894 16260 409
16260 7233 409
2720 12522 410
12522 2446 410
2446 15162 410
15162 4846 410
4846 2075 410
2075 8654 410
8654 4333 410
4333 12887 410
12887 14867 410
14867 15507 410
15507 14869 410
14869 6589 410
6589 3726 410
3726 8087 410
8087 12395 410
12395 15973 410
10799 14417 411
14417 9157 411
9157 811 411
811 8073 411
8073 11248 411
11248 639 411
639 2932 411
2932 14624 411
14624 13504 411
13504 11592 411
11592 11308 411
11308 5757 411
5757 1213 411
1213 16467 411
16467 10933 411
10933 15653 411
13354 15669 412
15669 15881 412
15881 16408 412
16408 2899 412
2899 8841 412
8841 9590 412
9590 6197 412
6197 2092 412
2092 1122 412
1122 9513 412
9513 11124 412
11124 9272 412
9272 16631 412
16631 8254 412
8254 13167 412
13167 242 412
16554 12689 413
12689 7324 413
7324 3252 413
3252 9309 413
9309 13593 413
13593 1489 413
1489 9442 413
9442 15653 413
15653 9137 413
9137 13393 413
13393 4694 413
4694 15845 413
15845 11082 413
11082 5962 413
5962 5389 413
5389 9157 413
4864 8663 414
8663 16851 414
16851 4695 414
4695 10989 414
10989 13497 414
13497 5603 414
5603 12962 414
12962 8957 414
8957 3607 414
3607 4111 414
4111 5179 414
5179 1911 414
1911 2928 414
2928 10464 414
10464 1687 414
1687 8421 414
2993 3264 415
3264 1094 415
1094 10653 415
10653 6323 415
6323 8942 415
8942 11795 415
11795 3721 415
3721 15996 415
15996 7935 415
7935 14455 415
14455 13984 415
13984 12065 415
12065 2413 415
2413 15158 415
15158 12255 415
12255 12139 415
6171 1666 416
1666 13989 416
13989 6000 416
6000 2248 416
2248 11669 416
11669 14689 416
14689 5703 416
5703 5857 416
5857 16922 416
16922 9289 416
9289 8921 416
8921 9279 416
9279 14894 416
14894 8158 416
8158 12092 416
12092 3207 416
5860 15961 417
15961 154 417
154 3111 417
3111 15686 417
15686 15514 417
15514 9209 417
9209 2098 417
2098 14856 417
14856 3292 417
3292 3902 417
3902 11142 417
11142 943 417
943 12434 417
12434 12564 417
12564 6040 417
6040 3543 417
13868 15706 418
15706 15331 418
15331 13765 418
13765 270 418
270 5377 418
5377 7900 418
7900 14204 418
14204 16621 418
16621 12793 418
12793 14518 418
14518 13708 418
13708 4812 418
4812 12393 418
12393 15979 418
15979 10930 418
10930 12955 418
3329 9402 419
9402 11859 419
11859 16440 419
16440 4315 419
4315 8308 419
8308 13486 419
13486 651 419
651 7650 419
7650 8234 419
8234 16201 419
16201 6353 419
6353 4996 419
4996 1077 419
1077 5383 419
5383 8368 419
8368 7852 419
5113 5455 420
5455 13303 420
13303 15918 420
15918 8153 420
8153 2988 420
2988 12530 420
12530 3193 420
3193 1689 420
1689 6049 420
6049 5097 420
5097 7813 420
7813 903 420
903 1584 420
1584 15281 420
15281 6629 420
6629 4376 420
16325 16605 421
16605 8636 421
8636 13737 421
13737 12903 421
12903 6778 421
6778 6428 421
6428 11195 421
11195 6936 421
6936 1241 421
1241 13499 421
13499 9200 421
9200 16033 421
16033 16552 421
16552 14198 421
14198 15515 421
15515 4793 421
6316 9352 422
9352 8901 422
8901 304 422
304 161 422
161 2163 422
2163 10982 422
10982 12131 422
12131 2144 422
2144 6694 422
6694 1751 422
1751 10237 422
10237 15988 422
15988 11080 422
11080 1892 422
1892 15313 422
15313 10444 422
16491 988 423
988 6135 423
6135 14981 423
14981 3877 423
3877 9170 423
9170 14655 423
14655 590 423
590 6075 423
6075 240 423
240 14068 423
14068 9869 423
9869 4590 423
4590 7550 423
7550 6598 423
6598 8246 423
8246 7412 423
6976 12457 424
12457 1287 424
1287 7665 424
7665 15584 424
15584 2790 424
2790 8154 424
8154 9776 424
9776 2443 424
2443 1736 424
1736 16704 424
16704 3814 424
3814 15270 424
15270 1392 424
1392 4347 424
4347 7928 424
7928 13445 424
251 3044 425
3044 5718 425
5718 14077 425
14077 1729 425
1729 2052 425
2052 7605 425
7605 13223 425
13223 3192 425
3192 12797 425
12797 15605 425
15605 859 425
859 7561 425
7561 415 425
415 9098 425
9098 12203 425
12203 9480 425
9350 4409 426
4409 1499 426
1499 5131 426
5131 5199 426
5199 4896 426
4896 5528 426
5528 9175 426
9175 14543 426
14543 5125 426
5125 8499 426
8499 13409 426
13409 3112 426
3112 16111 426
16111 862 426
862 578 426
578 8270 426
4527 9269 427
9269 12285 427
12285 2888 427
2888 8139 427
8139 9329 427
9329 10928 427
10928 4504 427
4504 1850 427
1850 11282 427
11282 8749 427
8749 7718 427
7718 8227 427
8227 15536 427
15536 8125 427
8125 5655 427
5655 16735 427
11368 12346 428
12346 13451 428
13451 10109 428
10109 11836 428
11836 12102 428
12102 14568 428
14568 5316 428
5316 7778 428
7778 14901 428
14901 6335 428
6335 6363 428
6363 8887 428
8887 84 428
84 3274 428
3274 7142 428
7142 11581 428
2239 323 429
323 16681 429
16681 5845 429
5845 3706 429
3706 14493 429
14493 262 429
262 5322 429
5322 16553 429
16553 16097 429
16097 10418 429
10418 3396 429
3396 8313 429
8313 11832 429
11832 2088 429
2088 15202 429
15202 4683 429
5654 4632 430
4632 14786 430
14786 6163 430
6163 11454 430
11454 4704 430
4704 8700 430
8700 3614 430
3614 14922 430
14922 16312 430
16312 13442 430
13442 1695 430
1695 10007 430
10007 10139 430
10139 9760 430
9760 16047 430
16047 14200 430
6824 6124 431
6124 14226 431
14226 10492 431
10492 10019 431
10019 14867 431
14867 9192 431
9192 5867 431
5867 4627 431
4627 11362 431
11362 8635 431
8635 13005 431
13005 5845 431
5845 11172 431
11172 4023 431
4023 5443 431
5443 16825 431
16590 9826 432
9826 14780 432
14780 1266 432
1266 8915 432
8915 5409 432
5409 11222 432
11222 1027 432
1027 3075 432
3075 14973 432
14973 6440 432
6440 7691 432
7691 11604 432
11604 6037 432
6037 9154 432
9154 8096 432
8096 8210 432
8473 4298 433
4298 10868 433
10868 477 433
477 8134 433
8134 15733 433
15733 2881 433
2881 8507 433
8507 11737 433
11737 7166 433
7166 10439 433
10439 11503 433
11503 6765 433
6765 13278 433
13278 15767 433
15767 4516 433
4516 16410 433
6255 7964 434
7964 14863 434
14863 9339 434
9339 9985 434
9985 6416 434
6416 11259 434
11259 4242 434
4242 6812 434
6812 13188 434
13188 8863 434
8863 13418 434
13418 5549 434
5549 7000 434
7000 615 434
615 12667 434
12667 1747 434
12479 11044 435
11044 600 435
600 16177 435
16177 15873 435
15873 163 435
163 4558 435
4558 6445 435
6445 12454 435
12454 4941 435
4941 12013 435
12013 246 435
246 10881 435
10881 4681 435
4681 13800 435
13800 6417 435
6417 11015 435
16529 10487 436
10487 14870 436
14870 4715 436
4715 12303 436
12303 8337 436
8337 3566 436
3566 808 436
808 51 436
51 6232 436
6232 16710 436
16710 8588 436
8588 15682 436
15682 12046 436
12046 360 436
360 11179 436
11179 6459 436
14911 6294 437
6294 8450 437
8450 13672 437
13672 12072 437
12072 3818 437
3818 5115 437
5115 860 437
860 9451 437
9451 13674 437
13674 16814 437
16814 4868 437
4868 8244 437
8244 14023 437
14023 13070 437
13070 4423 437
4423 12224 437
5847 9164 438
9164 209 438
209 1912 438
1912 1665 438
1665 11994 438
11994 1006 438
1006 14942 438
14942 6272 438
6272 12488 438
12488 5012 438
5012 16439 438
16439 11770 438
11770 12004 438
12004 6998 438
6998 6465 438
6465 15958 438
4875 5060 439
5060 610 439
610 2583 439
2583 3106 439
3106 459 439
459 2729 439
2729 903 439
903 9735 439
9735 375 439
375 9527 439
9527 1843 439
1843 16640 439
16640 9595 439
9595 10034 439
10034 446 439
446 11814 439
2100 10492 440
10492 14980 440
14980 4241 440
4241 7994 440
7994 3336 440
3336 8628 440
8628 908 440
908 14077 440
14077 15640 440
15640 14139 440
14139 11536 440
11536 11533 440
11533 3215 440
3215 1611 440
1611 13997 440
13997 11019 440
7278 16327 441
16327 3722 441
3722 12429 441
12429 9020 441
9020 13006 441
13006 4714 441
4714 13230 441
13230 8685 441
8685 2512 441
2512 5156 441
5156 14837 441
14837 5130 441
5130 5005 441
5005 11991 441
11991 6947 441
6947 5652 441
256 1600 442
1600 10881 442
10881 14076 442
14076 5845 442
5845 9928 442
9928 15899 442
15899 2791 442
2791 12327 442
12327 4067 442
4067 2860 442
2860 2299 442
2299 8973 442
8973 8082 442
8082 13991 442
13991 10824 442
10824 1517 442
12067 16855 443
16855 10466 443
10466 12816 443
12816 2736 443
2736 9111 443
9111 15525 443
15525 3793 443
3793 7707 443
7707 1603 443
1603 5649 443
5649 15941 443
15941 2285 443
2285 5158 443
5158 7978 443
7978 2879 443
2879 16292 443
5451 1712 444
1712 14326 444
14326 14050 444
14050 15684 444
15684 3357 444
3357 7517 444
7517 1281 444
1281 8035 444
8035 14465 444
14465 8262 444
8262 7707 444
7707 15462 444
15462 16582 444
16582 8835 444
8835 5760 444
5760 7540 444
14649 11363 445
11363 12256 445
12256 10708 445
10708 3711 445
3711 15005 445
15005 11936 445
11936 6493 445
6493 12710 445
12710 9173 445
9173 14710 445
14710 10353 445
10353 16708 445
16708 721 445
721 692 445
692 10817 445
10817 15273 445
16591 2174 446
2174 13964 446
13964 4234 446
4234 11531 446
11531 13438 446
13438 4301 446
4301 10946 446
10946 13430 446
13430 15173 446
15173 14000 446
14000 15303 446
15303 12347 446
12347 10622 446
10622 1010 446
1010 6760 446
6760 9044 446
3118 9877 447
9877 3352 447
3352 12968 447
12968 2599 447
2599 1141 447
1141 888 447
888 612 447
612 4370 447
4370 2092 447
2092 4140 447
4140 15558 447
15558 3692 447
3692 2510 447
2510 13627 447
13627 5513 447
5513 5203 447
6816 7930 448
7930 2699 448
2699 9061 448
9061 11549 448
11549 13763 448
13763 4177 448
4177 1247 448
1247 217 448
217 483 448
483 5897 448
5897 7801 448
7801 9909 448
9909 15118 448
15118 16314 448
16314 4043 448
4043 12241 448
5916 13302 449
13302 6814 449
6814 6063 449
6063 29 449
29 15801 449
15801 12228 449
12228 6402 449
6402 10108 449
10108 8937 449
8937 15104 449
15104 1995 449
1995 12478 449
12478 284 449
284 4746 449
4746 3966 449
3966 9185 449
7082 7678 450
7678 12347 450
12347 1304 450
1304 5429 450
5429 7012 450
7012 16613 450
16613 8023 450
8023 10449 450
10449 12216 450
12216 13852 450
13852 14829 450
14829 15274 450
15274 6569 450
6569 2948 450
2948 10122 450
10122 9862 450
15674 8464 451
8464 6407 451
6407 8695 451
8695 16466 451
16466 6359 451
6359 7181 451
7181 6604 451
6604 4828 451
4828 12440 451
12440 11656 451
11656 5046 451
5046 12723 451
12723 10925 451
10925 6429 451
6429 10290 451
10290 888 451
4378 7316 452
7316 12675 452
12675 4123 452
4123 7746 452
7746 11905 452
11905 13850 452
13850 16956 452
16956 5400 452
5400 12220 452
12220 4540 452
4540 10739 452
10739 5637 452
5637 12789 452
12789 2140 452
2140 315 452
315 14780 452
15960 12558 453
12558 8432 453
8432 14269 453
14269 6118 453
6118 9954 453
9954 2111 453
2111 2390 453
2390 4693 453
4693 13508 453
13508 1407 453
1407 140 453
140 9308 453
9308 14409 453
14409 16475 453
16475 4826 453
4826 1531 453
7884 7046 454
7046 4287 454
4287 8666 454
8666 3338 454
3338 12482 454
12482 16693 454
16693 1416 454
1416 5085 454
5085 8073 454
8073 12756 454
12756 6702 454
6702 12241 454
12241 15889 454
15889 3218 454
3218 3812 454
3812 12284 454
15973 15772 455
15772 7859 455
7859 1420 455
1420 6472 455
6472 6891 455
6891 15896 455
15896 1496 455
1496 11763 455
11763 9670 455
9670 4813 455
4813 10663 455
10663 13634 455
13634 1460 455
1460 15760 455
15760 6729 455
6729 258 455
4212 5577 456
5577 1008 456
1008 13378 456
13378 631 456
631 11060 456
11060 3872 456
3872 3946 456
3946 706 456
706 8049 456
8049 2256 456
2256 212 456
212 11702 456
11702 12845 456
12845 13645 456
13645 8253 456
8253 11248 456
12795 8706 457
8706 12394 457
12394 16181 457
16181 14751 457
14751 4634 457
4634 5386 457
5386 12916 457
12916 2218 457
2218 9814 457
9814 4113 457
4113 3323 457
3323 9636 457
9636 7419 457
7419 16304 457
16304 7580 457
7580 5866 457
12378 2529 458
2529 6961 458
6961 7271 458
7271 1426 458
1426 15013 458
15013 7096 458
7096 14498 458
14498 4314 458
4314 10231 458
10231 12277 458
12277 10371 458
10371 12692 458
12692 13488 458
13488 1698 458
1698 931 458
931 10959 458
548 3513 459
3513 14788 459
14788 12471 459
12471 14469 459
14469 15301 459
15301 7379 459
7379 4853 459
4853 16733 459
16733 97 459
97 5802 459
5802 7196 459
7196 6310 459
6310 1071 459
1071 3015 459
3015 15573 459
15573 5401 459
16013 1071 460
1071 8048 460
8048 11599 460
11599 8567 460
8567 6435 460
6435 15195 460
15195 3484 460
3484 12232 460
12232 1053 460
1053 6288 460
6288 15204 460
15204 4859 460
4859 7792 460
7792 11403 460
11403 8465 460
8465 13510 460
12500 10614 461
10614 16573 461
16573 14942 461
14942 2350 461
2350 2574 461
2574 2840 461
2840 12251 461
12251 14632 461
14632 5673 461
5673 12562 461
12562 3778 461
3778 5064 461
5064 1590 461
1590 9096 461
9096 5991 461
5991 153 461
9778 3745 462
3745 6518 462
6518 2253 462
2253 142 462
142 8677 462
8677 14007 462
14007 14309 462
14309 12439 462
12439 9549 462
9549 11080 462
11080 16241 462
16241 15503 462
15503 535 462
535 8888 462
8888 7710 462
7710 5756 462
3884 5933 463
5933 2935 463
2935 8979 463
8979 15791 463
15791 16204 463
16204 10989 463
10989 6681 463
6681 8899 463
8899 12984 463
12984 10374 463
10374 16045 463
16045 13641 463
13641 16369 463
16369 5369 463
5369 13998 463
13998 3652 463
5730 7236 464
7236 15478 464
15478 16922 464
16922 6314 464
6314 3345 464
3345 2270 464
2270 6927 464
6927 14343 464
14343 15174 464
15174 7375 464
7375 8227 464
8227 9119 464
9119 5851 464
5851 5892 464
5892 5958 464
5958 5865 464
15442 4062 465
4062 13184 465
13184 3075 465
3075 10555 465
10555 12967 465
12967 15405 465
15405 709 465
709 2936 465
2936 6971 465
6971 13047 465
13047 1279 465
1279 5067 465
5067 13212 465
13212 14730 465
14730 1154 465
1154 7731 465
8174 11808 466
11808 6332 466
6332 399 466
399 839 466
839 9093 466
9093 13605 466
13605 9155 466
9155 2553 466
2553 13360 466
13360 8582 466
8582 3536 466
3536 14335 466
14335 10013 466
10013 6181 466
6181 4105 466
4105 15268 466
15714 10182 467
10182 13616 467
13616 5557 467
5557 7870 467
7870 12548 467
12548 12864 467
12864 3929 467
3929 8427 467
8427 6626 467
6626 3729 467
3729 14812 467
14812 7941 467
7941 1019 467
1019 6514 467
6514 11070 467
11070 7641 467
4207 16006 468
16006 1247 468
1247 4431 468
4431 6892 468
6892 12752 468
12752 5081 468
5081 13304 468
13304 8103 468
8103 16658 468
16658 1627 468
1627 16953 468
16953 4177 468
4177 12186 468
12186 4381 468
4381 7364 468
7364 15093 468
3724 6305 469
6305 7971 469
7971 7262 469
7262 1229 469
1229 1364 469
1364 11342 469
11342 8835 469
8835 3064 469
3064 3145 469
3145 8306 469
8306 16847 469
16847 9414 469
9414 13738 469
13738 2440 469
2440 10584 469
10584 15649 469
12093 16143 470
16143 15911 470
15911 15454 470
15454 11486 470
11486 11563 470
11563 298 470
298 7350 470
7350 3150 470
3150 11874 470
11874 14728 470
14728 10426 470
10426 4298 470
4298 1774 470
1774 10979 470
10979 16317 470
16317 11853 470
6552 2799 471
2799 14998 471
14998 802 471
802 14720 471
14720 2265 471
2265 9907 471
9907 10968 471
10968 12997 471
12997 854 471
854 3684 471
3684 16679 471
16679 14529 471
14529 13994 471
13994 2009 471
2009 7497 471
7497 996 471
8731 7459 472
7459 1185 472
1185 13523 472
13523 10035 472
10035 11932 472
11932 4511 472
4511 16463 472
16463 2721 472
2721 15568 472
15568 16739 472
16739 14651 472
14651 3081 472
3081 15633 472
15633 14185 472
14185 6568 472
6568 3785 472
6507 12266 473
12266 7602 473
7602 9618 473
9618 13925 473
13925 5937 473
5937 5091 473
5091 16218 473
16218 15091 473
15091 9292 473
9292 16610 473
16610 3243 473
3243 1419 473
1419 813 473
813 9374 473
9374 7898 473
7898 5377 473
3710 12482 474
12482 4825 474
4825 4129 474
4129 7088 474
7088 7123 474
7123 8214 474
8214 11816 474
11816 14295 474
14295 1306 474
1306 9365 474
9365 7838 474
7838 13106 474
13106 10053 474
10053 5945 474
5945 15008 474
15008 11726 474
12027 14454 475
14454 13669 475
13669 8831 475
8831 3796 475
3796 16680 475
16680 2343 475
2343 8659 475
8659 6632 475
6632 2907 475
2907 12348 475
12348 1333 475
1333 7583 475
7583 6667 475
6667 16814 475
16814 6716 475
6716 15991 475
6844 12179 476
12179 8280 476
8280 11992 476
11992 11840 476
11840 13189 476
13189 12841 476
12841 9439 476
9439 4420 476
4420 4790 476
4790 1551 476
1551 9197 476
9197 128 476
128 15392 476
15392 9140 476
9140 5060 476
5060 9456 476
3823 2301 477
2301 3646 477
3646 149 477
149 12936 477
12936 406 477
406 6446 477
6446 15794 477
15794 2357 477
2357 5553 477
5553 9760 477
9760 11549 477
11549 15054 477
15054 5584 477
5584 2259 477
2259 15974 477
15974 2954 477
16070 3075 478
3075 6001 478
6001 717 478
717 4396 478
4396 4747 478
4747 10139 478
10139 14727 478
14727 15911 478
15911 13077 478
13077 11370 478
11370 8153 478
8153 5885 478
5885 13279 478
13279 7577 478
7577 4678 478
4678 14896 478
8511 11800 479
11800 883 479
883 15525 479
15525 6053 479
6053 2746 479
2746 6146 479
6146 5138 479
5138 9001 479
9001 13091 479
13091 7707 479
7707 9930 479
9930 7312 479
7312 3346 479
3346 9146 479
9146 375 479
375 9629 479
6467 15798 480
15798 1104 480
1104 16872 480
16872 13549 480
13549 8759 480
8759 6090 480
6090 15487 480
15487 14264 480
14264 14220 480
14220 5047 480
5047 16775 480
16775 11346 480
11346 11603 480
11603 5248 480
5248 12348 480
12348 1184 480
1906 14048 481
14048 6153 481
6153 13386 481
13386 579 481
579 9032 481
9032 8029 481
8029 169 481
169 13769 481
13769 11213 481
11213 4370 481
4370 10785 481
10785 13047 481
13047 11701 481
11701 1464 481
1464 16050 481
16050 3980 481
2597 12197 482
12197 11527 482
11527 5534 482
5534 7177 482
7177 9460 482
9460 13425 482
13425 10642 482
10642 14145 482
14145 15130 482
15130 1712 482
1712 8813 482
8813 14587 482
14587 12021 482
12021 8703 482
8703 6881 482
6881 6006 482
4946 12057 483
12057 6214 483
6214 852 483
852 13754 483
13754 13338 483
13338 8821 483
8821 14886 483
14886 3424 483
3424 13292 483
13292 15765 483
15765 1227 483
1227 15424 483
15424 9237 483
9237 13049 483
13049 266 483
266 14659 483
4716 935 484
935 8047 484
8047 8046 484
8046 8420 484
8420 11472 484
11472 6701 484
6701 7097 484
7097 16950 484
16950 5583 484
5583 16372 484
16372 778 484
778 14531 484
14531 13159 484
13159 4930 484
4930 8492 484
8492 8226 484
1242 14004 485
14004 13373 485
13373 5946 485
5946 4948 485
4948 1068 485
1068 11315 485
11315 6259 485
6259 12802 485
12802 999 485
999 9805 485
9805 12573 485
12573 1790 485
1790 16676 485
16676 7860 485
7860 13148 485
13148 5652 485
7401 16787 486
16787 6262 486
6262 10385 486
10385 14200 486
14200 12110 486
12110 8076 486
8076 14606 486
14606 8789 486
8789 13883 486
13883 5520 486
5520 6508 486
6508 4681 486
4681 6836 486
6836 16123 486
16123 5451 486
5451 7505 486
13135 13381 487
13381 10511 487
10511 16716 487
16716 14490 487
14490 1882 487
1882 2918 487
2918 12890 487
12890 8363 487
8363 11532 487
11532 5610 487
5610 12009 487
12009 14693 487
14693 8468 487
8468 15862 487
15862 63 487
63 15033 487
8063 7575 488
7575 4938 488
4938 8421 488
8421 5163 488
5163 6534 488
6534 9234 488
9234 16474 488
16474 8754 488
8754 16320 488
16320 13824 488
13824 1616 488
1616 12177 488
12177 6395 488
6395 12739 488
12739 9621 488
9621 4764 488
2260 3858 489
3858 6753 489
6753 67 489
67 15087 489
15087 3351 489
3351 6076 489
6076 14754 489
14754 1712 489
1712 6886 489
6886 6004 489
6004 4950 489
4950 2391 489
2391 2596 489
2596 328 489
328 1552 489
1552 9626 489
11871 11876 490
11876 2802 490
2802 13355 490
13355 16659 490
16659 16371 490
16371 1401 490
1401 6350 490
6350 10626 490
10626 7273 490
7273 16580 490
16580 4330 490
4330 5704 490
5704 16167 490
16167 1028 490
1028 6736 490
6736 5339 490
7252 12569 491
12569 5503 491
5503 2039 491
2039 5766 491
5766 5999 491
5999 11519 491
11519 8035 491
8035 16830 491
16830 8758 491
8758 4977 491
4977 15449 491
15449 4646 491
4646 16380 491
16380 798 491
798 10042 491
10042 4751 491
16787 15988 492
15988 786 492
786 10274 492
10274 15110 492
15110 4641 492
4641 10485 492
10485 2321 492
2321 11040 492
11040 16917 492
16917 10103 492
10103 11317 492
11317 14814 492
14814 6335 492
6335 5587 492
5587 15512 492
15512 14057 492
2465 9170 493
9170 1367 493
1367 10163 493
10163 9380 493
9380 12972 493
12972 236 493
236 5462 493
5462 2097 493
2097 5666 493
5666 14909 493
14909 8779 493
8779 4680 493
4680 2706 493
2706 363 493
363 8336 493
8336 4541 493
13972 12220 494
12220 1877 494
1877 8906 494
8906 9495 494
9495 14107 494
14107 12532 494
12532 2890 494
2890 12741 494
12741 13380 494
13380 16088 494
16088 3602 494
3602 13202 494
13202 15446 494
15446 6356 494
6356 10239 494
10239 1080 494
10132 16986 495
16986 14458 495
14458 5175 495
5175 8513 495
8513 14601 495
14601 3914 495
3914 5086 495
5086 14397 495
14397 9298 495
9298 11565 495
11565 10821 495
10821 1290 495
1290 8748 495
8748 10014 495
10014 12308 495
12308 15498 495
12829 14739 496
14739 12176 496
12176 13339 496
13339 931 496
931 11293 496
11293 7902 496
7902 16079 496
16079 7318 496
7318 12535 496
12535 1063 496
1063 15383 496
15383 13945 496
13945 13453 496
13453 3750 496
3750 7876 496
7876 3625 496
2463 8036 497
8036 13283 497
13283 5634 497
5634 3916 497
3916 10988 497
10988 2100 497
2100 9935 497
9935 10140 497
10140 15700 497
15700 13341 497
13341 9700 497
9700 8654 497
8654 8725 497
8725 10293 497
10293 15325 497
15325 14867 497
10278 4227 498
4227 4428 498
4428 15985 498
15985 4531 498
4531 6897 498
6897 14103 498
14103 13283 498
13283 8069 498
8069 9052 498
9052 2477 498
2477 2643 498
2643 12160 498
12160 3244 498
3244 5046 498
5046 11369 498
11369 2365 498
6056 3298 499
3298 16187 499
16187 5334 499
5334 3023 499
3023 11743 499
11743 7012 499
7012 7704 499
7704 1002 499
1002 6487 499
6487 7118 499
7118 5716 499
5716 1562 499
1562 14264 499
14264 4668 499
4668 2785 499
2785 4947 499
3572 16651 500
16651 4250 500
4250 4410 500
4410 9047 500
9047 143 500
143 3956 500
3956 12427 500
12427 1666 500
1666 1421 500
1421 10597 500
10597 5761 500
5761 5334 500
5334 9711 500
9711 6686 500
6686 344 500
344 13625 500
5593 2938 501
2938 1634 501
1634 9118 501
9118 3985 501
3985 15165 501
15165 5167 501
5167 16732 501
16732 2576 501
2576 16382 501
16382 1761 501
1761 7618 501
7618 16825 501
16825 8202 501
8202 16042 501
16042 15234 501
15234 12010 501
7132 8135 502
8135 16696 502
16696 6904 502
6904 12808 502
12808 10642 502
10642 117 502
117 16807 502
16807 12371 502
12371 12069 502
12069 11487 502
11487 14319 502
14319 7691 502
7691 13256 502
13256 15355 502
15355 3550 502
3550 7442 502
8767 296 503
296 16414 503
16414 5835 503
5835 19 503
19 13087 503
13087 11984 503
11984 4015 503
4015 11528 503
11528 16226 503
16226 1114 503
1114 16786 503
16786 13529 503
13529 4951 503
4951 8853 503
8853 9628 503
9628 5040 503
5326 6385 504
6385 14936 504
14936 6313 504
6313 2523 504
2523 10462 504
10462 14006 504
14006 3740 504
3740 12743 504
12743 9777 504
9777 8765 504
8765 8749 504
8749 1418 504
1418 1322 504
1322 4056 504
4056 14634 504
14634 3592 504
11057 5174 505
5174 8624 505
8624 16261 505
16261 12435 505
12435 2038 505
2038 10825 505
10825 6654 505
6654 14483 505
14483 2010 505
2010 15220 505
15220 12995 505
12995 9874 505
9874 5537 505
5537 1700 505
1700 4354 505
4354 13782 505
14055 13482 506
13482 5588 506
5588 15063 506
15063 514 506
514 1453 506
1453 14599 506
14599 1448 506
1448 11592 506
11592 9431 506
9431 5471 506
5471 3184 506
3184 11871 506
11871 15284 506
15284 13377 506
13377 11935 506
11935 7271 506
6290 2220 507
2220 9917 507
9917 358 507
358 13144 507
13144 2833 507
2833 11643 507
11643 8224 507
8224 6288 507
6288 7770 507
7770 1083 507
1083 6397 507
6397 2862 507
2862 15174 507
15174 15855 507
15855 13470 507
13470 7946 507
5549 14541 508
14541 7827 508
7827 2938 508
2938 2206 508
2206 2685 508
2685 4068 508
4068 7922 508
7922 13423 508
13423 1657 508
1657 7909 508
7909 13799 508
13799 1070 508
1070 848 508
848 9614 508
9614 15628 508
15628 11233 508
16695 10706 509
10706 15716 509
15716 9740 509
9740 6191 509
6191 1846 509
1846 9343 509
9343 10340 509
10340 10009 509
10009 8829 509
8829 11373 509
11373 295 509
295 10430 509
10430 11757 509
11757 10204 509
10204 2611 509
2611 9395 509
2224 1903 510
1903 6145 510
6145 13660 510
13660 9571 510
9571 6699 510
6699 2355 510
2355 6446 510
6446 5390 510
5390 15638 510
15638 5271 510
5271 15852 510
15852 1677 510
1677 7573 510
7573 1233 510
1233 2229 510
2229 11464 510
13431 12043 511
12043 11617 511
11617 13372 511
13372 1906 511
1906 13915 511
13915 8882 511
8882 9468 511
9468 3866 511
3866 14023 511
14023 14524 511
14524 15916 511
15916 14971 511
14971 14092 511
14092 6638 511
6638 973 511
973 5412 511
171 14049 512
14049 12833 512
12833 4897 512
4897 10413 512
10413 10373 512
10373 15749 512
15749 7358 512
7358 12495 512
12495 3667 512
3667 10112 512
10112 5639 512
5639 6294 512
6294 14673 512
14673 1758 512
1758 4862 512
4862 14348 512
3763 15845 513
15845 12657 513
12657 8109 513
8109 8679 513
8679 3417 513
3417 11568 513
11568 15381 513
15381 4896 513
4896 11083 513
11083 5073 513
5073 631 513
631 59 513
59 1316 513
1316 5293 513
5293 2809 513
2809 7388 513
13846 495 514
495 6329 514
6329 9349 514
9349 9762 514
9762 1481 514
1481 16701 514
16701 16501 514
16501 10195 514
10195 4372 514
4372 7188 514
7188 15713 514
15713 13397 514
13397 82 514
82 1768 514
1768 10518 514
10518 13739 514
7133 10484 515
10484 15671 515
15671 16466 515
16466 16140 515
16140 6718 515
6718 11289 515
11289 9890 515
9890 2220 515
2220 2849 515
2849 10068 515
10068 15826 515
15826 10179 515
10179 681 515
681 6887 515
6887 12324 515
12324 15841 515
15450 6923 516
6923 9149 516
9149 5994 516
5994 5079 516
5079 12595 516
12595 3554 516
3554 12941 516
12941 706 516
706 15292 516
15292 10444 516
10444 15909 516
15909 9746 516
9746 16251 516
16251 5613 516
5613 3953 516
3953 3437 516
2596 13910 517
13910 7373 517
7373 2143 517
2143 8266 517
8266 10759 517
10759 965 517
965 9292 517
9292 9398 517
9398 16509 517
16509 12691 517
12691 13244 517
13244 11963 517
11963 12853 517
12853 3229 517
3229 7334 517
7334 13674 517
13480 2121 518
2121 11308 518
11308 503 518
503 11616 518
11616 3477 518
3477 16725 518
16725 3801 518
3801 8874 518
8874 11446 518
11446 15261 518
15261 14877 518
14877 986 518
986 9251 518
9251 12004 518
12004 2270 518
2270 9800 518
15210 16979 519
16979 11582 519
11582 3528 519
3528 9143 519
9143 13058 519
13058 4527 519
4527 10711 519
10711 12917 519
12917 7503 519
7503 6472 519
6472 3485 519
3485 5385 519
5385 6344 519
6344 1858 519
1858 6187 519
6187 11926 519
6453 11970 520
11970 12120 520
12120 9873 520
9873 3485 520
3485 2840 520
2840 5122 520
5122 12900 520
12900 11100 520
11100 1354 520
1354 8164 520
8164 6319 520
6319 3405 520
3405 9300 520
9300 16649 520
16649 2670 520
2670 10991 520
4209 8240 521
8240 4191 521
4191 6216 521
6216 12773 521
12773 14958 521
14958 9495 521
9495 2721 521
2721 3119 521
3119 8140 521
8140 3453 521
3453 2761 521
2761 1921 521
1921 5208 521
5208 415 521
415 8851 521
8851 13417 521
11246 8485 522
8485 12203 522
12203 1454 522
1454 15501 522
15501 15784 522
15784 12363 522
12363 10135 522
10135 10251 522
10251 14626 522
14626 9808 522
9808 5344 522
5344 4746 522
4746 7996 522
7996 5378 522
5378 2925 522
2925 9524 522
8045 3350 523
3350 16512 523
16512 7063 523
7063 14153 523
14153 8303 523
8303 1827 523
1827 14556 523
14556 3855 523
3855 8169 523
8169 12595 523
12595 5121 523
5121 4365 523
4365 1189 523
1189 6671 523
6671 272 523
272 1710 523
15822 9555 524
9555 12302 524
12302 9854 524
9854 14889 524
14889 569 524
569 16960 524
16960 9726 524
9726 13912 524
13912 6869 524
6869 7471 524
7471 1082 524
1082 11492 524
11492 12602 524
12602 13717 524
13717 8117 524
8117 3064 524
13738 15553 525
15553 4234 525
4234 10250 525
10250 15117 525
15117 1543 525
1543 14075 525
14075 679 525
679 9122 525
9122 2378 525
2378 6206 525
6206 410 525
410 5113 525
5113 10646 525
10646 9470 525
9470 3427 525
3427 4956 525
15971 6339 526
6339 2719 526
2719 1863 526
1863 8418 526
8418 6651 526
6651 1608 526
1608 3345 526
3345 10358 526
10358 14245 526
14245 16257 526
16257 6437 526
6437 13121 526
13121 4078 526
4078 3216 526
3216 13172 526
13172 3832 526
13228 2215 527
2215 2125 527
2125 3804 527
3804 13715 527
13715 4604 527
4604 15084 527
15084 1006 527
1006 735 527
735 2735 527
2735 6233 527
6233 15986 527
15986 1855 527
1855 15226 527
15226 6348 527
6348 15374 527
15374 15023 527
9374 13840 528
13840 14146 528
14146 6407 528
6407 5920 528
5920 10184 528
10184 13562 528
13562 16566 528
16566 1110 528
1110 8394 528
8394 13520 528
13520 6379 528
6379 10003 528
10003 9475 528
9475 11801 528
11801 4146 528
4146 2020 528
405 11039 529
11039 2975 529
2975 3298 529
3298 10800 529
10800 10041 529
10041 238 529
238 12024 529
12024 3576 529
3576 313 529
313 2073 529
2073 7406 529
7406 5303 529
5303 4710 529
4710 6342 529
6342 13218 529
13218 2911 529
9473 5049 530
5049 12124 530
12124 8001 530
8001 7529 530
7529 12020 530
12020 1135 530
1135 7101 530
7101 2912 530
2912 12338 530
12338 9355 530
9355 6706 530
6706 9837 530
9837 13917 530
13917 11911 530
11911 5217 530
5217 4941 530
16815 5473 531
5473 6855 531
6855 13121 531
13121 11033 531
11033 10066 531
10066 13108 531
13108 705 531
705 2000 531
2000 3572 531
3572 10225 531
10225 11592 531
11592 1658 531
1658 13284 531
13284 6525 531
6525 10897 531
10897 16292 531
1213 8721 532
8721 16580 532
16580 4684 532
4684 10165 532
10165 14902 532
14902 10403 532
10403 3305 532
3305 15843 532
15843 2912 532
2912 7030 532
7030 6491 532
6491 15086 532
15086 6025 532
6025 1080 532
1080 10586 532
10586 13440 532
14138 16773 533
16773 5224 533
5224 1256 533
1256 11861 533
11861 5874 533
5874 15386 533
15386 16162 533
16162 16073 533
16073 3592 533
3592 11577 533
11577 1173 533
1173 484 533
484 16916 533
16916 15448 533
15448 3816 533
3816 11394 533
10692 10739 534
10739 11290 534
11290 968 534
968 4073 534
4073 1685 534
1685 16827 534
16827 13118 534
13118 13339 534
13339 5991 534
5991 11735 534
11735 8498 534
8498 1997 534
1997 14077 534
14077 11948 534
11948 2147 534
2147 16794 534
8420 3184 535
3184 11192 535
11192 14460 535
14460 13456 535
13456 14276 535
14276 13554 535
13554 10999 535
10999 3123 535
3123 9836 535
9836 16383 535
16383 3732 535
3732 1179 535
1179 11502 535
11502 3690 535
3690 14172 535
14172 6219 535
13411 8042 536
8042 1687 536
1687 7985 536
7985 1390 536
1390 12454 536
12454 1106 536
1106 3040 536
3040 7304 536
7304 8196 536
8196 2205 536
2205 7029 536
7029 5921 536
5921 7001 536
7001 13663 536
13663 192 536
192 13512 536
4047 15259 537
15259 1791 537
1791 437 537
437 15925 537
15925 3626 537
3626 6133 537
6133 4267 537
4267 9070 537
9070 5630 537
5630 6668 537
6668 6513 537
6513 2491 537
2491 573 537
573 2319 537
2319 13233 537
13233 4018 537
4795 1789 538
1789 3256 538
3256 16089 538
16089 7090 538
7090 13839 538
13839 16837 538
16837 16201 538
16201 14278 538
14278 3252 538
3252 1794 538
1794 14027 538
14027 6412 538
6412 7287 538
7287 7109 538
7109 9852 538
9852 6916 538
12253 557 539
557 4011 539
4011 12328 539
12328 13507 539
13507 11462 539
11462 16351 539
16351 2305 539
2305 5323 539
5323 2926 539
2926 7355 539
7355 4617 539
4617 16360 539
16360 16685 539
16685 2906 539
2906 16213 539
16213 11038 539
9643 7254 540
7254 12876 540
12876 8117 540
8117 12202 540
12202 11546 540
11546 3599 540
3599 15503 540
15503 14855 540
14855 1758 540
1758 11227 540
11227 11768 540
11768 4099 540
4099 6281 540
6281 13667 540
13667 3253 540
3253 5166 540
6739 12452 541
12452 10985 541
10985 155 541
155 9751 541
9751 2212 541
2212 4095 541
4095 7647 541
7647 4056 541
4056 10406 541
10406 6574 541
6574 33 541
33 16318 541
16318 11903 541
11903 6878 541
6878 13474 541
13474 8339 541
2428 8654 542
8654 806 542
806 10929 542
10929 6725 542
6725 6445 542
6445 5435 542
5435 13960 542
13960 8863 542
8863 2836 542
2836 15364 542
15364 13223 542
13223 7406 542
7406 16323 542
16323 3738 542
3738 10764 542
10764 1797 542
5577 9555 543
9555 11579 543
11579 14854 543
14854 10296 543
10296 3002 543
3002 555 543
555 16339 543
16339 3192 543
3192 10256 543
10256 13268 543
13268 5340 543
5340 13277 543
13277 4409 543
4409 6929 543
6929 1858 543
1858 44 543
14082 6131 544
6131 4872 544
4872 15672 544
15672 10408 544
10408 16940 544
16940 2900 544
2900 3245 544
3245 1974 544
1974 347 544
347 9947 544
9947 6175 544
6175 1229 544
1229 10231 544
10231 2411 544
2411 6254 544
6254 3947 544
9974 404 545
404 16684 545
16684 11470 545
11470 4266 545
4266 7034 545
7034 16291 545
16291 15997 545
15997 1177 545
1177 16341 545
16341 15881 545
15881 7726 545
7726 1096 545
1096 14205 545
14205 9857 545
9857 9679 545
9679 57 545
16522 6494 546
6494 11831 546
11831 11313 546
11313 4826 546
4826 10487 546
10487 13401 546
13401 631 546
631 1652 546
1652 16952 546
16952 3273 546
3273 8165 546
8165 11143 546
11143 824 546
824 5481 546
5481 12626 546
12626 749 546
11552 1345 547
1345 9711 547
9711 6550 547
6550 5467 547
5467 16421 547
16421 7703 547
7703 332 547
332 13542 547
13542 11239 547
11239 8190 547
8190 12684 547
12684 3183 547
3183 4809 547
4809 4536 547
4536 9560 547
9560 11791 547
4372 8895 548
8895 1602 548
1602 9226 548
9226 10070 548
10070 14346 548
14346 557 548
557 11140 548
11140 911 548
911 12108 548
12108 6162 548
6162 7208 548
7208 9921 548
9921 13478 548
13478 6721 548
6721 7118 548
7118 1236 548
13248 14492 549
14492 8953 549
8953 13133 549
13133 11144 549
11144 1416 549
1416 5963 549
5963 360 549
360 10205 549
10205 11140 549
11140 2698 549
2698 10241 549
10241 10213 549
10213 8195 549
8195 9289 549
9289 10772 549
10772 14289 549
9065 7933 550
7933 4622 550
4622 7922 550
7922 12049 550
12049 14188 550
14188 624 550
624 13755 550
13755 8226 550
8226 11243 550
11243 3681 550
3681 4417 550
4417 12756 550
12756 10045 550
10045 5473 550
5473 1413 550
1413 11805 550
12905 16376 551
16376 16145 551
16145 800 551
800 13411 551
13411 11587 551
11587 4719 551
4719 3386 551
3386 1756 551
1756 14808 551
14808 3141 551
3141 4284 551
4284 14603 551
14603 10603 551
10603 16599 551
16599 2836 551
2836 14262 551
381 4058 552
4058 4057 552
4057 11655 552
11655 4733 552
4733 10578 552
10578 251 552
251 1112 552
1112 10496 552
10496 3365 552
3365 15709 552
15709 15836 552
15836 11124 552
11124 5999 552
5999 12678 552
12678 2733 552
2733 8529 552
6708 16812 553
16812 2677 553
2677 11603 553
11603 2038 553
2038 6424 553
6424 16265 553
16265 2704 553
2704 1970 553
1970 1226 553
1226 10557 553
10557 12944 553
12944 2203 553
2203 16048 553
16048 3414 553
3414 318 553
318 2758 553
5782 16275 554
16275 5965 554
5965 2848 554
2848 182 554
182 11569 554
11569 13526 554
13526 2954 554
2954 13820 554
13820 13959 554
13959 14753 554
14753 782 554
782 11203 554
11203 11178 554
11178 15331 554
15331 16690 554
16690 12468 554
16107 8676 555
8676 3086 555
3086 9137 555
9137 7765 555
7765 16225 555
16225 3959 555
3959 5846 555
5846 6241 555
6241 9352 555
9352 44 555
44 10122 555
10122 2893 555
2893 15146 555
15146 8943 555
8943 11103 555
11103 14102 555
10887 6271 556
6271 11290 556
11290 5478 556
5478 13277 556
13277 14818 556
14818 443 556
443 4248 556
4248 13701 556
13701 9010 556
9010 9737 556
9737 9294 556
9294 8381 556
8381 4575 556
4575 6531 556
6531 14246 556
14246 12672 556
12227 16614 557
16614 14744 557
14744 11827 557
11827 7584 557
7584 8933 557
8933 1947 557
1947 10832 557
10832 7477 557
7477 13978 557
13978 16129 557
16129 15384 557
15384 2022 557
2022 3558 557
3558 6172 557
6172 120 557
120 5688 557
5688 3227 557
3227 14762 557
14762 12570 557
12570 11408 557
11408 6283 557
6283 3517 557
3517 13790 557
13790 11273 557
11273 4016 557
4016 6719 557
6719 14045 557
14045 567 557
567 7069 557
7069 4910 557
4910 10098 557
10098 12979 557
12979 78 557
78 4307 557
4307 8974 557
8974 12919 557
12919 15308 557
15308 12907 557
12907 13905 557
13905 13558 557
13558 11188 557
11188 14719 557
14719 9536 557
9536 14398 557
14398 2967 557
2967 8565 557
8565 7831 557
7831 9314 557
9314 15294 557
15294 2892 557
2892 13811 557
13811 2420 557
2420 7219 557
7219 2351 557
2351 15034 557
15034 15990 557
15990 3403 557
3403 7752 557
7752 5488 557
5488 271 557
271 509 557
509 11986 557
11986 6612 557
6612 11600 557
11600 5207 557
5207 1145 557
1145 6413 557
6413 8167 557
8167 5539 557
5539 14625 557
14625 8387 557
8387 11426 557
11426 3066 557
3066 15295 557
15295 2019 557
2019 3849 557
3849 15043 557
15043 15695 557
15695 6655 557
6655 11664 557
11664 5901 557
5901 15484 557
15484 10634 557
10634 2702 557
2702 4481 557
4481 4133 557
4133 12605 557
12605 8960 557
8960 16264 557
16264 10468 557
10468 12611 557
12611 4442 557
4442 7387 557
7387 9172 557
9172 11781 557
11781 8370 557
8370 5107 557
5107 16237 557
16237 7247 557
7247 13986 557
13986 9783 557
9783 16281 557
16281 13447 557
13447 16534 557
16534 13116 557
13116 1631 557
1631 8316 557
8316 14707 557
14707 148 557
148 16244 557
16244 401 557
401 6358 557
6358 8527 557
8527 15618 557
15618 6770 557
6770 6758 557
6758 1313 557
1313 4620 557
4620 6624 557
6624 5848 557
5848 9133 557
9133 11584 557
11584 10986 557
10986 3140 557
3140 7246 557
7246 8431 557
8431 7016 557
7016 1735 557
1735 5375 557
5375 12538 557
12538 10556 557
10556 1766 557
1766 9287 557
9287 6422 557
6422 16103 557
16103 8927 557
8927 12766 557
12766 9150 557
9150 14345 557
14345 11404 557
11404 10762 557
10762 7666 557
7666 11824 557
11824 3294 557
3294 10658 557
10658 4940 557
4940 12822 557
12822 3278 557
3278 7423 557
7423 177 557
177 15094 557
15094 15737 557
15737 8478 557
8478 4400 557
4400 8012 557
8012 2320 557
2320 12584 557
12584 8962 557
8962 10383 557
10383 12123 557
12123 9302 557
9302 4319 557
4319 15017 557
15017 1158 557
1158 7438 557
7438 9043 557
9043 2613 557
2613 9117 557
9117 8559 557
8559 14805 557
14805 8708 557
8708 13112 557
13112 10254 557
10254 6713 557
6713 4777 557
4777 9255 557
9255 8734 557
8734 13385 557
13385 11749 557
11749 16148 557
16148 1497 557
1497 2084 557
2084 4823 557
4823 11098 557
11098 6988 557
6988 4184 557
4184 8673 557
8673 7307 557
7307 5372 557
5372 16537 557
16537 16480 557
16480 15774 557
15774 6161 557
6161 9012 557
9012 13740 557
13740 2878 557
2878 8028 557
8028 15329 557
15329 11792 557
11792 843 557
843 7454 557
7454 14647 557
14647 15363 557
15363 453 557
453 830 557
830 4850 557
4850 4923 557
4923 8439 557
8439 8322 557
8322 1461 557
1461 11453 557
11453 12896 557
12896 10061 557
10061 12171 557
12171 10452 557
10452 5529 557
5529 5411 557
5411 471 557
471 8534 557
8534 370 557
370 3469 557
3469 5698 557
5698 12097 557
12097 12852 557
12852 6994 557
6994 8902 557
8902 16433 557
16433 9452 557
9452 16040 557
16040 10704 557
10704 8264 557
8264 2137 557
2137 12516 557
12516 15248 557
15248 15865 557
15865 16487 557
16487 2146 557
2146 8178 557
8178 3986 557
3986 12398 557
12398 14195 557
14195 6789 557
6789 13036 557
13036 5967 557
5967 4246 557
4246 10849 557
10849 8291 557
8291 9512 557
9512 7008 557
7008 7581 557
7581 15342 557
15342 14291 557
14291 9263 557
9263 11802 557
11802 4158 557
4158 11666 557
11666 15608 557
15608 11946 557
11946 3102 557
3102 10497 557
10497 5397 557
5397 6170 557
6170 14026 557
14026 7138 557
7138 10531 557
10531 11898 557
11898 9144 557
9144 7663 557
7663 2389 557
2389 14308 557
14308 1259 557
1259 3035 557
3035 11537 557
11537 15257 557
15257 9645 557
9645 2096 557
2096 1220 557
1220 15921 557
15921 6628 557
6628 8148 557
8148 13267 557
13267 4387 557
4387 12185 557
12185 12863 557
12863 1443 557
1443 16712 557
16712 4181 557
4181 7847 557
7847 3022 557
3022 15723 557
15723 14948 557
14948 15189 557
15189 9134 557
9134 13141 557
13141 12746 557
12746 4430 557
4430 5779 557
5779 10714 557
10714 5572 557
5572 10591 557
10591 5545 557
5545 849 557
849 16903 557
16903 13275 557
13275 4820 557
4820 3296 557
3296 11927 557
11927 2448 557
2448 13683 557
13683 12091 557
12091 15183 557
15183 16056 557
16056 11957 557
11957 4451 557
4451 15829 557
15829 12987 557
12987 15411 557
15411 11281 557
11281 5014 557
5014 10071 557
10071 12276 557
12276 6138 557
6138 8497 557
8497 8064 557
8064 13911 557
13911 4510 557
4510 7357 557
7357 845 557
845 1075 557
1075 10185 557
10185 2242 557
2242 8883 557
8883 9151 557
9151 2136 557
2136 8705 557
8705 12807 557
12807 12607 557
12607 10386 557
10386 15115 557
15115 8742 557
8742 12690 557
12690 4602 557
4602 8982 557
8982 4933 557
4933 12219 557
12219 16437 557
16437 5928 557
5928 13899 557
13899 3965 557
3965 7146 557
7146 170 557
170 12111 557
12111 160 557
160 2281 557
2281 9465 557
9465 9058 557
9058 14779 557
14779 3480 557
3480 16556 557
16556 414 557
414 8553 557
8553 4837 557
4837 11683 557
11683 6952 557
6952 5406 557
5406 6229 557
6229 15480 557
15480 15198 557
15198 4199 557
4199 10267 557
10267 6973 557
6973 16415 557
16415 963 557
963 3110 557
3110 11983 557
11983 4459 557
4459 3627 557
3627 2998 557
2998 1737 557
1737 8282 557
8282 4985 557
4985 3344 557
3344 15757 557
15757 9781 557
9781 10733 557
10733 12663 557
12663 3091 557
3091 6064 557
6064 9113 557
9113 1945 557
1945 7790 557
7790 4773 557
4773 3820 557
3820 10264 557
10264 12825 557
12825 15957 557
15957 13575 557
13575 2422 557
2422 8547 557
8547 11295 557
11295 4185 557
4185 1976 557
1976 10730 557
10730 7475 557
7475 762 557
762 7418 557
7418 10008 557
10008 8518 557
8518 7944 557
7944 12485 557
12485 442 557
442 3640 557
3640 5399 557
5399 8661 557
8661 13837 557
13837 4076 557
4076 9091 557
9091 7240 557
7240 4841 557
4841 13130 557
13130 317 557
317 13192 557
13192 6945 557
6945 2123 557
2123 12991 557
12991 11925 557
11925 4742 557
4742 1095 557
1095 10220 557
10220 2383 557
2383 8983 557
8983 5366 557
5366 2765 557
2765 8772 557
8772 12695 557
12695 1740 557
1740 7780 557
7780 7649 557
7649 10011 557
10011 2649 557
2649 2376 557
2376 1993 557
1993 5009 557
5009 1363 557
1363 12868 557
12868 11391 557
11391 1471 557
1471 2110 557
2110 4547 557
4547 13263 557
13263 7747 557
7747 554 557
554 6738 557
6738 12023 557
12023 1265 557
1265 6885 557
6885 14617 557
14617 3095 557
3095 15643 557
15643 2961 557
2961 8102 557
8102 5218 557
5218 4563 557
4563 15219 557
15219 4106 557
4106 6306 557
6306 3133 557
3133 8017 557
8017 7127 557
7127 738 557
738 14787 557
14787 11931 557
11931 13903 557
13903 7854 557
7854 14741 557
14741 13180 557
13180 7810 557
7810 13511 557
13511 1805 557
1805 513 557
513 12576 557
12576 4443 557
4443 447 557
447 13395 557
13395 4745 557
4745 12713 557
12713 9756 557
9756 9332 557
9332 13968 557
13968 12415 557
12415 2399 557
2399 14124 557
14124 8566 557
8566 12291 557
12291 3642 557
3642 5439 557
5439 4830 557
4830 13290 557
13290 16186 557
16186 9469 557
9469 13539 557
13539 7284 557
7284 4551 557
4551 8920 557
8920 11014 557
11014 16368 557
16368 5195 557
5195 8110 557
8110 301 557
301 3493 557
3493 15012 557
15012 5563 557
5563 3138 557
3138 7207 557
7207 3896 557
3896 2531 557
2531 14537 557
14537 2099 557
2099 7555 557
7555 4302 557
4302 1826 557
1826 11890 557
11890 580 557
580 13455 557
13455 4 557
4 4565 557
4565 4596 557
4596 5355 557
5355 9652 557
9652 11952 557
11952 15052 557
15052 5285 557
5285 844 557
844 9306 557
9306 8675 557
8675 6795 557
6795 16065 557
16065 75 557
75 8913 557
8913 11110 557
11110 12391 557
12391 9975 557
9975 6772 557
6772 16168 557
16168 7015 557
7015 13221 557
13221 16622 557
16622 6047 557
6047 15231 557
15231 14558 557
14558 3444 557
3444 7277 557
7277 14222 557
14222 13137 557
13137 12608 557
12608 1440 557
1440 4385 557
4385 3277 557
3277 9440 557
9440 1467 557
1467 11297 557
11297 12246 557
12246 14085 557
14085 14977 557
14977 8682 557
8682 12508 557
12508 5021 557
5021 10944 557
10944 9812 557
9812 6192 557
6192 2774 557
2774 14865 557
14865 2249 557
2249 6834 557
6834 6588 557
6588 367 557
367 10159 557
10159 14551 557
14551 4407 557
4407 14325 557
14325 13619 557
13619 14111 557
14111 2432 557
2432 8751 557
8751 11132 557
11132 15692 557
15692 6346 557
6346 9259 557
9259 566 557
566 9791 557
9791 8664 557
8664 7998 557
7998 10033 557
10033 5591 557
5591 11713 557
11713 1198 557
1198 6458 557
6458 6861 557
6861 945 557
945 9686 557
9686 14504 557
14504 6575 557
6575 16578 557
16578 8907 557
8907 6098 557
6098 10219 557
10219 11170 557
11170 9845 557
9845 12526 557
12526 13637 557
13637 8205 557
8205 13828 557
13828 1452 557
1452 5812 557
5812 7275 557
7275 1343 557
1343 3056 557
3056 6139 557
6139 16526 557
16526 12527 557
12527 15402 557
15402 15948 557
15948 15824 557
15824 13271 557
13271 10411 557
10411 5740 557
5740 16347 557
16347 2037 557
2037 16947 557
16947 1312 557
1312 4285 557
4285 2441 557
2441 13054 557
13054 8398 557
8398 16757 557
16757 4019 557
4019 1883 557
1883 15401 557
15401 6061 557
6061 10380 557
10380 1893 557
1893 15872 557
15872 14574 557
14574 16946 557
16946 16874 557
16874 12571 557
12571 2543 557
2543 5511 557
5511 15068 557
15068 14094 557
14094 15022 557
15022 7305 557
7305 13892 557
13892 8445 557
8445 5551 557
5551 740 557
740 16067 557
16067 1003 557
1003 12458 557
12458 3615 557
3615 14244 557
14244 1638 557
1638 7380 557
7380 6109 557
6109 8018 557
8018 15613 557
15613 8293 557
8293 14539 557
14539 15081 557
15081 1528 557
1528 14940 557
14940 14575 557
14575 14547 557
14547 15481 557
15481 12083 557
12083 2605 557
2605 3454 557
3454 6737 557
6737 5132 557
5132 10130 557
10130 11412 557
11412 3413 557
3413 7730 557
7730 189 557
189 1511 557
1511 7816 557
7816 16909 557
16909 6822 557
6822 16247 557
16247 9450 557
9450 13363 557
13363 1013 557
1013 14459 557
14459 2356 557
2356 4718 557
4718 14155 557
14155 10018 557
10018 13973 557
13973 8104 557
8104 116 557
116 3680 557
3680 4117 557
4117 9324 557
9324 719 557
719 9606 557
9606 15629 557
15629 12698 557
12698 7969 557
7969 8075 557
8075 6910 557
6910 14838 557
14838 6722 557
6722 9490 557
9490 14288 557
14288 15322 557
15322 14025 557
14025 113 557
113 16607 557
16607 4752 557
4752 8278 557
8278 3911 557
3911 9662 557
9662 9025 557
9025 11141 557
11141 13064 557
13064 9005 557
9005 2985 557
2985 5640 557
5640 2244 557
2244 12086 557
12086 6464 557
6464 7993 557
7993 16117 557
16117 6963 557
6963 8564 557
8564 14104 557
14104 15441 557
15441 9798 557
9798 13698 557
13698 8678 557
8678 739 557
739 6257 557
6257 15543 557
15543 13697 557
13697 11729 557
11729 621 557
621 16193 557
16193 15139 557
15139 3416 557
3416 1113 557
1113 3331 557
3331 12771 557
12771 6536 557
6536 8893 557
8893 10918 557
10918 7531 557
7531 5289 557
5289 16799 557
16799 1594 557
1594 13398 557
13398 13571 557
13571 1300 557
1300 3212 557
3212 382 557
382 4701 557
4701 2442 557
2442 16931 557
16931 10717 557
10717 9953 557
9953 12961 557
12961 4236 557
4236 5466 557
5466 16280 557
16280 2939 557
2939 12496 557
12496 13102 557
13102 6610 557
6610 16099 557
16099 16444 557
16444 9048 557
9048 7023 557
7023 16943 557
16943 954 557
954 8563 557
8563 14061 557
14061 8855 557
8855 8225 557
8225 4328 557
4328 4109 557
4109 16824 557
16824 12681 557
12681 5249 557
5249 9532 557
9532 9180 557
9180 6977 557
6977 15720 557
15720 3062 557
3062 5512 557
5512 8213 557
8213 4124 557
4124 13937 557
13937 9049 557
9049 2509 557
2509 6168 557
6168 9108 557
9108 4482 557
4482 15655 557
15655 14523 557
14523 16147 557
16147 915 557
915 15335 557
15335 2688 557
2688 4703 557
4703 6224 557
6224 7734 557
7734 10157 557
10157 260 557
260 13695 557
13695 4125 557
4125 16800 557
16800 7845 557
7845 16713 557
16713 15431 557
15431 16406 557
16406 7433 557
7433 5053 557
5053 16780 557
16780 2455 557
2455 4274 557
4274 7193 557
7193 6312 557
6312 2181 557
2181 8267 557
8267 2055 557
2055 329 557
329 10738 557
10738 7549 557
7549 8484 557
8484 15031 557
15031 4728 557
4728 11583 557
11583 3582 557
3582 9485 557
9485 12494 557
12494 13926 557
13926 2941 557
2941 3303 557
3303 8054 557
8054 2015 557
2015 12513 557
12513 5861 557
5861 4104 557
4104 10644 557
10644 11420 557
11420 14785 557
14785 967 557
967 7055 557
7055 13000 557
13000 6394 557
6394 3821 557
3821 11774 557
11774 4399 557
4399 15182 557
15182 11933 557
11933 9719 557
9719 8152 557
8152 12107 557
12107 2196 557
2196 2406 557
2406 699 557
699 8761 557
8761 11056 557
11056 11895 557
11895 12342 557
12342 982 557
982 9701 557
9701 6670 557
6670 13115 557
13115 9230 557
9230 6296 557
6296 12206 557
12206 10160 557
10160 9784 557
9784 14252 557
14252 2246 557
2246 16868 557
16868 5813 557
5813 15650 557
15650 16136 557
16136 16498 557
16498 9581 557
9581 4662 557
4662 13249 557
13249 15459 557
15459 11893 557
11893 5789 557
5789 16358 557
16358 11332 557
11332 2276 557
2276 2754 557
2754 7953 557
7953 3467 557
3467 5960 557
5960 26 557
26 13859 557
13859 5284 557
5284 16559 557
16559 13383 557
13383 11306 557
11306 13156 557
13156 8060 557
8060 10780 557
10780 14171 557
14171 519 557
519 16094 557
16094 7756 557
7756 8369 557
8369 6966 557
6966 13914 557
13914 6807 557
6807 2161 557
2161 9403 557
9403 12114 557
12114 2533 557
2533 5930 557
5930 9429 557
9429 3226 557
3226 9041 557
9041 10494 557
10494 255 557
255 12170 557
12170 10315 557
10315 13668 557
13668 12943 557
12943 2555 557
2555 3523 557
3523 4041 557
4041 2827 557
2827 1518 557
1518 1224 557
1224 15898 557
15898 6868 557
6868 1272 557
1272 7485 557
7485 5387 557
5387 4542 557
4542 15663 557
15663 10326 557
10326 7056 557
7056 5515 557
5515 6276 557
6276 11350 557
11350 15333 557
15333 14024 557
14024 7952 557
7952 3355 557
3355 15606 557
15606 7773 557
7773 7199 557
7199 12386 557
12386 9589 557
9589 13306 557
13306 15229 557
15229 4064 557
4064 7302 557
7302 12278 557
12278 15289 557
15289 14370 557
14370 14043 557
14043 7608 557
7608 13316 557
13316 13195 557
13195 1962 557
1962 13027 557
13027 2668 557
2668 7340 557
7340 10852 557
10852 7655 557
7655 14806 557
14806 2078 557
2078 14605 557
14605 14586 557
14586 5744 557
5744 6931 557
6931 13694 557
13694 4320 557
4320 6315 557
6315 14224 557
14224 264 557
264 15432 557
15432 2243 557
2243 11121 557
11121 12880 557
12880 13165 557
13165 9601 557
9601 11632 557
11632 16455 557
16455 15282 557
15282 15403 557
15403 16594 557
16594 12117 557
12117 12813 557
12813 6740 557
6740 15015 557
15015 10285 557
10285 7009 557
7009 15768 557
15768 16686 557
16686 1108 557
1108 12001 557
12001 2905 557
2905 4255 557
4255 14447 557
14447 12125 557
12125 9479 557
9479 1913 557
1913 7150 557
7150 5184 557
5184 6365 557
6365 8168 557
8168 11238 557
11238 6819 557
6819 16882 557
16882 9482 557
9482 2951 557
2951 2601 557
2601 12729 557
12729 5521 557
5521 15823 557
15823 6830 557
6830 602 557
602 6647 557
6647 6842 557
6842 8269 557
8269 10145 557
10145 7398 557
7398 7276 557
7276 6968 557
6968 3601 557
3601 6420 557
6420 618 557
618 3402 557
3402 8182 557
8182 7452 557
7452 13588 557
13588 4101 557
4101 875 557
875 8089 557
8089 1097 557
1097 14100 557
14100 15375 557
15375 14318 557
14318 16912 557
16912 4817 557
4817 2423 557
2423 7632 557
7632 1987 557
1987 10077 557
10077 6580 557
6580 4066 557
4066 8848 557
8848 8502 557
8502 7686 557
7686 13157 557
13157 2403 557
2403 12229 557
12229 225 557
225 1288 557
1288 3158 557
3158 9375 557
9375 6164 557
6164 7588 557
7588 16561 557
16561 801 557
801 9037 557
9037 1583 557
1583 2230 557
2230 7173 557
7173 4270 557
4270 15061 557
15061 6013 557
6013 15963 557
15963 15171 557
15171 13874 557
13874 5256 557
5256 13349 557
13349 16962 557
16962 8707 557
8707 7488 557
7488 8175 557
8175 14097 557
14097 9894 557
9894 9333 557
9333 3509 557
3509 12334 557
12334 9423 557
9423 526 557
526 12603 557
12603 2374 557
2374 6282 557
6282 14372 557
14372 16496 557
16496 13490 557
13490 10076 557
10076 16004 557
16004 11287 557
11287 13436 557
13436 11139 557
11139 5018 557
5018 15071 557
15071 15100 557
15100 16694 557
16694 13110 557
13110 8519 557
8519 11594 557
11594 3654 557
3654 3162 557
3162 14941 557
14941 14945 557
14945 7523 557
7523 11361 557
11361 8000 557
8000 11574 557
11574 6803 557
6803 3205 557
3205 4931 557
4931 8440 557
8440 6926 557
6926 15037 557
15037 6528 557
6528 11372 557
11372 12705 557
12705 4332 557
4332 4761 557
4761 11182 557
11182 7322 557
7322 7178 557
7178 10936 557
10936 12075 557
12075 4121 557
4121 16454 557
16454 13638 557
13638 4344 557
4344 952 557
952 11272 557
11272 2508 557
2508 16228 557
16228 11171 557
11171 1296 557
1296 4675 557
4675 8130 557
8130 15465 557
15465 13085 557
13085 736 557
736 12147 557
12147 8929 557
8929 3835 557
3835 10223 557
10223 5420 557
5420 13732 557
13732 12581 557
12581 2569 557
2569 584 557
584 15258 557
15258 15350 557
15350 2182 557
2182 10147 557
10147 14645 557
14645 8557 557
8557 10701 557
10701 8966 557
8966 1693 557
1693 5150 557
5150 9848 557
9848 2497 557
2497 14631 557
14631 15927 557
15927 1750 557
1750 4237 557
4237 3027 557
3027 16197 557
16197 16674 557
16674 14257 557
14257 3695 557
3695 3010 557
3010 9792 557
9792 178 557
178 8239 557
8239 13301 557
13301 7061 557
7061 13389 557
13389 2756 557
2756 12946 557
12946 5202 557
5202 3392 557
3392 10947 557
10947 13501 557
13501 11633 557
11633 3037 557
3037 14676 557
14676 11165 557
11165 2633 557
2633 15678 557
15678 15345 557
15345 6972 557
6972 2770 557
2770 81 557
81 10912 557
10912 13650 557
13650 563 557
563 6914 557
6914 12673 557
12673 5023 557
5023 1326 557
1326 10005 557
10005 16538 557
16538 9443 557
9443 16918 557
16918 16637 557
16637 5266 557
5266 12265 557
12265 2824 557
2824 4085 557
4085 16478 557
16478 831 557
831 3320 557
3320 12281 557
12281 15667 557
15667 14532 557
14532 15619 557
15619 5548 557
5548 7863 557
7863 7988 557
7988 2554 557
2554 3511 557
3511 4774 557
4774 6185 557
6185 7571 557
7571 2715 557
2715 9520 557
9520 13199 557
13199 583 557
583 5535 557
5535 8604 557
8604 9270 557
9270 4899 557
4899 13643 557
13643 2127 557
2127 3918 557
3918 15482 557
15482 4487 557
4487 5362 557
5362 11530 557
11530 16488 557
16488 4500 557
4500 1221 557
1221 12063 557
12063 8277 557
8277 7564 557
7564 11857 557
11857 2456 557
2456 9295 557
9295 14154 557
14154 14845 557
14845 15275 557
15275 13250 557
13250 16646 557
16646 7204 557
7204 13777 557
13777 5695 557
5695 7945 557
7945 12977 557
12977 3004 557
3004 12116 557
12116 1711 557
1711 16983 557
16983 15339 557
15339 8434 557
8434 14133 557
14133 10233 557
10233 5157 557
5157 4815 557
4815 10580 557
10580 14533 557
14533 4472 557
4472 6372 557
6372 436 557
436 11850 557
11850 2466 557
2466 7296 557
7296 2267 557
2267 8755 557
8755 10553 557
10553 3217 557
3217 11580 557
11580 15365 557
15365 7481 557
7481 11469 557
11469 8596 557
8596 13351 557
13351 10402 557
10402 720 557
720 13812 557
13812 5063 557
5063 10467 557
10467 7050 557
7050 3955 557
3955 10716 557
10716 4660 557
4660 16577 557
16577 539 557
539 7526 557
7526 11868 557
11868 8026 557
8026 10994 557
10994 8647 557
8647 9253 557
9253 187 557
187 5315 557
5315 16068 557
16068 14290 557
14290 14995 557
14995 14706 557
14706 420 557
420 5762 557
5762 13761 557
13761 10398 557
10398 15642 557
15642 11823 557
11823 1301 557
1301 11966 557
11966 412 557
412 6662 557
6662 15201 557
15201 15609 557
15609 15491 557
15491 11793 557
11793 9437 557
9437 8474 557
8474 14714 557
14714 16750 557
16750 8728 557
8728 9526 557
9526 9739 557
9739 15328 557
15328 13053 557
13053 4162 557
4162 6825 557
6825 3099 557
3099 16991 557
16991 3541 557
3541 2300 557
2300 10197 557
10197 13288 557
13288 1914 557
1914 1128 557
1128 1274 557
1274 14989 557
14989 16231 557
16231 15460 557
15460 3516 557
3516 4065 557
4065 6278 557
6278 10259 557
10259 3067 557
3067 6630 557
6630 3882 557
3882 12315 557
12315 7131 557
7131 13285 557
13285 13437 557
13437 9419 557
9419 11595 557
11595 11564 557
11564 15728 557
15728 502 557
502 7699 557
7699 14175 557
14175 15994 557
15994 4584 557
4584 16978 557
16978 12791 557
12791 13168 557
13168 387 557
387 13980 557
13980 3342 557
3342 15522 557
15522 1576 557
1576 8671 557
8671 2750 557
2750 2472 557
2472 11465 557
11465 8007 557
8007 1298 557
1298 15076 557
15076 10370 557
10370 10508 557
10508 1478 557
1478 1601 557
1601 7766 557
7766 11678 557
11678 6641 557
6641 10431 557
10431 6345 557
6345 3635 557
3635 829 557
829 11164 557
11164 16779 557
16779 3749 557
3749 10207 557
10207 6152 557
6152 15683 557
15683 11681 557
11681 12981 557
12981 663 557
663 6833 557
6833 7489 557
7489 12366 557
12366 8836 557
8836 4233 557
4233 12517 557
12517 4702 557
4702 11771 557
11771 8896 557
8896 11873 557
11873 13010 557
13010 13626 557
13626 7795 557
7795 14081 557
14081 5792 557
5792 7715 557
7715 441 557
441 4671 557
4671 8919 557
8919 11942 557
11942 15892 557
15892 15984 557
15984 16188 557
16188 14411 557
14411 6132 557
6132 5664 557
5664 8448 557
8448 550 557
550 13962 557
13962 8050 557
8050 9690 557
9690 4833 557
4833 769 557
769 1716 557
1716 13461 557
13461 4869 557
4869 13678 557
13678 15367 557
15367 9142 557
9142 5185 557
5185 10552 557
10552 8558 557
8558 4939 557
4939 14888 557
14888 13764 557
13764 5732 557
5732 5853 557
5853 11567 557
11567 3311 557
3311 202 557
202 5567 557
5567 11877 557
11877 454 557
454 4334 557
4334 16160 557
16160 9102 557
9102 15793 557
15793 3505 557
3505 16328 557
16328 6533 557
6533 3561 557
3561 5045 557
5045 16516 557
16516 1754 557
1754 10391 557
10391 4217 557
4217 12223 557
12223 14251 557
14251 11996 557
11996 7593 557
7593 12763 557
12763 1238 557
1238 7775 557
7775 12157 557
12157 11990 557
11990 15854 557
15854 3941 557
3941 7227 557
7227 3799 557
3799 5433 557
5433 6876 557
6876 151 557
151 8809 557
8809 7383 557
7383 1060 557
1060 8033 557
8033 3379 557
3379 10187 557
10187 14302 557
14302 11180 557
11180 9613 557
9613 13528 557
13528 11882 557
11882 12279 557
12279 1664 557
1664 6022 557
6022 15548 557
15548 6782 557
6782 13392 557
13392 15057 557
15057 12307 557
12307 134 557
134 4863 557
4863 8150 557
8150 6954 557
6954 2435 557
2435 7180 557
7180 6169 557
6169 3019 557
3019 10276 557
10276 8364 557
8364 8466 557
8466 505 557
505 4805 557
4805 6268 557
6268 1876 557
1876 8365 557
8365 7107 557
7107 12099 557
12099 14122 557
14122 12254 557
12254 6602 557
6602 744 557
744 5754 557
5754 2083 557
2083 10169 557
10169 3649 557
3649 11059 557
11059 8651 557
8651 3862 557
3862 12503 557
12503 13579 557
13579 3639 557
3639 2263 557
2263 614 557
614 13336 557
13336 15140 557
15140 9635 557
9635 4458 557
4458 3948 557
3948 1523 557
1523 2431 557
2431 6682 557
6682 9796 557
9796 5119 557
5119 5253 557
5253 3076 557
3076 8356 557
8356 13550 557
13550 15073 557
15073 7265 557
7265 8127 557
8127 4200 557
4200 648 557
648 11341 557
11341 12331 557
12331 10900 557
10900 13175 557
13175 6906 557
6906 9616 557
9616 9540 557
9540 11955 557
11955 5636 557
5636 11728 557
11728 12601 557
12601 9602 557
9602 5905 557
5905 10051 557
10051 15721 557
15721 14783 557
14783 926 557
926 7171 557
7171 2621 557
2621 13775 557
13775 4922 557
4922 15711 557
15711 3263 557
3263 7390 557
7390 11429 557
11429 6426 557
6426 9381 557
9381 13586 557
13586 4341 557
4341 14450 557
14450 15897 557
15897 2190 557
2190 6094 557
6094 803 557
803 14891 557
14891 15475 557
15475 498 557
498 14713 557
14713 8429 557
8429 15391 557
15391 6415 557
6415 4022 557
4022 987 557
987 15532 557
15532 6532 557
6532 428 557
428 4935 557
4935 9328 557
9328 5230 557
5230 15154 557
15154 8990 557
8990 3161 557
3161 2590 557
2590 14931 557
14931 15126 557
15126 6288 557
6288 768 557
768 1845 557
1845 2931 557
2931 11673 557
11673 15150 557
15150 13101 557
13101 12814 557
12814 792 557
792 574 557
574 14696 557
14696 12088 557
12088 840 557
840 1214 557
1214 12575 557
12575 10058 557
10058 11865 557
11865 1513 557
1513 4005 557
4005 11799 557
11799 10992 557
10992 15803 557
15803 13198 557
13198 15020 557
15020 8200 557
8200 13125 557
13125 9178 557
9178 3011 557
3011 14089 557
14089 1961 557
1961 10818 557
10818 4297 557
4297 14859 557
14859 9462 557
9462 15931 557
15931 48 557
48 2233 557
2233 10627 557
10627 13578 557
13578 2617 557
2617 15905 557
15905 39 557
39 16075 557
16075 7426 557
7426 11186 557
11186 6129 557
6129 1146 557
1146 13773 557
13773 5347 557
5347 6398 557
6398 671 557
671 12769 557
12769 7258 557
7258 1780 557
1780 14410 557
14410 1076 557
1076 3651 557
3651 2228 557
2228 13498 557
13498 15563 557
15563 1875 557
1875 11335 557
11335 8479 557
8479 12974 557
12974 14462 557
14462 4860 557
4860 7769 557
7769 13940 557
13940 16178 557
16178 13922 557
13922 11007 557
11007 10966 557
10966 15232 557
15232 6117 557
6117 10796 557
10796 884 557
884 9264 557
9264 3544 557
3544 7467 557
7467 14415 557
14415 7621 557
7621 16173 557
16173 5280 557
5280 4890 557
4890 14657 557
14657 11466 557
11466 2316 557
2316 9732 557
9732 8945 557
8945 380 557
380 3449 557
3449 11301 557
11301 11028 557
11028 13728 557
13728 1885 557
1885 13950 557
13950 5008 557
5008 10435 557
10435 334 557
334 14443 557
14443 219 557
219 4392 557
4392 3766 557
3766 13901 557
13901 1403 557
1403 16116 557
16116 12783 557
12783 1564 557
1564 10216 557
10216 12850 557
12850 11700 557
11700 12655 557
12655 2990 557
2990 30 557
30 13434 557
13434 4130 557
4130 8197 557
8197 5746 557
5746 10493 557
10493 6078 557
6078 702 557
702 9717 557
9717 1058 557
1058 3060 557
3060 9830 557
9830 3520 557
3520 12810 557
12810 16870 557
16870 1931 557
1931 6642 557
6642 8031 557
8031 15545 557
15545 1261 557
1261 10469 557
10469 5918 557
5918 6615 557
6615 11913 557
11913 7923 557
7923 2846 557
2846 8258 557
8258 6134 557
6134 1527 557
1527 3613 557
3613 3753 557
3753 3702 557
3702 10488 557
10488 5662 557
5662 8062 557
8062 2657 557
2657 7112 557
7112 123 557
123 2594 557
2594 2293 557
2293 12990 557
12990 14595 557
14595 3560 557
3560 8949 557
8949 16316 557
16316 14340 557
14340 6160 557
6160 936 557
936 2437 557
2437 4479 557
4479 13197 557
13197 7218 557
7218 10054 557
10054 13162 557
13162 7716 557
7716 12596 557
12596 4373 557
4373 3909 557
3909 4401 557
4401 6110 557
6110 16381 557
16381 9212 557
9212 14112 557
14112 10437 557
10437 10300 557
10300 8496 557
8496 18 557
18 1030 557
1030 8067 557
8067 14822 557
14822 3588 557
3588 5448 557
5448 14965 557
14965 12191 557
12191 8818 557
8818 10074 557
10074 6155 557
6155 12361 557
12361 6392 557
6392 2080 557
2080 13024 557
13024 1742 557
1742 15407 557
15407 8243 557
8243 11750 557
11750 8826 557
8826 2586 557
2586 7345 557
7345 10718 557
10718 7435 557
7435 9252 557
9252 5104 557
5104 10920 557
10920 2520 557
2520 1981 557
1981 14962 557
14962 15138 557
15138 5924 557
5924 2787 557
2787 12606 557
12606 676 557
676 12725 557
12725 14208 557
14208 6583 557
6583 7405 557
7405 619 557
619 4079 557
4079 2614 557
2614 11359 557
11359 5791 557
5791 7498 557
7498 632 557
632 8242 557
8242 14823 557
14823 8397 557
8397 7519 557
7519 16683 557
16683 12805 557
12805 9517 557
9517 6067 557
6067 9810 557
9810 12772 557
12772 7444 557
7444 6764 557
6764 10174 557
10174 4698 557
4698 8056 557
8056 9896 557
9896 14510 557
14510 4915 557
4915 1748 557
1748 4721 557
4721 12646 557
12646 6676 557
6676 4528 557
4528 11825 557
11825 11858 557
11858 11425 557
11425 12978 557
12978 6024 557
6024 9138 557
9138 8327 557
8327 16968 557
16968 5939 557
5939 10540 557
10540 5309 557
5309 3992 557
3992 6981 557
6981 10432 557
10432 5402 557
5402 9641 557
9641 6439 557
6439 15114 557
15114 12786 557
12786 12243 557
12243 5661 557
5661 4979 557
4979 165 557
165 1121 557
1121 6127 557
6127 6286 557
6286 4457 557
4457 16495 557
16495 14716 557
14716 4179 557
4179 6925 557
6925 1554 557
1554 9054 557
9054 369 557
369 12762 557
12762 2779 557
2779 8781 557
8781 10268 557
10268 8201 557
8201 5000 557
5000 16543 557
16543 12231 557
12231 5461 557
5461 6685 557
6685 13907 557
13907 2366 557
2366 9021 557
9021 6559 557
6559 16514 557
16514 1380 557
1380 10463 557
10463 11119 557
11119 16217 557
16217 16141 557
16141 16971 557
16971 12636 557
12636 6548 557
6548 9186 557
9186 9206 557
9206 504 557
504 9202 557
9202 4038 557
4038 16905 557
16905 12403 557
12403 1458 557
1458 7906 557
7906 4989 557
4989 440 557
440 8114 557
8114 7472 557
7472 5942 557
5942 12519 557
12519 478 557
478 7669 557
7669 8640 557
8640 10312 557
10312 8147 557
8147 8151 557
8151 2001 557
2001 1783 557
1783 12594 557
12594 14623 557
14623 1199 557
1199 5068 557
5068 1340 557
1340 3358 557
3358 10660 557
10660 11980 557
11980 15981 557
15981 14412 557
14412 2030 557
2030 15648 557
15648 8271 557
8271 8294 557
8294 9415 557
9415 13654 557
13654 10794 557
10794 3767 557
3767 11669 557
11669 3938 557
3938 9853 557
9853 14317 557
14317 3828 557
3828 6173 557
6173 13045 557
13045 971 557
971 4103 557
4103 5298 557
5298 8526 557
8526 12410 557
12410 11605 557
11605 6590 557
6590 1190 557
1190 5849 557
5849 6657 557
6657 15712 557
15712 8736 557
8736 10260 557
10260 2748 557
2748 14353 557
14353 7272 557
7272 1318 557
1318 6714 557
6714 5805 557
5805 2116 557
2116 14777 557
14777 7460 557
7460 16804 557
16804 10087 557
10087 2977 557
2977 2867 557
2867 2518 557
2518 13208 557
13208 15099 557
15099 8922 557
8922 5436 557
5436 10425 557
10425 1847 557
1847 12796 557
12796 12036 557
12036 12801 557
12801 2647 557
2647 7422 557
7422 12112 557
12112 10996 557
10996 8578 557
8578 3687 557
3687 8328 557
8328 2068 557
2068 1743 557
1743 15337 557
15337 1884 557
1884 22 557
22 16332 557
16332 12481 557
12481 9148 557
9148 5159 557
5159 10993 557
10993 4148 557
4148 12975 557
12975 2304 557
2304 9232 557
9232 8283 557
8283 15832 557
15832 1765 557
1765 4866 557
4866 13446 557
13446 8221 557
8221 10161 557
10161 7053 557
7053 10664 557
10664 7238 557
7238 4744 557
4744 7221 557
7221 11971 557
11971 5809 557
5809 13109 557
13109 10728 557
10728 12263 557
12263 7326 557
7326 3700 557
3700 9436 557
9436 16256 557
16256 3883 557
3883 11855 557
11855 12449 557
12449 7714 557
7714 12129 557
12129 9411 557
9411 12578 557
12578 8099 557
8099 16431 557
16431 16397 557
16397 12817 557
12817 7753 557
7753 11639 557
11639 3129 557
3129 12056 557
12056 13858 557
13858 1856 557
1856 15747 557
15747 16464 557
16464 14853 557
14853 10320 557
10320 10229 557
10229 9447 557
9447 15097 557
15097 3360 557
3360 13136 557
13136 247 557
247 15191 557
15191 741 557
741 16506 557
16506 12300 557
12300 1579 557
1579 16310 557
16310 13032 557
13032 8556 557
8556 4075 557
4075 9976 557
9976 11796 557
11796 15225 557
15225 14379 557
14379 1456 557
1456 354 557
354 11560 557
11560 12406 557
12406 12311 557
12311 4824 557
4824 15227 557
15227 4771 557
4771 9038 557
9038 15810 557
15810 1219 557
1219 4161 557
4161 1785 557
1785 9564 557
9564 133 557
133 1857 557
1857 1967 557
1967 605 557
605 5133 557
5133 5250 557
5250 1839 557
1839 15101 557
15101 12764 557
12764 3921 557
3921 1514 557
1514 9248 557
9248 5882 557
5882 7814 557
7814 1835 557
1835 7799 557
7799 3374 557
3374 13394 557
13394 7913 557
7913 3758 557
3758 11650 557
11650 4447 557
4447 6500 557
6500 8638 557
8638 5082 557
5082 4322 557
4322 16976 557
16976 9013 557
9013 6326 557
6326 6880 557
6880 5538 557
5538 2616 557
2616 2728 557
2728 7317 557
7317 10625 557
10625 10382 557
10382 11438 557
11438 7651 557
7651 3077 557
3077 15583 557
15583 6731 557
6731 7457 557
7457 8186 557
8186 5561 557
5561 1781 557
1781 16396 557
16396 14692 557
14692 11522 557
11522 7951 557
7951 3221 557
3221 13591 557
13591 10178 557
10178 15042 557
15042 14607 557
14607 7743 557
7743 12731 557
12731 12820 557
12820 14021 557
14021 12336 557
12336 7963 557
7963 4419 557
4419 8552 557
8552 9656 557
9656 5052 557
5052 9273 557
9273 13190 557
13190 8884 557
8884 6644 557
6644 696 557
696 5927 557
5927 5135 557
5135 3288 557
3288 1831 557
1831 16007 557
16007 12400 557
12400 12184 557
12184 16122 557
16122 8850 557
8850 13830 557
13830 1933 557
1933 15748 557
15748 14494 557
14494 14499 557
14499 8658 557
8658 10244 557
10244 6293 557
6293 10729 557
10729 3047 557
3047 16707 557
16707 15332 557
15332 12647 557
12647 16014 557
16014 10523 557
10523 12151 557
12151 10455 557
10455 14675 557
14675 9086 557
9086 8928 557
8928 10590 557
10590 10248 557
10248 7664 557
7664 5020 557
5020 4102 557
4102 15422 557
15422 14817 557
14817 3377 557
3377 6340 557
6340 16022 557
16022 10720 557
10720 10768 557
10768 11738 557
11738 7848 557
7848 6853 557
6853 5981 557
5981 1635 557
1635 2407 557
2407 14627 557
14627 3913 557
3913 481 557
481 14272 557
14272 1684 557
1684 1983 557
1983 12959 557
12959 13017 557
13017 10306 557
10306 2392 557
2392 11829 557
11829 107 557
107 2962 557
2962 16958 557
16958 7354 557
7354 5152 557
5152 10621 557
10621 13160 557
13160 14078 557
14078 6938 557
6938 9619 557
9619 9416 557
9416 7480 557
7480 9785 557
9785 12676 557
12676 664 557
664 10755 557
10755 7049 557
7049 11374 557
11374 16290 557
16290 4571 557
4571 13551 557
13551 13856 557
13856 15408 557
15408 16349 557
16349 16184 557
16184 4467 557
4467 13810 557
13810 9567 557
9567 15904 557
15904 14495 557
14495 10665 557
10665 10977 557
10977 11819 557
11819 15993 557
15993 11131 557
11131 10124 557
10124 6530 557
6530 3935 557
3935 10133 557
10133 10141 557
10141 15305 557
15305 9551 557
9551 11928 557
11928 9359 557
9359 682 557
682 7968 557
7968 3327 557
3327 8471 557
8471 241 557
241 13607 557
13607 4286 557
4286 13904 557
13904 8615 557
8615 104 557
104 2183 557
2183 13315 557
13315 6015 557
6015 6866 557
6866 9071 557
9071 5459 557
5459 15336 557
15336 1240 557
1240 10480 557
10480 2505 557
2505 15944 557
15944 10707 557
10707 7060 557
7060 10215 557
10215 12260 557
12260 10355 557
10355 16533 557
16533 11751 557
11751 532 557
532 4037 557
4037 11439 557
11439 4216 557
4216 2522 557
2522 4645 557
4645 12543 557
12543 16520 557
16520 11046 557
11046 4903 557
4903 10351 557
10351 1932 557
1932 9458 557
9458 15035 557
15035 8854 557
8854 3546 557
3546 2973 557
2973 667 557
667 16848 557
16848 6470 557
6470 7155 557
7155 2444 557
2444 12135 557
12135 9685 557
9685 13671 557
13671 8229 557
8229 11585 557
11585 464 557
464 789 557
789 13246 557
13246 7627 557
7627 534 557
534 3697 557
3697 294 557
294 1378 557
1378 14930 557
14930 8980 557
8980 4351 557
4351 13296 557
13296 11690 557
11690 13388 557
13388 825 557
825 7229 557
7229 13813 557
13813 11112 557
11112 4259 557
4259 781 557
781 15585 557
15585 7011 557
7011 4657 557
4657 15434 557
15434 13050 557
13050 10840 557
10840 15053 557
15053 3565 557
3565 14985 557
14985 8693 557
8693 11023 557
11023 11358 557
11358 1289 557
1289 7888 557
7888 7403 557
7403 16899 557
16899 11947 557
11947 10415 557
10415 2630 557
2630 15018 557
15018 3231 557
3231 14357 557
14357 10805 557
10805 3260 557
3260 10753 557
10753 2085 557
2085 6408 557
6408 12431 557
12431 6433 557
6433 9366 557
9366 15724 557
15724 14475 557
14475 5966 557
5966 14382 557
14382 9141 557
9141 204 557
204 6284 557
6284 2452 557
2452 6930 557
6930 15528 557
15528 15564 557
15564 13509 557
13509 1633 557
1633 15549 557
15549 11149 557
11149 3178 557
3178 5836 557
5836 9222 557
9222 8362 557
8362 8594 557
8594 14090 557
14090 9574 557
9574 8827 557
8827 11740 557
11740 7441 557
7441 5486 557
5486 11095 557
11095 16072 557
16072 13444 557
13444 7514 557
7514 8355 557
8355 11135 557
11135 10777 557
10777 1395 557
1395 13295 557
13295 1815 557
1815 12352 557
12352 1067 557
1067 6537 557
6537 5814 557
5814 6796 557
6796 10012 557
10012 12622 557
12622 9676 557
9676 9063 557
9063 2202 557
2202 11228 557
11228 13171 557
13171 9183 557
9183 13647 557
13647 2240 557
2240 11322 557
11322 3139 557
3139 9165 557
9165 8804 557
8804 16331 557
16331 9441 557
9441 5741 557
5741 12275 557
12275 10610 557
10610 1005 557
1005 11345 557
11345 16212 557
16212 9057 557
9057 14110 557
14110 11292 557
11292 1007 557
1007 15874 557
15874 3900 557
3900 4880 557
4880 13307 557
13307 11651 557
11651 3863 557
3863 4271 557
4271 9742 557
9742 2312 557
2312 10509 557
10509 9161 557
9161 16031 557
16031 8257 557
8257 8212 557
8212 5434 557
5434 9330 557
9330 14864 557
14864 14365 557
14365 4144 557
4144 2362 557
2362 12886 557
12886 8320 557
8320 5024 557
5024 9683 557
9683 2480 557
2480 62 557
62 10279 557
10279 14571 557
14571 5072 557
5072 15688 557
15688 15967 557
15967 16002 557
16002 2676 557
2676 16436 557
16436 5483 557
5483 8391 557
8391 16675 557
16675 6841 557
6841 6202 557
6202 5915 557
5915 2895 557
2895 15742 557
15742 5019 557
5019 16981 557
16981 827 557
827 10510 557
10510 213 557
213 3420 557
3420 11535 557
11535 14016 557
14016 90 557
90 11907 557
11907 16672 557
16672 13817 557
13817 5453 557
5453 16615 557
16615 4072 557
4072 9696 557
9696 9697 557
9697 910 557
910 9543 557
9543 14157 557
14157 15048 557
15048 3826 557
3826 460 557
460 135 557
135 8463 557
8463 6614 557
6614 930 557
930 5240 557
5240 10960 557
10960 13460 557
13460 10150 557
10150 14576 557
14576 11189 557
11189 2238 557
2238 2537 557
2537 1025 557
1025 16564 557
16564 13771 557
13771 11210 557
11210 11449 557
11449 4372 557
4372 15233 557
15233 14545 557
14545 2501 557
2501 3819 557
3819 3781 557
3781 5540 557
5540 12073 557
12073 7319 557
7319 15600 557
15600 4070 557
4070 10170 557
10170 11571 557
11571 13566 557
13566 10579 557
10579 2375 557
2375 1033 557
1033 7031 557
7031 11962 557
11962 6843 557
6843 9929 557
9929 16965 557
16965 1216 557
1216 3144 557
3144 10699 557
10699 9346 557
9346 4281 557
4281 7818 557
7818 14267 557
14267 16964 557
16964 15209 557
15209 12677 557
12677 1536 557
1536 2379 557
2379 56 557
56 8430 557
8430 9865 557
9865 5719 557
5719 3281 557
3281 5332 557
5332 3222 557
3222 5683 557
5683 7764 557
7764 9631 557
9631 1011 557
1011 10156 557
10156 7152 557
7152 6829 557
6829 7479 557
7479 14961 557
14961 15751 557
15751 193 557
193 6953 557
6953 5919 557
5919 5154 557
5154 8193 557
8193 12158 557
12158 5771 557
5771 16203 557
16203 2957 557
2957 7346 557
7346 16434 557
16434 16034 557
16034 5581 557
5581 16557 557
16557 8141 557
8141 732 557
732 14755 557
14755 1197 557
1197 6261 557
6261 4944 557
4944 348 557
348 9152 557
9152 12318 557
12318 2372 557
2372 15306 557
15306 14339 557
14339 16345 557
16345 3440 557
3440 8881 557
8881 4293 557
4293 1624 557
1624 8572 557
8572 4128 557
4128 8952 557
8952 14553 557
14553 337 557
337 787 557
787 7639 557
7639 576 557
576 5243 557
5243 13906 557
13906 3353 557
3353 10779 557
10779 2778 557
2778 2077 557
2077 319 557
319 11979 557
11979 2535 557
2535 13143 557
13143 245 557
245 10816 557
10816 7755 557
7755 7083 557
7083 7528 557
7528 10751 557
10751 6072 557
6072 9196 557
9196 9695 557
9695 13583 557
13583 14369 557
14369 7592 557
7592 1498 557
1498 13107 557
13107 16356 557
16356 15079 557
15079 6748 557
6748 5685 557
5685 10183 557
10183 15763 557
15763 6691 557
6691 12699 557
12699 6920 557
6920 13793 557
13793 4462 557
4462 10199 557
10199 5099 557
5099 14724 557
14724 4794 557
4794 795 557
795 15893 557
15893 8454 557
8454 1370 557
1370 8410 557
8410 11852 557
11852 16305 557
16305 5863 557
5863 6787 557
6787 4180 557
4180 16570 557
16570 15753 557
15753 15788 557
15788 13038 557
13038 8975 557
8975 1951 557
1951 2209 557
2209 13375 557
13375 15725 557
15725 12732 557
12732 15253 557
15253 1776 557
1776 10048 557
10048 536 557
536 4002 557
4002 9687 557
9687 16507 557
16507 3875 557
3875 11958 557
11958 5223 557
5223 3116 557
3116 5638 557
5638 9730 557
9730 13082 557
13082 11727 557
11727 1325 557
1325 68 557
68 8318 557
8318 4176 557
4176 1533 557
1533 16322 557
16322 15954 557
15954 6503 557
6503 8580 557
8580 1144 557
1144 6298 557
6298 16038 557
16038 7842 557
7842 4995 557
4995 8709 557
8709 14044 557
14044 14700 557
14700 9521 557
9521 9669 557
9669 2707 557
2707 11147 557
11147 15679 557
15679 1610 557
1610 9959 557
9959 6177 557
6177 9856 557
9856 15516 557
15516 3168 557
3168 16424 557
16424 15080 557
15080 10167 557
10167 3787 557
3787 7629 557
7629 16366 557
16366 7545 557
7545 12638 557
12638 6475 557
6475 8598 557
8598 16036 557
16036 14235 557
14235 2471 557
2471 15085 557
15085 3611 557
3611 8583 557
8583 11456 557
11456 38 557
38 15786 557
15786 10349 557
10349 14836 557
14836 200 557
200 484 557
484 3506 557
3506 2060 557
2060 684 557
684 15626 557
15626 1996 557
1996 7269 557
7269 3686 557
3686 3093 557
3093 3774 557
3774 8287 557
8287 6542 557
6542 2236 557
2236 8538 557
8538 7509 557
7509 13716 557
13716 16670 557
16670 10028 557
10028 16957 557
16957 16589 557
16589 8238 557
8238 4619 557
4619 6325 557
6325 10080 557
10080 11611 557
11611 14988 557
14988 904 557
904 10193 557
10193 2637 557
2637 8744 557
8744 4174 557
4174 14359 557
14359 10998 557
10998 16198 557
16198 12310 557
12310 4740 557
4740 7087 557
7087 6541 557
6541 5830 557
5830 16115 557
16115 4363 557
4363 8343 557
8343 6664 557
6664 4638 557
4638 5244 557
5244 5147 557
5147 15844 557
15844 13235 557
13235 13664 557
13664 12730 557
12730 12574 557
12574 1250 557
1250 3608 557
3608 13132 557
13132 11638 557
11638 9900 557
9900 15636 557
15636 2148 557
2148 9310 557
9310 6195 557
6195 3597 557
3597 4292 557
4292 6238 557
6238 15216 557
15216 11956 557
11956 1508 557
1508 755 557
755 1954 557
1954 11205 557
11205 179 557
179 5036 557
5036 10804 557
10804 822 557
822 6003 557
6003 14946 557
14946 7744 557
7744 14589 557
14589 4983 557
4983 9977 557
9977 4033 557
4033 5168 557
5168 8592 557
8592 11463 557
11463 2159 557
2159 6079 557
6079 11591 557
11591 6707 557
6707 12736 557
12736 11671 557
11671 5524 557
5524 10295 557
10295 5426 557
5426 14996 557
14996 8810 557
8810 11034 557
11034 16282 557
16282 1668 557
1668 2631 557
2631 12005 557
12005 5808 557
5808 4849 557
4849 15540 557
15540 12000 557
12000 2664 557
2664 15314 557
15314 16896 557
16896 6597 557
6597 8149 557
8149 16663 557
16663 15456 557
15456 13536 557
13536 5969 557
5969 8065 557
8065 12483 557
12483 9325 557
9325 9702 557
9702 10613 557
10613 14182 557
14182 3527 557
3527 2882 557
2882 9104 557
9104 8866 557
8866 13722 557
13722 7568 557
7568 2946 557
2946 16413 557
16413 14550 557
14550 2126 557
2126 4369 557
4369 2552 557
2552 13603 557
13603 10329 557
10329 1613 557
1613 14644 557
14644 8680 557
8680 14699 557
14699 13885 557
13885 3564 557
3564 6820 557
6820 8079 557
8079 2984 557
2984 3983 557
3983 12014 557
12014 8319 557
8319 16678 557
16678 8586 557
8586 4187 557
4187 7163 557
7163 5728 557
5728 11929 557
11929 11668 557
11668 8233 557
8233 5186 557
5186 9956 557
9956 13178 557
13178 11906 557
11906 2013 557
2013 70 557
70 1358 557
1358 1484 557
1484 8053 557
8053 1522 557
1522 9528 557
9528 1734 557
1734 2913 557
2913 2417 557
2417 8597 557
8597 15659 557
15659 3209 557
3209 1717 557
1717 10650 557
10650 1302 557
1302 10258 557
10258 7143 557
7143 7474 557
7474 2210 557
2210 16653 557
16653 5614 557
5614 4082 557
4082 15550 557
15550 8180 557
8180 14472 557
14472 8004 557
8004 1061 557
1061 5424 557
5424 3650 557
3650 15370 557
15370 7338 557
7338 11815 557
11815 9053 557
9053 9194 557
9194 1965 557
1965 10271 557
10271 995 557
995 15646 557
15646 5192 557
5192 9891 557
9891 3456 557
3456 16465 557
16465 10023 557
10023 12895 557
12895 16985 557
16985 15141 557
15141 6862 557
6862 2826 557
2826 5490 557
5490 2792 557
2792 1431 557
1431 6586 557
6586 6767 557
6767 2427 557
2427 3574 557
3574 13889 557
13889 417 557
417 106 557
106 12774 557
12774 439 557
439 10106 557
10106 1538 557
1538 14199 557
14199 10381 557
10381 1488 557
1488 6506 557
6506 4507 557
4507 8272 557
8272 2648 557
2648 14926 557
14926 14390 557
14390 167 557
167 1338 557
1338 14934 557
14934 13895 557
13895 2194 557
2194 4413 557
4413 5523 557
5523 865 557
865 1860 557
1860 16342 557
16342 14746 557
14746 10375 557
10375 11704 557
11704 11138 557
11138 1870 557
1870 9530 557
9530 5350 557
5350 16412 557
16412 1726 557
1726 3473 557
3473 12627 557
12627 12274 557
12274 8619 557
8619 9078 557
9078 5686 557
5686 8704 557
8704 12070 557
12070 12416 557
12416 14956 557
14956 10715 557
10715 5973 557
5973 1353 557
1353 10599 557
10599 3251 557
3251 13196 557
13196 16805 557
16805 1874 557
1874 14467 557
14467 16611 557
16611 3888 557
3888 14383 557
14383 7424 557
7424 43 557
43 11828 557
11828 8530 557
8530 7819 557
7819 392 557
392 7877 557
7877 881 557
881 6911 557
6911 11386 557
11386 956 557
956 10348 557
10348 16098 557
16098 12715 557
12715 16657 557
16657 11557 557
11557 7696 557
7696 15959 557
15959 11756 557
11756 10490 557
10490 12639 557
12639 1310 557
1310 4171 557
4171 3975 557
3975 8924 557
8924 16134 557
16134 2396 557
2396 3152 557
3152 4561 557
4561 9345 557
9345 14874 557
14874 13367 557
13367 1674 557
1674 12401 557
12401 7836 557
7836 2504 557
2504 947 557
947 13581 557
13581 10967 557
10967 15938 557
15938 12645 557
12645 1654 557
1654 10198 557
10198 13829 557
13829 8713 557
8713 14118 557
14118 13124 557
13124 16279 557
16279 4635 557
4635 3545 557
3545 11474 557
11474 11201 557
11201 14487 557
14487 7384 557
7384 1437 557
1437 9370 557
9370 6370 557
6370 11340 557
11340 7829 557
7829 4120 557
4120 3410 557
3410 561 557
561 10333 557
10333 8911 557
8911 7040 557
7040 3367 557
3367 2426 557
2426 10935 557
10935 7987 557
7987 5869 557
5869 12389 557
12389 13927 557
13927 4168 557
4168 1133 557
1133 1483 557
1483 9363 557
9363 15617 557
15617 13026 557
13026 5887 557
5887 8382 557
8382 7745 557
7745 12267 557
12267 6436 557
6436 11916 557
11916 5269 557
5269 2683 557
2683 5098 557
5098 5778 557
5778 15567 557
15567 13985 557
13985 9649 557
9649 2142 557
2142 8817 557
8817 16155 557
16155 5660 557
5660 4506 557
4506 13103 557
13103 3844 557
3844 3961 557
3961 13092 557
13092 433 557
433 11448 557
11448 1329 557
1329 2421 557
2421 15469 557
15469 1495 557
1495 12064 557
12064 797 557
797 9201 557
9201 2942 557
2942 7927 557
7927 6576 557
6576 9963 557
9963 891 557
891 12878 557
12878 10927 557
10927 8399 557
8399 16109 557
16109 2636 557
2636 2103 557
2103 7512 557
7512 9182 557
9182 5870 557
5870 4071 557
4071 8203 557
8203 7217 557
7217 13472 557
13472 3534 557
3534 10445 557
10445 1139 557
1139 4924 557
4924 16871 557
16871 11258 557
11258 7110 557
7110 799 557
799 975 557
975 13060 557
13060 1396 557
1396 13538 557
13538 280 557
280 1622 557
1622 14932 557
14932 6183 557
6183 6328 557
6328 469 557
469 13462 557
13462 949 557
949 2286 557
2286 16058 557
16058 8918 557
8918 6427 557
6427 1490 557
1490 1727 557
1727 7683 557
7683 12196 557
12196 14355 557
14355 7760 557
7760 5479 557
5479 16452 557
16452 6301 557
6301 7560 557
7560 12588 557
12588 9919 557
9919 14658 557
14658 7487 557
7487 16723 557
16723 16486 557
16486 9404 557
9404 1210 557
1210 6709 557
6709 15297 557
15297 15698 557
15698 8711 557
8711 85 557
85 5235 557
5235 809 557
809 8824 557
8824 13481 557
13481 8143 557
8143 12426 557
12426 9851 557
9851 14441 557
14441 9073 557
9073 15467 557
15467 2740 557
2740 13855 557
13855 11909 557
11909 8623 557
8623 10574 557
10574 16253 557
16253 7234 557
7234 11388 557
11388 9444 557
9444 2806 557
2806 14010 557
14010 15393 557
15393 10479 557
10479 3744 557
3744 7066 557
7066 11714 557
11714 11679 557
11679 13022 557
13022 9538 557
9538 2695 557
2695 5306 557
5306 2727 557
2727 6643 557
6643 4569 557
4569 13909 557
13909 15966 557
15966 9761 557
9761 9290 557
9290 4317 557
4317 3743 557
3743 15705 557
15705 13059 557
13059 9296 557
9296 12178 557
12178 11479 557
11479 14799 557
14799 12130 557
12130 13204 557
13204 1966 557
1966 11304 557
11304 11202 557
11202 12207 557
12207 1567 557
1567 1472 557
1472 6434 557
6434 7557 557
7557 7623 557
7623 15164 557
15164 235 557
235 8812 557
8812 9811 557
9811 3160 557
3160 627 557
627 12407 557
12407 12456 557
12456 13039 557
13039 1439 557
1439 7628 557
7628 547 557
547 16340 557
16340 5029 557
5029 2589 557
2589 3443 557
3443 10875 557
10875 13337 557
13337 747 557
747 5626 557
5626 14921 557
14921 9409 557
9409 83 557
83 11220 557
11220 10516 557
10516 13729 557
13729 3009 557
3009 7013 557
7013 73 557
73 805 557
805 13632 557
13632 2692 557
2692 10332 557
10332 12018 557
12018 9872 557
9872 1015 557
1015 1422 557
1422 11442 557
11442 3 557
3 1902 557
1902 15530 557
15530 9864 557
9864 12113 557
12113 1878 557
1878 10287 557
10287 2292 557
2292 16169 557
16169 10115 557
10115 13424 557
13424 11493 557
11493 16689 557
16689 10865 557
10865 14181 557
14181 6336 557
6336 10870 557
10870 826 557
826 1871 557
1871 685 557
685 6524 557
6524 5859 557
5859 5066 557
5066 4665 557
4665 5110 557
5110 5363 557
5363 9097 557
9097 9274 557
9274 11608 557
11608 10347 557
10347 8123 557
8123 15184 557
15184 1156 557
1156 4592 557
4592 12794 557
12794 4192 557
4192 1760 557
1760 2454 557
2454 13371 557
13371 12258 557
12258 15382 557
15382 16798 557
16798 11848 557
11848 985 557
985 11173 557
11173 15420 557
15420 16774 557
16774 3993 557
3993 13209 557
13209 16276 557
16276 15447 557
15447 8136 557
8136 2325 557
2325 8782 557
8782 2972 557
2972 3491 557
3491 10976 557
10976 3286 557
3286 9 557
9 12493 557
12493 8481 557
8481 1930 557
1930 12652 557
12652 8204 557
8204 1502 557
1502 7956 557
7956 10640 557
10640 11219 557
11219 7261 557
7261 4533 557
4533 11356 557
11356 9399 557
9399 6367 557
6367 10482 557
10482 6334 557
6334 11949 557
11949 4445 557
4445 977 557
977 3662 557
3662 9115 557
9115 5574 557
5574 5516 557
5516 8815 557
8815 16923 557
16923 8055 557
8055 6918 557
6918 12144 557
12144 12892 557
12892 4131 557
4131 16029 557
16029 491 557
491 10217 557
10217 6573 557
6573 2026 557
2026 13677 557
13677 3636 557
3636 2516 557
2516 8839 557
8839 4252 557
4252 10860 557
10860 11102 557
11102 16638 557
16638 6382 557
6382 6473 557
6473 15856 557
15856 10623 557
10623 31 557
31 327 557
327 15508 557
15508 2700 557
2700 15555 557
15555 3476 557
3476 16730 557
16730 14202 557
14202 3808 557
3808 13961 557
13961 7524 557
7524 3537 557
3537 13138 557
13138 11237 557
11237 6835 557
6835 10758 557
10758 4614 557
4614 6095 557
6095 10206 557
10206 8892 557
8892 9961 557
9961 185 557
185 8849 557
8849 14613 557
14613 2580 557
2580 4476 557
4476 10526 557
10526 7091 557
7091 1686 557
1686 11441 557
11441 2252 557
2252 9982 557
9982 13170 557
13170 15717 557
15717 12659 557
12659 8162 557
8162 14905 557
14905 8279 557
8279 10390 557
10390 3783 557
3783 11294 557
11294 16485 557
16485 2345 557
2345 9559 557
9559 7308 557
7308 15309 557
15309 13774 557
13774 4494 557
4494 11384 557
11384 7591 557
7591 12042 557
12042 4925 557
4925 8121 557
8121 13742 557
13742 7285 557
7285 15929 557
15929 4050 557
4050 6501 557
6501 13140 557
13140 12469 557
12469 9846 557
9846 1244 557
1244 13547 557
13547 2139 557
2139 16293 557
16293 5432 557
5432 9205 557
9205 16643 557
16643 4235 557
4235 15513 557
15513 12335 557
12335 12103 557
12103 12857 557
12857 6804 557
6804 11344 557
11344 1212 557
1212 8100 557
8100 15288 557
15288 2122 557
2122 12031 557
12031 9288 557
9288 3371 557
3371 15412 557
15412 6570 557
6570 2874 557
2874 870 557
870 9132 557
9132 14704 557
14704 6184 557
6184 11261 557
11261 13247 557
13247 3310 557
3310 3638 557
3638 7337 557
7337 16544 557
16544 16603 557
16603 12372 557
12372 16541 557
16541 6898 557
6898 5491 557
5491 3968 557
3968 1126 557
1126 5475 557
5475 9755 557
9755 13797 557
13797 2223 557
2223 11835 557
11835 12875 557
12875 13129 557
13129 3632 557
3632 1811 557
1811 10352 557
10352 13255 557
13255 8891 557
8891 13491 557
13491 16919 557
16919 14446 557
14446 9723 557
9723 937 557
937 2278 557
2278 6750 557
6750 4374 557
4374 13606 557
13606 14329 557
14329 16152 557
16152 10304 557
10304 5002 557
5002 661 557
661 10619 557
10619 7458 557
7458 8503 557
8503 3088 557
3088 896 557
896 13935 557
13935 5216 557
5216 16315 557
16315 16458 557
16458 2780 557
2780 9898 557
9898 444 557
444 3786 557
3786 12685 557
12685 8629 557
8629 1968 557
1968 3478 557
3478 11323 557
11323 9820 557
9820 12384 557
12384 4225 557
4225 11559 557
11559 16705 557
16705 8009 557
8009 2179 557
2179 12923 557
12923 3104 557
3104 7850 557
7850 8735 557
8735 4167 557
4167 13120 557
13120 7400 557
7400 1248 557
1248 12287 557
12287 1598 557
1598 10238 557
10238 4503 557
4503 12212 557
12212 10277 557
10277 8561 557
8561 1215 557
1215 11901 557
11901 9838 557
9838 7235 557
7235 607 557
607 6253 557
6253 12247 557
12247 11790 557
11790 14847 557
14847 10822 557
10822 13587 557
13587 12881 557
12881 5310 557
5310 15286 557
15286 5128 557
5128 2691 557
2691 13467 557
13467 12380 557
12380 2584 557
2584 13320 557
13320 9709 557
9709 4169 557
4169 14354 557
14354 3831 557
3831 15734 557
15734 8581 557
8581 7104 557
7104 15739 557
15739 6815 557
6815 10319 557
10319 6784 557
6784 257 557
257 6021 557
6021 8718 557
8718 11480 557
11480 1745 557
1745 12252 557
12252 5798 557
5798 8093 557
8093 16924 557
16924 1308 557
1308 10201 557
10201 15781 557
15781 12137 557
12137 6867 557
6867 6457 557
6457 5810 557
5810 14666 557
14666 15902 557
15902 14670 557
14670 16271 557
16271 5398 557
5398 1057 557
1057 16832 557
16832 11421 557
11421 7536 557
7536 8830 557
8830 1178 557
1178 4616 557
4616 9413 557
9413 6005 557
6005 16469 557
16469 5308 557
5308 2575 557
2575 9547 557
9547 704 557
704 1107 557
1107 7839 557
7839 13954 557
13954 15908 557
15908 14106 557
14106 643 557
643 12460 557
12460 11152 557
11152 14071 557
14071 5170 557
5170 351 557
351 11789 557
11789 13513 557
13513 2216 557
2216 112 557
112 12832 557
12832 7527 557
7527 6627 557
6627 497 557
497 3969 557
3969 1093 557
1093 11703 557
11703 9215 557
9215 11276 557
11276 11717 557
11717 3496 557
3496 2436 557
2436 9861 557
9861 9989 557
9989 15917 557
15917 13226 557
13226 4137 557
4137 1681 557
1681 10740 557
10740 4652 557
4652 7725 557
7725 2460 557
2460 4756 557
4756 1152 557
1152 9389 557
9389 4134 557
4134 9401 557
9401 8015 557
8015 8796 557
8796 6111 557
6111 9847 557
9847 7026 557
7026 15380 557
15380 3033 557
3033 645 557
645 14681 557
14681 9681 557
9681 3397 557
3397 4416 557
4416 13185 557
13185 199 557
199 13601 557
13601 8865 557
8865 10554 557
10554 3871 557
3871 15121 557
15121 4945 557
4945 1245 557
1245 16295 557
16295 2561 557
2561 9179 557
9179 11052 557
11052 9371 557
9371 8613 557
8613 11851 557
11851 4750 557
4750 4331 557
4331 15690 557
15690 362 557
362 11659 557
11659 6659 557
6659 3105 557
3105 9088 557
9088 6477 557
6477 1125 557
1125 4206 557
4206 16877 557
16877 7119 557
7119 10703 557
10703 6362 557
6362 6084 557
6084 16240 557
16240 7339 557
7339 4432 557
4432 11529 557
11529 3488 557
3488 11236 557
11236 12973 557
12973 9508 557
9508 8955 557
8955 15387 557
15387 13992 557
13992 2659 557
2659 9220 557
9220 16515 557
16515 10038 557
10038 7823 557
7823 1546 557
1546 11817 557
11817 10263 557
10263 4755 557
4755 9340 557
9340 13531 557
13531 10030 557
10030 10735 557
10735 10943 557
10943 959 557
959 15770 557
15770 12424 557
12424 12590 557
12590 9952 557
9952 5181 557
5181 2999 557
2999 4535 557
4535 10676 557
10676 5606 557
5606 2558 557
2558 8171 557
8171 8351 557
8351 10951 557
10951 11939 557
11939 5257 557
5257 15551 557
15551 10269 557
10269 4359 557
4359 3400 557
3400 7425 557
7425 12094 557
12094 8040 557
8040 4532 557
4532 3211 557
3211 2257 557
2257 16286 557
16286 836 557
836 10546 557
10546 10427 557
10427 7243 557
7243 11785 557
11785 14451 557
14451 6749 557
6749 124 557
124 4469 557
4469 11670 557
11670 2157 557
2157 2747 557
2747 14588 557
14588 14903 557
14903 5770 557
5770 2745 557
2745 887 557
887 2496 557
2496 2386 557
2386 11864 557
11864 6302 557
6302 7378 557
7378 15946 557
15946 4519 557
4519 11134 557
11134 8191 557
8191 12815 557
12815 11187 557
11187 2656 557
2656 259 557
259 12490 557
12490 2764 557
2764 4044 557
4044 13772 557
13772 7940 557
7940 524 557
524 3874 557
3874 1434 557
1434 14975 557
14975 817 557
817 556 557
556 13483 557
13483 7325 557
7325 12153 557
12153 11975 557
11975 10672 557
10672 14060 557
14060 180 557
180 12343 557
12343 14478 557
14478 1822 557
1822 4336 557
4336 6462 557
6462 11691 557
11691 3770 557
3770 14012 557
14012 14636 557
14636 10866 557
10866 14191 557
14191 10143 557
10143 9293 557
9293 9105 557
9105 4539 557
4539 12712 557
12712 3791 557
3791 7024 557
7024 7253 557
7253 16655 557
16655 2331 557
2331 9514 557
9514 13878 557
13878 15416 557
15416 14795 557
14795 52 557
52 6939 557
6939 771 557
771 109 557
109 12926 557
12926 16817 557
16817 9666 557
9666 8639 557
8639 6198 557
6198 16994 557
16994 2527 557
2527 16159 557
16159 11884 557
11884 6179 557
6179 6557 557
6557 16763 557
16763 16063 557
16063 3361 557
3361 9338 557
9338 10507 557
10507 1549 557
1549 16114 557
16114 540 557
540 8002 557
8002 335 557
335 16530 557
16530 4720 557
4720 591 557
591 3117 557
3117 7439 557
7439 10602 557
10602 16626 557
16626 15215 557
15215 760 557
760 5414 557
5414 16545 557
16545 8022 557
8022 14209 557
14209 14156 557
14156 1840 557
1840 12812 557
12812 6338 557
6338 714 557
714 2400 557
2400 1958 557
1958 7215 557
7215 13193 557
13193 14873 557
14873 3115 557
3115 13265 557
13265 6909 557
6909 12209 557
12209 16975 557
16975 9015 557
9015 12118 557
12118 5161 557
5161 4201 557
4201 14371 557
14371 13286 557
13286 5241 557
5241 14407 557
14407 9280 557
9280 4891 557
4891 7897 557
7897 3407 557
3407 11125 557
11125 5729 557
5729 7393 557
7393 5353 557
5353 3617 557
3617 3053 557
3053 2803 557
2803 1203 557
1203 13276 557
13276 3349 557
3349 4566 557
4566 2766 557
2766 2337 557
2337 8215 557
8215 7366 557
7366 15639 557
15639 6069 557
6069 14041 557
14041 15426 557
15426 6908 557
6908 10841 557
10841 1115 557
1115 9525 557
9525 16597 557
16597 3688 557
3688 5065 557
5065 14674 557
14674 666 557
666 8681 557
8681 42 557
42 6997 557
6997 10909 557
10909 16390 557
16390 15038 557
15038 16151 557
16151 13353 557
13353 14508 557
14508 16484 557
16484 10955 557
10955 9905 557
9905 9881 557
9881 948 557
948 3328 557
3328 6652 557
6652 13676 557
13676 730 557
730 10176 557
10176 12055 557
12055 4791 557
4791 11769 557
11769 11458 557
11458 10569 557
10569 5061 557
5061 4368 557
4368 4384 557
4384 12106 557
12106 13518 557
13518 2609 557
2609 13974 557
13974 4887 557
4887 14332 557
14332 10648 557
10648 7889 557
7889 2201 557
2201 2204 557
2204 4666 557
4666 15324 557
15324 10063 557
10063 8766 557
8766 4557 557
4557 13760 557
13760 8662 557
8662 4025 557
4025 10359 557
10359 10795 557
10795 3665 557
3665 2370 557
2370 1934 557
1934 422 557
422 8113 557
8113 1926 557
1926 13644 557
13644 4792 557
4792 13093 557
13093 7330 557
7330 11389 557
11389 16996 557
16996 11930 557
11930 5090 557
5090 5984 557
5984 15596 557
15596 3124 557
3124 12992 557
12992 9933 557
9933 2474 557
2474 9214 557
9214 5213 557
5213 4962 557
4962 14669 557
14669 11561 557
11561 11401 557
11401 15969 557
15969 3324 557
3324 3173 557
3173 6838 557
6838 16324 557
16324 5571 557
5571 1755 557
1755 10253 557
10253 13809 557
13809 16930 557
16930 1927 557
1927 1512 557
1512 6858 557
6858 16727 557
16727 5143 557
5143 3779 557
3779 16105 557
16105 9680 557
9680 4110 557
4110 13457 557
13457 10528 557
10528 499 557
499 15361 557
15361 818 557
818 14722 557
14722 12011 557
12011 2915 557
2915 5956 557
5956 11334 557
11334 6523 557
6523 14885 557
14885 7476 557
7476 6209 557
6209 5825 557
5825 11051 557
11051 3254 557
3254 7021 557
7021 16761 557
16761 14336 557
14336 5894 557
5894 2810 557
2810 15496 557
15496 3194 557
3194 5531 557
5531 8869 557
8869 9139 557
9139 9031 557
9031 6560 557
6560 8124 557
8124 7861 557
7861 5680 557
5680 9245 557
9245 14036 557
14036 16734 557
16734 16717 557
16717 7516 557
7516 4589 557
4589 9076 557
9076 1972 557
1972 635 557
635 4198 557
4198 2339 557
2339 4004 557
4004 12521 557
12521 16262 557
16262 3172 557
3172 2418 557
2418 10856 557
10856 3589 557
3589 4976 557
4976 6112 557
6112 3933 557
3933 9009 557
9009 7044 557
7044 14070 557
14070 2797 557
2797 3548 557
3548 8350 557
8350 5314 557
5314 1193 557
1193 8579 557
8579 1297 557
1297 8985 557
8985 14266 557
14266 4928 557
4928 13757 557
13757 2622 557
2622 6592 557
6592 16791 557
16791 14280 557
14280 1254 557
1254 14265 557
14265 14810 557
14810 3464 557
3464 4546 557
4546 6247 557
6247 13921 557
13921 13861 557
13861 9644 557
9644 2955 557
2955 14554 557
14554 2363 557
2363 10059 557
10059 12180 557
12180 11627 557
11627 16596 557
16596 10844 557
10844 12954 557
12954 1039 557
1039 8172 557
8172 2532 557
2532 9957 557
9957 15463 557
15463 7546 557
7546 5996 557
5996 15738 557
15738 5900 557
5900 5671 557
5671 10072 557
10072 8132 557
8132 2380 557
2380 15347 557
15347 1073 557
1073 2150 557
2150 3335 557
3335 14697 557
14697 14846 557
14846 7625 557
7625 1269 557
1269 4514 557
4514 10453 557
10453 12861 557
12861 1169 557
1169 9840 557
9840 1479 557
1479 4980 557
4980 425 557
425 10234 557
10234 16666 557
16666 9254 557
9254 14691 557
14691 250 557
250 7723 557
7723 14557 557
14557 7601 557
7601 10724 557
10724 12271 557
12271 3348 557
3348 4677 557
4677 687 557
687 3942 557
3942 13525 557
13525 11088 557
11088 922 557
922 14040 557
14040 7294 557
7294 2565 557
2565 1209 557
1209 9509 557
9509 10605 557
10605 4499 557
4499 11452 557
11452 11558 557
11558 14496 557
14496 12637 557
12637 145 557
145 11352 557
11352 15417 557
15417 8274 557
8274 2808 557
2808 7301 557
7301 9126 557
9126 1162 557
1162 12459 557
12459 1851 557
1851 16584 557
16584 1160 557
1160 7722 557
7722 6763 557
6763 12635 557
12635 3182 557
3182 12417 557
12417 12556 557
12556 7791 557
7791 15299 557
15299 15124 557
15124 11001 557
11001 13665 557
13665 670 557
670 2610 557
2610 15520 557
15520 2128 557
2128 15430 557
15430 5146 557
5146 15936 557
15936 8222 557
8222 5176 557
5176 14250 557
14250 14542 557
14542 9493 557
9493 7648 557
7648 8634 557
8634 2269 557
2269 3202 557
3202 1164 557
1164 8349 557
8349 13055 557
13055 2226 557
2226 15635 557
15635 10292 557
10292 10527 557
10527 5352 557
5352 4630 557
4630 15602 557
15602 1485 557
1485 11512 557
11512 11685 557
11685 5941 557
5941 11405 557
11405 907 557
907 4490 557
4490 6798 557
6798 6809 557
6809 1746 557
1746 15866 557
15866 8878 557
8878 13370 557
13370 3185 557
3185 1943 557
1943 6539 557
6539 3674 557
3674 6137 557
6137 9045 557
9045 13391 557
13391 6087 557
6087 2482 557
2482 10119 557
10119 901 557
901 10737 557
10737 14648 557
14648 2974 557
2974 7717 557
7717 6857 557
6857 7828 557
7828 16796 557
16796 7415 557
7415 16195 557
16195 5165 557
5165 3903 557
3903 16510 557
16510 12846 557
12846 10517 557
10517 966 557
966 10214 557
10214 10945 557
10945 16419 557
16419 12866 557
12866 2856 557
2856 13369 557
13369 15212 557
15212 7811 557
7811 15919 557
15919 4477 557
4477 7892 557
7892 17 557
17 278 557
278 4611 557
4611 13833 557
13833 916 557
916 14067 557
14067 12922 557
12922 6320 557
6320 8806 557
8806 5875 557
5875 2114 557
2114 13489 557
13489 8794 557
8794 16399 557
16399 10240 557
10240 4001 557
4001 2268 557
2268 15771 557
15771 15263 557
15263 6120 557
6120 226 557
226 642 557
642 5187 557
5187 8161 557
8161 6387 557
6387 2211 557
2211 16210 557
16210 11215 557
11215 7893 557
7893 7997 557
7997 3426 557
3426 507 557
507 7565 557
7565 14015 557
14015 16025 557
16025 13003 557
13003 12986 557
12986 10545 557
10545 6808 557
6808 9322 557
9322 3179 557
3179 6754 557
6754 12572 557
12572 15562 557
15562 3901 557
3901 2544 557
2544 1386 557
1386 9875 557
9875 2743 557
2743 15049 557
15049 8652 557
8652 4706 557
4706 15965 557
15965 9713 557
9713 2272 557
2272 9353 557
9353 2306 557
2306 16523 557
16523 9336 557
9336 16149 557
16149 11698 557
11698 9951 557
9951 7281 557
7281 5880 557
5880 4713 557
4713 7344 557
7344 14011 557
14011 15473 557
15473 6743 557
6743 14150 557
14150 6009 557
6009 5413 557
5413 13382 557
13382 9522 557
9522 2028 557
2028 6068 557
6068 14678 557
14678 10847 557
10847 7692 557
7692 11845 557
11845 9706 557
9706 13257 557
13257 4798 557
4798 8756 557
8756 7787 557
7787 8388 557
8388 13787 557
13787 1207 557
1207 15317 557
15317 5627 557
5627 6230 557
6230 7331 557
7331 1171 557
1171 11146 557
11146 2492 557
2492 6645 557
6645 14448 557
14448 6859 557
6859 15302 557
15302 6745 557
6745 3580 557
3580 7539 557
7539 2261 557
2261 10654 557
10654 9630 557
9630 12703 557
12703 7320 557
7320 11423 557
11423 10421 557
10421 8219 557
8219 16277 557
16277 15799 557
15799 7675 557
7675 3723 557
3723 14323 557
14323 6035 557
6035 3709 557
3709 14120 557
14120 16268 557
16268 2313 557
2313 7128 557
7128 4843 557
4843 7282 557
7282 8460 557
8460 14008 557
14008 7936 557
7936 5773 557
5773 325 557
325 3028 557
3028 14427 557
14427 4422 557
4422 4847 557
4847 6687 557
6687 1718 557
1718 4775 557
4775 1525 557
1525 12305 557
12305 5204 557
5204 2002 557
2002 8352 557
8352 10611 557
10611 7947 557
7947 9597 557
9597 3585 557
3585 3972 557
3972 14564 557
14564 331 557
331 9166 557
9166 6376 557
6376 4282 557
4282 7569 557
7569 14096 557
14096 14991 557
14991 7297 557
7297 15409 557
15409 902 557
902 11505 557
11505 14641 557
14641 482 557
482 12119 557
12119 9334 557
9334 8247 557
8247 9498 557
9498 14743 557
14743 16671 557
16671 7578 557
7578 14868 557
14868 2332 557
2332 53 557
53 10551 557
10551 11117 557
11117 3364 557
3364 9072 557
9072 2464 557
2464 8780 557
8780 15066 557
15066 16661 557
16661 11950 557
11950 12242 557
12242 7926 557
7926 14279 557
14279 310 557
310 1844 557
1844 15795 557
15795 2689 557
2689 7397 557
7397 8156 557
8156 7702 557
7702 5391 557
5391 4433 557
4433 8614 557
8614 5178 557
5178 8885 557
8885 8118 557
8118 3147 557
3147 15901 557
15901 9797 557
9797 650 557
650 9804 557
9804 3633 557
3633 1800 557
1800 1545 557
1545 6781 557
6781 7058 557
7058 4804 557
4804 16401 557
16401 10973 557
10973 11055 557
11055 150 557
150 10687 557
10687 1116 557
1116 14763 557
14763 6780 557
6780 11601 557
11601 3401 557
3401 12885 557
12885 12983 557
12983 6448 557
6448 1372 557
1372 10171 557
10171 10154 557
10154 12897 557
12897 11353 557
11353 9507 557
9507 2757 557
2757 14350 557
14350 4523 557
4523 14596 557
14596 3559 557
3559 374 557
374 16395 557
16395 3798 557
3798 10964 557
10964 13941 557
13941 14072 557
14072 11543 557
11543 5441 557
5441 13018 557
13018 5229 557
5229 12280 557
12280 5674 557
5674 2479 557
2479 11554 557
11554 16196 557
16196 5320 557
5320 14800 557
14800 4035 557
4035 7645 557
7645 3579 557
3579 15569 557
15569 5141 557
5141 10286 557
10286 12641 557
12641 3515 557
3515 11260 557
11260 14630 557
14630 15842 557
15842 16743 557
16743 15970 557
15970 253 557
253 16898 557
16898 3982 557
3982 16630 557
16630 13888 557
13888 3995 557
3995 5338 557
5338 13214 557
13214 15505 557
15505 2227 557
2227 14385 557
14385 12858 557
12858 87 557
87 15217 557
15217 1092 557
1092 13181 557
13181 9481 557
9481 8493 557
8493 292 557
292 10454 557
10454 1174 557
1174 5641 557
5641 14430 557
14430 15597 557
15597 11682 557
11682 8996 557
8996 16255 557
16255 15206 557
15206 9694 557
9694 1669 557
1669 2481 557
2481 14142 557
14142 11473 557
11473 6289 557
6289 11087 557
11087 3121 557
3121 3089 557
3089 13088 557
13088 2820 557
2820 9790 557
9790 13585 557
13585 7076 557
7076 3847 557
3847 10134 557
10134 16490 557
16490 2476 557
2476 9342 557
9342 7054 557
7054 2290 557
2290 9728 557
9728 14360 557
14360 3230 557
3230 10123 557
10123 4353 557
4353 10749 557
10749 8771 557
8771 12355 557
12355 4894 557
4894 11032 557
11032 8255 557
8255 8470 557
8470 7130 557
7130 12059 557
12059 15240 557
15240 905 557
905 10460 557
10460 12600 557
12600 5231 557
5231 14582 557
14582 2793 557
2793 224 557
224 15264 557
15264 15556 557
15556 11687 557
11687 14020 557
14020 5979 557
5979 10723 557
10723 8910 557
8910 16172 557
16172 5388 557
5388 6128 557
6128 3788 557
3788 6689 557
6689 16664 557
16664 6447 557
6447 9051 557
9051 16373 557
16373 7501 557
7501 8128 557
8128 230 557
230 13756 557
13756 11644 557
11644 12568 557
12568 9002 557
9002 10932 557
10932 14721 557
14721 11151 557
11151 2835 557
2835 4783 557
4783 11490 557
11490 1707 557
1707 14662 557
14662 733 557
733 1332 557
1332 3952 557
3952 1557 557
1557 15144 557
15144 12200 557
12200 13913 557
13913 13057 557
13057 408 557
408 12953 557
12953 6648 557
6648 11954 557
11954 13147 557
13147 15637 557
15637 15390 557
15390 6733 557
6733 12323 557
12323 9859 557
9859 277 557
277 734 557
734 12376 557
12376 6046 557
6046 16215 557
16215 10530 557
10530 4595 557
4595 16207 557
16207 111 557
111 5964 557
5964 2769 557
2769 7570 557
7570 13709 557
13709 8101 557
8101 14416 557
14416 4238 557
4238 13493 557
13493 1356 557
1356 4767 557
4767 10657 557
10657 9407 557
9407 16284 557
16284 16913 557
16913 7939 557
7939 16378 557
16378 2438 557
2438 12257 557
12257 5276 557
5276 7803 557
7803 7292 557
7292 3451 557
3451 5758 557
5758 14083 557
14083 15107 557
15107 14821 557
14821 5039 557
5039 16740 557
16740 13957 557
13957 12737 557
12737 12680 557
12680 16183 557
16183 297 557
297 10535 557
10535 7057 557
7057 475 557
475 15702 557
15702 1570 557
1570 9988 557
9988 13599 557
13599 3922 557
3922 5804 557
5804 12619 557
12619 15357 557
15357 12958 557
12958 13670 557
13670 838 557
838 8669 557
8669 4871 557
4871 8437 557
8437 691 557
691 5522 557
5522 6023 557
6023 463 557
463 10902 557
10902 5127 557
5127 11758 557
11758 1838 557
1838 4796 557
4796 16751 557
16751 15193 557
15193 1814 557
1814 4046 557
4046 783 557
783 3398 557
3398 8326 557
8326 15280 557
15280 3822 557
3822 9135 557
9135 4737 557
4737 7198 557
7198 1701 557
1701 122 557
122 5938 557
5938 16087 557
16087 10099 557
10099 6919 557
6919 15279 557
15279 7209 557
7209 12236 557
12236 1872 557
1872 4371 557
4371 16165 557
16165 15668 557
15668 3532 557
3532 2368 557
2368 20 557
20 16673 557
16673 8978 557
8978 16457 557
16457 9537 557
9537 7333 557
7333 12664 557
12664 13719 557
13719 13321 557
13321 4402 557
4402 1607 557
1607 15474 557
15474 3865 557
3865 11336 557
11336 2338 557
2338 10372 557
10372 2921 557
2921 14994 557
14994 10923 557
10923 11736 557
11736 13412 557
13412 11711 557
11711 2258 557
2258 16864 557
16864 11697 557
11697 4840 557
4840 700 557
700 6744 557
6744 4210 557
4210 6863 557
6863 8984 557
8984 16299 557
16299 13150 557
13150 12656 557
12656 79 557
79 11695 557
11695 14380 557
14380 14240 557
14240 15572 557
15572 16355 557
16355 5910 557
5910 9788 557
9788 11625 557
11625 11982 557
11982 11556 557
11556 10747 557
10747 2540 557
2540 5331 557
5331 13816 557
13816 784 557
784 7541 557
7541 10950 557
10950 13217 557
13217 389 557
389 9880 557
9880 11375 557
11375 7869 557
7869 13062 557
13062 14570 557
14570 3441 557
3441 2294 557
2294 4338 557
4338 10585 557
10585 16083 557
16083 16551 557
16551 611 557
611 15871 557
15871 14260 557
14260 13076 557
13076 15785 557
15785 3859 557
3859 16252 557
16252 5126 557
5126 1320 557
1320 7646 557
7646 9534 557
9534 3318 557
3318 4221 557
4221 4873 557
4873 8433 557
8433 3108 557
3108 7883 557
7883 10152 557
10152 10029 557
10029 14271 557
14271 1739 557
1739 1079 557
1079 4762 557
4762 7212 557
7212 15362 557
15362 12351 557
12351 6594 557
6594 15287 557
15287 14434 557
14434 1916 557
1916 3057 557
3057 3238 557
3238 14144 557
14144 9066 557
9066 15835 557
15835 5281 557
5281 8784 557
8784 3964 557
3964 11636 557
11636 12969 557
12969 10987 557
10987 13792 557
13792 11409 557
11409 4517 557
4517 12531 557
12531 4881 557
4881 7453 557
7453 13658 557
13658 15136 557
15136 12544 557
12544 3963 557
3963 2024 557
2024 320 557
320 1706 557
1706 14682 557
14682 4142 557
4142 10325 557
10325 1286 557
1286 12623 557
12623 4411 557
4411 587 557
587 15571 557
15571 10470 557
10470 9764 557
9764 8573 557
8573 32 557
32 16445 557
16445 2416 557
2416 13983 557
13983 6243 557
6243 13721 557
13721 7500 557
7500 4306 557
4306 12225 557
12225 9608 557
9608 9187 557
9187 4153 557
4153 1477 557
1477 66 557
66 9249 557
9249 15587 557
15587 1305 557
1305 7596 557
7596 10419 557
10419 3201 557
3201 7511 557
7511 303 557
303 14321 557
14321 1347 557
1347 5753 557
5753 2546 557
2546 6321 557
6321 7603 557
7603 8723 557
8723 1691 557
1691 14282 557
14282 5562 557
5562 338 557
338 16477 557
16477 6993 557
6993 11507 557
11507 9277 557
9277 9759 557
9759 10712 557
10712 3087 557
3087 8880 557
8880 16493 557
16493 13227 557
13227 16438 557
16438 11648 557
11648 1163 557
1163 10957 557
10957 12552 557
12552 3573 557
3573 13546 557
13546 4397 557
4397 4352 557
4352 1391 557
1391 3458 557
3458 1830 557
1830 8745 557
8745 15404 557
15404 9406 557
9406 11902 557
11902 7153 557
7153 9316 557
9316 7567 557
7567 1834 557
1834 11515 557
11515 13231 557
13231 4279 557
4279 964 557
964 14165 557
14165 2118 557
2118 11511 557
11511 1324 557
1324 10456 557
10456 16729 557
16729 11081 557
11081 12165 557
12165 7967 557
7967 2006 557
2006 2709 557
2709 10981 557
10981 15661 557
15661 13981 557
13981 1544 557
1544 14388 557
14388 5526 557
5526 5449 557
5449 14767 557
14767 2823 557
2823 14445 557
14445 1425 557
1425 3923 557
3923 1330 557
1330 3198 557
3198 11665 557
11665 8005 557
8005 1938 557
1938 11937 557
11937 16086 557
16086 1225 557
1225 13293 557
13293 14418 557
14418 5351 557
5351 7672 557
7672 598 557
598 10895 557
10895 11253 557
11253 4711 557
4711 7065 557
7065 2687 557
2687 3838 557
3838 3598 557
3598 13131 557
13131 14610 557
14610 9077 557
9077 11708 557
11708 4970 557
4970 15461 557
15461 5889 557
5889 12105 557
12105 5117 557
5117 14341 557
14341 5089 557
5089 16562 557
16562 16834 557
16834 10880 557
10880 8126 557
8126 11477 557
11477 14305 557
14305 3136 557
3136 6944 557
6944 4154 557
4154 12208 557
12208 8656 557
8656 13657 557
13657 5565 557
5565 10190 557
10190 11654 557
11654 2093 557
2093 4367 557
4367 5087 557
5087 1228 557
1228 5464 557
5464 13938 557
13938 6607 557
6607 7905 557
7905 2063 557
2063 665 557
665 4624 557
4624 3375 557
3375 11003 557
11003 130 557
130 1671 557
1671 15252 557
15252 4296 557
4296 5800 557
5800 13982 557
13982 10587 557
10587 2308 557
2308 10617 557
10617 6946 557
6946 2191 557
2191 7410 557
7410 15120 557
15120 9866 557
9866 4312 557
4312 13317 557
13317 15082 557
15082 16829 557
16829 14883 557
14883 1836 557
1836 5357 557
5357 9160 557
9160 15554 557
15554 13867 557
13867 4726 557
4726 16974 557
16974 12058 557
12058 1134 557
1134 8642 557
8642 754 557
754 6771 557
6771 3890 557
3890 3455 557
3455 7609 557
7609 8947 557
8947 13310 557
13310 13098 557
13098 6204 557
6204 3447 557
3447 3792 557
3792 4784 557
4784 14653 557
14653 5302 557
5302 2468 557
2468 2033 557
2033 12966 557
12966 5112 557
5112 13750 557
13750 5465 557
5465 1399 557
1399 4304 557
4304 10044 557
10044 1801 557
1801 14233 557
14233 9916 557
9916 8930 557
8930 4009 557
4009 12882 557
12882 4461 557
4461 13496 557
13496 2469 557
2469 13443 557
13443 13876 557
13876 16365 557
16365 9779 557
9779 9913 557
9913 10934 557
10934 7028 557
7028 12234 557
12234 14364 557
14364 15777 557
15777 3780 557
3780 15900 557
15900 13236 557
13236 11274 557
11274 4831 557
4831 6186 557
6186 9158 557
9158 10560 557
10560 4667 557
4667 8144 557
8144 13458 557
13458 7005 557
7005 15942 557
15942 10691 557
10691 8059 557
8059 4170 557
4170 7724 557
7724 13473 557
13473 1142 557
1142 2897 557
2897 191 557
191 11551 557
11551 4735 557
4735 5903 557
5903 1861 557
1861 15000 557
15000 7080 557
7080 10922 557
10922 13128 557
13128 14622 557
14622 15693 557
15693 13688 557
13688 7921 557
7921 12661 557
12661 13952 557
13952 10972 557
10972 8575 557
8575 724 557
724 12502 557
12502 4937 557
4937 2749 557
2749 2199 557
2199 12003 557
12003 14569 557
14569 10696 557
10696 1803 557
1803 16907 557
16907 8332 557
8332 617 557
617 4621 557
4621 1848 557
1848 15006 557
15006 3419 557
3419 4760 557
4760 14677 557
14677 6791 557
6791 3499 557
3499 2397 557
2397 3587 557
3587 16876 557
16876 4705 557
4705 2513 557
2513 6865 557
6865 2538 557
2538 8791 557
8791 12893 557
12893 939 557
939 16417 557
16417 11064 557
11064 8569 557
8569 12012 557
12012 14813 557
14813 12609 557
12609 14875 557
14875 6010 557
6010 12438 557
12438 16130 557
16130 16823 557
16823 9099 557
9099 14668 557
14668 16641 557
16641 10512 557
10512 5982 557
5982 9523 557
9523 15269 557
15269 9816 557
9816 11485 557
11485 16726 557
16726 12566 557
12566 12146 557
12146 5972 557
5972 4654 557
4654 1757 557
1757 12747 557
12747 15685 557
15685 1374 557
1374 13021 557
13021 2170 557
2170 6085 557
6085 7092 557
7092 12084 557
12084 7693 557
7693 10376 557
10376 15962 557
15962 15761 557
15761 10155 557
10155 1547 557
1547 8655 557
8655 16632 557
16632 456 557
456 8593 557
8593 1699 557
1699 13111 557
13111 4034 557
4034 9817 557
9817 5780 557
5780 1432 557
1432 15103 557
15103 13419 557
13419 15477 557
15477 8846 557
8846 7189 557
7189 8129 557
8129 10752 557
10752 16598 557
16598 14860 557
14860 10350 557
10350 5384 557
5384 12140 557
12140 5635 557
5635 5327 557
5327 15502 557
15502 7729 557
7729 950 557
950 13280 557
13280 2690 557
2690 5653 557
5653 8716 557
8716 7606 557
7606 4839 557
4839 8376 557
8376 7062 557
7062 11328 557
11328 13706 557
13706 7508 557
7508 8833 557
8833 5833 557
5833 14254 557
14254 7986 557
7986 12296 557
12296 6526 557
6526 2934 557
2934 12321 557
12321 2475 557
2475 6565 557
6565 16018 557
16018 8066 557
8066 4736 557
4736 6026 557
6026 6317 557
6317 14307 557
14307 13580 557
13580 15547 557
15547 533 557
533 125 557
125 9042 557
9042 5556 557
5556 9592 557
9592 12693 557
12693 1614 557
1614 14087 557
14087 11993 557
11993 2493 557
2493 5815 557
5815 5668 557
5668 5295 557
5295 12914 557
12914 6421 557
6421 5988 557
5988 1560 557
1560 11440 557
11440 15028 557
15028 9882 557
9882 13970 557
13970 14167 557
14167 3805 557
3805 4548 557
4548 10645 557
10645 5580 557
5580 15245 557
15245 2603 557
2603 14815 557
14815 2050 557
2050 16361 557
16361 15315 557
15315 10397 557
10397 7782 557
7782 2214 557
2214 7113 557
7113 4927 557
4927 890 557
890 7980 557
7980 12341 557
12341 9617 557
9617 12912 557
12912 1539 557
1539 10547 557
10547 2172 557
2172 12375 557
12375 16572 557
16572 3764 557
3764 4808 557
4808 9750 557
9750 14091 557
14091 10760 557
10760 10965 557
10965 8879 557
8879 1889 557
1889 5952 557
5952 7491 557
7491 14590 557
14590 15457 557
15457 4224 557
4224 10221 557
10221 9100 557
9100 2838 557
2838 15343 557
15343 12461 557
12461 7490 557
7490 237 557
237 11000 557
11000 5796 557
5796 708 557
708 923 557
923 2625 557
2625 6761 557
6761 8941 557
8941 15366 557
15366 2672 557
2672 3154 557
3154 3670 557
3670 9394 557
9394 7037 557
7037 6274 557
6274 7348 557
7348 10731 557
10731 15266 557
15266 3621 557
3621 1566 557
1566 3728 557
3728 8672 557
8672 14937 557
14937 15755 557
15755 13891 557
13891 3489 557
3489 16450 557
16450 11652 557
11652 7622 557
7622 14186 557
14186 10811 557
10811 16010 557
16010 917 557
917 15557 557
15557 7411 557
7411 4425 557
4425 13450 557
13450 10086 557
10086 16719 557
16719 11504 557
11504 11174 557
11174 9794 557
9794 14439 557
14439 11760 557
11760 5189 557
5189 7048 557
7048 2207 557
2207 8958 557
8958 14256 557
14256 377 557
377 14381 557
14381 6410 557
6410 9591 557
9591 2081 557
2081 8871 557
8871 16303 557
16303 15105 557
15105 14366 557
14366 15039 557
15039 1045 557
1045 10661 557
10661 14807 557
14807 7970 557
7970 913 557
913 8107 557
8107 9582 557
9582 9691 557
9691 12835 557
12835 13492 557
13492 2572 557
2572 11630 557
11630 15443 557
15443 5365 557
5365 6 557
6 9050 557
9050 243 557
243 15681 557
15681 9435 557
9435 14187 557
14187 14203 557
14203 10888 557
10888 6295 557
6295 1319 557
1319 4834 557
4834 16687 557
16687 15808 557
15808 10756 557
10756 13020 557
13020 8155 557
8155 54 557
54 9278 557
9278 10129 557
10129 10409 557
10409 12007 557
12007 11206 557
11206 11475 557
11475 15577 557
15577 14771 557
14771 7656 557
7656 12734 557
12734 11045 557
11045 8648 557
8648 12985 557
12985 711 557
711 5817 557
5817 12381 557
12381 6768 557
6768 1868 557
1868 14949 557
14949 15224 557
15224 15622 557
15622 16128 557
16128 4908 557
4908 13035 557
13035 2119 557
2119 5494 557
5494 14772 557
14772 14758 557
14758 15176 557
15176 4003 557
4003 11194 557
11194 214 557
214 15178 557
15178 7844 557
7844 41 557
41 5532 557
5532 129 557
129 14680 557
14680 4393 557
4393 14247 557
14247 10615 557
10615 13842 557
13842 8730 557
8730 2095 557
2095 15272 557
15272 1487 557
1487 6252 557
6252 592 557
592 10361 557
10361 14456 557
14456 6752 557
6752 6114 557
6114 11279 557
11279 3689 557
3689 9358 557
9358 9841 557
9841 4861 557
4861 13724 557
13724 933 557
933 11303 557
11303 16766 557
16766 9674 557
9674 8297 557
8297 1630 557
1630 3809 557
3809 4779 557
4779 15346 557
15346 9657 557
9657 11688 557
11688 7108 557
7108 9819 557
9819 16635 557
16635 69 557
69 6498 557
6498 407 557
407 6203 557
6203 14997 557
14997 1501 557
1501 12726 557
12726 7826 557
7826 2751 557
2751 11367 557
11367 3435 557
3435 2461 557
2461 5713 557
5713 4659 557
4659 8419 557
8419 9585 557
9585 4361 557
4361 14511 557
14511 6790 557
6790 10778 557
10778 10284 557
10284 7630 557
7630 13916 557
13916 181 557
181 8956 557
8956 1406 557
1406 2004 557
2004 14887 557
14887 14881 557
14881 8739 557
8739 2034 557
2034 8715 557
8715 13864 557
13864 4906 557
4906 15427 557
15427 7352 557
7352 10910 557
10910 6352 557
6352 14017 557
14017 15830 557
15830 886 557
886 9716 557
9716 14773 557
14773 11382 557
11382 9611 557
9611 6982 557
6982 11516 557
11516 3309 557
3309 2303 557
2303 6097 557
6097 3166 557
3166 604 557
604 4024 557
4024 2920 557
2920 7313 557
7313 1519 557
1519 11035 557
11035 16697 557
16697 4211 557
4211 14538 557
14538 11899 557
11899 6065 557
6065 12711 557
12711 7788 557
7788 2585 557
2585 2623 557
2623 8889 557
8889 15218 557
15218 2953 557
2953 3287 557
3287 15645 557
15645 472 557
472 12370 557
12370 4821 557
4821 12851 557
12851 11506 557
11506 4568 557
4568 9580 557
9580 6051 557
6051 2521 557
2521 15177 557
15177 16080 557
16080 3326 557
3326 3082 557
3082 9914 557
9914 13201 557
13201 16343 557
16343 674 557
674 4405 557
4405 6665 557
6665 12542 557
12542 879 557
879 10835 557
10835 8088 557
8088 1786 557
1786 15818 557
15818 8862 557
8862 6850 557
6850 8276 557
8276 8090 557
8090 15727 557
15727 15745 557
15745 7991 557
7991 210 557
210 12133 557
12133 4679 557
4679 9361 557
9361 601 557
601 15353 557
15353 11798 557
11798 13818 557
13818 10787 557
10787 5071 557
5071 1031 557
1031 12831 557
12831 4885 557
4885 15145 557
15145 753 557
753 2869 557
2869 2762 557
2762 2502 557
2502 10826 557
10826 6587 557
6587 8994 557
8994 5676 557
5676 15792 557
15792 13040 557
13040 15591 557
15591 11945 557
11945 9265 557
9265 4655 557
4655 12051 557
12051 11411 557
11411 86 557
86 357 557
357 4020 557
4020 8670 557
8670 13365 557
13365 11193 557
11193 10673 557
10673 15740 557
15740 9221 557
9221 10571 557
10571 16858 557
16858 10323 557
10323 15604 557
15604 10039 557
10039 6308 557
6308 8414 557
8414 14037 557
14037 5048 557
5048 15868 557
15868 361 557
361 13690 557
13690 3845 557
3845 11037 557
11037 14218 557
14218 7832 557
7832 8976 557
8976 9484 557
9484 2592 557
2592 16801 557
16801 16091 557
16091 2132 557
2132 6554 557
6554 8562 557
8562 2873 557
2873 5205 557
5205 2135 557
2135 756 557
756 6057 557
6057 510 557
510 4084 557
4084 11183 557
11183 4107 557
4107 5206 557
5206 12436 557
12436 5525 557
5525 14915 557
14915 14843 557
14843 3181 557
3181 9946 557
9946 8188 557
8188 14584 557
14584 8080 557
8080 9275 557
9275 9121 557
9121 7607 557
7607 14507 557
14507 15399 557
15399 15780 557
15780 5659 557
5659 14748 557
14748 2309 557
2309 10407 557
10407 289 557
289 13237 557
13237 2997 557
2997 12038 557
12038 4245 557
4245 7657 557
7657 5533 557
5533 8998 557
8998 10126 557
10126 13544 557
13544 677 557
677 5054 557
5054 13435 557
13435 14101 557
14101 16897 557
16897 4738 557
4738 3164 557
3164 16095 557
16095 2722 557
2722 10337 557
10337 11784 557
11784 14263 557
14263 15406 557
15406 13166 557
13166 10843 557
10843 6684 557
6684 16995 557
16995 2551 557
2551 7175 557
7175 10851 557
10851 7038 557
7038 4664 557
4664 16828 557
16828 6018 557
6018 8052 557
8052 118 557
118 10541 557
10541 3422 557
3422 12365 557
12365 3343 557
3343 10901 557
10901 9584 557
9584 16302 557
16302 9902 557
9902 11491 557
11491 7800 557
7800 7495 557
7495 7429 557
7429 1672 557
1672 3295 557
3295 8832 557
8832 11002 557
11002 8964 557
8964 10091 557
10091 15840 557
15840 2014 557
2014 6267 557
6267 16862 557
16862 7872 557
7872 1050 557
1050 16838 557
16838 3497 557
3497 1091 557
1091 5876 557
5876 2109 557
2109 13068 557
13068 14053 557
14053 7920 557
7920 13621 557
13621 13730 557
13730 2626 557
2626 2591 557
2591 3842 557
3842 14559 557
14559 16803 557
16803 16081 557
16081 1580 557
1580 12288 557
12288 570 557
570 4603 557
4603 8389 557
8389 6014 557
6014 12589 557
12589 8722 557
8722 14491 557
14491 8329 557
8329 8163 557
8163 10345 557
10345 957 557
957 4555 557
4555 1000 557
1000 900 557
900 4734 557
4734 8660 557
8660 8198 557
8198 16199 557
16199 5033 557
5033 15953 557
15953 603 557
603 9983 557
9983 5062 557
5062 9168 557
9168 5733 557
5733 76 557
76 2213 557
2213 12411 557
12411 757 557
757 10674 557
10674 3604 557
3604 7619 557
7619 1829 557
1829 15743 557
15743 3236 557
3236 16180 557
16180 14858 557
14858 14422 557
14422 2671 557
2671 11376 557
11376 2681 557
2681 4806 557
4806 16146 557
16146 14527 557
14527 6103 557
6103 15249 557
15249 13152 557
13152 12753 557
12753 15102 557
15102 11841 557
11841 12491 557
12491 2861 557
2861 2346 557
2346 146 557
146 15271 557
15271 11018 557
11018 12292 557
12292 14907 557
14907 13056 557
13056 8589 557
8589 1812 557
1812 5977 557
5977 7925 557
7925 871 557
871 9198 557
9198 13875 557
13875 15088 557
15088 16471 557
16471 10392 557
10392 4342 557
4342 11680 557
11680 2828 557
2828 7624 557
7624 13078 557
13078 152 557
152 9747 557
9747 13083 557
13083 15833 557
15833 1127 557
1127 14548 557
14548 15001 557
15001 13506 557
13506 12613 557
12613 7249 557
7249 15579 557
15579 13574 557
13574 1323 557
1323 12298 557
12298 15673 557
15673 2825 557
2825 13568 557
13568 3679 557
3679 14917 557
14917 3678 557
3678 13691 557
13691 312 557
312 4754 557
4754 15930 557
15930 3521 557
3521 11741 557
11741 1841 557
1841 5737 557
5737 3879 557
3879 14194 557
14194 6411 557
6411 6496 557
6496 16205 557
16205 5536 557
5536 14014 557
14014 6832 557
6832 11444 557
11444 14703 557
14703 7680 557
7680 13680 557
13680 16110 557
16110 8138 557
8138 11197 557
11197 9731 557
9731 5007 557
5007 9863 557
9863 15024 557
15024 12162 557
12162 9299 557
9299 14253 557
14253 8358 557
8358 9548 557
9548 3430 557
3430 3630 557
3630 4550 557
4550 7793 557
7793 16032 557
16032 15696 557
15696 9233 557
9233 14597 557
14597 12697 557
12697 14286 557
14286 13646 557
13646 2053 557
2053 16084 557
16084 3483 557
3483 3041 557
3041 7796 557
7796 15166 557
15166 5784 557
5784 4264 557
4264 14526 557
14526 8098 557
8098 418 557
418 12834 557
12834 5288 557
5288 2978 557
2978 3370 557
3370 4349 557
4349 268 557
268 11500 557
11500 9780 557
9780 6675 557
6675 13743 557
13743 15483 557
15483 5908 557
5908 8876 557
8876 16910 557
16910 10362 557
10362 2333 557
2333 114 557
114 3967 557
3967 9019 557
9019 423 557
423 8993 557
8993 5909 557
5909 3156 557
3156 10961 557
10961 3512 557
3512 6148 557
6148 1782 557
1782 13322 557
13322 15159 557
15159 11742 557
11742 3531 557
3531 3387 557
3387 1249 557
1249 384 557
384 14747 557
14747 6917 557
6917 7144 557
7144 6584 557
6584 12911 557
12911 15453 557
15453 586 557
586 9698 557
9698 263 557
263 6549 557
6549 10275 557
10275 201 557
201 300 557
300 9922 557
9922 7473 557
7473 9337 557
9337 12631 557
12631 4658 557
4658 10317 557
10317 13890 557
13890 5410 557
5410 12030 557
12030 976 557
976 1151 557
1151 7392 557
7392 8539 557
8539 14652 557
14652 12848 557
12848 8935 557
8935 15445 557
15445 3177 557
3177 6877 557
6877 9035 557
9035 629 557
629 13251 557
13251 6297 557
6297 8207 557
8207 12874 557
12874 7681 557
7681 4251 557
4251 9654 557
9654 16363 557
16363 14774 557
14774 4838 557
4838 10689 557
10689 2361 557
2361 8741 557
8741 4700 557
4700 2198 557
2198 15437 557
15437 6974 557
6974 2382 557
2382 4208 557
4208 7264 557
7264 10191 557
10191 13675 557
13675 4949 557
4949 15884 557
15884 3881 557
3881 8451 557
8451 10301 557
10301 12877 557
12877 12669 557
12669 11562 557
11562 15576 557
15576 6875 557
6875 7917 557
7917 10884 557
10884 12422 557
12422 10823 557
10823 1937 557
1937 3406 557
3406 6845 557
6845 16246 557
16246 3990 557
3990 7183 557
7183 5896 557
5896 10624 557
10624 4112 557
4112 3046 557
3046 7039 557
7039 7145 557
7145 9162 557
9162 6263 557
6263 11940 557
11940 10367 557
10367 3701 557
3701 1609 557
1609 8875 557
8875 7679 557
7679 2266 557
2266 13943 557
13943 10364 557
10364 2359 557
2359 13080 557
13080 529 557
529 16074 557
16074 10598 557
10598 11242 557
11242 5118 557
5118 15003 557
15003 13614 557
13614 1069 557
1069 16642 557
16642 12927 557
12927 6818 557
6818 713 557
713 7290 557
7290 8551 557
8551 7697 557
7697 13264 557
13264 11090 557
11090 8311 557
8311 13623 557
13623 3730 557
3730 11972 557
11972 8528 557
8528 13095 557
13095 1817 557
1817 13469 557
13469 6622 557
6622 5944 557
5944 11067 557
11067 2 557
2 14633 557
14633 14765 557
14765 14766 557
14766 13298 557
13298 12821 557
12821 16753 557
16753 6591 557
6591 4280 557
4280 4543 557
4543 8514 557
8514 12618 557
12618 13576 557
13576 5305 557
5305 7582 557
7582 4010 557
4010 15926 557
15926 11694 557
11694 12615 557
12615 15652 557
15652 2595 557
2595 11922 557
11922 11748 557
11748 4313 557
4313 10858 557
10858 14162 557
14162 4029 557
4029 12585 557
12585 899 557
899 9112 557
9112 6207 557
6207 9412 557
9412 12399 557
12399 10573 557
10573 12413 557
12413 11204 557
11204 11548 557
11548 4505 557
4505 5675 557
5675 3246 557
3246 2394 557
2394 10649 557
10649 12350 557
12350 4358 557
4358 4316 557
4316 1167 557
1167 10969 557
10969 11719 557
11719 8698 557
8698 15664 557
15664 15805 557
15805 5625 557
5625 8334 557
8334 16015 557
16015 2541 557
2541 10025 557
10025 715 557
715 5267 557
5267 14327 557
14327 14405 557
14405 1832 557
1832 14334 557
14334 8302 557
8302 2731 557
2731 3622 557
3622 3097 557
3097 2484 557
2484 562 557
562 14259 557
14259 12932 557
12932 12451 557
12451 14274 557
14274 13406 557
13406 13352 557
13352 5291 557
5291 10831 557
10831 14882 557
14882 13751 557
13751 11184 557
11184 12998 557
12998 14086 557
14086 16462 557
16462 15634 557
15634 13503 557
13503 1728 557
1728 5220 557
5220 3282 557
3282 7434 557
7434 6383 557
6383 16911 557
16911 6357 557
6357 9011 557
9011 16901 557
16901 14604 557
14604 10869 557
10869 1625 557
1625 3736 557
3736 3937 557
3937 14261 557
14261 6456 557
6456 6215 557
6215 216 557
216 14982 557
14982 13502 557
13502 15867 557
15867 5395 557
5395 12379 557
12379 6469 557
6469 10026 557
10026 14022 557
14022 6149 557
6149 14135 557
14135 1542 557
1542 9769 557
9769 1676 557
1676 13448 557
13448 3368 557
3368 15790 557
15790 3434 557
3434 5717 557
5717 16811 557
16811 10303 557
10303 3794 557
3794 12948 557
12948 2971 557
2971 16778 557
16778 6912 557
6912 11856 557
11856 15338 557
15338 1946 557
1946 1385 557
1385 9991 557
9991 16892 557
16892 2342 557
2342 6401 557
6401 3715 557
3715 17000 557
17000 15858 557
15858 6036 557
6036 14351 557
14351 7078 557
7078 12824 557
12824 12842 557
12842 9400 557
9400 15360 557
15360 12213 557
12213 1759 557
1759 15657 557
15657 94 557
94 3354 557
3354 1578 557
1578 6033 557
6033 5834 557
5834 2571 557
2571 6712 557
6712 1474 557
1474 15589 557
15589 7977 557
7977 14387 557
14387 6595 557
6595 9210 557
9210 13931 557
13931 2029 557
2029 3297 557
3297 1360 557
1360 2328 557
2328 8051 557
8051 5651 557
5651 13555 557
13555 8425 557
8425 15009 557
15009 14679 557
14679 4960 557
4960 7642 557
7642 1853 557
1853 521 557
521 2087 557
2087 45 557
45 16096 557
16096 1255 557
1255 16703 557
16703 24 557
24 10316 557
10316 6827 557
6827 12159 557
12159 16865 557
16865 3648 557
3648 4446 557
4446 8263 557
8263 3418 557
3418 1587 557
1587 1649 557
1649 4194 557
4194 8570 557
8570 14990 557
14990 5620 557
5620 5752 557
5752 16150 557
16150 6303 557
6303 6405 557
6405 7492 557
7492 10280 557
10280 12504 557
12504 16057 557
16057 3769 557
3769 7161 557
7161 7251 557
7251 16839 557
16839 7975 557
7975 9236 557
9236 12122 557
12122 8719 557
8719 3301 557
3301 8353 557
8353 2193 557
2193 10913 557
10913 11380 557
11380 11155 557
11155 3304 557
3304 594 557
594 3199 557
3199 12872 557
12872 4829 557
4829 11249 557
11249 10478 557
10478 3157 557
3157 15848 557
15848 7220 557
11775 12785 558
12785 11140 558
11140 2270 558
2270 11061 558
11061 9235 558
9235 8665 558
8665 3584 558
3584 4412 558
4412 16648 558
16648 10685 558
10685 11521 558
11521 4526 558
4526 6417 558
6417 15241 558
15241 11596 558
11596 16055 558
5916 646 559
646 2721 559
2721 821 559
821 1054 559
1054 8014 559
8014 13470 559
13470 12955 559
12955 13569 559
13569 11620 559
11620 518 559
518 750 559
750 12528 559
12528 3448 559
3448 6955 559
6955 7318 559
7318 6812 559
683 14520 560
14520 3740 560
3740 10589 560
10589 4585 560
4585 6836 560
6836 16041 560
16041 3971 560
3971 10451 560
10451 4851 560
4851 5116 560
5116 4492 560
4492 13158 560
13158 4098 560
4098 7798 560
7798 1521 560
1521 9895 560
2045 1188 561
1188 9588 561
9588 5419 561
5419 11572 561
11572 1846 561
1846 14976 561
14976 15697 561
15697 4573 561
4573 6849 561
6849 15682 561
15682 11106 561
11106 14986 561
14986 9226 561
9226 12314 561
12314 5980 561
5980 5846 561
8968 2054 562
2054 14825 562
14825 3338 562
3338 1882 562
1882 16404 562
16404 2607 562
2607 1009 562
1009 3694 562
3694 16997 562
16997 8874 562
8874 5579 562
5579 12040 562
12040 2044 562
2044 6256 562
6256 7298 562
7298 16385 562
13850 11726 563
11726 10991 563
10991 8390 563
8390 525 563
525 2360 563
2360 1034 563
1034 9156 563
9156 1257 563
1257 10566 563
10566 806 563
806 5916 563
5916 10904 563
10904 11589 563
11589 1556 563
1556 15112 563
15112 2783 563
12324 2862 564
2862 16394 564
16394 2043 564
2043 15660 564
15660 13642 564
13642 9396 564
9396 2447 564
2447 13254 564
13254 1182 564
1182 2789 564
2789 14230 564
14230 16895 564
16895 14347 564
14347 660 564
660 9190 564
9190 7063 564
6852 1563 565
1563 3220 565
3220 16547 565
16547 3299 565
3299 13897 565
13897 7025 565
7025 6600 565
6600 5806 565
5806 159 565
159 8512 565
8512 4625 565
4625 13715 565
13715 7268 565
7268 9923 565
9923 7245 565
7245 10558 565
1314 5596 566
5596 11041 566
11041 2197 566
2197 15046 566
15046 8549 566
8549 7856 566
7856 16174 566
16174 5949 566
5949 6001 566
6001 6245 566
6245 14541 566
14541 1194 566
1194 6141 566
6141 1843 566
1843 13281 566
13281 3829 566
15875 10484 567
10484 14913 567
14913 11726 567
11726 10842 567
10842 15885 567
15885 11282 567
11282 14757 567
14757 12614 567
12614 2197 567
2197 13117 567
13117 7157 567
7157 15029 567
15029 6593 567
6593 3958 567
3958 2305 567
2305 9506 567
4273 5720 568
5720 3290 568
3290 15533 568
15533 13843 568
13843 10194 568
10194 2239 568
2239 13313 568
13313 1771 568
1771 12694 568
12694 9663 568
9663 7133 568
7133 13823 568
13823 7802 568
7802 3609 568
3609 16524 568
16524 11649 568
12869 3065 569
3065 15598 569
15598 12515 569
12515 1373 569
1373 11167 569
11167 673 569
673 4538 569
4538 5368 569
5368 3578 569
3578 675 569
675 3442 569
3442 13737 569
13737 572 569
572 16783 569
16783 835 569
835 14212 569
8644 11588 570
11588 16926 570
16926 10781 570
10781 8286 570
8286 10032 570
10032 12204 570
12204 8571 570
8571 8367 570
8367 12015 570
12015 5974 570
5974 5360 570
5360 4350 570
4350 3003 570
3003 10448 570
10448 6476 570
6476 7563 570
8770 13870 571
13870 2483 571
2483 15778 571
15778 606 571
606 2168 571
2168 11637 571
11637 9821 571
9821 13345 571
13345 1918 571
1918 4599 571
4599 16283 571
16283 10230 571
10230 14831 571
14831 11746 571
11746 168 571
168 15239 571
6617 16568 572
16568 12551 572
12551 3684 572
3684 8231 572
8231 4892 572
4892 9623 572
9623 10262 572
10262 6785 572
6785 6262 572
6262 9497 572
9497 2852 572
2852 4800 572
4800 709 572
709 12700 572
12700 4819 572
4819 4811 572
4790 11896 573
11896 3974 573
3974 10062 573
10062 16459 573
16459 11159 573
11159 13902 573
13902 9888 573
9888 371 573
371 14051 573
14051 11672 573
11672 4202 573
4202 1468 573
1468 9464 573
9464 8783 573
8783 14310 573
14310 171 573
11130 12719 574
12719 11063 574
11063 8587 574
8587 10474 574
10474 14578 574
14578 12945 574
12945 10422 574
10422 2596 574
2596 2487 574
2487 14565 574
14565 8342 574
8342 9775 574
9775 3148 574
3148 528 574
528 16618 574
16618 9969 574
16392 4343 575
4343 1346 575
1346 12382 575
12382 8584 575
8584 2450 575
2450 9292 575
9292 6075 575
6075 13640 575
13640 13169 575
13169 11075 575
11075 1516 575
1516 1873 575
1873 5588 575
5588 13223 575
13223 14544 575
14544 10078 575
13344 14042 576
14042 2841 576
2841 10618 576
10618 3307 576
3307 14986 576
14986 9434 576
9434 4021 576
4021 2726 576
2726 12301 576
12301 15418 576
15418 8091 576
8091 10555 576
10555 6266 576
6266 4386 576
4386 6324 576
6324 1148 576
14030 2314 577
2314 11676 577
11676 2578 577
2578 12363 577
12363 5576 577
5576 15304 577
15304 1963 577
1963 10931 577
10931 6237 577
6237 3526 577
3526 9825 577
9825 8296 577
8296 2414 577
2414 16747 577
16747 10474 577
10474 6020 577
2512 11935 578
11935 14660 578
14660 13314 578
13314 12444 578
12444 2234 578
2234 3707 578
3707 11178 578
11178 15179 578
15179 3026 578
3026 13595 578
13595 1665 578
1665 11430 578
11430 13155 578
13155 8890 578
8890 13955 578
13955 12790 578
13804 14829 579
14829 14519 579
14519 9170 579
9170 13519 579
13519 1410 579
1410 7414 579
7414 12222 579
12222 4324 579
4324 758 579
758 10089 579
10089 14316 579
14316 13427 579
13427 2408 579
2408 6423 579
6423 13475 579
13475 16925 579
10926 4856 580
4856 15323 580
15323 2674 580
2674 2512 580
2512 14348 580
14348 8036 580
8036 15870 580
15870 11379 580
11379 6194 580
6194 11008 580
11008 13364 580
13364 3330 580
3330 11646 580
11646 8298 580
8298 1647 580
1647 6634 580
4653 5392 581
5392 488 581
488 4036 581
4036 7600 581
7600 16354 581
16354 3878 581
3878 2811 581
2811 10770 581
10770 5297 581
5297 2678 581
2678 13796 581
13796 16693 581
16693 9566 581
9566 3547 581
3547 3359 581
3359 7733 581
8020 12536 582
12536 11662 582
11662 6442 582
6442 14879 582
14879 10420 582
10420 7772 582
7772 3646 582
3646 11118 582
11118 2944 582
2944 1808 582
1808 2752 582
2752 11221 582
11221 15704 582
15704 837 582
837 16012 582
16012 5197 582
5296 2886 583
2886 11167 583
11167 6246 583
6246 13693 583
13693 7446 583
7446 15762 583
15762 7242 583
7242 11663 583
11663 11079 583
11079 3107 583
3107 12373 583
12373 9807 583
9807 11629 583
11629 2872 583
2872 16245 583
16245 1475 583
11573 9945 584
9945 14281 584
14281 8486 584
8486 15455 584
15455 13701 584
13701 4337 584
4337 6335 584
6335 12633 584
12633 6307 584
6307 16066 584
16066 14534 584
14534 8386 584
8386 10761 584
10761 2327 584
2327 132 584
132 5961 584
16935 16790 585
16790 8070 585
8070 10441 585
10441 13350 585
13350 16992 585
16992 13361 585
13361 15011 585
15011 3128 585
3128 1357 585
1357 10245 585
10245 10049 585
10049 4663 585
4663 3314 585
3314 3039 585
3039 11814 585
11814 2275 585
8801 6167 586
6167 4040 586
4040 13176 586
13176 8411 586
8411 11312 586
11312 95 586
95 8536 586
8536 8904 586
8904 1087 586
1087 11985 586
11985 13378 586
13378 12529 586
12529 1585 586
1585 11926 586
11926 856 586
856 7316 586
12264 16555 587
16555 6907 587
6907 3733 587
3733 10980 587
10980 10761 587
10761 2982 587
2982 4978 587
4978 14911 587
14911 10200 587
10200 10570 587
10570 3538 587
3538 5361 587
5361 7359 587
7359 1970 587
1970 6794 587
6794 1191 587
10062 1149 588
1149 12017 588
12017 13252 588
13252 9549 588
9549 12836 588
12836 16818 588
16818 7626 588
7626 9392 588
9392 4964 588
4964 16425 588
16425 13639 588
13639 3934 588
3934 5568 588
5568 16883 588
16883 4193 588
4193 4982 588
4042 15092 589
15092 7586 589
7586 15104 589
15104 5226 589
5226 16745 589
16745 8599 589
8599 5765 589
5765 12672 589
12672 3378 589
3378 5487 589
5487 7465 589
7465 10631 589
10631 11609 589
11609 5292 589
5292 880 589
880 8770 589
12093 10475 590
10475 13106 590
13106 11761 590
11761 1837 590
1837 8112 590
8112 9633 590
9633 5807 590
5807 9849 590
9849 13189 590
13189 4323 590
4323 2782 590
2782 5055 590
5055 6700 590
6700 8116 590
8116 10604 590
10604 14614 590
2323 13239 591
13239 3655 591
3655 1451 591
1451 16571 591
16571 386 591
386 10695 591
10695 6979 591
6979 16055 591
16055 16157 591
16157 1352 591
1352 4690 591
4690 1436 591
1436 16461 591
16461 8970 591
8970 14300 591
14300 1690 591
8555 8135 592
8135 6060 592
6060 12152 592
12152 6166 592
6166 13999 592
13999 3943 592
3943 2091 592
2091 11598 592
11598 5645 592
5645 1763 592
1763 1083 592
1083 12077 592
12077 9430 592
9430 11317 592
11317 770 592
770 16941 592
11224 16209 593
16209 7713 593
7713 5933 593
5933 600 593
600 13929 593
13929 1643 593
1643 14277 593
14277 16000 593
16000 3528 593
3528 1995 593
1995 612 593
612 6601 593
6601 11349 593
11349 872 593
872 14752 593
14752 13805 593
1222 8981 594
8981 15276 594
15276 7225 594
7225 15464 594
15464 15864 594
15864 9023 594
9023 2796 594
2796 3167 594
3167 8361 594
8361 13622 594
13622 16089 594
16089 2665 594
2665 11068 594
11068 8727 594
8727 12757 594
12757 15764 594
3802 3737 595
3737 6800 595
6800 6307 595
6307 13070 595
13070 9003 595
9003 3581 595
3581 16028 595
16028 16744 595
16744 14695 595
14695 16842 595
16842 4646 595
4646 4878 595
4878 7137 595
7137 5011 595
5011 6574 595
6574 14729 595
7982 5774 596
5774 1908 596
1908 6287 596
6287 12016 596
12016 1534 596
1534 3250 596
3250 10713 596
10713 15301 596
15301 8970 596
8970 7174 596
7174 1722 596
1722 3149 596
3149 10081 596
10081 14080 596
14080 14123 596
14123 7989 596
9885 13151 597
13151 7260 597
7260 2498 597
2498 8608 597
8608 10593 597
10593 5101 597
5101 14954 597
14954 3389 597
3389 2334 597
2334 12767 597
12767 15356 597
15356 6510 597
6510 4716 597
4716 9147 597
9147 1912 597
1912 169 597
6892 290 598
290 1149 598
1149 12956 598
12956 7443 598
7443 6181 598
6181 1732 598
1732 7537 598
7537 8105 598
8105 866 598
866 13484 598
13484 10165 598
10165 11020 598
11020 6347 598
6347 4345 598
4345 16338 598
16338 1641 598
12154 2712 599
2712 12027 599
12027 2927 599
2927 13609 599
13609 12514 599
12514 10656 599
10656 8963 599
8963 3345 599
3345 9712 599
9712 11233 599
11233 3334 599
3334 8874 599
8874 12476 599
12476 16682 599
16682 12795 599
12795 11123 599
3314 8540 600
8540 13820 600
13820 6363 600
6363 13319 600
13319 2065 600
2065 9672 600
9672 16045 600
16045 9364 600
9364 7695 600
7695 15149 600
15149 9965 600
9965 9986 600
9986 8822 600
8822 8606 600
8606 11618 600
11618 10075 600
466 3742 601
3742 10014 601
10014 6617 601
6617 11540 601
11540 10514 601
10514 7670 601
7670 7120 601
7120 14287 601
14287 993 601
993 4098 601
4098 4648 601
4648 14580 601
14580 13592 601
13592 15827 601
15827 5858 601
5858 15359 601
2499 581 602
581 2847 602
2847 15839 602
15839 6660 602
6660 8522 602
8522 5803 602
5803 1307 602
1307 10663 602
10663 5895 602
5895 820 602
820 13951 602
13951 10017 602
10017 3841 602
3841 1020 602
1020 944 602
944 13700 602
11385 10974 603
10974 4699 603
4699 8733 603
8733 10565 603
10565 16190 603
16190 16810 603
16810 11768 603
11768 10443 603
10443 10694 603
10694 12418 603
12418 5273 603
5273 323 603
323 13399 603
13399 7504 603
7504 8799 603
8799 15837 603
6650 5330 604
5330 13163 604
13163 28 604
28 832 604
832 15978 604
15978 12026 604
12026 10017 604
10017 16936 604
16936 15455 604
15455 13526 604
13526 14457 604
14457 14672 604
14672 14401 604
14401 5080 604
5080 15923 604
15923 6008 604
12476 4062 605
4062 4570 605
4570 36 605
36 12708 605
12708 9721 605
9721 14466 605
14466 14031 605
14031 8512 605
8512 10784 605
10784 12745 605
12745 1772 605
1772 16575 605
16575 12067 605
12067 6895 605
6895 11941 605
11941 5708 605
12942 4420 606
4420 438 606
438 1493 606
1493 1465 606
1465 3085 606
3085 8016 606
8016 2247 606
2247 10559 606
10559 11157 606
11157 3258 606
3258 3804 606
3804 6892 606
6892 6987 606
6987 14258 606
14258 10814 606
10814 14393 606
4269 10989 607
10989 1309 607
1309 1618 607
1618 10343 607
10343 15817 607
15817 1764 607
1764 10050 607
10050 1109 607
1109 16213 607
16213 3187 607
3187 12303 607
12303 14667 607
14667 15449 607
15449 328 607
328 14466 607
14466 5344 607
1608 15334 608
15334 8039 608
8039 15058 608
15058 11656 608
11656 10027 608
10027 16497 608
16497 14205 608
14205 814 608
814 14324 608
14324 10702 608
10702 11470 608
11470 11545 608
11545 8856 608
8856 5093 608
5093 12156 608
12156 14626 608
6683 16451 609
16451 4793 609
4793 12198 609
12198 15876 609
15876 8523 609
8523 778 609
778 12218 609
12218 12849 609
12849 15864 609
15864 991 609
991 8512 609
8512 8898 609
8898 4912 609
4912 13572 609
13572 9801 609
9801 11111 609
11612 9380 610
9380 14393 610
14393 501 610
501 13233 610
13233 6656 610
6656 6121 610
6121 9637 610
9637 895 610
895 13971 610
13971 16071 610
16071 2996 610
2996 13781 610
13781 15773 610
15773 2180 610
2180 8216 610
8216 11483 610
1537 3949 611
3949 8189 611
8189 8607 611
8607 16153 611
16153 1243 611
1243 15697 611
15697 3080 611
3080 13836 611
13836 14928 611
14928 4898 611
4898 5865 611
5865 2753 611
2753 4421 611
4421 8650 611
8650 4470 611
4470 15913 611
13308 14761 612
14761 10344 612
10344 9725 612
9725 15746 612
15746 15311 612
15311 11524 612
11524 2117 612
2117 11578 612
11578 8701 612
8701 11128 612
11128 11148 612
11148 4311 612
4311 633 612
633 11403 612
11403 6248 612
6248 9586 612
14384 256 613
256 14578 613
14578 1603 613
1603 1327 613
1327 1022 613
1022 10521 613
10521 11061 613
11061 16567 613
16567 14768 613
14768 5354 613
5354 3081 613
3081 9059 613
9059 11271 613
11271 8986 613
8986 16857 613
16857 16831 613
7732 8275 614
8275 11755 614
11755 8396 614
8396 9972 614
9972 16416 614
16416 10659 614
10659 6527 614
6527 5482 614
5482 3731 614
3731 15590 614
15590 12891 614
12891 5164 614
5164 6970 614
6970 15891 614
15891 1066 614
1066 981 614
863 5602 615
5602 5990 615
5990 2270 615
2270 12131 615
12131 8495 615
8495 2398 615
2398 13723 615
13723 14563 615
14563 15204 615
15204 16371 615
16371 4136 615
4136 2902 615
2902 9823 615
9823 16120 615
16120 4063 615
4063 8214 615
3494 2115 616
2115 10328 616
10328 424 616
424 4818 616
4818 6240 616
6240 16012 616
16012 1911 616
1911 8688 616
8688 10208 616
10208 8859 616
8859 5518 616
5518 5852 616
5852 3612 616
3612 5888 616
5888 9612 616
9612 2239 616
11641 7182 617
7182 16592 617
16592 9995 617
9995 10532 617
10532 7589 617
7589 2843 617
2843 10162 617
10162 5667 617
5667 9303 617
9303 1264 617
1264 1944 617
1944 10997 617
10997 10353 617
10353 13077 617
13077 7051 617
7051 9199 617
7559 4040 618
4040 9968 618
9968 1397 618
1397 7194 618
7194 8457 618
8457 14690 618
14690 8006 618
8006 1506 618
1506 15812 618
15812 10890 618
10890 6870 618
6870 13652 618
13652 4534 618
4534 1796 618
1796 10757 618
10757 13736 618
15537 8288 619
8288 9542 619
9542 1277 619
1277 4150 619
4150 6601 619
6601 6879 619
6879 13456 619
13456 12727 619
12727 14414 619
14414 6688 619
6688 7878 619
7878 3620 619
3620 5926 619
5926 8769 619
8769 2599 619
2599 2279 619
10389 14303 620
14303 11801 620
11801 8968 620
8968 1389 620
1389 1732 620
1732 13299 620
13299 13466 620
13466 9093 620
9093 12823 620
12823 6646 620
6646 8159 620
8159 6305 620
6305 16718 620
16718 12152 620
12152 16627 620
16627 14057 620
12115 11041 621
11041 9897 621
9897 8959 621
8959 1166 621
1166 6708 621
6708 2355 621
2355 11009 621
11009 8872 621
8872 3930 621
3930 6122 621
6122 9491 621
9491 548 621
548 13479 621
13479 5936 621
5936 3002 621
3002 14465 621
13618 4518 622
4518 9565 622
9565 2086 622
2086 10881 622
10881 2925 622
2925 6200 622
6200 13332 622
13332 6144 622
6144 6609 622
6609 10983 622
10983 13376 622
13376 10878 622
10878 14726 622
14726 748 622
748 5038 622
5038 4464 622
6551 11840 623
11840 10505 623
10505 3061 623
3061 4868 623
4868 15834 623
15834 3623 623
3623 6311 623
6311 9130 623
9130 5160 623
5160 6741 623
6741 1640 623
1640 4746 623
4746 15175 623
15175 2834 623
2834 13848 623
13848 8299 623
6123 4088 624
4088 11484 624
11484 1165 624
1165 7961 624
7961 11513 624
11513 16988 624
16988 13534 624
13534 12722 624
12722 10226 624
10226 9770 624
9770 9131 624
9131 12166 624
12166 5801 624
5801 7329 624
7329 6374 624
6374 15230 624
5182 12683 625
12683 14019 625
14019 1907 625
1907 16163 625
16163 4229 625
4229 13191 625
13191 5012 625
5012 8701 625
8701 9992 625
9992 13357 625
13357 13770 625
13770 7687 625
7687 3916 625
3916 3052 625
3052 5965 625
5965 3556 625
16101 11533 626
11533 262 626
262 3563 626
3563 12466 626
12466 12592 626
12592 4460 626
4460 7237 626
7237 8504 626
8504 16254 626
16254 12251 626
12251 4857 626
4857 9500 626
9500 5594 626
5594 16301 626
16301 10669 626
10669 6677 626
7007 16660 627
16660 15274 627
15274 16176 627
16176 13016 627
13016 10631 627
10631 12067 627
12067 13342 627
13342 89 627
89 2433 627
2433 5003 627
5003 4689 627
4689 10690 627
10690 10926 627
10926 7871 627
7871 7386 627
7386 16314 627
3394 2568 628
2568 866 628
866 10243 628
10243 16574 628
16574 12037 628
12037 11428 628
11428 4089 628
4089 10449 628
10449 1117 628
1117 7012 628
7012 10356 628
10356 9969 628
9969 10302 628
10302 16600 628
16600 8303 628
8303 15932 628
10308 14517 629
14517 11575 629
11575 726 629
726 5092 629
5092 10942 629
10942 15940 629
15940 5911 629
5911 5885 629
5885 7273 629
7273 8310 629
8310 8838 629
8838 14158 629
14158 8987 629
8987 8488 629
8488 15307 629
15307 4318 629
13289 11025 630
11025 7938 630
7938 3757 630
3757 9904 630
9904 4996 630
4996 14552 630
14552 13359 630
13359 4631 630
4631 14352 630
14352 9970 630
9970 12936 630
12936 4414 630
4414 10447 630
10447 16987 630
16987 11509 630
11509 1237 630
5672 11443 631
11443 7484 631
7484 2570 631
2570 8873 631
8873 7776 631
7776 12448 631
12448 16875 631
16875 16587 631
16587 15397 631
15397 9500 631
9500 13013 631
13013 14842 631
14842 3225 631
3225 3704 631
3704 5458 631
5458 3143 631
3279 1398 632
1398 790 632
790 16756 632
16756 8989 632
8989 11327 632
11327 11394 632
11394 9909 632
9909 10412 632
10412 16951 632
16951 8762 632
8762 11311 632
11311 8852 632
8852 6182 632
6182 3333 632
3333 7237 632
7237 5684 632
11106 5609 633
5609 8864 633
8864 12993 633
12993 3239 633
3239 7085 633
7085 15394 633
15394 9486 633
9486 8476 633
8476 14880 633
14880 16386 633
16386 3974 633
3974 8335 633
8335 16873 633
16873 1521 633
1521 2457 633
2457 450 633
4263 12453 634
12453 16441 634
16441 10745 634
10745 14567 634
14567 3626 634
3626 5617 634
5617 15500 634
15500 9261 634
9261 9621 634
9621 13780 634
13780 2705 634
2705 6760 634
6760 12780 634
12780 9552 634
9552 2723 634
2723 16200 634
13046 7595 635
7595 5642 635
5642 16460 635
16460 16008 635
16008 2273 635
2273 7798 635
7798 13012 635
13012 13225 635
13225 11603 635
11603 16624 635
16624 16427 635
16427 4768 635
4768 8620 635
8620 12682 635
12682 6983 635
6983 15274 635
11707 2381 636
2381 16886 636
16886 2166 636
2166 4136 636
4136 13971 636
13971 7369 636
7369 14976 636
14976 1284 636
1284 10036 636
10036 7304 636
7304 16902 636
16902 11607 636
11607 15041 636
15041 6855 636
6855 13338 636
13338 3120 636
13991 3247 637
3247 16710 637
16710 1617 637
1617 3655 637
3655 12181 637
12181 7147 637
7147 1056 637
1056 777 637
777 10941 637
10941 7822 637
7822 3219 637
3219 6053 637
6053 223 637
223 14608 637
14608 6174 637
6174 4758 637
927 8795 638
8795 5951 638
5951 1854 638
1854 3830 638
3830 9046 638
9046 15943 638
15943 1990 638
1990 7835 638
7835 1602 638
1602 8038 638
8038 16633 638
16633 3017 638
3017 1682 638
1682 13915 638
13915 7455 638
7455 8912 638
8024 16229 639
16229 14320 639
14320 13770 639
13770 9903 639
9903 14793 639
14793 14333 639
14333 3475 639
3475 14736 639
14736 5764 639
5764 1321 639
1321 4526 639
4526 1670 639
1670 16888 639
16888 4449 639
4449 8691 639
8691 14901 639
3936 6027 640
6027 449 640
449 2979 640
2979 8532 640
8532 2031 640
2031 1098 640
1098 12163 640
12163 11496 640
11496 11830 640
11830 9634 640
9634 10336 640
10336 4795 640
4795 15812 640
15812 4724 640
4724 316 640
316 3267 640
4942 15863 641
15863 8378 641
8378 3291 641
3291 4309 641
4309 12826 641
12826 1517 641
1517 5794 641
5794 1181 641
1181 16529 641
16529 2184 641
2184 12971 641
12971 7976 641
7976 5507 641
5507 15016 641
15016 4377 641
4377 6535 641
3668 8595 642
8595 9062 642
9062 7002 642
7002 2274 642
2274 13274 642
13274 11363 642
11363 5456 642
5456 6467 642
6467 7930 642
7930 5457 642
5457 2305 642
2305 4682 642
4682 5304 642
5304 4951 642
4951 13641 642
13641 14852 642
13415 421 643
421 8333 643
8333 9562 643
9562 5097 643
5097 15552 643
15552 14792 643
14792 8223 643
8223 7369 643
7369 11763 643
11763 15180 643
15180 11908 643
11908 10291 643
10291 10118 643
10118 9552 643
9552 7214 643
7214 7742 643
5520 6553 644
6553 10473 644
10473 9553 644
9553 10513 644
10513 14971 644
14971 15247 644
15247 11129 644
11129 9878 644
9878 4214 644
4214 9658 644
9658 5317 644
5317 5197 644
5197 5489 644
5489 11917 644
11917 14708 644
14708 11623 644
10444 4828 645
4828 13374 645
13374 16563 645
16563 15405 645
15405 9763 645
9763 11029 645
11029 9692 645
9692 9973 645
9973 7211 645
7211 9844 645
9844 288 645
288 14488 645
14488 3340 645
3340 7427 645
7427 9992 645
9992 7871 645
7158 16008 646
16008 5610 646
5610 5364 646
5364 1702 646
1702 15454 646
15454 3666 646
3666 9010 646
9010 4498 646
4498 15937 646
15937 2678 646
2678 10428 646
10428 4183 646
4183 5227 646
5227 1791 646
1791 7239 646
7239 318 646
8458 3051 647
3051 4119 647
4119 1725 647
1725 16200 647
16200 4610 647
4610 2755 647
2755 1732 647
1732 6466 647
6466 5212 647
5212 11079 647
11079 15143 647
15143 7412 647
7412 8500 647
8500 4089 647
4089 571 647
571 7259 647
7084 4502 648
4502 16784 648
16784 7719 648
7719 5866 648
5866 11256 648
11256 806 648
806 2241 648
2241 3134 648
3134 6544 648
6544 2205 648
2205 14718 648
14718 3892 648
3892 11593 648
11593 2752 648
2752 4456 648
4456 1402 648
4308 3884 649
3884 5573 649
5573 2800 649
2800 9814 649
9814 1400 649
1400 4816 649
4816 2327 649
2327 3616 649
3616 15045 649
15045 4529 649
4529 16317 649
16317 10690 649
10690 13340 649
13340 7336 649
7336 9931 649
9931 10230 649
9934 9343 650
9343 8372 650
8372 2483 650
2483 4114 650
4114 15640 650
15640 8019 650
8019 11969 650
11969 6735 650
6735 4594 650
4594 11124 650
11124 14301 650
14301 3438 650
3438 4294 650
4294 6899 650
6899 12074 650
12074 6794 650
7942 15947 651
15947 15945 651
15945 11837 651
11837 1670 651
1670 11467 651
11467 2908 651
2908 9213 651
9213 9858 651
9858 13630 651
13630 12101 651
12101 4605 651
4605 11640 651
11640 1679 651
1679 4836 651
4836 9059 651
9059 6786 651
11066 10422 652
10422 4688 652
4688 1949 652
1949 13029 652
13029 3433 652
3433 15582 652
15582 1859 652
1859 12901 652
12901 5145 652
5145 15521 652
15521 11575 652
11575 9376 652
9376 6331 652
6331 16998 652
16998 581 652
581 538 652
3452 15815 653
15815 1466 653
1466 8524 653
8524 1988 653
1988 14897 653
14897 14185 653
14185 16812 653
16812 60 653
60 15281 653
15281 7868 653
7868 2138 653
2138 2291 653
2291 7974 653
7974 13624 653
13624 12189 653
12189 12565 653
2184 12304 654
12304 6651 654
6651 7036 654
7036 572 654
572 10850 654
10850 11346 654
11346 455 654
455 11156 654
11156 10904 654
10904 11604 654
11604 5978 654
5978 5568 654
5568 2667 654
2667 12173 654
12173 616 654
616 1897 654
3135 13924 655
13924 11965 655
11965 3487 655
3487 4429 655
4429 4049 655
4049 4026 655
4026 16354 655
16354 2632 655
2632 8400 655
8400 9570 655
9570 1775 655
1775 11807 655
11807 5992 655
5992 11106 655
11106 2593 655
2593 2205 655
3846 1241 656
1241 4140 656
4140 11854 656
11854 8452 656
8452 16047 656
16047 12654 656
12654 12672 656
12672 15754 656
15754 12472 656
12472 9844 656
9844 1111 656
1111 9297 656
9297 15392 656
15392 5111 656
5111 15515 656
15515 4578 656
6616 13807 657
13807 8475 657
8475 3934 657
3934 9660 657
9660 1202 657
1202 13696 657
13696 568 657
568 13289 657
13289 4160 657
4160 5709 657
5709 4609 657
4609 10892 657
10892 14433 657
14433 13759 657
13759 12722 657
12722 3962 657
6715 14723 658
14723 13069 658
13069 10999 658
10999 10810 658
10810 9083 658
9083 6605 658
6605 15656 658
15656 9765 658
9765 4204 658
4204 15718 658
15718 812 658
812 14158 658
14158 7095 658
7095 3240 658
3240 2429 658
2429 13915 658
4731 12604 659
12604 242 659
242 12250 659
12250 16944 659
16944 8868 659
8868 4628 659
4628 8165 659
8165 7840 659
7840 10410 659
10410 10339 659
10339 8488 659
8488 14769 659
14769 851 659
851 8477 659
8477 5404 659
5404 12188 659
13604 16112 660
16112 2900 660
2900 9193 660
9193 3666 660
3666 8177 660
8177 815 660
815 4628 660
4628 13648 660
13648 16442 660
16442 5963 660
5963 13100 660
13100 6043 660
6043 7353 660
7353 10297 660
10297 8931 660
8931 11200 660
13431 16676 661
16676 14654 661
14654 2021 661
2021 3815 661
3815 13291 661
13291 1873 661
1873 14076 661
14076 2149 661
2149 3594 661
3594 1205 661
1205 3495 661
3495 4291 661
4291 7464 661
7464 12883 661
12883 10727 661
10727 14367 661
3693 6884 662
6884 1660 662
1660 7886 662
7886 8811 662
8811 14147 662
14147 8196 662
8196 12319 662
12319 5472 662
5472 16272 662
16272 15504 662
15504 1535 662
1535 15435 662
15435 16479 662
16479 14661 662
14661 7924 662
7924 4382 662
11582 16783 663
16783 9722 663
9722 11460 663
11460 2025 663
2025 7554 663
7554 7427 663
7427 7493 663
7493 6823 663
6823 9725 663
9725 16164 663
16164 7870 663
7870 3856 663
3856 2413 663
2413 6582 663
6582 4884 663
4884 16927 663
16377 928 664
928 14031 664
14031 3631 664
3631 942 664
942 2547 664
2547 11231 664
11231 9448 664
9448 14879 664
14879 8767 664
8767 6487 664
6487 8972 664
8972 12560 664
12560 13636 664
13636 2307 664
2307 2646 664
2646 14289 664
16680 14160 665
14160 13799 665
13799 2094 665
2094 13976 665
13976 11413 665
11413 10079 665
10079 6599 665
6599 9237 665
9237 8864 665
8864 7329 665
7329 7658 665
7658 13432 665
13432 4613 665
4613 2222 665
2222 15529 665
15529 4250 665
10744 14992 666
14992 3510 666
3510 16192 666
16192 12268 666
12268 8544 666
8544 2262 666
2262 5215 666
5215 10100 666
10100 1569 666
1569 15888 666
15888 7995 666
7995 371 666
371 16360 666
16360 14612 666
14612 14169 666
14169 16786 666
5335 644 667
644 14811 667
14811 7754 667
7754 11759 667
11759 12525 667
12525 6886 667
6886 5070 667
5070 8379 667
8379 1026 667
1026 1307 667
1307 13594 667
13594 9348 667
9348 13930 667
13930 13113 667
13113 9832 667
9832 12761 667
14477 728 668
728 4021 668
4021 15410 668
15410 13453 668
13453 8424 668
8424 2910 668
2910 16959 668
16959 6147 668
6147 3813 668
3813 12397 668
12397 12297 668
12297 9106 668
9106 8778 668
8778 11370 668
11370 15876 668
15876 8340 668
1636 3777 669
3777 6775 669
6775 7079 669
7079 5450 669
5450 2556 669
2556 4807 669
4807 12929 669
12929 6220 669
6220 8338 669
8338 10872 669
10872 1948 669
1948 965 669
965 7267 669
7267 3043 669
3043 14863 669
14863 2798 669
7965 4780 670
4780 15776 670
15776 15759 670
15759 5034 670
5034 623 670
623 11213 670
11213 5767 670
5767 885 670
885 7631 670
7631 810 670
810 9850 670
9850 9154 670
9154 12867 670
12867 765 670
765 10173 670
10173 3899 670
6717 4163 671
4163 3898 671
3898 8292 671
8292 13433 671
13433 10481 671
10481 11566 671
11566 8888 671
8888 3234 671
3234 2912 671
2912 14130 671
14130 5245 671
5245 7388 671
7388 927 671
927 2197 671
2197 10726 671
10726 273 671
10342 1678 672
1678 2853 672
2853 14587 672
14587 7979 672
7979 3357 672
3357 4452 672
4452 12604 672
12604 4690 672
4690 3176 672
3176 16106 672
16106 8685 672
8685 4305 672
4305 9457 672
9457 6987 672
6987 128 672
128 136 672
14705 8938 673
8938 1906 673
1906 9090 673
9090 5517 673
5517 7181 673
7181 1909 673
1909 13325 673
13325 1366 673
1366 3362 673
3362 7807 673
7807 14583 673
14583 7786 673
7786 2918 673
2918 3445 673
3445 5346 673
5346 12317 673
6846 9339 674
9339 1944 674
1944 1196 674
1196 10010 674
10010 8508 674
8508 15032 674
15032 16772 674
16772 12847 674
12847 1744 674
1744 15507 674
15507 1232 674
1232 4215 674
4215 14113 674
14113 6620 674
6620 12980 674
12980 6081 674
7650 15812 675
15812 876 675
876 4730 675
4730 3423 675
3423 5702 675
5702 13557 675
13557 4012 675
4012 7553 675
7553 13819 675
13819 16267 675
16267 13841 675
13841 7071 675
7071 16259 675
16259 10104 675
10104 2097 675
2097 7576 675
7203 14778 676
14778 5006 676
5006 10227 676
10227 13428 676
13428 413 676
413 1572 676
1572 12325 676
12325 4362 676
4362 2364 676
2364 7604 676
7604 12740 676
12740 7033 676
7033 2336 676
2336 15655 676
15655 1647 676
1647 3659 676
15194 7522 677
7522 4386 677
4386 8140 677
8140 2721 677
2721 10595 677
10595 9627 677
9627 9924 677
9924 6077 677
6077 7707 677
7707 1463 677
1463 14735 677
14735 1550 677
1550 7190 677
7190 8965 677
8965 16059 677
16059 7432 677
14174 5781 678
5781 2901 678
2901 15462 678
15462 4355 678
4355 4748 678
4748 11004 678
11004 5916 678
5916 5790 678
5790 4164 678
4164 6521 678
6521 11801 678
11801 11663 678
11663 11422 678
11422 11349 678
11349 6710 678
6710 10859 678
8273 14176 679
14176 15845 679
15845 7662 679
7662 5425 679
5425 15117 679
15117 7402 679
7402 6489 679
6489 398 679
398 9378 679
9378 16999 679
16999 8626 679
8626 16055 679
16055 16016 679
16016 2260 679
2260 4303 679
4303 6228 679
9906 13886 680
13886 6757 680
6757 431 680
431 203 680
203 2430 680
2430 4712 680
4712 13004 680
13004 842 680
842 7583 680
7583 8939 680
8939 10675 680
10675 11588 680
11588 143 680
143 9354 680
9354 9569 680
9569 12482 680
1270 13268 681
13268 10255 681
10255 316 681
316 14660 681
14660 16298 681
16298 7002 681
7002 3796 681
3796 12362 681
12362 1507 681
1507 10564 681
10564 9505 681
9505 3698 681
3698 2355 681
2355 2519 681
2519 6318 681
6318 12141 681
16602 2140 682
2140 12778 682
12778 2732 682
2732 11268 682
11268 1627 682
1627 2596 682
2596 1018 682
1018 3200 682
3200 16127 682
16127 14739 682
14739 9284 682
9284 5611 682
5611 9128 682
9128 8354 682
8354 1629 682
1629 3298 682
4375 6964 683
6964 16531 683
16531 7035 683
7035 3175 683
3175 8281 683
8281 9942 683
9942 10671 683
10671 1202 683
1202 14825 683
14825 2284 683
2284 7206 683
7206 6811 683
6811 5589 683
5589 6250 683
6250 14088 683
14088 15451 683
3024 14001 684
14001 5042 684
5042 7116 684
7116 16470 684
16470 8049 684
8049 12487 684
12487 6851 684
6851 9459 684
9459 9354 684
9354 2598 684
2598 13934 684
13934 10247 684
10247 10975 684
10975 10829 684
10829 14924 684
14924 14216 684
16922 5137 685
5137 13474 685
13474 1410 685
1410 3271 685
3271 141 685
141 1644 685
1644 3477 685
3477 11022 685
11022 500 685
500 10770 685
10770 4417 685
4417 4513 685
4513 8058 685
8058 3876 685
3876 15106 685
15106 14840 685
12643 599 686
599 7351 686
7351 12811 686
12811 3283 686
3283 5500 686
5500 3811 686
3811 2185 686
2185 2925 686
2925 15021 686
15021 14409 686
14409 3385 686
3385 3711 686
3711 15067 686
15067 1027 686
1027 6593 686
6593 15341 686
10173 6219 687
6219 2652 687
2652 13456 687
13456 430 687
430 10861 687
10861 10732 687
10732 14640 687
14640 16443 687
16443 15800 687
15800 5652 687
5652 2445 687
2445 9743 687
9743 13548 687
13548 5200 687
5200 4751 687
4751 8008 687
14145 3054 688
3054 1694 688
1694 16248 688
16248 7192 688
7192 2624 688
2624 11178 688
11178 1658 688
1658 13505 688
13505 9918 688
9918 10377 688
10377 5819 688
5819 4094 688
4094 9433 688
9433 10153 688
10153 12649 688
12649 7653 688
5290 2012 689
2012 8344 689
8344 14034 689
14034 5647 689
5647 2548 689
2548 7742 689
7742 7420 689
7420 11084 689
11084 13332 689
13332 5080 689
5080 9876 689
9876 5546 689
5546 7884 689
7884 9111 689
9111 6414 689
6414 16528 689
15321 7594 690
7594 1393 690
1393 1670 690
1670 15243 690
15243 3599 690
3599 16581 690
16581 2994 690
2994 3137 690
3137 15974 690
15974 9664 690
9664 4973 690
4973 2686 690
2686 2330 690
2330 14606 690
14606 9242 690
9242 12804 690
4974 309 691
309 12053 691
12053 10808 691
10808 1589 691
1589 9993 691
9993 11988 691
11988 13808 691
13808 4272 691
4272 10970 691
10970 3675 691
3675 4612 691
4612 10166 691
10166 12390 691
12390 13596 691
13596 15826 691
15826 12488 691
3393 8857 692
8857 7896 692
7896 14423 692
14423 16869 692
16869 10710 692
10710 14143 692
14143 7736 692
7736 14892 692
14892 9036 692
9036 16709 692
16709 5837 692
5837 759 692
759 6032 692
6032 8923 692
8923 15385 692
15385 1581 692
10166 16759 693
16759 13918 693
13918 1924 693
1924 7416 693
7416 7746 693
7746 974 693
974 1696 693
1696 1447 693
1447 10537 693
10537 16131 693
16131 11036 693
11036 9878 693
9878 2960 693
2960 15765 693
15765 3268 693
3268 2200 693
65 11351 694
11351 12560 694
12560 13416 694
13416 9586 694
9586 2567 694
2567 15783 694
15783 2395 694
2395 11163 694
11163 12320 694
12320 8537 694
8537 12183 694
12183 13832 694
13832 16473 694
16473 12823 694
12823 7626 694
7626 15907 694
3895 15358 695
15358 8330 695
8330 3479 695
3479 588 695
588 6913 695
6913 2463 695
2463 16937 695
16937 7260 695
7260 6678 695
6678 11339 695
11339 12751 695
12751 5947 695
5947 695 695
695 2665 695
2665 10414 695
10414 209 695
3519 11822 696
11822 16132 696
16132 4398 696
4398 15940 696
15940 3240 696
3240 10114 696
10114 13037 696
13037 16353 696
16353 16145 696
16145 3591 696
3591 13707 696
13707 16665 696
16665 5247 696
5247 9618 696
9618 5084 696
5084 1017 696
13262 13105 697
13105 8025 697
8025 10953 697
10953 5940 697
5940 7661 697
7661 3125 697
3125 16933 697
16933 12696 697
12696 2638 697
2638 3249 697
3249 9556 697
9556 2412 697
2412 11834 697
11834 7286 697
7286 834 697
834 13549 697
4605 14287 698
14287 13733 698
13733 9136 698
9136 16312 698
16312 15007 698
15007 7105 698
7105 5603 698
5603 10466 698
10466 7633 698
7633 7990 698
7990 8249 698
8249 5857 698
5857 11794 698
11794 65 698
65 9494 698
9494 16988 698
15996 4156 699
4156 2092 699
2092 5871 699
5871 9870 699
9870 14330 699
14330 8841 699
8841 4426 699
4426 8618 699
8618 3626 699
3626 6485 699
6485 4650 699
4650 8288 699
8288 5818 699
5818 7465 699
7465 12666 699
12666 7708 699
16916 2458 700
2458 6270 700
6270 3818 700
3818 9313 700
9313 9124 700
9124 4226 700
4226 7954 700
7954 157 700
157 793 700
793 5505 700
5505 14166 700
14166 16945 700
16945 1112 700
1112 8084 700
8084 3664 700
3664 12533 700
4182 1369 701
1369 2968 701
2968 9741 701
9741 7349 701
7349 12505 701
12505 12199 701
12199 1055 701
1055 10979 701
10979 8816 701
8816 8357 701
8357 3837 701
3837 11508 701
11508 156 701
156 4757 701
4757 15142 701
15142 15578 701
2377 9573 702
9573 8811 702
8811 8245 702
8245 16045 702
16045 4364 702
4364 528 702
528 7372 702
7372 9483 702
9483 8872 702
8872 14140 702
14140 9615 702
9615 11514 702
11514 3683 702
3683 4087 702
4087 5026 702
5026 3453 702
7879 14062 703
14062 10491 703
10491 5844 703
5844 282 703
282 1442 703
1442 12205 703
12205 12650 703
12650 14517 703
14517 3924 703
3924 2557 703
2557 8798 703
8798 672 703
672 11621 703
11621 1381 703
1381 11245 703
11245 13759 703
1605 6637 704
6637 10031 704
10031 6934 704
6934 13918 704
13918 9487 704
9487 16472 704
16472 5891 704
5891 16940 704
16940 144 704
144 10653 704
10653 11068 704
11068 10924 704
10924 9026 704
9026 1159 704
1159 15058 704
15058 9519 704
5823 10102 705
10102 2986 705
2986 3463 705
3463 11518 705
11518 1046 705
1046 543 705
543 13749 705
13749 16192 705
16192 100 705
100 2229 705
2229 1394 705
1394 2639 705
2639 315 705
315 6690 705
6690 6979 705
6979 589 705
12437 8523 706
8523 7705 706
7705 14516 706
14516 3503 706
3503 12476 706
12476 11011 706
11011 5317 706
5317 1282 706
1282 8153 706
8153 11672 706
11672 13066 706
13066 14275 706
14275 4865 706
4865 485 706
485 10373 706
10373 2486 706
1026 15955 707
15955 5811 707
5811 5738 707
5738 16592 707
16592 12501 707
12501 4618 707
4618 14126 707
14126 14184 707
14184 14894 707
14894 9603 707
9603 2056 707
2056 11133 707
11133 15444 707
15444 12657 707
12657 8003 707
8003 3256 707
6774 9496 708
9496 689 708
689 11447 708
11447 11702 708
11702 2645 708
2645 8071 708
8071 11881 708
11881 13079 708
13079 3930 708
3930 10855 708
10855 13282 708
13282 11317 708
11317 1195 708
1195 11693 708
11693 3790 708
3790 7030 708
2401 64 709
64 7228 709
7228 7073 709
7073 10102 709
10102 12971 709
12971 4047 709
4047 8779 709
8779 7882 709
7882 10107 709
10107 2188 709
2188 9095 709
9095 8509 709
8509 4828 709
4828 1373 709
1373 14058 709
14058 7750 709
15132 10578 710
10578 14197 710
14197 16393 710
16393 12539 710
12539 912 710
912 8667 710
8667 3272 710
3272 11921 710
11921 15699 710
15699 613 710
613 1429 710
1429 8506 710
8506 10564 710
10564 14649 710
14649 7971 710
7971 12510 710
16157 13005 711
13005 5968 711
5968 2829 711
2829 6080 711
6080 15230 711
15230 14535 711
14535 12546 711
12546 15187 711
15187 11807 711
11807 9632 711
9632 6455 711
6455 11602 711
11602 2141 711
2141 35 711
35 3393 711
3393 1458 711
14711 2772 712
2772 10459 712
10459 6872 712
6872 2906 712
2906 10148 712
10148 9000 712
9000 13500 712
13500 14753 712
14753 2568 712
2568 6849 712
6849 302 712
302 15260 712
15260 5904 712
5904 16612 712
16612 3200 712
3200 9177 712
16628 14248 713
14248 5144 713
5144 9434 713
9434 13548 713
13548 7007 713
7007 5166 713
5166 12628 713
12628 7201 713
7201 6369 713
6369 293 713
293 16420 713
16420 9036 713
9036 1409 713
1409 16175 713
16175 15313 713
15313 1418 713
545 7867 714
7867 13770 714
13770 14421 714
14421 5409 714
5409 11550 714
11550 5105 714
5105 511 714
511 2839 714
2839 10196 714
10196 14230 714
14230 4772 714
4772 8787 714
8787 9305 714
9305 4294 714
4294 5393 714
5393 7638 714
9786 9188 715
9188 13303 715
13303 4526 715
4526 3634 715
3634 11755 715
11755 15612 715
15612 50 715
50 14594 715
14594 1124 715
1124 7912 715
7912 6896 715
6896 11635 715
11635 5999 715
5999 6995 715
6995 2655 715
2655 12002 715
6757 4021 716
4021 3722 716
3722 14211 716
14211 1384 716
1384 3934 716
3934 3892 716
3892 4636 716
4636 7521 716
7521 1202 716
1202 315 716
315 15658 716
15658 1949 716
1949 10273 716
10273 14711 716
14711 11305 716
11305 7709 716
4930 14425 717
14425 9646 717
9646 766 717
766 8632 717
8632 8366 717
8366 14978 717
14978 6962 717
6962 15807 717
15807 13402 717
13402 14979 717
14979 10097 717
10097 5682 717
5682 5318 717
5318 7544 717
7544 12520 717
12520 1469 717
13019 1615 718
1615 5278 718
5278 3669 718
3669 2340 718
2340 11224 718
11224 11321 718
11321 14378 718
14378 14598 718
14598 12423 718
12423 8852 718
8852 11647 718
11647 4092 718
4092 3471 718
3471 16902 718
16902 12060 718
12060 15030 718
9570 3490 719
3490 14760 719
14760 2829 719
2829 7587 719
7587 3151 719
3151 11757 719
11757 2154 719
2154 13615 719
13615 3259 719
3259 15156 719
15156 11176 719
11176 11900 719
11900 9928 719
9928 1656 719
1656 12177 719
12177 5233 719
5437 10366 720
10366 15641 720
15641 2064 720
2064 16426 720
16426 660 720
660 10683 720
10683 2619 720
2619 3705 720
3705 14562 720
14562 7417 720
7417 7295 720
7295 2387 720
2387 11862 720
11862 5403 720
5403 3141 720
3141 9007 720
9167 14857 721
14857 2604 721
2604 2353 721
2353 438 721
438 1119 721
1119 9594 721
9594 688 721
688 13429 721
13429 1086 721
1086 9207 721
9207 3223 721
3223 1375 721
1375 10406 721
10406 15903 721
15903 9200 721
9200 8532 721
14524 1702 722
1702 4381 722
4381 10506 722
10506 3773 722
3773 8857 722
8857 8194 722
8194 10324 722
10324 8331 722
8331 4275 722
4275 10806 722
10806 9889 722
9889 5785 722
5785 1771 722
1771 11181 722
11181 7 722
7 6031 722
8206 3746 723
3746 3803 723
3803 4515 723
4515 12854 723
12854 764 723
764 12302 723
12302 11263 723
11263 5134 723
5134 174 723
174 6903 723
6903 10557 723
10557 9276 723
9276 9067 723
9067 10241 723
10241 2771 723
2771 7727 723
10327 13302 724
13302 13262 724
13262 16644 724
16644 2729 724
2729 10899 724
10899 3542 724
3542 13975 724
13975 7407 724
7407 7158 724
7158 7894 724
7894 6059 724
6059 8637 724
8637 7995 724
7995 2155 724
2155 14650 724
14650 15091 724
496 10430 725
10430 3724 725
3724 15131 725
15131 11278 725
11278 11403 725
11403 4803 725
4803 11127 725
11127 3928 725
3928 13556 725
13556 12671 725
12671 6732 725
6732 2629 725
2629 1896 725
1896 11482 725
11482 16330 725
16330 5232 725
13741 4900 726
4900 8416 726
8416 9016 726
9016 3873 726
3873 2530 726
2530 5286 726
5286 13765 726
13765 321 726
321 2958 726
2958 13852 726
13852 12039 726
12039 13299 726
13299 4788 726
4788 7931 726
7931 9451 726
9451 861 726
8087 14900 727
14900 14832 727
14832 16783 727
16783 3960 727
3960 16278 727
16278 7912 727
7912 2891 727
2891 7408 727
7408 176 727
176 3593 727
3593 5265 727
5265 6019 727
6019 11951 727
11951 11104 727
11104 16939 727
16939 13598 727
9524 10820 728
10820 3637 728
3637 15644 728
15644 1417 728
1417 2981 728
2981 14141 728
14141 15586 728
15586 9994 728
9994 11863 728
11863 13426 728
13426 12989 728
12989 13361 728
13361 1141 728
1141 16174 728
16174 7801 728
7801 1137 728
7368 14179 729
14179 6354 729
6354 8674 729
8674 7573 729
7573 1304 729
1304 9650 729
9650 13537 729
13537 1915 729
1915 3976 729
3976 12033 729
12033 16540 729
16540 1524 729
1524 4077 729
4077 4696 729
4696 12328 729
12328 7668 729
2305 5787 730
5787 7181 730
7181 16432 730
16432 5415 730
5415 14820 730
14820 6942 730
6942 13323 730
13323 4917 730
4917 7670 730
7670 2716 730
2716 3750 730
3750 12120 730
12120 2730 730
2730 7961 730
7961 14420 730
14420 4049 730
1910 13573 731
13573 14352 731
14352 3522 731
3522 4669 731
4669 1341 731
1341 4394 731
4394 13464 731
13464 10186 731
10186 5034 731
5034 2107 731
2107 4536 731
4536 4684 731
4684 10162 731
10162 11897 731
11897 15665 731
15665 10424 731
11538 6030 732
6030 6281 732
6281 1659 732
1659 4729 732
4729 12787 732
12787 9176 732
9176 15143 732
15143 10270 732
10270 2863 732
2863 4276 732
4276 546 732
546 455 732
455 1917 732
1917 12498 732
12498 5806 732
5806 7759 732
7644 10525 733
10525 8979 733
8979 932 733
932 14073 733
14073 6181 733
6181 1311 733
1311 1149 733
1149 13662 733
13662 2600 733
2600 11578 733
11578 5742 733
5742 13549 733
13549 12052 733
12052 5236 733
5236 14824 733
14824 7318 733
14560 11241 734
11241 2597 734
2597 16176 734
16176 6902 734
6902 13366 734
13366 6178 734
6178 452 734
452 2639 734
2639 10252 734
10252 16650 734
16650 15116 734
15116 11904 734
11904 5768 734
5768 16904 734
16904 6495 734
6495 5577 734
11124 4360 735
4360 11154 735
11154 6990 735
6990 16549 735
16549 403 735
403 16492 735
16492 11861 735
11861 3754 735
3754 9326 735
9326 14899 735
14899 14333 735
14333 8423 735
8423 11158 735
11158 7437 735
7437 7224 735
7224 13145 735
12909 15290 736
15290 11072 736
11072 1085 736
1085 9818 736
9818 2849 736
2849 7468 736
7468 5445 736
5445 15677 736
15677 16812 736
16812 15715 736
15715 4000 736
4000 10175 736
10175 14525 736
14525 14214 736
14214 16747 736
16747 14761 736
651 16613 737
16613 8199 737
8199 16120 737
16120 3195 737
3195 5136 737
5136 10855 737
10855 14540 737
14540 6949 737
6949 11478 737
11478 4220 737
4220 14756 737
14756 9427 737
9427 16739 737
16739 12020 737
12020 11593 737
11593 814 737
12019 3145 738
3145 276 738
276 11145 738
11145 4882 738
4882 8194 738
8194 12624 738
12624 6211 738
6211 12327 738
12327 12228 738
12228 13631 738
13631 9323 738
9323 14161 738
14161 9711 738
9711 1708 738
1708 1327 738
1327 5103 738
6904 569 739
569 11126 739
11126 2500 739
2500 5268 739
5268 10153 739
10153 6053 739
6053 10120 739
10120 7242 739
7242 11447 739
11447 16553 739
16553 8457 739
8457 11030 739
11030 15708 739
15708 9231 739
9231 11319 739
11319 2850 739
9888 8325 740
8325 12749 740
12749 4636 740
4636 3945 740
3945 7375 740
7375 9871 740
9871 4175 740
4175 3539 740
3539 13159 740
13159 13330 740
13330 3824 740
3824 4412 740
4412 515 740
515 5172 740
5172 8776 740
8776 4965 740
10946 10930 741
10930 7404 741
7404 9262 741
9262 102 741
102 10113 741
10113 1414 741
1414 11060 741
11060 3904 741
3904 8415 741
8415 1264 741
1264 14804 741
14804 3012 741
3012 11540 741
11540 16181 741
16181 15153 741
15153 10396 741
12779 11305 742
11305 16522 742
16522 2634 742
2634 10616 742
10616 14664 742
14664 14936 742
14936 16977 742
16977 14299 742
14299 9027 742
9027 1277 742
1277 4513 742
4513 16886 742
16886 8548 742
8548 15544 742
15544 15354 742
15354 10834 742
16921 3957 743
3957 1828 743
1828 3275 743
3275 796 743
796 12910 743
12910 11912 743
11912 5006 743
5006 10524 743
10524 11230 743
11230 15883 743
15883 7676 743
7676 5648 743
5648 3074 743
3074 9938 743
9938 5245 743
5245 1825 743
12733 1715 744
1715 5546 744
5546 7382 744
7382 15726 744
15726 10151 744
10151 8840 744
8840 13142 744
13142 6262 744
6262 14844 744
14844 6502 744
6502 13633 744
13633 254 744
254 622 744
622 16070 744
16070 14311 744
14311 7111 744
15510 4692 745
4692 10894 745
10894 10857 745
10857 8694 745
8694 291 745
291 6552 745
6552 10695 745
10695 13495 745
13495 10916 745
10916 5323 745
5323 5530 745
5530 12505 745
12505 10322 745
10322 531 745
531 13696 745
13696 1678 745
10833 1140 746
1140 3119 746
3119 6799 746
6799 10344 746
10344 1429 746
1429 5239 746
5239 1541 746
1541 15973 746
15973 15379 746
15379 2741 746
2741 10537 746
10537 16227 746
16227 11592 746
11592 1137 746
1137 11286 746
11286 21 746
8020 4247 747
4247 5961 747
5961 3843 747
3843 1617 747
1617 8037 747
8037 7643 747
7643 12706 747
12706 2018 747
2018 15928 747
15928 8802 747
8802 569 747
569 15167 747
15167 2608 747
2608 10006 747
10006 5201 747
5201 7205 747
11757 9445 748
9445 7121 748
7121 11586 748
11586 6856 748
6856 4573 748
4573 14655 748
14655 1615 748
1615 10066 748
10066 14210 748
14210 14638 748
14638 4715 748
4715 12934 748
12934 281 748
281 14861 748
14861 8199 748
8199 15147 748
10314 15920 749
15920 12529 749
12529 10387 749
10387 2606 749
2606 6188 749
6188 10088 749
10088 3103 749
3103 11264 749
11264 7616 749
7616 6020 749
6020 10213 749
10213 13139 749
13139 7070 749
7070 5948 749
5948 5348 749
5348 2872 749
12325 5025 750
5025 1427 750
1427 4781 750
4781 435 750
435 12394 750
12394 3797 750
3797 13220 750
13220 585 750
585 14947 750
14947 13881 750
13881 11387 750
11387 13005 750
13005 9089 750
9089 15060 750
15060 9529 750
9529 304 750
2369 14581 751
14581 1331 751
1331 14417 751
14417 16333 751
16333 8591 751
8591 16127 751
16127 3985 751
3985 5839 751
5839 10570 751
10570 9766 751
9766 13795 751
13795 1252 751
1252 10434 751
10434 15087 751
15087 3463 751
3463 4139 751
15005 9705 752
9705 6519 752
6519 12049 752
12049 8252 752
8252 108 752
108 11057 752
11057 15226 752
15226 7983 752
7983 773 752
773 542 752
542 16769 752
16769 8211 752
8211 1438 752
1438 12758 752
12758 12110 752
12110 2560 752
5892 6199 753
6199 15846 753
15846 16917 753
16917 14970 753
14970 5818 753
5818 11526 753
11526 3852 753
3852 7830 753
7830 14146 753
14146 4325 753
4325 2965 753
2965 5417 753
5417 9427 753
9427 1413 753
1413 882 753
882 946 753
4722 8600 754
8600 10637 754
10637 1887 754
1887 11264 754
11264 4772 754
4772 11812 754
11812 6801 754
6801 11764 754
11764 14051 754
14051 5318 754
5318 12787 754
12787 7533 754
7533 1202 754
1202 12302 754
12302 14583 754
14583 9834 754
1756 9850 755
9850 7018 755
7018 16249 755
16249 1768 755
1768 7482 755
7482 3462 755
3462 9883 755
9883 12397 755
12397 9932 755
9932 15025 755
15025 3857 755
3857 16569 755
16569 6399 755
6399 3063 755
3063 10836 755
10836 8775 755
3381 16929 756
16929 12248 756
12248 12337 756
12337 9857 756
9857 13535 756
13535 58 756
58 1044 756
1044 2573 756
2573 2526 756
2526 11291 756
11291 10801 756
10801 7381 756
7381 451 756
451 15129 756
15129 2859 756
2859 3269 756
10498 12620 757
12620 15820 757
15820 1510 757
1510 9425 757
9425 6443 757
6443 4290 757
4290 6176 757
6176 2566 757
2566 1191 757
1191 16249 757
16249 13411 757
13411 1246 757
1246 3768 757
3768 625 757
625 3553 757
3553 16294 757
5824 4556 758
4556 7316 758
7316 8289 758
8289 2723 758
2723 7084 758
7084 5246 758
5246 14344 758
14344 6985 758
6985 1641 758
1641 10642 758
10642 16311 758
16311 11891 758
11891 1368 758
1368 10798 758
10798 3603 758
3603 4919 758
13172 9911 759
9911 14042 759
14042 12778 759
12778 5962 759
5962 7502 759
7502 15423 759
15423 1048 759
1048 2322 759
2322 7617 759
7617 14050 759
14050 13788 759
13788 10024 759
10024 15708 759
15708 965 759
965 7706 759
7706 12078 759
9768 14029 760
14029 15511 760
15511 1371 760
1371 14506 760
14506 3886 760
3886 7899 760
7899 1850 760
1850 14264 760
14264 10741 760
10741 3120 760
3120 13784 760
13784 16179 760
16179 9604 760
9604 3910 760
3910 5613 760
5613 656 760
9824 2662 761
2662 5797 761
5797 4324 761
4324 2367 761
2367 14955 761
14955 3265 761
3265 16407 761
16407 1226 761
1226 3481 761
3481 1350 761
1350 4685 761
4685 9661 761
9661 5349 761
5349 11649 761
11649 4088 761
4088 7852 761
7820 11471 762
11471 1482 762
1482 4674 762
4674 11943 762
11943 6690 762
6690 8081 762
8081 4938 762
4938 15222 762
15222 1532 762
1532 2151 762
2151 11709 762
11709 11814 762
11814 1040 762
1040 6762 762
6762 12269 762
12269 476 762
339 8248 763
8248 6304 763
6304 434 763
434 6519 763
6519 7245 763
7245 16752 763
16752 16558 763
16558 10089 763
10089 980 763
980 15906 763
15906 14123 763
14123 8217 763
8217 10686 763
10686 5504 763
5504 906 763
906 1895 763
7165 2944 764
2944 13422 764
13422 13452 764
13452 9703 764
9703 4691 764
4691 172 764
172 4276 764
4276 1955 764
1955 541 764
541 10066 764
10066 5271 764
5271 16973 764
16973 15213 764
15213 7971 764
7971 1035 764
1035 4997 764
3341 8173 765
8173 7295 765
7295 12775 765
12775 12479 765
12479 1476 765
1476 14933 765
14933 7626 765
7626 14237 765
14237 13319 765
13319 4329 765
4329 3220 765
3220 13067 765
13067 10046 765
10046 9918 765
9918 5390 765
5390 1999 765
12702 10583 766
10583 9424 766
9424 14076 766
14076 8576 766
8576 15348 766
15348 11938 766
11938 12931 766
12931 11040 766
11040 1551 766
1551 16309 766
16309 15775 766
15775 11318 766
11318 4644 766
4644 390 766
390 451 766
451 729 766
7463 758 767
758 786 767
786 5544 767
5544 10686 767
10686 8490 767
8490 11842 767
11842 12371 767
12371 16656 767
16656 3538 767
3538 4886 767
4886 9492 767
9492 8828 767
8828 156 767
156 10819 767
10819 13218 767
13218 10622 767
5234 7738 768
7738 11723 768
11723 8688 768
8688 6159 768
6159 12773 768
12773 10273 768
10273 7740 768
7740 12192 768
12192 11778 768
11778 11531 768
11531 1929 768
1929 12921 768
12921 8803 768
8803 8135 768
8135 8146 768
8146 11318 768
1299 10465 769
10465 7164 769
7164 1612 769
1612 6942 769
6942 13114 769
13114 2398 769
2398 5759 769
5759 15950 769
15950 16097 769
16097 13023 769
13023 11402 769
11402 15730 769
15730 3889 769
3889 7085 769
7085 12087 769
12087 9939 769
3223 16473 770
16473 211 770
211 16132 770
16132 13996 770
13996 5998 770
5998 6178 770
6178 3584 770
3584 15067 770
15067 5734 770
5734 846 770
846 1752 770
1752 14324 770
14324 14482 770
14482 558 770
558 12591 770
12591 16944 770
2434 8237 771
8237 11433 771
11433 13734 771
13734 8630 771
8630 4260 771
4260 11300 771
11300 5011 771
5011 6773 771
6773 11326 771
11326 16680 771
16680 13893 771
13893 14132 771
14132 1010 771
1010 15670 771
15670 11723 771
11723 8631 771
8480 6928 772
6928 15349 772
15349 16511 772
16511 13832 772
13832 9438 772
9438 11053 772
11053 10366 772
10366 10422 772
10422 2173 772
2173 12302 772
12302 7774 772
7774 3528 772
3528 1640 772
1640 11445 772
11445 7299 772
7299 7574 772
14193 8048 773
8048 13794 773
13794 15534 773
15534 3267 773
3267 10395 773
10395 13966 773
13966 7929 773
7929 13242 773
13242 2570 773
2570 14923 773
14923 11999 773
11999 693 773
693 16001 773
16001 4545 773
4545 7300 773
7300 8746 773
11008 13545 774
13545 7486 774
7486 10040 774
10040 13326 774
13326 7129 774
7129 11337 774
11337 10595 774
10595 2410 774
2410 10249 774
10249 15133 774
15133 568 774
568 11889 774
11889 15067 774
15067 13699 774
13699 14421 774
14421 1818 774
508 12534 775
12534 6052 775
6052 12182 775
12182 5417 775
5417 847 775
847 4452 775
4452 8844 775
8844 7122 775
7122 1689 775
1689 7293 775
7293 8330 775
8330 14862 775
14862 4069 775
4069 12429 775
12429 4116 775
4116 411 775
1990 12790 776
12790 16617 776
16617 13312 776
13312 5600 776
5600 12346 776
12346 7737 776
7737 8344 776
8344 11317 776
11317 1724 776
1724 4518 776
4518 2995 776
2995 4455 776
4455 8697 776
8697 16043 776
16043 12110 776
12110 12935 776
8554 6513 777
6513 1969 777
1969 494 777
494 527 777
527 14500 777
14500 3762 777
3762 11722 777
11722 1637 777
1637 3351 777
3351 892 777
892 16785 777
16785 14650 777
14650 5577 777
5577 5700 777
5700 1980 777
1980 4560 777
1180 15708 778
15708 13169 778
13169 5926 778
5926 12353 778
12353 12110 778
12110 3291 778
3291 6393 778
6393 15019 778
15019 16624 778
16624 10014 778
10014 162 778
162 2922 778
2922 9079 778
9079 12239 778
12239 1775 778
1775 13405 778
12760 6089 779
6089 4882 779
4882 16890 779
16890 4904 779
4904 16102 779
16102 1543 779
1543 15244 779
15244 7589 779
7589 12369 779
12369 582 779
582 16411 779
16411 15395 779
15395 4398 779
4398 15880 779
15880 10500 779
10500 14717 779
10589 7469 780
7469 4668 780
4668 6265 780
6265 2075 780
2075 3525 780
3525 7184 780
7184 7081 780
7081 10400 780
10400 3280 780
3280 6831 780
6831 12232 780
12232 10522 780
10522 16573 780
16573 9857 780
9857 2076 780
2076 13048 780
14524 10742 781
10742 16987 781
16987 13838 781
13838 16535 781
16535 7035 781
7035 4567 781
4567 9397 781
9397 13339 781
13339 12952 781
12952 1154 781
1154 3196 781
3196 14170 781
14170 3058 781
3058 13294 781
13294 7064 781
7064 10809 781
1062 2046 782
2046 14330 782
14330 6747 782
6747 4639 782
4639 9928 782
9928 1226 782
1226 13074 782
13074 13071 782
13071 6734 782
6734 12716 782
12716 5694 782
5694 14637 782
14637 13439 782
13439 869 782
869 5739 782
5739 1659 782
9489 3106 783
3106 15722 783
15722 318 783
318 19 783
19 16344 783
16344 2839 783
2839 10330 783
10330 4261 783
4261 9283 783
9283 13084 783
13084 13287 783
13287 12870 783
12870 2916 783
2916 9119 783
9119 7981 783
7981 6154 783
10082 12944 784
12944 3605 784
3605 13361 784
13361 14871 784
14871 12487 784
12487 1056 784
1056 2458 784
2458 14801 784
14801 9069 784
9069 9576 784
9576 14929 784
14929 7871 784
7871 10743 784
10743 1287 784
1287 7351 784
7351 4883 784
15098 14678 785
14678 14561 785
14561 15581 785
15581 5430 785
5430 6826 785
6826 3868 785
3868 11459 785
11459 11124 785
11124 1047 785
1047 12803 785
12803 13183 785
13183 5198 785
5198 16387 785
16387 5326 785
5326 12241 785
12241 4583 785
4541 7547 786
7547 5452 786
5452 15165 786
15165 13282 786
13282 3063 786
3063 14983 786
14983 5237 786
5237 1044 786
1044 7786 786
7786 3289 786
3289 343 786
343 13477 786
13477 6991 786
6991 13806 786
13806 15621 786
15621 13031 786
2434 12495 787
12495 2718 787
2718 5035 787
5035 13896 787
13896 13431 787
13431 7529 787
7529 4231 787
4231 2948 787
2948 1377 787
1377 15123 787
15123 2186 787
2186 13827 787
13827 6122 787
6122 11640 787
11640 10109 787
10109 6481 787
1979 1 788
1 4262 788
4262 4219 788
4219 15449 788
15449 16185 788
16185 15436 788
15436 13244 788
13244 13918 788
13918 13527 788
13527 279 788
279 5613 788
5613 6813 788
6813 6351 788
6351 10448 788
10448 11686 788
11686 4063 788
12344 5559 789
5559 7895 789
7895 9578 789
9578 7388 789
7388 11047 789
11047 7093 789
7093 11207 789
11207 6950 789
6950 4335 789
4335 11004 789
11004 12780 789
12780 7637 789
7637 3908 789
3908 751 789
751 3768 789
3768 3329 789
5487 14432 790
14432 15939 790
15939 520 790
520 15974 790
15974 8077 790
8077 12630 790
12630 13303 790
13303 13562 790
13562 2086 790
2086 1806 790
1806 1153 790
1153 8085 790
8085 6429 790
6429 5595 790
5595 9884 790
9884 10532 790
4909 14497 791
14497 16353 791
16353 15027 791
15027 6933 791
6933 16053 791
16053 3945 791
3945 13542 791
13542 12044 791
12044 13735 791
13735 13866 791
13866 3184 791
3184 13611 791
13611 6119 791
6119 16003 791
16003 5412 791
5412 7817 791
13409 5951 792
5951 4685 792
4685 14196 792
14196 934 792
934 11735 792
11735 12211 792
12211 13682 792
13682 15152 792
15152 1475 792
1475 10500 792
10500 14069 792
14069 10256 792
10256 6062 792
6062 9554 792
9554 12910 792
12910 11607 792
10498 9285 793
9285 6417 793
6417 1573 793
1573 3068 793
3068 1602 793
1602 7711 793
7711 1955 793
1955 7075 793
7075 13497 793
13497 14884 793
14884 12876 793
12876 11004 793
11004 1816 793
1816 4147 793
4147 15887 793
15887 11354 793
3691 14701 794
14701 6619 794
6619 13358 794
13358 12270 794
12270 10928 794
10928 8501 794
8501 12044 794
12044 1032 794
1032 10874 794
10874 4097 794
4097 9311 794
9311 13356 794
13356 15165 794
15165 11808 794
11808 15744 794
15744 555 794
13346 13900 795
13900 5294 795
5294 9224 795
9224 13731 795
13731 4827 795
4827 1280 795
1280 11732 795
11732 8545 795
8545 6837 795
6837 10937 795
10937 16819 795
16819 3867 795
3867 13433 795
13433 4056 795
4056 8605 795
8605 4797 795
6888 8275 796
8275 15421 796
15421 4683 796
4683 6623 796
6623 2192 796
2192 16863 796
16863 5417 796
5417 9915 796
9915 13505 796
13505 2886 796
2886 12189 796
12189 11371 796
11371 14304 796
14304 5989 796
5989 11757 796
11757 13953 796
15070 11932 797
11932 12587 797
12587 9075 797
9075 7859 797
7859 2021 797
2021 4651 797
4651 848 797
848 11026 797
11026 8360 797
8360 14759 797
14759 140 797
140 6304 797
6304 2149 797
2149 1568 797
1568 11108 797
11108 16765 797
8061 13300 798
13300 15890 798
15890 7718 798
7718 13778 798
13778 12221 798
12221 14530 798
14530 14423 798
14423 12317 798
12317 13387 798
13387 10067 798
10067 4186 798
4186 2514 798
2514 14798 798
14798 6180 798
6180 2923 798
2923 16608 798
13514 14525 799
14525 14851 799
14851 12728 799
12728 421 799
421 2371 799
2371 1246 799
1246 13795 799
13795 14895 799
14895 1421 799
1421 12085 799
12085 6519 799
6519 3439 799
3439 7575 799
7575 2814 799
2814 7450 799
7450 15479 799
1558 15821 800
15821 5336 800
5336 2526 800
2526 9276 800
9276 15485 800
15485 4047 800
4047 5140 800
5140 4642 800
4642 9159 800
9159 4346 800
4346 11103 800
11103 5467 800
5467 1825 800
1825 8860 800
8860 16647 800
16647 36 800
12497 9379 801
9379 877 801
877 13563 801
13563 5286 801
5286 12098 801
12098 10713 801
10713 12121 801
12121 11495 801
11495 12799 801
12799 9638 801
9638 13340 801
13340 12640 801
12640 8877 801
8877 16736 801
16736 13423 801
13423 5799 801
2812 9893 802
9893 6777 802
6777 16224 802
16224 14114 802
14114 5124 802
5124 4486 802
4486 1917 802
1917 2644 802
2644 10940 802
10940 13553 802
13553 5321 802
5321 14964 802
14964 9531 802
9531 5393 802
5393 5217 802
5217 11607 802
1411 16992 803
16992 12201 803
12201 2767 803
2767 12963 803
12963 9981 803
9981 10876 803
10876 9282 803
9282 5177 803
5177 2115 803
2115 15802 803
15802 11985 803
11985 16764 803
16764 12127 803
12127 11309 803
11309 15318 803
15318 12239 803
16489 4997 804
4997 11693 804
11693 16251 804
16251 990 804
990 102 804
102 13597 804
13597 16738 804
16738 12423 804
12423 15653 804
15653 5739 804
5739 4159 804
4159 3197 804
3197 8125 804
8125 6697 804
6697 7381 804
7381 14723 804
9633 10802 805
10802 16020 805
16020 3569 805
3569 6373 805
6373 3241 805
3241 5510 805
5510 3145 805
3145 8 805
8 12784 805
12784 4491 805
4491 10700 805
10700 2866 805
2866 5442 805
5442 2102 805
2102 4151 805
4151 5379 805
13827 15354 806
15354 6681 806
6681 15325 806
15325 13815 806
13815 3784 806
3784 8108 806
8108 16300 806
16300 11113 806
11113 4758 806
4758 1795 806
1795 10270 806
10270 9208 806
9208 13414 806
13414 7548 806
7548 16866 806
16866 16708 806
5201 2003 807
2003 13258 807
13258 15687 807
15687 10876 807
10876 15565 807
15565 4440 807
4440 9095 807
9095 10933 807
10933 10559 807
10559 16404 807
16404 5547 807
5547 5893 807
5893 13659 807
13659 2812 807
2812 6221 807
6221 9860 807
4339 5613 808
5613 14863 808
14863 10096 808
10096 9682 808
9682 7133 808
7133 9906 808
9906 3757 808
3757 11772 808
11772 4708 808
4708 13725 808
13725 93 808
93 10774 808
10774 4990 808
4990 972 808
972 6760 808
6760 1799 808
15344 15750 809
15750 10412 809
10412 2548 809
2548 5153 809
5153 13379 809
13379 11393 809
11393 14426 809
14426 3151 809
3151 13965 809
13965 16326 809
16326 12643 809
12643 9777 809
9777 9921 809
9921 192 809
192 347 809
347 15256 809
2550 13785 810
13785 7721 810
7721 1344 810
1344 9648 810
9648 6516 810
6516 8344 810
8344 11732 810
11732 1037 810
1037 2763 810
2763 16329 810
16329 5182 810
5182 306 810
306 15041 810
15041 7611 810
7611 8125 810
8125 10149 810
4100 1496 811
1496 5991 811
5991 6083 811
6083 14363 811
14363 13826 811
13826 11822 811
11822 16884 811
16884 6474 811
6474 9065 811
9065 9074 811
9074 6959 811
6959 710 811
710 11250 811
11250 16503 811
16503 2424 811
2424 16053 811
2524 16481 812
16481 11373 812
11373 248 812
248 4997 812
4997 11863 812
11863 2311 812
2311 2021 812
2021 9524 812
9524 6088 812
6088 5075 812
5075 1124 812
1124 8610 812
8610 3616 812
3616 12066 812
12066 8814 812
8814 16856 812
326 10423 813
10423 15142 813
15142 11869 813
11869 12358 813
12358 13338 813
13338 5264 813
5264 1606 813
1606 12888 813
12888 5858 813
5858 5191 813
5191 10949 813
10949 5190 813
5190 559 813
559 5987 813
5987 13963 813
13963 4776 813
10692 16339 814
16339 15552 814
15552 10067 814
10067 10544 814
10544 9634 814
9634 5030 814
5030 15452 814
15452 9577 814
9577 12473 814
12473 13639 814
13639 11764 814
11764 9373 814
9373 16863 814
16863 1268 814
1268 8078 814
8078 14313 814
13791 14740 815
14740 1984 815
1984 15084 815
15084 12735 815
12735 10767 815
10767 205 815
205 12319 815
12319 254 815
254 8345 815
8345 4212 815
4212 8625 815
8625 10575 815
10575 2049 815
2049 12316 815
12316 9402 815
9402 1235 815
14134 5912 816
5912 7443 816
7443 10785 816
10785 14493 816
14493 3083 816
3083 3713 816
3713 15358 816
15358 2587 816
2587 13122 816
13122 12561 816
12561 1988 816
1988 2005 816
2005 12061 816
12061 13947 816
13947 9064 816
9064 9190 816
5820 7551 817
7551 9467 817
9467 3518 817
3518 5199 817
5199 10807 817
10807 345 817
345 3474 817
3474 7911 817
7911 960 817
960 12955 817
12955 5547 817
5547 16620 817
16620 12006 817
12006 16601 817
16601 10854 817
10854 12586 817
305 4406 818
4406 13240 818
13240 5219 818
5219 5949 818
5949 649 818
649 15975 818
15975 1331 818
1331 1445 818
1445 13182 818
13182 11631 818
11631 16604 818
16604 2786 818
2786 13009 818
13009 6491 818
6491 3851 818
3851 10889 818
12313 9247 819
9247 1697 819
1697 6846 819
6846 16317 819
16317 6721 819
6721 1020 819
1020 11752 819
11752 984 819
984 421 819
421 13845 819
13845 853 819
853 9175 819
9175 12620 819
12620 3551 819
3551 1588 819
1588 13474 819
2279 763 820
763 6546 820
6546 10017 820
10017 1184 820
1184 2049 820
2049 15764 820
15764 4743 820
4743 1534 820
1534 14643 820
14643 4147 820
4147 10335 820
10335 11049 820
11049 15471 820
15471 6337 820
6337 9421 820
9421 6535 820
8418 5015 821
5015 1705 821
1705 1749 821
1749 281 821
281 2205 821
2205 7762 821
7762 10093 821
10093 3626 821
3626 4888 821
4888 13311 821
13311 3806 821
3806 4276 821
4276 10501 821
10501 3719 821
3719 11216 821
11216 5983 821
11130 7494 822
7494 13025 822
13025 9453 822
9453 12859 822
12859 11455 822
11455 1042 822
1042 9039 822
9039 8649 822
8649 5647 822
5647 6788 822
6788 9544 822
9544 269 822
269 8803 822
8803 12465 822
12465 15488 822
15488 9887 822
579 10173 823
10173 8999 823
8999 9605 823
9605 9943 823
9943 14712 823
14712 10321 823
10321 2046 823
2046 9962 823
9962 5349 823
5349 10808 823
10808 11609 823
11609 4083 823
4083 5935 823
5935 1920 823
1920 3446 823
3446 10299 823
12121 3719 824
3719 6449 824
6449 2870 824
2870 2639 824
2639 12450 824
12450 13186 824
13186 12217 824
12217 9832 824
9832 4321 824
4321 12963 824
12963 4537 824
4537 4857 824
4857 15756 824
15756 15069 824
15069 647 824
647 6096 824
2979 95 825
95 2451 825
2451 16987 825
16987 15531 825
15531 13292 825
13292 10548 825
10548 1863 825
1863 13368 825
13368 10140 825
10140 4564 825
4564 2871 825
2871 595 825
595 1520 825
1520 7323 825
7323 10000 825
10000 9262 825
15850 15849 826
15849 2547 826
2547 11590 826
11590 3978 826
3978 2478 826
2478 10069 826
10069 9491 826
9491 2113 826
2113 5258 826
5258 10242 826
10242 13998 826
13998 4639 826
4639 8386 826
8386 15013 826
15013 8909 826
8909 2817 826
1584 10483 827
10483 16182 827
16182 15007 827
15007 10294 827
10294 9834 827
9834 8785 827
8785 10983 827
10983 13348 827
13348 9869 827
9869 8860 827
8860 9454 827
9454 2583 827
2583 2017 827
2017 2414 827
2414 6996 827
6996 1044 827
2665 13099 828
13099 16429 828
16429 5381 828
5381 14609 828
14609 4633 828
4633 8438 828
8438 3000 828
3000 10793 828
10793 16580 828
16580 6967 828
6967 5907 828
5907 14206 828
14206 11783 828
11783 256 828
256 15809 828
15809 12142 828
16287 10793 829
10793 10979 829
10979 15394 829
15394 10807 829
10807 4122 829
4122 14469 829
14469 1086 829
1086 12444 829
12444 5470 829
5470 5431 829
5431 10679 829
10679 13848 829
13848 5763 829
5763 2409 829
2409 14745 829
14745 4520 829
3285 4390 830
4390 14314 830
14314 3592 830
3592 15924 830
15924 3677 830
3677 9966 830
9966 3510 830
3510 6873 830
6873 12949 830
12949 34 830
34 6663 830
6663 11833 830
11833 12724 830
12724 16500 830
16500 14568 830
14568 6337 830
4327 14396 831
14396 1862 831
1862 13149 831
13149 6216 831
6216 14808 831
14808 3275 831
3275 16859 831
16859 2628 831
2628 5747 831
5747 4515 831
4515 6002 831
6002 10513 831
10513 658 831
658 5474 831
5474 10393 831
10393 14052 831
5844 3432 832
3432 7274 832
7274 8089 832
8089 12988 832
12988 4573 832
4573 14781 832
14781 16218 832
16218 12894 832
12894 2428 832
2428 11459 832
11459 10142 832
10142 7394 832
7394 4549 832
4549 9774 832
9774 10032 832
10032 8402 832
9621 4429 833
4429 11542 833
11542 3714 833
3714 14642 833
14642 1869 833
1869 4098 833
4098 3357 833
3357 16521 833
16521 6515 833
6515 4129 833
4129 13173 833
13173 12404 833
12404 4166 833
4166 11157 833
11157 5736 833
5736 858 833
12108 2641 834
2641 6546 834
6546 5137 834
5137 3696 834
3696 5628 834
5628 10828 834
10828 2038 834
2038 11970 834
11970 4240 834
4240 2279 834
2279 8995 834
8995 8694 834
8694 8036 834
8036 3042 834
3042 3789 834
3789 12555 834
9823 16451 835
16451 15462 835
15462 16227 835
16227 13008 835
13008 1590 835
1590 13396 835
13396 13540 835
13540 9599 835
9599 4045 835
4045 951 835
951 2311 835
2311 3213 835
3213 47 835
47 6520 835
6520 11432 835
11432 4641 835
12939 11797 836
11797 2247 836
2247 4653 836
4653 8777 836
8777 6806 836
6806 13329 836
13329 5883 836
5883 6999 836
6999 1137 836
1137 7250 836
7250 11565 836
11565 8119 836
8119 1619 836
1619 5167 836
5167 12509 836
12509 3823 836
16127 3052 837
3052 11847 837
11847 7542 837
7542 1656 837
1656 5862 837
5862 7106 837
7106 3618 837
3618 9831 837
9831 15534 837
15534 14358 837
14358 12286 837
12286 3504 837
3504 4797 837
4797 14686 837
14686 10246 837
10246 9829 837
5766 14219 838
14219 15251 838
15251 12982 838
12982 16170 838
16170 16131 838
16131 4921 838
4921 4464 838
4464 3533 838
3533 9006 838
9006 452 838
452 1064 838
1064 16050 838
16050 9476 838
9476 10397 838
10397 10565 838
10565 8145 838
4165 12475 839
12475 16287 839
16287 6194 839
6194 14001 839
14001 2761 839
2761 16540 839
16540 1577 839
1577 6493 839
6493 3148 839
3148 7094 839
7094 8483 839
8483 15859 839
15859 9154 839
9154 2324 839
2324 624 839
624 2058 839
16422 9740 840
9740 6703 840
6703 13037 840
13037 639 840
639 10101 840
10101 12108 840
12108 9593 840
9593 16741 840
16741 10898 840
10898 10442 840
10442 10282 840
10282 577 840
577 8954 840
8954 6205 840
6205 15601 840
15601 126 840
13634 1599 841
1599 10681 841
10681 13880 841
13880 10446 841
10446 9855 841
9855 10853 841
10853 7370 841
7370 6699 841
6699 4800 841
4800 11 841
11 14438 841
14438 15716 841
15716 9736 841
9736 14212 841
14212 2270 841
2270 2038 841
13043 3677 842
3677 14107 842
14107 1555 842
1555 1404 842
1404 15285 842
15285 8868 842
8868 7316 842
7316 1619 842
1619 13848 842
13848 3321 842
3321 16104 842
16104 4556 842
4556 10006 842
10006 9768 842
9768 12940 842
12940 14834 842
4770 11089 843
11089 6987 843
6987 215 843
215 6471 843
6471 4253 843
4253 5394 843
5394 3583 843
3583 6052 843
6052 8943 843
8943 15352 843
15352 13872 843
13872 11539 843
11539 15485 843
15485 13559 843
13559 16660 843
16660 12499 843
9239 9849 844
9849 7849 844
7849 12168 844
12168 12537 844
12537 11892 844
11892 5396 844
5396 15996 844
15996 13347 844
13347 6271 844
6271 2989 844
2989 12444 844
12444 6136 844
6136 3619 844
3619 343 844
343 9971 844
9971 10596 844
12322 11073 845
11073 16738 845
16738 9871 845
9871 9203 845
9203 15495 845
15495 7022 845
7022 13212 845
13212 9625 845
9625 10896 845
10896 13299 845
13299 9024 845
9024 4538 845
4538 13562 845
13562 7395 845
7395 11768 845
11768 4580 845
11080 8475 846
8475 10906 846
10906 9053 846
9053 16221 846
16221 4051 846
4051 10848 846
10848 5949 846
5949 3644 846
3644 10542 846
10542 11071 846
11071 14848 846
14848 3206 846
3206 5722 846
5722 3773 846
3773 7111 846
7111 10457 846
11777 7907 847
7907 13325 847
13325 10863 847
10863 11314 847
11314 3417 847
3417 7106 847
7106 4512 847
4512 7825 847
7825 15599 847
15599 6119 847
6119 13727 847
13727 16744 847
16744 16997 847
16997 12660 847
12660 4119 847
4119 14328 847
10310 7873 848
7873 9628 848
9628 525 848
525 15910 848
15910 3071 848
3071 15199 848
15199 400 848
400 5006 848
5006 1023 848
1023 10272 848
10272 15523 848
15523 15749 848
15749 8335 848
8335 2662 848
2662 15129 848
15129 10827 848
3741 7749 849
7749 12514 849
12514 1660 849
1660 6940 849
6940 7124 849
7124 8295 849
8295 7919 849
7919 9565 849
9565 233 849
233 7552 849
7552 10289 849
10289 15462 849
15462 11803 849
11803 10883 849
10883 14667 849
14667 1176 849
1950 11699 850
11699 4326 850
4326 5322 850
5322 5497 850
5497 7286 850
7286 3045 850
3045 5056 850
5056 15067 850
15067 3126 850
3126 1018 850
1018 6654 850
6654 14137 850
14137 6480 850
6480 3248 850
3248 7703 850
7703 14108 850
4741 6529 851
6529 14635 851
14635 16206 851
16206 7843 851
7843 3132 851
3132 4116 851
4116 13804 851
13804 8074 851
8074 10448 851
10448 11631 851
11631 12173 851
12173 3673 851
3673 16313 851
16313 10000 851
10000 14520 851
14520 11623 851
9377 2298 852
2298 9646 852
9646 9967 852
9967 3466 852
3466 1339 852
1339 16432 852
16432 11897 852
11897 13661 852
13661 14516 852
14516 1049 852
1049 1520 852
1520 13097 852
13097 10806 852
10806 11285 852
11285 11177 852
11177 3656 852
3987 13762 853
13762 8246 853
8246 7160 853
7160 9261 853
9261 4240 853
4240 15077 853
15077 1494 853
1494 2061 853
2061 13717 853
13717 7910 853
7910 5820 853
5820 10001 853
10001 8069 853
8069 5173 853
5173 4640 853
4640 10062 853
12373 3155 854
3155 3399 854
3399 16078 854
16078 10877 854
10877 3390 854
3390 10647 854
10647 8230 854
8230 6581 854
6581 220 854
220 727 854
727 5587 854
5587 4439 854
4439 5883 854
5883 1183 854
1183 4854 854
4854 14485 854
909 12308 855
12308 11313 855
11313 8192 855
8192 11399 855
11399 3078 855
3078 9879 855
9879 14160 855
14160 3272 855
3272 10245 855
10245 2822 855
2822 9224 855
9224 5527 855
5527 8097 855
8097 841 855
841 11175 855
11175 10908 855
14521 6239 856
6239 2534 856
2534 465 856
465 3906 856
3906 8081 856
8081 779 856
779 6788 856
6788 10247 856
10247 600 856
600 3014 856
3014 10885 856
10885 4275 856
4275 1904 856
1904 16175 856
16175 16171 856
16171 4183 856
14958 16718 857
16718 13543 857
13543 12917 857
12917 1788 857
1788 12884 857
12884 7187 857
7187 16243 857
16243 11888 857
11888 10748 857
10748 9640 857
9640 6663 857
6663 2010 857
2010 5931 857
5931 13230 857
13230 2274 857
2274 2287 857
5444 11232 858
11232 2839 858
2839 16806 858
16806 3369 858
3369 11424 858
11424 13651 858
13651 13167 858
13167 6044 858
6044 11368 858
11368 9213 858
9213 2310 858
2310 12837 858
12837 12511 858
12511 12172 858
12172 11410 858
11410 9301 858
7862 11999 859
11999 13703 859
13703 10693 859
10693 10184 859
10184 12273 859
12273 11229 859
11229 1556 859
1556 5148 859
5148 8926 859
8926 4600 859
4600 6553 859
6553 3508 859
3508 1798 859
1798 3853 859
3853 9646 859
9646 6985 859
16966 6534 860
6534 13822 860
13822 7513 860
7513 10189 860
10189 11820 860
11820 9223 860
9223 12261 860
12261 103 860
103 11701 860
11701 12345 860
12345 11395 860
11395 5735 860
5735 3113 860
3113 12506 860
12506 7761 860
7761 1166 860
2503 1892 861
1892 2163 861
2163 13205 861
13205 3652 861
3652 13746 861
13746 1639 861
1639 10117 861
10117 546 861
546 3299 861
3299 15675 861
15675 10639 861
10639 2840 861
2840 3262 861
3262 12295 861
12295 1975 861
1975 7695 861
14974 1534 862
1534 16296 862
16296 4013 862
4013 8462 862
8462 13984 862
13984 5597 862
5597 14898 862
14898 7034 862
7034 9405 862
9405 5468 862
5468 4996 862
4996 10137 862
10137 6658 862
6658 10283 862
10283 11368 862
11368 14866 862
9425 3383 863
3383 8792 863
8792 16609 863
16609 6246 863
6246 5335 863
5335 14449 863
14449 16768 863
16768 8895 863
8895 16513 863
16513 416 863
416 15732 863
15732 4017 863
4017 12823 863
12823 3421 863
3421 8977 863
8977 1720 863
5959 9689 864
9689 2195 864
2195 5933 864
5933 4484 864
4484 5100 864
5100 3575 864
3575 13071 864
13071 10081 864
10081 4140 864
4140 265 864
265 13953 864
13953 2669 864
2669 6409 864
6409 11150 864
11150 9084 864
9084 10515 864
10069 4143 865
4143 4642 865
4642 3059 865
3059 8363 865
8363 9383 865
9383 8406 865
8406 7604 865
7604 14413 865
14413 5408 865
5408 15680 865
15680 3131 865
3131 14245 865
14245 8720 865
8720 13187 865
13187 8926 865
8926 9650 865
13806 2027 866
2027 3015 866
3015 8043 866
8043 14425 866
14425 315 866
315 8738 866
8738 1617 866
1617 14242 866
14242 12327 866
12327 7206 866
7206 2615 866
2615 7328 866
7328 2716 866
2716 3100 866
3100 16077 866
16077 3284 866
16191 16925 867
16925 1204 867
1204 6054 867
6054 12514 867
12514 4855 867
4855 10041 867
10041 12149 867
12149 14841 867
14841 15155 867
15155 15624 867
15624 13517 867
13517 16296 867
16296 4197 867
4197 5221 867
5221 8089 867
8089 12095 867
14546 4509 868
4509 13294 868
13294 13862 868
13862 8379 868
8379 16028 868
16028 16926 868
16926 8752 868
8752 9492 868
9492 10643 868
10643 14311 868
14311 16563 868
16563 372 868
372 9367 868
9367 2352 868
2352 355 868
355 3897 868
8030 4218 869
4218 6193 869
6193 15989 869
15989 4380 869
4380 867 869
867 6438 869
6438 16914 869
16914 14503 869
14503 10180 869
10180 4511 869
4511 12134 869
12134 14978 869
14978 3258 869
3258 7141 869
7141 3289 869
3289 11362 869
4081 8285 870
8285 4173 870
4173 15933 870
15933 14068 870
14068 283 870
283 11013 870
11013 5884 870
5884 7612 870
7612 9065 870
9065 15165 870
15165 14391 870
14391 10224 870
10224 4950 870
4950 7379 870
7379 10754 870
10754 553 870
2429 9575 871
9575 3873 871
3873 12402 871
12402 11894 871
11894 10318 871
10318 12598 871
12598 16891 871
16891 8819 871
8819 10705 871
10705 4418 871
4418 13620 871
13620 4366 871
4366 5906 871
5906 5826 871
5826 2151 871
2151 15932 871
434 3704 872
3704 1430 872
1430 9488 872
9488 4488 872
4488 10069 872
10069 9014 872
9014 16221 872
16221 1392 872
1392 3014 872
3014 15841 872
15841 4895 872
4895 9587 872
9587 5576 872
5576 12853 872
12853 694 872
694 5044 872
9225 7440 873
7440 855 873
855 2788 873
2788 15117 873
15117 15254 873
15254 3016 873
3016 2713 873
2713 7226 873
7226 9889 873
9889 10184 873
10184 4992 873
4992 13948 873
13948 1729 873
1729 974 873
974 2189 873
2189 782 873
1960 808 874
808 16052 874
16052 14335 874
14335 14742 874
14742 15010 874
15010 8307 874
8307 4896 874
4896 1694 874
1694 3503 874
3503 4554 874
4554 16405 874
16405 9357 874
9357 9467 874
9467 10114 874
10114 7579 874
7579 2220 874
7718 12963 875
12963 1333 875
1333 7659 875
7659 2514 875
2514 2153 875
2153 10667 875
10667 2094 875
2094 3232 875
3232 2152 875
2152 8546 875
8546 2889 875
2889 2187 875
2187 7139 875
7139 13553 875
13553 11115 875
11115 7407 875
12741 5530 876
5530 4801 876
4801 5872 876
5872 11787 876
11787 4577 876
4577 6482 876
6482 10921 876
10921 13174 876
13174 10559 876
10559 4609 876
4609 13270 876
13270 1791 876
1791 4239 876
4239 9305 876
9305 2940 876
2940 5656 876
9964 14223 877
14223 13030 877
13030 3034 877
3034 15542 877
15542 9098 877
9098 4562 877
4562 9524 877
9524 1218 877
1218 5864 877
5864 6092 877
6092 14419 877
14419 16840 877
16840 16807 877
16807 15537 877
15537 4340 877
4340 10550 877
1273 10786 878
10786 5214 878
5214 16629 878
16629 13151 878
13151 11716 878
11716 10446 878
10446 5438 878
5438 4448 878
4448 11853 878
11853 9081 878
9081 544 878
544 7771 878
7771 16902 878
16902 5319 878
5319 2160 878
2160 11277 878
13330 4258 879
4258 11991 879
11991 678 879
678 5477 879
5477 1200 879
1200 8315 879
8315 6922 879
6922 3950 879
3950 626 879
626 5756 879
5756 16232 879
16232 12421 879
12421 13463 879
13463 7973 879
7973 15846 879
15846 16625 879
13593 4984 880
4984 8404 880
8404 12455 880
12455 14919 880
14919 11153 880
11153 16554 880
16554 1666 880
1666 10330 880
10330 10630 880
10630 16312 880
16312 5349 880
5349 7547 880
7547 4127 880
4127 5035 880
5035 5764 880
5764 14406 880
8220 1532 881
1532 3319 881
3319 5287 881
5287 8753 881
8753 4138 881
4138 6431 881
6431 3658 881
3658 3567 881
3567 11231 881
11231 9839 881
9839 13946 881
13946 11427 881
11427 6319 881
6319 9753 881
9753 5022 881
5022 10270 881
7610 2164 882
2164 1104 882
1104 934 882
934 5550 882
5550 8997 882
8997 12630 882
12630 3976 882
3976 10563 882
10563 4303 882
4303 1480 882
1480 15800 882
15800 9385 882
9385 376 882
376 13570 882
13570 8611 882
8611 10418 882
1888 10032 883
10032 13415 883
13415 14151 883
14151 12547 883
12547 15222 883
15222 14784 883
14784 16819 883
16819 8800 883
8800 8251 883
8251 15181 883
15181 4601 883
4601 14283 883
14283 16503 883
16503 3373 883
3373 4766 883
4766 186 883
12330 6016 884
6016 16267 884
16267 984 884
984 8456 884
8456 16827 884
16827 7000 884
7000 13766 884
13766 7757 884
7757 14488 884
14488 406 884
406 11944 884
11944 11012 884
11012 3570 884
3570 2047 884
2047 9055 884
9055 4023 884
2883 15535 885
15535 12924 885
12924 10958 885
10958 2500 885
2500 3460 885
3460 4512 885
4512 10677 885
10677 7310 885
7310 6609 885
6609 4997 885
4997 15773 885
15773 8631 885
8631 3128 885
3128 13736 885
13736 11628 885
11628 6489 885
9997 10341 886
10341 6275 886
6275 13187 886
13187 4874 886
4874 14796 886
14796 11733 886
11733 15935 886
15935 13224 886
13224 723 886
723 2045 886
2045 13710 886
13710 9612 886
9612 1688 886
1688 11225 886
11225 6350 886
6350 8177 886
14262 4434 887
4434 6704 887
6704 14128 887
14128 13377 887
13377 7170 887
7170 15450 887
15450 7677 887
7677 8373 887
8373 12096 887
12096 7673 887
7673 864 887
864 4501 887
4501 14649 887
14649 8522 887
8522 15351 887
15351 11091 887
9372 1041 888
1041 5993 888
5993 7279 888
7279 9101 888
9101 4911 888
4911 2166 888
2166 10273 888
10273 13711 888
13711 791 888
791 14502 888
14502 12518 888
12518 3228 888
3228 6476 888
6476 15096 888
15096 638 888
638 1540 888
8443 16771 889
16771 5673 889
5673 3840 889
3840 11610 889
11610 12718 889
12718 4030 889
4030 4969 889
4969 16819 889
16819 5148 889
5148 1234 889
1234 5373 889
5373 1770 889
1770 5946 889
5946 4395 889
4395 6678 889
6678 10144 889
249 9744 890
9744 15051 890
15051 13279 890
13279 13766 890
13766 11911 890
11911 992 890
992 16448 890
16448 8926 890
8926 8720 890
8720 7575 890
7575 1964 890
1964 8348 890
8348 15859 890
15859 654 890
654 1792 890
1792 13948 890
14074 10622 891
10622 16326 891
16326 16560 891
16560 3652 891
3652 11285 891
11285 1355 891
1355 13272 891
13272 3691 891
3691 15352 891
15352 15036 891
15036 12139 891
12139 3363 891
3363 10871 891
10871 527 891
527 4147 891
4147 7938 891
131 14440 892
14440 4647 892
4647 8625 892
8625 7700 892
7700 11623 892
11623 7389 892
7389 14834 892
14834 9615 892
9615 7690 892
7690 14000 892
14000 1675 892
1675 13001 892
13001 3187 892
3187 11619 892
11619 16046 892
16046 2919 892
4682 14426 893
14426 5225 893
5225 33 893
33 9990 893
9990 1530 893
1530 13612 893
13612 4470 893
4470 6467 893
6467 5615 893
5615 6086 893
6086 2042 893
2042 16230 893
16230 9127 893
9127 15056 893
15056 5503 893
5503 10597 893
12672 1337 894
1337 1267 894
1267 13877 894
13877 7871 894
7871 7402 894
7402 10020 894
10020 2140 894
2140 13617 894
13617 14737 894
14737 16289 894
16289 10365 894
10365 11553 894
11553 13869 894
13869 12797 894
12797 9550 894
9550 16194 894
11926 16706 895
16706 2744 895
2744 16935 895
16935 16908 895
16908 13207 895
13207 1088 895
1088 3637 895
3637 11097 895
11097 9839 895
9839 3692 895
3692 16379 895
16379 14402 895
14402 11730 895
11730 10173 895
10173 1953 895
1953 9519 895
14409 4852 896
4852 16681 896
16681 9610 896
9610 487 896
487 5144 896
5144 4023 896
4023 6393 896
6393 3043 896
3043 195 896
195 7833 896
7833 6596 896
6596 14506 896
14506 1888 896
1888 12235 896
12235 2283 896
2283 8684 896
8603 3471 897
3471 10360 897
10360 4081 897
4081 4141 897
4141 10418 897
10418 10565 897
10565 14395 897
14395 1787 897
1787 14164 897
14164 9109 897
9109 14173 897
14173 12818 897
12818 4378 897
4378 12793 897
12793 15123 897
15123 10959 897
3981 16352 898
16352 3793 898
3793 15708 898
15708 914 898
914 2563 898
2563 3184 898
3184 8195 898
8195 4091 898
4091 16986 898
16986 1775 898
1775 4678 898
4678 10173 898
10173 12245 898
12245 7806 898
7806 2260 898
2260 2108 898
8950 6893 899
6893 10506 899
10506 2706 899
2706 2453 899
2453 7262 899
7262 10465 899
10465 4096 899
4096 4953 899
4953 29 899
29 5716 899
5716 7615 899
7615 5503 899
5503 11836 899
11836 11030 899
11030 6697 899
6697 9500 899
9238 4697 900
4697 5263 900
5263 2855 900
2855 5970 900
5970 1103 900
1103 6249 900
6249 14825 900
14825 11137 900
11137 11031 900
11031 15939 900
15939 5209 900
5209 7874 900
7874 4836 900
4836 14075 900
14075 1784 900
1784 13611 900
10131 14389 901
14389 14808 901
14808 5094 901
5094 6626 901
6626 10307 901
10307 819 901
819 8241 901
8241 9568 901
9568 1473 901
1473 12322 901
12322 5162 901
5162 2612 901
2612 5726 901
5726 8798 901
8798 1806 901
1806 4889 901
12632 16554 902
16554 6066 902
6066 16334 902
16334 6386 902
6386 155 902
155 6608 902
6608 4998 902
4998 5828 902
5828 16585 902
16585 4770 902
4770 6322 902
6322 15706 902
15706 3676 902
3676 5506 902
5506 12844 902
12844 11387 902
12830 12928 903
12928 14839 903
14839 15891 903
15891 2430 903
2430 12865 903
12865 11396 903
11396 1632 903
1632 16844 903
16844 2909 903
2909 15662 903
15662 1143 903
1143 6122 903
6122 5934 903
5934 1702 903
1702 10075 903
10075 11048 903
16124 15980 904
15980 13494 904
13494 11190 904
11190 4205 904
4205 14299 904
14299 12057 904
12057 5412 904
5412 2040 904
2040 206 904
206 15008 904
15008 3171 904
3171 15719 904
15719 15773 904
15773 8732 904
8732 1154 904
1154 6001 904
12176 2156 905
2156 12428 905
12428 7521 905
7521 270 905
270 6073 905
6073 12761 905
12761 15912 905
15912 9752 905
9752 15658 905
15658 5509 905
5509 8643 905
8643 6847 905
6847 6395 905
6395 1639 905
1639 11017 905
11017 9576 905
1577 11706 906
11706 10681 906
10681 12356 906
12356 8256 906
8256 8413 906
8413 3020 906
3020 11653 906
11653 14403 906
14403 4536 906
4536 15442 906
15442 16833 906
16833 2557 906
2557 2848 906
2848 9258 906
9258 9918 906
9918 15623 906
16330 13438 907
13438 15499 907
15499 1733 907
1733 8074 907
8074 5171 907
5171 10309 907
10309 12577 907
12577 2836 907
2836 8179 907
8179 8140 907
8140 14923 907
14923 14621 907
14621 7370 907
7370 1621 907
1621 15106 907
15106 6585 907
2964 10117 908
10117 15089 908
15089 3658 908
3658 6451 908
6451 11519 908
11519 16855 908
16855 3498 908
3498 5180 908
5180 12536 908
12536 14689 908
14689 6441 908
6441 4661 908
4661 5902 908
5902 16990 908
16990 10666 908
10666 10047 908
5462 11978 909
11978 1024 909
1024 12120 909
12120 366 909
366 10582 909
10582 16426 909
16426 11976 909
11976 4471 909
4471 5871 909
5871 10297 909
10297 12854 909
12854 4357 909
4357 707 909
707 9082 909
9082 1700 909
1700 14984 909
6633 1140 910
1140 9499 910
9499 14764 910
14764 9707 910
9707 16311 910
16311 1424 910
1424 14455 910
14455 12430 910
12430 3751 910
3751 8823 910
8823 4378 910
4378 3255 910
3255 10520 910
10520 3380 910
3380 6618 910
6618 10837 910
15223 13748 911
13748 3977 911
3977 16391 911
16391 4017 911
4017 16377 911
16377 3999 911
3999 11547 911
11547 8013 911
8013 15968 911
15968 6561 911
6561 12349 911
12349 4920 911
4920 1793 911
1793 10137 911
10137 13627 911
13627 12143 911
1731 12559 912
12559 3703 912
3703 16808 912
16808 9297 912
9297 11622 912
11622 5649 912
5649 13304 912
13304 2799 912
2799 12022 912
12022 16722 912
16722 3069 912
3069 11254 912
11254 7827 912
7827 13108 912
13108 16400 912
16400 8684 912
2082 11467 913
11467 11604 913
11604 61 913
61 15025 913
15025 1905 913
1905 8977 913
8977 10829 913
10829 2254 913
2254 16398 913
16398 6080 913
6080 16327 913
16327 8111 913
8111 12775 913
12775 16341 913
16341 8139 913
8139 7156 913
3551 3789 914
3789 10 914
10 9080 914
9080 13454 914
13454 6399 914
6399 5633 914
5633 770 914
770 1457 914
1457 5237 914
5237 6564 914
6564 424 914
424 7142 914
7142 11078 914
11078 3741 914
3741 9020 914
9020 11536 914
12419 12464 915
12464 14276 915
14276 7813 915
7813 9708 915
9708 15611 915
15611 8415 915
8415 1001 915
1001 3571 915
3571 7266 915
7266 8627 915
8627 13939 915
13939 1813 915
1813 9393 915
9393 2742 915
2742 2378 915
2378 3793 915
6126 3072 916
3072 11887 916
11887 7728 916
7728 4193 916
4193 13134 916
13134 12634 916
12634 270 916
270 15151 916
15151 495 916
495 12976 916
12976 7072 916
7072 6492 916
6492 13329 916
13329 11433 916
11433 1862 916
1862 16792 916
7620 2488 917
2488 8944 917
8944 3490 917
3490 5307 917
5307 8309 917
8309 1051 917
1051 5422 917
5422 6766 917
6766 12691 917
12691 4968 917
4968 3578 917
3578 7667 917
7667 10558 917
10558 12938 917
12938 10991 917
10991 12853 917
218 731 918
731 14655 918
14655 8568 918
8568 14943 918
14943 3325 918
3325 7674 918
7674 8873 918
8873 14054 918
14054 6889 918
6889 3149 918
3149 12195 918
12195 13014 918
13014 9286 918
9286 16853 918
16853 8842 918
8842 11310 918
12994 14484 919
14484 13343 919
13343 1990 919
1990 11606 919
11606 1336 919
1336 12962 919
12962 13834 919
13834 13827 919
13827 4943 919
4943 14129 919
14129 5341 919
5341 3366 919
3366 5615 919
5615 7535 919
7535 5001 919
5001 14002 919
9749 5454 920
5454 10652 920
10652 13187 920
13187 16737 920
16737 12528 920
12528 8174 920
8174 16033 920
16033 9967 920
9967 14482 920
14482 2618 920
2618 2075 920
2075 832 920
832 3008 920
3008 5247 920
5247 14791 920
14791 11313 920
16161 3944 921
3944 5679 921
5679 9344 921
9344 14781 921
14781 11153 921
11153 13656 921
13656 7388 921
7388 4495 921
4495 8284 921
8284 9391 921
9391 9806 921
9806 2759 921
2759 8491 921
8491 3094 921
3094 343 921
343 6956 921
8899 379 922
379 4212 922
4212 5188 922
5188 430 922
430 15783 922
15783 16370 922
16370 15169 922
15169 5886 922
5886 11433 922
11433 3272 922
3272 14374 922
14374 15535 922
15535 2807 922
2807 6355 922
6355 13421 922
13421 8870 922
8925 14830 923
14830 9357 923
9357 5487 923
5487 14516 923
14516 5839 923
5839 10593 923
10593 16948 923
16948 3800 923
3800 5292 923
5292 6941 923
6941 903 923
903 12032 923
12032 16078 923
16078 723 923
723 4145 923
4145 7635 923
13408 6913 924
6913 11710 924
11710 7213 924
7213 11073 924
11073 3543 924
3543 12569 924
12569 1176 924
1176 3273 924
3273 5472 924
5472 16019 924
16019 15214 924
15214 918 924
918 9733 924
9733 10399 924
10399 11494 924
11494 4822 924
8314 11122 925
11122 3898 925
3898 3998 925
3998 5418 925
5418 16364 925
16364 12559 925
12559 10310 925
10310 13781 925
13781 2875 925
2875 11762 925
11762 4882 925
4882 595 925
595 13284 925
13284 7134 925
7134 6429 925
6429 6955 925
1034 473 926
473 5693 926
5693 8072 926
8072 5188 926
5188 1294 926
1294 7700 926
7700 6175 926
6175 14270 926
14270 11953 926
11953 234 926
234 9950 926
9950 1994 926
1994 13041 926
13041 9267 926
9267 6668 926
6668 15570 926
1043 688 927
688 9997 927
9997 9244 927
9244 9912 927
9912 690 927
690 11017 927
11017 9094 927
9094 8510 927
8510 16229 927
16229 13848 927
13848 7195 927
7195 16725 927
16725 16104 927
16104 443 927
443 6220 927
6220 1173 927
2553 11635 928
11635 10394 928
10394 13560 928
13560 6751 928
6751 1762 928
1762 4994 928
4994 2453 928
2453 2274 928
2274 551 928
551 1719 928
1719 14039 928
14039 3470 928
3470 16208 928
16208 3290 928
3290 11569 928
11569 12957 928
15398 3055 929
3055 16372 929
16372 14987 929
14987 9857 929
9857 5073 929
5073 6479 929
6479 11200 929
11200 4466 929
4466 15128 929
15128 15907 929
15907 8808 929
8808 16069 929
16069 8543 929
8543 5297 929
5297 10196 929
10196 5367 929
11270 5795 930
5795 3312 930
3312 13256 930
13256 15186 930
15186 3216 930
3216 1596 930
1596 10438 930
10438 970 930
970 6258 930
6258 16254 930
16254 14159 930
14159 10929 930
10929 5091 930
5091 15845 930
15845 13681 930
13681 11245 930
15310 9600 931
9600 3190 931
3190 222 931
222 12290 931
12290 9671 931
9671 14116 931
14116 16346 931
16346 9060 931
9060 15418 931
15418 2165 931
2165 7409 931
7409 1509 931
1509 7341 931
7341 2125 931
2125 6223 931
6223 350 931
11200 2632 932
2632 3242 932
3242 11021 932
11021 9815 932
9815 3793 932
3793 12759 932
12759 12687 932
12687 9560 932
9560 7707 932
7707 13844 932
13844 8628 932
8628 7063 932
7063 10643 932
10643 8808 932
8808 12132 932
12132 4848 932
7962 1455 933
1455 5188 933
5188 12933 933
12933 979 933
979 10067 933
10067 12629 933
12629 4250 933
4250 12756 933
12756 3503 933
3503 4598 933
4598 6030 933
6030 9114 933
9114 1891 933
1891 7499 933
7499 9568 933
9568 4152 933
11575 4388 934
4388 6167 934
6167 6582 934
6582 7036 934
7036 12409 934
12409 2329 934
2329 9240 934
9240 16888 934
16888 7931 934
7931 11436 934
11436 3810 934
3810 12065 934
12065 15509 934
15509 13364 934
13364 175 934
175 11747 934
1692 9637 935
9637 16986 935
16986 15879 935
15879 10055 935
10055 4686 935
4686 7100 935
7100 5670 935
5670 14757 935
14757 9647 935
9647 15647 935
15647 4531 935
4531 3170 935
3170 11136 935
11136 7761 935
7761 4959 935
4959 893 935
15582 6849 936
6849 7858 936
7858 1906 936
1906 1949 936
1949 5884 936
5884 16344 936
16344 5095 936
5095 8999 936
8999 8587 936
8587 5990 936
5990 1052 936
1052 16579 936
16579 13399 936
13399 10690 936
10690 11837 936
11837 5313 936
3486 6631 937
6631 14660 937
14660 16213 937
16213 15878 937
15878 13747 937
13747 969 937
969 9240 937
9240 8290 937
8290 13463 937
13463 2979 937
2979 14471 937
14471 5731 937
5731 2651 937
2651 126 937
126 5301 937
5301 2559 937
973 11498 938
11498 16052 938
16052 12149 938
12149 7196 938
7196 5095 938
5095 6493 938
6493 11849 938
11849 11808 938
11808 12435 938
12435 12965 938
12965 2566 938
2566 8076 938
8076 1574 938
1574 13785 938
13785 15736 938
15736 14626 938
1294 16820 939
16820 718 939
718 13815 939
13815 11753 939
11753 3905 939
3905 16329 939
16329 1388 939
1388 6291 939
6291 12076 939
12076 15665 939
15665 9040 939
9040 10548 939
10548 16860 939
16860 9379 939
9379 12546 939
12546 4242 939
14148 537 940
537 14000 940
14000 13312 940
13312 15517 940
15517 7641 940
7641 7880 940
7880 5208 940
5208 13572 940
13572 9950 940
9950 13342 940
13342 9167 940
9167 10882 940
10882 4709 940
4709 2459 940
2459 9799 940
9799 16893 940
14095 7552 941
7552 14935 941
14935 6162 941
6162 3712 941
3712 13420 941
13420 1898 941
1898 11674 941
11674 3699 941
3699 4288 941
4288 1414 941
1414 6578 941
6578 378 941
378 12297 941
12297 394 941
394 16715 941
16715 15924 941
11602 6055 942
6055 3973 942
3973 8408 942
8408 3624 942
3624 9563 942
9563 16854 942
16854 1809 942
1809 258 942
258 10725 942
10725 13594 942
13594 9996 942
9996 517 942
517 8495 942
8495 11570 942
11570 3557 942
3557 2314 942
6360 13176 943
13176 2717 943
2717 8286 943
8286 14506 943
14506 14298 943
14298 10907 943
10907 5058 943
5058 12294 943
12294 4955 943
4955 12717 943
12717 10745 943
10745 12259 943
12259 14201 943
14201 2073 943
2073 5611 943
5611 3676 943
14536 6889 944
6889 12269 944
12269 12644 944
12644 4474 944
4474 15316 944
15316 12100 944
12100 15730 944
15730 4193 944
4193 4986 944
4986 15995 944
15995 5474 944
5474 12377 944
12377 7177 944
7177 10584 944
10584 12082 944
12082 11240 944
9225 16852 945
16852 9362 945
9362 11786 945
11786 14004 945
14004 16429 945
16429 14745 945
14745 16825 945
16825 9372 945
9372 7794 945
7794 14225 945
14225 7572 945
7572 15677 945
15677 6635 945
6635 6210 945
6210 12599 945
12599 1842 945
5476 11503 946
11503 7191 946
7191 6572 946
6572 4441 946
4441 12405 946
12405 12486 946
12486 15011 946
15011 582 946
582 3734 946
3734 2221 946
2221 3234 946
3234 8323 946
8323 4971 946
4971 11319 946
11319 5757 946
5757 16439 946
14876 4473 947
4473 11364 947
11364 9030 947
9030 2703 947
2703 5613 947
5613 13998 947
13998 15127 947
15127 6236 947
6236 15087 947
15087 11502 947
11502 16634 947
16634 13949 947
13949 2253 947
2253 4681 947
4681 15303 947
15303 16760 947
14149 3894 948
3894 9968 948
9968 6697 948
6697 2235 948
2235 12077 948
12077 7377 948
7377 6364 948
6364 1530 948
1530 8469 948
8469 9083 948
9083 409 948
409 15566 948
15566 1882 948
1882 15525 948
15525 8083 948
8083 8405 948
1077 12898 949
12898 9511 949
9511 12940 949
12940 3661 949
3661 11365 949
11365 8402 949
8402 16970 949
16970 13687 949
13687 15235 949
15235 3727 949
3727 14185 949
14185 3411 949
3411 11705 949
11705 1223 949
1223 1148 949
1148 15736 949
6175 16024 950
16024 12906 950
12906 13642 950
13642 4228 950
4228 5151 950
5151 15552 950
15552 16608 950
16608 13780 950
13780 2511 950
2511 11667 950
11667 10250 950
10250 14933 950
14933 4986 950
4986 12393 950
12393 2462 950
2462 10137 950
8251 3672 951
3672 7907 951
7907 4256 951
4256 2816 951
2816 1433 951
1433 7047 951
7047 7093 951
7093 6028 951
6028 1623 951
1623 1651 951
1651 9464 951
9464 16420 951
16420 10608 951
10608 5502 951
5502 1034 951
1034 14392 951
1505 10698 952
10698 4724 952
4724 11005 952
11005 5678 952
5678 1989 952
1989 6566 952
6566 6113 952
6113 3663 952
3663 14127 952
14127 9733 952
9733 10172 952
10172 15065 952
15065 4578 952
4578 15223 952
15223 16866 952
16866 3290 952
11881 10765 953
10765 636 953
636 12402 953
12402 15952 953
15952 8139 953
8139 13944 953
13944 7362 953
7362 1561 953
1561 16972 953
16972 10558 953
10558 1894 953
1894 12614 953
12614 625 953
625 1278 953
1278 11381 953
11381 5210 953
2587 8377 954
8377 3562 954
3562 1572 954
1572 16748 954
16748 63 954
63 15899 954
15899 9843 954
9843 6331 954
6331 13642 954
13642 8897 954
8897 2282 954
2282 13154 954
13154 3243 954
3243 11267 954
11267 2936 954
2936 6056 954
1666 15137 955
15137 14632 955
14632 7548 955
7548 9347 955
9347 13202 955
13202 9782 955
9782 11326 955
11326 13570 955
13570 14967 955
14967 5342 955
5342 12214 955
12214 4108 955
4108 1919 955
1919 2950 955
2950 656 955
656 5544 955
9744 13445 956
13445 6654 956
6654 5317 956
5317 6957 956
6957 10839 956
10839 7971 956
7971 16428 956
16428 10487 956
10487 13649 956
13649 5854 956
5854 15825 956
15825 13516 956
13516 6517 956
6517 11368 956
11368 8633 956
8633 2100 956
3566 16960 957
16960 7327 957
7327 5059 957
5059 2708 957
2708 10766 957
10766 7151 957
7151 2231 957
2231 5228 957
5228 355 957
355 2794 957
2794 1268 957
1268 14809 957
14809 7846 957
7846 1534 957
1534 3421 957
3421 4256 957
6695 5050 958
5050 7462 958
7462 8384 958
8384 1683 958
1683 9642 958
9642 9720 958
9720 2854 958
2854 7556 958
7556 12723 958
12723 6244 958
6244 1457 958
1457 16602 958
16602 9008 958
9008 3272 958
3272 15234 958
15234 1859 958
5328 12665 959
12665 5811 959
5811 5421 959
5421 6017 959
6017 12041 959
12041 6680 959
6680 3718 959
3718 13902 959
13902 9852 959
9852 9583 959
9583 6854 959
6854 14484 959
14484 1846 959
1846 2816 959
2816 10557 959
10557 10340 959
430 11076 960
11076 93 960
93 3682 960
3682 1351 960
1351 11768 960
11768 8906 960
8906 5954 960
5954 6522 960
6522 16563 960
16563 13213 960
13213 15122 960
15122 12446 960
12446 15220 960
15220 5846 960
5846 1752 960
1752 1645 960
6793 1969 961
1969 1123 961
1123 3668 961
3668 6350 961
6350 1978 961
1978 9715 961
9715 4586 961
4586 13097 961
13097 14241 961
14241 5898 961
5898 12160 961
12160 9017 961
9017 12089 961
12089 7943 961
7943 10394 961
10394 5840 961
14238 7505 962
7505 5749 962
5749 4115 962
4115 10101 962
10101 5123 962
5123 16749 962
16749 3671 962
3671 2786 962
2786 12809 962
12809 7864 962
7864 3125 962
3125 3448 962
3448 2956 962
2956 15782 962
15782 868 962
868 6101 962
13230 96 963
96 1973 963
1973 8535 963
8535 8616 963
8616 5761 963
5761 7551 963
7551 5624 963
5624 14243 963
14243 11392 963
11392 7727 963
7727 13044 963
13044 5965 963
5965 13693 963
13693 9760 963
9760 1236 963
1236 11523 963
2992 12054 964
12054 4448 964
4448 9818 964
9818 6621 964
6621 14231 964
14231 9600 964
9600 14258 964
14258 12067 964
12067 11806 964
11806 9510 964
9510 12052 964
12052 4295 964
4295 4763 964
4763 12145 964
12145 3415 964
3415 8737 964
4717 1417 965
1417 496 965
496 6757 965
6757 15988 965
15988 11207 965
11207 5677 965
5677 5194 965
5194 1052 965
1052 8078 965
8078 4309 965
4309 14878 965
14878 630 965
630 1880 965
1880 9501 965
9501 6425 965
6425 7776 965
2579 13499 966
13499 9754 966
9754 1980 966
1980 5775 966
5775 3869 966
3869 102 966
102 15204 966
15204 14376 966
14376 14745 966
14745 6045 966
6045 9987 966
9987 7562 966
7562 11737 966
11737 15524 966
15524 2991 966
2991 13279 966
7506 7954 967
7954 7135 967
7135 9658 967
9658 15203 967
15203 13338 967
13338 6504 967
6504 15952 967
15952 4427 967
4427 13936 967
13936 4337 967
4337 12899 967
12899 13919 967
13919 484 967
484 850 967
850 16313 967
16313 4998 967
13863 12093 968
12093 2843 968
2843 5790 968
5790 13857 968
13857 9805 968
9805 2070 968
2070 12430 968
12430 2490 968
2490 5120 968
5120 3258 968
3258 2011 968
2011 15207 968
15207 9396 968
9396 929 968
929 11969 968
11969 5058 968
1646 1767 969
1767 12215 969
12215 7353 969
7353 2666 969
2666 4802 969
4802 6891 969
6891 296 969
296 8374 969
8374 11267 969
11267 12968 969
12968 14753 969
14753 14602 969
14602 7579 969
7579 4857 969
4857 432 969
432 11305 969
16085 5468 970
5468 3850 970
3850 2736 970
2736 16404 970
16404 7216 970
7216 15046 970
15046 16771 970
16771 15132 970
15132 6673 970
6673 15851 970
15851 15809 970
15809 16721 970
16721 993 970
993 7470 970
7470 6547 970
6547 10020 970
287 7446 971
7446 12555 971
12555 299 971
299 13871 971
13871 12148 971
12148 14216 971
14216 1663 971
1663 3578 971
3578 7442 971
7442 3408 971
3408 12443 971
12443 932 971
932 14899 971
14899 6965 971
6965 4707 971
4707 2970 971
5263 4643 972
4643 1309 972
1309 13622 972
13622 8834 972
8834 9992 972
9992 14125 972
14125 10597 972
10597 2714 972
2714 1105 972
1105 3925 972
3925 15514 972
15514 2288 972
2288 8139 972
8139 3134 972
3134 5769 972
5769 16878 972
6222 9231 973
9231 8117 973
8117 4835 973
4835 9960 973
9960 500 973
500 10113 973
10113 15672 973
15672 8560 973
8560 9131 973
9131 10630 973
10630 12167 973
12167 11677 973
11677 10709 973
10709 7990 973
7990 2155 973
2155 11696 973
12177 8820 974
8820 680 974
680 16631 974
16631 9955 974
9955 14717 974
14717 9276 974
9276 6350 974
6350 7890 974
7890 13477 974
13477 6125 974
6125 8729 974
8729 15883 974
15883 16320 974
16320 1828 974
1828 11020 974
11020 10916 974
5867 3319 975
3319 12727 975
12727 5742 975
5742 14715 975
14715 12620 975
12620 3155 975
3155 13126 975
13126 11407 975
11407 12520 975
12520 657 975
657 15452 975
15452 7533 975
7533 359 975
359 10578 975
10578 4014 975
4014 11878 975
13894 5618 976
5618 16144 976
16144 8435 976
8435 5322 976
5322 13259 976
13259 13207 976
13207 2090 976
2090 4914 976
4914 2705 976
2705 15327 976
15327 3994 976
3994 10864 976
10864 15769 976
15769 15956 976
15956 14963 976
14963 9392 976
12908 5114 977
5114 16335 977
16335 14646 977
14646 4330 977
4330 4122 977
4122 16274 977
16274 2775 977
2775 6937 977
6937 13505 977
13505 2988 977
2988 5633 977
5633 12593 977
12593 13679 977
13679 13622 977
13622 2023 977
2023 11645 977
522 1779 978
1779 2317 978
2317 8206 978
8206 8252 978
8252 16504 978
16504 10448 978
10448 6158 978
6158 127 978
127 541 978
541 7833 978
7833 7450 978
7450 16569 978
16569 13953 978
13953 2044 978
2044 11614 978
11614 8696 978
5892 15492 979
15492 9307 979
9307 10946 979
10946 13854 979
13854 12482 979
12482 14980 979
14980 5183 979
5183 6651 979
6651 3984 979
3984 8183 979
8183 6492 979
6492 97 979
97 12930 979
12930 8981 979
8981 10338 979
10338 8577 979
11333 7650 980
7650 752 980
752 98 980
98 13898 980
13898 16917 980
16917 4222 980
4222 11613 980
11613 6604 980
6604 15395 980
15395 2352 980
2352 16354 980
16354 7948 980
7948 10043 980
10043 9805 980
9805 9502 980
9502 5585 980
2781 14042 981
14042 10684 981
10684 2587 981
2587 9422 981
9422 1368 981
1368 4971 981
4971 9106 981
9106 6616 981
6616 14215 981
14215 6980 981
6980 16709 981
16709 3664 981
3664 5743 981
5743 14972 981
14972 5605 981
5605 9056 981
15983 14046 982
14046 13896 982
13896 6724 982
6724 15220 982
15220 3064 982
3064 11834 982
11834 15819 982
15819 14782 982
14782 13942 982
13942 11766 982
11766 7334 982
7334 710 982
710 115 982
115 13273 982
13273 16739 982
16739 11454 982
2104 11371 983
11371 10085 983
10085 4414 983
4414 12860 983
12860 4725 983
4725 3785 983
3785 5407 983
5407 10235 983
10235 11043 983
11043 11981 983
11981 10543 983
10543 2880 983
2880 4077 983
4077 15372 983
15372 16142 983
16142 6543 983
9455 3385 984
3385 6351 984
6351 3390 984
3390 2449 984
2449 7590 984
7590 9291 984
9291 6504 984
6504 1911 984
1911 5041 984
5041 9163 984
9163 10629 984
10629 2129 984
2129 5083 984
5083 9718 984
9718 15158 984
15158 195 984
16189 5946 985
5946 14587 985
14587 1777 985
1777 9219 985
9219 16154 985
16154 7141 985
7141 1656 985
1656 13149 985
13149 4434 985
4434 15319 985
15319 718 985
718 4489 985
4489 6349 985
6349 12356 985
12356 11451 985
11451 3461 985
2059 8185 986
8185 5520 986
5520 16746 986
16746 5696 986
5696 16319 986
16319 16023 986
16023 13269 986
13269 11399 986
11399 7950 986
7950 3720 986
3720 15 986
15 9339 986
9339 8023 986
8023 5069 986
5069 8442 986
8442 16263 986
10458 16219 987
16219 4015 987
4015 2041 987
2041 4453 987
4453 8164 987
8164 7239 987
7239 6318 987
6318 1867 987
1867 4100 987
4100 12293 987
12293 3109 987
3109 5261 987
5261 2032 987
2032 10867 987
10867 9787 987
9787 14269 987
10090 16330 988
16330 11455 988
11455 16425 988
16425 2237 988
2237 15414 988
15414 9813 988
9813 13341 988
13341 9762 988
9762 668 988
668 3765 988
3765 15932 988
15932 8542 988
8542 2145 988
2145 12795 988
12795 8899 988
8899 13651 988
8042 10789 989
10789 3681 989
3681 13413 989
13413 13380 989
13380 12244 989
12244 14294 989
14294 16137 989
16137 15485 989
15485 10802 989
10802 6847 989
6847 5051 989
5051 6950 989
6950 11773 989
11773 11185 989
11185 6240 989
6240 16120 989
13169 13979 990
13979 14685 990
14685 15175 990
15175 3472 990
3472 15603 990
15603 3336 990
3336 14005 990
14005 873 990
873 2381 990
2381 1136 990
1136 13084 990
13084 1548 990
1548 11251 990
11251 1392 990
1392 4348 990
4348 16137 990
4572 11870 991
11870 64 991
64 3501 991
3501 6984 991
6984 15995 991
15995 6369 991
6369 14969 991
14969 2639 991
2639 3825 991
3825 1074 991
1074 15630 991
15630 8076 991
8076 3738 991
3738 6406 991
6406 15369 991
15369 14950 991
5922 8584 992
8584 3503 992
3503 2158 992
2158 2402 992
2402 4576 992
4576 4656 992
4656 10049 992
10049 12477 992
12477 6377 992
6377 8307 992
8307 3812 992
3812 14801 992
14801 1348 992
1348 7125 992
7125 620 992
620 14665 992
9357 12465 993
12465 10290 993
10290 4672 993
4672 6672 993
6672 16767 993
16767 3266 993
3266 14966 993
14966 2138 993
2138 7833 993
7833 3535 993
3535 14803 993
14803 10776 993
10776 16966 993
16966 15160 993
15160 9279 993
9279 1251 993
5300 12688 994
12688 1137 994
1137 11355 994
11355 13335 994
13335 16435 994
16435 5583 994
5583 679 994
679 4146 994
4146 11924 994
11924 3106 994
3106 12368 994
12368 16977 994
16977 8181 994
8181 8506 994
8506 16035 994
16035 9093 994
11783 14108 995
14108 12062 995
12062 6636 995
6636 15074 995
15074 4327 995
4327 3118 995
3118 5850 995
5850 15250 995
15250 2724 995
2724 12925 995
12925 7117 995
7117 7685 995
7685 13767 995
13767 725 995
725 7748 995
7748 5681 995
366 12964 996
12964 14243 996
14243 9741 996
9741 4403 996
4403 3350 996
3350 9958 996
9958 15119 996
15119 5769 996
5769 2539 996
2539 1959 996
1959 5997 996
5997 2318 996
2318 11176 996
11176 14047 996
14047 646 996
646 15371 996
1029 2177 997
2177 11360 997
11360 14656 997
14656 9518 997
9518 5484 997
5484 6432 997
6432 11920 997
11920 7914 997
7914 12348 997
12348 11137 997
11137 3300 997
3300 10635 997
10635 2485 997
2485 6189 997
6189 12448 997
12448 9972 997
7371 13995 998
13995 7874 998
7874 10722 998
10722 1159 998
1159 2208 998
2208 11285 998
11285 8712 998
8712 2280 998
2280 4203 998
4203 7059 998
7059 11402 998
11402 6180 998
6180 12463 998
12463 16861 998
16861 13582 998
13582 8702 998
1721 3526 999
3526 4268 999
4268 16411 999
16411 4309 999
4309 14927 999
14927 16118 999
16118 16499 999
16499 6720 999
6720 7213 999
7213 10429 999
10429 2186 999
2186 9710 999
9710 173 999
173 10543 999
10543 15433 999
15433 11615 999
8494 8426 1000
8426 15977 1000
15977 6122 1000
6122 3313 1000
3313 6060 1000
6060 889 1000
889 6698 1000
6698 5498 1000
5498 3101 1000
3101 3219 1000
3219 5382 1000
5382 13066 1000
13066 14919 1000
14919 12617 1000
12617 8393 1000
8393 878 1000
