7000 7000 7000
940 4504 1
61 5997 2
4822 991 3
3156 5726 4
4116 6738 5
2130 3275 6
2528 5545 7
2570 4624 8
6221 1254 9
2783 1675 10
5865 2658 11
1577 4166 12
4196 1292 13
5675 4581 14
1701 4139 15
2955 3596 16
6533 6611 17
5783 951 18
2411 6341 19
2796 854 20
1210 3093 21
297 3862 22
727 5194 23
6556 3467 24
1293 1840 25
3267 6416 26
6732 5654 27
3148 6090 28
6034 6624 29
4180 211 30
718 5899 31
6562 3322 32
1591 3285 33
6945 10 34
1884 832 35
4878 4720 36
3469 6388 37
2086 531 38
5726 1126 39
1143 2826 40
3502 6406 41
2619 5497 42
6078 5882 43
3212 5475 44
1197 84 45
4844 5781 46
4311 5201 47
6127 2407 48
3643 843 49
1938 89 50
6032 4496 51
740 1954 52
6701 4156 53
1674 2695 54
1915 268 55
5580 2059 56
6160 4097 57
226 2203 58
4668 5457 59
4157 1207 60
3716 3284 61
2009 3404 62
5814 5280 63
1549 4546 64
6061 5537 65
1700 3877 66
3036 269 67
2007 1430 68
643 4254 69
259 4108 70
4597 4234 71
4332 5477 72
791 6396 73
4391 6362 74
711 1141 75
6294 2290 76
1379 5521 77
516 6801 78
3845 2439 79
3145 5907 80
2742 1915 81
6189 600 82
1499 4359 83
873 6828 84
6557 1644 85
4810 745 86
2366 4375 87
1743 2357 88
3190 2927 89
3183 3221 90
5898 417 91
194 3544 92
5783 2830 93
605 6655 94
2901 124 95
2174 1715 96
234 4739 97
1952 2987 98
6940 2933 99
3007 3719 100
3231 401 101
824 4277 102
3119 3269 103
2985 314 104
5814 3523 105
6840 6307 106
5097 3579 107
5659 3249 108
1706 599 109
4353 41 110
1378 237 111
3919 2721 112
3845 1063 113
917 2367 114
6607 6732 115
6510 621 116
2043 3084 117
172 661 118
6727 1879 119
2393 5193 120
5074 352 121
4959 6198 122
3903 1348 123
1310 2355 124
2203 5795 125
5162 5619 126
90 396 127
4588 1827 128
1923 1458 129
3479 4215 130
3353 6393 131
1452 6881 132
6046 4009 133
4725 6538 134
4822 6701 135
815 1587 136
6980 2911 137
3861 6963 138
1420 5628 139
1041 6433 140
260 4132 141
6592 4382 142
5291 2423 143
1507 6987 144
5854 1459 145
6639 714 146
1091 4270 147
404 2206 148
1837 301 149
1773 6009 150
3065 4180 151
5721 1865 152
5163 840 153
2268 3537 154
6414 609 155
5423 5032 156
581 170 157
5687 3470 158
1122 4628 159
3635 2598 160
6932 5319 161
3625 5647 162
6391 927 163
916 2412 164
6516 1614 165
3349 3790 166
916 1651 167
6786 639 168
4952 4708 169
2877 131 170
2861 2862 171
2858 3698 172
6361 6279 173
1086 3250 174
1437 3966 175
1160 808 176
3569 5266 177
3062 2841 178
299 6078 179
3703 5177 180
1731 6955 181
410 6670 182
5495 2836 183
3723 4755 184
3240 4998 185
686 5808 186
2207 4261 187
1845 1690 188
421 4930 189
2546 6588 190
4456 5854 191
2523 4563 192
3892 1400 193
5687 3142 194
6592 6543 195
4621 4209 196
6643 5998 197
4498 4503 198
639 4869 199
1571 5714 200
858 1304 201
2979 6231 202
1013 1792 203
5227 1110 204
5928 2258 205
4555 3905 206
1967 1633 207
5950 127 208
5337 5329 209
5126 4913 210
5407 826 211
585 2473 212
3739 5584 213
5753 3377 214
646 3031 215
2266 6169 216
3858 5331 217
5374 6665 218
3524 1761 219
2350 3085 220
515 1894 221
4322 6051 222
6364 3041 223
5984 6839 224
6467 1427 225
5103 6297 226
2635 3000 227
1389 5267 228
1986 4485 229
5050 1437 230
5745 4440 231
2564 3676 232
6905 2068 233
4242 2015 234
706 1637 235
4028 2611 236
6203 6974 237
3215 4776 238
484 3115 239
4203 2608 240
2712 1297 241
6639 6787 242
282 4130 243
3917 1878 244
4054 620 245
4750 5118 246
6598 38 247
6770 66 248
284 5261 249
4638 4008 250
1405 2062 251
5509 779 252
6856 5762 253
1088 5450 254
206 1066 255
4337 2892 256
1650 5492 257
4534 1649 258
3265 1106 259
1977 2915 260
476 315 261
6093 3195 262
4742 29 263
6505 2089 264
6771 918 265
2281 6374 266
1711 1266 267
1803 6728 268
3851 2298 269
2280 2147 270
3680 1881 271
3480 2792 272
4538 5334 273
658 3197 274
1373 1214 275
3686 5992 276
6255 5643 277
4742 985 278
4388 4146 279
2759 4106 280
5215 6451 281
2196 3672 282
4322 4049 283
3204 509 284
6619 6544 285
5436 129 286
4413 5369 287
3808 4198 288
759 1825 289
1226 634 290
974 4669 291
2742 6972 292
1041 2875 293
1913 6860 294
5465 6274 295
4574 2866 296
6753 988 297
115 4992 298
791 4044 299
534 1794 300
6378 3795 301
1280 241 302
254 565 303
6486 4032 304
4533 1340 305
592 6215 306
760 3801 307
5916 6804 308
2130 5804 309
2996 5016 310
4893 2288 311
2933 2696 312
6925 4586 313
3495 1081 314
5235 6023 315
860 2222 316
4263 1688 317
4809 6772 318
1868 355 319
4999 5163 320
52 336 321
5691 4001 322
4684 1001 323
6671 1550 324
1619 1531 325
4662 770 326
3956 1105 327
6438 719 328
3164 1773 329
294 6168 330
6407 58 331
1698 6566 332
435 4578 333
6195 2953 334
2074 6037 335
3444 328 336
3721 778 337
1347 3180 338
3518 1315 339
350 2846 340
4637 12 341
662 6085 342
4987 1654 343
195 512 344
6857 6316 345
2437 2483 346
6812 6769 347
3147 5720 348
4899 760 349
1138 5754 350
1916 2242 351
2514 5694 352
4735 2755 353
1757 1358 354
6310 3014 355
2250 4184 356
5829 262 357
4022 2676 358
4037 234 359
2481 1891 360
3918 1602 361
5296 5495 362
3686 6517 363
2548 135 364
6919 4413 365
6833 2153 366
4389 6438 367
5916 733 368
2077 2373 369
1086 4906 370
2123 3328 371
2278 4861 372
592 3399 373
479 4248 374
6707 881 375
1719 3426 376
1454 4028 377
4400 1911 378
2835 4915 379
6481 3372 380
312 5247 381
5511 1831 382
6645 4712 383
5833 1506 384
3386 3787 385
6578 4718 386
266 1708 387
4974 6129 388
180 4125 389
5186 6704 390
4011 583 391
3874 3373 392
3049 5622 393
5971 5311 394
2324 4148 395
5322 1629 396
1409 104 397
1915 5685 398
5441 5424 399
4124 5415 400
2185 2563 401
1316 1370 402
6854 348 403
4515 2073 404
4557 5305 405
312 3082 406
1319 6213 407
5300 2950 408
47 2940 409
3190 5774 410
2377 3097 411
5924 282 412
1142 3783 413
2085 540 414
2079 4926 415
6066 4765 416
4892 4499 417
2886 5417 418
5017 2371 419
3897 819 420
3943 2918 421
2684 125 422
3890 2326 423
6703 1177 424
77 518 425
4663 1843 426
3764 3524 427
3759 1087 428
4639 2660 429
4992 3028 430
5871 552 431
3065 6461 432
4970 1583 433
3621 1349 434
2772 37 435
5251 6363 436
5180 5140 437
2365 2832 438
5702 2171 439
397 4015 440
3487 6785 441
6419 2411 442
3512 6012 443
3930 2549 444
1880 4967 445
6577 1608 446
4975 4983 447
1051 1811 448
4714 500 449
3308 6583 450
2072 4389 451
5267 2873 452
1652 6668 453
1150 5052 454
5865 115 455
4818 2808 456
2625 2305 457
1556 26 458
5209 1910 459
5107 3803 460
5653 419 461
3533 3145 462
297 3508 463
5193 4772 464
2680 428 465
3157 3489 466
3805 2162 467
3896 5196 468
2355 6455 469
5934 4122 470
5166 4874 471
79 2913 472
2452 1166 473
4475 3741 474
4140 2625 475
6378 1723 476
1189 3277 477
5985 615 478
3574 3852 479
4911 1770 480
1026 3620 481
40 2863 482
2086 2401 483
4623 6152 484
3642 1432 485
1919 573 486
4328 4574 487
3903 930 488
313 3770 489
6282 5921 490
2547 5700 491
6840 940 492
4302 4829 493
1478 1679 494
6542 2085 495
5761 800 496
2655 6959 497
5849 92 498
6029 595 499
6120 3696 500
2518 2881 501
5553 963 502
2682 2076 503
556 1342 504
3835 5351 505
3087 4556 506
193 1975 507
984 1507 508
2846 2010 509
2974 6623 510
6284 3745 511
2606 3226 512
1027 2069 513
1895 4786 514
5561 6631 515
4998 6184 516
683 784 517
514 4993 518
1532 5871 519
3877 30 520
305 1146 521
275 2456 522
4144 4362 523
5284 6660 524
1499 3727 525
350 167 526
2055 2382 527
4536 6794 528
5375 6389 529
4173 3616 530
523 3856 531
712 6964 532
6326 2786 533
5517 1078 534
2846 3694 535
471 2999 536
6222 5665 537
2372 3985 538
910 984 539
604 3416 540
5644 2495 541
2014 4185 542
1841 6539 543
3743 2391 544
4077 5768 545
1801 6057 546
4484 640 547
1765 5766 548
5946 479 549
5175 6122 550
904 3690 551
5533 4262 552
2828 3185 553
5748 6824 554
4156 2055 555
5928 6790 556
5450 6581 557
6268 4158 558
816 4448 559
5219 6686 560
655 1140 561
3823 1816 562
4016 2140 563
3187 1162 564
5659 872 565
3010 5121 566
3736 2681 567
208 146 568
3236 1883 569
4101 4652 570
1543 2424 571
1182 3907 572
940 254 573
188 499 574
4362 551 575
3065 3538 576
1076 1691 577
2751 2022 578
2139 5751 579
6216 1108 580
4384 2936 581
3376 936 582
626 4880 583
2452 3038 584
5407 2363 585
2729 4535 586
6216 1259 587
6323 2183 588
6866 1065 589
6614 1598 590
6910 478 591
6166 4764 592
4697 2934 593
1331 3321 594
2940 4831 595
6397 452 596
6845 3296 597
4594 3065 598
4527 4420 599
5910 1309 600
6818 2018 601
6692 5597 602
2794 5600 603
2556 6349 604
5872 931 605
5848 975 606
5706 2214 607
6701 5078 608
6421 2361 609
4150 628 610
6510 4717 611
5278 3898 612
2687 5063 613
5865 2821 614
148 1379 615
5217 5719 616
807 619 617
2861 6601 618
5066 1224 619
400 5359 620
2060 2313 621
1715 480 622
1809 1528 623
2858 52 624
5232 1375 625
1531 6284 626
453 197 627
4776 6917 628
1221 6657 629
5316 3756 630
726 4071 631
4428 1361 632
1838 1874 633
3405 1255 634
1546 6117 635
622 2137 636
4935 6401 637
6531 3590 638
131 1173 639
798 2273 640
4248 3050 641
2829 6011 642
2581 2253 643
5036 2655 644
6032 1013 645
2841 6898 646
3979 2009 647
6575 122 648
3522 4670 649
1769 5083 650
4107 4677 651
4408 6364 652
3814 4161 653
6646 3348 654
4343 5748 655
6575 4884 656
5806 613 657
2228 643 658
3070 4452 659
2529 780 660
5533 6206 661
5102 2001 662
2531 5680 663
598 6087 664
4665 2945 665
4746 688 666
6461 3324 667
5112 4528 668
1783 3691 669
6253 2968 670
3968 2330 671
2163 6428 672
6020 801 673
2898 4676 674
6221 649 675
5498 3576 676
6424 2035 677
5436 3052 678
5861 4544 679
4690 566 680
4536 4039 681
1706 3759 682
4443 3215 683
4229 672 684
574 3057 685
842 1796 686
5829 864 687
2095 716 688
885 1743 689
3704 3567 690
3114 3080 691
2607 1070 692
5934 693 693
1983 5224 694
3942 4583 695
499 6408 696
958 5869 697
2528 2713 698
2086 106 699
562 273 700
5061 4867 701
1976 2852 702
3771 3310 703
1977 6983 704
6480 685 705
748 5064 706
726 4662 707
6480 128 708
5320 731 709
2536 4414 710
319 1007 711
2952 4666 712
6084 6230 713
1510 1403 714
873 3246 715
4185 2007 716
5753 4813 717
4837 1734 718
4473 4075 719
4856 5069 720
2220 1080 721
6892 5968 722
4713 2489 723
2085 4171 724
6706 6232 725
1321 289 726
3764 4618 727
4390 5170 728
6543 6936 729
5136 2413 730
1459 614 731
2058 4067 732
473 4406 733
4147 570 734
701 1204 735
2369 1828 736
2639 5836 737
697 4632 738
3963 3841 739
956 5613 740
766 6317 741
1121 6565 742
133 3500 743
2138 6764 744
66 3318 745
2780 1083 746
1319 1851 747
4459 2419 748
1325 3608 749
409 1236 750
3437 272 751
250 3064 752
4546 2302 753
1596 3429 754
1614 5104 755
144 6662 756
655 1310 757
633 3808 758
3075 6228 759
4822 404 760
2303 1800 761
320 4818 762
2138 1122 763
1478 6635 764
202 6924 765
2986 1193 766
6843 3207 767
5081 5164 768
3651 6554 769
5619 6897 770
4001 2377 771
24 2406 772
2901 3092 773
2268 6288 774
2687 4901 775
635 4609 776
6374 5206 777
2306 6457 778
5131 3083 779
5289 2609 780
125 1650 781
800 3016 782
1489 2052 783
4275 2132 784
4486 4284 785
5955 3271 786
992 6698 787
6865 2886 788
102 3588 789
2006 3983 790
6148 2017 791
695 6928 792
2496 3004 793
4007 5563 794
3471 6016 795
3061 746 796
3282 2394 797
3108 6070 798
288 3251 799
4740 4854 800
599 383 801
1141 4444 802
5362 5119 803
3341 1724 804
5984 3337 805
6683 114 806
2356 5957 807
2484 664 808
5217 3254 809
4844 2902 810
885 2925 811
1083 4655 812
823 4622 813
6594 3114 814
6523 3890 815
2515 231 816
4959 677 817
2102 4179 818
6974 2938 819
2855 4674 820
2023 2878 821
779 1752 822
231 6227 823
2023 2678 824
576 6915 825
1856 1939 826
1101 6568 827
1316 1160 828
6829 2120 829
4524 4372 830
5735 397 831
2287 2978 832
3617 6008 833
6016 70 834
4844 367 835
3355 5897 836
4285 6612 837
2610 173 838
6860 1834 839
4530 2745 840
3761 3106 841
4298 1860 842
228 2070 843
5946 2630 844
120 6431 845
4587 4260 846
1420 6133 847
2066 6338 848
2850 1765 849
5128 1632 850
5483 2065 851
882 1854 852
1013 1357 853
5422 6842 854
2408 71 855
4310 6587 856
1835 2527 857
576 5917 858
3946 4664 859
2058 1009 860
4533 4917 861
6676 2782 862
6603 3820 863
4325 1697 864
2039 3980 865
4909 4840 866
2307 323 867
3645 5811 868
3038 834 869
3453 1454 870
3119 5262 871
3016 4069 872
1872 4827 873
6471 5661 874
4427 5879 875
1301 3547 876
2803 3528 877
6421 1253 878
6940 998 879
6467 5527 880
4505 829 881
6803 6965 882
5694 1039 883
3112 3260 884
1793 441 885
1119 2768 886
1072 1181 887
932 5467 888
3287 4649 889
5868 1944 890
5272 3162 891
6988 709 892
4533 2381 893
1531 5834 894
3653 4311 895
1209 1331 896
3236 5024 897
5409 2160 898
51 2257 899
3215 2023 900
999 6254 901
5190 4925 902
2299 2071 903
4448 5154 904
6020 6125 905
5099 1156 906
5109 5248 907
985 2796 908
2097 5860 909
4045 3823 910
5165 1741 911
6203 1495 912
3931 3035 913
5107 3345 914
4740 5915 915
3957 6391 916
3890 3135 917
1640 1201 918
5412 2797 919
5074 3836 920
2091 3030 921
3104 2764 922
5381 2191 923
4619 6353 924
6122 5977 925
3175 920 926
2416 1210 927
4504 3116 928
2735 1390 929
5196 5745 930
5003 3940 931
6515 158 932
6828 1513 933
1481 6699 934
3083 6770 935
5533 4663 936
3074 6131 937
5504 870 938
5649 2595 939
4854 3303 940
1721 3883 941
6332 3368 942
2598 4167 943
502 1657 944
6111 5145 945
453 3214 946
4288 369 947
2259 2644 948
4745 4370 949
1774 3735 950
4354 5636 951
5615 6958 952
250 947 953
6946 916 954
5693 6145 955
1859 6245 956
2928 4683 957
2413 2088 958
4475 6597 959
4521 3897 960
2374 2860 961
4506 3946 962
3018 4918 963
6420 966 964
1090 4079 965
3663 1024 966
2450 2777 967
129 5934 968
6088 604 969
4194 6817 970
6421 4580 971
2850 1670 972
3167 6418 973
517 4086 974
5867 4539 975
2646 5976 976
5749 2208 977
3918 3412 978
2868 5491 979
4923 440 980
2028 1668 981
1977 6464 982
5915 1805 983
29 6494 984
3952 2210 985
4381 4092 986
3618 2293 987
3557 3791 988
2950 1328 989
1152 1147 990
4864 5984 991
1411 5271 992
5172 973 993
589 2508 994
3528 5452 995
4849 6545 996
3062 391 997
5241 370 998
4919 1064 999
3871 5516 1000
611 556 1001
3576 3427 1002
927 5565 1003
2101 5725 1004
5950 6542 1005
6003 4194 1006
4275 4429 1007
871 1624 1008
6946 345 1009
2204 2418 1010
5804 717 1011
1092 2150 1012
5563 4679 1013
2262 3507 1014
5671 3204 1015
311 5442 1016
652 4492 1017
4066 5676 1018
2596 2917 1019
6424 6752 1020
5837 1764 1021
5386 5717 1022
1662 1527 1023
6450 2720 1024
233 6710 1025
3943 6702 1026
4734 678 1027
6686 1484 1028
3663 5867 1029
788 3253 1030
2964 1276 1031
6388 3099 1032
638 5025 1033
5738 3476 1034
5660 2871 1035
6646 3451 1036
2620 4195 1037
2648 1981 1038
2079 5550 1039
5535 3369 1040
4267 1090 1041
6273 3726 1042
5351 3960 1043
3358 5770 1044
2675 5336 1045
3727 796 1046
2489 5668 1047
788 2691 1048
6140 5716 1049
107 3420 1050
6906 1235 1051
6828 529 1052
6167 6989 1053
5444 4310 1054
5043 24 1055
5211 4892 1056
2914 6813 1057
326 5428 1058
2548 1073 1059
6614 4225 1060
2092 3350 1061
335 4879 1062
6159 4462 1063
727 5066 1064
3298 1030 1065
4849 5109 1066
6294 1075 1067
943 4751 1068
2981 4808 1069
5141 4878 1070
210 4500 1071
3068 989 1072
629 1468 1073
1121 5670 1074
5472 180 1075
5639 2307 1076
1351 3869 1077
1490 3230 1078
5745 4721 1079
6489 845 1080
9 6030 1081
2493 2988 1082
2028 2014 1083
780 2267 1084
4899 4175 1085
1532 4224 1086
6650 368 1087
2090 3736 1088
2943 2702 1089
4405 3351 1090
2259 5908 1091
807 1164 1092
5039 3247 1093
3147 4285 1094
97 6068 1095
4630 1479 1096
6928 3830 1097
5518 4907 1098
2401 4107 1099
4045 1405 1100
1671 665 1101
2366 1573 1102
5719 4950 1103
2531 4223 1104
4665 2429 1105
2827 4634 1106
4609 3442 1107
938 889 1108
5212 3643 1109
4474 6149 1110
132 5373 1111
816 4695 1112
2606 3965 1113
4070 616 1114
5329 5387 1115
882 1416 1116
5783 120 1117
6268 1803 1118
3497 2555 1119
3986 1639 1120
6295 2109 1121
4375 63 1122
1893 2186 1123
2700 6977 1124
6489 4320 1125
6406 5371 1126
5557 1680 1127
4705 3975 1128
5761 4520 1129
4175 227 1130
6805 1569 1131
3074 3832 1132
2660 928 1133
4405 5649 1134
1872 2906 1135
2934 743 1136
5021 2178 1137
5413 6890 1138
2714 5288 1139
6332 1952 1140
1032 261 1141
6863 3561 1142
1432 2380 1143
5955 5695 1144
569 1043 1145
1851 2027 1146
6917 4516 1147
742 2362 1148
3354 1585 1149
2079 4290 1150
4039 5403 1151
4881 5341 1152
6931 3592 1153
208 2649 1154
643 5519 1155
5440 2202 1156
4494 4199 1157
6454 844 1158
622 2190 1159
5857 1626 1160
1710 232 1161
2727 4882 1162
435 6373 1163
4414 2081 1164
6343 1769 1165
4515 4243 1166
5206 2304 1167
1997 1317 1168
6535 5667 1169
5031 3434 1170
3390 6973 1171
162 364 1172
5508 5229 1173
596 3175 1174
1411 3228 1175
4514 5070 1176
4622 924 1177
4411 1481 1178
6404 4868 1179
5160 6574 1180
3779 2588 1181
2104 2848 1182
3399 4590 1183
895 5095 1184
4982 5580 1185
2600 1307 1186
5913 4979 1187
3841 1212 1188
5609 4317 1189
3010 6757 1190
1280 1470 1191
883 2776 1192
6339 98 1193
2705 1717 1194
113 5480 1195
5103 2332 1196
3018 6052 1197
6730 3731 1198
1935 2822 1199
929 4391 1200
1895 5188 1201
2903 6459 1202
2510 34 1203
4203 2256 1204
5753 883 1205
6307 4733 1206
3479 5927 1207
1276 501 1208
5600 1364 1209
3018 4870 1210
2985 1088 1211
1144 5744 1212
5582 6654 1213
1857 3649 1214
3048 5073 1215
5465 6768 1216
193 91 1217
479 1227 1218
4206 4603 1219
1859 6282 1220
534 5464 1221
75 3910 1222
235 385 1223
2095 5 1224
1310 5606 1225
1838 4724 1226
37 686 1227
6121 5718 1228
4059 3289 1229
2503 5901 1230
3635 5241 1231
1378 3047 1232
1200 2063 1233
4617 2929 1234
6553 4399 1235
4426 4331 1236
932 6526 1237
5859 2975 1238
185 3379 1239
119 6536 1240
1604 2641 1241
1375 2708 1242
359 5324 1243
6088 6858 1244
3751 1925 1245
1123 1 1246
2330 6421 1247
2125 2735 1248
5676 5845 1249
3731 516 1250
6635 3964 1251
2657 3069 1252
4301 3122 1253
4883 1096 1254
3800 5454 1255
3904 3468 1256
4027 3366 1257
6085 1017 1258
2279 206 1259
6897 5986 1260
3918 2626 1261
2452 2591 1262
3575 4823 1263
2931 72 1264
4932 3403 1265
5561 2573 1266
264 5602 1267
5933 3383 1268
6893 5217 1269
6169 4014 1270
4474 5693 1271
1257 3430 1272
6950 5299 1273
3497 582 1274
3877 4007 1275
4636 5099 1276
6163 3541 1277
5735 2964 1278
6862 5289 1279
6274 6872 1280
4942 2234 1281
4042 3415 1282
5524 6664 1283
2164 6834 1284
574 6063 1285
726 2077 1286
1927 387 1287
5675 3220 1288
2584 3866 1289
5556 6346 1290
590 718 1291
3738 5906 1292
1226 5028 1293
1034 2045 1294
1998 5567 1295
4379 4467 1296
930 4430 1297
1382 877 1298
4670 2030 1299
519 1604 1300
1232 3311 1301
5913 1097 1302
5413 2740 1303
871 4006 1304
1334 6471 1305
2143 5416 1306
6542 4409 1307
6648 5790 1308
4719 3361 1309
2963 1058 1310
1950 1287 1311
1478 2129 1312
4569 6335 1313
2634 2158 1314
4779 2259 1315
1607 3573 1316
929 5034 1317
173 5322 1318
1165 3317 1319
1427 3358 1320
1744 1323 1321
4328 3701 1322
4162 2482 1323
5121 1021 1324
3215 399 1325
1026 1229 1326
6093 1034 1327
5276 5146 1328
5086 2960 1329
330 1959 1330
1141 1914 1331
4514 4782 1332
2212 858 1333
5893 4289 1334
4461 2711 1335
5480 6766 1336
2079 4461 1337
2523 1380 1338
1124 6112 1339
4267 934 1340
753 4252 1341
3534 1859 1342
1431 3161 1343
3654 5961 1344
988 4367 1345
2983 2814 1346
3576 2801 1347
6604 3734 1348
5927 6065 1349
6862 1433 1350
2212 6146 1351
6042 502 1352
3667 1218 1353
4536 150 1354
6097 2399 1355
930 1294 1356
4587 3105 1357
5023 1132 1358
2362 3761 1359
399 6651 1360
479 5922 1361
3434 3626 1362
4838 5723 1363
2635 5656 1364
6867 1539 1365
339 6384 1366
275 2247 1367
1569 3944 1368
2201 2375 1369
5591 3287 1370
2727 1157 1371
5950 258 1372
1230 627 1373
5117 5088 1374
6612 407 1375
1780 3952 1376
3471 6356 1377
1432 763 1378
4870 3542 1379
4514 2224 1380
476 2580 1381
5118 1928 1382
3027 4471 1383
6946 3316 1384
4974 727 1385
4980 4780 1386
4934 434 1387
3818 807 1388
3198 2880 1389
2209 6108 1390
3979 5413 1391
1915 1619 1392
1016 5560 1393
5635 2719 1394
1872 2548 1395
4892 4033 1396
4226 831 1397
5263 541 1398
848 3208 1399
4156 856 1400
6489 517 1401
5839 2303 1402
2369 64 1403
5865 3968 1404
2723 6141 1405
952 3891 1406
4245 6835 1407
2341 454 1408
6984 2907 1409
2099 4004 1410
3260 5564 1411
3139 2751 1412
4322 5678 1413
5475 3239 1414
3240 5840 1415
5928 3679 1416
921 4238 1417
2464 2541 1418
6667 3771 1419
885 3913 1420
3714 6849 1421
4169 6207 1422
6657 6376 1423
3017 429 1424
321 4196 1425
2933 5212 1426
4846 1630 1427
2899 5344 1428
5118 5518 1429
4181 195 1430
5373 3657 1431
2308 2829 1432
5285 3551 1433
1768 5056 1434
1924 5005 1435
2177 3484 1436
500 5423 1437
3972 5147 1438
4982 3460 1439
3632 5010 1440
2489 1365 1441
1373 4271 1442
5556 515 1443
5078 6692 1444
775 2436 1445
3687 1464 1446
568 3334 1447
192 5996 1448
3236 6960 1449
216 5964 1450
4495 1563 1451
3111 5394 1452
2150 2961 1453
1146 5077 1454
1640 5343 1455
6472 3418 1456
1744 997 1457
4285 6852 1458
3515 4287 1459
4384 887 1460
3216 3963 1461
973 1577 1462
84 1918 1463
4024 2780 1464
2760 378 1465
4813 5264 1466
3621 1930 1467
1862 5242 1468
2840 1268 1469
3061 1197 1470
234 4974 1471
6542 2854 1472
268 2982 1473
5759 356 1474
709 906 1475
2982 5435 1476
5892 3687 1477
6831 5528 1478
6820 2306 1479
3368 1655 1480
5356 4193 1481
1873 5222 1482
546 5599 1483
1492 2706 1484
5931 6594 1485
5223 4518 1486
4118 3150 1487
4383 803 1488
5597 3553 1489
4742 1130 1490
5071 5807 1491
2483 292 1492
588 4606 1493
1263 5075 1494
4864 3432 1495
1718 5045 1496
6798 1869 1497
2751 611 1498
3565 3677 1499
6900 5777 1500
367 4672 1501
6120 5898 1502
3453 2354 1503
306 2164 1504
4811 1824 1505
6407 6814 1506
5871 1305 1507
3308 921 1508
384 6671 1509
306 3986 1510
3345 3602 1511
1171 698 1512
1395 3110 1513
1749 4531 1514
3562 4159 1515
4400 2889 1516
4634 3009 1517
742 2142 1518
1478 4598 1519
4776 1912 1520
6307 3765 1521
3831 4963 1522
6293 4222 1523
4156 2767 1524
691 1526 1525
21 1154 1526
633 711 1527
5859 5956 1528
4763 3580 1529
3155 5569 1530
2174 1099 1531
3582 5683 1532
279 851 1533
2210 2838 1534
6306 161 1535
5908 981 1536
790 4599 1537
3537 204 1538
981 3511 1539
4267 113 1540
2941 6803 1541
5545 3298 1542
4760 1819 1543
564 5920 1544
5375 2474 1545
556 6322 1546
2338 2331 1547
4311 477 1548
3836 5191 1549
6168 3492 1550
3894 2669 1551
44 3338 1552
4412 3796 1553
2548 4976 1554
332 3487 1555
3754 2790 1556
4317 6357 1557
4704 3645 1558
1007 933 1559
4203 1701 1560
6117 785 1561
735 1652 1562
6796 6289 1563
3042 6687 1564
6187 1725 1565
488 2205 1566
4486 3070 1567
3630 382 1568
5955 4847 1569
1519 4969 1570
5250 3844 1571
1158 5422 1572
6384 5965 1573
489 2328 1574
4070 3908 1575
6086 3407 1576
5197 5339 1577
5602 3595 1578
2065 1168 1579
1999 3623 1580
4923 5727 1581
724 4572 1582
4308 1434 1583
523 1320 1584
4150 1590 1585
2846 5533 1586
5498 1707 1587
3408 5702 1588
4621 2269 1589
384 3493 1590
4431 6446 1591
2743 3008 1592
6521 5026 1593
1614 4046 1594
3521 4466 1595
5977 5143 1596
613 5929 1597
3747 630 1598
3795 4062 1599
5899 4169 1600
2792 5290 1601
3761 4788 1602
85 1002 1603
2428 4814 1604
297 6426 1605
1407 1889 1606
6588 2616 1607
1111 2480 1608
4756 5928 1609
3432 4017 1610
2548 5235 1611
2373 3003 1612
391 1182 1613
1875 4459 1614
6516 6685 1615
6052 1194 1616
972 6135 1617
6674 513 1618
3851 4536 1619
2249 511 1620
5511 4013 1621
1365 5835 1622
5753 2501 1623
1081 5157 1624
4917 3628 1625
2899 6905 1626
1039 3506 1627
3186 4848 1628
2383 4641 1629
104 4982 1630
5375 3760 1631
1750 5713 1632
4224 4150 1633
3376 5089 1634
1748 309 1635
5065 3017 1636
3381 6949 1637
1310 3184 1638
5142 4706 1639
6599 2738 1640
4458 2485 1641
111 6633 1642
77 3995 1643
5455 2914 1644
4400 4631 1645
3812 3583 1646
2179 3130 1647
4500 5215 1648
2249 1311 1649
6563 2264 1650
5792 6249 1651
5141 2285 1652
4809 2195 1653
5679 6942 1654
899 2811 1655
1721 598 1656
1562 1922 1657
85 4812 1658
4214 3510 1659
6226 3256 1660
5950 6882 1661
3070 3200 1662
5828 6043 1663
4696 3491 1664
684 1847 1665
3974 1702 1666
5444 54 1667
5787 6477 1668
3663 5644 1669
1326 3452 1670
5746 101 1671
4047 5307 1672
1467 4625 1673
4870 6789 1674
2303 2477 1675
2105 942 1676
3800 712 1677
5988 1095 1678
1713 4172 1679
2623 6647 1680
4219 3090 1681
2136 4239 1682
97 2188 1683
4514 5831 1684
4653 6923 1685
4141 6258 1686
1912 6237 1687
5761 3044 1688
3866 6868 1689
5780 3279 1690
6847 3768 1691
5333 1863 1692
515 6893 1693
878 6853 1694
2086 2901 1695
4203 6407 1696
4349 4257 1697
5702 5944 1698
2451 3675 1699
2055 2977 1700
1202 1378 1701
4486 6837 1702
1413 5120 1703
2360 6589 1704
2329 1219 1705
6613 1038 1706
3742 6200 1707
2194 4433 1708
159 5171 1709
6866 5438 1710
4219 6480 1711
2298 177 1712
4794 4416 1713
2768 861 1714
3240 5805 1715
3255 3589 1716
1624 6689 1717
6168 422 1718
5694 5124 1719
451 5419 1720
4439 3895 1721
4712 2831 1722
2024 617 1723
2932 163 1724
184 2989 1725
6071 1327 1726
2956 4163 1727
6676 1285 1728
5797 6092 1729
3682 5523 1730
3783 3693 1731
3563 5027 1732
2632 2311 1733
612 1056 1734
6203 5812 1735
3469 5086 1736
1833 3892 1737
2687 1822 1738
2705 4988 1739
2072 2410 1740
1472 2583 1741
2724 2386 1742
302 1947 1743
6481 1410 1744
6088 1324 1745
1915 2278 1746
4311 2722 1747
4519 793 1748
1622 6880 1749
384 898 1750
4999 3463 1751
4404 6004 1752
5817 4143 1753
4102 86 1754
5709 2229 1755
1319 2012 1756
858 4449 1757
2738 5155 1758
6317 6731 1759
3877 230 1760
2406 6899 1761
3017 2471 1762
375 6640 1763
1160 660 1764
6010 455 1765
2452 6387 1766
3351 117 1767
4746 5573 1768
2565 5875 1769
574 48 1770
2548 850 1771
3215 4283 1772
1321 5876 1773
1820 4058 1774
2029 3252 1775
3312 6862 1776
62 6607 1777
6104 705 1778
4580 1789 1779
3172 3026 1780
2983 5916 1781
424 4933 1782
2400 2637 1783
322 5392 1784
5536 1408 1785
763 1382 1786
6816 5640 1787
6809 5233 1788
3621 4463 1789
5530 2930 1790
1391 4120 1791
1357 4543 1792
3664 5358 1793
3896 3153 1794
171 1262 1795
4660 6358 1796
3171 2056 1797
5532 2479 1798
938 2965 1799
5705 6642 1800
3939 1483 1801
3327 6771 1802
3012 1613 1803
3097 1116 1804
5892 5465 1805
446 5167 1806
4448 901 1807
516 1271 1808
790 5753 1809
599 313 1810
930 5856 1811
6379 4792 1812
1701 2762 1813
4140 3497 1814
2741 1936 1815
1795 5159 1816
6429 601 1817
6582 674 1818
5298 5651 1819
4435 6688 1820
4024 878 1821
1121 6360 1822
519 3087 1823
1397 6392 1824
4461 2452 1825
5067 4109 1826
6966 1215 1827
6480 2783 1828
2776 4212 1829
4879 1566 1830
1492 4304 1831
5210 2539 1832
1627 708 1833
6093 2531 1834
2488 194 1835
237 157 1836
6590 1783 1837
3699 821 1838
3300 1338 1839
1660 5570 1840
6020 1509 1841
670 2005 1842
3764 2969 1843
428 6329 1844
4878 5763 1845
6932 4347 1846
1090 6778 1847
1640 6584 1848
1904 2161 1849
977 3120 1850
3040 848 1851
2027 663 1852
1913 5583 1853
5440 751 1854
2714 3201 1855
2902 1762 1856
6392 3833 1857
4886 1249 1858
3896 1817 1859
5552 841 1860
6833 6267 1861
6942 5710 1862
4454 3172 1863
1711 2639 1864
6002 969 1865
882 5684 1866
1028 3183 1867
2131 431 1868
1896 4593 1869
5780 5370 1870
1740 6501 1871
4061 6268 1872
3974 5207 1873
450 2251 1874
4405 3111 1875
6455 15 1876
6661 6830 1877
6578 5894 1878
150 5634 1879
5285 941 1880
2336 5043 1881
2933 875 1882
6752 6876 1883
1952 1020 1884
1256 3724 1885
1796 6238 1886
1701 3157 1887
350 4822 1888
3092 4396 1889
697 4989 1890
3096 5731 1891
668 593 1892
1214 6596 1893
6609 2428 1894
1523 605 1895
892 6523 1896
133 224 1897
4213 2037 1898
1016 3516 1899
790 4864 1900
6167 1906 1901
4139 6334 1902
1772 1584 1903
6840 4400 1904
1581 2044 1905
5787 4390 1906
1660 362 1907
1648 1950 1908
2386 3674 1909
1757 5044 1910
3791 5412 1911
2767 424 1912
4261 3533 1913
4428 1497 1914
2641 5345 1915
4278 2888 1916
865 2395 1917
1900 1363 1918
6088 6034 1919
22 2374 1920
2673 3302 1921
6826 1135 1922
6861 62 1923
6089 1452 1924
5209 946 1925
1858 4074 1926
3837 4569 1927
182 490 1928
5797 3871 1929
1368 132 1930
1902 5757 1931
4311 3956 1932
4599 1955 1933
4285 2274 1934
2861 1766 1935
1258 865 1936
596 1425 1937
6520 6582 1938
6307 2384 1939
6313 1023 1940
711 2033 1941
5970 5234 1942
5154 4565 1943
1635 2260 1944
3246 2840 1945
909 5208 1946
6269 5575 1947
5719 6110 1948
1756 3536 1949
2085 472 1950
2431 4523 1951
2474 5884 1952
5 4412 1953
1713 4795 1954
286 6836 1955
1619 4043 1956
1216 3928 1957
268 1485 1958
546 6784 1959
1444 5440 1960
3595 1487 1961
4267 810 1962
4037 2788 1963
2482 6791 1964
4312 3640 1965
5557 4241 1966
5174 4805 1967
3110 3779 1968
3508 983 1969
1875 5074 1970
6400 528 1971
2531 4694 1972
1713 2565 1973
5196 4651 1974
5058 3140 1975
4883 1784 1976
3424 1905 1977
3645 2225 1978
6157 2650 1979
6183 341 1980
4343 6159 1981
5612 5784 1982
2100 6199 1983
3701 3422 1984
1361 2379 1985
4854 5168 1986
6939 2283 1987
4425 103 1988
2877 671 1989
2675 6760 1990
6701 3861 1991
4651 2112 1992
6177 6080 1993
4203 221 1994
4647 5485 1995
79 2180 1996
4156 1478 1997
6323 1862 1998
6326 5905 1999
6143 5431 2000
4846 1971 2001
6657 4131 2002
3964 3127 2003
1861 2928 2004
5650 5117 2005
4080 1740 2006
849 136 2007
1785 2610 2008
1480 1622 2009
4137 912 2010
5142 251 2011
6092 4105 2012
849 1374 2013
871 2546 2014
2095 970 2015
2834 681 2016
826 6619 2017
991 1588 2018
6591 3096 2019
3672 5250 2020
6794 3144 2021
4783 4895 2022
4218 2427 2023
5018 3179 2024
4517 6620 2025
131 1293 2026
2689 4943 2027
400 6637 2028
4749 439 2029
2513 3868 2030
4187 4729 2031
702 1592 2032
4745 5609 2033
4317 1932 2034
1952 435 2035
1447 2594 2036
5298 799 2037
6307 6855 2038
2059 5974 2039
2873 750 2040
2322 2448 2041
1467 1625 2042
399 1549 2043
6857 6113 2044
6027 5773 2045
457 2921 2046
4155 4934 2047
337 5306 2048
2377 3042 2049
5231 6614 2050
5309 5544 2051
3294 1962 2052
4926 1951 2053
576 4336 2054
2548 1791 2055
2632 2478 2056
4785 2105 2057
2548 2446 2058
6994 530 2059
712 2491 2060
5685 3036 2061
5847 3607 2062
6599 6427 2063
6469 5067 2064
1797 1733 2065
4792 2465 2066
5997 6886 2067
2519 4119 2068
826 6072 2069
6932 6884 2070
3129 4165 2071
520 4090 2072
6506 3186 2073
3884 3851 2074
447 1546 2075
5500 5829 2076
6672 915 2077
6613 6667 2078
4704 1385 2079
6220 1225 2080
615 3594 2081
2742 453 2082
2287 2243 2083
4292 5468 2084
2849 1571 2085
1132 6370 2086
5629 3948 2087
2228 294 2088
4824 386 2089
1815 550 2090
2472 2590 2091
6154 3652 2092
3126 2334 2093
507 1184 2094
2090 4214 2095
2060 437 2096
6837 5785 2097
4203 2971 2098
5535 1938 2099
2328 2725 2100
5964 1183 2101
294 470 2102
3389 46 2103
451 587 2104
297 6424 2105
2883 980 2106
4813 2344 2107
1573 6914 2108
5828 418 2109
4413 1548 2110
3522 1808 2111
2439 6395 2112
399 3431 2113
2574 3802 2114
3778 3974 2115
3633 4083 2116
295 6036 2117
581 444 2118
1025 1823 2119
4268 2333 2120
198 5060 2121
4089 3901 2122
6758 553 2123
35 6666 2124
5312 6947 2125
4306 2312 2126
972 4705 2127
3421 1102 2128
2086 6339 2129
2079 2787 2130
4296 1606 2131
5332 2415 2132
5969 3705 2133
6027 1853 2134
991 4514 2135
2207 6028 2136
255 1821 2137
5444 723 2138
6158 4737 2139
6093 5941 2140
5509 3876 2141
5600 3402 2142
228 1053 2143
3147 3494 2144
3589 1519 2145
1199 4093 2146
3873 3340 2147
1893 720 2148
3254 4909 2149
2227 1747 2150
1861 938 2151
4379 6765 2152
749 2533 2153
1530 5364 2154
6675 2804 2155
916 2341 2156
985 1607 2157
1123 4779 2158
879 3156 2159
3841 6714 2160
1226 4365 2161
5440 4454 2162
6015 6193 2163
6697 3559 2164
2519 6313 2165
6978 5933 2166
5213 687 2167
934 3408 2168
2489 651 2169
4192 6126 2170
991 1698 2171
3912 1529 2172
5000 2526 2173
2009 1333 2174
3159 2008 2175
2510 4281 2176
280 6250 2177
590 6491 2178
5732 5003 2179
6703 3235 2180
3532 3101 2181
671 6935 2182
472 815 2183
1278 2520 2184
5940 2099 2185
5535 6143 2186
288 5932 2187
3100 2066 2188
6942 311 2189
2762 1240 2190
6086 6788 2191
279 5802 2192
6488 298 2193
6652 6519 2194
5259 510 2195
2095 5105 2196
47 3744 2197
3040 523 2198
4817 4887 2199
3039 4799 2200
4605 4828 2201
592 6730 2202
1653 2466 2203
6356 1010 2204
1572 3769 2205
3525 3519 2206
3451 4385 2207
4926 32 2208
4743 526 2209
4886 3692 2210
2858 1248 2211
5783 4605 2212
6965 1716 2213
112 4815 2214
860 4658 2215
5288 3167 2216
930 2246 2217
3190 1846 2218
6088 3474 2219
2738 2438 2220
1717 1738 2221
21 3182 2222
5113 4573 2223
4646 4832 2224
1835 4249 2225
3697 1138 2226
291 199 2227
2252 3210 2228
111 1677 2229
6984 2998 2230
4972 5677 2231
6974 4509 2232
5003 4798 2233
2090 1858 2234
5890 3455 2235
6861 1077 2236
6820 3447 2237
2514 4851 2238
643 525 2239
397 1948 2240
5468 6990 2241
3027 4768 2242
97 420 2243
2625 2685 2244
3119 3650 2245
4873 3664 2246
2729 6729 2247
4769 787 2248
3379 5971 2249
558 1398 2250
1109 1673 2251
5634 3978 2252
2299 2280 2253
1003 96 2254
1856 6590 2255
1414 1501 2256
5720 3943 2257
6575 5037 2258
1997 4034 2259
1913 349 2260
858 557 2261
1432 1595 2262
5511 4322 2263
4275 202 2264
1351 5675 2265
2619 4980 2266
6203 1667 2267
4696 144 2268
3287 6560 2269
2152 5258 2270
3440 6997 2271
4682 1475 2272
5574 6742 2273
537 6104 2274
1492 6943 2275
3421 3098 2276
2354 16 2277
1156 1000 2278
1119 5620 2279
147 4770 2280
43 365 2281
4200 394 2282
2861 3554 2283
1801 244 2284
4619 4003 2285
1664 3154 2286
4811 4997 2287
4498 5178 2288
935 2820 2289
5500 1409 2290
1160 592 2291
3837 3929 2292
2841 473 2293
6719 1206 2294
4157 5330 2295
4360 5615 2296
1879 3843 2297
5533 2100 2298
4831 5018 2299
1073 2254 2300
4771 6920 2301
3750 2320 2302
4735 1739 2303
1581 6188 2304
1916 329 2305
4930 6155 2306
2991 5951 2307
184 1996 2308
4610 2635 2309
2762 3784 2310
2680 4027 2311
2592 1051 2312
2339 1759 2313
2364 3483 2314
6688 2470 2315
2581 5578 2316
3100 3055 2317
5247 5432 2318
2196 4991 2319
132 6220 2320
1581 4114 2321
4156 3076 2322
6140 6255 2323
1927 4562 2324
2291 4682 2325
2043 4710 2326
2522 1480 2327
4902 4741 2328
859 1617 2329
1537 4601 2330
5687 1318 2331
2767 425 2332
5600 6178 2333
6855 6425 2334
1945 2757 2335
1092 6798 2336
1121 652 2337
4531 2061 2338
1796 4793 2339
1751 642 2340
2133 3865 2341
5352 5924 2342
4142 5954 2343
5498 596 2344
2333 1245 2345
5633 3406 2346
4935 2143 2347
287 2687 2348
4370 2584 2349
1158 6525 2350
4980 3512 2351
5872 6099 2352
2718 4833 2353
4527 4226 2354
3863 3414 2355
6838 900 2356
5931 181 2357
3692 5863 2358
2091 2086 2359
5545 952 2360
3062 2775 2361
4660 6711 2362
1879 1522 2363
3030 6877 2364
4675 421 2365
4533 5988 2366
3389 4450 2367
4636 6807 2368
950 907 2369
5381 3659 2370
2129 4600 2371
3308 6557 2372
2189 3189 2373
1097 1384 2374
3619 4970 2375
3760 5294 2376
3891 3707 2377
856 5096 2378
1681 2895 2379
4537 5406 2380
275 2094 2381
5385 6444 2382
4594 226 2383
1740 2673 2384
6789 3775 2385
3653 4671 2386
5855 1291 2387
4505 5859 2388
4356 5326 2389
6898 4264 2390
938 2235 2391
2738 3874 2392
77 5515 2393
3858 6684 2394
421 6136 2395
4988 2912 2396
2077 1208 2397
2846 4295 2398
2336 2750 2399
2812 3472 2400
6211 5420 2401
6872 6053 2402
799 971 2403
1631 4762 2404
279 4482 2405
2762 3582 2406
5410 2322 2407
4068 3108 2408
4148 1176 2409
5072 4495 2410
6726 6333 2411
216 5896 2412
4610 5046 2413
5859 4346 2414
6684 5886 2415
6863 6795 2416
4140 6191 2417
1075 5301 2418
4985 1967 2419
4237 734 2420
4048 4754 2421
3290 286 2422
3648 3335 2423
5938 1441 2424
6974 6528 2425
1328 2340 2426
6339 4403 2427
2116 4376 2428
2024 1601 2429
4550 2032 2430
111 2622 2431
2949 5401 2432
3719 4756 2433
2377 2513 2434
3076 1937 2435
2815 2445 2436
306 2970 2437
2522 5441 2438
3266 4002 2439
2571 3262 2440
4844 5534 2441
4480 2959 2442
4039 4220 2443
2525 1466 2444
6310 5987 2445
3308 3603 2446
234 6978 2447
1932 1810 2448
1461 4656 2449
3412 2726 2450
5385 3485 2451
2783 5115 2452
5391 5655 2453
1485 4189 2454
6189 5681 2455
654 4149 2456
4371 293 2457
2114 4279 2458
5708 880 2459
998 2864 2460
1087 4898 2461
1197 5510 2462
2646 3509 2463
1635 2123 2464
4205 4411 2465
6250 1578 2466
4193 247 2467
6695 165 2468
6992 2074 2469
6803 4280 2470
6893 1471 2471
6484 316 2472
6149 2113 2473
2752 4475 2474
4386 6829 2475
4650 3681 2476
2115 373 2477
3572 3043 2478
5276 6929 2479
6343 5970 2480
2429 6083 2481
4683 1161 2482
1686 2157 2483
4018 5102 2484
2683 597 2485
3157 6818 2486
849 2111 2487
425 5525 2488
5221 3850 2489
5535 4095 2490
3315 4386 2491
6167 1494 2492
6326 3686 2493
1115 3238 2494
1410 4839 2495
5099 3217 2496
266 696 2497
5023 3063 2498
465 959 2499
6342 6524 2500
4217 4964 2501
4329 1186 2502
4037 21 2503
2619 6534 2504
2538 4111 2505
2355 6782 2506
2783 6826 2507
4651 3469 2508
1358 4990 2509
1073 6900 2510
1569 141 2511
2762 4845 2512
1893 4675 2513
2030 5238 2514
541 5230 2515
1249 5798 2516
977 6716 2517
3877 6895 2518
4844 5868 2519
1228 2368 2520
6967 3268 2521
574 5161 2522
2493 277 2523
3319 1594 2524
1834 6678 2525
5300 139 2526
3082 3278 2527
5318 3194 2528
2651 5630 2529
5225 4354 2530
6394 3834 2531
2373 4803 2532
6361 6148 2533
3170 4858 2534
1511 4735 2535
4742 102 2536
5013 1917 2537
6374 1806 2538
3042 379 2539
917 2605 2540
6413 4860 2541
2380 78 2542
1855 5325 2543
4652 2753 2544
5175 2376 2545
2090 4740 2546
5359 4977 2547
1548 1676 2548
3147 527 2549
3866 4673 2550
5050 2499 2551
1701 2492 2552
5071 5838 2553
3777 4623 2554
69 240 2555
54 1005 2556
711 5666 2557
907 535 2558
4665 1451 2559
3368 1174 2560
3319 5001 2561
280 4680 2562
3666 4611 2563
6898 2131 2564
6226 5618 2565
2402 1987 2566
268 5735 2567
2255 400 2568
4147 5286 2569
4006 57 2570
4944 6598 2571
4505 6088 2572
260 4630 2573
2960 2552 2574
2833 3077 2575
5950 2425 2576
5925 450 2577
668 2228 2578
2339 4318 2579
703 331 2580
4137 308 2581
2983 6098 2582
4224 2315 2583
2897 384 2584
2628 2463 2585
5684 4230 2586
264 5709 2587
5223 4714 2588
4174 5577 2589
6158 3320 2590
77 3688 2591
508 2561 2592
115 6214 2593
1858 5405 2594
397 61 2595
5186 6342 2596
6168 1473 2597
2506 6793 2598
718 1620 2599
4315 2699 2600
6840 4512 2601
3194 1582 2602
4742 3048 2603
2020 747 2604
24 6042 2605
3507 1114 2606
1420 6476 2607
1786 4929 2608
5702 4312 2609
5348 2973 2610
5302 976 2611
5160 274 2612
1446 4942 2613
3062 4506 2614
6287 1892 2615
3658 5160 2616
1921 4308 2617
4309 5114 2618
4319 6071 2619
212 6151 2620
6315 3613 2621
5196 4056 2622
1734 5547 2623
673 5035 2624
5889 3885 2625
2528 4505 2626
2246 3665 2627
4362 1656 2628
4409 5822 2629
3538 6420 2630
3969 6397 2631
2889 465 2632
6978 4070 2633
3187 1085 2634
6478 2575 2635
1873 568 2636
119 253 2637
4278 5930 2638
5160 5952 2639
468 2935 2640
67 3618 2641
5056 5318 2642
3588 667 2643
5825 4453 2644
4812 2013 2645
4360 3240 2646
3863 3937 2647
2862 6908 2648
5440 2309 2649
735 5434 2650
5791 471 2651
4276 2327 2652
4730 6683 2653
2092 2011 2654
514 4117 2655
2931 5590 2656
790 5372 2657
1872 2090 2658
716 2250 2659
2975 6918 2660
3598 123 2661
4311 2239 2662
1900 6015 2663
1432 6324 2664
4324 2127 2665
2457 6217 2666
6195 1934 2667
6104 1264 2668
4748 6139 2669
6690 5353 2670
6241 4905 2671
5175 3502 2672
2615 4804 2673
2060 1593 2674
391 4480 2675
6640 99 2676
2845 3051 2677
6580 4579 2678
568 958 2679
5561 6592 2680
4205 6808 2681
6756 6622 2682
5302 6889 2683
5017 4275 2684
3453 1787 2685
5087 5813 2686
1404 142 2687
6773 3634 2688
3011 3981 2689
3140 2606 2690
2110 6812 2691
135 1025 2692
2842 739 2693
2683 3550 2694
6888 1972 2695
306 5232 2696
766 193 2697
6489 4738 2698
4460 1474 2699
1267 5503 2700
5231 215 2701
1141 31 2702
4814 4690 2703
6093 3563 2704
348 2958 2705
859 3581 2706
4651 1732 2707
3597 3947 2708
6006 6911 2709
3256 560 2710
3095 1589 2711
2520 3805 2712
4063 5821 2713
2290 1414 2714
4305 1187 2715
325 5883 2716
208 3165 2717
1854 1797 2718
3408 700 2719
5871 3095 2720
1255 6615 2721
4952 1003 2722
6861 5478 2723
211 2620 2724
5884 574 2725
470 1855 2726
1299 3435 2727
3089 2690 2728
3215 2800 2729
1228 6636 2730
6840 2972 2731
2966 3079 2732
2059 2450 2733
1713 3367 2734
5545 2114 2735
919 280 2736
1322 2159 2737
3372 4946 2738
3704 1373 2739
3862 40 2740
4646 4940 2741
4636 3181 2742
658 6888 2743
5481 3902 2744
1064 2469 2745
2324 210 2746
3427 5048 2747
1296 5715 2748
1678 2435 2749
573 2440 2750
2369 3072 2751
433 6926 2752
3013 5226 2753
1063 4640 2754
5235 1605 2755
3438 852 2756
5172 1467 2757
6872 1054 2758
991 2803 2759
2959 567 2760
5057 4087 2761
47 2624 2762
5433 3 2763
4493 4914 2764
4985 2979 2765
4877 169 2766
2665 2511 2767
6703 5728 2768
2565 5610 2769
2584 1453 2770
4140 2339 2771
3861 3286 2772
3754 3149 2773
1038 6938 2774
2344 1719 2775
5574 5292 2776
2098 3520 2777
5685 6032 2778
1898 6212 2779
1141 1298 2780
2377 1780 2781
5103 4596 2782
4460 6033 2783
2868 3568 2784
3969 2963 2785
4474 3312 2786
934 5706 2787
21 1893 2788
3439 3344 2789
5663 1931 2790
4771 287 2791
2561 820 2792
1997 1554 2793
6129 105 2794
1049 5740 2795
321 5098 2796
5691 2383 2797
5969 692 2798
5676 33 2799
3206 1953 2800
1006 5486 2801
4018 3888 2802
3044 4426 2803
433 3397 2804
2163 5796 2805
755 2923 2806
2774 218 2807
448 3503 2808
1554 6278 2809
2318 1919 2810
5382 5014 2811
6592 1074 2812
6356 1686 2813
3092 1486 2814
6307 1192 2815
3885 3342 2816
433 2292 2817
885 3411 2818
5065 6552 2819
148 4881 2820
4299 4251 2821
4156 1123 2822
2312 3971 2823
6678 2468 2824
3140 814 2825
3430 5633 2826
2677 5760 2827
2266 5946 2828
5203 2773 2829
658 5910 2830
643 6400 2831
5966 5082 2832
5587 4639 2833
1732 4082 2834
350 2742 2835
4771 3606 2836
568 3930 2837
399 2974 2838
1461 5975 2839
6411 3880 2840
4425 6348 2841
2849 5156 2842
1416 3501 2843
516 456 2844
3851 2544 2845
6692 6084 2846
3027 6305 2847
5473 533 2848
379 623 2849
3062 4888 2850
5197 1845 2851
1289 4437 2852
1420 3327 2853
2673 1076 2854
4562 3534 2855
6999 5621 2856
5480 2677 2857
3562 4836 2858
4228 3475 2859
2186 6706 2860
448 5474 2861
1901 5020 2862
6039 2316 2863
1651 6885 2864
6140 198 2865
1481 238 2866
1531 1609 2867
4459 4297 2868
4250 3991 2869
1257 3054 2870
2598 4265 2871
4920 4410 2872
4521 3464 2873
6215 5460 2874
696 1964 2875
5151 4551 2876
4103 5316 2877
5865 1325 2878
1746 6937 2879
3101 6871 2880
6112 3558 2881
1142 5535 2882
6284 3817 2883
241 182 2884
6700 5391 2885
5410 2414 2886
4579 1417 2887
3072 6580 2888
2079 2566 2889
1429 6887 2890
924 2019 2891
3427 6361 2892
1485 2402 2893
3557 1669 2894
1792 1273 2895
898 3746 2896
4750 326 2897
929 1072 2898
404 6851 2899
5814 4035 2900
159 3461 2901
418 866 2902
1531 3896 2903
384 1553 2904
6414 3168 2905
5371 2825 2906
2090 2103 2907
5498 1303 2908
1664 4299 2909
2747 6783 2910
6051 5340 2911
6945 1283 2912
2762 4633 2913
5860 2662 2914
5375 774 2915
376 2683 2916
1851 4700 2917
4750 4173 2918
1198 5421 2919
6937 2216 2920
5293 4041 2921
2727 869 2922
1692 3264 2923
3946 4005 2924
6518 1313 2925
6869 2709 2926
5831 4124 2927
1377 1995 2928
648 3875 2929
4818 2284 2930
5504 6056 2931
3482 3193 2932
5003 4986 2933
4295 4852 2934
707 463 2935
119 208 2936
6500 2049 2937
6394 3953 2938
3245 3914 2939
4200 4229 2940
4003 3766 2941
784 5361 2942
5704 3646 2943
3976 1397 2944
1030 43 2945
891 6209 2946
5749 5586 2947
6982 5588 2948
5708 77 2949
1932 3359 2950
421 5672 2951
4636 5509 2952
6866 585 2953
1321 4405 2954
6951 4040 2955
4428 2057 2956
21 6906 2957
3015 185 2958
1121 6345 2959
273 482 2960
2658 6864 2961
1632 6005 2962
3661 4348 2963
5250 4188 2964
284 3829 2965
599 2286 2966
1229 3822 2967
4011 3234 2968
2853 5139 2969
4011 340 2970
6661 5472 2971
6541 1946 2972
3801 6081 2973
4473 1435 2974
5735 2397 2975
5090 6994 2976
1562 6380 2977
3534 4844 2978
6512 4240 2979
3823 6235 2980
2246 6180 2981
5077 891 2982
6758 1781 2983
5049 3495 2984
4711 3954 2985
5574 2824 2986
3481 2843 2987
3497 3958 2988
887 4116 2989
3013 4577 2990
4203 892 2991
4577 6495 2992
437 2885 2993
6543 3257 2994
95 5758 2995
3862 5498 2996
2224 6921 2997
222 3259 2998
3754 3091 2999
1045 2872 3000
5356 967 3001
279 2619 3002
6389 5499 3003
2665 2688 3004
4165 6182 3005
5673 4894 3006
227 6124 3007
2933 4152 3008
638 1829 3009
1713 5107 3010
5828 3010 3011
6544 6147 3012
3013 6749 3013
3408 6940 3014
5023 1772 3015
634 3443 3016
3307 359 3017
1740 3661 3018
3254 5313 3019
6866 3129 3020
2562 5576 3021
2104 2507 3022
900 5771 3023
2961 176 3024
6808 276 3025
3525 3440 3026
4851 1355 3027
4598 3854 3028
1598 5489 3029
725 4775 3030
3470 4704 3031
2982 2749 3032
5521 4811 3033
1643 4190 3034
4647 5071 3035
3776 5429 3036
1915 2036 3037
3049 6285 3038
5302 2494 3039
2714 1873 3040
3709 219 3041
4788 5559 3042
4303 2400 3043
3543 6616 3044
5674 5400 3045
4841 1251 3046
6164 3131 3047
5151 6559 3048
2478 5605 3049
882 6948 3050
5073 1957 3051
6727 4927 3052
5391 2238 3053
3799 3266 3054
2453 4377 3055
6946 4972 3056
4187 1570 3057
206 6025 3058
1997 3143 3059
2675 2279 3060
3557 2737 3061
6665 6632 3062
4200 4133 3063
6920 2116 3064
4314 2844 3065
3949 6856 3066
4517 2097 3067
207 5304 3068
2595 4689 3069
1893 3926 3070
4318 4200 3071
6496 2795 3072
4831 3889 3073
4847 5176 3074
2473 5200 3075
6987 3473 3076
3535 6066 3077
4356 1634 3078
1293 6995 3079
1997 3002 3080
950 555 3081
2452 4494 3082
2150 5362 3083
1052 4501 3084
6614 2727 3085
4753 2904 3086
736 3241 3087
3198 4552 3088
6171 6434 3089
4474 6946 3090
3062 5691 3091
2247 3955 3092
6386 2924 3093
1701 3704 3094
6055 5040 3095
3732 155 3096
1648 3450 3097
3177 5669 3098
1547 3673 3099
5078 905 3100
691 6233 3101
670 4206 3102
2458 5173 3103
5434 3610 3104
6250 6259 3105
5553 1449 3106
4605 792 3107
2765 4957 3108
3044 6221 3109
3072 4038 3110
1921 4373 3111
1009 6825 3112
3524 6160 3113
3046 754 3114
868 2351 3115
1361 5134 3116
533 2686 3117
1658 702 3118
6093 4392 3119
2175 2174 3120
239 4155 3121
5535 3845 3122
4024 4020 3123
5366 2199 3124
29 2092 3125
2707 5390 3126
1039 2080 3127
6894 680 3128
125 4966 3129
3136 1876 3130
6294 5994 3131
643 5273 3132
2595 1498 3133
1143 6656 3134
3969 645 3135
2080 1082 3136
2074 6562 3137
5549 3163 3138
1395 6458 3139
333 2498 3140
1197 6572 3141
1999 5459 3142
944 4291 3143
4053 6441 3144
4427 2636 3145
6898 3332 3146
912 4948 3147
84 6210 3148
5525 3532 3149
1427 5150 3150
5842 3585 3151
5478 3637 3152
75 1093 3153
1074 1279 3154
5333 6754 3155
6315 1137 3156
4474 4428 3157
4078 3847 3158
2308 3086 3159
409 4953 3160
5872 2654 3161
712 2509 3162
5825 874 3163
4120 547 3164
6770 67 3165
4591 4333 3166
6826 3151 3167
6632 6896 3168
3879 4819 3169
4175 4066 3170
3240 6163 3171
787 6018 3172
2677 6027 3173
1801 6759 3174
4844 545 3175
3410 5526 3176
616 1369 3177
5372 764 3178
2317 5819 3179
4650 496 3180
6862 5263 3181
2138 4959 3182
8 1223 3183
5186 5287 3184
1487 5730 3185
4064 283 3186
5761 2051 3187
1817 2601 3188
5188 4395 3189
3681 4510 3190
4426 6980 3191
3368 679 3192
4719 1512 3193
1610 3804 3194
2983 867 3195
6492 2870 3196
2729 1040 3197
1923 1502 3198
2422 4797 3199
2590 4529 3200
1282 3039 3201
6216 3362 3202
2439 3033 3203
102 438 3204
1166 2949 3205
1303 374 3206
1391 3112 3207
132 538 3208
3177 6979 3209
6212 6930 3210
5871 4099 3211
4569 5108 3212
6104 5129 3213
652 6177 3214
2214 1735 3215
998 3632 3216
113 4646 3217
1067 5011 3218
6770 4364 3219
5675 1446 3220
6061 3514 3221
1221 5660 3222
861 771 3223
844 4801 3224
2342 6253 3225
873 4021 3226
6847 3878 3227
4680 908 3228
4223 1887 3229
3571 6086 3230
1618 5368 3231
4037 333 3232
4194 1148 3233
5093 2067 3234
35 6998 3235
5352 5708 3236
925 1976 3237
4553 768 3238
5936 6894 3239
2548 6439 3240
4980 2166 3241
3739 1696 3242
191 3196 3243
1700 1301 3244
4748 4276 3245
6226 6093 3246
297 306 3247
6076 5505 3248
4045 5033 3249
3298 3203 3250
856 6694 3251
2415 2310 3252
5556 6831 3253
1052 6280 3254
3424 5365 3255
4790 4545 3256
3331 3299 3257
2364 5872 3258
45 5007 3259
6796 581 3260
2262 2545 3261
2139 5174 3262
4356 729 3263
2473 1832 3264
3862 2287 3265
1060 3380 3266
3114 1308 3267
4410 4842 3268
2051 3609 3269
5986 5303 3270
48 3438 3271
4059 4379 3272
3120 2587 3273
1 6171 3274
3140 5553 3275
6665 1646 3276
2617 449 3277
312 1767 3278
3831 2457 3279
4321 65 3280
2548 3525 3281
2608 2124 3282
760 6013 3283
3845 1159 3284
6316 6626 3285
3744 791 3286
6326 2770 3287
3017 6270 3288
5882 6303 3289
2697 5962 3290
4874 6859 3291
3670 5999 3292
531 1109 3293
5478 4404 3294
5416 303 3295
1001 474 3296
3996 3349 3297
5688 2693 3298
4788 673 3299
458 546 3300
4501 3924 3301
2044 6487 3302
1009 5418 3303
5030 6321 3304
2137 3459 3305
5034 3918 3306
6148 2947 3307
2646 2118 3308
3851 4595 3309
2355 5601 3310
6541 4949 3311
4054 1984 3312
1849 5874 3313
5746 3020 3314
3731 148 3315
5735 6634 3316
3598 3190 3317
4219 3810 3318
3588 1282 3319
2360 2833 3320
1304 3789 3321
354 1337 3322
1123 4785 3323
652 2700 3324
1194 5826 3325
3659 6475 3326
5837 5030 3327
5915 2366 3328
648 3922 3329
494 6365 3330
531 462 3331
6926 4 3332
6472 2122 3333
6483 3405 3334
273 3872 3335
2312 3141 3336
2719 4118 3337
6682 6726 3338
1321 2091 3339
1108 3155 3340
6107 5749 3341
2348 6287 3342
4360 5448 3343
5510 5788 3344
2188 2847 3345
2300 154 3346
3036 3147 3347
1698 3295 3348
5258 4561 3349
5865 2851 3350
5552 1438 3351
1951 6412 3352
1402 1693 3353
5989 3357 3354
3845 5902 3355
6215 3029 3356
2692 4325 3357
70 6691 3358
5904 6150 3359
6862 589 3360
3857 3793 3361
5294 5202 3362
1915 893 3363
514 5704 3364
5937 3375 3365
5551 4286 3366
2437 3548 3367
555 334 3368
4047 2577 3369
3202 2042 3370
3040 1336 3371
2303 4800 3372
1903 3354 3373
3732 6956 3374
6443 1242 3375
1149 710 3376
4182 6988 3377
6407 5300 3378
4229 74 3379
4152 3225 3380
1893 6627 3381
5435 171 3382
5653 6116 3383
404 6272 3384
3506 2134 3385
2811 2746 3386
5444 5275 3387
720 1802 3388
2987 1221 3389
6263 49 3390
2828 1346 3391
1526 6507 3392
1478 5616 3393
1332 3706 3394
1478 3124 3395
6183 2149 3396
1746 4072 3397
3164 4763 3398
2672 5513 3399
1189 3445 3400
3642 5582 3401
4591 5885 3402
3762 2434 3403
6079 6498 3404
3040 1731 3405
6472 5366 3406
4067 5530 3407
3823 4715 3408
1 5890 3409
5287 5094 3410
5691 2212 3411
3462 4441 3412
3736 6294 3413
5763 5918 3414
216 1396 3415
5078 85 3416
1575 1371 3417
577 6281 3418
2591 5682 3419
2640 1965 3420
261 6190 3421
5583 4956 3422
2119 4965 3423
5480 1231 3424
4491 1149 3425
5008 3128 3426
3005 216 3427
6575 1381 3428
970 6774 3429
2079 6850 3430
4667 3058 3431
6456 914 3432
4547 3718 3433
2679 5652 3434
6021 337 3435
4261 5653 3436
1414 1171 3437
4574 2789 3438
5578 5152 3439
3598 3539 3440
5973 4255 3441
339 986 3442
6648 3979 3443
6133 6743 3444
4810 1104 3445
4850 2672 3446
2845 1615 3447
3703 6402 3448
2027 4418 3449
1614 1753 3450
4241 6966 3451
2580 229 3452
2364 5002 3453
2781 6073 3454
1228 5963 3455
622 1188 3456
5735 6878 3457
6512 6304 3458
2367 347 3459
2077 6031 3460
2924 4570 3461
991 6102 3462
3199 319 3463
2282 3107 3464
2312 6625 3465
4276 4835 3466
6931 6941 3467
3996 6453 3468
748 2717 3469
2564 4493 3470
5054 1647 3471
4371 3684 3472
1063 6780 3473
3383 4728 3474
4360 2390 3475
284 536 3476
1165 6954 3477
6743 3604 3478
4026 3218 3479
1161 2518 3480
5235 824 3481
5131 5308 3482
1427 343 3483
3164 2420 3484
2305 3384 3485
1681 2656 3486
4067 2834 3487
5955 1389 3488
1487 1012 3489
3276 1386 3490
5966 2175 3491
1485 6869 3492
1310 5379 3493
2268 3236 3494
6450 732 3495
5401 2576 3496
4470 1047 3497
2189 1302 3498
5872 4233 3499
44 2896 3500
4621 3839 3501
6872 2920 3502
297 6415 3503
698 4057 3504
861 6283 3505
5645 827 3506
400 6682 3507
1561 4436 3508
387 4470 3509
1148 1942 3510
6234 3192 3511
3062 4443 3512
6485 6002 3513
3232 1044 3514
2902 6175 3515
4675 6846 3516
660 1963 3517
5673 4089 3518
1160 5231 3519
249 2954 3520
826 5614 3521
6035 4256 3522
6609 5352 3523
5300 3355 3524
2373 5470 3525
6431 6411 3526
3523 3488 3527
4219 6107 3528
4056 5889 3529
3896 3518 3530
728 2592 3531
6742 2416 3532
6094 2217 3533
6469 6613 3534
4768 6350 3535
4576 5068 3536
4371 5870 3537
3530 662 3538
1454 4736 3539
837 6696 3540
3255 846 3541
2409 695 3542
383 2447 3543
5911 1052 3544
5583 1145 3545
643 108 3546
3215 2758 3547
2506 2291 3548
2873 1387 3549
2256 1442 3550
4201 1460 3551
5535 151 3552
3632 2806 3553
219 2664 3554
5595 5864 3555
1013 816 3556
2719 3597 3557
2684 6189 3558
6089 3244 3559
5941 5053 3560
3564 2197 3561
219 6618 3562
4092 939 3563
6269 4151 3564
5389 6532 3565
6444 4958 3566
571 2905 3567
6946 469 3568
2877 2599 3569
2354 1455 3570
4007 4557 3571
122 554 3572
3940 2297 3573
5500 3648 3574
1315 3658 3575
6556 3666 3576
6762 4697 3577
4533 6717 3578
516 1290 3579
1173 6359 3580
4219 4610 3581
3151 4164 3582
3530 3392 3583
144 4383 3584
2090 491 3585
5433 2165 3586
741 4236 3587
6335 4607 3588
6543 5270 3589
3372 126 3590
1532 5017 3591
4733 4187 3592
4903 4278 3593
2811 669 3594
6285 1392 3595
5610 6529 3596
6920 2403 3597
5411 2387 3598
1886 2337 3599
2138 4711 3600
5874 3899 3601
2734 42 3602
3251 4352 3603
1509 5461 3604
5356 5880 3605
2665 773 3606
1994 4749 3607
1444 863 3608
1454 3304 3609
1379 5149 3610
3680 5895 3611
2016 3939 3612
5865 2352 3613
3978 6290 3614
2542 2731 3615
5505 5019 3616
5375 6661 3617
456 4817 3618
5193 2596 3619
3497 6723 3620
879 36 3621
543 3624 3622
4533 2581 3623
5352 1998 3624
2625 2130 3625
3763 375 3626
1481 4401 3627
2963 5377 3628
1927 302 3629
4292 5281 3630
2074 576 3631
3729 4701 3632
1228 2931 3633
3006 4353 3634
3642 2300 3635
2212 1143 3636
3593 888 3637
5662 5554 3638
3949 899 3639
814 3272 3640
3065 5641 3641
6531 757 3642
498 4160 3643
3949 6792 3644
5117 1153 3645
3862 1163 3646
6717 324 3647
2145 5347 3648
1848 6718 3649
5791 580 3650
3495 3356 3651
4311 6140 3652
6729 804 3653
4068 3848 3654
4503 2550 3655
6594 950 3656
5725 3071 3657
4267 6516 3658
4853 1961 3659
138 6229 3660
968 2119 3661
3497 925 3662
4139 5378 3663
3745 4447 3664
5410 1491 3665
3146 1391 3666
3438 4068 3667
2355 3521 3668
720 4344 3669
5356 5433 3670
5122 6922 3671
3305 4314 3672
3396 6404 3673
3662 3655 3674
1479 5125 3675
3736 4112 3676
3059 2308 3677
856 4838 3678
996 3670 3679
4738 4177 3680
2474 1270 3681
421 1718 3682
574 5393 3683
6332 2515 3684
2503 6603 3685
3254 4355 3686
1119 393 3687
4975 4540 3688
5094 992 3689
2123 6815 3690
2632 3466 3691
21 2393 3692
2645 6779 3693
985 3146 3694
6096 1798 3695
3102 3446 3696
376 1352 3697
5128 8 3698
3303 3737 3699
759 5000 3700
1873 2956 3701
2551 4743 3702
2352 305 3703
3621 6733 3704
4556 2865 3705
5113 1521 3706
3584 1750 3707
6929 5832 3708
1173 3288 3709
5814 4659 3710
4470 2741 3711
3335 6276 3712
2177 1661 3713
1908 5935 3714
5550 6382 3715
9 6479 3716
6309 2559 3717
533 5284 3718
1748 2072 3719
4781 4613 3720
3720 5463 3721
6057 782 3722
3411 5891 3723
5310 4916 3724
5289 2141 3725
568 6992 3726
1011 6156 3727
2186 5948 3728
5583 2855 3729
808 2360 3730
5549 4435 3731
3743 3211 3732
5428 3927 3733
6245 3526 3734
4885 5111 3735
4474 1216 3736
6964 5624 3737
5868 1994 3738
5691 4742 3739
2209 2679 3740
2252 612 3741
5745 1545 3742
6334 2301 3743
1277 304 3744
5138 2612 3745
1171 2096 3746
5911 6489 3747
2592 6218 3748
5945 3716 3749
3146 3049 3750
3440 5476 3751
3361 225 3752
4734 2318 3753
3010 1295 3754
2256 5148 3755
546 4397 3756
4347 1350 3757
5557 3764 3758
2093 2966 3759
4379 5483 3760
5142 5414 3761
3923 2614 3762
3629 2054 3763
2876 2802 3764
5766 3682 3765
4774 876 3766
3862 1916 3767
289 3781 3768
6343 5861 3769
4539 926 3770
3427 2294 3771
6030 2951 3772
6294 6570 3773
2877 4328 3774
2138 2542 3775
2020 1202 3776
5768 3496 3777
384 3134 3778
856 6690 3779
2651 6957 3780
5374 4911 3781
1333 1243 3782
228 4080 3783
2864 4100 3784
4903 4094 3785
6919 6251 3786
3744 2053 3787
5128 6352 3788
1777 1107 3789
4944 6605 3790
100 4113 3791
2246 4748 3792
1867 166 3793
1478 2714 3794
1325 312 3795
6867 5775 3796
1651 5938 3797
5433 6021 3798
2762 1755 3799
1016 88 3800
4336 4784 3801
3966 6244 3802
720 2652 3803
2543 6463 3804
3909 3601 3805
4974 381 3806
1074 5029 3807
4827 1681 3808
2620 4345 3809
3010 2903 3810
6844 427 3811
5988 5085 3812
5473 35 3813
1549 6239 3814
5776 5532 3815
6893 4274 3816
5487 1516 3817
5325 3972 3818
4822 960 3819
6725 788 3820
1063 2704 3821
4767 2244 3822
4865 995 3823
2960 6225 3824
2506 4137 3825
1295 4319 3826
3490 242 3827
6475 3600 3828
6582 1813 3829
5928 4626 3830
859 1101 3831
6008 4141 3832
8 3237 3833
3355 4183 3834
5371 1062 3835
8 3094 3836
6701 2369 3837
3495 2378 3838
798 6993 3839
5232 795 3840
371 4407 3841
598 5012 3842
3143 4211 3843
4636 1420 3844
5783 3721 3845
4967 3113 3846
428 4681 3847
3991 4794 3848
770 4191 3849
4591 5638 3850
1805 3382 3851
6843 2504 3852
6063 121 3853
3788 6763 3854
415 805 3855
2196 5960 3856
5098 4055 3857
191 2490 3858
1348 2631 3859
207 3158 3860
6196 2484 3861
668 297 3862
4636 2564 3863
5659 3015 3864
1800 584 3865
1151 6327 3866
1461 1312 3867
608 5551 3868
5352 1523 3869
2065 5562 3870
425 3170 3871
2207 6840 3872
5583 3103 3873
1171 1472 3874
1562 4129 3875
4342 5688 3876
199 4791 3877
4011 1362 3878
1280 1045 3879
1858 95 3880
400 588 3881
120 682 3882
173 3352 3883
6044 6060 3884
2655 5939 3885
4713 4378 3886
2403 196 3887
6898 255 3888
3475 2571 3889
4647 1814 3890
4144 4594 3891
4443 4731 3892
1590 1033 3893
4888 4350 3894
6239 4995 3895
5410 4054 3896
6120 4891 3897
879 1366 3898
4331 2083 3899
5683 1286 3900
1123 2200 3901
191 4351 3902
2247 4723 3903
951 6399 3904
4685 1551 3905
2632 2732 3906
3234 1920 3907
2330 5255 3908
2546 3325 3909
412 112 3910
2451 5131 3911
3153 5013 3912
488 5887 3913
4888 6482 3914
4830 5690 3915
6401 1868 3916
3791 1969 3917
2503 6496 3918
2846 3988 3919
5757 1555 3920
6246 5566 3921
1349 6128 3922
643 5375 3923
4831 6118 3924
5249 3417 3925
228 2897 3926
2189 3517 3927
1923 4393 3928
1512 3046 3929
185 6681 3930
3079 3323 3931
6710 1476 3932
514 6226 3933
2861 2497 3934
6648 4846 3935
6389 4216 3936
789 3273 3937
97 6750 3938
1303 3792 3939
4203 3274 3940
1841 2098 3941
2900 153 3942
3829 1543 3943
4942 2075 3944
2614 3747 3945
4272 4885 3946
3040 4491 3947
4314 2582 3948
212 3126 3949
1683 1330 3950
3164 184 3951
909 389 3952
6294 726 3953
1707 5809 3954
29 697 3955
2651 1820 3956
6439 3920 3957
3209 1616 3958
4488 6197 3959
284 1418 3960
4918 3977 3961
3092 5209 3962
960 233 3963
3364 2461 3964
5186 5531 3965
4922 1448 3966
3354 380 3967
3469 3807 3968
3870 3478 3969
1 5855 3970
5687 4273 3971
4864 1068 3972
3591 6579 3973
3501 5122 3974
3704 2799 3975
3517 14 3976
4972 1127 3977
4364 4558 3978
6730 6372 3979
1199 3722 3980
2689 2794 3981
5356 2910 3982
421 75 3983
892 896 3984
3122 2842 3985
5511 6029 3986
3146 162 3987
4797 436 3988
1198 3819 3989
4594 398 3990
6557 5699 3991
2365 6076 3992
1624 205 3993
111 2 3994
1295 377 3995
3216 4699 3996
5411 4759 3997
2635 5764 3998
5617 3916 3999
1111 2633 4000
4413 972 4001
6282 2464 4002
2981 4691 4003
339 6266 4004
851 904 4005
3662 1172 4006
3748 1815 4007
901 2817 4008
3587 2314 4009
2634 3767 4010
4886 1896 4011
1509 413 4012
4003 2568 4013
6088 4330 4014
3857 183 4015
6406 4619 4016
1724 1383 4017
6651 6913 4018
2987 1461 4019
5356 6176 4020
5212 3788 4021
5889 5197 4022
3341 3032 4023
212 4897 4024
6786 6503 4025
317 2358 4026
1984 335 4027
2207 5469 4028
1558 2893 4029
6861 6621 4030
2482 1120 4031
515 6114 4032
2478 590 4033
5183 6527 4034
5930 2204 4035
2183 1659 4036
759 1682 4037
5936 432 4038
6196 4857 4039
2943 493 4040
3896 655 4041
2657 2392 4042
5673 737 4043
6221 107 4044
217 1185 4045
5655 2759 4046
5113 5629 4047
1700 189 4048
6431 4660 4049
2255 6939 4050
1713 5444 4051
5182 5081 4052
934 17 4053
6946 1158 4054
5112 3471 4055
4118 4621 4056
1420 5312 4057
4871 4515 4058
1713 239 4059
5690 5617 4060
6521 291 4061
2514 1027 4062
6250 1482 4063
2079 279 4064
1601 5426 4065
790 6337 4066
1926 2353 4067
411 7 4068
4331 2359 4069
404 2562 4070
3140 307 4071
4514 3227 4072
1913 6659 4073
1399 4996 4074
3226 152 4075
6287 4309 4076
1713 766 4077
4864 885 4078
3893 5138 4079
6297 4288 4080
1494 1263 4081
5319 6650 4082
2078 149 4083
1630 4938 4084
668 1621 4085
5300 5456 4086
3005 2976 4087
4474 3653 4088
1391 5732 4089
1432 6478 4090
574 3449 4091
1915 4123 4092
591 2295 4093
1859 6456 4094
4398 6740 4095
289 4560 4096
3603 5837 4097
4364 1933 4098
1897 4910 4099
3555 2926 4100
4733 4142 4101
3574 2689 4102
6297 1415 4103
4998 2827 4104
5107 5380 4105
2742 3381 4106
113 3987 4107
4015 4904 4108
6062 1628 4109
4389 5990 4110
2765 2262 4111
424 2530 4112
1156 6460 4113
5066 4064 4114
2452 1450 4115
4439 3482 4116
1984 4417 4117
4591 1561 4118
6456 322 4119
4088 4781 4120
3177 3797 4121
3296 2451 4122
4937 6468 4123
4042 5604 4124
5873 486 4125
5889 1712 4126
4120 3479 4127
3821 602 4128
3719 3667 4129
199 6599 4130
4261 4657 4131
4856 2615 4132
2138 191 4133
6656 4645 4134
2758 4217 4135
940 4061 4136
648 3160 4137
1118 5926 4138
2489 6310 4139
6088 5865 4140
6432 2807 4141
2212 4752 4142
2004 4221 4143
3876 6185 4144
4233 6044 4145
6796 2163 4146
1906 561 4147
3891 3178 4148
1540 1462 4149
5861 6340 4150
5894 4665 4151
1184 1818 4152
1873 1444 4153
469 4591 4154
4600 6041 4155
1435 53 4156
4937 3812 4157
5917 5090 4158
5722 5761 4159
6381 354 4160
2092 691 4161
4014 1407 4162
6793 5447 4163
778 5127 4164
3863 4337 4165
6337 1477 4166
458 2752 4167
1569 5849 4168
3516 6109 4169
5949 2670 4170
2655 5548 4171
2653 2791 4172
1454 3915 4173
3926 1139 4174
2189 1281 4175
3234 4939 4176
853 1556 4177
5342 873 4178
2472 5204 4179
654 6518 4180
3748 4307 4181
1851 5772 4182
3235 4900 4183
5818 1360 4184
3891 2275 4185
6914 3413 4186
4357 1557 4187
2905 2370 4188
1569 4282 4189
6578 2079 4190
3006 426 4191
6830 894 4192
1376 408 4193
2812 271 4194
1467 5439 4195
5928 487 4196
2900 4246 4197
1372 4342 4198
5580 2785 4199
1093 4824 4200
4855 1804 4201
6367 4902 4202
944 5594 4203
3911 2144 4204
6935 2879 4205
6066 5893 4206
539 5367 4207
6855 5848 4208
3534 217 4209
4675 730 4210
5914 4036 4211
4091 6318 4212
4340 5451 4213
5631 1011 4214
1013 2602 4215
2189 5787 4216
4671 3308 4217
4194 1683 4218
3518 1412 4219
2662 3936 4220
113 1347 4221
4520 3245 4222
1110 4871 4223
212 2815 4224
4505 2567 4225
290 1837 4226
5684 2730 4227
1671 2698 4228
2972 6531 4229
1200 1799 4230
3903 5490 4231
6884 1720 4232
3903 5635 4233
6514 2703 4234
1372 895 4235
1354 1968 4236
3859 6663 4237
2762 728 4238
4577 3923 4239
5580 4157 4240
4616 2628 4241
4888 164 4242
2742 4037 4243
2822 6144 4244
2255 6576 4245
597 353 4246
5828 5646 4247
1074 2570 4248
6462 1538 4249
5697 2101 4250
2864 6546 4251
1817 358 4252
2428 3599 4253
2655 3619 4254
2541 2853 4255
397 6558 4256
1378 4725 4257
2074 5310 4258
1368 3138 4259
1692 5327 4260
567 3385 4261
6196 1228 4262
6305 5514 4263
1267 3068 4264
5302 5611 4265
425 2058 4266
789 3813 4267
5734 3794 4268
1562 1048 4269
1485 1662 4270
5315 2521 4271
4746 6454 4272
248 2747 4273
366 6371 4274
1550 656 4275
1429 1419 4276
3595 5747 4277
2227 339 4278
887 1867 4279
1009 2962 4280
4301 5703 4281
1372 6644 4282
4647 6319 4283
2692 4489 4284
102 3437 4285
658 2983 4286
3926 2760 4287
1437 3019 4288
3255 5076 4289
4813 2850 4290
3036 6703 4291
2546 1745 4292
2583 13 4293
4175 4637 4294
3665 3006 4295
1303 3838 4296
3567 5296 4297
4616 1277 4298
6301 5632 4299
458 1678 4300
3759 993 4301
1494 5236 4302
1973 2739 4303
1145 6639 4304
4461 4937 4305
3256 2138 4306
412 6236 4307
6469 5203 4308
2528 5186 4309
4865 6275 4310
4574 3742 4311
6962 3774 4312
5906 1990 4313
6111 267 4314
519 1909 4315
1532 767 4316
553 4698 4317
2937 1267 4318
4310 777 4319
2371 6535 4320
2287 6944 4321
4492 6077 4322
3494 2869 4323
4574 3545 4324
2897 320 4325
4380 3480 4326
2503 223 4327
6603 6773 4328
4037 228 4329
6950 3212 4330
140 6600 4331
5941 2006 4332
5239 5508 4333
1632 4853 4334
5650 3232 4335
3782 3174 4336
4621 968 4337
6899 2874 4338
3524 4042 4339
2255 2761 4340
2669 2002 4341
3344 1393 4342
6410 6187 4343
5086 5778 4344
6840 5494 4345
3381 999 4346
5883 4012 4347
290 5993 4348
1397 6509 4349
1961 1726 4350
2104 1985 4351
2858 174 4352
3826 5008 4353
3906 1299 4354
5209 4030 4355
902 4102 4356
5865 5506 4357
3847 1300 4358
1893 2809 4359
4846 3386 4360
1504 3305 4361
4001 2519 4362
1160 6945 4363
6083 6697 4364
6888 3137 4365
667 6079 4366
1740 1645 4367
1893 919 4368
726 3025 4369
419 6628 4370
4852 6707 4371
5573 4568 4372
1710 3777 4373
2110 3263 4374
6431 2145 4375
3983 2694 4376
3110 6720 4377
1028 5734 4378
6467 6933 4379
4574 4783 4380
6076 5249 4381
2209 6323 4382
985 4899 4383
3423 4859 4384
1074 1786 4385
5721 6375 4386
255 6753 4387
6802 4341 4388
3557 245 4389
4714 2642 4390
5371 6984 4391
2961 1866 4392
3581 3283 4393
5292 5355 4394
6502 6863 4395
991 1826 4396
4722 2765 4397
4374 1966 4398
4139 1469 4399
5865 2040 4400
5429 2031 4401
6866 1200 4402
3695 4154 4403
2287 4115 4404
4056 3671 4405
3325 5135 4406
4705 2957 4407
6467 4716 4408
3966 4363 4409
4007 1664 4410
1952 1949 4411
2970 4473 4412
968 741 4413
5655 6368 4414
6753 5181 4415
5271 390 4416
3111 5219 4417
6612 3710 4418
4188 1705 4419
4510 2372 4420
966 1071 4421
6757 5776 4422
6093 5969 4423
5610 2102 4424
3430 3376 4425
5372 4519 4426
6521 1198 4427
2197 6165 4428
6946 6866 4429
4247 5395 4430
5118 23 4431
6276 2347 4432
363 1710 4433
6829 1611 4434
3287 5520 4435
6000 4773 4436
6587 3309 4437
4085 69 4438
4507 2043 4439
1719 5252 4440
6502 2856 4441
6333 4237 4442
6920 6390 4443
1082 3436 4444
588 22 4445
2515 549 4446
5203 6164 4447
4139 6845 4448
1142 94 4449
4982 6381 4450
4340 4620 4451
4745 3557 4452
5380 4296 4453
5537 295 4454
1077 2734 4455
3062 5175 4456
1630 5484 4457
1651 2813 4458
865 5612 4459
6657 3075 4460
1278 1641 4461
6103 4508 4462
6107 6130 4463
677 11 4464
2801 5978 4465
6211 2503 4466
4233 137 4467
2381 5782 4468
2474 842 4469
3153 4434 4470
6003 82 4471
3816 5055 4472
6343 6673 4473
2711 6799 4474
2548 1092 4475
3844 6466 4476
1072 1016 4477
5098 6721 4478
3010 5057 4479
3062 1812 4480
5861 3662 4481
4944 3005 4482
5791 1220 4483
5429 6127 4484
1501 145 4485
4007 5517 4486
2366 1151 4487
2068 1258 4488
6529 5538 4489
5962 6800 4490
5812 1623 4491
4272 5959 4492
3651 4018 4493
6916 3577 4494
5106 4778 4495
3036 143 4496
6480 1775 4497
2551 5818 4498
1158 6423 4499
5401 4582 4500
1182 2218 4501
5874 6875 4502
531 4547 4503
2614 2443 4504
6041 5756 4505
2341 4865 4506
2564 1232 4507
5034 5850 4508
2640 2237 4509
5827 4305 4510
5634 3390 4511
5436 6550 4512
1385 6806 4513
4242 338 4514
268 3858 4515
3055 4753 4516
4521 4302 4517
6337 5487 4518
228 6649 4519
4651 683 4520
4013 3938 4521
5885 1094 4522
297 47 4523
5172 5945 4524
3100 6796 4525
4223 6561 4526
67 670 4527
381 4757 4528
1316 4903 4529
6757 3444 4530
6358 270 4531
4765 5091 4532
1142 3654 4533
5363 752 4534
1020 5295 4535
5634 1751 4536
4856 5743 4537
6817 6645 4538
1368 6470 4539
4340 631 4540
6634 1128 4541
5964 5205 4542
3013 3909 4543
3196 288 4544
5038 3121 4545
4893 6712 4546
6162 5543 4547
3007 4734 4548
2101 1490 4549
5491 3546 4550
3015 2537 4551
3219 4486 4552
6692 4415 4553
4022 6026 4554
931 3173 4555
5007 6873 4556
731 4541 4557
955 5979 4558
4001 2981 4559
3381 1711 4560
6910 5386 4561
1744 4589 4562
4140 6508 4563
3931 6781 4564
4371 3572 4565
1512 5346 4566
3767 3394 4567
2448 56 4568
3721 4863 4569
5734 571 4570
5652 4994 4571
5798 2948 4572
4261 1032 4573
6157 249 4574
3474 4534 4575
6946 476 4576
4469 3060 4577
6169 6934 4578
3240 6819 4579
2648 1790 4580
6005 3457 4581
2130 83 4582
3609 5251 4583
2625 6925 4584
3800 4045 4585
3249 2496 4586
5602 957 4587
5659 5541 4588
766 2261 4589
2352 658 4590
433 2898 4591
2366 5337 4592
6988 1296 4593
27 5449 4594
6898 1986 4595
6058 1992 4596
6231 3917 4597
6719 2004 4598
70 1618 4599
3916 342 4600
508 5833 4601
1140 4374 4602
21 3400 4603
921 5888 4604
3896 2991 4605
6075 789 4606
4454 3166 4607
2207 6919 4608
1352 6700 4609
3107 6097 4610
6962 5383 4611
6000 6223 4612
2047 5384 4613
5238 6417 4614
6284 6575 4615
1311 5321 4616
5807 1178 4617
5066 806 4618
916 6675 4619
499 948 4620
6108 3776 4621
2815 2908 4622
6510 6161 4623
4011 4650 4624
2819 1699 4625
458 2529 4626
4494 3291 4627
4390 2348 4628
5857 6680 4629
113 5058 4630
5992 3860 4631
2091 5240 4632
2131 1982 4633
2022 4138 4634
4115 3732 4635
4602 954 4636
354 1237 4637
2675 5381 4638
261 5210 4639
1975 3870 4640
2514 1234 4641
6717 366 4642
2191 4667 4643
1295 3809 4644
4982 2952 4645
3782 3605 4646
4845 1050 4647
3204 2087 4648
6860 3261 4649
1922 2705 4650
3555 5539 4651
4007 4889 4652
4594 537 4653
4665 2230 4654
3094 3370 4655
3344 1125 4656
1135 1241 4657
4647 5015 4658
3146 5671 4659
816 838 4660
4507 3717 4661
4185 3934 4662
4101 594 4663
117 5142 4664
2915 6100 4665
5129 6513 4666
2693 6186 4667
2956 363 4668
14 4323 4669
5671 5712 4670
5359 6443 4671
925 2317 4672
1977 2512 4673
4888 3421 4674
5091 3998 4675
6124 2167 4676
6855 5093 4677
4704 351 4678
1419 5542 4679
2970 6844 4680
4404 2198 4681
5946 4356 4682
1219 3748 4683
1781 4047 4684
5685 1496 4685
6982 1504 4686
4285 871 4687
3354 5023 4688
199 4941 4689
4530 1999 4690
3783 6901 4691
5371 1329 4692
3502 2177 4693
6820 346 4694
5374 6725 4695
1074 5244 4696
4425 1046 4697
4474 2110 4698
2266 6910 4699
2200 6776 4700
77 4460 4701
1331 6059 4702
4750 3007 4703
1517 569 4704
3926 2170 4705
425 179 4706
786 5179 4707
3229 3363 4708
2934 5227 4709
6252 6074 4710
6196 3522 4711
6108 5398 4712
421 1517 4713
470 6996 4714
3328 6369 4715
4295 2221 4716
6440 1884 4717
6241 2939 4718
4742 1927 4719
5352 6809 4720
537 4511 4721
1523 3739 4722
1813 6970 4723
2855 706 4724
789 4303 4725
5396 4465 4726
747 3615 4727
2841 3806 4728
2956 4761 4729
3557 4955 4730
3157 6547 4731
6779 3669 4732
3581 3222 4733
2246 1180 4734
4869 1666 4735
5240 1988 4736
3761 5101 4737
6582 1997 4738
5894 5783 4739
229 411 4740
3023 4692 4741
3750 5985 4742
2713 5967 4743
1032 1610 4744
3898 6224 4745
5959 4923 4746
4250 3800 4747
3721 1880 4748
5735 6437 4749
4838 2657 4750
117 5524 4751
4238 6301 4752
289 5374 4753
5764 1057 4754
527 5696 4755
970 6181 4756
2543 2493 4757
3930 3569 4758
2952 1530 4759
1444 1256 4760
3434 1511 4761
6860 3574 4762
165 2236 4763
6469 3565 4764
3256 1049 4765
5128 1447 4766
3976 862 4767
940 1980 4768
5644 6000 4769
6 6693 4770
6451 3785 4771
2207 5919 4772
2658 818 4773
6505 3118 4774
2310 4684 4775
3639 4931 4776
4268 4439 4777
2416 2894 4778
2581 1574 4779
4327 3828 4780
4606 3209 4781
4748 192 4782
4167 6961 4783
4740 6609 4784
5778 6123 4785
6345 761 4786
9 6674 4787
4003 4774 4788
1142 3458 4789
4377 2155 4790
2635 6061 4791
3813 1463 4792
5271 2534 4793
4620 6162 4794
5478 5950 4795
5705 4592 4796
4085 3660 4797
2616 1687 4798
5685 3297 4799
5138 735 4800
4471 2003 4801
2903 2426 4802
6413 4984 4803
6323 6398 4804
384 4235 4805
284 6741 4806
6368 6448 4807
1461 1709 4808
5949 4016 4809
3698 1940 4810
3678 6050 4811
6820 1586 4812
1209 3571 4813
264 4176 4814
3036 1564 4815
5436 3587 4816
5103 2232 4817
3129 5220 4818
543 1029 4819
2408 4088 4820
1428 5185 4821
3013 2252 4822
4173 5187 4823
987 4073 4824
2212 19 4825
3418 3053 4826
3248 3636 4827
5801 4688 4828
3773 3575 4829
6680 775 4830
1981 3728 4831
1065 5225 4832
1859 4263 4833
3897 1730 4834
5761 1581 4835
764 2890 4836
1848 2728 4837
5685 6379 4838
4319 6271 4839
3653 4597 4840
1758 50 4841
5490 5769 4842
1142 357 4843
798 5664 4844
564 833 4845
6771 3900 4846
6674 5504 4847
3165 4789 4848
4999 962 4849
3848 3125 4850
6216 3591 4851
6540 4051 4852
1865 3994 4853
4382 2226 4854
306 2152 4855
455 4549 4856
1258 6196 4857
2389 5729 4858
5850 937 4859
9 1877 4860
4285 860 4861
3072 6854 4862
6619 5925 4863
1937 213 4864
1045 3391 4865
5278 376 4866
4991 110 4867
5375 6105 4868
5211 798 4869
1873 6246 4870
2589 2026 4871
3103 1885 4872
5375 3863 4873
2825 5914 4874
6217 1274 4875
6637 2784 4876
4502 2154 4877
2563 624 4878
5043 577 4879
4332 6106 4880
1216 2858 4881
4170 6174 4882
5511 3630 4883
976 214 4884
6099 5087 4885
3387 6019 4886
6424 6493 4887
1087 1239 4888
3308 5955 4889
6430 3904 4890
549 6593 4891
6919 2922 4892
5644 769 4893
6500 2215 4894
4222 3021 4895
2561 4022 4896
4250 961 4897
2655 5133 4898
4964 6646 4899
2041 1426 4900
6144 3088 4901
591 5350 4902
2022 6429 4903
2908 1322 4904
104 610 4905
6093 2182 4906
459 1377 4907
6222 1269 4908
4669 4103 4909
2889 2941 4910
6482 579 4911
5451 5794 4912
761 130 4913
5652 5376 4914
384 1041 4915
756 2680 4916
5966 5141 4917
4888 3755 4918
5553 2579 4919
6251 622 4920
3688 6195 4921
5166 4065 4922
5859 6833 4923
3317 1943 4924
5271 263 4925
3240 2774 4926
4920 2422 4927
1448 6985 4928
4747 5443 4929
2064 6445 4930
2742 1748 4931
837 2613 4932
2510 650 4933
3195 403 4934
4311 4292 4935
162 6705 4936
2164 4987 4937
3800 3723 4938
1364 6982 4939
6802 4702 4940
3492 6312 4941
2364 20 4942
2732 4627 4943
2180 6638 4944
6026 3059 4945
337 5663 4946
4105 2876 4947
2232 935 4948
654 758 4949
3565 2133 4950
780 1636 4951
764 3570 4952
489 4247 4953
3826 3486 4954
2364 6827 4955
4331 618 4956
1122 2553 4957
4301 4722 4958
3023 2524 4959
3952 6658 4960
4711 759 4961
1319 406 4962
4313 6069 4963
1145 4048 4964
6509 5022 4965
1518 5216 4966
6226 4975 4967
6022 6075 4968
856 5793 4969
4365 3887 4970
4572 4542 4971
4650 2038 4972
3344 3133 4973
546 1246 4974
350 4298 4975
5797 5315 4976
4594 5931 4977
4528 6553 4978
2851 5349 4979
5545 1428 4980
1035 765 4981
6590 2556 4982
653 886 4983
3098 857 4984
4301 2543 4985
4474 5687 4986
3065 5136 4987
2409 3780 4988
706 2060 4989
6548 4026 4990
716 2955 4991
6762 2213 4992
3567 4548 4993
6202 6832 4994
1433 6602 4995
749 2396 4996
1 6967 4997
574 1612 4998
5922 3644 4999
3471 4719 5000
5545 5982 5001
5609 5892 5002
1075 3894 5003
3305 5810 5004
2671 236 5005
2722 6377 5006
3933 3152 5007
3357 1423 5008
5120 68 5009
4290 5453 5010
1817 5806 5011
1037 3499 5012
6858 1833 5013
1397 4306 5014
976 5189 5015
5244 2997 5016
1721 1354 5017
1569 3685 5018
4178 2538 5019
241 484 5020
671 2128 5021
113 6802 5022
6745 3290 5023
6323 5246 5024
2011 2993 5025
5250 945 5026
2205 1795 5027
97 1488 5028
6103 2050 5029
2724 3301 5030
6946 97 5031
6614 5128 5032
2262 2126 5033
3502 4244 5034
6406 1695 5035
712 2823 5036
4315 3919 5037
5991 4023 5038
883 2082 5039
591 902 5040
4255 849 5041
5619 2179 5042
3408 5555 5043
1069 2540 5044
6241 5259 5045
5891 6017 5046
6374 4207 5047
2209 1368 5048
1660 2185 5049
6603 6927 5050
1837 6422 5051
743 6722 5052
6324 3281 5053
2830 3715 5054
3566 2192 5055
3919 4584 5056
4733 855 5057
1755 2798 5058
197 5697 5059
5121 3136 5060
5453 5980 5061
3200 5689 5062
4625 5607 5063
6413 2884 5064
5498 978 5065
6592 6120 5066
1301 4849 5067
2887 1838 5068
4306 2196 5069
2540 6067 5070
2508 2535 5071
1562 3248 5072
6252 2607 5073
1053 159 5074
2955 468 5075
951 2663 5076
3072 5852 5077
194 1098 5078
459 6486 5079
6316 5228 5080
6176 2475 5081
2175 659 5082
2230 5269 5083
6829 4893 5084
5208 5923 5085
6968 1642 5086
1101 5182 5087
2584 5953 5088
1724 4790 5089
5861 797 5090
6867 2675 5091
1690 1599 5092
199 836 5093
2815 887 5094
4080 5180 5095
991 3976 5096
547 457 5097
4056 1591 5098
1280 3148 5099
6203 4371 5100
412 4709 5101
5381 6555 5102
1999 6414 5103
1573 5817 5104
6235 6739 5105
6334 3073 5106
1711 1445 5107
2104 6413 5108
1294 4999 5109
5706 1542 5110
4133 1406 5111
406 3996 5112
1721 172 5113
879 5151 5114
5742 2276 5115
4234 447 5116
5525 6243 5117
5859 1977 5118
3030 6309 5119
6599 1152 5120
4822 4332 5121
6114 3989 5122
2181 281 5123
1790 6405 5124
2125 4025 5125
1482 5158 5126
2815 2818 5127
104 2551 5128
3065 2047 5129
82 1326 5130
2981 2621 5131
6789 5645 5132
1257 5558 5133
6337 5237 5134
2923 890 5135
4290 2233 5136
5615 488 5137
5148 506 5138
268 6861 5139
3038 2667 5140
4664 6325 5141
4660 4063 5142
5536 5593 5143
3653 2697 5144
6709 6330 5145
1232 1036 5146
5872 1875 5147
2543 713 5148
1117 1060 5149
3551 3388 5150
2451 4084 5151
4761 5801 5152
5668 5755 5153
4368 6695 5154
4456 578 5155
4943 79 5156
2963 39 5157
2934 2857 5158
350 212 5159
5092 3401 5160
3661 4245 5161
3661 6094 5162
1952 3611 5163
5999 607 5164
5732 6492 5165
6140 4384 5166
2613 5437 5167
3716 3293 5168
329 156 5169
6893 5137 5170
1917 953 5171
6819 1113 5172
2548 6604 5173
3258 6767 5174
3519 4456 5175
786 1100 5176
2477 932 5177
6631 5707 5178
4219 5436 5179
4974 6121 5180
5616 3265 5181
4290 6204 5182
6052 2651 5183
1116 5382 5184
2742 4474 5185
421 6932 5186
3381 1974 5187
5734 1899 5188
947 3798 5189
2165 395 5190
1368 1565 5191
4585 5427 5192
6342 5363 5193
2634 4031 5194
5859 1746 5195
6701 1035 5196
806 4877 5197
3620 3074 5198
6583 3622 5199
2322 5213 5200
5838 703 5201
3767 1006 5202
3934 675 5203
4816 2220 5204
2478 635 5205
6578 790 5206
3524 3037 5207
77 3410 5208
2461 1567 5209
3510 3633 5210
2604 1782 5211
6511 1663 5212
2846 4945 5213
3699 3530 5214
3000 6810 5215
291 943 5216
1092 4985 5217
4970 1456 5218
2254 4727 5219
1569 699 5220
6307 5320 5221
6192 6343 5222
571 4110 5223
3227 6014 5224
3631 3339 5225
4680 837 5226
4903 2266 5227
5347 721 5228
4704 3857 5229
3878 3951 5230
3687 2665 5231
2503 6158 5232
5759 5493 5233
975 6409 5234
153 3109 5235
3228 5253 5236
2369 5166 5237
460 1167 5238
3578 1191 5239
2207 4360 5240
393 2430 5241
5103 5686 5242
6570 1983 5243
5018 1103 5244
2937 6265 5245
1365 4960 5246
2528 1399 5247
1120 6907 5248
6146 6293 5249
1226 3132 5250
6079 5496 5251
2370 4830 5252
3979 1886 5253
1602 76 5254
6051 6234 5255
221 6462 5256
421 6138 5257
3376 1956 5258
1603 2270 5259
883 1026 5260
1898 3398 5261
3248 5673 5262
3242 1960 5263
4675 3957 5264
3164 3635 5265
3909 3270 5266
6010 2837 5267
2190 5407 5268
5843 310 5269
5498 6950 5270
2841 5913 5271
5857 2442 5272
284 5752 5273
2408 2932 5274
5583 5823 5275
628 3022 5276
718 5061 5277
5894 5112 5278
2898 4525 5279
212 5277 5280
1154 1756 5281
6543 5733 5282
5166 1579 5283
6505 4820 5284
1227 4527 5285
5381 3267 5286
280 2172 5287
616 2781 5288
6027 5239 5289
1739 6240 5290
4056 5211 5291
1547 825 5292
6149 1395 5293
2287 222 5294
1399 5858 5295
6236 4498 5296
5118 3419 5297
3525 3439 5298
125 6541 5299
69 6292 5300
3100 1440 5301
3502 278 5302
3663 4912 5303
592 1119 5304
3197 1540 5305
4903 3027 5306
896 1131 5307
3896 5356 5308
5550 3752 5309
5298 3933 5310
5787 4629 5311
3514 5283 5312
1503 1089 5313
5319 6142 5314
6947 2169 5315
2693 4369 5316
4214 3527 5317
228 4267 5318
3281 2995 5319
3441 2020 5320
5865 6488 5321
3704 4834 5322
2211 2156 5323
4331 5183 5324
5722 6786 5325
5904 6300 5326
5175 1703 5327
4080 3617 5328
2714 6511 5329
1067 178 5330
3315 707 5331
3784 6571 5332
5628 4208 5333
2282 2115 5334
5704 6653 5335
1979 5511 5336
3626 1958 5337
1185 6154 5338
6609 4554 5339
3236 248 5340
6657 3912 5341
2963 5172 5342
1954 18 5343
3303 5039 5344
3423 689 5345
234 5348 5346
4391 2510 5347
4205 1055 5348
2752 6504 5349
2092 6064 5350
4699 1870 5351
4357 3942 5352
6454 371 5353
2854 4361 5354
5609 3714 5355
2249 2748 5356
588 879 5357
1601 275 5358
1357 290 5359
5405 4614 5360
3311 539 5361
219 5800 5362
5160 3531 5363
398 2488 5364
348 2835 5365
527 250 5366
2023 81 5367
5244 2819 5368
3067 3276 5369
4976 5900 5370
3181 1941 5371
4249 4687 5372
2404 6449 5373
6347 1250 5374
4295 6502 5375
4610 1401 5376
3154 6747 5377
4593 201 5378
5915 3773 5379
5499 5042 5380
2972 508 5381
1693 1674 5382
2191 1935 5383
5675 2093 5384
3273 911 5385
4080 5741 5386
2369 3139 5387
6840 4730 5388
6178 744 5389
350 6578 5390
1777 654 5391
5276 2078 5392
2867 4174 5393
6476 5162 5394
6609 6403 5395
6542 5973 5396
3471 2437 5397
5098 2985 5398
2893 4968 5399
4817 4873 5400
5455 3188 5401
3458 460 5402
5884 1351 5403
3519 3374 5404
2494 6556 5405
6578 1660 5406
4884 3543 5407
3775 1535 5408
969 9 5409
3663 2640 5410
4328 6082 5411
4140 1067 5412
3686 6256 5413
1949 4526 5414
228 6216 5415
3987 3886 5416
6991 4944 5417
4088 6904 5418
5910 4182 5419
3226 812 5420
2403 3614 5421
5061 6484 5422
6860 6020 5423
5679 1700 5424
6725 1520 5425
3806 5662 5426
5417 5983 5427
5962 1411 5428
892 2207 5429
4056 6269 5430
4970 2193 5431
6495 3365 5432
4795 1653 5433
2448 6499 5434
6252 1560 5435
5393 498 5436
5032 2176 5437
1315 4802 5438
960 6500 5439
3766 6585 5440
841 5462 5441
3959 6522 5442
4157 4678 5443
2259 505 5444
5533 3651 5445
4425 4432 5446
2792 1015 5447
3214 2486 5448
1 6447 5449
2466 475 5450
3987 3387 5451
2732 6822 5452
298 1779 5453
4693 6 5454
197 3453 5455
3249 4387 5456
5065 1671 5457
544 4316 5458
6440 1754 5459
802 2845 5460
1034 2025 5461
3290 1261 5462
3590 2462 5463
5058 5911 5464
1796 648 5465
3574 4490 5466
5911 1991 5467
1409 1850 5468
885 6211 5469
4650 5282 5470
2949 6838 5471
4295 4228 5472
3234 1018 5473
4382 6039 5474
5525 5738 5475
1344 3556 5476
790 1117 5477
1111 5411 5478
2414 2325 5479
575 134 5480
5997 4394 5481
1411 3873 5482
6008 2779 5483
622 5791 5484
3072 3315 5485
6129 4422 5486
2715 1842 5487
4945 5789 5488
1281 949 5489
63 6736 5490
2353 2460 5491
1414 80 5492
1921 4181 5493
4937 2441 5494
1757 6311 5495
2815 4128 5496
2092 5065 5497
1379 118 5498
2086 1572 5499
1807 6119 5500
6471 1190 5501
5062 2107 5502
2243 3879 5503
5892 558 5504
3565 3164 5505
6601 2398 5506
6267 5184 5507
1083 1195 5508
212 5814 5509
3255 6006 5510
5214 753 5511
3157 73 5512
2228 6903 5513
5423 5815 5514
2570 3490 5515
5955 4564 5516
3188 3505 5517
3782 1332 5518
5616 1213 5519
4011 4192 5520
1044 3982 5521
2303 6046 5522
5127 3627 5523
1565 6208 5524
557 5598 5525
6827 625 5526
3502 4920 5527
4275 5132 5528
1154 4423 5529
1007 3378 5530
882 5103 5531
3323 4468 5532
4070 5333 5533
4740 2268 5534
3516 755 5535
2209 2849 5536
5282 965 5537
1285 2028 5538
2227 3893 5539
2229 6551 5540
5552 3529 5541
4214 4121 5542
3734 5291 5543
1904 5981 5544
5893 494 5545
2335 1465 5546
6660 5116 5547
3804 5626 5548
801 5546 5549
904 6473 5550
5374 2321 5551
1485 2671 5552
3454 6606 5553
2528 6332 5554
5242 6062 5555
3241 4617 5556
4983 3709 5557
2606 3629 5558
6945 1429 5559
3515 5036 5560
3220 1600 5561
2169 4029 5562
1769 1508 5563
6468 4313 5564
4189 1489 5565
5235 725 5566
6828 4538 5567
821 4826 5568
2864 5309 5569
4911 2433 5570
3018 6991 5571
6924 265 5572
350 3750 5573
4037 1321 5574
5947 653 5575
3408 6981 5576
6455 1014 5577
2200 1552 5578
3427 2859 5579
1006 3689 5580
5352 4053 5581
6648 2684 5582
1123 2557 5583
5693 2736 5584
3355 6320 5585
1293 2715 5586
6690 4338 5587
3817 1238 5588
596 2937 5589
4625 5846 5590
991 4011 5591
2598 7000 5592
1073 5592 5593
4375 586 5594
2987 60 5595
1242 4204 5596
1005 2946 5597
2522 433 5598
6556 644 5599
4591 147 5600
3839 6001 5601
2263 1524 5602
1185 6306 5603
576 6734 5604
806 6971 5605
3525 6591 5606
1309 317 5607
5270 1576 5608
2307 1541 5609
1906 5589 5610
3812 6630 5611
4456 5909 5612
802 6202 5613
2243 1515 5614
2608 2365 5615
6185 5084 5616
4007 4153 5617
6212 296 5618
3708 2349 5619
397 4349 5620
3070 1737 5621
2017 4231 5622
1442 736 5623
5154 4445 5624
4584 4078 5625
30 5825 5626
4610 1908 5627
1044 1314 5628
3596 5803 5629
3167 2597 5630
1965 6442 5631
6079 1091 5632
725 3631 5633
5373 4253 5634
682 5552 5635
2889 1388 5636
1619 4647 5637
3283 1436 5638
1094 1627 5639
3816 4661 5640
5063 3702 5641
5756 715 5642
5555 3799 5643
3970 4077 5644
3010 4713 5645
469 5561 5646
6951 5144 5647
3097 1421 5648
3530 5736 5649
626 4380 5650
432 2589 5651
6524 6483 5652
3887 5507 5653
3248 4334 5654
4681 5765 5655
6400 3859 5656
4828 209 5657
801 1793 5658
350 3062 5659
75 3481 5660
1868 6007 5661
6858 4408 5662
2068 4908 5663
4368 5657 5664
3839 6520 5665
6483 6976 5666
3354 5425 5667
6421 3816 5668
3635 3625 5669
6837 1493 5670
2872 4821 5671
4436 4052 5672
6021 2263 5673
2760 3219 5674
5922 3056 5675
4747 4604 5676
6919 4636 5677
2959 1973 5678
4449 6205 5679
4704 1749 5680
5343 822 5681
6725 3835 5682
1296 2659 5683
756 5223 5684
6966 3067 5685
6854 4168 5686
3770 1852 5687
2212 802 5688
5859 6326 5689
4585 392 5690
2259 4825 5691
5037 2481 5692
6414 6262 5693
5550 4507 5694
1216 5759 5695
6206 4455 5696
4053 2064 5697
4849 3586 5698
305 5245 5699
88 4766 5700
3010 5278 5701
3575 6912 5702
2751 701 5703
3297 5674 5704
4370 1086 5705
5066 2277 5706
2279 704 5707
5732 3849 5708
2494 6515 5709
1866 6153 5710
2187 6328 5711
1428 6811 5712
3970 6040 5713
3453 2342 5714
4446 5642 5715
2384 3205 5716
5993 45 5717
4524 4513 5718
5348 5198 5719
6869 1289 5720
5605 2211 5721
3330 451 5722
865 3814 5723
2835 25 5724
1640 1923 5725
2221 532 5726
4928 1763 5727
2657 3967 5728
4398 5192 5729
2867 3233 5730
307 2271 5731
1072 5574 5732
2150 4886 5733
6169 2523 5734
2899 3969 5735
4533 1706 5736
5650 6816 5737
871 3925 5738
4518 1757 5739
961 3462 5740
3261 1839 5741
852 910 5742
5308 1510 5743
2390 1771 5744
5444 6745 5745
3583 3763 5746
6037 2723 5747
2861 6962 5748
5712 6847 5749
1531 1895 5750
893 2181 5751
239 3454 5752
6779 830 5753
6285 6748 5754
2182 5466 5755
5573 6823 5756
6494 6241 5757
1484 5445 5758
2599 1404 5759
2963 3754 5760
1092 3703 5761
5856 4481 5762
1010 1857 5763
1442 4458 5764
2768 6347 5765
2899 4855 5766
1540 6248 5767
3670 2674 5768
138 3729 5769
858 996 5770
278 6672 5771
6375 5243 5772
1654 3229 5773
2618 1882 5774
5565 3409 5775
284 4872 5776
4139 4760 5777
3062 1913 5778
5833 2146 5779
3703 6179 5780
3719 1222 5781
6960 917 5782
4834 2385 5783
3799 6308 5784
2991 4227 5785
134 3023 5786
1120 3782 5787
3909 563 5788
4027 2041 5789
3114 2754 5790
5804 51 5791
4932 5004 5792
3143 2500 5793
3775 507 5794
6196 5054 5795
4306 5410 5796
1478 5949 5797
5950 1280 5798
5535 2996 5799
2091 6521 5800
6381 2666 5801
6558 1603 5802
6251 4517 5803
3635 327 5804
4828 4550 5805
431 495 5806
5391 5051 5807
6857 6045 5808
999 3855 5809
1499 3371 5810
4066 3176 5811
5568 4145 5812
4381 6775 5813
3927 1597 5814
6857 2104 5815
5859 1713 5816
4507 1841 5817
3858 409 5818
6496 59 5819
5609 2899 5820
4911 1217 5821
5195 1061 5822
1321 3641 5823
6441 5958 5824
4715 2629 5825
701 4469 5826
6701 1121 5827
2104 564 5828
2546 4388 5829
2477 1288 5830
3282 4050 5831
358 6435 5832
766 1534 5833
4822 5722 5834
1644 722 5835
4182 781 5836
6570 1372 5837
3574 1929 5838
6519 2603 5839
4244 448 5840
2091 2525 5841
4556 6506 5842
5072 1367 5843
3143 1924 5844
4111 492 5845
5396 2404 5846
783 3202 5847
5743 4451 5848
2352 2692 5849
929 6843 5850
5497 6394 5851
2952 3393 5852
4746 5830 5853
2200 909 5854
5285 5792 5855
3976 5342 5856
5371 524 5857
5278 2388 5858
5581 1728 5859
4480 497 5860
5891 6291 5861
2097 2046 5862
3042 3970 5863
1898 6264 5864
744 2839 5865
5756 1244 5866
321 3758 5867
4024 1727 5868
4242 6679 5869
5914 1505 5870
6801 6953 5871
860 489 5872
4769 5218 5873
3603 1230 5874
1491 3258 5875
3540 3360 5876
180 3555 5877
5182 6537 5878
5653 3911 5879
6481 5354 5880
4388 3123 5881
1321 3319 5882
197 5079 5883
1926 5844 5884
6579 5254 5885
1106 28 5886
3806 5408 5887
875 4085 5888
424 6951 5889
4016 2560 5890
2887 5062 5891
5875 4567 5892
2489 5841 5893
318 4259 5894
6280 1844 5895
5295 6219 5896
6133 3566 5897
5561 922 5898
2752 4398 5899
5791 4744 5900
6864 2646 5901
2677 1558 5902
5289 6242 5903
5962 4340 5904
3427 1640 5905
4479 5100 5906
4375 786 5907
6243 2487 5908
2692 3313 5909
5007 3424 5910
1872 6548 5911
326 2645 5912
2166 2744 5913
1931 3708 5914
6920 6336 5915
4788 2417 5916
5023 6260 5917
1619 5500 5918
2311 3171 5919
3532 2431 5920
6701 3282 5921
6858 4327 5922
6940 5853 5923
4156 3584 5924
960 5031 5925
6769 4522 5926
3379 5123 5927
4525 5430 5928
604 6891 5929
1428 724 5930
3749 2148 5931
3255 923 5932
3935 423 5933
4747 4293 5934
1174 6436 5935
5012 1175 5936
5065 6512 5937
6843 1356 5938
2794 1343 5939
2293 4978 5940
2899 3935 5941
691 5041 5942
4502 3749 5943
5321 3713 5944
448 6383 5945
5498 4477 5946
97 3177 5947
876 4202 5948
205 4266 5949
3474 964 5950
2086 1334 5951
4347 6669 5952
1092 4024 5953
5156 5009 5954
2619 2648 5955
6282 6247 5956
588 987 5957
4696 2408 5958
2670 6048 5959
4999 3024 5960
3139 6469 5961
4711 3255 5962
562 3738 5963
2529 4366 5964
4951 990 5965
2485 5623 5966
2256 6751 5967
961 5195 5968
5587 6485 5969
2079 1580 5970
2451 1112 5971
6648 2522 5972
2813 4767 5973
6095 5739 5974
568 4479 5975
656 360 5976
1072 4587 5977
5890 2653 5978
2058 1648 5979
4810 1596 5980
395 5214 5981
988 1901 5982
4037 4745 5983
1734 5711 5984
3837 2356 5985
2503 5092 5986
5272 5502 5987
1809 2627 5988
2092 2891 5989
2897 200 5990
4426 2121 5991
3438 1788 5992
2937 3753 5993
2102 3307 5994
2870 372 5995
6467 6010 5996
1294 5388 5997
1893 4532 5998
3620 5591 5999
5938 4896 6000
818 5446 6001
3148 2281 6002
3018 1233 6003
3152 6708 6004
1850 6203 6005
4730 1777 6006
3408 4571 6007
1205 6351 6008
5474 2618 6009
4267 3903 6010
2832 4210 6011
5934 1533 6012
5750 2743 6013
3497 4747 6014
4892 1903 6015
1304 1568 6016
4909 2558 6017
6017 6737 6018
4322 5385 6019
6250 5940 6020
5688 776 6021
42 6490 6022
5933 5820 6023
6246 3513 6024
2970 5389 6025
856 5587 6026
3522 2810 6027
5483 6091 6028
3344 4127 6029
1830 2048 6030
2464 5455 6031
2850 2586 6032
1649 6410 6033
4229 55 6034
4945 4162 6035
473 1150 6036
6972 3535 6037
3236 4091 6038
6455 5274 6039
4250 4104 6040
4180 4329 6041
4307 994 6042
399 2209 6043
1119 27 6044
155 2643 6045
5434 5995 6046
1197 414 6047
6882 5866 6048
6919 4530 6049
2420 6892 6050
4249 2248 6051
5299 2029 6052
3551 2716 6053
2974 4615 6054
785 4076 6055
1201 3864 6056
212 3815 6057
2607 522 6058
3007 5596 6059
6158 1165 6060
4707 5903 6061
4937 6299 6062
2206 4502 6063
3659 3395 6064
784 1835 6065
5487 3992 6066
4709 1376 6067
4700 3950 6068
5574 5409 6069
2129 4135 6070
5511 944 6071
6997 1658 6072
4504 5737 6073
5650 2449 6074
524 430 6075
208 6909 6076
562 3329 6077
6415 2572 6078
2125 3243 6079
6093 817 6080
1285 2593 6081
4022 6870 6082
5490 3562 6083
6860 5842 6084
5821 1978 6085
3479 2868 6086
5732 6167 6087
1777 6629 6088
2654 3456 6089
5050 2335 6090
6113 5279 6091
4214 6192 6092
52 4059 6093
1197 3680 6094
2765 6719 6095
3957 3678 6096
4608 3504 6097
3571 2919 6098
4716 6419 6099
5058 6103 6100
21 5828 6101
3805 3638 6102
136 1205 6103
2861 5862 6104
6978 1536 6105
1893 2255 6106
6609 2861 6107
6661 2882 6108
2070 977 6109
1028 1689 6110
2695 3772 6111
4206 738 6112
4284 2585 6113
6187 4703 6114
991 4769 6115
4756 6879 6116
1656 2021 6117
5556 6857 6118
3431 246 6119
5616 6848 6120
4242 4537 6121
2656 2106 6122
2291 2632 6123
6846 2201 6124
6997 1989 6125
5158 300 6126
97 4924 6127
4856 5482 6128
1568 5540 6129
2956 1335 6130
1834 5579 6131
929 257 6132
6268 4484 6133
2758 2944 6134
2916 2231 6135
137 2707 6136
79 4326 6137
6797 3961 6138
1280 811 6139
6386 410 6140
2911 4585 6141
5388 1684 6142
4389 2943 6143
272 3959 6144
6362 3827 6145
5650 6533 6146
2211 3867 6147
6216 2916 6148
3791 6115 6149
6694 6569 6150
5253 3831 6151
6002 544 6152
4722 3990 6153
6261 4588 6154
2562 2816 6155
3502 3853 6156
2853 3846 6157
1732 3341 6158
6275 3647 6159
3545 1742 6160
3062 4203 6161
5814 4758 6162
1132 5126 6163
4940 483 6164
4476 4787 6165
6757 6867 6166
1030 6677 6167
3469 1722 6168
3773 3642 6169
3474 3621 6170
424 4981 6171
223 5106 6172
5219 2345 6173
2260 2135 6174
5262 3700 6175
5226 641 6176
5753 6820 6177
345 3882 6178
4044 4961 6179
2070 1830 6180
4203 1785 6181
6486 187 6182
4780 1042 6183
1648 6302 6184
5372 3712 6185
211 5059 6186
2362 4269 6187
931 5479 6188
3258 6450 6189
2653 3198 6190
1893 1142 6191
5469 5581 6192
589 603 6193
5653 3786 6194
3288 5257 6195
3324 6497 6196
1207 6222 6197
3858 519 6198
5221 6134 6199
6646 5501 6200
2697 2506 6201
6383 2151 6202
4594 416 6203
5753 3993 6204
5443 6452 6205
5072 6465 6206
6948 4464 6207
2190 3066 6208
415 4186 6209
264 1257 6210
1657 3477 6211
2646 2421 6212
2716 6916 6213
3135 299 6214
5494 2125 6215
172 4952 6216
6939 1115 6217
5380 3921 6218
3290 4866 6219
1148 5021 6220
2369 4750 6221
4590 2883 6222
5289 4559 6223
5271 1359 6224
4851 5047 6225
5635 3018 6226
787 1898 6227
4290 3837 6228
2618 2245 6229
3010 3515 6230
6932 3598 6231
5500 4134 6232
5128 1431 6233
4001 4427 6234
3518 266 6235
4083 4472 6236
6370 3560 6237
51 3683 6238
4954 5816 6239
1833 4431 6240
2506 5165 6241
120 5701 6242
1414 2136 6243
6400 2272 6244
4716 260 6245
4391 445 6246
653 4809 6247
5193 742 6248
1077 5332 6249
2086 6648 6250
4312 572 6251
489 2454 6252
3716 252 6253
5915 4796 6254
2921 521 6255
6942 3612 6256
5685 6252 6257
3074 809 6258
1432 633 6259
4584 6024 6260
2920 666 6261
377 2000 6262
5660 3011 6263
4573 1945 6264
3214 259 6265
6992 2634 6266
824 1226 6267
4983 2812 6268
2501 1019 6269
2104 504 6270
4366 3119 6271
3248 5881 6272
6052 6530 6273
3103 1921 6274
3222 2343 6275
4413 2554 6276
1142 2887 6277
4120 4301 6278
3869 1685 6279
6742 4294 6280
3215 2282 6281
2431 2547 6282
906 1031 6283
6855 2117 6284
2287 2324 6285
1698 466 6286
2194 1926 6287
5751 2108 6288
1487 1306 6289
5340 4643 6290
642 4921 6291
5652 2265 6292
2384 461 6293
2855 6173 6294
6592 4219 6295
4974 1196 6296
6601 6643 6297
2308 5297 6298
4390 2778 6299
2179 3725 6300
2707 1547 6301
1894 6577 6302
1434 1729 6303
3016 6968 6304
5118 175 6305
1476 6641 6306
1706 772 6307
2528 3216 6308
5791 4438 6309
3135 4951 6310
4203 1316 6311
6510 823 6312
2138 4777 6313
1123 5746 6314
47 2350 6315
5718 4668 6316
6533 5006 6317
6398 6969 6318
6946 1692 6319
6284 5799 6320
5722 4771 6321
3159 4971 6322
2593 6715 6323
5830 4010 6324
4489 3300 6325
5668 2600 6326
4937 2536 6327
5357 44 6328
3949 606 6329
4510 1665 6330
497 1807 6331
759 5625 6332
2501 2828 6333
3172 4315 6334
29 929 6335
162 3117 6336
3730 1422 6337
3062 6089 6338
4208 6952 6339
1432 100 6340
4503 3552 6341
399 284 6342
6701 321 6343
432 3330 6344
3018 3040 6345
3036 882 6346
62 3699 6347
1499 2323 6348
6905 4890 6349
1689 2364 6350
985 2173 6351
3648 1319 6352
5296 5399 6353
3719 5265 6354
4602 5169 6355
4588 4126 6356
3967 4732 6357
1825 5293 6358
226 835 6359
6845 5302 6360
504 285 6361
515 5780 6362
5625 3578 6363
2282 4919 6364
2632 133 6365
1330 1439 6366
4534 3949 6367
733 5943 6368
4899 160 6369
241 4693 6370
4760 4101 6371
2163 2409 6372
6488 6022 6373
6808 3639 6374
6461 1714 6375
3975 2994 6376
4382 6058 6377
5017 4533 6378
4636 2184 6379
871 4935 6380
5074 4553 6381
5086 2867 6382
6788 5256 6383
2309 1907 6384
1500 1492 6385
3354 2476 6386
4295 415 6387
3941 5847 6388
2338 3078 6389
5062 2139 6390
234 1344 6391
5244 402 6392
3112 1022 6393
755 1904 6394
3876 3280 6395
3729 4060 6396
73 2240 6397
5409 6821 6398
2923 3711 6399
5121 5272 6400
4771 3292 6401
1741 4258 6402
6122 684 6403
913 6432 6404
1301 2329 6405
5650 235 6406
6480 2467 6407
4844 5873 6408
3135 956 6409
2983 2187 6410
6695 5317 6411
5603 1500 6412
5362 542 6413
6376 1413 6414
5190 4862 6415
2522 2296 6416
2510 4335 6417
1825 1118 6418
116 243 6419
4112 6735 6420
6949 318 6421
679 1848 6422
996 4954 6423
2783 5650 6424
4609 3984 6425
3411 6183 6426
4043 2459 6427
6431 1849 6428
3574 1744 6429
1005 1774 6430
3977 1760 6431
6413 111 6432
4575 5724 6433
3017 1284 6434
6124 1265 6435
4382 5989 6436
3899 2712 6437
1260 3540 6438
2167 1133 6439
6494 119 6440
6860 5947 6441
352 5488 6442
6624 4575 6443
6701 3441 6444
2449 4648 6445
5294 2771 6446
4479 690 6447
5728 4876 6448
3468 1203 6449
6356 2514 6450
987 6261 6451
138 853 6452
1747 6132 6453
3276 1079 6454
138 4497 6455
4224 3826 6456
2966 638 6457
1073 5937 6458
3903 6467 6459
5642 2039 6460
1910 1443 6461
48 2763 6462
3716 188 6463
3313 2967 6464
191 2766 6465
2999 1136 6466
5702 982 6467
5165 4343 6468
6656 3881 6469
4272 5397 6470
6313 2772 6471
5761 5556 6472
4474 2528 6473
197 1457 6474
2183 4521 6475
5691 1872 6476
5936 783 6477
1491 3973 6478
3005 1544 6479
4267 1631 6480
6523 4746 6481
2227 3663 6482
2154 2444 6483
6470 6038 6484
420 1778 6485
2678 2900 6486
926 5585 6487
2135 1059 6488
752 361 6489
5550 5966 6490
6413 459 6491
1232 4524 6492
2571 5080 6493
6058 4707 6494
3482 2034 6495
1068 2458 6496
1779 1537 6497
367 2516 6498
2494 5877 6499
1369 6595 6500
4592 1247 6501
3841 3733 6502
5210 2682 6503
6592 4098 6504
2364 1189 6505
5227 4928 6506
5946 5936 6507
810 1028 6508
5129 2638 6509
1556 3306 6510
2780 3564 6511
1030 6194 6512
767 1424 6513
2847 5608 6514
2714 4478 6515
5749 5705 6516
1716 3224 6517
3330 4576 6518
6591 4686 6519
1010 548 6520
1432 520 6521
6326 3428 6522
5959 3999 6523
5550 884 6524
394 1272 6525
432 859 6526
1319 6713 6527
3147 740 6528
6609 3364 6529
3450 3423 6530
291 5568 6531
6282 6999 6532
2034 5335 6533
930 4487 6534
30 4476 6535
2246 5904 6536
1689 2095 6537
6637 5110 6538
1949 1402 6539
6793 6035 6540
916 1575 6541
2766 5328 6542
2305 5072 6543
194 4201 6544
3783 5221 6545
63 5481 6546
2899 5038 6547
3288 2729 6548
2899 5396 6549
4263 5323 6550
4478 608 6551
6521 6758 6552
1701 668 6553
4998 3778 6554
2863 2346 6555
883 575 6556
3082 1394 6557
4356 4807 6558
6115 6137 6559
4309 6746 6560
3857 847 6561
3381 3962 6562
349 4197 6563
930 6157 6564
3441 3697 6565
4714 979 6566
458 794 6567
4217 332 6568
305 6797 6569
4957 2805 6570
4691 637 6571
4713 388 6572
698 913 6573
1785 168 6574
913 4442 6575
1083 1638 6576
916 1252 6577
4851 646 6578
4039 3294 6579
2854 2219 6580
2362 4602 6581
4480 3593 6582
6893 6331 6583
603 4962 6584
1413 1559 6585
1289 3314 6586
1391 5360 6587
195 1768 6588
2128 2986 6589
144 4932 6590
2675 6610 6591
3334 2505 6592
922 3840 6593
3771 109 6594
2194 5942 6595
4636 6472 6596
2074 4856 6597
4346 762 6598
3557 2718 6599
3332 4947 6600
3027 1503 6601
2658 5824 6602
934 4837 6603
1745 4635 6604
962 647 6605
892 2016 6606
1708 6514 6607
119 481 6608
2606 4653 6609
5752 3343 6610
3153 1643 6611
483 3941 6612
1135 220 6613
6222 6273 6614
6828 5627 6615
1087 1199 6616
6926 6540 6617
502 1736 6618
5791 5190 6619
3350 116 6620
1392 6095 6621
3918 4250 6622
194 4170 6623
2718 4483 6624
3380 748 6625
6406 3353 6626
952 5679 6627
6709 87 6628
519 4616 6629
3792 6172 6630
3274 6386 6631
3930 3102 6632
2794 467 6633
507 5404 6634
5117 6883 6635
1542 4654 6636
5066 6047 6637
6251 2241 6638
5374 5536 6639
5129 5314 6640
791 6201 6641
2771 6286 6642
2491 6166 6643
1703 1856 6644
2006 4638 6645
3687 1069 6646
4301 6652 6647
125 3336 6648
5404 6902 6649
536 749 6650
5050 5595 6651
4846 5199 6652
5896 2338 6653
1469 6295 6654
5666 4019 6655
448 3331 6656
2996 4875 6657
6906 1635 6658
3146 2877 6659
2938 5153 6660
581 2532 6661
699 4339 6662
1724 2168 6663
5377 1970 6664
1596 4421 6665
2841 3242 6666
1478 4446 6667
4088 6003 6668
3962 897 6669
784 543 6670
4455 3187 6671
751 1672 6672
2110 1979 6673
3971 1008 6674
2306 3396 6675
4634 3762 6676
3426 2647 6677
2712 5658 6678
2365 5097 6679
389 5637 6680
6367 5572 6681
3296 6367 6682
5564 2617 6683
1420 5767 6684
1651 6054 6685
4578 2319 6686
5804 6170 6687
1411 5130 6688
3773 4218 6689
5128 5113 6690
3376 4850 6691
944 1278 6692
4717 2992 6693
6481 5779 6694
5748 4883 6695
5240 2710 6696
1961 6055 6697
6701 5285 6698
4217 1758 6699
798 3743 6700
848 1037 6701
280 6975 6702
5211 6474 6703
5872 1129 6704
5573 2189 6705
3288 2517 6706
4698 3034 6707
4405 5839 6708
147 3346 6709
5915 3013 6710
379 2661 6711
333 3842 6712
4350 534 6713
2652 1144 6714
1911 443 6715
5583 1170 6716
582 6567 6717
1674 6573 6718
5312 828 6719
2714 186 6720
5440 5972 6721
2772 330 6722
8 5050 6723
1932 6315 6724
2955 6724 6725
2301 3223 6726
575 756 6727
4187 5549 6728
3441 4321 6729
41 6563 6730
6162 1275 6731
1431 6430 6732
4646 264 6733
3308 4973 6734
3885 3425 6735
2506 4140 6736
84 6608 6737
3632 2453 6738
5537 6257 6739
1689 562 6740
6854 676 6741
297 514 6742
1905 2623 6743
2047 955 6744
892 4144 6745
478 1694 6746
4467 2733 6747
5509 2668 6748
3695 3818 6749
6960 1518 6750
4860 4000 6751
1796 4300 6752
3576 4136 6753
301 6564 6754
621 1776 6755
2252 3199 6756
1938 839 6757
3920 2289 6758
2092 5557 6759
4470 3932 6760
4722 2574 6761
2110 4381 6762
6521 5522 6763
684 1345 6764
3102 203 6765
4811 6865 6766
4712 1341 6767
4398 6549 6768
5386 3997 6769
5098 3549 6770
6854 6440 6771
3582 1836 6772
3305 1169 6773
3651 1525 6774
3766 1902 6775
5535 6755 6776
428 2980 6777
5203 2909 6778
3827 464 6779
2128 3206 6780
2228 5298 6781
919 5797 6782
5763 5049 6783
2877 4205 6784
5380 1900 6785
4502 3081 6786
6893 5851 6787
3312 90 6788
364 446 6789
1910 5631 6790
3620 2455 6791
1686 1890 6792
1500 6385 6793
6003 1871 6794
6231 3433 6795
1580 5698 6796
1796 1124 6797
133 3448 6798
5635 6762 6799
1833 4324 6800
2287 3931 6801
716 1209 6802
3969 6505 6803
4137 503 6804
6535 6744 6805
1377 4806 6806
2167 2701 6807
1397 3061 6808
6625 1897 6809
3427 4488 6810
5289 3656 6811
1872 5878 6812
3532 3001 6813
6093 2194 6814
1503 3012 6815
212 2227 6816
3825 1864 6817
1896 3757 6818
2640 2769 6819
5583 6709 6820
5282 2084 6821
5865 2793 6822
6805 5260 6823
1258 6481 6824
6357 3191 6825
233 5648 6826
5534 5750 6827
2433 6344 6828
2762 1861 6829
3734 3730 6830
2602 559 6831
5098 6586 6832
312 4368 6833
6818 5991 6834
5244 3821 6835
5995 5571 6836
6088 4816 6837
5818 3089 6838
4210 4843 6839
760 868 6840
6826 2299 6841
2943 485 6842
1074 6841 6843
250 2990 6844
2794 4081 6845
5635 5742 6846
4494 3498 6847
4096 4726 6848
4851 4242 6849
1669 6986 6850
4091 3668 6851
5354 6263 6852
6523 3884 6853
6981 6727 6854
1042 974 6855
5839 4096 6856
5828 458 6857
788 1084 6858
5128 207 6859
6032 4810 6860
3051 3347 6861
436 4685 6862
1915 1211 6863
2503 6874 6864
2877 3811 6865
4356 5721 6866
4984 5912 6867
4102 6366 6868
1480 2984 6869
107 591 6870
6807 1353 6871
683 629 6872
1701 4612 6873
4636 5471 6874
5958 3751 6875
657 4841 6876
6581 813 6877
5045 2502 6878
4088 1721 6879
3175 1179 6880
2801 6931 6881
3446 636 6882
436 6298 6883
6440 138 6884
3745 4642 6885
264 5276 6886
1819 5402 6887
726 4425 6888
5812 4644 6889
6904 1704 6890
3007 3824 6891
960 4419 6892
3492 3740 6893
2760 903 6894
6216 4922 6895
4923 6296 6896
5319 3231 6897
5704 2336 6898
2030 6314 6899
969 6354 6900
6058 2472 6901
3653 6676 6902
2450 4457 6903
895 6355 6904
4933 3465 6905
907 3945 6906
4080 4555 6907
1700 3159 6908
1678 1499 6909
5346 5458 6910
5915 412 6911
4682 2249 6912
4935 405 6913
6794 3333 6914
2536 4232 6915
5020 1888 6916
316 93 6917
4474 6277 6918
6495 5338 6919
6008 2432 6920
1132 2405 6921
4521 190 6922
1831 4357 6923
2882 5529 6924
6708 4272 6925
5962 1532 6926
2841 2569 6927
6806 5786 6928
2625 442 6929
4489 3825 6930
2198 694 6931
5165 6756 6932
4170 657 6933
2506 4696 6934
3773 4402 6935
2482 3389 6936
925 2724 6937
5775 1339 6938
3147 1111 6939
4474 140 6940
4562 3104 6941
5712 5357 6942
2457 632 6943
4628 3045 6944
4886 3695 6945
1156 4424 6946
305 626 6947
2016 4358 6948
35 4147 6949
2683 6096 6950
968 3906 6951
2897 1004 6952
2231 3720 6953
4780 6101 6954
6464 5843 6955
4419 5268 6956
6614 3326 6957
6784 5512 6958
3760 1809 6959
2991 1562 6960
113 6378 6961
1820 2604 6962
6282 4566 6963
1391 4936 6964
4142 5692 6965
6648 4608 6966
3743 5827 6967
2696 1260 6968
712 3213 6969
3271 6111 6970
147 3169 6971
916 5473 6972
5863 2578 6973
4606 6049 6974
5045 1155 6975
3579 6805 6976
1898 6761 6977
6905 4213 6978
1670 5639 6979
4899 6617 6980
1357 3100 6981
2068 1514 6982
3514 344 6983
4247 256 6984
6104 2942 6985
5722 5603 6986
4447 325 6987
2248 2223 6988
3173 1993 6989
4285 1801 6990
4271 6777 6991
1915 5659 6992
3042 1134 6993
3147 6510 6994
2381 2756 6995
4853 2389 6996
2625 2024 6997
1915 4268 6998
2877 5857 6999
5433 4178 7000
