8900 8900 8900
909 2660 1
5193 7472 2
8841 657 3
41 2481 4
4428 7725 5
451 2832 6
6932 5128 7
6085 4875 8
1157 5371 9
3004 3434 10
1174 2130 11
3291 821 12
615 6754 13
1589 1050 14
6358 3146 15
6049 7356 16
7998 1122 17
4066 2215 18
640 2775 19
8252 3888 20
5202 5825 21
1429 8531 22
4869 5668 23
8444 3984 24
2673 4408 25
2960 3305 26
1950 7025 27
5602 726 28
5570 6889 29
6714 2833 30
7709 8629 31
2645 8848 32
163 5198 33
2170 8632 34
3143 5427 35
2066 1117 36
294 2117 37
82 7071 38
6144 2985 39
7494 3243 40
6270 955 41
2652 5620 42
5087 3160 43
6935 3578 44
2197 3363 45
5881 6239 46
3557 4495 47
8085 1717 48
258 8547 49
1060 7889 50
674 8326 51
8420 225 52
545 6246 53
3082 1915 54
290 8266 55
1368 4520 56
2000 6222 57
227 1549 58
3979 7365 59
3511 607 60
6172 4486 61
207 8828 62
8821 1955 63
909 3218 64
8095 482 65
1001 3251 66
6547 4194 67
3930 335 68
6004 1267 69
3646 4994 70
1178 96 71
7410 520 72
3060 197 73
4824 3643 74
5298 676 75
7368 7204 76
5582 4542 77
1513 8662 78
2090 2462 79
5127 5299 80
3844 4544 81
784 4890 82
5476 3394 83
6561 5697 84
444 5179 85
2177 231 86
8871 6694 87
5845 3828 88
3449 1918 89
6637 4608 90
6960 7161 91
1178 7028 92
909 2494 93
7975 3376 94
6628 1863 95
2873 3458 96
2385 4843 97
3863 3789 98
3441 5167 99
5565 5553 100
1286 236 101
4398 1431 102
6270 3191 103
5570 6467 104
5369 7906 105
4114 7396 106
8516 8714 107
2495 3567 108
7223 7190 109
7910 4009 110
874 7016 111
1000 8065 112
4390 8674 113
140 6730 114
77 4695 115
8413 7817 116
581 5812 117
3216 5414 118
5228 6370 119
12 2031 120
5417 2322 121
3532 8823 122
7422 186 123
1447 1312 124
2377 4677 125
6570 2515 126
4878 927 127
3730 4428 128
8195 3082 129
2041 2979 130
4834 3077 131
7949 1633 132
6051 2776 133
3842 1873 134
6045 4493 135
420 6566 136
5253 8142 137
2332 3729 138
5631 7125 139
7591 854 140
7113 576 141
4796 1149 142
8834 3639 143
5663 266 144
3245 6387 145
1148 4571 146
6114 7326 147
2061 6503 148
7639 2679 149
2059 2088 150
2385 693 151
8744 7368 152
1316 76 153
231 1681 154
5745 428 155
8650 1769 156
1373 3700 157
2948 4 158
1777 1691 159
7251 7270 160
7519 761 161
4521 1731 162
5788 8776 163
4794 1403 164
5240 5614 165
5022 3916 166
8046 6206 167
2182 6179 168
3980 3076 169
6779 6354 170
5238 8727 171
1526 4750 172
4691 650 173
6246 8030 174
1153 772 175
1584 1976 176
3224 2823 177
1148 2131 178
4939 6446 179
5463 5684 180
3677 8283 181
1558 3167 182
2015 4108 183
140 7438 184
5063 3698 185
6740 7661 186
6654 4023 187
8216 2839 188
5852 8576 189
1748 1439 190
7009 4070 191
7902 6164 192
4452 8482 193
7059 646 194
2223 6551 195
264 4393 196
7523 744 197
3724 3924 198
3721 1334 199
5378 3010 200
7680 6439 201
8087 2152 202
7542 3136 203
1983 4792 204
5235 6843 205
840 8620 206
1244 7993 207
7469 8404 208
3641 6916 209
1977 5146 210
4323 2205 211
3018 2755 212
2931 8274 213
5890 7147 214
1804 4896 215
1070 6328 216
4533 2027 217
635 7623 218
2595 8655 219
2346 2488 220
7987 8054 221
666 3232 222
473 1484 223
484 6910 224
1869 8794 225
2939 8695 226
3304 3230 227
4391 3279 228
6261 8539 229
7053 3765 230
3119 3936 231
5954 7795 232
6934 6623 233
5080 3705 234
3515 2921 235
7230 5204 236
1970 4187 237
3728 524 238
7593 6478 239
77 694 240
2827 879 241
2781 4630 242
5094 5694 243
4839 8059 244
3467 3327 245
387 1353 246
8290 4344 247
5290 8035 248
2590 4356 249
382 2766 250
7411 2941 251
2002 8355 252
3573 6655 253
3701 536 254
4988 6533 255
6286 5151 256
8230 3354 257
476 7154 258
3555 1071 259
917 1042 260
6211 8203 261
2120 7103 262
4538 704 263
8701 4055 264
4121 5027 265
8222 6260 266
1562 7771 267
4423 4641 268
7391 6348 269
6236 7584 270
355 7804 271
7055 2479 272
446 1396 273
1412 2438 274
2009 4739 275
3753 6592 276
1198 7320 277
2826 7006 278
3386 8330 279
7085 8137 280
298 8473 281
73 5169 282
3821 79 283
6468 425 284
6227 7573 285
4550 6284 286
3236 7553 287
4814 3787 288
1417 1721 289
6415 1423 290
5885 5876 291
1897 1554 292
5524 387 293
3433 2023 294
6884 3425 295
2168 4338 296
2948 417 297
4255 6135 298
2521 4972 299
5311 7850 300
3496 4048 301
3888 600 302
4419 6204 303
1635 5346 304
4277 3072 305
7834 4449 306
6261 7082 307
2640 3981 308
2982 2098 309
8885 1135 310
8069 8673 311
6324 1621 312
4274 1011 313
8852 7284 314
4604 4954 315
7784 2304 316
5909 4998 317
7803 8602 318
1108 385 319
4479 1576 320
648 5753 321
1597 3021 322
4873 6082 323
5834 5510 324
189 7397 325
4243 2559 326
2782 4616 327
7560 2969 328
1687 4288 329
4552 4622 330
2533 7812 331
6950 1213 332
680 6169 333
5106 4646 334
4397 7402 335
6236 5147 336
7411 5056 337
8237 3427 338
6618 3728 339
5944 8216 340
7591 4260 341
3310 6686 342
5132 7145 343
5013 3129 344
2960 6926 345
1511 25 346
1280 5081 347
8253 3095 348
231 7249 349
3053 2579 350
8866 148 351
4198 4220 352
2597 4713 353
1904 3385 354
7992 5351 355
6290 1844 356
8479 7529 357
6396 3486 358
6248 5740 359
179 6251 360
2461 4833 361
6704 564 362
4088 2821 363
1731 7352 364
391 2501 365
8538 1972 366
4419 5393 367
7191 7849 368
4856 8257 369
3493 1761 370
2326 6185 371
4864 3334 372
7498 8838 373
1317 4090 374
1897 5992 375
1700 2000 376
8865 5792 377
8759 6506 378
1532 1543 379
8301 1262 380
825 8574 381
4996 3477 382
4908 8396 383
8803 8457 384
8642 2025 385
8016 1444 386
3972 3223 387
693 8693 388
1313 3565 389
1407 969 390
8752 807 391
1393 1489 392
1154 2258 393
3746 3711 394
922 2153 395
2413 8475 396
5237 2950 397
5804 6673 398
8555 2739 399
1410 8108 400
5199 6932 401
8703 401 402
7989 926 403
7124 8495 404
1551 6018 405
7267 8767 406
5914 4125 407
6237 3779 408
7006 1351 409
619 917 410
3697 4157 411
7841 5630 412
4875 8413 413
7665 8103 414
3554 2434 415
5444 2325 416
1969 2055 417
7848 5308 418
3650 5995 419
4736 6311 420
1548 8839 421
110 2810 422
3235 4471 423
1868 2015 424
7461 4221 425
6606 4334 426
3830 6221 427
4391 6029 428
3346 3088 429
7703 356 430
5406 5891 431
5802 4884 432
2255 1895 433
8339 2834 434
4491 2332 435
1894 1589 436
4017 6829 437
6862 4719 438
2583 5143 439
8621 7885 440
274 4697 441
2521 284 442
7309 262 443
2127 3310 444
4815 8252 445
1899 803 446
750 4162 447
7614 1151 448
8322 1512 449
8332 6281 450
7948 2385 451
6530 5953 452
8595 4814 453
4464 4913 454
946 912 455
1411 2505 456
5364 7500 457
4794 5643 458
7753 8867 459
1977 8091 460
1611 5815 461
4938 614 462
2925 4990 463
4473 862 464
745 5497 465
3650 6240 466
6574 5337 467
7823 3741 468
2760 1168 469
6963 8552 470
7534 4631 471
448 4255 472
8046 494 473
6367 8041 474
6879 8770 475
6489 1665 476
5946 7888 477
7408 5041 478
6388 8140 479
3818 6469 480
7080 4030 481
1148 4835 482
5970 3869 483
2389 403 484
5200 8003 485
7919 3180 486
6704 4031 487
816 1002 488
1518 255 489
1444 8577 490
1553 4683 491
1472 1323 492
3210 2817 493
8787 137 494
2493 7469 495
8893 5770 496
8721 1705 497
6896 8636 498
5609 1507 499
7097 74 500
4697 6425 501
6367 2052 502
1763 4198 503
8799 6846 504
8383 3239 505
6956 1271 506
6796 177 507
4808 1224 508
1357 5239 509
1185 1236 510
1634 1111 511
5012 1161 512
6630 4684 513
8444 4139 514
7821 2196 515
4328 2714 516
8035 216 517
390 2127 518
4142 4724 519
5235 3255 520
4736 1776 521
1588 4175 522
2828 6591 523
648 3366 524
5859 1624 525
7614 3927 526
8409 6522 527
2493 481 528
7605 8324 529
2457 5718 530
3769 4365 531
2423 3091 532
930 5265 533
6559 8075 534
2500 5722 535
3493 4158 536
1395 5302 537
5712 7335 538
6733 3296 539
4708 4182 540
4531 3976 541
2326 7272 542
1661 5030 543
1137 4424 544
2084 2008 545
7158 7311 546
1944 1194 547
3646 8079 548
8536 3478 549
5688 5164 550
5122 4483 551
2910 3321 552
3498 8224 553
5126 4919 554
5672 8738 555
7331 5585 556
1516 3430 557
3025 7658 558
4520 2633 559
7745 1099 560
4607 2543 561
7301 6124 562
4899 6080 563
6638 4412 564
1861 6739 565
8571 3390 566
8883 6921 567
6503 3900 568
2140 972 569
8732 1967 570
1312 2754 571
4096 501 572
5966 2163 573
6555 914 574
3810 8089 575
3984 4015 576
4849 3164 577
207 3912 578
8406 135 579
1743 176 580
4176 8438 581
6789 5025 582
4316 63 583
2352 8521 584
705 3513 585
3122 3971 586
6221 7938 587
2753 8154 588
7541 8483 589
787 8383 590
394 5444 591
2397 5808 592
341 3661 593
7787 2738 594
3545 6660 595
2957 5696 596
3027 5241 597
7208 1646 598
3538 4837 599
752 505 600
5210 4556 601
4427 7552 602
2274 4381 603
5083 7122 604
5712 1611 605
1350 2517 606
8664 5703 607
6727 1037 608
3843 1879 609
6301 2220 610
3089 3612 611
177 5667 612
2297 6699 613
1588 5048 614
5677 5152 615
1899 5130 616
3125 547 617
6652 3403 618
5410 748 619
323 4594 620
3767 1294 621
1138 994 622
1252 3583 623
1410 6248 624
233 4673 625
7576 3735 626
6256 3658 627
8006 2986 628
2628 2358 629
933 5575 630
413 7389 631
5577 1491 632
8005 1841 633
3210 3176 634
3149 1919 635
3328 6030 636
7055 3450 637
6322 915 638
1198 6579 639
6085 795 640
1950 4440 641
789 3174 642
8374 5814 643
5549 34 644
5172 831 645
3425 6309 646
4627 6798 647
274 768 648
9 8213 649
2859 2772 650
8015 4989 651
84 2584 652
8346 1514 653
3247 4706 654
1030 2903 655
1695 4240 656
2564 6230 657
8255 2267 658
8214 5331 659
864 1247 660
1465 658 661
3653 7713 662
2103 5092 663
2605 7555 664
5804 7054 665
376 2336 666
917 5321 667
6699 4906 668
3895 6778 669
7178 2201 670
7452 6499 671
4402 4968 672
6433 8026 673
6425 5127 674
5798 59 675
8082 8336 676
6379 1720 677
412 4106 678
4040 342 679
5193 6373 680
4857 7432 681
1702 200 682
4535 5560 683
4816 5626 684
2889 6919 685
2296 6289 686
2817 1746 687
2018 6378 688
5028 606 689
6004 2191 690
6044 3491 691
110 7485 692
5769 1992 693
6448 882 694
8183 8822 695
2317 143 696
330 2611 697
6224 3242 698
7587 5612 699
5820 2033 700
3028 2876 701
982 6196 702
6822 2900 703
1202 4820 704
1967 842 705
408 2113 706
1100 274 707
849 3150 708
2645 5748 709
3457 4589 710
4189 187 711
4629 3682 712
2177 6173 713
1340 50 714
2370 4627 715
5868 804 716
3119 5118 717
7279 7722 718
1263 3278 719
7154 422 720
994 4467 721
3506 5783 722
8533 8679 723
2086 6358 724
6172 4941 725
7305 4389 726
8506 3493 727
8766 277 728
6565 248 729
3438 1132 730
5604 8210 731
5272 7768 732
3433 5344 733
4457 8420 734
1638 258 735
7680 6994 736
4092 81 737
3545 117 738
395 2592 739
7740 2182 740
5933 3548 741
321 7882 742
7442 6852 743
2023 6000 744
8541 3835 745
6627 1728 746
3255 3185 747
8456 7700 748
7270 6558 749
754 2566 750
380 5504 751
6426 5582 752
2297 3198 753
2369 1734 754
3050 5737 755
7772 5897 756
7452 749 757
2796 5251 758
3195 1468 759
1782 3177 760
7726 6987 761
2327 5184 762
5816 3739 763
5347 7301 764
6243 7575 765
1687 5752 766
3027 1801 767
4793 5357 768
619 3466 769
7438 3061 770
586 8148 771
1710 8451 772
5085 2487 773
3489 175 774
3314 4310 775
6533 4796 776
4621 3886 777
5175 1805 778
1474 6326 779
4801 6751 780
1820 1299 781
4189 2780 782
1100 2521 783
4579 6092 784
4176 3926 785
5012 4931 786
3573 4898 787
3027 7737 788
8089 5761 789
7458 3158 790
2677 7377 791
7626 134 792
199 6041 793
8118 1888 794
7347 4149 795
3150 46 796
7801 4714 797
8525 4145 798
4568 6171 799
3311 7762 800
6818 1214 801
3755 2461 802
187 6998 803
380 104 804
8251 5094 805
1969 1935 806
4711 3222 807
4502 5170 808
1104 2786 809
1083 237 810
6754 3684 811
2107 2007 812
6989 6501 813
8365 1768 814
296 1822 815
2109 929 816
5272 4266 817
5284 2511 818
3509 5317 819
1315 5970 820
2315 3036 821
7431 7668 822
2233 5272 823
4136 7994 824
1017 2366 825
1379 2565 826
98 3540 827
3830 1010 828
2106 7277 829
7730 7061 830
4675 4788 831
7564 7866 832
3790 2835 833
7647 2655 834
4116 3953 835
4943 7493 836
7576 4651 837
2275 1007 838
6425 7139 839
6162 2555 840
963 1586 841
930 7370 842
1616 8598 843
8457 6949 844
3028 7667 845
3314 8166 846
8015 8465 847
8774 3075 848
3707 2838 849
3550 7706 850
751 2406 851
4715 5104 852
7557 302 853
6971 6409 854
8375 3961 855
5278 7162 856
7457 5054 857
2032 1781 858
6736 4528 859
7709 8049 860
8081 6851 861
7949 7915 862
4877 2083 863
7148 3867 864
1272 3326 865
1571 7896 866
1316 6296 867
2150 8648 868
5493 824 869
1294 2490 870
7011 6473 871
859 5282 872
5445 6175 873
2557 1787 874
4942 8295 875
95 6609 876
1219 6604 877
6462 6969 878
4697 8487 879
3061 2393 880
484 7680 881
1444 1048 882
8639 6582 883
8141 8562 884
6148 5088 885
249 1207 886
1127 7482 887
2150 846 888
3184 7014 889
7036 2850 890
7870 3225 891
5878 1710 892
8594 5913 893
4585 3982 894
5469 5097 895
104 3829 896
403 4477 897
2242 511 898
4535 8563 899
5954 8853 900
634 3686 901
3884 2685 902
6236 7819 903
4211 394 904
1996 1077 905
5786 3210 906
5893 8297 907
2116 6295 908
160 5908 909
6463 8830 910
1579 5003 911
1573 822 912
8051 8477 913
7657 2864 914
2517 4956 915
3454 1733 916
2618 7496 917
224 7293 918
4379 3101 919
2808 4984 920
6127 6804 921
4736 214 922
4500 6105 923
7652 1876 924
5792 654 925
5126 2699 926
5368 591 927
6273 713 928
2427 670 929
2538 8771 930
5345 7484 931
4715 6116 932
4061 6176 933
7074 7067 934
8418 6458 935
5901 2647 936
41 7092 937
6101 6184 938
7968 7332 939
7688 7478 940
6417 3338 941
1111 7639 942
2957 7841 943
4328 954 944
6508 8723 945
2216 7153 946
4522 5829 947
8521 2818 948
3877 3542 949
4714 2411 950
7178 5345 951
8811 6832 952
6988 6365 953
7201 2362 954
3844 8099 955
400 7845 956
6261 7582 957
679 3939 958
390 4289 959
6426 1193 960
8016 6903 961
1557 2226 962
615 5238 963
5756 5096 964
6206 4722 965
1373 360 966
6663 1332 967
3712 7640 968
5223 4774 969
2298 4268 970
8031 198 971
3446 2350 972
3346 2234 973
379 4051 974
4121 8506 975
1386 243 976
3 224 977
4924 5704 978
5200 5469 979
8292 1957 980
8031 5015 981
8831 1 982
1659 2126 983
1322 6684 984
7073 4103 985
2429 5474 986
7933 6383 987
3324 9 988
139 8197 989
8239 7107 990
2450 7216 991
4799 3978 992
5072 4091 993
850 5867 994
5553 4259 995
984 8812 996
472 1072 997
2202 5937 998
4723 5479 999
1548 1417 1000
5695 6897 1001
2977 5917 1002
2282 6334 1003
5515 5074 1004
3414 6396 1005
5794 8468 1006
3096 8109 1007
3308 7405 1008
8434 5899 1009
6854 610 1010
5502 2666 1011
8199 2128 1012
7967 5604 1013
8880 1924 1014
6913 3436 1015
4161 1682 1016
1210 4413 1017
4720 5242 1018
3231 4007 1019
8820 3969 1020
474 8856 1021
4343 863 1022
3082 3355 1023
5449 6198 1024
2592 3348 1025
817 2554 1026
2058 981 1027
31 7542 1028
8845 407 1029
7524 7928 1030
6592 8621 1031
2812 3034 1032
6956 340 1033
2290 6813 1034
2860 5529 1035
3883 7104 1036
5876 538 1037
4735 1371 1038
6433 5019 1039
3148 8789 1040
2248 5197 1041
6913 7865 1042
1831 260 1043
4118 5904 1044
6295 4983 1045
7498 7830 1046
802 1051 1047
8764 6276 1048
6573 1137 1049
8637 5547 1050
6123 280 1051
4923 2797 1052
7442 2454 1053
6565 1412 1054
1606 6205 1055
4353 5617 1056
3795 568 1057
599 780 1058
1939 6764 1059
6652 716 1060
1376 2277 1061
7927 8670 1062
3423 5531 1063
1060 677 1064
8581 1590 1065
2540 7687 1066
3112 3581 1067
2893 542 1068
5895 6653 1069
4380 6980 1070
2784 513 1071
4002 2526 1072
6065 2139 1073
1950 5733 1074
4391 6142 1075
5292 6576 1076
7337 456 1077
1252 8455 1078
4887 84 1079
4550 8761 1080
984 206 1081
5224 288 1082
68 4785 1083
2168 5413 1084
21 7495 1085
1483 67 1086
2714 8706 1087
7978 3645 1088
5516 4100 1089
7708 2574 1090
4988 4732 1091
4243 8110 1092
473 309 1093
7431 1426 1094
3083 7424 1095
7408 500 1096
3315 6138 1097
6372 2642 1098
6939 408 1099
2116 6857 1100
3195 6995 1101
3019 7124 1102
1723 6207 1103
4299 2040 1104
7138 6456 1105
3421 3240 1106
7952 7741 1107
2131 6353 1108
2568 7177 1109
7428 1308 1110
3937 5736 1111
4585 6957 1112
7701 8784 1113
7658 8376 1114
4774 2100 1115
1749 333 1116
1682 334 1117
4477 8817 1118
6687 778 1119
3834 3481 1120
8847 7785 1121
4107 2914 1122
3984 8303 1123
8402 8353 1124
6159 1097 1125
8453 6097 1126
6873 4619 1127
8893 2452 1128
7879 1954 1129
1641 4736 1130
6926 6667 1131
532 4727 1132
1311 5136 1133
5728 1868 1134
4395 238 1135
2158 7089 1136
3117 1856 1137
4777 3957 1138
8781 5010 1139
5899 6232 1140
6565 8325 1141
7877 7675 1142
4779 4287 1143
7704 4976 1144
2897 7361 1145
8275 1384 1146
5688 3016 1147
1053 7580 1148
1260 2735 1149
4460 4402 1150
6228 1459 1151
2487 6066 1152
5682 6195 1153
8801 1187 1154
3480 5514 1155
7266 4647 1156
2189 5408 1157
5816 1346 1158
6747 829 1159
7697 2371 1160
8796 1369 1161
294 5950 1162
2669 1500 1163
4848 2076 1164
4716 71 1165
6969 3732 1166
3715 865 1167
7622 1812 1168
2361 8214 1169
1153 5635 1170
6127 6989 1171
6687 4078 1172
4579 8377 1173
5728 7344 1174
2082 3361 1175
8327 5276 1176
8084 7508 1177
8178 4863 1178
7661 1544 1179
1376 4323 1180
7922 5500 1181
110 7393 1182
5202 1657 1183
2297 8857 1184
8114 3203 1185
6335 2200 1186
4962 4527 1187
611 8780 1188
6213 1118 1189
5005 1706 1190
31 4126 1191
1280 5593 1192
6085 1083 1193
2067 2219 1194
413 6855 1195
7195 8414 1196
5572 2114 1197
7123 6695 1198
2050 5873 1199
2541 2547 1200
3310 452 1201
8835 4757 1202
4479 782 1203
254 5525 1204
5518 470 1205
8819 6803 1206
2454 7964 1207
2605 8540 1208
3201 1726 1209
4922 6032 1210
927 7281 1211
6392 714 1212
2722 8666 1213
845 4816 1214
5693 2778 1215
3541 8285 1216
8447 5508 1217
1632 3818 1218
2774 2925 1219
4585 1748 1220
6742 1094 1221
1391 3137 1222
7485 8840 1223
6483 54 1224
5504 1653 1225
6457 5313 1226
8158 8244 1227
596 6524 1228
4697 6856 1229
2461 6305 1230
6372 8144 1231
2064 8009 1232
7506 1758 1233
8103 6455 1234
3038 5484 1235
4313 2675 1236
82 896 1237
6632 413 1238
8002 6234 1239
3324 4248 1240
3715 6433 1241
509 7873 1242
4010 8106 1243
2598 2964 1244
3640 3545 1245
4055 3340 1246
3287 3721 1247
7166 5368 1248
5603 6385 1249
2975 5296 1250
3368 7051 1251
4215 7184 1252
1470 4466 1253
3729 6848 1254
4513 7821 1255
2616 4561 1256
2380 1035 1257
4646 6144 1258
5554 8565 1259
7582 5386 1260
6984 5404 1261
8885 1661 1262
5237 620 1263
2054 852 1264
5604 3584 1265
5984 4474 1266
3645 6253 1267
3118 4120 1268
2559 2954 1269
6280 3067 1270
8086 1199 1271
8625 7539 1272
5921 4795 1273
3215 794 1274
8109 4531 1275
5094 1790 1276
3985 7908 1277
3234 884 1278
424 5896 1279
5049 2740 1280
8289 8491 1281
92 257 1282
2032 6187 1283
3781 6894 1284
7136 3257 1285
5811 6640 1286
8253 1753 1287
7266 4272 1288
8186 7789 1289
5516 2982 1290
3311 5646 1291
5201 6145 1292
1138 3268 1293
1108 5223 1294
1449 6190 1295
7027 6440 1296
7919 1416 1297
3480 2508 1298
5647 7401 1299
614 7430 1300
5064 7487 1301
4964 700 1302
6190 1760 1303
6959 1393 1304
6408 633 1305
4411 5464 1306
3458 7024 1307
8148 8005 1308
2731 209 1309
5737 4753 1310
1280 7910 1311
1723 556 1312
513 4358 1313
3251 42 1314
57 479 1315
761 6235 1316
711 1163 1317
7583 6727 1318
1889 3719 1319
6505 3116 1320
7652 5745 1321
4971 7463 1322
1025 2748 1323
5885 1190 1324
7606 5546 1325
7337 6683 1326
2245 1074 1327
3853 6472 1328
2780 6811 1329
4255 8826 1330
2924 5262 1331
5715 7029 1332
5368 348 1333
1126 4943 1334
2720 1603 1335
5210 3528 1336
859 1540 1337
4551 7751 1338
1998 3501 1339
1202 349 1340
1020 2228 1341
8186 3039 1342
8808 4847 1343
5696 7351 1344
1726 4772 1345
6144 5515 1346
2960 6352 1347
8810 6878 1348
8388 7310 1349
8128 5161 1350
3345 2426 1351
8023 7869 1352
1562 2562 1353
5528 531 1354
5809 6160 1355
2198 7520 1356
8393 3672 1357
3758 785 1358
6511 3097 1359
4147 508 1360
3451 7692 1361
3770 2868 1362
2092 8007 1363
378 8592 1364
4816 3561 1365
7566 7127 1366
3210 2299 1367
6818 3536 1368
2826 1943 1369
2262 5430 1370
5075 5840 1371
802 3502 1372
7945 2102 1373
4577 3215 1374
615 1376 1375
5203 8834 1376
3425 411 1377
4457 8787 1378
8216 5571 1379
3785 5690 1380
8716 7709 1381
3830 4243 1382
813 2819 1383
2671 6705 1384
3174 3086 1385
3587 6119 1386
6618 2673 1387
1963 4838 1388
386 4674 1389
8412 1429 1390
1586 6051 1391
8862 7452 1392
5193 2557 1393
6658 6156 1394
8599 4104 1395
4507 3766 1396
1350 1889 1397
2102 7786 1398
4282 7589 1399
7828 7705 1400
7006 2577 1401
3018 131 1402
3324 8402 1403
6639 2062 1404
6991 4202 1405
8602 1527 1406
8617 7264 1407
5884 7211 1408
6609 1978 1409
1302 1528 1410
5278 2692 1411
761 1331 1412
2041 8708 1413
8629 4578 1414
118 7036 1415
6721 4917 1416
857 3267 1417
1001 1028 1418
6982 4900 1419
6542 2141 1420
8557 8566 1421
3776 8027 1422
5722 5710 1423
5106 4506 1424
1309 808 1425
3081 5708 1426
1114 2599 1427
4350 6891 1428
6582 8795 1429
4292 6788 1430
229 570 1431
1410 6073 1432
7911 1225 1433
5375 8168 1434
3598 8865 1435
850 5768 1436
6881 4290 1437
5954 6841 1438
5719 6269 1439
665 4660 1440
1625 2708 1441
3445 8001 1442
7936 5774 1443
3024 4747 1444
176 6738 1445
162 7308 1446
132 2741 1447
1861 1038 1448
4567 1058 1449
6563 5194 1450
5480 949 1451
8252 4629 1452
2960 2377 1453
899 1920 1454
8738 6520 1455
1548 3467 1456
5288 1620 1457
3205 4117 1458
8613 6658 1459
2808 4897 1460
615 3656 1461
8713 3675 1462
972 8851 1463
7176 2746 1464
6367 7451 1465
5238 1747 1466
1903 5153 1467
5797 3838 1468
3538 5366 1469
6399 7715 1470
615 7745 1471
8367 7129 1472
1928 4216 1473
3500 2230 1474
6668 8824 1475
4647 7128 1476
1731 8094 1477
8696 5868 1478
2653 2032 1479
6642 6362 1480
5845 450 1481
8046 5927 1482
2182 2892 1483
1405 7108 1484
5577 4355 1485
2760 966 1486
1872 1974 1487
6204 1523 1488
6006 486 1489
7112 2355 1490
5064 6571 1491
7361 7719 1492
6942 2732 1493
2379 1238 1494
8071 3049 1495
7275 5773 1496
1756 2978 1497
2564 4285 1498
5126 4165 1499
3806 5111 1500
8161 7336 1501
8476 6908 1502
8031 7446 1503
981 1689 1504
706 628 1505
1670 732 1506
8531 3410 1507
7747 322 1508
8128 899 1509
6637 1265 1510
5585 6254 1511
1521 8031 1512
7688 1547 1513
6588 20 1514
5288 1651 1515
6190 4257 1516
7437 1741 1517
6278 6546 1518
8661 7297 1519
2392 521 1520
7720 5305 1521
7998 3998 1522
2339 8011 1523
1832 6133 1524
8037 7331 1525
967 7013 1526
5115 7744 1527
8362 2254 1528
4153 1948 1529
2721 2082 1530
4857 5258 1531
6175 5312 1532
1900 4945 1533
2379 1708 1534
217 3178 1535
8428 2307 1536
3333 6024 1537
3705 7727 1538
3681 3301 1539
5210 7855 1540
2150 6308 1541
3829 8078 1542
4404 6650 1543
2116 5628 1544
3061 3812 1545
5289 4577 1546
2808 5418 1547
2608 6094 1548
1036 1578 1549
1764 7538 1550
2050 4664 1551
5265 6132 1552
6441 1779 1553
6679 7603 1554
2857 3440 1555
5135 3859 1556
6282 2251 1557
5516 8612 1558
1605 6722 1559
4580 2302 1560
6256 6912 1561
1227 7222 1562
7558 2866 1563
1688 5600 1564
969 7213 1565
2857 3424 1566
1410 1055 1567
6507 1015 1568
2432 423 1569
405 6696 1570
8683 199 1571
765 3709 1572
3597 4576 1573
6423 5199 1574
1347 4258 1575
7706 3862 1576
8622 8070 1577
4368 4321 1578
5922 7509 1579
2672 6567 1580
1998 222 1581
878 7586 1582
8746 7803 1583
7839 5821 1584
8364 2266 1585
8054 8585 1586
8234 68 1587
2605 7400 1588
7954 3069 1589
6173 3500 1590
5439 4014 1591
6198 7077 1592
7812 3133 1593
1894 8299 1594
5466 6762 1595
3728 8741 1596
708 7568 1597
8342 2422 1598
6309 420 1599
8105 3048 1600
2086 1060 1601
7591 6817 1602
2278 2410 1603
7483 4844 1604
5929 5377 1605
6541 85 1606
5103 2448 1607
1914 427 1608
5759 5475 1609
5363 7384 1610
1188 5983 1611
1476 3638 1612
7832 6559 1613
2744 1448 1614
2645 4066 1615
2582 7878 1616
1329 3280 1617
5240 8339 1618
8571 3557 1619
2379 6530 1620
8459 4054 1621
1934 7433 1622
4565 3932 1623
3166 1966 1624
5712 6725 1625
6433 7868 1626
3217 7456 1627
6765 2608 1628
6670 390 1629
4704 6245 1630
7963 1022 1631
379 7611 1632
8564 4383 1633
249 273 1634
4639 1862 1635
1001 4565 1636
7905 1277 1637
3231 1683 1638
2224 6146 1639
1162 2928 1640
1975 5991 1641
5410 1119 1642
4993 5802 1643
4494 6379 1644
6026 8864 1645
3493 8268 1646
3657 3068 1647
2668 7235 1648
5042 2450 1649
3486 5871 1650
1148 3213 1651
482 6317 1652
2451 8408 1653
5213 2456 1654
4141 8759 1655
5697 7247 1656
5878 7678 1657
1054 4802 1658
4840 2570 1659
543 8647 1660
3575 5759 1661
948 1583 1662
1376 648 1663
1871 2644 1664
867 2545 1665
7720 2231 1666
6475 6985 1667
680 2192 1668
6807 7824 1669
3768 7226 1670
5609 5552 1671
1854 3959 1672
7556 2417 1673
7919 3635 1674
6749 5800 1675
2392 1167 1676
6654 3708 1677
8801 5247 1678
8621 2129 1679
6027 2856 1680
8418 701 1681
57 8399 1682
197 8580 1683
6618 3433 1684
1083 6460 1685
2588 4027 1686
7951 3054 1687
2970 6001 1688
688 5805 1689
2050 4731 1690
1747 5402 1691
2028 1909 1692
7095 2745 1693
4927 2712 1694
4646 7192 1695
5611 1004 1696
6717 2676 1697
1060 4868 1698
2355 5320 1699
3353 3464 1700
8447 7385 1701
2476 5454 1702
5712 2544 1703
563 898 1704
3704 5958 1705
8841 1018 1706
1604 8024 1707
37 857 1708
2975 698 1709
2890 4947 1710
372 668 1711
5481 2519 1712
4535 4059 1713
8002 5576 1714
6933 7181 1715
5532 53 1716
8487 3617 1717
3804 8427 1718
2406 3121 1719
8807 8069 1720
1267 3019 1721
7232 7255 1722
8307 1627 1723
83 3742 1724
1467 1254 1725
3154 8380 1726
3593 682 1727
5678 4406 1728
3830 750 1729
5364 7881 1730
7955 6429 1731
8425 1345 1732
5290 3983 1733
7546 4973 1734
4954 6519 1735
5004 798 1736
1585 7963 1737
7915 2175 1738
6910 6181 1739
6906 4615 1740
704 553 1741
594 4645 1742
761 7826 1743
8744 3972 1744
2948 1284 1745
5791 6954 1746
73 83 1747
7633 2916 1748
5585 4163 1749
6568 230 1750
3314 6866 1751
4353 4410 1752
3324 6933 1753
7458 3754 1754
8312 3058 1755
2897 7903 1756
8310 3025 1757
4596 7113 1758
3110 4189 1759
2733 459 1760
7801 208 1761
4839 268 1762
6295 8633 1763
8312 8764 1764
8771 4322 1765
3113 5853 1766
6034 2073 1767
796 1558 1768
5971 2185 1769
8250 6774 1770
7745 2239 1771
4531 1366 1772
8112 4313 1773
3201 5567 1774
6172 5157 1775
283 3630 1776
8167 4921 1777
6278 6361 1778
6833 2710 1779
6354 5343 1780
8620 1799 1781
1282 5692 1782
1831 7442 1783
8019 292 1784
3069 2620 1785
871 324 1786
3863 5133 1787
366 6890 1788
6237 1266 1789
4593 5880 1790
589 5706 1791
1049 6631 1792
8037 6555 1793
2720 100 1794
6311 4702 1795
1449 5940 1796
475 2663 1797
2808 5934 1798
1710 5725 1799
7090 1581 1800
5520 4545 1801
4074 2773 1802
6683 8080 1803
4637 5423 1804
4101 5666 1805
3296 871 1806
2628 2356 1807
7380 3913 1808
7975 7748 1809
7620 180 1810
4126 7507 1811
2465 1906 1812
3764 1991 1813
6194 7007 1814
7010 2783 1815
6637 2956 1816
8727 2486 1817
3890 4537 1818
8888 4688 1819
2457 1144 1820
1259 2610 1821
5845 8488 1822
1897 1239 1823
6965 3875 1824
4954 4763 1825
5444 1349 1826
4538 3646 1827
3114 4547 1828
1972 3441 1829
6297 6343 1830
5765 2293 1831
2993 3090 1832
3283 3537 1833
6547 3353 1834
610 218 1835
8199 446 1836
7731 2796 1837
6641 4481 1838
2825 1145 1839
6845 3647 1840
20 688 1841
3027 1126 1842
8414 1699 1843
3557 2628 1844
3587 2282 1845
4738 7355 1846
8195 5389 1847
6111 2353 1848
1114 503 1849
1350 6633 1850
6173 2408 1851
8702 964 1852
4243 8733 1853
1684 7750 1854
2730 8883 1855
2818 7459 1856
6776 8805 1857
796 8622 1858
4970 6726 1859
6333 2112 1860
357 4115 1861
640 5358 1862
4595 7617 1863
2925 689 1864
432 5938 1865
2945 3685 1866
7321 4456 1867
2429 905 1868
1079 2560 1869
1668 4173 1870
6054 5651 1871
8029 2123 1872
7175 2955 1873
5804 8485 1874
5687 539 1875
7620 6126 1876
3527 3942 1877
5426 2664 1878
4665 8527 1879
5623 6744 1880
435 765 1881
1446 3669 1882
4652 8898 1883
8594 5570 1884
4347 6783 1885
5744 4086 1886
8183 2469 1887
6596 1719 1888
197 8614 1889
292 725 1890
8648 7662 1891
4997 5082 1892
7338 7864 1893
5253 1622 1894
8423 7449 1895
2224 4057 1896
997 1052 1897
8425 2409 1898
6976 5078 1899
405 6907 1900
3019 4376 1901
2570 6758 1902
935 6514 1903
2344 2630 1904
77 6873 1905
8169 3132 1906
342 4505 1907
29 6225 1908
2753 6772 1909
5200 8222 1910
793 2569 1911
3682 7676 1912
723 3448 1913
6015 6972 1914
3111 113 1915
5814 1059 1916
3077 5568 1917
2730 4171 1918
4669 1582 1919
1963 8287 1920
8718 3331 1921
1410 5106 1922
599 692 1923
5015 7973 1924
1746 2018 1925
1032 999 1926
1572 6681 1927
1532 1567 1928
303 6970 1929
8683 6219 1930
286 8215 1931
1036 5463 1932
1448 5645 1933
3918 1465 1934
4389 4291 1935
4413 3452 1936
201 7416 1937
8130 8178 1938
6771 3357 1939
4876 6453 1940
1681 6881 1941
6209 8360 1942
6130 7853 1943
911 5245 1944
4913 1602 1945
7666 8165 1946
6573 6243 1947
4778 971 1948
3890 3211 1949
1963 7423 1950
2920 8893 1951
2099 2509 1952
4805 2650 1953
7164 1580 1954
7942 6336 1955
4727 4426 1956
1258 6687 1957
4448 7564 1958
7584 5163 1959
6446 5964 1960
8495 8158 1961
1260 7801 1962
2887 8051 1963
5090 5763 1964
3127 275 1965
2547 1923 1966
5676 3352 1967
7811 1375 1968
6433 1658 1969
221 2030 1970
3062 7666 1971
1932 1941 1972
2712 1766 1973
7561 6322 1974
1800 7021 1975
7541 2047 1976
4502 6350 1977
5235 4853 1978
2418 7243 1979
8748 7867 1980
4077 5029 1981
6048 8492 1982
1316 3449 1983
24 4886 1984
4554 3906 1985
5156 6088 1986
7739 7702 1987
5441 7752 1988
2753 3329 1989
341 3419 1990
1467 1636 1991
7059 6294 1992
6884 3550 1993
6754 6324 1994
321 4367 1995
6247 2805 1996
8746 2668 1997
144 7329 1998
8446 2782 1999
4473 8370 2000
4936 4448 2001
1561 2359 2002
4411 2174 2003
1051 1202 2004
947 4980 2005
5644 2600 2006
6765 3286 2007
4563 6391 2008
7915 2804 2009
4257 8269 2010
8102 304 2011
5571 5421 2012
6662 6886 2013
3680 717 2014
6088 5775 2015
7072 4644 2016
329 2585 2017
7377 1378 2018
1430 6357 2019
3488 6761 2020
2468 115 2021
4854 7579 2022
5492 443 2023
6768 7574 2024
3055 2005 2025
7874 1532 2026
6111 5073 2027
1589 7597 2028
6555 1182 2029
3358 474 2030
1137 8046 2031
3730 1898 2032
4575 7655 2033
1836 4588 2034
2898 3826 2035
8275 4516 2036
88 6064 2037
247 3827 2038
1531 2214 2039
8065 468 2040
5293 1205 2041
1309 6019 2042
2138 3035 2043
2618 5325 2044
6189 3316 2045
6203 2734 2046
757 3858 2047
91 4854 2048
4189 7133 2049
8592 3699 2050
15 5457 2051
6984 3531 2052
5617 1951 2053
3252 263 2054
5358 8189 2055
1831 4923 2056
6691 7194 2057
7398 2551 2058
4683 6938 2059
2416 5403 2060
876 2792 2061
2243 1807 2062
11 2872 2063
5833 7441 2064
790 1643 2065
2893 1093 2066
6977 1501 2067
850 7059 2068
4329 1031 2069
7987 8631 2070
6335 7704 2071
3682 7895 2072
5418 7989 2073
6357 5114 2074
2519 5487 2075
7307 8300 2076
2059 283 2077
1759 3890 2078
4300 4167 2079
8765 5640 2080
3762 5348 2081
7517 1230 2082
8594 3200 2083
2638 7621 2084
6681 4682 2085
8831 4882 2086
2220 4514 2087
7541 418 2088
1977 3294 2089
6424 730 2090
4035 2931 2091
5801 1947 2092
1132 6034 2093
1631 1510 2094
3640 3679 2095
8845 7309 2096
3980 7085 2097
1692 2556 2098
1676 2440 2099
2677 641 2100
4366 4345 2101
3854 1220 2102
5949 125 2103
8042 2967 2104
8212 6136 2105
3077 3841 2106
6860 8859 2107
4772 8387 2108
6857 7417 2109
756 106 2110
5640 4364 2111
7696 6115 2112
6776 6441 2113
3019 7902 2114
210 5556 2115
4274 1100 2116
2406 6074 2117
2803 1855 2118
8542 3902 2119
8637 909 2120
432 569 2121
6295 5465 2122
6172 6159 2123
3928 7608 2124
6161 697 2125
6161 4265 2126
5520 159 2127
6141 2728 2128
4264 6959 2129
5862 7966 2130
5388 6217 2131
6926 3112 2132
1991 8187 2133
5288 80 2134
4571 8579 2135
4087 3805 2136
3362 6321 2137
390 4978 2138
2197 6791 2139
5403 2097 2140
7060 8205 2141
5386 1043 2142
4380 5438 2143
8140 3795 2144
3806 4153 2145
864 3381 2146
4672 5779 2147
7910 5946 2148
8346 7066 2149
2784 4518 2150
8179 4434 2151
265 1428 2152
1030 393 2153
4316 1552 2154
8673 6495 2155
2721 8522 2156
6973 7707 2157
3640 7945 2158
7916 2769 2159
7073 1560 2160
2288 5259 2161
1763 8525 2162
5519 1165 2163
7440 3955 2164
5143 6748 2165
2494 7638 2166
8811 2318 2167
7365 712 2168
2521 3844 2169
2656 5441 2170
730 49 2171
7436 8276 2172
5681 7070 2173
3854 2212 2174
3545 6709 2175
4552 1983 2176
8072 2054 2177
3642 331 2178
4971 5399 2179
8619 2315 2180
2407 3593 2181
4989 5131 2182
5291 32 2183
1631 4842 2184
3036 5467 2185
3451 5777 2186
798 2478 2187
860 6442 2188
5255 2066 2189
6843 561 2190
5949 3319 2191
5433 4159 2192
8557 170 2193
7326 2715 2194
3148 2905 2195
6784 7681 2196
3329 993 2197
5102 4667 2198
2354 1090 2199
1053 61 2200
2429 6720 2201
4624 3713 2202
4057 8184 2203
7518 6233 2204
5739 5886 2205
5705 3193 2206
1800 6046 2207
7639 6583 2208
3382 4273 2209
1400 2188 2210
6648 368 2211
5524 1782 2212
6794 7136 2213
2222 8638 2214
2852 4638 2215
2823 5112 2216
1953 921 2217
1111 5524 2218
4956 8290 2219
3845 1392 2220
2116 5341 2221
2292 1104 2222
1868 3620 2223
3872 7673 2224
5517 6665 2225
786 4161 2226
4972 4332 2227
563 269 2228
2753 6568 2229
8483 5540 2230
586 3992 2231
4783 1483 2232
3883 8866 2233
1410 8082 2234
450 2338 2235
1843 2357 2236
1215 618 2237
3271 157 2238
341 2072 2239
793 7292 2240
2884 8596 2241
7279 6381 2242
411 7064 2243
2504 8127 2244
5092 603 2245
4614 3126 2246
1716 2376 2247
7303 1054 2248
6601 4687 2249
3425 4685 2250
5786 1988 2251
1281 3259 2252
7071 8486 2253
1919 6484 2254
5753 3184 2255
5479 3596 2256
7713 775 2257
3706 7742 2258
6584 5503 2259
413 4342 2260
287 2444 2261
2673 7285 2262
7905 903 2263
6839 6023 2264
3041 4453 2265
194 8726 2266
49 2575 2267
2440 8713 2268
3296 4319 2269
7134 5967 2270
4873 3008 2271
3437 8393 2272
8363 6659 2273
2675 2312 2274
3250 5843 2275
290 8055 2276
8284 4403 2277
7879 4734 2278
2126 2077 2279
1284 1495 2280
5511 8875 2281
7567 6747 2282
8598 7304 2283
7905 2391 2284
2242 196 2285
7296 4586 2286
1435 8735 2287
5359 2535 2288
440 412 2289
5288 6349 2290
4645 7983 2291
484 7234 2292
1071 4643 2293
7745 7614 2294
2691 4107 2295
377 881 2296
188 3258 2297
8238 7686 2298
4799 4649 2299
1386 8641 2300
826 584 2301
4468 6318 2302
4673 738 2303
2422 7468 2304
4759 1503 2305
3790 6930 2306
4937 6723 2307
84 8870 2308
4248 2736 2309
7067 6988 2310
4193 3577 2311
3096 3274 2312
1285 2327 2313
3769 4970 2314
657 3980 2315
4839 1162 2316
537 4360 2317
6451 859 2318
1828 573 2319
5953 6488 2320
5609 3015 2321
4162 796 2322
3511 751 2323
1532 4427 2324
223 7470 2325
3366 2788 2326
2714 7523 2327
5546 3071 2328
1889 4231 2329
5917 7114 2330
5990 4610 2331
1989 812 2332
4141 5789 2333
2192 3323 2334
1329 8879 2335
7131 5448 2336
546 8245 2337
7660 3778 2338
1311 7842 2339
7903 3625 2340
7385 6630 2341
7528 6057 2342
7544 2051 2343
5948 188 2344
6261 6485 2345
6365 3499 2346
2298 4652 2347
8846 6081 2348
6299 1034 2349
6634 4021 2350
4319 7823 2351
8397 3173 2352
2833 4249 2353
3104 138 2354
2521 8012 2355
3942 8179 2356
3488 7829 2357
3587 22 2358
8664 7053 2359
2828 8141 2360
5712 7123 2361
8240 6618 2362
4141 5858 2363
3981 6818 2364
3383 5314 2365
6535 891 2366
5850 2115 2367
5172 8626 2368
1111 8424 2369
8718 7792 2370
8746 1821 2371
3019 4411 2372
7341 2794 2373
2588 2713 2374
7529 5888 2375
4630 7590 2376
4939 847 2377
3062 4958 2378
8101 4915 2379
7714 8801 2380
1398 4271 2381
7773 6062 2382
5106 8212 2383
7639 3446 2384
6319 3476 2385
5828 6736 2386
2070 3695 2387
6936 2882 2388
6338 3179 2389
1108 8018 2390
290 2085 2391
4990 8756 2392
6680 4214 2393
4940 3463 2394
1379 7187 2395
8423 3346 2396
1881 1470 2397
2361 4462 2398
1070 8397 2399
5223 6594 2400
1126 8298 2401
3148 2764 2402
905 4700 2403
3123 2859 2404
1789 3681 2405
4127 2273 2406
2803 2827 2407
6075 3595 2408
5153 6416 2409
5604 8683 2410
5235 114 2411
3675 485 2412
5284 6966 2413
4701 5936 2414
330 37 2415
6667 5506 2416
5619 3128 2417
8413 6238 2418
2106 285 2419
1144 4949 2420
809 708 2421
3875 3738 2422
1631 4146 2423
2753 4465 2424
6406 305 2425
3891 6033 2426
3019 1141 2427
7605 2731 2428
2028 4975 2429
7587 5274 2430
6354 7911 2431
5712 4433 2432
1950 3405 2433
5942 8371 2434
7978 522 2435
8234 107 2436
3176 8123 2437
5631 1290 2438
4050 6297 2439
5259 3897 2440
233 3697 2441
2478 7208 2442
1127 8411 2443
8663 3688 2444
1116 7098 2445
1749 3518 2446
3816 7972 2447
1025 5466 2448
6317 5071 2449
6859 2392 2450
1835 7191 2451
4169 6108 2452
8020 2911 2453
2975 2553 2454
4457 7721 2455
8651 592 2456
8720 3114 2457
1144 6123 2458
5539 478 2459
1981 8233 2460
2437 3811 2461
3814 6374 2462
6280 980 2463
3576 1421 2464
7202 6395 2465
4513 384 2466
269 1806 2467
7620 2920 2468
8364 7026 2469
4882 8241 2470
8861 2637 2471
4637 3555 2472
4384 1808 2473
6538 6523 2474
6392 833 2475
4624 6203 2476
6233 2313 2477
5909 934 2478
3318 5716 2479
3795 8246 2480
137 5550 2481
3593 1107 2482
3770 6637 2483
5436 1998 2484
3799 5042 2485
8252 675 2486
6206 7078 2487
5439 8021 2488
5334 8231 2489
3704 2090 2490
392 2627 2491
7587 6776 2492
5036 2793 2493
2258 2136 2494
5014 3487 2495
3563 8081 2496
8040 3963 2497
4961 5333 2498
7765 3914 2499
6549 4134 2500
5154 1159 2501
3980 8758 2502
8572 6400 2503
4550 8199 2504
4213 687 2505
8654 7362 2506
1154 7540 2507
2337 1584 2508
7531 5527 2509
1311 3693 2510
4146 2589 2511
5144 3415 2512
5783 86 2513
1008 8077 2514
1667 5522 2515
7037 3832 2516
5771 6644 2517
5200 8892 2518
4282 8782 2519
1640 4301 2520
1310 7081 2521
6772 3870 2522
5771 3714 2523
5866 8191 2524
6782 4829 2525
6957 4443 2526
1707 492 2527
8445 1629 2528
6148 6697 2529
7420 7408 2530
7368 6025 2531
596 1092 2532
8323 8900 2533
8252 3883 2534
7480 5110 2535
3228 7567 2536
3976 4498 2537
3474 8777 2538
7592 734 2539
2870 3727 2540
1340 8098 2541
1145 3070 2542
1899 8374 2543
8809 7399 2544
2847 6130 2545
5189 2549 2546
1000 1702 2547
3311 2727 2548
8476 1649 2549
2143 8707 2550
3583 2971 2551
5465 2099 2552
2380 3171 2553
7448 7791 2554
5628 2768 2555
2887 8699 2556
4204 741 2557
3366 1292 2558
8293 2999 2559
3931 7387 2560
1677 1711 2561
7376 3597 2562
5815 2697 2563
4977 5887 2564
6215 7642 2565
4554 3782 2566
7725 8368 2567
2094 5579 2568
8346 8740 2569
7936 5954 2570
7649 1511 2571
7335 3716 2572
5386 3947 2573
1270 5713 2574
7331 8556 2575
1054 6654 2576
4185 2352 2577
1608 1438 2578
839 3574 2579
1144 5470 2580
2106 2800 2581
4468 5052 2582
6939 6340 2583
5104 2948 2584
118 5516 2585
7234 7884 2586
4313 5224 2587
1302 3140 2588
8686 2564 2589
3868 3907 2590
3172 5428 2591
1859 4371 2592
278 6765 2593
906 7435 2594
1001 8170 2595
7149 5354 2596
6315 184 2597
4538 1401 2598
4132 5512 2599
1100 7879 2600
8777 5943 2601
5427 6923 2602
6179 1599 2603
5126 8619 2604
4815 3110 2605
3456 192 2606
8249 3615 2607
7479 8419 2608
7334 642 2609
2454 7522 2610
8531 1609 2611
2983 1865 2612
6794 2812 2613
3828 560 2614
1854 1317 2615
6504 6825 2616
6215 8045 2617
7055 3541 2618
4668 7283 2619
3397 602 2620
2691 4207 2621
5902 400 2622
3560 8722 2623
6461 433 2624
2949 623 2625
4353 4766 2626
4789 2268 2627
427 7997 2628
7234 1732 2629
6673 7835 2630
1851 5476 2631
7421 7924 2632
1858 2154 2633
4990 1142 2634
1752 4809 2635
1384 1809 2636
6727 3649 2637
6996 4033 2638
6585 8599 2639
4933 1835 2640
1437 1913 2641
3796 7345 2642
575 3602 2643
7458 2459 2644
7380 3254 2645
6798 4127 2646
6533 3809 2647
7879 985 2648
5688 5342 2649
187 4733 2650
4792 3224 2651
8424 7248 2652
1311 8392 2653
2774 1029 2654
3514 5798 2655
6194 1171 2656
7646 5237 2657
5792 2118 2658
5712 386 2659
2331 3412 2660
6934 21 2661
6007 839 2662
8002 840 2663
5301 4553 2664
4959 885 2665
2586 8507 2666
7998 5543 2667
3505 6086 2668
2833 2815 2669
1440 8649 2670
5318 223 2671
4213 1930 2672
7383 5982 2673
3271 2061 2674
6917 2947 2675
8101 7460 2676
4258 4862 2677
3263 2430 2678
8328 4154 2679
4491 4569 2680
1140 6292 2681
612 7022 2682
4212 2940 2683
6683 7656 2684
1968 8359 2685
2789 8263 2686
3799 8273 2687
7374 2183 2688
2473 7182 2689
1627 3551 2690
7095 532 2691
7541 4530 2692
5714 1388 2693
5162 4883 2694
4163 1537 2695
5287 2011 2696
7524 8550 2697
4534 6377 2698
8500 8369 2699
4779 2909 2700
8326 1688 2701
1243 3784 2702
2326 469 2703
2111 4215 2704
6380 8254 2705
5296 7961 2706
145 4805 2707
7422 1675 2708
6227 2883 2709
2086 2470 2710
8688 3208 2711
2342 6332 2712
6241 2002 2713
6835 64 2714
5933 8760 2715
8523 5942 2716
5341 5328 2717
8879 2321 2718
5575 8589 2719
3510 7793 2720
7803 5445 2721
6496 4076 2722
6480 5523 2723
8870 8790 2724
5418 357 2725
6105 173 2726
3898 4856 2727
1730 5059 2728
5460 5129 2729
5490 506 2730
7994 990 2731
1416 1298 2732
2495 4510 2733
2985 1386 2734
2084 3108 2735
3296 4743 2736
8814 6323 2737
8338 5894 2738
2709 2489 2739
4014 2674 2740
4603 3475 2741
2990 4877 2742
8203 4034 2743
610 8496 2744
3450 6868 2745
6255 504 2746
8066 1713 2747
3099 6595 2748
7082 7058 2749
7519 5820 2750
7688 5410 2751
4923 1143 2752
5444 774 2753
1963 8185 2754
4468 7364 2755
3116 870 2756
7203 8194 2757
5687 7838 2758
2962 4478 2759
174 4024 2760
663 7080 2761
3512 2518 2762
4132 1700 2763
5438 6143 2764
8524 788 2765
605 5180 2766
5721 4503 2767
8515 8052 2768
6953 1464 2769
9 62 2770
1089 4399 2771
4875 3752 2772
6226 327 2773
8213 5709 2774
7588 4229 2775
4815 455 2776
7431 1605 2777
4428 737 2778
3932 4810 2779
1516 6372 2780
95 8808 2781
3216 1442 2782
1286 2375 2783
8130 1773 2784
2950 4864 2785
6485 4373 2786
6270 5606 2787
191 40 2788
4307 2042 2789
5437 77 2790
4146 2396 2791
1934 2464 2792
7156 2084 2793
4081 3087 2794
4178 3589 2795
6653 7265 2796
997 2678 2797
49 2433 2798
1507 4711 2799
2282 4305 2800
2128 6821 2801
4074 2862 2802
1311 8571 2803
5644 5693 2804
4854 3248 2805
4899 6940 2806
1877 1940 2807
8301 2442 2808
6556 6615 2809
4875 3315 2810
6001 3760 2811
3018 8644 2812
3227 6264 2813
5839 2861 2814
862 8062 2815
584 4294 2816
2385 4053 2817
8292 728 2818
4218 1777 2819
8618 6127 2820
2262 4813 2821
6475 3846 2822
6030 2995 2823
3349 6141 2824
2618 3420 2825
2269 7775 2826
719 5124 2827
7388 8608 2828
6282 8347 2829
1901 2227 2830
8301 5007 2831
8240 7060 2832
8301 8454 2833
2921 3876 2834
3154 836 2835
6725 3233 2836
8076 367 2837
1162 7532 2838
6885 1204 2839
6671 6226 2840
502 2373 2841
2486 8126 2842
1629 4181 2843
5090 3774 2844
3644 341 2845
5064 6177 2846
95 1255 2847
2155 5226 2848
8382 3066 2849
6060 55 2850
2710 1804 2851
1716 7134 2852
2058 1352 2853
7611 2533 2854
6161 6711 2855
3049 4938 2856
4621 152 2857
2648 6610 2858
6846 7644 2859
4299 8880 2860
8720 5244 2861
51 2848 2862
6732 7846 2863
5132 6898 2864
89 28 2865
8057 4374 2866
5461 1529 2867
5265 128 2868
2726 2702 2869
4588 3667 2870
675 1339 2871
3201 4840 2872
4799 7659 2873
2471 5083 2874
8708 5149 2875
4454 8000 2876
8046 1871 2877
8525 8329 2878
5515 8398 2879
8507 5621 2880
4280 1616 2881
6967 7832 2882
1741 8504 2883
6339 4394 2884
2085 480 2885
3203 2291 2886
5447 7342 2887
7172 1009 2888
1653 5726 2889
1965 2389 2890
2437 7360 2891
6609 3168 2892
5944 7697 2893
3264 7185 2894
1138 6211 2895
290 8606 2896
862 3526 2897
1601 2416 2898
5426 6553 2899
3937 2546 2900
1899 8642 2901
730 1253 2902
1831 6183 2903
819 4098 2904
6118 1443 2905
2471 4369 2906
6537 6422 2907
8587 1197 2908
5510 5591 2909
5369 8092 2910
5829 3691 2911
8312 2976 2912
2500 2012 2913
804 5177 2914
1140 1367 2915
3712 4592 2916
5434 7002 2917
1454 1106 2918
2808 1697 2919
5913 4390 2920
1681 8344 2921
4788 7431 2922
6317 3038 2923
8203 7754 2924
1410 5318 2925
5132 4745 2926
4468 319 2927
2577 7839 2928
2014 1949 2929
4570 2394 2930
546 869 2931
5117 4298 2932
4130 2593 2933
432 5687 2934
3347 3313 2935
3498 7491 2936
550 4600 2937
5538 2158 2938
1727 6816 2939
1315 7519 2940
5384 7148 2941
3916 7716 2942
7131 3884 2943
210 6408 2944
4586 7448 2945
6858 6012 2946
8056 3138 2947
5828 8711 2948
4880 5912 2949
3166 1047 2950
8651 3359 2951
2588 6172 2952
994 2064 2953
3389 1169 2954
8414 5220 2955
6007 5499 2956
6931 1420 2957
8801 3726 2958
4599 3093 2959
5126 7949 2960
3166 7570 2961
3768 3587 2962
2356 2171 2963
1313 5098 2964
2721 3256 2965
1202 2207 2966
1600 5385 2967
1985 1229 2968
3349 6993 2969
437 5639 2970
2983 8613 2971
2423 3948 2972
6095 5764 2973
7519 773 2974
6670 5016 2975
97 4302 2976
4799 6015 2977
5437 31 2978
8197 6347 2979
6085 3311 2980
2377 4010 2981
4230 7717 2982
8183 3960 2983
5158 8569 2984
2472 841 2985
331 5311 2986
850 6242 2987
6556 6896 2988
3092 4188 2989
210 4590 2990
7376 3949 2991
1100 3736 2992
7170 1770 2993
1548 2286 2994
6834 1846 2995
5296 3677 2996
3653 7664 2997
3807 5981 2998
6727 6307 2999
3255 4549 3000
7546 7852 3001
6082 3940 3002
129 1938 3003
6858 7091 3004
8256 3572 3005
1290 2181 3006
6651 439 3007
5579 3377 3008
1146 2458 3009
8873 6865 3010
3314 8395 3011
4842 8671 3012
1928 1687 3013
6917 2423 3014
3188 6602 3015
300 7990 3016
5666 5972 3017
4062 310 3018
619 8618 3019
1080 3508 3020
4931 805 3021
3485 7079 3022
7220 4790 3023
4961 6646 3024
6984 653 3025
3458 1246 3026
2536 2750 3027
37 1973 3028
1351 4193 3029
8437 639 3030
1346 6125 3031
5085 3489 3032
1815 3607 3033
6158 5846 3034
6749 3148 3035
6310 4598 3036
3289 705 3037
5212 1178 3038
4013 4770 3039
4834 3468 3040
2845 8570 3041
6810 4781 3042
7369 2425 3043
7451 7236 3044
7933 8766 3045
7172 1175 3046
3631 6628 3047
3515 6111 3048
8148 52 3049
8195 3923 3050
3443 3428 3051
6933 4848 3052
7337 3619 3053
1092 5189 3054
378 7588 3055
8070 7782 3056
211 5573 3057
5410 5429 3058
840 6589 3059
256 1293 3060
8553 973 3061
4146 6266 3062
6467 1362 3063
249 2586 3064
2583 4554 3065
5030 60 3066
545 4326 3067
3715 161 3068
2718 3426 3069
7559 3317 3070
4616 6876 3071
7046 8712 3072
4401 4648 3073
2162 5304 3074
5859 1593 3075
7310 6014 3076
2384 6319 3077
2232 4789 3078
1275 90 3079
8423 5087 3080
8671 512 3081
5868 649 3082
8109 2397 3083
6116 47 3084
5944 1780 3085
2686 4675 3086
172 8122 3087
3370 5477 3088
2131 5014 3089
8424 483 3090
8521 2317 3091
8618 4286 3092
4606 8654 3093
1167 4256 3094
474 2860 3095
535 2367 3096
5784 2649 3097
478 3769 3098
5859 6836 3099
2946 2966 3100
2956 2858 3101
2326 1440 3102
1527 6864 3103
6171 920 3104
8572 5841 3105
6535 6953 3106
4829 6189 3107
4426 7138 3108
1227 498 3109
1365 399 3110
8625 695 3111
3785 4458 3112
1619 6227 3113
3026 6335 3114
2847 2460 3115
2508 6629 3116
380 4278 3117
3772 6964 3118
1641 2166 3119
2309 5329 3120
7927 4985 3121
4252 7221 3122
798 2270 3123
6790 2301 3124
2564 4993 3125
6088 2568 3126
3510 3119 3127
4697 5760 3128
1759 5079 3129
6501 2632 3130
5740 346 3131
4306 3718 3132
7670 2360 3133
6741 111 3134
4476 1650 3135
1772 2104 3136
2090 525 3137
6363 6893 3138
3806 4094 3139
7822 2206 3140
2191 7559 3141
798 764 3142
5364 5644 3143
3051 1305 3144
9 1797 3145
2038 4253 3146
4688 1587 3147
2488 6093 3148
8392 8337 3149
4875 5682 3150
7715 6669 3151
4588 1001 3152
3536 207 3153
3730 6475 3154
7015 6443 3155
4996 7372 3156
6690 2043 3157
6900 2492 3158
7008 2080 3159
1134 5597 3160
4623 2616 3161
1473 8238 3162
6600 6218 3163
7705 6315 3164
6875 4979 3165
4901 4213 3166
3712 555 3167
1903 4133 3168
3907 5236 3169
4834 3903 3170
3706 6682 3171
1148 7437 3172
8584 1739 3173
3299 7698 3174
3180 6091 3175
3259 1994 3176
7979 4559 3177
4296 3007 3178
247 5040 3179
2563 5209 3180
864 6934 3181
5102 1718 3182
3279 2401 3183
4674 1450 3184
8456 3131 3185
4066 8208 3186
7451 5862 3187
8293 6678 3188
3149 8192 3189
4517 5084 3190
4593 7730 3191
1996 8074 3192
2435 5121 3193
1521 4476 3194
5225 1716 3195
6150 1995 3196
5024 8293 3197
1386 3690 3198
1332 6009 3199
3156 7629 3200
2469 5677 3201
719 8804 3202
7896 5661 3203
2504 2203 3204
8151 3724 3205
1099 1234 3206
8015 8190 3207
8035 105 3208
5692 3364 3209
8687 1245 3210
6864 6157 3211
5757 8207 3212
3494 8889 3213
1212 2256 3214
5085 7548 3215
6933 8792 3216
2800 8389 3217
8669 3190 3218
6437 4497 3219
7927 7985 3220
653 4123 3221
82 5648 3222
6762 99 3223
4681 8354 3224
8301 221 3225
1092 8751 3226
3008 240 3227
7901 1425 3228
4873 7886 3229
8109 579 3230
1815 6095 3231
3821 6960 3232
7608 344 3233
3406 7483 3234
7905 745 3235
2456 4096 3236
3720 2514 3237
3979 4964 3238
2013 2621 3239
7403 3874 3240
2441 7413 3241
4634 5284 3242
2086 7130 3243
4217 4061 3244
1270 4247 3245
5241 4454 3246
3158 1757 3247
8829 245 3248
4573 4519 3249
4146 4582 3250
3910 57 3251
1803 5662 3252
3643 1457 3253
8518 7892 3254
3937 787 3255
5466 3308 3256
1584 5451 3257
8353 4905 3258
2483 75 3259
7273 1656 3260
2830 2863 3261
7438 8686 3262
3560 6275 3263
1036 4079 3264
6189 116 3265
8276 4930 3266
3200 4705 3267
3532 6918 3268
8026 5711 3269
3182 4327 3270
8195 530 3271
704 2719 3272
5359 8034 3273
5906 8043 3274
8269 3078 3275
2915 2475 3276
8777 3671 3277
8637 7917 3278
1719 4806 3279
1782 5624 3280
7828 7774 3281
4117 2257 3282
6172 6577 3283
4307 6580 3284
8206 5391 3285
348 7965 3286
2828 3266 3287
6707 4026 3288
8104 6603 3289
5851 7720 3290
5852 7008 3291
2628 919 3292
4739 4828 3293
7950 5554 3294
7454 2402 3295
5004 7279 3296
1432 6605 3297
2202 4008 3298
4875 118 3299
1076 2952 3300
6576 826 3301
7595 320 3302
8446 7550 3303
465 2303 3304
447 8087 3305
1666 39 3306
7561 1148 3307
8391 7671 3308
2272 7348 3309
804 1538 3310
7954 6815 3311
7305 6497 3312
2592 4151 3313
4683 2354 3314
5456 6965 3315
752 2279 3316
484 1123 3317
4735 8375 3318
8781 3994 3319
2542 5033 3320
1258 6299 3321
3888 2762 3322
4278 5919 3323
1676 3155 3324
8112 7696 3325
3729 2414 3326
8222 3833 3327
2110 23 3328
7534 6753 3329
8622 8627 3330
2929 7969 3331
8683 5658 3332
2591 1534 3333
1985 7322 3334
6876 1445 3335
1156 299 3336
5241 6892 3337
1569 4803 3338
8018 2898 3339
1929 4234 3340
6043 6201 3341
6181 8159 3342
1045 5861 3343
1 1848 3344
765 3999 3345
8205 88 3346
5296 146 3347
6790 6724 3348
770 925 3349
5640 6355 3350
5377 740 3351
1284 6887 3352
5523 5688 3353
2810 4308 3354
2808 2233 3355
5072 4082 3356
1629 3990 3357
7388 5678 3358
5759 8728 3359
6278 1174 3360
2257 7406 3361
7319 6344 3362
1641 4517 3363
331 8497 3364
7816 376 3365
8240 6947 3366
668 5266 3367
981 1405 3368
6716 5961 3369
4257 7976 3370
8439 1240 3371
1672 7847 3372
6670 1730 3373
2457 7461 3374
8657 3554 3375
3261 5183 3376
2070 6137 3377
5167 102 3378
8500 337 3379
3028 5683 3380
3715 5519 3381
7862 4826 3382
4061 2093 3383
4575 7591 3384
802 1046 3385
5866 4122 3386
402 5747 3387
82 2364 3388
3873 7732 3389
6114 1989 3390
456 3856 3391
4783 6702 3392
8229 1791 3393
8260 1408 3394
8766 444 3395
6805 3115 3396
8792 7173 3397
3390 1488 3398
3299 7756 3399
6633 8111 3400
5807 3053 3401
5481 6741 3402
1206 2022 3403
6984 1890 3404
6968 1160 3405
6479 6979 3406
1018 1965 3407
2299 448 3408
2557 6749 3409
1906 902 3410
8892 763 3411
8113 3514 3412
3758 5566 3413
3361 7598 3414
1716 5898 3415
7518 8677 3416
7591 4583 3417
1743 5925 3418
187 2108 3419
3237 5810 3420
8371 3599 3421
7071 5246 3422
3951 1811 3423
2373 7198 3424
7803 3547 3425
2521 1315 3426
4124 6369 3427
4675 2841 3428
2771 2849 3429
595 7958 3430
6178 2844 3431
3346 580 3432
776 4804 3433
2714 5963 3434
638 212 3435
1049 3843 3436
940 2813 3437
7454 3815 3438
3715 5638 3439
5205 3674 3440
5272 6656 3441
2127 6426 3442
5118 1456 3443
8186 2427 3444
7931 3124 3445
7410 297 3446
5465 7565 3447
816 7052 3448
1140 1795 3449
3319 3298 3450
7419 5361 3451
964 315 3452
4729 7027 3453
3433 2681 3454
2994 33 3455
5433 389 3456
2897 4623 3457
5810 2263 3458
776 2974 3459
2472 8537 3460
2362 1131 3461
2003 7862 3462
1258 8557 3463
4371 2688 3464
1235 7132 3465
2985 3447 3466
444 2758 3467
8037 233 3468
4590 7833 3469
5707 3384 3470
7161 1227 3471
4244 7343 3472
5064 6118 3473
151 6677 3474
5402 7412 3475
7322 4421 3476
5460 1067 3477
4603 1903 3478
8680 2463 3479
1183 1102 3480
4317 3915 3481
3649 3320 3482
8012 2603 3483
8124 5533 3484
1308 1418 3485
2753 5140 3486
3099 6011 3487
4869 4436 3488
5564 354 3489
8480 2930 3490
6720 5700 3491
2851 8480 3492
6967 8558 3493
3935 5672 3494
7468 8196 3495
8295 582 3496
4552 2476 3497
2988 3556 3498
8120 5186 3499
6747 595 3500
2686 4775 3501
1184 1357 3502
6141 6272 3503
8717 6404 3504
2413 8173 3505
5565 3598 3506
8378 1585 3507
3468 4196 3508
7076 6767 3509
6340 4709 3510
2449 2951 3511
8253 502 3512
2557 2331 3513
1185 2694 3514
1138 3933 3515
3465 2580 3516
3796 4523 3517
7306 4112 3518
7902 1743 3519
2907 8226 3520
8018 8696 3521
976 7083 3522
8312 8820 3523
6309 8441 3524
8785 8217 3525
8669 3757 3526
2836 1471 3527
5984 4533 3528
2611 2933 3529
416 2038 3530
8205 5866 3531
385 6828 3532
8353 2816 3533
6816 4254 3534
2379 5739 3535
4650 5785 3536
3271 2724 3537
310 2541 3538
6561 5396 3539
1302 2003 3540
2357 4238 3541
5462 3291 3542
744 3144 3543
6190 3764 3544
6904 6180 3545
3469 7618 3546
7038 2689 3547
224 8774 3548
2119 3322 3549
2233 6927 3550
8508 5724 3551
6692 7111 3552
8214 5616 3553
510 1902 3554
4972 6162 3555
5463 4716 3556
6011 8261 3557
6778 2069 3558
1990 8152 3559
2390 5432 3560
915 7474 3561
435 1057 3562
4521 8038 3563
1143 7962 3564
1373 6560 3565
2146 5794 3566
1865 809 3567
4536 3302 3568
3852 1816 3569
5734 6038 3570
5820 5172 3571
8007 5135 3572
3515 6992 3573
4575 3379 3574
1340 6862 3575
2543 6844 3576
8240 3098 3577
5722 6746 3578
1585 7971 3579
7528 575 3580
4887 7604 3581
6080 6120 3582
4654 1869 3583
225 1555 3584
8618 472 3585
6144 4135 3586
1219 3388 3587
4274 6236 3588
5445 7874 3589
5935 7374 3590
4385 2122 3591
160 3271 3592
48 4725 3593
4932 4560 3594
5412 6666 3595
2058 4728 3596
1558 6390 3597
7113 6102 3598
29 3791 3599
2797 3505 3600
1620 8400 3601
1546 15 3602
5592 2618 3603
3894 3788 3604
7649 845 3605
6960 5381 3606
2696 2264 3607
6040 4636 3608
890 1813 3609
6839 6468 3610
392 6165 3611
8224 247 3612
3143 5966 3613
8809 2198 3614
6754 7164 3615
7635 4872 3616
2288 1671 3617
7541 1670 3618
6846 6731 3619
4694 7120 3620
5428 4997 3621
8084 7694 3622
2056 7119 3623
5126 372 3624
2905 1096 3625
3289 2596 3626
4908 5734 3627
5687 727 3628
6547 7517 3629
1099 2527 3630
2799 801 3631
1416 3755 3632
6280 3166 3633
8674 8338 3634
2991 8014 3635
1855 1623 3636
7646 2242 3637
1619 3534 3638
8523 7420 3639
2669 5117 3640
4297 5817 3641
6140 3610 3642
2339 3813 3643
1083 1600 3644
7582 8847 3645
1965 6956 3646
1965 1103 3647
604 5738 3648
1992 4640 3649
4477 8323 3650
615 2640 3651
750 1146 3652
2784 7217 3653
3962 8470 3654
4586 672 3655
922 5306 3656
6410 7464 3657
5213 6663 3658
7209 918 3659
4479 8639 3660
5586 1152 3661
6568 6398 3662
349 3997 3663
980 4438 3664
4297 6689 3665
1649 8737 3666
3631 1686 3667
3273 286 3668
6908 7677 3669
4940 548 3670
5430 4156 3671
1549 1559 3672
4827 5622 3673
5233 4337 3674
2428 5608 3675
8896 5061 3676
4756 6147 3677
4726 6459 3678
2833 8373 3679
5674 147 3680
1767 2510 3681
4695 8811 3682
4605 4738 3683
5818 3241 3684
2351 8463 3685
933 7860 3686
8720 1843 3687
7995 2447 3688
8426 1082 3689
7011 8657 3690
3245 6950 3691
3137 6345 3692
3021 1504 3693
1387 1907 3694
5178 8458 3695
7411 7760 3696
343 5192 3697
1872 2604 3698
1831 7369 3699
3618 6413 3700
6256 3618 3701
6405 7904 3702
3761 5558 3703
7293 6003 3704
6358 587 3705
5156 7480 3706
583 2938 3707
8252 1952 3708
1977 2499 3709
4146 4670 3710
5299 5407 3711
5207 5750 3712
2733 6174 3713
3148 8868 3714
1783 4174 3715
886 6505 3716
4300 3579 3717
5439 163 3718
454 6186 3719
7556 4587 3720
1167 2407 3721
7731 5159 3722
7842 6883 3723
8526 5424 3724
4227 2716 3725
1944 1617 3726
1284 733 3727
8827 6541 3728
1572 5207 3729
6946 5676 3730
4457 5050 3731
6439 6436 3732
5609 8114 3733
137 6554 3734
8618 7261 3735
4624 133 3736
2397 7149 3737
5327 581 3738
8173 2150 3739
4220 4317 3740
217 4681 3741
6942 1003 3742
2233 7214 3743
3457 1598 3744
2178 462 3745
5800 856 3746
6535 364 3747
8030 4093 3748
3247 509 3749
8144 6635 3750
4109 8139 3751
5603 3585 3752
5147 7337 3753
5614 4330 3754
5947 7330 3755
3770 2662 3756
5589 1130 3757
8253 5349 3758
4814 638 3759
3960 338 3760
2545 149 3761
5498 6070 3762
2236 1704 3763
523 4987 3764
3201 5803 3765
8571 6639 3766
2355 2680 3767
4283 3309 3768
3830 1937 3769
3053 7299 3770
7652 8384 3771
3376 101 3772
6215 6779 3773
1202 2820 3774
6771 7790 3775
7009 889 3776
4428 2121 3777
7148 992 3778
3235 1997 3779
1381 4718 3780
6395 4693 3781
2371 6178 3782
4095 6937 3783
6486 4236 3784
5791 4969 3785
8735 540 3786
3827 7578 3787
8327 8048 3788
3945 7298 3789
6251 6976 3790
8255 960 3791
2687 5420 3792
1562 3922 3793
5230 4036 3794
6845 4170 3795
6078 7987 3796
8314 5064 3797
4664 4348 3798
8035 802 3799
427 2935 3800
411 2991 3801
6532 3582 3802
6180 3850 3803
4162 8112 3804
6618 1566 3805
7270 997 3806
1369 3604 3807
1970 4513 3808
294 2284 3809
4943 5340 3810
3769 789 3811
1548 5902 3812
814 1820 3813
5842 2398 3814
4328 3400 3815
4726 6471 3816
8672 5009 3817
8765 4841 3818
5909 3775 3819
8733 1181 3820
7073 7486 3821
8254 3057 3822
8531 5115 3823
265 232 3824
4544 7526 3825
889 3648 3826
2275 2582 3827
698 141 3828
3980 1956 3829
7922 6701 3830
4950 666 3831
3537 6781 3832
4538 3644 3833
79 7244 3834
1998 458 3835
8343 4986 3836
2983 7856 3837
6642 2774 3838
3968 1342 3839
6060 2159 3840
3262 10 3841
5543 5642 3842
69 811 3843
1234 499 3844
7172 5707 3845
3482 8682 3846
380 7095 3847
8455 4759 3848
5657 1365 3849
3631 6040 3850
6822 2037 3851
4009 8700 3852
5225 2641 3853
6162 5383 3854
1274 6833 3855
8843 7870 3856
3376 7171 3857
6013 8464 3858
1546 5890 3859
3795 4599 3860
2101 18 3861
4607 3029 3862
2402 6831 3863
4176 8446 3864
2469 2896 3865
5091 4335 3866
1669 4558 3867
5893 681 3868
5835 996 3869
161 3529 3870
6687 2125 3871
2860 8073 3872
7411 2036 3873
4456 2729 3874
8876 928 3875
448 7950 3876
5518 7563 3877
114 1014 3878
1171 5772 3879
2106 6561 3880
3356 6838 3881
3315 2671 3882
8270 438 3883
8210 2814 3884
6575 8315 3885
886 2314 3886
5176 6492 3887
3450 1680 3888
6364 3100 3889
8279 8452 3890
8418 7251 3891
1374 3017 3892
3528 6063 3893
3121 8403 3894
4950 3382 3895
6424 7561 3896
2404 3413 3897
1275 13 3898
4427 6572 3899
7481 1282 3900
8284 2190 3901
110 6900 3902
7275 3893 3903
4053 3462 3904
6424 754 3905
3606 7144 3906
5369 278 3907
4579 4069 3908
7498 313 3909
4343 453 3910
8342 8676 3911
8868 8321 3912
6855 8318 3913
1476 7307 3914
8099 121 3915
7401 2399 3916
7011 7940 3917
8413 4574 3918
5824 7160 3919
330 5565 3920
8353 948 3921
730 6716 3922
4713 722 3923
4197 7794 3924
3804 4851 3925
4996 656 3926
5589 3094 3927
657 3621 3928
7354 3389 3929
8388 4928 3930
8260 7851 3931
1282 6649 3932
5278 3546 3933
4450 7525 3934
1107 5122 3935
1952 3156 3936
6859 7891 3937
4917 4752 3938
5547 1573 3939
6142 1437 3940
602 7347 3941
5770 4451 3942
5004 7606 3943
915 8690 3944
146 2857 3945
5444 4179 3946
4623 585 3947
3011 174 3948
3752 4208 3949
4607 7096 3950
1130 7766 3951
536 7471 3952
1513 4000 3953
4380 8349 3954
6280 7462 3955
871 549 3956
6687 4581 3957
3030 1098 3958
4690 1928 3959
7688 6392 3960
5191 963 3961
5320 153 3962
4932 5471 3963
6794 3898 3964
4287 6329 3965
6754 1184 3966
2990 3725 3967
3125 8225 3968
8889 1524 3969
2197 5928 3970
4226 3109 3971
6078 3149 3972
8166 632 3973
8255 1652 3974
3397 6153 3975
7077 7805 3976
6565 5125 3977
2103 7657 3978
8446 8412 3979
2191 2500 3980
4060 7672 3981
4815 7796 3982
5868 7312 3983
1380 5171 3984
3032 1176 3985
8012 2140 3986
1819 8534 3987
3398 8835 3988
1558 3680 3989
5708 6991 3990
1748 3089 3991
7216 3011 3992
3118 4473 3993
4058 5906 3994
5225 7545 3995
3878 8265 3996
8691 735 3997
3135 2525 3998
2522 4183 3999
3077 8799 4000
2402 8511 4001
7385 3044 4002
2469 4110 4003
8277 5077 4004
1059 7490 4005
46 5715 4006
1351 5062 4007
6602 2010 4008
8703 7635 4009
278 124 4010
6749 3770 4011
4415 7746 4012
2433 5588 4013
7303 1000 4014
6794 2363 4015
227 6268 4016
615 1186 4017
5238 2893 4018
509 2677 4019
693 4585 4020
6004 4988 4021
908 1853 4022
1558 5563 4023
5619 1875 4024
2379 3438 4025
4356 7601 4026
2709 7907 4027
3110 563 4028
5032 103 4029
430 8899 4030
706 3934 4031
5575 5948 4032
4634 1910 4033
7498 1859 4034
5767 6406 4035
2385 1676 4036
1580 19 4037
6826 2089 4038
5235 4812 4039
6878 3785 4040
8086 8611 4041
7231 2132 4042
6054 1360 4043
8071 2004 4044
8848 1133 4045
3703 554 4046
3412 2790 4047
1148 7303 4048
3438 7427 4049
6411 8131 4050
1787 1900 4051
1376 6952 4052
197 460 4053
5345 3360 4054
589 7783 4055
2467 4314 4056
7960 8115 4057
2610 5214 4058
1219 6199 4059
7821 2020 4060
6072 7815 4061
2070 8390 4062
4857 6270 4063
7043 5294 4064
2948 5022 4065
8309 2340 4066
5579 1673 4067
2384 8765 4068
4997 1802 4069
8192 6036 4070
4931 4992 4071
2415 2380 4072
3271 2643 4073
4715 2615 4074
2957 2530 4075
5844 8658 4076
1117 2619 4077
6243 2346 4078
6634 4212 4079
954 5472 4080
3398 3300 4081
403 451 4082
4786 332 4083
1741 7968 4084
137 6072 4085
8263 8310 4086
952 4777 4087
5868 777 4088
2813 1714 4089
7606 8242 4090
484 3640 4091
321 5455 4092
1780 8286 4093
4837 5629 4094
7741 1637 4095
1125 848 4096
3098 4230 4097
1216 1211 4098
2862 1385 4099
6721 8861 4100
1843 5173 4101
8040 7710 4102
4634 5973 4103
6741 377 4104
1 1852 4105
3787 1244 4106
3019 2990 4107
7548 880 4108
4432 2657 4109
8130 2387 4110
568 5068 4111
3036 2934 4112
73 7135 4113
754 6255 4114
4165 8335 4115
294 8085 4116
2533 3422 4117
8299 4769 4118
1615 4950 4119
7076 347 4120
8014 7294 4121
2826 4300 4122
5819 8431 4123
3607 7636 4124
6060 4899 4125
492 2246 4126
3029 4141 4127
5024 7390 4128
8808 7317 4129
647 7363 4130
3804 2165 4131
7933 7695 4132
705 7991 4133
3721 6393 4134
8326 3586 4135
2104 8280 4136
6580 5120 4137
79 7872 4138
8451 7488 4139
5975 8415 4140
6618 5712 4141
5855 5440 4142
3631 968 4143
3966 1819 4144
7331 8800 4145
8050 937 4146
7438 4834 4147
1134 3563 4148
8662 5615 4149
472 6504 4150
7825 1942 4151
706 3652 4152
3319 6784 4153
4611 3944 4154
2220 4823 4155
2241 5548 4156
7561 7429 4157
4792 5492 4158
319 6464 4159
4309 8146 4160
7547 3930 4161
5991 229 4162
2457 8425 4163
1553 1451 4164
6380 7376 4165
4857 1655 4166
866 4352 4167
3580 6961 4168
1105 7253 4169
4985 2310 4170
4175 3391 4171
4526 8221 4172
441 2421 4173
3308 3196 4174
8176 1502 4175
5235 160 4176
8664 6517 4177
2853 958 4178
3438 1347 4179
5210 2753 4180
7978 3040 4181
8804 5488 4182
543 7912 4183
984 1475 4184
1255 5619 4185
4263 7898 4186
456 6075 4187
3981 477 4188
8671 7378 4189
3748 6293 4190
95 678 4191
784 4878 4192
3466 1508 4193
3830 5210 4194
6622 7318 4195
2996 8430 4196
7470 7371 4197
4549 5350 4198
7753 2824 4199
8199 2455 4200
3350 4039 4201
7303 6712 4202
3758 4704 4203
4141 7196 4204
3264 8147 4205
2118 252 4206
7684 1634 4207
7025 6263 4208
4079 5705 4209
6519 7042 4210
5082 6022 4211
6740 6904 4212
2432 4430 4213
2216 7767 4214
1673 4910 4215
1917 4618 4216
8072 4729 4217
5254 5310 4218
1526 8665 4219
232 6224 4220
673 8053 4221
2094 4836 4222
2858 2937 4223
2107 5932 4224
5557 8769 4225
5032 6099 4226
136 2588 4227
5081 1487 4228
4552 1449 4229
6371 965 4230
8757 7637 4231
4897 1136 4232
8120 6795 4233
6288 4852 4234
3061 361 4235
296 962 4236
6035 6331 4237
2143 2269 4238
1713 4270 4239
7496 6634 4240
841 2913 4241
4014 516 4242
6575 6714 4243
3807 8729 4244
8617 1577 4245
8873 3512 4246
7519 2029 4247
6082 7003 4248
7232 776 4249
3021 7726 4250
1487 3910 4251
3157 1355 4252
1413 627 4253
8582 7101 4254
7164 2960 4255
7176 3573 4256
6424 2379 4257
562 5730 4258
4912 1883 4259
5268 2622 4260
3289 4046 4261
4547 1297 4262
4339 5741 4263
4916 6812 4264
4969 791 4265
1123 3383 4266
7122 431 4267
8131 8060 4268
1491 8429 4269
7765 5634 4270
8349 7012 4271
6873 132 4272
3082 1139 4273
578 514 4274
4435 2536 4275
419 7256 4276
7933 2629 4277
3781 4296 4278
6058 6805 4279
2179 7126 4280
511 566 4281
8198 2760 4282
3950 5221 4283
730 1608 4284
1983 430 4285
8521 6958 4286
5445 4178 4287
6786 4072 4288
6332 3276 4289
5252 7313 4290
223 5914 4291
5439 1180 4292
7833 4246 4293
2279 2802 4294
7620 1226 4295
3311 4228 4296
8553 3219 4297
3527 3033 4298
1990 6048 4299
7522 5641 4300
761 475 4301
7261 3027 4302
5966 3773 4303
6636 6997 4304
8252 1075 4305
2281 7648 4306
5364 4977 4307
4189 5218 4308
8698 7197 4309
575 6182 4310
1111 3731 4311
371 5215 4312
2522 5987 4313
3982 1124 4314
2165 2049 4315
4881 2351 4316
3110 5539 4317
1350 528 4318
7596 323 4319
6556 7018 4320
6261 906 4321
8514 7777 4322
2603 6616 4323
7118 3601 4324
6460 1006 4325
7881 5728 4326
836 6139 4327
8084 2686 4328
5543 1301 4329
5129 4871 4330
3453 892 4331
3799 6192 4332
3572 686 4333
6085 8364 4334
5156 8008 4335
1238 2048 4336
4706 3921 4337
3433 1744 4338
2500 864 4339
853 8198 4340
8790 1433 4341
8100 5023 4342
8321 8056 4343
8324 1399 4344
5949 2822 4345
4839 8490 4346
5949 1771 4347
8317 3852 4348
5349 6414 4349
3586 4444 4350
725 3371 4351
1641 3558 4352
6218 6112 4353
5777 3380 4354
4267 250 4355
1959 3964 4356
1820 634 4357
8426 2287 4358
5401 3877 4359
3560 5848 4360
735 5993 4361
1281 873 4362
993 7152 4363
1135 4354 4364
4547 3605 4365
6127 6917 4366
6871 8640 4367
8153 3744 4368
5697 4937 4369
3287 3521 4370
3247 944 4371
5153 8610 4372
4972 1313 4373
1993 4572 4374
7993 4831 4375
4239 6620 4376
4555 5335 4377
645 3404 4378
8333 2094 4379
8252 6274 4380
7568 3204 4381
4649 4293 4382
2014 1980 4383
4823 193 4384
2557 1127 4385
2097 4712 4386
5882 429 4387
1184 2983 4388
5508 8363 4389
2673 2019 4390
4257 3517 4391
1357 1053 4392
930 6775 4393
5084 5028 4394
5311 6887 4395
7842 1894 4396
6600 7556 4397
1415 1283 4398
5876 5505 4399
8468 7627 4400
3664 4377 4401
1846 2431 4402
5996 823 4403
2108 2009 4404
6854 1270 4405
1054 6085 4406
254 2895 4407
4007 5559 4408
6632 4368 4409
2973 3269 4410
5155 3687 4411
3061 2218 4412
7383 1404 4413
2242 6608 4414
2949 3840 4415
8292 404 4416
4141 7543 4417
5000 8248 4418
4614 7415 4419
2134 467 4420
8510 7010 4421
7683 2260 4422
6320 6672 4423
836 1857 4424
5315 410 4425
796 7594 4426
5881 1120 4427
4825 7877 4428
5816 6386 4429
5015 8256 4430
8183 7179 4431
7561 3830 4432
1596 1867 4433
4197 752 4434
3457 7516 4435
4013 3881 4436
1715 1981 4437
4827 5650 4438
4944 4446 4439
853 2079 4440
817 4893 4441
3184 1112 4442
5197 851 4443
3409 1087 4444
6968 1249 4445
4052 2980 4446
4880 7245 4447
6814 1064 4448
8192 2404 4449
2156 593 4450
5592 454 4451
1351 7809 4452
8637 2342 4453
1746 1735 4454
6148 4366 4455
6336 5382 4456
6592 3808 4457
6960 7781 4458
8595 6652 4459
5708 8896 4460
5194 5473 4461
7533 2946 4462
176 551 4463
6600 2806 4464
3532 1684 4465
8396 7613 4466
1293 2193 4467
4974 6647 4468
478 4686 4469
5032 1020 4470
1447 1754 4471
3410 4281 4472
2416 4855 4473
5570 2468 4474
7929 2229 4475
2456 8509 4476
7137 4407 4477
4781 2204 4478
1157 4309 4479
7067 611 4480
5517 1901 4481
1292 1596 4482
622 2386 4483
6100 2451 4484
1274 3703 4485
8518 7800 4486
4814 8694 4487
1083 7275 4488
5278 6840 4489
7933 48 4490
3414 7286 4491
2521 1641 4492
7688 8314 4493
4141 7407 4494
1749 6027 4495
4248 7922 4496
472 8821 4497
8459 1817 4498
2189 6489 4499
7722 3562 4500
4584 8033 4501
5549 8309 4502
6947 1831 4503
8216 1792 4504
8740 7510 4505
6892 7628 4506
1855 178 4507
7498 1134 4508
7364 1891 4509
8498 2024 4510
6668 5584 4511
578 2672 4512
2319 5443 4513
7254 6494 4514
4801 6536 4515
7595 2497 4516
1778 5834 4517
4972 930 4518
6424 3172 4519
2564 8121 4520
1874 6303 4521
3349 4075 4522
169 5232 4523
351 2563 4524
3246 4509 4525
3809 8183 4526
6535 1659 4527
1274 5190 4528
4652 7827 4529
3210 38 4530
4845 7772 4531
7548 3928 4532
2392 5486 4533
49 2886 4534
5693 3723 4535
7060 818 4536
3763 5105 4537
4427 8852 4538
620 8258 4539
719 7773 4540
7489 1827 4541
5268 1647 4542
7020 4276 4543
294 2041 4544
2903 4849 4545
5692 2836 4546
7123 6543 4547
4456 1505 4548
809 7494 4549
179 8047 4550
4624 4605 4551
8577 755 4552
4812 4307 4553
8299 5801 4554
8153 6943 4555
2826 4756 4556
6859 3455 4557
7036 4489 4558
8489 1737 4559
3566 5330 4560
5405 1946 4561
6008 2854 4562
2803 3748 4563
2912 832 4564
223 6790 4565
3206 959 4566
7937 5212 4567
77 2107 4568
1702 3560 4569
3628 2400 4570
3846 6545 4571
5570 2977 4572
7097 4858 4573
2223 2265 4574
4370 8734 4575
4718 167 4576
3550 2803 4577
3842 6967 4578
3457 4912 4579
2975 2691 4580
4601 8499 4581
24 2869 4582
7195 311 4583
2063 8806 4584
4987 5480 4585
4448 3407 4586
2720 8705 4587
1127 8709 4588
3639 2388 4589
2429 7643 4590
4390 3951 4591
3450 4909 4592
4097 2095 4593
4300 6585 4594
1985 3250 4595
799 4224 4596
5513 7585 4597
4838 6780 4598
6225 7747 4599
153 4808 4600
1028 3781 4601
3854 2723 4602
5466 8513 4603
5644 6333 4604
3882 4206 4605
599 1632 4606
5191 886 4607
3316 7268 4608
5933 1377 4609
3406 4939 4610
4881 3050 4611
475 2329 4612
1516 537 4613
7052 2522 4614
3473 3717 4615
7916 8271 4616
1108 290 4617
8848 5557 4618
5786 2625 4619
7778 93 4620
8012 8447 4621
4523 7228 4622
3273 2756 4623
3915 5409 4624
2994 1066 4625
3928 565 4626
3438 849 4627
3465 108 4628
6280 8346 4629
2615 136 4630
2954 1295 4631
5377 2656 4632
6211 3482 4633
3795 7398 4634
2028 5686 4635
4241 7999 4636
27 913 4637
187 5168 4638
541 5941 4639
4103 1932 4640
8465 5187 4641
1930 3988 4642
6504 3989 4643
6879 3479 4644
6717 8561 4645
6182 2880 4646
52 893 4647
3780 7319 4648
4646 8493 4649
1611 2186 4650
8841 7684 4651
6396 1929 4652
1806 7957 4653
3353 8710 4654
7404 8174 4655
5801 8742 4656
7267 3062 4657
4026 6401 4658
3346 1838 4659
4639 8064 4660
6977 7714 4661
7472 890 4662
6741 2877 4663
198 4922 4664
2919 667 4665
5213 3666 4666
5803 4894 4667
6925 4261 4668
471 7166 4669
1580 6755 4670
4950 6981 4671
2324 629 4672
1336 4776 4673
4722 1679 4674
1000 7063 4675
6147 2250 4676
4602 5162 4677
5525 5832 4678
5272 6990 4679
8686 7863 4680
3379 3285 4681
3111 8508 4682
640 369 4683
6116 3611 4684
891 8130 4685
7636 2162 4686
2909 142 4687
3705 7930 4688
3324 5292 4689
2817 1960 4690
7684 6621 4691
199 7624 4692
7485 6049 4693
7053 5422 4694
1854 1217 4695
3958 4721 4696
7703 3123 4697
7714 6194 4698
5786 1221 4699
6791 1860 4700
4755 8407 4701
3015 4953 4702
1897 1854 4703
5156 7992 4704
7707 5017 4705
659 3507 4706
6377 4067 4707
8050 4312 4708
5290 5632 4709
4333 4746 4710
2789 7035 4711
8109 1065 4712
169 1864 4713
6904 8578 4714
1235 2466 4715
8766 6366 4716
6749 5481 4717
4096 2075 4718
614 6259 4719
8312 1977 4720
197 3023 4721
5743 4751 4722
8738 226 4723
5712 1219 4724
3249 3237 4725
7987 559 4726
6997 4971 4727
7854 5378 4728
51 1604 4729
148 7861 4730
5153 8660 4731
2357 8518 4732
1148 3118 4733
6819 350 4734
7385 2065 4735
3909 7165 4736
1140 2480 4737
1835 205 4738
5230 1278 4739
543 5390 4740
4096 4787 4741
813 8163 4742
1547 6613 4743
2050 4242 4744
2990 534 4745
3231 7260 4746
7052 1536 4747
1752 721 4748
5868 6801 4749
7745 3758 4750
1313 3265 4751
6496 1574 4752
58 6168 4753
899 8762 4754
3980 4869 4755
8697 6314 4756
5845 201 4757
38 7600 4758
7519 6241 4759
5439 279 4760
558 1959 4761
4014 4184 4762
7379 4012 4763
5512 2341 4764
2575 7631 4765
1621 2309 4766
7006 3918 4767
350 6978 4768
1253 8877 4769
5115 7075 4770
7601 7100 4771
5437 8831 4772
818 5701 4773
837 874 4774
7649 4717 4775
2286 8150 4776
343 3634 4777
4550 6573 4778
7801 6149 4779
8553 1108 4780
6100 2683 4781
8321 868 4782
7428 351 4783
7663 4280 4784
3438 5874 4785
7987 2944 4786
3550 8086 4787
657 2457 4788
6859 3712 4789
5595 4798 4790
607 5013 4791
1558 6480 4792
7156 2638 4793
3568 4315 4794
4988 5347 4795
7453 3005 4796
6884 5370 4797
8599 8798 4798
7449 3968 4799
3176 8825 4800
615 7110 4801
7507 1085 4802
569 5485 4803
1845 8435 4804
1263 8296 4805
915 910 4806
4218 4659 4807
2780 3111 4808
1786 4765 4809
8873 1269 4810
5711 3506 4811
8796 3188 4812
7429 5793 4813
4916 6888 4814
7720 5400 4815
603 8517 4816
2356 7602 4817
1916 2328 4818
3110 1516 4819
5364 6337 4820
2417 3527 4821
8813 3839 4822
3733 7743 4823
1836 5132 4824
6054 171 4825
8598 7090 4826
6065 8635 4827
5811 7282 4828
2110 6786 4829
1217 1461 4830
1757 3343 4831
6809 8331 4832
4324 6540 4833
3332 1660 4834
8737 7233 4835
1944 2825 4836
1135 6928 4837
5502 5489 4838
4330 4490 4839
6967 924 4840
4965 8459 4841
5300 519 4842
160 8529 4843
8195 4339 4844
1279 5261 4845
6814 405 4846
5954 8685 4847
1180 2707 4848
5200 6839 4849
6627 3141 4850
5074 3295 4851
3175 4783 4852
2868 1635 4853
1641 984 4854
5604 8367 4855
3567 2737 4856
2223 441 4857
4656 6197 4858
1838 7296 4859
8766 1370 4860
6181 637 4861
4212 2696 4862
6051 4562 4863
5253 7528 4864
2185 8844 4865
3218 7569 4866
4731 4142 4867
5435 7931 4868
8158 7880 4869
5570 4470 4870
6101 426 4871
25 6262 4872
4244 4237 4873
4678 6849 4874
160 3234 4875
7820 6867 4876
7234 3409 4877
1018 8253 4878
6615 8876 4879
6341 8616 4880
4796 2134 4881
7985 7151 4882
3917 2271 4883
6380 2542 4884
4318 5855 4885
599 7905 4886
8005 5562 4887
6600 4607 4888
3437 6607 4889
23 3307 4890
6781 3483 4891
750 7410 4892
623 7102 4893
7189 4351 4894
8220 7871 4895
1786 3503 4896
8230 1837 4897
2363 1154 4898
1854 703 4899
7125 2348 4900
2639 3009 4901
1872 2811 4902
8242 7979 4903
5820 4028 4904
541 3633 4905
2818 8656 4906
3945 665 4907
1612 3794 4908
6642 5520 4909
6900 1828 4910
3891 4277 4911
8386 7254 4912
587 8143 4913
4629 1276 4914
4835 2919 4915
7663 2601 4916
7237 8637 4917
6243 860 4918
7922 3854 4919
2614 2111 4920
8831 6265 4921
4904 437 4922
8891 7755 4923
4681 2021 4924
7547 8016 4925
6632 1460 4926
4584 2278 4927
2860 2344 4928
8639 8617 4929
4611 8588 4930
4912 2189 4931
4124 4050 4932
5881 5986 4933
8215 5903 4934
1944 6861 4935
6573 4624 4936
3822 4116 4937
3105 7571 4938
3450 4880 4939
619 7481 4940
6946 2034 4941
6296 1321 4942
2058 6877 4943
2675 6562 4944
5126 7967 4945
5552 5431 4946
8490 8083 4947
3422 781 4948
5253 4974 4949
4993 6427 4950
7302 4999 4951
8070 3151 4952
1993 4935 4953
4815 6037 4954
4808 4006 4955
6797 8421 4956
8314 123 4957
5213 3289 4958
8438 4524 4959
6550 5309 4960
8488 5669 4961
4825 1579 4962
1867 8351 4963
6112 8863 4964
3299 2901 4965
601 4800 4966
3933 8548 4967
8378 2058 4968
1921 4445 4969
2461 1045 4970
8304 5679 4971
1702 4343 4972
6148 4058 4973
4877 194 4974
4668 2528 4975
8560 2718 4976
1368 2225 4977
1772 2777 4978
3118 140 4979
4801 6601 4980
3670 7876 4981
2618 5196 4982
7812 6021 4983
3667 6578 4984
1824 8282 4985
1041 3453 4986
1287 3654 4987
6363 1607 4988
7298 4279 4989
554 3591 4990
6832 7117 4991
6282 3292 4992
26 7682 4993
7392 7219 4994
3668 5826 4995
1854 2770 4996
6457 7960 4997
8893 2529 4998
8183 3696 4999
6225 783 5000
4278 7843 5001
8298 7099 5002
8574 4382 5003
6984 6535 5004
128 1215 5005
5315 7499 5006
8523 210 5007
4281 3014 5008
8350 4946 5009
1927 1079 5010
2648 2571 5011
4435 5141 5012
7759 6527 5013
6255 5743 5014
6860 1348 5015
5855 1188 5016
2342 7434 5017
1585 5839 5018
8237 8172 5019
5692 7388 5020
1803 4177 5021
6246 5534 5022
5412 3745 5023
4540 7738 5024
4623 3974 5025
8002 6834 5026
1167 7822 5027
6979 6053 5028
7427 7951 5029
8595 1546 5030
6286 4907 5031
2558 7942 5032
6996 1707 5033
3044 2006 5034
3891 6996 5035
1439 1784 5036
3517 3386 5037
4342 5929 5038
7669 5270 5039
5997 1453 5040
5359 6528 5041
983 6486 5042
5867 3801 5043
828 827 5044
6654 287 5045
4248 5592 5046
1684 2742 5047
4695 6313 5048
510 6052 5049
3821 5181 5050
5443 7596 5051
1350 2390 5052
5718 7037 5053
2677 1926 5054
1806 4818 5055
8234 878 5056
6649 8200 5057
7038 1638 5058
1562 3802 5059
5293 4097 5060
4328 8750 5061
4496 3375 5062
7787 5860 5063
195 8006 5064
4814 7176 5065
5115 7086 5066
4984 1325 5067
4829 1285 5068
3803 2968 5069
7456 6810 5070
3607 5781 5071
6904 414 5072
6988 4822 5073
5876 6193 5074
5946 8410 5075
3649 5425 5076
1580 3720 5077
3354 4422 5078
2706 5493 5079
1294 7325 5080
8353 6026 5081
7441 1273 5082
5104 1618 5083
7427 1648 5084
910 7453 5085
3055 4508 5086
8332 4764 5087
3409 2590 5088
1173 2330 5089
8688 6700 5090
4162 8292 5091
545 4859 5092
2761 6154 5093
1304 7956 5094
6876 2311 5095
5758 8663 5096
2376 7802 5097
1927 8201 5098
6218 1441 5099
1389 3901 5100
4319 4502 5101
1796 2187 5102
1071 5976 5103
1517 6599 5104
586 5631 5105
4812 3943 5106
8808 182 5107
7722 3113 5108
4536 7411 5109
750 6306 5110
6956 7925 5111
4546 6279 5112
7388 4593 5113
2677 4860 5114
430 110 5115
5489 5066 5116
4753 2046 5117
4650 669 5118
8164 3637 5119
5341 3740 5120
8848 1793 5121
2598 546 5122
964 8643 5123
6303 1256 5124
6792 1840 5125
4373 2290 5126
2935 5356 5127
3067 8145 5128
5855 4679 5129
7583 7669 5130
7715 1173 5131
8204 1411 5132
6 800 5133
4077 4092 5134
6684 4981 5135
2918 710 5136
4502 1177 5137
1845 2169 5138
4815 3715 5139
8552 5807 5140
7670 2155 5141
6423 6936 5142
7747 4329 5143
1148 1736 5144
8082 4793 5145
5362 1485 5146
4812 6565 5147
7196 6760 5148
6990 4480 5149
6065 1469 5150
4697 1319 5151
3328 8232 5152
4245 5108 5153
6121 6170 5154
329 2597 5155
8333 1344 5156
5410 6402 5157
2007 2583 5158
937 2361 5159
6875 6799 5160
82 2949 5161
8571 1379 5162
6725 2415 5163
4513 1569 5164
1033 5043 5165
5437 574 5166
1843 4936 5167
862 2927 5168
364 7074 5169
6843 1259 5170
6272 1232 5171
5916 3722 5172
1868 45 5173
6639 1455 5174
1636 1257 5175
857 6942 5176
5873 1208 5177
8836 7941 5178
5205 6418 5179
3324 217 5180
217 2997 5181
3608 8432 5182
7648 1663 5183
3770 6007 5184
1070 1419 5185
5610 7518 5186
3894 5652 5187
3826 1463 5188
7914 1263 5189
8205 6346 5190
8154 6945 5191
8396 8881 5192
1430 7901 5193
693 2887 5194
5084 820 5195
6771 2412 5196
8346 757 5197
4926 691 5198
2589 6986 5199
2949 1662 5200
552 5491 5201
3433 3270 5202
8386 6516 5203
3656 1251 5204
5822 8538 5205
62 4944 5206
4353 4690 5207
1911 535 5208
4530 6045 5209
4824 2324 5210
2177 7011 5211
6209 1479 5212
4326 3465 5213
7673 817 5214
7700 1306 5215
8324 7238 5216
404 3227 5217
2860 1542 5218
4828 8160 5219
6772 770 5220
3247 4333 5221
2845 5767 5222
7552 8270 5223
2124 7404 5224
6700 8772 5225
7472 363 5226
8307 6708 5227
891 1260 5228
8766 1922 5229
427 4654 5230
6939 1884 5231
7703 3306 5232
5012 7428 5233
8383 4625 5234
3954 8181 5235
3027 2809 5236
6005 3002 5237
6369 655 5238
3245 3663 5239
8192 6737 5240
4424 2761 5241
5034 6797 5242
2582 631 5243
5043 7143 5244
5760 4926 5245
48 1725 5246
3567 4299 5247
3075 7492 5248
3825 7210 5249
1616 4614 5250
7781 8846 5251
4713 7288 5252
8078 5090 5253
7561 1410 5254
4425 4431 5255
1726 6597 5256
8437 6403 5257
5255 1343 5258
7731 3845 5259
197 2658 5260
554 26 5261
3467 5780 5262
4654 6515 5263
4039 8842 5264
2540 7207 5265
2950 4662 5266
7781 3341 5267
2984 4653 5268
4398 7048 5269
1582 1044 5270
5518 5362 5271
8568 1023 5272
6555 1785 5273
647 4819 5274
8691 5416 5275
4811 8260 5276
3758 3102 5277
6947 7229 5278
783 4496 5279
6570 8528 5280
5175 6570 5281
3018 5369 5282
484 599 5283
217 2326 5284
4319 1709 5285
8439 2771 5286
2358 5530 5287
890 3143 5288
6658 120 5289
5022 8829 5290
5890 5384 5291
7561 7919 5292
1008 416 5293
7052 8050 5294
4506 5985 5295
4941 1881 5296
4300 1836 5297
7646 442 5298
2851 5278 5299
2041 3702 5300
378 2349 5301
2566 6288 5302
5426 5833 5303
244 4029 5304
6630 8582 5305
5517 2232 5306
8568 1751 5307
5241 7465 5308
5846 8218 5309
3818 2369 5310
1200 489 5311
8240 4132 5312
5863 8575 5313
4725 4102 5314
5533 7947 5315
6474 3042 5316
6554 2513 5317
8035 3117 5318
8897 2891 5319
1272 5542 5320
21 1564 5321
3682 2846 5322
3560 7652 5323
4437 4164 5324
5203 4656 5325
6111 8583 5326
537 991 5327
542 8277 5328
3029 2936 5329
6888 2897 5330
1156 2623 5331
4197 1387 5332
7842 3261 5333
3877 3130 5334
8287 5695 5335
3655 3804 5336
143 1896 5337
1546 3043 5338
278 8730 5339
8034 2875 5340
3134 4934 5341
1487 5920 5342
7261 3216 5343
4981 7137 5344
3557 4232 5345
6644 5924 5346
5292 8162 5347
4364 7512 5348
8294 3392 5349
8128 6271 5350
6148 379 5351
2106 2110 5352
3961 8837 5353
6268 4698 5354
2577 8236 5355
4035 4962 5356
8684 4604 5357
1253 5035 5358
3459 2295 5359
5386 4609 5360
7875 1961 5361
6790 1893 5362
5278 8878 5363
3495 1030 5364
8899 3851 5365
3027 3750 5366
4859 4966 5367
2245 1364 5368
5356 1281 5369
8031 2435 5370
5453 7981 5371
5157 3181 5372
894 1872 5373
6372 8188 5374
6943 473 5375
4534 2195 5376
5085 5243 5377
2900 7927 5378
2847 6470 5379
4574 989 5380
5359 1668 5381
197 1539 5382
257 8471 5383
5265 6304 5384
8686 6556 5385
5771 7807 5386
3852 3073 5387
3642 7227 5388
978 577 5389
8727 5249 5390
5442 3879 5391
8252 6100 5392
2272 2137 5393
8499 8017 5394
23 8259 5395
8345 8358 5396
8702 1480 5397
6332 5453 5398
4018 1318 5399
5735 6247 5400
4183 3287 5401
1179 2646 5402
1350 6984 5403
2140 5253 5404
1388 7068 5405
3848 1917 5406
3058 7779 5407
6261 8732 5408
2326 2105 5409
2005 4044 5410
7060 4932 5411
61 7946 5412
7658 2197 5413
8375 6278 5414
1531 5038 5415
1212 5878 5416
5597 5968 5417
1242 544 5418
1466 7753 5419
1350 1814 5420
3982 5691 5421
6451 8884 5422
6859 1727 5423
3018 382 5424
8671 5926 5425
8843 5461 5426
1667 4707 5427
3722 4635 5428
8173 6563 5429
8114 1073 5430
3107 3987 5431
5817 7875 5432
850 1036 5433
2786 3416 5434
1248 1847 5435
8375 7551 5436
7046 8333 5437
6270 58 5438
2868 6617 5439
7879 8595 5440
2900 3055 5441
1836 7541 5442
3712 6796 5443
3954 1908 5444
7080 8460 5445
2009 908 5446
8895 7065 5447
375 7069 5448
2792 7634 5449
5140 2439 5450
3935 8456 5451
5388 5452 5452
8216 1125 5453
6706 4570 5454
8848 2873 5455
6261 8748 5456
813 7859 5457
8620 746 5458
7769 1216 5459
675 4415 5460
5161 3689 5461
7705 7334 5462
4343 2973 5463
7753 5063 5464
3415 5095 5465
2298 6539 5466
2977 2709 5467
4602 4037 5468
4300 640 5469
2070 1279 5470
2013 4532 5471
1261 8117 5472
3026 1979 5473
4539 4396 5474
1853 3694 5475
899 1341 5476
2429 5142 5477
1947 112 5478
1021 6065 5479
742 7240 5480
6189 1561 5481
1347 6693 5482
6324 6376 5483
3610 374 5484
8618 3263 5485
5104 5174 5486
7293 3908 5487
7368 3344 5488
4545 1354 5489
5132 3631 5490
6399 8394 5491
2088 5599 5492
1309 3028 5493
4028 1986 5494
1053 6031 5495
1381 5660 5496
1369 8237 5497
4544 7353 5498
7674 3451 5499
7706 7560 5500
3741 953 5501
4218 731 5502
685 2853 5503
6388 1897 5504
2684 3848 5505
6421 5813 5506
333 339 5507
6000 4568 5508
5295 5411 5509
4678 5590 5510
1145 3772 5511
886 2614 5512
7546 7620 5513
6008 4138 5514
871 8322 5515
6071 6872 5516
5414 6924 5517
7774 5203 5518
3255 2845 5519
6339 7202 5520
380 8275 5521
4696 6316 5522
4923 1040 5523
3563 2210 5524
1103 1156 5525
4457 8815 5526
8015 8850 5527
7803 7610 5528
4189 4419 5529
1241 7140 5530
6529 1701 5531
7591 4095 5532
2435 4357 5533
3423 3393 5534
294 2645 5535
5237 4304 5536
7991 3282 5537
769 1452 5538
3445 2101 5539
364 3568 5540
8169 2959 5541
722 2395 5542
1528 6491 5543
3554 8023 5544
2468 4388 5545
6004 6807 5546
1682 6454 5547
3144 7116 5548
4812 3962 5549
8809 6771 5550
3088 8124 5551
8363 4201 5552
7065 4866 5553
8245 415 5554
1340 8366 5555
1965 659 5556
379 6338 5557
7205 1570 5558
3044 3339 5559
4769 370 5560
4278 8717 5561
4382 5039 5562
8796 1882 5563
4323 4507 5564
2474 5107 5565
5187 1595 5566
6555 6209 5567
8230 5200 5568
6720 3135 5569
6749 4546 5570
1389 7295 5571
1157 7764 5572
3057 8516 5573
1028 8234 5574
4475 5442 5575
3346 1476 5576
3846 7215 5577
6545 2972 5578
8877 7049 5579
4697 4832 5580
261 7259 5581
7077 5336 5582
37 2693 5583
7097 5045 5584
1876 7150 5585
6387 4137 5586
7403 432 5587
7519 6438 5588
6078 4150 5589
4328 8378 5590
3274 6574 5591
8035 5721 5592
5156 6452 5593
8581 343 5594
411 2288 5595
358 7921 5596
4723 7820 5597
7435 5907 5598
7541 44 5599
1274 2138 5600
1400 8586 5601
541 6079 5602
6924 5412 5603
5436 6826 5604
2276 753 5605
1569 5011 5606
1202 1413 5607
6903 2512 5608
7371 1916 5609
4997 8484 5610
3202 7900 5611
8120 2798 5612
1259 527 5613
6181 684 5614
2166 1231 5615
4884 2785 5616
2586 3814 5617
6093 6662 5618
2115 5086 5619
4712 2578 5620
7237 8724 5621
634 8757 5622
3118 5012 5623
8502 8044 5624
1661 6598 5625
6749 4217 5626
8551 3197 5627
4859 3553 5628
8796 2495 5629
777 8584 5630
1928 7105 5631
3640 355 5632
4695 3165 5633
6533 3786 5634
1137 760 5635
6065 4169 5636
3308 3370 5637
3341 5297 5638
6990 5782 5639
8396 5433 5640
2614 1309 5641
2258 1409 5642
8037 3498 5643
557 1164 5644
6839 1109 5645
6910 2109 5646
2813 5528 5647
1331 815 5648
6238 762 5649
5367 6257 5650
4326 7121 5651
3096 256 5652
2279 8747 5653
1280 608 5654
8256 7305 5655
6026 2116 5656
6639 6671 5657
4593 2781 5658
5689 4784 5659
7813 296 5660
228 663 5661
1835 1415 5662
4328 6794 5663
8758 4192 5664
1960 2144 5665
6486 6975 5666
984 2243 5667
1013 3490 5668
8821 635 5669
3473 5819 5670
1739 7276 5671
6794 4494 5672
2471 2179 5673
1219 8625 5674
4834 5300 5675
750 6388 5676
7097 2989 5677
5025 5216 5678
8273 6869 5679
2846 66 5680
723 3336 5681
4133 1729 5682
7077 1115 5683
2897 819 5684
1548 8088 5685
2310 6680 5686
2721 6300 5687
2538 6493 5688
1661 5065 5689
5416 12 5690
7796 3281 5691
5577 5663 5692
3273 8332 5693
136 4672 5694
3473 975 5695
4274 3909 5696
7395 6507 5697
2026 2178 5698
6353 6820 5699
8683 1535 5700
3590 24 5701
4982 6474 5702
4535 6721 5703
6171 4924 5704
7176 5450 5705
3909 834 5706
5834 6042 5707
7879 1350 5708
602 2636 5709
8046 402 5710
7067 6703 5711
1215 4551 5712
7634 3214 5713
1428 5923 5714
14 2747 5715
4390 7395 5716
1241 8634 5717
1930 6302 5718
3708 2337 5719
8257 5119 5720
8107 6692 5721
5705 4920 5722
2475 3993 5723
4485 8125 5724
7796 144 5725
7974 4749 5726
8420 8255 5727
8749 724 5728
2721 605 5729
2013 7547 5730
2768 977 5731
3708 6109 5732
4198 647 5733
5565 7740 5734
5032 6823 5735
4052 8749 5736
5602 5823 5737
2029 2133 5738
1132 5182 5739
8240 8312 5740
7738 7467 5741
1965 5085 5742
2643 5456 5743
5876 793 5744
4162 7439 5745
2061 6437 5746
4252 4186 5747
336 8862 5748
112 6713 5749
4494 488 5750
8513 1522 5751
3046 7521 5752
640 2890 5753
5783 8731 5754
3199 1800 5755
1414 2743 5756
1132 8897 5757
4441 7167 5758
5614 3515 5759
1459 6581 5760
3148 4887 5761
1546 3414 5762
256 6676 5763
5288 685 5764
2387 6920 5765
1690 5849 5766
6276 7954 5767
7933 8698 5768
6182 2443 5769
586 1984 5770
1000 3853 5771
5631 6056 5772
4683 6228 5773
1865 586 5774
2731 6627 5775
11 7933 5776
5997 2908 5777
3137 1525 5778
1620 2881 5779
648 5222 5780
2698 6819 5781
6078 7595 5782
2008 5211 5783
4678 8155 5784
4887 8153 5785
5608 2498 5786
7080 8819 5787
2601 6679 5788
8622 7346 5789
7649 680 5790
2808 466 5791
1219 7321 5792
616 3564 5793
7989 6770 5794
3682 2224 5795
6594 5100 5796
1280 1815 5797
3865 7953 5798
32 4235 5799
8413 1825 5800
5960 5607 5801
4659 7201 5802
1919 1933 5803
940 3822 5804
6127 5551 5805
7902 5283 5806
6636 4464 5807
3678 1517 5808
3137 8702 5809
1246 5160 5810
4363 4959 5811
5117 8104 5812
2385 6593 5813
8345 2763 5814
7478 358 5815
5748 6657 5816
1516 4535 5817
3412 5974 5818
5512 5511 5819
6241 6134 5820
6988 6552 5821
3459 4737 5822
2109 510 5823
5053 7549 5824
6028 4889 5825
1199 5778 5826
6898 2829 5827
8476 6098 5828
8243 2926 5829
1255 6339 5830
3021 4895 5831
5767 3199 5832
5685 6710 5833
7117 8855 5834
8071 1363 5835
6501 8573 5836
5191 3710 5837
2379 8015 5838
6288 2014 5839
1883 4663 5840
1321 6006 5841
294 1336 5842
2363 2506 5843
5012 8230 5844
5949 7373 5845
2589 5099 5846
32 3262 5847
796 4035 5848
37 2538 5849
3871 4245 5850
1451 56 5851
648 4876 5852
5748 7266 5853
5585 1241 5854
5390 1333 5855
1151 5851 5856
5744 3629 5857
5454 3221 5858
2395 6389 5859
7640 4442 5860
2460 8100 5861
2112 7476 5862
7019 3496 5863
1025 4501 5864
6392 316 5865
375 3863 5866
4350 4526 5867
896 2238 5868
2517 1612 5869
1546 5852 5870
4328 3247 5871
264 3866 5872
1282 3421 5873
366 6641 5874
4958 3408 5875
8789 8128 5876
7594 3991 5877
2958 901 5878
883 4715 5879
4939 5229 5880
4956 1383 5881
4121 2124 5882
8848 604 5883
6754 5744 5884
1545 1300 5885
2385 5156 5886
6337 5449 5887
54 3919 5888
331 6661 5889
3028 5036 5890
4534 1545 5891
6211 6267 5892
7698 1189 5893
6002 2374 5894
6556 4927 5895
2721 3692 5896
2517 3868 5897
2558 4573 5898
3111 4469 5899
6984 7180 5900
1531 4172 5901
1655 2056 5902
7277 6542 5903
6273 7394 5904
1027 491 5905
3753 2147 5906
190 1644 5907
1558 2333 5908
5715 8501 5909
3146 2998 5910
2057 8515 5911
436 6906 5912
7754 1080 5913
8510 6020 5914
7395 4386 5915
6423 4550 5916
6896 1185 5917
3051 8716 5918
4579 2504 5919
5316 2419 5920
4566 2726 5921
5867 616 5922
891 3437 5923
3810 1027 5924
675 3398 5925
6322 3767 5926
7113 6885 5927
7226 2436 5928
6731 3142 5929
6275 4584 5930
2094 2635 5931
3509 5633 5932
217 6359 5933
8051 5175 5934
6720 3314 5935
7106 7572 5936
7957 1402 5937
8788 7257 5938
1846 7093 5939
3602 1250 5940
8257 4004 5941
297 2491 5942
1521 7583 5943
1747 2929 5944
7955 987 5945
8744 5809 5946
6313 8443 5947
3596 7734 5948
1258 8869 5949
5481 4121 5950
7592 8028 5951
625 2261 5952
1600 5577 5953
3213 5671 5954
4983 1191 5955
7470 3806 5956
5104 4827 5957
712 660 5958
6315 8591 5959
680 4957 5960
7048 5260 5961
3159 8356 5962
2645 3768 5963
6020 6835 5964
4961 4056 5965
6773 7115 5966
479 4850 5967
1964 2247 5968
5023 742 5969
1209 947 5970
3015 5375 5971
1238 4002 5972
5432 4109 5973
8766 7848 5974
6501 2725 5975
220 36 5976
418 204 5977
4858 2308 5978
870 652 5979
8037 4515 5980
3414 7975 5981
8873 2612 5982
5370 5158 5983
7404 1664 5984
294 6047 5985
2642 5254 5986
5182 7189 5987
7841 2156 5988
3365 7094 5989
4077 1086 5990
2960 5831 5991
4938 5277 5992
5127 4005 5993
976 4744 5994
4935 2120 5995
8141 5419 5996
1268 2994 5997
6600 1466 5998
890 227 5999
5207 6691 6000
964 3613 6001
2777 7263 6002
8479 5804 6003
816 4191 6004
615 6854 6005
6963 4032 6006
7282 5521 6007
3118 11 6008
6496 8057 6009
4544 4450 6010
1579 155 6011
5387 4676 6012
6363 4940 6013
8500 5230 6014
5656 5091 6015
7841 6360 6016
434 298 6017
8114 2958 6018
2921 6718 6019
8852 5271 6020
5034 8849 6021
4278 4522 6022
5064 2970 6023
4603 4303 6024
5448 7562 6025
7185 276 6026
3365 3653 6027
584 3246 6028
1154 6717 6029
110 1842 6030
84 325 6031
844 4595 6032
1914 3492 6033
3679 8439 6034
8663 6850 6035
6933 5882 6036
5748 3917 6037
5314 1775 6038
5196 1153 6039
4361 792 6040
3723 5996 6041
5851 5561 6042
7458 5206 6043
3329 1430 6044
2762 541 6045
1339 3378 6046
4694 6044 6047
7199 3985 6048
6193 1330 6049
8581 6809 6050
3050 3429 6051
4622 2146 6052
2561 2572 6053
8796 8388 6054
1702 5437 6055
8334 1016 6056
4607 4263 6057
5259 3885 6058
1025 1395 6059
5919 7497 6060
3165 2081 6061
8544 2482 6062
6312 122 6063
7202 3367 6064
6265 5176 6065
5404 1752 6066
3374 4020 6067
7730 5795 6068
6765 6800 6069
7452 8560 6070
8111 6301 6071
6406 7894 6072
8831 699 6073
1187 7689 6074
1813 8887 6075
17 7043 6076
5109 359 6077
1815 7473 6078
4162 2383 6079
5997 14 6080
6468 5387 6081
1743 5532 6082
3816 168 6083
7561 7015 6084
4426 5850 6085
4550 2280 6086
4162 7646 6087
3121 4742 6088
4939 8342 6089
2540 2752 6090
5869 904 6091
614 5999 6092
3701 6547 6093
1388 4101 6094
8423 5191 6095
5250 461 6096
8628 6645 6097
2121 8768 6098
693 8523 6099
2345 3418 6100
8571 1950 6101
5317 8600 6102
3235 4168 6103
3252 867 6104
7825 4596 6105
7082 4960 6106
6632 8151 6107
295 1982 6108
4364 5138 6109
5150 7660 6110
3715 5405 6111
3769 690 6112
2222 7505 6113
2587 6698 6114
5232 3570 6115
3899 5526 6116
139 4099 6117
747 5564 6118
7998 4548 6119
393 2216 6120
2881 8428 6121
3081 2059 6122
4625 7142 6123
2589 1287 6124
1081 4144 6125
1410 1672 6126
8669 1390 6127
6876 6250 6128
2956 3060 6129
4700 1850 6130
6717 4918 6131
6628 8161 6132
2640 1762 6133
2418 8372 6134
2962 6715 6135
933 3511 6136
34 6050 6137
4634 7072 6138
3844 6502 6139
3327 5295 6140
5202 2298 6141
2379 1990 6142
1299 8791 6143
1351 3807 6144
5822 3657 6145
8732 4723 6146
7102 4131 6147
7280 3031 6148
2175 3127 6149
6367 4873 6150
5850 1436 6151
4114 8781 6152
6141 5447 6153
4394 4642 6154
8582 6399 6155
8078 5332 6156
8462 2874 6157
256 1970 6158
3495 936 6159
1215 6557 6160
1028 572 6161
380 5885 6162
5182 5742 6163
3632 1380 6164
1715 2296 6165
4124 976 6166
586 2259 6167
4331 154 6168
1024 4045 6169
80 5324 6170
1981 6837 6171
6808 3152 6172
6005 1698 6173
1954 1209 6174
4146 4052 6175
6126 8133 6176
8357 5373 6177
4263 729 6178
6729 7220 6179
6175 6863 6180
290 983 6181
6082 8067 6182
7977 8029 6183
3418 3510 6184
1998 5155 6185
8199 4140 6186
7980 8743 6187
4307 4385 6188
2808 2428 6189
562 2852 6190
1354 4447 6191
7050 2372 6192
2739 4420 6193
6256 8120 6194
3146 5714 6195
8618 8836 6196
7813 4359 6197
3018 1414 6198
2966 5005 6199
8401 6405 6200
6626 2981 6201
8402 8097 6202
7006 2721 6203
526 3333 6204
8346 5969 6205
5279 6106 6206
5623 151 6207
857 923 6208
8326 8832 6209
7902 6071 6210
728 8478 6211
292 2477 6212
3679 1759 6213
27 2888 6214
4254 4540 6215
7821 7612 6216
3134 970 6217
1336 388 6218
3690 5072 6219
3630 3003 6220
5728 6537 6221
5481 6078 6222
7045 8814 6223
2124 2539 6224
4461 2446 6225
6811 5327 6226
594 7837 6227
4796 5910 6228
140 4658 6229
8828 1084 6230
4931 3205 6231
4165 1268 6232
3306 3411 6233
8333 1056 6234
3974 282 6235
6946 5490 6236
6720 1975 6237
493 1610 6238
5709 3092 6239
2227 8680 6240
1018 2245 6241
7060 4363 6242
8684 3236 6243
2960 2653 6244
8164 3244 6245
1032 2837 6246
8240 4384 6247
5890 5589 6248
3018 5139 6249
2697 409 6250
3646 306 6251
6934 2912 6252
190 6787 6253
5293 2483 6254
3153 2917 6255
3590 7729 6256
8809 4762 6257
7933 7421 6258
401 2831 6259
1099 5947 6260
1597 5446 6261
7483 7718 6262
8282 2801 6263
5718 4580 6264
1883 6477 6265
7055 1381 6266
5193 6479 6267
7234 8357 6268
2058 5859 6269
441 3670 6270
5546 3676 6271
3118 4328 6272
4021 1482 6273
1641 4204 6274
3983 7679 6275
2958 43 6276
8664 8243 6277
4908 8544 6278
5213 95 6279
310 8664 6280
8721 8281 6281
1355 951 6282
1055 6462 6283
3792 4423 6284
2907 8545 6285
2471 381 6286
7437 5884 6287
2435 5049 6288
6682 6674 6289
796 1110 6290
7500 307 6291
2713 2626 6292
2789 3799 6293
6353 4437 6294
280 6131 6295
7308 2791 6296
2744 2847 6297
4353 7454 6298
7692 5806 6299
1012 2148 6300
8437 7929 6301
8253 6858 6302
7054 4891 6303
7026 6974 6304
7824 8229 6305
4546 6902 6306
1268 6364 6307
1747 2119 6308
4694 8888 6309
3546 6327 6310
2716 7893 6311
5751 270 6312
8363 2567 6313
3916 7466 6314
4608 3163 6315
4772 2262 6316
1831 3445 6317
1806 4902 6318
2269 2516 6319
4386 4885 6320
3350 5581 6321
3693 978 6322
8240 4815 6323
6763 3253 6324
5223 2413 6325
1050 3800 6326
2284 7045 6327
2358 7778 6328
1836 1832 6329
6760 1026 6330
2288 5080 6331
6884 4353 6332
3085 4152 6333
4916 4062 6334
2058 6060 6335
7881 8541 6336
5132 6004 6337
408 3000 6338
2385 2306 6339
5972 4392 6340
3134 2993 6341
6794 967 6342
4535 5165 6343
3387 7450 6344
8823 5756 6345
6533 5460 6346
1807 2405 6347
5318 2684 6348
2058 3576 6349
7021 1458 6350
1550 7001 6351
1481 7515 6352
4480 5723 6353
2598 5372 6354
4044 1696 6355
5692 2669 6356
2670 2682 6357
6971 3059 6358
3397 3065 6359
7496 8308 6360
3319 1874 6361
5153 4563 6362
6307 4401 6363
4887 7818 6364
3802 2757 6365
1843 8788 6366
3490 397 6367
2816 3283 6368
2577 2550 6369
4560 5018 6370
5771 1783 6371
1258 1477 6372
1348 8107 6373
6633 1765 6374
5402 8385 6375
8773 5002 6376
3174 759 6377
7321 8406 6378
1657 3975 6379
6340 7703 6380
8850 352 6381
7346 6368 6382
5902 7455 6383
7722 7932 6384
3271 1223 6385
3754 1703 6386
8250 2493 6387
4419 8773 6388
1871 3139 6389
3397 7141 6390
939 747 6391
4 3484 6392
937 7943 6393
8253 3079 6394
5292 1925 6395
4792 5233 6396
5499 7506 6397
6424 4500 6398
1146 664 6399
298 7056 6400
8639 2472 6401
3581 8039 6402
5125 3931 6403
4161 7039 6404
11 3937 6405
1935 5089 6406
6380 1304 6407
6582 6707 6408
5775 2424 6409
7416 130 6410
5612 1462 6411
8898 2272 6412
8113 8753 6413
7914 2945 6414
5866 4825 6415
4557 3747 6416
3825 911 6417
3816 988 6418
1910 259 6419
1138 2899 6420
6173 51 6421
754 3293 6422
2078 5415 6423
2492 784 6424
8222 2289 6425
4042 8775 6426
6462 597 6427
4139 6500 6428
1536 1049 6429
4867 8119 6430
7837 8567 6431
2488 3041 6432
2090 8715 6433
8364 1858 6434
6958 5751 6435
6716 6766 6436
1100 5126 6437
7898 2594 6438
8847 7587 6439
6358 254 6440
2024 7939 6441
3567 2248 6442
8046 3834 6443
7788 8068 6444
6623 3345 6445
8525 6325 6446
2281 190 6447
3528 366 6448
8553 8796 6449
6656 3045 6450
11 8317 6451
617 8681 6452
1088 2378 6453
3809 5000 6454
6630 7019 6455
476 5765 6456
7028 4087 6457
862 213 6458
5909 6363 6459
7272 6161 6460
1253 2591 6461
2140 957 6462
2255 1945 6463
1692 529 6464
3563 6151 6465
4786 979 6466
6492 8442 6467
8553 7701 6468
4728 391 6469
7368 6793 6470
8381 900 6471
3764 3312 6472
5165 4666 6473
2582 5055 6474
1947 4597 6475
5876 5502 6476
3767 7498 6477
2429 5863 6478
2476 1372 6479
3799 8138 6480
3652 1061 6481
6138 1490 6482
7126 8802 6483
4107 2241 6484
2286 696 6485
3791 6320 6486
2471 2884 6487
2812 5202 6488
7046 8449 6489
835 6465 6490
3040 2149 6491
6729 5865 6492
8282 6417 6493
5164 5208 6494
5649 2923 6495
1357 6859 6496
723 6757 6497
6304 6704 6498
6190 3590 6499
8161 6521 6500
4015 3706 6501
4364 7544 6502
6347 2316 6503
158 4703 6504
8887 5955 6505
4799 1195 6506
7611 2652 6507
2864 5395 6508
5190 3325 6509
4873 3125 6510
2944 5057 6511
3263 3655 6512
1619 5217 6513
3148 7223 6514
2614 3024 6515
853 5956 6516
5846 5749 6517
3412 6423 6518
3677 119 6519
1284 8891 6520
143 2060 6521
7112 3081 6522
5290 4708 6523
6939 4669 6524
5307 3064 6525
4879 4019 6526
3888 6913 6527
5630 1481 6528
7303 7923 6529
3894 3616 6530
5949 3457 6531
816 7630 6532
4435 8524 6533
2661 3905 6534
7719 2963 6535
1685 7206 6536
2034 3162 6537
2958 4521 6538
5942 6963 6539
5453 5601 6540
6026 6822 6541
3730 4767 6542
3608 3734 6543
8809 887 6544
4834 1518 6545
7372 5837 6546
1280 3816 6547
6504 8307 6548
2586 872 6549
9 3238 6550
6960 7175 6551
5890 7883 6552
8405 8564 6553
1767 4484 6554
269 8752 6555
2242 3406 6556
4733 3304 6557
7940 4741 6558
2326 4049 6559
3752 1068 6560
2369 6229 6561
2602 4699 6562
3019 6768 6563
123 8223 6564
6261 5538 6565
5512 6782 6566
5107 5227 6567
8381 1340 6568
7550 2135 6569
2752 4071 6570
4099 8211 6571
3910 8164 6572
4841 7920 6573
988 4499 6574
6977 5757 6575
3548 769 6576
2143 7031 6577
4988 3608 6578
366 5166 6579
451 6847 6580
7301 1927 6581
8086 3887 6582
5240 3047 6583
7363 6941 6584
7420 3245 6585
3110 6925 6586
3146 5854 6587
6884 5417 6588
2389 1541 6589
8493 5872 6590
8710 2532 6591
7613 4013 6592
3660 8220 6593
5649 2091 6594
3980 2473 6595
820 8462 6596
3515 931 6597
1810 5379 6598
8210 5303 6599
6004 5824 6600
290 4801 6601
6040 6842 6602
7219 3373 6603
8132 5602 6604
6478 1738 6605
4250 6237 6606
5024 6973 6607
265 2537 6608
7461 3894 6609
7303 1763 6610
7472 2026 6611
8813 8890 6612
5799 6549 6613
7693 7691 6614
984 7479 6615
6424 4081 6616
6530 7787 6617
5231 2403 6618
6555 1693 6619
3835 6853 6620
2877 594 6621
5090 8319 6622
2586 4180 6623
8623 2503 6624
6820 7780 6625
6236 612 6626
7613 626 6627
6085 2808 6628
1207 2524 6629
1041 1830 6630
8487 7409 6631
7416 7000 6632
49 2613 6633
7429 8692 6634
2198 3170 6635
7242 4418 6636
3737 8697 6637
857 8093 6638
5141 6534 6639
5320 6588 6640
871 2253 6641
1916 5374 6642
2666 3603 6643
6863 1382 6644
1064 3226 6645
3356 7195 6646
5524 3397 6647
557 2894 6648
7037 4025 6649
8339 4621 6650
49 1642 6651
6391 8895 6652
3381 4190 6653
588 6773 6654
3345 5034 6655
5109 7955 6656
1242 1755 6657
4172 2168 6658
941 2751 6659
59 1314 6660
886 8350 6661
4887 2092 6662
1021 2975 6663
634 5263 6664
2064 8630 6665
1798 6685 6666
6863 3857 6667
8148 6367 6668
4356 2581 6669
695 1289 6670
6276 8022 6671
1352 7926 6672
4035 7447 6673
134 3650 6674
1635 7844 6675
8018 3273 6676
2938 3600 6677
1799 1788 6678
2581 4791 6679
6162 7425 6680
331 8328 6681
2898 7699 6682
6933 3488 6683
7916 5835 6684
3289 5583 6685
4457 7050 6686
3633 6948 6687
8787 8755 6688
8699 7934 6689
7123 4398 6690
4274 4908 6691
8446 7825 6692
1280 7203 6693
4385 2320 6694
2935 7765 6695
6082 6870 6696
3871 2281 6697
5173 2161 6698
820 4292 6699
459 1373 6700
984 3880 6701
2288 3494 6702
2233 3001 6703
3830 8553 6704
6085 3046 6705
6032 7653 6706
5330 4730 6707
4928 4613 6708
8829 6341 6709
3382 6356 6710
708 4591 6711
4548 7333 6712
5970 1338 6713
6354 8687 6714
1041 5195 6715
207 3083 6716
6651 3743 6717
4828 3622 6718
2007 7609 6719
6236 6636 6720
7679 5918 6721
1501 3207 6722
7321 3272 6723
706 4794 6724
2460 8860 6725
7502 5285 6726
1381 1692 6727
5019 7784 6728
3715 4911 6729
574 181 6730
3458 1008 6731
8575 8469 6732
8076 6058 6733
1516 3297 6734
3755 4948 6735
4555 3995 6736
6642 1591 6737
4141 7739 6738
4358 4105 6739
168 6016 6740
6392 7350 6741
7043 736 6742
2472 517 6743
6816 242 6744
1514 7527 6745
8057 2830 6746
1715 27 6747
1280 6163 6748
3809 6256 6749
2299 1798 6750
6296 7359 6751
2897 281 6752
5126 7038 6753
7018 1069 6754
4132 7599 6755
5581 8 6756
1954 2523 6757
4563 3820 6758
6585 8076 6759
8296 4525 6760
7665 998 6761
7525 98 6762
2957 7338 6763
2428 1833 6764
2451 7386 6765
4285 3594 6766
4397 940 6767
3302 2654 6768
8644 7280 6769
4788 2885 6770
4217 5978 6771
6265 2345 6772
4575 2606 6773
2877 4460 6774
3598 1258 6775
3769 7558 6776
510 6061 6777
2826 1147 6778
2758 3051 6779
2710 4461 6780
8555 5746 6781
8429 4482 6782
3460 1039 6783
4837 4811 6784
1880 5031 6785
4606 8304 6786
264 8659 6787
37 828 6788
274 2441 6789
6714 3037 6790
777 1473 6791
3583 2648 6792
1566 5398 6793
7392 1745 6794
6903 4209 6795
8815 8382 6796
3131 4040 6797
4146 3288 6798
2252 3470 6799
3213 4539 6800
5648 2942 6801
5619 7030 6802
5156 2922 6803
5882 1261 6804
1696 8833 6805
1676 2471 6806
2326 265 6807
4736 7178 6808
4902 7316 6809
1730 8668 6810
5410 7581 6811
7736 2240 6812
8153 7169 6813
2387 7005 6814
1490 8157 6815
6302 3401 6816
4073 6212 6817
256 3733 6818
2982 1013 6819
698 2157 6820
8259 4952 6821
6957 4867 6822
4501 8701 6823
8898 2879 6824
1970 373 6825
6716 5352 6826
8671 5895 6827
6535 1615 6828
3258 7615 6829
1589 6287 6830
5885 6814 6831
8042 2602 6832
1079 7887 6833
1179 1328 6834
280 4038 6835
576 4414 6836
6424 8841 6837
8771 6584 6838
608 8272 6839
5303 4845 6840
5820 982 6841
5510 3793 6842
3188 487 6843
5252 6215 6844
4243 4003 6845
2910 4047 6846
1427 4879 6847
3593 2067 6848
1082 5574 6849
4402 3797 6850
5466 435 6851
7202 6962 6852
3781 7242 6853
6322 5549 6854
2992 5916 6855
6104 6759 6856
7246 2651 6857
2683 4689 6858
8383 4839 6859
2292 5178 6860
8444 3356 6861
4054 7831 6862
715 7769 6863
6037 4606 6864
1964 7728 6865
1889 244 6866
1809 5900 6867
8220 6447 6868
3250 8894 6869
3006 3837 6870
681 1237 6871
8383 7383 6872
2500 7834 6873
1749 5879 6874
7758 2050 6875
2390 3520 6876
209 5145 6877
1983 172 6878
8789 5213 6879
877 2365 6880
715 4511 6881
3467 4387 6882
8865 1834 6883
4062 4726 6884
3208 6129 6885
8238 4128 6886
2679 1936 6887
2283 6586 6888
8311 2283 6889
8658 353 6890
5648 8609 6891
6767 8678 6892
8015 5037 6893
1000 1521 6894
4814 1424 6895
4723 3524 6896
5712 6575 6897
3359 6017 6898
8129 7212 6899
5852 2807 6900
307 7592 6901
3179 5103 6902
3206 883 6903
6984 8809 6904
5078 6128 6905
5933 6430 6906
5369 715 6907
7529 7200 6908
7447 1899 6909
3587 4018 6910
3871 1786 6911
1877 7230 6912
5077 3395 6913
6724 1878 6914
2721 4468 6915
5456 1196 6916
4690 4404 6917
3029 8581 6918
2121 3673 6919
3110 4244 6920
5378 6638 6921
1970 2236 6922
7606 2700 6923
4150 7799 6924
1290 1329 6925
3767 816 6926
177 617 6927
7975 4441 6928
675 6286 6929
3640 3235 6930
3175 7258 6931
4950 7683 6932
107 156 6933
3203 1478 6934
7703 5901 6935
6637 7758 6936
5106 7909 6937
609 5945 6938
7678 2722 6939
5244 2208 6940
7487 289 6941
859 4529 6942
6101 4955 6943
165 4504 6944
7796 4197 6945
581 5205 6946
7561 4991 6947
5851 3474 6948
4585 3911 6949
7085 8302 6950
3531 5026 6951
1351 1252 6952
922 1987 6953
6716 3956 6954
4473 8423 6955
8721 6827 6956
7890 2347 6957
2383 8763 6958
287 1170 6959
2131 8628 6960
2900 7723 6961
7803 4620 6962
8269 779 6963
5649 6110 6964
4991 6733 6965
8788 5102 6966
6962 6729 6967
6633 3030 6968
5237 6415 6969
5538 2915 6970
5770 246 6971
2446 4195 6972
7979 3519 6973
8618 4982 6974
1148 4274 6975
4056 8526 6976
2155 5980 6977
269 6951 6978
4405 6880 6979
5318 758 6980
4585 5293 6981
8216 806 6982
5248 4472 6983
502 3159 6984
6588 8489 6985
8796 1116 6986
1632 8624 6987
2500 5959 6988
8062 4892 6989
6510 371 6990
933 1565 6991
8528 5830 6992
3075 2334 6993
2625 2202 6994
2643 6806 6995
1069 5541 6996
6814 8476 6997
1083 4282 6998
2363 3096 6999
335 3362 7000
3005 2276 7001
5739 1017 7002
1899 2706 7003
2938 419 7004
2596 4817 7005
7780 6911 7006
7879 4492 7007
1469 1774 7008
3824 861 7009
8263 4262 7010
4921 7034 7011
3459 613 7012
7800 5482 7013
2472 1939 7014
1062 3641 7015
1480 2690 7016
6816 6411 7017
3188 1625 7018
3188 3442 7019
1409 855 7020
7750 4617 7021
5560 195 7022
5401 7503 7023
3182 5070 7024
3423 3925 7025
4984 4740 7026
6926 8417 7027
2764 4016 7028
4527 4692 7029
8335 264 7030
5997 8341 7031
5223 545 7032
5169 396 7033
8242 5758 7034
1553 8096 7035
1343 3432 7036
326 558 7037
8479 1993 7038
7835 211 7039
3621 5664 7040
5739 2474 7041
4700 6619 7042
7018 7759 7043
2103 4564 7044
2299 1243 7045
3255 8813 7046
666 1803 7047
1724 5578 7048
3879 1829 7049
8037 1286 7050
909 1964 7051
5193 8169 7052
7933 7188 7053
8210 2784 7054
599 8219 7055
8506 3882 7056
268 2744 7057
3022 4541 7058
7594 191 7059
4661 4400 7060
3457 1391 7061
2645 314 7062
5079 6732 7063
722 7797 7064
2331 7622 7065
8762 6802 7066
7059 3417 7067
4960 2704 7068
29 6728 7069
3065 5915 7070
5218 7524 7071
1358 7218 7072
2444 1235 7073
5816 5376 7074
2379 2720 7075
6188 5702 7076
2521 3018 7077
5617 5796 7078
121 8605 7079
8388 2558 7080
2170 3509 7081
418 4417 7082
3844 5148 7083
2822 5544 7084
2982 4017 7085
2543 7183 7086
1148 8444 7087
1234 2057 7088
1398 651 7089
1806 2160 7090
6830 3771 7091
5672 5655 7092
5364 1400 7093
3027 330 7094
3050 2639 7095
5300 8736 7096
3945 7290 7097
5085 1531 7098
2873 1432 7099
4185 2851 7100
4289 3575 7101
7611 8004 7102
5472 5869 7103
2796 4362 7104
755 5603 7105
37 3443 7106
6818 7502 7107
6587 6734 7108
682 3120 7109
5151 1533 7110
3467 328 7111
1316 2842 7112
4506 8597 7113
2298 72 7114
751 3431 7115
2198 5046 7116
5845 2943 7117
1040 7084 7118
2521 3821 7119
2538 894 7120
796 7174 7121
7302 8365 7122
8676 8652 7123
5427 5960 7124
190 303 7125
1120 398 7126
3199 5994 7127
940 8019 7128
7011 1905 7129
2959 6968 7130
5400 2631 7131
7565 7996 7132
8216 2176 7133
1542 825 7134
7874 3169 7135
7541 3461 7136
8104 1911 7137
7970 875 7138
5688 1291 7139
637 8176 7140
1998 29 7141
5890 3332 7142
4582 3105 7143
1662 7349 7144
4732 897 7145
7678 7044 7146
5032 2496 7147
2496 4773 7148
3660 1335 7149
6423 6510 7150
1413 5594 7151
7891 3891 7152
2564 3303 7153
5956 8472 7154
7404 4432 7155
3615 4671 7156
6809 5844 7157
520 6651 7158
2065 7444 7159
4873 2749 7160
4313 6002 7161
3807 7131 7162
7506 127 7163
2039 5921 7164
7417 8101 7165
4916 434 7166
1584 5656 7167
4184 943 7168
6535 2237 7169
2441 1070 7170
1636 41 7171
2304 4043 7172
4573 916 7173
4757 974 7174
6870 673 7175
7768 8520 7176
2852 267 7177
4835 507 7178
6033 8209 7179
2826 1138 7180
2357 1568 7181
8328 7475 7182
5288 1548 7183
5106 1062 7184
5102 2045 7185
3715 843 7186
7404 3192 7187
584 707 7188
8841 1212 7189
8546 2787 7190
5289 5610 7191
4333 2670 7192
657 5933 7193
5331 7306 7194
7949 2907 7195
5216 3763 7196
6618 5319 7197
3894 6076 7198
7074 8719 7199
2597 1818 7200
6273 3145 7201
3410 3372 7202
4801 5766 7203
1290 1172 7204
1376 2335 7205
6594 6977 7206
441 8202 7207
7130 5334 7208
8179 3749 7209
901 2855 7210
6270 7323 7211
2032 4439 7212
3667 8020 7213
7078 5755 7214
472 8037 7215
2494 6191 7216
8327 6351 7217
6112 1322 7218
247 7041 7219
4229 7913 7220
3830 6895 7221
300 8533 7222
8521 3374 7223
6753 5458 7224
5852 5439 7225
1021 8467 7226
1352 8746 7227
6026 6606 7228
3271 3970 7229
2777 2221 7230
8892 5762 7231
5172 1264 7232
1518 2184 7233
4391 2988 7234
4695 7566 7235
715 4655 7236
7142 8778 7237
6479 5394 7238
7626 6084 7239
6457 5935 7240
3315 5436 7241
6173 1572 7242
2700 2902 7243
7420 463 7244
5524 97 7245
3182 7828 7246
1645 8061 7247
7899 3183 7248
619 4735 7249
473 3588 7250
6211 6670 7251
8151 5587 7252
8420 6792 7253
3715 4435 7254
5577 7651 7255
5303 2795 7256
6479 6600 7257
2462 7246 7258
1391 1506 7259
5126 7537 7260
2038 3651 7261
6837 4488 7262
5171 2071 7263
6904 8718 7264
8553 2370 7265
8237 7250 7266
3467 2285 7267
3872 8118 7268
1615 6763 7269
8069 7808 7270
984 1749 7271
2527 8379 7272
6766 8010 7273
375 4755 7274
3308 8036 7275
2304 1530 7276
2588 6077 7277
2705 2767 7278
4146 3678 7279
4486 3849 7280
7364 162 7281
7967 1588 7282
7195 5353 7283
2927 7935 7284
5504 465 7285
2818 6380 7286
4899 3497 7287
7401 8607 7288
1036 8691 7289
3825 813 7290
4162 4552 7291
3816 1407 7292
2207 6039 7293
1681 8135 7294
5632 1492 7295
4391 1690 7296
7520 6068 7297
1438 6509 7298
380 4487 7299
8479 4963 7300
169 4965 7301
5358 3707 7302
6011 7626 7303
3165 6419 7304
3419 5864 7305
5959 6158 7306
6077 8348 7307
8410 5093 7308
8555 674 7309
7714 4395 7310
8414 383 7311
7517 490 7312
6198 4199 7313
3966 3626 7314
1258 6214 7315
1035 7357 7316
8703 1526 7317
4036 1678 7318
597 8262 7319
6261 5653 7320
2013 2143 7321
4306 4346 7322
7042 2381 7323
7749 1722 7324
2954 7840 7325
6265 5609 7326
6223 3187 7327
2500 5188 7328
4001 158 7329
1428 3229 7330
4786 3456 7331
5127 497 7332
6043 709 7333
3297 3369 7334
1108 6498 7335
6249 7798 7336
8783 5771 7337
1133 3004 7338
7280 300 7339
5668 3920 7340
1708 8684 7341
4058 4425 7342
7562 1493 7343
6605 5870 7344
3174 6451 7345
4514 6929 7346
6225 5735 7347
8055 1005 7348
6825 8745 7349
2263 3946 7350
6843 4001 7351
199 5290 7352
4363 6466 7353
950 625 7354
747 6010 7355
5460 6083 7356
2661 3006 7357
695 4380 7358
2021 4011 7359
6337 3202 7360
7115 5998 7361
2575 5154 7362
2925 3861 7363
3336 571 7364
5028 5828 7365
3190 6450 7366
3958 2274 7367
3659 7641 7368
5509 4611 7369
8084 5681 7370
8076 4865 7371
571 219 7372
4784 6983 7373
8316 790 7374
197 2053 7375
4176 2759 7376
8807 4241 7377
6929 5545 7378
8711 7986 7379
3154 2323 7380
3260 2484 7381
7145 6944 7382
4666 4295 7383
5469 1203 7384
4263 3842 7385
1380 5627 7386
4384 3260 7387
263 7366 7388
1652 5699 7389
5233 3892 7390
7428 7948 7391
8619 1553 7392
6322 2103 7393
4923 4694 7394
4158 362 7395
2329 5231 7396
2515 2222 7397
4390 7916 7398
2383 7339 7399
265 87 7400
6161 7952 7401
7868 5501 7402
7456 5185 7403
444 1667 7404
4839 8667 7405
1051 3284 7406
976 3290 7407
952 8306 7408
5126 4824 7409
6365 7816 7410
4865 1509 7411
8242 636 7412
2017 6394 7413
5577 1934 7414
4923 6845 7415
2958 1210 7416
3262 5790 7417
3188 7302 7418
2202 6632 7419
8824 1551 7420
3447 3952 7421
2902 7513 7422
8038 6914 7423
6671 4807 7424
6593 4881 7425
1219 1606 7426
1284 933 7427
6510 799 7428
5199 8247 7429
2635 3552 7430
4237 671 7431
2731 3823 7432
1100 2177 7433
2354 8603 7434
802 2667 7435
6433 3358 7436
8140 2701 7437
237 7647 7438
7545 5569 7439
571 838 7440
6778 30 7441
1562 6664 7442
675 1447 7443
4848 82 7444
2192 7392 7445
5460 8536 7446
1985 8116 7447
8671 7168 7448
4759 8543 7449
7038 1242 7450
3550 8113 7451
7772 5731 7452
8375 4350 7453
2255 8481 7454
6504 3026 7455
537 3182 7456
5824 766 7457
2065 2044 7458
2820 2634 7459
1125 8391 7460
8184 4874 7461
265 6905 7462
4039 7209 7463
7483 8249 7464
3129 8512 7465
7067 3104 7466
4737 8803 7467
3412 4306 7468
3442 6476 7469
3956 1677 7470
925 8474 7471
6783 3580 7472
8774 6283 7473
3418 2217 7474
622 4914 7475
2887 6463 7476
2872 8334 7477
4476 3480 7478
1521 4475 7479
6839 7978 7480
3050 588 7481
2361 932 7482
8764 1953 7483
280 8063 7484
6487 6244 7485
3324 6043 7486
6594 3803 7487
1253 3085 7488
1665 7440 7489
6840 1359 7490
5187 2 7491
3863 1723 7492
3958 5988 7493
8746 7914 7494
3171 1861 7495
8841 4760 7496
2392 1887 7497
8357 767 7498
7701 3084 7499
1591 1557 7500
2188 4250 7501
7530 2870 7502
7680 4904 7503
3166 7788 7504
3896 1764 7505
7987 8288 7506
4839 3566 7507
7684 5047 7508
1911 8058 7509
1134 6258 7510
1899 3157 7511
1000 814 7512
1302 471 7513
7632 1422 7514
2711 8793 7515
3150 2695 7516
3050 1740 7517
3565 2432 7518
7385 4397 7519
5250 1374 7520
1466 6496 7521
1588 7665 7522
1822 5685 7523
4007 8554 7524
4612 1985 7525
3108 1645 7526
8490 4252 7527
7027 6874 7528
2577 3228 7529
1352 8180 7530
260 8779 7531
3568 3704 7532
3781 4063 7533
3233 7118 7534
2236 496 7535
3848 3107 7536
8193 6444 7537
2814 8744 7538
352 5397 7539
6174 8313 7540
1515 5201 7541
3590 7724 7542
10 5137 7543
8317 1724 7544
387 4325 7545
4298 2924 7546
8379 2765 7547
4501 3950 7548
2511 8361 7549
4735 2172 7550
8766 615 7551
4430 2717 7552
2724 5930 7553
5519 6611 7554
4066 7731 7555
8695 835 7556
2618 720 7557
4961 7017 7558
7547 7458 7559
1155 6382 7560
2816 3275 7561
4890 5680 7562
6971 3836 7563
4015 3954 7564
6237 3798 7565
6377 995 7566
6857 5301 7567
8769 6434 7568
6349 5647 7569
5638 3212 7570
4717 4901 7571
6988 4567 7572
2379 518 7573
297 4701 7574
8438 4284 7575
2189 3122 7576
4010 8519 7577
4498 7918 7578
4342 1494 7579
8506 3756 7580
1160 6624 7581
6236 1280 7582
6681 5 7583
4327 3351 7584
1146 2520 7585
7824 1088 7586
2907 3665 7587
3180 515 7588
1627 7577 7589
6098 7535 7590
4603 5024 7591
269 5536 7592
6525 1601 7593
3852 4361 7594
8153 5053 7595
579 5957 7596
7669 5123 7597
2970 6200 7598
8809 952 7599
2068 7062 7600
5359 5787 7601
4718 6922 7602
2982 1113 7603
7635 941 7604
786 4166 7605
7824 4830 7606
5512 8601 7607
2032 4226 7608
7010 5816 7609
4982 5822 7610
824 6743 7611
3027 601 7612
5777 1563 7613
2160 6103 7614
5533 1958 7615
380 2598 7616
5923 1389 7617
6892 4786 7618
7902 4143 7619
2949 3831 7620
8093 8090 7621
6332 4223 7622
4829 3776 7623
5914 16 7624
2789 7674 7625
8345 935 7626
2422 4951 7627
2728 326 7628
1935 6742 7629
1553 8186 7630
3031 6104 7631
7021 2867 7632
4515 4452 7633
2475 2074 7634
5578 5675 7635
7802 1839 7636
3058 7076 7637
5943 1128 7638
104 7688 7639
2288 1394 7640
3423 7810 7641
7886 2906 7642
3291 6513 7643
7048 1358 7644
872 1742 7645
5581 5255 7646
5968 6550 7647
4537 6481 7648
6706 4210 7649
2436 3402 7650
1062 6899 7651
2124 5951 7652
3148 2429 7653
730 145 7654
4450 464 7655
1369 5498 7656
3056 424 7657
7998 3299 7658
1944 8040 7659
5175 1666 7660
5165 3472 7661
2058 3277 7662
5731 3189 7663
2137 3628 7664
4501 552 7665
1943 4148 7666
7613 8156 7667
6699 5264 7668
8216 7158 7669
847 4222 7670
5190 866 7671
3289 4114 7672
6078 3979 7673
300 5754 7674
8310 3106 7675
2467 1361 7676
8299 8854 7677
6779 706 7678
8599 5836 7679
7565 6915 7680
6695 6055 7681
5115 6982 7682
3493 5636 7683
6546 743 7684
7389 3330 7685
5052 5268 7686
2699 249 7687
5581 1498 7688
7280 4077 7689
6198 5273 7690
4627 7806 7691
6615 7974 7692
7832 8623 7693
5973 4129 7694
112 6432 7695
5809 8886 7696
1642 3660 7697
7592 6909 7698
5932 7534 7699
4313 2665 7700
2877 3252 7701
7158 4888 7702
6030 5315 7703
3379 4459 7704
2064 7899 7705
534 4748 7706
2938 6675 7707
3209 2297 7708
2540 7193 7709
7920 2531 7710
2733 2017 7711
4972 6148 7712
2326 8672 7713
6976 4680 7714
4639 5649 7715
6311 445 7716
8065 590 7717
2299 5225 7718
2380 4870 7719
2126 5788 7720
7039 3013 7721
8468 301 7722
569 5893 7723
1000 6140 7724
3720 8251 7725
915 3642 7726
358 1114 7727
2851 5537 7728
2570 5269 7729
6644 3522 7730
2778 2339 7731
2534 3523 7732
2521 2703 7733
4212 293 7734
8375 8650 7735
1682 1968 7736
6491 3387 7737
4212 3790 7738
5543 3504 7739
8411 5654 7740
4188 35 7741
1492 4821 7742
6741 5989 7743
7228 4233 7744
5902 6648 7745
4099 6745 7746
10 6223 7747
8411 3454 7748
4066 8434 7749
5241 583 7750
7465 7814 7751
3046 5717 7752
8370 7457 7753
835 5727 7754
5062 8885 7755
8839 5791 7756
8412 8542 7757
4942 7033 7758
5240 5289 7759
2584 1685 7760
547 7982 7761
113 3761 7762
113 8786 7763
4811 8568 7764
6987 3147 7765
693 5240 7766
7039 877 7767
7809 8688 7768
8382 3220 7769
2950 1892 7770
3934 6210 7771
1146 8500 7772
6696 895 7773
1347 4379 7774
2472 853 7775
446 1486 7776
7074 4720 7777
3663 961 7778
2810 6643 7779
2635 4136 7780
7472 380 7781
7321 6167 7782
4458 8675 7783
5394 2595 7784
401 7776 7785
7438 1368 7786
6556 7670 7787
2554 1823 7788
1610 1674 7789
2119 5845 7790
2456 5281 7791
3746 643 7792
6447 6625 7793
4283 5150 7794
2066 5979 7795
2589 6 7796
1151 8066 7797
1702 711 7798
4255 1198 7799
1891 3783 7800
8713 7645 7801
7376 164 7802
4538 7156 7803
1430 4065 7804
4312 3134 7805
520 4311 7806
4729 8874 7807
8462 2953 7808
4435 7269 7809
212 109 7810
5318 4340 7811
2944 3664 7812
6572 4084 7813
8575 6028 7814
2627 5008 7815
3217 4264 7816
5710 5931 7817
6425 8590 7818
484 4857 7819
6637 5364 7820
5288 4318 7821
3710 3847 7822
7693 6931 7823
7738 7358 7824
7652 440 7825
6423 5355 7826
6571 8418 7827
8876 7443 7828
3121 4160 7829
6012 4933 7830
8870 5021 7831
7472 8002 7832
6968 4083 7833
5433 2275 7834
3753 8401 7835
7472 3328 7836
3263 1789 7837
1083 1467 7838
8764 6789 7839
8079 945 7840
2653 4200 7841
1410 8797 7842
1511 8267 7843
6316 6431 7844
6573 1435 7845
6679 6213 7846
7730 4416 7847
4727 3335 7848
7951 5719 7849
2499 1826 7850
372 2300 7851
2640 6706 7852
5942 5434 7853
8812 7445 7854
2188 3342 7855
1645 5673 7856
5839 6526 7857
1854 7224 7858
2350 5006 7859
3496 7057 7860
7238 7984 7861
7321 1550 7862
7037 1157 7863
2068 8669 7864
4222 203 7865
1150 1091 7866
6503 5857 7867
8252 5032 7868
4254 1356 7869
5684 1669 7870
2461 5939 7871
7130 5462 7872
680 858 7873
4939 4661 7874
1331 1307 7875
7439 251 7876
4652 1880 7877
3433 189 7878
6052 3544 7879
894 5818 7880
4543 7278 7881
4405 5856 7882
1321 6830 7883
4473 7274 7884
7969 1962 7885
6282 3889 7886
4397 8785 7887
1212 7055 7888
7057 5495 7889
611 6690 7890
4606 6273 7891
3655 2659 7892
1043 7418 7893
2077 6231 7894
2437 4349 7895
1749 4628 7896
1255 4269 7897
2881 8228 7898
7998 1849 7899
7148 7593 7900
1398 4925 7901
7957 3318 7902
5863 3899 7903
5553 8530 7904
5401 2087 7905
8390 3996 7906
6762 4543 7907
991 8818 7908
645 4060 7909
7163 2145 7910
2959 723 7911
2699 8343 7912
5318 8386 7913
537 4064 7914
4061 6935 7915
6735 6298 7916
1810 2449 7917
5604 1562 7918
7857 7170 7919
197 6005 7920
7684 3958 7921
6301 6420 7922
2106 3662 7923
7519 7073 7924
5983 271 7925
2345 1472 7926
5625 3264 7927
5172 8279 7928
2136 5875 7929
129 4068 7930
6487 5044 7931
4614 1446 7932
7011 5975 7933
5705 3967 7934
2890 3977 7935
4374 3022 7936
5198 7890 7937
1889 6884 7938
3438 4538 7939
1873 6532 7940
4428 2609 7941
7901 8426 7942
7061 7157 7943
2216 6529 7944
2454 2418 7945
3761 1179 7946
7830 8311 7947
1292 8320 7948
5993 6777 7949
5676 830 7950
8348 7289 7951
6433 1012 7952
942 622 7953
2049 7619 7954
88 3817 7955
671 1628 7956
1409 3632 7957
5061 4557 7958
726 6808 7959
8260 7690 7960
2269 7381 7961
382 6312 7962
3961 7625 7963
6963 5838 7964
8156 6059 7965
4216 8498 7966
6648 2871 7967
1686 3864 7968
6896 2961 7969
2739 8739 7970
6132 7155 7971
8144 2001 7972
5241 3668 7973
952 3592 7974
8541 2170 7975
7926 4320 7976
2061 6668 7977
6000 7536 7978
2248 2382 7979
476 3737 7980
1670 8704 7981
7025 8494 7982
6573 786 7983
826 589 7984
8269 4297 7985
6857 7514 7986
5711 4267 7987
2562 719 7988
2687 5605 7989
3365 2096 7990
6535 8250 7991
948 1921 7992
1107 1427 7993
5909 3746 7994
2179 7341 7995
5126 956 7996
8699 272 7997
8618 1311 7998
2065 1556 7999
6652 5625 8000
7692 5892 8001
1669 6518 8002
3346 922 8003
2948 4111 8004
4213 185 8005
2103 5949 8006
3248 1794 8007
4016 8535 8008
4263 876 8009
1859 4336 8010
3854 8134 8011
2517 4602 8012
5104 7422 8013
20 6202 8014
6319 8284 8015
2472 8593 8016
4562 6525 8017
2990 6114 8018
890 8445 8019
5410 1767 8020
4066 8032 8021
4992 7186 8022
730 5406 8023
5244 5291 8024
5018 6879 8025
8670 1963 8026
5971 7757 8027
1023 2252 8028
6162 8291 8029
7365 5811 8030
1717 6999 8031
7280 1406 8032
6215 5367 8033
1395 5586 8034
6139 3966 8035
8462 7607 8036
1153 8661 8037
8521 4088 8038
2806 5478 8039
5173 3368 8040
4067 3032 8041
1883 1434 8042
7828 4042 8043
7408 4203 8044
108 7023 8045
1267 7391 8046
2957 5248 8047
6892 8450 8048
7008 4995 8049
6873 2957 8050
4947 1614 8051
7949 6769 8052
730 4155 8053
6101 3538 8054
2437 578 8055
2702 3759 8056
5291 8042 8057
3898 8725 8058
8097 1274 8059
2831 7315 8060
7919 7663 8061
6648 4283 8062
44 4797 8063
1017 5997 8064
7809 1996 8065
5954 2587 8066
392 7020 8067
615 3895 8068
4530 6150 8069
1988 4512 8070
7706 1971 8071
1903 5535 8072
764 129 8073
7399 5060 8074
2599 7685 8075
4307 4634 8076
6884 7649 8077
4166 5670 8078
6975 6901 8079
876 3074 8080
2007 5323 8081
5914 7379 8082
905 1021 8083
7010 8615 8084
8124 4579 8085
8195 6054 8086
5175 1631 8087
6563 1877 8088
1104 6069 8089
7427 1824 8090
8199 907 8091
488 8703 8092
2616 702 8093
3425 3860 8094
2370 3349 8095
7797 3535 8096
2613 6871 8097
4398 3896 8098
5732 6121 8099
750 4457 8100
8447 8816 8101
5039 7106 8102
7821 8227 8103
6236 329 8104
211 5287 8105
4394 261 8106
6273 7403 8107
5854 3217 8108
6221 8316 8109
6730 6087 8110
4492 3762 8111
4669 5468 8112
1723 5051 8113
5401 7501 8114
3219 3 8115
4602 1571 8116
1743 169 8117
4243 8505 8118
8553 2013 8119
1700 5435 8120
2232 2249 8121
5288 6752 8122
8734 5113 8123
8535 8149 8124
4300 17 8125
7919 78 8126
7899 94 8127
4178 6508 8128
2684 239 8129
8012 89 8130
3110 375 8131
6356 7340 8132
610 4678 8133
2582 7605 8134
95 4074 8135
2189 5847 8136
5959 1619 8137
6452 1155 8138
1427 7225 8139
4582 7504 8140
4556 421 8141
4622 7267 8142
3255 5659 8143
3370 7557 8144
4623 2068 8145
1595 1337 8146
1813 8345 8147
2575 150 8148
7881 2705 8149
4093 4668 8150
5712 630 8151
7647 1640 8152
1940 2617 8153
8397 986 8154
3736 8559 8155
2762 2465 8156
6179 5316 8157
1348 8105 8158
160 7009 8159
8889 533 8160
7985 3624 8161
4612 8072 8162
3797 3777 8163
2748 2035 8164
4574 4491 8165
3247 8409 8166
6690 5720 8167
853 2576 8168
78 4085 8169
4988 6310 8170
8696 939 8171
5950 1613 8172
3284 3623 8173
2283 8433 8174
8317 7097 8175
562 1150 8176
371 6421 8177
1398 2028 8178
7888 1024 8179
2825 8466 8180
2833 7944 8181
5454 550 8182
677 6013 8183
8595 4176 8184
179 336 8185
143 1912 8186
6936 7237 8187
3909 4118 8188
5973 5611 8189
6782 5518 8190
1100 1944 8191
638 7970 8192
6551 5234 8193
3725 449 8194
77 7239 8195
198 5058 8196
4837 6407 8197
936 662 8198
8032 3824 8199
7720 5971 8200
254 645 8201
217 5698 8202
6947 3485 8203
6632 8239 8204
8094 7533 8205
872 7032 8206
1987 7995 8207
7377 1594 8208
1667 8721 8209
2876 1303 8210
8854 4251 8211
247 5286 8212
6181 7163 8213
7803 4657 8214
780 6397 8215
4450 8546 8216
4253 3973 8217
6807 6290 8218
4941 3194 8219
5426 6785 8220
7986 5365 8221
6910 4239 8222
3594 235 8223
2737 1931 8224
6899 3209 8225
2383 378 8226
1311 5401 8227
6332 7327 8228
4066 4536 8229
1944 3399 8230
813 567 8231
4389 3986 8232
2748 2173 8233
4681 5020 8234
3473 8195 8235
1469 598 8236
8625 8084 8237
8479 8594 8238
304 771 8239
8273 7380 8240
2697 8689 8241
6078 1105 8242
8268 6544 8243
2771 202 8244
6318 5360 8245
544 4378 8246
6977 4409 8247
4390 6090 8248
8618 8479 8249
5067 392 8250
7806 8289 8251
69 4219 8252
8257 8453 8253
8042 7262 8254
5745 2223 8255
6679 888 8256
664 6955 8257
5011 6483 8258
8337 183 8259
7223 3627 8260
7523 1275 8261
326 4341 8262
4579 6548 8263
222 8448 8264
5955 5388 8265
37 6188 8266
839 1474 8267
1311 2106 8268
5593 5004 8269
1889 2502 8270
6533 2235 8271
3070 5338 8272
8406 3337 8273
3530 4073 8274
7110 2904 8275
8326 837 8276
619 3324 8277
4876 683 8278
7824 1999 8279
2013 5307 8280
100 8807 8281
1148 8240 8282
6001 7040 8283
8396 950 8284
7769 4771 8285
640 2467 8286
8317 557 8287
2803 1796 8288
6838 7271 8289
5630 7576 8290
685 8873 8291
5660 5509 8292
1705 4485 8293
2189 457 8294
6768 7531 8295
6406 5618 8296
8598 8858 8297
5549 6612 8298
5082 5280 8299
1585 5380 8300
7587 2607 8301
6441 6750 8302
5181 1810 8303
6491 8510 8304
1516 1597 8305
7879 4479 8306
7498 6261 8307
1430 436 8308
6818 4391 8309
3487 1288 8310
8788 1778 8311
7778 1041 8312
2587 2507 8313
7776 318 8314
750 5193 8315
7027 7708 8316
8031 294 8317
2356 6512 8318
4231 6449 8319
3607 7273 8320
5604 1063 8321
3482 6096 8322
3558 3825 8323
1679 1183 8324
1681 8422 8325
2245 6122 8326
820 3249 8327
2006 1499 8328
1151 5572 8329
4081 7711 8330
6953 7205 8331
876 1158 8332
6614 3636 8333
7420 69 8334
6396 4942 8335
6772 543 8336
5735 4316 8337
6617 5881 8338
1974 7693 8339
2103 2086 8340
1553 844 8341
1472 3020 8342
3557 345 8343
6618 5665 8344
7337 7172 8345
4739 8436 8346
4473 4534 8347
6068 4603 8348
7335 7616 8349
8833 1327 8350
5182 5075 8351
5232 6875 8352
3273 8025 8353
6791 1222 8354
7182 1081 8355
4018 7733 8356
3932 2552 8357
5602 5326 8358
8878 406 8359
2744 7375 8360
5901 1206 8361
8012 4626 8362
5161 6330 8363
2430 1914 8364
414 6285 8365
8079 3435 8366
2231 8549 8367
6504 2319 8368
7448 2063 8369
4 1233 8370
6510 3533 8371
4932 4779 8372
3443 7858 8373
8342 7146 8374
330 6490 8375
4218 2368 8376
1309 7511 8377
424 3609 8378
8126 1218 8379
1083 7633 8380
7847 1201 8381
2259 2605 8382
3854 756 8383
6373 5228 8384
4713 5483 8385
3871 3938 8386
1123 7554 8387
5191 8783 8388
3329 5517 8389
3576 5732 8390
611 8845 8391
3219 3495 8392
1905 8882 8393
4162 7854 8394
104 5252 8395
6854 70 8396
1955 5257 8397
4811 2078 8398
7145 2730 8399
8515 2164 8400
8779 4633 8401
3236 3929 8402
7594 4916 8403
1628 8587 8404
3029 3606 8405
2187 7436 8406
8625 3549 8407
1521 850 8408
4908 166 8409
2223 4089 8410
8447 3532 8411
29 5076 8412
2440 8294 8413
4121 4130 8414
4865 6412 8415
1727 8551 8416
8414 1870 8417
3555 3543 8418
5648 1200 8419
1418 4124 8420
2538 644 8421
1683 295 8422
1536 228 8423
3982 5962 8424
6464 1296 8425
1669 3873 8426
6172 8193 8427
8410 2244 8428
1212 5944 8429
3696 5101 8430
4695 6622 8431
6873 3945 8432
8062 4347 8433
6013 6569 8434
3366 4566 8435
8845 4331 8436
3995 3855 8437
1563 6107 8438
1182 8871 8439
2251 3063 8440
3473 2711 8441
3062 2987 8442
6322 5459 8443
8618 1095 8444
3560 5235 8445
3473 6740 8446
2685 5729 8447
1288 4405 8448
8623 2209 8449
1553 6282 8450
8118 1626 8451
5832 7654 8452
1352 4575 8453
77 5786 8454
4847 4147 8455
4811 1885 8456
8619 4696 8457
3019 7749 8458
1741 7414 8459
7261 1302 8460
4435 8437 8461
3176 4846 8462
3723 7241 8463
6627 1575 8464
6016 1750 8465
867 2255 8466
4198 6482 8467
5238 5689 8468
4829 6461 8469
1670 4225 8470
7813 810 8471
6839 7857 8472
1708 4665 8473
2948 5613 8474
3916 8352 8475
5492 8754 8476
5289 1089 8477
5244 5250 8478
3049 7811 8479
3088 4080 8480
1186 7770 8481
7556 7936 8482
4909 365 8483
1886 8136 8484
6749 3796 8485
304 234 8486
8183 5339 8487
1754 6252 8488
2109 3659 8489
5699 1166 8490
6428 3444 8491
522 7382 8492
1194 6384 8493
7428 8555 8494
4808 447 8495
6020 2343 8496
3669 718 8497
6639 3153 8498
3607 797 8499
1996 2992 8500
6642 1320 8501
5921 291 8502
331 2779 8503
4107 1639 8504
8686 7328 8505
820 6946 8506
1964 3810 8507
6741 8810 8508
5074 3819 8509
1796 1630 8510
4203 165 8511
37 4041 8512
5766 2437 8513
1261 4113 8514
2601 942 8515
5353 621 8516
5590 7231 8517
3324 2889 8518
5644 3423 8519
7205 6008 8520
6169 5990 8521
8610 5877 8522
8292 4996 8523
3555 5598 8524
6148 1515 8525
3689 946 8526
1865 1316 8527
4331 4967 8528
3538 523 8529
8299 2939 8530
5147 5288 8531
1782 2962 8532
4243 5363 8533
6011 2420 8534
1747 5109 8535
6311 6882 8536
7916 6971 8537
7428 1715 8538
3188 3231 8539
4247 6155 8540
5766 395 8541
4441 2151 8542
77 253 8543
4944 7324 8544
4300 2142 8545
1439 7419 8546
7049 126 8547
8434 2180 8548
8253 7813 8549
478 8604 8550
8630 7477 8551
545 8301 8552
3324 6642 8553
793 3865 8554
8573 8461 8555
6670 4370 8556
3683 5889 8557
3043 8502 8558
5285 1497 8559
6218 495 8560
3437 5322 8561
5199 5359 8562
5244 7354 8563
8120 8071 8564
6173 1851 8565
6403 2305 8566
7408 4218 8567
6282 2733 8568
31 2661 8569
8314 8132 8570
77 2292 8571
3560 5623 8572
2543 5827 8573
258 6587 8574
1161 1228 8575
4375 2932 8576
1991 2624 8577
7825 3730 8578
118 5298 8579
6721 6564 8580
3495 7977 8581
4677 5256 8582
345 6208 8583
2626 2199 8584
8720 1101 8585
5714 5067 8586
110 1772 8587
5539 3206 8588
2758 4275 8589
1894 5977 8590
5172 6531 8591
333 1520 8592
3896 4632 8593
5426 5555 8594
42 7763 8595
7894 2799 8596
3201 7632 8597
4181 8235 8598
4827 5496 8599
3259 7004 8600
7261 4185 8601
1771 5922 8602
3186 1866 8603
2780 6735 8604
5855 7046 8605
5971 3904 8606
654 5637 8607
3372 1326 8608
4668 1121 8609
4064 3099 8610
4933 3347 8611
4864 5797 8612
8430 6590 8613
7296 4639 8614
4494 3473 8615
6166 5580 8616
1605 65 8617
3081 3701 8618
4860 7735 8619
3261 7530 8620
6301 3012 8621
6884 7232 8622
4774 4375 8623
5515 8327 8624
8294 7736 8625
2009 739 8626
5844 7489 8627
7408 6249 8628
5988 3175 8629
889 8102 8630
114 2194 8631
4937 4710 8632
1657 6220 8633
6618 6596 8634
7620 6035 8635
2675 139 8636
5015 8305 8637
7352 5001 8638
49 1129 8639
6738 2840 8640
2106 484 8641
5750 2865 8642
3877 5116 8643
3830 2826 8644
7809 6280 8645
5376 3569 8646
6082 5134 8647
816 476 8648
414 7087 8649
6946 8177 8650
1000 4612 8651
6361 3780 8652
4132 1078 8653
1460 1756 8654
6858 2984 8655
8408 1019 8656
17 6067 8657
5047 2167 8658
6146 8646 8659
5919 4463 8660
1627 3525 8661
2445 3559 8662
4774 5799 8663
5459 8013 8664
6396 8095 8665
4713 624 8666
332 6445 8667
7054 220 8668
1702 4650 8669
4774 2039 8670
789 7712 8671
2526 7159 8672
7704 4778 8673
3209 7314 8674
3263 8204 8675
3071 4691 8676
8692 8175 8677
7099 5507 8678
5651 308 8679
6460 7937 8680
5584 4022 8681
231 2687 8682
7485 2445 8683
8046 5657 8684
1761 6756 8685
1469 6089 8686
1588 2548 8687
8688 3080 8688
2769 6117 8689
7812 2211 8690
287 73 8691
6139 2573 8692
7099 7897 8693
7519 8129 8694
333 3516 8695
8142 5494 8696
4227 2996 8697
5956 7650 8698
3522 4861 8699
472 493 8700
2430 1513 8701
8411 3103 8702
3905 7252 8703
881 1324 8704
6211 1272 8705
1491 2918 8706
3576 1969 8707
375 3396 8708
503 7291 8709
2641 6538 8710
2028 2534 8711
1880 5595 8712
386 6487 8713
8826 2453 8714
2486 3792 8715
6535 4227 8716
2246 7836 8717
8641 6435 8718
7310 1033 8719
3383 596 8720
6826 5784 8721
4706 6216 8722
4608 5769 8723
6041 7109 8724
619 6424 8725
1357 8572 8726
6004 4455 8727
6396 2965 8728
7602 4929 8729
6279 1397 8730
8447 3872 8731
95 2384 8732
4570 5911 8733
1552 4768 8734
656 5219 8735
2521 8514 8736
6402 3471 8737
258 8827 8738
3641 3965 8739
3419 4758 8740
390 4211 8741
3469 6152 8742
7636 2485 8743
4650 2843 8744
1746 1076 8745
3032 5776 8746
5890 7998 8747
8553 4799 8748
8444 7959 8749
786 321 8750
4067 215 8751
8439 7112 8752
8008 5965 8753
538 5069 8754
7059 1654 8755
180 4324 8756
5427 6688 8757
5738 3469 8758
5292 6614 8759
3823 1519 8760
6337 2016 8761
7036 6375 8762
3872 2540 8763
5181 7367 8764
8192 6719 8765
3445 1140 8766
3163 1695 8767
8084 3439 8768
2560 8416 8769
7546 1032 8770
796 8720 8771
3593 3161 8772
8628 3751 8773
4991 2070 8774
3289 2698 8775
3191 7988 8776
6928 1592 8777
7926 2910 8778
8786 2294 8779
5249 8264 8780
3708 4601 8781
995 5144 8782
5884 1192 8783
2103 3871 8784
8324 562 8785
562 8167 8786
2026 5909 8787
3162 7287 8788
5126 8381 8789
2240 3186 8790
454 1845 8791
2068 6824 8792
2610 7199 8793
3148 3154 8794
2061 5279 8795
1449 1025 8796
7354 6410 8797
6657 8653 8798
4009 3878 8799
137 6166 8800
796 6457 8801
1390 7761 8802
6672 8872 8803
3278 2213 8804
8447 1496 8805
7055 5267 8806
4274 6101 8807
4546 661 8808
7758 3460 8809
7973 1694 8810
5364 3195 8811
4130 8843 8812
218 8503 8813
8210 5275 8814
876 6291 8815
3305 3459 8816
4844 1454 8817
7236 6277 8818
5084 6113 8819
1219 679 8820
716 4961 8821
5932 2878 8822
1521 6428 8823
123 3941 8824
2472 3571 8825
6290 1886 8826
3728 6371 8827
111 8532 8828
8251 3052 8829
8531 8182 8830
3495 7047 8831
5134 7980 8832
3980 3365 8833
3686 8440 8834
8790 4119 8835
695 4637 8836
7998 526 8837
425 4429 8838
6837 5392 8839
3428 6511 8840
2977 5952 8841
6929 92 8842
50 938 8843
8900 312 8844
3 5842 8845
413 3614 8846
2095 7 8847
3260 5513 8848
2078 6448 8849
3438 179 8850
4116 4205 8851
5052 1398 8852
2981 4555 8853
3002 3539 8854
5453 5883 8855
1900 2828 8856
113 3753 8857
3708 6939 8858
2884 91 8859
6980 7300 8860
3800 8645 8861
967 2789 8862
796 317 8863
3383 1712 8864
432 609 8865
4013 8340 8866
5239 6626 8867
7684 3350 8868
2491 4780 8869
2168 2561 8870
8169 7088 8871
8893 5596 8872
3804 7426 8873
5018 5674 8874
7145 4754 8875
7554 8278 8876
7519 1310 8877
5647 8171 8878
3448 8362 8879
1633 4761 8880
2459 1248 8881
8103 5426 8882
1836 6860 8883
2349 3056 8884
3476 241 8885
3036 3683 8886
5811 4372 8887
328 8405 8888
131 3201 8889
4185 5984 8890
7798 4903 8891
4390 5905 8892
6741 3935 8893
1572 3530 8894
1789 8651 8895
5925 1904 8896
5290 8206 8897
7085 4782 8898
8117 6342 8899
6749 7546 8900
