200 8500 8500
111 82 1
182 179 2
6 29 3
152 71 4
180 162 5
32 81 6
40 175 7
142 114 8
30 28 9
106 158 10
2 52 11
78 43 12
108 169 13
106 174 14
14 21 15
19 50 16
97 20 17
110 30 18
108 136 19
91 41 20
33 23 21
137 21 22
30 79 23
30 13 24
21 153 25
166 77 26
3 174 27
92 62 28
59 53 29
75 102 30
73 68 31
127 101 32
15 77 33
74 141 34
24 171 35
187 10 36
169 191 37
181 137 38
47 39 39
64 189 40
162 191 41
153 155 42
30 150 43
36 102 44
8 124 45
69 120 46
200 129 47
95 28 48
16 189 49
108 184 50
149 131 51
109 95 52
142 20 53
183 187 54
167 17 55
193 103 56
78 123 57
94 112 58
25 52 59
185 97 60
194 1 61
44 145 62
1 165 63
148 146 64
159 39 65
31 73 66
189 198 67
7 66 68
49 149 69
141 171 70
13 139 71
58 98 72
36 179 73
91 117 74
174 12 75
196 127 76
103 200 77
162 60 78
113 128 79
111 143 80
103 69 81
94 199 82
103 114 83
169 32 84
168 159 85
87 42 86
83 45 87
129 3 88
163 104 89
10 96 90
14 49 91
105 126 92
14 102 93
152 38 94
59 129 95
85 185 96
46 184 97
137 108 98
45 67 99
175 59 100
183 62 101
50 64 102
33 178 103
139 4 104
128 52 105
171 142 106
63 172 107
55 77 108
31 52 109
151 45 110
9 48 111
80 111 112
121 108 113
177 180 114
184 40 115
53 24 116
19 154 117
182 21 118
76 165 119
33 130 120
133 87 121
199 134 122
31 10 123
186 150 124
149 176 125
100 116 126
119 59 127
6 62 128
137 166 129
2 178 130
189 131 131
121 81 132
74 11 133
156 93 134
135 63 135
143 195 136
186 60 137
186 162 138
128 81 139
152 105 140
20 183 141
26 160 142
114 108 143
114 36 144
142 107 145
132 21 146
19 167 147
138 131 148
179 122 149
91 17 150
62 12 151
79 163 152
173 167 153
25 166 154
70 38 155
48 53 156
76 179 157
189 39 158
44 7 159
22 55 160
26 142 161
87 77 162
88 46 163
194 198 164
95 35 165
33 99 166
169 24 167
88 103 168
167 175 169
24 119 170
167 94 171
62 168 172
19 48 173
185 36 174
22 173 175
187 194 176
54 100 177
32 51 178
22 68 179
101 28 180
114 145 181
52 112 182
158 60 183
57 177 184
74 30 185
16 54 186
156 98 187
50 30 188
47 90 189
51 95 190
75 54 191
5 8 192
134 71 193
39 74 194
152 127 195
141 67 196
85 148 197
50 42 198
35 142 199
167 3 200
12 135 201
25 105 202
3 180 203
130 18 204
74 45 205
73 109 206
119 159 207
73 48 208
186 185 209
43 147 210
133 27 211
195 101 212
163 77 213
54 127 214
136 66 215
139 183 216
185 173 217
153 158 218
61 105 219
147 35 220
98 114 221
138 61 222
173 101 223
63 83 224
63 2 225
80 164 226
3 14 227
3 143 228
3 9 229
145 174 230
30 32 231
14 84 232
175 69 233
198 171 234
139 152 235
47 168 236
9 14 237
118 139 238
10 66 239
79 125 240
27 17 241
190 13 242
34 86 243
145 20 244
138 30 245
34 68 246
35 47 247
44 37 248
191 12 249
47 130 250
92 12 251
85 80 252
116 52 253
29 142 254
124 130 255
63 62 256
80 154 257
130 81 258
118 9 259
160 103 260
120 179 261
137 77 262
21 88 263
41 38 264
56 78 265
196 30 266
32 118 267
159 7 268
166 150 269
24 139 270
174 40 271
153 53 272
171 175 273
165 174 274
57 8 275
114 43 276
186 165 277
185 138 278
117 185 279
59 64 280
161 148 281
52 177 282
4 10 283
188 87 284
94 149 285
93 75 286
29 150 287
121 159 288
200 70 289
164 127 290
113 133 291
192 111 292
83 141 293
142 176 294
136 197 295
103 67 296
74 6 297
51 150 298
145 35 299
95 21 300
148 128 301
139 108 302
195 150 303
172 65 304
108 31 305
94 32 306
159 190 307
147 149 308
116 27 309
30 51 310
52 8 311
149 138 312
142 47 313
26 5 314
119 154 315
61 40 316
74 117 317
87 46 318
119 79 319
27 98 320
56 8 321
4 13 322
125 92 323
48 139 324
109 100 325
43 32 326
189 178 327
169 99 328
99 45 329
59 184 330
164 101 331
7 2 332
73 115 333
35 30 334
9 150 335
32 164 336
88 184 337
52 185 338
125 10 339
31 163 340
17 144 341
36 172 342
38 149 343
197 151 344
179 11 345
182 127 346
63 61 347
160 156 348
55 21 349
99 187 350
65 197 351
62 144 352
130 52 353
199 75 354
57 191 355
22 94 356
119 12 357
133 190 358
112 38 359
45 31 360
193 160 361
164 137 362
77 1 363
150 111 364
87 138 365
195 91 366
110 59 367
70 141 368
58 63 369
132 10 370
163 139 371
23 50 372
26 141 373
59 136 374
174 52 375
27 101 376
65 11 377
53 176 378
102 38 379
78 162 380
7 58 381
171 37 382
106 107 383
85 76 384
115 164 385
44 53 386
171 73 387
175 49 388
8 17 389
122 62 390
40 163 391
195 66 392
90 11 393
93 68 394
198 12 395
11 48 396
128 68 397
177 178 398
91 169 399
43 111 400
135 149 401
15 52 402
174 190 403
162 133 404
146 150 405
138 54 406
197 185 407
184 117 408
132 156 409
120 143 410
94 180 411
198 55 412
52 172 413
39 125 414
74 56 415
176 42 416
58 35 417
25 133 418
194 40 419
27 187 420
86 1 421
75 58 422
45 148 423
184 21 424
101 123 425
190 99 426
158 95 427
177 62 428
95 38 429
73 179 430
3 41 431
11 124 432
82 174 433
184 20 434
10 116 435
153 127 436
141 140 437
13 61 438
129 72 439
89 193 440
34 69 441
165 113 442
85 73 443
3 113 444
155 134 445
162 33 446
47 12 447
167 67 448
68 38 449
188 197 450
59 79 451
72 10 452
70 162 453
183 18 454
185 83 455
110 70 456
133 120 457
160 120 458
103 177 459
18 8 460
62 129 461
81 1 462
69 72 463
126 158 464
136 3 465
167 29 466
60 126 467
11 182 468
98 105 469
29 179 470
111 133 471
2 180 472
21 159 473
65 108 474
197 186 475
1 58 476
62 190 477
41 139 478
83 109 479
118 31 480
110 78 481
183 12 482
15 146 483
173 5 484
88 41 485
36 173 486
62 124 487
158 128 488
59 147 489
13 128 490
177 84 491
167 98 492
183 87 493
116 97 494
95 128 495
131 105 496
19 113 497
184 22 498
147 71 499
82 76 500
182 86 501
100 166 502
179 106 503
39 13 504
137 179 505
187 106 506
23 194 507
98 142 508
5 186 509
142 178 510
81 158 511
103 78 512
124 117 513
25 60 514
6 161 515
62 91 516
116 66 517
172 118 518
113 187 519
168 37 520
78 77 521
119 139 522
17 52 523
161 67 524
99 113 525
118 93 526
97 152 527
116 34 528
193 98 529
184 175 530
176 127 531
72 71 532
99 181 533
161 72 534
33 17 535
124 110 536
26 61 537
107 11 538
99 105 539
183 8 540
36 69 541
101 60 542
40 7 543
25 19 544
133 10 545
149 166 546
70 130 547
183 146 548
137 158 549
53 191 550
99 185 551
6 186 552
51 138 553
113 194 554
93 104 555
14 161 556
177 127 557
118 39 558
6 197 559
87 47 560
9 184 561
129 147 562
78 74 563
92 152 564
137 32 565
3 42 566
118 142 567
189 3 568
26 114 569
30 20 570
149 84 571
46 147 572
78 33 573
2 132 574
172 96 575
134 188 576
77 177 577
155 24 578
133 155 579
180 7 580
198 174 581
117 177 582
29 177 583
102 125 584
153 108 585
96 95 586
151 125 587
80 130 588
5 198 589
98 134 590
7 157 591
105 114 592
108 181 593
58 136 594
190 71 595
91 160 596
198 21 597
190 53 598
64 96 599
176 78 600
18 193 601
10 192 602
68 146 603
105 16 604
144 160 605
126 62 606
79 198 607
59 100 608
167 59 609
36 41 610
131 11 611
46 108 612
154 49 613
158 59 614
155 102 615
195 5 616
22 120 617
41 183 618
94 93 619
91 127 620
9 94 621
125 29 622
134 197 623
167 181 624
193 175 625
196 163 626
134 50 627
7 154 628
27 129 629
196 44 630
195 79 631
76 139 632
179 21 633
168 27 634
42 167 635
54 135 636
5 93 637
148 147 638
174 146 639
16 97 640
52 90 641
74 133 642
20 34 643
198 169 644
23 124 645
62 21 646
131 116 647
149 126 648
108 97 649
142 86 650
112 36 651
115 70 652
30 8 653
24 160 654
186 85 655
122 23 656
45 116 657
95 80 658
94 71 659
85 53 660
39 154 661
95 162 662
134 30 663
185 63 664
79 165 665
170 127 666
167 128 667
91 148 668
13 145 669
200 171 670
81 186 671
164 78 672
61 74 673
136 29 674
178 191 675
68 57 676
144 92 677
92 172 678
61 182 679
171 26 680
80 134 681
87 173 682
181 129 683
169 122 684
158 99 685
165 90 686
121 30 687
60 42 688
193 155 689
103 44 690
94 4 691
111 156 692
1 183 693
20 180 694
60 123 695
33 183 696
134 27 697
69 160 698
164 50 699
6 21 700
151 183 701
80 32 702
130 69 703
62 142 704
12 97 705
39 132 706
159 22 707
124 169 708
98 198 709
114 75 710
183 79 711
115 180 712
51 49 713
32 154 714
188 121 715
70 78 716
162 197 717
76 135 718
130 170 719
60 138 720
11 141 721
109 47 722
114 71 723
10 188 724
92 98 725
132 92 726
16 186 727
143 131 728
168 46 729
147 191 730
164 142 731
150 47 732
81 166 733
41 163 734
134 5 735
163 176 736
20 79 737
186 9 738
21 190 739
144 82 740
30 103 741
121 112 742
99 26 743
85 17 744
172 80 745
119 192 746
73 164 747
163 142 748
190 33 749
26 48 750
124 118 751
1 166 752
10 179 753
195 98 754
49 93 755
58 32 756
100 58 757
88 54 758
16 48 759
156 195 760
151 121 761
96 31 762
4 58 763
3 162 764
192 186 765
158 63 766
67 41 767
89 135 768
158 83 769
178 106 770
146 166 771
172 193 772
126 91 773
86 159 774
5 97 775
58 99 776
144 145 777
155 124 778
184 179 779
8 22 780
102 143 781
65 139 782
85 58 783
128 151 784
78 101 785
195 72 786
181 140 787
31 85 788
162 178 789
159 184 790
190 31 791
16 6 792
124 188 793
68 24 794
180 85 795
157 92 796
176 120 797
27 42 798
169 82 799
161 125 800
177 5 801
105 174 802
82 86 803
9 36 804
12 19 805
171 97 806
139 60 807
188 109 808
36 198 809
100 185 810
168 111 811
183 76 812
176 180 813
130 118 814
119 197 815
189 121 816
41 85 817
84 93 818
3 65 819
41 181 820
79 105 821
115 141 822
153 182 823
40 149 824
191 88 825
42 4 826
15 94 827
127 106 828
102 104 829
97 117 830
139 98 831
190 96 832
26 118 833
100 115 834
8 109 835
187 70 836
40 166 837
152 23 838
179 177 839
177 194 840
198 93 841
47 97 842
125 130 843
4 66 844
92 93 845
91 71 846
182 76 847
99 62 848
86 7 849
119 191 850
33 22 851
179 192 852
177 93 853
56 9 854
86 121 855
183 4 856
85 65 857
100 159 858
90 108 859
45 78 860
120 182 861
28 133 862
52 20 863
196 37 864
165 139 865
184 55 866
106 111 867
76 38 868
152 25 869
62 192 870
181 98 871
46 17 872
92 176 873
75 6 874
137 168 875
82 21 876
120 172 877
101 120 878
50 6 879
151 107 880
58 78 881
177 161 882
37 128 883
147 195 884
56 24 885
173 60 886
29 158 887
142 22 888
61 135 889
136 152 890
139 158 891
170 199 892
167 70 893
16 113 894
29 169 895
49 87 896
63 70 897
79 123 898
39 71 899
55 156 900
147 144 901
196 88 902
117 141 903
2 76 904
149 12 905
54 120 906
137 11 907
145 54 908
106 36 909
192 46 910
135 86 911
52 56 912
71 81 913
178 197 914
178 150 915
81 167 916
126 52 917
15 158 918
55 178 919
116 54 920
147 132 921
55 123 922
197 161 923
58 6 924
50 152 925
142 124 926
197 56 927
97 129 928
2 77 929
24 113 930
60 59 931
133 123 932
145 153 933
53 120 934
162 115 935
22 160 936
72 3 937
152 112 938
77 46 939
188 173 940
63 167 941
189 140 942
132 107 943
163 25 944
64 193 945
146 149 946
125 28 947
23 100 948
113 144 949
158 88 950
48 192 951
125 69 952
79 129 953
44 23 954
172 8 955
135 108 956
43 35 957
182 58 958
3 81 959
9 1 960
102 199 961
133 143 962
44 91 963
125 134 964
46 57 965
188 162 966
33 74 967
141 194 968
154 124 969
199 41 970
38 138 971
83 59 972
89 42 973
57 151 974
59 31 975
43 60 976
164 107 977
130 174 978
180 178 979
89 137 980
96 114 981
27 61 982
127 116 983
88 117 984
116 173 985
99 161 986
61 121 987
23 5 988
38 146 989
81 147 990
10 107 991
169 145 992
116 65 993
34 60 994
180 93 995
4 86 996
19 58 997
91 88 998
124 104 999
120 26 1000
5 16 1001
155 142 1002
133 39 1003
118 116 1004
27 65 1005
14 23 1006
139 166 1007
110 96 1008
147 55 1009
59 75 1010
158 143 1011
57 111 1012
113 121 1013
46 73 1014
165 61 1015
153 64 1016
189 79 1017
37 16 1018
165 14 1019
92 156 1020
35 140 1021
182 177 1022
40 88 1023
93 33 1024
194 123 1025
110 141 1026
150 7 1027
194 185 1028
101 181 1029
192 140 1030
95 26 1031
192 78 1032
170 164 1033
37 139 1034
117 3 1035
194 186 1036
198 17 1037
24 44 1038
168 135 1039
64 1 1040
173 61 1041
1 121 1042
44 195 1043
1 16 1044
92 116 1045
31 33 1046
148 194 1047
9 168 1048
118 186 1049
75 57 1050
139 167 1051
57 163 1052
79 97 1053
131 100 1054
55 173 1055
64 92 1056
123 31 1057
99 50 1058
87 37 1059
62 53 1060
117 156 1061
101 76 1062
3 178 1063
21 89 1064
2 36 1065
66 183 1066
61 122 1067
192 65 1068
68 129 1069
80 108 1070
113 28 1071
27 100 1072
103 154 1073
81 43 1074
3 105 1075
184 178 1076
134 178 1077
40 102 1078
44 179 1079
108 20 1080
95 138 1081
120 19 1082
145 87 1083
171 106 1084
104 134 1085
189 36 1086
99 146 1087
155 28 1088
14 37 1089
198 131 1090
125 164 1091
41 45 1092
89 116 1093
136 15 1094
172 77 1095
37 199 1096
35 133 1097
108 178 1098
18 122 1099
114 149 1100
140 52 1101
5 50 1102
19 101 1103
196 175 1104
152 70 1105
129 139 1106
107 96 1107
148 43 1108
41 56 1109
193 130 1110
77 67 1111
25 64 1112
117 58 1113
21 78 1114
184 149 1115
143 174 1116
149 141 1117
168 98 1118
7 170 1119
119 124 1120
24 167 1121
70 60 1122
94 200 1123
182 7 1124
84 16 1125
95 159 1126
160 63 1127
9 83 1128
62 161 1129
160 133 1130
135 137 1131
161 47 1132
45 188 1133
166 172 1134
54 181 1135
157 56 1136
2 14 1137
198 16 1138
35 13 1139
9 80 1140
144 135 1141
54 169 1142
48 7 1143
164 157 1144
61 168 1145
96 122 1146
25 14 1147
143 173 1148
122 177 1149
161 147 1150
94 168 1151
144 127 1152
101 6 1153
148 86 1154
107 159 1155
82 188 1156
108 96 1157
136 99 1158
139 142 1159
145 138 1160
185 166 1161
66 161 1162
107 183 1163
106 33 1164
40 76 1165
42 1 1166
16 74 1167
26 188 1168
110 117 1169
29 17 1170
118 54 1171
115 131 1172
194 142 1173
184 89 1174
182 93 1175
135 182 1176
163 42 1177
69 10 1178
160 184 1179
143 65 1180
40 198 1181
64 16 1182
46 26 1183
90 45 1184
45 61 1185
134 141 1186
115 172 1187
5 136 1188
186 38 1189
59 99 1190
89 43 1191
117 119 1192
77 76 1193
188 125 1194
87 98 1195
28 9 1196
79 109 1197
175 172 1198
174 185 1199
164 177 1200
179 186 1201
159 54 1202
124 1 1203
134 122 1204
30 200 1205
114 53 1206
21 177 1207
64 90 1208
114 54 1209
175 8 1210
139 130 1211
73 134 1212
145 188 1213
14 22 1214
118 129 1215
190 191 1216
20 126 1217
102 170 1218
118 98 1219
177 193 1220
143 33 1221
19 38 1222
25 113 1223
87 111 1224
131 177 1225
169 92 1226
46 112 1227
84 104 1228
177 185 1229
53 9 1230
192 189 1231
155 39 1232
91 63 1233
24 146 1234
27 142 1235
185 5 1236
139 15 1237
37 51 1238
118 122 1239
81 192 1240
37 38 1241
185 110 1242
40 193 1243
51 91 1244
174 44 1245
175 46 1246
32 140 1247
183 173 1248
72 184 1249
118 195 1250
44 127 1251
126 67 1252
197 55 1253
195 40 1254
27 77 1255
100 117 1256
15 50 1257
186 144 1258
37 194 1259
19 110 1260
47 99 1261
138 62 1262
31 27 1263
198 149 1264
47 167 1265
117 17 1266
90 41 1267
149 2 1268
10 131 1269
130 147 1270
106 197 1271
95 71 1272
97 178 1273
103 158 1274
1 34 1275
33 120 1276
196 91 1277
27 182 1278
145 110 1279
6 71 1280
72 55 1281
128 8 1282
20 165 1283
17 60 1284
32 37 1285
200 106 1286
155 181 1287
126 184 1288
93 22 1289
108 93 1290
8 64 1291
16 76 1292
53 71 1293
176 49 1294
23 34 1295
44 146 1296
97 153 1297
144 197 1298
176 184 1299
19 198 1300
184 32 1301
23 40 1302
78 65 1303
9 134 1304
5 126 1305
54 58 1306
158 154 1307
195 37 1308
149 43 1309
48 14 1310
128 65 1311
197 52 1312
114 72 1313
92 47 1314
197 196 1315
120 41 1316
148 63 1317
197 31 1318
189 84 1319
175 147 1320
96 111 1321
130 146 1322
188 157 1323
137 87 1324
48 132 1325
131 97 1326
128 34 1327
26 186 1328
4 104 1329
129 140 1330
55 157 1331
65 167 1332
61 188 1333
92 48 1334
139 125 1335
176 96 1336
74 143 1337
105 6 1338
140 175 1339
109 112 1340
24 35 1341
181 15 1342
44 187 1343
58 24 1344
143 85 1345
46 189 1346
180 151 1347
33 119 1348
180 166 1349
145 65 1350
119 48 1351
134 118 1352
86 24 1353
78 151 1354
118 197 1355
28 79 1356
190 109 1357
145 141 1358
116 126 1359
138 13 1360
124 190 1361
62 107 1362
29 195 1363
86 65 1364
48 177 1365
80 84 1366
79 114 1367
180 131 1368
167 151 1369
191 75 1370
19 43 1371
151 150 1372
18 40 1373
186 174 1374
63 104 1375
22 29 1376
93 32 1377
34 177 1378
133 4 1379
29 79 1380
44 113 1381
156 128 1382
12 60 1383
62 123 1384
176 15 1385
107 105 1386
71 55 1387
109 187 1388
94 44 1389
57 74 1390
64 182 1391
166 17 1392
91 130 1393
175 78 1394
150 22 1395
176 147 1396
65 190 1397
7 112 1398
26 138 1399
145 76 1400
94 50 1401
95 143 1402
61 106 1403
152 58 1404
111 16 1405
37 8 1406
4 99 1407
107 117 1408
9 24 1409
192 177 1410
195 14 1411
94 193 1412
7 165 1413
38 119 1414
198 90 1415
69 48 1416
61 200 1417
71 84 1418
36 159 1419
176 16 1420
197 73 1421
63 65 1422
129 89 1423
48 188 1424
52 65 1425
56 10 1426
35 32 1427
153 32 1428
27 68 1429
105 63 1430
154 86 1431
183 154 1432
192 88 1433
103 32 1434
70 120 1435
48 175 1436
153 16 1437
49 118 1438
23 68 1439
46 144 1440
84 123 1441
98 124 1442
48 101 1443
138 92 1444
73 61 1445
188 153 1446
44 71 1447
55 172 1448
143 67 1449
144 9 1450
176 10 1451
42 30 1452
35 127 1453
176 60 1454
111 3 1455
95 198 1456
190 37 1457
41 150 1458
99 92 1459
135 20 1460
173 100 1461
185 67 1462
86 131 1463
136 38 1464
174 49 1465
76 134 1466
181 61 1467
168 50 1468
152 16 1469
6 51 1470
78 57 1471
132 196 1472
44 72 1473
122 71 1474
186 176 1475
33 14 1476
106 124 1477
15 78 1478
142 15 1479
70 190 1480
121 143 1481
69 13 1482
119 196 1483
126 98 1484
190 68 1485
7 83 1486
79 56 1487
144 106 1488
147 165 1489
114 196 1490
6 158 1491
44 126 1492
84 117 1493
154 47 1494
189 108 1495
194 119 1496
190 61 1497
93 152 1498
42 173 1499
138 29 1500
199 192 1501
52 58 1502
167 170 1503
48 84 1504
94 46 1505
39 45 1506
59 8 1507
28 11 1508
16 155 1509
47 144 1510
190 158 1511
140 164 1512
28 159 1513
170 63 1514
118 123 1515
18 56 1516
10 89 1517
177 2 1518
104 20 1519
141 125 1520
144 146 1521
183 93 1522
162 49 1523
90 183 1524
73 16 1525
120 44 1526
121 158 1527
67 172 1528
8 79 1529
178 48 1530
129 188 1531
86 151 1532
93 171 1533
53 11 1534
136 135 1535
48 176 1536
51 159 1537
23 195 1538
163 94 1539
123 69 1540
12 93 1541
151 117 1542
200 93 1543
140 34 1544
13 58 1545
198 177 1546
48 141 1547
150 170 1548
164 168 1549
98 76 1550
70 82 1551
75 73 1552
182 47 1553
160 67 1554
128 106 1555
184 41 1556
110 195 1557
30 38 1558
4 167 1559
167 68 1560
67 25 1561
13 187 1562
85 43 1563
162 138 1564
85 135 1565
97 22 1566
136 47 1567
42 58 1568
151 31 1569
192 56 1570
107 13 1571
66 90 1572
154 197 1573
72 182 1574
80 166 1575
53 19 1576
146 10 1577
72 115 1578
13 89 1579
130 144 1580
120 180 1581
107 200 1582
178 8 1583
126 95 1584
144 129 1585
65 98 1586
95 18 1587
47 10 1588
84 73 1589
29 30 1590
113 177 1591
125 61 1592
172 16 1593
55 117 1594
24 143 1595
191 200 1596
47 113 1597
187 111 1598
103 52 1599
200 48 1600
151 27 1601
130 54 1602
82 90 1603
89 159 1604
29 124 1605
171 94 1606
70 118 1607
77 128 1608
122 153 1609
72 120 1610
175 159 1611
119 17 1612
6 5 1613
183 14 1614
65 194 1615
191 175 1616
162 175 1617
141 137 1618
58 116 1619
109 57 1620
126 86 1621
6 39 1622
59 68 1623
143 182 1624
18 152 1625
197 79 1626
53 68 1627
31 78 1628
117 163 1629
189 197 1630
132 88 1631
90 140 1632
180 19 1633
164 48 1634
112 157 1635
124 125 1636
114 11 1637
41 82 1638
40 169 1639
74 130 1640
50 18 1641
195 3 1642
75 12 1643
6 22 1644
74 50 1645
14 173 1646
3 142 1647
148 72 1648
7 70 1649
124 61 1650
72 167 1651
60 133 1652
21 11 1653
111 38 1654
78 172 1655
148 152 1656
12 70 1657
167 110 1658
65 40 1659
51 197 1660
106 91 1661
153 66 1662
5 58 1663
113 96 1664
161 88 1665
176 14 1666
9 33 1667
163 62 1668
167 18 1669
106 125 1670
73 50 1671
162 173 1672
20 182 1673
16 31 1674
143 110 1675
73 150 1676
24 173 1677
99 178 1678
11 27 1679
43 159 1680
117 169 1681
86 97 1682
5 131 1683
29 113 1684
24 188 1685
70 50 1686
167 34 1687
45 163 1688
197 60 1689
123 141 1690
124 49 1691
151 37 1692
51 126 1693
127 61 1694
91 187 1695
163 98 1696
111 197 1697
136 192 1698
47 178 1699
127 97 1700
79 177 1701
119 150 1702
164 72 1703
124 59 1704
170 117 1705
122 105 1706
34 91 1707
33 5 1708
151 99 1709
174 122 1710
200 123 1711
159 40 1712
174 150 1713
21 76 1714
101 5 1715
72 93 1716
199 62 1717
24 91 1718
24 163 1719
75 46 1720
33 129 1721
105 80 1722
174 54 1723
118 178 1724
47 2 1725
191 10 1726
37 82 1727
48 172 1728
95 84 1729
40 90 1730
81 51 1731
197 109 1732
89 101 1733
23 78 1734
25 191 1735
152 193 1736
139 135 1737
16 45 1738
23 85 1739
9 189 1740
34 57 1741
63 171 1742
39 57 1743
27 150 1744
58 33 1745
137 45 1746
127 77 1747
172 62 1748
178 25 1749
21 2 1750
132 13 1751
26 189 1752
116 124 1753
181 105 1754
94 153 1755
76 151 1756
53 18 1757
30 9 1758
170 15 1759
22 10 1760
2 184 1761
42 136 1762
63 117 1763
170 139 1764
160 45 1765
11 122 1766
62 15 1767
85 132 1768
163 14 1769
132 35 1770
109 46 1771
79 11 1772
16 13 1773
37 80 1774
95 182 1775
186 140 1776
58 161 1777
185 164 1778
15 65 1779
147 68 1780
36 101 1781
119 16 1782
86 155 1783
125 175 1784
200 113 1785
47 184 1786
189 184 1787
19 117 1788
78 157 1789
22 122 1790
10 145 1791
172 162 1792
105 76 1793
152 13 1794
4 52 1795
126 193 1796
48 183 1797
101 146 1798
89 105 1799
49 140 1800
50 172 1801
92 1 1802
122 108 1803
5 189 1804
97 191 1805
9 188 1806
148 24 1807
2 8 1808
123 6 1809
159 18 1810
4 143 1811
8 198 1812
54 15 1813
172 164 1814
165 80 1815
127 60 1816
107 55 1817
122 126 1818
58 109 1819
168 83 1820
172 41 1821
129 58 1822
199 172 1823
186 125 1824
31 178 1825
95 171 1826
95 20 1827
73 131 1828
117 128 1829
167 196 1830
167 129 1831
126 185 1832
77 142 1833
150 74 1834
1 46 1835
92 173 1836
124 100 1837
101 112 1838
31 64 1839
65 161 1840
30 55 1841
148 44 1842
122 131 1843
23 175 1844
21 47 1845
42 49 1846
61 72 1847
137 56 1848
80 190 1849
97 62 1850
124 39 1851
121 102 1852
162 103 1853
128 163 1854
64 171 1855
84 29 1856
160 174 1857
40 130 1858
164 75 1859
87 67 1860
156 115 1861
2 103 1862
198 76 1863
124 14 1864
38 57 1865
162 52 1866
127 121 1867
143 31 1868
182 8 1869
27 94 1870
74 36 1871
105 83 1872
119 101 1873
103 140 1874
7 102 1875
97 99 1876
11 50 1877
197 131 1878
175 139 1879
55 129 1880
179 113 1881
184 161 1882
127 184 1883
119 86 1884
94 154 1885
61 24 1886
26 192 1887
189 2 1888
60 62 1889
116 7 1890
101 98 1891
114 158 1892
3 110 1893
188 89 1894
105 199 1895
177 49 1896
131 19 1897
122 199 1898
65 133 1899
143 93 1900
37 6 1901
106 165 1902
59 18 1903
84 188 1904
71 184 1905
81 48 1906
77 80 1907
107 88 1908
112 147 1909
6 20 1910
156 52 1911
102 54 1912
31 147 1913
178 88 1914
49 133 1915
69 166 1916
72 180 1917
42 12 1918
50 145 1919
159 165 1920
140 101 1921
42 142 1922
159 90 1923
49 188 1924
74 21 1925
83 66 1926
196 129 1927
111 14 1928
7 110 1929
119 47 1930
123 80 1931
19 5 1932
85 67 1933
117 87 1934
51 172 1935
170 82 1936
44 163 1937
37 144 1938
141 166 1939
174 110 1940
192 64 1941
12 14 1942
177 65 1943
128 51 1944
144 39 1945
93 173 1946
117 146 1947
152 49 1948
117 34 1949
174 115 1950
85 78 1951
127 120 1952
70 11 1953
70 41 1954
135 110 1955
92 66 1956
49 125 1957
93 149 1958
194 157 1959
24 13 1960
174 153 1961
18 14 1962
22 87 1963
171 157 1964
19 71 1965
46 37 1966
64 127 1967
132 3 1968
193 190 1969
7 155 1970
105 24 1971
45 174 1972
75 34 1973
181 116 1974
80 14 1975
95 50 1976
154 135 1977
116 183 1978
78 190 1979
165 198 1980
82 62 1981
72 171 1982
102 105 1983
177 116 1984
25 90 1985
76 9 1986
32 100 1987
132 105 1988
67 33 1989
135 35 1990
178 135 1991
134 82 1992
180 61 1993
88 52 1994
69 4 1995
49 53 1996
111 120 1997
107 180 1998
127 172 1999
108 67 2000
162 93 2001
186 46 2002
172 46 2003
137 109 2004
120 81 2005
76 154 2006
54 7 2007
184 75 2008
171 13 2009
15 188 2010
41 1 2011
193 42 2012
82 103 2013
33 91 2014
111 5 2015
97 31 2016
100 105 2017
39 164 2018
14 188 2019
191 103 2020
2 108 2021
110 138 2022
124 129 2023
17 160 2024
29 36 2025
21 124 2026
34 2 2027
57 40 2028
155 52 2029
76 147 2030
88 16 2031
21 73 2032
84 17 2033
119 162 2034
66 141 2035
43 67 2036
33 94 2037
183 131 2038
143 149 2039
16 110 2040
137 30 2041
120 200 2042
22 104 2043
38 90 2044
90 170 2045
19 197 2046
91 100 2047
43 5 2048
13 166 2049
87 128 2050
76 37 2051
102 135 2052
55 7 2053
119 156 2054
62 197 2055
101 130 2056
89 47 2057
169 186 2058
100 4 2059
63 25 2060
109 115 2061
17 154 2062
129 108 2063
110 31 2064
75 111 2065
180 89 2066
189 73 2067
161 176 2068
153 77 2069
54 108 2070
58 64 2071
102 63 2072
80 3 2073
155 190 2074
120 97 2075
15 100 2076
43 50 2077
180 193 2078
1 161 2079
102 2 2080
108 104 2081
149 61 2082
186 20 2083
62 194 2084
157 96 2085
198 82 2086
98 69 2087
51 165 2088
130 68 2089
81 44 2090
129 152 2091
43 77 2092
161 134 2093
185 18 2094
120 152 2095
30 164 2096
127 26 2097
65 44 2098
45 192 2099
37 30 2100
103 123 2101
83 166 2102
62 87 2103
44 154 2104
122 1 2105
9 198 2106
139 85 2107
88 183 2108
172 85 2109
66 102 2110
136 39 2111
52 115 2112
12 105 2113
181 188 2114
9 46 2115
93 45 2116
128 174 2117
14 178 2118
189 63 2119
168 128 2120
72 54 2121
26 90 2122
73 7 2123
54 61 2124
39 145 2125
96 100 2126
144 136 2127
4 190 2128
81 115 2129
65 24 2130
187 45 2131
148 71 2132
109 194 2133
193 119 2134
22 188 2135
82 47 2136
190 14 2137
197 168 2138
154 189 2139
134 69 2140
110 166 2141
121 34 2142
144 75 2143
108 87 2144
114 63 2145
128 72 2146
176 81 2147
107 114 2148
94 26 2149
11 99 2150
7 15 2151
51 156 2152
121 147 2153
31 4 2154
59 13 2155
168 157 2156
164 195 2157
61 145 2158
32 22 2159
97 19 2160
45 107 2161
104 188 2162
142 39 2163
199 52 2164
58 79 2165
179 130 2166
80 191 2167
83 8 2168
126 33 2169
21 80 2170
34 132 2171
187 171 2172
113 156 2173
197 181 2174
115 4 2175
17 118 2176
115 105 2177
109 193 2178
83 188 2179
184 192 2180
178 26 2181
81 110 2182
154 117 2183
184 14 2184
1 151 2185
161 29 2186
100 44 2187
96 22 2188
87 8 2189
4 63 2190
88 1 2191
68 78 2192
90 105 2193
193 97 2194
140 93 2195
65 147 2196
3 107 2197
181 196 2198
74 82 2199
9 149 2200
29 80 2201
105 193 2202
39 101 2203
82 64 2204
26 149 2205
53 171 2206
129 70 2207
125 30 2208
4 159 2209
119 107 2210
128 161 2211
28 71 2212
188 198 2213
70 149 2214
199 68 2215
175 12 2216
99 52 2217
184 173 2218
17 140 2219
8 154 2220
104 23 2221
64 119 2222
55 102 2223
135 167 2224
14 148 2225
41 19 2226
133 145 2227
186 48 2228
81 23 2229
51 27 2230
3 15 2231
46 36 2232
121 15 2233
59 15 2234
125 70 2235
146 127 2236
103 100 2237
11 49 2238
136 84 2239
133 67 2240
147 131 2241
65 119 2242
101 46 2243
67 123 2244
166 193 2245
39 48 2246
141 150 2247
143 41 2248
185 195 2249
128 70 2250
46 165 2251
13 126 2252
85 33 2253
188 132 2254
165 183 2255
147 153 2256
90 197 2257
138 15 2258
174 91 2259
115 46 2260
95 125 2261
95 60 2262
108 147 2263
20 107 2264
3 172 2265
69 66 2266
185 121 2267
199 4 2268
178 11 2269
31 56 2270
50 22 2271
104 88 2272
54 121 2273
106 83 2274
67 137 2275
124 92 2276
108 159 2277
18 20 2278
100 43 2279
104 183 2280
75 178 2281
183 86 2282
106 53 2283
91 50 2284
43 24 2285
22 81 2286
192 21 2287
175 131 2288
143 35 2289
171 160 2290
15 63 2291
13 197 2292
192 53 2293
146 143 2294
162 170 2295
104 175 2296
80 24 2297
60 81 2298
117 50 2299
75 90 2300
83 15 2301
149 5 2302
103 68 2303
90 131 2304
163 120 2305
82 178 2306
168 51 2307
196 111 2308
182 15 2309
106 7 2310
111 19 2311
178 57 2312
63 126 2313
48 190 2314
44 130 2315
55 66 2316
34 55 2317
82 115 2318
46 111 2319
191 13 2320
120 171 2321
86 140 2322
92 161 2323
13 74 2324
194 56 2325
12 169 2326
86 130 2327
106 116 2328
44 142 2329
140 21 2330
125 172 2331
135 147 2332
25 7 2333
74 151 2334
125 44 2335
172 57 2336
104 44 2337
135 179 2338
23 35 2339
83 50 2340
169 199 2341
95 106 2342
18 65 2343
18 109 2344
35 150 2345
11 37 2346
142 79 2347
147 8 2348
173 181 2349
45 20 2350
178 109 2351
32 122 2352
194 6 2353
157 153 2354
176 11 2355
138 28 2356
45 81 2357
76 30 2358
137 169 2359
38 29 2360
115 187 2361
196 187 2362
108 149 2363
168 93 2364
66 192 2365
1 79 2366
178 173 2367
128 108 2368
168 151 2369
166 31 2370
32 198 2371
142 85 2372
78 72 2373
44 124 2374
3 27 2375
88 9 2376
1 143 2377
15 10 2378
161 162 2379
112 87 2380
26 181 2381
53 181 2382
68 33 2383
110 22 2384
122 167 2385
110 109 2386
78 188 2387
39 111 2388
120 107 2389
107 86 2390
147 29 2391
142 95 2392
139 110 2393
24 186 2394
49 192 2395
154 36 2396
58 172 2397
57 9 2398
147 154 2399
23 93 2400
63 52 2401
2 181 2402
137 149 2403
80 109 2404
22 15 2405
97 112 2406
128 118 2407
92 110 2408
38 109 2409
64 104 2410
2 20 2411
6 3 2412
7 21 2413
83 161 2414
70 144 2415
16 159 2416
10 142 2417
78 154 2418
83 169 2419
55 182 2420
190 142 2421
110 52 2422
24 8 2423
35 76 2424
116 14 2425
167 176 2426
127 108 2427
18 113 2428
69 60 2429
24 128 2430
158 160 2431
186 82 2432
74 104 2433
10 167 2434
71 90 2435
121 126 2436
93 39 2437
119 149 2438
37 108 2439
10 42 2440
155 53 2441
177 141 2442
148 50 2443
189 33 2444
24 130 2445
66 68 2446
42 45 2447
95 40 2448
122 156 2449
113 86 2450
75 79 2451
122 110 2452
34 92 2453
18 13 2454
18 115 2455
18 97 2456
4 132 2457
82 159 2458
179 16 2459
25 38 2460
152 74 2461
86 188 2462
62 23 2463
32 68 2464
164 89 2465
33 135 2466
125 105 2467
109 171 2468
145 107 2469
107 177 2470
125 142 2471
77 179 2472
133 191 2473
47 197 2474
60 1 2475
156 185 2476
31 198 2477
161 85 2478
33 176 2479
100 110 2480
131 27 2481
70 77 2482
77 31 2483
58 191 2484
196 200 2485
97 189 2486
42 21 2487
122 79 2488
50 154 2489
141 198 2490
68 2 2491
141 127 2492
184 195 2493
7 67 2494
165 109 2495
181 168 2496
51 154 2497
159 117 2498
46 107 2499
13 1 2500
61 150 2501
67 38 2502
179 59 2503
84 163 2504
14 158 2505
80 102 2506
43 9 2507
2 85 2508
85 83 2509
87 148 2510
155 122 2511
6 121 2512
41 10 2513
77 60 2514
34 185 2515
105 95 2516
186 88 2517
91 77 2518
177 85 2519
31 168 2520
85 158 2521
122 133 2522
80 39 2523
113 199 2524
11 170 2525
8 11 2526
155 139 2527
131 167 2528
50 165 2529
127 143 2530
28 108 2531
98 107 2532
88 187 2533
143 81 2534
138 83 2535
190 101 2536
69 67 2537
96 49 2538
25 132 2539
29 39 2540
88 160 2541
158 36 2542
98 166 2543
184 30 2544
21 1 2545
183 100 2546
172 185 2547
191 157 2548
52 134 2549
104 138 2550
158 4 2551
78 131 2552
11 134 2553
43 31 2554
133 90 2555
64 61 2556
4 148 2557
195 169 2558
179 174 2559
28 81 2560
179 55 2561
146 137 2562
166 22 2563
5 191 2564
177 136 2565
159 150 2566
124 60 2567
116 146 2568
30 81 2569
36 56 2570
103 89 2571
48 51 2572
185 113 2573
196 43 2574
87 43 2575
53 154 2576
35 100 2577
76 185 2578
85 28 2579
15 153 2580
102 157 2581
67 115 2582
1 37 2583
58 137 2584
68 115 2585
99 48 2586
140 78 2587
124 9 2588
93 101 2589
48 54 2590
56 180 2591
117 36 2592
194 26 2593
197 53 2594
26 163 2595
83 139 2596
18 117 2597
39 139 2598
143 165 2599
150 175 2600
42 126 2601
134 77 2602
197 77 2603
136 105 2604
196 9 2605
35 26 2606
188 142 2607
22 180 2608
132 120 2609
89 177 2610
145 62 2611
156 42 2612
134 49 2613
172 116 2614
61 33 2615
18 106 2616
191 55 2617
176 148 2618
53 130 2619
196 95 2620
82 131 2621
99 174 2622
121 122 2623
52 152 2624
85 47 2625
65 155 2626
67 142 2627
58 174 2628
113 138 2629
30 180 2630
14 15 2631
137 165 2632
110 17 2633
129 24 2634
61 9 2635
116 135 2636
101 109 2637
45 3 2638
70 150 2639
77 107 2640
47 192 2641
114 168 2642
174 34 2643
49 173 2644
126 177 2645
73 107 2646
39 181 2647
73 77 2648
163 125 2649
160 147 2650
160 20 2651
97 136 2652
91 119 2653
180 128 2654
184 87 2655
75 15 2656
126 43 2657
108 145 2658
25 94 2659
110 147 2660
199 103 2661
77 89 2662
123 137 2663
99 73 2664
39 75 2665
200 45 2666
125 16 2667
176 20 2668
119 138 2669
184 56 2670
6 135 2671
37 61 2672
28 127 2673
120 158 2674
171 152 2675
178 37 2676
112 84 2677
163 27 2678
103 139 2679
52 89 2680
47 160 2681
69 78 2682
185 104 2683
128 107 2684
194 110 2685
198 108 2686
151 141 2687
40 99 2688
95 121 2689
68 177 2690
104 165 2691
108 154 2692
161 82 2693
124 51 2694
52 10 2695
172 91 2696
11 161 2697
60 175 2698
131 77 2699
144 12 2700
42 122 2701
26 34 2702
166 34 2703
32 63 2704
146 108 2705
26 93 2706
106 134 2707
67 59 2708
173 126 2709
49 164 2710
29 101 2711
187 199 2712
7 139 2713
127 183 2714
22 100 2715
188 81 2716
106 52 2717
126 22 2718
171 91 2719
178 76 2720
189 12 2721
25 100 2722
142 36 2723
137 178 2724
124 170 2725
53 100 2726
103 84 2727
116 121 2728
175 73 2729
158 161 2730
197 85 2731
125 197 2732
48 110 2733
54 50 2734
170 137 2735
71 42 2736
143 188 2737
152 117 2738
135 4 2739
143 20 2740
124 131 2741
186 94 2742
168 40 2743
140 167 2744
162 51 2745
10 168 2746
193 167 2747
15 74 2748
102 167 2749
128 69 2750
89 81 2751
167 61 2752
198 89 2753
172 138 2754
191 106 2755
151 120 2756
196 55 2757
166 148 2758
71 185 2759
50 108 2760
49 86 2761
62 26 2762
160 46 2763
11 108 2764
141 42 2765
79 159 2766
125 93 2767
84 134 2768
176 100 2769
48 134 2770
127 48 2771
93 96 2772
200 7 2773
169 146 2774
57 12 2775
173 1 2776
26 16 2777
187 166 2778
159 183 2779
67 155 2780
176 31 2781
74 75 2782
101 72 2783
37 5 2784
193 183 2785
131 156 2786
49 45 2787
56 190 2788
21 162 2789
102 85 2790
144 93 2791
2 93 2792
198 23 2793
68 64 2794
87 135 2795
85 137 2796
74 38 2797
131 9 2798
193 124 2799
58 183 2800
46 64 2801
180 199 2802
10 6 2803
1 170 2804
135 58 2805
19 173 2806
55 186 2807
124 5 2808
80 19 2809
96 25 2810
187 102 2811
95 7 2812
38 31 2813
54 106 2814
127 102 2815
65 165 2816
14 55 2817
181 109 2818
167 157 2819
29 18 2820
66 99 2821
101 143 2822
26 66 2823
181 194 2824
155 49 2825
181 162 2826
94 162 2827
59 61 2828
150 109 2829
111 37 2830
190 88 2831
85 62 2832
90 172 2833
92 196 2834
91 57 2835
74 172 2836
87 177 2837
50 59 2838
147 177 2839
174 48 2840
166 97 2841
155 174 2842
38 171 2843
200 182 2844
168 138 2845
167 154 2846
83 44 2847
82 117 2848
194 178 2849
167 84 2850
109 17 2851
97 103 2852
123 66 2853
136 185 2854
32 125 2855
2 72 2856
195 9 2857
133 186 2858
2 128 2859
54 41 2860
101 84 2861
9 142 2862
10 183 2863
124 185 2864
59 196 2865
120 27 2866
20 163 2867
41 185 2868
138 180 2869
121 42 2870
109 87 2871
74 168 2872
102 198 2873
85 55 2874
177 114 2875
105 84 2876
192 2 2877
3 160 2878
159 60 2879
34 145 2880
18 77 2881
85 156 2882
110 116 2883
199 104 2884
146 4 2885
113 157 2886
127 87 2887
29 46 2888
89 33 2889
72 130 2890
97 142 2891
194 191 2892
12 51 2893
154 181 2894
106 199 2895
38 54 2896
169 173 2897
36 85 2898
111 154 2899
145 155 2900
133 95 2901
161 130 2902
195 188 2903
17 7 2904
49 31 2905
65 56 2906
74 175 2907
48 113 2908
161 77 2909
156 142 2910
134 112 2911
36 63 2912
6 79 2913
109 53 2914
148 165 2915
47 140 2916
130 151 2917
174 132 2918
116 128 2919
13 137 2920
62 140 2921
74 123 2922
22 31 2923
199 20 2924
181 178 2925
12 66 2926
102 81 2927
180 83 2928
138 159 2929
85 94 2930
190 35 2931
150 121 2932
69 143 2933
194 98 2934
169 144 2935
140 57 2936
6 138 2937
7 199 2938
65 97 2939
161 61 2940
168 182 2941
70 168 2942
179 82 2943
179 103 2944
145 28 2945
58 60 2946
38 135 2947
156 13 2948
74 142 2949
166 36 2950
26 187 2951
83 184 2952
96 58 2953
149 151 2954
178 116 2955
131 41 2956
17 120 2957
52 51 2958
183 114 2959
142 177 2960
62 19 2961
16 35 2962
134 63 2963
155 175 2964
199 53 2965
41 173 2966
196 194 2967
192 169 2968
136 178 2969
24 125 2970
54 26 2971
149 22 2972
157 18 2973
137 131 2974
195 95 2975
144 38 2976
40 62 2977
115 161 2978
65 72 2979
97 26 2980
78 16 2981
198 75 2982
192 7 2983
193 149 2984
181 72 2985
46 27 2986
78 93 2987
60 90 2988
156 165 2989
53 135 2990
54 167 2991
94 150 2992
140 136 2993
49 150 2994
49 66 2995
136 104 2996
45 142 2997
99 34 2998
150 37 2999
76 56 3000
53 141 3001
99 173 3002
100 70 3003
13 10 3004
114 76 3005
179 81 3006
164 69 3007
166 151 3008
99 152 3009
142 54 3010
110 54 3011
113 70 3012
182 88 3013
4 62 3014
40 171 3015
91 73 3016
53 142 3017
117 111 3018
37 54 3019
173 180 3020
127 100 3021
41 158 3022
49 78 3023
84 3 3024
22 56 3025
151 39 3026
102 44 3027
181 132 3028
79 193 3029
25 89 3030
80 35 3031
129 63 3032
146 173 3033
73 51 3034
184 68 3035
197 99 3036
37 161 3037
22 47 3038
65 181 3039
104 113 3040
153 18 3041
140 65 3042
49 59 3043
172 139 3044
161 53 3045
75 152 3046
99 20 3047
78 111 3048
11 109 3049
121 123 3050
52 179 3051
57 7 3052
153 113 3053
57 89 3054
137 106 3055
136 100 3056
175 2 3057
136 168 3058
6 190 3059
180 157 3060
134 23 3061
125 55 3062
129 14 3063
36 39 3064
71 48 3065
99 193 3066
41 72 3067
126 25 3068
84 168 3069
157 111 3070
127 181 3071
46 105 3072
129 190 3073
14 147 3074
74 7 3075
97 93 3076
12 143 3077
131 154 3078
172 126 3079
191 148 3080
33 49 3081
57 113 3082
95 66 3083
98 8 3084
186 182 3085
169 130 3086
166 131 3087
69 84 3088
61 166 3089
60 145 3090
52 71 3091
146 182 3092
95 31 3093
190 97 3094
125 156 3095
52 67 3096
37 184 3097
185 35 3098
135 194 3099
45 125 3100
76 45 3101
170 99 3102
54 45 3103
142 93 3104
187 56 3105
76 94 3106
24 29 3107
63 112 3108
112 29 3109
80 142 3110
152 132 3111
195 137 3112
118 38 3113
56 162 3114
79 130 3115
83 102 3116
196 77 3117
40 111 3118
39 1 3119
92 90 3120
133 98 3121
51 117 3122
181 22 3123
94 70 3124
104 142 3125
117 68 3126
40 33 3127
159 129 3128
96 75 3129
70 33 3130
129 28 3131
158 25 3132
191 197 3133
164 18 3134
103 1 3135
37 125 3136
102 176 3137
171 110 3138
77 159 3139
100 76 3140
175 19 3141
41 152 3142
21 102 3143
48 105 3144
124 138 3145
6 111 3146
60 137 3147
153 30 3148
192 190 3149
82 31 3150
154 60 3151
81 170 3152
107 179 3153
98 62 3154
52 81 3155
45 65 3156
168 161 3157
3 179 3158
120 193 3159
40 16 3160
50 158 3161
128 23 3162
190 75 3163
138 126 3164
92 46 3165
182 30 3166
153 104 3167
5 109 3168
1 199 3169
169 109 3170
186 68 3171
24 170 3172
17 170 3173
12 89 3174
105 153 3175
120 65 3176
154 140 3177
17 50 3178
135 47 3179
127 187 3180
162 129 3181
39 43 3182
5 51 3183
88 144 3184
64 129 3185
138 171 3186
186 171 3187
195 128 3188
31 92 3189
63 153 3190
33 72 3191
175 122 3192
30 191 3193
113 87 3194
140 114 3195
113 139 3196
53 160 3197
85 107 3198
91 70 3199
65 48 3200
152 131 3201
126 50 3202
93 153 3203
142 11 3204
160 58 3205
121 41 3206
5 68 3207
42 183 3208
191 64 3209
158 115 3210
193 19 3211
150 25 3212
140 58 3213
103 131 3214
140 134 3215
177 189 3216
123 139 3217
69 112 3218
43 25 3219
178 49 3220
33 97 3221
170 129 3222
166 132 3223
91 151 3224
12 24 3225
24 137 3226
61 164 3227
129 177 3228
150 116 3229
181 138 3230
105 118 3231
17 67 3232
163 145 3233
189 69 3234
18 85 3235
185 86 3236
90 185 3237
86 196 3238
191 118 3239
185 30 3240
48 125 3241
135 160 3242
167 105 3243
146 121 3244
175 65 3245
79 69 3246
53 10 3247
132 54 3248
152 46 3249
150 6 3250
187 93 3251
59 172 3252
135 121 3253
153 132 3254
57 29 3255
70 140 3256
112 175 3257
129 199 3258
151 24 3259
172 99 3260
159 147 3261
33 128 3262
60 10 3263
28 136 3264
161 105 3265
15 156 3266
61 196 3267
146 168 3268
177 128 3269
114 137 3270
82 63 3271
41 28 3272
10 186 3273
5 171 3274
1 102 3275
149 158 3276
7 28 3277
79 160 3278
50 47 3279
138 175 3280
92 7 3281
131 85 3282
101 47 3283
139 32 3284
192 145 3285
34 142 3286
75 179 3287
25 115 3288
192 96 3289
162 96 3290
145 57 3291
52 32 3292
7 128 3293
199 126 3294
51 155 3295
78 22 3296
133 187 3297
173 177 3298
58 73 3299
46 85 3300
163 116 3301
44 133 3302
56 123 3303
102 50 3304
193 181 3305
122 99 3306
116 185 3307
188 156 3308
15 197 3309
70 53 3310
174 31 3311
196 171 3312
115 56 3313
200 74 3314
8 140 3315
175 85 3316
115 146 3317
145 132 3318
186 63 3319
81 54 3320
3 114 3321
4 142 3322
70 39 3323
29 130 3324
133 107 3325
65 198 3326
117 115 3327
101 65 3328
198 3 3329
49 103 3330
166 162 3331
180 103 3332
75 51 3333
69 18 3334
154 84 3335
25 88 3336
120 1 3337
189 8 3338
48 168 3339
115 173 3340
70 172 3341
47 34 3342
51 191 3343
64 13 3344
149 178 3345
199 188 3346
152 35 3347
104 105 3348
157 1 3349
2 130 3350
149 78 3351
50 9 3352
129 145 3353
147 162 3354
175 192 3355
178 112 3356
86 193 3357
48 185 3358
139 12 3359
135 91 3360
138 146 3361
64 30 3362
85 12 3363
42 72 3364
87 165 3365
105 30 3366
81 127 3367
41 46 3368
51 58 3369
72 13 3370
9 105 3371
184 187 3372
139 150 3373
142 189 3374
185 44 3375
50 161 3376
35 41 3377
62 29 3378
21 49 3379
142 94 3380
114 200 3381
119 44 3382
8 92 3383
41 169 3384
39 117 3385
96 103 3386
184 144 3387
190 126 3388
114 33 3389
165 114 3390
57 56 3391
34 100 3392
147 83 3393
99 6 3394
10 148 3395
134 200 3396
128 153 3397
142 117 3398
47 138 3399
97 4 3400
130 3 3401
156 123 3402
169 5 3403
41 22 3404
58 97 3405
129 34 3406
182 184 3407
178 85 3408
170 37 3409
36 45 3410
112 169 3411
94 129 3412
37 134 3413
139 69 3414
184 90 3415
91 27 3416
153 83 3417
37 153 3418
51 163 3419
150 113 3420
179 175 3421
127 15 3422
8 160 3423
22 163 3424
162 155 3425
178 72 3426
68 35 3427
96 56 3428
70 146 3429
25 103 3430
10 45 3431
87 29 3432
100 50 3433
104 72 3434
71 79 3435
33 181 3436
167 142 3437
193 5 3438
138 167 3439
169 194 3440
151 140 3441
62 110 3442
194 52 3443
14 127 3444
149 16 3445
151 132 3446
35 99 3447
5 161 3448
16 115 3449
34 107 3450
187 29 3451
21 135 3452
118 125 3453
58 86 3454
8 111 3455
173 62 3456
190 24 3457
3 29 3458
97 198 3459
32 157 3460
84 186 3461
126 157 3462
63 47 3463
150 38 3464
145 148 3465
115 9 3466
63 68 3467
45 182 3468
97 2 3469
152 62 3470
189 90 3471
32 86 3472
137 176 3473
151 109 3474
139 42 3475
101 63 3476
108 38 3477
51 143 3478
107 16 3479
189 158 3480
89 11 3481
75 116 3482
93 196 3483
107 190 3484
111 190 3485
179 187 3486
82 44 3487
29 175 3488
20 161 3489
28 17 3490
199 33 3491
24 181 3492
33 173 3493
78 9 3494
43 197 3495
20 128 3496
115 190 3497
190 32 3498
5 108 3499
119 143 3500
187 112 3501
73 24 3502
88 6 3503
49 48 3504
116 35 3505
90 110 3506
145 9 3507
168 45 3508
56 131 3509
181 144 3510
70 72 3511
177 151 3512
171 75 3513
194 134 3514
23 70 3515
1 68 3516
32 7 3517
105 35 3518
2 114 3519
86 19 3520
157 12 3521
71 89 3522
65 169 3523
140 28 3524
79 3 3525
56 6 3526
20 181 3527
187 75 3528
126 92 3529
74 102 3530
144 187 3531
197 182 3532
76 194 3533
106 31 3534
74 17 3535
181 123 3536
40 199 3537
35 1 3538
82 194 3539
16 120 3540
87 159 3541
121 69 3542
149 101 3543
101 136 3544
17 200 3545
25 46 3546
148 58 3547
157 140 3548
68 51 3549
92 60 3550
15 169 3551
138 84 3552
24 99 3553
151 29 3554
116 151 3555
116 155 3556
88 106 3557
200 4 3558
13 21 3559
135 2 3560
197 4 3561
6 145 3562
52 55 3563
122 56 3564
117 53 3565
145 140 3566
46 164 3567
72 150 3568
194 35 3569
21 166 3570
151 90 3571
109 161 3572
190 122 3573
59 111 3574
109 32 3575
47 36 3576
98 122 3577
109 75 3578
198 49 3579
4 60 3580
79 194 3581
64 99 3582
75 20 3583
152 113 3584
132 51 3585
112 93 3586
101 80 3587
115 107 3588
22 67 3589
99 87 3590
87 54 3591
161 81 3592
173 21 3593
170 175 3594
116 122 3595
165 187 3596
68 29 3597
171 149 3598
166 74 3599
65 89 3600
197 140 3601
66 115 3602
54 3 3603
27 158 3604
87 89 3605
80 129 3606
38 176 3607
99 5 3608
181 57 3609
89 200 3610
131 114 3611
157 9 3612
156 155 3613
177 37 3614
187 92 3615
75 40 3616
54 14 3617
22 17 3618
107 185 3619
89 115 3620
90 119 3621
41 87 3622
126 182 3623
138 129 3624
135 195 3625
42 197 3626
68 168 3627
67 29 3628
195 167 3629
8 155 3630
181 68 3631
145 11 3632
170 185 3633
127 154 3634
156 74 3635
70 164 3636
20 139 3637
8 38 3638
184 138 3639
155 199 3640
78 167 3641
127 190 3642
52 125 3643
190 46 3644
65 19 3645
104 13 3646
172 103 3647
108 144 3648
140 39 3649
128 196 3650
133 32 3651
147 52 3652
128 53 3653
45 59 3654
199 118 3655
77 164 3656
166 41 3657
139 116 3658
105 197 3659
54 200 3660
92 17 3661
161 18 3662
97 74 3663
196 40 3664
11 81 3665
71 197 3666
145 200 3667
154 27 3668
99 141 3669
162 144 3670
173 106 3671
77 39 3672
196 112 3673
96 147 3674
166 164 3675
66 52 3676
11 17 3677
70 148 3678
4 70 3679
50 26 3680
138 5 3681
168 124 3682
88 157 3683
39 174 3684
110 196 3685
62 127 3686
70 73 3687
166 75 3688
90 74 3689
194 31 3690
155 70 3691
117 127 3692
150 54 3693
195 155 3694
69 147 3695
148 193 3696
95 173 3697
38 134 3698
170 118 3699
194 130 3700
128 133 3701
63 90 3702
124 20 3703
119 109 3704
22 101 3705
99 56 3706
64 140 3707
101 20 3708
174 71 3709
120 169 3710
131 186 3711
22 64 3712
177 134 3713
147 118 3714
7 130 3715
112 15 3716
175 176 3717
159 1 3718
76 12 3719
141 55 3720
29 192 3721
128 98 3722
122 172 3723
182 82 3724
84 142 3725
193 132 3726
77 124 3727
85 136 3728
183 52 3729
172 176 3730
78 42 3731
48 55 3732
92 97 3733
96 65 3734
159 126 3735
89 162 3736
190 175 3737
14 24 3738
75 100 3739
168 113 3740
82 23 3741
189 165 3742
196 13 3743
64 113 3744
107 116 3745
66 60 3746
131 169 3747
143 139 3748
195 152 3749
112 110 3750
163 174 3751
165 78 3752
181 30 3753
64 174 3754
28 191 3755
152 182 3756
131 71 3757
134 144 3758
18 190 3759
181 182 3760
129 99 3761
63 168 3762
153 187 3763
18 55 3764
160 21 3765
80 199 3766
169 6 3767
87 144 3768
95 74 3769
151 51 3770
24 138 3771
166 182 3772
197 89 3773
36 37 3774
98 178 3775
70 24 3776
61 51 3777
48 154 3778
197 83 3779
191 36 3780
143 141 3781
169 96 3782
190 94 3783
139 178 3784
40 162 3785
90 163 3786
19 85 3787
110 55 3788
67 194 3789
114 175 3790
22 77 3791
57 102 3792
196 23 3793
187 200 3794
159 99 3795
115 195 3796
112 67 3797
8 165 3798
156 189 3799
157 22 3800
99 82 3801
167 26 3802
59 42 3803
129 40 3804
199 158 3805
132 37 3806
94 49 3807
8 19 3808
24 90 3809
178 176 3810
191 152 3811
144 150 3812
20 25 3813
140 200 3814
134 169 3815
155 127 3816
78 17 3817
171 168 3818
136 23 3819
83 156 3820
118 168 3821
6 128 3822
47 31 3823
161 27 3824
153 43 3825
22 186 3826
39 76 3827
188 64 3828
57 32 3829
148 172 3830
192 86 3831
109 30 3832
125 170 3833
83 71 3834
48 103 3835
113 62 3836
180 158 3837
108 126 3838
66 120 3839
146 1 3840
175 118 3841
7 163 3842
42 83 3843
69 199 3844
73 139 3845
192 4 3846
28 67 3847
126 132 3848
103 165 3849
133 1 3850
79 111 3851
27 81 3852
169 140 3853
3 57 3854
58 28 3855
153 13 3856
94 139 3857
61 148 3858
23 59 3859
95 149 3860
84 140 3861
68 159 3862
108 142 3863
113 51 3864
187 82 3865
81 119 3866
154 164 3867
167 16 3868
121 27 3869
36 44 3870
128 130 3871
55 31 3872
185 135 3873
33 187 3874
52 19 3875
36 55 3876
35 6 3877
110 5 3878
147 58 3879
35 4 3880
178 10 3881
34 159 3882
39 105 3883
92 127 3884
14 123 3885
161 154 3886
3 38 3887
95 131 3888
126 65 3889
146 152 3890
158 5 3891
161 107 3892
185 196 3893
18 156 3894
175 15 3895
141 126 3896
164 149 3897
35 124 3898
104 34 3899
101 187 3900
15 186 3901
39 97 3902
93 50 3903
190 104 3904
20 132 3905
29 25 3906
57 138 3907
48 171 3908
143 129 3909
28 153 3910
47 137 3911
88 57 3912
105 128 3913
13 84 3914
28 111 3915
82 199 3916
156 62 3917
72 173 3918
8 144 3919
119 190 3920
44 164 3921
61 132 3922
145 49 3923
63 80 3924
100 126 3925
178 61 3926
190 66 3927
141 199 3928
149 115 3929
152 56 3930
52 119 3931
78 136 3932
66 29 3933
120 167 3934
158 165 3935
98 39 3936
200 86 3937
33 111 3938
198 140 3939
149 134 3940
55 75 3941
53 115 3942
196 161 3943
187 132 3944
147 119 3945
162 120 3946
5 54 3947
138 197 3948
70 90 3949
93 10 3950
134 164 3951
12 49 3952
171 99 3953
131 87 3954
40 46 3955
195 120 3956
190 29 3957
9 110 3958
37 85 3959
10 173 3960
53 119 3961
15 132 3962
153 185 3963
33 10 3964
96 167 3965
143 40 3966
96 41 3967
54 39 3968
103 29 3969
198 186 3970
123 179 3971
128 31 3972
59 57 3973
120 185 3974
141 161 3975
60 128 3976
64 28 3977
46 124 3978
140 130 3979
106 85 3980
90 10 3981
35 128 3982
149 179 3983
82 7 3984
44 39 3985
195 43 3986
87 114 3987
13 62 3988
156 38 3989
92 136 3990
196 139 3991
40 29 3992
103 161 3993
74 76 3994
182 54 3995
133 14 3996
181 164 3997
194 59 3998
56 82 3999
143 38 4000
85 133 4001
142 133 4002
122 158 4003
157 48 4004
83 51 4005
109 3 4006
109 111 4007
180 170 4008
133 168 4009
169 181 4010
48 24 4011
85 82 4012
14 189 4013
3 135 4014
135 175 4015
185 183 4016
63 84 4017
92 192 4018
3 193 4019
148 57 4020
118 75 4021
173 3 4022
99 106 4023
59 43 4024
152 84 4025
160 66 4026
199 61 4027
53 157 4028
131 44 4029
175 38 4030
130 30 4031
13 194 4032
126 143 4033
32 12 4034
143 23 4035
182 171 4036
119 163 4037
23 86 4038
158 82 4039
52 173 4040
160 34 4041
104 83 4042
156 159 4043
188 55 4044
33 15 4045
1 45 4046
180 195 4047
115 13 4048
171 153 4049
150 143 4050
151 126 4051
58 199 4052
83 132 4053
29 154 4054
39 18 4055
6 15 4056
123 39 4057
46 128 4058
23 67 4059
131 22 4060
22 61 4061
105 10 4062
136 199 4063
164 98 4064
65 170 4065
147 90 4066
59 152 4067
49 170 4068
26 115 4069
24 183 4070
127 124 4071
6 7 4072
102 136 4073
129 182 4074
112 34 4075
109 199 4076
164 11 4077
32 145 4078
35 66 4079
4 9 4080
115 55 4081
39 51 4082
40 153 4083
111 115 4084
135 34 4085
124 71 4086
94 102 4087
77 35 4088
48 108 4089
93 99 4090
150 138 4091
199 125 4092
110 85 4093
32 182 4094
167 87 4095
58 176 4096
186 79 4097
200 183 4098
39 83 4099
80 68 4100
128 5 4101
92 185 4102
17 152 4103
90 16 4104
144 63 4105
129 146 4106
28 181 4107
11 168 4108
144 172 4109
180 77 4110
188 133 4111
81 156 4112
54 166 4113
160 71 4114
176 134 4115
76 8 4116
62 131 4117
38 132 4118
9 143 4119
126 187 4120
46 137 4121
72 81 4122
49 64 4123
14 103 4124
14 69 4125
1 56 4126
188 122 4127
78 84 4128
114 90 4129
195 97 4130
110 12 4131
120 52 4132
34 32 4133
109 182 4134
129 25 4135
197 16 4136
133 127 4137
69 176 4138
155 120 4139
104 200 4140
71 192 4141
145 190 4142
150 114 4143
180 188 4144
183 47 4145
2 53 4146
58 30 4147
182 63 4148
57 158 4149
23 3 4150
73 123 4151
75 131 4152
146 125 4153
147 36 4154
117 56 4155
66 194 4156
199 71 4157
177 41 4158
122 64 4159
18 163 4160
134 172 4161
4 122 4162
197 124 4163
29 74 4164
134 198 4165
42 101 4166
102 191 4167
32 18 4168
71 2 4169
100 95 4170
171 39 4171
156 194 4172
179 180 4173
175 145 4174
125 176 4175
54 30 4176
138 144 4177
91 59 4178
94 191 4179
164 34 4180
92 53 4181
9 92 4182
33 125 4183
130 133 4184
137 84 4185
82 181 4186
77 192 4187
17 111 4188
152 176 4189
168 144 4190
50 25 4191
119 129 4192
73 33 4193
115 186 4194
50 104 4195
195 63 4196
82 57 4197
168 187 4198
100 42 4199
85 90 4200
10 158 4201
83 128 4202
36 76 4203
56 102 4204
183 122 4205
82 66 4206
2 5 4207
73 126 4208
128 123 4209
117 138 4210
179 6 4211
106 48 4212
56 146 4213
41 99 4214
35 72 4215
38 159 4216
138 111 4217
142 186 4218
195 104 4219
31 137 4220
102 12 4221
30 89 4222
114 89 4223
71 66 4224
154 15 4225
176 4 4226
34 143 4227
13 123 4228
190 186 4229
156 172 4230
80 153 4231
73 3 4232
189 162 4233
101 44 4234
80 97 4235
192 52 4236
9 146 4237
90 155 4238
42 187 4239
140 13 4240
132 137 4241
187 76 4242
177 70 4243
65 189 4244
80 183 4245
107 72 4246
76 188 4247
25 174 4248
85 160 4249
23 72 4250
108 155 4251
125 27 4252
5 166 4253
14 162 4254
48 68 4255
31 17 4256
6 59 4257
52 11 4258
40 110 4259
73 173 4260
71 169 4261
191 129 4262
189 183 4263
94 34 4264
169 94 4265
165 144 4266
11 87 4267
191 68 4268
108 19 4269
146 34 4270
62 191 4271
88 22 4272
95 161 4273
136 88 4274
40 74 4275
17 121 4276
177 32 4277
130 97 4278
70 76 4279
84 94 4280
154 193 4281
18 135 4282
21 110 4283
45 60 4284
52 150 4285
155 73 4286
140 14 4287
16 92 4288
171 119 4289
99 156 4290
122 2 4291
103 169 4292
190 20 4293
145 51 4294
64 117 4295
27 35 4296
134 146 4297
54 35 4298
65 115 4299
178 5 4300
22 168 4301
19 106 4302
115 97 4303
2 188 4304
157 40 4305
88 131 4306
125 149 4307
13 193 4308
175 180 4309
139 124 4310
23 199 4311
100 193 4312
34 45 4313
167 55 4314
164 51 4315
96 54 4316
141 52 4317
124 186 4318
74 163 4319
15 113 4320
117 77 4321
110 136 4322
23 156 4323
130 195 4324
88 44 4325
56 29 4326
93 100 4327
39 177 4328
36 125 4329
135 174 4330
113 63 4331
33 39 4332
163 8 4333
99 38 4334
38 44 4335
88 154 4336
44 10 4337
187 25 4338
89 39 4339
51 198 4340
10 67 4341
162 130 4342
20 100 4343
95 79 4344
35 7 4345
64 98 4346
43 46 4347
159 47 4348
120 109 4349
187 142 4350
165 54 4351
66 28 4352
131 150 4353
43 84 4354
83 92 4355
112 62 4356
188 155 4357
62 186 4358
177 184 4359
22 9 4360
13 12 4361
17 177 4362
73 89 4363
48 6 4364
66 85 4365
56 7 4366
41 161 4367
149 96 4368
47 1 4369
2 28 4370
67 181 4371
74 18 4372
123 94 4373
10 130 4374
150 173 4375
51 180 4376
167 190 4377
17 95 4378
169 176 4379
186 177 4380
149 111 4381
163 166 4382
70 67 4383
2 3 4384
97 11 4385
163 72 4386
117 86 4387
133 185 4388
85 164 4389
80 124 4390
18 119 4391
123 19 4392
33 80 4393
106 194 4394
183 40 4395
77 92 4396
144 65 4397
100 19 4398
95 140 4399
90 84 4400
66 51 4401
54 76 4402
27 156 4403
129 26 4404
31 145 4405
35 70 4406
144 173 4407
95 12 4408
188 34 4409
122 21 4410
197 129 4411
140 177 4412
109 157 4413
88 198 4414
158 156 4415
4 49 4416
69 155 4417
157 95 4418
75 189 4419
44 137 4420
182 125 4421
127 67 4422
160 59 4423
192 106 4424
125 178 4425
154 116 4426
86 31 4427
102 4 4428
32 17 4429
89 163 4430
192 180 4431
62 20 4432
21 106 4433
102 175 4434
95 23 4435
13 42 4436
189 179 4437
30 6 4438
124 137 4439
167 69 4440
185 147 4441
164 37 4442
174 36 4443
51 86 4444
61 195 4445
185 23 4446
175 117 4447
141 95 4448
6 83 4449
197 10 4450
194 101 4451
59 131 4452
21 138 4453
87 60 4454
181 42 4455
41 79 4456
113 27 4457
128 9 4458
82 138 4459
161 135 4460
81 146 4461
178 156 4462
50 178 4463
121 52 4464
168 30 4465
52 142 4466
74 44 4467
5 52 4468
149 62 4469
72 31 4470
163 13 4471
175 50 4472
134 152 4473
97 162 4474
190 181 4475
8 58 4476
192 122 4477
55 3 4478
3 166 4479
94 83 4480
97 44 4481
5 175 4482
67 130 4483
79 152 4484
68 95 4485
29 47 4486
178 28 4487
152 157 4488
198 118 4489
84 158 4490
171 150 4491
158 130 4492
176 18 4493
69 8 4494
103 105 4495
192 195 4496
157 25 4497
34 148 4498
20 200 4499
94 103 4500
195 124 4501
103 127 4502
134 85 4503
123 185 4504
76 86 4505
104 112 4506
190 183 4507
161 51 4508
189 118 4509
149 18 4510
21 27 4511
71 120 4512
10 182 4513
89 120 4514
155 11 4515
169 45 4516
47 125 4517
85 70 4518
150 161 4519
87 157 4520
82 120 4521
98 95 4522
105 14 4523
111 172 4524
113 74 4525
38 173 4526
128 89 4527
174 32 4528
186 73 4529
102 100 4530
82 61 4531
105 47 4532
150 162 4533
79 15 4534
109 173 4535
1 163 4536
53 165 4537
89 55 4538
83 36 4539
53 22 4540
157 47 4541
149 195 4542
183 46 4543
52 163 4544
154 198 4545
152 89 4546
101 162 4547
146 184 4548
49 159 4549
59 125 4550
72 189 4551
36 108 4552
141 121 4553
139 26 4554
172 151 4555
98 175 4556
200 141 4557
108 99 4558
88 101 4559
76 132 4560
41 142 4561
148 29 4562
137 73 4563
52 92 4564
26 18 4565
135 155 4566
56 62 4567
84 11 4568
140 3 4569
117 30 4570
194 33 4571
27 155 4572
39 173 4573
73 192 4574
122 17 4575
199 5 4576
196 72 4577
26 82 4578
119 173 4579
183 178 4580
36 43 4581
7 161 4582
83 191 4583
104 156 4584
129 7 4585
124 157 4586
125 58 4587
59 155 4588
131 46 4589
20 72 4590
92 24 4591
100 106 4592
37 131 4593
3 90 4594
92 49 4595
53 162 4596
171 78 4597
87 21 4598
53 8 4599
147 158 4600
141 16 4601
13 43 4602
33 138 4603
81 65 4604
105 112 4605
134 109 4606
57 5 4607
175 165 4608
126 129 4609
168 49 4610
83 159 4611
125 133 4612
108 173 4613
127 9 4614
51 54 4615
78 62 4616
58 107 4617
135 170 4618
170 178 4619
200 95 4620
125 14 4621
132 29 4622
157 64 4623
177 138 4624
11 94 4625
186 147 4626
154 105 4627
19 165 4628
24 131 4629
140 77 4630
33 103 4631
116 15 4632
74 88 4633
89 62 4634
20 41 4635
97 179 4636
67 92 4637
180 10 4638
105 183 4639
22 170 4640
99 57 4641
69 50 4642
164 83 4643
148 36 4644
15 115 4645
42 145 4646
137 117 4647
12 17 4648
121 104 4649
128 28 4650
64 185 4651
56 111 4652
30 129 4653
5 15 4654
83 69 4655
17 45 4656
27 54 4657
156 32 4658
9 159 4659
120 136 4660
100 182 4661
88 32 4662
108 45 4663
183 182 4664
45 153 4665
86 161 4666
94 79 4667
125 96 4668
25 57 4669
45 44 4670
82 175 4671
74 27 4672
45 75 4673
6 118 4674
149 106 4675
188 80 4676
72 47 4677
39 81 4678
111 140 4679
103 167 4680
85 22 4681
135 141 4682
85 15 4683
142 173 4684
55 170 4685
20 43 4686
169 51 4687
164 76 4688
163 194 4689
196 134 4690
45 191 4691
98 187 4692
15 179 4693
29 129 4694
60 16 4695
29 127 4696
10 123 4697
186 134 4698
77 56 4699
41 170 4700
28 121 4701
86 190 4702
48 146 4703
42 106 4704
95 129 4705
173 44 4706
183 96 4707
195 10 4708
87 164 4709
8 36 4710
91 128 4711
70 139 4712
120 28 4713
4 107 4714
5 24 4715
98 154 4716
174 102 4717
73 149 4718
44 43 4719
97 187 4720
31 124 4721
145 150 4722
104 178 4723
179 48 4724
3 112 4725
50 27 4726
175 168 4727
55 64 4728
151 137 4729
181 84 4730
149 41 4731
111 195 4732
72 112 4733
27 198 4734
186 119 4735
187 71 4736
43 184 4737
52 159 4738
57 123 4739
120 62 4740
20 103 4741
38 181 4742
160 107 4743
94 64 4744
163 143 4745
132 45 4746
92 168 4747
191 141 4748
54 180 4749
129 178 4750
196 1 4751
64 181 4752
81 4 4753
134 75 4754
185 81 4755
34 14 4756
87 116 4757
26 76 4758
107 61 4759
146 126 4760
74 8 4761
161 84 4762
59 30 4763
8 173 4764
133 182 4765
15 143 4766
32 49 4767
110 87 4768
136 44 4769
148 68 4770
79 128 4771
127 47 4772
167 132 4773
87 59 4774
46 81 4775
86 36 4776
160 148 4777
6 109 4778
44 144 4779
29 159 4780
140 92 4781
195 168 4782
116 194 4783
32 163 4784
88 73 4785
152 156 4786
195 18 4787
66 142 4788
62 117 4789
96 36 4790
172 1 4791
36 123 4792
106 147 4793
47 165 4794
12 20 4795
103 110 4796
186 36 4797
148 8 4798
2 152 4799
149 48 4800
27 190 4801
1 158 4802
10 85 4803
113 171 4804
38 81 4805
66 178 4806
126 164 4807
22 133 4808
28 25 4809
189 125 4810
147 120 4811
86 109 4812
40 154 4813
95 103 4814
55 63 4815
154 31 4816
192 33 4817
155 185 4818
43 150 4819
39 50 4820
18 118 4821
69 136 4822
49 98 4823
92 55 4824
33 30 4825
62 72 4826
192 100 4827
44 84 4828
22 107 4829
40 30 4830
38 162 4831
25 104 4832
146 35 4833
108 113 4834
48 163 4835
138 123 4836
82 143 4837
133 100 4838
78 94 4839
106 15 4840
166 133 4841
69 11 4842
193 25 4843
12 159 4844
87 195 4845
116 36 4846
69 140 4847
36 152 4848
144 119 4849
122 112 4850
41 194 4851
27 24 4852
122 170 4853
158 70 4854
10 166 4855
100 118 4856
100 137 4857
82 110 4858
15 99 4859
186 200 4860
2 153 4861
25 93 4862
99 130 4863
70 81 4864
158 194 4865
16 32 4866
156 147 4867
18 16 4868
19 27 4869
163 129 4870
158 191 4871
52 164 4872
195 200 4873
174 173 4874
137 107 4875
22 59 4876
35 149 4877
190 152 4878
80 192 4879
67 35 4880
27 97 4881
183 63 4882
34 169 4883
93 103 4884
50 4 4885
176 118 4886
4 112 4887
21 175 4888
160 6 4889
193 116 4890
10 112 4891
182 35 4892
119 56 4893
70 181 4894
128 194 4895
17 47 4896
120 34 4897
29 93 4898
37 123 4899
140 29 4900
21 66 4901
169 177 4902
91 152 4903
119 166 4904
145 22 4905
154 136 4906
82 48 4907
115 20 4908
98 79 4909
12 101 4910
129 93 4911
84 51 4912
155 158 4913
71 46 4914
46 50 4915
155 200 4916
66 143 4917
91 183 4918
125 38 4919
118 13 4920
10 92 4921
160 152 4922
151 92 4923
159 2 4924
29 198 4925
130 34 4926
148 183 4927
193 142 4928
113 93 4929
153 95 4930
122 94 4931
7 72 4932
172 149 4933
82 141 4934
66 65 4935
41 168 4936
106 41 4937
197 176 4938
37 189 4939
164 176 4940
16 72 4941
35 158 4942
84 148 4943
51 59 4944
129 130 4945
148 88 4946
50 133 4947
79 33 4948
24 159 4949
29 83 4950
17 102 4951
155 143 4952
25 114 4953
146 111 4954
141 120 4955
11 171 4956
114 146 4957
17 80 4958
17 49 4959
79 38 4960
115 2 4961
123 150 4962
152 184 4963
41 53 4964
74 189 4965
192 55 4966
28 149 4967
106 25 4968
117 155 4969
199 191 4970
82 146 4971
5 162 4972
127 160 4973
184 165 4974
43 101 4975
7 87 4976
37 156 4977
117 67 4978
194 64 4979
76 41 4980
123 109 4981
50 115 4982
166 68 4983
141 192 4984
169 153 4985
83 12 4986
21 9 4987
7 79 4988
34 52 4989
102 193 4990
90 125 4991
3 185 4992
52 9 4993
109 37 4994
150 46 4995
78 141 4996
34 103 4997
176 168 4998
153 197 4999
180 33 5000
31 175 5001
120 161 5002
95 44 5003
124 68 5004
20 105 5005
74 165 5006
158 102 5007
108 124 5008
131 199 5009
190 187 5010
67 36 5011
134 187 5012
85 191 5013
61 28 5014
31 39 5015
79 106 5016
8 91 5017
4 71 5018
189 153 5019
42 63 5020
60 64 5021
85 5 5022
15 25 5023
185 21 5024
147 140 5025
132 161 5026
198 114 5027
93 137 5028
200 105 5029
16 80 5030
180 114 5031
85 140 5032
192 150 5033
48 150 5034
93 121 5035
123 30 5036
2 171 5037
134 128 5038
78 177 5039
96 158 5040
136 73 5041
62 64 5042
4 90 5043
77 58 5044
66 86 5045
129 43 5046
18 141 5047
49 127 5048
186 31 5049
200 174 5050
173 198 5051
174 196 5052
166 89 5053
140 152 5054
46 157 5055
129 50 5056
76 167 5057
72 168 5058
123 127 5059
59 37 5060
98 117 5061
43 185 5062
129 100 5063
102 165 5064
102 34 5065
174 98 5066
22 179 5067
4 5 5068
97 10 5069
191 181 5070
172 79 5071
196 164 5072
49 26 5073
20 178 5074
30 91 5075
96 86 5076
116 192 5077
43 198 5078
25 147 5079
106 108 5080
153 133 5081
94 38 5082
195 96 5083
43 27 5084
3 85 5085
75 23 5086
5 10 5087
74 12 5088
91 198 5089
185 162 5090
74 162 5091
131 1 5092
164 62 5093
26 63 5094
82 43 5095
88 12 5096
3 100 5097
93 82 5098
184 109 5099
136 83 5100
123 115 5101
42 194 5102
197 8 5103
157 51 5104
182 190 5105
62 95 5106
189 149 5107
159 78 5108
199 98 5109
42 200 5110
1 164 5111
106 140 5112
116 57 5113
183 67 5114
48 17 5115
27 62 5116
44 180 5117
134 95 5118
151 182 5119
94 145 5120
176 129 5121
13 70 5122
147 91 5123
147 92 5124
39 68 5125
50 79 5126
169 85 5127
14 27 5128
176 24 5129
107 69 5130
53 118 5131
46 171 5132
156 40 5133
47 102 5134
80 169 5135
16 93 5136
140 33 5137
18 112 5138
86 168 5139
130 116 5140
81 174 5141
18 9 5142
142 149 5143
150 45 5144
188 150 5145
161 151 5146
168 147 5147
190 12 5148
28 37 5149
162 64 5150
120 76 5151
150 191 5152
180 200 5153
3 71 5154
144 36 5155
178 71 5156
179 87 5157
77 11 5158
82 36 5159
109 54 5160
74 62 5161
117 14 5162
189 18 5163
124 25 5164
39 112 5165
101 171 5166
197 174 5167
139 190 5168
63 187 5169
66 19 5170
18 7 5171
88 66 5172
29 107 5173
105 92 5174
73 54 5175
122 185 5176
146 175 5177
3 51 5178
29 170 5179
4 20 5180
168 57 5181
137 9 5182
25 70 5183
183 118 5184
89 176 5185
144 77 5186
106 131 5187
74 177 5188
52 33 5189
132 93 5190
93 122 5191
36 84 5192
120 123 5193
22 39 5194
173 137 5195
124 38 5196
2 15 5197
147 51 5198
133 156 5199
139 153 5200
150 76 5201
148 134 5202
51 118 5203
166 173 5204
7 89 5205
150 155 5206
27 147 5207
2 32 5208
27 8 5209
74 160 5210
101 51 5211
122 101 5212
76 181 5213
39 147 5214
38 161 5215
194 57 5216
170 105 5217
154 66 5218
21 141 5219
178 147 5220
126 161 5221
68 83 5222
72 63 5223
134 1 5224
114 6 5225
19 144 5226
151 94 5227
22 2 5228
143 39 5229
159 69 5230
189 169 5231
42 39 5232
186 195 5233
112 150 5234
38 145 5235
55 5 5236
18 31 5237
56 28 5238
154 18 5239
142 151 5240
157 193 5241
168 26 5242
93 17 5243
199 2 5244
144 6 5245
96 141 5246
132 173 5247
42 151 5248
41 40 5249
14 192 5250
54 195 5251
193 30 5252
184 124 5253
163 28 5254
51 149 5255
84 173 5256
30 140 5257
49 25 5258
7 185 5259
2 70 5260
5 123 5261
195 89 5262
181 86 5263
90 23 5264
121 92 5265
84 1 5266
107 84 5267
72 22 5268
196 143 5269
153 48 5270
3 1 5271
143 71 5272
187 186 5273
36 53 5274
40 81 5275
15 117 5276
170 119 5277
40 98 5278
48 96 5279
53 26 5280
2 116 5281
58 180 5282
151 136 5283
68 136 5284
150 103 5285
90 176 5286
19 91 5287
6 107 5288
193 90 5289
72 64 5290
76 29 5291
7 41 5292
116 63 5293
133 41 5294
43 138 5295
3 151 5296
175 120 5297
91 168 5298
60 40 5299
49 146 5300
141 188 5301
169 142 5302
137 16 5303
116 70 5304
141 29 5305
59 163 5306
77 176 5307
10 94 5308
136 109 5309
187 139 5310
31 114 5311
121 183 5312
96 62 5313
163 76 5314
81 168 5315
185 2 5316
175 93 5317
102 130 5318
21 34 5319
39 186 5320
95 94 5321
152 161 5322
182 178 5323
126 194 5324
135 156 5325
60 151 5326
167 119 5327
15 196 5328
77 104 5329
109 116 5330
85 40 5331
37 7 5332
82 148 5333
175 92 5334
65 174 5335
61 62 5336
127 119 5337
197 40 5338
134 39 5339
144 79 5340
141 172 5341
165 12 5342
143 17 5343
56 40 5344
191 71 5345
35 171 5346
74 193 5347
147 171 5348
124 22 5349
188 52 5350
95 5 5351
174 175 5352
95 3 5353
5 64 5354
91 107 5355
49 46 5356
114 94 5357
40 4 5358
8 33 5359
136 131 5360
170 171 5361
61 112 5362
30 84 5363
3 47 5364
86 128 5365
177 200 5366
125 83 5367
194 85 5368
32 179 5369
93 114 5370
72 67 5371
42 18 5372
41 75 5373
70 107 5374
50 119 5375
153 112 5376
125 155 5377
125 115 5378
176 62 5379
61 90 5380
98 160 5381
174 169 5382
100 52 5383
140 12 5384
20 121 5385
140 7 5386
164 56 5387
188 57 5388
86 186 5389
145 3 5390
108 176 5391
136 37 5392
162 17 5393
163 190 5394
126 64 5395
132 199 5396
4 153 5397
11 61 5398
94 21 5399
28 77 5400
159 127 5401
37 91 5402
158 89 5403
65 118 5404
64 108 5405
96 143 5406
25 72 5407
33 156 5408
150 13 5409
70 194 5410
138 188 5411
84 146 5412
165 29 5413
7 104 5414
165 128 5415
98 83 5416
86 87 5417
183 13 5418
57 139 5419
33 11 5420
129 49 5421
145 43 5422
138 192 5423
60 132 5424
73 55 5425
152 177 5426
32 113 5427
133 16 5428
130 110 5429
99 121 5430
180 186 5431
6 89 5432
163 186 5433
70 57 5434
191 89 5435
161 193 5436
175 10 5437
7 178 5438
9 163 5439
31 184 5440
43 80 5441
129 166 5442
74 47 5443
113 39 5444
122 128 5445
70 75 5446
192 9 5447
22 63 5448
176 117 5449
98 4 5450
27 64 5451
111 62 5452
12 72 5453
28 104 5454
19 67 5455
101 183 5456
90 187 5457
28 27 5458
78 14 5459
175 200 5460
148 23 5461
95 152 5462
6 61 5463
100 28 5464
87 80 5465
12 134 5466
187 154 5467
19 11 5468
28 105 5469
176 70 5470
28 45 5471
41 123 5472
127 136 5473
198 121 5474
55 144 5475
115 61 5476
39 24 5477
144 164 5478
145 55 5479
95 88 5480
195 19 5481
27 148 5482
145 176 5483
166 136 5484
177 100 5485
162 159 5486
28 76 5487
122 66 5488
68 164 5489
135 13 5490
167 130 5491
91 84 5492
32 65 5493
54 156 5494
58 70 5495
35 119 5496
69 171 5497
185 96 5498
39 103 5499
144 43 5500
175 75 5501
14 159 5502
33 77 5503
95 174 5504
153 88 5505
61 186 5506
19 46 5507
136 4 5508
8 174 5509
109 66 5510
102 112 5511
142 28 5512
101 141 5513
161 23 5514
104 118 5515
8 179 5516
108 166 5517
118 166 5518
154 72 5519
197 58 5520
12 21 5521
127 79 5522
54 93 5523
49 35 5524
58 103 5525
43 69 5526
45 113 5527
182 150 5528
53 101 5529
35 176 5530
56 47 5531
136 150 5532
166 65 5533
154 173 5534
25 118 5535
139 29 5536
157 68 5537
156 66 5538
116 175 5539
149 187 5540
121 193 5541
125 56 5542
65 87 5543
170 10 5544
19 78 5545
198 68 5546
41 176 5547
101 199 5548
133 115 5549
91 180 5550
141 118 5551
137 101 5552
15 178 5553
42 94 5554
6 65 5555
63 43 5556
141 122 5557
66 33 5558
130 8 5559
3 28 5560
187 172 5561
119 14 5562
92 51 5563
185 101 5564
25 32 5565
36 170 5566
84 120 5567
132 18 5568
173 77 5569
63 120 5570
195 141 5571
155 100 5572
30 144 5573
191 54 5574
171 28 5575
91 3 5576
44 54 5577
82 185 5578
157 133 5579
167 35 5580
44 56 5581
185 144 5582
140 46 5583
127 3 5584
155 187 5585
21 157 5586
69 12 5587
101 126 5588
118 67 5589
68 123 5590
39 59 5591
41 146 5592
14 113 5593
172 197 5594
74 80 5595
194 120 5596
187 87 5597
139 197 5598
135 74 5599
105 36 5600
71 108 5601
133 23 5602
177 4 5603
79 143 5604
79 136 5605
170 18 5606
142 71 5607
140 73 5608
24 162 5609
131 63 5610
59 73 5611
28 52 5612
56 200 5613
70 51 5614
136 74 5615
140 109 5616
171 158 5617
154 144 5618
43 98 5619
98 68 5620
108 75 5621
132 69 5622
91 161 5623
24 84 5624
140 100 5625
139 126 5626
3 176 5627
11 16 5628
115 62 5629
22 18 5630
174 6 5631
3 184 5632
51 56 5633
72 155 5634
171 122 5635
3 35 5636
171 85 5637
47 156 5638
64 166 5639
156 141 5640
32 171 5641
77 88 5642
159 76 5643
51 123 5644
197 95 5645
156 73 5646
124 180 5647
89 69 5648
105 127 5649
159 154 5650
14 17 5651
35 39 5652
2 43 5653
23 157 5654
37 43 5655
104 82 5656
41 52 5657
60 55 5658
160 40 5659
13 144 5660
106 180 5661
94 196 5662
198 128 5663
151 32 5664
114 133 5665
32 195 5666
8 63 5667
9 125 5668
184 24 5669
43 42 5670
170 46 5671
140 96 5672
29 91 5673
13 110 5674
182 40 5675
53 179 5676
91 165 5677
68 67 5678
148 104 5679
172 19 5680
61 147 5681
180 62 5682
103 101 5683
110 129 5684
19 153 5685
186 43 5686
124 192 5687
107 17 5688
38 14 5689
35 56 5690
199 128 5691
88 128 5692
141 168 5693
179 169 5694
143 160 5695
58 167 5696
48 137 5697
4 75 5698
75 173 5699
128 11 5700
66 5 5701
119 100 5702
79 74 5703
197 117 5704
71 98 5705
50 10 5706
149 60 5707
190 149 5708
98 153 5709
159 143 5710
135 37 5711
80 6 5712
107 130 5713
120 118 5714
133 169 5715
22 58 5716
124 32 5717
78 82 5718
124 66 5719
86 120 5720
71 29 5721
29 58 5722
130 50 5723
20 76 5724
123 47 5725
170 116 5726
169 154 5727
119 61 5728
96 11 5729
101 138 5730
18 1 5731
139 159 5732
107 129 5733
106 97 5734
147 47 5735
33 145 5736
96 2 5737
112 115 5738
60 160 5739
84 65 5740
86 88 5741
62 125 5742
117 12 5743
131 179 5744
53 194 5745
16 126 5746
89 26 5747
85 122 5748
49 73 5749
37 192 5750
18 102 5751
94 159 5752
89 84 5753
132 70 5754
165 124 5755
78 163 5756
158 175 5757
47 75 5758
180 164 5759
48 75 5760
169 95 5761
144 163 5762
27 33 5763
60 171 5764
92 181 5765
133 61 5766
48 161 5767
178 27 5768
116 149 5769
21 91 5770
110 38 5771
197 5 5772
199 18 5773
8 90 5774
130 156 5775
159 32 5776
64 21 5777
136 70 5778
24 161 5779
162 179 5780
66 13 5781
32 24 5782
188 139 5783
185 134 5784
82 4 5785
83 34 5786
143 21 5787
176 37 5788
53 147 5789
199 6 5790
47 67 5791
60 189 5792
186 58 5793
31 150 5794
25 8 5795
40 3 5796
135 29 5797
28 107 5798
115 90 5799
90 37 5800
66 105 5801
191 189 5802
69 182 5803
1 10 5804
88 19 5805
134 19 5806
147 6 5807
71 12 5808
104 92 5809
70 31 5810
184 118 5811
91 43 5812
108 53 5813
63 199 5814
164 67 5815
193 192 5816
157 65 5817
101 87 5818
142 60 5819
73 182 5820
48 67 5821
96 115 5822
191 115 5823
3 64 5824
130 11 5825
66 30 5826
184 92 5827
77 135 5828
13 170 5829
28 174 5830
88 97 5831
69 95 5832
94 135 5833
77 165 5834
27 160 5835
144 117 5836
121 91 5837
116 69 5838
31 57 5839
140 170 5840
151 13 5841
3 120 5842
172 165 5843
182 74 5844
18 86 5845
178 86 5846
127 66 5847
11 43 5848
191 96 5849
86 5 5850
1 109 5851
65 160 5852
4 26 5853
147 150 5854
155 111 5855
14 139 5856
76 176 5857
140 24 5858
52 78 5859
23 57 5860
79 60 5861
137 161 5862
193 131 5863
126 197 5864
62 171 5865
70 19 5866
136 176 5867
13 77 5868
53 52 5869
113 145 5870
180 15 5871
116 23 5872
116 18 5873
134 189 5874
42 164 5875
158 93 5876
108 35 5877
50 7 5878
100 121 5879
116 191 5880
88 15 5881
155 6 5882
98 127 5883
50 52 5884
125 12 5885
71 180 5886
145 98 5887
13 180 5888
178 70 5889
198 138 5890
29 77 5891
37 10 5892
34 176 5893
16 168 5894
72 144 5895
44 90 5896
169 17 5897
10 140 5898
132 129 5899
128 178 5900
24 60 5901
195 198 5902
48 109 5903
13 60 5904
42 103 5905
177 20 5906
127 1 5907
96 79 5908
62 79 5909
171 129 5910
166 181 5911
135 99 5912
108 183 5913
144 98 5914
105 110 5915
59 171 5916
72 191 5917
190 19 5918
190 185 5919
16 156 5920
124 141 5921
142 168 5922
160 154 5923
59 113 5924
178 79 5925
176 40 5926
136 54 5927
174 184 5928
115 99 5929
92 134 5930
37 155 5931
184 142 5932
94 156 5933
117 37 5934
27 105 5935
36 77 5936
186 23 5937
151 122 5938
145 146 5939
32 71 5940
158 200 5941
123 152 5942
88 92 5943
176 183 5944
146 18 5945
28 169 5946
167 197 5947
121 67 5948
137 196 5949
54 8 5950
163 88 5951
24 142 5952
160 137 5953
32 178 5954
15 193 5955
180 122 5956
166 105 5957
85 121 5958
8 23 5959
61 151 5960
102 33 5961
86 21 5962
38 86 5963
32 150 5964
161 192 5965
113 6 5966
6 136 5967
101 121 5968
36 141 5969
97 161 5970
52 168 5971
146 131 5972
101 107 5973
22 86 5974
16 7 5975
15 177 5976
11 10 5977
163 36 5978
26 55 5979
200 185 5980
114 88 5981
60 29 5982
120 21 5983
82 109 5984
117 140 5985
21 69 5986
37 146 5987
62 43 5988
78 95 5989
8 86 5990
89 160 5991
175 96 5992
17 192 5993
164 114 5994
90 43 5995
98 190 5996
53 21 5997
93 76 5998
87 50 5999
152 57 6000
32 47 6001
191 104 6002
145 126 6003
196 67 6004
192 61 6005
69 156 6006
99 61 6007
155 45 6008
166 32 6009
81 189 6010
27 95 6011
181 148 6012
170 128 6013
24 200 6014
153 78 6015
174 56 6016
136 126 6017
94 18 6018
165 108 6019
23 144 6020
61 136 6021
1 136 6022
19 23 6023
77 191 6024
94 60 6025
68 183 6026
80 30 6027
13 149 6028
190 189 6029
153 134 6030
32 75 6031
24 19 6032
181 18 6033
20 91 6034
145 86 6035
41 16 6036
76 153 6037
85 154 6038
185 22 6039
130 112 6040
133 173 6041
6 69 6042
122 100 6043
163 63 6044
21 16 6045
192 176 6046
53 45 6047
125 183 6048
158 146 6049
114 32 6050
144 51 6051
128 172 6052
142 197 6053
134 167 6054
121 98 6055
50 84 6056
89 32 6057
157 74 6058
105 157 6059
107 189 6060
66 81 6061
14 58 6062
81 123 6063
26 84 6064
75 21 6065
26 83 6066
120 129 6067
126 142 6068
16 142 6069
138 141 6070
40 93 6071
141 27 6072
119 152 6073
6 2 6074
170 191 6075
6 139 6076
22 74 6077
190 74 6078
155 192 6079
182 85 6080
62 47 6081
10 51 6082
16 33 6083
136 160 6084
19 186 6085
16 101 6086
17 38 6087
132 59 6088
89 90 6089
115 167 6090
53 186 6091
35 10 6092
35 187 6093
37 188 6094
195 77 6095
111 95 6096
86 134 6097
8 49 6098
41 130 6099
55 183 6100
9 70 6101
68 194 6102
106 105 6103
6 159 6104
37 29 6105
123 99 6106
198 14 6107
61 41 6108
172 146 6109
3 26 6110
190 38 6111
119 96 6112
10 110 6113
155 44 6114
98 136 6115
191 145 6116
98 103 6117
197 82 6118
29 8 6119
193 159 6120
113 166 6121
120 121 6122
163 70 6123
88 189 6124
135 138 6125
91 85 6126
124 54 6127
79 66 6128
187 16 6129
71 54 6130
20 74 6131
13 78 6132
186 158 6133
38 72 6134
36 87 6135
159 44 6136
47 52 6137
73 102 6138
133 88 6139
195 22 6140
92 111 6141
30 133 6142
34 181 6143
95 83 6144
71 112 6145
200 124 6146
39 7 6147
124 107 6148
44 149 6149
179 46 6150
148 197 6151
102 26 6152
103 57 6153
57 18 6154
88 80 6155
195 78 6156
66 172 6157
73 17 6158
189 194 6159
5 192 6160
195 148 6161
177 6 6162
189 24 6163
4 11 6164
7 98 6165
15 114 6166
63 154 6167
55 17 6168
71 155 6169
109 172 6170
196 28 6171
63 103 6172
74 87 6173
112 89 6174
88 185 6175
167 199 6176
187 157 6177
87 100 6178
33 167 6179
121 57 6180
155 92 6181
28 12 6182
128 3 6183
6 124 6184
38 93 6185
76 110 6186
14 199 6187
193 58 6188
75 2 6189
137 128 6190
53 96 6191
115 118 6192
34 194 6193
147 2 6194
102 141 6195
15 199 6196
110 146 6197
167 32 6198
7 183 6199
45 25 6200
35 11 6201
140 124 6202
136 138 6203
36 33 6204
10 154 6205
183 22 6206
43 56 6207
33 41 6208
25 155 6209
12 176 6210
7 195 6211
77 83 6212
107 147 6213
173 156 6214
103 175 6215
95 85 6216
57 154 6217
73 143 6218
155 196 6219
77 188 6220
110 140 6221
26 25 6222
138 100 6223
127 149 6224
186 181 6225
100 152 6226
147 198 6227
29 137 6228
104 43 6229
143 194 6230
168 53 6231
131 89 6232
43 28 6233
99 7 6234
60 192 6235
13 80 6236
82 108 6237
17 115 6238
119 178 6239
155 172 6240
5 27 6241
155 107 6242
12 160 6243
147 169 6244
114 172 6245
4 96 6246
172 192 6247
190 160 6248
10 144 6249
172 100 6250
57 15 6251
186 157 6252
96 197 6253
100 78 6254
179 89 6255
189 173 6256
143 57 6257
32 194 6258
80 122 6259
110 155 6260
63 18 6261
157 16 6262
60 100 6263
166 125 6264
33 152 6265
166 124 6266
41 147 6267
168 78 6268
86 69 6269
163 54 6270
195 92 6271
2 57 6272
125 144 6273
183 60 6274
100 7 6275
193 27 6276
156 148 6277
181 35 6278
99 114 6279
12 33 6280
161 36 6281
167 180 6282
6 171 6283
99 23 6284
163 95 6285
84 56 6286
166 66 6287
178 73 6288
198 4 6289
188 183 6290
162 160 6291
170 47 6292
79 132 6293
16 85 6294
166 159 6295
45 57 6296
93 154 6297
146 197 6298
131 7 6299
137 97 6300
85 56 6301
186 173 6302
9 133 6303
85 45 6304
97 40 6305
166 114 6306
141 69 6307
162 156 6308
199 142 6309
35 118 6310
22 193 6311
79 13 6312
74 101 6313
17 146 6314
32 191 6315
78 180 6316
142 43 6317
144 28 6318
129 20 6319
7 190 6320
64 86 6321
27 102 6322
124 102 6323
132 150 6324
67 145 6325
136 82 6326
100 17 6327
101 177 6328
186 193 6329
174 19 6330
121 65 6331
41 118 6332
144 133 6333
96 91 6334
149 83 6335
98 119 6336
32 59 6337
56 12 6338
156 10 6339
94 105 6340
8 47 6341
113 75 6342
180 74 6343
93 148 6344
17 53 6345
162 26 6346
160 185 6347
143 123 6348
111 135 6349
123 76 6350
199 24 6351
90 17 6352
160 48 6353
123 126 6354
87 25 6355
135 28 6356
42 186 6357
60 134 6358
188 106 6359
184 84 6360
126 31 6361
55 148 6362
5 188 6363
123 125 6364
34 141 6365
109 14 6366
70 97 6367
46 31 6368
166 95 6369
112 96 6370
104 95 6371
159 196 6372
55 200 6373
78 28 6374
173 129 6375
59 38 6376
173 28 6377
123 147 6378
187 159 6379
157 100 6380
111 93 6381
45 143 6382
74 155 6383
12 142 6384
198 83 6385
184 64 6386
142 185 6387
198 135 6388
99 116 6389
193 163 6390
138 66 6391
29 4 6392
72 153 6393
73 167 6394
173 135 6395
9 15 6396
104 176 6397
200 153 6398
66 147 6399
117 96 6400
121 51 6401
105 70 6402
104 47 6403
3 86 6404
123 64 6405
48 118 6406
35 19 6407
112 16 6408
9 130 6409
35 166 6410
155 129 6411
113 192 6412
9 170 6413
85 176 6414
144 83 6415
118 155 6416
195 191 6417
71 167 6418
34 173 6419
60 105 6420
146 162 6421
167 25 6422
143 184 6423
74 106 6424
13 41 6425
130 104 6426
5 132 6427
65 146 6428
200 190 6429
32 197 6430
105 124 6431
191 198 6432
96 80 6433
15 192 6434
61 143 6435
48 193 6436
115 196 6437
126 47 6438
123 151 6439
173 136 6440
156 25 6441
47 145 6442
142 170 6443
133 161 6444
192 160 6445
54 68 6446
78 99 6447
76 156 6448
171 15 6449
40 148 6450
153 22 6451
32 127 6452
44 181 6453
58 133 6454
67 195 6455
188 32 6456
86 74 6457
176 8 6458
132 68 6459
190 141 6460
28 48 6461
101 155 6462
8 35 6463
86 174 6464
112 6 6465
175 199 6466
97 14 6467
80 181 6468
176 26 6469
17 126 6470
170 160 6471
125 94 6472
20 197 6473
147 111 6474
141 68 6475
39 128 6476
110 128 6477
104 68 6478
116 190 6479
87 186 6480
192 127 6481
176 182 6482
32 73 6483
88 181 6484
116 171 6485
19 26 6486
71 168 6487
128 80 6488
164 35 6489
157 103 6490
120 61 6491
14 152 6492
3 188 6493
100 112 6494
177 92 6495
120 99 6496
75 119 6497
141 60 6498
176 130 6499
169 106 6500
105 190 6501
26 143 6502
135 79 6503
121 50 6504
60 103 6505
192 137 6506
187 50 6507
36 4 6508
170 78 6509
88 13 6510
20 84 6511
188 148 6512
159 17 6513
31 29 6514
19 121 6515
83 79 6516
153 20 6517
186 146 6518
138 2 6519
11 67 6520
118 113 6521
41 187 6522
95 194 6523
48 61 6524
105 4 6525
140 81 6526
5 78 6527
73 129 6528
87 85 6529
53 57 6530
59 16 6531
116 22 6532
187 28 6533
177 132 6534
95 160 6535
61 108 6536
126 189 6537
11 175 6538
111 129 6539
56 93 6540
8 192 6541
162 48 6542
25 153 6543
192 24 6544
194 147 6545
146 52 6546
70 28 6547
149 103 6548
54 10 6549
91 177 6550
183 124 6551
62 42 6552
181 25 6553
95 150 6554
146 16 6555
160 115 6556
66 40 6557
49 72 6558
100 113 6559
75 10 6560
94 40 6561
100 161 6562
30 65 6563
30 160 6564
38 174 6565
75 63 6566
116 101 6567
140 75 6568
20 113 6569
161 156 6570
127 197 6571
198 30 6572
108 52 6573
167 109 6574
108 196 6575
133 89 6576
78 35 6577
52 151 6578
195 106 6579
132 64 6580
150 19 6581
168 7 6582
153 7 6583
190 154 6584
73 82 6585
117 153 6586
155 76 6587
105 156 6588
4 163 6589
16 22 6590
172 157 6591
30 68 6592
171 156 6593
100 144 6594
56 61 6595
48 40 6596
125 82 6597
77 155 6598
6 60 6599
101 147 6600
1 180 6601
55 158 6602
200 71 6603
135 131 6604
11 162 6605
35 46 6606
159 26 6607
139 194 6608
26 140 6609
72 24 6610
24 110 6611
194 149 6612
191 4 6613
195 15 6614
154 172 6615
149 144 6616
143 197 6617
129 123 6618
62 58 6619
188 62 6620
174 4 6621
164 159 6622
97 95 6623
136 169 6624
156 5 6625
56 148 6626
149 56 6627
67 113 6628
193 84 6629
160 87 6630
168 33 6631
39 188 6632
35 48 6633
61 185 6634
163 21 6635
193 171 6636
146 12 6637
55 68 6638
106 64 6639
42 24 6640
181 91 6641
28 124 6642
96 81 6643
186 128 6644
8 73 6645
148 46 6646
140 166 6647
33 132 6648
177 150 6649
152 64 6650
111 103 6651
51 160 6652
165 73 6653
92 39 6654
83 121 6655
65 131 6656
92 166 6657
83 126 6658
50 155 6659
171 51 6660
86 68 6661
102 166 6662
59 157 6663
10 184 6664
51 74 6665
109 163 6666
172 129 6667
188 38 6668
142 154 6669
181 103 6670
132 111 6671
18 37 6672
113 174 6673
89 155 6674
26 107 6675
128 62 6676
85 109 6677
166 93 6678
169 57 6679
116 94 6680
189 10 6681
68 175 6682
141 1 6683
19 143 6684
164 141 6685
194 17 6686
15 159 6687
140 115 6688
19 39 6689
73 145 6690
43 97 6691
85 173 6692
71 59 6693
119 60 6694
55 122 6695
47 79 6696
174 120 6697
92 75 6698
172 190 6699
156 163 6700
11 165 6701
121 63 6702
91 170 6703
178 144 6704
140 193 6705
195 100 6706
85 54 6707
160 77 6708
48 196 6709
38 157 6710
40 34 6711
44 116 6712
33 139 6713
174 129 6714
123 142 6715
193 71 6716
57 182 6717
69 152 6718
160 118 6719
35 196 6720
167 85 6721
33 100 6722
176 65 6723
185 49 6724
131 39 6725
28 141 6726
198 101 6727
185 4 6728
84 35 6729
132 84 6730
109 124 6731
38 163 6732
1 179 6733
112 120 6734
83 112 6735
168 13 6736
157 80 6737
9 6 6738
95 53 6739
82 157 6740
10 174 6741
171 76 6742
105 158 6743
123 172 6744
56 92 6745
142 113 6746
84 106 6747
57 80 6748
148 137 6749
104 38 6750
19 32 6751
121 164 6752
64 84 6753
92 137 6754
199 31 6755
182 157 6756
108 130 6757
34 43 6758
31 155 6759
146 14 6760
41 100 6761
102 93 6762
118 37 6763
94 12 6764
143 179 6765
193 129 6766
24 95 6767
5 120 6768
152 76 6769
111 91 6770
107 138 6771
73 166 6772
137 200 6773
139 21 6774
113 92 6775
87 19 6776
123 184 6777
117 90 6778
21 10 6779
83 133 6780
73 22 6781
37 42 6782
178 29 6783
193 6 6784
91 35 6785
16 194 6786
63 14 6787
10 76 6788
19 22 6789
32 74 6790
82 118 6791
115 122 6792
79 85 6793
133 45 6794
62 103 6795
199 166 6796
51 11 6797
72 77 6798
28 46 6799
133 69 6800
46 182 6801
19 84 6802
41 145 6803
62 105 6804
59 151 6805
177 143 6806
196 41 6807
194 136 6808
170 87 6809
197 78 6810
50 66 6811
58 175 6812
106 117 6813
28 44 6814
166 2 6815
46 5 6816
191 24 6817
142 91 6818
120 116 6819
177 76 6820
150 163 6821
92 21 6822
114 21 6823
3 182 6824
32 181 6825
4 170 6826
152 149 6827
42 67 6828
65 113 6829
138 42 6830
160 159 6831
63 180 6832
132 55 6833
100 194 6834
47 181 6835
147 50 6836
24 121 6837
137 133 6838
116 28 6839
4 78 6840
87 178 6841
90 194 6842
74 115 6843
59 120 6844
75 97 6845
171 19 6846
71 25 6847
92 19 6848
9 197 6849
123 149 6850
52 23 6851
58 168 6852
9 95 6853
50 67 6854
110 188 6855
50 38 6856
1 107 6857
184 77 6858
137 183 6859
117 21 6860
195 136 6861
97 57 6862
199 30 6863
28 22 6864
58 132 6865
199 114 6866
23 105 6867
116 161 6868
37 23 6869
155 159 6870
84 49 6871
50 85 6872
104 100 6873
163 91 6874
134 62 6875
77 6 6876
186 101 6877
196 18 6878
198 1 6879
55 103 6880
103 26 6881
175 100 6882
30 72 6883
106 162 6884
5 41 6885
189 41 6886
111 67 6887
22 30 6888
51 200 6889
191 143 6890
126 115 6891
116 137 6892
106 154 6893
73 104 6894
117 133 6895
54 95 6896
10 155 6897
60 27 6898
125 7 6899
171 89 6900
122 186 6901
70 17 6902
86 40 6903
30 174 6904
2 89 6905
24 141 6906
117 162 6907
66 57 6908
192 74 6909
138 153 6910
92 68 6911
168 189 6912
69 161 6913
78 26 6914
82 155 6915
147 70 6916
128 146 6917
180 135 6918
11 118 6919
103 102 6920
71 129 6921
11 39 6922
114 155 6923
196 81 6924
185 69 6925
163 43 6926
58 144 6927
63 69 6928
94 5 6929
7 61 6930
65 53 6931
76 14 6932
23 17 6933
91 115 6934
158 26 6935
168 173 6936
186 98 6937
119 104 6938
107 143 6939
183 83 6940
97 119 6941
149 15 6942
34 51 6943
130 73 6944
93 20 6945
55 28 6946
111 74 6947
87 102 6948
53 140 6949
122 157 6950
161 104 6951
105 29 6952
121 66 6953
54 24 6954
87 14 6955
53 183 6956
12 171 6957
26 56 6958
19 129 6959
122 142 6960
167 177 6961
71 133 6962
58 145 6963
59 178 6964
161 60 6965
166 169 6966
15 174 6967
39 172 6968
111 21 6969
83 1 6970
144 115 6971
18 35 6972
161 155 6973
115 128 6974
155 63 6975
22 191 6976
132 103 6977
145 122 6978
113 140 6979
54 31 6980
85 149 6981
29 73 6982
13 181 6983
159 151 6984
77 169 6985
195 46 6986
50 75 6987
113 8 6988
25 128 6989
107 169 6990
184 49 6991
11 1 6992
6 27 6993
141 40 6994
183 59 6995
64 197 6996
99 162 6997
73 103 6998
100 101 6999
51 45 7000
114 173 7001
56 86 7002
113 146 7003
97 197 7004
47 122 7005
152 181 7006
105 175 7007
175 181 7008
116 142 7009
192 28 7010
189 92 7011
3 46 7012
15 194 7013
17 135 7014
66 22 7015
165 44 7016
133 13 7017
157 138 7018
106 190 7019
17 24 7020
52 30 7021
44 31 7022
74 59 7023
178 92 7024
187 121 7025
130 166 7026
47 193 7027
174 55 7028
22 43 7029
1 177 7030
194 29 7031
93 181 7032
189 86 7033
23 26 7034
128 32 7035
185 59 7036
119 11 7037
54 86 7038
46 161 7039
26 33 7040
106 185 7041
62 18 7042
43 168 7043
162 113 7044
158 198 7045
12 41 7046
61 47 7047
28 114 7048
163 113 7049
22 130 7050
86 26 7051
72 169 7052
53 188 7053
51 93 7054
121 58 7055
171 139 7056
25 159 7057
194 174 7058
199 190 7059
17 43 7060
159 5 7061
172 159 7062
108 148 7063
94 189 7064
64 15 7065
157 130 7066
129 192 7067
68 107 7068
116 79 7069
194 154 7070
133 55 7071
172 64 7072
14 36 7073
7 176 7074
147 79 7075
198 127 7076
75 136 7077
32 83 7078
73 163 7079
131 121 7080
157 77 7081
189 185 7082
86 25 7083
3 124 7084
162 116 7085
50 57 7086
56 134 7087
14 187 7088
164 182 7089
48 44 7090
168 82 7091
27 56 7092
189 195 7093
170 143 7094
111 50 7095
88 7 7096
199 124 7097
30 98 7098
30 104 7099
117 194 7100
199 151 7101
155 46 7102
192 13 7103
9 161 7104
129 135 7105
121 56 7106
12 123 7107
81 57 7108
124 33 7109
24 20 7110
81 125 7111
174 181 7112
83 28 7113
149 23 7114
17 94 7115
86 103 7116
114 39 7117
124 111 7118
196 33 7119
97 41 7120
55 2 7121
167 23 7122
13 51 7123
16 98 7124
184 194 7125
155 2 7126
165 24 7127
112 11 7128
196 103 7129
157 178 7130
18 147 7131
128 43 7132
115 171 7133
117 61 7134
87 149 7135
139 181 7136
41 43 7137
133 181 7138
47 173 7139
59 1 7140
196 76 7141
62 65 7142
75 78 7143
115 77 7144
187 73 7145
9 23 7146
16 169 7147
147 44 7148
58 39 7149
200 154 7150
137 36 7151
77 74 7152
112 103 7153
28 8 7154
179 200 7155
30 57 7156
58 179 7157
53 152 7158
22 138 7159
112 170 7160
11 40 7161
136 96 7162
95 191 7163
17 99 7164
160 179 7165
62 166 7166
155 178 7167
162 68 7168
104 155 7169
23 29 7170
146 21 7171
101 32 7172
166 196 7173
198 161 7174
195 125 7175
197 187 7176
33 92 7177
200 90 7178
58 37 7179
119 15 7180
28 63 7181
191 86 7182
196 27 7183
130 62 7184
79 154 7185
75 143 7186
144 21 7187
148 73 7188
179 158 7189
141 86 7190
29 32 7191
32 31 7192
125 68 7193
17 37 7194
185 10 7195
105 8 7196
115 31 7197
53 104 7198
138 86 7199
106 78 7200
85 128 7201
55 69 7202
54 13 7203
80 174 7204
1 138 7205
167 165 7206
61 84 7207
160 37 7208
139 66 7209
108 40 7210
65 58 7211
77 118 7212
142 165 7213
48 77 7214
167 159 7215
68 13 7216
12 130 7217
20 137 7218
113 91 7219
197 152 7220
148 153 7221
175 67 7222
185 93 7223
126 179 7224
72 156 7225
130 175 7226
60 191 7227
81 2 7228
39 157 7229
99 191 7230
23 179 7231
131 25 7232
82 88 7233
155 136 7234
16 69 7235
104 61 7236
44 41 7237
12 43 7238
147 164 7239
77 38 7240
17 64 7241
34 199 7242
20 77 7243
36 169 7244
168 120 7245
193 51 7246
145 104 7247
198 44 7248
158 108 7249
155 163 7250
9 171 7251
27 157 7252
120 104 7253
78 107 7254
53 14 7255
97 66 7256
7 52 7257
88 29 7258
123 27 7259
69 7 7260
66 18 7261
194 3 7262
15 47 7263
127 168 7264
197 135 7265
78 155 7266
42 11 7267
131 151 7268
59 89 7269
95 8 7270
94 140 7271
42 189 7272
196 183 7273
19 89 7274
146 181 7275
51 9 7276
9 63 7277
187 125 7278
192 125 7279
89 121 7280
39 85 7281
20 112 7282
170 98 7283
194 182 7284
82 81 7285
166 76 7286
151 174 7287
7 45 7288
97 182 7289
182 90 7290
10 149 7291
162 183 7292
97 21 7293
148 141 7294
14 92 7295
187 83 7296
23 7 7297
78 191 7298
187 51 7299
72 5 7300
154 162 7301
59 121 7302
175 194 7303
81 91 7304
16 128 7305
185 37 7306
170 154 7307
68 41 7308
182 117 7309
84 18 7310
25 55 7311
33 149 7312
156 102 7313
45 37 7314
170 6 7315
48 102 7316
100 187 7317
52 59 7318
131 40 7319
164 160 7320
17 58 7321
88 67 7322
37 187 7323
24 133 7324
33 137 7325
114 83 7326
162 140 7327
50 29 7328
30 115 7329
143 91 7330
157 151 7331
4 21 7332
36 110 7333
188 47 7334
173 68 7335
83 171 7336
178 100 7337
42 192 7338
52 86 7339
153 151 7340
190 150 7341
115 183 7342
103 21 7343
200 18 7344
113 82 7345
87 142 7346
55 106 7347
85 159 7348
157 81 7349
29 35 7350
11 149 7351
80 151 7352
123 163 7353
62 175 7354
139 179 7355
65 127 7356
158 18 7357
91 67 7358
146 185 7359
122 102 7360
127 195 7361
198 106 7362
116 88 7363
55 151 7364
63 13 7365
198 61 7366
107 170 7367
52 135 7368
37 180 7369
166 200 7370
112 26 7371
20 23 7372
94 143 7373
185 78 7374
112 95 7375
112 28 7376
200 142 7377
8 152 7378
106 126 7379
78 114 7380
165 16 7381
127 75 7382
151 84 7383
167 191 7384
58 82 7385
24 132 7386
26 104 7387
89 40 7388
64 148 7389
117 145 7390
143 161 7391
167 150 7392
138 58 7393
83 60 7394
19 29 7395
29 72 7396
29 199 7397
135 114 7398
154 100 7399
140 105 7400
165 149 7401
45 4 7402
174 158 7403
162 37 7404
188 98 7405
102 9 7406
93 8 7407
90 127 7408
158 22 7409
36 192 7410
106 8 7411
178 18 7412
135 115 7413
199 84 7414
32 62 7415
36 59 7416
86 37 7417
7 191 7418
90 55 7419
6 46 7420
104 66 7421
112 50 7422
178 111 7423
159 141 7424
45 161 7425
76 170 7426
26 193 7427
125 85 7428
36 194 7429
129 151 7430
172 133 7431
65 156 7432
87 75 7433
10 115 7434
60 110 7435
196 177 7436
80 94 7437
185 199 7438
95 146 7439
197 45 7440
118 171 7441
39 2 7442
68 149 7443
29 28 7444
180 68 7445
184 151 7446
199 25 7447
37 53 7448
37 107 7449
9 123 7450
174 2 7451
108 59 7452
106 5 7453
126 32 7454
200 49 7455
83 120 7456
158 131 7457
94 43 7458
156 124 7459
18 123 7460
82 34 7461
199 174 7462
106 29 7463
79 138 7464
170 181 7465
34 64 7466
85 195 7467
178 101 7468
55 119 7469
127 165 7470
110 168 7471
11 140 7472
101 115 7473
90 135 7474
100 81 7475
91 60 7476
189 104 7477
165 67 7478
57 127 7479
105 40 7480
180 49 7481
185 26 7482
102 149 7483
152 98 7484
101 117 7485
127 171 7486
120 35 7487
132 148 7488
150 98 7489
124 48 7490
94 179 7491
152 60 7492
65 191 7493
134 127 7494
182 62 7495
148 32 7496
192 107 7497
106 181 7498
188 159 7499
198 115 7500
133 64 7501
191 26 7502
4 131 7503
55 127 7504
67 90 7505
17 9 7506
82 54 7507
40 68 7508
101 105 7509
13 31 7510
140 4 7511
148 62 7512
53 28 7513
119 136 7514
14 157 7515
81 87 7516
128 61 7517
1 168 7518
167 106 7519
148 154 7520
136 111 7521
75 61 7522
155 182 7523
68 108 7524
99 69 7525
104 179 7526
52 1 7527
43 7 7528
199 81 7529
118 81 7530
77 24 7531
138 11 7532
173 18 7533
5 73 7534
200 128 7535
26 9 7536
115 152 7537
124 176 7538
51 44 7539
133 197 7540
102 71 7541
195 53 7542
68 101 7543
103 40 7544
175 197 7545
75 125 7546
33 25 7547
10 64 7548
28 166 7549
170 25 7550
65 88 7551
56 177 7552
104 97 7553
127 46 7554
4 17 7555
126 111 7556
48 197 7557
91 155 7558
101 91 7559
80 71 7560
64 105 7561
35 179 7562
35 165 7563
49 167 7564
91 178 7565
71 100 7566
71 163 7567
40 64 7568
170 106 7569
124 75 7570
180 148 7571
124 101 7572
60 120 7573
98 172 7574
25 108 7575
57 196 7576
49 15 7577
48 130 7578
85 101 7579
114 29 7580
41 190 7581
100 89 7582
63 124 7583
101 56 7584
187 53 7585
67 82 7586
134 81 7587
93 192 7588
86 143 7589
8 170 7590
185 103 7591
186 99 7592
135 153 7593
16 29 7594
147 166 7595
77 62 7596
191 184 7597
113 26 7598
123 112 7599
139 104 7600
49 186 7601
200 149 7602
82 121 7603
65 111 7604
22 60 7605
93 176 7606
157 184 7607
58 15 7608
39 28 7609
24 47 7610
94 175 7611
106 20 7612
125 26 7613
199 157 7614
38 21 7615
113 160 7616
179 88 7617
193 70 7618
57 16 7619
196 125 7620
177 139 7621
68 8 7622
6 104 7623
101 82 7624
137 105 7625
83 17 7626
40 189 7627
27 2 7628
178 175 7629
155 9 7630
161 118 7631
102 58 7632
54 137 7633
192 18 7634
97 155 7635
129 198 7636
68 195 7637
138 69 7638
12 35 7639
124 36 7640
200 35 7641
137 61 7642
164 174 7643
67 98 7644
90 192 7645
76 124 7646
133 183 7647
87 76 7648
70 44 7649
79 153 7650
57 48 7651
197 74 7652
5 34 7653
62 25 7654
104 129 7655
150 58 7656
192 91 7657
65 14 7658
52 29 7659
144 69 7660
190 25 7661
56 172 7662
10 25 7663
47 179 7664
102 70 7665
83 182 7666
73 78 7667
27 103 7668
187 108 7669
100 171 7670
90 51 7671
187 31 7672
8 66 7673
88 135 7674
113 158 7675
183 144 7676
4 166 7677
147 192 7678
180 84 7679
103 192 7680
124 7 7681
169 163 7682
78 148 7683
98 91 7684
85 20 7685
121 129 7686
139 90 7687
180 190 7688
189 87 7689
11 95 7690
147 20 7691
150 90 7692
155 23 7693
109 129 7694
19 114 7695
1 72 7696
187 173 7697
2 65 7698
3 24 7699
11 64 7700
173 90 7701
73 79 7702
26 137 7703
4 19 7704
145 197 7705
123 53 7706
146 120 7707
162 10 7708
180 52 7709
20 110 7710
45 112 7711
173 67 7712
5 127 7713
73 14 7714
33 45 7715
117 54 7716
2 29 7717
45 63 7718
17 173 7719
113 1 7720
67 102 7721
19 194 7722
1 126 7723
28 74 7724
60 121 7725
143 99 7726
182 24 7727
118 133 7728
107 113 7729
3 8 7730
21 148 7731
91 48 7732
117 150 7733
191 9 7734
21 167 7735
169 18 7736
137 140 7737
46 169 7738
5 12 7739
27 112 7740
27 72 7741
32 91 7742
65 136 7743
163 157 7744
21 85 7745
170 121 7746
190 123 7747
96 134 7748
44 151 7749
185 188 7750
113 122 7751
189 159 7752
43 88 7753
151 46 7754
154 3 7755
33 108 7756
200 130 7757
7 138 7758
141 146 7759
185 70 7760
125 143 7761
26 117 7762
23 56 7763
62 159 7764
86 93 7765
78 112 7766
161 102 7767
157 60 7768
15 122 7769
25 81 7770
94 19 7771
145 195 7772
190 79 7773
54 90 7774
188 96 7775
49 80 7776
107 2 7777
10 82 7778
106 6 7779
139 96 7780
125 87 7781
49 57 7782
143 186 7783
44 92 7784
43 93 7785
89 93 7786
194 137 7787
6 82 7788
93 170 7789
124 70 7790
47 78 7791
39 69 7792
54 83 7793
165 60 7794
14 193 7795
44 96 7796
60 115 7797
165 28 7798
49 55 7799
41 77 7800
57 114 7801
83 117 7802
187 169 7803
5 49 7804
88 3 7805
3 56 7806
155 109 7807
78 124 7808
121 137 7809
45 58 7810
15 43 7811
48 144 7812
83 162 7813
86 149 7814
153 6 7815
163 170 7816
86 194 7817
196 142 7818
8 158 7819
200 41 7820
74 1 7821
13 52 7822
121 25 7823
153 173 7824
7 24 7825
120 50 7826
132 30 7827
116 143 7828
157 159 7829
156 120 7830
1 147 7831
96 196 7832
147 62 7833
31 132 7834
139 23 7835
5 179 7836
187 138 7837
57 22 7838
171 45 7839
103 66 7840
157 195 7841
42 32 7842
174 157 7843
3 4 7844
149 177 7845
5 61 7846
196 5 7847
87 95 7848
27 104 7849
11 113 7850
38 178 7851
93 128 7852
144 182 7853
123 25 7854
150 79 7855
15 168 7856
9 62 7857
114 1 7858
122 132 7859
187 164 7860
70 112 7861
198 84 7862
63 136 7863
139 102 7864
186 145 7865
37 95 7866
46 153 7867
34 7 7868
78 37 7869
1 94 7870
23 73 7871
37 101 7872
126 175 7873
105 34 7874
64 71 7875
46 102 7876
22 197 7877
174 97 7878
118 181 7879
45 159 7880
30 170 7881
23 49 7882
24 30 7883
75 106 7884
188 189 7885
41 138 7886
17 174 7887
118 121 7888
42 112 7889
84 45 7890
83 37 7891
1 186 7892
152 104 7893
52 76 7894
128 191 7895
121 79 7896
164 163 7897
123 38 7898
161 55 7899
7 63 7900
24 172 7901
148 9 7902
23 106 7903
85 57 7904
151 198 7905
79 92 7906
126 3 7907
86 67 7908
67 12 7909
86 105 7910
35 191 7911
112 198 7912
97 135 7913
93 126 7914
99 126 7915
124 136 7916
24 185 7917
151 110 7918
189 15 7919
184 63 7920
98 75 7921
13 91 7922
44 190 7923
104 110 7924
96 199 7925
1 73 7926
5 172 7927
162 149 7928
170 33 7929
38 12 7930
119 177 7931
90 98 7932
66 112 7933
99 84 7934
165 58 7935
30 165 7936
53 159 7937
190 169 7938
160 142 7939
125 110 7940
128 78 7941
23 108 7942
136 31 7943
161 89 7944
185 95 7945
99 183 7946
183 149 7947
22 148 7948
177 26 7949
149 173 7950
152 19 7951
118 87 7952
128 27 7953
165 197 7954
87 176 7955
172 178 7956
30 136 7957
69 82 7958
183 132 7959
107 41 7960
148 129 7961
108 160 7962
165 145 7963
157 35 7964
79 86 7965
68 135 7966
40 121 7967
104 103 7968
70 83 7969
192 25 7970
54 194 7971
99 49 7972
190 184 7973
109 198 7974
73 93 7975
152 142 7976
5 118 7977
56 144 7978
170 111 7979
42 81 7980
188 60 7981
154 151 7982
37 47 7983
168 160 7984
98 11 7985
157 70 7986
123 148 7987
124 133 7988
37 9 7989
25 5 7990
183 191 7991
14 74 7992
36 130 7993
60 170 7994
172 177 7995
132 165 7996
177 109 7997
127 99 7998
192 20 7999
171 102 8000
16 42 8001
177 96 8002
104 149 8003
12 37 8004
135 166 8005
130 106 8006
185 8 8007
45 138 8008
105 19 8009
29 118 8010
185 87 8011
153 198 8012
174 1 8013
69 169 8014
86 99 8015
27 71 8016
177 97 8017
37 75 8018
44 176 8019
69 58 8020
147 103 8021
79 42 8022
39 21 8023
200 118 8024
61 97 8025
143 90 8026
158 30 8027
38 185 8028
24 69 8029
79 67 8030
94 132 8031
43 160 8032
161 117 8033
62 198 8034
54 134 8035
79 102 8036
40 20 8037
188 105 8038
67 6 8039
31 87 8040
174 178 8041
179 65 8042
183 45 8043
42 76 8044
68 94 8045
136 132 8046
7 47 8047
199 182 8048
124 4 8049
170 136 8050
91 80 8051
190 55 8052
21 195 8053
165 62 8054
45 5 8055
4 182 8056
135 39 8057
44 135 8058
153 10 8059
171 20 8060
76 50 8061
129 161 8062
45 98 8063
105 180 8064
1 96 8065
190 67 8066
198 152 8067
38 28 8068
1 54 8069
45 123 8070
64 80 8071
158 141 8072
115 104 8073
12 46 8074
156 114 8075
83 14 8076
100 197 8077
52 171 8078
58 130 8079
151 195 8080
53 35 8081
147 128 8082
150 156 8083
187 191 8084
11 34 8085
87 3 8086
119 10 8087
86 92 8088
17 155 8089
52 102 8090
19 44 8091
128 141 8092
77 174 8093
89 82 8094
112 51 8095
176 51 8096
123 162 8097
161 131 8098
34 152 8099
35 92 8100
60 190 8101
114 185 8102
196 102 8103
85 141 8104
116 77 8105
86 118 8106
192 51 8107
58 123 8108
131 162 8109
142 121 8110
33 144 8111
34 154 8112
103 46 8113
17 25 8114
101 58 8115
81 41 8116
15 161 8117
114 119 8118
66 135 8119
79 108 8120
93 87 8121
81 173 8122
75 122 8123
73 66 8124
162 77 8125
33 153 8126
117 70 8127
98 2 8128
124 91 8129
144 121 8130
178 56 8131
126 170 8132
47 13 8133
189 38 8134
6 11 8135
50 146 8136
89 126 8137
148 102 8138
124 187 8139
141 12 8140
61 100 8141
172 108 8142
39 49 8143
7 65 8144
76 83 8145
28 6 8146
188 182 8147
26 174 8148
166 79 8149
28 98 8150
1 154 8151
29 172 8152
105 15 8153
14 60 8154
114 69 8155
49 153 8156
184 107 8157
143 103 8158
188 102 8159
168 17 8160
127 194 8161
81 99 8162
165 166 8163
102 19 8164
38 46 8165
192 69 8166
16 50 8167
127 45 8168
131 23 8169
18 24 8170
192 130 8171
63 188 8172
5 9 8173
86 30 8174
11 181 8175
69 104 8176
140 108 8177
57 124 8178
130 78 8179
58 55 8180
118 159 8181
158 78 8182
149 81 8183
107 99 8184
140 83 8185
23 183 8186
143 46 8187
88 194 8188
198 11 8189
150 130 8190
33 155 8191
45 24 8192
130 46 8193
14 43 8194
119 57 8195
165 6 8196
150 125 8197
77 40 8198
114 85 8199
124 167 8200
123 61 8201
116 61 8202
16 116 8203
54 177 8204
199 95 8205
68 151 8206
186 148 8207
158 116 8208
165 115 8209
194 145 8210
168 60 8211
149 27 8212
90 121 8213
12 173 8214
146 5 8215
36 60 8216
64 97 8217
69 157 8218
80 103 8219
105 195 8220
153 183 8221
71 5 8222
55 140 8223
137 125 8224
4 189 8225
123 88 8226
150 154 8227
50 132 8228
101 169 8229
114 58 8230
22 143 8231
162 84 8232
39 55 8233
88 152 8234
157 107 8235
95 178 8236
192 87 8237
61 43 8238
38 151 8239
138 137 8240
183 61 8241
87 16 8242
127 4 8243
40 135 8244
67 144 8245
133 135 8246
199 85 8247
146 187 8248
166 6 8249
114 48 8250
138 39 8251
183 89 8252
141 169 8253
192 152 8254
24 118 8255
7 193 8256
55 74 8257
196 34 8258
41 14 8259
90 32 8260
162 108 8261
77 84 8262
20 155 8263
25 197 8264
142 72 8265
188 40 8266
120 142 8267
111 188 8268
156 144 8269
171 65 8270
1 129 8271
166 23 8272
92 57 8273
24 112 8274
70 8 8275
82 114 8276
72 103 8277
135 11 8278
141 105 8279
85 130 8280
128 132 8281
151 5 8282
23 63 8283
184 51 8284
9 129 8285
38 121 8286
167 38 8287
114 117 8288
28 188 8289
184 153 8290
80 176 8291
63 197 8292
137 10 8293
82 190 8294
53 74 8295
87 126 8296
181 157 8297
181 79 8298
53 129 8299
187 122 8300
98 33 8301
99 110 8302
127 151 8303
40 32 8304
187 110 8305
149 54 8306
77 93 8307
196 42 8308
138 35 8309
27 118 8310
190 77 8311
134 36 8312
24 87 8313
25 23 8314
104 62 8315
106 67 8316
183 129 8317
53 51 8318
180 150 8319
64 89 8320
42 110 8321
198 155 8322
5 28 8323
134 175 8324
22 75 8325
98 51 8326
109 200 8327
32 152 8328
183 179 8329
40 126 8330
63 11 8331
67 63 8332
12 196 8333
128 75 8334
73 98 8335
166 142 8336
147 137 8337
169 7 8338
134 66 8339
24 135 8340
128 197 8341
102 28 8342
27 92 8343
13 147 8344
65 180 8345
192 178 8346
15 69 8347
178 196 8348
115 59 8349
13 125 8350
21 52 8351
58 46 8352
82 46 8353
108 83 8354
190 143 8355
193 46 8356
5 142 8357
162 36 8358
107 162 8359
94 192 8360
128 96 8361
161 140 8362
103 47 8363
21 181 8364
52 165 8365
88 166 8366
73 13 8367
81 76 8368
94 89 8369
19 179 8370
34 54 8371
76 59 8372
31 158 8373
185 79 8374
172 93 8375
29 27 8376
81 107 8377
47 58 8378
148 185 8379
179 95 8380
15 141 8381
161 170 8382
6 63 8383
45 185 8384
16 171 8385
30 96 8386
54 143 8387
93 80 8388
191 142 8389
45 27 8390
109 41 8391
107 75 8392
194 22 8393
3 199 8394
113 77 8395
151 145 8396
194 103 8397
141 23 8398
117 48 8399
119 200 8400
36 28 8401
30 101 8402
147 84 8403
87 171 8404
113 172 8405
139 72 8406
150 91 8407
91 9 8408
163 173 8409
139 3 8410
23 12 8411
61 157 8412
17 116 8413
87 172 8414
143 28 8415
119 2 8416
125 140 8417
34 198 8418
125 191 8419
8 77 8420
180 80 8421
159 135 8422
70 59 8423
161 101 8424
167 77 8425
140 163 8426
35 86 8427
80 66 8428
67 13 8429
55 100 8430
72 118 8431
70 183 8432
176 189 8433
90 39 8434
120 177 8435
185 115 8436
185 111 8437
50 191 8438
152 66 8439
126 66 8440
150 1 8441
85 183 8442
38 64 8443
131 21 8444
163 192 8445
86 9 8446
108 72 8447
59 135 8448
162 61 8449
175 113 8450
191 70 8451
124 128 8452
113 52 8453
195 25 8454
124 24 8455
12 166 8456
121 175 8457
118 97 8458
69 200 8459
167 116 8460
135 132 8461
199 150 8462
85 71 8463
84 165 8464
124 163 8465
192 102 8466
161 175 8467
13 109 8468
64 161 8469
178 103 8470
194 144 8471
91 36 8472
43 124 8473
153 103 8474
53 172 8475
77 119 8476
13 9 8477
93 24 8478
39 94 8479
85 97 8480
64 77 8481
92 36 8482
53 1 8483
47 14 8484
28 199 8485
190 138 8486
86 163 8487
52 22 8488
18 48 8489
198 26 8490
37 200 8491
108 119 8492
162 165 8493
181 37 8494
186 93 8495
195 36 8496
53 169 8497
26 43 8498
169 89 8499
157 3 8500
