200 9600 9600
28 46 1
178 144 2
196 102 3
37 200 4
144 145 5
190 158 6
94 89 7
65 181 8
131 167 9
132 4 10
140 108 11
113 20 12
8 170 13
40 166 14
42 198 15
123 38 16
52 125 17
92 94 18
171 99 19
141 172 20
41 99 21
3 28 22
145 57 23
78 43 24
76 38 25
53 175 26
33 5 27
68 47 28
56 7 29
62 58 30
62 161 31
198 128 32
152 98 33
61 151 34
108 99 35
95 162 36
110 96 37
186 128 38
24 172 39
138 58 40
160 63 41
199 6 42
183 87 43
155 187 44
184 49 45
199 72 46
60 90 47
133 23 48
187 16 49
157 48 50
190 120 51
14 43 52
131 162 53
115 99 54
192 145 55
48 17 56
120 107 57
128 89 58
164 141 59
119 173 60
176 37 61
18 8 62
99 105 63
125 53 64
159 154 65
117 12 66
30 81 67
37 189 68
137 131 69
77 119 70
62 197 71
39 83 72
192 74 73
61 43 74
143 46 75
18 13 76
103 102 77
125 29 78
64 174 79
167 196 80
182 93 81
192 169 82
132 104 83
95 85 84
149 2 85
48 15 86
138 15 87
6 66 88
13 31 89
18 113 90
113 146 91
23 29 92
131 89 93
199 114 94
156 147 95
75 57 96
147 47 97
73 143 98
125 193 99
68 38 100
85 70 101
12 105 102
152 71 103
190 99 104
171 7 105
174 175 106
162 197 107
33 111 108
44 181 109
115 20 110
101 147 111
47 79 112
6 138 113
154 162 114
111 115 115
113 156 116
4 19 117
199 158 118
65 155 119
175 180 120
124 169 121
115 13 122
99 130 123
110 138 124
38 146 125
129 40 126
55 102 127
73 182 128
27 158 129
183 13 130
53 159 131
54 24 132
2 32 133
91 152 134
65 58 135
18 141 136
61 14 137
117 141 138
138 83 139
149 5 140
70 186 141
145 197 142
75 125 143
54 194 144
180 85 145
93 152 146
12 51 147
83 186 148
170 47 149
49 73 150
45 44 151
46 57 152
170 25 153
72 93 154
75 52 155
12 72 156
32 140 157
2 72 158
37 30 159
189 125 160
6 62 161
163 125 162
120 109 163
110 117 164
157 151 165
72 67 166
25 32 167
38 176 168
81 21 169
190 143 170
15 113 171
193 160 172
160 152 173
121 25 174
71 2 175
198 140 176
83 171 177
177 193 178
33 128 179
14 187 180
99 139 181
80 174 182
41 142 183
149 83 184
67 29 185
52 1 186
170 139 187
53 160 188
131 151 189
77 159 190
22 94 191
9 23 192
67 13 193
72 180 194
104 92 195
155 178 196
19 50 197
5 127 198
3 4 199
199 5 200
15 196 201
165 149 202
127 56 203
45 63 204
164 101 205
102 82 206
66 147 207
130 52 208
177 28 209
22 156 210
133 61 211
113 166 212
44 84 213
197 186 214
144 69 215
178 72 216
22 68 217
85 129 218
121 156 219
141 185 220
80 14 221
189 108 222
3 176 223
135 115 224
156 129 225
30 83 226
94 140 227
58 63 228
60 62 229
6 189 230
120 118 231
134 63 232
189 179 233
102 149 234
116 63 235
112 191 236
105 114 237
118 159 238
37 61 239
188 106 240
82 7 241
86 58 242
92 185 243
78 33 244
173 177 245
136 197 246
189 132 247
106 107 248
77 83 249
69 94 250
2 127 251
178 103 252
131 39 253
97 105 254
147 165 255
151 125 256
44 127 257
128 106 258
194 130 259
153 43 260
154 100 261
3 85 262
197 77 263
25 5 264
85 164 265
36 123 266
88 135 267
52 56 268
106 6 269
126 33 270
71 25 271
109 81 272
168 7 273
43 24 274
55 170 275
89 182 276
6 11 277
182 24 278
187 30 279
133 41 280
199 33 281
130 75 282
59 43 283
1 143 284
132 29 285
41 187 286
57 177 287
40 29 288
174 102 289
112 95 290
59 79 291
49 118 292
135 195 293
91 57 294
45 182 295
27 138 296
162 113 297
112 34 298
106 125 299
191 136 300
178 70 301
120 21 302
46 124 303
132 37 304
23 50 305
26 48 306
147 140 307
97 19 308
164 142 309
99 26 310
87 138 311
56 140 312
117 138 313
56 116 314
146 87 315
186 60 316
130 3 317
93 68 318
102 58 319
17 94 320
144 121 321
28 124 322
56 29 323
101 82 324
82 142 325
88 127 326
21 88 327
91 165 328
179 200 329
9 189 330
22 186 331
68 183 332
2 181 333
124 66 334
198 1 335
53 26 336
42 148 337
172 108 338
37 107 339
167 191 340
151 120 341
90 119 342
29 81 343
38 171 344
185 195 345
196 9 346
185 49 347
118 98 348
16 69 349
2 116 350
129 63 351
3 41 352
35 10 353
72 169 354
120 121 355
133 27 356
126 193 357
14 24 358
124 12 359
71 133 360
133 64 361
111 197 362
96 41 363
159 147 364
102 175 365
65 11 366
134 118 367
118 123 368
32 12 369
72 182 370
100 161 371
46 144 372
17 43 373
27 61 374
168 128 375
74 6 376
176 4 377
71 129 378
37 5 379
92 173 380
114 36 381
136 38 382
187 11 383
51 191 384
184 64 385
4 116 386
3 143 387
54 68 388
117 30 389
101 112 390
50 29 391
102 120 392
85 132 393
35 118 394
142 36 395
99 161 396
91 73 397
13 180 398
177 180 399
71 59 400
9 123 401
119 88 402
129 166 403
35 32 404
28 74 405
119 177 406
39 74 407
159 143 408
197 58 409
49 192 410
25 93 411
128 8 412
78 191 413
198 93 414
144 51 415
127 77 416
92 176 417
50 145 418
15 25 419
31 28 420
128 123 421
92 37 422
129 185 423
159 35 424
75 15 425
46 17 426
168 33 427
61 195 428
60 160 429
61 148 430
63 65 431
20 84 432
59 55 433
169 66 434
169 89 435
112 108 436
195 63 437
94 129 438
6 21 439
59 66 440
73 17 441
152 161 442
95 187 443
126 180 444
70 77 445
49 149 446
40 175 447
47 122 448
7 24 449
193 181 450
109 163 451
163 43 452
24 15 453
158 88 454
53 176 455
120 116 456
100 191 457
112 28 458
15 115 459
108 144 460
62 29 461
3 24 462
146 107 463
138 171 464
7 89 465
103 123 466
141 29 467
165 62 468
65 136 469
73 48 470
127 119 471
95 7 472
7 146 473
36 101 474
62 87 475
141 194 476
180 49 477
100 17 478
99 20 479
196 129 480
2 184 481
167 199 482
137 66 483
79 109 484
119 10 485
119 14 486
146 111 487
171 44 488
185 69 489
39 71 490
82 138 491
19 22 492
140 170 493
69 82 494
40 153 495
107 75 496
133 69 497
152 117 498
96 36 499
145 43 500
184 87 501
41 45 502
68 115 503
139 4 504
35 166 505
107 69 506
171 152 507
182 76 508
150 173 509
197 85 510
100 50 511
170 137 512
6 60 513
5 28 514
153 95 515
52 112 516
27 33 517
142 71 518
44 195 519
113 158 520
103 146 521
91 170 522
84 3 523
195 79 524
50 191 525
99 185 526
48 139 527
121 138 528
46 129 529
3 90 530
54 7 531
53 120 532
73 54 533
39 139 534
69 60 535
106 7 536
138 29 537
129 177 538
179 14 539
45 113 540
31 17 541
173 21 542
28 169 543
22 160 544
39 99 545
172 91 546
55 183 547
173 68 548
99 87 549
97 74 550
177 151 551
65 165 552
10 59 553
61 150 554
10 102 555
181 140 556
121 147 557
69 156 558
27 77 559
147 149 560
187 194 561
55 106 562
200 149 563
67 145 564
190 68 565
36 170 566
55 68 567
85 160 568
59 157 569
22 61 570
193 66 571
3 38 572
90 16 573
145 9 574
197 55 575
36 4 576
190 150 577
133 156 578
86 65 579
167 151 580
23 73 581
44 135 582
8 90 583
129 145 584
184 32 585
80 122 586
29 17 587
155 172 588
160 118 589
113 140 590
142 79 591
157 133 592
64 113 593
102 26 594
150 13 595
133 150 596
59 30 597
15 94 598
9 1 599
175 159 600
151 183 601
165 10 602
30 6 603
148 172 604
72 10 605
51 163 606
115 90 607
51 56 608
171 139 609
73 126 610
140 130 611
114 83 612
92 90 613
80 190 614
163 190 615
101 188 616
14 139 617
50 75 618
14 199 619
99 23 620
56 102 621
122 139 622
39 164 623
88 57 624
115 196 625
120 104 626
113 138 627
127 1 628
81 189 629
94 112 630
159 40 631
78 180 632
179 187 633
86 134 634
128 98 635
138 84 636
49 170 637
102 70 638
144 12 639
24 35 640
77 38 641
164 18 642
26 56 643
27 62 644
74 12 645
15 4 646
119 110 647
45 153 648
151 195 649
114 74 650
150 1 651
149 126 652
4 99 653
144 177 654
199 190 655
132 105 656
36 98 657
49 80 658
110 12 659
136 73 660
58 137 661
140 124 662
102 193 663
79 38 664
156 98 665
198 108 666
18 56 667
160 21 668
133 185 669
72 28 670
143 110 671
105 180 672
166 89 673
39 132 674
124 53 675
161 27 676
129 178 677
108 196 678
61 164 679
85 80 680
60 40 681
179 88 682
36 43 683
26 181 684
34 92 685
142 161 686
128 191 687
84 104 688
141 42 689
198 77 690
49 45 691
101 90 692
47 31 693
90 11 694
147 131 695
4 20 696
33 41 697
101 63 698
160 179 699
89 121 700
148 104 701
4 71 702
166 34 703
151 32 704
21 72 705
177 194 706
118 31 707
144 133 708
139 158 709
21 78 710
99 183 711
150 161 712
86 31 713
36 120 714
164 158 715
120 136 716
75 97 717
78 114 718
72 63 719
195 193 720
72 31 721
86 151 722
50 161 723
10 73 724
129 70 725
152 156 726
118 54 727
154 189 728
113 8 729
39 105 730
84 182 731
50 64 732
51 74 733
121 81 734
99 48 735
19 186 736
166 23 737
18 55 738
72 64 739
200 35 740
159 183 741
32 71 742
45 125 743
16 33 744
66 18 745
75 78 746
15 158 747
200 93 748
49 53 749
71 55 750
115 183 751
113 96 752
133 161 753
85 90 754
52 171 755
78 22 756
8 33 757
88 97 758
117 61 759
160 48 760
188 71 761
95 128 762
30 57 763
42 110 764
44 126 765
84 158 766
24 138 767
195 91 768
47 90 769
108 53 770
191 70 771
113 182 772
140 81 773
137 32 774
52 11 775
52 97 776
144 160 777
109 69 778
114 90 779
172 176 780
116 143 781
99 52 782
62 23 783
172 1 784
115 118 785
62 103 786
73 150 787
104 178 788
22 43 789
195 43 790
110 87 791
40 33 792
23 144 793
128 174 794
106 104 795
152 176 796
103 44 797
75 20 798
70 181 799
101 76 800
99 7 801
85 47 802
36 159 803
61 122 804
136 126 805
152 181 806
114 193 807
179 81 808
19 63 809
13 70 810
86 60 811
28 191 812
137 16 813
182 194 814
8 192 815
19 137 816
18 190 817
41 190 818
120 167 819
119 79 820
157 64 821
183 60 822
125 12 823
180 193 824
66 28 825
174 190 826
43 46 827
81 170 828
27 103 829
106 5 830
151 126 831
147 62 832
188 133 833
68 21 834
97 55 835
182 23 836
191 12 837
99 113 838
91 115 839
118 121 840
164 50 841
119 190 842
151 192 843
34 198 844
184 173 845
79 130 846
48 96 847
50 101 848
124 133 849
94 37 850
43 98 851
164 176 852
7 72 853
174 129 854
82 103 855
170 98 856
162 84 857
127 171 858
105 26 859
7 183 860
154 144 861
53 154 862
180 61 863
177 161 864
80 111 865
79 198 866
2 43 867
83 37 868
176 180 869
81 51 870
191 200 871
105 10 872
129 93 873
4 5 874
168 98 875
108 75 876
85 83 877
83 67 878
25 64 879
183 67 880
63 11 881
16 101 882
7 58 883
128 23 884
67 137 885
169 24 886
55 101 887
114 168 888
197 60 889
22 122 890
101 181 891
129 199 892
94 40 893
44 200 894
92 161 895
122 57 896
108 52 897
177 97 898
106 117 899
120 177 900
144 65 901
134 189 902
45 142 903
13 194 904
133 88 905
65 34 906
158 82 907
186 174 908
62 12 909
108 96 910
196 135 911
28 52 912
24 173 913
150 79 914
172 116 915
70 33 916
59 155 917
199 124 918
195 150 919
135 145 920
123 64 921
42 126 922
143 20 923
187 159 924
7 61 925
165 144 926
183 191 927
185 81 928
85 149 929
22 87 930
183 76 931
21 148 932
141 122 933
29 129 934
180 195 935
20 10 936
50 15 937
3 35 938
45 82 939
52 177 940
116 61 941
74 104 942
152 103 943
112 36 944
121 108 945
141 16 946
72 156 947
25 88 948
106 57 949
12 93 950
183 79 951
138 35 952
25 90 953
190 29 954
67 113 955
116 175 956
144 106 957
89 42 958
160 156 959
172 41 960
173 181 961
64 149 962
137 117 963
55 69 964
87 114 965
171 94 966
36 69 967
101 44 968
180 178 969
129 146 970
183 173 971
78 148 972
99 92 973
37 131 974
146 12 975
82 39 976
159 99 977
104 38 978
46 27 979
121 143 980
178 100 981
121 122 982
29 80 983
191 145 984
128 132 985
77 128 986
13 128 987
155 63 988
102 68 989
116 7 990
168 13 991
97 63 992
105 8 993
44 124 994
6 65 995
129 50 996
113 1 997
45 75 998
44 72 999
119 2 1000
103 200 1001
99 84 1002
61 121 1003
136 3 1004
146 14 1005
86 69 1006
162 26 1007
185 144 1008
70 120 1009
117 34 1010
42 63 1011
48 110 1012
125 70 1013
164 51 1014
108 178 1015
167 181 1016
92 1 1017
161 82 1018
41 168 1019
124 71 1020
152 66 1021
161 23 1022
86 67 1023
17 58 1024
43 56 1025
121 158 1026
85 176 1027
114 149 1028
88 154 1029
114 43 1030
17 60 1031
177 84 1032
118 116 1033
96 196 1034
191 96 1035
196 33 1036
20 87 1037
8 80 1038
128 72 1039
26 186 1040
32 17 1041
21 89 1042
135 121 1043
175 10 1044
19 117 1045
186 146 1046
188 74 1047
38 12 1048
182 127 1049
117 127 1050
126 50 1051
13 110 1052
199 149 1053
19 67 1054
158 7 1055
90 32 1056
192 55 1057
13 91 1058
75 189 1059
161 36 1060
41 85 1061
155 185 1062
134 71 1063
22 60 1064
90 51 1065
23 57 1066
176 26 1067
195 148 1068
75 6 1069
175 199 1070
121 112 1071
63 84 1072
41 194 1073
182 47 1074
138 153 1075
68 57 1076
118 186 1077
78 119 1078
189 194 1079
26 149 1080
84 168 1081
58 130 1082
8 142 1083
58 48 1084
33 94 1085
180 77 1086
138 180 1087
80 109 1088
35 179 1089
1 135 1090
147 162 1091
63 104 1092
135 182 1093
69 168 1094
65 98 1095
22 102 1096
60 145 1097
184 61 1098
77 177 1099
15 153 1100
20 200 1101
152 104 1102
151 109 1103
60 96 1104
69 199 1105
195 36 1106
21 172 1107
98 62 1108
182 62 1109
160 103 1110
116 142 1111
108 145 1112
183 131 1113
133 187 1114
74 162 1115
36 60 1116
9 184 1117
180 122 1118
182 184 1119
61 28 1120
150 177 1121
24 188 1122
102 100 1123
37 51 1124
117 169 1125
13 187 1126
31 117 1127
20 36 1128
61 97 1129
6 51 1130
27 23 1131
35 163 1132
12 176 1133
173 180 1134
190 154 1135
197 151 1136
193 42 1137
126 170 1138
188 52 1139
106 32 1140
64 189 1141
39 57 1142
145 161 1143
129 45 1144
137 128 1145
128 31 1146
69 161 1147
66 75 1148
31 198 1149
52 65 1150
54 156 1151
131 116 1152
95 5 1153
20 137 1154
4 62 1155
35 187 1156
158 175 1157
98 79 1158
102 135 1159
39 45 1160
58 55 1161
2 3 1162
138 30 1163
97 162 1164
65 118 1165
161 134 1166
199 125 1167
66 140 1168
127 101 1169
85 5 1170
12 123 1171
87 176 1172
107 60 1173
77 104 1174
3 110 1175
52 33 1176
84 92 1177
47 168 1178
186 94 1179
138 159 1180
192 122 1181
156 195 1182
126 22 1183
52 151 1184
72 168 1185
158 25 1186
104 44 1187
174 150 1188
160 142 1189
169 153 1190
193 70 1191
97 187 1192
103 1 1193
147 19 1194
52 119 1195
66 40 1196
119 101 1197
80 108 1198
17 138 1199
115 166 1200
134 77 1201
102 69 1202
1 180 1203
37 23 1204
197 4 1205
117 3 1206
35 47 1207
163 98 1208
120 193 1209
150 156 1210
26 34 1211
47 138 1212
32 113 1213
88 13 1214
181 61 1215
167 187 1216
27 97 1217
4 153 1218
30 79 1219
72 133 1220
101 98 1221
113 87 1222
32 152 1223
92 136 1224
62 107 1225
88 32 1226
69 200 1227
190 185 1228
82 90 1229
93 87 1230
190 88 1231
100 112 1232
120 29 1233
75 56 1234
168 37 1235
79 132 1236
161 53 1237
112 115 1238
157 30 1239
41 38 1240
106 140 1241
158 73 1242
184 30 1243
195 77 1244
13 80 1245
84 146 1246
92 116 1247
126 115 1248
10 85 1249
95 66 1250
85 43 1251
101 130 1252
82 143 1253
120 28 1254
192 91 1255
121 66 1256
143 81 1257
9 188 1258
146 4 1259
77 84 1260
118 156 1261
115 55 1262
145 146 1263
42 94 1264
195 14 1265
68 41 1266
90 17 1267
139 95 1268
156 13 1269
2 152 1270
48 113 1271
81 44 1272
87 46 1273
135 37 1274
187 186 1275
92 36 1276
19 114 1277
69 81 1278
16 63 1279
113 114 1280
115 187 1281
78 9 1282
166 97 1283
186 36 1284
15 132 1285
38 64 1286
106 185 1287
65 88 1288
19 173 1289
166 196 1290
191 133 1291
29 73 1292
3 57 1293
6 190 1294
181 138 1295
169 194 1296
179 106 1297
127 108 1298
114 144 1299
87 54 1300
192 176 1301
130 78 1302
155 129 1303
176 60 1304
70 90 1305
160 45 1306
107 55 1307
15 74 1308
94 99 1309
153 13 1310
164 149 1311
135 153 1312
23 26 1313
28 181 1314
131 51 1315
79 165 1316
98 26 1317
29 25 1318
149 1 1319
185 4 1320
83 92 1321
116 151 1322
167 192 1323
17 192 1324
48 40 1325
199 25 1326
129 72 1327
186 25 1328
28 153 1329
5 9 1330
156 128 1331
95 121 1332
108 155 1333
85 65 1334
107 99 1335
30 91 1336
66 141 1337
90 39 1338
141 40 1339
141 192 1340
91 128 1341
102 19 1342
89 159 1343
13 51 1344
101 183 1345
83 126 1346
153 48 1347
119 139 1348
125 61 1349
28 149 1350
61 100 1351
86 105 1352
46 37 1353
74 76 1354
49 79 1355
160 174 1356
27 187 1357
160 59 1358
190 66 1359
38 93 1360
46 128 1361
51 154 1362
135 29 1363
37 101 1364
39 78 1365
28 12 1366
85 73 1367
52 150 1368
25 94 1369
33 183 1370
93 137 1371
84 49 1372
167 59 1373
64 179 1374
99 73 1375
13 77 1376
54 108 1377
105 117 1378
53 22 1379
200 195 1380
131 87 1381
126 43 1382
75 34 1383
42 185 1384
129 99 1385
4 78 1386
2 29 1387
105 110 1388
91 180 1389
54 166 1390
167 87 1391
194 12 1392
182 171 1393
162 130 1394
72 103 1395
81 107 1396
196 37 1397
124 185 1398
189 178 1399
130 174 1400
168 159 1401
116 28 1402
12 173 1403
178 26 1404
75 8 1405
123 137 1406
138 28 1407
87 128 1408
136 4 1409
190 33 1410
67 144 1411
70 24 1412
56 83 1413
23 106 1414
185 173 1415
123 99 1416
151 99 1417
127 26 1418
7 110 1419
131 19 1420
138 167 1421
193 84 1422
195 136 1423
29 142 1424
104 200 1425
153 182 1426
190 19 1427
114 122 1428
168 36 1429
27 65 1430
68 83 1431
126 157 1432
52 90 1433
71 66 1434
21 190 1435
162 108 1436
164 83 1437
77 6 1438
23 105 1439
34 54 1440
136 152 1441
133 173 1442
25 19 1443
120 41 1444
122 186 1445
77 80 1446
120 143 1447
158 170 1448
20 79 1449
84 56 1450
168 27 1451
15 10 1452
47 52 1453
148 58 1454
21 195 1455
186 148 1456
126 86 1457
115 152 1458
200 70 1459
72 171 1460
157 9 1461
195 69 1462
177 127 1463
58 136 1464
28 67 1465
10 67 1466
116 126 1467
75 102 1468
29 74 1469
181 103 1470
185 111 1471
54 93 1472
180 164 1473
163 129 1474
47 193 1475
162 179 1476
79 138 1477
166 124 1478
122 1 1479
48 60 1480
54 180 1481
26 87 1482
177 85 1483
75 119 1484
56 190 1485
133 107 1486
116 191 1487
22 84 1488
182 88 1489
187 10 1490
143 28 1491
148 137 1492
27 71 1493
143 160 1494
113 39 1495
70 146 1496
50 7 1497
40 74 1498
28 80 1499
25 108 1500
188 156 1501
82 81 1502
197 82 1503
83 121 1504
154 117 1505
99 116 1506
54 39 1507
82 34 1508
185 87 1509
10 82 1510
33 156 1511
194 5 1512
198 90 1513
147 50 1514
51 200 1515
145 189 1516
28 48 1517
172 162 1518
35 56 1519
37 8 1520
79 164 1521
32 117 1522
116 18 1523
46 112 1524
23 3 1525
167 159 1526
148 185 1527
165 78 1528
19 196 1529
81 192 1530
199 84 1531
156 123 1532
65 108 1533
121 50 1534
14 147 1535
30 160 1536
156 185 1537
36 192 1538
58 123 1539
193 30 1540
43 143 1541
155 52 1542
125 191 1543
94 60 1544
70 62 1545
171 91 1546
122 66 1547
80 181 1548
10 148 1549
155 190 1550
34 194 1551
172 79 1552
75 156 1553
124 191 1554
93 148 1555
23 114 1556
76 147 1557
100 95 1558
162 115 1559
106 78 1560
136 128 1561
82 199 1562
112 26 1563
40 148 1564
72 138 1565
3 185 1566
169 43 1567
137 176 1568
117 14 1569
138 111 1570
74 143 1571
33 25 1572
157 100 1573
155 2 1574
69 4 1575
97 11 1576
63 69 1577
40 169 1578
192 190 1579
114 85 1580
10 116 1581
172 139 1582
66 135 1583
13 62 1584
136 131 1585
81 115 1586
128 75 1587
155 9 1588
166 182 1589
139 197 1590
89 137 1591
55 31 1592
129 28 1593
49 36 1594
196 194 1595
14 23 1596
145 155 1597
47 97 1598
107 116 1599
1 79 1600
17 99 1601
30 122 1602
83 102 1603
178 197 1604
97 31 1605
198 64 1606
142 197 1607
31 145 1608
198 61 1609
142 121 1610
92 48 1611
166 167 1612
88 184 1613
136 188 1614
147 198 1615
189 162 1616
155 49 1617
4 189 1618
150 54 1619
101 87 1620
25 7 1621
165 29 1622
13 137 1623
175 19 1624
93 122 1625
194 186 1626
174 1 1627
128 161 1628
145 55 1629
117 160 1630
195 5 1631
33 138 1632
70 60 1633
131 110 1634
134 50 1635
22 56 1636
96 134 1637
170 33 1638
96 147 1639
197 117 1640
23 187 1641
90 74 1642
183 46 1643
44 54 1644
84 188 1645
111 5 1646
73 109 1647
95 74 1648
71 84 1649
119 129 1650
101 89 1651
50 27 1652
5 61 1653
192 87 1654
59 136 1655
83 50 1656
146 131 1657
57 8 1658
60 134 1659
162 17 1660
158 143 1661
61 145 1662
185 104 1663
189 173 1664
187 76 1665
153 7 1666
77 31 1667
184 20 1668
26 61 1669
37 146 1670
9 140 1671
109 199 1672
74 11 1673
4 159 1674
77 11 1675
65 56 1676
55 146 1677
198 89 1678
76 167 1679
123 127 1680
57 127 1681
26 90 1682
181 91 1683
103 175 1684
18 109 1685
94 196 1686
98 95 1687
44 43 1688
52 139 1689
188 70 1690
25 133 1691
125 68 1692
79 152 1693
110 109 1694
50 89 1695
109 116 1696
58 191 1697
97 40 1698
132 59 1699
138 188 1700
147 191 1701
174 185 1702
107 179 1703
79 159 1704
19 129 1705
32 168 1706
167 67 1707
23 70 1708
88 15 1709
11 81 1710
38 173 1711
81 4 1712
101 109 1713
122 131 1714
120 34 1715
119 44 1716
198 46 1717
127 74 1718
148 43 1719
66 145 1720
3 107 1721
161 33 1722
147 2 1723
89 81 1724
37 147 1725
47 10 1726
178 135 1727
92 110 1728
196 30 1729
22 39 1730
79 111 1731
68 175 1732
177 26 1733
73 104 1734
188 62 1735
35 127 1736
90 110 1737
181 178 1738
196 44 1739
25 128 1740
125 87 1741
143 91 1742
44 184 1743
12 143 1744
186 9 1745
116 79 1746
168 124 1747
174 184 1748
133 171 1749
54 137 1750
140 57 1751
39 157 1752
174 120 1753
189 183 1754
137 87 1755
94 175 1756
172 100 1757
165 58 1758
44 10 1759
109 32 1760
14 127 1761
198 23 1762
133 16 1763
60 170 1764
164 76 1765
113 171 1766
112 11 1767
177 128 1768
169 186 1769
83 45 1770
142 91 1771
184 68 1772
182 190 1773
175 181 1774
1 16 1775
91 60 1776
117 77 1777
74 82 1778
127 195 1779
171 97 1780
71 42 1781
43 77 1782
1 45 1783
158 108 1784
16 50 1785
167 61 1786
104 110 1787
196 55 1788
47 12 1789
69 78 1790
16 72 1791
37 123 1792
51 4 1793
78 17 1794
5 52 1795
103 114 1796
183 52 1797
8 77 1798
132 165 1799
82 46 1800
174 157 1801
193 163 1802
197 16 1803
16 188 1804
72 173 1805
25 166 1806
40 64 1807
5 34 1808
68 8 1809
155 139 1810
168 30 1811
55 159 1812
7 139 1813
169 51 1814
39 1 1815
121 58 1816
145 98 1817
135 194 1818
103 85 1819
120 99 1820
61 182 1821
2 188 1822
45 143 1823
147 153 1824
165 145 1825
74 87 1826
76 188 1827
106 180 1828
171 122 1829
128 53 1830
73 61 1831
186 79 1832
117 162 1833
11 87 1834
183 96 1835
185 97 1836
187 92 1837
27 101 1838
46 184 1839
47 145 1840
113 191 1841
109 171 1842
101 115 1843
71 89 1844
109 87 1845
120 1 1846
3 188 1847
27 171 1848
2 36 1849
108 160 1850
114 89 1851
61 108 1852
98 198 1853
140 114 1854
65 48 1855
196 77 1856
122 99 1857
59 171 1858
187 171 1859
168 160 1860
21 125 1861
154 136 1862
43 80 1863
70 31 1864
195 95 1865
148 24 1866
27 194 1867
108 20 1868
95 131 1869
133 45 1870
104 138 1871
164 127 1872
97 178 1873
44 163 1874
10 173 1875
27 170 1876
84 11 1877
194 144 1878
39 81 1879
15 168 1880
20 121 1881
194 57 1882
117 37 1883
37 9 1884
83 23 1885
20 180 1886
109 66 1887
98 107 1888
191 9 1889
184 107 1890
132 10 1891
97 179 1892
166 6 1893
115 62 1894
127 187 1895
2 180 1896
15 114 1897
1 136 1898
140 167 1899
188 149 1900
182 165 1901
87 165 1902
192 78 1903
62 124 1904
170 99 1905
11 165 1906
144 82 1907
65 133 1908
102 4 1909
172 126 1910
70 50 1911
39 200 1912
65 89 1913
70 28 1914
175 176 1915
149 178 1916
47 59 1917
198 83 1918
133 32 1919
91 155 1920
70 162 1921
62 7 1922
33 173 1923
57 102 1924
168 182 1925
10 149 1926
84 165 1927
161 16 1928
198 16 1929
22 81 1930
93 45 1931
140 12 1932
166 142 1933
90 192 1934
40 79 1935
60 1 1936
88 66 1937
181 10 1938
48 169 1939
38 44 1940
128 61 1941
198 106 1942
35 66 1943
84 94 1944
189 92 1945
159 165 1946
156 142 1947
32 47 1948
140 21 1949
88 187 1950
169 45 1951
115 70 1952
32 91 1953
40 76 1954
94 179 1955
109 30 1956
46 171 1957
15 192 1958
52 135 1959
199 191 1960
89 176 1961
24 185 1962
174 55 1963
40 189 1964
178 147 1965
5 108 1966
104 13 1967
48 183 1968
17 98 1969
8 41 1970
12 159 1971
145 141 1972
110 17 1973
195 128 1974
92 152 1975
159 47 1976
191 87 1977
77 188 1978
167 25 1979
167 116 1980
22 58 1981
184 55 1982
189 118 1983
19 198 1984
22 180 1985
133 55 1986
187 132 1987
198 30 1988
188 34 1989
72 3 1990
63 168 1991
165 90 1992
48 185 1993
54 13 1994
48 6 1995
176 78 1996
138 175 1997
181 137 1998
142 39 1999
170 171 2000
162 156 2001
189 87 2002
181 4 2003
109 100 2004
67 35 2005
194 137 2006
155 176 2007
9 83 2008
191 184 2009
79 108 2010
121 34 2011
142 149 2012
84 142 2013
139 168 2014
190 149 2015
89 126 2016
95 165 2017
105 127 2018
166 17 2019
73 22 2020
34 64 2021
7 87 2022
36 39 2023
93 101 2024
96 49 2025
4 52 2026
121 126 2027
107 140 2028
194 154 2029
21 10 2030
180 186 2031
189 79 2032
17 152 2033
17 49 2034
34 57 2035
173 18 2036
64 97 2037
66 81 2038
174 153 2039
181 182 2040
3 148 2041
143 35 2042
197 152 2043
34 143 2044
38 109 2045
80 24 2046
47 175 2047
100 20 2048
82 148 2049
159 90 2050
104 175 2051
57 149 2052
181 22 2053
158 26 2054
29 130 2055
17 14 2056
165 44 2057
140 175 2058
114 133 2059
24 161 2060
74 130 2061
200 154 2062
115 61 2063
108 19 2064
51 11 2065
60 132 2066
173 5 2067
167 98 2068
71 100 2069
175 118 2070
197 86 2071
16 71 2072
84 120 2073
94 71 2074
99 110 2075
68 122 2076
35 26 2077
11 134 2078
109 187 2079
21 193 2080
44 176 2081
49 46 2082
124 36 2083
75 40 2084
112 16 2085
3 51 2086
20 76 2087
180 41 2088
114 75 2089
63 61 2090
48 53 2091
93 75 2092
55 144 2093
134 66 2094
126 66 2095
119 166 2096
5 54 2097
199 68 2098
136 160 2099
44 32 2100
10 188 2101
52 59 2102
159 69 2103
66 99 2104
200 197 2105
47 2 2106
187 70 2107
6 111 2108
155 200 2109
74 163 2110
7 170 2111
145 195 2112
12 135 2113
94 200 2114
34 43 2115
30 129 2116
137 165 2117
150 98 2118
127 66 2119
48 168 2120
52 22 2121
141 10 2122
200 124 2123
78 155 2124
43 138 2125
141 127 2126
118 181 2127
123 141 2128
190 55 2129
176 10 2130
36 130 2131
3 8 2132
2 154 2133
110 38 2134
102 157 2135
159 151 2136
87 102 2137
163 174 2138
189 197 2139
82 110 2140
163 82 2141
171 86 2142
182 178 2143
139 69 2144
122 142 2145
13 139 2146
122 2 2147
99 69 2148
149 53 2149
69 160 2150
5 73 2151
54 127 2152
121 42 2153
156 52 2154
67 63 2155
87 95 2156
19 144 2157
133 90 2158
180 199 2159
72 118 2160
63 2 2161
190 79 2162
17 121 2163
121 30 2164
61 39 2165
142 20 2166
179 2 2167
127 121 2168
122 62 2169
136 96 2170
117 76 2171
95 26 2172
82 64 2173
192 200 2174
33 10 2175
147 92 2176
37 184 2177
6 120 2178
41 139 2179
15 174 2180
20 163 2181
138 16 2182
10 45 2183
134 144 2184
29 169 2185
154 84 2186
37 53 2187
23 59 2188
32 65 2189
61 186 2190
42 103 2191
9 161 2192
34 169 2193
101 187 2194
57 126 2195
129 139 2196
50 139 2197
81 97 2198
145 22 2199
132 129 2200
89 82 2201
82 66 2202
64 169 2203
78 81 2204
174 2 2205
53 157 2206
136 31 2207
188 47 2208
24 133 2209
189 84 2210
184 63 2211
98 160 2212
53 130 2213
169 5 2214
76 86 2215
134 69 2216
148 46 2217
38 154 2218
34 100 2219
74 8 2220
3 14 2221
99 174 2222
48 193 2223
6 52 2224
37 80 2225
8 158 2226
125 119 2227
83 28 2228
11 108 2229
131 100 2230
186 46 2231
77 1 2232
160 137 2233
11 61 2234
52 134 2235
26 154 2236
40 193 2237
124 100 2238
55 63 2239
102 93 2240
49 31 2241
39 48 2242
190 175 2243
128 78 2244
115 186 2245
144 173 2246
94 159 2247
85 94 2248
25 103 2249
41 22 2250
48 125 2251
7 163 2252
116 171 2253
50 38 2254
83 109 2255
179 122 2256
37 108 2257
87 75 2258
72 13 2259
124 180 2260
61 189 2261
23 7 2262
47 137 2263
174 32 2264
34 2 2265
26 160 2266
22 129 2267
161 117 2268
124 117 2269
183 4 2270
162 77 2271
104 134 2272
139 90 2273
40 25 2274
103 127 2275
71 169 2276
149 151 2277
166 77 2278
149 173 2279
116 27 2280
165 124 2281
12 145 2282
28 79 2283
148 101 2284
5 186 2285
19 91 2286
101 138 2287
76 12 2288
128 28 2289
167 130 2290
120 142 2291
13 78 2292
107 13 2293
137 125 2294
83 51 2295
172 12 2296
132 70 2297
88 7 2298
182 58 2299
163 72 2300
54 120 2301
41 28 2302
122 172 2303
55 117 2304
165 187 2305
143 57 2306
151 15 2307
172 16 2308
97 72 2309
185 86 2310
149 103 2311
92 137 2312
151 24 2313
118 133 2314
32 194 2315
179 48 2316
17 36 2317
79 105 2318
72 84 2319
131 21 2320
124 39 2321
170 116 2322
138 11 2323
186 99 2324
4 163 2325
13 60 2326
181 194 2327
29 146 2328
33 129 2329
100 193 2330
119 100 2331
173 156 2332
153 197 2333
132 107 2334
192 195 2335
16 29 2336
96 158 2337
128 172 2338
83 128 2339
59 128 2340
169 154 2341
33 155 2342
144 92 2343
171 157 2344
16 93 2345
63 103 2346
66 57 2347
103 84 2348
195 173 2349
181 157 2350
123 30 2351
125 38 2352
177 37 2353
154 86 2354
128 108 2355
30 8 2356
131 7 2357
112 96 2358
34 68 2359
190 38 2360
194 142 2361
135 2 2362
141 17 2363
35 133 2364
139 72 2365
77 191 2366
169 122 2367
92 192 2368
198 118 2369
117 115 2370
14 15 2371
6 27 2372
149 179 2373
155 53 2374
134 36 2375
26 144 2376
150 163 2377
141 168 2378
123 142 2379
119 61 2380
39 21 2381
146 137 2382
178 116 2383
109 95 2384
49 132 2385
103 66 2386
72 135 2387
195 15 2388
11 162 2389
54 50 2390
182 90 2391
141 199 2392
42 151 2393
73 16 2394
70 53 2395
65 111 2396
29 94 2397
48 115 2398
187 51 2399
73 77 2400
91 9 2401
63 13 2402
162 159 2403
162 175 2404
103 107 2405
50 183 2406
102 170 2407
105 193 2408
37 38 2409
177 2 2410
155 100 2411
4 90 2412
166 66 2413
50 56 2414
91 85 2415
169 106 2416
118 155 2417
154 27 2418
99 6 2419
30 150 2420
148 9 2421
1 197 2422
74 59 2423
175 15 2424
39 18 2425
110 168 2426
72 189 2427
44 39 2428
20 197 2429
190 46 2430
24 44 2431
13 125 2432
91 35 2433
20 34 2434
20 165 2435
99 126 2436
18 35 2437
170 26 2438
45 123 2439
83 80 2440
84 51 2441
105 6 2442
142 168 2443
154 172 2444
71 180 2445
58 42 2446
152 35 2447
1 158 2448
64 167 2449
101 60 2450
160 159 2451
145 174 2452
118 75 2453
117 156 2454
83 182 2455
76 139 2456
81 1 2457
134 39 2458
19 110 2459
67 135 2460
165 28 2461
10 158 2462
82 155 2463
123 19 2464
61 10 2465
147 83 2466
116 179 2467
187 191 2468
9 159 2469
90 170 2470
169 142 2471
118 81 2472
140 163 2473
135 160 2474
124 157 2475
87 77 2476
105 124 2477
186 162 2478
166 74 2479
159 129 2480
51 109 2481
33 74 2482
81 175 2483
16 42 2484
159 127 2485
100 58 2486
67 115 2487
189 24 2488
200 45 2489
11 99 2490
103 167 2491
69 12 2492
79 89 2493
79 60 2494
24 170 2495
5 50 2496
87 171 2497
49 66 2498
170 42 2499
69 124 2500
45 98 2501
185 37 2502
150 7 2503
163 194 2504
78 14 2505
108 142 2506
170 118 2507
116 34 2508
31 178 2509
153 66 2510
19 167 2511
20 112 2512
30 103 2513
17 9 2514
82 57 2515
59 143 2516
192 21 2517
159 150 2518
166 133 2519
147 51 2520
80 21 2521
94 102 2522
87 148 2523
76 80 2524
53 19 2525
161 192 2526
78 111 2527
4 125 2528
161 107 2529
95 160 2530
92 74 2531
129 188 2532
42 164 2533
112 198 2534
187 28 2535
198 101 2536
19 197 2537
197 10 2538
181 79 2539
18 119 2540
136 168 2541
67 90 2542
82 180 2543
195 92 2544
93 8 2545
191 55 2546
167 154 2547
18 14 2548
47 165 2549
41 79 2550
199 103 2551
134 175 2552
67 130 2553
31 4 2554
10 42 2555
191 64 2556
28 188 2557
58 107 2558
143 103 2559
97 134 2560
120 65 2561
80 142 2562
169 130 2563
121 164 2564
55 28 2565
76 14 2566
78 190 2567
178 61 2568
96 156 2569
62 19 2570
62 42 2571
105 76 2572
145 188 2573
125 115 2574
168 51 2575
115 97 2576
81 158 2577
44 142 2578
19 85 2579
64 108 2580
147 181 2581
135 58 2582
186 88 2583
19 79 2584
102 145 2585
171 149 2586
146 168 2587
170 191 2588
98 33 2589
3 46 2590
176 49 2591
28 63 2592
152 94 2593
69 58 2594
143 85 2595
166 200 2596
81 87 2597
59 18 2598
95 84 2599
106 25 2600
19 6 2601
34 141 2602
137 21 2603
98 114 2604
48 154 2605
73 6 2606
193 27 2607
46 26 2608
62 110 2609
39 68 2610
151 198 2611
51 199 2612
110 54 2613
186 157 2614
50 178 2615
35 196 2616
24 13 2617
190 35 2618
96 62 2619
179 175 2620
90 194 2621
2 70 2622
112 32 2623
1 73 2624
98 142 2625
76 41 2626
8 64 2627
119 124 2628
74 36 2629
65 115 2630
188 157 2631
49 35 2632
164 11 2633
171 37 2634
63 188 2635
5 27 2636
185 134 2637
37 50 2638
69 187 2639
190 75 2640
49 57 2641
3 27 2642
16 32 2643
135 99 2644
140 24 2645
20 23 2646
119 16 2647
111 38 2648
78 163 2649
166 172 2650
3 47 2651
120 129 2652
41 62 2653
76 94 2654
147 150 2655
13 43 2656
33 39 2657
169 199 2658
87 123 2659
45 164 2660
47 184 2661
185 188 2662
170 15 2663
32 197 2664
182 7 2665
57 18 2666
126 164 2667
71 163 2668
109 17 2669
72 191 2670
43 111 2671
169 99 2672
85 137 2673
6 15 2674
189 198 2675
102 166 2676
42 81 2677
96 80 2678
98 103 2679
125 7 2680
194 198 2681
29 83 2682
14 156 2683
189 12 2684
170 127 2685
99 114 2686
75 173 2687
174 158 2688
141 126 2689
129 58 2690
77 176 2691
17 53 2692
25 23 2693
101 72 2694
97 161 2695
187 108 2696
108 104 2697
162 68 2698
196 164 2699
105 176 2700
188 197 2701
164 107 2702
197 95 2703
142 54 2704
148 147 2705
163 54 2706
79 42 2707
140 166 2708
139 136 2709
18 147 2710
178 92 2711
190 181 2712
101 80 2713
76 59 2714
10 168 2715
44 90 2716
114 155 2717
82 48 2718
119 192 2719
167 70 2720
74 171 2721
158 99 2722
165 54 2723
186 185 2724
6 46 2725
169 7 2726
94 167 2727
30 65 2728
80 32 2729
145 190 2730
48 132 2731
159 5 2732
103 140 2733
198 21 2734
174 4 2735
90 172 2736
58 103 2737
102 12 2738
184 114 2739
28 114 2740
11 34 2741
82 23 2742
68 135 2743
1 168 2744
137 77 2745
200 176 2746
45 97 2747
56 144 2748
170 164 2749
83 17 2750
41 87 2751
119 162 2752
105 63 2753
150 116 2754
184 118 2755
150 130 2756
62 192 2757
119 57 2758
33 23 2759
133 30 2760
11 40 2761
47 39 2762
129 147 2763
53 1 2764
44 179 2765
159 22 2766
109 161 2767
144 68 2768
35 191 2769
140 3 2770
88 16 2771
28 141 2772
15 178 2773
14 161 2774
162 178 2775
109 37 2776
29 150 2777
25 153 2778
39 112 2779
29 72 2780
155 122 2781
162 170 2782
39 94 2783
114 39 2784
6 97 2785
28 25 2786
133 89 2787
109 173 2788
5 41 2789
3 29 2790
92 47 2791
105 195 2792
169 98 2793
138 126 2794
94 46 2795
176 182 2796
96 31 2797
168 17 2798
195 98 2799
53 14 2800
176 129 2801
152 109 2802
164 137 2803
174 91 2804
93 114 2805
25 105 2806
146 34 2807
155 143 2808
39 161 2809
188 173 2810
27 190 2811
172 19 2812
192 111 2813
148 44 2814
34 190 2815
84 73 2816
157 92 2817
172 57 2818
47 102 2819
10 150 2820
199 182 2821
17 111 2822
128 118 2823
102 44 2824
176 118 2825
61 135 2826
161 135 2827
31 27 2828
39 183 2829
31 57 2830
39 38 2831
68 35 2832
19 194 2833
13 89 2834
8 17 2835
162 64 2836
108 35 2837
45 57 2838
72 47 2839
37 188 2840
1 163 2841
14 188 2842
10 192 2843
92 171 2844
198 76 2845
35 4 2846
17 118 2847
25 70 2848
171 150 2849
175 67 2850
120 158 2851
59 13 2852
46 161 2853
10 144 2854
152 57 2855
99 146 2856
193 5 2857
174 52 2858
113 174 2859
19 179 2860
151 174 2861
165 183 2862
157 111 2863
51 44 2864
34 181 2865
26 43 2866
129 7 2867
158 165 2868
151 200 2869
57 15 2870
135 63 2871
166 159 2872
46 165 2873
3 44 2874
114 146 2875
55 157 2876
10 186 2877
57 182 2878
180 80 2879
50 85 2880
31 6 2881
193 129 2882
30 170 2883
62 129 2884
90 43 2885
30 167 2886
36 55 2887
103 105 2888
28 107 2889
10 94 2890
109 193 2891
23 72 2892
57 158 2893
168 138 2894
74 151 2895
145 20 2896
136 185 2897
98 122 2898
59 172 2899
139 153 2900
92 49 2901
108 149 2902
53 135 2903
188 192 2904
88 48 2905
67 197 2906
79 97 2907
53 169 2908
192 46 2909
162 48 2910
86 93 2911
140 7 2912
95 28 2913
15 159 2914
9 146 2915
35 86 2916
54 134 2917
79 129 2918
71 90 2919
81 65 2920
115 128 2921
56 47 2922
120 179 2923
148 165 2924
194 145 2925
79 92 2926
138 197 2927
127 136 2928
35 48 2929
92 7 2930
83 141 2931
35 158 2932
156 32 2933
133 183 2934
153 103 2935
65 97 2936
132 51 2937
135 137 2938
152 13 2939
105 157 2940
112 150 2941
65 174 2942
100 78 2943
91 26 2944
199 166 2945
12 19 2946
191 152 2947
57 100 2948
124 7 2949
4 182 2950
82 50 2951
84 169 2952
176 11 2953
30 191 2954
136 83 2955
81 2 2956
64 71 2957
173 44 2958
130 112 2959
42 47 2960
15 179 2961
153 20 2962
167 175 2963
107 130 2964
146 175 2965
97 14 2966
145 3 2967
158 22 2968
100 137 2969
28 76 2970
41 169 2971
15 197 2972
43 60 2973
190 12 2974
163 95 2975
40 88 2976
141 12 2977
194 29 2978
93 10 2979
43 102 2980
192 140 2981
1 170 2982
127 3 2983
176 199 2984
62 190 2985
1 96 2986
161 77 2987
155 70 2988
197 99 2989
83 132 2990
172 157 2991
194 26 2992
123 46 2993
53 18 2994
124 59 2995
160 77 2996
27 182 2997
197 181 2998
54 95 2999
190 24 3000
85 57 3001
44 187 3002
71 108 3003
91 130 3004
155 127 3005
155 44 3006
99 156 3007
44 145 3008
186 37 3009
158 146 3010
161 170 3011
47 140 3012
5 16 3013
88 98 3014
158 102 3015
80 183 3016
48 196 3017
8 91 3018
124 38 3019
180 135 3020
123 131 3021
187 50 3022
99 187 3023
192 159 3024
48 54 3025
179 59 3026
21 141 3027
8 152 3028
19 46 3029
22 18 3030
41 1 3031
2 93 3032
187 112 3033
69 169 3034
147 132 3035
113 63 3036
97 123 3037
83 12 3038
169 17 3039
30 140 3040
3 15 3041
121 123 3042
180 10 3043
97 103 3044
85 140 3045
8 23 3046
195 97 3047
175 92 3048
65 9 3049
37 128 3050
78 131 3051
104 15 3052
80 84 3053
174 181 3054
106 118 3055
185 43 3056
177 130 3057
64 84 3058
102 54 3059
87 47 3060
73 72 3061
139 21 3062
174 71 3063
55 98 3064
38 81 3065
124 167 3066
161 72 3067
82 141 3068
31 10 3069
176 42 3070
162 191 3071
140 92 3072
97 142 3073
64 129 3074
68 194 3075
149 141 3076
73 115 3077
93 95 3078
81 23 3079
93 22 3080
15 69 3081
149 111 3082
129 140 3083
118 4 3084
145 49 3085
198 131 3086
173 3 3087
190 142 3088
26 37 3089
122 102 3090
191 198 3091
200 57 3092
72 170 3093
173 67 3094
108 175 3095
184 24 3096
93 99 3097
167 26 3098
11 49 3099
19 101 3100
127 116 3101
1 147 3102
13 144 3103
63 14 3104
198 127 3105
106 194 3106
108 159 3107
53 56 3108
8 79 3109
7 138 3110
104 82 3111
137 109 3112
95 40 3113
171 129 3114
156 124 3115
188 64 3116
11 39 3117
128 167 3118
181 30 3119
140 42 3120
71 168 3121
64 90 3122
29 32 3123
124 138 3124
156 73 3125
195 104 3126
21 102 3127
192 125 3128
63 108 3129
192 25 3130
2 28 3131
37 190 3132
91 187 3133
43 27 3134
127 99 3135
104 157 3136
75 90 3137
71 184 3138
117 163 3139
149 56 3140
104 48 3141
37 47 3142
41 170 3143
174 44 3144
114 172 3145
103 67 3146
79 56 3147
53 52 3148
22 193 3149
182 117 3150
158 198 3151
41 40 3152
85 122 3153
129 20 3154
159 135 3155
52 9 3156
97 140 3157
139 190 3158
8 63 3159
164 29 3160
169 94 3161
6 89 3162
163 104 3163
144 21 3164
190 97 3165
45 3 3166
151 162 3167
39 2 3168
48 55 3169
64 171 3170
10 112 3171
100 70 3172
144 118 3173
183 93 3174
169 32 3175
147 108 3176
97 20 3177
156 172 3178
192 88 3179
20 128 3180
90 197 3181
94 50 3182
38 54 3183
139 135 3184
77 118 3185
137 56 3186
172 165 3187
163 157 3188
184 195 3189
193 130 3190
13 145 3191
185 8 3192
145 62 3193
112 62 3194
194 17 3195
108 123 3196
45 163 3197
53 24 3198
194 3 3199
181 98 3200
37 139 3201
21 138 3202
113 79 3203
28 136 3204
199 31 3205
162 160 3206
152 23 3207
186 145 3208
34 86 3209
196 127 3210
104 150 3211
79 85 3212
84 135 3213
138 92 3214
13 181 3215
140 73 3216
45 37 3217
69 48 3218
196 125 3219
144 129 3220
13 32 3221
74 30 3222
151 27 3223
97 26 3224
77 142 3225
40 16 3226
155 92 3227
16 98 3228
26 33 3229
196 101 3230
95 129 3231
46 105 3232
100 142 3233
59 131 3234
116 91 3235
88 9 3236
71 46 3237
120 39 3238
25 57 3239
138 2 3240
186 165 3241
74 44 3242
52 164 3243
184 144 3244
52 55 3245
58 82 3246
189 41 3247
12 37 3248
117 96 3249
141 178 3250
199 98 3251
67 41 3252
49 151 3253
91 169 3254
54 3 3255
195 72 3256
47 105 3257
26 84 3258
195 106 3259
132 161 3260
80 129 3261
40 99 3262
21 66 3263
17 68 3264
97 136 3265
70 183 3266
113 34 3267
126 32 3268
10 64 3269
63 151 3270
197 83 3271
139 42 3272
91 48 3273
124 187 3274
6 130 3275
145 65 3276
51 181 3277
170 111 3278
41 52 3279
137 168 3280
186 129 3281
60 115 3282
178 109 3283
57 114 3284
153 158 3285
108 143 3286
4 75 3287
26 83 3288
6 176 3289
175 113 3290
155 39 3291
191 148 3292
87 45 3293
186 177 3294
177 92 3295
121 65 3296
22 31 3297
171 175 3298
86 74 3299
139 152 3300
33 152 3301
108 168 3302
45 121 3303
161 176 3304
127 60 3305
89 47 3306
81 91 3307
21 91 3308
169 95 3309
29 63 3310
27 118 3311
106 33 3312
83 2 3313
118 171 3314
8 179 3315
26 24 3316
11 140 3317
176 18 3318
100 4 3319
116 185 3320
188 57 3321
77 110 3322
133 182 3323
139 104 3324
86 194 3325
79 136 3326
38 185 3327
157 125 3328
40 98 3329
42 112 3330
22 86 3331
116 1 3332
172 46 3333
131 44 3334
107 170 3335
68 108 3336
58 35 3337
31 150 3338
73 7 3339
81 174 3340
39 28 3341
193 58 3342
124 130 3343
140 58 3344
106 91 3345
109 172 3346
5 92 3347
86 163 3348
25 114 3349
175 197 3350
135 108 3351
150 25 3352
116 88 3353
134 30 3354
1 58 3355
87 60 3356
79 193 3357
82 162 3358
4 17 3359
5 191 3360
101 91 3361
45 5 3362
23 56 3363
158 93 3364
148 153 3365
53 10 3366
83 8 3367
50 79 3368
51 137 3369
198 156 3370
136 199 3371
96 86 3372
192 189 3373
45 20 3374
80 192 3375
188 139 3376
61 51 3377
25 159 3378
193 132 3379
102 105 3380
86 143 3381
150 125 3382
118 195 3383
29 137 3384
139 110 3385
187 139 3386
117 150 3387
87 89 3388
175 145 3389
28 81 3390
180 200 3391
95 110 3392
98 192 3393
102 81 3394
177 184 3395
166 132 3396
99 162 3397
113 77 3398
22 75 3399
28 121 3400
44 144 3401
131 41 3402
27 40 3403
131 25 3404
148 32 3405
29 58 3406
94 12 3407
6 22 3408
92 39 3409
196 5 3410
157 60 3411
180 62 3412
4 26 3413
134 5 3414
120 97 3415
79 74 3416
97 112 3417
83 120 3418
18 122 3419
130 50 3420
31 177 3421
58 179 3422
86 37 3423
156 189 3424
70 107 3425
73 68 3426
94 5 3427
54 169 3428
21 157 3429
161 47 3430
140 34 3431
110 166 3432
176 168 3433
91 88 3434
59 196 3435
183 86 3436
94 49 3437
150 91 3438
57 191 3439
10 154 3440
127 190 3441
84 148 3442
7 52 3443
97 198 3444
102 141 3445
94 19 3446
94 162 3447
60 190 3448
200 95 3449
101 136 3450
134 109 3451
26 104 3452
153 64 3453
44 137 3454
12 166 3455
73 163 3456
116 70 3457
188 132 3458
76 90 3459
181 132 3460
46 81 3461
106 52 3462
198 26 3463
93 153 3464
104 68 3465
150 170 3466
197 187 3467
34 183 3468
20 132 3469
113 51 3470
127 67 3471
193 183 3472
32 63 3473
186 144 3474
133 145 3475
83 14 3476
160 61 3477
23 35 3478
200 13 3479
5 10 3480
139 98 3481
189 63 3482
76 9 3483
87 195 3484
42 189 3485
166 68 3486
167 17 3487
19 27 3488
46 102 3489
160 43 3490
123 27 3491
14 152 3492
151 39 3493
27 8 3494
153 88 3495
80 151 3496
58 28 3497
139 85 3498
186 150 3499
191 157 3500
112 103 3501
194 119 3502
128 80 3503
113 147 3504
14 49 3505
70 39 3506
131 114 3507
81 125 3508
18 1 3509
175 147 3510
51 86 3511
100 42 3512
59 197 3513
183 63 3514
143 173 3515
69 171 3516
164 75 3517
8 61 3518
18 7 3519
163 36 3520
107 185 3521
44 23 3522
32 154 3523
9 62 3524
113 62 3525
101 56 3526
24 125 3527
43 97 3528
9 110 3529
20 181 3530
117 58 3531
45 67 3532
38 72 3533
147 79 3534
39 186 3535
102 169 3536
68 136 3537
27 82 3538
107 105 3539
192 53 3540
166 19 3541
6 82 3542
50 158 3543
2 89 3544
126 129 3545
88 80 3546
74 17 3547
97 153 3548
51 114 3549
73 24 3550
97 155 3551
190 32 3552
176 117 3553
39 97 3554
163 192 3555
174 19 3556
106 174 3557
181 188 3558
113 75 3559
93 173 3560
107 159 3561
60 189 3562
96 199 3563
142 22 3564
52 20 3565
32 164 3566
88 19 3567
89 48 3568
119 17 3569
103 101 3570
143 186 3571
166 20 3572
28 174 3573
81 186 3574
186 200 3575
115 59 3576
8 173 3577
91 161 3578
192 9 3579
143 31 3580
194 35 3581
17 52 3582
9 35 3583
96 58 3584
199 52 3585
155 46 3586
116 15 3587
179 82 3588
16 128 3589
90 45 3590
74 45 3591
180 197 3592
89 127 3593
65 190 3594
186 183 3595
179 46 3596
189 90 3597
99 193 3598
154 198 3599
48 161 3600
151 92 3601
142 165 3602
21 106 3603
2 14 3604
90 131 3605
3 180 3606
75 178 3607
89 39 3608
198 161 3609
11 168 3610
77 138 3611
40 162 3612
12 41 3613
169 173 3614
44 156 3615
54 55 3616
127 120 3617
44 154 3618
20 141 3619
40 62 3620
104 72 3621
6 128 3622
192 52 3623
41 185 3624
126 184 3625
54 181 3626
14 37 3627
28 185 3628
89 43 3629
137 140 3630
91 41 3631
80 39 3632
127 48 3633
187 172 3634
193 159 3635
69 95 3636
131 11 3637
146 187 3638
90 84 3639
175 75 3640
112 89 3641
178 8 3642
69 118 3643
138 39 3644
144 117 3645
77 107 3646
123 179 3647
97 189 3648
150 47 3649
155 192 3650
115 131 3651
73 66 3652
150 45 3653
125 133 3654
87 14 3655
60 59 3656
44 190 3657
54 100 3658
110 85 3659
79 11 3660
23 177 3661
174 178 3662
85 141 3663
25 55 3664
140 136 3665
66 33 3666
34 55 3667
43 5 3668
98 83 3669
118 9 3670
160 66 3671
116 54 3672
23 34 3673
122 17 3674
140 46 3675
184 90 3676
90 55 3677
33 153 3678
82 98 3679
189 140 3680
182 86 3681
107 59 3682
183 177 3683
61 90 3684
60 55 3685
10 183 3686
93 104 3687
48 175 3688
10 107 3689
165 80 3690
37 144 3691
42 45 3692
22 47 3693
48 44 3694
21 49 3695
48 171 3696
99 51 3697
157 77 3698
32 83 3699
60 128 3700
26 188 3701
2 153 3702
139 60 3703
113 27 3704
143 136 3705
99 46 3706
125 93 3707
97 57 3708
71 113 3709
178 57 3710
123 152 3711
196 171 3712
130 133 3713
24 121 3714
105 70 3715
166 173 3716
80 11 3717
148 23 3718
47 156 3719
62 64 3720
171 19 3721
64 117 3722
114 187 3723
66 90 3724
178 5 3725
54 15 3726
65 170 3727
58 175 3728
14 189 3729
139 150 3730
191 106 3731
80 124 3732
104 59 3733
50 6 3734
151 134 3735
54 41 3736
24 95 3737
197 73 3738
94 31 3739
42 200 3740
31 124 3741
169 145 3742
48 77 3743
127 154 3744
121 33 3745
69 143 3746
110 146 3747
185 35 3748
164 62 3749
157 130 3750
153 198 3751
29 179 3752
53 129 3753
156 163 3754
83 15 3755
166 22 3756
127 181 3757
174 172 3758
184 22 3759
25 100 3760
130 166 3761
14 21 3762
51 59 3763
109 157 3764
190 169 3765
106 126 3766
42 136 3767
85 78 3768
151 58 3769
79 163 3770
125 97 3771
94 111 3772
113 92 3773
190 77 3774
45 107 3775
145 82 3776
106 147 3777
57 138 3778
175 65 3779
38 132 3780
171 160 3781
159 182 3782
127 160 3783
179 87 3784
156 56 3785
161 67 3786
36 59 3787
73 149 3788
51 58 3789
107 190 3790
84 186 3791
163 8 3792
116 155 3793
52 89 3794
19 141 3795
118 97 3796
176 189 3797
189 3 3798
79 143 3799
181 42 3800
25 180 3801
172 102 3802
144 28 3803
39 50 3804
28 126 3805
115 77 3806
117 146 3807
37 156 3808
59 26 3809
55 100 3810
168 95 3811
99 70 3812
184 154 3813
116 161 3814
73 50 3815
92 55 3816
80 6 3817
6 186 3818
72 24 3819
135 4 3820
108 87 3821
109 115 3822
29 30 3823
139 194 3824
135 138 3825
108 124 3826
106 123 3827
133 100 3828
163 28 3829
52 86 3830
34 6 3831
75 163 3832
82 36 3833
135 86 3834
8 190 3835
193 196 3836
155 136 3837
196 142 3838
145 200 3839
179 16 3840
181 68 3841
148 102 3842
82 178 3843
76 175 3844
190 126 3845
87 111 3846
147 166 3847
112 6 3848
49 140 3849
86 168 3850
50 132 3851
166 114 3852
110 59 3853
41 146 3854
81 123 3855
148 73 3856
30 32 3857
136 135 3858
110 31 3859
125 10 3860
42 144 3861
146 18 3862
185 103 3863
50 47 3864
37 82 3865
69 166 3866
117 72 3867
22 59 3868
68 95 3869
155 180 3870
155 47 3871
150 142 3872
68 146 3873
18 115 3874
197 129 3875
96 122 3876
17 155 3877
60 137 3878
148 146 3879
29 35 3880
133 178 3881
154 15 3882
85 23 3883
9 72 3884
49 13 3885
13 42 3886
10 182 3887
99 49 3888
185 166 3889
197 109 3890
146 182 3891
88 92 3892
146 121 3893
47 1 3894
142 173 3895
32 181 3896
81 166 3897
125 176 3898
139 159 3899
15 117 3900
156 114 3901
177 76 3902
118 37 3903
27 35 3904
195 169 3905
39 51 3906
75 21 3907
166 105 3908
171 51 3909
17 135 3910
184 41 3911
45 81 3912
152 16 3913
7 178 3914
8 66 3915
157 82 3916
186 173 3917
134 146 3918
172 65 3919
196 139 3920
135 28 3921
14 159 3922
151 90 3923
59 147 3924
66 85 3925
194 147 3926
101 32 3927
94 105 3928
124 40 3929
105 92 3930
103 117 3931
133 127 3932
94 109 3933
51 93 3934
69 147 3935
196 95 3936
31 114 3937
197 131 3938
175 100 3939
77 169 3940
88 59 3941
174 56 3942
62 65 3943
85 107 3944
38 174 3945
63 1 3946
105 19 3947
170 154 3948
184 84 3949
168 189 3950
191 75 3951
61 166 3952
108 183 3953
111 50 3954
186 68 3955
4 86 3956
108 174 3957
200 50 3958
149 23 3959
83 34 3960
75 138 3961
46 21 3962
113 160 3963
183 146 3964
162 140 3965
200 199 3966
101 65 3967
55 77 3968
127 45 3969
84 65 3970
135 114 3971
163 166 3972
133 123 3973
68 101 3974
126 52 3975
39 41 3976
1 94 3977
129 3 3978
92 196 3979
19 154 3980
16 169 3981
63 68 3982
125 26 3983
190 187 3984
52 72 3985
167 150 3986
15 99 3987
46 10 3988
122 112 3989
76 180 3990
91 38 3991
100 159 3992
27 150 3993
95 88 3994
26 142 3995
100 117 3996
52 23 3997
100 44 3998
157 3 3999
134 152 4000
16 22 4001
120 152 4002
196 187 4003
164 102 4004
48 118 4005
51 117 4006
171 76 4007
32 118 4008
131 154 4009
199 192 4010
47 178 4011
50 67 4012
111 95 4013
186 20 4014
13 52 4015
75 89 4016
71 5 4017
72 18 4018
106 155 4019
38 200 4020
102 34 4021
9 63 4022
61 34 4023
117 68 4024
52 19 4025
167 69 4026
87 164 4027
174 78 4028
46 50 4029
145 150 4030
113 70 4031
118 129 4032
138 131 4033
74 80 4034
146 80 4035
75 23 4036
21 122 4037
160 133 4038
72 143 4039
133 13 4040
103 192 4041
85 67 4042
162 60 4043
54 31 4044
35 6 4045
148 68 4046
188 81 4047
13 1 4048
172 186 4049
66 65 4050
199 30 4051
26 55 4052
21 27 4053
170 160 4054
184 151 4055
48 131 4056
91 183 4057
199 174 4058
46 36 4059
142 117 4060
196 111 4061
3 179 4062
19 135 4063
191 115 4064
185 115 4065
94 18 4066
41 161 4067
172 151 4068
103 32 4069
151 108 4070
156 155 4071
46 111 4072
127 194 4073
141 68 4074
68 107 4075
53 13 4076
28 6 4077
111 106 4078
186 31 4079
30 101 4080
18 156 4081
110 176 4082
154 66 4083
132 36 4084
63 117 4085
21 167 4086
26 16 4087
116 36 4088
23 78 4089
126 53 4090
16 142 4091
147 36 4092
6 59 4093
73 164 4094
35 11 4095
45 24 4096
116 94 4097
95 150 4098
119 12 4099
70 106 4100
95 21 4101
46 2 4102
99 50 4103
155 109 4104
74 1 4105
87 80 4106
27 156 4107
49 131 4108
14 173 4109
105 156 4110
34 51 4111
105 175 4112
33 120 4113
15 146 4114
104 52 4115
161 154 4116
90 191 4117
119 149 4118
4 60 4119
10 166 4120
32 167 4121
76 165 4122
190 25 4123
125 14 4124
180 158 4125
47 36 4126
131 169 4127
168 161 4128
126 65 4129
154 151 4130
137 91 4131
80 103 4132
59 184 4133
165 109 4134
148 134 4135
17 146 4136
76 118 4137
79 128 4138
190 191 4139
24 20 4140
135 156 4141
150 154 4142
17 102 4143
134 141 4144
11 182 4145
95 23 4146
63 124 4147
159 190 4148
89 200 4149
137 97 4150
132 62 4151
180 114 4152
167 16 4153
70 148 4154
59 75 4155
133 115 4156
150 155 4157
177 189 4158
24 163 4159
42 24 4160
135 13 4161
43 25 4162
43 184 4163
168 144 4164
187 142 4165
51 82 4166
153 32 4167
96 91 4168
46 31 4169
166 162 4170
16 116 4171
169 177 4172
156 42 4173
110 37 4174
98 102 4175
185 1 4176
49 153 4177
32 74 4178
124 192 4179
36 88 4180
112 144 4181
192 18 4182
113 85 4183
161 60 4184
122 64 4185
80 112 4186
42 11 4187
100 28 4188
4 9 4189
164 89 4190
187 110 4191
9 70 4192
164 114 4193
61 144 4194
176 184 4195
168 113 4196
94 4 4197
108 176 4198
184 51 4199
94 44 4200
86 186 4201
62 43 4202
140 105 4203
78 95 4204
185 135 4205
155 174 4206
82 185 4207
79 15 4208
107 138 4209
188 198 4210
173 136 4211
191 86 4212
35 76 4213
43 28 4214
145 176 4215
85 156 4216
181 129 4217
193 149 4218
120 27 4219
42 186 4220
180 103 4221
49 164 4222
165 12 4223
75 10 4224
196 81 4225
94 32 4226
34 173 4227
9 92 4228
161 81 4229
130 195 4230
23 124 4231
3 160 4232
64 151 4233
198 49 4234
105 15 4235
101 143 4236
164 72 4237
6 158 4238
174 12 4239
18 37 4240
39 154 4241
143 67 4242
167 108 4243
131 27 4244
72 40 4245
105 118 4246
161 131 4247
55 119 4248
122 79 4249
190 96 4250
165 166 4251
33 45 4252
106 48 4253
115 122 4254
122 158 4255
98 190 4256
172 178 4257
160 46 4258
25 118 4259
80 71 4260
1 183 4261
103 78 4262
161 175 4263
65 160 4264
200 123 4265
123 66 4266
128 197 4267
87 67 4268
186 38 4269
94 103 4270
147 34 4271
74 27 4272
48 105 4273
86 103 4274
22 74 4275
196 161 4276
193 45 4277
86 149 4278
24 186 4279
55 178 4280
5 51 4281
147 160 4282
75 100 4283
178 29 4284
67 172 4285
128 150 4286
188 182 4287
162 1 4288
62 186 4289
12 24 4290
191 10 4291
192 180 4292
62 91 4293
147 58 4294
97 68 4295
194 96 4296
147 84 4297
152 46 4298
96 179 4299
150 2 4300
175 78 4301
71 79 4302
54 30 4303
129 130 4304
113 122 4305
189 69 4306
176 83 4307
116 146 4308
49 47 4309
105 96 4310
100 197 4311
126 189 4312
104 34 4313
127 61 4314
100 144 4315
190 94 4316
176 134 4317
179 186 4318
41 123 4319
154 102 4320
149 131 4321
9 134 4322
198 68 4323
13 170 4324
44 133 4325
22 138 4326
86 175 4327
5 179 4328
177 62 4329
15 90 4330
189 121 4331
157 81 4332
149 61 4333
47 14 4334
58 168 4335
51 196 4336
107 16 4337
96 103 4338
51 97 4339
133 103 4340
35 39 4341
184 199 4342
153 187 4343
9 24 4344
109 195 4345
67 194 4346
65 169 4347
119 150 4348
177 44 4349
136 104 4350
175 2 4351
143 161 4352
22 164 4353
12 60 4354
14 74 4355
69 67 4356
58 6 4357
124 58 4358
31 168 4359
26 123 4360
19 44 4361
7 64 4362
180 131 4363
33 14 4364
126 185 4365
26 63 4366
3 190 4367
77 40 4368
110 140 4369
11 16 4370
3 172 4371
29 46 4372
66 143 4373
54 58 4374
89 90 4375
39 7 4376
155 120 4377
106 34 4378
146 52 4379
76 30 4380
125 155 4381
186 85 4382
86 25 4383
160 120 4384
149 27 4385
102 50 4386
64 197 4387
140 179 4388
63 62 4389
46 64 4390
117 119 4391
36 37 4392
194 185 4393
169 146 4394
182 35 4395
59 73 4396
29 52 4397
44 7 4398
188 38 4399
143 123 4400
134 164 4401
24 139 4402
22 104 4403
125 149 4404
86 128 4405
63 52 4406
33 166 4407
102 2 4408
18 97 4409
132 55 4410
124 137 4411
50 88 4412
80 3 4413
15 194 4414
23 175 4415
108 97 4416
14 148 4417
11 118 4418
146 21 4419
184 117 4420
153 83 4421
195 188 4422
195 120 4423
50 115 4424
94 191 4425
62 146 4426
167 18 4427
17 25 4428
192 152 4429
64 148 4430
70 51 4431
44 151 4432
154 164 4433
197 56 4434
175 96 4435
4 190 4436
188 80 4437
71 98 4438
163 143 4439
66 142 4440
162 61 4441
74 88 4442
30 128 4443
43 110 4444
179 177 4445
72 112 4446
132 64 4447
168 97 4448
1 109 4449
69 72 4450
144 127 4451
95 159 4452
63 187 4453
180 93 4454
189 185 4455
174 122 4456
81 127 4457
95 152 4458
186 48 4459
171 89 4460
88 183 4461
70 44 4462
177 70 4463
200 128 4464
134 1 4465
96 95 4466
105 84 4467
7 5 4468
95 182 4469
169 92 4470
198 169 4471
61 41 4472
172 93 4473
20 77 4474
47 125 4475
146 143 4476
26 137 4477
93 170 4478
103 69 4479
155 6 4480
136 176 4481
79 101 4482
148 50 4483
50 12 4484
36 110 4485
58 79 4486
64 181 4487
93 80 4488
2 76 4489
105 128 4490
71 112 4491
18 118 4492
152 112 4493
41 16 4494
27 42 4495
70 164 4496
83 156 4497
16 48 4498
24 137 4499
95 31 4500
3 1 4501
5 78 4502
103 151 4503
198 45 4504
177 143 4505
152 84 4506
33 135 4507
149 41 4508
137 105 4509
83 60 4510
50 152 4511
31 87 4512
48 101 4513
61 72 4514
111 103 4515
19 24 4516
123 61 4517
166 79 4518
147 6 4519
123 21 4520
153 10 4521
65 191 4522
75 51 4523
116 35 4524
193 131 4525
67 109 4526
19 43 4527
52 179 4528
17 178 4529
62 95 4530
35 100 4531
75 60 4532
104 47 4533
20 161 4534
101 46 4535
123 88 4536
113 121 4537
188 162 4538
200 106 4539
27 32 4540
126 195 4541
31 147 4542
78 99 4543
197 185 4544
196 41 4545
167 157 4546
80 19 4547
75 38 4548
198 177 4549
193 142 4550
102 85 4551
87 157 4552
27 2 4553
112 184 4554
95 56 4555
13 147 4556
200 118 4557
24 60 4558
129 100 4559
37 29 4560
104 61 4561
85 82 4562
142 94 4563
31 98 4564
95 94 4565
48 146 4566
147 103 4567
17 115 4568
68 51 4569
150 175 4570
36 61 4571
88 44 4572
39 75 4573
149 18 4574
172 62 4575
175 117 4576
48 141 4577
80 191 4578
94 132 4579
105 197 4580
44 71 4581
65 194 4582
38 181 4583
149 54 4584
80 30 4585
142 189 4586
83 139 4587
199 150 4588
2 132 4589
141 140 4590
187 31 4591
103 169 4592
147 169 4593
167 109 4594
177 108 4595
95 20 4596
176 15 4597
77 76 4598
134 62 4599
49 72 4600
142 90 4601
198 22 4602
2 178 4603
124 51 4604
32 61 4605
156 66 4606
168 50 4607
16 45 4608
89 69 4609
170 143 4610
110 55 4611
185 110 4612
58 15 4613
82 86 4614
66 13 4615
60 120 4616
183 18 4617
200 41 4618
151 51 4619
165 174 4620
115 172 4621
124 54 4622
33 22 4623
87 19 4624
62 79 4625
120 161 4626
37 10 4627
191 142 4628
144 79 4629
124 49 4630
126 182 4631
161 51 4632
68 13 4633
199 157 4634
182 2 4635
169 176 4636
89 194 4637
162 120 4638
198 75 4639
5 12 4640
162 148 4641
42 39 4642
30 115 4643
117 56 4644
123 6 4645
61 84 4646
142 93 4647
147 164 4648
172 146 4649
102 118 4650
16 113 4651
83 161 4652
154 140 4653
69 104 4654
67 155 4655
87 76 4656
79 69 4657
78 50 4658
94 145 4659
17 47 4660
189 184 4661
17 38 4662
107 36 4663
161 118 4664
177 136 4665
183 154 4666
24 118 4667
56 82 4668
192 28 4669
156 62 4670
31 14 4671
132 178 4672
143 165 4673
22 191 4674
84 1 4675
111 154 4676
171 110 4677
190 71 4678
90 108 4679
117 50 4680
164 37 4681
77 192 4682
186 171 4683
38 159 4684
150 191 4685
57 196 4686
133 4 4687
130 104 4688
171 156 4689
22 15 4690
63 112 4691
189 131 4692
178 28 4693
3 71 4694
141 52 4695
78 48 4696
198 44 4697
23 5 4698
120 35 4699
109 182 4700
91 67 4701
130 151 4702
53 100 4703
37 194 4704
56 146 4705
50 146 4706
127 124 4707
178 11 4708
29 172 4709
84 45 4710
180 170 4711
62 125 4712
49 146 4713
7 103 4714
75 54 4715
150 109 4716
57 123 4717
127 47 4718
194 103 4719
38 121 4720
20 178 4721
89 44 4722
28 111 4723
134 4 4724
137 158 4725
111 156 4726
142 43 4727
154 181 4728
168 120 4729
126 98 4730
195 78 4731
86 159 4732
173 15 4733
95 125 4734
86 161 4735
123 149 4736
122 100 4737
193 6 4738
136 109 4739
96 141 4740
9 179 4741
184 165 4742
87 37 4743
76 50 4744
51 123 4745
85 12 4746
138 137 4747
155 73 4748
37 91 4749
40 68 4750
92 111 4751
34 7 4752
8 49 4753
99 173 4754
71 197 4755
80 35 4756
37 75 4757
127 9 4758
132 121 4759
38 163 4760
142 178 4761
4 166 4762
149 62 4763
135 119 4764
119 191 4765
18 77 4766
135 170 4767
89 33 4768
128 107 4769
35 140 4770
69 157 4771
158 130 4772
96 167 4773
145 153 4774
177 109 4775
74 177 4776
86 109 4777
197 40 4778
13 21 4779
95 135 4780
37 85 4781
174 115 4782
57 151 4783
114 94 4784
73 51 4785
31 155 4786
9 14 4787
141 69 4788
168 57 4789
166 31 4790
45 185 4791
113 52 4792
66 161 4793
7 185 4794
17 45 4795
135 175 4796
122 33 4797
117 67 4798
70 49 4799
66 115 4800
39 13 4801
157 178 4802
143 185 4803
142 28 4804
91 80 4805
184 197 4806
120 52 4807
82 181 4808
66 102 4809
171 153 4810
170 92 4811
14 158 4812
166 29 4813
96 114 4814
154 72 4815
178 101 4816
173 198 4817
136 132 4818
191 26 4819
46 189 4820
40 171 4821
166 192 4822
32 122 4823
114 175 4824
96 79 4825
179 192 4826
185 96 4827
121 71 4828
10 196 4829
18 106 4830
68 151 4831
182 82 4832
181 15 4833
57 16 4834
19 78 4835
87 50 4836
82 131 4837
82 88 4838
87 142 4839
180 162 4840
192 137 4841
28 133 4842
131 23 4843
147 177 4844
200 74 4845
179 185 4846
16 74 4847
167 177 4848
6 39 4849
174 6 4850
78 62 4851
167 29 4852
50 52 4853
73 166 4854
13 58 4855
64 13 4856
71 192 4857
27 155 4858
38 21 4859
153 133 4860
95 60 4861
70 97 4862
153 132 4863
70 17 4864
128 62 4865
49 188 4866
160 25 4867
85 22 4868
164 7 4869
76 56 4870
22 188 4871
127 199 4872
197 103 4873
66 19 4874
72 150 4875
101 123 4876
103 46 4877
123 184 4878
122 94 4879
174 110 4880
172 94 4881
78 59 4882
63 5 4883
95 18 4884
177 49 4885
55 129 4886
111 181 4887
62 35 4888
116 77 4889
80 1 4890
34 45 4891
48 123 4892
156 159 4893
178 191 4894
80 169 4895
66 52 4896
189 36 4897
114 32 4898
200 48 4899
85 97 4900
110 141 4901
172 197 4902
129 108 4903
27 72 4904
101 177 4905
172 85 4906
189 57 4907
160 6 4908
24 183 4909
147 111 4910
56 131 4911
122 170 4912
184 175 4913
30 68 4914
49 55 4915
131 9 4916
23 49 4917
159 141 4918
120 182 4919
138 100 4920
132 88 4921
199 134 4922
44 149 4923
182 30 4924
11 47 4925
121 27 4926
25 46 4927
137 107 4928
47 78 4929
155 134 4930
104 142 4931
170 63 4932
134 197 4933
31 92 4934
156 36 4935
178 88 4936
31 163 4937
146 126 4938
198 138 4939
141 3 4940
36 102 4941
175 7 4942
93 196 4943
54 135 4944
162 103 4945
7 102 4946
100 166 4947
70 11 4948
181 150 4949
24 99 4950
200 130 4951
56 172 4952
171 132 4953
76 134 4954
62 21 4955
49 103 4956
121 184 4957
21 159 4958
77 24 4959
155 23 4960
163 94 4961
155 29 4962
35 176 4963
74 145 4964
141 146 4965
90 135 4966
171 168 4967
164 177 4968
132 120 4969
176 153 4970
193 50 4971
92 68 4972
60 126 4973
126 95 4974
78 53 4975
155 107 4976
72 102 4977
97 49 4978
167 38 4979
171 65 4980
18 193 4981
45 174 4982
62 193 4983
140 96 4984
156 120 4985
100 7 4986
119 178 4987
103 47 4988
60 64 4989
183 178 4990
128 179 4991
168 187 4992
14 27 4993
24 160 4994
154 197 4995
170 185 4996
39 43 4997
168 173 4998
199 20 4999
193 98 5000
103 29 5001
100 168 5002
83 159 5003
179 174 5004
88 67 5005
188 121 5006
132 69 5007
123 172 5008
126 47 5009
22 100 5010
55 81 5011
103 131 5012
46 153 5013
199 142 5014
106 124 5015
140 152 5016
147 35 5017
111 195 5018
45 31 5019
74 102 5020
134 85 5021
133 135 5022
67 25 5023
153 6 5024
66 112 5025
42 12 5026
124 118 5027
171 26 5028
104 66 5029
111 37 5030
163 70 5031
100 105 5032
47 173 5033
13 12 5034
105 35 5035
82 61 5036
16 7 5037
102 63 5038
179 12 5039
37 125 5040
144 77 5041
11 94 5042
86 193 5043
137 200 5044
107 180 5045
33 181 5046
91 148 5047
29 4 5048
184 166 5049
161 44 5050
166 76 5051
122 177 5052
101 38 5053
85 128 5054
134 122 5055
194 98 5056
192 4 5057
96 115 5058
50 108 5059
117 157 5060
71 29 5061
177 134 5062
124 94 5063
11 175 5064
4 148 5065
110 22 5066
57 12 5067
90 185 5068
19 143 5069
29 77 5070
139 142 5071
185 162 5072
79 170 5073
122 44 5074
7 112 5075
42 194 5076
95 194 5077
64 99 5078
130 170 5079
183 129 5080
113 91 5081
157 35 5082
184 77 5083
23 40 5084
13 74 5085
99 167 5086
118 167 5087
123 53 5088
78 38 5089
164 53 5090
151 141 5091
96 57 5092
3 193 5093
3 124 5094
88 54 5095
99 133 5096
28 71 5097
84 106 5098
140 177 5099
5 115 5100
121 92 5101
168 151 5102
6 3 5103
41 43 5104
103 139 5105
198 82 5106
87 149 5107
136 105 5108
66 172 5109
169 90 5110
130 97 5111
75 131 5112
38 134 5113
92 51 5114
119 29 5115
99 132 5116
109 54 5117
78 154 5118
148 193 5119
170 124 5120
184 179 5121
53 35 5122
178 79 5123
73 123 5124
27 81 5125
9 197 5126
119 59 5127
174 182 5128
177 138 5129
101 51 5130
172 185 5131
107 129 5132
10 174 5133
48 61 5134
152 89 5135
112 87 5136
52 30 5137
192 24 5138
72 81 5139
89 155 5140
151 84 5141
190 186 5142
17 19 5143
73 98 5144
73 79 5145
55 127 5146
176 62 5147
123 84 5148
162 37 5149
46 108 5150
1 129 5151
33 144 5152
101 45 5153
55 140 5154
121 193 5155
39 25 5156
15 161 5157
53 181 5158
134 23 5159
61 113 5160
85 135 5161
36 172 5162
52 32 5163
186 140 5164
30 55 5165
144 187 5166
142 114 5167
19 38 5168
14 103 5169
47 197 5170
108 126 5171
200 7 5172
117 140 5173
143 71 5174
80 102 5175
62 26 5176
125 197 5177
139 26 5178
180 52 5179
94 54 5180
26 118 5181
18 24 5182
143 40 5183
156 144 5184
174 98 5185
33 103 5186
145 138 5187
79 102 5188
199 85 5189
156 93 5190
97 135 5191
24 34 5192
50 165 5193
193 171 5194
124 163 5195
187 157 5196
86 87 5197
99 57 5198
49 30 5199
165 16 5200
174 34 5201
9 46 5202
136 111 5203
37 192 5204
153 141 5205
191 103 5206
92 24 5207
103 17 5208
64 86 5209
154 124 5210
141 106 5211
57 155 5212
184 21 5213
161 147 5214
158 78 5215
162 63 5216
75 136 5217
31 137 5218
61 9 5219
50 48 5220
186 98 5221
146 1 5222
133 1 5223
44 56 5224
176 148 5225
140 134 5226
131 46 5227
78 65 5228
21 175 5229
92 21 5230
175 200 5231
172 8 5232
82 47 5233
141 137 5234
143 99 5235
97 119 5236
148 72 5237
18 85 5238
190 152 5239
76 37 5240
155 11 5241
194 160 5242
9 133 5243
157 25 5244
70 150 5245
173 90 5246
62 47 5247
100 185 5248
24 8 5249
32 73 5250
160 71 5251
138 56 5252
52 142 5253
59 170 5254
98 153 5255
39 76 5256
100 38 5257
186 75 5258
106 12 5259
140 200 5260
166 95 5261
36 152 5262
180 89 5263
155 158 5264
195 40 5265
101 47 5266
175 194 5267
9 198 5268
86 24 5269
88 12 5270
29 158 5271
12 33 5272
60 10 5273
90 155 5274
12 20 5275
68 94 5276
36 44 5277
144 182 5278
171 119 5279
72 55 5280
43 88 5281
109 47 5282
53 51 5283
45 4 5284
58 32 5285
146 149 5286
167 180 5287
196 43 5288
107 200 5289
165 113 5290
167 155 5291
195 46 5292
155 102 5293
194 56 5294
188 125 5295
187 199 5296
90 163 5297
190 183 5298
15 169 5299
51 149 5300
97 99 5301
170 37 5302
93 32 5303
48 190 5304
150 152 5305
35 165 5306
104 43 5307
108 45 5308
96 111 5309
40 93 5310
178 196 5311
148 86 5312
67 181 5313
73 131 5314
124 129 5315
114 145 5316
109 3 5317
196 34 5318
173 129 5319
187 82 5320
149 134 5321
98 75 5322
187 71 5323
66 178 5324
124 190 5325
162 133 5326
155 62 5327
162 152 5328
175 93 5329
26 82 5330
133 39 5331
89 174 5332
181 72 5333
70 78 5334
98 119 5335
145 51 5336
86 68 5337
178 25 5338
82 109 5339
32 182 5340
6 124 5341
7 128 5342
86 147 5343
137 196 5344
175 122 5345
141 67 5346
91 77 5347
73 55 5348
119 71 5349
42 183 5350
122 156 5351
41 183 5352
150 6 5353
25 72 5354
42 76 5355
7 63 5356
25 104 5357
185 18 5358
33 17 5359
102 125 5360
96 25 5361
133 169 5362
111 67 5363
160 37 5364
197 45 5365
125 94 5366
170 178 5367
74 75 5368
82 4 5369
136 47 5370
28 159 5371
86 19 5372
26 107 5373
81 99 5374
21 129 5375
155 193 5376
7 47 5377
130 11 5378
179 95 5379
195 10 5380
13 127 5381
73 93 5382
140 22 5383
182 125 5384
185 2 5385
133 155 5386
147 68 5387
82 43 5388
33 125 5389
193 46 5390
172 192 5391
191 13 5392
88 185 5393
98 51 5394
162 144 5395
21 162 5396
92 62 5397
146 150 5398
23 183 5399
112 38 5400
168 111 5401
84 18 5402
95 161 5403
157 18 5404
10 25 5405
2 77 5406
186 134 5407
65 139 5408
123 63 5409
110 128 5410
180 84 5411
78 26 5412
147 8 5413
75 61 5414
72 144 5415
97 41 5416
56 148 5417
151 31 5418
46 73 5419
68 78 5420
3 197 5421
144 43 5422
25 155 5423
25 174 5424
182 71 5425
165 197 5426
17 160 5427
196 18 5428
93 103 5429
125 58 5430
99 45 5431
167 170 5432
168 44 5433
51 155 5434
34 91 5435
98 172 5436
164 35 5437
177 185 5438
114 1 5439
107 11 5440
21 181 5441
33 99 5442
79 66 5443
188 41 5444
34 145 5445
65 131 5446
144 197 5447
70 19 5448
144 163 5449
19 153 5450
22 133 5451
8 38 5452
1 56 5453
87 8 5454
73 103 5455
61 74 5456
52 92 5457
175 59 5458
173 60 5459
62 168 5460
10 96 5461
149 106 5462
144 164 5463
111 45 5464
199 71 5465
9 143 5466
186 193 5467
199 186 5468
108 154 5469
1 154 5470
67 195 5471
95 143 5472
170 78 5473
180 128 5474
99 191 5475
25 8 5476
43 197 5477
104 20 5478
106 134 5479
153 53 5480
53 162 5481
68 168 5482
38 157 5483
113 26 5484
139 126 5485
180 34 5486
194 136 5487
124 32 5488
161 12 5489
117 70 5490
57 9 5491
103 110 5492
152 113 5493
128 3 5494
120 185 5495
157 80 5496
121 15 5497
74 56 5498
168 82 5499
151 46 5500
52 81 5501
94 168 5502
40 163 5503
88 3 5504
98 67 5505
21 153 5506
161 130 5507
196 76 5508
171 20 5509
47 113 5510
111 141 5511
166 169 5512
59 89 5513
48 75 5514
101 58 5515
174 31 5516
80 130 5517
52 173 5518
60 123 5519
177 132 5520
50 42 5521
178 173 5522
111 129 5523
198 84 5524
69 136 5525
168 93 5526
126 3 5527
33 91 5528
87 172 5529
115 46 5530
24 113 5531
195 101 5532
142 15 5533
53 172 5534
27 148 5535
42 49 5536
39 46 5537
42 4 5538
178 112 5539
124 22 5540
158 83 5541
78 172 5542
46 147 5543
77 93 5544
106 67 5545
41 14 5546
89 55 5547
89 193 5548
162 51 5549
48 24 5550
4 66 5551
54 106 5552
7 41 5553
50 154 5554
29 27 5555
167 197 5556
23 12 5557
11 37 5558
60 100 5559
5 129 5560
96 11 5561
106 158 5562
139 61 5563
141 186 5564
35 103 5565
28 37 5566
26 9 5567
28 104 5568
120 169 5569
40 34 5570
107 114 5571
173 137 5572
53 8 5573
9 95 5574
181 105 5575
65 161 5576
93 199 5577
72 120 5578
41 53 5579
75 106 5580
14 193 5581
119 86 5582
186 158 5583
61 136 5584
56 134 5585
108 136 5586
33 50 5587
169 96 5588
47 13 5589
32 120 5590
132 84 5591
56 162 5592
15 52 5593
162 96 5594
151 136 5595
161 125 5596
88 144 5597
114 137 5598
96 56 5599
89 73 5600
150 121 5601
58 167 5602
161 102 5603
32 127 5604
74 172 5605
165 24 5606
27 102 5607
97 86 5608
6 79 5609
154 135 5610
143 142 5611
52 8 5612
194 43 5613
31 85 5614
22 143 5615
83 1 5616
38 28 5617
126 111 5618
64 98 5619
90 125 5620
50 153 5621
172 99 5622
56 10 5623
25 116 5624
13 9 5625
24 91 5626
2 8 5627
182 8 5628
27 64 5629
41 150 5630
57 56 5631
134 178 5632
108 38 5633
56 123 5634
10 89 5635
126 161 5636
43 159 5637
167 165 5638
175 192 5639
106 162 5640
111 62 5641
189 73 5642
127 172 5643
39 147 5644
43 168 5645
136 88 5646
89 22 5647
40 46 5648
93 192 5649
90 187 5650
38 29 5651
142 154 5652
95 149 5653
57 113 5654
17 177 5655
78 162 5656
45 147 5657
117 53 5658
58 39 5659
21 34 5660
98 39 5661
65 198 5662
142 72 5663
199 75 5664
184 92 5665
118 39 5666
72 155 5667
195 9 5668
125 44 5669
187 83 5670
131 22 5671
23 199 5672
112 168 5673
103 40 5674
152 64 5675
163 14 5676
85 148 5677
121 63 5678
164 159 5679
97 2 5680
162 52 5681
192 56 5682
60 129 5683
166 148 5684
188 40 5685
185 101 5686
22 107 5687
193 71 5688
129 25 5689
17 174 5690
115 107 5691
191 129 5692
6 134 5693
160 184 5694
89 116 5695
57 48 5696
127 79 5697
58 37 5698
61 47 5699
50 18 5700
111 74 5701
124 141 5702
61 196 5703
16 189 5704
24 47 5705
84 17 5706
157 74 5707
191 36 5708
9 150 5709
172 133 5710
109 14 5711
123 47 5712
187 164 5713
35 124 5714
183 174 5715
80 134 5716
176 100 5717
176 45 5718
114 58 5719
154 60 5720
133 14 5721
17 67 5722
29 18 5723
38 119 5724
63 90 5725
199 104 5726
95 53 5727
116 189 5728
29 79 5729
21 2 5730
173 101 5731
107 143 5732
137 133 5733
127 151 5734
94 149 5735
122 132 5736
34 159 5737
139 167 5738
65 167 5739
94 139 5740
154 18 5741
12 89 5742
159 39 5743
160 67 5744
118 93 5745
121 183 5746
7 161 5747
152 193 5748
41 181 5749
175 168 5750
45 27 5751
11 72 5752
127 111 5753
52 10 5754
104 65 5755
107 189 5756
124 101 5757
189 38 5758
120 8 5759
91 59 5760
145 28 5761
17 95 5762
120 44 5763
118 166 5764
179 130 5765
8 14 5766
49 59 5767
87 21 5768
145 132 5769
150 46 5770
94 156 5771
174 161 5772
177 81 5773
11 109 5774
110 52 5775
4 142 5776
79 67 5777
179 109 5778
170 82 5779
158 191 5780
180 15 5781
135 101 5782
64 77 5783
169 18 5784
121 41 5785
57 7 5786
149 22 5787
138 192 5788
99 27 5789
55 151 5790
26 163 5791
91 119 5792
48 49 5793
78 94 5794
157 16 5795
112 14 5796
12 114 5797
88 160 5798
48 8 5799
93 181 5800
154 116 5801
89 62 5802
23 195 5803
178 83 5804
75 143 5805
17 129 5806
195 53 5807
196 27 5808
1 165 5809
108 83 5810
140 164 5811
143 194 5812
114 33 5813
3 39 5814
7 66 5815
50 110 5816
14 86 5817
126 197 5818
22 148 5819
94 26 5820
4 194 5821
191 68 5822
104 23 5823
97 197 5824
136 169 5825
34 27 5826
153 18 5827
132 54 5828
32 125 5829
140 18 5830
92 53 5831
186 127 5832
13 126 5833
165 60 5834
125 144 5835
104 188 5836
168 135 5837
12 169 5838
149 78 5839
82 114 5840
128 163 5841
75 46 5842
182 157 5843
28 45 5844
88 198 5845
166 2 5846
128 153 5847
157 103 5848
58 64 5849
93 20 5850
85 158 5851
41 173 5852
110 129 5853
186 23 5854
176 183 5855
43 147 5856
189 169 5857
116 135 5858
183 14 5859
22 172 5860
56 176 5861
165 108 5862
117 128 5863
115 173 5864
167 68 5865
19 5 5866
47 67 5867
160 154 5868
154 31 5869
177 6 5870
59 129 5871
94 135 5872
17 173 5873
4 170 5874
48 188 5875
135 131 5876
59 53 5877
173 62 5878
49 167 5879
163 176 5880
63 120 5881
91 28 5882
154 47 5883
24 108 5884
59 15 5885
28 18 5886
16 110 5887
167 174 5888
54 47 5889
36 53 5890
146 197 5891
38 57 5892
76 176 5893
18 40 5894
187 87 5895
199 2 5896
72 46 5897
74 50 5898
31 132 5899
191 89 5900
37 180 5901
144 136 5902
160 58 5903
103 26 5904
160 148 5905
64 30 5906
53 186 5907
178 27 5908
134 156 5909
69 7 5910
173 175 5911
147 71 5912
102 176 5913
144 93 5914
196 143 5915
115 4 5916
15 188 5917
62 198 5918
88 46 5919
51 43 5920
104 179 5921
177 41 5922
66 51 5923
150 143 5924
178 10 5925
174 49 5926
59 135 5927
33 72 5928
10 39 5929
110 155 5930
87 98 5931
40 199 5932
97 10 5933
100 126 5934
18 163 5935
98 25 5936
170 16 5937
64 127 5938
61 185 5939
58 99 5940
184 138 5941
4 143 5942
151 94 5943
52 71 5944
32 20 5945
124 60 5946
131 177 5947
149 84 5948
108 59 5949
18 128 5950
198 135 5951
25 60 5952
122 126 5953
128 130 5954
116 124 5955
153 113 5956
188 166 5957
111 60 5958
173 167 5959
125 164 5960
56 9 5961
4 13 5962
162 149 5963
159 18 5964
155 76 5965
68 195 5966
11 149 5967
21 1 5968
49 127 5969
96 97 5970
43 198 5971
81 63 5972
21 73 5973
169 181 5974
147 137 5975
200 153 5976
54 86 5977
178 175 5978
9 38 5979
197 169 5980
166 181 5981
116 52 5982
140 109 5983
163 170 5984
105 36 5985
35 19 5986
63 80 5987
137 178 5988
98 68 5989
40 130 5990
82 121 5991
20 74 5992
73 139 5993
10 130 5994
83 133 5995
21 11 5996
9 163 5997
35 99 5998
178 18 5999
8 22 6000
114 185 6001
192 61 6002
92 57 6003
134 117 6004
70 83 6005
137 161 6006
100 182 6007
82 120 6008
50 26 6009
190 13 6010
80 176 6011
22 55 6012
185 44 6013
162 129 6014
64 193 6015
4 122 6016
185 10 6017
180 188 6018
167 35 6019
78 35 6020
84 70 6021
65 24 6022
142 47 6023
130 46 6024
63 180 6025
141 198 6026
1 72 6027
185 59 6028
111 72 6029
9 105 6030
93 135 6031
193 116 6032
5 161 6033
78 124 6034
176 51 6035
33 49 6036
198 4 6037
16 35 6038
20 41 6039
112 15 6040
112 170 6041
121 104 6042
183 179 6043
98 178 6044
33 137 6045
132 111 6046
53 140 6047
200 4 6048
102 104 6049
105 20 6050
121 137 6051
95 106 6052
113 192 6053
144 103 6054
177 4 6055
157 68 6056
7 176 6057
31 73 6058
1 121 6059
15 78 6060
38 145 6061
63 83 6062
157 45 6063
134 188 6064
132 199 6065
161 151 6066
29 47 6067
141 23 6068
19 48 6069
116 22 6070
20 91 6071
17 7 6072
125 49 6073
77 89 6074
3 120 6075
55 38 6076
40 149 6077
11 161 6078
60 78 6079
114 88 6080
195 155 6081
85 154 6082
62 194 6083
163 25 6084
109 192 6085
124 110 6086
158 188 6087
129 135 6088
17 148 6089
111 110 6090
26 25 6091
97 191 6092
100 89 6093
196 177 6094
104 155 6095
108 184 6096
15 186 6097
180 90 6098
102 150 6099
21 135 6100
57 22 6101
74 117 6102
181 25 6103
91 50 6104
196 91 6105
185 138 6106
6 197 6107
131 150 6108
93 178 6109
105 4 6110
171 35 6111
67 92 6112
73 13 6113
152 182 6114
67 38 6115
88 1 6116
16 155 6117
30 174 6118
78 177 6119
83 117 6120
139 166 6121
106 31 6122
145 148 6123
20 72 6124
175 120 6125
169 6 6126
141 95 6127
6 139 6128
89 163 6129
39 196 6130
54 195 6131
101 83 6132
85 54 6133
98 91 6134
196 40 6135
16 85 6136
181 116 6137
19 113 6138
155 175 6139
125 105 6140
103 89 6141
125 16 6142
15 100 6143
53 68 6144
101 105 6145
198 12 6146
5 64 6147
113 139 6148
150 3 6149
194 174 6150
68 163 6151
89 135 6152
88 131 6153
164 98 6154
27 129 6155
76 181 6156
191 197 6157
132 21 6158
145 86 6159
186 195 6160
181 162 6161
148 152 6162
98 134 6163
123 80 6164
168 49 6165
18 20 6166
70 144 6167
99 181 6168
89 40 6169
66 22 6170
39 85 6171
156 5 6172
33 149 6173
53 119 6174
32 81 6175
103 68 6176
158 161 6177
101 155 6178
53 142 6179
67 142 6180
48 194 6181
23 67 6182
5 24 6183
22 63 6184
42 72 6185
160 185 6186
124 48 6187
198 71 6188
83 166 6189
152 70 6190
70 112 6191
12 196 6192
200 129 6193
147 44 6194
8 111 6195
40 32 6196
157 107 6197
148 88 6198
70 38 6199
191 141 6200
23 119 6201
63 47 6202
18 135 6203
130 54 6204
165 139 6205
25 42 6206
92 19 6207
88 128 6208
7 67 6209
143 188 6210
82 175 6211
48 102 6212
183 59 6213
166 41 6214
192 102 6215
35 70 6216
176 40 6217
83 36 6218
197 182 6219
106 154 6220
178 49 6221
137 10 6222
123 147 6223
176 96 6224
35 7 6225
78 8 6226
62 140 6227
36 8 6228
176 65 6229
178 111 6230
84 35 6231
22 9 6232
122 101 6233
199 151 6234
151 150 6235
55 122 6236
83 112 6237
75 81 6238
128 5 6239
196 1 6240
136 100 6241
105 80 6242
100 194 6243
187 169 6244
10 110 6245
106 190 6246
70 198 6247
64 182 6248
95 38 6249
85 136 6250
73 196 6251
181 35 6252
43 35 6253
91 70 6254
166 136 6255
3 178 6256
122 108 6257
136 192 6258
32 116 6259
39 69 6260
13 123 6261
36 85 6262
4 83 6263
37 42 6264
58 172 6265
119 11 6266
167 85 6267
3 151 6268
57 80 6269
52 115 6270
157 93 6271
171 39 6272
43 124 6273
146 181 6274
157 184 6275
114 29 6276
132 150 6277
9 125 6278
73 192 6279
137 73 6280
74 155 6281
155 163 6282
157 70 6283
79 16 6284
124 195 6285
96 143 6286
40 20 6287
20 182 6288
20 103 6289
126 143 6290
170 129 6291
147 20 6292
176 174 6293
97 156 6294
109 31 6295
70 139 6296
138 61 6297
5 188 6298
138 42 6299
159 78 6300
45 191 6301
85 121 6302
187 73 6303
115 190 6304
8 58 6305
148 141 6306
3 105 6307
31 158 6308
192 130 6309
148 154 6310
70 82 6311
70 6 6312
188 148 6313
176 31 6314
109 53 6315
175 172 6316
140 78 6317
130 69 6318
142 113 6319
7 21 6320
181 196 6321
17 126 6322
49 98 6323
3 113 6324
153 155 6325
95 71 6326
35 30 6327
18 117 6328
162 10 6329
140 100 6330
50 57 6331
81 146 6332
145 140 6333
189 33 6334
20 64 6335
172 77 6336
41 26 6337
64 61 6338
195 3 6339
113 6 6340
152 58 6341
110 70 6342
143 141 6343
85 56 6344
46 164 6345
175 85 6346
5 136 6347
51 160 6348
117 153 6349
11 124 6350
150 114 6351
119 15 6352
187 25 6353
77 74 6354
78 123 6355
107 169 6356
54 121 6357
35 1 6358
86 21 6359
62 166 6360
183 31 6361
8 124 6362
13 151 6363
122 128 6364
95 50 6365
186 119 6366
146 108 6367
112 110 6368
190 14 6369
196 67 6370
192 69 6371
95 154 6372
139 102 6373
99 62 6374
62 117 6375
16 13 6376
120 172 6377
13 5 6378
10 184 6379
70 72 6380
2 130 6381
195 18 6382
196 134 6383
135 20 6384
171 13 6385
28 150 6386
88 194 6387
2 114 6388
108 43 6389
166 125 6390
157 65 6391
2 128 6392
128 27 6393
177 46 6394
108 57 6395
81 147 6396
149 12 6397
197 140 6398
34 154 6399
200 183 6400
150 113 6401
137 129 6402
188 102 6403
22 120 6404
130 18 6405
63 154 6406
118 197 6407
78 37 6408
83 79 6409
115 167 6410
23 167 6411
69 50 6412
83 154 6413
163 63 6414
73 78 6415
95 44 6416
200 174 6417
59 125 6418
75 2 6419
52 165 6420
124 91 6421
86 26 6422
131 85 6423
77 164 6424
74 160 6425
49 15 6426
153 108 6427
160 40 6428
37 95 6429
40 161 6430
123 25 6431
138 123 6432
113 194 6433
175 69 6434
153 78 6435
101 107 6436
183 47 6437
124 125 6438
76 124 6439
32 171 6440
89 34 6441
101 169 6442
87 173 6443
47 58 6444
144 150 6445
108 113 6446
41 72 6447
197 53 6448
39 24 6449
58 132 6450
183 114 6451
116 137 6452
143 149 6453
111 140 6454
8 86 6455
73 82 6456
188 150 6457
110 89 6458
126 91 6459
134 81 6460
41 56 6461
75 79 6462
102 185 6463
133 190 6464
64 80 6465
176 81 6466
80 154 6467
91 127 6468
137 179 6469
81 110 6470
169 85 6471
186 101 6472
97 117 6473
143 39 6474
72 77 6475
108 93 6476
147 120 6477
176 8 6478
65 53 6479
65 119 6480
189 195 6481
198 114 6482
55 43 6483
100 106 6484
101 146 6485
113 145 6486
149 177 6487
186 93 6488
29 199 6489
4 162 6490
2 52 6491
15 65 6492
198 152 6493
68 123 6494
150 76 6495
51 159 6496
195 167 6497
141 171 6498
33 100 6499
47 99 6500
49 26 6501
100 118 6502
86 1 6503
98 166 6504
14 122 6505
114 76 6506
196 42 6507
192 20 6508
119 13 6509
94 127 6510
52 58 6511
166 160 6512
34 132 6513
197 168 6514
145 35 6515
119 143 6516
156 101 6517
190 189 6518
55 75 6519
120 81 6520
18 131 6521
76 194 6522
200 182 6523
180 68 6524
179 55 6525
114 200 6526
181 168 6527
79 34 6528
192 178 6529
177 32 6530
112 175 6531
195 100 6532
145 107 6533
34 69 6534
122 71 6535
73 167 6536
152 38 6537
76 170 6538
39 103 6539
107 84 6540
122 23 6541
161 29 6542
193 51 6543
96 2 6544
140 63 6545
98 4 6546
44 130 6547
164 48 6548
72 167 6549
124 188 6550
105 40 6551
124 113 6552
4 131 6553
21 177 6554
194 123 6555
59 64 6556
32 146 6557
63 197 6558
135 174 6559
61 24 6560
170 175 6561
136 34 6562
191 95 6563
132 92 6564
63 172 6565
27 142 6566
170 199 6567
166 131 6568
53 141 6569
37 161 6570
118 67 6571
116 69 6572
120 62 6573
153 30 6574
77 46 6575
60 81 6576
188 142 6577
124 92 6578
1 34 6579
12 14 6580
183 132 6581
172 64 6582
199 97 6583
101 126 6584
191 71 6585
7 191 6586
106 97 6587
86 131 6588
36 45 6589
8 165 6590
133 168 6591
158 4 6592
161 148 6593
6 136 6594
63 126 6595
36 63 6596
35 128 6597
28 199 6598
84 127 6599
14 113 6600
55 200 6601
60 133 6602
57 110 6603
64 1 6604
61 33 6605
53 179 6606
50 84 6607
28 29 6608
95 181 6609
123 126 6610
107 54 6611
86 36 6612
69 18 6613
5 109 6614
110 136 6615
107 183 6616
8 47 6617
6 2 6618
161 162 6619
104 149 6620
199 172 6621
134 19 6622
9 142 6623
33 139 6624
81 173 6625
177 96 6626
182 177 6627
116 128 6628
29 33 6629
188 87 6630
140 82 6631
107 72 6632
108 18 6633
7 154 6634
91 117 6635
7 28 6636
13 121 6637
40 110 6638
95 8 6639
58 24 6640
113 128 6641
132 140 6642
107 177 6643
135 179 6644
6 161 6645
82 194 6646
21 16 6647
164 195 6648
119 64 6649
168 157 6650
76 132 6651
65 156 6652
42 32 6653
92 166 6654
137 36 6655
199 188 6656
179 11 6657
155 199 6658
74 47 6659
78 16 6660
135 147 6661
163 88 6662
116 121 6663
70 172 6664
87 42 6665
42 98 6666
24 187 6667
117 17 6668
73 129 6669
159 59 6670
141 86 6671
153 22 6672
77 155 6673
168 60 6674
116 17 6675
48 84 6676
66 120 6677
25 197 6678
183 100 6679
101 131 6680
24 69 6681
5 142 6682
82 44 6683
142 176 6684
92 60 6685
133 67 6686
11 50 6687
197 78 6688
162 155 6689
49 193 6690
192 150 6691
123 39 6692
10 51 6693
123 163 6694
165 126 6695
49 156 6696
152 76 6697
47 75 6698
121 99 6699
106 199 6700
184 89 6701
97 4 6702
163 27 6703
65 72 6704
101 120 6705
132 3 6706
84 185 6707
27 98 6708
148 36 6709
80 7 6710
103 57 6711
5 138 6712
191 24 6713
113 172 6714
7 53 6715
191 81 6716
40 198 6717
55 74 6718
132 18 6719
113 157 6720
193 192 6721
98 8 6722
57 124 6723
64 15 6724
191 118 6725
107 113 6726
99 34 6727
176 130 6728
55 158 6729
123 112 6730
113 28 6731
33 176 6732
88 106 6733
97 124 6734
29 118 6735
47 179 6736
44 146 6737
89 86 6738
199 128 6739
49 186 6740
77 67 6741
100 52 6742
189 158 6743
187 36 6744
132 68 6745
2 108 6746
26 189 6747
20 131 6748
157 1 6749
55 5 6750
169 191 6751
20 46 6752
130 62 6753
55 173 6754
83 188 6755
58 70 6756
186 58 6757
1 177 6758
82 159 6759
96 100 6760
170 106 6761
100 43 6762
19 29 6763
133 10 6764
67 6 6765
84 29 6766
88 73 6767
125 55 6768
200 113 6769
40 102 6770
159 7 6771
72 130 6772
36 33 6773
109 200 6774
113 177 6775
137 11 6776
22 170 6777
145 110 6778
182 85 6779
1 37 6780
57 74 6781
15 143 6782
113 93 6783
19 159 6784
87 85 6785
178 143 6786
157 193 6787
12 35 6788
149 195 6789
77 56 6790
53 115 6791
163 167 6792
21 9 6793
88 103 6794
101 20 6795
16 126 6796
131 1 6797
39 145 6798
112 29 6799
197 8 6800
69 155 6801
83 43 6802
42 192 6803
127 87 6804
33 24 6805
30 20 6806
178 71 6807
151 5 6808
186 82 6809
89 162 6810
94 70 6811
152 157 6812
76 179 6813
39 172 6814
151 182 6815
122 193 6816
33 177 6817
157 96 6818
130 34 6819
155 124 6820
107 61 6821
173 132 6822
99 152 6823
183 61 6824
110 30 6825
1 10 6826
161 105 6827
68 164 6828
44 31 6829
78 74 6830
73 134 6831
102 112 6832
157 138 6833
176 151 6834
154 3 6835
185 30 6836
190 61 6837
46 5 6838
10 145 6839
165 180 6840
85 76 6841
121 98 6842
197 124 6843
14 92 6844
64 89 6845
129 158 6846
122 167 6847
97 21 6848
24 162 6849
112 67 6850
9 185 6851
32 22 6852
139 96 6853
146 162 6854
20 126 6855
87 178 6856
186 147 6857
130 106 6858
94 83 6859
85 28 6860
173 77 6861
149 48 6862
119 156 6863
60 191 6864
27 66 6865
120 76 6866
115 180 6867
183 12 6868
176 16 6869
88 152 6870
45 78 6871
126 158 6872
80 199 6873
45 65 6874
167 3 6875
127 46 6876
86 140 6877
154 114 6878
13 195 6879
24 87 6880
65 40 6881
118 89 6882
199 42 6883
68 169 6884
139 15 6885
50 133 6886
170 128 6887
54 90 6888
142 133 6889
71 54 6890
151 106 6891
85 173 6892
82 17 6893
48 137 6894
193 190 6895
102 199 6896
172 103 6897
198 115 6898
59 8 6899
51 139 6900
13 189 6901
107 88 6902
55 182 6903
77 58 6904
16 115 6905
164 190 6906
143 93 6907
32 198 6908
132 71 6909
95 35 6910
38 135 6911
149 166 6912
102 38 6913
78 82 6914
106 114 6915
140 65 6916
119 136 6917
127 183 6918
129 198 6919
53 171 6920
189 8 6921
12 27 6922
102 143 6923
145 11 6924
71 154 6925
120 61 6926
56 8 6927
86 9 6928
117 145 6929
127 75 6930
139 66 6931
14 102 6932
59 111 6933
75 12 6934
170 10 6935
171 78 6936
27 104 6937
39 59 6938
6 7 6939
180 33 6940
153 185 6941
151 29 6942
8 140 6943
60 105 6944
6 180 6945
88 41 6946
180 156 6947
110 130 6948
33 11 6949
164 157 6950
50 172 6951
178 106 6952
142 95 6953
183 182 6954
194 6 6955
56 143 6956
154 52 6957
90 127 6958
187 102 6959
77 52 6960
29 124 6961
119 196 6962
155 24 6963
124 79 6964
129 14 6965
109 122 6966
68 177 6967
158 156 6968
195 144 6969
173 135 6970
172 193 6971
146 75 6972
149 60 6973
164 67 6974
7 195 6975
49 87 6976
32 24 6977
89 26 6978
51 95 6979
92 172 6980
87 100 6981
114 108 6982
153 16 6983
17 144 6984
134 82 6985
30 96 6986
66 105 6987
112 157 6988
148 57 6989
200 142 6990
199 4 6991
176 20 6992
66 29 6993
20 43 6994
41 158 6995
93 50 6996
116 66 6997
34 148 6998
71 12 6999
184 149 7000
195 19 7001
146 120 7002
194 197 7003
41 145 7004
6 20 7005
127 167 7006
187 122 7007
48 150 7008
6 159 7009
114 119 7010
40 3 7011
116 183 7012
56 24 7013
9 170 7014
67 12 7015
199 118 7016
12 17 7017
156 25 7018
121 57 7019
22 29 7020
152 19 7021
177 141 7022
64 185 7023
10 115 7024
9 168 7025
123 148 7026
7 70 7027
174 173 7028
188 32 7029
61 200 7030
66 68 7031
18 152 7032
150 138 7033
125 30 7034
191 104 7035
28 200 7036
5 118 7037
75 111 7038
26 192 7039
56 200 7040
117 21 7041
7 65 7042
97 143 7043
60 171 7044
36 173 7045
6 109 7046
143 41 7047
89 63 7048
116 176 7049
128 51 7050
161 61 7051
48 67 7052
175 49 7053
102 28 7054
193 119 7055
94 34 7056
181 144 7057
171 61 7058
152 142 7059
159 76 7060
197 74 7061
73 145 7062
86 27 7063
17 24 7064
62 15 7065
34 185 7066
128 96 7067
161 84 7068
190 109 7069
139 179 7070
144 6 7071
28 17 7072
152 49 7073
174 169 7074
196 183 7075
84 173 7076
78 57 7077
114 72 7078
79 99 7079
149 115 7080
11 141 7081
51 140 7082
152 149 7083
63 167 7084
56 180 7085
144 98 7086
129 43 7087
110 64 7088
89 177 7089
100 171 7090
6 1 7091
86 188 7092
106 85 7093
17 80 7094
114 48 7095
130 100 7096
5 166 7097
185 147 7098
140 14 7099
49 159 7100
98 105 7101
129 49 7102
98 154 7103
143 195 7104
66 183 7105
92 134 7106
149 63 7107
62 18 7108
165 116 7109
83 66 7110
115 195 7111
27 100 7112
52 67 7113
19 84 7114
10 91 7115
85 133 7116
159 60 7117
8 19 7118
164 163 7119
159 32 7120
91 107 7121
163 91 7122
170 121 7123
135 110 7124
161 93 7125
117 194 7126
169 109 7127
40 81 7128
87 126 7129
136 99 7130
154 105 7131
190 10 7132
179 103 7133
159 117 7134
121 102 7135
114 71 7136
100 116 7137
59 61 7138
131 105 7139
117 133 7140
4 63 7141
138 129 7142
98 69 7143
136 66 7144
72 71 7145
99 82 7146
189 153 7147
86 40 7148
91 3 7149
157 95 7150
24 112 7151
190 136 7152
57 32 7153
197 5 7154
72 153 7155
111 21 7156
187 106 7157
3 42 7158
23 156 7159
106 36 7160
38 126 7161
162 33 7162
137 96 7163
115 2 7164
49 86 7165
32 68 7166
121 69 7167
140 77 7168
43 32 7169
183 45 7170
86 30 7171
177 20 7172
67 33 7173
23 63 7174
66 60 7175
161 85 7176
193 95 7177
105 112 7178
94 143 7179
80 113 7180
35 92 7181
91 43 7182
45 192 7183
193 167 7184
82 62 7185
119 48 7186
148 71 7187
153 173 7188
153 77 7189
103 21 7190
59 120 7191
2 103 7192
168 46 7193
128 178 7194
56 125 7195
160 161 7196
3 86 7197
194 31 7198
141 166 7199
155 111 7200
73 33 7201
116 57 7202
93 190 7203
75 58 7204
96 22 7205
30 72 7206
33 92 7207
31 39 7208
194 1 7209
26 66 7210
34 103 7211
71 48 7212
67 82 7213
55 172 7214
185 26 7215
132 17 7216
24 110 7217
135 166 7218
102 136 7219
90 176 7220
193 156 7221
171 135 7222
133 165 7223
107 17 7224
30 9 7225
34 107 7226
75 152 7227
175 160 7228
19 39 7229
172 159 7230
135 35 7231
135 141 7232
114 158 7233
14 162 7234
193 124 7235
106 53 7236
124 33 7237
174 132 7238
122 149 7239
87 16 7240
154 36 7241
63 25 7242
141 121 7243
187 138 7244
51 118 7245
5 58 7246
119 60 7247
9 94 7248
179 65 7249
151 40 7250
127 100 7251
128 52 7252
96 59 7253
57 163 7254
134 187 7255
74 7 7256
45 159 7257
131 71 7258
93 14 7259
37 119 7260
32 37 7261
194 157 7262
53 139 7263
112 93 7264
141 60 7265
36 84 7266
81 57 7267
58 98 7268
134 75 7269
3 65 7270
40 135 7271
70 140 7272
187 111 7273
109 129 7274
84 134 7275
114 53 7276
185 67 7277
144 119 7278
110 142 7279
124 176 7280
90 144 7281
114 11 7282
181 84 7283
85 15 7284
43 69 7285
161 156 7286
74 168 7287
101 33 7288
130 156 7289
52 172 7290
38 118 7291
105 30 7292
60 151 7293
12 21 7294
88 22 7295
51 197 7296
76 83 7297
170 69 7298
108 40 7299
114 117 7300
118 168 7301
190 141 7302
127 102 7303
195 125 7304
25 113 7305
188 92 7306
164 160 7307
41 82 7308
139 3 7309
87 177 7310
190 123 7311
107 2 7312
2 15 7313
184 192 7314
192 27 7315
200 171 7316
130 109 7317
121 159 7318
149 101 7319
65 14 7320
8 160 7321
29 8 7322
113 133 7323
173 126 7324
135 132 7325
87 29 7326
148 194 7327
37 7 7328
20 39 7329
125 116 7330
77 62 7331
82 21 7332
151 140 7333
24 132 7334
20 110 7335
3 77 7336
94 180 7337
183 89 7338
54 177 7339
41 176 7340
99 141 7341
31 184 7342
148 8 7343
57 139 7344
125 130 7345
138 69 7346
172 177 7347
36 198 7348
39 188 7349
79 114 7350
192 126 7351
82 76 7352
123 33 7353
85 130 7354
146 173 7355
98 155 7356
181 18 7357
153 151 7358
149 118 7359
77 10 7360
157 153 7361
98 136 7362
158 149 7363
200 90 7364
22 130 7365
151 145 7366
188 105 7367
79 160 7368
136 23 7369
192 7 7370
119 109 7371
65 180 7372
127 143 7373
39 128 7374
73 179 7375
81 76 7376
192 160 7377
143 197 7378
47 144 7379
148 164 7380
11 95 7381
136 39 7382
97 152 7383
42 30 7384
147 7 7385
60 138 7386
129 190 7387
114 63 7388
44 113 7389
115 56 7390
121 79 7391
93 17 7392
50 104 7393
165 128 7394
6 118 7395
136 36 7396
158 30 7397
172 118 7398
11 64 7399
130 68 7400
26 5 7401
99 198 7402
157 140 7403
42 122 7404
187 125 7405
137 159 7406
5 171 7407
150 162 7408
40 121 7409
6 121 7410
9 15 7411
164 168 7412
41 126 7413
173 65 7414
129 152 7415
13 61 7416
97 44 7417
119 56 7418
72 5 7419
132 196 7420
68 67 7421
150 58 7422
126 179 7423
124 111 7424
144 135 7425
7 196 7426
179 158 7427
184 178 7428
145 87 7429
44 164 7430
104 97 7431
86 99 7432
163 186 7433
139 125 7434
92 156 7435
183 83 7436
83 69 7437
198 149 7438
116 152 7439
194 64 7440
35 149 7441
97 182 7442
94 192 7443
168 147 7444
33 132 7445
146 35 7446
117 54 7447
162 138 7448
48 144 7449
134 174 7450
89 120 7451
159 126 7452
9 130 7453
161 55 7454
29 39 7455
22 168 7456
16 31 7457
82 117 7458
25 52 7459
150 38 7460
37 155 7461
191 181 7462
124 25 7463
183 118 7464
164 78 7465
197 31 7466
14 55 7467
43 9 7468
159 26 7469
74 141 7470
136 60 7471
157 40 7472
128 70 7473
14 123 7474
17 120 7475
108 181 7476
175 46 7477
171 142 7478
45 59 7479
70 41 7480
177 100 7481
27 7 7482
3 56 7483
74 165 7484
32 31 7485
37 187 7486
63 199 7487
35 150 7488
198 17 7489
124 128 7490
136 150 7491
53 71 7492
75 103 7493
76 29 7494
123 193 7495
188 55 7496
147 154 7497
140 83 7498
16 168 7499
57 111 7500
128 146 7501
43 101 7502
165 6 7503
128 141 7504
137 17 7505
60 67 7506
127 197 7507
194 22 7508
131 199 7509
14 58 7510
56 6 7511
92 25 7512
178 113 7513
117 48 7514
187 121 7515
40 111 7516
41 19 7517
93 82 7518
58 176 7519
141 105 7520
114 196 7521
126 142 7522
97 66 7523
94 38 7524
144 39 7525
33 30 7526
1 139 7527
89 32 7528
187 154 7529
5 172 7530
163 42 7531
144 146 7532
151 132 7533
158 59 7534
101 28 7535
27 112 7536
93 149 7537
33 77 7538
93 24 7539
55 167 7540
23 100 7541
97 62 7542
141 120 7543
3 81 7544
86 88 7545
100 101 7546
177 114 7547
86 190 7548
92 12 7549
51 198 7550
185 196 7551
32 195 7552
126 187 7553
179 21 7554
11 48 7555
34 152 7556
29 100 7557
98 89 7558
115 161 7559
110 196 7560
163 142 7561
60 27 7562
78 101 7563
157 12 7564
77 146 7565
23 179 7566
43 50 7567
10 155 7568
172 138 7569
112 84 7570
190 31 7571
7 190 7572
86 137 7573
46 107 7574
173 28 7575
48 134 7576
101 6 7577
17 154 7578
5 132 7579
107 123 7580
174 48 7581
130 8 7582
128 68 7583
58 46 7584
31 52 7585
138 146 7586
86 7 7587
40 126 7588
20 25 7589
130 146 7590
35 142 7591
42 101 7592
56 61 7593
40 30 7594
28 77 7595
128 133 7596
25 191 7597
116 65 7598
158 200 7599
12 70 7600
150 19 7601
163 139 7602
116 190 7603
106 80 7604
68 24 7605
182 162 7606
188 109 7607
70 130 7608
144 115 7609
94 153 7610
79 7 7611
86 196 7612
4 112 7613
141 1 7614
129 192 7615
150 178 7616
50 155 7617
43 84 7618
118 178 7619
51 183 7620
180 74 7621
122 56 7622
64 140 7623
47 34 7624
10 140 7625
95 146 7626
168 40 7627
125 110 7628
174 146 7629
27 198 7630
200 185 7631
35 13 7632
7 199 7633
37 43 7634
32 157 7635
53 101 7636
149 138 7637
14 69 7638
197 161 7639
139 32 7640
158 5 7641
131 97 7642
182 179 7643
16 76 7644
190 122 7645
109 194 7646
50 119 7647
26 143 7648
11 170 7649
34 14 7650
120 171 7651
82 118 7652
167 105 7653
82 188 7654
117 111 7655
119 197 7656
61 188 7657
88 52 7658
142 107 7659
68 33 7660
114 128 7661
45 188 7662
58 199 7663
95 173 7664
111 133 7665
189 86 7666
107 156 7667
108 31 7668
158 141 7669
33 167 7670
12 73 7671
53 104 7672
105 16 7673
128 69 7674
111 120 7675
107 147 7676
184 109 7677
73 3 7678
161 96 7679
195 89 7680
128 194 7681
96 81 7682
125 142 7683
104 103 7684
162 165 7685
52 185 7686
19 23 7687
68 2 7688
1 161 7689
19 165 7690
124 24 7691
77 90 7692
137 45 7693
63 153 7694
10 198 7695
152 177 7696
154 193 7697
92 181 7698
145 126 7699
53 183 7700
1 126 7701
121 53 7702
62 142 7703
101 1 7704
46 169 7705
196 163 7706
44 96 7707
15 148 7708
80 68 7709
153 69 7710
22 54 7711
161 155 7712
4 10 7713
125 65 7714
175 165 7715
62 191 7716
55 103 7717
58 116 7718
111 125 7719
32 62 7720
53 28 7721
192 33 7722
196 200 7723
100 81 7724
124 131 7725
64 161 7726
153 112 7727
68 149 7728
140 52 7729
100 187 7730
64 28 7731
74 175 7732
70 81 7733
76 151 7734
128 41 7735
116 97 7736
163 120 7737
87 43 7738
57 29 7739
91 166 7740
165 115 7741
185 95 7742
74 38 7743
116 194 7744
130 73 7745
102 130 7746
122 105 7747
67 55 7748
90 145 7749
42 83 7750
172 149 7751
182 150 7752
43 93 7753
179 89 7754
9 6 7755
106 116 7756
137 65 7757
162 173 7758
118 113 7759
184 124 7760
10 76 7761
61 157 7762
195 37 7763
12 142 7764
104 176 7765
24 181 7766
48 192 7767
56 62 7768
90 140 7769
172 190 7770
99 61 7771
112 120 7772
161 18 7773
88 157 7774
130 147 7775
185 63 7776
21 110 7777
8 35 7778
87 135 7779
93 176 7780
53 29 7781
118 122 7782
74 123 7783
187 173 7784
170 19 7785
133 15 7786
163 145 7787
192 177 7788
87 116 7789
59 16 7790
11 38 7791
161 104 7792
148 29 7793
45 60 7794
153 134 7795
22 10 7796
197 52 7797
11 171 7798
142 86 7799
13 41 7800
118 153 7801
71 81 7802
139 130 7803
177 5 7804
78 157 7805
91 198 7806
193 97 7807
88 166 7808
84 16 7809
93 128 7810
124 107 7811
38 149 7812
22 77 7813
158 116 7814
82 108 7815
180 150 7816
178 86 7817
72 115 7818
19 26 7819
138 54 7820
8 155 7821
157 108 7822
5 15 7823
84 32 7824
143 21 7825
78 167 7826
40 7 7827
183 124 7828
10 131 7829
131 156 7830
57 154 7831
109 75 7832
166 193 7833
126 178 7834
25 38 7835
137 183 7836
177 139 7837
170 105 7838
134 95 7839
106 29 7840
115 37 7841
187 75 7842
44 37 7843
102 9 7844
132 148 7845
101 5 7846
158 36 7847
142 177 7848
95 79 7849
98 189 7850
30 164 7851
81 156 7852
172 129 7853
66 86 7854
120 123 7855
75 67 7856
186 181 7857
74 19 7858
75 73 7859
44 180 7860
74 133 7861
46 97 7862
27 157 7863
199 9 7864
171 45 7865
107 162 7866
21 47 7867
84 163 7868
30 136 7869
28 27 7870
136 178 7871
13 28 7872
196 23 7873
29 175 7874
48 7 7875
54 45 7876
24 167 7877
36 87 7878
20 191 7879
48 103 7880
55 156 7881
88 181 7882
18 145 7883
180 83 7884
19 121 7885
165 67 7886
179 113 7887
29 91 7888
18 9 7889
33 15 7890
29 93 7891
165 14 7892
59 68 7893
6 29 7894
87 59 7895
116 78 7896
69 158 7897
84 117 7898
91 168 7899
51 27 7900
56 177 7901
59 113 7902
60 110 7903
4 107 7904
175 38 7905
114 69 7906
30 98 7907
28 44 7908
152 56 7909
93 126 7910
170 119 7911
153 183 7912
113 144 7913
109 46 7914
36 28 7915
30 200 7916
158 89 7917
36 41 7918
141 27 7919
3 112 7920
126 31 7921
196 13 7922
112 50 7923
62 73 7924
22 2 7925
182 40 7926
186 73 7927
37 199 7928
146 125 7929
200 18 7930
70 59 7931
86 118 7932
28 127 7933
11 122 7934
100 76 7935
165 61 7936
190 53 7937
30 104 7938
16 92 7939
132 45 7940
27 17 7941
41 15 7942
7 45 7943
73 173 7944
136 158 7945
80 94 7946
144 172 7947
71 41 7948
171 75 7949
78 141 7950
176 22 7951
59 99 7952
83 169 7953
36 56 7954
123 94 7955
134 27 7956
14 36 7957
45 112 7958
27 147 7959
143 179 7960
149 15 7961
36 108 7962
3 184 7963
137 108 7964
65 189 7965
63 3 7966
2 85 7967
167 132 7968
149 144 7969
87 159 7970
95 64 7971
59 152 7972
156 141 7973
172 164 7974
128 94 7975
46 174 7976
59 42 7977
21 191 7978
54 200 7979
106 83 7980
29 159 7981
167 77 7982
125 170 7983
135 149 7984
79 154 7985
81 194 7986
57 59 7987
16 186 7988
49 78 7989
167 110 7990
184 66 7991
47 192 7992
25 14 7993
111 190 7994
85 55 7995
124 20 7996
41 147 7997
47 160 7998
38 178 7999
65 87 8000
24 131 8001
83 162 8002
148 128 8003
189 2 8004
162 36 8005
185 78 8006
24 159 8007
166 32 8008
56 93 8009
151 137 8010
178 73 8011
19 89 8012
127 184 8013
195 198 8014
108 119 8015
30 144 8016
58 33 8017
100 152 8018
156 74 8019
104 140 8020
183 22 8021
56 111 8022
52 163 8023
130 30 8024
62 144 8025
126 188 8026
2 145 8027
115 171 8028
118 142 8029
92 168 8030
141 118 8031
15 177 8032
87 186 8033
78 93 8034
189 159 8035
4 96 8036
28 22 8037
104 129 8038
140 193 8039
185 5 8040
152 60 8041
104 100 8042
27 105 8043
101 171 8044
85 40 8045
111 188 8046
64 92 8047
19 56 8048
194 120 8049
24 29 8050
45 58 8051
5 120 8052
175 8 8053
27 24 8054
61 62 8055
36 179 8056
127 106 8057
76 185 8058
134 169 8059
186 63 8060
24 123 8061
60 42 8062
9 128 8063
188 189 8064
175 20 8065
32 145 8066
133 143 8067
23 68 8068
70 190 8069
17 26 8070
51 143 8071
95 3 8072
108 130 8073
124 186 8074
123 31 8075
109 198 8076
102 191 8077
118 87 8078
194 149 8079
147 144 8080
176 127 8081
17 50 8082
30 84 8083
12 46 8084
194 101 8085
105 83 8086
38 138 8087
12 97 8088
95 174 8089
169 163 8090
162 49 8091
100 110 8092
178 76 8093
119 96 8094
26 193 8095
74 147 8096
190 184 8097
198 11 8098
41 100 8099
198 3 8100
183 149 8101
143 184 8102
95 140 8103
1 151 8104
90 10 8105
54 167 8106
89 105 8107
15 199 8108
123 69 8109
58 145 8110
41 118 8111
169 82 8112
165 198 8113
78 96 8114
91 178 8115
3 142 8116
111 91 8117
145 104 8118
39 177 8119
187 200 8120
186 17 8121
83 191 8122
178 85 8123
70 118 8124
131 179 8125
58 161 8126
96 75 8127
61 40 8128
80 164 8129
158 63 8130
85 33 8131
35 41 8132
141 188 8133
73 190 8134
1 199 8135
145 122 8136
87 144 8137
115 31 8138
26 187 8139
103 154 8140
151 117 8141
143 131 8142
193 175 8143
191 16 8144
124 104 8145
159 54 8146
41 46 8147
152 74 8148
29 195 8149
63 43 8150
86 5 8151
181 164 8152
33 97 8153
184 40 8154
123 109 8155
133 87 8156
192 2 8157
62 105 8158
147 192 8159
59 178 8160
129 24 8161
94 21 8162
61 81 8163
194 33 8164
93 39 8165
74 62 8166
81 48 8167
183 62 8168
19 32 8169
61 105 8170
163 13 8171
5 57 8172
184 161 8173
178 56 8174
24 84 8175
188 96 8176
85 191 8177
28 98 8178
12 134 8179
71 35 8180
82 146 8181
141 169 8182
79 177 8183
106 15 8184
187 29 8185
51 166 8186
124 102 8187
166 150 8188
136 138 8189
117 177 8190
2 65 8191
144 151 8192
135 34 8193
27 41 8194
15 141 8195
125 175 8196
136 44 8197
199 126 8198
154 173 8199
97 22 8200
36 76 8201
30 28 8202
154 180 8203
55 66 8204
46 110 8205
167 34 8206
98 175 8207
116 149 8208
170 117 8209
182 74 8210
107 41 8211
86 174 8212
148 197 8213
8 174 8214
102 71 8215
46 137 8216
23 86 8217
124 5 8218
155 181 8219
155 182 8220
188 98 8221
125 27 8222
101 199 8223
21 69 8224
143 17 8225
182 21 8226
140 75 8227
183 144 8228
99 38 8229
46 157 8230
140 39 8231
165 114 8232
142 185 8233
123 76 8234
36 185 8235
85 53 8236
18 65 8237
70 176 8238
155 60 8239
71 91 8240
185 121 8241
1 46 8242
197 44 8243
82 54 8244
165 107 8245
193 25 8246
192 59 8247
141 46 8248
154 49 8249
130 81 8250
19 58 8251
140 115 8252
46 182 8253
151 122 8254
99 106 8255
58 60 8256
40 4 8257
54 26 8258
110 84 8259
38 46 8260
170 6 8261
4 11 8262
29 154 8263
51 156 8264
93 64 8265
9 80 8266
69 182 8267
38 90 8268
41 77 8269
187 56 8270
158 194 8271
86 120 8272
95 178 8273
33 80 8274
139 140 8275
169 57 8276
69 112 8277
108 148 8278
77 53 8279
37 16 8280
159 2 8281
35 72 8282
113 199 8283
94 154 8284
56 92 8285
40 90 8286
126 132 8287
110 147 8288
192 186 8289
86 155 8290
124 9 8291
52 152 8292
78 188 8293
158 131 8294
80 166 8295
23 93 8296
12 43 8297
11 17 8298
5 126 8299
72 54 8300
38 31 8301
16 120 8302
14 157 8303
54 83 8304
177 116 8305
133 181 8306
141 161 8307
69 10 8308
146 166 8309
149 43 8310
41 152 8311
114 54 8312
5 49 8313
94 79 8314
150 74 8315
112 169 8316
166 75 8317
124 34 8318
121 67 8319
6 171 8320
176 147 8321
5 116 8322
138 13 8323
136 37 8324
172 80 8325
136 54 8326
147 158 8327
41 163 8328
143 129 8329
132 93 8330
4 21 8331
186 176 8332
4 77 8333
61 143 8334
60 16 8335
128 15 8336
33 145 8337
85 17 8338
20 139 8339
90 41 8340
53 9 8341
122 110 8342
163 116 8343
43 42 8344
28 108 8345
20 107 8346
191 189 8347
177 200 8348
7 98 8349
2 20 8350
40 187 8351
177 65 8352
192 64 8353
48 163 8354
88 117 8355
70 141 8356
117 90 8357
161 88 8358
23 157 8359
32 75 8360
79 125 8361
66 194 8362
60 121 8363
24 100 8364
194 59 8365
115 47 8366
175 139 8367
104 105 8368
180 148 8369
143 139 8370
199 61 8371
70 168 8372
21 124 8373
159 196 8374
48 14 8375
3 166 8376
124 68 8377
64 96 8378
49 19 8379
110 188 8380
114 173 8381
119 47 8382
147 52 8383
184 153 8384
49 25 8385
200 190 8386
1 186 8387
39 49 8388
194 191 8389
85 20 8390
175 106 8391
63 136 8392
142 186 8393
135 167 8394
120 26 8395
167 176 8396
8 143 8397
107 86 8398
181 86 8399
178 176 8400
152 127 8401
175 50 8402
18 123 8403
151 107 8404
148 183 8405
152 131 8406
51 150 8407
18 102 8408
93 79 8409
125 172 8410
139 181 8411
137 169 8412
21 76 8413
150 111 8414
108 169 8415
99 178 8416
50 30 8417
109 112 8418
11 1 8419
195 25 8420
197 79 8421
62 53 8422
188 153 8423
179 180 8424
117 86 8425
158 60 8426
140 33 8427
81 119 8428
105 24 8429
11 113 8430
168 45 8431
53 74 8432
166 151 8433
135 79 8434
47 130 8435
59 121 8436
137 9 8437
115 146 8438
129 182 8439
59 151 8440
70 136 8441
161 193 8442
143 33 8443
145 76 8444
42 1 8445
179 169 8446
79 194 8447
143 90 8448
182 63 8449
48 130 8450
94 30 8451
28 155 8452
58 73 8453
127 15 8454
22 197 8455
151 37 8456
168 83 8457
138 32 8458
47 181 8459
24 119 8460
40 73 8461
192 127 8462
83 44 8463
186 182 8464
185 183 8465
7 155 8466
139 124 8467
54 10 8468
81 167 8469
10 179 8470
128 43 8471
156 40 8472
56 12 8473
139 116 8474
148 63 8475
151 45 8476
131 40 8477
30 180 8478
9 171 8479
195 42 8480
42 142 8481
128 34 8482
52 76 8483
109 124 8484
134 200 8485
78 151 8486
147 55 8487
78 72 8488
120 180 8489
113 86 8490
78 84 8491
183 187 8492
147 119 8493
125 85 8494
155 32 8495
185 164 8496
163 76 8497
53 147 8498
58 30 8499
41 75 8500
195 66 8501
36 100 8502
106 108 8503
74 18 8504
59 100 8505
187 166 8506
32 18 8507
125 22 8508
5 68 8509
170 18 8510
69 84 8511
194 173 8512
190 101 8513
117 155 8514
51 9 8515
126 194 8516
65 19 8517
162 93 8518
3 182 8519
59 38 8520
137 106 8521
193 90 8522
170 35 8523
170 174 8524
34 60 8525
143 182 8526
15 43 8527
88 101 8528
151 110 8529
1 68 8530
162 163 8531
61 106 8532
141 55 8533
15 122 8534
17 200 8535
60 175 8536
37 6 8537
195 11 8538
56 163 8539
152 180 8540
104 113 8541
81 168 8542
122 157 8543
170 46 8544
135 91 8545
48 51 8546
143 174 8547
102 167 8548
69 13 8549
7 193 8550
197 196 8551
182 15 8552
50 22 8553
122 133 8554
125 156 8555
49 93 8556
53 57 8557
162 116 8558
52 159 8559
75 179 8560
146 10 8561
185 22 8562
198 121 8563
119 159 8564
43 31 8565
22 179 8566
78 115 8567
169 171 8568
139 108 8569
83 59 8570
92 17 8571
37 134 8572
135 155 8573
39 173 8574
163 113 8575
136 29 8576
104 183 8577
136 15 8578
144 83 8579
106 181 8580
171 15 8581
32 150 8582
194 110 8583
105 50 8584
137 30 8585
59 1 8586
125 134 8587
199 87 8588
149 96 8589
174 144 8590
146 152 8591
137 166 8592
144 9 8593
85 185 8594
91 63 8595
115 164 8596
148 175 8597
175 131 8598
31 135 8599
50 66 8600
89 93 8601
62 123 8602
184 14 8603
99 5 8604
92 98 8605
75 122 8606
5 192 8607
36 125 8608
110 78 8609
76 154 8610
29 198 8611
106 197 8612
143 23 8613
86 121 8614
58 2 8615
91 36 8616
189 104 8617
126 97 8618
42 106 8619
100 19 8620
50 10 8621
77 179 8622
199 53 8623
115 105 8624
58 109 8625
171 102 8626
25 115 8627
26 93 8628
126 64 8629
164 182 8630
144 75 8631
68 64 8632
183 8 8633
176 111 8634
86 92 8635
97 95 8636
107 117 8637
198 55 8638
131 186 8639
133 95 8640
146 185 8641
15 63 8642
142 11 8643
111 135 8644
94 150 8645
84 93 8646
191 143 8647
156 165 8648
198 155 8649
146 184 8650
139 183 8651
8 11 8652
139 23 8653
88 6 8654
97 93 8655
144 36 8656
1 107 8657
163 77 8658
141 150 8659
70 194 8660
119 200 8661
70 67 8662
185 199 8663
2 5 8664
13 84 8665
180 166 8666
28 105 8667
149 81 8668
98 13 8669
4 167 8670
200 76 8671
6 145 8672
76 110 8673
89 11 8674
3 64 8675
200 71 8676
27 95 8677
11 10 8678
189 165 8679
5 93 8680
67 59 8681
102 198 8682
185 79 8683
58 183 8684
192 100 8685
13 149 8686
53 165 8687
31 29 8688
155 196 8689
132 35 8690
5 162 8691
90 23 8692
65 113 8693
85 101 8694
74 115 8695
60 103 8696
188 89 8697
103 52 8698
36 169 8699
10 167 8700
42 67 8701
162 183 8702
94 106 8703
124 61 8704
32 7 8705
9 36 8706
57 89 8707
107 125 8708
16 171 8709
70 73 8710
27 107 8711
30 165 8712
124 4 8713
95 138 8714
117 5 8715
54 8 8716
51 180 8717
129 89 8718
101 162 8719
62 72 8720
176 14 8721
71 8 8722
147 29 8723
66 5 8724
38 151 8725
166 36 8726
26 140 8727
185 39 8728
194 73 8729
68 159 8730
188 122 8731
168 129 8732
124 1 8733
38 86 8734
121 51 8735
181 123 8736
130 118 8737
73 14 8738
91 17 8739
161 101 8740
14 178 8741
164 4 8742
65 147 8743
115 104 8744
50 25 8745
35 46 8746
129 151 8747
43 67 8748
157 195 8749
29 177 8750
43 7 8751
18 31 8752
37 54 8753
22 163 8754
92 97 8755
11 43 8756
137 101 8757
147 118 8758
34 176 8759
66 30 8760
24 135 8761
170 136 8762
140 93 8763
5 20 8764
160 34 8765
134 49 8766
90 98 8767
33 141 8768
88 29 8769
60 192 8770
130 175 8771
157 47 8772
59 163 8773
100 121 8774
185 70 8775
54 61 8776
41 130 8777
98 76 8778
183 122 8779
64 21 8780
122 153 8781
39 174 8782
150 103 8783
61 168 8784
91 84 8785
14 192 8786
185 113 8787
105 199 8788
198 14 8789
39 101 8790
71 137 8791
63 171 8792
147 91 8793
62 20 8794
111 82 8795
134 112 8796
85 109 8797
161 89 8798
184 135 8799
12 130 8800
95 198 8801
184 194 8802
158 128 8803
42 18 8804
184 75 8805
130 144 8806
105 183 8807
190 160 8808
31 175 8809
192 107 8810
133 197 8811
24 171 8812
48 197 8813
174 36 8814
105 190 8815
52 102 8816
56 28 8817
155 159 8818
23 108 8819
32 86 8820
177 93 8821
11 181 8822
178 156 8823
181 37 8824
6 69 8825
180 190 8826
158 135 8827
12 40 8828
144 57 8829
112 147 8830
136 49 8831
24 200 8832
155 45 8833
122 185 8834
95 171 8835
85 71 8836
48 172 8837
61 15 8838
138 141 8839
22 101 8840
107 96 8841
74 21 8842
196 28 8843
127 165 8844
2 171 8845
189 172 8846
59 177 8847
83 184 8848
70 76 8849
111 93 8850
123 185 8851
185 93 8852
181 119 8853
178 171 8854
125 143 8855
199 18 8856
41 138 8857
26 138 8858
12 171 8859
61 112 8860
188 183 8861
150 194 8862
71 167 8863
69 66 8864
24 143 8865
6 104 8866
76 153 8867
53 118 8868
119 107 8869
42 21 8870
9 33 8871
47 167 8872
77 92 8873
80 66 8874
127 168 8875
3 174 8876
53 96 8877
56 198 8878
183 40 8879
173 104 8880
116 101 8881
87 30 8882
26 115 8883
85 45 8884
5 8 8885
6 182 8886
83 38 8887
43 150 8888
53 191 8889
123 151 8890
98 191 8891
140 13 8892
128 65 8893
45 61 8894
51 138 8895
6 5 8896
18 48 8897
78 77 8898
64 16 8899
180 157 8900
33 119 8901
67 36 8902
7 130 8903
27 92 8904
189 39 8905
150 90 8906
121 56 8907
29 113 8908
71 120 8909
23 17 8910
4 58 8911
79 65 8912
102 165 8913
62 159 8914
146 16 8915
22 30 8916
66 192 8917
111 143 8918
95 144 8919
178 48 8920
51 192 8921
121 52 8922
150 22 8923
175 73 8924
117 101 8925
104 165 8926
139 12 8927
110 5 8928
145 54 8929
93 121 8930
77 39 8931
128 11 8932
159 184 8933
93 76 8934
5 198 8935
196 122 8936
157 159 8937
125 178 8938
111 16 8939
34 187 8940
168 26 8941
132 30 8942
26 141 8943
81 54 8944
73 102 8945
129 161 8946
112 92 8947
7 104 8948
110 116 8949
159 23 8950
196 72 8951
191 88 8952
123 125 8953
170 181 8954
20 183 8955
103 161 8956
51 45 8957
86 139 8958
12 66 8959
31 78 8960
69 11 8961
38 161 8962
42 167 8963
89 115 8964
32 59 8965
42 197 8966
71 155 8967
193 19 8968
58 78 8969
8 144 8970
22 67 8971
14 84 8972
49 173 8973
140 4 8974
39 125 8975
31 171 8976
98 124 8977
21 52 8978
142 124 8979
188 60 8980
127 21 8981
12 101 8982
1 179 8983
39 117 8984
118 95 8985
184 56 8986
190 67 8987
99 56 8988
7 15 8989
12 49 8990
24 146 8991
174 196 8992
165 73 8993
45 161 8994
77 174 8995
152 105 8996
91 151 8997
148 129 8998
68 29 8999
185 83 9000
158 154 9001
79 123 9002
127 149 9003
138 66 9004
63 70 9005
9 129 9006
17 170 9007
190 138 9008
3 100 9009
70 27 9010
7 165 9011
48 109 9012
124 158 9013
136 82 9014
141 51 9015
132 137 9016
1 138 9017
17 64 9018
30 38 9019
6 107 9020
123 150 9021
19 11 9022
180 151 9023
30 13 9024
195 134 9025
38 162 9026
182 54 9027
91 160 9028
73 107 9029
156 10 9030
137 149 9031
121 55 9032
116 173 9033
1 54 9034
124 14 9035
106 105 9036
167 129 9037
54 35 9038
121 91 9039
18 61 9040
107 167 9041
143 38 9042
178 78 9043
124 70 9044
16 159 9045
137 84 9046
27 94 9047
67 123 9048
45 138 9049
180 19 9050
56 40 9051
105 34 9052
101 141 9053
56 86 9054
50 157 9055
80 97 9056
113 143 9057
62 131 9058
79 106 9059
54 14 9060
33 108 9061
123 139 9062
194 40 9063
65 99 9064
199 41 9065
104 62 9066
131 121 9067
181 109 9068
98 41 9069
13 197 9070
129 123 9071
96 197 9072
24 141 9073
22 17 9074
190 20 9075
190 104 9076
132 109 9077
105 29 9078
81 41 9079
104 90 9080
164 69 9081
173 61 9082
119 104 9083
171 106 9084
5 97 9085
24 130 9086
109 41 9087
36 194 9088
15 156 9089
153 104 9090
97 163 9091
28 8 9092
29 107 9093
24 142 9094
53 152 9095
125 28 9096
25 147 9097
103 177 9098
196 88 9099
80 153 9100
78 112 9101
109 57 9102
163 21 9103
160 20 9104
197 135 9105
31 64 9106
189 123 9107
55 64 9108
17 37 9109
10 92 9110
4 104 9111
78 42 9112
156 102 9113
90 37 9114
164 34 9115
29 170 9116
10 78 9117
104 156 9118
27 160 9119
64 105 9120
82 31 9121
36 126 9122
12 160 9123
125 140 9124
95 80 9125
15 77 9126
33 187 9127
29 192 9128
169 140 9129
171 158 9130
144 14 9131
30 51 9132
28 75 9133
60 29 9134
113 187 9135
6 63 9136
81 106 9137
53 21 9138
130 116 9139
44 116 9140
63 50 9141
192 106 9142
140 29 9143
74 101 9144
132 13 9145
141 125 9146
186 35 9147
146 127 9148
128 32 9149
71 185 9150
104 118 9151
51 165 9152
18 112 9153
142 182 9154
62 25 9155
52 51 9156
108 67 9157
190 74 9158
77 35 9159
113 74 9160
111 19 9161
119 92 9162
133 186 9163
3 26 9164
78 18 9165
125 92 9166
119 163 9167
66 10 9168
102 33 9169
34 32 9170
118 139 9171
51 54 9172
76 112 9173
160 87 9174
120 200 9175
52 78 9176
26 18 9177
97 129 9178
196 103 9179
65 44 9180
23 194 9181
126 62 9182
164 174 9183
1 102 9184
142 170 9185
110 195 9186
184 187 9187
158 95 9188
98 187 9189
200 105 9190
104 88 9191
32 191 9192
76 8 9193
157 56 9194
4 70 9195
21 85 9196
158 70 9197
62 175 9198
49 150 9199
28 84 9200
156 148 9201
194 134 9202
59 31 9203
140 28 9204
152 184 9205
118 125 9206
149 176 9207
192 96 9208
104 83 9209
147 90 9210
185 23 9211
146 51 9212
18 16 9213
27 56 9214
92 127 9215
59 63 9216
187 53 9217
109 111 9218
69 120 9219
26 117 9220
146 5 9221
33 178 9222
28 154 9223
151 121 9224
163 62 9225
1 166 9226
58 133 9227
65 127 9228
15 47 9229
6 135 9230
106 10 9231
26 129 9232
65 61 9233
197 89 9234
45 177 9235
197 176 9236
30 89 9237
134 127 9238
199 95 9239
85 58 9240
143 144 9241
195 152 9242
79 33 9243
45 148 9244
194 121 9245
10 142 9246
62 171 9247
101 121 9248
144 63 9249
140 101 9250
70 149 9251
27 54 9252
76 135 9253
33 130 9254
3 199 9255
90 121 9256
89 84 9257
25 89 9258
111 52 9259
169 144 9260
191 4 9261
22 64 9262
138 144 9263
90 105 9264
143 65 9265
123 177 9266
48 108 9267
38 129 9268
157 51 9269
61 132 9270
134 167 9271
106 64 9272
200 141 9273
150 37 9274
18 86 9275
45 116 9276
8 73 9277
156 194 9278
83 71 9279
139 29 9280
3 9 9281
128 151 9282
137 61 9283
72 22 9284
119 152 9285
174 40 9286
29 36 9287
133 98 9288
62 127 9289
121 175 9290
198 171 9291
19 106 9292
16 97 9293
40 154 9294
4 49 9295
100 115 9296
194 178 9297
50 4 9298
14 22 9299
104 95 9300
147 70 9301
136 84 9302
13 109 9303
103 165 9304
131 77 9305
86 130 9306
132 156 9307
52 168 9308
149 79 9309
96 65 9310
171 73 9311
44 41 9312
25 132 9313
29 101 9314
192 65 9315
63 18 9316
5 175 9317
67 3 9318
181 148 9319
95 103 9320
103 100 9321
75 63 9322
74 142 9323
24 90 9324
178 37 9325
181 57 9326
147 195 9327
105 31 9328
79 13 9329
124 136 9330
190 17 9331
44 91 9332
162 50 9333
104 112 9334
98 2 9335
166 93 9336
13 166 9337
149 16 9338
94 193 9339
21 166 9340
35 119 9341
198 174 9342
72 56 9343
127 4 9344
105 174 9345
44 92 9346
160 115 9347
55 123 9348
70 75 9349
93 94 9350
24 128 9351
171 28 9352
195 22 9353
98 11 9354
117 185 9355
58 174 9356
192 13 9357
26 76 9358
112 51 9359
51 172 9360
125 83 9361
159 17 9362
92 66 9363
199 81 9364
108 72 9365
138 86 9366
191 54 9367
32 51 9368
87 3 9369
46 85 9370
8 92 9371
135 11 9372
174 97 9373
187 93 9374
177 178 9375
134 128 9376
65 146 9377
106 8 9378
28 9 9379
136 19 9380
186 125 9381
119 154 9382
170 188 9383
30 82 9384
49 133 9385
122 58 9386
50 59 9387
36 77 9388
134 172 9389
75 116 9390
19 71 9391
117 87 9392
156 38 9393
65 197 9394
28 47 9395
4 106 9396
85 183 9397
39 181 9398
34 142 9399
13 10 9400
58 180 9401
155 142 9402
51 126 9403
31 56 9404
125 96 9405
51 49 9406
120 184 9407
191 175 9408
132 103 9409
126 177 9410
55 32 9411
164 3 9412
16 80 9413
123 162 9414
193 103 9415
89 160 9416
139 178 9417
126 92 9418
48 177 9419
123 115 9420
60 89 9421
120 50 9422
100 67 9423
94 43 9424
158 115 9425
53 45 9426
168 53 9427
173 1 9428
89 144 9429
74 193 9430
9 48 9431
167 84 9432
127 126 9433
100 68 9434
159 1 9435
95 83 9436
197 174 9437
1 164 9438
116 14 9439
34 52 9440
69 2 9441
147 171 9442
61 147 9443
88 189 9444
91 27 9445
134 198 9446
93 33 9447
79 63 9448
198 186 9449
98 127 9450
133 120 9451
184 142 9452
106 165 9453
149 187 9454
167 143 9455
79 86 9456
126 67 9457
14 60 9458
82 190 9459
117 36 9460
69 8 9461
125 183 9462
164 56 9463
91 177 9464
95 12 9465
113 82 9466
192 86 9467
94 64 9468
16 194 9469
8 154 9470
92 75 9471
105 14 9472
81 43 9473
3 135 9474
44 53 9475
32 100 9476
115 9 9477
26 174 9478
136 74 9479
135 47 9480
26 114 9481
168 78 9482
173 100 9483
111 3 9484
158 18 9485
114 6 9486
96 54 9487
29 127 9488
70 8 9489
120 19 9490
11 67 9491
87 170 9492
147 128 9493
129 34 9494
9 149 9495
110 115 9496
77 124 9497
53 151 9498
22 173 9499
87 25 9500
166 108 9501
55 2 9502
93 96 9503
77 60 9504
24 30 9505
38 14 9506
185 21 9507
27 68 9508
118 13 9509
195 141 9510
45 25 9511
98 117 9512
111 14 9513
28 166 9514
158 160 9515
2 53 9516
82 115 9517
17 140 9518
116 122 9519
106 131 9520
148 62 9521
199 62 9522
51 91 9523
105 158 9524
70 57 9525
115 141 9526
85 159 9527
5 189 9528
161 140 9529
79 153 9530
39 55 9531
16 6 9532
2 57 9533
54 76 9534
176 24 9535
199 24 9536
200 49 9537
108 173 9538
123 132 9539
94 199 9540
138 62 9541
105 153 9542
10 123 9543
31 33 9544
41 10 9545
74 189 9546
111 172 9547
13 193 9548
55 3 9549
48 176 9550
172 96 9551
142 85 9552
16 54 9553
76 156 9554
122 199 9555
196 175 9556
85 62 9557
22 108 9558
93 100 9559
194 85 9560
34 199 9561
166 64 9562
33 56 9563
188 155 9564
114 21 9565
55 21 9566
5 123 9567
131 63 9568
173 106 9569
93 154 9570
152 25 9571
171 85 9572
180 7 9573
6 71 9574
163 173 9575
42 173 9576
160 107 9577
58 97 9578
82 16 9579
144 38 9580
91 100 9581
195 191 9582
179 6 9583
63 41 9584
135 39 9585
128 81 9586
149 121 9587
48 68 9588
68 129 9589
74 106 9590
165 5 9591
116 23 9592
92 93 9593
6 83 9594
28 11 9595
115 193 9596
67 102 9597
84 140 9598
76 45 9599
103 158 9600
