200 9400 9400
24 167 1
165 107 2
98 91 3
64 99 4
120 180 5
132 148 6
149 18 7
169 89 8
118 98 9
14 113 10
2 3 11
71 169 12
79 106 13
48 77 14
69 78 15
143 173 16
52 71 17
101 181 18
75 34 19
83 51 20
172 79 21
106 158 22
198 106 23
165 14 24
135 170 25
92 51 26
19 71 27
139 60 28
135 47 29
70 78 30
63 90 31
107 190 32
8 140 33
153 134 34
28 37 35
197 174 36
25 153 37
189 24 38
181 138 39
73 145 40
161 170 41
57 191 42
33 74 43
5 28 44
77 46 45
145 86 46
189 79 47
93 50 48
18 106 49
104 110 50
74 101 51
108 18 52
164 176 53
181 42 54
51 139 55
192 52 56
26 150 57
89 40 58
144 38 59
59 136 60
13 31 61
100 19 62
121 34 63
88 185 64
4 122 65
28 136 66
157 64 67
85 90 68
11 94 69
80 71 70
124 60 71
85 53 72
143 129 73
129 178 74
65 147 75
19 117 76
37 16 77
121 92 78
110 52 79
16 120 80
17 68 81
36 61 82
12 135 83
59 184 84
109 116 85
128 68 86
150 163 87
36 192 88
73 164 89
59 18 90
35 128 91
4 52 92
79 130 93
52 56 94
92 55 95
25 88 96
175 172 97
74 23 98
85 160 99
184 175 100
186 119 101
137 107 102
154 117 103
121 99 104
51 54 105
134 152 106
62 199 107
52 19 108
45 3 109
160 184 110
144 127 111
107 54 112
75 63 113
147 50 114
165 12 115
24 138 116
1 102 117
180 90 118
193 163 119
20 126 120
34 103 121
1 197 122
174 169 123
185 134 124
153 103 125
186 144 126
166 64 127
179 109 128
73 72 129
46 85 130
200 18 131
143 182 132
49 57 133
6 197 134
5 162 135
123 39 136
178 79 137
9 14 138
99 5 139
56 172 140
23 35 141
193 167 142
94 43 143
96 134 144
20 163 145
193 103 146
24 162 147
101 89 148
11 61 149
142 85 150
64 189 151
190 25 152
38 121 153
199 188 154
133 107 155
184 197 156
104 88 157
71 89 158
104 65 159
60 16 160
61 121 161
68 41 162
182 76 163
58 64 164
182 86 165
135 110 166
74 102 167
183 114 168
164 51 169
72 191 170
68 122 171
143 161 172
136 197 173
65 161 174
54 156 175
189 131 176
64 174 177
158 102 178
157 47 179
156 185 180
84 134 181
108 75 182
121 63 183
29 169 184
37 156 185
185 188 186
192 55 187
73 98 188
83 133 189
24 181 190
45 163 191
189 3 192
106 10 193
81 91 194
101 51 195
54 177 196
177 44 197
2 178 198
199 53 199
5 49 200
50 200 201
160 147 202
116 18 203
124 133 204
28 52 205
145 62 206
138 62 207
161 148 208
173 101 209
24 119 210
146 126 211
4 49 212
45 67 213
38 86 214
161 33 215
106 85 216
140 12 217
147 118 218
65 118 219
101 187 220
59 99 221
100 112 222
178 173 223
52 134 224
188 122 225
42 39 226
6 186 227
76 37 228
5 188 229
115 146 230
184 63 231
69 2 232
131 186 233
167 61 234
145 3 235
81 173 236
3 185 237
24 171 238
14 24 239
131 9 240
99 61 241
127 160 242
134 19 243
15 158 244
79 16 245
76 188 246
87 77 247
90 172 248
45 59 249
58 168 250
152 57 251
83 45 252
58 167 253
4 166 254
66 60 255
83 92 256
60 126 257
4 60 258
111 95 259
92 172 260
199 87 261
65 167 262
112 51 263
114 48 264
185 138 265
99 146 266
156 114 267
58 24 268
75 132 269
187 28 270
150 1 271
194 134 272
126 193 273
199 125 274
46 73 275
96 91 276
199 128 277
175 85 278
93 94 279
56 62 280
140 109 281
148 172 282
177 180 283
184 14 284
101 32 285
189 178 286
121 58 287
181 109 288
17 102 289
99 174 290
9 125 291
116 22 292
197 168 293
20 183 294
139 32 295
198 161 296
181 84 297
110 30 298
98 2 299
160 66 300
85 183 301
141 42 302
17 67 303
133 69 304
6 120 305
187 87 306
183 61 307
26 115 308
191 141 309
57 48 310
154 66 311
144 150 312
103 47 313
140 58 314
137 133 315
95 7 316
3 47 317
191 96 318
75 152 319
15 153 320
4 70 321
101 33 322
55 182 323
129 100 324
148 154 325
79 198 326
199 4 327
160 46 328
127 67 329
20 41 330
101 63 331
171 132 332
41 62 333
29 195 334
42 103 335
162 33 336
94 129 337
168 173 338
99 7 339
57 163 340
146 14 341
131 63 342
156 163 343
6 2 344
53 157 345
167 17 346
27 97 347
21 10 348
152 127 349
121 69 350
183 129 351
16 74 352
128 34 353
123 19 354
158 25 355
91 84 356
188 162 357
186 129 358
78 33 359
72 130 360
65 156 361
67 194 362
18 152 363
175 139 364
75 18 365
2 171 366
20 39 367
194 73 368
114 69 369
100 89 370
87 98 371
195 63 372
193 160 373
149 111 374
40 90 375
72 170 376
34 148 377
40 111 378
148 12 379
119 16 380
148 8 381
79 85 382
59 177 383
71 120 384
130 112 385
120 167 386
42 11 387
153 77 388
25 60 389
73 167 390
186 185 391
172 162 392
128 108 393
48 196 394
19 144 395
75 20 396
80 130 397
102 68 398
56 177 399
145 189 400
70 77 401
189 197 402
157 184 403
41 22 404
199 166 405
64 30 406
21 166 407
99 34 408
140 65 409
136 152 410
53 191 411
147 103 412
36 169 413
158 4 414
103 46 415
190 66 416
27 170 417
50 29 418
12 93 419
122 186 420
174 153 421
92 62 422
9 184 423
139 4 424
123 112 425
134 156 426
80 183 427
88 7 428
176 18 429
152 58 430
184 153 431
117 162 432
14 17 433
37 134 434
136 104 435
66 13 436
53 181 437
89 174 438
154 100 439
128 27 440
125 97 441
160 67 442
59 196 443
112 120 444
27 129 445
78 154 446
45 123 447
114 39 448
196 37 449
18 190 450
91 80 451
20 121 452
146 4 453
19 89 454
116 34 455
86 7 456
158 88 457
148 197 458
121 164 459
200 128 460
185 121 461
122 17 462
51 86 463
48 55 464
17 115 465
197 77 466
128 123 467
68 29 468
58 183 469
51 118 470
45 82 471
9 123 472
92 161 473
119 11 474
126 132 475
151 125 476
195 89 477
102 185 478
154 198 479
164 53 480
24 15 481
135 2 482
152 25 483
47 173 484
124 169 485
132 93 486
67 29 487
166 79 488
89 47 489
180 148 490
55 31 491
7 102 492
23 183 493
107 185 494
172 99 495
136 54 496
149 48 497
126 187 498
101 87 499
36 33 500
70 190 501
189 184 502
59 113 503
137 30 504
33 108 505
56 176 506
176 15 507
155 53 508
71 168 509
20 191 510
195 53 511
135 195 512
52 97 513
164 101 514
78 190 515
121 25 516
53 101 517
113 27 518
8 165 519
73 13 520
135 153 521
119 29 522
129 24 523
144 39 524
82 16 525
114 196 526
124 22 527
61 151 528
57 100 529
175 100 530
86 5 531
41 19 532
198 83 533
128 191 534
120 26 535
167 130 536
72 40 537
12 24 538
199 118 539
156 5 540
12 66 541
74 104 542
74 189 543
44 32 544
126 194 545
42 112 546
117 146 547
43 67 548
61 41 549
33 141 550
28 98 551
188 132 552
129 7 553
6 136 554
183 59 555
32 167 556
65 61 557
105 70 558
178 18 559
161 135 560
78 177 561
113 8 562
152 149 563
180 199 564
50 119 565
102 136 566
135 28 567
54 135 568
32 20 569
108 148 570
96 80 571
181 196 572
30 98 573
131 167 574
103 167 575
31 150 576
10 116 577
60 145 578
71 196 579
4 159 580
57 139 581
199 134 582
56 12 583
67 92 584
119 101 585
177 5 586
98 107 587
145 57 588
107 96 589
173 44 590
18 7 591
164 56 592
45 44 593
13 193 594
16 113 595
130 69 596
171 149 597
131 25 598
26 104 599
104 48 600
188 60 601
85 45 602
77 119 603
125 61 604
74 193 605
134 172 606
76 8 607
82 66 608
101 105 609
171 73 610
144 115 611
73 143 612
46 27 613
52 32 614
6 121 615
148 128 616
87 186 617
165 128 618
127 149 619
93 148 620
122 170 621
178 8 622
166 173 623
141 120 624
152 181 625
34 68 626
200 176 627
145 161 628
4 112 629
52 125 630
13 109 631
46 111 632
32 22 633
146 150 634
38 151 635
55 101 636
44 149 637
94 71 638
79 97 639
98 68 640
116 101 641
62 175 642
19 101 643
91 183 644
95 154 645
104 156 646
16 129 647
98 51 648
83 28 649
186 101 650
178 83 651
127 102 652
114 122 653
185 67 654
2 145 655
121 52 656
158 63 657
104 90 658
71 25 659
133 4 660
50 10 661
10 39 662
54 14 663
161 55 664
140 13 665
183 142 666
192 190 667
178 29 668
94 143 669
109 171 670
193 25 671
147 150 672
156 73 673
192 25 674
25 114 675
38 161 676
141 29 677
75 125 678
99 106 679
161 192 680
56 163 681
189 90 682
7 89 683
22 81 684
141 198 685
181 144 686
199 190 687
151 5 688
151 198 689
45 107 690
43 110 691
39 24 692
86 74 693
96 158 694
172 123 695
175 117 696
111 72 697
85 132 698
110 70 699
75 97 700
179 169 701
153 132 702
97 74 703
115 104 704
63 11 705
189 86 706
88 157 707
103 151 708
190 67 709
9 168 710
15 25 711
148 43 712
162 61 713
14 147 714
96 75 715
124 61 716
139 102 717
187 53 718
106 67 719
132 111 720
133 61 721
159 135 722
130 68 723
62 20 724
146 173 725
93 87 726
140 175 727
8 179 728
198 4 729
12 166 730
5 126 731
123 148 732
48 146 733
86 19 734
164 160 735
139 73 736
165 73 737
42 18 738
127 187 739
80 32 740
139 66 741
123 131 742
118 67 743
56 47 744
188 81 745
96 79 746
54 181 747
152 104 748
185 30 749
6 97 750
167 3 751
152 71 752
189 69 753
7 163 754
184 84 755
167 26 756
167 192 757
176 134 758
25 197 759
74 30 760
195 72 761
94 175 762
27 147 763
22 179 764
179 187 765
157 50 766
74 165 767
48 85 768
125 110 769
140 33 770
155 70 771
114 155 772
102 191 773
126 98 774
62 19 775
87 60 776
159 47 777
16 22 778
90 45 779
44 92 780
68 64 781
51 137 782
59 171 783
120 158 784
145 197 785
46 81 786
52 22 787
170 127 788
113 63 789
162 185 790
62 105 791
148 62 792
76 14 793
14 188 794
122 112 795
17 43 796
54 167 797
28 27 798
172 16 799
7 185 800
2 127 801
125 87 802
85 159 803
38 185 804
34 92 805
133 191 806
63 188 807
139 178 808
163 25 809
21 9 810
49 93 811
70 75 812
52 81 813
26 143 814
160 148 815
93 152 816
15 196 817
140 105 818
40 34 819
196 77 820
130 54 821
36 37 822
71 133 823
118 133 824
171 19 825
80 112 826
88 57 827
139 12 828
69 82 829
43 60 830
110 5 831
198 115 832
146 120 833
194 144 834
126 43 835
199 68 836
28 133 837
22 68 838
175 78 839
196 164 840
100 43 841
164 2 842
42 194 843
188 64 844
118 156 845
113 121 846
76 118 847
17 49 848
113 138 849
55 117 850
94 199 851
109 124 852
17 53 853
86 131 854
55 183 855
80 109 856
137 179 857
15 169 858
62 124 859
162 156 860
188 142 861
104 59 862
107 116 863
49 55 864
64 171 865
137 125 866
125 53 867
26 137 868
175 19 869
86 88 870
50 154 871
39 117 872
18 113 873
30 96 874
55 98 875
93 170 876
165 108 877
97 11 878
29 4 879
68 149 880
125 144 881
33 100 882
21 125 883
130 175 884
132 156 885
172 12 886
52 177 887
39 174 888
73 129 889
185 115 890
33 23 891
125 26 892
137 45 893
195 191 894
115 128 895
156 142 896
13 170 897
189 158 898
160 43 899
83 79 900
30 81 901
74 142 902
41 123 903
149 103 904
176 96 905
134 189 906
125 156 907
110 196 908
178 113 909
95 71 910
165 80 911
18 112 912
126 157 913
53 141 914
30 9 915
141 106 916
106 147 917
191 71 918
127 21 919
141 192 920
165 56 921
58 78 922
141 140 923
116 1 924
175 67 925
119 124 926
98 119 927
157 60 928
107 11 929
63 180 930
19 44 931
90 135 932
57 114 933
55 129 934
110 140 935
196 161 936
55 63 937
3 135 938
48 49 939
41 158 940
159 60 941
152 113 942
40 102 943
153 83 944
84 188 945
64 129 946
92 168 947
130 8 948
41 149 949
7 155 950
109 75 951
33 137 952
185 196 953
64 108 954
75 102 955
163 91 956
136 37 957
16 35 958
22 2 959
24 159 960
3 14 961
149 177 962
82 148 963
185 22 964
159 40 965
83 117 966
76 132 967
16 63 968
178 25 969
59 68 970
72 103 971
69 199 972
3 184 973
28 75 974
118 37 975
72 64 976
192 159 977
174 1 978
89 73 979
62 43 980
106 15 981
194 1 982
143 194 983
14 84 984
135 34 985
127 106 986
94 200 987
184 56 988
107 69 989
124 167 990
7 87 991
107 170 992
115 62 993
200 171 994
185 144 995
102 175 996
71 112 997
117 111 998
52 119 999
16 101 1000
27 101 1001
61 84 1002
127 4 1003
121 102 1004
11 149 1005
4 106 1006
77 67 1007
30 160 1008
70 181 1009
36 85 1010
47 125 1011
49 118 1012
153 20 1013
143 155 1014
174 181 1015
10 174 1016
167 25 1017
39 7 1018
115 99 1019
78 188 1020
172 57 1021
116 173 1022
63 14 1023
99 56 1024
72 24 1025
136 31 1026
45 4 1027
10 188 1028
129 147 1029
89 82 1030
191 70 1031
11 140 1032
196 18 1033
124 111 1034
168 187 1035
114 185 1036
122 105 1037
12 49 1038
73 163 1039
39 46 1040
18 141 1041
44 151 1042
67 181 1043
124 91 1044
167 143 1045
41 10 1046
159 32 1047
198 89 1048
181 119 1049
27 8 1050
83 39 1051
39 75 1052
36 179 1053
81 123 1054
147 166 1055
157 77 1056
196 28 1057
187 11 1058
188 192 1059
179 200 1060
103 127 1061
161 67 1062
63 172 1063
182 2 1064
45 185 1065
77 104 1066
125 142 1067
156 55 1068
161 18 1069
37 7 1070
200 185 1071
73 150 1072
137 109 1073
17 144 1074
168 46 1075
128 31 1076
181 168 1077
74 56 1078
127 108 1079
177 178 1080
55 144 1081
200 45 1082
113 191 1083
69 200 1084
200 183 1085
149 83 1086
106 131 1087
84 135 1088
103 32 1089
70 118 1090
17 191 1091
183 146 1092
184 22 1093
83 1 1094
5 136 1095
113 160 1096
38 29 1097
118 178 1098
91 43 1099
40 98 1100
187 171 1101
103 69 1102
86 175 1103
79 33 1104
129 108 1105
87 54 1106
165 198 1107
133 59 1108
10 25 1109
160 71 1110
140 3 1111
4 11 1112
46 110 1113
163 159 1114
27 54 1115
89 116 1116
125 134 1117
173 181 1118
59 73 1119
114 83 1120
116 171 1121
25 19 1122
175 147 1123
85 71 1124
150 3 1125
186 98 1126
189 125 1127
90 121 1128
80 154 1129
21 153 1130
150 175 1131
115 195 1132
195 79 1133
2 85 1134
48 75 1135
48 168 1136
32 140 1137
46 36 1138
105 128 1139
200 142 1140
25 118 1141
107 147 1142
151 122 1143
114 76 1144
97 4 1145
30 104 1146
9 142 1147
8 124 1148
64 61 1149
34 107 1150
93 42 1151
128 163 1152
4 78 1153
120 152 1154
9 23 1155
114 29 1156
110 115 1157
15 10 1158
180 84 1159
192 96 1160
197 187 1161
133 67 1162
16 76 1163
117 101 1164
67 12 1165
39 69 1166
70 50 1167
91 71 1168
75 156 1169
72 189 1170
198 11 1171
80 14 1172
53 152 1173
151 107 1174
90 74 1175
17 173 1176
5 54 1177
187 73 1178
169 6 1179
92 74 1180
190 185 1181
17 50 1182
180 151 1183
59 170 1184
128 69 1185
182 58 1186
197 85 1187
139 190 1188
195 22 1189
104 113 1190
91 100 1191
186 58 1192
96 36 1193
35 26 1194
62 127 1195
50 84 1196
13 189 1197
178 48 1198
162 138 1199
170 137 1200
145 138 1201
85 149 1202
177 4 1203
62 190 1204
5 73 1205
61 147 1206
87 171 1207
97 161 1208
67 13 1209
172 46 1210
30 136 1211
163 125 1212
131 105 1213
162 191 1214
150 2 1215
145 150 1216
196 88 1217
158 99 1218
181 116 1219
38 129 1220
83 166 1221
187 199 1222
156 102 1223
170 124 1224
198 68 1225
40 76 1226
170 6 1227
16 98 1228
35 158 1229
69 118 1230
159 90 1231
105 156 1232
42 67 1233
182 165 1234
137 128 1235
107 75 1236
71 29 1237
45 65 1238
158 26 1239
143 65 1240
50 6 1241
86 92 1242
50 115 1243
59 131 1244
33 183 1245
113 133 1246
84 29 1247
31 117 1248
54 10 1249
176 42 1250
52 55 1251
125 29 1252
146 21 1253
137 158 1254
102 38 1255
110 195 1256
154 164 1257
171 175 1258
80 164 1259
144 82 1260
178 37 1261
200 110 1262
26 82 1263
119 110 1264
105 84 1265
200 182 1266
75 106 1267
103 57 1268
170 143 1269
29 28 1270
67 130 1271
160 154 1272
95 21 1273
99 62 1274
174 122 1275
171 152 1276
196 194 1277
132 150 1278
62 197 1279
169 17 1280
25 108 1281
151 37 1282
147 90 1283
187 102 1284
141 171 1285
91 9 1286
113 144 1287
129 28 1288
160 37 1289
91 107 1290
105 117 1291
28 79 1292
158 165 1293
61 168 1294
28 17 1295
39 45 1296
141 125 1297
36 70 1298
142 95 1299
3 41 1300
138 153 1301
158 83 1302
138 197 1303
200 41 1304
193 131 1305
136 73 1306
28 169 1307
158 93 1308
150 25 1309
186 36 1310
108 178 1311
33 45 1312
23 72 1313
132 3 1314
192 189 1315
99 6 1316
20 141 1317
26 61 1318
131 11 1319
166 29 1320
156 40 1321
196 34 1322
200 124 1323
150 13 1324
132 140 1325
82 54 1326
48 192 1327
42 148 1328
148 23 1329
108 176 1330
171 13 1331
12 105 1332
157 16 1333
99 114 1334
104 83 1335
116 78 1336
48 137 1337
100 182 1338
111 156 1339
99 167 1340
191 89 1341
107 99 1342
69 157 1343
182 179 1344
167 182 1345
37 194 1346
194 31 1347
92 185 1348
93 137 1349
29 124 1350
70 90 1351
154 181 1352
79 92 1353
42 137 1354
115 131 1355
92 39 1356
70 83 1357
47 193 1358
134 167 1359
4 17 1360
183 149 1361
4 104 1362
27 118 1363
13 89 1364
6 7 1365
121 30 1366
184 192 1367
163 88 1368
1 151 1369
30 200 1370
118 123 1371
144 146 1372
127 116 1373
110 138 1374
18 118 1375
77 89 1376
136 169 1377
66 145 1378
112 95 1379
83 109 1380
35 86 1381
34 14 1382
17 118 1383
47 167 1384
129 72 1385
198 82 1386
82 181 1387
44 71 1388
114 71 1389
150 177 1390
78 81 1391
190 31 1392
72 10 1393
23 68 1394
152 64 1395
177 128 1396
12 143 1397
148 146 1398
45 121 1399
169 199 1400
37 131 1401
79 159 1402
89 200 1403
6 83 1404
177 97 1405
173 177 1406
121 156 1407
38 118 1408
180 193 1409
94 126 1410
101 130 1411
166 124 1412
65 155 1413
82 7 1414
109 69 1415
3 4 1416
178 61 1417
180 15 1418
66 192 1419
90 197 1420
160 25 1421
130 156 1422
37 161 1423
70 33 1424
124 32 1425
179 100 1426
130 97 1427
97 163 1428
172 139 1429
40 3 1430
83 132 1431
124 5 1432
81 23 1433
97 162 1434
126 47 1435
191 68 1436
103 101 1437
118 97 1438
28 25 1439
78 37 1440
184 92 1441
22 56 1442
162 152 1443
184 66 1444
199 75 1445
123 6 1446
36 39 1447
106 126 1448
128 61 1449
29 18 1450
41 145 1451
28 63 1452
44 133 1453
48 84 1454
140 46 1455
107 183 1456
136 82 1457
79 42 1458
30 57 1459
87 85 1460
43 184 1461
8 41 1462
108 40 1463
53 140 1464
21 2 1465
22 188 1466
174 49 1467
75 131 1468
199 31 1469
106 111 1470
75 51 1471
199 33 1472
112 28 1473
197 95 1474
8 54 1475
65 165 1476
103 21 1477
14 159 1478
64 149 1479
129 135 1480
148 102 1481
180 122 1482
198 55 1483
18 8 1484
159 147 1485
48 169 1486
125 130 1487
105 29 1488
82 44 1489
83 171 1490
28 74 1491
80 84 1492
71 90 1493
77 83 1494
105 24 1495
173 104 1496
139 150 1497
124 54 1498
168 45 1499
87 165 1500
169 92 1501
167 174 1502
78 163 1503
135 63 1504
167 199 1505
166 114 1506
132 49 1507
125 170 1508
94 50 1509
2 188 1510
35 187 1511
98 103 1512
40 198 1513
91 35 1514
73 134 1515
178 196 1516
165 67 1517
6 66 1518
48 7 1519
193 130 1520
168 36 1521
192 100 1522
87 126 1523
193 116 1524
139 69 1525
48 130 1526
7 61 1527
13 108 1528
197 45 1529
100 144 1530
23 63 1531
32 17 1532
195 188 1533
138 16 1534
64 179 1535
13 74 1536
117 70 1537
153 182 1538
161 23 1539
174 178 1540
61 100 1541
114 75 1542
147 131 1543
88 181 1544
134 50 1545
155 24 1546
21 88 1547
100 78 1548
106 140 1549
13 149 1550
82 121 1551
110 89 1552
55 189 1553
118 54 1554
70 59 1555
78 114 1556
73 51 1557
200 105 1558
105 10 1559
170 18 1560
101 126 1561
60 175 1562
166 111 1563
111 143 1564
43 168 1565
64 15 1566
198 174 1567
133 88 1568
80 39 1569
149 158 1570
150 114 1571
32 61 1572
142 170 1573
21 167 1574
121 66 1575
194 12 1576
171 160 1577
7 146 1578
28 199 1579
58 98 1580
119 96 1581
149 178 1582
23 70 1583
170 178 1584
91 148 1585
60 107 1586
15 161 1587
29 63 1588
105 193 1589
81 115 1590
6 29 1591
179 46 1592
80 174 1593
31 17 1594
109 3 1595
10 123 1596
145 51 1597
106 12 1598
64 105 1599
144 69 1600
152 56 1601
44 164 1602
27 142 1603
79 108 1604
33 181 1605
72 3 1606
1 46 1607
155 200 1608
32 7 1609
72 150 1610
123 141 1611
190 97 1612
95 20 1613
86 143 1614
199 6 1615
162 120 1616
188 38 1617
87 89 1618
174 48 1619
102 165 1620
179 59 1621
35 119 1622
172 185 1623
31 147 1624
166 76 1625
24 29 1626
78 72 1627
131 39 1628
124 4 1629
193 28 1630
149 60 1631
44 53 1632
89 120 1633
68 194 1634
125 48 1635
93 128 1636
152 76 1637
29 36 1638
1 154 1639
149 15 1640
177 62 1641
93 82 1642
58 37 1643
38 93 1644
87 14 1645
128 32 1646
5 189 1647
170 171 1648
27 40 1649
198 135 1650
76 56 1651
105 174 1652
38 159 1653
136 88 1654
53 68 1655
35 7 1656
197 169 1657
48 102 1658
197 140 1659
134 39 1660
100 187 1661
144 182 1662
48 53 1663
86 159 1664
41 40 1665
180 89 1666
157 153 1667
28 149 1668
103 29 1669
168 98 1670
190 53 1671
27 72 1672
101 107 1673
193 175 1674
78 18 1675
99 52 1676
40 149 1677
174 190 1678
14 148 1679
41 82 1680
143 20 1681
119 15 1682
75 2 1683
126 197 1684
88 67 1685
33 177 1686
25 116 1687
114 1 1688
110 188 1689
77 192 1690
84 56 1691
8 144 1692
81 192 1693
159 154 1694
65 127 1695
102 63 1696
179 122 1697
135 108 1698
174 4 1699
59 64 1700
188 106 1701
116 70 1702
170 106 1703
111 21 1704
99 132 1705
183 118 1706
169 154 1707
60 81 1708
167 129 1709
79 109 1710
11 10 1711
160 137 1712
200 118 1713
71 42 1714
34 91 1715
97 119 1716
134 27 1717
48 96 1718
29 165 1719
192 122 1720
50 183 1721
118 122 1722
141 40 1723
76 124 1724
141 185 1725
63 117 1726
170 37 1727
6 180 1728
163 70 1729
186 68 1730
58 116 1731
18 102 1732
94 167 1733
53 28 1734
52 173 1735
44 23 1736
70 76 1737
162 144 1738
197 99 1739
143 179 1740
86 174 1741
99 193 1742
13 12 1743
9 95 1744
44 56 1745
73 7 1746
41 79 1747
175 120 1748
1 180 1749
64 81 1750
36 100 1751
151 141 1752
19 197 1753
174 161 1754
118 113 1755
85 176 1756
112 168 1757
107 169 1758
5 109 1759
89 193 1760
190 191 1761
24 183 1762
118 95 1763
171 139 1764
34 185 1765
41 105 1766
124 141 1767
165 16 1768
178 49 1769
120 169 1770
44 144 1771
186 177 1772
55 140 1773
161 130 1774
185 103 1775
192 13 1776
162 165 1777
57 123 1778
47 14 1779
15 63 1780
164 34 1781
150 154 1782
173 3 1783
91 198 1784
194 85 1785
51 11 1786
112 36 1787
152 157 1788
113 26 1789
140 24 1790
32 100 1791
192 59 1792
56 61 1793
186 147 1794
117 34 1795
130 166 1796
184 178 1797
43 93 1798
37 29 1799
57 127 1800
9 15 1801
165 58 1802
1 94 1803
145 107 1804
78 65 1805
66 85 1806
47 79 1807
7 191 1808
116 146 1809
130 95 1810
16 13 1811
150 90 1812
13 78 1813
105 96 1814
108 166 1815
44 187 1816
175 92 1817
73 166 1818
15 94 1819
87 8 1820
23 187 1821
64 181 1822
22 74 1823
52 92 1824
81 127 1825
70 149 1826
156 66 1827
13 70 1828
170 121 1829
99 186 1830
83 50 1831
87 163 1832
104 100 1833
95 121 1834
28 47 1835
65 169 1836
113 86 1837
96 2 1838
96 57 1839
62 198 1840
39 186 1841
48 31 1842
142 107 1843
14 69 1844
52 164 1845
103 100 1846
1 135 1847
68 8 1848
135 194 1849
28 45 1850
49 35 1851
31 98 1852
126 161 1853
72 18 1854
5 127 1855
133 90 1856
70 44 1857
105 80 1858
137 196 1859
22 168 1860
54 100 1861
10 142 1862
5 34 1863
140 77 1864
141 10 1865
186 128 1866
122 21 1867
153 158 1868
198 21 1869
120 21 1870
31 6 1871
139 179 1872
101 45 1873
62 25 1874
123 106 1875
177 141 1876
32 164 1877
102 135 1878
171 97 1879
137 106 1880
156 52 1881
36 101 1882
20 64 1883
4 167 1884
22 94 1885
173 65 1886
137 91 1887
20 181 1888
10 89 1889
146 185 1890
2 28 1891
16 50 1892
27 35 1893
18 55 1894
32 18 1895
7 130 1896
191 24 1897
43 32 1898
86 26 1899
127 172 1900
64 119 1901
125 176 1902
72 167 1903
175 38 1904
5 97 1905
26 25 1906
30 89 1907
161 88 1908
170 69 1909
32 47 1910
13 58 1911
1 168 1912
99 130 1913
49 47 1914
92 47 1915
149 12 1916
79 99 1917
65 136 1918
112 29 1919
125 183 1920
140 167 1921
194 33 1922
94 32 1923
197 182 1924
33 145 1925
164 194 1926
29 39 1927
127 195 1928
177 132 1929
176 180 1930
173 5 1931
61 132 1932
102 28 1933
172 85 1934
106 134 1935
133 185 1936
107 84 1937
72 54 1938
48 108 1939
187 173 1940
12 130 1941
136 138 1942
188 182 1943
192 78 1944
155 73 1945
157 178 1946
167 6 1947
196 23 1948
71 100 1949
172 102 1950
26 84 1951
55 106 1952
30 164 1953
12 72 1954
88 154 1955
13 10 1956
196 1 1957
76 181 1958
19 67 1959
46 105 1960
184 118 1961
63 120 1962
84 1 1963
152 35 1964
85 128 1965
183 132 1966
138 2 1967
59 1 1968
178 88 1969
27 148 1970
12 51 1971
159 126 1972
195 18 1973
60 10 1974
162 93 1975
127 48 1976
48 197 1977
178 109 1978
27 95 1979
88 46 1980
169 176 1981
167 85 1982
179 186 1983
51 149 1984
41 152 1985
91 165 1986
89 48 1987
64 89 1988
138 100 1989
44 90 1990
76 80 1991
27 155 1992
121 51 1993
26 93 1994
15 65 1995
75 100 1996
183 100 1997
183 187 1998
32 51 1999
123 30 2000
49 72 2001
59 128 2002
162 108 2003
101 91 2004
38 176 2005
157 100 2006
174 32 2007
190 68 2008
86 60 2009
167 176 2010
183 52 2011
28 22 2012
179 6 2013
123 127 2014
189 183 2015
31 14 2016
29 137 2017
76 156 2018
81 1 2019
80 3 2020
7 128 2021
27 71 2022
155 176 2023
79 74 2024
176 4 2025
194 35 2026
180 74 2027
112 32 2028
93 181 2029
131 22 2030
117 77 2031
54 95 2032
150 37 2033
170 199 2034
67 195 2035
40 20 2036
182 30 2037
9 72 2038
162 51 2039
86 30 2040
34 143 2041
29 17 2042
59 89 2043
155 44 2044
23 34 2045
74 1 2046
22 43 2047
96 56 2048
106 105 2049
150 7 2050
36 69 2051
138 15 2052
120 182 2053
157 193 2054
48 109 2055
101 177 2056
146 184 2057
108 123 2058
21 159 2059
49 149 2060
88 92 2061
176 10 2062
134 36 2063
102 198 2064
186 173 2065
199 104 2066
171 61 2067
124 158 2068
11 170 2069
167 38 2070
193 84 2071
168 97 2072
69 72 2073
70 41 2074
144 97 2075
40 153 2076
71 81 2077
70 57 2078
151 24 2079
196 120 2080
134 69 2081
198 108 2082
67 38 2083
111 129 2084
138 180 2085
193 71 2086
33 138 2087
63 84 2088
98 62 2089
75 40 2090
64 98 2091
13 128 2092
115 196 2093
186 38 2094
17 60 2095
193 155 2096
130 147 2097
54 26 2098
3 56 2099
183 177 2100
79 114 2101
23 49 2102
58 86 2103
80 176 2104
5 50 2105
88 101 2106
61 148 2107
10 184 2108
77 176 2109
16 159 2110
57 149 2111
126 170 2112
105 19 2113
132 45 2114
178 191 2115
190 12 2116
185 173 2117
84 3 2118
69 12 2119
177 200 2120
163 14 2121
183 96 2122
32 12 2123
97 21 2124
53 151 2125
95 28 2126
139 3 2127
28 124 2128
195 40 2129
46 97 2130
104 34 2131
85 122 2132
183 173 2133
134 122 2134
113 199 2135
5 166 2136
168 144 2137
153 133 2138
196 125 2139
151 117 2140
45 78 2141
34 52 2142
180 188 2143
17 58 2144
124 188 2145
27 2 2146
94 31 2147
58 63 2148
37 108 2149
13 60 2150
88 187 2151
54 134 2152
41 15 2153
70 67 2154
138 146 2155
82 190 2156
110 12 2157
104 72 2158
124 49 2159
32 86 2160
162 10 2161
153 30 2162
33 156 2163
96 95 2164
184 165 2165
171 65 2166
127 101 2167
136 38 2168
158 22 2169
152 66 2170
5 92 2171
115 107 2172
186 63 2173
197 5 2174
71 192 2175
50 158 2176
193 97 2177
112 89 2178
159 1 2179
154 136 2180
62 47 2181
69 81 2182
27 112 2183
65 131 2184
140 163 2185
175 113 2186
146 35 2187
170 175 2188
121 98 2189
21 16 2190
95 138 2191
84 16 2192
136 185 2193
94 168 2194
199 61 2195
170 33 2196
176 31 2197
96 114 2198
14 189 2199
123 163 2200
9 134 2201
140 75 2202
172 186 2203
186 171 2204
136 66 2205
155 60 2206
106 117 2207
134 66 2208
89 34 2209
109 32 2210
150 194 2211
198 146 2212
186 176 2213
57 18 2214
14 49 2215
191 198 2216
48 44 2217
91 115 2218
107 117 2219
95 125 2220
178 92 2221
83 37 2222
41 28 2223
74 163 2224
45 125 2225
116 35 2226
117 67 2227
48 185 2228
66 40 2229
40 7 2230
95 35 2231
29 74 2232
90 163 2233
92 12 2234
98 79 2235
65 189 2236
102 58 2237
24 118 2238
43 111 2239
53 159 2240
115 20 2241
187 166 2242
142 39 2243
167 191 2244
82 108 2245
59 157 2246
22 63 2247
198 90 2248
160 152 2249
143 131 2250
12 142 2251
18 85 2252
98 136 2253
199 150 2254
15 115 2255
172 157 2256
168 111 2257
108 59 2258
61 15 2259
101 6 2260
158 191 2261
18 9 2262
170 129 2263
90 110 2264
134 197 2265
136 49 2266
190 14 2267
187 111 2268
69 182 2269
22 172 2270
172 126 2271
149 43 2272
139 197 2273
143 165 2274
65 40 2275
192 152 2276
22 84 2277
49 186 2278
19 38 2279
13 52 2280
172 4 2281
44 31 2282
151 39 2283
58 82 2284
126 67 2285
183 63 2286
94 135 2287
67 113 2288
170 98 2289
169 43 2290
55 32 2291
188 32 2292
116 54 2293
45 27 2294
74 6 2295
40 62 2296
191 88 2297
2 65 2298
111 38 2299
173 198 2300
86 188 2301
33 72 2302
153 185 2303
59 125 2304
195 169 2305
102 69 2306
152 180 2307
118 75 2308
138 175 2309
24 125 2310
1 45 2311
138 13 2312
193 95 2313
96 62 2314
35 140 2315
157 96 2316
57 22 2317
25 64 2318
160 48 2319
141 46 2320
85 17 2321
195 9 2322
177 20 2323
197 16 2324
196 183 2325
69 187 2326
156 38 2327
125 172 2328
90 155 2329
30 122 2330
180 158 2331
117 72 2332
102 81 2333
26 181 2334
115 59 2335
30 72 2336
80 111 2337
151 145 2338
61 164 2339
74 75 2340
103 105 2341
146 10 2342
8 61 2343
60 120 2344
52 51 2345
97 40 2346
18 123 2347
194 186 2348
78 94 2349
122 62 2350
184 117 2351
195 43 2352
143 139 2353
10 192 2354
59 31 2355
173 21 2356
194 64 2357
3 120 2358
103 140 2359
17 30 2360
190 138 2361
35 47 2362
28 12 2363
88 166 2364
116 161 2365
176 151 2366
156 9 2367
167 132 2368
12 43 2369
107 200 2370
8 111 2371
62 18 2372
6 22 2373
37 189 2374
56 24 2375
188 89 2376
70 81 2377
6 62 2378
86 97 2379
20 76 2380
32 195 2381
139 21 2382
147 149 2383
80 192 2384
3 86 2385
112 198 2386
143 160 2387
8 154 2388
95 144 2389
187 92 2390
148 24 2391
150 58 2392
158 143 2393
170 117 2394
80 19 2395
195 167 2396
19 186 2397
28 166 2398
168 44 2399
38 46 2400
20 46 2401
28 107 2402
134 49 2403
172 138 2404
166 2 2405
113 187 2406
78 57 2407
52 90 2408
54 120 2409
43 77 2410
139 194 2411
132 88 2412
115 55 2413
48 110 2414
140 177 2415
2 32 2416
135 175 2417
61 43 2418
78 50 2419
145 76 2420
106 32 2421
89 11 2422
22 129 2423
50 153 2424
171 150 2425
87 43 2426
3 160 2427
62 42 2428
74 130 2429
181 129 2430
101 183 2431
153 183 2432
43 166 2433
163 176 2434
29 91 2435
6 171 2436
72 182 2437
35 127 2438
4 189 2439
181 178 2440
56 102 2441
123 177 2442
140 7 2443
57 196 2444
99 26 2445
119 190 2446
56 200 2447
180 83 2448
30 79 2449
103 107 2450
74 141 2451
89 115 2452
98 13 2453
21 1 2454
167 105 2455
137 117 2456
56 140 2457
67 145 2458
110 136 2459
71 154 2460
1 163 2461
44 180 2462
180 135 2463
44 135 2464
4 86 2465
58 70 2466
118 168 2467
69 120 2468
194 185 2469
158 60 2470
22 148 2471
33 5 2472
82 142 2473
89 182 2474
200 199 2475
170 136 2476
69 147 2477
88 44 2478
131 44 2479
190 32 2480
17 95 2481
115 37 2482
170 185 2483
149 106 2484
185 5 2485
85 23 2486
58 73 2487
60 90 2488
59 143 2489
24 95 2490
75 6 2491
82 114 2492
70 97 2493
83 184 2494
142 182 2495
24 172 2496
69 169 2497
108 145 2498
81 43 2499
39 139 2500
187 191 2501
99 162 2502
44 154 2503
40 46 2504
61 28 2505
100 44 2506
61 51 2507
18 40 2508
125 116 2509
48 154 2510
145 22 2511
165 54 2512
97 49 2513
175 75 2514
134 95 2515
155 182 2516
142 90 2517
1 96 2518
60 128 2519
53 142 2520
156 128 2521
52 179 2522
199 98 2523
177 76 2524
64 28 2525
27 102 2526
111 50 2527
132 35 2528
164 107 2529
129 49 2530
47 52 2531
45 60 2532
61 122 2533
97 63 2534
118 4 2535
56 9 2536
193 190 2537
96 100 2538
22 173 2539
113 28 2540
111 195 2541
44 137 2542
187 112 2543
159 78 2544
86 36 2545
12 159 2546
156 10 2547
31 10 2548
194 22 2549
28 111 2550
185 35 2551
10 150 2552
174 158 2553
71 20 2554
168 7 2555
38 181 2556
145 141 2557
31 114 2558
173 18 2559
116 65 2560
129 166 2561
24 99 2562
95 129 2563
122 156 2564
141 178 2565
136 128 2566
74 168 2567
58 32 2568
177 134 2569
68 108 2570
148 32 2571
174 110 2572
57 111 2573
119 57 2574
16 72 2575
138 167 2576
10 173 2577
32 71 2578
137 10 2579
36 60 2580
155 178 2581
176 11 2582
106 7 2583
129 14 2584
97 2 2585
189 2 2586
74 36 2587
199 151 2588
33 91 2589
116 128 2590
60 14 2591
180 52 2592
41 130 2593
35 149 2594
160 74 2595
65 148 2596
184 194 2597
138 86 2598
34 159 2599
90 194 2600
25 103 2601
151 64 2602
81 194 2603
125 30 2604
6 63 2605
199 103 2606
103 117 2607
99 65 2608
61 182 2609
185 26 2610
49 164 2611
76 94 2612
52 168 2613
41 173 2614
157 1 2615
176 49 2616
68 169 2617
133 173 2618
18 56 2619
131 121 2620
135 91 2621
186 158 2622
163 72 2623
32 168 2624
97 140 2625
182 23 2626
190 169 2627
49 46 2628
81 125 2629
93 154 2630
120 116 2631
181 18 2632
102 104 2633
179 113 2634
72 120 2635
183 79 2636
184 173 2637
71 8 2638
46 169 2639
51 197 2640
111 197 2641
58 123 2642
139 136 2643
94 54 2644
181 15 2645
144 51 2646
14 187 2647
127 74 2648
16 115 2649
136 39 2650
113 140 2651
133 120 2652
116 135 2653
12 171 2654
104 103 2655
37 6 2656
168 129 2657
168 50 2658
192 7 2659
74 62 2660
141 121 2661
46 157 2662
4 182 2663
178 147 2664
46 137 2665
168 160 2666
59 63 2667
23 12 2668
65 14 2669
149 115 2670
140 134 2671
197 56 2672
192 33 2673
64 148 2674
46 5 2675
4 10 2676
73 79 2677
188 80 2678
45 188 2679
117 12 2680
111 135 2681
132 109 2682
95 5 2683
186 93 2684
184 55 2685
195 125 2686
186 48 2687
9 161 2688
198 155 2689
67 90 2690
166 142 2691
79 170 2692
128 28 2693
92 127 2694
115 172 2695
13 145 2696
41 118 2697
110 142 2698
126 3 2699
85 109 2700
94 79 2701
66 19 2702
98 122 2703
135 131 2704
134 169 2705
70 11 2706
63 62 2707
135 138 2708
97 152 2709
83 66 2710
60 151 2711
38 132 2712
80 35 2713
70 139 2714
175 93 2715
13 126 2716
172 197 2717
104 150 2718
8 73 2719
14 103 2720
15 179 2721
149 62 2722
155 11 2723
104 155 2724
65 72 2725
151 183 2726
65 88 2727
177 96 2728
64 71 2729
27 90 2730
172 159 2731
62 193 2732
51 126 2733
63 197 2734
93 80 2735
168 51 2736
183 12 2737
21 138 2738
11 37 2739
86 186 2740
179 55 2741
77 80 2742
166 200 2743
14 22 2744
125 155 2745
70 150 2746
15 77 2747
83 120 2748
55 66 2749
23 105 2750
50 7 2751
68 67 2752
100 95 2753
48 101 2754
97 20 2755
102 100 2756
50 18 2757
49 13 2758
95 106 2759
161 131 2760
92 57 2761
100 76 2762
88 59 2763
77 146 2764
128 75 2765
75 136 2766
133 10 2767
121 56 2768
182 177 2769
61 47 2770
37 192 2771
41 56 2772
152 182 2773
108 45 2774
116 36 2775
39 85 2776
74 19 2777
125 28 2778
107 189 2779
159 151 2780
11 50 2781
32 31 2782
166 125 2783
154 60 2784
124 190 2785
123 149 2786
27 34 2787
176 184 2788
166 145 2789
24 121 2790
122 193 2791
6 118 2792
180 170 2793
154 193 2794
104 140 2795
101 199 2796
188 148 2797
44 43 2798
76 170 2799
199 18 2800
195 19 2801
178 57 2802
114 187 2803
85 158 2804
155 180 2805
36 125 2806
62 21 2807
121 55 2808
148 129 2809
198 49 2810
162 63 2811
22 193 2812
82 146 2813
134 5 2814
69 8 2815
183 174 2816
110 166 2817
73 179 2818
136 188 2819
196 55 2820
153 104 2821
174 98 2822
94 153 2823
62 125 2824
98 178 2825
43 147 2826
192 21 2827
106 97 2828
156 147 2829
185 93 2830
36 152 2831
113 87 2832
21 157 2833
151 137 2834
108 160 2835
158 161 2836
117 119 2837
170 191 2838
150 130 2839
117 17 2840
22 107 2841
42 83 2842
22 120 2843
85 173 2844
53 22 2845
114 36 2846
82 199 2847
78 62 2848
143 110 2849
9 167 2850
53 154 2851
149 61 2852
192 106 2853
29 33 2854
114 145 2855
82 62 2856
155 127 2857
84 45 2858
98 154 2859
186 183 2860
161 117 2861
8 58 2862
70 73 2863
132 105 2864
184 41 2865
189 12 2866
43 97 2867
155 124 2868
195 128 2869
117 3 2870
160 115 2871
92 66 2872
199 5 2873
82 36 2874
172 96 2875
94 21 2876
86 121 2877
105 183 2878
165 78 2879
123 38 2880
12 37 2881
191 103 2882
44 7 2883
71 2 2884
30 32 2885
117 53 2886
192 186 2887
188 40 2888
163 77 2889
121 33 2890
115 77 2891
13 180 2892
122 108 2893
101 146 2894
45 138 2895
123 109 2896
55 122 2897
89 43 2898
21 11 2899
68 107 2900
150 22 2901
9 179 2902
84 32 2903
4 153 2904
132 21 2905
192 160 2906
98 105 2907
46 26 2908
32 171 2909
120 107 2910
174 2 2911
156 159 2912
121 158 2913
103 161 2914
119 14 2915
17 174 2916
5 138 2917
9 170 2918
56 131 2919
74 155 2920
1 147 2921
99 126 2922
7 52 2923
93 103 2924
54 194 2925
4 163 2926
60 160 2927
163 192 2928
148 175 2929
78 123 2930
125 49 2931
106 91 2932
36 172 2933
46 64 2934
132 103 2935
124 102 2936
70 148 2937
60 89 2938
23 175 2939
111 172 2940
82 159 2941
144 75 2942
18 163 2943
51 191 2944
28 154 2945
113 92 2946
38 154 2947
1 73 2948
83 112 2949
127 171 2950
155 63 2951
148 152 2952
147 192 2953
20 180 2954
61 10 2955
198 140 2956
37 91 2957
29 170 2958
14 139 2959
124 39 2960
180 80 2961
57 15 2962
155 187 2963
69 136 2964
138 144 2965
185 8 2966
16 32 2967
33 153 2968
134 62 2969
151 110 2970
171 153 2971
193 30 2972
34 45 2973
6 182 2974
158 198 2975
188 34 2976
149 126 2977
80 113 2978
27 65 2979
198 101 2980
2 152 2981
118 181 2982
10 145 2983
9 105 2984
142 11 2985
104 165 2986
27 156 2987
8 92 2988
147 162 2989
175 96 2990
42 167 2991
145 188 2992
83 182 2993
171 7 2994
30 13 2995
60 40 2996
80 94 2997
91 63 2998
182 54 2999
124 79 3000
35 39 3001
36 173 3002
77 159 3003
29 197 3004
14 74 3005
99 113 3006
191 129 3007
48 40 3008
145 55 3009
35 179 3010
101 83 3011
57 138 3012
147 62 3013
88 97 3014
41 85 3015
154 27 3016
10 186 3017
3 38 3018
52 65 3019
123 53 3020
95 3 3021
53 147 3022
14 21 3023
18 145 3024
15 194 3025
44 103 3026
163 42 3027
49 73 3028
100 168 3029
89 33 3030
200 95 3031
189 169 3032
103 158 3033
91 50 3034
1 58 3035
54 137 3036
66 143 3037
164 114 3038
102 145 3039
84 142 3040
143 23 3041
62 110 3042
192 24 3043
115 31 3044
109 199 3045
164 142 3046
46 184 3047
77 35 3048
145 87 3049
31 52 3050
40 169 3051
46 171 3052
72 31 3053
120 44 3054
18 128 3055
190 71 3056
117 30 3057
64 80 3058
120 129 3059
39 48 3060
52 142 3061
25 55 3062
40 175 3063
199 41 3064
108 87 3065
50 30 3066
31 145 3067
171 91 3068
157 133 3069
162 37 3070
196 177 3071
35 142 3072
112 96 3073
135 141 3074
25 5 3075
10 168 3076
66 75 3077
46 57 3078
101 82 3079
146 175 3080
47 1 3081
103 68 3082
29 73 3083
92 110 3084
159 190 3085
142 94 3086
20 87 3087
40 162 3088
11 109 3089
162 155 3090
155 28 3091
42 126 3092
78 14 3093
25 38 3094
132 69 3095
93 20 3096
28 77 3097
145 195 3098
39 38 3099
192 137 3100
153 43 3101
5 171 3102
156 98 3103
43 25 3104
111 45 3105
194 191 3106
142 189 3107
30 65 3108
8 64 3109
105 30 3110
160 133 3111
65 53 3112
143 33 3113
162 130 3114
183 191 3115
138 131 3116
119 79 3117
129 161 3118
141 68 3119
35 56 3120
19 137 3121
176 37 3122
142 173 3123
78 162 3124
49 86 3125
160 157 3126
148 86 3127
37 75 3128
87 111 3129
171 44 3130
195 100 3131
164 69 3132
148 153 3133
127 194 3134
25 113 3135
154 72 3136
62 53 3137
89 155 3138
101 58 3139
57 8 3140
66 51 3141
172 129 3142
6 159 3143
76 9 3144
194 137 3145
170 46 3146
77 38 3147
151 132 3148
200 90 3149
103 17 3150
145 9 3151
17 26 3152
181 22 3153
49 153 3154
8 173 3155
20 34 3156
110 54 3157
91 28 3158
186 162 3159
28 150 3160
196 33 3161
167 170 3162
85 101 3163
170 164 3164
78 167 3165
133 23 3166
160 185 3167
81 44 3168
124 38 3169
88 52 3170
175 180 3171
106 64 3172
85 67 3173
165 61 3174
159 59 3175
53 1 3176
107 13 3177
172 119 3178
82 34 3179
126 97 3180
81 170 3181
54 13 3182
116 88 3183
19 198 3184
179 62 3185
45 58 3186
186 23 3187
47 2 3188
129 199 3189
80 122 3190
119 177 3191
2 8 3192
28 126 3193
54 50 3194
80 68 3195
51 140 3196
137 73 3197
47 184 3198
34 183 3199
146 121 3200
79 154 3201
114 117 3202
47 78 3203
110 130 3204
40 25 3205
162 115 3206
104 47 3207
64 140 3208
65 160 3209
10 144 3210
149 179 3211
112 170 3212
178 10 3213
130 133 3214
107 41 3215
47 59 3216
170 111 3217
30 6 3218
194 43 3219
6 89 3220
144 77 3221
74 115 3222
1 138 3223
64 113 3224
139 23 3225
152 112 3226
50 165 3227
10 45 3228
181 103 3229
111 52 3230
126 185 3231
156 155 3232
30 38 3233
151 29 3234
109 111 3235
15 78 3236
68 164 3237
18 109 3238
36 55 3239
133 186 3240
49 78 3241
125 92 3242
97 197 3243
182 62 3244
133 30 3245
128 72 3246
102 150 3247
77 118 3248
161 47 3249
75 12 3250
143 40 3251
183 154 3252
73 6 3253
149 78 3254
157 18 3255
165 126 3256
29 154 3257
2 29 3258
107 2 3259
79 101 3260
43 46 3261
111 67 3262
56 111 3263
79 125 3264
120 41 3265
11 161 3266
132 107 3267
136 36 3268
185 166 3269
29 142 3270
94 154 3271
119 150 3272
38 72 3273
163 145 3274
126 115 3275
26 5 3276
58 46 3277
17 98 3278
38 54 3279
110 146 3280
9 146 3281
79 176 3282
162 26 3283
103 175 3284
177 138 3285
51 97 3286
155 174 3287
105 197 3288
178 5 3289
141 166 3290
145 110 3291
39 51 3292
68 115 3293
92 111 3294
200 57 3295
35 11 3296
136 178 3297
63 154 3298
130 46 3299
105 83 3300
189 121 3301
115 118 3302
35 10 3303
77 40 3304
157 151 3305
92 1 3306
80 108 3307
163 76 3308
41 1 3309
120 81 3310
99 82 3311
8 38 3312
103 40 3313
50 75 3314
65 133 3315
25 46 3316
139 152 3317
3 113 3318
20 36 3319
32 157 3320
133 161 3321
98 172 3322
65 180 3323
95 174 3324
7 47 3325
55 158 3326
5 51 3327
15 141 3328
2 130 3329
152 184 3330
124 33 3331
191 175 3332
115 122 3333
7 138 3334
92 98 3335
60 64 3336
189 108 3337
69 124 3338
41 142 3339
128 70 3340
123 69 3341
2 108 3342
17 9 3343
117 128 3344
30 144 3345
62 166 3346
157 140 3347
142 43 3348
124 176 3349
61 74 3350
50 85 3351
4 190 3352
34 198 3353
119 44 3354
24 13 3355
169 153 3356
42 156 3357
111 3 3358
65 181 3359
62 95 3360
10 67 3361
190 158 3362
169 24 3363
97 22 3364
190 96 3365
136 126 3366
104 138 3367
95 66 3368
168 60 3369
104 134 3370
15 114 3371
87 172 3372
11 49 3373
178 70 3374
7 188 3375
145 140 3376
150 173 3377
165 149 3378
39 43 3379
21 27 3380
23 57 3381
113 182 3382
185 69 3383
69 4 3384
136 168 3385
119 152 3386
68 24 3387
125 12 3388
143 35 3389
156 13 3390
10 107 3391
195 101 3392
7 21 3393
189 198 3394
163 63 3395
55 127 3396
94 102 3397
77 60 3398
51 117 3399
64 117 3400
180 128 3401
57 29 3402
124 192 3403
198 114 3404
18 13 3405
43 24 3406
179 87 3407
52 151 3408
187 10 3409
25 132 3410
32 120 3411
59 16 3412
121 42 3413
54 68 3414
55 159 3415
160 58 3416
60 78 3417
128 23 3418
167 165 3419
181 98 3420
127 136 3421
11 181 3422
99 161 3423
138 58 3424
62 168 3425
107 130 3426
172 103 3427
167 187 3428
156 195 3429
37 82 3430
163 113 3431
101 65 3432
155 185 3433
74 27 3434
67 109 3435
22 138 3436
110 78 3437
84 158 3438
190 183 3439
85 141 3440
87 142 3441
114 128 3442
176 60 3443
6 71 3444
112 147 3445
92 7 3446
48 193 3447
40 93 3448
95 88 3449
171 37 3450
184 179 3451
5 123 3452
191 152 3453
118 13 3454
137 97 3455
137 56 3456
55 21 3457
27 160 3458
89 105 3459
49 15 3460
197 129 3461
77 84 3462
101 162 3463
129 192 3464
152 176 3465
184 187 3466
31 78 3467
177 184 3468
22 122 3469
22 133 3470
3 151 3471
6 111 3472
100 101 3473
47 39 3474
101 44 3475
185 18 3476
1 170 3477
32 145 3478
117 86 3479
125 164 3480
18 193 3481
136 84 3482
101 46 3483
88 80 3484
74 162 3485
126 32 3486
123 185 3487
169 109 3488
43 42 3489
143 197 3490
100 140 3491
53 186 3492
107 72 3493
200 154 3494
199 174 3495
140 166 3496
57 9 3497
76 45 3498
100 115 3499
131 114 3500
136 23 3501
175 46 3502
124 125 3503
200 93 3504
197 10 3505
133 150 3506
44 84 3507
181 188 3508
105 110 3509
195 77 3510
55 157 3511
137 140 3512
6 27 3513
89 159 3514
12 97 3515
78 16 3516
96 156 3517
48 14 3518
163 173 3519
167 67 3520
65 108 3521
135 4 3522
39 132 3523
153 16 3524
58 30 3525
41 99 3526
129 152 3527
51 198 3528
155 192 3529
165 180 3530
175 160 3531
51 150 3532
3 46 3533
156 189 3534
74 11 3535
77 174 3536
199 71 3537
160 118 3538
74 88 3539
149 16 3540
57 182 3541
183 86 3542
103 114 3543
122 64 3544
42 81 3545
166 66 3546
113 70 3547
139 26 3548
53 96 3549
62 131 3550
188 189 3551
107 180 3552
32 63 3553
23 86 3554
38 134 3555
168 27 3556
189 123 3557
5 186 3558
40 199 3559
96 141 3560
186 200 3561
136 111 3562
200 129 3563
20 43 3564
142 15 3565
14 162 3566
72 168 3567
95 103 3568
155 9 3569
166 193 3570
32 37 3571
144 121 3572
178 176 3573
121 159 3574
137 32 3575
137 166 3576
109 41 3577
93 99 3578
194 98 3579
41 138 3580
60 100 3581
195 36 3582
134 127 3583
178 175 3584
162 48 3585
124 117 3586
109 112 3587
53 8 3588
126 31 3589
82 188 3590
93 89 3591
98 166 3592
94 46 3593
79 165 3594
73 50 3595
113 147 3596
48 183 3597
170 174 3598
86 134 3599
173 126 3600
178 11 3601
38 12 3602
183 45 3603
116 91 3604
73 17 3605
142 197 3606
137 11 3607
114 137 3608
19 179 3609
177 136 3610
199 142 3611
33 10 3612
21 162 3613
31 85 3614
4 143 3615
125 197 3616
133 123 3617
172 151 3618
32 75 3619
62 26 3620
163 28 3621
88 184 3622
56 82 3623
168 53 3624
98 191 3625
118 159 3626
26 18 3627
39 103 3628
25 104 3629
21 181 3630
182 190 3631
49 25 3632
93 32 3633
40 16 3634
96 115 3635
18 37 3636
156 123 3637
174 44 3638
145 104 3639
88 135 3640
62 103 3641
70 172 3642
19 26 3643
138 141 3644
61 186 3645
30 28 3646
189 63 3647
6 79 3648
138 126 3649
1 16 3650
96 199 3651
90 140 3652
170 188 3653
108 196 3654
72 47 3655
92 156 3656
185 43 3657
61 188 3658
193 149 3659
78 119 3660
86 96 3661
96 11 3662
23 56 3663
90 98 3664
108 175 3665
127 26 3666
192 88 3667
29 81 3668
93 79 3669
10 115 3670
53 100 3671
84 169 3672
9 24 3673
128 51 3674
151 182 3675
45 24 3676
72 77 3677
156 124 3678
196 143 3679
183 83 3680
190 187 3681
69 50 3682
196 163 3683
125 38 3684
170 63 3685
149 195 3686
176 45 3687
29 175 3688
33 144 3689
148 164 3690
155 181 3691
193 90 3692
119 47 3693
169 142 3694
164 141 3695
41 16 3696
119 12 3697
200 48 3698
99 173 3699
12 89 3700
48 67 3701
55 173 3702
153 66 3703
12 73 3704
172 192 3705
194 149 3706
47 192 3707
99 87 3708
3 85 3709
116 27 3710
89 194 3711
120 143 3712
196 95 3713
122 67 3714
119 191 3715
73 61 3716
148 185 3717
192 140 3718
73 3 3719
180 33 3720
44 163 3721
87 149 3722
55 3 3723
183 14 3724
86 168 3725
184 75 3726
99 152 3727
137 77 3728
180 19 3729
78 22 3730
161 193 3731
140 4 3732
153 88 3733
144 133 3734
12 46 3735
175 194 3736
77 56 3737
52 11 3738
122 164 3739
170 116 3740
109 57 3741
198 93 3742
70 62 3743
48 132 3744
59 55 3745
144 21 3746
29 47 3747
29 35 3748
48 190 3749
42 45 3750
155 23 3751
137 176 3752
144 57 3753
108 83 3754
47 178 3755
51 163 3756
75 187 3757
200 130 3758
193 66 3759
42 173 3760
90 37 3761
7 154 3762
117 87 3763
143 142 3764
15 99 3765
192 91 3766
60 132 3767
143 141 3768
35 32 3769
67 44 3770
99 185 3771
22 101 3772
150 46 3773
27 24 3774
133 13 3775
184 21 3776
133 169 3777
171 20 3778
142 36 3779
146 131 3780
158 73 3781
121 184 3782
193 159 3783
118 195 3784
190 24 3785
83 38 3786
111 120 3787
10 166 3788
129 198 3789
28 9 3790
49 156 3791
120 35 3792
169 82 3793
30 170 3794
95 171 3795
58 6 3796
5 15 3797
192 27 3798
54 35 3799
89 32 3800
26 56 3801
116 124 3802
199 158 3803
76 194 3804
180 68 3805
98 134 3806
165 116 3807
27 62 3808
106 78 3809
142 168 3810
185 49 3811
4 132 3812
126 158 3813
162 103 3814
182 125 3815
158 156 3816
39 99 3817
24 123 3818
172 19 3819
131 1 3820
82 115 3821
117 177 3822
78 35 3823
182 178 3824
140 28 3825
108 52 3826
34 7 3827
39 161 3828
120 29 3829
27 77 3830
29 25 3831
151 136 3832
80 129 3833
49 133 3834
143 31 3835
2 14 3836
4 63 3837
1 177 3838
142 185 3839
174 129 3840
172 61 3841
47 197 3842
167 29 3843
100 126 3844
179 16 3845
19 178 3846
45 75 3847
59 151 3848
19 167 3849
45 5 3850
40 126 3851
128 53 3852
58 161 3853
158 128 3854
149 23 3855
3 27 3856
9 198 3857
68 136 3858
53 160 3859
120 193 3860
163 13 3861
120 39 3862
166 132 3863
72 155 3864
129 50 3865
194 26 3866
126 95 3867
148 46 3868
79 132 3869
77 128 3870
175 168 3871
190 17 3872
112 50 3873
70 51 3874
184 114 3875
110 168 3876
198 3 3877
21 190 3878
58 175 3879
61 90 3880
102 176 3881
25 52 3882
5 24 3883
71 59 3884
53 19 3885
165 174 3886
195 148 3887
175 49 3888
159 141 3889
101 121 3890
159 22 3891
55 5 3892
38 149 3893
14 173 3894
7 103 3895
184 64 3896
65 11 3897
97 189 3898
194 17 3899
28 188 3900
164 18 3901
129 25 3902
50 152 3903
8 63 3904
187 93 3905
147 35 3906
199 2 3907
43 98 3908
178 72 3909
112 11 3910
22 197 3911
76 185 3912
29 192 3913
95 161 3914
86 65 3915
52 72 3916
114 53 3917
86 21 3918
47 19 3919
17 152 3920
60 121 3921
131 97 3922
123 99 3923
163 194 3924
115 124 3925
155 92 3926
59 100 3927
33 80 3928
172 193 3929
35 19 3930
164 175 3931
125 119 3932
115 183 3933
158 95 3934
54 76 3935
117 157 3936
6 82 3937
47 75 3938
58 79 3939
87 148 3940
83 186 3941
181 150 3942
87 170 3943
98 160 3944
6 139 3945
108 124 3946
58 28 3947
181 25 3948
124 107 3949
94 103 3950
22 9 3951
116 23 3952
14 102 3953
67 177 3954
2 57 3955
180 41 3956
150 121 3957
72 22 3958
190 79 3959
91 127 3960
195 173 3961
90 17 3962
79 15 3963
30 83 3964
196 30 3965
143 85 3966
182 82 3967
38 28 3968
84 51 3969
156 25 3970
33 152 3971
62 117 3972
66 65 3973
5 61 3974
178 116 3975
117 185 3976
170 47 3977
148 68 3978
166 93 3979
21 172 3980
120 1 3981
147 52 3982
128 89 3983
131 116 3984
55 200 3985
176 182 3986
62 191 3987
75 73 3988
121 193 3989
125 22 3990
178 101 3991
177 70 3992
196 9 3993
161 12 3994
178 85 3995
16 189 3996
137 161 3997
12 101 3998
67 170 3999
44 146 4000
35 133 4001
39 76 4002
31 171 4003
20 165 4004
51 93 4005
87 42 4006
147 91 4007
3 176 4008
161 175 4009
13 137 4010
144 83 4011
185 164 4012
137 149 4013
49 59 4014
36 8 4015
81 97 4016
164 174 4017
49 66 4018
49 98 4019
173 106 4020
14 58 4021
127 181 4022
127 61 4023
152 74 4024
63 25 4025
91 36 4026
44 142 4027
16 93 4028
154 84 4029
163 95 4030
108 67 4031
112 62 4032
154 31 4033
174 146 4034
2 184 4035
94 179 4036
10 59 4037
167 197 4038
9 150 4039
36 77 4040
100 42 4041
31 39 4042
79 89 4043
89 63 4044
56 125 4045
40 148 4046
63 5 4047
169 144 4048
135 179 4049
159 143 4050
87 19 4051
133 103 4052
20 110 4053
148 165 4054
125 96 4055
125 70 4056
78 95 4057
90 191 4058
80 7 4059
122 158 4060
101 28 4061
161 107 4062
7 115 4063
167 87 4064
74 18 4065
131 21 4066
149 121 4067
195 155 4068
169 186 4069
127 66 4070
136 176 4071
195 134 4072
151 174 4073
34 169 4074
15 199 4075
78 157 4076
44 195 4077
142 79 4078
197 82 4079
109 47 4080
94 19 4081
157 93 4082
91 160 4083
118 142 4084
66 81 4085
127 154 4086
26 174 4087
115 46 4088
67 82 4089
32 125 4090
62 159 4091
142 47 4092
75 179 4093
71 98 4094
129 89 4095
50 15 4096
14 23 4097
186 148 4098
22 164 4099
85 54 4100
85 164 4101
55 170 4102
33 97 4103
74 59 4104
126 86 4105
125 7 4106
5 78 4107
3 182 4108
77 177 4109
119 48 4110
185 195 4111
45 147 4112
128 3 4113
113 171 4114
136 199 4115
184 147 4116
56 123 4117
16 128 4118
197 89 4119
83 15 4120
37 23 4121
192 125 4122
164 3 4123
99 84 4124
85 12 4125
17 120 4126
167 59 4127
33 187 4128
115 61 4129
10 94 4130
8 142 4131
78 77 4132
82 47 4133
66 90 4134
40 30 4135
195 10 4136
147 6 4137
24 44 4138
188 52 4139
34 154 4140
199 157 4141
100 72 4142
86 163 4143
63 68 4144
178 171 4145
60 55 4146
104 95 4147
187 50 4148
92 90 4149
68 159 4150
185 135 4151
18 117 4152
55 151 4153
150 19 4154
123 115 4155
52 171 4156
20 103 4157
111 14 4158
104 92 4159
13 110 4160
118 125 4161
181 157 4162
149 166 4163
7 66 4164
130 73 4165
120 136 4166
85 15 4167
67 25 4168
147 36 4169
186 145 4170
185 199 4171
123 184 4172
111 62 4173
46 129 4174
128 118 4175
20 178 4176
152 19 4177
174 185 4178
127 47 4179
73 109 4180
157 125 4181
57 151 4182
135 166 4183
39 2 4184
182 171 4185
192 61 4186
87 80 4187
48 24 4188
14 92 4189
76 30 4190
106 154 4191
99 38 4192
88 127 4193
22 18 4194
94 40 4195
76 86 4196
97 41 4197
75 23 4198
52 23 4199
136 4 4200
163 166 4201
148 63 4202
127 99 4203
172 8 4204
176 117 4205
44 10 4206
139 166 4207
77 74 4208
193 132 4209
168 124 4210
23 156 4211
95 181 4212
127 143 4213
107 138 4214
1 37 4215
71 41 4216
108 183 4217
12 173 4218
38 138 4219
5 58 4220
155 136 4221
70 186 4222
164 75 4223
53 52 4224
190 184 4225
85 191 4226
28 181 4227
10 154 4228
42 198 4229
14 122 4230
171 168 4231
78 84 4232
86 9 4233
103 84 4234
179 180 4235
149 118 4236
124 104 4237
177 100 4238
144 103 4239
167 109 4240
190 143 4241
49 150 4242
98 153 4243
90 11 4244
189 92 4245
71 184 4246
142 133 4247
97 129 4248
93 199 4249
94 4 4250
89 137 4251
168 93 4252
189 39 4253
84 106 4254
143 17 4255
115 90 4256
195 66 4257
146 5 4258
36 4 4259
125 58 4260
97 142 4261
25 89 4262
192 86 4263
136 19 4264
124 129 4265
174 157 4266
159 18 4267
183 18 4268
167 196 4269
110 176 4270
54 3 4271
55 100 4272
41 190 4273
10 112 4274
123 152 4275
14 152 4276
186 31 4277
128 153 4278
179 81 4279
200 197 4280
29 101 4281
30 129 4282
34 176 4283
177 49 4284
146 137 4285
92 21 4286
5 198 4287
110 37 4288
138 111 4289
11 72 4290
15 117 4291
117 36 4292
101 56 4293
180 186 4294
81 2 4295
42 72 4296
150 47 4297
8 190 4298
98 69 4299
87 47 4300
79 7 4301
98 117 4302
111 188 4303
87 178 4304
166 75 4305
114 193 4306
103 89 4307
38 109 4308
177 108 4309
157 138 4310
38 21 4311
87 135 4312
114 85 4313
41 146 4314
116 149 4315
63 108 4316
61 60 4317
12 20 4318
154 18 4319
199 81 4320
104 142 4321
83 23 4322
53 135 4323
31 4 4324
46 50 4325
70 39 4326
92 53 4327
76 179 4328
48 144 4329
164 37 4330
157 9 4331
139 167 4332
7 133 4333
138 61 4334
62 79 4335
189 165 4336
40 88 4337
147 158 4338
123 179 4339
112 110 4340
42 122 4341
135 155 4342
132 71 4343
132 104 4344
87 75 4345
44 130 4346
9 62 4347
104 23 4348
97 153 4349
79 13 4350
18 131 4351
168 128 4352
102 33 4353
93 68 4354
161 53 4355
138 54 4356
188 139 4357
179 95 4358
161 102 4359
188 55 4360
163 120 4361
84 70 4362
122 2 4363
77 92 4364
24 90 4365
165 28 4366
187 172 4367
147 2 4368
18 115 4369
185 81 4370
70 130 4371
148 134 4372
125 178 4373
98 198 4374
179 158 4375
134 144 4376
126 64 4377
164 62 4378
112 150 4379
164 7 4380
33 103 4381
176 24 4382
56 28 4383
30 8 4384
181 123 4385
57 74 4386
185 37 4387
126 83 4388
106 108 4389
178 73 4390
129 140 4391
11 171 4392
181 194 4393
35 30 4394
50 108 4395
140 82 4396
155 2 4397
39 105 4398
111 133 4399
146 127 4400
125 93 4401
104 97 4402
127 1 4403
145 200 4404
124 100 4405
51 44 4406
52 30 4407
194 123 4408
182 92 4409
92 137 4410
58 39 4411
176 130 4412
189 194 4413
194 121 4414
38 135 4415
36 102 4416
81 158 4417
101 80 4418
10 167 4419
82 117 4420
181 61 4421
173 132 4422
13 121 4423
167 154 4424
189 104 4425
70 28 4426
69 160 4427
91 70 4428
91 27 4429
51 4 4430
3 57 4431
162 178 4432
85 55 4433
77 191 4434
34 57 4435
115 152 4436
44 145 4437
65 56 4438
139 24 4439
117 160 4440
92 60 4441
139 126 4442
106 48 4443
149 63 4444
6 60 4445
61 106 4446
26 193 4447
43 35 4448
50 26 4449
8 49 4450
196 27 4451
11 141 4452
1 164 4453
185 44 4454
66 33 4455
48 141 4456
22 130 4457
188 156 4458
20 10 4459
101 120 4460
28 108 4461
162 113 4462
57 56 4463
166 192 4464
53 45 4465
145 153 4466
72 180 4467
86 1 4468
95 150 4469
10 131 4470
36 59 4471
106 8 4472
149 101 4473
143 39 4474
13 144 4475
66 161 4476
27 187 4477
159 5 4478
51 143 4479
40 73 4480
190 141 4481
7 63 4482
169 7 4483
170 92 4484
51 165 4485
9 48 4486
140 63 4487
85 154 4488
134 188 4489
25 180 4490
38 31 4491
131 169 4492
148 50 4493
5 175 4494
7 65 4495
150 111 4496
85 82 4497
2 116 4498
118 171 4499
57 80 4500
116 179 4501
160 45 4502
179 103 4503
76 59 4504
29 77 4505
108 143 4506
27 157 4507
19 196 4508
199 172 4509
71 35 4510
39 172 4511
162 50 4512
127 124 4513
33 176 4514
192 127 4515
45 161 4516
136 15 4517
142 176 4518
3 29 4519
170 78 4520
64 185 4521
44 176 4522
94 159 4523
4 21 4524
25 93 4525
104 183 4526
71 79 4527
29 193 4528
34 69 4529
95 53 4530
135 174 4531
108 19 4532
142 177 4533
23 26 4534
102 130 4535
71 129 4536
190 33 4537
141 137 4538
170 82 4539
120 104 4540
172 1 4541
105 4 4542
159 150 4543
128 167 4544
96 25 4545
46 124 4546
59 111 4547
32 73 4548
48 17 4549
17 200 4550
13 9 4551
110 31 4552
27 198 4553
53 129 4554
116 57 4555
79 102 4556
31 158 4557
82 131 4558
199 20 4559
157 70 4560
102 71 4561
113 96 4562
46 153 4563
121 123 4564
73 68 4565
68 57 4566
47 156 4567
108 31 4568
162 49 4569
190 55 4570
106 57 4571
16 171 4572
100 58 4573
43 69 4574
95 94 4575
105 112 4576
71 46 4577
190 37 4578
53 118 4579
65 9 4580
109 129 4581
200 13 4582
8 77 4583
149 96 4584
46 165 4585
119 61 4586
150 155 4587
107 88 4588
35 99 4589
113 166 4590
46 37 4591
189 162 4592
138 188 4593
106 199 4594
22 64 4595
15 100 4596
92 37 4597
192 69 4598
153 112 4599
161 27 4600
175 106 4601
140 14 4602
101 47 4603
116 175 4604
79 67 4605
169 191 4606
187 30 4607
13 28 4608
45 182 4609
122 23 4610
68 94 4611
162 179 4612
133 89 4613
161 118 4614
81 186 4615
56 144 4616
181 79 4617
70 60 4618
69 66 4619
41 139 4620
57 59 4621
122 157 4622
48 163 4623
101 109 4624
159 129 4625
188 153 4626
51 59 4627
193 38 4628
47 137 4629
108 173 4630
162 133 4631
192 4 4632
9 143 4633
200 47 4634
139 159 4635
9 36 4636
200 195 4637
80 21 4638
39 59 4639
105 195 4640
177 92 4641
150 143 4642
193 46 4643
162 64 4644
61 143 4645
65 198 4646
176 66 4647
58 99 4648
70 112 4649
20 23 4650
82 81 4651
118 129 4652
91 152 4653
144 177 4654
44 116 4655
13 62 4656
190 150 4657
88 54 4658
97 191 4659
106 31 4660
157 107 4661
92 25 4662
133 155 4663
27 98 4664
26 24 4665
84 65 4666
148 71 4667
99 141 4668
47 122 4669
19 5 4670
33 120 4671
108 136 4672
53 169 4673
49 173 4674
39 164 4675
110 117 4676
192 130 4677
164 157 4678
108 72 4679
28 76 4680
119 59 4681
142 28 4682
24 133 4683
100 106 4684
11 175 4685
27 41 4686
19 29 4687
12 17 4688
147 177 4689
134 175 4690
94 44 4691
177 85 4692
37 123 4693
116 97 4694
172 80 4695
168 26 4696
179 11 4697
175 2 4698
10 42 4699
155 102 4700
26 9 4701
152 193 4702
30 191 4703
90 23 4704
175 176 4705
168 57 4706
120 185 4707
44 26 4708
142 91 4709
112 169 4710
99 178 4711
174 173 4712
136 150 4713
117 133 4714
177 193 4715
83 127 4716
81 65 4717
76 12 4718
176 26 4719
42 30 4720
158 160 4721
78 124 4722
115 167 4723
90 119 4724
43 7 4725
167 16 4726
3 199 4727
94 38 4728
141 95 4729
29 27 4730
130 62 4731
26 87 4732
98 142 4733
114 74 4734
2 53 4735
98 102 4736
48 6 4737
194 59 4738
41 170 4739
127 184 4740
136 47 4741
60 190 4742
5 192 4743
153 95 4744
107 114 4745
64 96 4746
200 113 4747
88 9 4748
10 149 4749
131 40 4750
151 140 4751
179 21 4752
198 16 4753
85 76 4754
49 151 4755
140 96 4756
19 46 4757
79 138 4758
144 68 4759
180 178 4760
195 106 4761
51 45 4762
140 29 4763
119 109 4764
73 66 4765
102 170 4766
128 62 4767
86 68 4768
138 35 4769
133 14 4770
169 173 4771
97 10 4772
110 55 4773
19 85 4774
68 177 4775
162 52 4776
152 131 4777
97 55 4778
47 67 4779
121 137 4780
2 103 4781
130 116 4782
59 163 4783
139 29 4784
9 46 4785
37 147 4786
189 159 4787
6 5 4788
144 79 4789
86 196 4790
190 75 4791
74 76 4792
165 183 4793
16 116 4794
3 166 4795
168 161 4796
171 102 4797
161 156 4798
83 159 4799
87 195 4800
191 200 4801
81 41 4802
12 19 4803
17 25 4804
174 115 4805
130 81 4806
46 164 4807
161 82 4808
128 107 4809
53 176 4810
20 200 4811
154 124 4812
163 116 4813
198 26 4814
155 45 4815
40 29 4816
117 56 4817
11 67 4818
103 200 4819
140 34 4820
41 53 4821
128 41 4822
64 77 4823
170 128 4824
151 45 4825
115 193 4826
97 198 4827
98 75 4828
186 46 4829
108 97 4830
154 144 4831
104 129 4832
99 57 4833
33 135 4834
18 1 4835
76 29 4836
110 64 4837
160 103 4838
172 118 4839
118 31 4840
108 155 4841
124 185 4842
96 196 4843
95 182 4844
89 126 4845
193 192 4846
104 178 4847
54 90 4848
37 125 4849
20 107 4850
2 128 4851
15 168 4852
165 109 4853
108 168 4854
177 139 4855
192 150 4856
64 127 4857
180 49 4858
44 96 4859
186 17 4860
95 194 4861
199 85 4862
78 112 4863
52 112 4864
144 119 4865
64 193 4866
188 96 4867
151 15 4868
5 8 4869
164 190 4870
148 44 4871
137 84 4872
37 8 4873
66 52 4874
147 44 4875
141 69 4876
48 68 4877
4 162 4878
72 173 4879
123 76 4880
70 183 4881
103 169 4882
53 162 4883
172 93 4884
29 46 4885
31 33 4886
15 156 4887
45 174 4888
24 112 4889
200 153 4890
156 165 4891
162 197 4892
65 174 4893
77 6 4894
169 106 4895
155 76 4896
139 96 4897
98 11 4898
194 130 4899
155 52 4900
179 88 4901
177 32 4902
127 79 4903
3 24 4904
48 103 4905
105 14 4906
193 129 4907
35 1 4908
128 178 4909
69 7 4910
130 30 4911
148 29 4912
167 116 4913
129 151 4914
10 64 4915
160 142 4916
121 27 4917
145 43 4918
49 79 4919
56 40 4920
104 176 4921
127 75 4922
189 179 4923
94 112 4924
123 25 4925
147 137 4926
2 72 4927
124 59 4928
150 74 4929
145 54 4930
25 7 4931
164 78 4932
58 174 4933
112 16 4934
187 138 4935
22 143 4936
184 154 4937
180 162 4938
187 70 4939
28 71 4940
196 102 4941
53 71 4942
32 194 4943
152 177 4944
155 39 4945
50 12 4946
106 80 4947
47 90 4948
22 47 4949
120 142 4950
43 9 4951
66 18 4952
25 8 4953
26 129 4954
62 64 4955
65 19 4956
164 50 4957
141 23 4958
99 50 4959
100 137 4960
147 140 4961
124 7 4962
4 62 4963
46 31 4964
16 110 4965
49 53 4966
112 15 4967
36 170 4968
55 81 4969
140 93 4970
158 135 4971
187 56 4972
13 61 4973
131 7 4974
63 80 4975
135 86 4976
75 21 4977
88 41 4978
175 65 4979
171 94 4980
152 16 4981
187 76 4982
107 16 4983
191 157 4984
1 54 4985
13 1 4986
94 139 4987
100 52 4988
64 1 4989
88 152 4990
184 149 4991
143 81 4992
135 99 4993
159 69 4994
58 199 4995
95 149 4996
119 200 4997
199 30 4998
51 43 4999
91 151 5000
102 2 5001
145 35 5002
35 171 5003
8 170 5004
72 81 5005
79 11 5006
5 27 5007
27 23 5008
10 179 5009
138 159 5010
10 182 5011
195 98 5012
27 33 5013
45 142 5014
65 48 5015
85 97 5016
28 67 5017
66 28 5018
197 131 5019
119 10 5020
174 31 5021
191 64 5022
144 163 5023
188 173 5024
151 121 5025
42 32 5026
42 200 5027
1 183 5028
50 98 5029
131 100 5030
69 58 5031
70 120 5032
186 174 5033
93 149 5034
121 15 5035
58 132 5036
122 131 5037
85 43 5038
106 185 5039
70 107 5040
3 190 5041
86 151 5042
20 91 5043
82 31 5044
60 134 5045
50 89 5046
48 118 5047
180 195 5048
26 188 5049
36 108 5050
94 34 5051
40 135 5052
194 147 5053
48 105 5054
113 145 5055
43 159 5056
109 100 5057
33 14 5058
32 62 5059
82 57 5060
100 161 5061
106 181 5062
149 1 5063
154 172 5064
111 91 5065
85 121 5066
107 177 5067
91 180 5068
85 156 5069
117 156 5070
186 193 5071
53 51 5072
91 48 5073
187 110 5074
86 69 5075
158 200 5076
90 39 5077
143 123 5078
147 165 5079
29 30 5080
118 93 5081
112 14 5082
197 53 5083
106 104 5084
110 17 5085
58 15 5086
76 153 5087
96 41 5088
95 160 5089
38 146 5090
13 43 5091
107 61 5092
171 85 5093
38 174 5094
39 50 5095
42 76 5096
19 27 5097
196 67 5098
125 105 5099
158 115 5100
199 97 5101
155 32 5102
170 160 5103
125 44 5104
128 130 5105
147 198 5106
141 16 5107
150 116 5108
162 36 5109
120 19 5110
113 6 5111
32 68 5112
70 141 5113
125 184 5114
188 160 5115
96 122 5116
4 131 5117
191 54 5118
137 108 5119
37 199 5120
24 137 5121
190 19 5122
131 110 5123
199 24 5124
57 12 5125
36 130 5126
197 44 5127
182 15 5128
104 105 5129
10 92 5130
19 106 5131
178 112 5132
61 108 5133
88 194 5134
128 194 5135
193 156 5136
31 155 5137
95 31 5138
41 26 5139
121 65 5140
195 46 5141
81 156 5142
62 142 5143
83 156 5144
81 174 5145
101 98 5146
3 178 5147
133 45 5148
174 56 5149
155 199 5150
162 84 5151
31 177 5152
145 146 5153
108 53 5154
103 123 5155
104 20 5156
115 161 5157
154 86 5158
64 21 5159
195 198 5160
173 135 5161
161 77 5162
22 75 5163
101 169 5164
198 12 5165
20 25 5166
27 182 5167
140 136 5168
59 38 5169
187 121 5170
161 147 5171
172 62 5172
29 94 5173
6 46 5174
69 171 5175
79 152 5176
129 185 5177
90 185 5178
173 129 5179
16 6 5180
125 94 5181
34 86 5182
128 197 5183
182 47 5184
127 87 5185
31 184 5186
183 47 5187
48 60 5188
108 43 5189
191 55 5190
74 50 5191
61 72 5192
22 180 5193
143 136 5194
88 32 5195
91 73 5196
169 181 5197
165 115 5198
175 7 5199
113 114 5200
175 131 5201
17 146 5202
143 91 5203
160 174 5204
43 198 5205
133 27 5206
82 185 5207
115 190 5208
23 199 5209
179 185 5210
121 175 5211
162 96 5212
9 83 5213
35 191 5214
123 51 5215
150 54 5216
29 146 5217
134 77 5218
75 99 5219
135 11 5220
165 62 5221
114 200 5222
137 21 5223
99 139 5224
70 72 5225
138 42 5226
143 71 5227
2 15 5228
132 54 5229
71 84 5230
9 197 5231
1 179 5232
51 82 5233
117 58 5234
172 77 5235
104 62 5236
53 172 5237
177 127 5238
74 123 5239
22 87 5240
176 189 5241
174 78 5242
21 141 5243
176 40 5244
135 160 5245
98 187 5246
188 133 5247
122 199 5248
130 50 5249
141 27 5250
84 185 5251
36 198 5252
32 113 5253
3 51 5254
21 85 5255
141 146 5256
155 47 5257
80 181 5258
33 111 5259
198 156 5260
62 192 5261
10 110 5262
73 77 5263
161 29 5264
200 49 5265
52 20 5266
105 176 5267
50 22 5268
186 146 5269
59 129 5270
139 15 5271
60 29 5272
163 94 5273
134 30 5274
199 114 5275
186 150 5276
186 73 5277
39 49 5278
144 46 5279
180 62 5280
46 147 5281
17 155 5282
10 78 5283
194 96 5284
166 136 5285
196 111 5286
189 185 5287
188 102 5288
168 95 5289
62 129 5290
79 38 5291
25 191 5292
52 1 5293
114 173 5294
55 103 5295
1 165 5296
174 175 5297
94 64 5298
85 57 5299
191 95 5300
124 138 5301
50 64 5302
12 60 5303
199 52 5304
4 148 5305
158 170 5306
165 90 5307
49 80 5308
180 85 5309
196 81 5310
11 168 5311
194 29 5312
150 38 5313
144 98 5314
6 145 5315
115 171 5316
189 153 5317
130 34 5318
138 171 5319
55 2 5320
152 38 5321
85 148 5322
144 9 5323
57 102 5324
102 34 5325
102 26 5326
71 22 5327
95 40 5328
19 32 5329
31 56 5330
90 16 5331
42 189 5332
126 144 5333
51 91 5334
47 13 5335
39 71 5336
122 101 5337
55 28 5338
187 25 5339
43 150 5340
82 17 5341
47 168 5342
91 59 5343
16 31 5344
41 176 5345
86 139 5346
190 142 5347
87 67 5348
149 79 5349
148 101 5350
63 61 5351
7 53 5352
72 135 5353
101 147 5354
96 65 5355
44 124 5356
146 125 5357
27 105 5358
142 54 5359
120 172 5360
97 1 5361
90 51 5362
104 175 5363
160 179 5364
28 174 5365
67 155 5366
36 44 5367
122 126 5368
163 157 5369
177 84 5370
78 38 5371
33 92 5372
26 186 5373
37 95 5374
115 58 5375
33 139 5376
149 151 5377
97 57 5378
147 51 5379
169 85 5380
36 87 5381
139 116 5382
198 118 5383
143 144 5384
3 174 5385
161 101 5386
198 127 5387
121 183 5388
50 178 5389
107 162 5390
76 50 5391
31 64 5392
137 200 5393
172 7 5394
19 23 5395
26 142 5396
85 135 5397
87 116 5398
107 159 5399
93 39 5400
72 143 5401
144 93 5402
18 24 5403
164 67 5404
24 113 5405
61 135 5406
190 175 5407
126 195 5408
190 126 5409
118 153 5410
114 6 5411
59 152 5412
78 42 5413
41 187 5414
7 165 5415
90 105 5416
9 6 5417
17 177 5418
77 62 5419
141 194 5420
95 44 5421
182 24 5422
184 30 5423
133 32 5424
33 99 5425
174 6 5426
39 1 5427
138 83 5428
8 160 5429
175 165 5430
15 192 5431
119 107 5432
121 50 5433
70 140 5434
140 130 5435
58 191 5436
77 124 5437
173 137 5438
79 105 5439
174 120 5440
143 46 5441
163 27 5442
123 150 5443
16 125 5444
126 180 5445
73 126 5446
173 60 5447
110 147 5448
75 67 5449
61 144 5450
142 165 5451
91 67 5452
167 69 5453
8 17 5454
25 133 5455
88 160 5456
168 49 5457
83 121 5458
70 168 5459
176 70 5460
150 91 5461
146 149 5462
91 17 5463
48 123 5464
173 77 5465
41 168 5466
55 64 5467
193 5 5468
113 39 5469
147 55 5470
24 132 5471
90 43 5472
81 54 5473
79 173 5474
99 69 5475
84 92 5476
1 79 5477
98 76 5478
34 199 5479
131 27 5480
44 179 5481
50 110 5482
43 84 5483
128 78 5484
24 130 5485
64 182 5486
88 3 5487
176 183 5488
84 127 5489
179 65 5490
194 40 5491
81 106 5492
110 109 5493
188 98 5494
135 182 5495
28 141 5496
60 189 5497
29 87 5498
156 135 5499
20 139 5500
55 178 5501
114 21 5502
27 56 5503
87 37 5504
135 13 5505
91 161 5506
167 157 5507
142 71 5508
16 169 5509
86 103 5510
96 147 5511
8 152 5512
82 155 5513
72 46 5514
156 172 5515
114 54 5516
158 82 5517
114 146 5518
91 130 5519
15 159 5520
170 25 5521
129 43 5522
127 197 5523
8 47 5524
81 166 5525
64 13 5526
142 72 5527
1 109 5528
181 35 5529
105 114 5530
180 34 5531
170 26 5532
153 48 5533
25 159 5534
147 84 5535
35 6 5536
83 59 5537
58 145 5538
82 109 5539
153 10 5540
19 113 5541
32 197 5542
134 85 5543
26 114 5544
148 194 5545
14 193 5546
25 166 5547
78 148 5548
179 89 5549
104 66 5550
139 158 5551
110 71 5552
105 157 5553
75 58 5554
13 187 5555
29 8 5556
4 58 5557
50 42 5558
127 56 5559
23 7 5560
135 115 5561
88 73 5562
114 175 5563
20 112 5564
78 82 5565
33 77 5566
184 49 5567
164 29 5568
126 22 5569
19 141 5570
4 75 5571
184 90 5572
33 149 5573
17 170 5574
34 152 5575
47 12 5576
120 123 5577
156 194 5578
188 125 5579
95 135 5580
169 94 5581
180 131 5582
23 157 5583
40 171 5584
39 157 5585
123 63 5586
15 69 5587
59 197 5588
170 35 5589
106 197 5590
133 187 5591
121 91 5592
173 156 5593
55 146 5594
96 31 5595
74 21 5596
22 102 5597
119 163 5598
140 179 5599
26 118 5600
23 195 5601
187 71 5602
124 92 5603
86 149 5604
20 131 5605
147 169 5606
30 180 5607
150 109 5608
157 159 5609
46 112 5610
148 147 5611
37 38 5612
23 50 5613
131 89 5614
75 79 5615
36 110 5616
124 14 5617
14 199 5618
68 123 5619
44 126 5620
10 82 5621
59 135 5622
171 89 5623
197 176 5624
99 191 5625
59 79 5626
27 150 5627
158 154 5628
61 200 5629
6 138 5630
41 14 5631
148 72 5632
52 59 5633
161 16 5634
136 96 5635
133 190 5636
50 104 5637
6 39 5638
121 112 5639
139 183 5640
58 60 5641
193 124 5642
172 146 5643
172 190 5644
95 83 5645
193 50 5646
12 134 5647
168 113 5648
33 22 5649
134 1 5650
168 30 5651
187 83 5652
97 19 5653
140 22 5654
68 21 5655
194 180 5656
11 124 5657
86 93 5658
124 1 5659
59 53 5660
121 122 5661
34 145 5662
5 12 5663
148 57 5664
124 70 5665
1 166 5666
161 125 5667
77 155 5668
93 33 5669
21 175 5670
32 152 5671
104 179 5672
167 68 5673
191 184 5674
191 143 5675
124 187 5676
35 76 5677
158 131 5678
100 191 5679
29 129 5680
108 126 5681
170 16 5682
154 162 5683
71 5 5684
37 85 5685
108 142 5686
49 140 5687
40 64 5688
28 81 5689
86 120 5690
177 189 5691
55 74 5692
23 93 5693
78 180 5694
164 72 5695
57 5 5696
53 104 5697
167 177 5698
33 129 5699
40 33 5700
41 43 5701
192 9 5702
94 149 5703
27 103 5704
3 172 5705
28 121 5706
128 141 5707
187 181 5708
1 107 5709
74 151 5710
129 70 5711
128 8 5712
137 101 5713
84 93 5714
111 74 5715
1 186 5716
176 62 5717
187 132 5718
184 107 5719
70 194 5720
74 82 5721
70 17 5722
120 161 5723
136 29 5724
126 142 5725
32 127 5726
119 56 5727
49 193 5728
179 48 5729
100 17 5730
91 38 5731
40 99 5732
52 86 5733
93 100 5734
3 90 5735
118 39 5736
60 115 5737
51 160 5738
119 192 5739
17 7 5740
117 194 5741
3 143 5742
125 14 5743
169 32 5744
198 121 5745
115 47 5746
7 67 5747
28 104 5748
92 75 5749
139 72 5750
120 52 5751
137 16 5752
85 58 5753
60 191 5754
197 60 5755
83 141 5756
105 15 5757
65 97 5758
85 56 5759
60 192 5760
175 69 5761
36 45 5762
123 88 5763
117 96 5764
78 151 5765
196 139 5766
131 71 5767
197 79 5768
24 186 5769
188 57 5770
107 17 5771
189 118 5772
42 186 5773
89 44 5774
114 149 5775
183 62 5776
50 155 5777
134 164 5778
123 193 5779
57 126 5780
93 196 5781
70 164 5782
93 114 5783
90 41 5784
173 100 5785
84 11 5786
171 15 5787
54 93 5788
189 8 5789
128 9 5790
149 187 5791
172 94 5792
145 132 5793
122 93 5794
109 115 5795
91 168 5796
190 186 5797
171 26 5798
45 98 5799
164 76 5800
48 113 5801
92 173 5802
11 81 5803
40 166 5804
101 136 5805
62 194 5806
33 50 5807
31 175 5808
136 74 5809
21 76 5810
115 70 5811
105 40 5812
104 112 5813
67 137 5814
132 59 5815
73 173 5816
169 163 5817
97 26 5818
126 62 5819
83 161 5820
11 108 5821
7 112 5822
73 190 5823
156 120 5824
60 42 5825
169 57 5826
132 55 5827
74 87 5828
182 150 5829
182 117 5830
82 88 5831
124 118 5832
119 88 5833
13 127 5834
127 168 5835
176 81 5836
43 5 5837
66 57 5838
36 120 5839
58 176 5840
162 148 5841
105 20 5842
50 133 5843
77 110 5844
124 9 5845
18 147 5846
143 185 5847
22 61 5848
22 59 5849
183 60 5850
17 94 5851
142 20 5852
3 1 5853
119 13 5854
140 115 5855
161 96 5856
124 35 5857
95 64 5858
136 160 5859
83 8 5860
111 154 5861
190 20 5862
118 89 5863
15 113 5864
77 39 5865
99 48 5866
136 3 5867
150 45 5868
180 166 5869
23 29 5870
164 182 5871
104 149 5872
68 51 5873
53 183 5874
39 145 5875
135 132 5876
171 142 5877
39 57 5878
19 48 5879
79 194 5880
89 39 5881
131 41 5882
114 90 5883
143 103 5884
40 32 5885
16 142 5886
81 76 5887
114 119 5888
95 173 5889
59 121 5890
62 15 5891
12 21 5892
39 188 5893
75 46 5894
84 173 5895
91 85 5896
157 68 5897
76 90 5898
109 194 5899
39 112 5900
164 98 5901
191 189 5902
45 143 5903
93 95 5904
8 143 5905
19 194 5906
147 68 5907
56 83 5908
39 181 5909
70 6 5910
74 44 5911
9 70 5912
22 160 5913
98 175 5914
73 22 5915
3 107 5916
70 31 5917
174 184 5918
41 45 5919
63 104 5920
84 73 5921
148 36 5922
82 50 5923
82 43 5924
88 198 5925
190 123 5926
186 181 5927
171 51 5928
17 52 5929
130 11 5930
75 78 5931
99 183 5932
168 40 5933
9 159 5934
41 150 5935
151 134 5936
9 1 5937
23 40 5938
120 118 5939
194 103 5940
69 158 5941
66 172 5942
71 155 5943
198 128 5944
115 186 5945
192 145 5946
67 33 5947
143 41 5948
40 130 5949
63 41 5950
74 133 5951
182 71 5952
57 124 5953
2 181 5954
116 143 5955
67 55 5956
59 147 5957
74 38 5958
142 117 5959
161 36 5960
3 100 5961
4 66 5962
110 128 5963
129 145 5964
42 101 5965
152 89 5966
169 122 5967
57 155 5968
140 57 5969
34 181 5970
84 120 5971
53 26 5972
21 52 5973
66 22 5974
66 105 5975
133 181 5976
163 54 5977
71 108 5978
81 146 5979
31 87 5980
145 11 5981
142 149 5982
191 36 5983
93 14 5984
130 78 5985
60 153 5986
1 10 5987
79 177 5988
8 91 5989
133 41 5990
7 72 5991
5 9 5992
66 178 5993
181 72 5994
167 108 5995
3 77 5996
79 128 5997
197 185 5998
4 9 5999
113 75 6000
46 128 6001
110 22 6002
133 98 6003
192 74 6004
89 62 6005
186 195 6006
15 188 6007
128 179 6008
117 37 6009
8 66 6010
81 99 6011
11 64 6012
128 81 6013
49 31 6014
32 116 6015
8 23 6016
118 81 6017
134 63 6018
136 83 6019
10 155 6020
138 123 6021
27 92 6022
22 30 6023
76 176 6024
101 143 6025
83 14 6026
164 195 6027
182 40 6028
5 68 6029
72 144 6030
54 55 6031
198 138 6032
87 16 6033
168 151 6034
122 132 6035
22 17 6036
91 119 6037
163 186 6038
173 180 6039
185 110 6040
52 67 6041
125 149 6042
34 6 6043
36 76 6044
132 196 6045
158 108 6046
153 18 6047
102 19 6048
87 144 6049
26 48 6050
107 129 6051
184 89 6052
90 145 6053
185 23 6054
34 173 6055
146 181 6056
196 127 6057
178 103 6058
198 30 6059
130 52 6060
102 12 6061
197 83 6062
37 9 6063
80 66 6064
154 140 6065
57 7 6066
37 139 6067
74 143 6068
50 59 6069
11 16 6070
31 92 6071
93 176 6072
6 21 6073
197 58 6074
35 13 6075
186 182 6076
4 96 6077
102 166 6078
89 144 6079
108 184 6080
126 129 6081
120 61 6082
165 139 6083
50 4 6084
94 49 6085
133 95 6086
68 38 6087
142 124 6088
25 57 6089
47 145 6090
122 56 6091
198 152 6092
67 59 6093
155 172 6094
160 34 6095
98 4 6096
87 95 6097
63 52 6098
26 163 6099
104 43 6100
6 161 6101
54 58 6102
160 21 6103
179 192 6104
111 103 6105
161 176 6106
96 103 6107
165 124 6108
49 159 6109
144 43 6110
96 81 6111
174 97 6112
95 80 6113
102 44 6114
133 1 6115
12 33 6116
42 142 6117
134 128 6118
41 126 6119
161 84 6120
73 192 6121
53 119 6122
190 61 6123
152 161 6124
177 6 6125
2 93 6126
11 17 6127
138 28 6128
9 130 6129
108 104 6130
149 138 6131
185 10 6132
47 54 6133
54 127 6134
144 160 6135
54 45 6136
15 143 6137
171 76 6138
167 151 6139
117 153 6140
12 40 6141
82 23 6142
105 199 6143
10 91 6144
191 115 6145
123 64 6146
45 57 6147
48 139 6148
103 165 6149
171 122 6150
47 179 6151
103 1 6152
19 50 6153
138 92 6154
156 141 6155
9 171 6156
122 57 6157
16 168 6158
108 154 6159
56 7 6160
199 192 6161
73 54 6162
148 183 6163
140 193 6164
128 65 6165
100 171 6166
47 31 6167
28 8 6168
190 101 6169
80 24 6170
102 167 6171
25 155 6172
161 154 6173
34 43 6174
163 167 6175
78 131 6176
100 70 6177
66 194 6178
9 149 6179
72 67 6180
78 8 6181
167 110 6182
78 9 6183
78 155 6184
150 156 6185
87 100 6186
3 193 6187
75 163 6188
135 29 6189
166 159 6190
100 166 6191
116 15 6192
71 48 6193
124 71 6194
35 118 6195
44 37 6196
115 166 6197
25 147 6198
127 100 6199
36 28 6200
2 70 6201
147 154 6202
166 19 6203
65 115 6204
128 98 6205
59 42 6206
50 191 6207
3 110 6208
109 163 6209
198 76 6210
197 135 6211
38 163 6212
176 20 6213
171 156 6214
78 43 6215
126 189 6216
53 165 6217
119 173 6218
178 197 6219
30 174 6220
98 114 6221
119 162 6222
91 3 6223
41 163 6224
118 155 6225
28 200 6226
106 29 6227
107 167 6228
186 75 6229
140 18 6230
140 170 6231
42 106 6232
103 66 6233
42 12 6234
151 106 6235
5 52 6236
40 81 6237
193 171 6238
160 107 6239
149 131 6240
136 131 6241
38 145 6242
76 139 6243
72 153 6244
18 86 6245
183 40 6246
116 126 6247
11 1 6248
53 18 6249
183 93 6250
56 92 6251
21 69 6252
92 68 6253
86 118 6254
77 24 6255
166 6 6256
109 172 6257
29 158 6258
7 176 6259
39 177 6260
42 1 6261
6 59 6262
71 55 6263
86 155 6264
95 131 6265
52 76 6266
191 197 6267
170 105 6268
137 165 6269
144 129 6270
105 26 6271
45 37 6272
63 18 6273
99 45 6274
72 169 6275
146 1 6276
164 45 6277
94 5 6278
28 6 6279
127 3 6280
195 150 6281
139 124 6282
100 50 6283
10 183 6284
87 177 6285
174 196 6286
139 130 6287
166 160 6288
162 77 6289
117 54 6290
90 176 6291
194 6 6292
99 49 6293
44 41 6294
145 49 6295
17 47 6296
35 166 6297
165 114 6298
105 153 6299
100 159 6300
152 70 6301
160 120 6302
93 8 6303
109 122 6304
52 9 6305
159 2 6306
177 26 6307
166 22 6308
104 82 6309
39 147 6310
192 178 6311
152 60 6312
89 127 6313
51 172 6314
82 194 6315
200 149 6316
198 186 6317
21 110 6318
70 53 6319
116 152 6320
26 138 6321
2 76 6322
69 168 6323
72 5 6324
153 173 6325
105 6 6326
123 94 6327
69 13 6328
137 131 6329
30 167 6330
136 34 6331
136 70 6332
83 188 6333
164 149 6334
87 131 6335
124 163 6336
57 32 6337
43 102 6338
12 35 6339
58 35 6340
91 41 6341
167 77 6342
37 128 6343
123 126 6344
156 144 6345
129 190 6346
56 116 6347
187 82 6348
73 78 6349
90 170 6350
49 146 6351
173 15 6352
102 85 6353
111 115 6354
67 135 6355
82 4 6356
106 25 6357
87 123 6358
152 98 6359
46 161 6360
165 6 6361
154 36 6362
4 19 6363
81 168 6364
88 103 6365
64 169 6366
139 42 6367
120 76 6368
190 152 6369
193 51 6370
138 56 6371
168 135 6372
106 174 6373
99 181 6374
18 97 6375
59 8 6376
25 32 6377
83 60 6378
48 54 6379
39 74 6380
157 95 6381
40 121 6382
155 139 6383
26 141 6384
84 148 6385
103 52 6386
120 27 6387
186 82 6388
145 20 6389
175 73 6390
197 4 6391
109 182 6392
25 128 6393
78 172 6394
16 155 6395
158 175 6396
112 115 6397
42 98 6398
79 34 6399
167 34 6400
157 3 6401
122 110 6402
33 125 6403
32 191 6404
186 127 6405
126 182 6406
22 170 6407
177 109 6408
140 164 6409
179 69 6410
183 46 6411
67 63 6412
169 45 6413
97 136 6414
33 11 6415
118 9 6416
122 167 6417
130 118 6418
164 168 6419
5 115 6420
171 158 6421
184 142 6422
155 100 6423
34 141 6424
9 94 6425
195 3 6426
87 59 6427
157 65 6428
20 197 6429
85 185 6430
87 114 6431
32 83 6432
108 57 6433
76 110 6434
169 98 6435
190 149 6436
24 19 6437
190 29 6438
44 184 6439
51 95 6440
1 72 6441
109 187 6442
123 66 6443
105 158 6444
189 173 6445
36 98 6446
157 40 6447
71 66 6448
7 15 6449
186 25 6450
192 102 6451
131 162 6452
174 55 6453
7 104 6454
195 14 6455
4 170 6456
161 140 6457
183 31 6458
159 7 6459
140 39 6460
144 14 6461
113 192 6462
147 70 6463
102 143 6464
26 140 6465
53 171 6466
31 28 6467
68 168 6468
153 113 6469
3 65 6470
37 155 6471
7 16 6472
56 29 6473
52 33 6474
132 64 6475
47 140 6476
69 156 6477
26 107 6478
190 74 6479
143 57 6480
90 84 6481
16 43 6482
14 157 6483
185 2 6484
134 146 6485
3 64 6486
106 124 6487
191 75 6488
141 188 6489
37 200 6490
92 116 6491
74 172 6492
89 135 6493
185 86 6494
188 198 6495
41 77 6496
29 32 6497
19 153 6498
133 87 6499
10 102 6500
54 166 6501
146 152 6502
156 148 6503
166 32 6504
60 1 6505
79 60 6506
42 164 6507
25 100 6508
148 137 6509
92 19 6510
148 141 6511
32 117 6512
29 150 6513
48 171 6514
100 152 6515
151 84 6516
105 36 6517
93 126 6518
49 45 6519
189 33 6520
150 162 6521
107 179 6522
132 129 6523
88 128 6524
181 132 6525
1 56 6526
102 93 6527
57 154 6528
116 185 6529
92 171 6530
51 138 6531
110 85 6532
119 166 6533
28 48 6534
18 65 6535
129 182 6536
63 124 6537
20 128 6538
192 46 6539
108 119 6540
172 65 6541
85 129 6542
111 82 6543
181 30 6544
185 39 6545
1 136 6546
30 84 6547
149 84 6548
60 62 6549
9 188 6550
143 99 6551
59 75 6552
24 128 6553
131 177 6554
39 94 6555
78 93 6556
79 56 6557
55 75 6558
14 37 6559
90 192 6560
101 60 6561
27 61 6562
85 28 6563
169 51 6564
49 87 6565
1 161 6566
84 35 6567
21 191 6568
99 27 6569
132 68 6570
142 93 6571
16 42 6572
85 73 6573
127 151 6574
110 116 6575
42 192 6576
72 93 6577
14 36 6578
137 9 6579
22 55 6580
95 38 6581
114 63 6582
28 185 6583
52 58 6584
20 72 6585
97 14 6586
69 95 6587
47 36 6588
127 45 6589
143 149 6590
175 118 6591
12 14 6592
61 39 6593
7 190 6594
50 146 6595
185 87 6596
127 119 6597
62 91 6598
200 7 6599
97 103 6600
53 74 6601
92 24 6602
115 97 6603
121 79 6604
132 30 6605
139 142 6606
155 107 6607
114 158 6608
117 163 6609
77 169 6610
119 143 6611
4 26 6612
26 16 6613
88 29 6614
76 83 6615
83 102 6616
52 150 6617
13 166 6618
151 90 6619
197 74 6620
122 33 6621
183 8 6622
131 154 6623
81 107 6624
108 181 6625
103 139 6626
86 130 6627
101 171 6628
38 162 6629
184 77 6630
100 118 6631
94 83 6632
11 39 6633
9 80 6634
195 141 6635
98 33 6636
172 177 6637
58 179 6638
144 28 6639
116 14 6640
162 68 6641
169 194 6642
65 89 6643
147 153 6644
122 66 6645
42 144 6646
113 51 6647
73 33 6648
40 161 6649
17 178 6650
77 11 6651
196 42 6652
8 35 6653
155 49 6654
82 110 6655
193 181 6656
71 167 6657
109 193 6658
62 114 6659
153 13 6660
142 178 6661
23 177 6662
23 167 6663
124 25 6664
183 87 6665
38 126 6666
48 150 6667
173 28 6668
129 58 6669
119 197 6670
144 36 6671
178 143 6672
85 83 6673
106 162 6674
165 187 6675
198 131 6676
183 67 6677
18 119 6678
54 108 6679
6 15 6680
29 118 6681
163 174 6682
96 179 6683
15 186 6684
103 78 6685
135 35 6686
197 55 6687
126 52 6688
63 2 6689
127 46 6690
33 24 6691
181 37 6692
75 173 6693
124 34 6694
12 27 6695
66 135 6696
17 19 6697
175 145 6698
31 168 6699
113 82 6700
172 165 6701
144 151 6702
164 137 6703
134 118 6704
45 25 6705
127 77 6706
180 10 6707
80 134 6708
22 156 6709
197 152 6710
128 43 6711
75 116 6712
24 91 6713
31 132 6714
196 171 6715
127 120 6716
197 124 6717
149 81 6718
144 172 6719
187 36 6720
11 162 6721
134 187 6722
169 95 6723
63 153 6724
147 108 6725
66 99 6726
60 96 6727
88 189 6728
54 30 6729
5 108 6730
24 187 6731
60 110 6732
166 34 6733
154 135 6734
136 100 6735
119 196 6736
26 43 6737
99 116 6738
84 94 6739
177 151 6740
3 42 6741
83 191 6742
158 18 6743
166 23 6744
164 177 6745
92 152 6746
171 75 6747
157 81 6748
135 20 6749
177 41 6750
97 112 6751
129 99 6752
168 189 6753
197 186 6754
62 12 6755
10 148 6756
59 61 6757
113 74 6758
57 110 6759
30 101 6760
182 85 6761
59 172 6762
83 80 6763
14 127 6764
180 157 6765
116 151 6766
125 133 6767
134 198 6768
66 10 6769
27 100 6770
39 183 6771
133 55 6772
180 77 6773
184 20 6774
171 99 6775
113 194 6776
40 110 6777
152 117 6778
94 18 6779
106 165 6780
164 11 6781
139 98 6782
37 188 6783
103 26 6784
195 152 6785
197 8 6786
29 199 6787
29 58 6788
102 157 6789
71 163 6790
130 109 6791
131 156 6792
173 1 6793
97 178 6794
155 190 6795
124 68 6796
162 60 6797
198 84 6798
15 132 6799
4 99 6800
178 135 6801
98 83 6802
45 192 6803
133 16 6804
190 109 6805
26 189 6806
25 174 6807
172 41 6808
168 13 6809
17 64 6810
200 74 6811
131 151 6812
73 149 6813
95 8 6814
151 32 6815
116 28 6816
23 67 6817
97 66 6818
102 105 6819
146 182 6820
164 4 6821
186 20 6822
117 138 6823
7 24 6824
95 143 6825
189 36 6826
87 30 6827
67 102 6828
121 126 6829
119 139 6830
75 119 6831
25 105 6832
161 151 6833
18 156 6834
125 10 6835
65 44 6836
132 137 6837
94 111 6838
119 178 6839
21 106 6840
79 66 6841
42 63 6842
88 183 6843
182 88 6844
200 76 6845
158 5 6846
119 149 6847
86 105 6848
167 150 6849
5 172 6850
93 45 6851
112 38 6852
13 32 6853
85 33 6854
128 174 6855
110 96 6856
116 4 6857
160 40 6858
42 110 6859
50 67 6860
45 61 6861
95 25 6862
196 76 6863
124 131 6864
87 46 6865
86 140 6866
29 179 6867
50 132 6868
149 176 6869
35 41 6870
7 110 6871
42 183 6872
41 72 6873
49 192 6874
46 17 6875
196 175 6876
11 34 6877
85 62 6878
113 77 6879
77 76 6880
23 119 6881
146 12 6882
116 66 6883
161 72 6884
105 175 6885
6 190 6886
76 38 6887
11 182 6888
180 93 6889
94 70 6890
67 41 6891
10 76 6892
68 175 6893
80 102 6894
68 78 6895
22 77 6896
32 134 6897
82 141 6898
14 15 6899
188 92 6900
42 185 6901
16 92 6902
140 83 6903
128 96 6904
25 14 6905
198 169 6906
141 172 6907
166 36 6908
158 59 6909
77 90 6910
117 145 6911
35 100 6912
6 109 6913
63 112 6914
126 177 6915
6 124 6916
177 65 6917
182 194 6918
53 115 6919
159 99 6920
174 40 6921
24 131 6922
145 28 6923
118 166 6924
101 20 6925
149 141 6926
185 95 6927
24 173 6928
145 82 6929
175 197 6930
105 16 6931
19 11 6932
107 105 6933
150 138 6934
194 174 6935
113 174 6936
56 143 6937
155 175 6938
151 40 6939
69 48 6940
150 79 6941
63 136 6942
64 86 6943
130 144 6944
186 9 6945
112 93 6946
190 94 6947
154 116 6948
82 64 6949
37 61 6950
14 178 6951
86 161 6952
159 17 6953
175 8 6954
114 32 6955
79 153 6956
196 103 6957
26 149 6958
87 138 6959
3 28 6960
45 97 6961
65 139 6962
176 168 6963
50 52 6964
61 150 6965
149 5 6966
23 5 6967
156 62 6968
84 49 6969
199 9 6970
52 115 6971
161 105 6972
181 68 6973
128 5 6974
19 165 6975
122 102 6976
147 195 6977
80 6 6978
124 186 6979
133 100 6980
17 126 6981
147 144 6982
6 128 6983
104 44 6984
37 180 6985
68 135 6986
19 110 6987
7 170 6988
65 87 6989
169 99 6990
15 47 6991
27 17 6992
145 155 6993
172 149 6994
189 195 6995
158 89 6996
28 127 6997
118 139 6998
195 92 6999
94 150 7000
49 170 7001
79 86 7002
128 151 7003
143 21 7004
170 10 7005
24 200 7006
33 167 7007
62 186 7008
117 21 7009
188 157 7010
36 126 7011
112 157 7012
21 102 7013
77 107 7014
35 66 7015
13 84 7016
181 91 7017
14 161 7018
79 164 7019
57 177 7020
113 91 7021
158 70 7022
192 107 7023
50 47 7024
152 13 7025
4 142 7026
88 117 7027
127 165 7028
31 73 7029
186 60 7030
23 78 7031
33 49 7032
3 142 7033
128 80 7034
59 66 7035
17 192 7036
127 121 7037
189 172 7038
181 10 7039
96 49 7040
178 28 7041
197 40 7042
80 190 7043
38 119 7044
5 179 7045
147 164 7046
50 161 7047
102 149 7048
68 129 7049
196 187 7050
119 60 7051
78 101 7052
17 135 7053
5 132 7054
103 154 7055
192 64 7056
79 136 7057
166 20 7058
183 13 7059
199 191 7060
25 70 7061
90 10 7062
13 139 7063
15 146 7064
179 198 7065
95 85 7066
110 158 7067
108 20 7068
100 68 7069
16 188 7070
54 169 7071
121 138 7072
154 151 7073
111 16 7074
82 48 7075
195 97 7076
7 5 7077
80 191 7078
159 26 7079
167 35 7080
1 199 7081
90 187 7082
123 11 7083
163 98 7084
50 145 7085
121 104 7086
179 174 7087
190 10 7088
109 37 7089
13 5 7090
141 122 7091
3 15 7092
119 136 7093
48 51 7094
126 50 7095
155 158 7096
176 8 7097
187 200 7098
26 76 7099
92 17 7100
118 116 7101
185 104 7102
196 43 7103
193 27 7104
151 109 7105
5 120 7106
22 67 7107
43 80 7108
134 112 7109
86 190 7110
140 108 7111
141 60 7112
51 74 7113
92 192 7114
93 192 7115
5 118 7116
198 75 7117
188 197 7118
98 8 7119
65 170 7120
114 43 7121
147 171 7122
38 173 7123
30 128 7124
47 165 7125
144 12 7126
42 94 7127
129 20 7128
61 136 7129
165 24 7130
20 137 7131
13 91 7132
8 33 7133
187 142 7134
172 116 7135
151 150 7136
103 131 7137
59 178 7138
32 91 7139
157 80 7140
43 50 7141
50 38 7142
158 146 7143
141 168 7144
80 153 7145
3 9 7146
31 178 7147
102 54 7148
132 29 7149
184 195 7150
85 70 7151
156 56 7152
198 17 7153
54 83 7154
66 120 7155
163 143 7156
35 46 7157
80 199 7158
83 67 7159
39 125 7160
36 43 7161
193 98 7162
16 80 7163
24 146 7164
129 34 7165
166 41 7166
63 199 7167
80 166 7168
163 82 7169
39 200 7170
78 17 7171
4 20 7172
93 75 7173
115 187 7174
99 92 7175
133 156 7176
195 136 7177
153 187 7178
171 86 7179
85 140 7180
76 147 7181
168 82 7182
15 52 7183
21 47 7184
122 133 7185
159 184 7186
125 85 7187
178 100 7188
170 181 7189
54 195 7190
136 44 7191
100 110 7192
25 72 7193
86 128 7194
133 127 7195
160 63 7196
146 16 7197
55 69 7198
32 81 7199
172 195 7200
3 71 7201
190 35 7202
200 4 7203
72 171 7204
197 117 7205
13 80 7206
143 67 7207
37 144 7208
26 187 7209
191 86 7210
197 73 7211
146 168 7212
176 118 7213
47 68 7214
129 146 7215
56 190 7216
19 129 7217
135 114 7218
120 62 7219
45 20 7220
141 52 7221
90 32 7222
173 68 7223
91 128 7224
85 5 7225
199 126 7226
183 124 7227
12 70 7228
106 180 7229
185 113 7230
116 142 7231
129 3 7232
116 176 7233
151 162 7234
109 173 7235
67 35 7236
113 157 7237
187 29 7238
21 148 7239
100 4 7240
184 161 7241
91 170 7242
121 57 7243
69 112 7244
12 41 7245
144 145 7246
179 82 7247
25 90 7248
167 159 7249
72 156 7250
100 28 7251
63 83 7252
146 197 7253
53 56 7254
146 166 7255
186 140 7256
18 135 7257
144 164 7258
68 151 7259
178 40 7260
26 160 7261
38 81 7262
185 96 7263
144 135 7264
41 194 7265
97 105 7266
179 130 7267
184 51 7268
186 85 7269
104 15 7270
28 44 7271
93 101 7272
39 28 7273
40 163 7274
22 54 7275
187 16 7276
61 105 7277
144 65 7278
75 111 7279
61 189 7280
24 35 7281
41 181 7282
197 196 7283
130 106 7284
14 43 7285
45 112 7286
16 48 7287
200 190 7288
168 78 7289
76 154 7290
58 136 7291
24 47 7292
194 145 7293
56 86 7294
147 83 7295
68 2 7296
117 90 7297
86 37 7298
125 143 7299
170 118 7300
132 161 7301
95 162 7302
33 17 7303
31 137 7304
62 23 7305
8 192 7306
99 187 7307
63 43 7308
48 161 7309
62 29 7310
42 24 7311
129 139 7312
138 30 7313
68 146 7314
81 110 7315
135 147 7316
88 12 7317
191 106 7318
113 177 7319
159 23 7320
94 26 7321
159 76 7322
144 136 7323
128 161 7324
29 198 7325
162 159 7326
200 75 7327
62 123 7328
53 21 7329
58 97 7330
33 128 7331
113 156 7332
104 13 7333
194 136 7334
42 49 7335
187 139 7336
122 71 7337
59 43 7338
62 87 7339
163 104 7340
19 43 7341
53 10 7342
18 122 7343
83 12 7344
76 134 7345
162 170 7346
44 190 7347
29 52 7348
132 17 7349
33 39 7350
122 153 7351
94 89 7352
5 41 7353
77 188 7354
8 80 7355
190 99 7356
73 16 7357
83 128 7358
166 148 7359
79 123 7360
5 10 7361
85 80 7362
178 27 7363
34 2 7364
97 99 7365
105 76 7366
63 13 7367
179 175 7368
194 157 7369
178 156 7370
55 102 7371
176 78 7372
70 144 7373
182 127 7374
52 172 7375
162 160 7376
78 74 7377
89 69 7378
37 43 7379
194 5 7380
140 73 7381
14 156 7382
167 18 7383
134 23 7384
175 181 7385
131 51 7386
95 152 7387
123 132 7388
133 64 7389
73 196 7390
37 146 7391
178 106 7392
166 17 7393
153 198 7394
117 115 7395
28 80 7396
153 108 7397
68 13 7398
1 129 7399
80 97 7400
192 2 7401
11 40 7402
36 53 7403
120 65 7404
166 133 7405
10 130 7406
134 109 7407
87 157 7408
110 129 7409
16 45 7410
176 174 7411
48 188 7412
137 183 7413
142 86 7414
151 92 7415
89 160 7416
97 135 7417
174 71 7418
150 142 7419
93 22 7420
12 196 7421
190 13 7422
79 143 7423
140 200 7424
47 144 7425
24 188 7426
113 34 7427
16 54 7428
193 45 7429
159 35 7430
168 138 7431
48 134 7432
200 106 7433
155 29 7434
140 101 7435
124 66 7436
167 180 7437
100 116 7438
66 29 7439
56 180 7440
149 2 7441
6 158 7442
94 140 7443
70 198 7444
167 98 7445
76 135 7446
22 186 7447
12 145 7448
158 188 7449
54 24 7450
9 110 7451
131 150 7452
73 48 7453
45 116 7454
40 193 7455
99 23 7456
51 56 7457
193 183 7458
160 61 7459
91 57 7460
138 11 7461
133 197 7462
148 88 7463
49 103 7464
86 193 7465
148 58 7466
162 175 7467
110 141 7468
139 125 7469
189 87 7470
18 20 7471
102 70 7472
82 90 7473
100 7 7474
67 6 7475
39 101 7476
149 144 7477
47 113 7478
128 132 7479
141 67 7480
168 159 7481
142 80 7482
119 104 7483
66 142 7484
117 141 7485
68 95 7486
123 162 7487
26 117 7488
69 18 7489
62 65 7490
7 41 7491
105 34 7492
27 104 7493
7 139 7494
44 113 7495
188 155 7496
123 139 7497
176 127 7498
144 197 7499
166 150 7500
171 157 7501
200 35 7502
56 93 7503
46 21 7504
15 174 7505
77 58 7506
183 131 7507
166 182 7508
161 61 7509
132 92 7510
108 93 7511
96 143 7512
154 197 7513
120 200 7514
90 55 7515
66 5 7516
128 52 7517
60 171 7518
75 61 7519
64 16 7520
182 8 7521
94 109 7522
123 80 7523
11 38 7524
143 186 7525
165 145 7526
196 13 7527
29 79 7528
41 75 7529
176 14 7530
183 122 7531
87 21 7532
117 169 7533
101 112 7534
25 115 7535
123 147 7536
195 5 7537
2 20 7538
124 51 7539
15 177 7540
32 74 7541
72 133 7542
114 168 7543
79 65 7544
117 50 7545
76 112 7546
39 128 7547
75 56 7548
45 113 7549
177 143 7550
100 20 7551
98 41 7552
125 83 7553
73 24 7554
172 100 7555
19 78 7556
114 108 7557
177 116 7558
195 193 7559
108 99 7560
48 131 7561
117 127 7562
185 1 7563
25 23 7564
2 43 7565
137 36 7566
150 6 7567
147 111 7568
146 52 7569
125 55 7570
48 175 7571
124 53 7572
33 130 7573
193 142 7574
27 82 7575
37 119 7576
92 134 7577
26 63 7578
65 119 7579
51 58 7580
198 1 7581
41 87 7582
198 45 7583
45 159 7584
38 14 7585
89 177 7586
146 162 7587
152 142 7588
178 86 7589
146 111 7590
23 194 7591
166 181 7592
192 195 7593
129 123 7594
51 27 7595
48 115 7596
87 159 7597
68 83 7598
140 81 7599
51 154 7600
37 53 7601
187 169 7602
53 139 7603
29 177 7604
61 112 7605
102 125 7606
8 79 7607
105 190 7608
9 109 7609
89 90 7610
184 24 7611
31 57 7612
60 103 7613
163 43 7614
105 92 7615
108 169 7616
63 103 7617
99 110 7618
50 79 7619
36 63 7620
152 105 7621
107 125 7622
83 44 7623
95 50 7624
33 15 7625
145 190 7626
126 179 7627
70 8 7628
151 51 7629
163 36 7630
159 54 7631
108 38 7632
166 68 7633
135 149 7634
16 186 7635
93 96 7636
65 146 7637
104 118 7638
144 173 7639
181 140 7640
120 99 7641
144 118 7642
198 14 7643
65 113 7644
28 105 7645
119 156 7646
194 119 7647
34 60 7648
21 129 7649
151 195 7650
95 26 7651
185 78 7652
160 6 7653
141 17 7654
100 142 7655
113 93 7656
97 31 7657
69 104 7658
55 172 7659
139 153 7660
192 53 7661
120 8 7662
70 19 7663
47 102 7664
172 133 7665
6 3 7666
99 105 7667
32 181 7668
189 73 7669
11 95 7670
98 39 7671
82 178 7672
26 34 7673
19 91 7674
13 125 7675
3 180 7676
24 69 7677
185 147 7678
114 172 7679
47 97 7680
102 9 7681
164 89 7682
3 138 7683
17 111 7684
6 107 7685
55 123 7686
109 95 7687
19 159 7688
185 111 7689
6 11 7690
161 81 7691
194 63 7692
16 194 7693
168 17 7694
178 111 7695
188 183 7696
163 62 7697
85 78 7698
130 170 7699
105 127 7700
158 130 7701
150 76 7702
97 62 7703
195 42 7704
7 161 7705
113 158 7706
54 86 7707
65 111 7708
157 195 7709
192 176 7710
105 180 7711
124 24 7712
19 58 7713
111 60 7714
199 84 7715
184 40 7716
88 144 7717
114 94 7718
130 100 7719
5 116 7720
143 93 7721
26 66 7722
147 128 7723
79 104 7724
77 142 7725
121 41 7726
24 143 7727
139 135 7728
157 111 7729
166 151 7730
101 141 7731
6 104 7732
52 135 7733
110 59 7734
84 72 7735
9 185 7736
114 11 7737
163 129 7738
11 113 7739
6 20 7740
24 160 7741
170 15 7742
172 178 7743
194 178 7744
47 138 7745
109 198 7746
145 126 7747
29 80 7748
56 8 7749
105 35 7750
61 195 7751
94 196 7752
43 15 7753
134 71 7754
164 127 7755
133 39 7756
147 119 7757
69 143 7758
197 78 7759
95 187 7760
1 121 7761
91 117 7762
185 21 7763
7 28 7764
50 66 7765
28 46 7766
71 12 7767
28 11 7768
77 1 7769
181 86 7770
119 100 7771
17 24 7772
157 25 7773
61 97 7774
180 200 7775
171 78 7776
156 36 7777
155 159 7778
154 189 7779
151 126 7780
176 148 7781
176 100 7782
34 100 7783
59 15 7784
83 17 7785
52 8 7786
132 51 7787
24 142 7788
51 156 7789
129 177 7790
57 16 7791
133 182 7792
147 71 7793
38 44 7794
160 156 7795
56 146 7796
141 150 7797
75 139 7798
124 195 7799
132 199 7800
61 62 7801
66 86 7802
74 177 7803
8 174 7804
150 161 7805
120 171 7806
31 27 7807
181 182 7808
17 45 7809
141 55 7810
200 71 7811
121 81 7812
174 52 7813
197 52 7814
194 154 7815
166 31 7816
21 195 7817
110 87 7818
47 10 7819
5 93 7820
194 160 7821
20 182 7822
101 115 7823
81 167 7824
130 104 7825
181 137 7826
186 134 7827
176 51 7828
179 177 7829
196 91 7830
126 33 7831
136 99 7832
114 33 7833
100 185 7834
27 162 7835
95 198 7836
163 139 7837
11 99 7838
161 44 7839
182 184 7840
165 144 7841
44 72 7842
144 106 7843
144 63 7844
20 84 7845
21 124 7846
12 169 7847
94 105 7848
165 60 7849
23 106 7850
166 77 7851
154 15 7852
185 83 7853
123 142 7854
120 28 7855
182 93 7856
157 56 7857
154 47 7858
161 51 7859
37 10 7860
181 148 7861
74 7 7862
145 65 7863
141 1 7864
142 154 7865
147 79 7866
126 92 7867
71 137 7868
109 53 7869
50 56 7870
80 124 7871
99 133 7872
15 74 7873
75 82 7874
167 175 7875
136 109 7876
38 157 7877
122 94 7878
199 25 7879
29 172 7880
26 90 7881
18 31 7882
23 3 7883
118 87 7884
195 15 7885
33 94 7886
75 60 7887
133 135 7888
38 200 7889
149 134 7890
93 153 7891
122 79 7892
31 29 7893
82 103 7894
52 185 7895
39 41 7896
121 67 7897
63 1 7898
172 113 7899
192 177 7900
185 36 7901
126 178 7902
175 200 7903
4 194 7904
38 57 7905
72 63 7906
96 54 7907
166 95 7908
67 98 7909
89 176 7910
138 66 7911
124 20 7912
92 166 7913
88 66 7914
141 86 7915
178 150 7916
178 71 7917
58 2 7918
37 47 7919
59 26 7920
183 182 7921
147 132 7922
62 72 7923
161 85 7924
16 69 7925
188 87 7926
200 174 7927
82 175 7928
61 33 7929
130 174 7930
89 84 7931
22 31 7932
166 74 7933
98 124 7934
69 166 7935
124 180 7936
3 35 7937
9 63 7938
191 13 7939
9 163 7940
22 29 7941
190 38 7942
48 177 7943
18 16 7944
53 35 7945
199 95 7946
147 20 7947
164 35 7948
188 70 7949
91 178 7950
30 165 7951
137 178 7952
86 67 7953
163 142 7954
86 147 7955
18 48 7956
26 83 7957
24 84 7958
125 191 7959
190 122 7960
24 100 7961
91 177 7962
41 38 7963
75 52 7964
106 114 7965
120 179 7966
54 61 7967
68 101 7968
81 87 7969
13 21 7970
151 192 7971
23 144 7972
145 176 7973
72 115 7974
74 8 7975
93 76 7976
153 151 7977
116 122 7978
36 56 7979
171 119 7980
56 198 7981
55 119 7982
123 61 7983
1 139 7984
73 131 7985
186 157 7986
172 164 7987
73 123 7988
77 31 7989
183 76 7990
127 15 7991
19 22 7992
172 108 7993
182 157 7994
9 189 7995
72 118 7996
60 59 7997
188 105 7998
144 6 7999
136 192 8000
116 61 8001
64 84 8002
82 46 8003
82 61 8004
53 120 8005
13 194 8006
155 161 8007
83 169 8008
94 156 8009
139 90 8010
34 51 8011
136 60 8012
49 167 8013
7 94 8014
94 162 8015
88 13 8016
99 20 8017
109 66 8018
112 26 8019
36 84 8020
68 195 8021
72 71 8022
68 35 8023
70 49 8024
32 59 8025
16 85 8026
119 154 8027
22 104 8028
78 26 8029
74 106 8030
159 196 8031
52 139 8032
45 63 8033
47 175 8034
84 18 8035
195 120 8036
151 120 8037
109 30 8038
106 83 8039
101 72 8040
52 89 8041
129 40 8042
89 81 8043
187 154 8044
44 39 8045
18 77 8046
143 188 8047
55 167 8048
174 102 8049
10 85 8050
122 172 8051
58 130 8052
70 146 8053
35 48 8054
37 54 8055
39 173 8056
123 84 8057
66 141 8058
100 194 8059
191 118 8060
119 159 8061
12 160 8062
75 90 8063
147 8 8064
29 107 8065
74 171 8066
97 179 8067
65 197 8068
126 143 8069
45 153 8070
43 138 8071
35 196 8072
81 3 8073
183 178 8074
24 110 8075
122 44 8076
33 166 8077
46 10 8078
169 140 8079
107 143 8080
110 38 8081
178 26 8082
10 51 8083
9 129 8084
95 159 8085
84 163 8086
18 35 8087
43 197 8088
116 191 8089
107 86 8090
134 178 8091
92 49 8092
72 112 8093
22 60 8094
41 147 8095
88 48 8096
85 136 8097
30 20 8098
8 11 8099
164 159 8100
150 170 8101
82 86 8102
143 90 8103
193 42 8104
175 20 8105
151 99 8106
2 153 8107
177 37 8108
125 175 8109
17 154 8110
182 7 8111
101 138 8112
9 140 8113
19 192 8114
40 68 8115
196 41 8116
98 95 8117
37 30 8118
77 179 8119
11 48 8120
91 60 8121
108 130 8122
52 152 8123
54 39 8124
135 121 8125
174 12 8126
99 156 8127
176 65 8128
72 55 8129
195 11 8130
126 91 8131
43 31 8132
65 190 8133
63 47 8134
112 6 8135
74 17 8136
56 134 8137
22 10 8138
3 188 8139
94 191 8140
130 146 8141
178 144 8142
145 98 8143
119 2 8144
97 117 8145
74 47 8146
159 117 8147
103 110 8148
116 194 8149
133 165 8150
51 155 8151
59 120 8152
119 17 8153
166 196 8154
172 64 8155
175 50 8156
163 21 8157
128 133 8158
100 117 8159
73 102 8160
138 29 8161
85 22 8162
183 144 8163
196 134 8164
158 141 8165
199 149 8166
45 191 8167
24 185 8168
97 134 8169
126 111 8170
171 129 8171
192 20 8172
17 140 8173
122 1 8174
136 105 8175
52 78 8176
143 184 8177
180 190 8178
30 51 8179
137 96 8180
164 163 8181
175 59 8182
72 13 8183
67 142 8184
194 36 8185
64 92 8186
166 89 8187
95 79 8188
93 10 8189
194 3 8190
61 145 8191
5 191 8192
76 165 8193
114 144 8194
199 182 8195
149 54 8196
197 31 8197
152 23 8198
129 130 8199
114 58 8200
76 41 8201
66 30 8202
166 131 8203
15 197 8204
26 33 8205
122 99 8206
112 67 8207
153 155 8208
70 38 8209
195 37 8210
106 53 8211
86 109 8212
48 61 8213
95 60 8214
109 157 8215
115 9 8216
37 187 8217
54 41 8218
19 154 8219
125 68 8220
111 5 8221
102 193 8222
157 92 8223
83 36 8224
79 160 8225
148 193 8226
134 81 8227
156 101 8228
61 9 8229
110 155 8230
185 4 8231
111 140 8232
138 69 8233
4 5 8234
36 41 8235
62 140 8236
128 11 8237
63 65 8238
173 136 8239
151 108 8240
174 150 8241
135 145 8242
166 169 8243
61 157 8244
49 127 8245
169 96 8246
63 168 8247
162 149 8248
21 177 8249
115 164 8250
164 102 8251
142 121 8252
115 141 8253
116 155 8254
75 57 8255
92 48 8256
71 197 8257
109 87 8258
74 175 8259
30 55 8260
81 119 8261
187 157 8262
3 112 8263
92 176 8264
186 35 8265
75 15 8266
113 143 8267
88 6 8268
195 144 8269
191 148 8270
24 161 8271
21 89 8272
86 40 8273
174 91 8274
30 68 8275
177 114 8276
133 178 8277
11 122 8278
187 31 8279
86 99 8280
157 48 8281
93 29 8282
132 121 8283
2 5 8284
86 87 8285
140 52 8286
189 41 8287
95 23 8288
162 140 8289
33 178 8290
92 97 8291
167 70 8292
175 192 8293
107 36 8294
43 56 8295
120 121 8296
41 100 8297
35 70 8298
106 52 8299
174 132 8300
200 141 8301
185 70 8302
23 100 8303
10 96 8304
196 40 8305
106 5 8306
32 118 8307
150 191 8308
41 52 8309
116 190 8310
180 150 8311
172 91 8312
21 135 8313
103 177 8314
108 96 8315
90 125 8316
123 151 8317
120 50 8318
93 64 8319
162 163 8320
94 145 8321
138 192 8322
117 68 8323
177 161 8324
175 10 8325
60 138 8326
13 123 8327
106 194 8328
180 7 8329
138 84 8330
3 26 8331
77 164 8332
141 169 8333
100 197 8334
67 123 8335
109 161 8336
108 144 8337
92 136 8338
65 194 8339
47 130 8340
124 36 8341
186 94 8342
35 165 8343
155 111 8344
13 51 8345
177 93 8346
108 149 8347
115 180 8348
187 106 8349
137 87 8350
69 84 8351
88 98 8352
194 198 8353
112 108 8354
61 40 8355
128 146 8356
115 56 8357
170 139 8358
96 197 8359
73 115 8360
121 147 8361
24 30 8362
157 51 8363
95 12 8364
6 69 8365
142 22 8366
69 10 8367
131 46 8368
144 92 8369
187 122 8370
21 91 8371
127 9 8372
92 36 8373
156 32 8374
188 62 8375
98 190 8376
165 113 8377
62 58 8378
78 48 8379
7 58 8380
67 172 8381
185 183 8382
11 118 8383
33 56 8384
88 106 8385
20 161 8386
188 150 8387
113 122 8388
94 192 8389
193 70 8390
75 10 8391
190 154 8392
13 77 8393
58 33 8394
47 160 8395
158 30 8396
148 73 8397
20 132 8398
157 12 8399
71 54 8400
85 20 8401
151 46 8402
158 78 8403
65 191 8404
1 34 8405
177 46 8406
116 77 8407
62 144 8408
38 64 8409
39 13 8410
174 182 8411
155 122 8412
123 125 8413
123 47 8414
19 6 8415
96 167 8416
56 162 8417
152 46 8418
140 124 8419
168 37 8420
147 19 8421
23 179 8422
112 103 8423
27 190 8424
39 55 8425
42 4 8426
80 103 8427
157 103 8428
96 58 8429
108 35 8430
111 141 8431
87 50 8432
99 73 8433
63 167 8434
19 173 8435
185 101 8436
53 175 8437
51 200 8438
131 77 8439
156 74 8440
185 79 8441
184 144 8442
190 160 8443
135 39 8444
15 122 8445
184 32 8446
94 127 8447
3 8 8448
52 159 8449
11 165 8450
191 26 8451
187 51 8452
103 67 8453
97 187 8454
82 21 8455
29 83 8456
47 58 8457
169 130 8458
84 168 8459
113 52 8460
180 164 8461
47 181 8462
146 51 8463
100 193 8464
85 47 8465
32 150 8466
77 93 8467
104 68 8468
55 68 8469
137 61 8470
73 14 8471
139 85 8472
8 86 8473
54 15 8474
87 128 8475
152 49 8476
31 163 8477
120 109 8478
166 105 8479
32 122 8480
106 125 8481
20 74 8482
21 193 8483
138 39 8484
141 127 8485
61 166 8486
6 135 8487
138 137 8488
132 62 8489
195 95 8490
73 103 8491
50 25 8492
32 65 8493
75 143 8494
14 27 8495
15 90 8496
149 22 8497
122 185 8498
105 8 8499
182 21 8500
73 104 8501
90 127 8502
51 49 8503
22 100 8504
32 182 8505
132 84 8506
2 114 8507
108 174 8508
174 172 8509
27 81 8510
53 29 8511
200 123 8512
21 49 8513
99 46 8514
112 175 8515
40 154 8516
129 63 8517
95 84 8518
150 103 8519
66 68 8520
82 138 8521
53 9 8522
140 78 8523
149 56 8524
59 30 8525
123 27 8526
69 11 8527
27 68 8528
114 89 8529
200 70 8530
150 152 8531
153 32 8532
106 107 8533
198 149 8534
53 14 8535
184 151 8536
70 106 8537
154 3 8538
121 108 8539
85 137 8540
199 124 8541
164 83 8542
56 148 8543
194 57 8544
87 3 8545
1 68 8546
117 14 8547
182 74 8548
60 137 8549
40 4 8550
51 9 8551
5 16 8552
113 1 8553
17 138 8554
151 94 8555
126 65 8556
113 146 8557
19 39 8558
95 74 8559
25 42 8560
113 62 8561
5 64 8562
131 199 8563
173 61 8564
120 177 8565
60 170 8566
84 140 8567
13 147 8568
162 1 8569
82 76 8570
39 196 8571
47 105 8572
2 52 8573
13 41 8574
59 13 8575
30 115 8576
93 24 8577
43 143 8578
155 120 8579
161 60 8580
162 116 8581
146 107 8582
184 138 8583
3 197 8584
62 161 8585
158 7 8586
113 128 8587
78 191 8588
101 123 8589
122 149 8590
166 162 8591
132 70 8592
23 108 8593
27 158 8594
135 119 8595
58 133 8596
137 169 8597
162 183 8598
181 162 8599
124 130 8600
11 87 8601
30 150 8602
182 90 8603
113 85 8604
133 145 8605
53 179 8606
74 12 8607
58 107 8608
168 182 8609
33 25 8610
78 141 8611
112 144 8612
115 13 8613
24 8 8614
185 59 8615
70 82 8616
127 183 8617
196 72 8618
124 12 8619
158 116 8620
84 186 8621
135 79 8622
175 159 8623
162 129 8624
63 187 8625
1 158 8626
1 126 8627
127 190 8628
186 165 8629
106 33 8630
91 169 8631
171 110 8632
162 17 8633
194 110 8634
37 51 8635
122 177 8636
17 80 8637
193 6 8638
22 15 8639
186 125 8640
69 60 8641
74 80 8642
8 22 8643
69 67 8644
12 123 8645
4 71 8646
62 146 8647
147 29 8648
84 17 8649
33 41 8650
40 79 8651
15 178 8652
116 17 8653
146 108 8654
14 192 8655
163 190 8656
33 119 8657
196 142 8658
187 164 8659
130 151 8660
39 97 8661
60 133 8662
113 139 8663
135 137 8664
75 54 8665
144 117 8666
53 24 8667
135 167 8668
119 86 8669
81 57 8670
176 16 8671
182 63 8672
21 66 8673
62 107 8674
73 182 8675
7 195 8676
197 181 8677
132 165 8678
66 183 8679
37 42 8680
75 103 8681
34 32 8682
176 129 8683
143 195 8684
94 180 8685
192 65 8686
87 102 8687
86 194 8688
42 102 8689
180 114 8690
147 58 8691
111 93 8692
88 16 8693
63 116 8694
65 24 8695
146 143 8696
184 68 8697
34 132 8698
102 141 8699
83 69 8700
197 109 8701
190 181 8702
34 54 8703
118 186 8704
181 105 8705
92 181 8706
132 18 8707
45 81 8708
160 20 8709
189 140 8710
177 194 8711
41 185 8712
148 9 8713
132 37 8714
87 173 8715
171 106 8716
194 56 8717
75 178 8718
176 199 8719
69 161 8720
21 34 8721
35 4 8722
65 58 8723
191 10 8724
33 123 8725
166 172 8726
198 171 8727
153 53 8728
63 70 8729
169 171 8730
6 176 8731
83 34 8732
101 5 8733
155 129 8734
116 69 8735
101 38 8736
94 12 8737
91 166 8738
63 171 8739
95 128 8740
20 77 8741
136 135 8742
123 137 8743
168 33 8744
142 186 8745
84 117 8746
70 24 8747
142 114 8748
49 188 8749
36 88 8750
192 87 8751
82 118 8752
3 105 8753
115 173 8754
115 2 8755
149 173 8756
81 51 8757
86 25 8758
141 118 8759
116 137 8760
79 163 8761
88 1 8762
193 58 8763
12 176 8764
78 111 8765
63 126 8766
159 165 8767
133 143 8768
54 121 8769
54 106 8770
37 5 8771
86 24 8772
66 102 8773
19 114 8774
68 33 8775
41 161 8776
91 155 8777
93 104 8778
157 74 8779
59 155 8780
82 98 8781
109 14 8782
3 39 8783
188 109 8784
120 184 8785
159 183 8786
175 122 8787
160 87 8788
38 178 8789
7 70 8790
23 59 8791
8 155 8792
22 191 8793
20 113 8794
134 82 8795
54 200 8796
189 57 8797
76 151 8798
132 13 8799
114 72 8800
39 18 8801
3 124 8802
190 46 8803
85 107 8804
134 141 8805
8 19 8806
138 129 8807
24 141 8808
106 6 8809
106 190 8810
160 77 8811
195 25 8812
50 57 8813
36 123 8814
192 111 8815
84 104 8816
70 162 8817
161 162 8818
184 87 8819
60 123 8820
131 85 8821
37 80 8822
142 113 8823
141 105 8824
47 99 8825
116 183 8826
24 163 8827
82 157 8828
112 84 8829
143 38 8830
120 34 8831
82 143 8832
140 21 8833
28 153 8834
39 21 8835
19 84 8836
112 184 8837
155 109 8838
199 72 8839
146 80 8840
26 123 8841
54 31 8842
133 183 8843
157 35 8844
167 84 8845
90 108 8846
182 35 8847
69 155 8848
179 106 8849
58 55 8850
126 184 8851
60 27 8852
185 97 8853
194 120 8854
196 200 8855
124 110 8856
150 125 8857
30 91 8858
186 88 8859
23 73 8860
192 18 8861
75 138 8862
111 37 8863
101 131 8864
25 94 8865
81 189 8866
7 178 8867
13 197 8868
144 187 8869
180 103 8870
19 121 8871
139 108 8872
122 58 8873
44 181 8874
117 140 8875
169 18 8876
156 93 8877
87 76 8878
187 194 8879
35 150 8880
103 102 8881
5 129 8882
2 180 8883
63 3 8884
67 115 8885
140 152 8886
3 179 8887
46 107 8888
159 127 8889
193 119 8890
127 60 8891
103 192 8892
54 7 8893
132 120 8894
39 154 8895
132 10 8896
65 98 8897
96 22 8898
75 122 8899
94 132 8900
117 150 8901
134 4 8902
93 190 8903
53 130 8904
16 33 8905
192 180 8906
178 56 8907
185 63 8908
165 166 8909
35 92 8910
194 101 8911
134 75 8912
52 165 8913
106 116 8914
44 200 8915
22 58 8916
192 169 8917
175 199 8918
15 4 8919
195 104 8920
85 94 8921
128 15 8922
52 163 8923
155 134 8924
151 27 8925
191 136 8926
57 158 8927
68 183 8928
122 100 8929
97 182 8930
174 36 8931
9 33 8932
108 113 8933
61 185 8934
57 89 8935
93 173 8936
124 137 8937
130 195 8938
22 86 8939
124 128 8940
125 115 8941
8 158 8942
114 88 8943
97 93 8944
199 42 8945
124 136 8946
32 154 8947
9 38 8948
75 81 8949
22 39 8950
157 30 8951
79 193 8952
102 199 8953
170 154 8954
104 38 8955
43 28 8956
131 19 8957
109 17 8958
145 174 8959
183 22 8960
190 118 8961
92 196 8962
92 93 8963
150 98 8964
89 42 8965
33 173 8966
109 91 8967
129 93 8968
17 37 8969
196 5 8970
125 140 8971
48 176 8972
46 182 8973
46 102 8974
100 81 8975
14 158 8976
39 81 8977
66 115 8978
153 197 8979
64 97 8980
181 57 8981
44 127 8982
109 81 8983
191 142 8984
5 161 8985
191 9 8986
137 105 8987
139 104 8988
193 196 8989
43 124 8990
11 134 8991
114 133 8992
74 45 8993
29 113 8994
173 67 8995
109 46 8996
141 161 8997
130 3 8998
58 172 8999
67 36 9000
92 94 9001
76 167 9002
95 110 9003
196 44 9004
186 79 9005
174 144 9006
90 131 9007
46 108 9008
117 61 9009
122 139 9010
26 55 9011
80 30 9012
29 159 9013
118 197 9014
78 59 9015
141 199 9016
125 27 9017
118 121 9018
37 184 9019
111 19 9020
24 20 9021
174 19 9022
16 97 9023
107 123 9024
16 117 9025
190 104 9026
66 112 9027
91 187 9028
50 172 9029
197 161 9030
106 34 9031
188 47 9032
130 18 9033
74 147 9034
45 148 9035
34 142 9036
106 36 9037
153 78 9038
74 117 9039
84 146 9040
83 71 9041
2 132 9042
132 36 9043
116 121 9044
28 159 9045
30 140 9046
7 193 9047
43 88 9048
184 124 9049
171 45 9050
82 120 9051
197 86 9052
165 197 9053
122 128 9054
183 4 9055
85 133 9056
143 174 9057
140 114 9058
40 189 9059
89 121 9060
79 111 9061
40 74 9062
6 51 9063
23 17 9064
137 168 9065
17 38 9066
43 101 9067
111 190 9068
117 155 9069
81 48 9070
32 198 9071
104 61 9072
67 144 9073
7 98 9074
4 53 9075
28 114 9076
61 24 9077
154 173 9078
41 46 9079
58 180 9080
42 151 9081
83 162 9082
44 54 9083
47 34 9084
133 115 9085
58 137 9086
14 123 9087
141 12 9088
98 127 9089
73 93 9090
176 147 9091
95 18 9092
87 25 9093
13 195 9094
58 109 9095
7 45 9096
44 91 9097
192 56 9098
11 43 9099
96 111 9100
81 147 9101
91 88 9102
91 77 9103
8 90 9104
124 157 9105
101 76 9106
10 158 9107
32 24 9108
109 54 9109
161 104 9110
187 125 9111
73 55 9112
13 151 9113
100 105 9114
35 176 9115
16 126 9116
97 44 9117
173 90 9118
9 92 9119
52 10 9120
191 145 9121
154 49 9122
87 164 9123
187 159 9124
102 112 9125
143 28 9126
4 107 9127
37 101 9128
73 107 9129
84 165 9130
184 109 9131
24 87 9132
23 124 9133
10 196 9134
148 104 9135
154 105 9136
94 60 9137
75 189 9138
24 60 9139
195 78 9140
27 42 9141
29 130 9142
134 200 9143
157 130 9144
173 62 9145
155 6 9146
102 4 9147
194 142 9148
112 191 9149
167 155 9150
64 197 9151
155 142 9152
191 12 9153
193 19 9154
135 37 9155
43 27 9156
187 186 9157
87 176 9158
129 188 9159
24 170 9160
95 140 9161
30 103 9162
20 79 9163
170 99 9164
172 176 9165
97 155 9166
33 30 9167
147 120 9168
153 6 9169
181 164 9170
89 55 9171
79 129 9172
146 187 9173
6 65 9174
102 82 9175
50 27 9176
155 46 9177
31 124 9178
57 113 9179
164 48 9180
34 64 9181
120 97 9182
146 18 9183
120 128 9184
191 4 9185
187 108 9186
56 6 9187
86 31 9188
80 169 9189
116 52 9190
80 151 9191
149 27 9192
162 173 9193
151 31 9194
168 120 9195
169 5 9196
53 57 9197
88 131 9198
33 155 9199
147 47 9200
177 2 9201
22 163 9202
7 199 9203
183 89 9204
198 23 9205
136 132 9206
147 34 9207
34 55 9208
190 77 9209
45 31 9210
28 191 9211
93 121 9212
153 22 9213
190 88 9214
83 139 9215
101 155 9216
160 159 9217
168 147 9218
27 64 9219
17 99 9220
115 105 9221
2 89 9222
41 169 9223
128 172 9224
81 63 9225
16 29 9226
116 7 9227
167 181 9228
192 28 9229
55 77 9230
177 130 9231
165 44 9232
34 194 9233
31 198 9234
198 177 9235
173 167 9236
188 121 9237
81 4 9238
180 61 9239
94 193 9240
95 146 9241
147 7 9242
163 8 9243
171 28 9244
107 113 9245
105 118 9246
133 168 9247
85 40 9248
119 129 9249
21 78 9250
42 57 9251
115 4 9252
155 196 9253
196 129 9254
121 143 9255
175 15 9256
51 159 9257
93 17 9258
159 39 9259
152 156 9260
46 189 9261
169 177 9262
7 183 9263
51 180 9264
104 188 9265
60 105 9266
71 180 9267
176 22 9268
85 130 9269
4 90 9270
39 68 9271
112 34 9272
100 121 9273
116 94 9274
54 180 9275
117 48 9276
63 69 9277
52 102 9278
191 181 9279
147 191 9280
89 26 9281
37 107 9282
41 183 9283
73 82 9284
1 143 9285
118 167 9286
38 171 9287
195 91 9288
169 146 9289
19 143 9290
18 14 9291
51 192 9292
169 145 9293
13 181 9294
95 178 9295
61 196 9296
123 31 9297
131 23 9298
124 101 9299
64 161 9300
24 135 9301
2 36 9302
124 48 9303
146 34 9304
39 78 9305
140 92 9306
131 179 9307
17 160 9308
79 69 9309
36 159 9310
66 147 9311
139 110 9312
76 175 9313
161 89 9314
14 55 9315
49 26 9316
62 171 9317
109 200 9318
171 39 9319
94 37 9320
161 134 9321
168 157 9322
88 22 9323
17 121 9324
135 58 9325
88 19 9326
48 172 9327
85 65 9328
126 164 9329
158 36 9330
139 181 9331
5 142 9332
189 38 9333
112 87 9334
155 163 9335
145 148 9336
190 189 9337
174 34 9338
183 179 9339
64 90 9340
189 84 9341
166 97 9342
105 124 9343
71 185 9344
78 99 9345
141 126 9346
38 90 9347
197 151 9348
128 106 9349
137 66 9350
191 104 9351
42 136 9352
116 79 9353
122 142 9354
97 95 9355
89 163 9356
4 125 9357
126 66 9358
178 76 9359
42 21 9360
153 64 9361
10 140 9362
58 42 9363
42 197 9364
177 185 9365
56 10 9366
171 135 9367
145 122 9368
58 103 9369
89 162 9370
26 192 9371
2 77 9372
33 132 9373
29 127 9374
158 194 9375
27 94 9376
163 170 9377
170 119 9378
9 133 9379
107 55 9380
190 136 9381
153 7 9382
75 168 9383
198 61 9384
150 113 9385
4 13 9386
87 45 9387
88 15 9388
105 63 9389
108 159 9390
75 8 9391
29 72 9392
40 187 9393
152 84 9394
104 200 9395
198 44 9396
168 83 9397
160 59 9398
102 50 9399
147 92 9400
